9604  execve("/home/runner/work/_temp/trb", ["/home/runner/work/_temp/trb", "build", "--compile", "--config", "/home/runner/work/type-rb-native"..., "--outfile", "/home/runner/work/_temp/build-wo"...], 0xffffdcfe4698 /* 116 vars */) = 0
9604  clone3({flags=CLONE_VM|CLONE_FS|CLONE_FILES|CLONE_SIGHAND|CLONE_THREAD|CLONE_SYSVSEM|CLONE_SETTLS|CLONE_PARENT_SETTID|CLONE_CHILD_CLEARTID, child_tid=0xff2abf13f250, parent_tid=0xff2abf13f250, exit_signal=0, stack=0xff2abe130000, stack_size=0x100ea40, tls=0xff2abf13f8c0} => {parent_tid=[9606]}, 88) = 9606
9604  clone3({flags=CLONE_VM|CLONE_FS|CLONE_FILES|CLONE_SIGHAND|CLONE_THREAD|CLONE_SYSVSEM|CLONE_SETTLS|CLONE_PARENT_SETTID|CLONE_CHILD_CLEARTID, child_tid=0xff2ab5fff250, parent_tid=0xff2ab5fff250, exit_signal=0, stack=0xff2ab4ff0000, stack_size=0x100ea40, tls=0xff2ab5fff8c0} => {parent_tid=[9607]}, 88) = 9607
9604  clone3({flags=CLONE_VM|CLONE_FS|CLONE_FILES|CLONE_SIGHAND|CLONE_THREAD|CLONE_SYSVSEM|CLONE_SETTLS|CLONE_PARENT_SETTID|CLONE_CHILD_CLEARTID, child_tid=0xff2abe12f250, parent_tid=0xff2abe12f250, exit_signal=0, stack=0xff2abd120000, stack_size=0x100ea40, tls=0xff2abe12f8c0} => {parent_tid=[9608]}, 88) = 9608
9607  clone3({flags=CLONE_VM|CLONE_FS|CLONE_FILES|CLONE_SIGHAND|CLONE_THREAD|CLONE_SYSVSEM|CLONE_SETTLS|CLONE_PARENT_SETTID|CLONE_CHILD_CLEARTID, child_tid=0xff2abd0df250, parent_tid=0xff2abd0df250, exit_signal=0, stack=0xff2abc0d0000, stack_size=0x100ea40, tls=0xff2abd0df8c0} => {parent_tid=[9609]}, 88) = 9609
9604  clone3({flags=CLONE_VM|CLONE_FS|CLONE_FILES|CLONE_SIGHAND|CLONE_THREAD|CLONE_SYSVSEM|CLONE_SETTLS|CLONE_PARENT_SETTID|CLONE_CHILD_CLEARTID, child_tid=0xff2ab7fff250, parent_tid=0xff2ab7fff250, exit_signal=0, stack=0xff2ab6ff0000, stack_size=0x100ea40, tls=0xff2ab7fff8c0} => {parent_tid=[9610]}, 88) = 9610
9608  tgkill(9604, 9604, SIGURG)        = 0
9604  --- SIGURG {si_signo=SIGURG, si_code=SI_TKILL, si_pid=9604, si_uid=1001} ---
9609  tgkill(9604, 9607, SIGURG)        = 0
9607  --- SIGURG {si_signo=SIGURG, si_code=SI_TKILL, si_pid=9604, si_uid=1001} ---
9608  tgkill(9604, 9607, SIGURG)        = 0
9607  --- SIGURG {si_signo=SIGURG, si_code=SI_TKILL, si_pid=9604, si_uid=1001} ---
9608  tgkill(9604, 9604, SIGURG)        = 0
9604  --- SIGURG {si_signo=SIGURG, si_code=SI_TKILL, si_pid=9604, si_uid=1001} ---
9608  tgkill(9604, 9604, SIGURG)        = 0
9604  --- SIGURG {si_signo=SIGURG, si_code=SI_TKILL, si_pid=9604, si_uid=1001} ---
9604  tgkill(9604, 9609, SIGURG)        = 0
9609  --- SIGURG {si_signo=SIGURG, si_code=SI_TKILL, si_pid=9604, si_uid=1001} ---
9609  tgkill(9604, 9604, SIGURG)        = 0
9604  --- SIGURG {si_signo=SIGURG, si_code=SI_TKILL, si_pid=9604, si_uid=1001} ---
9609  tgkill(9604, 9604, SIGURG)        = 0
9604  --- SIGURG {si_signo=SIGURG, si_code=SI_TKILL, si_pid=9604, si_uid=1001} ---
9609  tgkill(9604, 9604, SIGURG)        = 0
9604  --- SIGURG {si_signo=SIGURG, si_code=SI_TKILL, si_pid=9604, si_uid=1001} ---
9609  tgkill(9604, 9604, SIGURG)        = 0
9604  --- SIGURG {si_signo=SIGURG, si_code=SI_TKILL, si_pid=9604, si_uid=1001} ---
9608  tgkill(9604, 9607, SIGURG)        = 0
9607  --- SIGURG {si_signo=SIGURG, si_code=SI_TKILL, si_pid=9604, si_uid=1001} ---
9607  tgkill(9604, 9608, SIGURG <unfinished ...>
9608  --- SIGURG {si_signo=SIGURG, si_code=SI_TKILL, si_pid=9604, si_uid=1001} ---
9607  <... tgkill resumed>)             = 0
9609  tgkill(9604, 9604, SIGURG)        = 0
9604  --- SIGURG {si_signo=SIGURG, si_code=SI_TKILL, si_pid=9604, si_uid=1001} ---
9609  tgkill(9604, 9608, SIGURG)        = 0
9608  --- SIGURG {si_signo=SIGURG, si_code=SI_TKILL, si_pid=9604, si_uid=1001} ---
9609  tgkill(9604, 9604, SIGURG)        = 0
9604  --- SIGURG {si_signo=SIGURG, si_code=SI_TKILL, si_pid=9604, si_uid=1001} ---
9609  tgkill(9604, 9608, SIGURG)        = 0
9608  --- SIGURG {si_signo=SIGURG, si_code=SI_TKILL, si_pid=9604, si_uid=1001} ---
9609  tgkill(9604, 9604, SIGURG)        = 0
9604  --- SIGURG {si_signo=SIGURG, si_code=SI_TKILL, si_pid=9604, si_uid=1001} ---
9609  tgkill(9604, 9604, SIGURG)        = 0
9604  --- SIGURG {si_signo=SIGURG, si_code=SI_TKILL, si_pid=9604, si_uid=1001} ---
9607  clone3({flags=CLONE_VM|CLONE_FS|CLONE_FILES|CLONE_SIGHAND|CLONE_THREAD|CLONE_SYSVSEM|CLONE_SETTLS|CLONE_PARENT_SETTID|CLONE_CHILD_CLEARTID, child_tid=0xff2aa6fef250, parent_tid=0xff2aa6fef250, exit_signal=0, stack=0xff2aa5fe0000, stack_size=0x100ea40, tls=0xff2aa6fef8c0} <unfinished ...>
9609  clone3({flags=CLONE_VM|CLONE_FS|CLONE_FILES|CLONE_SIGHAND|CLONE_THREAD|CLONE_SYSVSEM|CLONE_SETTLS|CLONE_PARENT_SETTID|CLONE_CHILD_CLEARTID, child_tid=0xff2aa7fff250, parent_tid=0xff2aa7fff250, exit_signal=0, stack=0xff2aa6ff0000, stack_size=0x100ea40, tls=0xff2aa7fff8c0} => {parent_tid=[9611]}, 88) = 9611
9607  <... clone3 resumed> => {parent_tid=[9612]}, 88) = 9612
9611  clone3({flags=CLONE_VM|CLONE_FS|CLONE_FILES|CLONE_SIGHAND|CLONE_THREAD|CLONE_SYSVSEM|CLONE_SETTLS|CLONE_PARENT_SETTID|CLONE_CHILD_CLEARTID, child_tid=0xff2aa5fdf250, parent_tid=0xff2aa5fdf250, exit_signal=0, stack=0xff2aa4fd0000, stack_size=0x100ea40, tls=0xff2aa5fdf8c0} => {parent_tid=[9613]}, 88) = 9613
9609  waitid(P_PIDFD, 7, 0x63bfcd624f98, WEXITED, NULL) = -1 ECHILD (No child processes)
9609  pidfd_send_signal(7, 0, NULL, 0)  = 0
9609  clone(child_stack=NULL, flags=CLONE_VM|CLONE_PIDFD|CLONE_VFORK <unfinished ...>
9614  exit_group(0)                     = ?
9614  +++ exited with 0 +++
9609  <... clone resumed>, parent_tid=[8]) = 9614
9609  waitid(P_PIDFD, 8, {si_signo=SIGCHLD, si_code=CLD_EXITED, si_pid=9614, si_uid=1001, si_status=0, si_utime=0, si_stime=0}, WEXITED|__WCLONE, NULL) = 0
9609  clone(child_stack=NULL, flags=CLONE_VM|CLONE_PIDFD|CLONE_VFORK|SIGCHLD <unfinished ...>
9615  execve("/opt/hostedtoolcache/go/1.27.1/arm64/bin/go", ["go", "build", "-mod=mod", "-o", "/home/runner/work/_temp/build-wo"..., "."], 0x63bfcd32a808 /* 116 vars */ <unfinished ...>
9609  <... clone resumed>, parent_tid=[9]) = 9615
9615  <... execve resumed>)             = 0
9609  waitid(P_PIDFD, 9,  <unfinished ...>
9615  clone(child_stack=0x382e35d7a000, flags=CLONE_VM|CLONE_FS|CLONE_FILES|CLONE_SIGHAND|CLONE_THREAD|CLONE_SYSVSEM) = 9616
9615  clone(child_stack=0x382e35db0000, flags=CLONE_VM|CLONE_FS|CLONE_FILES|CLONE_SIGHAND|CLONE_THREAD|CLONE_SYSVSEM) = 9617
9616  tgkill(9615, 9615, SIGURG)        = 0
9615  --- SIGURG {si_signo=SIGURG, si_code=SI_TKILL, si_pid=9615, si_uid=1001} ---
9615  clone(child_stack=0x382e35dac000, flags=CLONE_VM|CLONE_FS|CLONE_FILES|CLONE_SIGHAND|CLONE_THREAD|CLONE_SYSVSEM <unfinished ...>
9617  clone(child_stack=0x382e35e18000, flags=CLONE_VM|CLONE_FS|CLONE_FILES|CLONE_SIGHAND|CLONE_THREAD|CLONE_SYSVSEM <unfinished ...>
9615  <... clone resumed>)              = 9618
9617  <... clone resumed>)              = 9619
9616  tgkill(9615, 9618, SIGURG)        = 0
9618  --- SIGURG {si_signo=SIGURG, si_code=SI_TKILL, si_pid=9615, si_uid=1001} ---
9616  tgkill(9615, 9618, SIGURG)        = 0
9618  --- SIGURG {si_signo=SIGURG, si_code=SI_TKILL, si_pid=9615, si_uid=1001} ---
9616  tgkill(9615, 9618, SIGURG)        = 0
9618  --- SIGURG {si_signo=SIGURG, si_code=SI_TKILL, si_pid=9615, si_uid=1001} ---
9616  tgkill(9615, 9618, SIGURG)        = 0
9618  --- SIGURG {si_signo=SIGURG, si_code=SI_TKILL, si_pid=9615, si_uid=1001} ---
9616  tgkill(9615, 9618, SIGURG)        = 0
9618  --- SIGURG {si_signo=SIGURG, si_code=SI_TKILL, si_pid=9615, si_uid=1001} ---
9616  tgkill(9615, 9615, SIGURG)        = 0
9615  --- SIGURG {si_signo=SIGURG, si_code=SI_TKILL, si_pid=9615, si_uid=1001} ---
9616  tgkill(9615, 9615, SIGURG)        = 0
9615  --- SIGURG {si_signo=SIGURG, si_code=SI_TKILL, si_pid=9615, si_uid=1001} ---
9616  clone(child_stack=0x382e35efa000, flags=CLONE_VM|CLONE_FS|CLONE_FILES|CLONE_SIGHAND|CLONE_THREAD|CLONE_SYSVSEM) = 9620
9615  clone(child_stack=0x382e3617c000, flags=CLONE_VM|CLONE_FS|CLONE_FILES|CLONE_SIGHAND|CLONE_THREAD|CLONE_SYSVSEM) = 9621
9615  tgkill(9615, 9618, SIGURG)        = 0
9618  --- SIGURG {si_signo=SIGURG, si_code=SI_TKILL, si_pid=9615, si_uid=1001} ---
9615  tgkill(9615, 9620, SIGURG)        = 0
9620  --- SIGURG {si_signo=SIGURG, si_code=SI_TKILL, si_pid=9615, si_uid=1001} ---
9620  tgkill(9615, 9621, SIGURG)        = 0
9621  --- SIGURG {si_signo=SIGURG, si_code=SI_TKILL, si_pid=9615, si_uid=1001} ---
9619  tgkill(9615, 9618, SIGURG)        = 0
9618  --- SIGURG {si_signo=SIGURG, si_code=SI_TKILL, si_pid=9615, si_uid=1001} ---
9619  tgkill(9615, 9615, SIGURG)        = 0
9615  --- SIGURG {si_signo=SIGURG, si_code=SI_TKILL, si_pid=9615, si_uid=1001} ---
9619  tgkill(9615, 9621, SIGURG)        = 0
9621  --- SIGURG {si_signo=SIGURG, si_code=SI_TKILL, si_pid=9615, si_uid=1001} ---
9619  tgkill(9615, 9617, SIGURG)        = 0
9617  --- SIGURG {si_signo=SIGURG, si_code=SI_TKILL, si_pid=9615, si_uid=1001} ---
9619  tgkill(9615, 9615, SIGURG)        = 0
9615  --- SIGURG {si_signo=SIGURG, si_code=SI_TKILL, si_pid=9615, si_uid=1001} ---
9621  tgkill(9615, 9619, SIGURG)        = 0
9619  --- SIGURG {si_signo=SIGURG, si_code=SI_TKILL, si_pid=9615, si_uid=1001} ---
9621  tgkill(9615, 9617, SIGURG)        = 0
9617  --- SIGURG {si_signo=SIGURG, si_code=SI_TKILL, si_pid=9615, si_uid=1001} ---
9617  tgkill(9615, 9618, SIGURG)        = 0
9618  --- SIGURG {si_signo=SIGURG, si_code=SI_TKILL, si_pid=9615, si_uid=1001} ---
9617  tgkill(9615, 9619, SIGURG)        = 0
9619  --- SIGURG {si_signo=SIGURG, si_code=SI_TKILL, si_pid=9615, si_uid=1001} ---
9617  tgkill(9615, 9621, SIGURG)        = 0
9621  --- SIGURG {si_signo=SIGURG, si_code=SI_TKILL, si_pid=9615, si_uid=1001} ---
9617  tgkill(9615, 9618, SIGURG)        = 0
9618  --- SIGURG {si_signo=SIGURG, si_code=SI_TKILL, si_pid=9615, si_uid=1001} ---
9615  tgkill(9615, 9619, SIGURG <unfinished ...>
9619  --- SIGURG {si_signo=SIGURG, si_code=SI_TKILL, si_pid=9615, si_uid=1001} ---
9615  <... tgkill resumed>)             = 0
9617  tgkill(9615, 9615, SIGURG)        = 0
9615  --- SIGURG {si_signo=SIGURG, si_code=SI_TKILL, si_pid=9615, si_uid=1001} ---
9616  clone(child_stack=0x382e36178000, flags=CLONE_VM|CLONE_FS|CLONE_FILES|CLONE_SIGHAND|CLONE_THREAD|CLONE_SYSVSEM) = 9622
9622  tgkill(9615, 9615, SIGURG)        = 0
9615  --- SIGURG {si_signo=SIGURG, si_code=SI_TKILL, si_pid=9615, si_uid=1001} ---
9622  tgkill(9615, 9618, SIGURG)        = 0
9618  --- SIGURG {si_signo=SIGURG, si_code=SI_TKILL, si_pid=9615, si_uid=1001} ---
9622  tgkill(9615, 9621, SIGURG)        = 0
9621  --- SIGURG {si_signo=SIGURG, si_code=SI_TKILL, si_pid=9615, si_uid=1001} ---
9622  tgkill(9615, 9621, SIGURG)        = 0
9621  --- SIGURG {si_signo=SIGURG, si_code=SI_TKILL, si_pid=9615, si_uid=1001} ---
9621  tgkill(9615, 9618, SIGURG)        = 0
9618  --- SIGURG {si_signo=SIGURG, si_code=SI_TKILL, si_pid=9615, si_uid=1001} ---
9619  tgkill(9615, 9615, SIGURG)        = 0
9615  --- SIGURG {si_signo=SIGURG, si_code=SI_TKILL, si_pid=9615, si_uid=1001} ---
9619  tgkill(9615, 9618, SIGURG)        = 0
9618  --- SIGURG {si_signo=SIGURG, si_code=SI_TKILL, si_pid=9615, si_uid=1001} ---
9619  tgkill(9615, 9617, SIGURG)        = 0
9617  --- SIGURG {si_signo=SIGURG, si_code=SI_TKILL, si_pid=9615, si_uid=1001} ---
9619  tgkill(9615, 9615, SIGURG)        = 0
9615  --- SIGURG {si_signo=SIGURG, si_code=SI_TKILL, si_pid=9615, si_uid=1001} ---
9619  tgkill(9615, 9615, SIGURG)        = 0
9615  --- SIGURG {si_signo=SIGURG, si_code=SI_TKILL, si_pid=9615, si_uid=1001} ---
9619  tgkill(9615, 9618, SIGURG)        = 0
9618  --- SIGURG {si_signo=SIGURG, si_code=SI_TKILL, si_pid=9615, si_uid=1001} ---
9622  tgkill(9615, 9619, SIGURG)        = 0
9619  --- SIGURG {si_signo=SIGURG, si_code=SI_TKILL, si_pid=9615, si_uid=1001} ---
9622  clone(child_stack=0x382e35efe000, flags=CLONE_VM|CLONE_FS|CLONE_FILES|CLONE_SIGHAND|CLONE_THREAD|CLONE_SYSVSEM) = 9623
9623  tgkill(9615, 9619, SIGURG)        = 0
9619  --- SIGURG {si_signo=SIGURG, si_code=SI_TKILL, si_pid=9615, si_uid=1001} ---
9623  tgkill(9615, 9622, SIGURG)        = 0
9622  --- SIGURG {si_signo=SIGURG, si_code=SI_TKILL, si_pid=9615, si_uid=1001} ---
9623  tgkill(9615, 9615, SIGURG)        = 0
9615  --- SIGURG {si_signo=SIGURG, si_code=SI_TKILL, si_pid=9615, si_uid=1001} ---
9623  tgkill(9615, 9622, SIGURG)        = 0
9622  --- SIGURG {si_signo=SIGURG, si_code=SI_TKILL, si_pid=9615, si_uid=1001} ---
9623  tgkill(9615, 9615, SIGURG)        = 0
9615  --- SIGURG {si_signo=SIGURG, si_code=SI_TKILL, si_pid=9615, si_uid=1001} ---
9623  tgkill(9615, 9615, SIGURG)        = 0
9615  --- SIGURG {si_signo=SIGURG, si_code=SI_TKILL, si_pid=9615, si_uid=1001} ---
9615  tgkill(9615, 9622, SIGURG)        = 0
9622  --- SIGURG {si_signo=SIGURG, si_code=SI_TKILL, si_pid=9615, si_uid=1001} ---
9623  tgkill(9615, 9619, SIGURG)        = 0
9623  tgkill(9615, 9621, SIGURG)        = 0
9621  --- SIGURG {si_signo=SIGURG, si_code=SI_TKILL, si_pid=9615, si_uid=1001} ---
9619  --- SIGURG {si_signo=SIGURG, si_code=SI_TKILL, si_pid=9615, si_uid=1001} ---
9623  tgkill(9615, 9615, SIGURG)        = 0
9615  --- SIGURG {si_signo=SIGURG, si_code=SI_TKILL, si_pid=9615, si_uid=1001} ---
9619  tgkill(9615, 9623, SIGURG)        = 0
9623  --- SIGURG {si_signo=SIGURG, si_code=SI_TKILL, si_pid=9615, si_uid=1001} ---
9619  tgkill(9615, 9618, SIGURG)        = 0
9618  --- SIGURG {si_signo=SIGURG, si_code=SI_TKILL, si_pid=9615, si_uid=1001} ---
9619  tgkill(9615, 9621, SIGURG)        = 0
9621  --- SIGURG {si_signo=SIGURG, si_code=SI_TKILL, si_pid=9615, si_uid=1001} ---
9619  tgkill(9615, 9618, SIGURG)        = 0
9618  --- SIGURG {si_signo=SIGURG, si_code=SI_TKILL, si_pid=9615, si_uid=1001} ---
9619  tgkill(9615, 9623, SIGURG)        = 0
9623  --- SIGURG {si_signo=SIGURG, si_code=SI_TKILL, si_pid=9615, si_uid=1001} ---
9619  tgkill(9615, 9618, SIGURG)        = 0
9618  --- SIGURG {si_signo=SIGURG, si_code=SI_TKILL, si_pid=9615, si_uid=1001} ---
9619  tgkill(9615, 9621, SIGURG)        = 0
9621  --- SIGURG {si_signo=SIGURG, si_code=SI_TKILL, si_pid=9615, si_uid=1001} ---
9623  tgkill(9615, 9619, SIGURG)        = 0
9619  --- SIGURG {si_signo=SIGURG, si_code=SI_TKILL, si_pid=9615, si_uid=1001} ---
9623  tgkill(9615, 9615, SIGURG)        = 0
9615  --- SIGURG {si_signo=SIGURG, si_code=SI_TKILL, si_pid=9615, si_uid=1001} ---
9623  tgkill(9615, 9619, SIGURG)        = 0
9619  --- SIGURG {si_signo=SIGURG, si_code=SI_TKILL, si_pid=9615, si_uid=1001} ---
9623  tgkill(9615, 9619, SIGURG)        = 0
9619  --- SIGURG {si_signo=SIGURG, si_code=SI_TKILL, si_pid=9615, si_uid=1001} ---
9623  tgkill(9615, 9618, SIGURG)        = 0
9618  --- SIGURG {si_signo=SIGURG, si_code=SI_TKILL, si_pid=9615, si_uid=1001} ---
9616  tgkill(9615, 9618, SIGURG)        = 0
9618  --- SIGURG {si_signo=SIGURG, si_code=SI_TKILL, si_pid=9615, si_uid=1001} ---
9616  tgkill(9615, 9623, SIGURG <unfinished ...>
9623  --- SIGURG {si_signo=SIGURG, si_code=SI_TKILL, si_pid=9615, si_uid=1001} ---
9616  <... tgkill resumed>)             = 0
9623  tgkill(9615, 9618, SIGURG)        = 0
9618  --- SIGURG {si_signo=SIGURG, si_code=SI_TKILL, si_pid=9615, si_uid=1001} ---
9619  tgkill(9615, 9623, SIGURG)        = 0
9623  --- SIGURG {si_signo=SIGURG, si_code=SI_TKILL, si_pid=9615, si_uid=1001} ---
9616  tgkill(9615, 9623, SIGURG)        = 0
9623  --- SIGURG {si_signo=SIGURG, si_code=SI_TKILL, si_pid=9615, si_uid=1001} ---
9616  tgkill(9615, 9623, SIGURG)        = 0
9623  --- SIGURG {si_signo=SIGURG, si_code=SI_TKILL, si_pid=9615, si_uid=1001} ---
9616  tgkill(9615, 9623, SIGURG <unfinished ...>
9623  --- SIGURG {si_signo=SIGURG, si_code=SI_TKILL, si_pid=9615, si_uid=1001} ---
9616  <... tgkill resumed>)             = 0
9616  tgkill(9615, 9623, SIGURG <unfinished ...>
9623  --- SIGURG {si_signo=SIGURG, si_code=SI_TKILL, si_pid=9615, si_uid=1001} ---
9616  <... tgkill resumed>)             = 0
9616  tgkill(9615, 9623, SIGURG <unfinished ...>
9623  --- SIGURG {si_signo=SIGURG, si_code=SI_TKILL, si_pid=9615, si_uid=1001} ---
9616  <... tgkill resumed>)             = 0
9616  tgkill(9615, 9623, SIGURG <unfinished ...>
9623  --- SIGURG {si_signo=SIGURG, si_code=SI_TKILL, si_pid=9615, si_uid=1001} ---
9616  <... tgkill resumed>)             = 0
9615  tgkill(9615, 9623, SIGURG)        = 0
9623  --- SIGURG {si_signo=SIGURG, si_code=SI_TKILL, si_pid=9615, si_uid=1001} ---
9615  tgkill(9615, 9619, SIGURG)        = 0
9619  --- SIGURG {si_signo=SIGURG, si_code=SI_TKILL, si_pid=9615, si_uid=1001} ---
9615  tgkill(9615, 9619, SIGURG)        = 0
9619  --- SIGURG {si_signo=SIGURG, si_code=SI_TKILL, si_pid=9615, si_uid=1001} ---
9615  tgkill(9615, 9619, SIGURG)        = 0
9619  --- SIGURG {si_signo=SIGURG, si_code=SI_TKILL, si_pid=9615, si_uid=1001} ---
9616  tgkill(9615, 9619, SIGURG <unfinished ...>
9619  --- SIGURG {si_signo=SIGURG, si_code=SI_TKILL, si_pid=9615, si_uid=1001} ---
9616  <... tgkill resumed>)             = 0
9619  tgkill(9615, 9615, SIGURG)        = 0
9615  --- SIGURG {si_signo=SIGURG, si_code=SI_TKILL, si_pid=9615, si_uid=1001} ---
9619  tgkill(9615, 9621, SIGURG)        = 0
9621  --- SIGURG {si_signo=SIGURG, si_code=SI_TKILL, si_pid=9615, si_uid=1001} ---
9619  tgkill(9615, 9623, SIGURG)        = 0
9623  --- SIGURG {si_signo=SIGURG, si_code=SI_TKILL, si_pid=9615, si_uid=1001} ---
9621  tgkill(9615, 9623, SIGURG)        = 0
9623  --- SIGURG {si_signo=SIGURG, si_code=SI_TKILL, si_pid=9615, si_uid=1001} ---
9621  tgkill(9615, 9623, SIGURG)        = 0
9623  --- SIGURG {si_signo=SIGURG, si_code=SI_TKILL, si_pid=9615, si_uid=1001} ---
9621  tgkill(9615, 9623, SIGURG)        = 0
9623  --- SIGURG {si_signo=SIGURG, si_code=SI_TKILL, si_pid=9615, si_uid=1001} ---
9616  tgkill(9615, 9619, SIGURG)        = 0
9619  --- SIGURG {si_signo=SIGURG, si_code=SI_TKILL, si_pid=9615, si_uid=1001} ---
9619  tgkill(9615, 9623, SIGURG)        = 0
9623  --- SIGURG {si_signo=SIGURG, si_code=SI_TKILL, si_pid=9615, si_uid=1001} ---
9619  tgkill(9615, 9621, SIGURG)        = 0
9621  --- SIGURG {si_signo=SIGURG, si_code=SI_TKILL, si_pid=9615, si_uid=1001} ---
9621  tgkill(9615, 9618, SIGURG)        = 0
9618  --- SIGURG {si_signo=SIGURG, si_code=SI_TKILL, si_pid=9615, si_uid=1001} ---
9618  tgkill(9615, 9619, SIGURG)        = 0
9619  --- SIGURG {si_signo=SIGURG, si_code=SI_TKILL, si_pid=9615, si_uid=1001} ---
9623  waitid(P_PIDFD, 12, 0x382e3622b1c8, WEXITED, NULL) = -1 ECHILD (No child processes)
9623  pidfd_send_signal(12, 0, NULL, 0) = 0
9623  clone(child_stack=NULL, flags=CLONE_VM|CLONE_PIDFD|CLONE_VFORK <unfinished ...>
9624  exit_group(0)                     = ?
9623  <... clone resumed>, parent_tid=[13]) = 9624
9624  +++ exited with 0 +++
9623  waitid(P_PIDFD, 13, {si_signo=SIGCHLD, si_code=CLD_EXITED, si_pid=9624, si_uid=1001, si_status=0, si_utime=0, si_stime=0}, WEXITED|__WCLONE, NULL) = 0
9623  clone(child_stack=NULL, flags=CLONE_VM|CLONE_PIDFD|CLONE_VFORK|SIGCHLD <unfinished ...>
9625  execve("/opt/hostedtoolcache/go/1.27.1/arm64/pkg/tool/linux_arm64/compile", ["/opt/hostedtoolcache/go/1.27.1/a"..., "-V=full"], 0x382e35f8c488 /* 139 vars */ <unfinished ...>
9623  <... clone resumed>, parent_tid=[14]) = 9625
9625  <... execve resumed>)             = 0
9623  waitid(P_PIDFD, 14,  <unfinished ...>
9625  clone(child_stack=0x26a5bf6a6000, flags=CLONE_VM|CLONE_FS|CLONE_FILES|CLONE_SIGHAND|CLONE_THREAD|CLONE_SYSVSEM) = 9626
9626  tgkill(9625, 9625, SIGURG)        = 0
9625  --- SIGURG {si_signo=SIGURG, si_code=SI_TKILL, si_pid=9625, si_uid=1001} ---
9625  clone(child_stack=0x26a5bf6dc000, flags=CLONE_VM|CLONE_FS|CLONE_FILES|CLONE_SIGHAND|CLONE_THREAD|CLONE_SYSVSEM) = 9627
9625  clone(child_stack=0x26a5bf6d8000, flags=CLONE_VM|CLONE_FS|CLONE_FILES|CLONE_SIGHAND|CLONE_THREAD|CLONE_SYSVSEM) = 9628
9627  clone(child_stack=0x26a5bf718000, flags=CLONE_VM|CLONE_FS|CLONE_FILES|CLONE_SIGHAND|CLONE_THREAD|CLONE_SYSVSEM) = 9629
9625  exit_group(0)                     = ?
9629  +++ exited with 0 +++
9628  +++ exited with 0 +++
9627  +++ exited with 0 +++
9626  +++ exited with 0 +++
9625  +++ exited with 0 +++
9623  <... waitid resumed>{si_signo=SIGCHLD, si_code=CLD_EXITED, si_pid=9625, si_uid=1001, si_status=0, si_utime=0, si_stime=0}, WEXITED, {ru_utime={tv_sec=0, tv_usec=0}, ru_stime={tv_sec=0, tv_usec=8990}, ...}) = 0
9619  --- SIGCHLD {si_signo=SIGCHLD, si_code=CLD_EXITED, si_pid=9625, si_uid=1001, si_status=0, si_utime=0, si_stime=0} ---
9619  tgkill(9615, 9620, SIGURG)        = 0
9620  --- SIGURG {si_signo=SIGURG, si_code=SI_TKILL, si_pid=9615, si_uid=1001} ---
9619  tgkill(9615, 9621, SIGURG)        = 0
9621  --- SIGURG {si_signo=SIGURG, si_code=SI_TKILL, si_pid=9615, si_uid=1001} ---
9623  clone(child_stack=NULL, flags=CLONE_VM|CLONE_PIDFD|CLONE_VFORK|SIGCHLD <unfinished ...>
9621  clone(child_stack=NULL, flags=CLONE_VM|CLONE_PIDFD|CLONE_VFORK|SIGCHLD <unfinished ...>
9620  clone(child_stack=NULL, flags=CLONE_VM|CLONE_PIDFD|CLONE_VFORK|SIGCHLD <unfinished ...>
9619  clone(child_stack=NULL, flags=CLONE_VM|CLONE_PIDFD|CLONE_VFORK|SIGCHLD <unfinished ...>
9630  execve("/opt/hostedtoolcache/go/1.27.1/arm64/pkg/tool/linux_arm64/asm", ["/opt/hostedtoolcache/go/1.27.1/a"..., "-V=full"], 0x382e35f8c488 /* 139 vars */ <unfinished ...>
9623  <... clone resumed>, parent_tid=[17]) = 9630
9632  execve("/opt/hostedtoolcache/go/1.27.1/arm64/pkg/tool/linux_arm64/compile", ["/opt/hostedtoolcache/go/1.27.1/a"..., "-o", "/tmp/go-build3484636357/b008/_pk"..., "-trimpath", "/tmp/go-build3484636357/b008=>", "-p", "internal/unsafeheader", "-lang=go1.27", "-std", "-complete", "-buildid", "qC3NJ6-dytwpwDuYJchb/qC3NJ6-dytw"..., "-goversion", "go1.27.1", "-c=4", "-nolocalimports", "-importcfg", "/tmp/go-build3484636357/b008/imp"..., "-pack", "/opt/hostedtoolcache/go/1.27.1/a"...], 0x382e36223688 /* 140 vars */ <unfinished ...>
9631  execve("/opt/hostedtoolcache/go/1.27.1/arm64/pkg/tool/linux_arm64/compile", ["/opt/hostedtoolcache/go/1.27.1/a"..., "-o", "/tmp/go-build3484636357/b012/_pk"..., "-trimpath", "/tmp/go-build3484636357/b012=>", "-p", "internal/byteorder", "-lang=go1.27", "-std", "-complete", "-buildid", "-h5owEDwHj1jNIZSNaNO/-h5owEDwHj1"..., "-goversion", "go1.27.1", "-c=4", "-nolocalimports", "-importcfg", "/tmp/go-build3484636357/b012/imp"..., "-pack", "/opt/hostedtoolcache/go/1.27.1/a"...], 0x382e35d40908 /* 140 vars */ <unfinished ...>
9630  <... execve resumed>)             = 0
9621  <... clone resumed>, parent_tid=[24]) = 9631
9620  <... clone resumed>, parent_tid=[29]) = 9632
9632  <... execve resumed>)             = 0
9631  <... execve resumed>)             = 0
9633  execve("/opt/hostedtoolcache/go/1.27.1/arm64/pkg/tool/linux_arm64/compile", ["/opt/hostedtoolcache/go/1.27.1/a"..., "-o", "/tmp/go-build3484636357/b006/_pk"..., "-trimpath", "/tmp/go-build3484636357/b006=>", "-p", "internal/goarch", "-lang=go1.27", "-std", "-complete", "-buildid", "Nvi4zq8qLTsFtYkfLyRL/Nvi4zq8qLTs"..., "-goversion", "go1.27.1", "-c=4", "-nolocalimports", "-importcfg", "/tmp/go-build3484636357/b006/imp"..., "-pack", "/opt/hostedtoolcache/go/1.27.1/a"..., "/opt/hostedtoolcache/go/1.27.1/a"..., "/opt/hostedtoolcache/go/1.27.1/a"...], 0x382e36081208 /* 140 vars */ <unfinished ...>
9619  <... clone resumed>, parent_tid=[32]) = 9633
9633  <... execve resumed>)             = 0
9620  waitid(P_PIDFD, 29,  <unfinished ...>
9621  waitid(P_PIDFD, 24,  <unfinished ...>
9623  waitid(P_PIDFD, 17,  <unfinished ...>
9619  waitid(P_PIDFD, 32,  <unfinished ...>
9633  clone(child_stack=0x1368bb7b8000, flags=CLONE_VM|CLONE_FS|CLONE_FILES|CLONE_SIGHAND|CLONE_THREAD|CLONE_SYSVSEM) = 9634
9633  clone(child_stack=0x1368bb7f0000, flags=CLONE_VM|CLONE_FS|CLONE_FILES|CLONE_SIGHAND|CLONE_THREAD|CLONE_SYSVSEM <unfinished ...>
9632  clone(child_stack=0x798a40a9a000, flags=CLONE_VM|CLONE_FS|CLONE_FILES|CLONE_SIGHAND|CLONE_THREAD|CLONE_SYSVSEM <unfinished ...>
9633  <... clone resumed>)              = 9635
9632  <... clone resumed>)              = 9636
9634  tgkill(9633, 9633, SIGURG)        = 0
9633  --- SIGURG {si_signo=SIGURG, si_code=SI_TKILL, si_pid=9633, si_uid=1001} ---
9636  tgkill(9632, 9632, SIGURG <unfinished ...>
9632  clone(child_stack=0x798a40ad2000, flags=CLONE_VM|CLONE_FS|CLONE_FILES|CLONE_SIGHAND|CLONE_THREAD|CLONE_SYSVSEM <unfinished ...>
9636  <... tgkill resumed>)             = 0
9633  clone(child_stack=0x1368bb7ec000, flags=CLONE_VM|CLONE_FS|CLONE_FILES|CLONE_SIGHAND|CLONE_THREAD|CLONE_SYSVSEM <unfinished ...>
9632  <... clone resumed>)              = 9637
9633  <... clone resumed>)              = 9638
9632  --- SIGURG {si_signo=SIGURG, si_code=SI_TKILL, si_pid=9632, si_uid=1001} ---
9636  tgkill(9632, 9632, SIGURG <unfinished ...>
9635  clone(child_stack=0x1368bb820000, flags=CLONE_VM|CLONE_FS|CLONE_FILES|CLONE_SIGHAND|CLONE_THREAD|CLONE_SYSVSEM <unfinished ...>
9636  <... tgkill resumed>)             = 0
9632  clone(child_stack=0x798a40ace000, flags=CLONE_VM|CLONE_FS|CLONE_FILES|CLONE_SIGHAND|CLONE_THREAD|CLONE_SYSVSEM <unfinished ...>
9635  <... clone resumed>)              = 9639
9632  <... clone resumed>)              = 9640
9632  --- SIGURG {si_signo=SIGURG, si_code=SI_TKILL, si_pid=9632, si_uid=1001} ---
9637  clone(child_stack=0x798a40b18000, flags=CLONE_VM|CLONE_FS|CLONE_FILES|CLONE_SIGHAND|CLONE_THREAD|CLONE_SYSVSEM <unfinished ...>
9631  clone(child_stack=0x5de88ead6000, flags=CLONE_VM|CLONE_FS|CLONE_FILES|CLONE_SIGHAND|CLONE_THREAD|CLONE_SYSVSEM <unfinished ...>
9637  <... clone resumed>)              = 9641
9631  <... clone resumed>)              = 9642
9631  clone(child_stack=0x5de88eb10000, flags=CLONE_VM|CLONE_FS|CLONE_FILES|CLONE_SIGHAND|CLONE_THREAD|CLONE_SYSVSEM) = 9643
9631  clone(child_stack=0x5de88eb0c000, flags=CLONE_VM|CLONE_FS|CLONE_FILES|CLONE_SIGHAND|CLONE_THREAD|CLONE_SYSVSEM) = 9644
9643  clone(child_stack=0x5de88eb98000, flags=CLONE_VM|CLONE_FS|CLONE_FILES|CLONE_SIGHAND|CLONE_THREAD|CLONE_SYSVSEM) = 9645
9630  clone(child_stack=0x683008a78000, flags=CLONE_VM|CLONE_FS|CLONE_FILES|CLONE_SIGHAND|CLONE_THREAD|CLONE_SYSVSEM) = 9646
9630  clone(child_stack=0x683008aae000, flags=CLONE_VM|CLONE_FS|CLONE_FILES|CLONE_SIGHAND|CLONE_THREAD|CLONE_SYSVSEM) = 9647
9646  tgkill(9630, 9630, SIGURG)        = 0
9630  --- SIGURG {si_signo=SIGURG, si_code=SI_TKILL, si_pid=9630, si_uid=1001} ---
9647  clone(child_stack=0x683008aaa000, flags=CLONE_VM|CLONE_FS|CLONE_FILES|CLONE_SIGHAND|CLONE_THREAD|CLONE_SYSVSEM <unfinished ...>
9646  tgkill(9630, 9630, SIGURG)        = 0
9647  <... clone resumed>)              = 9648
9630  --- SIGURG {si_signo=SIGURG, si_code=SI_TKILL, si_pid=9630, si_uid=1001} ---
9646  tgkill(9630, 9630, SIGURG)        = 0
9630  --- SIGURG {si_signo=SIGURG, si_code=SI_TKILL, si_pid=9630, si_uid=1001} ---
9648  clone(child_stack=0x683008b98000, flags=CLONE_VM|CLONE_FS|CLONE_FILES|CLONE_SIGHAND|CLONE_THREAD|CLONE_SYSVSEM) = 9649
9636  tgkill(9632, 9632, SIGURG)        = 0
9632  --- SIGURG {si_signo=SIGURG, si_code=SI_TKILL, si_pid=9632, si_uid=1001} ---
9630  exit_group(0)                     = ?
9646  +++ exited with 0 +++
9649  +++ exited with 0 +++
9648  +++ exited with 0 +++
9647  +++ exited with 0 +++
9630  +++ exited with 0 +++
9623  <... waitid resumed>{si_signo=SIGCHLD, si_code=CLD_EXITED, si_pid=9630, si_uid=1001, si_status=0, si_utime=0, si_stime=0}, WEXITED, {ru_utime={tv_sec=0, tv_usec=0}, ru_stime={tv_sec=0, tv_usec=7291}, ...}) = 0
9622  --- SIGCHLD {si_signo=SIGCHLD, si_code=CLD_EXITED, si_pid=9630, si_uid=1001, si_status=0, si_utime=0, si_stime=0} ---
9642  tgkill(9631, 9631, SIGURG)        = 0
9631  --- SIGURG {si_signo=SIGURG, si_code=SI_TKILL, si_pid=9631, si_uid=1001} ---
9641  exit_group(0)                     = ?
9641  +++ exited with 0 +++
9640  +++ exited with 0 +++
9636  +++ exited with 0 +++
9634  tgkill(9633, 9635, SIGURG)        = 0
9637  +++ exited with 0 +++
9632  +++ exited with 0 +++
9635  --- SIGURG {si_signo=SIGURG, si_code=SI_TKILL, si_pid=9633, si_uid=1001} ---
9623  --- SIGCHLD {si_signo=SIGCHLD, si_code=CLD_EXITED, si_pid=9632, si_uid=1001, si_status=0, si_utime=0, si_stime=1 /* 0.01 s */} ---
9620  <... waitid resumed>{si_signo=SIGCHLD, si_code=CLD_EXITED, si_pid=9632, si_uid=1001, si_status=0, si_utime=0, si_stime=0}, WEXITED, {ru_utime={tv_sec=0, tv_usec=3455}, ru_stime={tv_sec=0, tv_usec=8639}, ...}) = 0
9635  exit_group(0)                     = ?
9639  +++ exited with 0 +++
9635  +++ exited with 0 +++
9634  +++ exited with 0 +++
9638  +++ exited with 0 +++
9633  +++ exited with 0 +++
9623  --- SIGCHLD {si_signo=SIGCHLD, si_code=CLD_EXITED, si_pid=9633, si_uid=1001, si_status=0, si_utime=0, si_stime=0} ---
9619  <... waitid resumed>{si_signo=SIGCHLD, si_code=CLD_EXITED, si_pid=9633, si_uid=1001, si_status=0, si_utime=0, si_stime=0}, WEXITED, {ru_utime={tv_sec=0, tv_usec=6290}, ru_stime={tv_sec=0, tv_usec=7548}, ...}) = 0
9616  tgkill(9615, 9619, SIGURG)        = 0
9619  --- SIGURG {si_signo=SIGURG, si_code=SI_TKILL, si_pid=9615, si_uid=1001} ---
9623  clone(child_stack=NULL, flags=CLONE_VM|CLONE_PIDFD|CLONE_VFORK|SIGCHLD <unfinished ...>
9650  execve("/opt/hostedtoolcache/go/1.27.1/arm64/pkg/tool/linux_arm64/asm", ["/opt/hostedtoolcache/go/1.27.1/a"..., "-p", "internal/cpu", "-trimpath", "/tmp/go-build3484636357/b011=>", "-I", "/tmp/go-build3484636357/b011/", "-I", "/opt/hostedtoolcache/go/1.27.1/a"..., "-D", "GOOS_linux", "-D", "GOARCH_arm64", "-std", "-gensymabis", "-o", "/tmp/go-build3484636357/b011/sym"..., "/opt/hostedtoolcache/go/1.27.1/a"..., "/opt/hostedtoolcache/go/1.27.1/a"...], 0x382e35f8c908 /* 140 vars */ <unfinished ...>
9623  <... clone resumed>, parent_tid=[11]) = 9650
9650  <... execve resumed>)             = 0
9616  tgkill(9615, 9623, SIGURG)        = 0
9622  waitid(P_PIDFD, 11,  <unfinished ...>
9623  --- SIGURG {si_signo=SIGURG, si_code=SI_TKILL, si_pid=9615, si_uid=1001} ---
9615  clone(child_stack=NULL, flags=CLONE_VM|CLONE_PIDFD|CLONE_VFORK|SIGCHLD <unfinished ...>
9616  tgkill(9615, 9615, SIGURG)        = 0
9644  exit_group(0)                     = ?
9644  +++ exited with 0 +++
9645  +++ exited with 0 +++
9643  +++ exited with 0 +++
9642  +++ exited with 0 +++
9631  +++ exited with 0 +++
9651  execve("/opt/hostedtoolcache/go/1.27.1/arm64/pkg/tool/linux_arm64/compile", ["/opt/hostedtoolcache/go/1.27.1/a"..., "-o", "/tmp/go-build3484636357/b014/_pk"..., "-trimpath", "/tmp/go-build3484636357/b014=>", "-p", "internal/coverage/rtcov", "-lang=go1.27", "-std", "-complete", "-buildid", "GpkACqX8jwItV_Qu4uVJ/GpkACqX8jwI"..., "-goversion", "go1.27.1", "-c=4", "-nolocalimports", "-importcfg", "/tmp/go-build3484636357/b014/imp"..., "-pack", "/opt/hostedtoolcache/go/1.27.1/a"...], 0x382e35d40d88 /* 140 vars */ <unfinished ...>
9621  <... waitid resumed>{si_signo=SIGCHLD, si_code=CLD_EXITED, si_pid=9631, si_uid=1001, si_status=0, si_utime=0, si_stime=0}, WEXITED, {ru_utime={tv_sec=0, tv_usec=15724}, ru_stime={tv_sec=0, tv_usec=7862}, ...}) = 0
9616  --- SIGCHLD {si_signo=SIGCHLD, si_code=CLD_EXITED, si_pid=9631, si_uid=1001, si_status=0, si_utime=1 /* 0.01 s */, si_stime=0} ---
9615  <... clone resumed>, parent_tid=[16]) = 9651
9615  --- SIGURG {si_signo=SIGURG, si_code=SI_TKILL, si_pid=9615, si_uid=1001} ---
9651  <... execve resumed>)             = 0
9616  tgkill(9615, 9615, SIGURG)        = 0
9615  --- SIGURG {si_signo=SIGURG, si_code=SI_TKILL, si_pid=9615, si_uid=1001} ---
9621  tgkill(9615, 9620, SIGURG)        = 0
9620  --- SIGURG {si_signo=SIGURG, si_code=SI_TKILL, si_pid=9615, si_uid=1001} ---
9620  waitid(P_PIDFD, 16,  <unfinished ...>
9650  clone(child_stack=0x6f005d2e4000, flags=CLONE_VM|CLONE_FS|CLONE_FILES|CLONE_SIGHAND|CLONE_THREAD|CLONE_SYSVSEM) = 9652
9615  tgkill(9615, 9618, SIGURG)        = 0
9618  --- SIGURG {si_signo=SIGURG, si_code=SI_TKILL, si_pid=9615, si_uid=1001} ---
9650  clone(child_stack=0x6f005d31c000, flags=CLONE_VM|CLONE_FS|CLONE_FILES|CLONE_SIGHAND|CLONE_THREAD|CLONE_SYSVSEM) = 9653
9615  tgkill(9615, 9619, SIGURG)        = 0
9652  tgkill(9650, 9650, SIGURG)        = 0
9619  --- SIGURG {si_signo=SIGURG, si_code=SI_TKILL, si_pid=9615, si_uid=1001} ---
9650  clone(child_stack=0x6f005d318000, flags=CLONE_VM|CLONE_FS|CLONE_FILES|CLONE_SIGHAND|CLONE_THREAD|CLONE_SYSVSEM) = 9654
9650  --- SIGURG {si_signo=SIGURG, si_code=SI_TKILL, si_pid=9650, si_uid=1001} ---
9653  clone(child_stack=0x6f005d398000, flags=CLONE_VM|CLONE_FS|CLONE_FILES|CLONE_SIGHAND|CLONE_THREAD|CLONE_SYSVSEM) = 9655
9651  clone(child_stack=0x1cfa6077c000, flags=CLONE_VM|CLONE_FS|CLONE_FILES|CLONE_SIGHAND|CLONE_THREAD|CLONE_SYSVSEM) = 9656
9651  clone(child_stack=0x1cfa607b4000, flags=CLONE_VM|CLONE_FS|CLONE_FILES|CLONE_SIGHAND|CLONE_THREAD|CLONE_SYSVSEM <unfinished ...>
9656  tgkill(9651, 9651, SIGURG)        = 0
9651  <... clone resumed>)              = 9657
9651  --- SIGURG {si_signo=SIGURG, si_code=SI_TKILL, si_pid=9651, si_uid=1001} ---
9651  clone(child_stack=0x1cfa607b0000, flags=CLONE_VM|CLONE_FS|CLONE_FILES|CLONE_SIGHAND|CLONE_THREAD|CLONE_SYSVSEM) = 9658
9657  clone(child_stack=0x1cfa60818000, flags=CLONE_VM|CLONE_FS|CLONE_FILES|CLONE_SIGHAND|CLONE_THREAD|CLONE_SYSVSEM) = 9659
9650  exit_group(0)                     = ?
9655  +++ exited with 0 +++
9654  +++ exited with 0 +++
9652  +++ exited with 0 +++
9653  +++ exited with 0 +++
9650  +++ exited with 0 +++
9622  <... waitid resumed>{si_signo=SIGCHLD, si_code=CLD_EXITED, si_pid=9650, si_uid=1001, si_status=0, si_utime=0, si_stime=0}, WEXITED, {ru_utime={tv_sec=0, tv_usec=817}, ru_stime={tv_sec=0, tv_usec=5719}, ...}) = 0
9621  --- SIGCHLD {si_signo=SIGCHLD, si_code=CLD_EXITED, si_pid=9650, si_uid=1001, si_status=0, si_utime=0, si_stime=0} ---
9623  clone(child_stack=NULL, flags=CLONE_VM|CLONE_PIDFD|CLONE_VFORK|SIGCHLD <unfinished ...>
9618  clone(child_stack=NULL, flags=CLONE_VM|CLONE_PIDFD|CLONE_VFORK|SIGCHLD <unfinished ...>
9621  clone(child_stack=NULL, flags=CLONE_VM|CLONE_PIDFD|CLONE_VFORK|SIGCHLD <unfinished ...>
9660  execve("/opt/hostedtoolcache/go/1.27.1/arm64/pkg/tool/linux_arm64/compile", ["/opt/hostedtoolcache/go/1.27.1/a"..., "-o", "/tmp/go-build3484636357/b015/_pk"..., "-trimpath", "/tmp/go-build3484636357/b015=>", "-p", "internal/godebugs", "-lang=go1.27", "-std", "-complete", "-buildid", "DiwIAZNpjOlvplyqLAtU/DiwIAZNpjOl"..., "-goversion", "go1.27.1", "-c=4", "-nolocalimports", "-importcfg", "/tmp/go-build3484636357/b015/imp"..., "-pack", "/opt/hostedtoolcache/go/1.27.1/a"...], 0x382e36223688 /* 140 vars */ <unfinished ...>
9623  <... clone resumed>, parent_tid=[8]) = 9660
9660  <... execve resumed>)             = 0
9662  execve("/opt/hostedtoolcache/go/1.27.1/arm64/pkg/tool/linux_arm64/compile", ["/opt/hostedtoolcache/go/1.27.1/a"..., "-o", "/tmp/go-build3484636357/b011/_pk"..., "-trimpath", "/tmp/go-build3484636357/b011=>", "-p", "internal/cpu", "-lang=go1.27", "-std", "-buildid", "_9NbpE8j_2wExIzHPspY/_9NbpE8j_2w"..., "-goversion", "go1.27.1", "-symabis", "/tmp/go-build3484636357/b011/sym"..., "-c=4", "-nolocalimports", "-importcfg", "/tmp/go-build3484636357/b011/imp"..., "-pack", "-asmhdr", "/tmp/go-build3484636357/b011/go_"..., "/opt/hostedtoolcache/go/1.27.1/a"..., "/opt/hostedtoolcache/go/1.27.1/a"..., "/opt/hostedtoolcache/go/1.27.1/a"..., "/opt/hostedtoolcache/go/1.27.1/a"..., "/opt/hostedtoolcache/go/1.27.1/a"..., "/opt/hostedtoolcache/go/1.27.1/a"...], 0x382e36081208 /* 140 vars */ <unfinished ...>
9661  execve("/opt/hostedtoolcache/go/1.27.1/arm64/pkg/tool/linux_arm64/asm", ["/opt/hostedtoolcache/go/1.27.1/a"..., "-p", "internal/abi", "-trimpath", "/tmp/go-build3484636357/b005=>", "-I", "/tmp/go-build3484636357/b005/", "-I", "/opt/hostedtoolcache/go/1.27.1/a"..., "-D", "GOOS_linux", "-D", "GOARCH_arm64", "-std", "-gensymabis", "-o", "/tmp/go-build3484636357/b005/sym"..., "/opt/hostedtoolcache/go/1.27.1/a"..., "/opt/hostedtoolcache/go/1.27.1/a"...], 0x382e35d40908 /* 140 vars */ <unfinished ...>
9621  <... clone resumed>, parent_tid=[26]) = 9662
9662  <... execve resumed>)             = 0
9618  <... clone resumed>, parent_tid=[23]) = 9661
9661  <... execve resumed>)             = 0
9621  waitid(P_PIDFD, 26,  <unfinished ...>
9623  waitid(P_PIDFD, 8,  <unfinished ...>
9618  waitid(P_PIDFD, 23,  <unfinished ...>
9660  clone(child_stack=0x4b7f0adfc000, flags=CLONE_VM|CLONE_FS|CLONE_FILES|CLONE_SIGHAND|CLONE_THREAD|CLONE_SYSVSEM) = 9663
9660  clone(child_stack=0x4b7f0ae34000, flags=CLONE_VM|CLONE_FS|CLONE_FILES|CLONE_SIGHAND|CLONE_THREAD|CLONE_SYSVSEM <unfinished ...>
9663  tgkill(9660, 9660, SIGURG <unfinished ...>
9660  <... clone resumed>)              = 9664
9663  <... tgkill resumed>)             = 0
9660  --- SIGURG {si_signo=SIGURG, si_code=SI_TKILL, si_pid=9660, si_uid=1001} ---
9660  clone(child_stack=0x4b7f0ae30000, flags=CLONE_VM|CLONE_FS|CLONE_FILES|CLONE_SIGHAND|CLONE_THREAD|CLONE_SYSVSEM) = 9665
9664  clone(child_stack=0x4b7f0ae98000, flags=CLONE_VM|CLONE_FS|CLONE_FILES|CLONE_SIGHAND|CLONE_THREAD|CLONE_SYSVSEM <unfinished ...>
9661  clone(child_stack=0x29e93c12e000, flags=CLONE_VM|CLONE_FS|CLONE_FILES|CLONE_SIGHAND|CLONE_THREAD|CLONE_SYSVSEM <unfinished ...>
9664  <... clone resumed>)              = 9666
9661  <... clone resumed>)              = 9667
9662  clone(child_stack=0x4f252ac6c000, flags=CLONE_VM|CLONE_FS|CLONE_FILES|CLONE_SIGHAND|CLONE_THREAD|CLONE_SYSVSEM) = 9668
9661  clone(child_stack=0x29e93c166000, flags=CLONE_VM|CLONE_FS|CLONE_FILES|CLONE_SIGHAND|CLONE_THREAD|CLONE_SYSVSEM <unfinished ...>
9666  clone(child_stack=0x4b7f0ae94000, flags=CLONE_VM|CLONE_FS|CLONE_FILES|CLONE_SIGHAND|CLONE_THREAD|CLONE_SYSVSEM <unfinished ...>
9661  <... clone resumed>)              = 9669
9666  <... clone resumed>)              = 9670
9662  clone(child_stack=0x4f252aca4000, flags=CLONE_VM|CLONE_FS|CLONE_FILES|CLONE_SIGHAND|CLONE_THREAD|CLONE_SYSVSEM <unfinished ...>
9661  clone(child_stack=0x29e93c162000, flags=CLONE_VM|CLONE_FS|CLONE_FILES|CLONE_SIGHAND|CLONE_THREAD|CLONE_SYSVSEM) = 9672
9662  <... clone resumed>)              = 9671
9662  clone(child_stack=0x4f252aca0000, flags=CLONE_VM|CLONE_FS|CLONE_FILES|CLONE_SIGHAND|CLONE_THREAD|CLONE_SYSVSEM <unfinished ...>
9669  clone(child_stack=0x29e93c198000, flags=CLONE_VM|CLONE_FS|CLONE_FILES|CLONE_SIGHAND|CLONE_THREAD|CLONE_SYSVSEM <unfinished ...>
9662  <... clone resumed>)              = 9673
9669  <... clone resumed>)              = 9674
9671  clone(child_stack=0x4f252ad18000, flags=CLONE_VM|CLONE_FS|CLONE_FILES|CLONE_SIGHAND|CLONE_THREAD|CLONE_SYSVSEM) = 9675
9658  exit_group(0)                     = ?
9659  +++ exited with 0 +++
9657  +++ exited with 0 +++
9656  +++ exited with 0 +++
9658  +++ exited with 0 +++
9651  +++ exited with 0 +++
9620  <... waitid resumed>{si_signo=SIGCHLD, si_code=CLD_EXITED, si_pid=9651, si_uid=1001, si_status=0, si_utime=0, si_stime=0}, WEXITED, {ru_utime={tv_sec=0, tv_usec=9931}, ru_stime={tv_sec=0, tv_usec=4965}, ...}) = 0
9622  --- SIGCHLD {si_signo=SIGCHLD, si_code=CLD_EXITED, si_pid=9651, si_uid=1001, si_status=0, si_utime=1 /* 0.01 s */, si_stime=0} ---
9661  exit_group(0 <unfinished ...>
9667  ???( <unfinished ...>
9661  <... exit_group resumed>)         = ?
9672  +++ exited with 0 +++
9667  +++ exited with 0 +++
9669  +++ exited with 0 +++
9674  +++ exited with 0 +++
9661  +++ exited with 0 +++
9618  <... waitid resumed>{si_signo=SIGCHLD, si_code=CLD_EXITED, si_pid=9661, si_uid=1001, si_status=0, si_utime=0, si_stime=0}, WEXITED, {ru_utime={tv_sec=0, tv_usec=1583}, ru_stime={tv_sec=0, tv_usec=4749}, ...}) = 0
9616  --- SIGCHLD {si_signo=SIGCHLD, si_code=CLD_EXITED, si_pid=9661, si_uid=1001, si_status=0, si_utime=0, si_stime=0} ---
9620  clone(child_stack=NULL, flags=CLONE_VM|CLONE_PIDFD|CLONE_VFORK|SIGCHLD <unfinished ...>
9668  clone(child_stack=0x4f252b09c000, flags=CLONE_VM|CLONE_FS|CLONE_FILES|CLONE_SIGHAND|CLONE_THREAD|CLONE_SYSVSEM) = 9676
9677  execve("/opt/hostedtoolcache/go/1.27.1/arm64/pkg/tool/linux_arm64/compile", ["/opt/hostedtoolcache/go/1.27.1/a"..., "-o", "/tmp/go-build3484636357/b005/_pk"..., "-trimpath", "/tmp/go-build3484636357/b005=>", "-p", "internal/abi", "-lang=go1.27", "-std", "-buildid", "YHO54Q_mbJHGKbmcyT0p/YHO54Q_mbJH"..., "-goversion", "go1.27.1", "-symabis", "/tmp/go-build3484636357/b005/sym"..., "-c=4", "-nolocalimports", "-importcfg", "/tmp/go-build3484636357/b005/imp"..., "-pack", "-asmhdr", "/tmp/go-build3484636357/b005/go_"..., "/opt/hostedtoolcache/go/1.27.1/a"..., "/opt/hostedtoolcache/go/1.27.1/a"..., "/opt/hostedtoolcache/go/1.27.1/a"..., "/opt/hostedtoolcache/go/1.27.1/a"..., "/opt/hostedtoolcache/go/1.27.1/a"..., "/opt/hostedtoolcache/go/1.27.1/a"..., "/opt/hostedtoolcache/go/1.27.1/a"..., "/opt/hostedtoolcache/go/1.27.1/a"..., "/opt/hostedtoolcache/go/1.27.1/a"..., "/opt/hostedtoolcache/go/1.27.1/a"..., ...], 0x382e35f8c908 /* 140 vars */ <unfinished ...>
9620  <... clone resumed>, parent_tid=[16]) = 9677
9677  <... execve resumed>)             = 0
9620  waitid(P_PIDFD, 16,  <unfinished ...>
9663  tgkill(9660, 9660, SIGURG)        = 0
9660  --- SIGURG {si_signo=SIGURG, si_code=SI_TKILL, si_pid=9660, si_uid=1001} ---
9616  tgkill(9615, 9622, SIGURG)        = 0
9622  --- SIGURG {si_signo=SIGURG, si_code=SI_TKILL, si_pid=9615, si_uid=1001} ---
9668  tgkill(9662, 9676, SIGURG)        = 0
9676  --- SIGURG {si_signo=SIGURG, si_code=SI_TKILL, si_pid=9662, si_uid=1001} ---
9670  exit_group(0)                     = ?
9670  +++ exited with 0 +++
9666  +++ exited with 0 +++
9665  +++ exited with 0 +++
9664  +++ exited with 0 +++
9663  +++ exited with 0 +++
9660  +++ exited with 0 +++
9618  --- SIGCHLD {si_signo=SIGCHLD, si_code=CLD_EXITED, si_pid=9660, si_uid=1001, si_status=0, si_utime=0, si_stime=0} ---
9623  <... waitid resumed>{si_signo=SIGCHLD, si_code=CLD_EXITED, si_pid=9660, si_uid=1001, si_status=0, si_utime=0, si_stime=0}, WEXITED, {ru_utime={tv_sec=0, tv_usec=9169}, ru_stime={tv_sec=0, tv_usec=7131}, ...}) = 0
9677  clone(child_stack=0x635cab1ae000, flags=CLONE_VM|CLONE_FS|CLONE_FILES|CLONE_SIGHAND|CLONE_THREAD|CLONE_SYSVSEM) = 9678
9677  clone(child_stack=0x635cab1e6000, flags=CLONE_VM|CLONE_FS|CLONE_FILES|CLONE_SIGHAND|CLONE_THREAD|CLONE_SYSVSEM <unfinished ...>
9678  tgkill(9677, 9677, SIGURG <unfinished ...>
9677  <... clone resumed>)              = 9679
9678  <... tgkill resumed>)             = 0
9677  --- SIGURG {si_signo=SIGURG, si_code=SI_TKILL, si_pid=9677, si_uid=1001} ---
9677  clone(child_stack=0x635cab1e2000, flags=CLONE_VM|CLONE_FS|CLONE_FILES|CLONE_SIGHAND|CLONE_THREAD|CLONE_SYSVSEM) = 9680
9679  clone(child_stack=0x635cab218000, flags=CLONE_VM|CLONE_FS|CLONE_FILES|CLONE_SIGHAND|CLONE_THREAD|CLONE_SYSVSEM) = 9681
9662  exit_group(0)                     = ?
9676  +++ exited with 0 +++
9675  +++ exited with 0 +++
9673  +++ exited with 0 +++
9671  +++ exited with 0 +++
9668  +++ exited with 0 +++
9662  +++ exited with 0 +++
9618  --- SIGCHLD {si_signo=SIGCHLD, si_code=CLD_EXITED, si_pid=9662, si_uid=1001, si_status=0, si_utime=1 /* 0.01 s */, si_stime=1 /* 0.01 s */} ---
9621  <... waitid resumed>{si_signo=SIGCHLD, si_code=CLD_EXITED, si_pid=9662, si_uid=1001, si_status=0, si_utime=0, si_stime=0}, WEXITED, {ru_utime={tv_sec=0, tv_usec=16863}, ru_stime={tv_sec=0, tv_usec=10911}, ...}) = 0
9623  clone(child_stack=NULL, flags=CLONE_VM|CLONE_PIDFD|CLONE_VFORK|SIGCHLD <unfinished ...>
9682  execve("/opt/hostedtoolcache/go/1.27.1/arm64/pkg/tool/linux_arm64/asm", ["/opt/hostedtoolcache/go/1.27.1/a"..., "-p", "internal/cpu", "-trimpath", "/tmp/go-build3484636357/b011=>", "-I", "/tmp/go-build3484636357/b011/", "-I", "/opt/hostedtoolcache/go/1.27.1/a"..., "-D", "GOOS_linux", "-D", "GOARCH_arm64", "-std", "-o", "/tmp/go-build3484636357/b011/cpu"..., "/opt/hostedtoolcache/go/1.27.1/a"...], 0x382e35f8c908 /* 140 vars */ <unfinished ...>
9623  <... clone resumed>, parent_tid=[14]) = 9682
9682  <... execve resumed>)             = 0
9623  waitid(P_PIDFD, 14,  <unfinished ...>
9618  clone(child_stack=NULL, flags=CLONE_VM|CLONE_PIDFD|CLONE_VFORK|SIGCHLD <unfinished ...>
9678  clone(child_stack=0x635cab624000, flags=CLONE_VM|CLONE_FS|CLONE_FILES|CLONE_SIGHAND|CLONE_THREAD|CLONE_SYSVSEM) = 9684
9615  clone(child_stack=NULL, flags=CLONE_VM|CLONE_PIDFD|CLONE_VFORK|SIGCHLD <unfinished ...>
9683  execve("/opt/hostedtoolcache/go/1.27.1/arm64/pkg/tool/linux_arm64/compile", ["/opt/hostedtoolcache/go/1.27.1/a"..., "-o", "/tmp/go-build3484636357/b017/_pk"..., "-trimpath", "/tmp/go-build3484636357/b017=>", "-p", "internal/goos", "-lang=go1.27", "-std", "-complete", "-buildid", "8grbmGBdhXMXjQ34vIss/8grbmGBdhXM"..., "-goversion", "go1.27.1", "-c=4", "-nolocalimports", "-importcfg", "/tmp/go-build3484636357/b017/imp"..., "-pack", "/opt/hostedtoolcache/go/1.27.1/a"..., "/opt/hostedtoolcache/go/1.27.1/a"..., "/opt/hostedtoolcache/go/1.27.1/a"...], 0x382e36223688 /* 140 vars */ <unfinished ...>
9618  <... clone resumed>, parent_tid=[13]) = 9683
9683  <... execve resumed>)             = 0
9685  execve("/opt/hostedtoolcache/go/1.27.1/arm64/pkg/tool/linux_arm64/compile", ["/opt/hostedtoolcache/go/1.27.1/a"..., "-o", "/tmp/go-build3484636357/b016/_pk"..., "-trimpath", "/tmp/go-build3484636357/b016=>", "-p", "internal/goexperiment", "-lang=go1.27", "-std", "-complete", "-buildid", "piFHDpzZ2FHPsIijhque/piFHDpzZ2FH"..., "-goversion", "go1.27.1", "-c=4", "-nolocalimports", "-importcfg", "/tmp/go-build3484636357/b016/imp"..., "-pack", "/opt/hostedtoolcache/go/1.27.1/a"..., "/opt/hostedtoolcache/go/1.27.1/a"..., "/opt/hostedtoolcache/go/1.27.1/a"..., "/opt/hostedtoolcache/go/1.27.1/a"..., "/opt/hostedtoolcache/go/1.27.1/a"..., "/opt/hostedtoolcache/go/1.27.1/a"..., "/opt/hostedtoolcache/go/1.27.1/a"..., "/opt/hostedtoolcache/go/1.27.1/a"..., "/opt/hostedtoolcache/go/1.27.1/a"..., "/opt/hostedtoolcache/go/1.27.1/a"..., "/opt/hostedtoolcache/go/1.27.1/a"..., "/opt/hostedtoolcache/go/1.27.1/a"..., "/opt/hostedtoolcache/go/1.27.1/a"..., ...], 0x382e35d41208 /* 140 vars */ <unfinished ...>
9615  <... clone resumed>, parent_tid=[22]) = 9685
9685  <... execve resumed>)             = 0
9618  waitid(P_PIDFD, 13,  <unfinished ...>
9615  waitid(P_PIDFD, 22,  <unfinished ...>
9682  clone(child_stack=0x30e5856a6000, flags=CLONE_VM|CLONE_FS|CLONE_FILES|CLONE_SIGHAND|CLONE_THREAD|CLONE_SYSVSEM) = 9686
9682  clone(child_stack=0x30e5856de000, flags=CLONE_VM|CLONE_FS|CLONE_FILES|CLONE_SIGHAND|CLONE_THREAD|CLONE_SYSVSEM) = 9687
9686  tgkill(9682, 9682, SIGURG)        = 0
9682  clone(child_stack=0x30e5856da000, flags=CLONE_VM|CLONE_FS|CLONE_FILES|CLONE_SIGHAND|CLONE_THREAD|CLONE_SYSVSEM) = 9688
9687  clone(child_stack=0x30e585718000, flags=CLONE_VM|CLONE_FS|CLONE_FILES|CLONE_SIGHAND|CLONE_THREAD|CLONE_SYSVSEM <unfinished ...>
9682  --- SIGURG {si_signo=SIGURG, si_code=SI_TKILL, si_pid=9682, si_uid=1001} ---
9687  <... clone resumed>)              = 9689
9683  clone(child_stack=0x353158c06000, flags=CLONE_VM|CLONE_FS|CLONE_FILES|CLONE_SIGHAND|CLONE_THREAD|CLONE_SYSVSEM) = 9690
9683  clone(child_stack=0x353158c3e000, flags=CLONE_VM|CLONE_FS|CLONE_FILES|CLONE_SIGHAND|CLONE_THREAD|CLONE_SYSVSEM) = 9691
9683  clone(child_stack=0x353158c3a000, flags=CLONE_VM|CLONE_FS|CLONE_FILES|CLONE_SIGHAND|CLONE_THREAD|CLONE_SYSVSEM) = 9692
9685  clone(child_stack=0x65aa2a1ba000, flags=CLONE_VM|CLONE_FS|CLONE_FILES|CLONE_SIGHAND|CLONE_THREAD|CLONE_SYSVSEM) = 9693
9691  clone(child_stack=0x353158c98000, flags=CLONE_VM|CLONE_FS|CLONE_FILES|CLONE_SIGHAND|CLONE_THREAD|CLONE_SYSVSEM <unfinished ...>
9693  tgkill(9685, 9685, SIGURG)        = 0
9685  --- SIGURG {si_signo=SIGURG, si_code=SI_TKILL, si_pid=9685, si_uid=1001} ---
9691  <... clone resumed>)              = 9694
9693  tgkill(9685, 9685, SIGURG)        = 0
9685  --- SIGURG {si_signo=SIGURG, si_code=SI_TKILL, si_pid=9685, si_uid=1001} ---
9693  tgkill(9685, 9685, SIGURG <unfinished ...>
9685  clone(child_stack=0x65aa2a1f2000, flags=CLONE_VM|CLONE_FS|CLONE_FILES|CLONE_SIGHAND|CLONE_THREAD|CLONE_SYSVSEM <unfinished ...>
9693  <... tgkill resumed>)             = 0
9685  <... clone resumed>)              = 9695
9685  --- SIGURG {si_signo=SIGURG, si_code=SI_TKILL, si_pid=9685, si_uid=1001} ---
9685  clone(child_stack=0x65aa2a1ee000, flags=CLONE_VM|CLONE_FS|CLONE_FILES|CLONE_SIGHAND|CLONE_THREAD|CLONE_SYSVSEM) = 9696
9695  clone(child_stack=0x65aa2a218000, flags=CLONE_VM|CLONE_FS|CLONE_FILES|CLONE_SIGHAND|CLONE_THREAD|CLONE_SYSVSEM) = 9697
9678  tgkill(9677, 9680, SIGURG)        = 0
9680  --- SIGURG {si_signo=SIGURG, si_code=SI_TKILL, si_pid=9677, si_uid=1001} ---
9682  exit_group(0)                     = ?
9687  +++ exited with 0 +++
9688  +++ exited with 0 +++
9689  +++ exited with 0 +++
9686  +++ exited with 0 +++
9682  +++ exited with 0 +++
9623  <... waitid resumed>{si_signo=SIGCHLD, si_code=CLD_EXITED, si_pid=9682, si_uid=1001, si_status=0, si_utime=0, si_stime=0}, WEXITED, {ru_utime={tv_sec=0, tv_usec=1009}, ru_stime={tv_sec=0, tv_usec=5046}, ...}) = 0
9621  --- SIGCHLD {si_signo=SIGCHLD, si_code=CLD_EXITED, si_pid=9682, si_uid=1001, si_status=0, si_utime=0, si_stime=0} ---
9621  clone(child_stack=NULL, flags=CLONE_VM|CLONE_PIDFD|CLONE_VFORK|SIGCHLD <unfinished ...>
9698  execve("/opt/hostedtoolcache/go/1.27.1/arm64/pkg/tool/linux_arm64/asm", ["/opt/hostedtoolcache/go/1.27.1/a"..., "-p", "internal/cpu", "-trimpath", "/tmp/go-build3484636357/b011=>", "-I", "/tmp/go-build3484636357/b011/", "-I", "/opt/hostedtoolcache/go/1.27.1/a"..., "-D", "GOOS_linux", "-D", "GOARCH_arm64", "-std", "-o", "/tmp/go-build3484636357/b011/cpu"..., "/opt/hostedtoolcache/go/1.27.1/a"...], 0x382e36223b08 /* 140 vars */ <unfinished ...>
9621  <... clone resumed>, parent_tid=[14]) = 9698
9698  <... execve resumed>)             = 0
9621  waitid(P_PIDFD, 14,  <unfinished ...>
9692  exit_group(0)                     = ?
9694  +++ exited with 0 +++
9692  +++ exited with 0 +++
9690  +++ exited with 0 +++
9695  exit_group(0)                     = ?
9693  +++ exited with 0 +++
9696  +++ exited with 0 +++
9697  +++ exited with 0 +++
9695  +++ exited with 0 +++
9691  +++ exited with 0 +++
9683  +++ exited with 0 +++
9618  <... waitid resumed>{si_signo=SIGCHLD, si_code=CLD_EXITED, si_pid=9683, si_uid=1001, si_status=0, si_utime=0, si_stime=0}, WEXITED, {ru_utime={tv_sec=0, tv_usec=3002}, ru_stime={tv_sec=0, tv_usec=9007}, ...}) = 0
9685  +++ exited with 0 +++
9618  --- SIGCHLD {si_signo=SIGCHLD, si_code=CLD_EXITED, si_pid=9683, si_uid=1001, si_status=0, si_utime=0, si_stime=0} ---
9615  <... waitid resumed>{si_signo=SIGCHLD, si_code=CLD_EXITED, si_pid=9685, si_uid=1001, si_status=0, si_utime=0, si_stime=0}, WEXITED, {ru_utime={tv_sec=0, tv_usec=5246}, ru_stime={tv_sec=0, tv_usec=9444}, ...}) = 0
9678  tgkill(9677, 9684, SIGURG <unfinished ...>
9684  --- SIGURG {si_signo=SIGURG, si_code=SI_TKILL, si_pid=9677, si_uid=1001} ---
9678  <... tgkill resumed>)             = 0
9698  clone(child_stack=0x6cdb7c070000, flags=CLONE_VM|CLONE_FS|CLONE_FILES|CLONE_SIGHAND|CLONE_THREAD|CLONE_SYSVSEM) = 9699
9698  clone(child_stack=0x6cdb7c0a8000, flags=CLONE_VM|CLONE_FS|CLONE_FILES|CLONE_SIGHAND|CLONE_THREAD|CLONE_SYSVSEM) = 9700
9698  clone(child_stack=0x6cdb7c0a4000, flags=CLONE_VM|CLONE_FS|CLONE_FILES|CLONE_SIGHAND|CLONE_THREAD|CLONE_SYSVSEM) = 9701
9700  clone(child_stack=0x6cdb7c118000, flags=CLONE_VM|CLONE_FS|CLONE_FILES|CLONE_SIGHAND|CLONE_THREAD|CLONE_SYSVSEM) = 9702
9623  clone(child_stack=NULL, flags=CLONE_VM|CLONE_PIDFD|CLONE_VFORK|SIGCHLD <unfinished ...>
9698  exit_group(0)                     = ?
9701  +++ exited with 0 +++
9700  +++ exited with 0 +++
9702  +++ exited with 0 +++
9699  +++ exited with 0 +++
9698  +++ exited with 0 +++
9621  <... waitid resumed>{si_signo=SIGCHLD, si_code=CLD_EXITED, si_pid=9698, si_uid=1001, si_status=0, si_utime=0, si_stime=0}, WEXITED, {ru_utime={tv_sec=0, tv_usec=2084}, ru_stime={tv_sec=0, tv_usec=4168}, ...}) = 0
9618  --- SIGCHLD {si_signo=SIGCHLD, si_code=CLD_EXITED, si_pid=9698, si_uid=1001, si_status=0, si_utime=0, si_stime=0} ---
9619  clone(child_stack=NULL, flags=CLONE_VM|CLONE_PIDFD|CLONE_VFORK|SIGCHLD <unfinished ...>
9618  tgkill(9615, 9619, SIGURG)        = 0
9618  tgkill(9615, 9623, SIGURG)        = 0
9703  execve("/opt/hostedtoolcache/go/1.27.1/arm64/pkg/tool/linux_arm64/compile", ["/opt/hostedtoolcache/go/1.27.1/a"..., "-o", "/tmp/go-build3484636357/b018/_pk"..., "-trimpath", "/tmp/go-build3484636357/b018=>", "-p", "internal/profilerecord", "-lang=go1.27", "-std", "-complete", "-buildid", "ExOs1EpfrMZ2Xg6CTQK0/ExOs1EpfrMZ"..., "-goversion", "go1.27.1", "-c=4", "-nolocalimports", "-importcfg", "/tmp/go-build3484636357/b018/imp"..., "-pack", "/opt/hostedtoolcache/go/1.27.1/a"...], 0x382e35d41688 /* 140 vars */ <unfinished ...>
9623  <... clone resumed>, parent_tid=[17]) = 9703
9703  <... execve resumed>)             = 0
9623  --- SIGURG {si_signo=SIGURG, si_code=SI_TKILL, si_pid=9615, si_uid=1001} ---
9704  execve("/opt/hostedtoolcache/go/1.27.1/arm64/pkg/tool/linux_arm64/asm", ["/opt/hostedtoolcache/go/1.27.1/a"..., "-p", "internal/runtime/syscall/linux", "-trimpath", "/tmp/go-build3484636357/b021=>", "-I", "/tmp/go-build3484636357/b021/", "-I", "/opt/hostedtoolcache/go/1.27.1/a"..., "-D", "GOOS_linux", "-D", "GOARCH_arm64", "-std", "-gensymabis", "-o", "/tmp/go-build3484636357/b021/sym"..., "/opt/hostedtoolcache/go/1.27.1/a"...], 0x382e35f8cd88 /* 140 vars */ <unfinished ...>
9619  <... clone resumed>, parent_tid=[21]) = 9704
9704  <... execve resumed>)             = 0
9619  --- SIGURG {si_signo=SIGURG, si_code=SI_TKILL, si_pid=9615, si_uid=1001} ---
9618  tgkill(9615, 9619, SIGURG)        = 0
9619  --- SIGURG {si_signo=SIGURG, si_code=SI_TKILL, si_pid=9615, si_uid=1001} ---
9619  waitid(P_PIDFD, 21,  <unfinished ...>
9615  tgkill(9615, 9618, SIGURG)        = 0
9618  --- SIGURG {si_signo=SIGURG, si_code=SI_TKILL, si_pid=9615, si_uid=1001} ---
9623  waitid(P_PIDFD, 17,  <unfinished ...>
9703  clone(child_stack=0x7ebc57142000, flags=CLONE_VM|CLONE_FS|CLONE_FILES|CLONE_SIGHAND|CLONE_THREAD|CLONE_SYSVSEM) = 9705
9703  clone(child_stack=0x7ebc5717a000, flags=CLONE_VM|CLONE_FS|CLONE_FILES|CLONE_SIGHAND|CLONE_THREAD|CLONE_SYSVSEM) = 9706
9705  tgkill(9703, 9703, SIGURG)        = 0
9703  clone(child_stack=0x7ebc57176000, flags=CLONE_VM|CLONE_FS|CLONE_FILES|CLONE_SIGHAND|CLONE_THREAD|CLONE_SYSVSEM) = 9707
9703  --- SIGURG {si_signo=SIGURG, si_code=SI_TKILL, si_pid=9703, si_uid=1001} ---
9706  clone(child_stack=0x7ebc571a0000, flags=CLONE_VM|CLONE_FS|CLONE_FILES|CLONE_SIGHAND|CLONE_THREAD|CLONE_SYSVSEM) = 9708
9704  clone(child_stack=0x2ff3cbae0000, flags=CLONE_VM|CLONE_FS|CLONE_FILES|CLONE_SIGHAND|CLONE_THREAD|CLONE_SYSVSEM) = 9709
9704  clone(child_stack=0x2ff3cbb18000, flags=CLONE_VM|CLONE_FS|CLONE_FILES|CLONE_SIGHAND|CLONE_THREAD|CLONE_SYSVSEM) = 9710
9704  clone(child_stack=0x2ff3cbb14000, flags=CLONE_VM|CLONE_FS|CLONE_FILES|CLONE_SIGHAND|CLONE_THREAD|CLONE_SYSVSEM) = 9711
9710  clone(child_stack=0x2ff3cbb98000, flags=CLONE_VM|CLONE_FS|CLONE_FILES|CLONE_SIGHAND|CLONE_THREAD|CLONE_SYSVSEM) = 9712
9678  tgkill(9677, 9684, SIGURG <unfinished ...>
9618  clone(child_stack=NULL, flags=CLONE_VM|CLONE_PIDFD|CLONE_VFORK|SIGCHLD <unfinished ...>
9704  exit_group(0)                     = ?
9712  +++ exited with 0 +++
9711  +++ exited with 0 +++
9709  +++ exited with 0 +++
9710  +++ exited with 0 +++
9704  +++ exited with 0 +++
9621  --- SIGCHLD {si_signo=SIGCHLD, si_code=CLD_EXITED, si_pid=9704, si_uid=1001, si_status=0, si_utime=0, si_stime=0} ---
9684  --- SIGURG {si_signo=SIGURG, si_code=SI_TKILL, si_pid=9677, si_uid=1001} ---
9678  <... tgkill resumed>)             = 0
9713  execve("/opt/hostedtoolcache/go/1.27.1/arm64/pkg/tool/linux_arm64/asm", ["/opt/hostedtoolcache/go/1.27.1/a"..., "-p", "internal/bytealg", "-trimpath", "/tmp/go-build3484636357/b010=>", "-I", "/tmp/go-build3484636357/b010/", "-I", "/opt/hostedtoolcache/go/1.27.1/a"..., "-D", "GOOS_linux", "-D", "GOARCH_arm64", "-std", "-gensymabis", "-o", "/tmp/go-build3484636357/b010/sym"..., "/opt/hostedtoolcache/go/1.27.1/a"..., "/opt/hostedtoolcache/go/1.27.1/a"..., "/opt/hostedtoolcache/go/1.27.1/a"..., "/opt/hostedtoolcache/go/1.27.1/a"..., "/opt/hostedtoolcache/go/1.27.1/a"...], 0x382e36223688 /* 140 vars */ <unfinished ...>
9618  <... clone resumed>, parent_tid=[14]) = 9713
9713  <... execve resumed>)             = 0
9619  <... waitid resumed>{si_signo=SIGCHLD, si_code=CLD_EXITED, si_pid=9704, si_uid=1001, si_status=0, si_utime=0, si_stime=0}, WEXITED, {ru_utime={tv_sec=0, tv_usec=2077}, ru_stime={tv_sec=0, tv_usec=4155}, ...}) = 0
9618  waitid(P_PIDFD, 14,  <unfinished ...>
9619  clone(child_stack=NULL, flags=CLONE_VM|CLONE_PIDFD|CLONE_VFORK|SIGCHLD <unfinished ...>
9708  exit_group(0)                     = ?
9706  +++ exited with 0 +++
9708  +++ exited with 0 +++
9705  +++ exited with 0 +++
9714  execve("/opt/hostedtoolcache/go/1.27.1/arm64/pkg/tool/linux_arm64/compile", ["/opt/hostedtoolcache/go/1.27.1/a"..., "-o", "/tmp/go-build3484636357/b021/_pk"..., "-trimpath", "/tmp/go-build3484636357/b021=>", "-p", "internal/runtime/syscall/linux", "-lang=go1.27", "-std", "-buildid", "wrxSQa6ZjW_K_LdgH8xm/wrxSQa6ZjW_"..., "-goversion", "go1.27.1", "-symabis", "/tmp/go-build3484636357/b021/sym"..., "-c=4", "-nolocalimports", "-importcfg", "/tmp/go-build3484636357/b021/imp"..., "-pack", "-asmhdr", "/tmp/go-build3484636357/b021/go_"..., "/opt/hostedtoolcache/go/1.27.1/a"..., "/opt/hostedtoolcache/go/1.27.1/a"..., "/opt/hostedtoolcache/go/1.27.1/a"...], 0x382e35d40908 /* 140 vars */ <unfinished ...>
9619  <... clone resumed>, parent_tid=[18]) = 9714
9714  <... execve resumed>)             = 0
9707  +++ exited with 0 +++
9703  +++ exited with 0 +++
9621  --- SIGCHLD {si_signo=SIGCHLD, si_code=CLD_EXITED, si_pid=9703, si_uid=1001, si_status=0, si_utime=0, si_stime=0} ---
9623  <... waitid resumed>{si_signo=SIGCHLD, si_code=CLD_EXITED, si_pid=9703, si_uid=1001, si_status=0, si_utime=0, si_stime=0}, WEXITED, {ru_utime={tv_sec=0, tv_usec=4750}, ru_stime={tv_sec=0, tv_usec=7600}, ...}) = 0
9619  waitid(P_PIDFD, 18,  <unfinished ...>
9713  clone(child_stack=0x368b66490000, flags=CLONE_VM|CLONE_FS|CLONE_FILES|CLONE_SIGHAND|CLONE_THREAD|CLONE_SYSVSEM) = 9715
9715  tgkill(9713, 9713, SIGURG)        = 0
9713  --- SIGURG {si_signo=SIGURG, si_code=SI_TKILL, si_pid=9713, si_uid=1001} ---
9715  tgkill(9713, 9713, SIGURG)        = 0
9713  --- SIGURG {si_signo=SIGURG, si_code=SI_TKILL, si_pid=9713, si_uid=1001} ---
9715  tgkill(9713, 9713, SIGURG)        = 0
9713  --- SIGURG {si_signo=SIGURG, si_code=SI_TKILL, si_pid=9713, si_uid=1001} ---
9715  tgkill(9713, 9713, SIGURG)        = 0
9713  --- SIGURG {si_signo=SIGURG, si_code=SI_TKILL, si_pid=9713, si_uid=1001} ---
9713  clone(child_stack=0x368b664c8000, flags=CLONE_VM|CLONE_FS|CLONE_FILES|CLONE_SIGHAND|CLONE_THREAD|CLONE_SYSVSEM <unfinished ...>
9715  tgkill(9713, 9713, SIGURG)        = 0
9713  <... clone resumed>)              = 9716
9713  --- SIGURG {si_signo=SIGURG, si_code=SI_TKILL, si_pid=9713, si_uid=1001} ---
9715  tgkill(9713, 9713, SIGURG)        = 0
9713  --- SIGURG {si_signo=SIGURG, si_code=SI_TKILL, si_pid=9713, si_uid=1001} ---
9715  tgkill(9713, 9713, SIGURG)        = 0
9713  --- SIGURG {si_signo=SIGURG, si_code=SI_TKILL, si_pid=9713, si_uid=1001} ---
9716  clone(child_stack=0x368b664c4000, flags=CLONE_VM|CLONE_FS|CLONE_FILES|CLONE_SIGHAND|CLONE_THREAD|CLONE_SYSVSEM) = 9717
9715  tgkill(9713, 9713, SIGURG)        = 0
9713  --- SIGURG {si_signo=SIGURG, si_code=SI_TKILL, si_pid=9713, si_uid=1001} ---
9715  tgkill(9713, 9713, SIGURG)        = 0
9713  --- SIGURG {si_signo=SIGURG, si_code=SI_TKILL, si_pid=9713, si_uid=1001} ---
9713  clone(child_stack=0x368b664e4000, flags=CLONE_VM|CLONE_FS|CLONE_FILES|CLONE_SIGHAND|CLONE_THREAD|CLONE_SYSVSEM) = 9718
9678  tgkill(9677, 9681, SIGURG)        = 0
9681  --- SIGURG {si_signo=SIGURG, si_code=SI_TKILL, si_pid=9677, si_uid=1001} ---
9678  tgkill(9677, 9684, SIGURG)        = 0
9684  --- SIGURG {si_signo=SIGURG, si_code=SI_TKILL, si_pid=9677, si_uid=1001} ---
9678  tgkill(9677, 9680, SIGURG)        = 0
9680  --- SIGURG {si_signo=SIGURG, si_code=SI_TKILL, si_pid=9677, si_uid=1001} ---
9616  tgkill(9615, 9623, SIGURG)        = 0
9623  --- SIGURG {si_signo=SIGURG, si_code=SI_TKILL, si_pid=9615, si_uid=1001} ---
9622  clone(child_stack=NULL, flags=CLONE_VM|CLONE_PIDFD|CLONE_VFORK|SIGCHLD <unfinished ...>
9719  execve("/opt/hostedtoolcache/go/1.27.1/arm64/pkg/tool/linux_arm64/asm", ["/opt/hostedtoolcache/go/1.27.1/a"..., "-p", "internal/chacha8rand", "-trimpath", "/tmp/go-build3484636357/b013=>", "-I", "/tmp/go-build3484636357/b013/", "-I", "/opt/hostedtoolcache/go/1.27.1/a"..., "-D", "GOOS_linux", "-D", "GOARCH_arm64", "-std", "-gensymabis", "-o", "/tmp/go-build3484636357/b013/sym"..., "/opt/hostedtoolcache/go/1.27.1/a"...], 0x382e35d40d88 /* 140 vars */ <unfinished ...>
9622  <... clone resumed>, parent_tid=[17]) = 9719
9719  <... execve resumed>)             = 0
9622  waitid(P_PIDFD, 17,  <unfinished ...>
9714  clone(child_stack=0x33c3ee04000, flags=CLONE_VM|CLONE_FS|CLONE_FILES|CLONE_SIGHAND|CLONE_THREAD|CLONE_SYSVSEM) = 9720
9714  clone(child_stack=0x33c3ee3c000, flags=CLONE_VM|CLONE_FS|CLONE_FILES|CLONE_SIGHAND|CLONE_THREAD|CLONE_SYSVSEM) = 9721
9720  tgkill(9714, 9714, SIGURG)        = 0
9714  clone(child_stack=0x33c3ee38000, flags=CLONE_VM|CLONE_FS|CLONE_FILES|CLONE_SIGHAND|CLONE_THREAD|CLONE_SYSVSEM) = 9722
9714  --- SIGURG {si_signo=SIGURG, si_code=SI_TKILL, si_pid=9714, si_uid=1001} ---
9719  clone(child_stack=0x212ec8202000, flags=CLONE_VM|CLONE_FS|CLONE_FILES|CLONE_SIGHAND|CLONE_THREAD|CLONE_SYSVSEM) = 9723
9719  clone(child_stack=0x212ec823a000, flags=CLONE_VM|CLONE_FS|CLONE_FILES|CLONE_SIGHAND|CLONE_THREAD|CLONE_SYSVSEM) = 9724
9719  clone(child_stack=0x212ec8236000, flags=CLONE_VM|CLONE_FS|CLONE_FILES|CLONE_SIGHAND|CLONE_THREAD|CLONE_SYSVSEM) = 9725
9724  clone(child_stack=0x212ec8298000, flags=CLONE_VM|CLONE_FS|CLONE_FILES|CLONE_SIGHAND|CLONE_THREAD|CLONE_SYSVSEM) = 9726
9719  exit_group(0)                     = ?
9726  +++ exited with 0 +++
9723  +++ exited with 0 +++
9725  +++ exited with 0 +++
9724  +++ exited with 0 +++
9719  +++ exited with 0 +++
9622  <... waitid resumed>{si_signo=SIGCHLD, si_code=CLD_EXITED, si_pid=9719, si_uid=1001, si_status=0, si_utime=0, si_stime=0}, WEXITED, {ru_utime={tv_sec=0, tv_usec=2651}, ru_stime={tv_sec=0, tv_usec=2651}, ...}) = 0
9621  --- SIGCHLD {si_signo=SIGCHLD, si_code=CLD_EXITED, si_pid=9719, si_uid=1001, si_status=0, si_utime=0, si_stime=0} ---
9720  tgkill(9714, 9714, SIGURG)        = 0
9721  clone(child_stack=0x33c3ee8a000, flags=CLONE_VM|CLONE_FS|CLONE_FILES|CLONE_SIGHAND|CLONE_THREAD|CLONE_SYSVSEM <unfinished ...>
9678  tgkill(9677, 9681, SIGURG)        = 0
9721  <... clone resumed>)              = 9727
9623  clone(child_stack=NULL, flags=CLONE_VM|CLONE_PIDFD|CLONE_VFORK|SIGCHLD <unfinished ...>
9678  tgkill(9677, 9684, SIGURG <unfinished ...>
9684  --- SIGURG {si_signo=SIGURG, si_code=SI_TKILL, si_pid=9677, si_uid=1001} ---
9678  <... tgkill resumed>)             = 0
9678  tgkill(9677, 9680, SIGURG)        = 0
9680  --- SIGURG {si_signo=SIGURG, si_code=SI_TKILL, si_pid=9677, si_uid=1001} ---
9678  tgkill(9677, 9679, SIGURG)        = 0
9679  --- SIGURG {si_signo=SIGURG, si_code=SI_TKILL, si_pid=9677, si_uid=1001} ---
9681  --- SIGURG {si_signo=SIGURG, si_code=SI_TKILL, si_pid=9677, si_uid=1001} ---
9714  --- SIGURG {si_signo=SIGURG, si_code=SI_TKILL, si_pid=9714, si_uid=1001} ---
9720  tgkill(9714, 9714, SIGURG)        = 0
9714  --- SIGURG {si_signo=SIGURG, si_code=SI_TKILL, si_pid=9714, si_uid=1001} ---
9720  tgkill(9714, 9714, SIGURG)        = 0
9728  execve("/opt/hostedtoolcache/go/1.27.1/arm64/pkg/tool/linux_arm64/compile", ["/opt/hostedtoolcache/go/1.27.1/a"..., "-o", "/tmp/go-build3484636357/b013/_pk"..., "-trimpath", "/tmp/go-build3484636357/b013=>", "-p", "internal/chacha8rand", "-lang=go1.27", "-std", "-buildid", "AbtP_dvRHon_4T8hwPZW/AbtP_dvRHon"..., "-goversion", "go1.27.1", "-symabis", "/tmp/go-build3484636357/b013/sym"..., "-c=4", "-nolocalimports", "-importcfg", "/tmp/go-build3484636357/b013/imp"..., "-pack", "-asmhdr", "/tmp/go-build3484636357/b013/go_"..., "/opt/hostedtoolcache/go/1.27.1/a"..., "/opt/hostedtoolcache/go/1.27.1/a"...], 0x382e35f8c908 /* 140 vars */ <unfinished ...>
9623  <... clone resumed>, parent_tid=[17]) = 9728
9728  <... execve resumed>)             = 0
9623  waitid(P_PIDFD, 17,  <unfinished ...>
9714  --- SIGURG {si_signo=SIGURG, si_code=SI_TKILL, si_pid=9714, si_uid=1001} ---
9728  clone(child_stack=0x6ea88b820000, flags=CLONE_VM|CLONE_FS|CLONE_FILES|CLONE_SIGHAND|CLONE_THREAD|CLONE_SYSVSEM) = 9729
9728  clone(child_stack=0x6ea88b858000, flags=CLONE_VM|CLONE_FS|CLONE_FILES|CLONE_SIGHAND|CLONE_THREAD|CLONE_SYSVSEM) = 9730
9728  clone(child_stack=0x6ea88b854000, flags=CLONE_VM|CLONE_FS|CLONE_FILES|CLONE_SIGHAND|CLONE_THREAD|CLONE_SYSVSEM) = 9731
9730  clone(child_stack=0x6ea88b898000, flags=CLONE_VM|CLONE_FS|CLONE_FILES|CLONE_SIGHAND|CLONE_THREAD|CLONE_SYSVSEM) = 9732
9713  exit_group(0)                     = ?
9718  +++ exited with 0 +++
9716  +++ exited with 0 +++
9715  +++ exited with 0 +++
9717  +++ exited with 0 +++
9713  +++ exited with 0 +++
9618  <... waitid resumed>{si_signo=SIGCHLD, si_code=CLD_EXITED, si_pid=9713, si_uid=1001, si_status=0, si_utime=0, si_stime=0}, WEXITED, {ru_utime={tv_sec=0, tv_usec=998}, ru_stime={tv_sec=0, tv_usec=12977}, ...}) = 0
9622  --- SIGCHLD {si_signo=SIGCHLD, si_code=CLD_EXITED, si_pid=9713, si_uid=1001, si_status=0, si_utime=0, si_stime=1 /* 0.01 s */} ---
9618  clone(child_stack=NULL, flags=CLONE_VM|CLONE_PIDFD|CLONE_VFORK|SIGCHLD <unfinished ...>
9733  execve("/opt/hostedtoolcache/go/1.27.1/arm64/pkg/tool/linux_arm64/compile", ["/opt/hostedtoolcache/go/1.27.1/a"..., "-o", "/tmp/go-build3484636357/b010/_pk"..., "-trimpath", "/tmp/go-build3484636357/b010=>", "-p", "internal/bytealg", "-lang=go1.27", "-std", "-buildid", "WXxliEaw6GJNuYmN6A_V/WXxliEaw6GJ"..., "-goversion", "go1.27.1", "-symabis", "/tmp/go-build3484636357/b010/sym"..., "-c=4", "-nolocalimports", "-importcfg", "/tmp/go-build3484636357/b010/imp"..., "-pack", "-asmhdr", "/tmp/go-build3484636357/b010/go_"..., "/opt/hostedtoolcache/go/1.27.1/a"..., "/opt/hostedtoolcache/go/1.27.1/a"..., "/opt/hostedtoolcache/go/1.27.1/a"..., "/opt/hostedtoolcache/go/1.27.1/a"..., "/opt/hostedtoolcache/go/1.27.1/a"..., "/opt/hostedtoolcache/go/1.27.1/a"..., "/opt/hostedtoolcache/go/1.27.1/a"..., "/opt/hostedtoolcache/go/1.27.1/a"..., "/opt/hostedtoolcache/go/1.27.1/a"...], 0x382e35d41208 /* 140 vars */ <unfinished ...>
9618  <... clone resumed>, parent_tid=[15]) = 9733
9733  <... execve resumed>)             = 0
9618  waitid(P_PIDFD, 15,  <unfinished ...>
9678  tgkill(9677, 9684, SIGURG <unfinished ...>
9684  --- SIGURG {si_signo=SIGURG, si_code=SI_TKILL, si_pid=9677, si_uid=1001} ---
9678  <... tgkill resumed>)             = 0
9727  exit_group(0)                     = ?
9722  +++ exited with 0 +++
9727  +++ exited with 0 +++
9721  +++ exited with 0 +++
9720  +++ exited with 0 +++
9714  +++ exited with 0 +++
9622  --- SIGCHLD {si_signo=SIGCHLD, si_code=CLD_EXITED, si_pid=9714, si_uid=1001, si_status=0, si_utime=0, si_stime=0} ---
9619  <... waitid resumed>{si_signo=SIGCHLD, si_code=CLD_EXITED, si_pid=9714, si_uid=1001, si_status=0, si_utime=0, si_stime=0}, WEXITED, {ru_utime={tv_sec=0, tv_usec=12523}, ru_stime={tv_sec=0, tv_usec=10958}, ...}) = 0
9622  clone(child_stack=NULL, flags=CLONE_VM|CLONE_PIDFD|CLONE_VFORK|SIGCHLD <unfinished ...>
9733  clone(child_stack=0x3446b40a2000, flags=CLONE_VM|CLONE_FS|CLONE_FILES|CLONE_SIGHAND|CLONE_THREAD|CLONE_SYSVSEM) = 9735
9733  clone(child_stack=0x3446b40da000, flags=CLONE_VM|CLONE_FS|CLONE_FILES|CLONE_SIGHAND|CLONE_THREAD|CLONE_SYSVSEM) = 9736
9734  execve("/opt/hostedtoolcache/go/1.27.1/arm64/pkg/tool/linux_arm64/asm", ["/opt/hostedtoolcache/go/1.27.1/a"..., "-p", "internal/runtime/syscall/linux", "-trimpath", "/tmp/go-build3484636357/b021=>", "-I", "/tmp/go-build3484636357/b021/", "-I", "/opt/hostedtoolcache/go/1.27.1/a"..., "-D", "GOOS_linux", "-D", "GOARCH_arm64", "-std", "-o", "/tmp/go-build3484636357/b021/asm"..., "/opt/hostedtoolcache/go/1.27.1/a"...], 0x382e36223b08 /* 140 vars */ <unfinished ...>
9733  clone(child_stack=0x3446b40d6000, flags=CLONE_VM|CLONE_FS|CLONE_FILES|CLONE_SIGHAND|CLONE_THREAD|CLONE_SYSVSEM) = 9737
9622  <... clone resumed>, parent_tid=[18]) = 9734
9734  <... execve resumed>)             = 0
9729  tgkill(9728, 9730, SIGURG <unfinished ...>
9730  --- SIGURG {si_signo=SIGURG, si_code=SI_TKILL, si_pid=9728, si_uid=1001} ---
9729  <... tgkill resumed>)             = 0
9736  clone(child_stack=0x3446b4118000, flags=CLONE_VM|CLONE_FS|CLONE_FILES|CLONE_SIGHAND|CLONE_THREAD|CLONE_SYSVSEM) = 9738
9622  waitid(P_PIDFD, 18,  <unfinished ...>
9735  clone(child_stack=0x3446b40fe000, flags=CLONE_VM|CLONE_FS|CLONE_FILES|CLONE_SIGHAND|CLONE_THREAD|CLONE_SYSVSEM) = 9739
9731  exit_group(0)                     = ?
9732  +++ exited with 0 +++
9730  +++ exited with 0 +++
9729  +++ exited with 0 +++
9731  +++ exited with 0 +++
9734  clone(child_stack=0x5fbddfe2e000, flags=CLONE_VM|CLONE_FS|CLONE_FILES|CLONE_SIGHAND|CLONE_THREAD|CLONE_SYSVSEM) = 9740
9728  +++ exited with 0 +++
9734  clone(child_stack=0x5fbddfe66000, flags=CLONE_VM|CLONE_FS|CLONE_FILES|CLONE_SIGHAND|CLONE_THREAD|CLONE_SYSVSEM <unfinished ...>
9623  <... waitid resumed>{si_signo=SIGCHLD, si_code=CLD_EXITED, si_pid=9728, si_uid=1001, si_status=0, si_utime=0, si_stime=0}, WEXITED, {ru_utime={tv_sec=0, tv_usec=18266}, ru_stime={tv_sec=0, tv_usec=9568}, ...}) = 0
9734  <... clone resumed>)              = 9741
9740  tgkill(9734, 9734, SIGURG <unfinished ...>
9621  --- SIGCHLD {si_signo=SIGCHLD, si_code=CLD_EXITED, si_pid=9728, si_uid=1001, si_status=0, si_utime=2 /* 0.02 s */, si_stime=1 /* 0.01 s */} ---
9740  <... tgkill resumed>)             = 0
9734  --- SIGURG {si_signo=SIGURG, si_code=SI_TKILL, si_pid=9734, si_uid=1001} ---
9734  clone(child_stack=0x5fbddfe62000, flags=CLONE_VM|CLONE_FS|CLONE_FILES|CLONE_SIGHAND|CLONE_THREAD|CLONE_SYSVSEM <unfinished ...>
9741  clone(child_stack=0x5fbddfe98000, flags=CLONE_VM|CLONE_FS|CLONE_FILES|CLONE_SIGHAND|CLONE_THREAD|CLONE_SYSVSEM <unfinished ...>
9734  <... clone resumed>)              = 9742
9741  <... clone resumed>)              = 9743
9621  clone(child_stack=NULL, flags=CLONE_VM|CLONE_PIDFD|CLONE_VFORK|SIGCHLD <unfinished ...>
9738  exit_group(0)                     = ?
9739  +++ exited with 0 +++
9737  +++ exited with 0 +++
9736  +++ exited with 0 +++
9735  +++ exited with 0 +++
9738  +++ exited with 0 +++
9733  +++ exited with 0 +++
9619  --- SIGCHLD {si_signo=SIGCHLD, si_code=CLD_EXITED, si_pid=9733, si_uid=1001, si_status=0, si_utime=1 /* 0.01 s */, si_stime=0} ---
9744  execve("/opt/hostedtoolcache/go/1.27.1/arm64/pkg/tool/linux_arm64/asm", ["/opt/hostedtoolcache/go/1.27.1/a"..., "-p", "internal/chacha8rand", "-trimpath", "/tmp/go-build3484636357/b013=>", "-I", "/tmp/go-build3484636357/b013/", "-I", "/opt/hostedtoolcache/go/1.27.1/a"..., "-D", "GOOS_linux", "-D", "GOARCH_arm64", "-std", "-o", "/tmp/go-build3484636357/b013/cha"..., "/opt/hostedtoolcache/go/1.27.1/a"...], 0x382e35f8cd88 /* 140 vars */ <unfinished ...>
9618  <... waitid resumed>{si_signo=SIGCHLD, si_code=CLD_EXITED, si_pid=9733, si_uid=1001, si_status=0, si_utime=0, si_stime=0}, WEXITED, {ru_utime={tv_sec=0, tv_usec=12534}, ru_stime={tv_sec=0, tv_usec=5013}, ...}) = 0
9621  <... clone resumed>, parent_tid=[17]) = 9744
9744  <... execve resumed>)             = 0
9616  tgkill(9615, 9619, SIGURG)        = 0
9619  --- SIGURG {si_signo=SIGURG, si_code=SI_TKILL, si_pid=9615, si_uid=1001} ---
9621  waitid(P_PIDFD, 17,  <unfinished ...>
9734  exit_group(0)                     = ?
9740  +++ exited with 0 +++
9743  +++ exited with 0 +++
9742  +++ exited with 0 +++
9741  +++ exited with 0 +++
9734  +++ exited with 0 +++
9622  <... waitid resumed>{si_signo=SIGCHLD, si_code=CLD_EXITED, si_pid=9734, si_uid=1001, si_status=0, si_utime=0, si_stime=0}, WEXITED, {ru_utime={tv_sec=0, tv_usec=0}, ru_stime={tv_sec=0, tv_usec=7563}, ...}) = 0
9619  --- SIGCHLD {si_signo=SIGCHLD, si_code=CLD_EXITED, si_pid=9734, si_uid=1001, si_status=0, si_utime=0, si_stime=0} ---
9618  tgkill(9615, 9623, SIGURG)        = 0
9623  --- SIGURG {si_signo=SIGURG, si_code=SI_TKILL, si_pid=9615, si_uid=1001} ---
9623  tgkill(9615, 9618, SIGURG)        = 0
9618  --- SIGURG {si_signo=SIGURG, si_code=SI_TKILL, si_pid=9615, si_uid=1001} ---
9623  tgkill(9615, 9617, SIGURG)        = 0
9617  --- SIGURG {si_signo=SIGURG, si_code=SI_TKILL, si_pid=9615, si_uid=1001} ---
9623  tgkill(9615, 9615, SIGURG)        = 0
9615  --- SIGURG {si_signo=SIGURG, si_code=SI_TKILL, si_pid=9615, si_uid=1001} ---
9617  clone(child_stack=NULL, flags=CLONE_VM|CLONE_PIDFD|CLONE_VFORK|SIGCHLD <unfinished ...>
9684  exit_group(0)                     = ?
9684  +++ exited with 0 +++
9680  +++ exited with 0 +++
9679  +++ exited with 0 +++
9678  +++ exited with 0 +++
9745  execve("/opt/hostedtoolcache/go/1.27.1/arm64/pkg/tool/linux_arm64/asm", ["/opt/hostedtoolcache/go/1.27.1/a"..., "-p", "internal/bytealg", "-trimpath", "/tmp/go-build3484636357/b010=>", "-I", "/tmp/go-build3484636357/b010/", "-I", "/opt/hostedtoolcache/go/1.27.1/a"..., "-D", "GOOS_linux", "-D", "GOARCH_arm64", "-std", "-o", "/tmp/go-build3484636357/b010/com"..., "/opt/hostedtoolcache/go/1.27.1/a"...], 0x382e36223688 /* 140 vars */ <unfinished ...>
9617  <... clone resumed>, parent_tid=[15]) = 9745
9745  <... execve resumed>)             = 0
9617  waitid(P_PIDFD, 15,  <unfinished ...>
9744  clone(child_stack=0x6d7045f58000, flags=CLONE_VM|CLONE_FS|CLONE_FILES|CLONE_SIGHAND|CLONE_THREAD|CLONE_SYSVSEM) = 9746
9744  clone(child_stack=0x6d7045f90000, flags=CLONE_VM|CLONE_FS|CLONE_FILES|CLONE_SIGHAND|CLONE_THREAD|CLONE_SYSVSEM) = 9747
9746  tgkill(9744, 9744, SIGURG)        = 0
9744  clone(child_stack=0x6d7045f8c000, flags=CLONE_VM|CLONE_FS|CLONE_FILES|CLONE_SIGHAND|CLONE_THREAD|CLONE_SYSVSEM) = 9748
9744  --- SIGURG {si_signo=SIGURG, si_code=SI_TKILL, si_pid=9744, si_uid=1001} ---
9747  clone(child_stack=0x6d7046018000, flags=CLONE_VM|CLONE_FS|CLONE_FILES|CLONE_SIGHAND|CLONE_THREAD|CLONE_SYSVSEM) = 9749
9681  +++ exited with 0 +++
9677  +++ exited with 0 +++
9620  <... waitid resumed>{si_signo=SIGCHLD, si_code=CLD_EXITED, si_pid=9677, si_uid=1001, si_status=0, si_utime=0, si_stime=0}, WEXITED, {ru_utime={tv_sec=0, tv_usec=166798}, ru_stime={tv_sec=0, tv_usec=29092}, ...}) = 0
9620  --- SIGCHLD {si_signo=SIGCHLD, si_code=CLD_EXITED, si_pid=9677, si_uid=1001, si_status=0, si_utime=17 /* 0.17 s */, si_stime=3 /* 0.03 s */} ---
9748  clone(child_stack=0x6d7046014000, flags=CLONE_VM|CLONE_FS|CLONE_FILES|CLONE_SIGHAND|CLONE_THREAD|CLONE_SYSVSEM) = 9750
9615  clone(child_stack=NULL, flags=CLONE_VM|CLONE_PIDFD|CLONE_VFORK|SIGCHLD <unfinished ...>
9751  execve("/opt/hostedtoolcache/go/1.27.1/arm64/pkg/tool/linux_arm64/asm", ["/opt/hostedtoolcache/go/1.27.1/a"..., "-p", "internal/abi", "-trimpath", "/tmp/go-build3484636357/b005=>", "-I", "/tmp/go-build3484636357/b005/", "-I", "/opt/hostedtoolcache/go/1.27.1/a"..., "-D", "GOOS_linux", "-D", "GOARCH_arm64", "-std", "-o", "/tmp/go-build3484636357/b005/abi"..., "/opt/hostedtoolcache/go/1.27.1/a"...], 0x382e35f8c908 /* 140 vars */ <unfinished ...>
9615  <... clone resumed>, parent_tid=[16]) = 9751
9751  <... execve resumed>)             = 0
9615  waitid(P_PIDFD, 16,  <unfinished ...>
9745  clone(child_stack=0x6987ee78a000, flags=CLONE_VM|CLONE_FS|CLONE_FILES|CLONE_SIGHAND|CLONE_THREAD|CLONE_SYSVSEM) = 9752
9745  clone(child_stack=0x6987ee7c2000, flags=CLONE_VM|CLONE_FS|CLONE_FILES|CLONE_SIGHAND|CLONE_THREAD|CLONE_SYSVSEM) = 9753
9752  tgkill(9745, 9745, SIGURG)        = 0
9745  clone(child_stack=0x6987ee7be000, flags=CLONE_VM|CLONE_FS|CLONE_FILES|CLONE_SIGHAND|CLONE_THREAD|CLONE_SYSVSEM) = 9754
9745  --- SIGURG {si_signo=SIGURG, si_code=SI_TKILL, si_pid=9745, si_uid=1001} ---
9753  clone(child_stack=0x6987ee818000, flags=CLONE_VM|CLONE_FS|CLONE_FILES|CLONE_SIGHAND|CLONE_THREAD|CLONE_SYSVSEM) = 9755
9618  clone(child_stack=NULL, flags=CLONE_VM|CLONE_PIDFD|CLONE_VFORK|SIGCHLD <unfinished ...>
9616  tgkill(9615, 9618, SIGURG)        = 0
9744  exit_group(0)                     = ?
9750  +++ exited with 0 +++
9749  +++ exited with 0 +++
9747  +++ exited with 0 +++
9746  +++ exited with 0 +++
9748  +++ exited with 0 +++
9744  +++ exited with 0 +++
9621  <... waitid resumed>{si_signo=SIGCHLD, si_code=CLD_EXITED, si_pid=9744, si_uid=1001, si_status=0, si_utime=0, si_stime=0}, WEXITED, {ru_utime={tv_sec=0, tv_usec=1934}, ru_stime={tv_sec=0, tv_usec=5804}, ...}) = 0
9620  --- SIGCHLD {si_signo=SIGCHLD, si_code=CLD_EXITED, si_pid=9744, si_uid=1001, si_status=0, si_utime=0, si_stime=0} ---
9756  execve("/opt/hostedtoolcache/go/1.27.1/arm64/pkg/tool/linux_arm64/asm", ["/opt/hostedtoolcache/go/1.27.1/a"..., "-p", "internal/runtime/atomic", "-trimpath", "/tmp/go-build3484636357/b019=>", "-I", "/tmp/go-build3484636357/b019/", "-I", "/opt/hostedtoolcache/go/1.27.1/a"..., "-D", "GOOS_linux", "-D", "GOARCH_arm64", "-std", "-gensymabis", "-o", "/tmp/go-build3484636357/b019/sym"..., "/opt/hostedtoolcache/go/1.27.1/a"...], 0x382e35d40908 /* 140 vars */) = 0
9618  <... clone resumed>, parent_tid=[18]) = 9756
9618  --- SIGURG {si_signo=SIGURG, si_code=SI_TKILL, si_pid=9615, si_uid=1001} ---
9618  waitid(P_PIDFD, 18,  <unfinished ...>
9751  clone(child_stack=0x23546686a000, flags=CLONE_VM|CLONE_FS|CLONE_FILES|CLONE_SIGHAND|CLONE_THREAD|CLONE_SYSVSEM) = 9757
9751  clone(child_stack=0x2354668a2000, flags=CLONE_VM|CLONE_FS|CLONE_FILES|CLONE_SIGHAND|CLONE_THREAD|CLONE_SYSVSEM) = 9758
9751  clone(child_stack=0x23546689e000, flags=CLONE_VM|CLONE_FS|CLONE_FILES|CLONE_SIGHAND|CLONE_THREAD|CLONE_SYSVSEM) = 9759
9758  clone(child_stack=0x235466918000, flags=CLONE_VM|CLONE_FS|CLONE_FILES|CLONE_SIGHAND|CLONE_THREAD|CLONE_SYSVSEM) = 9760
9745  exit_group(0)                     = ?
9754  +++ exited with 0 +++
9752  +++ exited with 0 +++
9753  +++ exited with 0 +++
9755  +++ exited with 0 +++
9745  +++ exited with 0 +++
9623  --- SIGCHLD {si_signo=SIGCHLD, si_code=CLD_EXITED, si_pid=9745, si_uid=1001, si_status=0, si_utime=0, si_stime=0} ---
9617  <... waitid resumed>{si_signo=SIGCHLD, si_code=CLD_EXITED, si_pid=9745, si_uid=1001, si_status=0, si_utime=0, si_stime=0}, WEXITED, {ru_utime={tv_sec=0, tv_usec=0}, ru_stime={tv_sec=0, tv_usec=7243}, ...}) = 0
9623  clone(child_stack=NULL, flags=CLONE_VM|CLONE_PIDFD|CLONE_VFORK|SIGCHLD <unfinished ...>
9756  clone(child_stack=0x5764a7086000, flags=CLONE_VM|CLONE_FS|CLONE_FILES|CLONE_SIGHAND|CLONE_THREAD|CLONE_SYSVSEM) = 9762
9620  clone(child_stack=NULL, flags=CLONE_VM|CLONE_PIDFD|CLONE_VFORK|SIGCHLD <unfinished ...>
9756  clone(child_stack=0x5764a70be000, flags=CLONE_VM|CLONE_FS|CLONE_FILES|CLONE_SIGHAND|CLONE_THREAD|CLONE_SYSVSEM) = 9764
9762  tgkill(9756, 9756, SIGURG)        = 0
9756  --- SIGURG {si_signo=SIGURG, si_code=SI_TKILL, si_pid=9756, si_uid=1001} ---
9756  clone(child_stack=0x5764a70ba000, flags=CLONE_VM|CLONE_FS|CLONE_FILES|CLONE_SIGHAND|CLONE_THREAD|CLONE_SYSVSEM) = 9765
9764  clone(child_stack=0x5764a7118000, flags=CLONE_VM|CLONE_FS|CLONE_FILES|CLONE_SIGHAND|CLONE_THREAD|CLONE_SYSVSEM) = 9766
9761  execve("/opt/hostedtoolcache/go/1.27.1/arm64/pkg/tool/linux_arm64/asm", ["/opt/hostedtoolcache/go/1.27.1/a"..., "-p", "internal/bytealg", "-trimpath", "/tmp/go-build3484636357/b010=>", "-I", "/tmp/go-build3484636357/b010/", "-I", "/opt/hostedtoolcache/go/1.27.1/a"..., "-D", "GOOS_linux", "-D", "GOARCH_arm64", "-std", "-o", "/tmp/go-build3484636357/b010/cou"..., "/opt/hostedtoolcache/go/1.27.1/a"...], 0x382e36223b08 /* 140 vars */ <unfinished ...>
9756  clone(child_stack=0x5764a7114000, flags=CLONE_VM|CLONE_FS|CLONE_FILES|CLONE_SIGHAND|CLONE_THREAD|CLONE_SYSVSEM) = 9767
9623  <... clone resumed>, parent_tid=[7]) = 9761
9761  <... execve resumed>)             = 0
9751  exit_group(0)                     = ?
9760  +++ exited with 0 +++
9758  +++ exited with 0 +++
9757  +++ exited with 0 +++
9759  +++ exited with 0 +++
9751  +++ exited with 0 +++
9615  <... waitid resumed>{si_signo=SIGCHLD, si_code=CLD_EXITED, si_pid=9751, si_uid=1001, si_status=0, si_utime=0, si_stime=0}, WEXITED, {ru_utime={tv_sec=0, tv_usec=1583}, ru_stime={tv_sec=0, tv_usec=4751}, ...}) = 0
9617  --- SIGCHLD {si_signo=SIGCHLD, si_code=CLD_EXITED, si_pid=9751, si_uid=1001, si_status=0, si_utime=0, si_stime=0} ---
9763  execve("/opt/hostedtoolcache/go/1.27.1/arm64/pkg/tool/linux_arm64/compile", ["/opt/hostedtoolcache/go/1.27.1/a"..., "-o", "/tmp/go-build3484636357/b023/_pk"..., "-trimpath", "/tmp/go-build3484636357/b023=>", "-p", "math/bits", "-lang=go1.27", "-std", "-complete", "-buildid", "Zc0PQLlaIx_MgfGvKr9G/Zc0PQLlaIx_"..., "-goversion", "go1.27.1", "-c=4", "-nolocalimports", "-importcfg", "/tmp/go-build3484636357/b023/imp"..., "-pack", "/opt/hostedtoolcache/go/1.27.1/a"..., "/opt/hostedtoolcache/go/1.27.1/a"..., "/opt/hostedtoolcache/go/1.27.1/a"...], 0x382e36081208 /* 140 vars */ <unfinished ...>
9620  <... clone resumed>, parent_tid=[22]) = 9763
9763  <... execve resumed>)             = 0
9623  waitid(P_PIDFD, 7,  <unfinished ...>
9620  waitid(P_PIDFD, 22,  <unfinished ...>
9615  clone(child_stack=NULL, flags=CLONE_VM|CLONE_PIDFD|CLONE_VFORK|SIGCHLD <unfinished ...>
9768  execve("/opt/hostedtoolcache/go/1.27.1/arm64/pkg/tool/linux_arm64/asm", ["/opt/hostedtoolcache/go/1.27.1/a"..., "-p", "internal/abi", "-trimpath", "/tmp/go-build3484636357/b005=>", "-I", "/tmp/go-build3484636357/b005/", "-I", "/opt/hostedtoolcache/go/1.27.1/a"..., "-D", "GOOS_linux", "-D", "GOARCH_arm64", "-std", "-o", "/tmp/go-build3484636357/b005/stu"..., "/opt/hostedtoolcache/go/1.27.1/a"...], 0x382e35f8cd88 /* 140 vars */ <unfinished ...>
9615  <... clone resumed>, parent_tid=[13]) = 9768
9768  <... execve resumed>)             = 0
9615  waitid(P_PIDFD, 13,  <unfinished ...>
9756  exit_group(0)                     = ?
9765  +++ exited with 0 +++
9764  +++ exited with 0 +++
9762  +++ exited with 0 +++
9767  +++ exited with 0 +++
9766  +++ exited with 0 +++
9756  +++ exited with 0 +++
9618  <... waitid resumed>{si_signo=SIGCHLD, si_code=CLD_EXITED, si_pid=9756, si_uid=1001, si_status=0, si_utime=0, si_stime=0}, WEXITED, {ru_utime={tv_sec=0, tv_usec=1764}, ru_stime={tv_sec=0, tv_usec=5294}, ...}) = 0
9621  --- SIGCHLD {si_signo=SIGCHLD, si_code=CLD_EXITED, si_pid=9756, si_uid=1001, si_status=0, si_utime=0, si_stime=0} ---
9621  clone(child_stack=NULL, flags=CLONE_VM|CLONE_PIDFD|CLONE_VFORK|SIGCHLD <unfinished ...>
9761  clone(child_stack=0x169164b12000, flags=CLONE_VM|CLONE_FS|CLONE_FILES|CLONE_SIGHAND|CLONE_THREAD|CLONE_SYSVSEM) = 9770
9761  clone(child_stack=0x169164b4a000, flags=CLONE_VM|CLONE_FS|CLONE_FILES|CLONE_SIGHAND|CLONE_THREAD|CLONE_SYSVSEM) = 9771
9770  tgkill(9761, 9761, SIGURG)        = 0
9761  --- SIGURG {si_signo=SIGURG, si_code=SI_TKILL, si_pid=9761, si_uid=1001} ---
9761  clone(child_stack=0x169164b46000, flags=CLONE_VM|CLONE_FS|CLONE_FILES|CLONE_SIGHAND|CLONE_THREAD|CLONE_SYSVSEM) = 9772
9771  clone(child_stack=0x169164b98000, flags=CLONE_VM|CLONE_FS|CLONE_FILES|CLONE_SIGHAND|CLONE_THREAD|CLONE_SYSVSEM) = 9773
9763  clone(child_stack=0x12a1f0786000, flags=CLONE_VM|CLONE_FS|CLONE_FILES|CLONE_SIGHAND|CLONE_THREAD|CLONE_SYSVSEM) = 9774
9763  clone(child_stack=0x12a1f07be000, flags=CLONE_VM|CLONE_FS|CLONE_FILES|CLONE_SIGHAND|CLONE_THREAD|CLONE_SYSVSEM) = 9775
9763  clone(child_stack=0x12a1f07ba000, flags=CLONE_VM|CLONE_FS|CLONE_FILES|CLONE_SIGHAND|CLONE_THREAD|CLONE_SYSVSEM) = 9776
9775  clone(child_stack=0x12a1f0818000, flags=CLONE_VM|CLONE_FS|CLONE_FILES|CLONE_SIGHAND|CLONE_THREAD|CLONE_SYSVSEM) = 9777
9769  execve("/opt/hostedtoolcache/go/1.27.1/arm64/pkg/tool/linux_arm64/compile", ["/opt/hostedtoolcache/go/1.27.1/a"..., "-o", "/tmp/go-build3484636357/b019/_pk"..., "-trimpath", "/tmp/go-build3484636357/b019=>", "-p", "internal/runtime/atomic", "-lang=go1.27", "-std", "-buildid", "JLvm72GCidsaQcYveEya/JLvm72GCids"..., "-goversion", "go1.27.1", "-symabis", "/tmp/go-build3484636357/b019/sym"..., "-c=4", "-nolocalimports", "-importcfg", "/tmp/go-build3484636357/b019/imp"..., "-pack", "-asmhdr", "/tmp/go-build3484636357/b019/go_"..., "/opt/hostedtoolcache/go/1.27.1/a"..., "/opt/hostedtoolcache/go/1.27.1/a"..., "/opt/hostedtoolcache/go/1.27.1/a"..., "/opt/hostedtoolcache/go/1.27.1/a"..., "/opt/hostedtoolcache/go/1.27.1/a"..., "/opt/hostedtoolcache/go/1.27.1/a"..., "/opt/hostedtoolcache/go/1.27.1/a"..., "/opt/hostedtoolcache/go/1.27.1/a"...], 0x382e35d40d88 /* 140 vars */ <unfinished ...>
9621  <... clone resumed>, parent_tid=[16]) = 9769
9769  <... execve resumed>)             = 0
9768  clone(child_stack=0x18a783cba000, flags=CLONE_VM|CLONE_FS|CLONE_FILES|CLONE_SIGHAND|CLONE_THREAD|CLONE_SYSVSEM) = 9778
9768  clone(child_stack=0x18a783cf2000, flags=CLONE_VM|CLONE_FS|CLONE_FILES|CLONE_SIGHAND|CLONE_THREAD|CLONE_SYSVSEM) = 9779
9768  clone(child_stack=0x18a783cee000, flags=CLONE_VM|CLONE_FS|CLONE_FILES|CLONE_SIGHAND|CLONE_THREAD|CLONE_SYSVSEM) = 9780
9621  waitid(P_PIDFD, 16,  <unfinished ...>
9779  clone(child_stack=0x18a783d20000, flags=CLONE_VM|CLONE_FS|CLONE_FILES|CLONE_SIGHAND|CLONE_THREAD|CLONE_SYSVSEM) = 9781
9774  tgkill(9763, 9763, SIGURG)        = 0
9763  --- SIGURG {si_signo=SIGURG, si_code=SI_TKILL, si_pid=9763, si_uid=1001} ---
9778  tgkill(9768, 9768, SIGURG)        = 0
9768  --- SIGURG {si_signo=SIGURG, si_code=SI_TKILL, si_pid=9768, si_uid=1001} ---
9768  exit_group(0)                     = ?
9779  +++ exited with 0 +++
9781  +++ exited with 0 +++
9780  +++ exited with 0 +++
9778  +++ exited with 0 +++
9768  +++ exited with 0 +++
9618  --- SIGCHLD {si_signo=SIGCHLD, si_code=CLD_EXITED, si_pid=9768, si_uid=1001, si_status=0, si_utime=0, si_stime=0} ---
9615  <... waitid resumed>{si_signo=SIGCHLD, si_code=CLD_EXITED, si_pid=9768, si_uid=1001, si_status=0, si_utime=0, si_stime=0}, WEXITED, {ru_utime={tv_sec=0, tv_usec=1719}, ru_stime={tv_sec=0, tv_usec=3438}, ...}) = 0
9761  exit_group(0)                     = ?
9771  +++ exited with 0 +++
9773  +++ exited with 0 +++
9772  +++ exited with 0 +++
9770  +++ exited with 0 +++
9761  +++ exited with 0 +++
9623  <... waitid resumed>{si_signo=SIGCHLD, si_code=CLD_EXITED, si_pid=9761, si_uid=1001, si_status=0, si_utime=0, si_stime=0}, WEXITED, {ru_utime={tv_sec=0, tv_usec=3285}, ru_stime={tv_sec=0, tv_usec=3285}, ...}) = 0
9615  --- SIGCHLD {si_signo=SIGCHLD, si_code=CLD_EXITED, si_pid=9761, si_uid=1001, si_status=0, si_utime=0, si_stime=0} ---
9615  clone(child_stack=NULL, flags=CLONE_VM|CLONE_PIDFD|CLONE_VFORK|SIGCHLD <unfinished ...>
9769  clone(child_stack=0x60a01a1b8000, flags=CLONE_VM|CLONE_FS|CLONE_FILES|CLONE_SIGHAND|CLONE_THREAD|CLONE_SYSVSEM) = 9783
9769  clone(child_stack=0x60a01a1f0000, flags=CLONE_VM|CLONE_FS|CLONE_FILES|CLONE_SIGHAND|CLONE_THREAD|CLONE_SYSVSEM <unfinished ...>
9783  tgkill(9769, 9769, SIGURG)        = 0
9769  <... clone resumed>)              = 9784
9769  --- SIGURG {si_signo=SIGURG, si_code=SI_TKILL, si_pid=9769, si_uid=1001} ---
9769  clone(child_stack=0x60a01a1ec000, flags=CLONE_VM|CLONE_FS|CLONE_FILES|CLONE_SIGHAND|CLONE_THREAD|CLONE_SYSVSEM) = 9785
9784  clone(child_stack=0x60a01a218000, flags=CLONE_VM|CLONE_FS|CLONE_FILES|CLONE_SIGHAND|CLONE_THREAD|CLONE_SYSVSEM) = 9786
9785  clone(child_stack=0x60a01a214000, flags=CLONE_VM|CLONE_FS|CLONE_FILES|CLONE_SIGHAND|CLONE_THREAD|CLONE_SYSVSEM <unfinished ...>
9782  execve("/opt/hostedtoolcache/go/1.27.1/arm64/pkg/tool/linux_arm64/asm", ["/opt/hostedtoolcache/go/1.27.1/a"..., "-p", "internal/bytealg", "-trimpath", "/tmp/go-build3484636357/b010=>", "-I", "/tmp/go-build3484636357/b010/", "-I", "/opt/hostedtoolcache/go/1.27.1/a"..., "-D", "GOOS_linux", "-D", "GOARCH_arm64", "-std", "-o", "/tmp/go-build3484636357/b010/equ"..., "/opt/hostedtoolcache/go/1.27.1/a"...], 0x382e35f64488 /* 140 vars */ <unfinished ...>
9615  <... clone resumed>, parent_tid=[14]) = 9782
9785  <... clone resumed>)              = 9787
9782  <... execve resumed>)             = 0
9615  waitid(P_PIDFD, 14,  <unfinished ...>
9782  clone(child_stack=0x39000d1d6000, flags=CLONE_VM|CLONE_FS|CLONE_FILES|CLONE_SIGHAND|CLONE_THREAD|CLONE_SYSVSEM) = 9788
9782  clone(child_stack=0x39000d210000, flags=CLONE_VM|CLONE_FS|CLONE_FILES|CLONE_SIGHAND|CLONE_THREAD|CLONE_SYSVSEM) = 9789
9782  clone(child_stack=0x39000d20c000, flags=CLONE_VM|CLONE_FS|CLONE_FILES|CLONE_SIGHAND|CLONE_THREAD|CLONE_SYSVSEM) = 9790
9789  clone(child_stack=0x39000d298000, flags=CLONE_VM|CLONE_FS|CLONE_FILES|CLONE_SIGHAND|CLONE_THREAD|CLONE_SYSVSEM) = 9791
9788  tgkill(9782, 9782, SIGURG)        = 0
9782  --- SIGURG {si_signo=SIGURG, si_code=SI_TKILL, si_pid=9782, si_uid=1001} ---
9774  tgkill(9763, 9763, SIGURG)        = 0
9763  --- SIGURG {si_signo=SIGURG, si_code=SI_TKILL, si_pid=9763, si_uid=1001} ---
9791  exit_group(0)                     = ?
9763  exit_group(0 <unfinished ...>
9790  +++ exited with 0 +++
9788  +++ exited with 0 +++
9789  +++ exited with 0 +++
9763  <... exit_group resumed>)         = ?
9774  +++ exited with 0 +++
9777  +++ exited with 0 +++
9776  +++ exited with 0 +++
9791  +++ exited with 0 +++
9782  +++ exited with 0 +++
9623  --- SIGCHLD {si_signo=SIGCHLD, si_code=CLD_EXITED, si_pid=9782, si_uid=1001, si_status=0, si_utime=0, si_stime=0} ---
9615  <... waitid resumed>{si_signo=SIGCHLD, si_code=CLD_EXITED, si_pid=9782, si_uid=1001, si_status=0, si_utime=0, si_stime=0}, WEXITED, {ru_utime={tv_sec=0, tv_usec=1004}, ru_stime={tv_sec=0, tv_usec=5024}, ...}) = 0
9775  +++ exited with 0 +++
9763  +++ exited with 0 +++
9620  <... waitid resumed>{si_signo=SIGCHLD, si_code=CLD_EXITED, si_pid=9763, si_uid=1001, si_status=0, si_utime=0, si_stime=0}, WEXITED, {ru_utime={tv_sec=0, tv_usec=16302}, ru_stime={tv_sec=0, tv_usec=12466}, ...}) = 0
9618  --- SIGCHLD {si_signo=SIGCHLD, si_code=CLD_EXITED, si_pid=9763, si_uid=1001, si_status=0, si_utime=1 /* 0.01 s */, si_stime=1 /* 0.01 s */} ---
9615  clone(child_stack=NULL, flags=CLONE_VM|CLONE_PIDFD|CLONE_VFORK|SIGCHLD <unfinished ...>
9616  tgkill(9615, 9618, SIGURG)        = 0
9618  --- SIGURG {si_signo=SIGURG, si_code=SI_TKILL, si_pid=9615, si_uid=1001} ---
9616  tgkill(9615, 9615, SIGURG)        = 0
9792  execve("/opt/hostedtoolcache/go/1.27.1/arm64/pkg/tool/linux_arm64/asm", ["/opt/hostedtoolcache/go/1.27.1/a"..., "-p", "internal/bytealg", "-trimpath", "/tmp/go-build3484636357/b010=>", "-I", "/tmp/go-build3484636357/b010/", "-I", "/opt/hostedtoolcache/go/1.27.1/a"..., "-D", "GOOS_linux", "-D", "GOARCH_arm64", "-std", "-o", "/tmp/go-build3484636357/b010/ind"..., "/opt/hostedtoolcache/go/1.27.1/a"...], 0x382e35f65b08 /* 140 vars */ <unfinished ...>
9615  <... clone resumed>, parent_tid=[17]) = 9792
9615  --- SIGURG {si_signo=SIGURG, si_code=SI_TKILL, si_pid=9615, si_uid=1001} ---
9792  <... execve resumed>)             = 0
9616  tgkill(9615, 9618, SIGURG)        = 0
9618  --- SIGURG {si_signo=SIGURG, si_code=SI_TKILL, si_pid=9615, si_uid=1001} ---
9615  waitid(P_PIDFD, 17,  <unfinished ...>
9617  tgkill(9615, 9623, SIGURG)        = 0
9623  --- SIGURG {si_signo=SIGURG, si_code=SI_TKILL, si_pid=9615, si_uid=1001} ---
9617  tgkill(9615, 9618, SIGURG)        = 0
9792  clone(child_stack=0x420eca1e4000, flags=CLONE_VM|CLONE_FS|CLONE_FILES|CLONE_SIGHAND|CLONE_THREAD|CLONE_SYSVSEM) = 9793
9618  --- SIGURG {si_signo=SIGURG, si_code=SI_TKILL, si_pid=9615, si_uid=1001} ---
9617  tgkill(9615, 9618, SIGURG)        = 0
9792  clone(child_stack=0x420eca21c000, flags=CLONE_VM|CLONE_FS|CLONE_FILES|CLONE_SIGHAND|CLONE_THREAD|CLONE_SYSVSEM) = 9794
9792  clone(child_stack=0x420eca218000, flags=CLONE_VM|CLONE_FS|CLONE_FILES|CLONE_SIGHAND|CLONE_THREAD|CLONE_SYSVSEM <unfinished ...>
9617  tgkill(9615, 9623, SIGURG)        = 0
9623  --- SIGURG {si_signo=SIGURG, si_code=SI_TKILL, si_pid=9615, si_uid=1001} ---
9792  <... clone resumed>)              = 9795
9618  --- SIGURG {si_signo=SIGURG, si_code=SI_TKILL, si_pid=9615, si_uid=1001} ---
9794  clone(child_stack=0x420eca298000, flags=CLONE_VM|CLONE_FS|CLONE_FILES|CLONE_SIGHAND|CLONE_THREAD|CLONE_SYSVSEM) = 9796
9622  clone(child_stack=NULL, flags=CLONE_VM|CLONE_PIDFD|CLONE_VFORK|SIGCHLD <unfinished ...>
9617  tgkill(9615, 9622, SIGURG)        = 0
9617  tgkill(9615, 9623, SIGURG)        = 0
9623  --- SIGURG {si_signo=SIGURG, si_code=SI_TKILL, si_pid=9615, si_uid=1001} ---
9623  clone(child_stack=NULL, flags=CLONE_VM|CLONE_PIDFD|CLONE_VFORK|SIGCHLD <unfinished ...>
9617  tgkill(9615, 9623, SIGURG)        = 0
9797  execve("/opt/hostedtoolcache/go/1.27.1/arm64/pkg/tool/linux_arm64/compile", ["/opt/hostedtoolcache/go/1.27.1/a"..., "-o", "/tmp/go-build3484636357/b025/_pk"..., "-trimpath", "/tmp/go-build3484636357/b025=>", "-p", "internal/runtime/gc", "-lang=go1.27", "-std", "-complete", "-buildid", "Pfv26tI2_f6sVbQDUcl5/Pfv26tI2_f6"..., "-goversion", "go1.27.1", "-c=4", "-nolocalimports", "-importcfg", "/tmp/go-build3484636357/b025/imp"..., "-pack", "/opt/hostedtoolcache/go/1.27.1/a"..., "/opt/hostedtoolcache/go/1.27.1/a"..., "/opt/hostedtoolcache/go/1.27.1/a"...], 0x382e36040488 /* 140 vars */ <unfinished ...>
9622  <... clone resumed>, parent_tid=[15]) = 9797
9622  --- SIGURG {si_signo=SIGURG, si_code=SI_TKILL, si_pid=9615, si_uid=1001} ---
9797  <... execve resumed>)             = 0
9798  execve("/opt/hostedtoolcache/go/1.27.1/arm64/pkg/tool/linux_arm64/compile", ["/opt/hostedtoolcache/go/1.27.1/a"..., "-o", "/tmp/go-build3484636357/b022/_pk"..., "-trimpath", "/tmp/go-build3484636357/b022=>", "-p", "internal/strconv", "-lang=go1.27", "-std", "-complete", "-buildid", "p5miu0k1RXZEa3AC8Xsr/p5miu0k1RXZ"..., "-goversion", "go1.27.1", "-c=4", "-nolocalimports", "-importcfg", "/tmp/go-build3484636357/b022/imp"..., "-pack", "/opt/hostedtoolcache/go/1.27.1/a"..., "/opt/hostedtoolcache/go/1.27.1/a"..., "/opt/hostedtoolcache/go/1.27.1/a"..., "/opt/hostedtoolcache/go/1.27.1/a"..., "/opt/hostedtoolcache/go/1.27.1/a"..., "/opt/hostedtoolcache/go/1.27.1/a"..., "/opt/hostedtoolcache/go/1.27.1/a"..., "/opt/hostedtoolcache/go/1.27.1/a"..., "/opt/hostedtoolcache/go/1.27.1/a"..., "/opt/hostedtoolcache/go/1.27.1/a"..., "/opt/hostedtoolcache/go/1.27.1/a"...], 0x382e35d41208 /* 140 vars */ <unfinished ...>
9623  <... clone resumed>, parent_tid=[22]) = 9798
9798  <... execve resumed>)             = 0
9623  --- SIGURG {si_signo=SIGURG, si_code=SI_TKILL, si_pid=9615, si_uid=1001} ---
9617  waitid(P_PIDFD, 22,  <unfinished ...>
9618  waitid(P_PIDFD, 15,  <unfinished ...>
9792  exit_group(0)                     = ?
9796  +++ exited with 0 +++
9795  +++ exited with 0 +++
9794  +++ exited with 0 +++
9793  +++ exited with 0 +++
9792  +++ exited with 0 +++
9615  <... waitid resumed>{si_signo=SIGCHLD, si_code=CLD_EXITED, si_pid=9792, si_uid=1001, si_status=0, si_utime=0, si_stime=0}, WEXITED, {ru_utime={tv_sec=0, tv_usec=2114}, ru_stime={tv_sec=0, tv_usec=5285}, ...}) = 0
9620  --- SIGCHLD {si_signo=SIGCHLD, si_code=CLD_EXITED, si_pid=9792, si_uid=1001, si_status=0, si_utime=0, si_stime=0} ---
9620  clone(child_stack=NULL, flags=CLONE_VM|CLONE_PIDFD|CLONE_VFORK|SIGCHLD <unfinished ...>
9785  exit_group(0)                     = ?
9787  +++ exited with 0 +++
9784  +++ exited with 0 +++
9786  +++ exited with 0 +++
9783  +++ exited with 0 +++
9799  execve("/opt/hostedtoolcache/go/1.27.1/arm64/pkg/tool/linux_arm64/asm", ["/opt/hostedtoolcache/go/1.27.1/a"..., "-p", "internal/bytealg", "-trimpath", "/tmp/go-build3484636357/b010=>", "-I", "/tmp/go-build3484636357/b010/", "-I", "/opt/hostedtoolcache/go/1.27.1/a"..., "-D", "GOOS_linux", "-D", "GOARCH_arm64", "-std", "-o", "/tmp/go-build3484636357/b010/ind"..., "/opt/hostedtoolcache/go/1.27.1/a"...], 0x382e35f8c488 /* 140 vars */ <unfinished ...>
9785  +++ exited with 0 +++
9769  +++ exited with 0 +++
9621  <... waitid resumed>{si_signo=SIGCHLD, si_code=CLD_EXITED, si_pid=9769, si_uid=1001, si_status=0, si_utime=0, si_stime=0}, WEXITED, {ru_utime={tv_sec=0, tv_usec=25187}, ru_stime={tv_sec=0, tv_usec=14765}, ...}) = 0
9621  --- SIGCHLD {si_signo=SIGCHLD, si_code=CLD_EXITED, si_pid=9769, si_uid=1001, si_status=0, si_utime=2 /* 0.02 s */, si_stime=1 /* 0.01 s */} ---
9620  <... clone resumed>, parent_tid=[14]) = 9799
9799  <... execve resumed>)             = 0
9620  waitid(P_PIDFD, 14,  <unfinished ...>
9797  clone(child_stack=0x6619be114000, flags=CLONE_VM|CLONE_FS|CLONE_FILES|CLONE_SIGHAND|CLONE_THREAD|CLONE_SYSVSEM) = 9800
9797  clone(child_stack=0x6619be14c000, flags=CLONE_VM|CLONE_FS|CLONE_FILES|CLONE_SIGHAND|CLONE_THREAD|CLONE_SYSVSEM <unfinished ...>
9615  clone(child_stack=NULL, flags=CLONE_VM|CLONE_PIDFD|CLONE_VFORK|SIGCHLD <unfinished ...>
9797  <... clone resumed>)              = 9802
9800  tgkill(9797, 9797, SIGURG)        = 0
9797  clone(child_stack=0x6619be148000, flags=CLONE_VM|CLONE_FS|CLONE_FILES|CLONE_SIGHAND|CLONE_THREAD|CLONE_SYSVSEM) = 9803
9797  --- SIGURG {si_signo=SIGURG, si_code=SI_TKILL, si_pid=9797, si_uid=1001} ---
9802  clone(child_stack=0x6619be198000, flags=CLONE_VM|CLONE_FS|CLONE_FILES|CLONE_SIGHAND|CLONE_THREAD|CLONE_SYSVSEM) = 9804
9798  clone(child_stack=0x6ce9731b2000, flags=CLONE_VM|CLONE_FS|CLONE_FILES|CLONE_SIGHAND|CLONE_THREAD|CLONE_SYSVSEM) = 9805
9798  clone(child_stack=0x6ce9731ea000, flags=CLONE_VM|CLONE_FS|CLONE_FILES|CLONE_SIGHAND|CLONE_THREAD|CLONE_SYSVSEM <unfinished ...>
9805  tgkill(9798, 9798, SIGURG <unfinished ...>
9798  <... clone resumed>)              = 9806
9805  <... tgkill resumed>)             = 0
9801  execve("/opt/hostedtoolcache/go/1.27.1/arm64/pkg/tool/linux_arm64/asm", ["/opt/hostedtoolcache/go/1.27.1/a"..., "-p", "internal/runtime/atomic", "-trimpath", "/tmp/go-build3484636357/b019=>", "-I", "/tmp/go-build3484636357/b019/", "-I", "/opt/hostedtoolcache/go/1.27.1/a"..., "-D", "GOOS_linux", "-D", "GOARCH_arm64", "-std", "-o", "/tmp/go-build3484636357/b019/ato"..., "/opt/hostedtoolcache/go/1.27.1/a"...], 0x382e35d40908 /* 140 vars */ <unfinished ...>
9798  --- SIGURG {si_signo=SIGURG, si_code=SI_TKILL, si_pid=9798, si_uid=1001} ---
9805  tgkill(9798, 9798, SIGURG <unfinished ...>
9615  <... clone resumed>, parent_tid=[16]) = 9801
9798  clone(child_stack=0x6ce9731e6000, flags=CLONE_VM|CLONE_FS|CLONE_FILES|CLONE_SIGHAND|CLONE_THREAD|CLONE_SYSVSEM <unfinished ...>
9805  <... tgkill resumed>)             = 0
9801  <... execve resumed>)             = 0
9798  <... clone resumed>)              = 9807
9798  --- SIGURG {si_signo=SIGURG, si_code=SI_TKILL, si_pid=9798, si_uid=1001} ---
9806  clone(child_stack=0x6ce973218000, flags=CLONE_VM|CLONE_FS|CLONE_FILES|CLONE_SIGHAND|CLONE_THREAD|CLONE_SYSVSEM <unfinished ...>
9798  clone(child_stack=0x6ce973214000, flags=CLONE_VM|CLONE_FS|CLONE_FILES|CLONE_SIGHAND|CLONE_THREAD|CLONE_SYSVSEM <unfinished ...>
9806  <... clone resumed>)              = 9808
9798  <... clone resumed>)              = 9809
9615  waitid(P_PIDFD, 16,  <unfinished ...>
9799  clone(child_stack=0x58ecab70a000, flags=CLONE_VM|CLONE_FS|CLONE_FILES|CLONE_SIGHAND|CLONE_THREAD|CLONE_SYSVSEM) = 9810
9799  clone(child_stack=0x58ecab742000, flags=CLONE_VM|CLONE_FS|CLONE_FILES|CLONE_SIGHAND|CLONE_THREAD|CLONE_SYSVSEM) = 9811
9799  clone(child_stack=0x58ecab73e000, flags=CLONE_VM|CLONE_FS|CLONE_FILES|CLONE_SIGHAND|CLONE_THREAD|CLONE_SYSVSEM) = 9812
9811  clone(child_stack=0x58ecab798000, flags=CLONE_VM|CLONE_FS|CLONE_FILES|CLONE_SIGHAND|CLONE_THREAD|CLONE_SYSVSEM) = 9813
9801  clone(child_stack=0x16a091586000, flags=CLONE_VM|CLONE_FS|CLONE_FILES|CLONE_SIGHAND|CLONE_THREAD|CLONE_SYSVSEM) = 9814
9801  clone(child_stack=0x16a0915be000, flags=CLONE_VM|CLONE_FS|CLONE_FILES|CLONE_SIGHAND|CLONE_THREAD|CLONE_SYSVSEM) = 9815
9801  clone(child_stack=0x16a0915ba000, flags=CLONE_VM|CLONE_FS|CLONE_FILES|CLONE_SIGHAND|CLONE_THREAD|CLONE_SYSVSEM) = 9816
9815  clone(child_stack=0x16a091618000, flags=CLONE_VM|CLONE_FS|CLONE_FILES|CLONE_SIGHAND|CLONE_THREAD|CLONE_SYSVSEM) = 9817
9814  tgkill(9801, 9801, SIGURG)        = 0
9801  --- SIGURG {si_signo=SIGURG, si_code=SI_TKILL, si_pid=9801, si_uid=1001} ---
9799  exit_group(0)                     = ?
9811  +++ exited with 0 +++
9810  +++ exited with 0 +++
9813  +++ exited with 0 +++
9812  +++ exited with 0 +++
9799  +++ exited with 0 +++
9621  --- SIGCHLD {si_signo=SIGCHLD, si_code=CLD_EXITED, si_pid=9799, si_uid=1001, si_status=0, si_utime=0, si_stime=0} ---
9620  <... waitid resumed>{si_signo=SIGCHLD, si_code=CLD_EXITED, si_pid=9799, si_uid=1001, si_status=0, si_utime=0, si_stime=0}, WEXITED, {ru_utime={tv_sec=0, tv_usec=1362}, ru_stime={tv_sec=0, tv_usec=4769}, ...}) = 0
9805  tgkill(9798, 9798, SIGURG)        = 0
9798  --- SIGURG {si_signo=SIGURG, si_code=SI_TKILL, si_pid=9798, si_uid=1001} ---
9805  clone(child_stack=0x6ce97326e000, flags=CLONE_VM|CLONE_FS|CLONE_FILES|CLONE_SIGHAND|CLONE_THREAD|CLONE_SYSVSEM) = 9818
9817  exit_group(0)                     = ?
9802  exit_group(0 <unfinished ...>
9817  +++ exited with 0 +++
9815  +++ exited with 0 +++
9814  +++ exited with 0 +++
9802  <... exit_group resumed>)         = ?
9804  +++ exited with 0 +++
9802  +++ exited with 0 +++
9803  +++ exited with 0 +++
9816  +++ exited with 0 +++
9801  +++ exited with 0 +++
9621  --- SIGCHLD {si_signo=SIGCHLD, si_code=CLD_EXITED, si_pid=9801, si_uid=1001, si_status=0, si_utime=0, si_stime=0} ---
9615  <... waitid resumed>{si_signo=SIGCHLD, si_code=CLD_EXITED, si_pid=9801, si_uid=1001, si_status=0, si_utime=0, si_stime=0}, WEXITED, {ru_utime={tv_sec=0, tv_usec=3148}, ru_stime={tv_sec=0, tv_usec=4197}, ...}) = 0
9800  +++ exited with 0 +++
9797  +++ exited with 0 +++
9618  <... waitid resumed>{si_signo=SIGCHLD, si_code=CLD_EXITED, si_pid=9797, si_uid=1001, si_status=0, si_utime=0, si_stime=0}, WEXITED, {ru_utime={tv_sec=0, tv_usec=6219}, ru_stime={tv_sec=0, tv_usec=8707}, ...}) = 0
9622  --- SIGCHLD {si_signo=SIGCHLD, si_code=CLD_EXITED, si_pid=9797, si_uid=1001, si_status=0, si_utime=0, si_stime=0} ---
9616  tgkill(9615, 9620, SIGURG)        = 0
9620  --- SIGURG {si_signo=SIGURG, si_code=SI_TKILL, si_pid=9615, si_uid=1001} ---
9616  tgkill(9615, 9621, SIGURG)        = 0
9621  --- SIGURG {si_signo=SIGURG, si_code=SI_TKILL, si_pid=9615, si_uid=1001} ---
9805  tgkill(9798, 9808, SIGURG <unfinished ...>
9808  --- SIGURG {si_signo=SIGURG, si_code=SI_TKILL, si_pid=9798, si_uid=1001} ---
9805  <... tgkill resumed>)             = 0
9615  clone(child_stack=NULL, flags=CLONE_VM|CLONE_PIDFD|CLONE_VFORK|SIGCHLD <unfinished ...>
9616  tgkill(9615, 9615, SIGURG)        = 0
9621  clone(child_stack=NULL, flags=CLONE_VM|CLONE_PIDFD|CLONE_VFORK|SIGCHLD <unfinished ...>
9622  clone(child_stack=NULL, flags=CLONE_VM|CLONE_PIDFD|CLONE_VFORK|SIGCHLD <unfinished ...>
9616  tgkill(9615, 9622, SIGURG)        = 0
9819  execve("/opt/hostedtoolcache/go/1.27.1/arm64/pkg/tool/linux_arm64/compile", ["/opt/hostedtoolcache/go/1.27.1/a"..., "-o", "/tmp/go-build3484636357/b029/_pk"..., "-trimpath", "/tmp/go-build3484636357/b029=>", "-p", "internal/asan", "-lang=go1.27", "-std", "-complete", "-buildid", "ql10FtP9oAow50ExWstg/ql10FtP9oAo"..., "-goversion", "go1.27.1", "-c=4", "-nolocalimports", "-importcfg", "/tmp/go-build3484636357/b029/imp"..., "-pack", "/opt/hostedtoolcache/go/1.27.1/a"..., "/opt/hostedtoolcache/go/1.27.1/a"...], 0x382e35d40d88 /* 140 vars */ <unfinished ...>
9821  execve("/opt/hostedtoolcache/go/1.27.1/arm64/pkg/tool/linux_arm64/compile", ["/opt/hostedtoolcache/go/1.27.1/a"..., "-o", "/tmp/go-build3484636357/b024/_pk"..., "-trimpath", "/tmp/go-build3484636357/b024=>", "-p", "internal/runtime/exithook", "-lang=go1.27", "-std", "-complete", "-buildid", "ELhzkZa6ztmAEW3uupdT/ELhzkZa6ztm"..., "-goversion", "go1.27.1", "-c=4", "-nolocalimports", "-importcfg", "/tmp/go-build3484636357/b024/imp"..., "-pack", "/opt/hostedtoolcache/go/1.27.1/a"...], 0x382e35f64488 /* 140 vars */ <unfinished ...>
9820  execve("/opt/hostedtoolcache/go/1.27.1/arm64/pkg/tool/linux_arm64/asm", ["/opt/hostedtoolcache/go/1.27.1/a"..., "-p", "internal/runtime/sys", "-trimpath", "/tmp/go-build3484636357/b027=>", "-I", "/tmp/go-build3484636357/b027/", "-I", "/opt/hostedtoolcache/go/1.27.1/a"..., "-D", "GOOS_linux", "-D", "GOARCH_arm64", "-std", "-gensymabis", "-o", "/tmp/go-build3484636357/b027/sym"..., "/opt/hostedtoolcache/go/1.27.1/a"..., "/opt/hostedtoolcache/go/1.27.1/a"...], 0x382e35f8c908 /* 140 vars */ <unfinished ...>
9615  <... clone resumed>, parent_tid=[19]) = 9819
9622  <... clone resumed>, parent_tid=[26]) = 9821
9621  <... clone resumed>, parent_tid=[25]) = 9820
9821  <... execve resumed>)             = 0
9820  <... execve resumed>)             = 0
9819  <... execve resumed>)             = 0
9615  --- SIGURG {si_signo=SIGURG, si_code=SI_TKILL, si_pid=9615, si_uid=1001} ---
9622  --- SIGURG {si_signo=SIGURG, si_code=SI_TKILL, si_pid=9615, si_uid=1001} ---
9622  waitid(P_PIDFD, 26,  <unfinished ...>
9615  waitid(P_PIDFD, 19,  <unfinished ...>
9621  waitid(P_PIDFD, 25,  <unfinished ...>
9821  clone(child_stack=0x7bf8084c2000, flags=CLONE_VM|CLONE_FS|CLONE_FILES|CLONE_SIGHAND|CLONE_THREAD|CLONE_SYSVSEM) = 9822
9821  clone(child_stack=0x7bf8084fa000, flags=CLONE_VM|CLONE_FS|CLONE_FILES|CLONE_SIGHAND|CLONE_THREAD|CLONE_SYSVSEM) = 9823
9821  clone(child_stack=0x7bf8084f6000, flags=CLONE_VM|CLONE_FS|CLONE_FILES|CLONE_SIGHAND|CLONE_THREAD|CLONE_SYSVSEM) = 9824
9823  clone(child_stack=0x7bf808528000, flags=CLONE_VM|CLONE_FS|CLONE_FILES|CLONE_SIGHAND|CLONE_THREAD|CLONE_SYSVSEM <unfinished ...>
9820  clone(child_stack=0x6796ac20000, flags=CLONE_VM|CLONE_FS|CLONE_FILES|CLONE_SIGHAND|CLONE_THREAD|CLONE_SYSVSEM <unfinished ...>
9823  <... clone resumed>)              = 9825
9820  <... clone resumed>)              = 9826
9820  clone(child_stack=0x6796ac58000, flags=CLONE_VM|CLONE_FS|CLONE_FILES|CLONE_SIGHAND|CLONE_THREAD|CLONE_SYSVSEM <unfinished ...>
9819  clone(child_stack=0x6feef5854000, flags=CLONE_VM|CLONE_FS|CLONE_FILES|CLONE_SIGHAND|CLONE_THREAD|CLONE_SYSVSEM <unfinished ...>
9820  <... clone resumed>)              = 9827
9820  clone(child_stack=0x6796ac54000, flags=CLONE_VM|CLONE_FS|CLONE_FILES|CLONE_SIGHAND|CLONE_THREAD|CLONE_SYSVSEM <unfinished ...>
9819  <... clone resumed>)              = 9828
9820  <... clone resumed>)              = 9829
9819  clone(child_stack=0x6feef5890000, flags=CLONE_VM|CLONE_FS|CLONE_FILES|CLONE_SIGHAND|CLONE_THREAD|CLONE_SYSVSEM) = 9830
9828  tgkill(9819, 9819, SIGURG)        = 0
9819  clone(child_stack=0x6feef588c000, flags=CLONE_VM|CLONE_FS|CLONE_FILES|CLONE_SIGHAND|CLONE_THREAD|CLONE_SYSVSEM) = 9831
9819  --- SIGURG {si_signo=SIGURG, si_code=SI_TKILL, si_pid=9819, si_uid=1001} ---
9830  clone(child_stack=0x6feef58b0000, flags=CLONE_VM|CLONE_FS|CLONE_FILES|CLONE_SIGHAND|CLONE_THREAD|CLONE_SYSVSEM <unfinished ...>
9827  clone(child_stack=0x6796ac98000, flags=CLONE_VM|CLONE_FS|CLONE_FILES|CLONE_SIGHAND|CLONE_THREAD|CLONE_SYSVSEM <unfinished ...>
9830  <... clone resumed>)              = 9832
9827  <... clone resumed>)              = 9833
9819  clone(child_stack=0x6feef58ac000, flags=CLONE_VM|CLONE_FS|CLONE_FILES|CLONE_SIGHAND|CLONE_THREAD|CLONE_SYSVSEM) = 9834
9832  clone(child_stack=0x6feef5918000, flags=CLONE_VM|CLONE_FS|CLONE_FILES|CLONE_SIGHAND|CLONE_THREAD|CLONE_SYSVSEM) = 9835
9805  tgkill(9798, 9808, SIGURG <unfinished ...>
9808  --- SIGURG {si_signo=SIGURG, si_code=SI_TKILL, si_pid=9798, si_uid=1001} ---
9805  <... tgkill resumed>)             = 0
9822  tgkill(9821, 9821, SIGURG)        = 0
9821  --- SIGURG {si_signo=SIGURG, si_code=SI_TKILL, si_pid=9821, si_uid=1001} ---
9820  exit_group(0)                     = ?
9833  +++ exited with 0 +++
9829  +++ exited with 0 +++
9827  +++ exited with 0 +++
9828  tgkill(9819, 9819, SIGURG)        = 0
9819  --- SIGURG {si_signo=SIGURG, si_code=SI_TKILL, si_pid=9819, si_uid=1001} ---
9828  tgkill(9819, 9819, SIGURG)        = 0
9819  --- SIGURG {si_signo=SIGURG, si_code=SI_TKILL, si_pid=9819, si_uid=1001} ---
9826  +++ exited with 0 +++
9820  +++ exited with 0 +++
9621  <... waitid resumed>{si_signo=SIGCHLD, si_code=CLD_EXITED, si_pid=9820, si_uid=1001, si_status=0, si_utime=0, si_stime=0}, WEXITED, {ru_utime={tv_sec=0, tv_usec=0}, ru_stime={tv_sec=0, tv_usec=6488}, ...}) = 0
9618  --- SIGCHLD {si_signo=SIGCHLD, si_code=CLD_EXITED, si_pid=9820, si_uid=1001, si_status=0, si_utime=0, si_stime=0} ---
9616  tgkill(9615, 9621, SIGURG)        = 0
9621  --- SIGURG {si_signo=SIGURG, si_code=SI_TKILL, si_pid=9615, si_uid=1001} ---
9618  clone(child_stack=NULL, flags=CLONE_VM|CLONE_PIDFD|CLONE_VFORK|SIGCHLD <unfinished ...>
9836  execve("/opt/hostedtoolcache/go/1.27.1/arm64/pkg/tool/linux_arm64/compile", ["/opt/hostedtoolcache/go/1.27.1/a"..., "-o", "/tmp/go-build3484636357/b027/_pk"..., "-trimpath", "/tmp/go-build3484636357/b027=>", "-p", "internal/runtime/sys", "-lang=go1.27", "-std", "-buildid", "7kGJrNa8U6ho9hzPEuBq/7kGJrNa8U6h"..., "-goversion", "go1.27.1", "-symabis", "/tmp/go-build3484636357/b027/sym"..., "-c=4", "-nolocalimports", "-importcfg", "/tmp/go-build3484636357/b027/imp"..., "-pack", "-asmhdr", "/tmp/go-build3484636357/b027/go_"..., "/opt/hostedtoolcache/go/1.27.1/a"..., "/opt/hostedtoolcache/go/1.27.1/a"..., "/opt/hostedtoolcache/go/1.27.1/a"..., "/opt/hostedtoolcache/go/1.27.1/a"..., "/opt/hostedtoolcache/go/1.27.1/a"..., "/opt/hostedtoolcache/go/1.27.1/a"..., "/opt/hostedtoolcache/go/1.27.1/a"...], 0x382e35f65b08 /* 140 vars */ <unfinished ...>
9835  exit_group(0)                     = ?
9828  +++ exited with 0 +++
9832  +++ exited with 0 +++
9831  +++ exited with 0 +++
9830  +++ exited with 0 +++
9834  +++ exited with 0 +++
9836  <... execve resumed>)             = 0
9823  exit_group(0)                     = ?
9825  +++ exited with 0 +++
9822  +++ exited with 0 +++
9618  <... clone resumed>, parent_tid=[13]) = 9836
9824  +++ exited with 0 +++
9618  waitid(P_PIDFD, 13,  <unfinished ...>
9835  +++ exited with 0 +++
9819  +++ exited with 0 +++
9621  --- SIGCHLD {si_signo=SIGCHLD, si_code=CLD_EXITED, si_pid=9819, si_uid=1001, si_status=0, si_utime=0, si_stime=0} ---
9823  +++ exited with 0 +++
9821  +++ exited with 0 +++
9622  <... waitid resumed>{si_signo=SIGCHLD, si_code=CLD_EXITED, si_pid=9821, si_uid=1001, si_status=0, si_utime=0, si_stime=0}, WEXITED, {ru_utime={tv_sec=0, tv_usec=9052}, ru_stime={tv_sec=0, tv_usec=6789}, ...}) = 0
9615  <... waitid resumed>{si_signo=SIGCHLD, si_code=CLD_EXITED, si_pid=9819, si_uid=1001, si_status=0, si_utime=0, si_stime=0}, WEXITED, {ru_utime={tv_sec=0, tv_usec=4938}, ru_stime={tv_sec=0, tv_usec=7407}, ...}) = 0
9622  --- SIGCHLD {si_signo=SIGCHLD, si_code=CLD_EXITED, si_pid=9821, si_uid=1001, si_status=0, si_utime=0, si_stime=0} ---
9805  tgkill(9798, 9808, SIGURG <unfinished ...>
9808  --- SIGURG {si_signo=SIGURG, si_code=SI_TKILL, si_pid=9798, si_uid=1001} ---
9805  <... tgkill resumed>)             = 0
9805  tgkill(9798, 9806, SIGURG <unfinished ...>
9806  --- SIGURG {si_signo=SIGURG, si_code=SI_TKILL, si_pid=9798, si_uid=1001} ---
9805  <... tgkill resumed>)             = 0
9805  tgkill(9798, 9798, SIGURG)        = 0
9798  --- SIGURG {si_signo=SIGURG, si_code=SI_TKILL, si_pid=9798, si_uid=1001} ---
9616  tgkill(9615, 9622, SIGURG)        = 0
9622  --- SIGURG {si_signo=SIGURG, si_code=SI_TKILL, si_pid=9615, si_uid=1001} ---
9805  tgkill(9798, 9818, SIGURG <unfinished ...>
9818  --- SIGURG {si_signo=SIGURG, si_code=SI_TKILL, si_pid=9798, si_uid=1001} ---
9805  <... tgkill resumed>)             = 0
9836  clone(child_stack=0x10f577278000, flags=CLONE_VM|CLONE_FS|CLONE_FILES|CLONE_SIGHAND|CLONE_THREAD|CLONE_SYSVSEM) = 9837
9836  clone(child_stack=0x10f5772b0000, flags=CLONE_VM|CLONE_FS|CLONE_FILES|CLONE_SIGHAND|CLONE_THREAD|CLONE_SYSVSEM) = 9838
9836  clone(child_stack=0x10f5772ac000, flags=CLONE_VM|CLONE_FS|CLONE_FILES|CLONE_SIGHAND|CLONE_THREAD|CLONE_SYSVSEM) = 9839
9838  clone(child_stack=0x10f577318000, flags=CLONE_VM|CLONE_FS|CLONE_FILES|CLONE_SIGHAND|CLONE_THREAD|CLONE_SYSVSEM) = 9840
9615  clone(child_stack=NULL, flags=CLONE_VM|CLONE_PIDFD|CLONE_VFORK|SIGCHLD <unfinished ...>
9841  execve("/opt/hostedtoolcache/go/1.27.1/arm64/pkg/tool/linux_arm64/compile", ["/opt/hostedtoolcache/go/1.27.1/a"..., "-o", "/tmp/go-build3484636357/b030/_pk"..., "-trimpath", "/tmp/go-build3484636357/b030=>", "-p", "internal/msan", "-lang=go1.27", "-std", "-complete", "-buildid", "PU3gMVcPpa3dEyJZ9q--/PU3gMVcPpa3"..., "-goversion", "go1.27.1", "-c=4", "-nolocalimports", "-importcfg", "/tmp/go-build3484636357/b030/imp"..., "-pack", "/opt/hostedtoolcache/go/1.27.1/a"..., "/opt/hostedtoolcache/go/1.27.1/a"...], 0x382e35f8cd88 /* 140 vars */ <unfinished ...>
9615  <... clone resumed>, parent_tid=[14]) = 9841
9623  clone(child_stack=NULL, flags=CLONE_VM|CLONE_PIDFD|CLONE_VFORK|SIGCHLD <unfinished ...>
9841  <... execve resumed>)             = 0
9842  execve("/opt/hostedtoolcache/go/1.27.1/arm64/pkg/tool/linux_arm64/compile", ["/opt/hostedtoolcache/go/1.27.1/a"..., "-o", "/tmp/go-build3484636357/b031/_pk"..., "-trimpath", "/tmp/go-build3484636357/b031=>", "-p", "internal/race", "-lang=go1.27", "-std", "-complete", "-buildid", "xma0VFSWFMNq2-bIgxtC/xma0VFSWFMN"..., "-goversion", "go1.27.1", "-c=4", "-nolocalimports", "-importcfg", "/tmp/go-build3484636357/b031/imp"..., "-pack", "/opt/hostedtoolcache/go/1.27.1/a"..., "/opt/hostedtoolcache/go/1.27.1/a"...], 0x382e35d41688 /* 140 vars */ <unfinished ...>
9623  <... clone resumed>, parent_tid=[21]) = 9842
9842  <... execve resumed>)             = 0
9615  waitid(P_PIDFD, 14,  <unfinished ...>
9805  tgkill(9798, 9818, SIGURG)        = 0
9818  --- SIGURG {si_signo=SIGURG, si_code=SI_TKILL, si_pid=9798, si_uid=1001} ---
9623  waitid(P_PIDFD, 21,  <unfinished ...>
9841  clone(child_stack=0x7d6e69b02000, flags=CLONE_VM|CLONE_FS|CLONE_FILES|CLONE_SIGHAND|CLONE_THREAD|CLONE_SYSVSEM <unfinished ...>
9808  exit_group(0 <unfinished ...>
9841  <... clone resumed>)              = 9843
9808  <... exit_group resumed>)         = ?
9809  +++ exited with 0 +++
9818  +++ exited with 0 +++
9807  +++ exited with 0 +++
9808  +++ exited with 0 +++
9805  +++ exited with 0 +++
9843  tgkill(9841, 9841, SIGURG)        = 0
9841  --- SIGURG {si_signo=SIGURG, si_code=SI_TKILL, si_pid=9841, si_uid=1001} ---
9841  clone(child_stack=0x7d6e69b3a000, flags=CLONE_VM|CLONE_FS|CLONE_FILES|CLONE_SIGHAND|CLONE_THREAD|CLONE_SYSVSEM <unfinished ...>
9843  tgkill(9841, 9841, SIGURG)        = 0
9841  <... clone resumed>)              = 9844
9841  --- SIGURG {si_signo=SIGURG, si_code=SI_TKILL, si_pid=9841, si_uid=1001} ---
9843  tgkill(9841, 9841, SIGURG)        = 0
9841  clone(child_stack=0x7d6e69b36000, flags=CLONE_VM|CLONE_FS|CLONE_FILES|CLONE_SIGHAND|CLONE_THREAD|CLONE_SYSVSEM) = 9845
9841  --- SIGURG {si_signo=SIGURG, si_code=SI_TKILL, si_pid=9841, si_uid=1001} ---
9844  clone(child_stack=0x7d6e69b98000, flags=CLONE_VM|CLONE_FS|CLONE_FILES|CLONE_SIGHAND|CLONE_THREAD|CLONE_SYSVSEM) = 9846
9841  clone(child_stack=0x7d6e69b94000, flags=CLONE_VM|CLONE_FS|CLONE_FILES|CLONE_SIGHAND|CLONE_THREAD|CLONE_SYSVSEM) = 9847
9806  +++ exited with 0 +++
9798  +++ exited with 0 +++
9623  <... waitid resumed>0x382e35f06fb8, WEXITED, 0x382e35e721b0) = ? ERESTARTSYS (To be restarted if SA_RESTART is set)
9617  <... waitid resumed>{si_signo=SIGCHLD, si_code=CLD_EXITED, si_pid=9798, si_uid=1001, si_status=0, si_utime=0, si_stime=0}, WEXITED, {ru_utime={tv_sec=0, tv_usec=102837}, ru_stime={tv_sec=0, tv_usec=23284}, ...}) = 0
9623  --- SIGCHLD {si_signo=SIGCHLD, si_code=CLD_EXITED, si_pid=9798, si_uid=1001, si_status=0, si_utime=10 /* 0.10 s */, si_stime=2 /* 0.02 s */} ---
9623  waitid(P_PIDFD, 21,  <unfinished ...>
9836  exit_group(0)                     = ?
9838  +++ exited with 0 +++
9837  +++ exited with 0 +++
9839  +++ exited with 0 +++
9840  +++ exited with 0 +++
9842  clone(child_stack=0x7d292726000, flags=CLONE_VM|CLONE_FS|CLONE_FILES|CLONE_SIGHAND|CLONE_THREAD|CLONE_SYSVSEM) = 9848
9836  +++ exited with 0 +++
9618  <... waitid resumed>{si_signo=SIGCHLD, si_code=CLD_EXITED, si_pid=9836, si_uid=1001, si_status=0, si_utime=0, si_stime=0}, WEXITED, {ru_utime={tv_sec=0, tv_usec=12081}, ru_stime={tv_sec=0, tv_usec=7688}, ...}) = 0
9617  --- SIGCHLD {si_signo=SIGCHLD, si_code=CLD_EXITED, si_pid=9836, si_uid=1001, si_status=0, si_utime=1 /* 0.01 s */, si_stime=0} ---
9842  clone(child_stack=0x7d29275e000, flags=CLONE_VM|CLONE_FS|CLONE_FILES|CLONE_SIGHAND|CLONE_THREAD|CLONE_SYSVSEM <unfinished ...>
9848  tgkill(9842, 9842, SIGURG)        = 0
9842  <... clone resumed>)              = 9849
9842  --- SIGURG {si_signo=SIGURG, si_code=SI_TKILL, si_pid=9842, si_uid=1001} ---
9842  clone(child_stack=0x7d29275a000, flags=CLONE_VM|CLONE_FS|CLONE_FILES|CLONE_SIGHAND|CLONE_THREAD|CLONE_SYSVSEM) = 9850
9849  clone(child_stack=0x7d292798000, flags=CLONE_VM|CLONE_FS|CLONE_FILES|CLONE_SIGHAND|CLONE_THREAD|CLONE_SYSVSEM) = 9851
9621  clone(child_stack=NULL, flags=CLONE_VM|CLONE_PIDFD|CLONE_VFORK|SIGCHLD <unfinished ...>
9852  execve("/opt/hostedtoolcache/go/1.27.1/arm64/pkg/tool/linux_arm64/asm", ["/opt/hostedtoolcache/go/1.27.1/a"..., "-p", "internal/runtime/sys", "-trimpath", "/tmp/go-build3484636357/b027=>", "-I", "/tmp/go-build3484636357/b027/", "-I", "/opt/hostedtoolcache/go/1.27.1/a"..., "-D", "GOOS_linux", "-D", "GOARCH_arm64", "-std", "-o", "/tmp/go-build3484636357/b027/dit"..., "/opt/hostedtoolcache/go/1.27.1/a"...], 0x382e35f8d208 /* 140 vars */ <unfinished ...>
9621  <... clone resumed>, parent_tid=[15]) = 9852
9852  <... execve resumed>)             = 0
9621  waitid(P_PIDFD, 15,  <unfinished ...>
9843  tgkill(9841, 9841, SIGURG)        = 0
9841  --- SIGURG {si_signo=SIGURG, si_code=SI_TKILL, si_pid=9841, si_uid=1001} ---
9852  clone(child_stack=0x12f886294000, flags=CLONE_VM|CLONE_FS|CLONE_FILES|CLONE_SIGHAND|CLONE_THREAD|CLONE_SYSVSEM) = 9853
9852  clone(child_stack=0x12f8862cc000, flags=CLONE_VM|CLONE_FS|CLONE_FILES|CLONE_SIGHAND|CLONE_THREAD|CLONE_SYSVSEM) = 9854
9853  tgkill(9852, 9852, SIGURG)        = 0
9852  --- SIGURG {si_signo=SIGURG, si_code=SI_TKILL, si_pid=9852, si_uid=1001} ---
9852  clone(child_stack=0x12f8862c8000, flags=CLONE_VM|CLONE_FS|CLONE_FILES|CLONE_SIGHAND|CLONE_THREAD|CLONE_SYSVSEM) = 9855
9854  clone(child_stack=0x12f886318000, flags=CLONE_VM|CLONE_FS|CLONE_FILES|CLONE_SIGHAND|CLONE_THREAD|CLONE_SYSVSEM) = 9856
9852  clone(child_stack=0x12f886314000, flags=CLONE_VM|CLONE_FS|CLONE_FILES|CLONE_SIGHAND|CLONE_THREAD|CLONE_SYSVSEM) = 9857
9841  exit_group(0)                     = ?
9845  +++ exited with 0 +++
9844  +++ exited with 0 +++
9847  +++ exited with 0 +++
9846  +++ exited with 0 +++
9617  clone(child_stack=NULL, flags=CLONE_VM|CLONE_PIDFD|CLONE_VFORK|SIGCHLD <unfinished ...>
9843  +++ exited with 0 +++
9841  +++ exited with 0 +++
9615  <... waitid resumed>{si_signo=SIGCHLD, si_code=CLD_EXITED, si_pid=9841, si_uid=1001, si_status=0, si_utime=0, si_stime=0}, WEXITED, {ru_utime={tv_sec=0, tv_usec=5436}, ru_stime={tv_sec=0, tv_usec=8155}, ...}) = 0
9618  --- SIGCHLD {si_signo=SIGCHLD, si_code=CLD_EXITED, si_pid=9841, si_uid=1001, si_status=0, si_utime=0, si_stime=0} ---
9616  tgkill(9615, 9615, SIGURG)        = 0
9615  --- SIGURG {si_signo=SIGURG, si_code=SI_TKILL, si_pid=9615, si_uid=1001} ---
9858  execve("/opt/hostedtoolcache/go/1.27.1/arm64/pkg/tool/linux_arm64/compile", ["/opt/hostedtoolcache/go/1.27.1/a"..., "-o", "/tmp/go-build3484636357/b020/_pk"..., "-trimpath", "/tmp/go-build3484636357/b020=>", "-p", "internal/runtime/cgroup", "-lang=go1.27", "-std", "-complete", "-buildid", "fPWrLBcDwSFlp2xROnqL/fPWrLBcDwSF"..., "-goversion", "go1.27.1", "-c=4", "-nolocalimports", "-importcfg", "/tmp/go-build3484636357/b020/imp"..., "-pack", "/opt/hostedtoolcache/go/1.27.1/a"..., "/opt/hostedtoolcache/go/1.27.1/a"..., "/opt/hostedtoolcache/go/1.27.1/a"..., "/opt/hostedtoolcache/go/1.27.1/a"...], 0x382e35f8c488 /* 140 vars */ <unfinished ...>
9616  tgkill(9615, 9617, SIGURG)        = 0
9617  <... clone resumed>, parent_tid=[17]) = 9858
9617  --- SIGURG {si_signo=SIGURG, si_code=SI_TKILL, si_pid=9615, si_uid=1001} ---
9858  <... execve resumed>)             = 0
9617  waitid(P_PIDFD, 17,  <unfinished ...>
9849  exit_group(0)                     = ?
9851  +++ exited with 0 +++
9850  +++ exited with 0 +++
9848  +++ exited with 0 +++
9849  +++ exited with 0 +++
9842  +++ exited with 0 +++
9623  <... waitid resumed>{si_signo=SIGCHLD, si_code=CLD_EXITED, si_pid=9842, si_uid=1001, si_status=0, si_utime=0, si_stime=0}, WEXITED, {ru_utime={tv_sec=0, tv_usec=12291}, ru_stime={tv_sec=0, tv_usec=3687}, ...}) = 0
9618  --- SIGCHLD {si_signo=SIGCHLD, si_code=CLD_EXITED, si_pid=9842, si_uid=1001, si_status=0, si_utime=1 /* 0.01 s */, si_stime=0} ---
9852  exit_group(0)                     = ?
9857  +++ exited with 0 +++
9856  +++ exited with 0 +++
9854  +++ exited with 0 +++
9855  +++ exited with 0 +++
9853  +++ exited with 0 +++
9852  +++ exited with 0 +++
9623  --- SIGCHLD {si_signo=SIGCHLD, si_code=CLD_EXITED, si_pid=9852, si_uid=1001, si_status=0, si_utime=0, si_stime=0} ---
9621  <... waitid resumed>{si_signo=SIGCHLD, si_code=CLD_EXITED, si_pid=9852, si_uid=1001, si_status=0, si_utime=0, si_stime=0}, WEXITED, {ru_utime={tv_sec=0, tv_usec=1706}, ru_stime={tv_sec=0, tv_usec=5120}, ...}) = 0
9623  clone(child_stack=NULL, flags=CLONE_VM|CLONE_PIDFD|CLONE_VFORK|SIGCHLD <unfinished ...>
9622  clone(child_stack=NULL, flags=CLONE_VM|CLONE_PIDFD|CLONE_VFORK|SIGCHLD <unfinished ...>
9859  execve("/opt/hostedtoolcache/go/1.27.1/arm64/pkg/tool/linux_arm64/asm", ["/opt/hostedtoolcache/go/1.27.1/a"..., "-p", "internal/runtime/sys", "-trimpath", "/tmp/go-build3484636357/b027=>", "-I", "/tmp/go-build3484636357/b027/", "-I", "/opt/hostedtoolcache/go/1.27.1/a"..., "-D", "GOOS_linux", "-D", "GOARCH_arm64", "-std", "-o", "/tmp/go-build3484636357/b027/emp"..., "/opt/hostedtoolcache/go/1.27.1/a"...], 0x382e35d40908 /* 140 vars */ <unfinished ...>
9623  <... clone resumed>, parent_tid=[15]) = 9859
9859  <... execve resumed>)             = 0
9860  execve("/opt/hostedtoolcache/go/1.27.1/arm64/pkg/tool/linux_arm64/compile", ["/opt/hostedtoolcache/go/1.27.1/a"..., "-o", "/tmp/go-build3484636357/b032/_pk"..., "-trimpath", "/tmp/go-build3484636357/b032=>", "-p", "internal/runtime/math", "-lang=go1.27", "-std", "-complete", "-buildid", "jRxvbwZ8ow1SscA-eUn1/jRxvbwZ8ow1"..., "-goversion", "go1.27.1", "-c=4", "-nolocalimports", "-importcfg", "/tmp/go-build3484636357/b032/imp"..., "-pack", "/opt/hostedtoolcache/go/1.27.1/a"...], 0x382e35f64488 /* 140 vars */ <unfinished ...>
9622  <... clone resumed>, parent_tid=[16]) = 9860
9860  <... execve resumed>)             = 0
9623  waitid(P_PIDFD, 15,  <unfinished ...>
9858  clone(child_stack=0x5a244ebae000, flags=CLONE_VM|CLONE_FS|CLONE_FILES|CLONE_SIGHAND|CLONE_THREAD|CLONE_SYSVSEM <unfinished ...>
9622  waitid(P_PIDFD, 16,  <unfinished ...>
9858  <... clone resumed>)              = 9861
9858  clone(child_stack=0x5a244ebe6000, flags=CLONE_VM|CLONE_FS|CLONE_FILES|CLONE_SIGHAND|CLONE_THREAD|CLONE_SYSVSEM) = 9862
9861  tgkill(9858, 9858, SIGURG)        = 0
9858  clone(child_stack=0x5a244ebe2000, flags=CLONE_VM|CLONE_FS|CLONE_FILES|CLONE_SIGHAND|CLONE_THREAD|CLONE_SYSVSEM) = 9863
9858  --- SIGURG {si_signo=SIGURG, si_code=SI_TKILL, si_pid=9858, si_uid=1001} ---
9862  clone(child_stack=0x5a244ec18000, flags=CLONE_VM|CLONE_FS|CLONE_FILES|CLONE_SIGHAND|CLONE_THREAD|CLONE_SYSVSEM) = 9864
9618  clone(child_stack=NULL, flags=CLONE_VM|CLONE_PIDFD|CLONE_VFORK|SIGCHLD <unfinished ...>
9865  execve("/opt/hostedtoolcache/go/1.27.1/arm64/pkg/tool/linux_arm64/compile", ["/opt/hostedtoolcache/go/1.27.1/a"..., "-o", "/tmp/go-build3484636357/b033/_pk"..., "-trimpath", "/tmp/go-build3484636357/b033=>", "-p", "internal/runtime/pprof/label", "-lang=go1.27", "-std", "-complete", "-buildid", "Adj_DJVn5Gvf5WdIBJyc/Adj_DJVn5Gv"..., "-goversion", "go1.27.1", "-c=4", "-nolocalimports", "-importcfg", "/tmp/go-build3484636357/b033/imp"..., "-pack", "/opt/hostedtoolcache/go/1.27.1/a"...], 0x382e36040488 /* 140 vars */ <unfinished ...>
9618  <... clone resumed>, parent_tid=[14]) = 9865
9865  <... execve resumed>)             = 0
9618  waitid(P_PIDFD, 14,  <unfinished ...>
9859  clone(child_stack=0x179852d78000, flags=CLONE_VM|CLONE_FS|CLONE_FILES|CLONE_SIGHAND|CLONE_THREAD|CLONE_SYSVSEM) = 9866
9859  clone(child_stack=0x179852db0000, flags=CLONE_VM|CLONE_FS|CLONE_FILES|CLONE_SIGHAND|CLONE_THREAD|CLONE_SYSVSEM) = 9867
9866  tgkill(9859, 9859, SIGURG)        = 0
9859  --- SIGURG {si_signo=SIGURG, si_code=SI_TKILL, si_pid=9859, si_uid=1001} ---
9859  clone(child_stack=0x179852dac000, flags=CLONE_VM|CLONE_FS|CLONE_FILES|CLONE_SIGHAND|CLONE_THREAD|CLONE_SYSVSEM) = 9868
9867  clone(child_stack=0x179852e18000, flags=CLONE_VM|CLONE_FS|CLONE_FILES|CLONE_SIGHAND|CLONE_THREAD|CLONE_SYSVSEM) = 9869
9867  clone(child_stack=0x179852e14000, flags=CLONE_VM|CLONE_FS|CLONE_FILES|CLONE_SIGHAND|CLONE_THREAD|CLONE_SYSVSEM) = 9870
9860  clone(child_stack=0x6a37f67fa000, flags=CLONE_VM|CLONE_FS|CLONE_FILES|CLONE_SIGHAND|CLONE_THREAD|CLONE_SYSVSEM) = 9871
9860  clone(child_stack=0x6a37f6832000, flags=CLONE_VM|CLONE_FS|CLONE_FILES|CLONE_SIGHAND|CLONE_THREAD|CLONE_SYSVSEM <unfinished ...>
9871  tgkill(9860, 9860, SIGURG)        = 0
9860  <... clone resumed>)              = 9872
9860  --- SIGURG {si_signo=SIGURG, si_code=SI_TKILL, si_pid=9860, si_uid=1001} ---
9871  tgkill(9860, 9860, SIGURG)        = 0
9860  --- SIGURG {si_signo=SIGURG, si_code=SI_TKILL, si_pid=9860, si_uid=1001} ---
9860  clone(child_stack=0x6a37f682e000, flags=CLONE_VM|CLONE_FS|CLONE_FILES|CLONE_SIGHAND|CLONE_THREAD|CLONE_SYSVSEM) = 9873
9872  clone(child_stack=0x6a37f6898000, flags=CLONE_VM|CLONE_FS|CLONE_FILES|CLONE_SIGHAND|CLONE_THREAD|CLONE_SYSVSEM) = 9874
9860  clone(child_stack=0x6a37f6894000, flags=CLONE_VM|CLONE_FS|CLONE_FILES|CLONE_SIGHAND|CLONE_THREAD|CLONE_SYSVSEM) = 9875
9865  clone(child_stack=0x27869d5a2000, flags=CLONE_VM|CLONE_FS|CLONE_FILES|CLONE_SIGHAND|CLONE_THREAD|CLONE_SYSVSEM) = 9876
9859  exit_group(0)                     = ?
9868  +++ exited with 0 +++
9869  +++ exited with 0 +++
9866  +++ exited with 0 +++
9867  +++ exited with 0 +++
9870  +++ exited with 0 +++
9859  +++ exited with 0 +++
9623  <... waitid resumed>{si_signo=SIGCHLD, si_code=CLD_EXITED, si_pid=9859, si_uid=1001, si_status=0, si_utime=0, si_stime=0}, WEXITED, {ru_utime={tv_sec=0, tv_usec=2685}, ru_stime={tv_sec=0, tv_usec=4028}, ...}) = 0
9623  --- SIGCHLD {si_signo=SIGCHLD, si_code=CLD_EXITED, si_pid=9859, si_uid=1001, si_status=0, si_utime=0, si_stime=0} ---
9865  clone(child_stack=0x27869d5da000, flags=CLONE_VM|CLONE_FS|CLONE_FILES|CLONE_SIGHAND|CLONE_THREAD|CLONE_SYSVSEM <unfinished ...>
9876  tgkill(9865, 9865, SIGURG)        = 0
9865  <... clone resumed>)              = 9877
9865  --- SIGURG {si_signo=SIGURG, si_code=SI_TKILL, si_pid=9865, si_uid=1001} ---
9876  tgkill(9865, 9865, SIGURG <unfinished ...>
9865  clone(child_stack=0x27869d5d6000, flags=CLONE_VM|CLONE_FS|CLONE_FILES|CLONE_SIGHAND|CLONE_THREAD|CLONE_SYSVSEM <unfinished ...>
9876  <... tgkill resumed>)             = 0
9865  <... clone resumed>)              = 9878
9865  --- SIGURG {si_signo=SIGURG, si_code=SI_TKILL, si_pid=9865, si_uid=1001} ---
9861  tgkill(9858, 9863, SIGURG <unfinished ...>
9877  clone(child_stack=0x27869d618000, flags=CLONE_VM|CLONE_FS|CLONE_FILES|CLONE_SIGHAND|CLONE_THREAD|CLONE_SYSVSEM <unfinished ...>
9863  --- SIGURG {si_signo=SIGURG, si_code=SI_TKILL, si_pid=9858, si_uid=1001} ---
9861  <... tgkill resumed>)             = 0
9877  <... clone resumed>)              = 9879
9879  clone(child_stack=0x27869d614000, flags=CLONE_VM|CLONE_FS|CLONE_FILES|CLONE_SIGHAND|CLONE_THREAD|CLONE_SYSVSEM) = 9880
9620  clone(child_stack=NULL, flags=CLONE_VM|CLONE_PIDFD|CLONE_VFORK|SIGCHLD <unfinished ...>
9881  execve("/opt/hostedtoolcache/go/1.27.1/arm64/pkg/tool/linux_arm64/compile", ["/opt/hostedtoolcache/go/1.27.1/a"..., "-o", "/tmp/go-build3484636357/b026/_pk"..., "-trimpath", "/tmp/go-build3484636357/b026=>", "-p", "internal/runtime/gc/scan", "-lang=go1.27", "-std", "-complete", "-buildid", "zkpOBZqegb5IqM6Y0vM2/zkpOBZqegb5"..., "-goversion", "go1.27.1", "-c=4", "-nolocalimports", "-importcfg", "/tmp/go-build3484636357/b026/imp"..., "-pack", "/opt/hostedtoolcache/go/1.27.1/a"..., "/opt/hostedtoolcache/go/1.27.1/a"..., "/opt/hostedtoolcache/go/1.27.1/a"..., "/opt/hostedtoolcache/go/1.27.1/a"..., "/opt/hostedtoolcache/go/1.27.1/a"...], 0x382e35f8c908 /* 140 vars */ <unfinished ...>
9620  <... clone resumed>, parent_tid=[15]) = 9881
9881  <... execve resumed>)             = 0
9620  waitid(P_PIDFD, 15,  <unfinished ...>
9872  exit_group(0)                     = ?
9875  +++ exited with 0 +++
9874  +++ exited with 0 +++
9871  +++ exited with 0 +++
9873  +++ exited with 0 +++
9872  +++ exited with 0 +++
9860  +++ exited with 0 +++
9623  --- SIGCHLD {si_signo=SIGCHLD, si_code=CLD_EXITED, si_pid=9860, si_uid=1001, si_status=0, si_utime=0, si_stime=0} ---
9622  <... waitid resumed>{si_signo=SIGCHLD, si_code=CLD_EXITED, si_pid=9860, si_uid=1001, si_status=0, si_utime=0, si_stime=0}, WEXITED, {ru_utime={tv_sec=0, tv_usec=9596}, ru_stime={tv_sec=0, tv_usec=3598}, ...}) = 0
9861  tgkill(9858, 9863, SIGURG <unfinished ...>
9863  --- SIGURG {si_signo=SIGURG, si_code=SI_TKILL, si_pid=9858, si_uid=1001} ---
9861  <... tgkill resumed>)             = 0
9880  exit_group(0)                     = ?
9880  +++ exited with 0 +++
9879  +++ exited with 0 +++
9877  +++ exited with 0 +++
9876  +++ exited with 0 +++
9878  +++ exited with 0 +++
9865  +++ exited with 0 +++
9618  <... waitid resumed>{si_signo=SIGCHLD, si_code=CLD_EXITED, si_pid=9865, si_uid=1001, si_status=0, si_utime=0, si_stime=0}, WEXITED, {ru_utime={tv_sec=0, tv_usec=6493}, ru_stime={tv_sec=0, tv_usec=6493}, ...}) = 0
9623  --- SIGCHLD {si_signo=SIGCHLD, si_code=CLD_EXITED, si_pid=9865, si_uid=1001, si_status=0, si_utime=0, si_stime=0} ---
9881  clone(child_stack=0x664bac986000, flags=CLONE_VM|CLONE_FS|CLONE_FILES|CLONE_SIGHAND|CLONE_THREAD|CLONE_SYSVSEM) = 9882
9882  tgkill(9881, 9881, SIGURG)        = 0
9881  clone(child_stack=0x664bac9be000, flags=CLONE_VM|CLONE_FS|CLONE_FILES|CLONE_SIGHAND|CLONE_THREAD|CLONE_SYSVSEM) = 9883
9881  --- SIGURG {si_signo=SIGURG, si_code=SI_TKILL, si_pid=9881, si_uid=1001} ---
9881  clone(child_stack=0x664bac9ba000, flags=CLONE_VM|CLONE_FS|CLONE_FILES|CLONE_SIGHAND|CLONE_THREAD|CLONE_SYSVSEM) = 9884
9883  clone(child_stack=0x664baca18000, flags=CLONE_VM|CLONE_FS|CLONE_FILES|CLONE_SIGHAND|CLONE_THREAD|CLONE_SYSVSEM) = 9885
9622  tgkill(9615, 9623, SIGURG)        = 0
9623  --- SIGURG {si_signo=SIGURG, si_code=SI_TKILL, si_pid=9615, si_uid=1001} ---
9622  tgkill(9615, 9619, SIGURG)        = 0
9619  --- SIGURG {si_signo=SIGURG, si_code=SI_TKILL, si_pid=9615, si_uid=1001} ---
9864  exit_group(0)                     = ?
9863  +++ exited with 0 +++
9862  +++ exited with 0 +++
9864  +++ exited with 0 +++
9861  +++ exited with 0 +++
9858  +++ exited with 0 +++
9618  --- SIGCHLD {si_signo=SIGCHLD, si_code=CLD_EXITED, si_pid=9858, si_uid=1001, si_status=0, si_utime=3 /* 0.03 s */, si_stime=1 /* 0.01 s */} ---
9617  <... waitid resumed>{si_signo=SIGCHLD, si_code=CLD_EXITED, si_pid=9858, si_uid=1001, si_status=0, si_utime=0, si_stime=0}, WEXITED, {ru_utime={tv_sec=0, tv_usec=31544}, ru_stime={tv_sec=0, tv_usec=10843}, ...}) = 0
9623  clone(child_stack=NULL, flags=CLONE_VM|CLONE_PIDFD|CLONE_VFORK|SIGCHLD <unfinished ...>
9886  execve("/opt/hostedtoolcache/go/1.27.1/arm64/pkg/tool/linux_arm64/compile", ["/opt/hostedtoolcache/go/1.27.1/a"..., "-o", "/tmp/go-build3484636357/b034/_pk"..., "-trimpath", "/tmp/go-build3484636357/b034=>", "-p", "internal/stringslite", "-lang=go1.27", "-std", "-complete", "-buildid", "nh9V4i7_c_-njGoAxDGl/nh9V4i7_c_-"..., "-goversion", "go1.27.1", "-c=4", "-nolocalimports", "-importcfg", "/tmp/go-build3484636357/b034/imp"..., "-pack", "/opt/hostedtoolcache/go/1.27.1/a"...], 0x382e35f64488 /* 140 vars */ <unfinished ...>
9623  <... clone resumed>, parent_tid=[16]) = 9886
9886  <... execve resumed>)             = 0
9623  waitid(P_PIDFD, 16,  <unfinished ...>
9619  clone(child_stack=NULL, flags=CLONE_VM|CLONE_PIDFD|CLONE_VFORK|SIGCHLD <unfinished ...>
9887  execve("/opt/hostedtoolcache/go/1.27.1/arm64/pkg/tool/linux_arm64/asm", ["/opt/hostedtoolcache/go/1.27.1/a"..., "-p", "internal/runtime/maps", "-trimpath", "/tmp/go-build3484636357/b028=>", "-I", "/tmp/go-build3484636357/b028/", "-I", "/opt/hostedtoolcache/go/1.27.1/a"..., "-D", "GOOS_linux", "-D", "GOARCH_arm64", "-std", "-gensymabis", "-o", "/tmp/go-build3484636357/b028/sym"..., "/opt/hostedtoolcache/go/1.27.1/a"...], 0x382e35d40908 /* 140 vars */ <unfinished ...>
9619  <... clone resumed>, parent_tid=[8]) = 9887
9887  <... execve resumed>)             = 0
9619  waitid(P_PIDFD, 8,  <unfinished ...>
9882  tgkill(9881, 9881, SIGURG)        = 0
9881  --- SIGURG {si_signo=SIGURG, si_code=SI_TKILL, si_pid=9881, si_uid=1001} ---
9886  clone(child_stack=0x176fcda9e000, flags=CLONE_VM|CLONE_FS|CLONE_FILES|CLONE_SIGHAND|CLONE_THREAD|CLONE_SYSVSEM <unfinished ...>
9618  clone(child_stack=NULL, flags=CLONE_VM|CLONE_PIDFD|CLONE_VFORK|SIGCHLD <unfinished ...>
9886  <... clone resumed>)              = 9888
9886  clone(child_stack=0x176fcdad6000, flags=CLONE_VM|CLONE_FS|CLONE_FILES|CLONE_SIGHAND|CLONE_THREAD|CLONE_SYSVSEM) = 9890
9888  tgkill(9886, 9886, SIGURG)        = 0
9886  clone(child_stack=0x176fcdad2000, flags=CLONE_VM|CLONE_FS|CLONE_FILES|CLONE_SIGHAND|CLONE_THREAD|CLONE_SYSVSEM) = 9891
9886  --- SIGURG {si_signo=SIGURG, si_code=SI_TKILL, si_pid=9886, si_uid=1001} ---
9890  clone(child_stack=0x176fcdb18000, flags=CLONE_VM|CLONE_FS|CLONE_FILES|CLONE_SIGHAND|CLONE_THREAD|CLONE_SYSVSEM) = 9892
9885  exit_group(0)                     = ?
9884  +++ exited with 0 +++
9883  +++ exited with 0 +++
9882  +++ exited with 0 +++
9889  execve("/opt/hostedtoolcache/go/1.27.1/arm64/pkg/tool/linux_arm64/compile", ["/opt/hostedtoolcache/go/1.27.1/a"..., "-o", "/tmp/go-build3484636357/b035/_pk"..., "-trimpath", "/tmp/go-build3484636357/b035=>", "-p", "internal/trace/tracev2", "-lang=go1.27", "-std", "-complete", "-buildid", "aU_jM6nXvPz_haFRjyVo/aU_jM6nXvPz"..., "-goversion", "go1.27.1", "-c=4", "-nolocalimports", "-importcfg", "/tmp/go-build3484636357/b035/imp"..., "-pack", "/opt/hostedtoolcache/go/1.27.1/a"..., "/opt/hostedtoolcache/go/1.27.1/a"..., "/opt/hostedtoolcache/go/1.27.1/a"...], 0x382e36040488 /* 140 vars */ <unfinished ...>
9618  <... clone resumed>, parent_tid=[18]) = 9889
9889  <... execve resumed>)             = 0
9618  waitid(P_PIDFD, 18,  <unfinished ...>
9885  +++ exited with 0 +++
9881  +++ exited with 0 +++
9620  <... waitid resumed>{si_signo=SIGCHLD, si_code=CLD_EXITED, si_pid=9881, si_uid=1001, si_status=0, si_utime=0, si_stime=0}, WEXITED, {ru_utime={tv_sec=0, tv_usec=12879}, ru_stime={tv_sec=0, tv_usec=10733}, ...}) = 0
9620  --- SIGCHLD {si_signo=SIGCHLD, si_code=CLD_EXITED, si_pid=9881, si_uid=1001, si_status=0, si_utime=1 /* 0.01 s */, si_stime=1 /* 0.01 s */} ---
9616  tgkill(9615, 9620, SIGURG)        = 0
9620  --- SIGURG {si_signo=SIGURG, si_code=SI_TKILL, si_pid=9615, si_uid=1001} ---
9887  clone(child_stack=0x19a480086000, flags=CLONE_VM|CLONE_FS|CLONE_FILES|CLONE_SIGHAND|CLONE_THREAD|CLONE_SYSVSEM) = 9893
9887  clone(child_stack=0x19a4800be000, flags=CLONE_VM|CLONE_FS|CLONE_FILES|CLONE_SIGHAND|CLONE_THREAD|CLONE_SYSVSEM) = 9894
9887  clone(child_stack=0x19a4800ba000, flags=CLONE_VM|CLONE_FS|CLONE_FILES|CLONE_SIGHAND|CLONE_THREAD|CLONE_SYSVSEM) = 9895
9894  clone(child_stack=0x19a480118000, flags=CLONE_VM|CLONE_FS|CLONE_FILES|CLONE_SIGHAND|CLONE_THREAD|CLONE_SYSVSEM) = 9896
9893  tgkill(9887, 9895, SIGURG)        = 0
9895  --- SIGURG {si_signo=SIGURG, si_code=SI_TKILL, si_pid=9887, si_uid=1001} ---
9889  clone(child_stack=0x3c5f4e330000, flags=CLONE_VM|CLONE_FS|CLONE_FILES|CLONE_SIGHAND|CLONE_THREAD|CLONE_SYSVSEM) = 9897
9889  clone(child_stack=0x3c5f4e368000, flags=CLONE_VM|CLONE_FS|CLONE_FILES|CLONE_SIGHAND|CLONE_THREAD|CLONE_SYSVSEM) = 9898
9897  tgkill(9889, 9889, SIGURG)        = 0
9889  --- SIGURG {si_signo=SIGURG, si_code=SI_TKILL, si_pid=9889, si_uid=1001} ---
9889  clone(child_stack=0x3c5f4e364000, flags=CLONE_VM|CLONE_FS|CLONE_FILES|CLONE_SIGHAND|CLONE_THREAD|CLONE_SYSVSEM <unfinished ...>
9898  clone(child_stack=0x3c5f4e398000, flags=CLONE_VM|CLONE_FS|CLONE_FILES|CLONE_SIGHAND|CLONE_THREAD|CLONE_SYSVSEM <unfinished ...>
9889  <... clone resumed>)              = 9899
9898  <... clone resumed>)              = 9900
9620  clone(child_stack=NULL, flags=CLONE_VM|CLONE_PIDFD|CLONE_VFORK|SIGCHLD <unfinished ...>
9897  tgkill(9889, 9889, SIGURG)        = 0
9889  --- SIGURG {si_signo=SIGURG, si_code=SI_TKILL, si_pid=9889, si_uid=1001} ---
9901  execve("/opt/hostedtoolcache/go/1.27.1/arm64/pkg/tool/linux_arm64/compile", ["/opt/hostedtoolcache/go/1.27.1/a"..., "-o", "/tmp/go-build3484636357/b037/_pk"..., "-trimpath", "/tmp/go-build3484636357/b037=>", "-p", "cmp", "-lang=go1.27", "-std", "-complete", "-buildid", "Z3JmRfg9H-Z-PQxOBQlM/Z3JmRfg9H-Z"..., "-goversion", "go1.27.1", "-c=4", "-nolocalimports", "-importcfg", "/tmp/go-build3484636357/b037/imp"..., "-pack", "/opt/hostedtoolcache/go/1.27.1/a"...], 0x382e35d40d88 /* 140 vars */ <unfinished ...>
9888  tgkill(9886, 9886, SIGURG)        = 0
9620  <... clone resumed>, parent_tid=[17]) = 9901
9886  --- SIGURG {si_signo=SIGURG, si_code=SI_TKILL, si_pid=9886, si_uid=1001} ---
9901  <... execve resumed>)             = 0
9620  waitid(P_PIDFD, 17,  <unfinished ...>
9887  exit_group(0)                     = ?
9895  +++ exited with 0 +++
9894  +++ exited with 0 +++
9896  +++ exited with 0 +++
9893  +++ exited with 0 +++
9887  +++ exited with 0 +++
9619  <... waitid resumed>{si_signo=SIGCHLD, si_code=CLD_EXITED, si_pid=9887, si_uid=1001, si_status=0, si_utime=0, si_stime=0}, WEXITED, {ru_utime={tv_sec=0, tv_usec=879}, ru_stime={tv_sec=0, tv_usec=6153}, ...}) = 0
9617  --- SIGCHLD {si_signo=SIGCHLD, si_code=CLD_EXITED, si_pid=9887, si_uid=1001, si_status=0, si_utime=0, si_stime=0} ---
9617  clone(child_stack=NULL, flags=CLONE_VM|CLONE_PIDFD|CLONE_VFORK|SIGCHLD <unfinished ...>
9891  exit_group(0)                     = ?
9891  +++ exited with 0 +++
9888  +++ exited with 0 +++
9892  +++ exited with 0 +++
9890  +++ exited with 0 +++
9886  +++ exited with 0 +++
9623  <... waitid resumed>{si_signo=SIGCHLD, si_code=CLD_EXITED, si_pid=9886, si_uid=1001, si_status=0, si_utime=0, si_stime=0}, WEXITED, {ru_utime={tv_sec=0, tv_usec=17017}, ru_stime={tv_sec=0, tv_usec=4727}, ...}) = 0
9623  --- SIGCHLD {si_signo=SIGCHLD, si_code=CLD_EXITED, si_pid=9886, si_uid=1001, si_status=0, si_utime=1 /* 0.01 s */, si_stime=0} ---
9902  execve("/opt/hostedtoolcache/go/1.27.1/arm64/pkg/tool/linux_arm64/compile", ["/opt/hostedtoolcache/go/1.27.1/a"..., "-o", "/tmp/go-build3484636357/b028/_pk"..., "-trimpath", "/tmp/go-build3484636357/b028=>", "-p", "internal/runtime/maps", "-lang=go1.27", "-std", "-buildid", "CQsqIBuTjDIlU_tISVn6/CQsqIBuTjDI"..., "-goversion", "go1.27.1", "-symabis", "/tmp/go-build3484636357/b028/sym"..., "-c=4", "-nolocalimports", "-importcfg", "/tmp/go-build3484636357/b028/imp"..., "-pack", "-asmhdr", "/tmp/go-build3484636357/b028/go_"..., "/opt/hostedtoolcache/go/1.27.1/a"..., "/opt/hostedtoolcache/go/1.27.1/a"..., "/opt/hostedtoolcache/go/1.27.1/a"..., "/opt/hostedtoolcache/go/1.27.1/a"..., "/opt/hostedtoolcache/go/1.27.1/a"..., "/opt/hostedtoolcache/go/1.27.1/a"..., "/opt/hostedtoolcache/go/1.27.1/a"..., "/opt/hostedtoolcache/go/1.27.1/a"..., "/opt/hostedtoolcache/go/1.27.1/a"..., "/opt/hostedtoolcache/go/1.27.1/a"..., ...], 0x382e35f8c488 /* 140 vars */ <unfinished ...>
9617  <... clone resumed>, parent_tid=[15]) = 9902
9902  <... execve resumed>)             = 0
9617  waitid(P_PIDFD, 15,  <unfinished ...>
9901  clone(child_stack=0xe506656e000, flags=CLONE_VM|CLONE_FS|CLONE_FILES|CLONE_SIGHAND|CLONE_THREAD|CLONE_SYSVSEM) = 9903
9901  clone(child_stack=0xe50665a6000, flags=CLONE_VM|CLONE_FS|CLONE_FILES|CLONE_SIGHAND|CLONE_THREAD|CLONE_SYSVSEM) = 9904
9901  clone(child_stack=0xe50665a2000, flags=CLONE_VM|CLONE_FS|CLONE_FILES|CLONE_SIGHAND|CLONE_THREAD|CLONE_SYSVSEM) = 9905
9904  clone(child_stack=0xe5066618000, flags=CLONE_VM|CLONE_FS|CLONE_FILES|CLONE_SIGHAND|CLONE_THREAD|CLONE_SYSVSEM) = 9906
9902  clone(child_stack=0x71f80d818000, flags=CLONE_VM|CLONE_FS|CLONE_FILES|CLONE_SIGHAND|CLONE_THREAD|CLONE_SYSVSEM) = 9907
9902  clone(child_stack=0x71f80d850000, flags=CLONE_VM|CLONE_FS|CLONE_FILES|CLONE_SIGHAND|CLONE_THREAD|CLONE_SYSVSEM) = 9908
9902  clone(child_stack=0x71f80d84c000, flags=CLONE_VM|CLONE_FS|CLONE_FILES|CLONE_SIGHAND|CLONE_THREAD|CLONE_SYSVSEM) = 9909
9908  clone(child_stack=0x71f80d898000, flags=CLONE_VM|CLONE_FS|CLONE_FILES|CLONE_SIGHAND|CLONE_THREAD|CLONE_SYSVSEM) = 9910
9899  exit_group(0 <unfinished ...>
9615  clone(child_stack=0x382e35e14000, flags=CLONE_VM|CLONE_FS|CLONE_FILES|CLONE_SIGHAND|CLONE_THREAD|CLONE_SYSVSEM <unfinished ...>
9899  <... exit_group resumed>)         = ?
9899  +++ exited with 0 +++
9898  +++ exited with 0 +++
9897  +++ exited with 0 +++
9615  <... clone resumed>)              = 9911
9900  +++ exited with 0 +++
9889  +++ exited with 0 +++
9618  <... waitid resumed>{si_signo=SIGCHLD, si_code=CLD_EXITED, si_pid=9889, si_uid=1001, si_status=0, si_utime=0, si_stime=0}, WEXITED, {ru_utime={tv_sec=0, tv_usec=15097}, ru_stime={tv_sec=0, tv_usec=6968}, ...}) = 0
9623  --- SIGCHLD {si_signo=SIGCHLD, si_code=CLD_EXITED, si_pid=9889, si_uid=1001, si_status=0, si_utime=1 /* 0.01 s */, si_stime=0} ---
9903  tgkill(9901, 9901, SIGURG)        = 0
9901  --- SIGURG {si_signo=SIGURG, si_code=SI_TKILL, si_pid=9901, si_uid=1001} ---
9615  tgkill(9615, 9622, SIGURG <unfinished ...>
9622  --- SIGURG {si_signo=SIGURG, si_code=SI_TKILL, si_pid=9615, si_uid=1001} ---
9615  <... tgkill resumed>)             = 0
9907  clone(child_stack=0x71f80dc44000, flags=CLONE_VM|CLONE_FS|CLONE_FILES|CLONE_SIGHAND|CLONE_THREAD|CLONE_SYSVSEM) = 9912
9904  exit_group(0)                     = ?
9906  +++ exited with 0 +++
9905  +++ exited with 0 +++
9904  +++ exited with 0 +++
9903  +++ exited with 0 +++
9901  +++ exited with 0 +++
9618  --- SIGCHLD {si_signo=SIGCHLD, si_code=CLD_EXITED, si_pid=9901, si_uid=1001, si_status=0, si_utime=0, si_stime=0} ---
9620  <... waitid resumed>{si_signo=SIGCHLD, si_code=CLD_EXITED, si_pid=9901, si_uid=1001, si_status=0, si_utime=0, si_stime=0}, WEXITED, {ru_utime={tv_sec=0, tv_usec=6432}, ru_stime={tv_sec=0, tv_usec=4824}, ...}) = 0
9618  clone(child_stack=NULL, flags=CLONE_VM|CLONE_PIDFD|CLONE_VFORK|SIGCHLD <unfinished ...>
9911  clone(child_stack=NULL, flags=CLONE_VM|CLONE_PIDFD|CLONE_VFORK|SIGCHLD <unfinished ...>
9913  execve("/opt/hostedtoolcache/go/1.27.1/arm64/pkg/tool/linux_arm64/compile", ["/opt/hostedtoolcache/go/1.27.1/a"..., "-o", "/tmp/go-build3484636357/b042/_pk"..., "-trimpath", "/tmp/go-build3484636357/b042=>", "-p", "unicode/utf8", "-lang=go1.27", "-std", "-complete", "-buildid", "s1yLYlbI-aHsaTN15vbA/s1yLYlbI-aH"..., "-goversion", "go1.27.1", "-c=4", "-nolocalimports", "-importcfg", "/tmp/go-build3484636357/b042/imp"..., "-pack", "/opt/hostedtoolcache/go/1.27.1/a"...], 0x382e35f64488 /* 140 vars */ <unfinished ...>
9618  <... clone resumed>, parent_tid=[10]) = 9913
9913  <... execve resumed>)             = 0
9914  execve("/opt/hostedtoolcache/go/1.27.1/arm64/pkg/tool/linux_arm64/asm", ["/opt/hostedtoolcache/go/1.27.1/a"..., "-p", "sync/atomic", "-trimpath", "/tmp/go-build3484636357/b045=>", "-I", "/tmp/go-build3484636357/b045/", "-I", "/opt/hostedtoolcache/go/1.27.1/a"..., "-D", "GOOS_linux", "-D", "GOARCH_arm64", "-std", "-gensymabis", "-o", "/tmp/go-build3484636357/b045/sym"..., "/opt/hostedtoolcache/go/1.27.1/a"...], 0x382e35d40908 /* 140 vars */ <unfinished ...>
9911  <... clone resumed>, parent_tid=[21]) = 9914
9914  <... execve resumed>)             = 0
9618  waitid(P_PIDFD, 10,  <unfinished ...>
9911  waitid(P_PIDFD, 21,  <unfinished ...>
9907  tgkill(9902, 9902, SIGURG)        = 0
9902  --- SIGURG {si_signo=SIGURG, si_code=SI_TKILL, si_pid=9902, si_uid=1001} ---
9913  clone(child_stack=0x7ef70d4a4000, flags=CLONE_VM|CLONE_FS|CLONE_FILES|CLONE_SIGHAND|CLONE_THREAD|CLONE_SYSVSEM) = 9915
9913  clone(child_stack=0x7ef70d4dc000, flags=CLONE_VM|CLONE_FS|CLONE_FILES|CLONE_SIGHAND|CLONE_THREAD|CLONE_SYSVSEM) = 9916
9913  clone(child_stack=0x7ef70d4d8000, flags=CLONE_VM|CLONE_FS|CLONE_FILES|CLONE_SIGHAND|CLONE_THREAD|CLONE_SYSVSEM) = 9917
9916  clone(child_stack=0x7ef70d518000, flags=CLONE_VM|CLONE_FS|CLONE_FILES|CLONE_SIGHAND|CLONE_THREAD|CLONE_SYSVSEM) = 9918
9615  tgkill(9615, 9621, SIGURG)        = 0
9621  --- SIGURG {si_signo=SIGURG, si_code=SI_TKILL, si_pid=9615, si_uid=1001} ---
9914  clone(child_stack=0xf4dde15a000, flags=CLONE_VM|CLONE_FS|CLONE_FILES|CLONE_SIGHAND|CLONE_THREAD|CLONE_SYSVSEM) = 9919
9914  clone(child_stack=0xf4dde192000, flags=CLONE_VM|CLONE_FS|CLONE_FILES|CLONE_SIGHAND|CLONE_THREAD|CLONE_SYSVSEM) = 9920
9919  tgkill(9914, 9914, SIGURG)        = 0
9914  clone(child_stack=0xf4dde18e000, flags=CLONE_VM|CLONE_FS|CLONE_FILES|CLONE_SIGHAND|CLONE_THREAD|CLONE_SYSVSEM) = 9921
9621  clone(child_stack=NULL, flags=CLONE_VM|CLONE_PIDFD|CLONE_VFORK|SIGCHLD <unfinished ...>
9914  --- SIGURG {si_signo=SIGURG, si_code=SI_TKILL, si_pid=9914, si_uid=1001} ---
9922  execve("/opt/hostedtoolcache/go/1.27.1/arm64/pkg/tool/linux_arm64/asm", ["/opt/hostedtoolcache/go/1.27.1/a"..., "-p", "math", "-trimpath", "/tmp/go-build3484636357/b040=>", "-I", "/tmp/go-build3484636357/b040/", "-I", "/opt/hostedtoolcache/go/1.27.1/a"..., "-D", "GOOS_linux", "-D", "GOARCH_arm64", "-std", "-gensymabis", "-o", "/tmp/go-build3484636357/b040/sym"..., "/opt/hostedtoolcache/go/1.27.1/a"..., "/opt/hostedtoolcache/go/1.27.1/a"..., "/opt/hostedtoolcache/go/1.27.1/a"...], 0x382e35f64488 /* 140 vars */ <unfinished ...>
9621  <... clone resumed>, parent_tid=[16]) = 9922
9922  <... execve resumed>)             = 0
9920  clone(child_stack=0xf4dde218000, flags=CLONE_VM|CLONE_FS|CLONE_FILES|CLONE_SIGHAND|CLONE_THREAD|CLONE_SYSVSEM) = 9923
9621  waitid(P_PIDFD, 16,  <unfinished ...>
9914  clone(child_stack=0xf4dde214000, flags=CLONE_VM|CLONE_FS|CLONE_FILES|CLONE_SIGHAND|CLONE_THREAD|CLONE_SYSVSEM) = 9924
9922  clone(child_stack=0x617328e36000, flags=CLONE_VM|CLONE_FS|CLONE_FILES|CLONE_SIGHAND|CLONE_THREAD|CLONE_SYSVSEM) = 9925
9922  clone(child_stack=0x617328e6e000, flags=CLONE_VM|CLONE_FS|CLONE_FILES|CLONE_SIGHAND|CLONE_THREAD|CLONE_SYSVSEM) = 9926
9922  clone(child_stack=0x617328e6a000, flags=CLONE_VM|CLONE_FS|CLONE_FILES|CLONE_SIGHAND|CLONE_THREAD|CLONE_SYSVSEM) = 9927
9926  clone(child_stack=0x617328e98000, flags=CLONE_VM|CLONE_FS|CLONE_FILES|CLONE_SIGHAND|CLONE_THREAD|CLONE_SYSVSEM) = 9928
9925  tgkill(9922, 9922, SIGURG)        = 0
9922  --- SIGURG {si_signo=SIGURG, si_code=SI_TKILL, si_pid=9922, si_uid=1001} ---
9914  exit_group(0)                     = ?
9920  +++ exited with 0 +++
9919  +++ exited with 0 +++
9924  +++ exited with 0 +++
9923  +++ exited with 0 +++
9921  +++ exited with 0 +++
9914  +++ exited with 0 +++
9911  <... waitid resumed>{si_signo=SIGCHLD, si_code=CLD_EXITED, si_pid=9914, si_uid=1001, si_status=0, si_utime=0, si_stime=0}, WEXITED, {ru_utime={tv_sec=0, tv_usec=0}, ru_stime={tv_sec=0, tv_usec=6530}, ...}) = 0
9620  --- SIGCHLD {si_signo=SIGCHLD, si_code=CLD_EXITED, si_pid=9914, si_uid=1001, si_status=0, si_utime=0, si_stime=0} ---
9907  tgkill(9902, 9910, SIGURG)        = 0
9910  --- SIGURG {si_signo=SIGURG, si_code=SI_TKILL, si_pid=9902, si_uid=1001} ---
9915  tgkill(9913, 9913, SIGURG)        = 0
9913  --- SIGURG {si_signo=SIGURG, si_code=SI_TKILL, si_pid=9913, si_uid=1001} ---
9928  exit_group(0)                     = ?
9925  +++ exited with 0 +++
9927  +++ exited with 0 +++
9928  +++ exited with 0 +++
9926  +++ exited with 0 +++
9922  +++ exited with 0 +++
9621  <... waitid resumed>{si_signo=SIGCHLD, si_code=CLD_EXITED, si_pid=9922, si_uid=1001, si_status=0, si_utime=0, si_stime=0}, WEXITED, {ru_utime={tv_sec=0, tv_usec=0}, ru_stime={tv_sec=0, tv_usec=5347}, ...}) = 0
9620  --- SIGCHLD {si_signo=SIGCHLD, si_code=CLD_EXITED, si_pid=9922, si_uid=1001, si_status=0, si_utime=0, si_stime=0} ---
9620  clone(child_stack=NULL, flags=CLONE_VM|CLONE_PIDFD|CLONE_VFORK|SIGCHLD <unfinished ...>
9929  execve("/opt/hostedtoolcache/go/1.27.1/arm64/pkg/tool/linux_arm64/compile", ["/opt/hostedtoolcache/go/1.27.1/a"..., "-o", "/tmp/go-build3484636357/b045/_pk"..., "-trimpath", "/tmp/go-build3484636357/b045=>", "-p", "sync/atomic", "-lang=go1.27", "-std", "-buildid", "JGUF4K_ysLjx-Ruoda01/JGUF4K_ysLj"..., "-goversion", "go1.27.1", "-symabis", "/tmp/go-build3484636357/b045/sym"..., "-c=4", "-nolocalimports", "-importcfg", "/tmp/go-build3484636357/b045/imp"..., "-pack", "-asmhdr", "/tmp/go-build3484636357/b045/go_"..., "/opt/hostedtoolcache/go/1.27.1/a"..., "/opt/hostedtoolcache/go/1.27.1/a"..., "/opt/hostedtoolcache/go/1.27.1/a"..., "/opt/hostedtoolcache/go/1.27.1/a"...], 0x382e35f65b08 /* 140 vars */ <unfinished ...>
9620  <... clone resumed>, parent_tid=[9]) = 9929
9929  <... execve resumed>)             = 0
9620  waitid(P_PIDFD, 9,  <unfinished ...>
9621  clone(child_stack=NULL, flags=CLONE_VM|CLONE_PIDFD|CLONE_VFORK|SIGCHLD <unfinished ...>
9929  clone(child_stack=0x73e8857da000, flags=CLONE_VM|CLONE_FS|CLONE_FILES|CLONE_SIGHAND|CLONE_THREAD|CLONE_SYSVSEM) = 9931
9929  clone(child_stack=0x73e885812000, flags=CLONE_VM|CLONE_FS|CLONE_FILES|CLONE_SIGHAND|CLONE_THREAD|CLONE_SYSVSEM) = 9932
9929  clone(child_stack=0x73e88580e000, flags=CLONE_VM|CLONE_FS|CLONE_FILES|CLONE_SIGHAND|CLONE_THREAD|CLONE_SYSVSEM) = 9933
9930  execve("/opt/hostedtoolcache/go/1.27.1/arm64/pkg/tool/linux_arm64/compile", ["/opt/hostedtoolcache/go/1.27.1/a"..., "-o", "/tmp/go-build3484636357/b040/_pk"..., "-trimpath", "/tmp/go-build3484636357/b040=>", "-p", "math", "-lang=go1.27", "-std", "-buildid", "8X5WVBTqImLjj3PxSZIw/8X5WVBTqImL"..., "-goversion", "go1.27.1", "-symabis", "/tmp/go-build3484636357/b040/sym"..., "-c=4", "-nolocalimports", "-importcfg", "/tmp/go-build3484636357/b040/imp"..., "-pack", "-asmhdr", "/tmp/go-build3484636357/b040/go_"..., "/opt/hostedtoolcache/go/1.27.1/a"..., "/opt/hostedtoolcache/go/1.27.1/a"..., "/opt/hostedtoolcache/go/1.27.1/a"..., "/opt/hostedtoolcache/go/1.27.1/a"..., "/opt/hostedtoolcache/go/1.27.1/a"..., "/opt/hostedtoolcache/go/1.27.1/a"..., "/opt/hostedtoolcache/go/1.27.1/a"..., "/opt/hostedtoolcache/go/1.27.1/a"..., "/opt/hostedtoolcache/go/1.27.1/a"..., "/opt/hostedtoolcache/go/1.27.1/a"..., ...], 0x382e35d41208 /* 140 vars */ <unfinished ...>
9621  <... clone resumed>, parent_tid=[18]) = 9930
9930  <... execve resumed>)             = 0
9621  waitid(P_PIDFD, 18,  <unfinished ...>
9933  clone(child_stack=0x73e88585e000, flags=CLONE_VM|CLONE_FS|CLONE_FILES|CLONE_SIGHAND|CLONE_THREAD|CLONE_SYSVSEM) = 9934
9931  clone(child_stack=0x73e885b7e000, flags=CLONE_VM|CLONE_FS|CLONE_FILES|CLONE_SIGHAND|CLONE_THREAD|CLONE_SYSVSEM) = 9935
9918  exit_group(0)                     = ?
9918  +++ exited with 0 +++
9917  +++ exited with 0 +++
9916  +++ exited with 0 +++
9915  +++ exited with 0 +++
9930  clone(child_stack=0x3626ce056000, flags=CLONE_VM|CLONE_FS|CLONE_FILES|CLONE_SIGHAND|CLONE_THREAD|CLONE_SYSVSEM) = 9936
9930  clone(child_stack=0x3626ce090000, flags=CLONE_VM|CLONE_FS|CLONE_FILES|CLONE_SIGHAND|CLONE_THREAD|CLONE_SYSVSEM) = 9937
9930  clone(child_stack=0x3626ce08c000, flags=CLONE_VM|CLONE_FS|CLONE_FILES|CLONE_SIGHAND|CLONE_THREAD|CLONE_SYSVSEM) = 9938
9913  +++ exited with 0 +++
9618  <... waitid resumed>{si_signo=SIGCHLD, si_code=CLD_EXITED, si_pid=9913, si_uid=1001, si_status=0, si_utime=0, si_stime=0}, WEXITED, {ru_utime={tv_sec=0, tv_usec=26666}, ru_stime={tv_sec=0, tv_usec=10666}, ...}) = 0
9911  --- SIGCHLD {si_signo=SIGCHLD, si_code=CLD_EXITED, si_pid=9913, si_uid=1001, si_status=0, si_utime=2 /* 0.02 s */, si_stime=1 /* 0.01 s */} ---
9931  tgkill(9929, 9934, SIGURG)        = 0
9934  --- SIGURG {si_signo=SIGURG, si_code=SI_TKILL, si_pid=9929, si_uid=1001} ---
9907  tgkill(9902, 9910, SIGURG <unfinished ...>
9910  --- SIGURG {si_signo=SIGURG, si_code=SI_TKILL, si_pid=9902, si_uid=1001} ---
9907  <... tgkill resumed>)             = 0
9937  clone(child_stack=0x3626ce0dc000, flags=CLONE_VM|CLONE_FS|CLONE_FILES|CLONE_SIGHAND|CLONE_THREAD|CLONE_SYSVSEM) = 9939
9911  clone(child_stack=NULL, flags=CLONE_VM|CLONE_PIDFD|CLONE_VFORK|SIGCHLD <unfinished ...>
9940  execve("/opt/hostedtoolcache/go/1.27.1/arm64/pkg/tool/linux_arm64/compile", ["/opt/hostedtoolcache/go/1.27.1/a"..., "-o", "/tmp/go-build3484636357/b046/_pk"..., "-trimpath", "/tmp/go-build3484636357/b046=>", "-p", "internal/synctest", "-lang=go1.27", "-std", "-complete", "-buildid", "4eWvoqUiOB6E0SbY6umh/4eWvoqUiOB6"..., "-goversion", "go1.27.1", "-c=4", "-nolocalimports", "-importcfg", "/tmp/go-build3484636357/b046/imp"..., "-pack", "/opt/hostedtoolcache/go/1.27.1/a"...], 0x382e35f8c488 /* 140 vars */ <unfinished ...>
9911  <... clone resumed>, parent_tid=[17]) = 9940
9940  <... execve resumed>)             = 0
9911  waitid(P_PIDFD, 17,  <unfinished ...>
9936  clone(child_stack=0x3626ce49c000, flags=CLONE_VM|CLONE_FS|CLONE_FILES|CLONE_SIGHAND|CLONE_THREAD|CLONE_SYSVSEM) = 9941
9936  clone(child_stack=0x3626ce498000, flags=CLONE_VM|CLONE_FS|CLONE_FILES|CLONE_SIGHAND|CLONE_THREAD|CLONE_SYSVSEM) = 9942
9936  clone(child_stack=0x3626ce46c000, flags=CLONE_VM|CLONE_FS|CLONE_FILES|CLONE_SIGHAND|CLONE_THREAD|CLONE_SYSVSEM) = 9943
9931  tgkill(9929, 9932, SIGURG)        = 0
9940  clone(child_stack=0x401141d58000, flags=CLONE_VM|CLONE_FS|CLONE_FILES|CLONE_SIGHAND|CLONE_THREAD|CLONE_SYSVSEM) = 9944
9932  --- SIGURG {si_signo=SIGURG, si_code=SI_TKILL, si_pid=9929, si_uid=1001} ---
9940  clone(child_stack=0x401141d90000, flags=CLONE_VM|CLONE_FS|CLONE_FILES|CLONE_SIGHAND|CLONE_THREAD|CLONE_SYSVSEM) = 9945
9940  clone(child_stack=0x401141d8c000, flags=CLONE_VM|CLONE_FS|CLONE_FILES|CLONE_SIGHAND|CLONE_THREAD|CLONE_SYSVSEM) = 9946
9945  clone(child_stack=0x401141e18000, flags=CLONE_VM|CLONE_FS|CLONE_FILES|CLONE_SIGHAND|CLONE_THREAD|CLONE_SYSVSEM) = 9947
9907  tgkill(9902, 9902, SIGURG)        = 0
9902  --- SIGURG {si_signo=SIGURG, si_code=SI_TKILL, si_pid=9902, si_uid=1001} ---
9933  exit_group(0)                     = ?
9935  +++ exited with 0 +++
9934  +++ exited with 0 +++
9931  +++ exited with 0 +++
9932  +++ exited with 0 +++
9944  tgkill(9940, 9940, SIGURG)        = 0
9940  --- SIGURG {si_signo=SIGURG, si_code=SI_TKILL, si_pid=9940, si_uid=1001} ---
9936  tgkill(9930, 9937, SIGURG <unfinished ...>
9933  +++ exited with 0 +++
9929  +++ exited with 0 +++
9616  --- SIGCHLD {si_signo=SIGCHLD, si_code=CLD_EXITED, si_pid=9929, si_uid=1001, si_status=0, si_utime=3 /* 0.03 s */, si_stime=1 /* 0.01 s */} ---
9620  <... waitid resumed>{si_signo=SIGCHLD, si_code=CLD_EXITED, si_pid=9929, si_uid=1001, si_status=0, si_utime=0, si_stime=0}, WEXITED, {ru_utime={tv_sec=0, tv_usec=28679}, ru_stime={tv_sec=0, tv_usec=11471}, ...}) = 0
9945  exit_group(0)                     = ?
9947  +++ exited with 0 +++
9946  +++ exited with 0 +++
9945  +++ exited with 0 +++
9936  <... tgkill resumed>)             = 0
9937  --- SIGURG {si_signo=SIGURG, si_code=SI_TKILL, si_pid=9930, si_uid=1001} ---
9944  +++ exited with 0 +++
9940  +++ exited with 0 +++
9620  --- SIGCHLD {si_signo=SIGCHLD, si_code=CLD_EXITED, si_pid=9940, si_uid=1001, si_status=0, si_utime=0, si_stime=0} ---
9911  <... waitid resumed>{si_signo=SIGCHLD, si_code=CLD_EXITED, si_pid=9940, si_uid=1001, si_status=0, si_utime=0, si_stime=0}, WEXITED, {ru_utime={tv_sec=0, tv_usec=10331}, ru_stime={tv_sec=0, tv_usec=4427}, ...}) = 0
9618  clone(child_stack=NULL, flags=CLONE_VM|CLONE_PIDFD|CLONE_VFORK|SIGCHLD <unfinished ...>
9948  execve("/opt/hostedtoolcache/go/1.27.1/arm64/pkg/tool/linux_arm64/asm", ["/opt/hostedtoolcache/go/1.27.1/a"..., "-p", "sync/atomic", "-trimpath", "/tmp/go-build3484636357/b045=>", "-I", "/tmp/go-build3484636357/b045/", "-I", "/opt/hostedtoolcache/go/1.27.1/a"..., "-D", "GOOS_linux", "-D", "GOARCH_arm64", "-std", "-o", "/tmp/go-build3484636357/b045/asm"..., "/opt/hostedtoolcache/go/1.27.1/a"...], 0x382e35f8c908 /* 140 vars */ <unfinished ...>
9618  <... clone resumed>, parent_tid=[16]) = 9948
9618  waitid(P_PIDFD, 16,  <unfinished ...>
9948  <... execve resumed>)             = 0
9907  tgkill(9902, 9908, SIGURG)        = 0
9907  tgkill(9902, 9902, SIGURG)        = 0
9907  tgkill(9902, 9910, SIGURG)        = 0
9910  --- SIGURG {si_signo=SIGURG, si_code=SI_TKILL, si_pid=9902, si_uid=1001} ---
9902  --- SIGURG {si_signo=SIGURG, si_code=SI_TKILL, si_pid=9902, si_uid=1001} ---
9908  --- SIGURG {si_signo=SIGURG, si_code=SI_TKILL, si_pid=9902, si_uid=1001} ---
9936  tgkill(9930, 9937, SIGURG)        = 0
9937  --- SIGURG {si_signo=SIGURG, si_code=SI_TKILL, si_pid=9930, si_uid=1001} ---
9907  tgkill(9902, 9912, SIGURG)        = 0
9912  --- SIGURG {si_signo=SIGURG, si_code=SI_TKILL, si_pid=9902, si_uid=1001} ---
9616  tgkill(9615, 9620, SIGURG)        = 0
9620  --- SIGURG {si_signo=SIGURG, si_code=SI_TKILL, si_pid=9615, si_uid=1001} ---
9622  clone(child_stack=NULL, flags=CLONE_VM|CLONE_PIDFD|CLONE_VFORK|SIGCHLD <unfinished ...>
9907  tgkill(9902, 9908, SIGURG <unfinished ...>
9908  --- SIGURG {si_signo=SIGURG, si_code=SI_TKILL, si_pid=9902, si_uid=1001} ---
9907  <... tgkill resumed>)             = 0
9907  tgkill(9902, 9902, SIGURG)        = 0
9907  tgkill(9902, 9910, SIGURG)        = 0
9910  --- SIGURG {si_signo=SIGURG, si_code=SI_TKILL, si_pid=9902, si_uid=1001} ---
9902  --- SIGURG {si_signo=SIGURG, si_code=SI_TKILL, si_pid=9902, si_uid=1001} ---
9948  clone(child_stack=0xba72eefe000, flags=CLONE_VM|CLONE_FS|CLONE_FILES|CLONE_SIGHAND|CLONE_THREAD|CLONE_SYSVSEM) = 9950
9616  tgkill(9615, 9622, SIGURG)        = 0
9950  tgkill(9948, 9948, SIGURG)        = 0
9936  tgkill(9930, 9938, SIGURG <unfinished ...>
9948  --- SIGURG {si_signo=SIGURG, si_code=SI_TKILL, si_pid=9948, si_uid=1001} ---
9936  <... tgkill resumed>)             = 0
9938  --- SIGURG {si_signo=SIGURG, si_code=SI_TKILL, si_pid=9930, si_uid=1001} ---
9948  clone(child_stack=0xba72ef36000, flags=CLONE_VM|CLONE_FS|CLONE_FILES|CLONE_SIGHAND|CLONE_THREAD|CLONE_SYSVSEM) = 9951
9949  execve("/opt/hostedtoolcache/go/1.27.1/arm64/pkg/tool/linux_arm64/compile", ["/opt/hostedtoolcache/go/1.27.1/a"..., "-o", "/tmp/go-build3484636357/b047/_pk"..., "-trimpath", "/tmp/go-build3484636357/b047=>", "-p", "unicode", "-lang=go1.27", "-std", "-complete", "-buildid", "FIy725AIl71QC_77HXYb/FIy725AIl71"..., "-goversion", "go1.27.1", "-c=4", "-nolocalimports", "-importcfg", "/tmp/go-build3484636357/b047/imp"..., "-pack", "/opt/hostedtoolcache/go/1.27.1/a"..., "/opt/hostedtoolcache/go/1.27.1/a"..., "/opt/hostedtoolcache/go/1.27.1/a"..., "/opt/hostedtoolcache/go/1.27.1/a"..., "/opt/hostedtoolcache/go/1.27.1/a"...], 0x382e35d41688 /* 140 vars */ <unfinished ...>
9948  clone(child_stack=0xba72ef32000, flags=CLONE_VM|CLONE_FS|CLONE_FILES|CLONE_SIGHAND|CLONE_THREAD|CLONE_SYSVSEM) = 9952
9951  clone(child_stack=0xba72ef98000, flags=CLONE_VM|CLONE_FS|CLONE_FILES|CLONE_SIGHAND|CLONE_THREAD|CLONE_SYSVSEM <unfinished ...>
9622  <... clone resumed>, parent_tid=[17]) = 9949
9949  <... execve resumed>)             = 0
9622  --- SIGURG {si_signo=SIGURG, si_code=SI_TKILL, si_pid=9615, si_uid=1001} ---
9951  <... clone resumed>)              = 9953
9619  waitid(P_PIDFD, 17,  <unfinished ...>
9953  clone(child_stack=0xba72ef94000, flags=CLONE_VM|CLONE_FS|CLONE_FILES|CLONE_SIGHAND|CLONE_THREAD|CLONE_SYSVSEM) = 9954
9950  tgkill(9948, 9948, SIGURG)        = 0
9948  --- SIGURG {si_signo=SIGURG, si_code=SI_TKILL, si_pid=9948, si_uid=1001} ---
9948  exit_group(0)                     = ?
9953  +++ exited with 0 +++
9954  +++ exited with 0 +++
9950  +++ exited with 0 +++
9952  +++ exited with 0 +++
9951  +++ exited with 0 +++
9948  +++ exited with 0 +++
9911  --- SIGCHLD {si_signo=SIGCHLD, si_code=CLD_EXITED, si_pid=9948, si_uid=1001, si_status=0, si_utime=0, si_stime=0} ---
9618  <... waitid resumed>{si_signo=SIGCHLD, si_code=CLD_EXITED, si_pid=9948, si_uid=1001, si_status=0, si_utime=0, si_stime=0}, WEXITED, {ru_utime={tv_sec=0, tv_usec=0}, ru_stime={tv_sec=0, tv_usec=9185}, ...}) = 0
9949  clone(child_stack=0x2713b32c000, flags=CLONE_VM|CLONE_FS|CLONE_FILES|CLONE_SIGHAND|CLONE_THREAD|CLONE_SYSVSEM) = 9955
9949  clone(child_stack=0x2713b364000, flags=CLONE_VM|CLONE_FS|CLONE_FILES|CLONE_SIGHAND|CLONE_THREAD|CLONE_SYSVSEM) = 9956
9949  clone(child_stack=0x2713b360000, flags=CLONE_VM|CLONE_FS|CLONE_FILES|CLONE_SIGHAND|CLONE_THREAD|CLONE_SYSVSEM) = 9957
9956  clone(child_stack=0x2713b398000, flags=CLONE_VM|CLONE_FS|CLONE_FILES|CLONE_SIGHAND|CLONE_THREAD|CLONE_SYSVSEM) = 9958
9907  tgkill(9902, 9908, SIGURG)        = 0
9908  --- SIGURG {si_signo=SIGURG, si_code=SI_TKILL, si_pid=9902, si_uid=1001} ---
9616  tgkill(9615, 9911, SIGURG)        = 0
9911  --- SIGURG {si_signo=SIGURG, si_code=SI_TKILL, si_pid=9615, si_uid=1001} ---
9936  tgkill(9930, 9939, SIGURG)        = 0
9939  --- SIGURG {si_signo=SIGURG, si_code=SI_TKILL, si_pid=9930, si_uid=1001} ---
9955  tgkill(9949, 9949, SIGURG)        = 0
9949  --- SIGURG {si_signo=SIGURG, si_code=SI_TKILL, si_pid=9949, si_uid=1001} ---
9620  clone(child_stack=NULL, flags=CLONE_VM|CLONE_PIDFD|CLONE_VFORK|SIGCHLD <unfinished ...>
9936  tgkill(9930, 9937, SIGURG)        = 0
9936  tgkill(9930, 9938, SIGURG <unfinished ...>
9938  --- SIGURG {si_signo=SIGURG, si_code=SI_TKILL, si_pid=9930, si_uid=1001} ---
9937  --- SIGURG {si_signo=SIGURG, si_code=SI_TKILL, si_pid=9930, si_uid=1001} ---
9936  <... tgkill resumed>)             = 0
9936  tgkill(9930, 9941, SIGURG)        = 0
9616  tgkill(9615, 9620, SIGURG)        = 0
9941  --- SIGURG {si_signo=SIGURG, si_code=SI_TKILL, si_pid=9930, si_uid=1001} ---
9955  tgkill(9949, 9949, SIGURG)        = 0
9949  --- SIGURG {si_signo=SIGURG, si_code=SI_TKILL, si_pid=9949, si_uid=1001} ---
9959  execve("/opt/hostedtoolcache/go/1.27.1/arm64/pkg/tool/linux_arm64/compile", ["/opt/hostedtoolcache/go/1.27.1/a"..., "-o", "/tmp/go-build3484636357/b044/_pk"..., "-trimpath", "/tmp/go-build3484636357/b044=>", "-p", "internal/sync", "-lang=go1.27", "-std", "-complete", "-buildid", "yNvcDl_12QHRYk5Wvj76/yNvcDl_12QH"..., "-goversion", "go1.27.1", "-c=4", "-nolocalimports", "-importcfg", "/tmp/go-build3484636357/b044/imp"..., "-pack", "/opt/hostedtoolcache/go/1.27.1/a"..., "/opt/hostedtoolcache/go/1.27.1/a"..., "/opt/hostedtoolcache/go/1.27.1/a"...], 0x382e36040488 /* 140 vars */ <unfinished ...>
9902  exit_group(0)                     = ?
9959  <... execve resumed>)             = 0
9910  +++ exited with 0 +++
9908  +++ exited with 0 +++
9907  +++ exited with 0 +++
9620  <... clone resumed>, parent_tid=[16]) = 9959
9909  +++ exited with 0 +++
9620  --- SIGURG {si_signo=SIGURG, si_code=SI_TKILL, si_pid=9615, si_uid=1001} ---
9911  waitid(P_PIDFD, 16,  <unfinished ...>
9912  +++ exited with 0 +++
9902  +++ exited with 0 +++
9617  <... waitid resumed>{si_signo=SIGCHLD, si_code=CLD_EXITED, si_pid=9902, si_uid=1001, si_status=0, si_utime=0, si_stime=0}, WEXITED, {ru_utime={tv_sec=0, tv_usec=160625}, ru_stime={tv_sec=0, tv_usec=37900}, ...}) = 0
9618  --- SIGCHLD {si_signo=SIGCHLD, si_code=CLD_EXITED, si_pid=9902, si_uid=1001, si_status=0, si_utime=17 /* 0.17 s */, si_stime=4 /* 0.04 s */} ---
9618  clone(child_stack=NULL, flags=CLONE_VM|CLONE_PIDFD|CLONE_VFORK|SIGCHLD <unfinished ...>
9960  execve("/opt/hostedtoolcache/go/1.27.1/arm64/pkg/tool/linux_arm64/asm", ["/opt/hostedtoolcache/go/1.27.1/a"..., "-p", "internal/runtime/maps", "-trimpath", "/tmp/go-build3484636357/b028=>", "-I", "/tmp/go-build3484636357/b028/", "-I", "/opt/hostedtoolcache/go/1.27.1/a"..., "-D", "GOOS_linux", "-D", "GOARCH_arm64", "-std", "-o", "/tmp/go-build3484636357/b028/mem"..., "/opt/hostedtoolcache/go/1.27.1/a"...], 0x382e36081208 /* 140 vars */ <unfinished ...>
9618  <... clone resumed>, parent_tid=[15]) = 9960
9960  <... execve resumed>)             = 0
9618  waitid(P_PIDFD, 15,  <unfinished ...>
9959  clone(child_stack=0x5f30d1996000, flags=CLONE_VM|CLONE_FS|CLONE_FILES|CLONE_SIGHAND|CLONE_THREAD|CLONE_SYSVSEM) = 9961
9959  clone(child_stack=0x5f30d19ce000, flags=CLONE_VM|CLONE_FS|CLONE_FILES|CLONE_SIGHAND|CLONE_THREAD|CLONE_SYSVSEM <unfinished ...>
9961  tgkill(9959, 9959, SIGURG)        = 0
9959  <... clone resumed>)              = 9962
9959  --- SIGURG {si_signo=SIGURG, si_code=SI_TKILL, si_pid=9959, si_uid=1001} ---
9961  tgkill(9959, 9959, SIGURG)        = 0
9959  clone(child_stack=0x5f30d19ca000, flags=CLONE_VM|CLONE_FS|CLONE_FILES|CLONE_SIGHAND|CLONE_THREAD|CLONE_SYSVSEM) = 9963
9959  --- SIGURG {si_signo=SIGURG, si_code=SI_TKILL, si_pid=9959, si_uid=1001} ---
9962  clone(child_stack=0x5f30d1a18000, flags=CLONE_VM|CLONE_FS|CLONE_FILES|CLONE_SIGHAND|CLONE_THREAD|CLONE_SYSVSEM) = 9964
9941  exit_group(0)                     = ?
9942  +++ exited with 0 +++
9941  +++ exited with 0 +++
9939  +++ exited with 0 +++
9938  +++ exited with 0 +++
9937  +++ exited with 0 +++
9936  +++ exited with 0 +++
9960  clone(child_stack=0x39975899e000, flags=CLONE_VM|CLONE_FS|CLONE_FILES|CLONE_SIGHAND|CLONE_THREAD|CLONE_SYSVSEM) = 9965
9960  clone(child_stack=0x3997589d6000, flags=CLONE_VM|CLONE_FS|CLONE_FILES|CLONE_SIGHAND|CLONE_THREAD|CLONE_SYSVSEM) = 9966
9960  clone(child_stack=0x3997589d2000, flags=CLONE_VM|CLONE_FS|CLONE_FILES|CLONE_SIGHAND|CLONE_THREAD|CLONE_SYSVSEM) = 9967
9966  clone(child_stack=0x399758a18000, flags=CLONE_VM|CLONE_FS|CLONE_FILES|CLONE_SIGHAND|CLONE_THREAD|CLONE_SYSVSEM) = 9968
9955  tgkill(9949, 9949, SIGURG)        = 0
9949  --- SIGURG {si_signo=SIGURG, si_code=SI_TKILL, si_pid=9949, si_uid=1001} ---
9943  +++ exited with 0 +++
9930  +++ exited with 0 +++
9621  <... waitid resumed>{si_signo=SIGCHLD, si_code=CLD_EXITED, si_pid=9930, si_uid=1001, si_status=0, si_utime=0, si_stime=0}, WEXITED, {ru_utime={tv_sec=0, tv_usec=117789}, ru_stime={tv_sec=0, tv_usec=27771}, ...}) = 0
9621  --- SIGCHLD {si_signo=SIGCHLD, si_code=CLD_EXITED, si_pid=9930, si_uid=1001, si_status=0, si_utime=12 /* 0.12 s */, si_stime=2 /* 0.02 s */} ---
9617  clone(child_stack=NULL, flags=CLONE_VM|CLONE_PIDFD|CLONE_VFORK|SIGCHLD <unfinished ...>
9960  exit_group(0)                     = ?
9967  +++ exited with 0 +++
9968  +++ exited with 0 +++
9965  +++ exited with 0 +++
9966  +++ exited with 0 +++
9960  +++ exited with 0 +++
9618  <... waitid resumed>{si_signo=SIGCHLD, si_code=CLD_EXITED, si_pid=9960, si_uid=1001, si_status=0, si_utime=0, si_stime=0}, WEXITED, {ru_utime={tv_sec=0, tv_usec=0}, ru_stime={tv_sec=0, tv_usec=6360}, ...}) = 0
9621  --- SIGCHLD {si_signo=SIGCHLD, si_code=CLD_EXITED, si_pid=9960, si_uid=1001, si_status=0, si_utime=0, si_stime=0} ---
9969  execve("/opt/hostedtoolcache/go/1.27.1/arm64/pkg/tool/linux_arm64/asm", ["/opt/hostedtoolcache/go/1.27.1/a"..., "-p", "math", "-trimpath", "/tmp/go-build3484636357/b040=>", "-I", "/tmp/go-build3484636357/b040/", "-I", "/opt/hostedtoolcache/go/1.27.1/a"..., "-D", "GOOS_linux", "-D", "GOARCH_arm64", "-std", "-o", "/tmp/go-build3484636357/b040/dim"..., "/opt/hostedtoolcache/go/1.27.1/a"...], 0x382e35d41b08 /* 140 vars */ <unfinished ...>
9617  <... clone resumed>, parent_tid=[18]) = 9969
9969  <... execve resumed>)             = 0
9617  waitid(P_PIDFD, 18,  <unfinished ...>
9961  tgkill(9959, 9959, SIGURG)        = 0
9959  --- SIGURG {si_signo=SIGURG, si_code=SI_TKILL, si_pid=9959, si_uid=1001} ---
9969  clone(child_stack=0x688fbde28000, flags=CLONE_VM|CLONE_FS|CLONE_FILES|CLONE_SIGHAND|CLONE_THREAD|CLONE_SYSVSEM) = 9970
9969  clone(child_stack=0x688fbde60000, flags=CLONE_VM|CLONE_FS|CLONE_FILES|CLONE_SIGHAND|CLONE_THREAD|CLONE_SYSVSEM) = 9971
9970  tgkill(9969, 9969, SIGURG)        = 0
9969  --- SIGURG {si_signo=SIGURG, si_code=SI_TKILL, si_pid=9969, si_uid=1001} ---
9970  tgkill(9969, 9969, SIGURG)        = 0
9969  --- SIGURG {si_signo=SIGURG, si_code=SI_TKILL, si_pid=9969, si_uid=1001} ---
9969  clone(child_stack=0x688fbde5c000, flags=CLONE_VM|CLONE_FS|CLONE_FILES|CLONE_SIGHAND|CLONE_THREAD|CLONE_SYSVSEM) = 9972
9971  clone(child_stack=0x688fbde98000, flags=CLONE_VM|CLONE_FS|CLONE_FILES|CLONE_SIGHAND|CLONE_THREAD|CLONE_SYSVSEM) = 9973
9959  exit_group(0)                     = ?
9964  +++ exited with 0 +++
9963  +++ exited with 0 +++
9962  +++ exited with 0 +++
9961  +++ exited with 0 +++
9969  exit_group(0)                     = ?
9973  +++ exited with 0 +++
9972  +++ exited with 0 +++
9970  +++ exited with 0 +++
9616  tgkill(9615, 9621, SIGURG)        = 0
9971  +++ exited with 0 +++
9969  +++ exited with 0 +++
9621  --- SIGURG {si_signo=SIGURG, si_code=SI_TKILL, si_pid=9615, si_uid=1001} ---
9620  --- SIGCHLD {si_signo=SIGCHLD, si_code=CLD_EXITED, si_pid=9969, si_uid=1001, si_status=0, si_utime=0, si_stime=0} ---
9617  <... waitid resumed>{si_signo=SIGCHLD, si_code=CLD_EXITED, si_pid=9969, si_uid=1001, si_status=0, si_utime=0, si_stime=0}, WEXITED, {ru_utime={tv_sec=0, tv_usec=0}, ru_stime={tv_sec=0, tv_usec=6318}, ...}) = 0
9959  +++ exited with 0 +++
9617  --- SIGCHLD {si_signo=SIGCHLD, si_code=CLD_EXITED, si_pid=9959, si_uid=1001, si_status=0, si_utime=1 /* 0.01 s */, si_stime=0} ---
9955  tgkill(9949, 9956, SIGURG)        = 0
9911  <... waitid resumed>{si_signo=SIGCHLD, si_code=CLD_EXITED, si_pid=9959, si_uid=1001, si_status=0, si_utime=0, si_stime=0}, WEXITED, {ru_utime={tv_sec=0, tv_usec=17722}, ru_stime={tv_sec=0, tv_usec=8270}, ...}) = 0
9956  --- SIGURG {si_signo=SIGURG, si_code=SI_TKILL, si_pid=9949, si_uid=1001} ---
9617  tgkill(9615, 9620, SIGURG)        = 0
9620  --- SIGURG {si_signo=SIGURG, si_code=SI_TKILL, si_pid=9615, si_uid=1001} ---
9617  tgkill(9615, 9620, SIGURG)        = 0
9621  clone(child_stack=NULL, flags=CLONE_VM|CLONE_PIDFD|CLONE_VFORK|SIGCHLD <unfinished ...>
9620  --- SIGURG {si_signo=SIGURG, si_code=SI_TKILL, si_pid=9615, si_uid=1001} ---
9617  tgkill(9615, 9621, SIGURG)        = 0
9617  tgkill(9615, 9620, SIGURG <unfinished ...>
9620  --- SIGURG {si_signo=SIGURG, si_code=SI_TKILL, si_pid=9615, si_uid=1001} ---
9617  <... tgkill resumed>)             = 0
9974  execve("/opt/hostedtoolcache/go/1.27.1/arm64/pkg/tool/linux_arm64/asm", ["/opt/hostedtoolcache/go/1.27.1/a"..., "-p", "math", "-trimpath", "/tmp/go-build3484636357/b040=>", "-I", "/tmp/go-build3484636357/b040/", "-I", "/opt/hostedtoolcache/go/1.27.1/a"..., "-D", "GOOS_linux", "-D", "GOARCH_arm64", "-std", "-o", "/tmp/go-build3484636357/b040/exp"..., "/opt/hostedtoolcache/go/1.27.1/a"...], 0x382e35f8cd88 /* 140 vars */ <unfinished ...>
9621  <... clone resumed>, parent_tid=[15]) = 9974
9974  <... execve resumed>)             = 0
9621  --- SIGURG {si_signo=SIGURG, si_code=SI_TKILL, si_pid=9615, si_uid=1001} ---
9617  tgkill(9615, 9621, SIGURG)        = 0
9621  --- SIGURG {si_signo=SIGURG, si_code=SI_TKILL, si_pid=9615, si_uid=1001} ---
9621  waitid(P_PIDFD, 15,  <unfinished ...>
9618  clone(child_stack=NULL, flags=CLONE_VM|CLONE_PIDFD|CLONE_VFORK|SIGCHLD <unfinished ...>
9974  clone(child_stack=0x7de5f849e000, flags=CLONE_VM|CLONE_FS|CLONE_FILES|CLONE_SIGHAND|CLONE_THREAD|CLONE_SYSVSEM) = 9976
9955  tgkill(9949, 9957, SIGURG <unfinished ...>
9957  --- SIGURG {si_signo=SIGURG, si_code=SI_TKILL, si_pid=9949, si_uid=1001} ---
9955  <... tgkill resumed>)             = 0
9974  clone(child_stack=0x7de5f84d6000, flags=CLONE_VM|CLONE_FS|CLONE_FILES|CLONE_SIGHAND|CLONE_THREAD|CLONE_SYSVSEM <unfinished ...>
9976  tgkill(9974, 9974, SIGURG)        = 0
9977  clone(child_stack=0x7de5f84d2000, flags=CLONE_VM|CLONE_FS|CLONE_FILES|CLONE_SIGHAND|CLONE_THREAD|CLONE_SYSVSEM) = 9978
9974  <... clone resumed>)              = 9977
9974  --- SIGURG {si_signo=SIGURG, si_code=SI_TKILL, si_pid=9974, si_uid=1001} ---
9976  tgkill(9974, 9974, SIGURG)        = 0
9975  execve("/opt/hostedtoolcache/go/1.27.1/arm64/pkg/tool/linux_arm64/compile", ["/opt/hostedtoolcache/go/1.27.1/a"..., "-o", "/tmp/go-build3484636357/b063/_pk"..., "-trimpath", "/tmp/go-build3484636357/b063=>", "-p", "github.com/type-rb/type-rb-nativ"..., "-lang=go1.27", "-complete", "-buildid", "T67CQmq22gGbyJ5d6dQU/T67CQmq22gG"..., "-goversion", "go1.27.1", "-c=4", "-nolocalimports", "-importcfg", "/tmp/go-build3484636357/b063/imp"..., "-pack", "/tmp/trb-build-1566637624/trb/st"...], 0x382e35f8c488 /* 140 vars */ <unfinished ...>
9974  --- SIGURG {si_signo=SIGURG, si_code=SI_TKILL, si_pid=9974, si_uid=1001} ---
9618  <... clone resumed>, parent_tid=[16]) = 9975
9975  <... execve resumed>)             = 0
9974  clone(child_stack=0x7de5f85a8000, flags=CLONE_VM|CLONE_FS|CLONE_FILES|CLONE_SIGHAND|CLONE_THREAD|CLONE_SYSVSEM) = 9979
9977  clone(child_stack=0x7de5f85a4000, flags=CLONE_VM|CLONE_FS|CLONE_FILES|CLONE_SIGHAND|CLONE_THREAD|CLONE_SYSVSEM) = 9980
9618  waitid(P_PIDFD, 16,  <unfinished ...>
9974  exit_group(0)                     = ?
9978  +++ exited with 0 +++
9977  +++ exited with 0 +++
9976  +++ exited with 0 +++
9980  +++ exited with 0 +++
9979  +++ exited with 0 +++
9974  +++ exited with 0 +++
9621  <... waitid resumed>{si_signo=SIGCHLD, si_code=CLD_EXITED, si_pid=9974, si_uid=1001, si_status=0, si_utime=0, si_stime=0}, WEXITED, {ru_utime={tv_sec=0, tv_usec=2225}, ru_stime={tv_sec=0, tv_usec=4451}, ...}) = 0
9620  --- SIGCHLD {si_signo=SIGCHLD, si_code=CLD_EXITED, si_pid=9974, si_uid=1001, si_status=0, si_utime=0, si_stime=0} ---
9911  clone(child_stack=NULL, flags=CLONE_VM|CLONE_PIDFD|CLONE_VFORK|SIGCHLD <unfinished ...>
9975  clone(child_stack=0x4fa9fadd8000, flags=CLONE_VM|CLONE_FS|CLONE_FILES|CLONE_SIGHAND|CLONE_THREAD|CLONE_SYSVSEM) = 9982
9975  clone(child_stack=0x4fa9fae10000, flags=CLONE_VM|CLONE_FS|CLONE_FILES|CLONE_SIGHAND|CLONE_THREAD|CLONE_SYSVSEM) = 9983
9982  tgkill(9975, 9975, SIGURG)        = 0
9975  clone(child_stack=0x4fa9fae0c000, flags=CLONE_VM|CLONE_FS|CLONE_FILES|CLONE_SIGHAND|CLONE_THREAD|CLONE_SYSVSEM <unfinished ...>
9981  execve("/opt/hostedtoolcache/go/1.27.1/arm64/pkg/tool/linux_arm64/asm", ["/opt/hostedtoolcache/go/1.27.1/a"..., "-p", "math", "-trimpath", "/tmp/go-build3484636357/b040=>", "-I", "/tmp/go-build3484636357/b040/", "-I", "/opt/hostedtoolcache/go/1.27.1/a"..., "-D", "GOOS_linux", "-D", "GOARCH_arm64", "-std", "-o", "/tmp/go-build3484636357/b040/flo"..., "/opt/hostedtoolcache/go/1.27.1/a"...], 0x382e35d40908 /* 140 vars */ <unfinished ...>
9975  <... clone resumed>)              = 9984
9911  <... clone resumed>, parent_tid=[15]) = 9981
9975  --- SIGURG {si_signo=SIGURG, si_code=SI_TKILL, si_pid=9975, si_uid=1001} ---
9981  <... execve resumed>)             = 0
9983  clone(child_stack=0x4fa9fae98000, flags=CLONE_VM|CLONE_FS|CLONE_FILES|CLONE_SIGHAND|CLONE_THREAD|CLONE_SYSVSEM) = 9985
9911  waitid(P_PIDFD, 15,  <unfinished ...>
9617  tgkill(9615, 9620, SIGURG)        = 0
9620  --- SIGURG {si_signo=SIGURG, si_code=SI_TKILL, si_pid=9615, si_uid=1001} ---
9955  tgkill(9949, 9957, SIGURG)        = 0
9957  --- SIGURG {si_signo=SIGURG, si_code=SI_TKILL, si_pid=9949, si_uid=1001} ---
9617  tgkill(9615, 9622, SIGURG)        = 0
9622  --- SIGURG {si_signo=SIGURG, si_code=SI_TKILL, si_pid=9615, si_uid=1001} ---
9617  tgkill(9615, 9615, SIGURG)        = 0
9615  --- SIGURG {si_signo=SIGURG, si_code=SI_TKILL, si_pid=9615, si_uid=1001} ---
9982  tgkill(9975, 9975, SIGURG)        = 0
9975  --- SIGURG {si_signo=SIGURG, si_code=SI_TKILL, si_pid=9975, si_uid=1001} ---
9981  clone(child_stack=0x4aeca4af6000, flags=CLONE_VM|CLONE_FS|CLONE_FILES|CLONE_SIGHAND|CLONE_THREAD|CLONE_SYSVSEM) = 9986
9981  clone(child_stack=0x4aeca4b2e000, flags=CLONE_VM|CLONE_FS|CLONE_FILES|CLONE_SIGHAND|CLONE_THREAD|CLONE_SYSVSEM) = 9987
9986  tgkill(9981, 9981, SIGURG <unfinished ...>
9981  clone(child_stack=0x4aeca4b2a000, flags=CLONE_VM|CLONE_FS|CLONE_FILES|CLONE_SIGHAND|CLONE_THREAD|CLONE_SYSVSEM <unfinished ...>
9986  <... tgkill resumed>)             = 0
9981  <... clone resumed>)              = 9988
9981  --- SIGURG {si_signo=SIGURG, si_code=SI_TKILL, si_pid=9981, si_uid=1001} ---
9987  clone(child_stack=0x4aeca4b98000, flags=CLONE_VM|CLONE_FS|CLONE_FILES|CLONE_SIGHAND|CLONE_THREAD|CLONE_SYSVSEM) = 9989
9985  exit_group(0)                     = ?
9984  +++ exited with 0 +++
9983  +++ exited with 0 +++
9985  +++ exited with 0 +++
9982  +++ exited with 0 +++
9975  +++ exited with 0 +++
9621  --- SIGCHLD {si_signo=SIGCHLD, si_code=CLD_EXITED, si_pid=9975, si_uid=1001, si_status=0, si_utime=0, si_stime=1 /* 0.01 s */} ---
9618  <... waitid resumed>{si_signo=SIGCHLD, si_code=CLD_EXITED, si_pid=9975, si_uid=1001, si_status=0, si_utime=0, si_stime=0}, WEXITED, {ru_utime={tv_sec=0, tv_usec=4120}, ru_stime={tv_sec=0, tv_usec=8241}, ...}) = 0
9616  tgkill(9615, 9620, SIGURG)        = 0
9620  --- SIGURG {si_signo=SIGURG, si_code=SI_TKILL, si_pid=9615, si_uid=1001} ---
9955  tgkill(9949, 9958, SIGURG)        = 0
9958  --- SIGURG {si_signo=SIGURG, si_code=SI_TKILL, si_pid=9949, si_uid=1001} ---
9981  exit_group(0)                     = ?
9988  +++ exited with 0 +++
9987  +++ exited with 0 +++
9989  +++ exited with 0 +++
9986  +++ exited with 0 +++
9981  +++ exited with 0 +++
9620  --- SIGCHLD {si_signo=SIGCHLD, si_code=CLD_EXITED, si_pid=9981, si_uid=1001, si_status=0, si_utime=0, si_stime=0} ---
9911  <... waitid resumed>{si_signo=SIGCHLD, si_code=CLD_EXITED, si_pid=9981, si_uid=1001, si_status=0, si_utime=0, si_stime=0}, WEXITED, {ru_utime={tv_sec=0, tv_usec=847}, ru_stime={tv_sec=0, tv_usec=5935}, ...}) = 0
9958  exit_group(0)                     = ?
9958  +++ exited with 0 +++
9955  +++ exited with 0 +++
9957  +++ exited with 0 +++
9956  +++ exited with 0 +++
9949  +++ exited with 0 +++
9622  --- SIGCHLD {si_signo=SIGCHLD, si_code=CLD_EXITED, si_pid=9949, si_uid=1001, si_status=0, si_utime=8 /* 0.08 s */, si_stime=2 /* 0.02 s */} ---
9619  <... waitid resumed>{si_signo=SIGCHLD, si_code=CLD_EXITED, si_pid=9949, si_uid=1001, si_status=0, si_utime=0, si_stime=0}, WEXITED, {ru_utime={tv_sec=0, tv_usec=94413}, ru_stime={tv_sec=0, tv_usec=27581}, ...}) = 0
9619  tgkill(9615, 9618, SIGURG)        = 0
9618  --- SIGURG {si_signo=SIGURG, si_code=SI_TKILL, si_pid=9615, si_uid=1001} ---
9621  tgkill(9615, 9620, SIGURG)        = 0
9620  --- SIGURG {si_signo=SIGURG, si_code=SI_TKILL, si_pid=9615, si_uid=1001} ---
9621  tgkill(9615, 9618, SIGURG)        = 0
9618  --- SIGURG {si_signo=SIGURG, si_code=SI_TKILL, si_pid=9615, si_uid=1001} ---
9621  tgkill(9615, 9618, SIGURG)        = 0
9618  --- SIGURG {si_signo=SIGURG, si_code=SI_TKILL, si_pid=9615, si_uid=1001} ---
9621  tgkill(9615, 9619, SIGURG)        = 0
9619  --- SIGURG {si_signo=SIGURG, si_code=SI_TKILL, si_pid=9615, si_uid=1001} ---
9621  tgkill(9615, 9620, SIGURG)        = 0
9620  --- SIGURG {si_signo=SIGURG, si_code=SI_TKILL, si_pid=9615, si_uid=1001} ---
9621  tgkill(9615, 9619, SIGURG)        = 0
9619  --- SIGURG {si_signo=SIGURG, si_code=SI_TKILL, si_pid=9615, si_uid=1001} ---
9621  tgkill(9615, 9620, SIGURG)        = 0
9620  --- SIGURG {si_signo=SIGURG, si_code=SI_TKILL, si_pid=9615, si_uid=1001} ---
9616  tgkill(9615, 9621, SIGURG)        = 0
9621  --- SIGURG {si_signo=SIGURG, si_code=SI_TKILL, si_pid=9615, si_uid=1001} ---
9621  clone(child_stack=NULL, flags=CLONE_VM|CLONE_PIDFD|CLONE_VFORK|SIGCHLD <unfinished ...>
9990  execve("/opt/hostedtoolcache/go/1.27.1/arm64/pkg/tool/linux_arm64/asm", ["/opt/hostedtoolcache/go/1.27.1/a"..., "-p", "runtime", "-trimpath", "/tmp/go-build3484636357/b009=>", "-I", "/tmp/go-build3484636357/b009/", "-I", "/opt/hostedtoolcache/go/1.27.1/a"..., "-D", "GOOS_linux", "-D", "GOARCH_arm64", "-std", "-gensymabis", "-o", "/tmp/go-build3484636357/b009/sym"..., "/opt/hostedtoolcache/go/1.27.1/a"..., "/opt/hostedtoolcache/go/1.27.1/a"..., "/opt/hostedtoolcache/go/1.27.1/a"..., "/opt/hostedtoolcache/go/1.27.1/a"..., "/opt/hostedtoolcache/go/1.27.1/a"..., "/opt/hostedtoolcache/go/1.27.1/a"..., "/opt/hostedtoolcache/go/1.27.1/a"..., "/opt/hostedtoolcache/go/1.27.1/a"..., "/opt/hostedtoolcache/go/1.27.1/a"..., "/opt/hostedtoolcache/go/1.27.1/a"..., "/opt/hostedtoolcache/go/1.27.1/a"...], 0x382e35d40908 /* 140 vars */ <unfinished ...>
9621  <... clone resumed>, parent_tid=[12]) = 9990
9990  <... execve resumed>)             = 0
9621  waitid(P_PIDFD, 12,  <unfinished ...>
9990  clone(child_stack=0x5d2ffc4cc000, flags=CLONE_VM|CLONE_FS|CLONE_FILES|CLONE_SIGHAND|CLONE_THREAD|CLONE_SYSVSEM) = 9991
9990  clone(child_stack=0x5d2ffc508000, flags=CLONE_VM|CLONE_FS|CLONE_FILES|CLONE_SIGHAND|CLONE_THREAD|CLONE_SYSVSEM) = 9992
9990  clone(child_stack=0x5d2ffc504000, flags=CLONE_VM|CLONE_FS|CLONE_FILES|CLONE_SIGHAND|CLONE_THREAD|CLONE_SYSVSEM) = 9993
9992  clone(child_stack=0x5d2ffc530000, flags=CLONE_VM|CLONE_FS|CLONE_FILES|CLONE_SIGHAND|CLONE_THREAD|CLONE_SYSVSEM) = 9994
9991  tgkill(9990, 9990, SIGURG)        = 0
9990  --- SIGURG {si_signo=SIGURG, si_code=SI_TKILL, si_pid=9990, si_uid=1001} ---
9994  exit_group(0)                     = ?
9994  +++ exited with 0 +++
9993  +++ exited with 0 +++
9992  +++ exited with 0 +++
9991  +++ exited with 0 +++
9990  +++ exited with 0 +++
9911  --- SIGCHLD {si_signo=SIGCHLD, si_code=CLD_EXITED, si_pid=9990, si_uid=1001, si_status=0, si_utime=0, si_stime=1 /* 0.01 s */} ---
9621  <... waitid resumed>{si_signo=SIGCHLD, si_code=CLD_EXITED, si_pid=9990, si_uid=1001, si_status=0, si_utime=0, si_stime=0}, WEXITED, {ru_utime={tv_sec=0, tv_usec=5470}, ru_stime={tv_sec=0, tv_usec=13676}, ...}) = 0
9911  clone(child_stack=NULL, flags=CLONE_VM|CLONE_PIDFD|CLONE_VFORK|SIGCHLD <unfinished ...>
9995  execve("/opt/hostedtoolcache/go/1.27.1/arm64/pkg/tool/linux_arm64/compile", ["/opt/hostedtoolcache/go/1.27.1/a"..., "-o", "/tmp/go-build3484636357/b009/_pk"..., "-trimpath", "/tmp/go-build3484636357/b009=>", "-p", "runtime", "-lang=go1.27", "-std", "-buildid", "MLVzQWnOxD5-8U6ingaq/MLVzQWnOxD5"..., "-goversion", "go1.27.1", "-symabis", "/tmp/go-build3484636357/b009/sym"..., "-c=4", "-nolocalimports", "-importcfg", "/tmp/go-build3484636357/b009/imp"..., "-pack", "-asmhdr", "/tmp/go-build3484636357/b009/go_"..., "/opt/hostedtoolcache/go/1.27.1/a"..., "/opt/hostedtoolcache/go/1.27.1/a"..., "/opt/hostedtoolcache/go/1.27.1/a"..., "/opt/hostedtoolcache/go/1.27.1/a"..., "/opt/hostedtoolcache/go/1.27.1/a"..., "/opt/hostedtoolcache/go/1.27.1/a"..., "/opt/hostedtoolcache/go/1.27.1/a"..., "/opt/hostedtoolcache/go/1.27.1/a"..., "/opt/hostedtoolcache/go/1.27.1/a"..., "/opt/hostedtoolcache/go/1.27.1/a"..., ...], 0x382e35f8cd88 /* 140 vars */ <unfinished ...>
9911  <... clone resumed>, parent_tid=[12]) = 9995
9995  <... execve resumed>)             = 0
9911  waitid(P_PIDFD, 12,  <unfinished ...>
9995  clone(child_stack=0x5e0dcda40000, flags=CLONE_VM|CLONE_FS|CLONE_FILES|CLONE_SIGHAND|CLONE_THREAD|CLONE_SYSVSEM) = 9996
9995  clone(child_stack=0x5e0dcda78000, flags=CLONE_VM|CLONE_FS|CLONE_FILES|CLONE_SIGHAND|CLONE_THREAD|CLONE_SYSVSEM) = 9997
9996  tgkill(9995, 9995, SIGURG)        = 0
9995  clone(child_stack=0x5e0dcda74000, flags=CLONE_VM|CLONE_FS|CLONE_FILES|CLONE_SIGHAND|CLONE_THREAD|CLONE_SYSVSEM) = 9998
9995  --- SIGURG {si_signo=SIGURG, si_code=SI_TKILL, si_pid=9995, si_uid=1001} ---
9997  clone(child_stack=0x5e0dcda98000, flags=CLONE_VM|CLONE_FS|CLONE_FILES|CLONE_SIGHAND|CLONE_THREAD|CLONE_SYSVSEM) = 9999
9996  clone(child_stack=0x5e0dcdf12000, flags=CLONE_VM|CLONE_FS|CLONE_FILES|CLONE_SIGHAND|CLONE_THREAD|CLONE_SYSVSEM) = 10000
9996  tgkill(9995, 9999, SIGURG <unfinished ...>
9999  --- SIGURG {si_signo=SIGURG, si_code=SI_TKILL, si_pid=9995, si_uid=1001} ---
9996  <... tgkill resumed>)             = 0
9996  clone(child_stack=0x5e0dce490000, flags=CLONE_VM|CLONE_FS|CLONE_FILES|CLONE_SIGHAND|CLONE_THREAD|CLONE_SYSVSEM) = 10001
9996  tgkill(9995, 10001, SIGURG <unfinished ...>
10001 --- SIGURG {si_signo=SIGURG, si_code=SI_TKILL, si_pid=9995, si_uid=1001} ---
9996  <... tgkill resumed>)             = 0
9996  tgkill(9995, 10001, SIGURG)       = 0
10001 --- SIGURG {si_signo=SIGURG, si_code=SI_TKILL, si_pid=9995, si_uid=1001} ---
9996  tgkill(9995, 9999, SIGURG <unfinished ...>
9999  --- SIGURG {si_signo=SIGURG, si_code=SI_TKILL, si_pid=9995, si_uid=1001} ---
9996  <... tgkill resumed>)             = 0
9996  tgkill(9995, 9999, SIGURG)        = 0
9999  --- SIGURG {si_signo=SIGURG, si_code=SI_TKILL, si_pid=9995, si_uid=1001} ---
9996  tgkill(9995, 10001, SIGURG <unfinished ...>
10001 --- SIGURG {si_signo=SIGURG, si_code=SI_TKILL, si_pid=9995, si_uid=1001} ---
9996  <... tgkill resumed>)             = 0
9996  tgkill(9995, 10001, SIGURG <unfinished ...>
10001 --- SIGURG {si_signo=SIGURG, si_code=SI_TKILL, si_pid=9995, si_uid=1001} ---
9996  <... tgkill resumed>)             = 0
9997  tgkill(9995, 10001, SIGURG <unfinished ...>
10001 --- SIGURG {si_signo=SIGURG, si_code=SI_TKILL, si_pid=9995, si_uid=1001} ---
9997  <... tgkill resumed>)             = 0
9997  tgkill(9995, 10001, SIGURG <unfinished ...>
10001 --- SIGURG {si_signo=SIGURG, si_code=SI_TKILL, si_pid=9995, si_uid=1001} ---
9997  <... tgkill resumed>)             = 0
9997  tgkill(9995, 10001, SIGURG)       = 0
10001 --- SIGURG {si_signo=SIGURG, si_code=SI_TKILL, si_pid=9995, si_uid=1001} ---
9997  tgkill(9995, 10001, SIGURG)       = 0
10001 --- SIGURG {si_signo=SIGURG, si_code=SI_TKILL, si_pid=9995, si_uid=1001} ---
9996  tgkill(9995, 10001, SIGURG)       = 0
10001 --- SIGURG {si_signo=SIGURG, si_code=SI_TKILL, si_pid=9995, si_uid=1001} ---
9996  tgkill(9995, 9999, SIGURG <unfinished ...>
9999  --- SIGURG {si_signo=SIGURG, si_code=SI_TKILL, si_pid=9995, si_uid=1001} ---
9996  <... tgkill resumed>)             = 0
9996  tgkill(9995, 10001, SIGURG <unfinished ...>
10001 --- SIGURG {si_signo=SIGURG, si_code=SI_TKILL, si_pid=9995, si_uid=1001} ---
9996  <... tgkill resumed>)             = 0
9996  tgkill(9995, 9999, SIGURG <unfinished ...>
9999  --- SIGURG {si_signo=SIGURG, si_code=SI_TKILL, si_pid=9995, si_uid=1001} ---
9996  <... tgkill resumed>)             = 0
9996  tgkill(9995, 9999, SIGURG <unfinished ...>
9999  --- SIGURG {si_signo=SIGURG, si_code=SI_TKILL, si_pid=9995, si_uid=1001} ---
9996  <... tgkill resumed>)             = 0
9996  tgkill(9995, 9999, SIGURG)        = 0
9999  --- SIGURG {si_signo=SIGURG, si_code=SI_TKILL, si_pid=9995, si_uid=1001} ---
9996  tgkill(9995, 10001, SIGURG)       = 0
10001 --- SIGURG {si_signo=SIGURG, si_code=SI_TKILL, si_pid=9995, si_uid=1001} ---
9996  tgkill(9995, 10001, SIGURG)       = 0
10001 --- SIGURG {si_signo=SIGURG, si_code=SI_TKILL, si_pid=9995, si_uid=1001} ---
9997  tgkill(9995, 10001, SIGURG)       = 0
10001 --- SIGURG {si_signo=SIGURG, si_code=SI_TKILL, si_pid=9995, si_uid=1001} ---
10001 tgkill(9995, 9999, SIGURG)        = 0
9999  --- SIGURG {si_signo=SIGURG, si_code=SI_TKILL, si_pid=9995, si_uid=1001} ---
9996  tgkill(9995, 9995, SIGURG)        = 0
9995  --- SIGURG {si_signo=SIGURG, si_code=SI_TKILL, si_pid=9995, si_uid=1001} ---
9999  tgkill(9995, 9995, SIGURG)        = 0
9995  --- SIGURG {si_signo=SIGURG, si_code=SI_TKILL, si_pid=9995, si_uid=1001} ---
9995  tgkill(9995, 9999, SIGURG)        = 0
9999  --- SIGURG {si_signo=SIGURG, si_code=SI_TKILL, si_pid=9995, si_uid=1001} ---
9995  tgkill(9995, 9997, SIGURG)        = 0
9997  --- SIGURG {si_signo=SIGURG, si_code=SI_TKILL, si_pid=9995, si_uid=1001} ---
9995  tgkill(9995, 9999, SIGURG)        = 0
9999  --- SIGURG {si_signo=SIGURG, si_code=SI_TKILL, si_pid=9995, si_uid=1001} ---
9995  tgkill(9995, 10001, SIGURG)       = 0
10001 --- SIGURG {si_signo=SIGURG, si_code=SI_TKILL, si_pid=9995, si_uid=1001} ---
9995  tgkill(9995, 10001, SIGURG)       = 0
10001 --- SIGURG {si_signo=SIGURG, si_code=SI_TKILL, si_pid=9995, si_uid=1001} ---
9996  tgkill(9995, 10001, SIGURG <unfinished ...>
10001 --- SIGURG {si_signo=SIGURG, si_code=SI_TKILL, si_pid=9995, si_uid=1001} ---
9996  <... tgkill resumed>)             = 0
9996  tgkill(9995, 10001, SIGURG)       = 0
10001 --- SIGURG {si_signo=SIGURG, si_code=SI_TKILL, si_pid=9995, si_uid=1001} ---
9998  tgkill(9995, 9997, SIGURG <unfinished ...>
9997  tgkill(9995, 9999, SIGURG <unfinished ...>
9998  <... tgkill resumed>)             = 0
9999  --- SIGURG {si_signo=SIGURG, si_code=SI_TKILL, si_pid=9995, si_uid=1001} ---
9997  <... tgkill resumed>)             = 0
9997  --- SIGURG {si_signo=SIGURG, si_code=SI_TKILL, si_pid=9995, si_uid=1001} ---
9999  tgkill(9995, 9998, SIGURG)        = 0
9998  --- SIGURG {si_signo=SIGURG, si_code=SI_TKILL, si_pid=9995, si_uid=1001} ---
9995  tgkill(9995, 9997, SIGURG)        = 0
9997  --- SIGURG {si_signo=SIGURG, si_code=SI_TKILL, si_pid=9995, si_uid=1001} ---
9995  tgkill(9995, 9997, SIGURG)        = 0
9997  --- SIGURG {si_signo=SIGURG, si_code=SI_TKILL, si_pid=9995, si_uid=1001} ---
9995  tgkill(9995, 9998, SIGURG)        = 0
9998  --- SIGURG {si_signo=SIGURG, si_code=SI_TKILL, si_pid=9995, si_uid=1001} ---
9995  tgkill(9995, 9998, SIGURG)        = 0
9998  --- SIGURG {si_signo=SIGURG, si_code=SI_TKILL, si_pid=9995, si_uid=1001} ---
9996  tgkill(9995, 9998, SIGURG)        = 0
9998  --- SIGURG {si_signo=SIGURG, si_code=SI_TKILL, si_pid=9995, si_uid=1001} ---
9996  tgkill(9995, 9999, SIGURG)        = 0
9999  --- SIGURG {si_signo=SIGURG, si_code=SI_TKILL, si_pid=9995, si_uid=1001} ---
9996  tgkill(9995, 9998, SIGURG)        = 0
9998  --- SIGURG {si_signo=SIGURG, si_code=SI_TKILL, si_pid=9995, si_uid=1001} ---
9998  tgkill(9995, 9999, SIGURG)        = 0
9999  --- SIGURG {si_signo=SIGURG, si_code=SI_TKILL, si_pid=9995, si_uid=1001} ---
9996  tgkill(9995, 9997, SIGURG <unfinished ...>
9997  --- SIGURG {si_signo=SIGURG, si_code=SI_TKILL, si_pid=9995, si_uid=1001} ---
9996  <... tgkill resumed>)             = 0
9997  tgkill(9995, 9995, SIGURG)        = 0
9995  --- SIGURG {si_signo=SIGURG, si_code=SI_TKILL, si_pid=9995, si_uid=1001} ---
9998  tgkill(9995, 9999, SIGURG)        = 0
9999  --- SIGURG {si_signo=SIGURG, si_code=SI_TKILL, si_pid=9995, si_uid=1001} ---
9998  tgkill(9995, 9999, SIGURG)        = 0
9999  --- SIGURG {si_signo=SIGURG, si_code=SI_TKILL, si_pid=9995, si_uid=1001} ---
9998  tgkill(9995, 9999, SIGURG)        = 0
9999  --- SIGURG {si_signo=SIGURG, si_code=SI_TKILL, si_pid=9995, si_uid=1001} ---
9996  tgkill(9995, 9999, SIGURG <unfinished ...>
9999  --- SIGURG {si_signo=SIGURG, si_code=SI_TKILL, si_pid=9995, si_uid=1001} ---
9996  <... tgkill resumed>)             = 0
9996  tgkill(9995, 9998, SIGURG <unfinished ...>
9998  --- SIGURG {si_signo=SIGURG, si_code=SI_TKILL, si_pid=9995, si_uid=1001} ---
9996  <... tgkill resumed>)             = 0
9996  tgkill(9995, 9998, SIGURG <unfinished ...>
9998  --- SIGURG {si_signo=SIGURG, si_code=SI_TKILL, si_pid=9995, si_uid=1001} ---
9996  <... tgkill resumed>)             = 0
9996  tgkill(9995, 9998, SIGURG <unfinished ...>
9998  --- SIGURG {si_signo=SIGURG, si_code=SI_TKILL, si_pid=9995, si_uid=1001} ---
9996  <... tgkill resumed>)             = 0
10001 tgkill(9995, 9999, SIGURG)        = 0
9999  --- SIGURG {si_signo=SIGURG, si_code=SI_TKILL, si_pid=9995, si_uid=1001} ---
9995  tgkill(9995, 10001, SIGURG)       = 0
10001 --- SIGURG {si_signo=SIGURG, si_code=SI_TKILL, si_pid=9995, si_uid=1001} ---
9999  tgkill(9995, 10001, SIGURG)       = 0
10001 --- SIGURG {si_signo=SIGURG, si_code=SI_TKILL, si_pid=9995, si_uid=1001} ---
9999  tgkill(9995, 9998, SIGURG)        = 0
9998  --- SIGURG {si_signo=SIGURG, si_code=SI_TKILL, si_pid=9995, si_uid=1001} ---
9999  tgkill(9995, 9998, SIGURG)        = 0
9998  --- SIGURG {si_signo=SIGURG, si_code=SI_TKILL, si_pid=9995, si_uid=1001} ---
9996  tgkill(9995, 9998, SIGURG)        = 0
9998  --- SIGURG {si_signo=SIGURG, si_code=SI_TKILL, si_pid=9995, si_uid=1001} ---
9996  tgkill(9995, 10001, SIGURG)       = 0
10001 --- SIGURG {si_signo=SIGURG, si_code=SI_TKILL, si_pid=9995, si_uid=1001} ---
9996  tgkill(9995, 9995, SIGURG)        = 0
9995  --- SIGURG {si_signo=SIGURG, si_code=SI_TKILL, si_pid=9995, si_uid=1001} ---
9996  tgkill(9995, 10001, SIGURG)       = 0
10001 --- SIGURG {si_signo=SIGURG, si_code=SI_TKILL, si_pid=9995, si_uid=1001} ---
9996  tgkill(9995, 9995, SIGURG)        = 0
9995  --- SIGURG {si_signo=SIGURG, si_code=SI_TKILL, si_pid=9995, si_uid=1001} ---
9996  tgkill(9995, 10001, SIGURG)       = 0
10001 --- SIGURG {si_signo=SIGURG, si_code=SI_TKILL, si_pid=9995, si_uid=1001} ---
9996  tgkill(9995, 9995, SIGURG)        = 0
9995  --- SIGURG {si_signo=SIGURG, si_code=SI_TKILL, si_pid=9995, si_uid=1001} ---
9996  tgkill(9995, 10001, SIGURG)       = 0
10001 --- SIGURG {si_signo=SIGURG, si_code=SI_TKILL, si_pid=9995, si_uid=1001} ---
9996  tgkill(9995, 9995, SIGURG)        = 0
9995  --- SIGURG {si_signo=SIGURG, si_code=SI_TKILL, si_pid=9995, si_uid=1001} ---
9996  tgkill(9995, 10001, SIGURG <unfinished ...>
10001 --- SIGURG {si_signo=SIGURG, si_code=SI_TKILL, si_pid=9995, si_uid=1001} ---
9996  <... tgkill resumed>)             = 0
9999  tgkill(9995, 10001, SIGURG)       = 0
10001 --- SIGURG {si_signo=SIGURG, si_code=SI_TKILL, si_pid=9995, si_uid=1001} ---
9996  tgkill(9995, 10001, SIGURG)       = 0
10001 --- SIGURG {si_signo=SIGURG, si_code=SI_TKILL, si_pid=9995, si_uid=1001} ---
9996  tgkill(9995, 9995, SIGURG)        = 0
9996  tgkill(9995, 9999, SIGURG <unfinished ...>
9995  --- SIGURG {si_signo=SIGURG, si_code=SI_TKILL, si_pid=9995, si_uid=1001} ---
9996  <... tgkill resumed>)             = 0
9999  --- SIGURG {si_signo=SIGURG, si_code=SI_TKILL, si_pid=9995, si_uid=1001} ---
9999  tgkill(9995, 9995, SIGURG)        = 0
9995  --- SIGURG {si_signo=SIGURG, si_code=SI_TKILL, si_pid=9995, si_uid=1001} ---
9999  tgkill(9995, 9998, SIGURG)        = 0
9998  --- SIGURG {si_signo=SIGURG, si_code=SI_TKILL, si_pid=9995, si_uid=1001} ---
9999  tgkill(9995, 9998, SIGURG)        = 0
9998  --- SIGURG {si_signo=SIGURG, si_code=SI_TKILL, si_pid=9995, si_uid=1001} ---
9996  tgkill(9995, 9998, SIGURG)        = 0
9998  --- SIGURG {si_signo=SIGURG, si_code=SI_TKILL, si_pid=9995, si_uid=1001} ---
9996  tgkill(9995, 9999, SIGURG)        = 0
9999  --- SIGURG {si_signo=SIGURG, si_code=SI_TKILL, si_pid=9995, si_uid=1001} ---
9996  tgkill(9995, 9998, SIGURG <unfinished ...>
9998  --- SIGURG {si_signo=SIGURG, si_code=SI_TKILL, si_pid=9995, si_uid=1001} ---
9996  <... tgkill resumed>)             = 0
9996  tgkill(9995, 9999, SIGURG <unfinished ...>
9999  --- SIGURG {si_signo=SIGURG, si_code=SI_TKILL, si_pid=9995, si_uid=1001} ---
9996  <... tgkill resumed>)             = 0
9996  tgkill(9995, 9998, SIGURG <unfinished ...>
9998  --- SIGURG {si_signo=SIGURG, si_code=SI_TKILL, si_pid=9995, si_uid=1001} ---
9996  <... tgkill resumed>)             = 0
9996  tgkill(9995, 9998, SIGURG)        = 0
9998  --- SIGURG {si_signo=SIGURG, si_code=SI_TKILL, si_pid=9995, si_uid=1001} ---
9998  tgkill(9995, 9995, SIGURG)        = 0
9995  --- SIGURG {si_signo=SIGURG, si_code=SI_TKILL, si_pid=9995, si_uid=1001} ---
9996  tgkill(9995, 9998, SIGURG)        = 0
9998  --- SIGURG {si_signo=SIGURG, si_code=SI_TKILL, si_pid=9995, si_uid=1001} ---
9996  tgkill(9995, 9995, SIGURG)        = 0
9995  --- SIGURG {si_signo=SIGURG, si_code=SI_TKILL, si_pid=9995, si_uid=1001} ---
9996  tgkill(9995, 10001, SIGURG <unfinished ...>
10001 --- SIGURG {si_signo=SIGURG, si_code=SI_TKILL, si_pid=9995, si_uid=1001} ---
9996  <... tgkill resumed>)             = 0
9996  tgkill(9995, 9999, SIGURG <unfinished ...>
9999  --- SIGURG {si_signo=SIGURG, si_code=SI_TKILL, si_pid=9995, si_uid=1001} ---
9996  <... tgkill resumed>)             = 0
9998  tgkill(9995, 9995, SIGURG)        = 0
9995  --- SIGURG {si_signo=SIGURG, si_code=SI_TKILL, si_pid=9995, si_uid=1001} ---
9998  tgkill(9995, 10001, SIGURG)       = 0
10001 --- SIGURG {si_signo=SIGURG, si_code=SI_TKILL, si_pid=9995, si_uid=1001} ---
9998  tgkill(9995, 9999, SIGURG <unfinished ...>
9999  --- SIGURG {si_signo=SIGURG, si_code=SI_TKILL, si_pid=9995, si_uid=1001} ---
9998  <... tgkill resumed>)             = 0
9999  tgkill(9995, 9998, SIGURG)        = 0
9998  --- SIGURG {si_signo=SIGURG, si_code=SI_TKILL, si_pid=9995, si_uid=1001} ---
9999  tgkill(9995, 9995, SIGURG)        = 0
9999  tgkill(9995, 10001, SIGURG <unfinished ...>
9995  --- SIGURG {si_signo=SIGURG, si_code=SI_TKILL, si_pid=9995, si_uid=1001} ---
9999  <... tgkill resumed>)             = 0
10001 --- SIGURG {si_signo=SIGURG, si_code=SI_TKILL, si_pid=9995, si_uid=1001} ---
9999  tgkill(9995, 9998, SIGURG)        = 0
9998  --- SIGURG {si_signo=SIGURG, si_code=SI_TKILL, si_pid=9995, si_uid=1001} ---
9999  tgkill(9995, 9995, SIGURG)        = 0
9995  --- SIGURG {si_signo=SIGURG, si_code=SI_TKILL, si_pid=9995, si_uid=1001} ---
9999  tgkill(9995, 10001, SIGURG)       = 0
10001 --- SIGURG {si_signo=SIGURG, si_code=SI_TKILL, si_pid=9995, si_uid=1001} ---
9999  tgkill(9995, 9998, SIGURG)        = 0
9998  --- SIGURG {si_signo=SIGURG, si_code=SI_TKILL, si_pid=9995, si_uid=1001} ---
9999  tgkill(9995, 9995, SIGURG)        = 0
9995  --- SIGURG {si_signo=SIGURG, si_code=SI_TKILL, si_pid=9995, si_uid=1001} ---
9999  tgkill(9995, 10001, SIGURG)       = 0
10001 --- SIGURG {si_signo=SIGURG, si_code=SI_TKILL, si_pid=9995, si_uid=1001} ---
9999  tgkill(9995, 9998, SIGURG)        = 0
9998  --- SIGURG {si_signo=SIGURG, si_code=SI_TKILL, si_pid=9995, si_uid=1001} ---
9999  tgkill(9995, 9995, SIGURG)        = 0
9995  --- SIGURG {si_signo=SIGURG, si_code=SI_TKILL, si_pid=9995, si_uid=1001} ---
9996  tgkill(9995, 9998, SIGURG)        = 0
9998  --- SIGURG {si_signo=SIGURG, si_code=SI_TKILL, si_pid=9995, si_uid=1001} ---
9996  tgkill(9995, 9995, SIGURG)        = 0
9995  --- SIGURG {si_signo=SIGURG, si_code=SI_TKILL, si_pid=9995, si_uid=1001} ---
9996  tgkill(9995, 10001, SIGURG)       = 0
10001 --- SIGURG {si_signo=SIGURG, si_code=SI_TKILL, si_pid=9995, si_uid=1001} ---
9996  tgkill(9995, 9999, SIGURG <unfinished ...>
9999  --- SIGURG {si_signo=SIGURG, si_code=SI_TKILL, si_pid=9995, si_uid=1001} ---
9996  <... tgkill resumed>)             = 0
9996  tgkill(9995, 9998, SIGURG <unfinished ...>
9998  --- SIGURG {si_signo=SIGURG, si_code=SI_TKILL, si_pid=9995, si_uid=1001} ---
9996  <... tgkill resumed>)             = 0
9996  tgkill(9995, 9995, SIGURG)        = 0
9995  --- SIGURG {si_signo=SIGURG, si_code=SI_TKILL, si_pid=9995, si_uid=1001} ---
9996  tgkill(9995, 10001, SIGURG <unfinished ...>
10001 --- SIGURG {si_signo=SIGURG, si_code=SI_TKILL, si_pid=9995, si_uid=1001} ---
9996  <... tgkill resumed>)             = 0
9996  tgkill(9995, 9999, SIGURG <unfinished ...>
9999  --- SIGURG {si_signo=SIGURG, si_code=SI_TKILL, si_pid=9995, si_uid=1001} ---
9996  <... tgkill resumed>)             = 0
9996  tgkill(9995, 9998, SIGURG <unfinished ...>
9998  --- SIGURG {si_signo=SIGURG, si_code=SI_TKILL, si_pid=9995, si_uid=1001} ---
9996  <... tgkill resumed>)             = 0
9996  tgkill(9995, 9995, SIGURG)        = 0
9995  --- SIGURG {si_signo=SIGURG, si_code=SI_TKILL, si_pid=9995, si_uid=1001} ---
9996  tgkill(9995, 10001, SIGURG)       = 0
10001 --- SIGURG {si_signo=SIGURG, si_code=SI_TKILL, si_pid=9995, si_uid=1001} ---
9996  tgkill(9995, 9999, SIGURG <unfinished ...>
9999  --- SIGURG {si_signo=SIGURG, si_code=SI_TKILL, si_pid=9995, si_uid=1001} ---
9996  <... tgkill resumed>)             = 0
9998  tgkill(9995, 9995, SIGURG)        = 0
9995  --- SIGURG {si_signo=SIGURG, si_code=SI_TKILL, si_pid=9995, si_uid=1001} ---
10001 tgkill(9995, 9999, SIGURG)        = 0
9999  --- SIGURG {si_signo=SIGURG, si_code=SI_TKILL, si_pid=9995, si_uid=1001} ---
10001 tgkill(9995, 9998, SIGURG)        = 0
10001 tgkill(9995, 9995, SIGURG <unfinished ...>
9998  --- SIGURG {si_signo=SIGURG, si_code=SI_TKILL, si_pid=9995, si_uid=1001} ---
10001 <... tgkill resumed>)             = 0
9995  --- SIGURG {si_signo=SIGURG, si_code=SI_TKILL, si_pid=9995, si_uid=1001} ---
10001 tgkill(9995, 9999, SIGURG)        = 0
9999  --- SIGURG {si_signo=SIGURG, si_code=SI_TKILL, si_pid=9995, si_uid=1001} ---
9996  tgkill(9995, 9998, SIGURG)        = 0
9998  --- SIGURG {si_signo=SIGURG, si_code=SI_TKILL, si_pid=9995, si_uid=1001} ---
9996  tgkill(9995, 9995, SIGURG)        = 0
9995  --- SIGURG {si_signo=SIGURG, si_code=SI_TKILL, si_pid=9995, si_uid=1001} ---
9996  tgkill(9995, 10001, SIGURG)       = 0
10001 --- SIGURG {si_signo=SIGURG, si_code=SI_TKILL, si_pid=9995, si_uid=1001} ---
9996  tgkill(9995, 9999, SIGURG <unfinished ...>
9999  --- SIGURG {si_signo=SIGURG, si_code=SI_TKILL, si_pid=9995, si_uid=1001} ---
9996  <... tgkill resumed>)             = 0
9996  tgkill(9995, 10001, SIGURG)       = 0
10001 --- SIGURG {si_signo=SIGURG, si_code=SI_TKILL, si_pid=9995, si_uid=1001} ---
9996  tgkill(9995, 9998, SIGURG)        = 0
9998  --- SIGURG {si_signo=SIGURG, si_code=SI_TKILL, si_pid=9995, si_uid=1001} ---
9996  tgkill(9995, 9995, SIGURG)        = 0
9995  --- SIGURG {si_signo=SIGURG, si_code=SI_TKILL, si_pid=9995, si_uid=1001} ---
9996  tgkill(9995, 10001, SIGURG <unfinished ...>
10001 --- SIGURG {si_signo=SIGURG, si_code=SI_TKILL, si_pid=9995, si_uid=1001} ---
9996  <... tgkill resumed>)             = 0
9996  tgkill(9995, 9999, SIGURG <unfinished ...>
9999  --- SIGURG {si_signo=SIGURG, si_code=SI_TKILL, si_pid=9995, si_uid=1001} ---
9996  <... tgkill resumed>)             = 0
9996  tgkill(9995, 9995, SIGURG)        = 0
9995  --- SIGURG {si_signo=SIGURG, si_code=SI_TKILL, si_pid=9995, si_uid=1001} ---
9996  tgkill(9995, 10001, SIGURG)       = 0
10001 --- SIGURG {si_signo=SIGURG, si_code=SI_TKILL, si_pid=9995, si_uid=1001} ---
9996  tgkill(9995, 9998, SIGURG)        = 0
9998  --- SIGURG {si_signo=SIGURG, si_code=SI_TKILL, si_pid=9995, si_uid=1001} ---
9996  tgkill(9995, 9995, SIGURG)        = 0
9995  --- SIGURG {si_signo=SIGURG, si_code=SI_TKILL, si_pid=9995, si_uid=1001} ---
9996  tgkill(9995, 10001, SIGURG)       = 0
10001 --- SIGURG {si_signo=SIGURG, si_code=SI_TKILL, si_pid=9995, si_uid=1001} ---
9996  tgkill(9995, 9999, SIGURG <unfinished ...>
9999  --- SIGURG {si_signo=SIGURG, si_code=SI_TKILL, si_pid=9995, si_uid=1001} ---
9996  <... tgkill resumed>)             = 0
10001 tgkill(9995, 9998, SIGURG)        = 0
10001 tgkill(9995, 9995, SIGURG <unfinished ...>
9998  --- SIGURG {si_signo=SIGURG, si_code=SI_TKILL, si_pid=9995, si_uid=1001} ---
10001 <... tgkill resumed>)             = 0
9995  --- SIGURG {si_signo=SIGURG, si_code=SI_TKILL, si_pid=9995, si_uid=1001} ---
10001 tgkill(9995, 9999, SIGURG)        = 0
9999  --- SIGURG {si_signo=SIGURG, si_code=SI_TKILL, si_pid=9995, si_uid=1001} ---
9995  tgkill(9995, 9998, SIGURG)        = 0
9998  --- SIGURG {si_signo=SIGURG, si_code=SI_TKILL, si_pid=9995, si_uid=1001} ---
9995  tgkill(9995, 10001, SIGURG)       = 0
10001 --- SIGURG {si_signo=SIGURG, si_code=SI_TKILL, si_pid=9995, si_uid=1001} ---
9995  tgkill(9995, 9999, SIGURG)        = 0
9999  --- SIGURG {si_signo=SIGURG, si_code=SI_TKILL, si_pid=9995, si_uid=1001} ---
10001 tgkill(9995, 9998, SIGURG)        = 0
9998  --- SIGURG {si_signo=SIGURG, si_code=SI_TKILL, si_pid=9995, si_uid=1001} ---
10001 tgkill(9995, 9995, SIGURG)        = 0
10001 tgkill(9995, 9999, SIGURG <unfinished ...>
9995  --- SIGURG {si_signo=SIGURG, si_code=SI_TKILL, si_pid=9995, si_uid=1001} ---
10001 <... tgkill resumed>)             = 0
9999  --- SIGURG {si_signo=SIGURG, si_code=SI_TKILL, si_pid=9995, si_uid=1001} ---
10001 tgkill(9995, 9998, SIGURG)        = 0
10001 tgkill(9995, 9995, SIGURG <unfinished ...>
9998  --- SIGURG {si_signo=SIGURG, si_code=SI_TKILL, si_pid=9995, si_uid=1001} ---
10001 <... tgkill resumed>)             = 0
9995  --- SIGURG {si_signo=SIGURG, si_code=SI_TKILL, si_pid=9995, si_uid=1001} ---
10001 tgkill(9995, 9999, SIGURG)        = 0
9999  --- SIGURG {si_signo=SIGURG, si_code=SI_TKILL, si_pid=9995, si_uid=1001} ---
9996  tgkill(9995, 9998, SIGURG)        = 0
9998  --- SIGURG {si_signo=SIGURG, si_code=SI_TKILL, si_pid=9995, si_uid=1001} ---
9996  tgkill(9995, 9995, SIGURG)        = 0
9995  --- SIGURG {si_signo=SIGURG, si_code=SI_TKILL, si_pid=9995, si_uid=1001} ---
9996  tgkill(9995, 9999, SIGURG <unfinished ...>
9999  --- SIGURG {si_signo=SIGURG, si_code=SI_TKILL, si_pid=9995, si_uid=1001} ---
9996  <... tgkill resumed>)             = 0
9996  tgkill(9995, 10001, SIGURG)       = 0
10001 --- SIGURG {si_signo=SIGURG, si_code=SI_TKILL, si_pid=9995, si_uid=1001} ---
9996  tgkill(9995, 9998, SIGURG)        = 0
9998  --- SIGURG {si_signo=SIGURG, si_code=SI_TKILL, si_pid=9995, si_uid=1001} ---
9996  tgkill(9995, 9995, SIGURG)        = 0
9995  --- SIGURG {si_signo=SIGURG, si_code=SI_TKILL, si_pid=9995, si_uid=1001} ---
9996  tgkill(9995, 9999, SIGURG)        = 0
9999  --- SIGURG {si_signo=SIGURG, si_code=SI_TKILL, si_pid=9995, si_uid=1001} ---
9996  tgkill(9995, 9998, SIGURG <unfinished ...>
9998  --- SIGURG {si_signo=SIGURG, si_code=SI_TKILL, si_pid=9995, si_uid=1001} ---
9996  <... tgkill resumed>)             = 0
9996  tgkill(9995, 10001, SIGURG)       = 0
10001 --- SIGURG {si_signo=SIGURG, si_code=SI_TKILL, si_pid=9995, si_uid=1001} ---
9996  tgkill(9995, 9995, SIGURG)        = 0
9995  --- SIGURG {si_signo=SIGURG, si_code=SI_TKILL, si_pid=9995, si_uid=1001} ---
9996  tgkill(9995, 9999, SIGURG <unfinished ...>
9999  --- SIGURG {si_signo=SIGURG, si_code=SI_TKILL, si_pid=9995, si_uid=1001} ---
9996  <... tgkill resumed>)             = 0
9996  tgkill(9995, 9998, SIGURG)        = 0
9998  --- SIGURG {si_signo=SIGURG, si_code=SI_TKILL, si_pid=9995, si_uid=1001} ---
9996  tgkill(9995, 9995, SIGURG)        = 0
9995  --- SIGURG {si_signo=SIGURG, si_code=SI_TKILL, si_pid=9995, si_uid=1001} ---
9996  tgkill(9995, 10001, SIGURG)       = 0
10001 --- SIGURG {si_signo=SIGURG, si_code=SI_TKILL, si_pid=9995, si_uid=1001} ---
9996  tgkill(9995, 9999, SIGURG <unfinished ...>
9999  --- SIGURG {si_signo=SIGURG, si_code=SI_TKILL, si_pid=9995, si_uid=1001} ---
9996  <... tgkill resumed>)             = 0
9996  tgkill(9995, 9998, SIGURG)        = 0
9998  --- SIGURG {si_signo=SIGURG, si_code=SI_TKILL, si_pid=9995, si_uid=1001} ---
9996  tgkill(9995, 9995, SIGURG)        = 0
9995  --- SIGURG {si_signo=SIGURG, si_code=SI_TKILL, si_pid=9995, si_uid=1001} ---
9996  tgkill(9995, 10001, SIGURG <unfinished ...>
10001 --- SIGURG {si_signo=SIGURG, si_code=SI_TKILL, si_pid=9995, si_uid=1001} ---
9996  <... tgkill resumed>)             = 0
9996  tgkill(9995, 9999, SIGURG <unfinished ...>
9999  --- SIGURG {si_signo=SIGURG, si_code=SI_TKILL, si_pid=9995, si_uid=1001} ---
9996  <... tgkill resumed>)             = 0
9999  tgkill(9995, 9998, SIGURG)        = 0
9998  --- SIGURG {si_signo=SIGURG, si_code=SI_TKILL, si_pid=9995, si_uid=1001} ---
10001 tgkill(9995, 9999, SIGURG)        = 0
9999  --- SIGURG {si_signo=SIGURG, si_code=SI_TKILL, si_pid=9995, si_uid=1001} ---
10001 tgkill(9995, 9995, SIGURG <unfinished ...>
9996  tgkill(9995, 9998, SIGURG <unfinished ...>
10001 <... tgkill resumed>)             = 0
9995  --- SIGURG {si_signo=SIGURG, si_code=SI_TKILL, si_pid=9995, si_uid=1001} ---
10001 tgkill(9995, 9995, SIGURG)        = 0
9995  --- SIGURG {si_signo=SIGURG, si_code=SI_TKILL, si_pid=9995, si_uid=1001} ---
9998  --- SIGURG {si_signo=SIGURG, si_code=SI_TKILL, si_pid=9995, si_uid=1001} ---
9996  <... tgkill resumed>)             = 0
10001 tgkill(9995, 9999, SIGURG)        = 0
9999  --- SIGURG {si_signo=SIGURG, si_code=SI_TKILL, si_pid=9995, si_uid=1001} ---
9996  tgkill(9995, 10001, SIGURG)       = 0
10001 --- SIGURG {si_signo=SIGURG, si_code=SI_TKILL, si_pid=9995, si_uid=1001} ---
9996  tgkill(9995, 9995, SIGURG)        = 0
9995  --- SIGURG {si_signo=SIGURG, si_code=SI_TKILL, si_pid=9995, si_uid=1001} ---
9996  tgkill(9995, 9998, SIGURG)        = 0
9998  --- SIGURG {si_signo=SIGURG, si_code=SI_TKILL, si_pid=9995, si_uid=1001} ---
9996  tgkill(9995, 10001, SIGURG)       = 0
10001 --- SIGURG {si_signo=SIGURG, si_code=SI_TKILL, si_pid=9995, si_uid=1001} ---
9996  tgkill(9995, 9999, SIGURG)        = 0
9999  --- SIGURG {si_signo=SIGURG, si_code=SI_TKILL, si_pid=9995, si_uid=1001} ---
9996  tgkill(9995, 10001, SIGURG)       = 0
10001 --- SIGURG {si_signo=SIGURG, si_code=SI_TKILL, si_pid=9995, si_uid=1001} ---
9996  tgkill(9995, 9998, SIGURG)        = 0
9998  --- SIGURG {si_signo=SIGURG, si_code=SI_TKILL, si_pid=9995, si_uid=1001} ---
9996  tgkill(9995, 10001, SIGURG)       = 0
10001 --- SIGURG {si_signo=SIGURG, si_code=SI_TKILL, si_pid=9995, si_uid=1001} ---
9996  tgkill(9995, 9995, SIGURG)        = 0
9995  --- SIGURG {si_signo=SIGURG, si_code=SI_TKILL, si_pid=9995, si_uid=1001} ---
9996  tgkill(9995, 9999, SIGURG)        = 0
9999  --- SIGURG {si_signo=SIGURG, si_code=SI_TKILL, si_pid=9995, si_uid=1001} ---
9996  tgkill(9995, 10001, SIGURG)       = 0
10001 --- SIGURG {si_signo=SIGURG, si_code=SI_TKILL, si_pid=9995, si_uid=1001} ---
9996  tgkill(9995, 9995, SIGURG)        = 0
9995  --- SIGURG {si_signo=SIGURG, si_code=SI_TKILL, si_pid=9995, si_uid=1001} ---
9996  tgkill(9995, 9998, SIGURG)        = 0
9998  --- SIGURG {si_signo=SIGURG, si_code=SI_TKILL, si_pid=9995, si_uid=1001} ---
9996  tgkill(9995, 10001, SIGURG <unfinished ...>
10001 --- SIGURG {si_signo=SIGURG, si_code=SI_TKILL, si_pid=9995, si_uid=1001} ---
9996  <... tgkill resumed>)             = 0
9996  tgkill(9995, 9999, SIGURG)        = 0
9999  --- SIGURG {si_signo=SIGURG, si_code=SI_TKILL, si_pid=9995, si_uid=1001} ---
9996  tgkill(9995, 10001, SIGURG)       = 0
10001 --- SIGURG {si_signo=SIGURG, si_code=SI_TKILL, si_pid=9995, si_uid=1001} ---
9996  tgkill(9995, 9995, SIGURG)        = 0
9995  --- SIGURG {si_signo=SIGURG, si_code=SI_TKILL, si_pid=9995, si_uid=1001} ---
9996  tgkill(9995, 9998, SIGURG)        = 0
9998  --- SIGURG {si_signo=SIGURG, si_code=SI_TKILL, si_pid=9995, si_uid=1001} ---
9996  tgkill(9995, 10001, SIGURG)       = 0
10001 --- SIGURG {si_signo=SIGURG, si_code=SI_TKILL, si_pid=9995, si_uid=1001} ---
9996  tgkill(9995, 9999, SIGURG)        = 0
9999  --- SIGURG {si_signo=SIGURG, si_code=SI_TKILL, si_pid=9995, si_uid=1001} ---
9996  tgkill(9995, 10001, SIGURG)       = 0
10001 --- SIGURG {si_signo=SIGURG, si_code=SI_TKILL, si_pid=9995, si_uid=1001} ---
9996  tgkill(9995, 9995, SIGURG)        = 0
9995  --- SIGURG {si_signo=SIGURG, si_code=SI_TKILL, si_pid=9995, si_uid=1001} ---
9996  tgkill(9995, 9999, SIGURG)        = 0
9999  --- SIGURG {si_signo=SIGURG, si_code=SI_TKILL, si_pid=9995, si_uid=1001} ---
9999  tgkill(9995, 10001, SIGURG)       = 0
10001 --- SIGURG {si_signo=SIGURG, si_code=SI_TKILL, si_pid=9995, si_uid=1001} ---
9999  tgkill(9995, 9995, SIGURG)        = 0
9995  --- SIGURG {si_signo=SIGURG, si_code=SI_TKILL, si_pid=9995, si_uid=1001} ---
9995  tgkill(9995, 9998, SIGURG)        = 0
9998  --- SIGURG {si_signo=SIGURG, si_code=SI_TKILL, si_pid=9995, si_uid=1001} ---
9995  tgkill(9995, 10001, SIGURG)       = 0
10001 --- SIGURG {si_signo=SIGURG, si_code=SI_TKILL, si_pid=9995, si_uid=1001} ---
9995  tgkill(9995, 9999, SIGURG)        = 0
9999  --- SIGURG {si_signo=SIGURG, si_code=SI_TKILL, si_pid=9995, si_uid=1001} ---
9995  tgkill(9995, 9998, SIGURG)        = 0
9998  --- SIGURG {si_signo=SIGURG, si_code=SI_TKILL, si_pid=9995, si_uid=1001} ---
9995  tgkill(9995, 10001, SIGURG)       = 0
10001 --- SIGURG {si_signo=SIGURG, si_code=SI_TKILL, si_pid=9995, si_uid=1001} ---
9995  tgkill(9995, 9999, SIGURG)        = 0
9999  --- SIGURG {si_signo=SIGURG, si_code=SI_TKILL, si_pid=9995, si_uid=1001} ---
9995  tgkill(9995, 9998, SIGURG)        = 0
9998  --- SIGURG {si_signo=SIGURG, si_code=SI_TKILL, si_pid=9995, si_uid=1001} ---
9995  tgkill(9995, 10001, SIGURG)       = 0
10001 --- SIGURG {si_signo=SIGURG, si_code=SI_TKILL, si_pid=9995, si_uid=1001} ---
9995  tgkill(9995, 9999, SIGURG)        = 0
9999  --- SIGURG {si_signo=SIGURG, si_code=SI_TKILL, si_pid=9995, si_uid=1001} ---
9995  tgkill(9995, 9998, SIGURG)        = 0
9998  --- SIGURG {si_signo=SIGURG, si_code=SI_TKILL, si_pid=9995, si_uid=1001} ---
9996  tgkill(9995, 9998, SIGURG)        = 0
9998  --- SIGURG {si_signo=SIGURG, si_code=SI_TKILL, si_pid=9995, si_uid=1001} ---
9996  tgkill(9995, 10001, SIGURG)       = 0
10001 --- SIGURG {si_signo=SIGURG, si_code=SI_TKILL, si_pid=9995, si_uid=1001} ---
9996  tgkill(9995, 9999, SIGURG)        = 0
9999  --- SIGURG {si_signo=SIGURG, si_code=SI_TKILL, si_pid=9995, si_uid=1001} ---
9996  tgkill(9995, 9998, SIGURG)        = 0
9998  --- SIGURG {si_signo=SIGURG, si_code=SI_TKILL, si_pid=9995, si_uid=1001} ---
9996  tgkill(9995, 9999, SIGURG)        = 0
9999  --- SIGURG {si_signo=SIGURG, si_code=SI_TKILL, si_pid=9995, si_uid=1001} ---
9996  tgkill(9995, 9995, SIGURG)        = 0
9995  --- SIGURG {si_signo=SIGURG, si_code=SI_TKILL, si_pid=9995, si_uid=1001} ---
9996  tgkill(9995, 9998, SIGURG)        = 0
9998  --- SIGURG {si_signo=SIGURG, si_code=SI_TKILL, si_pid=9995, si_uid=1001} ---
9996  tgkill(9995, 10001, SIGURG)       = 0
10001 --- SIGURG {si_signo=SIGURG, si_code=SI_TKILL, si_pid=9995, si_uid=1001} ---
9996  tgkill(9995, 9999, SIGURG)        = 0
9999  --- SIGURG {si_signo=SIGURG, si_code=SI_TKILL, si_pid=9995, si_uid=1001} ---
9996  tgkill(9995, 9995, SIGURG)        = 0
9995  --- SIGURG {si_signo=SIGURG, si_code=SI_TKILL, si_pid=9995, si_uid=1001} ---
9996  tgkill(9995, 9998, SIGURG)        = 0
9998  --- SIGURG {si_signo=SIGURG, si_code=SI_TKILL, si_pid=9995, si_uid=1001} ---
9996  tgkill(9995, 10001, SIGURG)       = 0
10001 --- SIGURG {si_signo=SIGURG, si_code=SI_TKILL, si_pid=9995, si_uid=1001} ---
9996  tgkill(9995, 9999, SIGURG <unfinished ...>
9999  --- SIGURG {si_signo=SIGURG, si_code=SI_TKILL, si_pid=9995, si_uid=1001} ---
9996  <... tgkill resumed>)             = 0
9996  tgkill(9995, 9999, SIGURG)        = 0
9999  --- SIGURG {si_signo=SIGURG, si_code=SI_TKILL, si_pid=9995, si_uid=1001} ---
9996  tgkill(9995, 9998, SIGURG)        = 0
9998  --- SIGURG {si_signo=SIGURG, si_code=SI_TKILL, si_pid=9995, si_uid=1001} ---
9996  tgkill(9995, 9995, SIGURG)        = 0
9995  --- SIGURG {si_signo=SIGURG, si_code=SI_TKILL, si_pid=9995, si_uid=1001} ---
9996  tgkill(9995, 10001, SIGURG <unfinished ...>
10001 --- SIGURG {si_signo=SIGURG, si_code=SI_TKILL, si_pid=9995, si_uid=1001} ---
9996  <... tgkill resumed>)             = 0
9996  tgkill(9995, 9998, SIGURG <unfinished ...>
9998  --- SIGURG {si_signo=SIGURG, si_code=SI_TKILL, si_pid=9995, si_uid=1001} ---
9996  <... tgkill resumed>)             = 0
9996  tgkill(9995, 9995, SIGURG)        = 0
9995  --- SIGURG {si_signo=SIGURG, si_code=SI_TKILL, si_pid=9995, si_uid=1001} ---
9996  tgkill(9995, 9999, SIGURG <unfinished ...>
9999  --- SIGURG {si_signo=SIGURG, si_code=SI_TKILL, si_pid=9995, si_uid=1001} ---
9996  <... tgkill resumed>)             = 0
9996  tgkill(9995, 9999, SIGURG <unfinished ...>
9999  --- SIGURG {si_signo=SIGURG, si_code=SI_TKILL, si_pid=9995, si_uid=1001} ---
9996  <... tgkill resumed>)             = 0
9996  tgkill(9995, 9999, SIGURG)        = 0
9999  --- SIGURG {si_signo=SIGURG, si_code=SI_TKILL, si_pid=9995, si_uid=1001} ---
9996  tgkill(9995, 10001, SIGURG)       = 0
10001 --- SIGURG {si_signo=SIGURG, si_code=SI_TKILL, si_pid=9995, si_uid=1001} ---
9996  tgkill(9995, 9995, SIGURG)        = 0
9996  tgkill(9995, 9998, SIGURG)        = 0
9998  --- SIGURG {si_signo=SIGURG, si_code=SI_TKILL, si_pid=9995, si_uid=1001} ---
9995  --- SIGURG {si_signo=SIGURG, si_code=SI_TKILL, si_pid=9995, si_uid=1001} ---
9996  tgkill(9995, 10001, SIGURG)       = 0
10001 --- SIGURG {si_signo=SIGURG, si_code=SI_TKILL, si_pid=9995, si_uid=1001} ---
9996  tgkill(9995, 9999, SIGURG <unfinished ...>
9999  --- SIGURG {si_signo=SIGURG, si_code=SI_TKILL, si_pid=9995, si_uid=1001} ---
9996  <... tgkill resumed>)             = 0
9996  tgkill(9995, 10001, SIGURG)       = 0
10001 --- SIGURG {si_signo=SIGURG, si_code=SI_TKILL, si_pid=9995, si_uid=1001} ---
9996  tgkill(9995, 9995, SIGURG)        = 0
9996  tgkill(9995, 9998, SIGURG)        = 0
9998  --- SIGURG {si_signo=SIGURG, si_code=SI_TKILL, si_pid=9995, si_uid=1001} ---
9995  --- SIGURG {si_signo=SIGURG, si_code=SI_TKILL, si_pid=9995, si_uid=1001} ---
9996  tgkill(9995, 10001, SIGURG)       = 0
10001 --- SIGURG {si_signo=SIGURG, si_code=SI_TKILL, si_pid=9995, si_uid=1001} ---
9996  tgkill(9995, 9999, SIGURG)        = 0
9999  --- SIGURG {si_signo=SIGURG, si_code=SI_TKILL, si_pid=9995, si_uid=1001} ---
9997  tgkill(9995, 9999, SIGURG)        = 0
9999  --- SIGURG {si_signo=SIGURG, si_code=SI_TKILL, si_pid=9995, si_uid=1001} ---
9997  tgkill(9995, 9999, SIGURG)        = 0
9999  --- SIGURG {si_signo=SIGURG, si_code=SI_TKILL, si_pid=9995, si_uid=1001} ---
9996  tgkill(9995, 9999, SIGURG)        = 0
9999  --- SIGURG {si_signo=SIGURG, si_code=SI_TKILL, si_pid=9995, si_uid=1001} ---
9996  tgkill(9995, 9995, SIGURG)        = 0
9995  --- SIGURG {si_signo=SIGURG, si_code=SI_TKILL, si_pid=9995, si_uid=1001} ---
9996  tgkill(9995, 9995, SIGURG)        = 0
9995  --- SIGURG {si_signo=SIGURG, si_code=SI_TKILL, si_pid=9995, si_uid=1001} ---
9996  tgkill(9995, 9995, SIGURG)        = 0
9995  --- SIGURG {si_signo=SIGURG, si_code=SI_TKILL, si_pid=9995, si_uid=1001} ---
9996  tgkill(9995, 9995, SIGURG)        = 0
9995  --- SIGURG {si_signo=SIGURG, si_code=SI_TKILL, si_pid=9995, si_uid=1001} ---
9996  tgkill(9995, 9997, SIGURG)        = 0
9997  --- SIGURG {si_signo=SIGURG, si_code=SI_TKILL, si_pid=9995, si_uid=1001} ---
9996  tgkill(9995, 9997, SIGURG)        = 0
9997  --- SIGURG {si_signo=SIGURG, si_code=SI_TKILL, si_pid=9995, si_uid=1001} ---
9997  exit_group(0)                     = ?
10001 +++ exited with 0 +++
10000 +++ exited with 0 +++
9999  +++ exited with 0 +++
9997  +++ exited with 0 +++
9996  +++ exited with 0 +++
9998  +++ exited with 0 +++
9995  +++ exited with 0 +++
9911  <... waitid resumed>{si_signo=SIGCHLD, si_code=CLD_EXITED, si_pid=9995, si_uid=1001, si_status=0, si_utime=0, si_stime=0}, WEXITED, {ru_utime={tv_sec=3, tv_usec=620353}, ru_stime={tv_sec=0, tv_usec=246727}, ...}) = 0
9621  --- SIGCHLD {si_signo=SIGCHLD, si_code=CLD_EXITED, si_pid=9995, si_uid=1001, si_status=0, si_utime=359 /* 3.59 s */, si_stime=24 /* 0.24 s */} ---
9621  clone(child_stack=NULL, flags=CLONE_VM|CLONE_PIDFD|CLONE_VFORK|SIGCHLD <unfinished ...>
10002 execve("/opt/hostedtoolcache/go/1.27.1/arm64/pkg/tool/linux_arm64/asm", ["/opt/hostedtoolcache/go/1.27.1/a"..., "-p", "runtime", "-trimpath", "/tmp/go-build3484636357/b009=>", "-I", "/tmp/go-build3484636357/b009/", "-I", "/opt/hostedtoolcache/go/1.27.1/a"..., "-D", "GOOS_linux", "-D", "GOARCH_arm64", "-std", "-o", "/tmp/go-build3484636357/b009/asm"..., "/opt/hostedtoolcache/go/1.27.1/a"...], 0x382e35d40d88 /* 140 vars */ <unfinished ...>
9621  <... clone resumed>, parent_tid=[12]) = 10002
10002 <... execve resumed>)             = 0
9621  waitid(P_PIDFD, 12,  <unfinished ...>
10002 clone(child_stack=0x6c425ea3a000, flags=CLONE_VM|CLONE_FS|CLONE_FILES|CLONE_SIGHAND|CLONE_THREAD|CLONE_SYSVSEM) = 10003
10002 clone(child_stack=0x6c425ea72000, flags=CLONE_VM|CLONE_FS|CLONE_FILES|CLONE_SIGHAND|CLONE_THREAD|CLONE_SYSVSEM) = 10004
10002 clone(child_stack=0x6c425ea6e000, flags=CLONE_VM|CLONE_FS|CLONE_FILES|CLONE_SIGHAND|CLONE_THREAD|CLONE_SYSVSEM) = 10005
10004 clone(child_stack=0x6c425eaa0000, flags=CLONE_VM|CLONE_FS|CLONE_FILES|CLONE_SIGHAND|CLONE_THREAD|CLONE_SYSVSEM) = 10006
10002 exit_group(0)                     = ?
10006 +++ exited with 0 +++
10005 +++ exited with 0 +++
10004 +++ exited with 0 +++
10003 +++ exited with 0 +++
10002 +++ exited with 0 +++
9911  --- SIGCHLD {si_signo=SIGCHLD, si_code=CLD_EXITED, si_pid=10002, si_uid=1001, si_status=0, si_utime=0, si_stime=0} ---
9621  <... waitid resumed>{si_signo=SIGCHLD, si_code=CLD_EXITED, si_pid=10002, si_uid=1001, si_status=0, si_utime=0, si_stime=0}, WEXITED, {ru_utime={tv_sec=0, tv_usec=1438}, ru_stime={tv_sec=0, tv_usec=5035}, ...}) = 0
9911  clone(child_stack=NULL, flags=CLONE_VM|CLONE_PIDFD|CLONE_VFORK|SIGCHLD <unfinished ...>
10007 execve("/opt/hostedtoolcache/go/1.27.1/arm64/pkg/tool/linux_arm64/asm", ["/opt/hostedtoolcache/go/1.27.1/a"..., "-p", "runtime", "-trimpath", "/tmp/go-build3484636357/b009=>", "-I", "/tmp/go-build3484636357/b009/", "-I", "/opt/hostedtoolcache/go/1.27.1/a"..., "-D", "GOOS_linux", "-D", "GOARCH_arm64", "-std", "-o", "/tmp/go-build3484636357/b009/asm"..., "/opt/hostedtoolcache/go/1.27.1/a"...], 0x382e35f8d208 /* 140 vars */ <unfinished ...>
9911  <... clone resumed>, parent_tid=[12]) = 10007
10007 <... execve resumed>)             = 0
9911  waitid(P_PIDFD, 12,  <unfinished ...>
10007 clone(child_stack=0x7f347bf44000, flags=CLONE_VM|CLONE_FS|CLONE_FILES|CLONE_SIGHAND|CLONE_THREAD|CLONE_SYSVSEM) = 10008
10007 clone(child_stack=0x7f347bf7c000, flags=CLONE_VM|CLONE_FS|CLONE_FILES|CLONE_SIGHAND|CLONE_THREAD|CLONE_SYSVSEM) = 10009
10007 clone(child_stack=0x7f347bf78000, flags=CLONE_VM|CLONE_FS|CLONE_FILES|CLONE_SIGHAND|CLONE_THREAD|CLONE_SYSVSEM) = 10010
10009 clone(child_stack=0x7f347bfa8000, flags=CLONE_VM|CLONE_FS|CLONE_FILES|CLONE_SIGHAND|CLONE_THREAD|CLONE_SYSVSEM) = 10011
10008 tgkill(10007, 10010, SIGURG <unfinished ...>
10010 --- SIGURG {si_signo=SIGURG, si_code=SI_TKILL, si_pid=10007, si_uid=1001} ---
10008 <... tgkill resumed>)             = 0
10007 exit_group(0)                     = ?
10011 +++ exited with 0 +++
10010 +++ exited with 0 +++
10009 +++ exited with 0 +++
10008 +++ exited with 0 +++
10007 +++ exited with 0 +++
9911  <... waitid resumed>{si_signo=SIGCHLD, si_code=CLD_EXITED, si_pid=10007, si_uid=1001, si_status=0, si_utime=0, si_stime=0}, WEXITED, {ru_utime={tv_sec=0, tv_usec=6061}, ru_stime={tv_sec=0, tv_usec=8082}, ...}) = 0
9621  --- SIGCHLD {si_signo=SIGCHLD, si_code=CLD_EXITED, si_pid=10007, si_uid=1001, si_status=0, si_utime=0, si_stime=0} ---
9621  clone(child_stack=NULL, flags=CLONE_VM|CLONE_PIDFD|CLONE_VFORK|SIGCHLD <unfinished ...>
10012 execve("/opt/hostedtoolcache/go/1.27.1/arm64/pkg/tool/linux_arm64/asm", ["/opt/hostedtoolcache/go/1.27.1/a"..., "-p", "runtime", "-trimpath", "/tmp/go-build3484636357/b009=>", "-I", "/tmp/go-build3484636357/b009/", "-I", "/opt/hostedtoolcache/go/1.27.1/a"..., "-D", "GOOS_linux", "-D", "GOARCH_arm64", "-std", "-o", "/tmp/go-build3484636357/b009/ato"..., "/opt/hostedtoolcache/go/1.27.1/a"...], 0x382e35d41208 /* 140 vars */ <unfinished ...>
9621  <... clone resumed>, parent_tid=[12]) = 10012
10012 <... execve resumed>)             = 0
9621  waitid(P_PIDFD, 12,  <unfinished ...>
10012 clone(child_stack=0x5c64281a8000, flags=CLONE_VM|CLONE_FS|CLONE_FILES|CLONE_SIGHAND|CLONE_THREAD|CLONE_SYSVSEM) = 10013
10012 clone(child_stack=0x5c64281e0000, flags=CLONE_VM|CLONE_FS|CLONE_FILES|CLONE_SIGHAND|CLONE_THREAD|CLONE_SYSVSEM) = 10014
10012 clone(child_stack=0x5c64281dc000, flags=CLONE_VM|CLONE_FS|CLONE_FILES|CLONE_SIGHAND|CLONE_THREAD|CLONE_SYSVSEM) = 10015
10014 clone(child_stack=0x5c6428218000, flags=CLONE_VM|CLONE_FS|CLONE_FILES|CLONE_SIGHAND|CLONE_THREAD|CLONE_SYSVSEM) = 10016
10012 exit_group(0)                     = ?
10015 +++ exited with 0 +++
10016 +++ exited with 0 +++
10014 +++ exited with 0 +++
10013 +++ exited with 0 +++
10012 +++ exited with 0 +++
9911  --- SIGCHLD {si_signo=SIGCHLD, si_code=CLD_EXITED, si_pid=10012, si_uid=1001, si_status=0, si_utime=0, si_stime=0} ---
9621  <... waitid resumed>{si_signo=SIGCHLD, si_code=CLD_EXITED, si_pid=10012, si_uid=1001, si_status=0, si_utime=0, si_stime=0}, WEXITED, {ru_utime={tv_sec=0, tv_usec=1825}, ru_stime={tv_sec=0, tv_usec=4563}, ...}) = 0
9911  clone(child_stack=NULL, flags=CLONE_VM|CLONE_PIDFD|CLONE_VFORK|SIGCHLD <unfinished ...>
10017 execve("/opt/hostedtoolcache/go/1.27.1/arm64/pkg/tool/linux_arm64/asm", ["/opt/hostedtoolcache/go/1.27.1/a"..., "-p", "runtime", "-trimpath", "/tmp/go-build3484636357/b009=>", "-I", "/tmp/go-build3484636357/b009/", "-I", "/opt/hostedtoolcache/go/1.27.1/a"..., "-D", "GOOS_linux", "-D", "GOARCH_arm64", "-std", "-o", "/tmp/go-build3484636357/b009/int"..., "/opt/hostedtoolcache/go/1.27.1/a"...], 0x382e35f8d688 /* 140 vars */ <unfinished ...>
9911  <... clone resumed>, parent_tid=[12]) = 10017
10017 <... execve resumed>)             = 0
9911  waitid(P_PIDFD, 12,  <unfinished ...>
10017 clone(child_stack=0x490bf4f92000, flags=CLONE_VM|CLONE_FS|CLONE_FILES|CLONE_SIGHAND|CLONE_THREAD|CLONE_SYSVSEM) = 10018
10017 clone(child_stack=0x490bf4fca000, flags=CLONE_VM|CLONE_FS|CLONE_FILES|CLONE_SIGHAND|CLONE_THREAD|CLONE_SYSVSEM) = 10019
10017 clone(child_stack=0x490bf4fc6000, flags=CLONE_VM|CLONE_FS|CLONE_FILES|CLONE_SIGHAND|CLONE_THREAD|CLONE_SYSVSEM) = 10020
10019 clone(child_stack=0x490bf5018000, flags=CLONE_VM|CLONE_FS|CLONE_FILES|CLONE_SIGHAND|CLONE_THREAD|CLONE_SYSVSEM <unfinished ...>
10018 tgkill(10017, 10020, SIGURG)      = 0
10020 --- SIGURG {si_signo=SIGURG, si_code=SI_TKILL, si_pid=10017, si_uid=1001} ---
10019 <... clone resumed>)              = 10021
10017 exit_group(0)                     = ?
10021 +++ exited with 0 +++
10020 +++ exited with 0 +++
10019 +++ exited with 0 +++
10018 +++ exited with 0 +++
10017 +++ exited with 0 +++
9621  --- SIGCHLD {si_signo=SIGCHLD, si_code=CLD_EXITED, si_pid=10017, si_uid=1001, si_status=0, si_utime=0, si_stime=0} ---
9911  <... waitid resumed>{si_signo=SIGCHLD, si_code=CLD_EXITED, si_pid=10017, si_uid=1001, si_status=0, si_utime=0, si_stime=0}, WEXITED, {ru_utime={tv_sec=0, tv_usec=1394}, ru_stime={tv_sec=0, tv_usec=5576}, ...}) = 0
9621  clone(child_stack=NULL, flags=CLONE_VM|CLONE_PIDFD|CLONE_VFORK|SIGCHLD <unfinished ...>
10022 execve("/opt/hostedtoolcache/go/1.27.1/arm64/pkg/tool/linux_arm64/asm", ["/opt/hostedtoolcache/go/1.27.1/a"..., "-p", "runtime", "-trimpath", "/tmp/go-build3484636357/b009=>", "-I", "/tmp/go-build3484636357/b009/", "-I", "/opt/hostedtoolcache/go/1.27.1/a"..., "-D", "GOOS_linux", "-D", "GOARCH_arm64", "-std", "-o", "/tmp/go-build3484636357/b009/mem"..., "/opt/hostedtoolcache/go/1.27.1/a"...], 0x382e35d41688 /* 140 vars */ <unfinished ...>
9621  <... clone resumed>, parent_tid=[12]) = 10022
10022 <... execve resumed>)             = 0
9621  waitid(P_PIDFD, 12,  <unfinished ...>
10022 clone(child_stack=0x6d22b3a88000, flags=CLONE_VM|CLONE_FS|CLONE_FILES|CLONE_SIGHAND|CLONE_THREAD|CLONE_SYSVSEM) = 10023
10022 clone(child_stack=0x6d22b3ac0000, flags=CLONE_VM|CLONE_FS|CLONE_FILES|CLONE_SIGHAND|CLONE_THREAD|CLONE_SYSVSEM) = 10024
10022 clone(child_stack=0x6d22b3abc000, flags=CLONE_VM|CLONE_FS|CLONE_FILES|CLONE_SIGHAND|CLONE_THREAD|CLONE_SYSVSEM) = 10025
10024 clone(child_stack=0x6d22b3b18000, flags=CLONE_VM|CLONE_FS|CLONE_FILES|CLONE_SIGHAND|CLONE_THREAD|CLONE_SYSVSEM) = 10026
10022 exit_group(0)                     = ?
10026 +++ exited with 0 +++
10025 +++ exited with 0 +++
10024 +++ exited with 0 +++
10023 +++ exited with 0 +++
10022 +++ exited with 0 +++
9911  --- SIGCHLD {si_signo=SIGCHLD, si_code=CLD_EXITED, si_pid=10022, si_uid=1001, si_status=0, si_utime=0, si_stime=0} ---
9621  <... waitid resumed>{si_signo=SIGCHLD, si_code=CLD_EXITED, si_pid=10022, si_uid=1001, si_status=0, si_utime=0, si_stime=0}, WEXITED, {ru_utime={tv_sec=0, tv_usec=3322}, ru_stime={tv_sec=0, tv_usec=3322}, ...}) = 0
9911  clone(child_stack=NULL, flags=CLONE_VM|CLONE_PIDFD|CLONE_VFORK|SIGCHLD <unfinished ...>
10027 execve("/opt/hostedtoolcache/go/1.27.1/arm64/pkg/tool/linux_arm64/asm", ["/opt/hostedtoolcache/go/1.27.1/a"..., "-p", "runtime", "-trimpath", "/tmp/go-build3484636357/b009=>", "-I", "/tmp/go-build3484636357/b009/", "-I", "/opt/hostedtoolcache/go/1.27.1/a"..., "-D", "GOOS_linux", "-D", "GOARCH_arm64", "-std", "-o", "/tmp/go-build3484636357/b009/mem"..., "/opt/hostedtoolcache/go/1.27.1/a"...], 0x382e36081208 /* 140 vars */ <unfinished ...>
9911  <... clone resumed>, parent_tid=[12]) = 10027
10027 <... execve resumed>)             = 0
9911  waitid(P_PIDFD, 12,  <unfinished ...>
10027 clone(child_stack=0x6f0994d7e000, flags=CLONE_VM|CLONE_FS|CLONE_FILES|CLONE_SIGHAND|CLONE_THREAD|CLONE_SYSVSEM) = 10028
10027 clone(child_stack=0x6f0994db6000, flags=CLONE_VM|CLONE_FS|CLONE_FILES|CLONE_SIGHAND|CLONE_THREAD|CLONE_SYSVSEM) = 10029
10027 clone(child_stack=0x6f0994db2000, flags=CLONE_VM|CLONE_FS|CLONE_FILES|CLONE_SIGHAND|CLONE_THREAD|CLONE_SYSVSEM) = 10030
10029 clone(child_stack=0x6f0994e18000, flags=CLONE_VM|CLONE_FS|CLONE_FILES|CLONE_SIGHAND|CLONE_THREAD|CLONE_SYSVSEM) = 10031
10027 exit_group(0)                     = ?
10030 +++ exited with 0 +++
10029 +++ exited with 0 +++
10028 +++ exited with 0 +++
10031 +++ exited with 0 +++
10027 +++ exited with 0 +++
9911  <... waitid resumed>{si_signo=SIGCHLD, si_code=CLD_EXITED, si_pid=10027, si_uid=1001, si_status=0, si_utime=0, si_stime=0}, WEXITED, {ru_utime={tv_sec=0, tv_usec=2242}, ru_stime={tv_sec=0, tv_usec=4485}, ...}) = 0
9621  --- SIGCHLD {si_signo=SIGCHLD, si_code=CLD_EXITED, si_pid=10027, si_uid=1001, si_status=0, si_utime=0, si_stime=0} ---
9621  clone(child_stack=NULL, flags=CLONE_VM|CLONE_PIDFD|CLONE_VFORK|SIGCHLD <unfinished ...>
10032 execve("/opt/hostedtoolcache/go/1.27.1/arm64/pkg/tool/linux_arm64/asm", ["/opt/hostedtoolcache/go/1.27.1/a"..., "-p", "runtime", "-trimpath", "/tmp/go-build3484636357/b009=>", "-I", "/tmp/go-build3484636357/b009/", "-I", "/opt/hostedtoolcache/go/1.27.1/a"..., "-D", "GOOS_linux", "-D", "GOARCH_arm64", "-std", "-o", "/tmp/go-build3484636357/b009/pre"..., "/opt/hostedtoolcache/go/1.27.1/a"...], 0x382e35d41b08 /* 140 vars */ <unfinished ...>
9621  <... clone resumed>, parent_tid=[12]) = 10032
10032 <... execve resumed>)             = 0
9621  waitid(P_PIDFD, 12,  <unfinished ...>
10032 clone(child_stack=0x488fef2a8000, flags=CLONE_VM|CLONE_FS|CLONE_FILES|CLONE_SIGHAND|CLONE_THREAD|CLONE_SYSVSEM) = 10033
10032 clone(child_stack=0x488fef2e0000, flags=CLONE_VM|CLONE_FS|CLONE_FILES|CLONE_SIGHAND|CLONE_THREAD|CLONE_SYSVSEM) = 10034
10032 clone(child_stack=0x488fef2dc000, flags=CLONE_VM|CLONE_FS|CLONE_FILES|CLONE_SIGHAND|CLONE_THREAD|CLONE_SYSVSEM) = 10035
10034 clone(child_stack=0x488fef318000, flags=CLONE_VM|CLONE_FS|CLONE_FILES|CLONE_SIGHAND|CLONE_THREAD|CLONE_SYSVSEM) = 10036
10032 exit_group(0)                     = ?
10035 +++ exited with 0 +++
10036 +++ exited with 0 +++
10034 +++ exited with 0 +++
10033 +++ exited with 0 +++
10032 +++ exited with 0 +++
9911  --- SIGCHLD {si_signo=SIGCHLD, si_code=CLD_EXITED, si_pid=10032, si_uid=1001, si_status=0, si_utime=0, si_stime=0} ---
9621  <... waitid resumed>{si_signo=SIGCHLD, si_code=CLD_EXITED, si_pid=10032, si_uid=1001, si_status=0, si_utime=0, si_stime=0}, WEXITED, {ru_utime={tv_sec=0, tv_usec=2682}, ru_stime={tv_sec=0, tv_usec=6259}, ...}) = 0
9911  clone(child_stack=NULL, flags=CLONE_VM|CLONE_PIDFD|CLONE_VFORK|SIGCHLD <unfinished ...>
10037 execve("/opt/hostedtoolcache/go/1.27.1/arm64/pkg/tool/linux_arm64/asm", ["/opt/hostedtoolcache/go/1.27.1/a"..., "-p", "runtime", "-trimpath", "/tmp/go-build3484636357/b009=>", "-I", "/tmp/go-build3484636357/b009/", "-I", "/opt/hostedtoolcache/go/1.27.1/a"..., "-D", "GOOS_linux", "-D", "GOARCH_arm64", "-std", "-o", "/tmp/go-build3484636357/b009/rt0"..., "/opt/hostedtoolcache/go/1.27.1/a"...], 0x382e35f64488 /* 140 vars */ <unfinished ...>
9911  <... clone resumed>, parent_tid=[12]) = 10037
10037 <... execve resumed>)             = 0
9911  waitid(P_PIDFD, 12,  <unfinished ...>
10037 clone(child_stack=0x1e15a10aa000, flags=CLONE_VM|CLONE_FS|CLONE_FILES|CLONE_SIGHAND|CLONE_THREAD|CLONE_SYSVSEM) = 10038
10037 clone(child_stack=0x1e15a10e2000, flags=CLONE_VM|CLONE_FS|CLONE_FILES|CLONE_SIGHAND|CLONE_THREAD|CLONE_SYSVSEM) = 10039
10037 clone(child_stack=0x1e15a10de000, flags=CLONE_VM|CLONE_FS|CLONE_FILES|CLONE_SIGHAND|CLONE_THREAD|CLONE_SYSVSEM) = 10040
10039 clone(child_stack=0x1e15a1118000, flags=CLONE_VM|CLONE_FS|CLONE_FILES|CLONE_SIGHAND|CLONE_THREAD|CLONE_SYSVSEM) = 10041
10037 exit_group(0)                     = ?
10041 +++ exited with 0 +++
10040 +++ exited with 0 +++
10039 +++ exited with 0 +++
10038 +++ exited with 0 +++
10037 +++ exited with 0 +++
9911  <... waitid resumed>{si_signo=SIGCHLD, si_code=CLD_EXITED, si_pid=10037, si_uid=1001, si_status=0, si_utime=0, si_stime=0}, WEXITED, {ru_utime={tv_sec=0, tv_usec=2501}, ru_stime={tv_sec=0, tv_usec=3752}, ...}) = 0
9621  --- SIGCHLD {si_signo=SIGCHLD, si_code=CLD_EXITED, si_pid=10037, si_uid=1001, si_status=0, si_utime=0, si_stime=0} ---
9621  clone(child_stack=NULL, flags=CLONE_VM|CLONE_PIDFD|CLONE_VFORK|SIGCHLD <unfinished ...>
10042 execve("/opt/hostedtoolcache/go/1.27.1/arm64/pkg/tool/linux_arm64/asm", ["/opt/hostedtoolcache/go/1.27.1/a"..., "-p", "runtime", "-trimpath", "/tmp/go-build3484636357/b009=>", "-I", "/tmp/go-build3484636357/b009/", "-I", "/opt/hostedtoolcache/go/1.27.1/a"..., "-D", "GOOS_linux", "-D", "GOARCH_arm64", "-std", "-o", "/tmp/go-build3484636357/b009/sec"..., "/opt/hostedtoolcache/go/1.27.1/a"...], 0x382e36040488 /* 140 vars */ <unfinished ...>
9621  <... clone resumed>, parent_tid=[12]) = 10042
10042 <... execve resumed>)             = 0
9621  waitid(P_PIDFD, 12,  <unfinished ...>
10042 clone(child_stack=0x2038c5850000, flags=CLONE_VM|CLONE_FS|CLONE_FILES|CLONE_SIGHAND|CLONE_THREAD|CLONE_SYSVSEM) = 10043
10042 clone(child_stack=0x2038c5888000, flags=CLONE_VM|CLONE_FS|CLONE_FILES|CLONE_SIGHAND|CLONE_THREAD|CLONE_SYSVSEM) = 10044
10043 tgkill(10042, 10042, SIGURG <unfinished ...>
10042 clone(child_stack=0x2038c5884000, flags=CLONE_VM|CLONE_FS|CLONE_FILES|CLONE_SIGHAND|CLONE_THREAD|CLONE_SYSVSEM <unfinished ...>
10043 <... tgkill resumed>)             = 0
10042 <... clone resumed>)              = 10045
10042 --- SIGURG {si_signo=SIGURG, si_code=SI_TKILL, si_pid=10042, si_uid=1001} ---
10044 clone(child_stack=0x2038c5918000, flags=CLONE_VM|CLONE_FS|CLONE_FILES|CLONE_SIGHAND|CLONE_THREAD|CLONE_SYSVSEM) = 10046
10042 exit_group(0)                     = ?
10046 +++ exited with 0 +++
10045 +++ exited with 0 +++
10044 +++ exited with 0 +++
10043 +++ exited with 0 +++
10042 +++ exited with 0 +++
9911  --- SIGCHLD {si_signo=SIGCHLD, si_code=CLD_EXITED, si_pid=10042, si_uid=1001, si_status=0, si_utime=0, si_stime=0} ---
9621  <... waitid resumed>{si_signo=SIGCHLD, si_code=CLD_EXITED, si_pid=10042, si_uid=1001, si_status=0, si_utime=0, si_stime=0}, WEXITED, {ru_utime={tv_sec=0, tv_usec=881}, ru_stime={tv_sec=0, tv_usec=7935}, ...}) = 0
9911  clone(child_stack=NULL, flags=CLONE_VM|CLONE_PIDFD|CLONE_VFORK|SIGCHLD <unfinished ...>
10047 execve("/opt/hostedtoolcache/go/1.27.1/arm64/pkg/tool/linux_arm64/asm", ["/opt/hostedtoolcache/go/1.27.1/a"..., "-p", "runtime", "-trimpath", "/tmp/go-build3484636357/b009=>", "-I", "/tmp/go-build3484636357/b009/", "-I", "/opt/hostedtoolcache/go/1.27.1/a"..., "-D", "GOOS_linux", "-D", "GOARCH_arm64", "-std", "-o", "/tmp/go-build3484636357/b009/sys"..., "/opt/hostedtoolcache/go/1.27.1/a"...], 0x382e35f65b08 /* 140 vars */ <unfinished ...>
9911  <... clone resumed>, parent_tid=[12]) = 10047
10047 <... execve resumed>)             = 0
9911  waitid(P_PIDFD, 12,  <unfinished ...>
10047 clone(child_stack=0x4c04dab10000, flags=CLONE_VM|CLONE_FS|CLONE_FILES|CLONE_SIGHAND|CLONE_THREAD|CLONE_SYSVSEM) = 10048
10047 clone(child_stack=0x4c04dab48000, flags=CLONE_VM|CLONE_FS|CLONE_FILES|CLONE_SIGHAND|CLONE_THREAD|CLONE_SYSVSEM) = 10049
10047 clone(child_stack=0x4c04dab44000, flags=CLONE_VM|CLONE_FS|CLONE_FILES|CLONE_SIGHAND|CLONE_THREAD|CLONE_SYSVSEM) = 10050
10049 clone(child_stack=0x4c04dab98000, flags=CLONE_VM|CLONE_FS|CLONE_FILES|CLONE_SIGHAND|CLONE_THREAD|CLONE_SYSVSEM) = 10051
10048 tgkill(10047, 10047, SIGURG)      = 0
10047 --- SIGURG {si_signo=SIGURG, si_code=SI_TKILL, si_pid=10047, si_uid=1001} ---
10047 exit_group(0)                     = ?
10051 +++ exited with 0 +++
10050 +++ exited with 0 +++
10049 +++ exited with 0 +++
10048 +++ exited with 0 +++
10047 +++ exited with 0 +++
9911  <... waitid resumed>{si_signo=SIGCHLD, si_code=CLD_EXITED, si_pid=10047, si_uid=1001, si_status=0, si_utime=0, si_stime=0}, WEXITED, {ru_utime={tv_sec=0, tv_usec=3238}, ru_stime={tv_sec=0, tv_usec=7557}, ...}) = 0
9621  --- SIGCHLD {si_signo=SIGCHLD, si_code=CLD_EXITED, si_pid=10047, si_uid=1001, si_status=0, si_utime=0, si_stime=0} ---
9621  clone(child_stack=NULL, flags=CLONE_VM|CLONE_PIDFD|CLONE_VFORK|SIGCHLD <unfinished ...>
10052 execve("/opt/hostedtoolcache/go/1.27.1/arm64/pkg/tool/linux_arm64/asm", ["/opt/hostedtoolcache/go/1.27.1/a"..., "-p", "runtime", "-trimpath", "/tmp/go-build3484636357/b009=>", "-I", "/tmp/go-build3484636357/b009/", "-I", "/opt/hostedtoolcache/go/1.27.1/a"..., "-D", "GOOS_linux", "-D", "GOARCH_arm64", "-std", "-o", "/tmp/go-build3484636357/b009/tls"..., "/opt/hostedtoolcache/go/1.27.1/a"...], 0x382e36040908 /* 140 vars */ <unfinished ...>
9621  <... clone resumed>, parent_tid=[12]) = 10052
10052 <... execve resumed>)             = 0
9621  waitid(P_PIDFD, 12,  <unfinished ...>
10052 clone(child_stack=0x651178fe2000, flags=CLONE_VM|CLONE_FS|CLONE_FILES|CLONE_SIGHAND|CLONE_THREAD|CLONE_SYSVSEM) = 10053
10052 clone(child_stack=0x65117901a000, flags=CLONE_VM|CLONE_FS|CLONE_FILES|CLONE_SIGHAND|CLONE_THREAD|CLONE_SYSVSEM) = 10054
10052 clone(child_stack=0x651179016000, flags=CLONE_VM|CLONE_FS|CLONE_FILES|CLONE_SIGHAND|CLONE_THREAD|CLONE_SYSVSEM) = 10055
10054 clone(child_stack=0x651179098000, flags=CLONE_VM|CLONE_FS|CLONE_FILES|CLONE_SIGHAND|CLONE_THREAD|CLONE_SYSVSEM) = 10056
10053 tgkill(10052, 10055, SIGURG)      = 0
10055 --- SIGURG {si_signo=SIGURG, si_code=SI_TKILL, si_pid=10052, si_uid=1001} ---
10052 exit_group(0)                     = ?
10056 +++ exited with 0 +++
10055 +++ exited with 0 +++
10054 +++ exited with 0 +++
10053 +++ exited with 0 +++
10052 +++ exited with 0 +++
9911  --- SIGCHLD {si_signo=SIGCHLD, si_code=CLD_EXITED, si_pid=10052, si_uid=1001, si_status=0, si_utime=0, si_stime=0} ---
9621  <... waitid resumed>{si_signo=SIGCHLD, si_code=CLD_EXITED, si_pid=10052, si_uid=1001, si_status=0, si_utime=0, si_stime=0}, WEXITED, {ru_utime={tv_sec=0, tv_usec=2107}, ru_stime={tv_sec=0, tv_usec=7377}, ...}) = 0
9616  tgkill(9615, 9911, SIGURG)        = 0
9911  --- SIGURG {si_signo=SIGURG, si_code=SI_TKILL, si_pid=9615, si_uid=1001} ---
9616  tgkill(9615, 9911, SIGURG)        = 0
9911  --- SIGURG {si_signo=SIGURG, si_code=SI_TKILL, si_pid=9615, si_uid=1001} ---
9616  tgkill(9615, 9911, SIGURG)        = 0
9911  --- SIGURG {si_signo=SIGURG, si_code=SI_TKILL, si_pid=9615, si_uid=1001} ---
9616  tgkill(9615, 9911, SIGURG)        = 0
9911  --- SIGURG {si_signo=SIGURG, si_code=SI_TKILL, si_pid=9615, si_uid=1001} ---
9616  tgkill(9615, 9911, SIGURG)        = 0
9911  --- SIGURG {si_signo=SIGURG, si_code=SI_TKILL, si_pid=9615, si_uid=1001} ---
9911  tgkill(9615, 9621, SIGURG)        = 0
9621  --- SIGURG {si_signo=SIGURG, si_code=SI_TKILL, si_pid=9615, si_uid=1001} ---
9621  clone(child_stack=NULL, flags=CLONE_VM|CLONE_PIDFD|CLONE_VFORK|SIGCHLD <unfinished ...>
9620  clone(child_stack=NULL, flags=CLONE_VM|CLONE_PIDFD|CLONE_VFORK|SIGCHLD <unfinished ...>
10057 execve("/opt/hostedtoolcache/go/1.27.1/arm64/pkg/tool/linux_arm64/compile", ["/opt/hostedtoolcache/go/1.27.1/a"..., "-o", "/tmp/go-build3484636357/b039/_pk"..., "-trimpath", "/tmp/go-build3484636357/b039=>", "-p", "iter", "-lang=go1.27", "-std", "-complete", "-buildid", "DgyyIOKHmH8ZE3UWz1ON/DgyyIOKHmH8"..., "-goversion", "go1.27.1", "-c=4", "-nolocalimports", "-importcfg", "/tmp/go-build3484636357/b039/imp"..., "-pack", "/opt/hostedtoolcache/go/1.27.1/a"...], 0x382e35f8c488 /* 140 vars */ <unfinished ...>
9621  <... clone resumed>, parent_tid=[14]) = 10057
10057 <... execve resumed>)             = 0
9911  clone(child_stack=NULL, flags=CLONE_VM|CLONE_PIDFD|CLONE_VFORK|SIGCHLD <unfinished ...>
10058 execve("/opt/hostedtoolcache/go/1.27.1/arm64/pkg/tool/linux_arm64/asm", ["/opt/hostedtoolcache/go/1.27.1/a"..., "-p", "internal/reflectlite", "-trimpath", "/tmp/go-build3484636357/b004=>", "-I", "/tmp/go-build3484636357/b004/", "-I", "/opt/hostedtoolcache/go/1.27.1/a"..., "-D", "GOOS_linux", "-D", "GOARCH_arm64", "-std", "-gensymabis", "-o", "/tmp/go-build3484636357/b004/sym"..., "/opt/hostedtoolcache/go/1.27.1/a"...], 0x382e36040488 /* 140 vars */ <unfinished ...>
9620  <... clone resumed>, parent_tid=[16]) = 10058
10058 <... execve resumed>)             = 0
9621  waitid(P_PIDFD, 14,  <unfinished ...>
10059 execve("/opt/hostedtoolcache/go/1.27.1/arm64/pkg/tool/linux_arm64/compile", ["/opt/hostedtoolcache/go/1.27.1/a"..., "-o", "/tmp/go-build3484636357/b043/_pk"..., "-trimpath", "/tmp/go-build3484636357/b043=>", "-p", "sync", "-lang=go1.27", "-std", "-buildid", "tibdbErV-S0NeGN1bvWt/tibdbErV-S0"..., "-goversion", "go1.27.1", "-c=4", "-nolocalimports", "-importcfg", "/tmp/go-build3484636357/b043/imp"..., "-pack", "/opt/hostedtoolcache/go/1.27.1/a"..., "/opt/hostedtoolcache/go/1.27.1/a"..., "/opt/hostedtoolcache/go/1.27.1/a"..., "/opt/hostedtoolcache/go/1.27.1/a"..., "/opt/hostedtoolcache/go/1.27.1/a"..., "/opt/hostedtoolcache/go/1.27.1/a"..., "/opt/hostedtoolcache/go/1.27.1/a"..., "/opt/hostedtoolcache/go/1.27.1/a"..., "/opt/hostedtoolcache/go/1.27.1/a"..., "/opt/hostedtoolcache/go/1.27.1/a"..., "/opt/hostedtoolcache/go/1.27.1/a"...], 0x382e35f64488 /* 140 vars */ <unfinished ...>
9911  <... clone resumed>, parent_tid=[23]) = 10059
10059 <... execve resumed>)             = 0
9620  waitid(P_PIDFD, 16,  <unfinished ...>
9911  waitid(P_PIDFD, 23,  <unfinished ...>
10057 clone(child_stack=0x95b7c27e000, flags=CLONE_VM|CLONE_FS|CLONE_FILES|CLONE_SIGHAND|CLONE_THREAD|CLONE_SYSVSEM) = 10060
10058 clone(child_stack=0x2173c1f06000, flags=CLONE_VM|CLONE_FS|CLONE_FILES|CLONE_SIGHAND|CLONE_THREAD|CLONE_SYSVSEM <unfinished ...>
10057 clone(child_stack=0x95b7c2b6000, flags=CLONE_VM|CLONE_FS|CLONE_FILES|CLONE_SIGHAND|CLONE_THREAD|CLONE_SYSVSEM <unfinished ...>
10058 <... clone resumed>)              = 10061
10057 <... clone resumed>)              = 10062
10060 tgkill(10057, 10057, SIGURG)      = 0
10057 --- SIGURG {si_signo=SIGURG, si_code=SI_TKILL, si_pid=10057, si_uid=1001} ---
10058 clone(child_stack=0x2173c1f3e000, flags=CLONE_VM|CLONE_FS|CLONE_FILES|CLONE_SIGHAND|CLONE_THREAD|CLONE_SYSVSEM <unfinished ...>
10057 clone(child_stack=0x95b7c2b2000, flags=CLONE_VM|CLONE_FS|CLONE_FILES|CLONE_SIGHAND|CLONE_THREAD|CLONE_SYSVSEM <unfinished ...>
10058 <... clone resumed>)              = 10063
10057 <... clone resumed>)              = 10064
10061 tgkill(10058, 10058, SIGURG)      = 0
10058 clone(child_stack=0x2173c1f3a000, flags=CLONE_VM|CLONE_FS|CLONE_FILES|CLONE_SIGHAND|CLONE_THREAD|CLONE_SYSVSEM) = 10065
10058 --- SIGURG {si_signo=SIGURG, si_code=SI_TKILL, si_pid=10058, si_uid=1001} ---
10062 clone(child_stack=0x95b7c318000, flags=CLONE_VM|CLONE_FS|CLONE_FILES|CLONE_SIGHAND|CLONE_THREAD|CLONE_SYSVSEM) = 10066
10063 clone(child_stack=0x2173c1f98000, flags=CLONE_VM|CLONE_FS|CLONE_FILES|CLONE_SIGHAND|CLONE_THREAD|CLONE_SYSVSEM) = 10067
10059 clone(child_stack=0x20a8b0676000, flags=CLONE_VM|CLONE_FS|CLONE_FILES|CLONE_SIGHAND|CLONE_THREAD|CLONE_SYSVSEM) = 10068
10059 clone(child_stack=0x20a8b06ae000, flags=CLONE_VM|CLONE_FS|CLONE_FILES|CLONE_SIGHAND|CLONE_THREAD|CLONE_SYSVSEM) = 10069
10068 tgkill(10059, 10059, SIGURG)      = 0
10059 clone(child_stack=0x20a8b06aa000, flags=CLONE_VM|CLONE_FS|CLONE_FILES|CLONE_SIGHAND|CLONE_THREAD|CLONE_SYSVSEM) = 10070
10059 --- SIGURG {si_signo=SIGURG, si_code=SI_TKILL, si_pid=10059, si_uid=1001} ---
10069 clone(child_stack=0x20a8b0718000, flags=CLONE_VM|CLONE_FS|CLONE_FILES|CLONE_SIGHAND|CLONE_THREAD|CLONE_SYSVSEM) = 10071
10058 exit_group(0)                     = ?
10061 +++ exited with 0 +++
10067 +++ exited with 0 +++
10065 +++ exited with 0 +++
10063 +++ exited with 0 +++
10058 +++ exited with 0 +++
9615  --- SIGCHLD {si_signo=SIGCHLD, si_code=CLD_EXITED, si_pid=10058, si_uid=1001, si_status=0, si_utime=0, si_stime=0} ---
9620  <... waitid resumed>{si_signo=SIGCHLD, si_code=CLD_EXITED, si_pid=10058, si_uid=1001, si_status=0, si_utime=0, si_stime=0}, WEXITED, {ru_utime={tv_sec=0, tv_usec=1094}, ru_stime={tv_sec=0, tv_usec=4379}, ...}) = 0
10068 clone(child_stack=0x20a8b0734000, flags=CLONE_VM|CLONE_FS|CLONE_FILES|CLONE_SIGHAND|CLONE_THREAD|CLONE_SYSVSEM) = 10072
9615  clone(child_stack=NULL, flags=CLONE_VM|CLONE_PIDFD|CLONE_VFORK|SIGCHLD <unfinished ...>
10073 execve("/opt/hostedtoolcache/go/1.27.1/arm64/pkg/tool/linux_arm64/compile", ["/opt/hostedtoolcache/go/1.27.1/a"..., "-o", "/tmp/go-build3484636357/b004/_pk"..., "-trimpath", "/tmp/go-build3484636357/b004=>", "-p", "internal/reflectlite", "-lang=go1.27", "-std", "-buildid", "kVUm_RCEslAPuimKqqBo/kVUm_RCEslA"..., "-goversion", "go1.27.1", "-symabis", "/tmp/go-build3484636357/b004/sym"..., "-c=4", "-nolocalimports", "-importcfg", "/tmp/go-build3484636357/b004/imp"..., "-pack", "-asmhdr", "/tmp/go-build3484636357/b004/go_"..., "/opt/hostedtoolcache/go/1.27.1/a"..., "/opt/hostedtoolcache/go/1.27.1/a"..., "/opt/hostedtoolcache/go/1.27.1/a"...], 0x382e35f8c908 /* 140 vars */) = 0
9615  <... clone resumed>, parent_tid=[13]) = 10073
10060 tgkill(10057, 10057, SIGURG)      = 0
10057 --- SIGURG {si_signo=SIGURG, si_code=SI_TKILL, si_pid=10057, si_uid=1001} ---
9615  waitid(P_PIDFD, 13,  <unfinished ...>
10064 exit_group(0)                     = ?
10064 +++ exited with 0 +++
10062 +++ exited with 0 +++
10060 +++ exited with 0 +++
10066 +++ exited with 0 +++
10057 +++ exited with 0 +++
9616  --- SIGCHLD {si_signo=SIGCHLD, si_code=CLD_EXITED, si_pid=10057, si_uid=1001, si_status=0, si_utime=0, si_stime=0} ---
9621  <... waitid resumed>{si_signo=SIGCHLD, si_code=CLD_EXITED, si_pid=10057, si_uid=1001, si_status=0, si_utime=0, si_stime=0}, WEXITED, {ru_utime={tv_sec=0, tv_usec=6592}, ru_stime={tv_sec=0, tv_usec=7691}, ...}) = 0
10073 clone(child_stack=0x56f49dd0e000, flags=CLONE_VM|CLONE_FS|CLONE_FILES|CLONE_SIGHAND|CLONE_THREAD|CLONE_SYSVSEM) = 10074
10073 clone(child_stack=0x56f49dd46000, flags=CLONE_VM|CLONE_FS|CLONE_FILES|CLONE_SIGHAND|CLONE_THREAD|CLONE_SYSVSEM) = 10075
10073 clone(child_stack=0x56f49dd42000, flags=CLONE_VM|CLONE_FS|CLONE_FILES|CLONE_SIGHAND|CLONE_THREAD|CLONE_SYSVSEM) = 10076
10075 clone(child_stack=0x56f49dd98000, flags=CLONE_VM|CLONE_FS|CLONE_FILES|CLONE_SIGHAND|CLONE_THREAD|CLONE_SYSVSEM) = 10077
10068 tgkill(10059, 10059, SIGURG)      = 0
10059 --- SIGURG {si_signo=SIGURG, si_code=SI_TKILL, si_pid=10059, si_uid=1001} ---
9621  clone(child_stack=NULL, flags=CLONE_VM|CLONE_PIDFD|CLONE_VFORK|SIGCHLD <unfinished ...>
10078 execve("/opt/hostedtoolcache/go/1.27.1/arm64/pkg/tool/linux_arm64/compile", ["/opt/hostedtoolcache/go/1.27.1/a"..., "-o", "/tmp/go-build3484636357/b048/_pk"..., "-trimpath", "/tmp/go-build3484636357/b048=>", "-p", "slices", "-lang=go1.27", "-std", "-complete", "-buildid", "xv4P1bxveEn0ulXBTz8R/xv4P1bxveEn"..., "-goversion", "go1.27.1", "-c=4", "-nolocalimports", "-importcfg", "/tmp/go-build3484636357/b048/imp"..., "-pack", "/opt/hostedtoolcache/go/1.27.1/a"..., "/opt/hostedtoolcache/go/1.27.1/a"..., "/opt/hostedtoolcache/go/1.27.1/a"..., "/opt/hostedtoolcache/go/1.27.1/a"..., "/opt/hostedtoolcache/go/1.27.1/a"...], 0x382e35f8cd88 /* 140 vars */ <unfinished ...>
9621  <... clone resumed>, parent_tid=[14]) = 10078
10078 <... execve resumed>)             = 0
9621  waitid(P_PIDFD, 14,  <unfinished ...>
10074 tgkill(10073, 10075, SIGURG)      = 0
10075 --- SIGURG {si_signo=SIGURG, si_code=SI_TKILL, si_pid=10073, si_uid=1001} ---
10078 clone(child_stack=0x4ce4da97c000, flags=CLONE_VM|CLONE_FS|CLONE_FILES|CLONE_SIGHAND|CLONE_THREAD|CLONE_SYSVSEM) = 10079
10078 clone(child_stack=0x4ce4da9b4000, flags=CLONE_VM|CLONE_FS|CLONE_FILES|CLONE_SIGHAND|CLONE_THREAD|CLONE_SYSVSEM) = 10080
10078 clone(child_stack=0x4ce4da9b0000, flags=CLONE_VM|CLONE_FS|CLONE_FILES|CLONE_SIGHAND|CLONE_THREAD|CLONE_SYSVSEM) = 10081
10080 clone(child_stack=0x4ce4daa18000, flags=CLONE_VM|CLONE_FS|CLONE_FILES|CLONE_SIGHAND|CLONE_THREAD|CLONE_SYSVSEM) = 10082
10079 tgkill(10078, 10078, SIGURG)      = 0
10078 --- SIGURG {si_signo=SIGURG, si_code=SI_TKILL, si_pid=10078, si_uid=1001} ---
10079 tgkill(10078, 10078, SIGURG)      = 0
10078 --- SIGURG {si_signo=SIGURG, si_code=SI_TKILL, si_pid=10078, si_uid=1001} ---
10068 tgkill(10059, 10072, SIGURG <unfinished ...>
10079 clone(child_stack=0x4ce4dadaa000, flags=CLONE_VM|CLONE_FS|CLONE_FILES|CLONE_SIGHAND|CLONE_THREAD|CLONE_SYSVSEM) = 10083
10068 <... tgkill resumed>)             = 0
10072 --- SIGURG {si_signo=SIGURG, si_code=SI_TKILL, si_pid=10059, si_uid=1001} ---
10074 tgkill(10073, 10073, SIGURG)      = 0
10073 --- SIGURG {si_signo=SIGURG, si_code=SI_TKILL, si_pid=10073, si_uid=1001} ---
10079 tgkill(10078, 10082, SIGURG <unfinished ...>
10082 --- SIGURG {si_signo=SIGURG, si_code=SI_TKILL, si_pid=10078, si_uid=1001} ---
10079 <... tgkill resumed>)             = 0
10068 tgkill(10059, 10059, SIGURG)      = 0
10059 --- SIGURG {si_signo=SIGURG, si_code=SI_TKILL, si_pid=10059, si_uid=1001} ---
10068 tgkill(10059, 10071, SIGURG <unfinished ...>
10083 exit_group(0)                     = ?
10079 +++ exited with 0 +++
10080 +++ exited with 0 +++
10082 +++ exited with 0 +++
10081 +++ exited with 0 +++
10083 +++ exited with 0 +++
10078 +++ exited with 0 +++
9620  --- SIGCHLD {si_signo=SIGCHLD, si_code=CLD_EXITED, si_pid=10078, si_uid=1001, si_status=0, si_utime=1 /* 0.01 s */, si_stime=0} ---
10068 <... tgkill resumed>)             = 0
10071 --- SIGURG {si_signo=SIGURG, si_code=SI_TKILL, si_pid=10059, si_uid=1001} ---
9621  <... waitid resumed>{si_signo=SIGCHLD, si_code=CLD_EXITED, si_pid=10078, si_uid=1001, si_status=0, si_utime=0, si_stime=0}, WEXITED, {ru_utime={tv_sec=0, tv_usec=15713}, ru_stime={tv_sec=0, tv_usec=8979}, ...}) = 0
10068 tgkill(10059, 10070, SIGURG <unfinished ...>
10070 --- SIGURG {si_signo=SIGURG, si_code=SI_TKILL, si_pid=10059, si_uid=1001} ---
10068 <... tgkill resumed>)             = 0
10074 tgkill(10073, 10073, SIGURG)      = 0
10074 tgkill(10073, 10076, SIGURG)      = 0
10074 tgkill(10073, 10077, SIGURG)      = 0
10077 --- SIGURG {si_signo=SIGURG, si_code=SI_TKILL, si_pid=10073, si_uid=1001} ---
10074 tgkill(10073, 10075, SIGURG)      = 0
10075 --- SIGURG {si_signo=SIGURG, si_code=SI_TKILL, si_pid=10073, si_uid=1001} ---
10073 --- SIGURG {si_signo=SIGURG, si_code=SI_TKILL, si_pid=10073, si_uid=1001} ---
10076 --- SIGURG {si_signo=SIGURG, si_code=SI_TKILL, si_pid=10073, si_uid=1001} ---
10074 tgkill(10073, 10073, SIGURG)      = 0
10073 --- SIGURG {si_signo=SIGURG, si_code=SI_TKILL, si_pid=10073, si_uid=1001} ---
10070 exit_group(0)                     = ?
10072 +++ exited with 0 +++
10071 +++ exited with 0 +++
10070 +++ exited with 0 +++
10069 +++ exited with 0 +++
10068 +++ exited with 0 +++
10075 exit_group(0)                     = ?
10077 +++ exited with 0 +++
10075 +++ exited with 0 +++
10074 +++ exited with 0 +++
10059 +++ exited with 0 +++
9911  <... waitid resumed>{si_signo=SIGCHLD, si_code=CLD_EXITED, si_pid=10059, si_uid=1001, si_status=0, si_utime=0, si_stime=0}, WEXITED, {ru_utime={tv_sec=0, tv_usec=109883}, ru_stime={tv_sec=0, tv_usec=25576}, ...}) = 0
9620  --- SIGCHLD {si_signo=SIGCHLD, si_code=CLD_EXITED, si_pid=10059, si_uid=1001, si_status=0, si_utime=11 /* 0.11 s */, si_stime=2 /* 0.02 s */} ---
10076 +++ exited with 0 +++
10073 +++ exited with 0 +++
9615  <... waitid resumed>{si_signo=SIGCHLD, si_code=CLD_EXITED, si_pid=10073, si_uid=1001, si_status=0, si_utime=0, si_stime=0}, WEXITED, {ru_utime={tv_sec=0, tv_usec=93431}, ru_stime={tv_sec=0, tv_usec=21411}, ...}) = 0
9620  --- SIGCHLD {si_signo=SIGCHLD, si_code=CLD_EXITED, si_pid=10073, si_uid=1001, si_status=0, si_utime=9 /* 0.09 s */, si_stime=2 /* 0.02 s */} ---
9911  clone(child_stack=NULL, flags=CLONE_VM|CLONE_PIDFD|CLONE_VFORK|SIGCHLD <unfinished ...>
10084 execve("/opt/hostedtoolcache/go/1.27.1/arm64/pkg/tool/linux_arm64/asm", ["/opt/hostedtoolcache/go/1.27.1/a"..., "-p", "internal/reflectlite", "-trimpath", "/tmp/go-build3484636357/b004=>", "-I", "/tmp/go-build3484636357/b004/", "-I", "/opt/hostedtoolcache/go/1.27.1/a"..., "-D", "GOOS_linux", "-D", "GOARCH_arm64", "-std", "-o", "/tmp/go-build3484636357/b004/asm"..., "/opt/hostedtoolcache/go/1.27.1/a"...], 0x382e36040908 /* 140 vars */ <unfinished ...>
9911  <... clone resumed>, parent_tid=[13]) = 10084
10084 <... execve resumed>)             = 0
9911  waitid(P_PIDFD, 13,  <unfinished ...>
10084 clone(child_stack=0x21d2a8d24000, flags=CLONE_VM|CLONE_FS|CLONE_FILES|CLONE_SIGHAND|CLONE_THREAD|CLONE_SYSVSEM) = 10085
10084 clone(child_stack=0x21d2a8d5c000, flags=CLONE_VM|CLONE_FS|CLONE_FILES|CLONE_SIGHAND|CLONE_THREAD|CLONE_SYSVSEM) = 10086
10084 clone(child_stack=0x21d2a8d58000, flags=CLONE_VM|CLONE_FS|CLONE_FILES|CLONE_SIGHAND|CLONE_THREAD|CLONE_SYSVSEM) = 10087
10086 clone(child_stack=0x21d2a8d98000, flags=CLONE_VM|CLONE_FS|CLONE_FILES|CLONE_SIGHAND|CLONE_THREAD|CLONE_SYSVSEM) = 10088
9621  clone(child_stack=NULL, flags=CLONE_VM|CLONE_PIDFD|CLONE_VFORK|SIGCHLD <unfinished ...>
9616  tgkill(9615, 9620, SIGURG)        = 0
9620  --- SIGURG {si_signo=SIGURG, si_code=SI_TKILL, si_pid=9615, si_uid=1001} ---
9618  clone(child_stack=NULL, flags=CLONE_VM|CLONE_PIDFD|CLONE_VFORK|SIGCHLD <unfinished ...>
10089 execve("/opt/hostedtoolcache/go/1.27.1/arm64/pkg/tool/linux_arm64/compile", ["/opt/hostedtoolcache/go/1.27.1/a"..., "-o", "/tmp/go-build3484636357/b067/_pk"..., "-trimpath", "/tmp/go-build3484636357/b067=>", "-p", "internal/bisect", "-lang=go1.27", "-std", "-complete", "-buildid", "ku8fypSFdx02E07a4rd-/ku8fypSFdx0"..., "-goversion", "go1.27.1", "-c=4", "-nolocalimports", "-importcfg", "/tmp/go-build3484636357/b067/imp"..., "-pack", "/opt/hostedtoolcache/go/1.27.1/a"...], 0x382e35f65b08 /* 140 vars */ <unfinished ...>
9621  <... clone resumed>, parent_tid=[17]) = 10089
10089 <... execve resumed>)             = 0
10090 execve("/opt/hostedtoolcache/go/1.27.1/arm64/pkg/tool/linux_arm64/compile", ["/opt/hostedtoolcache/go/1.27.1/a"..., "-o", "/tmp/go-build3484636357/b060/_pk"..., "-trimpath", "/tmp/go-build3484636357/b060=>", "-p", "internal/testlog", "-lang=go1.27", "-std", "-complete", "-buildid", "My4uYhanPKvKwpRUWpH7/My4uYhanPKv"..., "-goversion", "go1.27.1", "-c=4", "-nolocalimports", "-importcfg", "/tmp/go-build3484636357/b060/imp"..., "-pack", "/opt/hostedtoolcache/go/1.27.1/a"..., "/opt/hostedtoolcache/go/1.27.1/a"...], 0x382e36081208 /* 140 vars */ <unfinished ...>
9618  <... clone resumed>, parent_tid=[20]) = 10090
10090 <... execve resumed>)             = 0
9621  waitid(P_PIDFD, 17,  <unfinished ...>
10084 exit_group(0 <unfinished ...>
9618  waitid(P_PIDFD, 20,  <unfinished ...>
10084 <... exit_group resumed>)         = ?
10085 +++ exited with 0 +++
10088 +++ exited with 0 +++
10087 +++ exited with 0 +++
10086 +++ exited with 0 +++
10084 +++ exited with 0 +++
9911  <... waitid resumed>{si_signo=SIGCHLD, si_code=CLD_EXITED, si_pid=10084, si_uid=1001, si_status=0, si_utime=0, si_stime=0}, WEXITED, {ru_utime={tv_sec=0, tv_usec=0}, ru_stime={tv_sec=0, tv_usec=5814}, ...}) = 0
9615  --- SIGCHLD {si_signo=SIGCHLD, si_code=CLD_EXITED, si_pid=10084, si_uid=1001, si_status=0, si_utime=0, si_stime=0} ---
10090 clone(child_stack=0x5651b25d6000, flags=CLONE_VM|CLONE_FS|CLONE_FILES|CLONE_SIGHAND|CLONE_THREAD|CLONE_SYSVSEM) = 10091
10089 clone(child_stack=0x3cd80edf6000, flags=CLONE_VM|CLONE_FS|CLONE_FILES|CLONE_SIGHAND|CLONE_THREAD|CLONE_SYSVSEM <unfinished ...>
10090 clone(child_stack=0x5651b2610000, flags=CLONE_VM|CLONE_FS|CLONE_FILES|CLONE_SIGHAND|CLONE_THREAD|CLONE_SYSVSEM <unfinished ...>
10089 <... clone resumed>)              = 10092
10090 <... clone resumed>)              = 10093
10091 tgkill(10090, 10090, SIGURG)      = 0
10090 clone(child_stack=0x5651b260c000, flags=CLONE_VM|CLONE_FS|CLONE_FILES|CLONE_SIGHAND|CLONE_THREAD|CLONE_SYSVSEM <unfinished ...>
10089 clone(child_stack=0x3cd80ee2e000, flags=CLONE_VM|CLONE_FS|CLONE_FILES|CLONE_SIGHAND|CLONE_THREAD|CLONE_SYSVSEM <unfinished ...>
10090 <... clone resumed>)              = 10094
10089 <... clone resumed>)              = 10095
10090 --- SIGURG {si_signo=SIGURG, si_code=SI_TKILL, si_pid=10090, si_uid=1001} ---
10092 tgkill(10089, 10089, SIGURG)      = 0
10093 clone(child_stack=0x5651b2630000, flags=CLONE_VM|CLONE_FS|CLONE_FILES|CLONE_SIGHAND|CLONE_THREAD|CLONE_SYSVSEM <unfinished ...>
10089 clone(child_stack=0x3cd80ee2a000, flags=CLONE_VM|CLONE_FS|CLONE_FILES|CLONE_SIGHAND|CLONE_THREAD|CLONE_SYSVSEM <unfinished ...>
10093 <... clone resumed>)              = 10096
10089 <... clone resumed>)              = 10097
10089 --- SIGURG {si_signo=SIGURG, si_code=SI_TKILL, si_pid=10089, si_uid=1001} ---
10095 clone(child_stack=0x3cd80ee98000, flags=CLONE_VM|CLONE_FS|CLONE_FILES|CLONE_SIGHAND|CLONE_THREAD|CLONE_SYSVSEM) = 10098
9619  tgkill(9615, 9615, SIGURG)        = 0
9615  --- SIGURG {si_signo=SIGURG, si_code=SI_TKILL, si_pid=9615, si_uid=1001} ---
9620  clone(child_stack=NULL, flags=CLONE_VM|CLONE_PIDFD|CLONE_VFORK|SIGCHLD <unfinished ...>
9617  clone(child_stack=NULL, flags=CLONE_VM|CLONE_PIDFD|CLONE_VFORK|SIGCHLD <unfinished ...>
10100 execve("/opt/hostedtoolcache/go/1.27.1/arm64/pkg/tool/linux_arm64/compile", ["/opt/hostedtoolcache/go/1.27.1/a"..., "-o", "/tmp/go-build3484636357/b003/_pk"..., "-trimpath", "/tmp/go-build3484636357/b003=>", "-p", "errors", "-lang=go1.27", "-std", "-complete", "-buildid", "f1_hzBZfxMizDR-k9vV5/f1_hzBZfxMi"..., "-goversion", "go1.27.1", "-c=4", "-nolocalimports", "-importcfg", "/tmp/go-build3484636357/b003/imp"..., "-pack", "/opt/hostedtoolcache/go/1.27.1/a"..., "/opt/hostedtoolcache/go/1.27.1/a"..., "/opt/hostedtoolcache/go/1.27.1/a"...], 0x382e36081208 /* 140 vars */ <unfinished ...>
10099 execve("/opt/hostedtoolcache/go/1.27.1/arm64/pkg/tool/linux_arm64/compile", ["/opt/hostedtoolcache/go/1.27.1/a"..., "-o", "/tmp/go-build3484636357/b072/_pk"..., "-trimpath", "/tmp/go-build3484636357/b072=>", "-p", "sort", "-lang=go1.27", "-std", "-complete", "-buildid", "2TLhRIbnJYjcFdkLaMp8/2TLhRIbnJYj"..., "-goversion", "go1.27.1", "-c=4", "-nolocalimports", "-importcfg", "/tmp/go-build3484636357/b072/imp"..., "-pack", "/opt/hostedtoolcache/go/1.27.1/a"..., "/opt/hostedtoolcache/go/1.27.1/a"..., "/opt/hostedtoolcache/go/1.27.1/a"..., "/opt/hostedtoolcache/go/1.27.1/a"..., "/opt/hostedtoolcache/go/1.27.1/a"...], 0x382e36040488 /* 140 vars */ <unfinished ...>
9617  <... clone resumed>, parent_tid=[22]) = 10100
10091 tgkill(10090, 10093, SIGURG <unfinished ...>
10093 --- SIGURG {si_signo=SIGURG, si_code=SI_TKILL, si_pid=10090, si_uid=1001} ---
10091 <... tgkill resumed>)             = 0
9620  <... clone resumed>, parent_tid=[18]) = 10099
10100 <... execve resumed>)             = 0
10099 <... execve resumed>)             = 0
9617  waitid(P_PIDFD, 22,  <unfinished ...>
9620  waitid(P_PIDFD, 18,  <unfinished ...>
10092 tgkill(10089, 10089, SIGURG)      = 0
10089 --- SIGURG {si_signo=SIGURG, si_code=SI_TKILL, si_pid=10089, si_uid=1001} ---
10099 clone(child_stack=0x6ac01d5b6000, flags=CLONE_VM|CLONE_FS|CLONE_FILES|CLONE_SIGHAND|CLONE_THREAD|CLONE_SYSVSEM <unfinished ...>
10094 exit_group(0)                     = ?
10099 <... clone resumed>)              = 10101
10096 +++ exited with 0 +++
10094 +++ exited with 0 +++
10093 +++ exited with 0 +++
10101 tgkill(10099, 10099, SIGURG)      = 0
10099 --- SIGURG {si_signo=SIGURG, si_code=SI_TKILL, si_pid=10099, si_uid=1001} ---
10101 tgkill(10099, 10099, SIGURG)      = 0
10100 clone(child_stack=0xa44d6a8e000, flags=CLONE_VM|CLONE_FS|CLONE_FILES|CLONE_SIGHAND|CLONE_THREAD|CLONE_SYSVSEM <unfinished ...>
10099 --- SIGURG {si_signo=SIGURG, si_code=SI_TKILL, si_pid=10099, si_uid=1001} ---
10100 <... clone resumed>)              = 10102
10091 +++ exited with 0 +++
10090 +++ exited with 0 +++
9616  --- SIGCHLD {si_signo=SIGCHLD, si_code=CLD_EXITED, si_pid=10090, si_uid=1001, si_status=0, si_utime=1 /* 0.01 s */, si_stime=0} ---
10099 clone(child_stack=0x6ac01d5ee000, flags=CLONE_VM|CLONE_FS|CLONE_FILES|CLONE_SIGHAND|CLONE_THREAD|CLONE_SYSVSEM) = 10103
10100 clone(child_stack=0xa44d6ac6000, flags=CLONE_VM|CLONE_FS|CLONE_FILES|CLONE_SIGHAND|CLONE_THREAD|CLONE_SYSVSEM <unfinished ...>
9618  <... waitid resumed>{si_signo=SIGCHLD, si_code=CLD_EXITED, si_pid=10090, si_uid=1001, si_status=0, si_utime=0, si_stime=0}, WEXITED, {ru_utime={tv_sec=0, tv_usec=12489}, ru_stime={tv_sec=0, tv_usec=10218}, ...}) = 0
10100 <... clone resumed>)              = 10104
10102 tgkill(10100, 10100, SIGURG <unfinished ...>
10099 clone(child_stack=0x6ac01d5ea000, flags=CLONE_VM|CLONE_FS|CLONE_FILES|CLONE_SIGHAND|CLONE_THREAD|CLONE_SYSVSEM <unfinished ...>
10102 <... tgkill resumed>)             = 0
10100 --- SIGURG {si_signo=SIGURG, si_code=SI_TKILL, si_pid=10100, si_uid=1001} ---
10099 <... clone resumed>)              = 10105
10100 clone(child_stack=0xa44d6ac2000, flags=CLONE_VM|CLONE_FS|CLONE_FILES|CLONE_SIGHAND|CLONE_THREAD|CLONE_SYSVSEM) = 10106
10104 clone(child_stack=0xa44d6b18000, flags=CLONE_VM|CLONE_FS|CLONE_FILES|CLONE_SIGHAND|CLONE_THREAD|CLONE_SYSVSEM) = 10107
10103 clone(child_stack=0x6ac01d618000, flags=CLONE_VM|CLONE_FS|CLONE_FILES|CLONE_SIGHAND|CLONE_THREAD|CLONE_SYSVSEM) = 10108
10092 tgkill(10089, 10095, SIGURG)      = 0
10095 --- SIGURG {si_signo=SIGURG, si_code=SI_TKILL, si_pid=10089, si_uid=1001} ---
10102 tgkill(10100, 10100, SIGURG)      = 0
10100 --- SIGURG {si_signo=SIGURG, si_code=SI_TKILL, si_pid=10100, si_uid=1001} ---
10092 tgkill(10089, 10098, SIGURG)      = 0
10098 --- SIGURG {si_signo=SIGURG, si_code=SI_TKILL, si_pid=10089, si_uid=1001} ---
10101 clone(child_stack=0x6ac01da24000, flags=CLONE_VM|CLONE_FS|CLONE_FILES|CLONE_SIGHAND|CLONE_THREAD|CLONE_SYSVSEM) = 10109
10097 exit_group(0)                     = ?
10098 +++ exited with 0 +++
10097 +++ exited with 0 +++
10102 tgkill(10100, 10107, SIGURG)      = 0
10095 +++ exited with 0 +++
10107 --- SIGURG {si_signo=SIGURG, si_code=SI_TKILL, si_pid=10100, si_uid=1001} ---
10092 +++ exited with 0 +++
10089 +++ exited with 0 +++
9621  <... waitid resumed>{si_signo=SIGCHLD, si_code=CLD_EXITED, si_pid=10089, si_uid=1001, si_status=0, si_utime=0, si_stime=0}, WEXITED, {ru_utime={tv_sec=0, tv_usec=41928}, ru_stime={tv_sec=0, tv_usec=11700}, ...}) = 0
9618  --- SIGCHLD {si_signo=SIGCHLD, si_code=CLD_EXITED, si_pid=10089, si_uid=1001, si_status=0, si_utime=4 /* 0.04 s */, si_stime=1 /* 0.01 s */} ---
10101 tgkill(10099, 10109, SIGURG <unfinished ...>
10109 --- SIGURG {si_signo=SIGURG, si_code=SI_TKILL, si_pid=10099, si_uid=1001} ---
10101 <... tgkill resumed>)             = 0
10106 exit_group(0)                     = ?
10107 +++ exited with 0 +++
10106 +++ exited with 0 +++
10104 +++ exited with 0 +++
10102 +++ exited with 0 +++
10100 +++ exited with 0 +++
9621  --- SIGCHLD {si_signo=SIGCHLD, si_code=CLD_EXITED, si_pid=10100, si_uid=1001, si_status=0, si_utime=1 /* 0.01 s */, si_stime=1 /* 0.01 s */} ---
9617  <... waitid resumed>{si_signo=SIGCHLD, si_code=CLD_EXITED, si_pid=10100, si_uid=1001, si_status=0, si_utime=0, si_stime=0}, WEXITED, {ru_utime={tv_sec=0, tv_usec=17641}, ru_stime={tv_sec=0, tv_usec=13231}, ...}) = 0
9618  clone(child_stack=NULL, flags=CLONE_VM|CLONE_PIDFD|CLONE_VFORK|SIGCHLD <unfinished ...>
10110 execve("/opt/hostedtoolcache/go/1.27.1/arm64/pkg/tool/linux_arm64/compile", ["/opt/hostedtoolcache/go/1.27.1/a"..., "-o", "/tmp/go-build3484636357/b066/_pk"..., "-trimpath", "/tmp/go-build3484636357/b066=>", "-p", "internal/godebug", "-lang=go1.27", "-std", "-complete", "-buildid", "cmX-blzkMHhwUEosj4ox/cmX-blzkMHh"..., "-goversion", "go1.27.1", "-c=4", "-nolocalimports", "-importcfg", "/tmp/go-build3484636357/b066/imp"..., "-pack", "/opt/hostedtoolcache/go/1.27.1/a"...], 0x382e36040908 /* 140 vars */ <unfinished ...>
9618  <... clone resumed>, parent_tid=[15]) = 10110
10110 <... execve resumed>)             = 0
9618  waitid(P_PIDFD, 15,  <unfinished ...>
9621  clone(child_stack=NULL, flags=CLONE_VM|CLONE_PIDFD|CLONE_VFORK|SIGCHLD <unfinished ...>
9619  clone(child_stack=NULL, flags=CLONE_VM|CLONE_PIDFD|CLONE_VFORK|SIGCHLD <unfinished ...>
10112 execve("/opt/hostedtoolcache/go/1.27.1/arm64/pkg/tool/linux_arm64/compile", ["/opt/hostedtoolcache/go/1.27.1/a"..., "-o", "/tmp/go-build3484636357/b049/_pk"..., "-trimpath", "/tmp/go-build3484636357/b049=>", "-p", "io", "-lang=go1.27", "-std", "-complete", "-buildid", "vb-tkFhHqbw1WJG6-7qe/vb-tkFhHqbw"..., "-goversion", "go1.27.1", "-c=4", "-nolocalimports", "-importcfg", "/tmp/go-build3484636357/b049/imp"..., "-pack", "/opt/hostedtoolcache/go/1.27.1/a"..., "/opt/hostedtoolcache/go/1.27.1/a"..., "/opt/hostedtoolcache/go/1.27.1/a"...], 0x382e35f64488 /* 140 vars */ <unfinished ...>
9619  <... clone resumed>, parent_tid=[22]) = 10112
10112 <... execve resumed>)             = 0
10101 tgkill(10099, 10108, SIGURG)      = 0
10108 --- SIGURG {si_signo=SIGURG, si_code=SI_TKILL, si_pid=10099, si_uid=1001} ---
10111 execve("/opt/hostedtoolcache/go/1.27.1/arm64/pkg/tool/linux_arm64/compile", ["/opt/hostedtoolcache/go/1.27.1/a"..., "-o", "/tmp/go-build3484636357/b041/_pk"..., "-trimpath", "/tmp/go-build3484636357/b041=>", "-p", "strconv", "-lang=go1.27", "-std", "-complete", "-buildid", "NyZXFdhg5v1SMtUl8cVU/NyZXFdhg5v1"..., "-goversion", "go1.27.1", "-c=4", "-nolocalimports", "-importcfg", "/tmp/go-build3484636357/b041/imp"..., "-pack", "/opt/hostedtoolcache/go/1.27.1/a"..., "/opt/hostedtoolcache/go/1.27.1/a"..., "/opt/hostedtoolcache/go/1.27.1/a"..., "/opt/hostedtoolcache/go/1.27.1/a"..., "/opt/hostedtoolcache/go/1.27.1/a"...], 0x382e35f8c488 /* 140 vars */ <unfinished ...>
9621  <... clone resumed>, parent_tid=[21]) = 10111
10111 <... execve resumed>)             = 0
9621  waitid(P_PIDFD, 21,  <unfinished ...>
9619  waitid(P_PIDFD, 22,  <unfinished ...>
10110 clone(child_stack=0x668d1c280000, flags=CLONE_VM|CLONE_FS|CLONE_FILES|CLONE_SIGHAND|CLONE_THREAD|CLONE_SYSVSEM) = 10113
10110 clone(child_stack=0x668d1c2b8000, flags=CLONE_VM|CLONE_FS|CLONE_FILES|CLONE_SIGHAND|CLONE_THREAD|CLONE_SYSVSEM) = 10114
10110 clone(child_stack=0x668d1c2b4000, flags=CLONE_VM|CLONE_FS|CLONE_FILES|CLONE_SIGHAND|CLONE_THREAD|CLONE_SYSVSEM) = 10115
10114 clone(child_stack=0x668d1c318000, flags=CLONE_VM|CLONE_FS|CLONE_FILES|CLONE_SIGHAND|CLONE_THREAD|CLONE_SYSVSEM) = 10116
10112 clone(child_stack=0x903d6494000, flags=CLONE_VM|CLONE_FS|CLONE_FILES|CLONE_SIGHAND|CLONE_THREAD|CLONE_SYSVSEM) = 10117
10112 clone(child_stack=0x903d64cc000, flags=CLONE_VM|CLONE_FS|CLONE_FILES|CLONE_SIGHAND|CLONE_THREAD|CLONE_SYSVSEM <unfinished ...>
10117 tgkill(10112, 10112, SIGURG)      = 0
10112 <... clone resumed>)              = 10118
10112 --- SIGURG {si_signo=SIGURG, si_code=SI_TKILL, si_pid=10112, si_uid=1001} ---
10117 tgkill(10112, 10112, SIGURG)      = 0
10112 --- SIGURG {si_signo=SIGURG, si_code=SI_TKILL, si_pid=10112, si_uid=1001} ---
10112 clone(child_stack=0x903d64c8000, flags=CLONE_VM|CLONE_FS|CLONE_FILES|CLONE_SIGHAND|CLONE_THREAD|CLONE_SYSVSEM) = 10119
10118 clone(child_stack=0x903d6518000, flags=CLONE_VM|CLONE_FS|CLONE_FILES|CLONE_SIGHAND|CLONE_THREAD|CLONE_SYSVSEM) = 10120
10112 clone(child_stack=0x903d6514000, flags=CLONE_VM|CLONE_FS|CLONE_FILES|CLONE_SIGHAND|CLONE_THREAD|CLONE_SYSVSEM) = 10121
10113 tgkill(10110, 10110, SIGURG)      = 0
10110 --- SIGURG {si_signo=SIGURG, si_code=SI_TKILL, si_pid=10110, si_uid=1001} ---
10117 tgkill(10112, 10112, SIGURG)      = 0
10101 tgkill(10099, 10109, SIGURG <unfinished ...>
10112 --- SIGURG {si_signo=SIGURG, si_code=SI_TKILL, si_pid=10112, si_uid=1001} ---
10109 --- SIGURG {si_signo=SIGURG, si_code=SI_TKILL, si_pid=10099, si_uid=1001} ---
10101 <... tgkill resumed>)             = 0
10101 tgkill(10099, 10108, SIGURG)      = 0
10111 clone(child_stack=0x25aee6094000, flags=CLONE_VM|CLONE_FS|CLONE_FILES|CLONE_SIGHAND|CLONE_THREAD|CLONE_SYSVSEM) = 10122
10111 clone(child_stack=0x25aee60cc000, flags=CLONE_VM|CLONE_FS|CLONE_FILES|CLONE_SIGHAND|CLONE_THREAD|CLONE_SYSVSEM) = 10123
10122 tgkill(10111, 10111, SIGURG)      = 0
10111 --- SIGURG {si_signo=SIGURG, si_code=SI_TKILL, si_pid=10111, si_uid=1001} ---
10111 clone(child_stack=0x25aee60c8000, flags=CLONE_VM|CLONE_FS|CLONE_FILES|CLONE_SIGHAND|CLONE_THREAD|CLONE_SYSVSEM) = 10124
10101 tgkill(10099, 10105, SIGURG)      = 0
10108 --- SIGURG {si_signo=SIGURG, si_code=SI_TKILL, si_pid=10099, si_uid=1001} ---
10105 --- SIGURG {si_signo=SIGURG, si_code=SI_TKILL, si_pid=10099, si_uid=1001} ---
10123 clone(child_stack=0x25aee6198000, flags=CLONE_VM|CLONE_FS|CLONE_FILES|CLONE_SIGHAND|CLONE_THREAD|CLONE_SYSVSEM) = 10125
10117 tgkill(10112, 10112, SIGURG)      = 0
10112 --- SIGURG {si_signo=SIGURG, si_code=SI_TKILL, si_pid=10112, si_uid=1001} ---
10113 tgkill(10110, 10114, SIGURG)      = 0
10114 --- SIGURG {si_signo=SIGURG, si_code=SI_TKILL, si_pid=10110, si_uid=1001} ---
10122 tgkill(10111, 10123, SIGURG)      = 0
10123 --- SIGURG {si_signo=SIGURG, si_code=SI_TKILL, si_pid=10111, si_uid=1001} ---
10101 tgkill(10099, 10099, SIGURG)      = 0
10099 --- SIGURG {si_signo=SIGURG, si_code=SI_TKILL, si_pid=10099, si_uid=1001} ---
10117 tgkill(10112, 10119, SIGURG)      = 0
10119 --- SIGURG {si_signo=SIGURG, si_code=SI_TKILL, si_pid=10112, si_uid=1001} ---
10113 tgkill(10110, 10114, SIGURG)      = 0
10114 --- SIGURG {si_signo=SIGURG, si_code=SI_TKILL, si_pid=10110, si_uid=1001} ---
10122 tgkill(10111, 10123, SIGURG <unfinished ...>
10123 --- SIGURG {si_signo=SIGURG, si_code=SI_TKILL, si_pid=10111, si_uid=1001} ---
10122 <... tgkill resumed>)             = 0
10117 tgkill(10112, 10121, SIGURG)      = 0
10117 tgkill(10112, 10120, SIGURG)      = 0
10117 tgkill(10112, 10112, SIGURG)      = 0
10112 --- SIGURG {si_signo=SIGURG, si_code=SI_TKILL, si_pid=10112, si_uid=1001} ---
10121 --- SIGURG {si_signo=SIGURG, si_code=SI_TKILL, si_pid=10112, si_uid=1001} ---
10120 --- SIGURG {si_signo=SIGURG, si_code=SI_TKILL, si_pid=10112, si_uid=1001} ---
10101 tgkill(10099, 10099, SIGURG)      = 0
10099 --- SIGURG {si_signo=SIGURG, si_code=SI_TKILL, si_pid=10099, si_uid=1001} ---
10113 tgkill(10110, 10115, SIGURG)      = 0
10113 tgkill(10110, 10116, SIGURG)      = 0
10113 tgkill(10110, 10114, SIGURG)      = 0
10113 tgkill(10110, 10110, SIGURG)      = 0
10114 --- SIGURG {si_signo=SIGURG, si_code=SI_TKILL, si_pid=10110, si_uid=1001} ---
10122 tgkill(10111, 10111, SIGURG)      = 0
10111 --- SIGURG {si_signo=SIGURG, si_code=SI_TKILL, si_pid=10111, si_uid=1001} ---
10122 tgkill(10111, 10123, SIGURG)      = 0
10123 --- SIGURG {si_signo=SIGURG, si_code=SI_TKILL, si_pid=10111, si_uid=1001} ---
10122 tgkill(10111, 10125, SIGURG <unfinished ...>
10110 --- SIGURG {si_signo=SIGURG, si_code=SI_TKILL, si_pid=10110, si_uid=1001} ---
10115 --- SIGURG {si_signo=SIGURG, si_code=SI_TKILL, si_pid=10110, si_uid=1001} ---
10122 <... tgkill resumed>)             = 0
10117 tgkill(10112, 10121, SIGURG)      = 0
10121 --- SIGURG {si_signo=SIGURG, si_code=SI_TKILL, si_pid=10112, si_uid=1001} ---
10125 --- SIGURG {si_signo=SIGURG, si_code=SI_TKILL, si_pid=10111, si_uid=1001} ---
10116 --- SIGURG {si_signo=SIGURG, si_code=SI_TKILL, si_pid=10110, si_uid=1001} ---
10101 tgkill(10099, 10099, SIGURG)      = 0
10099 --- SIGURG {si_signo=SIGURG, si_code=SI_TKILL, si_pid=10099, si_uid=1001} ---
10117 tgkill(10112, 10112, SIGURG)      = 0
10112 --- SIGURG {si_signo=SIGURG, si_code=SI_TKILL, si_pid=10112, si_uid=1001} ---
10113 tgkill(10110, 10114, SIGURG)      = 0
10114 --- SIGURG {si_signo=SIGURG, si_code=SI_TKILL, si_pid=10110, si_uid=1001} ---
10120 exit_group(0 <unfinished ...>
10125 exit_group(0)                     = ?
10120 <... exit_group resumed>)         = ?
10125 +++ exited with 0 +++
10124 +++ exited with 0 +++
10122 +++ exited with 0 +++
10121 +++ exited with 0 +++
10120 +++ exited with 0 +++
10119 +++ exited with 0 +++
10117 +++ exited with 0 +++
10109 exit_group(0)                     = ?
10108 +++ exited with 0 +++
10105 +++ exited with 0 +++
10103 +++ exited with 0 +++
10101 +++ exited with 0 +++
10118 +++ exited with 0 +++
10112 +++ exited with 0 +++
9617  --- SIGCHLD {si_signo=SIGCHLD, si_code=CLD_EXITED, si_pid=10112, si_uid=1001, si_status=0, si_utime=6 /* 0.06 s */, si_stime=2 /* 0.02 s */} ---
9619  <... waitid resumed>{si_signo=SIGCHLD, si_code=CLD_EXITED, si_pid=10112, si_uid=1001, si_status=0, si_utime=0, si_stime=0}, WEXITED, {ru_utime={tv_sec=0, tv_usec=57804}, ru_stime={tv_sec=0, tv_usec=21195}, ...}) = 0
10123 +++ exited with 0 +++
10111 +++ exited with 0 +++
9621  <... waitid resumed>{si_signo=SIGCHLD, si_code=CLD_EXITED, si_pid=10111, si_uid=1001, si_status=0, si_utime=0, si_stime=0}, WEXITED, {ru_utime={tv_sec=0, tv_usec=50432}, ru_stime={tv_sec=0, tv_usec=16138}, ...}) = 0
9619  --- SIGCHLD {si_signo=SIGCHLD, si_code=CLD_EXITED, si_pid=10111, si_uid=1001, si_status=0, si_utime=5 /* 0.05 s */, si_stime=1 /* 0.01 s */} ---
10109 +++ exited with 0 +++
10099 +++ exited with 0 +++
9619  --- SIGCHLD {si_signo=SIGCHLD, si_code=CLD_EXITED, si_pid=10099, si_uid=1001, si_status=0, si_utime=10 /* 0.10 s */, si_stime=2 /* 0.02 s */} ---
9620  <... waitid resumed>{si_signo=SIGCHLD, si_code=CLD_EXITED, si_pid=10099, si_uid=1001, si_status=0, si_utime=0, si_stime=0}, WEXITED, {ru_utime={tv_sec=0, tv_usec=106180}, ru_stime={tv_sec=0, tv_usec=25772}, ...}) = 0
9617  tgkill(9615, 9621, SIGURG)        = 0
9621  --- SIGURG {si_signo=SIGURG, si_code=SI_TKILL, si_pid=9615, si_uid=1001} ---
9617  tgkill(9615, 9619, SIGURG)        = 0
9619  --- SIGURG {si_signo=SIGURG, si_code=SI_TKILL, si_pid=9615, si_uid=1001} ---
9911  tgkill(9615, 9617, SIGURG)        = 0
9617  --- SIGURG {si_signo=SIGURG, si_code=SI_TKILL, si_pid=9615, si_uid=1001} ---
9911  tgkill(9615, 9619, SIGURG)        = 0
9619  --- SIGURG {si_signo=SIGURG, si_code=SI_TKILL, si_pid=9615, si_uid=1001} ---
9911  tgkill(9615, 9615, SIGURG)        = 0
9615  --- SIGURG {si_signo=SIGURG, si_code=SI_TKILL, si_pid=9615, si_uid=1001} ---
9911  tgkill(9615, 9619, SIGURG)        = 0
9619  --- SIGURG {si_signo=SIGURG, si_code=SI_TKILL, si_pid=9615, si_uid=1001} ---
10116 exit_group(0)                     = ?
10116 +++ exited with 0 +++
10115 +++ exited with 0 +++
10113 +++ exited with 0 +++
9911  tgkill(9615, 9619, SIGURG)        = 0
9619  --- SIGURG {si_signo=SIGURG, si_code=SI_TKILL, si_pid=9615, si_uid=1001} ---
9617  clone(child_stack=NULL, flags=CLONE_VM|CLONE_PIDFD|CLONE_VFORK|SIGCHLD <unfinished ...>
10114 +++ exited with 0 +++
10110 +++ exited with 0 +++
9618  <... waitid resumed>{si_signo=SIGCHLD, si_code=CLD_EXITED, si_pid=10110, si_uid=1001, si_status=0, si_utime=0, si_stime=0}, WEXITED, {ru_utime={tv_sec=0, tv_usec=88774}, ru_stime={tv_sec=0, tv_usec=17754}, ...}) = 0
9619  --- SIGCHLD {si_signo=SIGCHLD, si_code=CLD_EXITED, si_pid=10110, si_uid=1001, si_status=0, si_utime=9 /* 0.09 s */, si_stime=1 /* 0.01 s */} ---
9615  clone(child_stack=NULL, flags=CLONE_VM|CLONE_PIDFD|CLONE_VFORK|SIGCHLD <unfinished ...>
10126 execve("/opt/hostedtoolcache/go/1.27.1/arm64/pkg/tool/linux_arm64/compile", ["/opt/hostedtoolcache/go/1.27.1/a"..., "-o", "/tmp/go-build3484636357/b053/_pk"..., "-trimpath", "/tmp/go-build3484636357/b053=>", "-p", "internal/oserror", "-lang=go1.27", "-std", "-complete", "-buildid", "4lkCAtkFbBeGx0yS4A6y/4lkCAtkFbBe"..., "-goversion", "go1.27.1", "-c=4", "-nolocalimports", "-importcfg", "/tmp/go-build3484636357/b053/imp"..., "-pack", "/opt/hostedtoolcache/go/1.27.1/a"...], 0x382e35f64488 /* 140 vars */ <unfinished ...>
9617  <... clone resumed>, parent_tid=[16]) = 10126
10126 <... execve resumed>)             = 0
10127 execve("/opt/hostedtoolcache/go/1.27.1/arm64/pkg/tool/linux_arm64/compile", ["/opt/hostedtoolcache/go/1.27.1/a"..., "-o", "/tmp/go-build3484636357/b054/_pk"..., "-trimpath", "/tmp/go-build3484636357/b054=>", "-p", "path", "-lang=go1.27", "-std", "-complete", "-buildid", "DchoOOYhij6MSqL0A8V7/DchoOOYhij6"..., "-goversion", "go1.27.1", "-c=4", "-nolocalimports", "-importcfg", "/tmp/go-build3484636357/b054/imp"..., "-pack", "/opt/hostedtoolcache/go/1.27.1/a"..., "/opt/hostedtoolcache/go/1.27.1/a"...], 0x382e36040488 /* 140 vars */ <unfinished ...>
9615  <... clone resumed>, parent_tid=[20]) = 10127
10127 <... execve resumed>)             = 0
9618  waitid(P_PIDFD, 16,  <unfinished ...>
9615  waitid(P_PIDFD, 20,  <unfinished ...>
9619  clone(child_stack=NULL, flags=CLONE_VM|CLONE_PIDFD|CLONE_VFORK|SIGCHLD <unfinished ...>
10128 execve("/opt/hostedtoolcache/go/1.27.1/arm64/pkg/tool/linux_arm64/asm", ["/opt/hostedtoolcache/go/1.27.1/a"..., "-p", "reflect", "-trimpath", "/tmp/go-build3484636357/b038=>", "-I", "/tmp/go-build3484636357/b038/", "-I", "/opt/hostedtoolcache/go/1.27.1/a"..., "-D", "GOOS_linux", "-D", "GOARCH_arm64", "-std", "-gensymabis", "-o", "/tmp/go-build3484636357/b038/sym"..., "/opt/hostedtoolcache/go/1.27.1/a"...], 0x382e35f8c488 /* 140 vars */ <unfinished ...>
9619  <... clone resumed>, parent_tid=[14]) = 10128
10128 <... execve resumed>)             = 0
9619  waitid(P_PIDFD, 14,  <unfinished ...>
10127 clone(child_stack=0x59993c86000, flags=CLONE_VM|CLONE_FS|CLONE_FILES|CLONE_SIGHAND|CLONE_THREAD|CLONE_SYSVSEM) = 10129
10127 clone(child_stack=0x59993cbe000, flags=CLONE_VM|CLONE_FS|CLONE_FILES|CLONE_SIGHAND|CLONE_THREAD|CLONE_SYSVSEM) = 10130
10129 tgkill(10127, 10127, SIGURG <unfinished ...>
10127 clone(child_stack=0x59993cba000, flags=CLONE_VM|CLONE_FS|CLONE_FILES|CLONE_SIGHAND|CLONE_THREAD|CLONE_SYSVSEM <unfinished ...>
10129 <... tgkill resumed>)             = 0
10127 <... clone resumed>)              = 10131
10126 clone(child_stack=0x7214998e8000, flags=CLONE_VM|CLONE_FS|CLONE_FILES|CLONE_SIGHAND|CLONE_THREAD|CLONE_SYSVSEM <unfinished ...>
10127 --- SIGURG {si_signo=SIGURG, si_code=SI_TKILL, si_pid=10127, si_uid=1001} ---
10126 <... clone resumed>)              = 10132
10130 clone(child_stack=0x59993d18000, flags=CLONE_VM|CLONE_FS|CLONE_FILES|CLONE_SIGHAND|CLONE_THREAD|CLONE_SYSVSEM) = 10133
10127 clone(child_stack=0x59993d14000, flags=CLONE_VM|CLONE_FS|CLONE_FILES|CLONE_SIGHAND|CLONE_THREAD|CLONE_SYSVSEM) = 10134
10126 clone(child_stack=0x721499920000, flags=CLONE_VM|CLONE_FS|CLONE_FILES|CLONE_SIGHAND|CLONE_THREAD|CLONE_SYSVSEM) = 10135
10126 clone(child_stack=0x72149991c000, flags=CLONE_VM|CLONE_FS|CLONE_FILES|CLONE_SIGHAND|CLONE_THREAD|CLONE_SYSVSEM) = 10136
10135 clone(child_stack=0x721499998000, flags=CLONE_VM|CLONE_FS|CLONE_FILES|CLONE_SIGHAND|CLONE_THREAD|CLONE_SYSVSEM) = 10137
9620  clone(child_stack=NULL, flags=CLONE_VM|CLONE_PIDFD|CLONE_VFORK|SIGCHLD <unfinished ...>
9616  tgkill(9615, 9620, SIGURG)        = 0
10128 clone(child_stack=0x48a4f5e12000, flags=CLONE_VM|CLONE_FS|CLONE_FILES|CLONE_SIGHAND|CLONE_THREAD|CLONE_SYSVSEM) = 10139
10128 clone(child_stack=0x48a4f5e4a000, flags=CLONE_VM|CLONE_FS|CLONE_FILES|CLONE_SIGHAND|CLONE_THREAD|CLONE_SYSVSEM <unfinished ...>
10139 tgkill(10128, 10128, SIGURG <unfinished ...>
10128 <... clone resumed>)              = 10140
10139 <... tgkill resumed>)             = 0
10128 --- SIGURG {si_signo=SIGURG, si_code=SI_TKILL, si_pid=10128, si_uid=1001} ---
10138 execve("/opt/hostedtoolcache/go/1.27.1/arm64/pkg/tool/linux_arm64/compile", ["/opt/hostedtoolcache/go/1.27.1/a"..., "-o", "/tmp/go-build3484636357/b062/_pk"..., "-trimpath", "/tmp/go-build3484636357/b062=>", "-p", "bytes", "-lang=go1.27", "-std", "-buildid", "9a-pxARELbG-USgPnnhT/9a-pxARELbG"..., "-goversion", "go1.27.1", "-c=4", "-nolocalimports", "-importcfg", "/tmp/go-build3484636357/b062/imp"..., "-pack", "/opt/hostedtoolcache/go/1.27.1/a"..., "/opt/hostedtoolcache/go/1.27.1/a"..., "/opt/hostedtoolcache/go/1.27.1/a"..., "/opt/hostedtoolcache/go/1.27.1/a"...], 0x382e36081208 /* 140 vars */ <unfinished ...>
10128 clone(child_stack=0x48a4f5e46000, flags=CLONE_VM|CLONE_FS|CLONE_FILES|CLONE_SIGHAND|CLONE_THREAD|CLONE_SYSVSEM) = 10141
9620  <... clone resumed>, parent_tid=[15]) = 10138
10140 clone(child_stack=0x48a4f5e98000, flags=CLONE_VM|CLONE_FS|CLONE_FILES|CLONE_SIGHAND|CLONE_THREAD|CLONE_SYSVSEM <unfinished ...>
10138 <... execve resumed>)             = 0
9620  --- SIGURG {si_signo=SIGURG, si_code=SI_TKILL, si_pid=9615, si_uid=1001} ---
9620  waitid(P_PIDFD, 15,  <unfinished ...>
10140 <... clone resumed>)              = 10142
10141 clone(child_stack=0x48a4f5e94000, flags=CLONE_VM|CLONE_FS|CLONE_FILES|CLONE_SIGHAND|CLONE_THREAD|CLONE_SYSVSEM) = 10143
10126 exit_group(0)                     = ?
10137 +++ exited with 0 +++
10135 +++ exited with 0 +++
10132 +++ exited with 0 +++
10138 clone(child_stack=0x243be53d8000, flags=CLONE_VM|CLONE_FS|CLONE_FILES|CLONE_SIGHAND|CLONE_THREAD|CLONE_SYSVSEM) = 10144
10136 +++ exited with 0 +++
10126 +++ exited with 0 +++
9911  --- SIGCHLD {si_signo=SIGCHLD, si_code=CLD_EXITED, si_pid=10126, si_uid=1001, si_status=0, si_utime=0, si_stime=1 /* 0.01 s */} ---
9618  <... waitid resumed>{si_signo=SIGCHLD, si_code=CLD_EXITED, si_pid=10126, si_uid=1001, si_status=0, si_utime=0, si_stime=0}, WEXITED, {ru_utime={tv_sec=0, tv_usec=5182}, ru_stime={tv_sec=0, tv_usec=7404}, ...}) = 0
10138 clone(child_stack=0x243be5410000, flags=CLONE_VM|CLONE_FS|CLONE_FILES|CLONE_SIGHAND|CLONE_THREAD|CLONE_SYSVSEM) = 10145
10144 tgkill(10138, 10138, SIGURG)      = 0
10138 --- SIGURG {si_signo=SIGURG, si_code=SI_TKILL, si_pid=10138, si_uid=1001} ---
10138 clone(child_stack=0x243be540c000, flags=CLONE_VM|CLONE_FS|CLONE_FILES|CLONE_SIGHAND|CLONE_THREAD|CLONE_SYSVSEM) = 10146
10145 clone(child_stack=0x243be5498000, flags=CLONE_VM|CLONE_FS|CLONE_FILES|CLONE_SIGHAND|CLONE_THREAD|CLONE_SYSVSEM) = 10147
10147 clone(child_stack=0x243be5494000, flags=CLONE_VM|CLONE_FS|CLONE_FILES|CLONE_SIGHAND|CLONE_THREAD|CLONE_SYSVSEM) = 10148
10128 exit_group(0)                     = ?
10143 +++ exited with 0 +++
10142 +++ exited with 0 +++
10141 +++ exited with 0 +++
10140 +++ exited with 0 +++
10139 +++ exited with 0 +++
10128 +++ exited with 0 +++
9618  --- SIGCHLD {si_signo=SIGCHLD, si_code=CLD_EXITED, si_pid=10128, si_uid=1001, si_status=0, si_utime=0, si_stime=0} ---
9619  <... waitid resumed>{si_signo=SIGCHLD, si_code=CLD_EXITED, si_pid=10128, si_uid=1001, si_status=0, si_utime=0, si_stime=0}, WEXITED, {ru_utime={tv_sec=0, tv_usec=2042}, ru_stime={tv_sec=0, tv_usec=5445}, ...}) = 0
9619  clone(child_stack=NULL, flags=CLONE_VM|CLONE_PIDFD|CLONE_VFORK|SIGCHLD <unfinished ...>
10129 tgkill(10127, 10133, SIGURG)      = 0
10133 --- SIGURG {si_signo=SIGURG, si_code=SI_TKILL, si_pid=10127, si_uid=1001} ---
10149 execve("/opt/hostedtoolcache/go/1.27.1/arm64/pkg/tool/linux_arm64/compile", ["/opt/hostedtoolcache/go/1.27.1/a"..., "-o", "/tmp/go-build3484636357/b038/_pk"..., "-trimpath", "/tmp/go-build3484636357/b038=>", "-p", "reflect", "-lang=go1.27", "-std", "-buildid", "vgM9dhPYLOoocTWEATuP/vgM9dhPYLOo"..., "-goversion", "go1.27.1", "-symabis", "/tmp/go-build3484636357/b038/sym"..., "-c=4", "-nolocalimports", "-importcfg", "/tmp/go-build3484636357/b038/imp"..., "-pack", "-asmhdr", "/tmp/go-build3484636357/b038/go_"..., "/opt/hostedtoolcache/go/1.27.1/a"..., "/opt/hostedtoolcache/go/1.27.1/a"..., "/opt/hostedtoolcache/go/1.27.1/a"..., "/opt/hostedtoolcache/go/1.27.1/a"..., "/opt/hostedtoolcache/go/1.27.1/a"..., "/opt/hostedtoolcache/go/1.27.1/a"..., "/opt/hostedtoolcache/go/1.27.1/a"..., "/opt/hostedtoolcache/go/1.27.1/a"..., "/opt/hostedtoolcache/go/1.27.1/a"..., "/opt/hostedtoolcache/go/1.27.1/a"..., ...], 0x382e35f8cd88 /* 140 vars */ <unfinished ...>
9619  <... clone resumed>, parent_tid=[9]) = 10149
10149 <... execve resumed>)             = 0
9619  waitid(P_PIDFD, 9,  <unfinished ...>
9616  tgkill(9615, 9911, SIGURG)        = 0
9911  --- SIGURG {si_signo=SIGURG, si_code=SI_TKILL, si_pid=9615, si_uid=1001} ---
10134 exit_group(0)                     = ?
10133 +++ exited with 0 +++
10131 +++ exited with 0 +++
10130 +++ exited with 0 +++
10129 +++ exited with 0 +++
10134 +++ exited with 0 +++
10127 +++ exited with 0 +++
9615  <... waitid resumed>{si_signo=SIGCHLD, si_code=CLD_EXITED, si_pid=10127, si_uid=1001, si_status=0, si_utime=0, si_stime=0}, WEXITED, {ru_utime={tv_sec=0, tv_usec=25343}, ru_stime={tv_sec=0, tv_usec=9215}, ...}) = 0
9617  --- SIGCHLD {si_signo=SIGCHLD, si_code=CLD_EXITED, si_pid=10127, si_uid=1001, si_status=0, si_utime=2 /* 0.02 s */, si_stime=0} ---
10149 clone(child_stack=0x3a947eb10000, flags=CLONE_VM|CLONE_FS|CLONE_FILES|CLONE_SIGHAND|CLONE_THREAD|CLONE_SYSVSEM) = 10150
10149 clone(child_stack=0x3a947eb48000, flags=CLONE_VM|CLONE_FS|CLONE_FILES|CLONE_SIGHAND|CLONE_THREAD|CLONE_SYSVSEM) = 10151
10149 clone(child_stack=0x3a947eb44000, flags=CLONE_VM|CLONE_FS|CLONE_FILES|CLONE_SIGHAND|CLONE_THREAD|CLONE_SYSVSEM) = 10152
10151 clone(child_stack=0x3a947eb98000, flags=CLONE_VM|CLONE_FS|CLONE_FILES|CLONE_SIGHAND|CLONE_THREAD|CLONE_SYSVSEM) = 10153
10144 tgkill(10138, 10147, SIGURG)      = 0
10147 --- SIGURG {si_signo=SIGURG, si_code=SI_TKILL, si_pid=10138, si_uid=1001} ---
9617  tgkill(9615, 9618, SIGURG)        = 0
9618  --- SIGURG {si_signo=SIGURG, si_code=SI_TKILL, si_pid=9615, si_uid=1001} ---
9617  tgkill(9615, 9911, SIGURG <unfinished ...>
9911  --- SIGURG {si_signo=SIGURG, si_code=SI_TKILL, si_pid=9615, si_uid=1001} ---
9617  <... tgkill resumed>)             = 0
9617  tgkill(9615, 9618, SIGURG)        = 0
9618  --- SIGURG {si_signo=SIGURG, si_code=SI_TKILL, si_pid=9615, si_uid=1001} ---
9617  tgkill(9615, 9911, SIGURG)        = 0
9911  --- SIGURG {si_signo=SIGURG, si_code=SI_TKILL, si_pid=9615, si_uid=1001} ---
10150 clone(child_stack=0x3a947efa4000, flags=CLONE_VM|CLONE_FS|CLONE_FILES|CLONE_SIGHAND|CLONE_THREAD|CLONE_SYSVSEM) = 10154
10150 clone(child_stack=0x3a947f088000, flags=CLONE_VM|CLONE_FS|CLONE_FILES|CLONE_SIGHAND|CLONE_THREAD|CLONE_SYSVSEM) = 10155
9911  clone(child_stack=NULL, flags=CLONE_VM|CLONE_PIDFD|CLONE_VFORK|SIGCHLD <unfinished ...>
10156 execve("/opt/hostedtoolcache/go/1.27.1/arm64/pkg/tool/linux_arm64/asm", ["/opt/hostedtoolcache/go/1.27.1/a"..., "-p", "syscall", "-trimpath", "/tmp/go-build3484636357/b056=>", "-I", "/tmp/go-build3484636357/b056/", "-I", "/opt/hostedtoolcache/go/1.27.1/a"..., "-D", "GOOS_linux", "-D", "GOARCH_arm64", "-std", "-gensymabis", "-o", "/tmp/go-build3484636357/b056/sym"..., "/opt/hostedtoolcache/go/1.27.1/a"...], 0x382e36081208 /* 140 vars */ <unfinished ...>
9911  <... clone resumed>, parent_tid=[17]) = 10156
10156 <... execve resumed>)             = 0
9911  waitid(P_PIDFD, 17,  <unfinished ...>
9618  clone(child_stack=NULL, flags=CLONE_VM|CLONE_PIDFD|CLONE_VFORK|SIGCHLD <unfinished ...>
10157 execve("/opt/hostedtoolcache/go/1.27.1/arm64/pkg/tool/linux_arm64/compile", ["/opt/hostedtoolcache/go/1.27.1/a"..., "-o", "/tmp/go-build3484636357/b069/_pk"..., "-trimpath", "/tmp/go-build3484636357/b069=>", "-p", "strings", "-lang=go1.27", "-std", "-complete", "-buildid", "bvkjzTh519L6xzbeU7R3/bvkjzTh519L"..., "-goversion", "go1.27.1", "-c=4", "-nolocalimports", "-importcfg", "/tmp/go-build3484636357/b069/imp"..., "-pack", "/opt/hostedtoolcache/go/1.27.1/a"..., "/opt/hostedtoolcache/go/1.27.1/a"..., "/opt/hostedtoolcache/go/1.27.1/a"..., "/opt/hostedtoolcache/go/1.27.1/a"..., "/opt/hostedtoolcache/go/1.27.1/a"..., "/opt/hostedtoolcache/go/1.27.1/a"..., "/opt/hostedtoolcache/go/1.27.1/a"..., "/opt/hostedtoolcache/go/1.27.1/a"...], 0x382e36040488 /* 140 vars */ <unfinished ...>
9618  <... clone resumed>, parent_tid=[18]) = 10157
10157 <... execve resumed>)             = 0
9618  waitid(P_PIDFD, 18,  <unfinished ...>
10150 tgkill(10149, 10154, SIGURG)      = 0
10154 --- SIGURG {si_signo=SIGURG, si_code=SI_TKILL, si_pid=10149, si_uid=1001} ---
10144 tgkill(10138, 10148, SIGURG)      = 0
10148 --- SIGURG {si_signo=SIGURG, si_code=SI_TKILL, si_pid=10138, si_uid=1001} ---
10156 clone(child_stack=0x331f59526000, flags=CLONE_VM|CLONE_FS|CLONE_FILES|CLONE_SIGHAND|CLONE_THREAD|CLONE_SYSVSEM) = 10158
10156 clone(child_stack=0x331f5955e000, flags=CLONE_VM|CLONE_FS|CLONE_FILES|CLONE_SIGHAND|CLONE_THREAD|CLONE_SYSVSEM) = 10159
10158 tgkill(10156, 10156, SIGURG)      = 0
10156 clone(child_stack=0x331f5955a000, flags=CLONE_VM|CLONE_FS|CLONE_FILES|CLONE_SIGHAND|CLONE_THREAD|CLONE_SYSVSEM) = 10160
10159 clone(child_stack=0x331f59598000, flags=CLONE_VM|CLONE_FS|CLONE_FILES|CLONE_SIGHAND|CLONE_THREAD|CLONE_SYSVSEM <unfinished ...>
10156 --- SIGURG {si_signo=SIGURG, si_code=SI_TKILL, si_pid=10156, si_uid=1001} ---
10159 <... clone resumed>)              = 10161
10161 clone(child_stack=0x331f59594000, flags=CLONE_VM|CLONE_FS|CLONE_FILES|CLONE_SIGHAND|CLONE_THREAD|CLONE_SYSVSEM) = 10162
10157 clone(child_stack=0x695fd0aee000, flags=CLONE_VM|CLONE_FS|CLONE_FILES|CLONE_SIGHAND|CLONE_THREAD|CLONE_SYSVSEM) = 10163
10157 clone(child_stack=0x695fd0b26000, flags=CLONE_VM|CLONE_FS|CLONE_FILES|CLONE_SIGHAND|CLONE_THREAD|CLONE_SYSVSEM) = 10164
10163 tgkill(10157, 10157, SIGURG <unfinished ...>
10164 clone(child_stack=0x695fd0b22000, flags=CLONE_VM|CLONE_FS|CLONE_FILES|CLONE_SIGHAND|CLONE_THREAD|CLONE_SYSVSEM) = 10165
10157 clone(child_stack=0x695fd0b36000, flags=CLONE_VM|CLONE_FS|CLONE_FILES|CLONE_SIGHAND|CLONE_THREAD|CLONE_SYSVSEM <unfinished ...>
10163 <... tgkill resumed>)             = 0
10157 <... clone resumed>)              = 10166
10157 --- SIGURG {si_signo=SIGURG, si_code=SI_TKILL, si_pid=10157, si_uid=1001} ---
10158 tgkill(10156, 10156, SIGURG)      = 0
10156 --- SIGURG {si_signo=SIGURG, si_code=SI_TKILL, si_pid=10156, si_uid=1001} ---
10150 tgkill(10149, 10154, SIGURG <unfinished ...>
10154 --- SIGURG {si_signo=SIGURG, si_code=SI_TKILL, si_pid=10149, si_uid=1001} ---
10150 <... tgkill resumed>)             = 0
10162 exit_group(0)                     = ?
10162 +++ exited with 0 +++
10161 +++ exited with 0 +++
10159 +++ exited with 0 +++
10158 +++ exited with 0 +++
10165 clone(child_stack=0x695fd0b32000, flags=CLONE_VM|CLONE_FS|CLONE_FILES|CLONE_SIGHAND|CLONE_THREAD|CLONE_SYSVSEM) = 10167
10160 +++ exited with 0 +++
10156 +++ exited with 0 +++
9911  <... waitid resumed>{si_signo=SIGCHLD, si_code=CLD_EXITED, si_pid=10156, si_uid=1001, si_status=0, si_utime=0, si_stime=0}, WEXITED, {ru_utime={tv_sec=0, tv_usec=2022}, ru_stime={tv_sec=0, tv_usec=6067}, ...}) = 0
9615  --- SIGCHLD {si_signo=SIGCHLD, si_code=CLD_EXITED, si_pid=10156, si_uid=1001, si_status=0, si_utime=0, si_stime=0} ---
10144 tgkill(10138, 10145, SIGURG)      = 0
10145 --- SIGURG {si_signo=SIGURG, si_code=SI_TKILL, si_pid=10138, si_uid=1001} ---
10144 tgkill(10138, 10138, SIGURG)      = 0
10138 --- SIGURG {si_signo=SIGURG, si_code=SI_TKILL, si_pid=10138, si_uid=1001} ---
10144 tgkill(10138, 10147, SIGURG <unfinished ...>
9615  clone(child_stack=NULL, flags=CLONE_VM|CLONE_PIDFD|CLONE_VFORK|SIGCHLD <unfinished ...>
10144 <... tgkill resumed>)             = 0
10147 --- SIGURG {si_signo=SIGURG, si_code=SI_TKILL, si_pid=10138, si_uid=1001} ---
10168 execve("/opt/hostedtoolcache/go/1.27.1/arm64/pkg/tool/linux_arm64/compile", ["/opt/hostedtoolcache/go/1.27.1/a"..., "-o", "/tmp/go-build3484636357/b056/_pk"..., "-trimpath", "/tmp/go-build3484636357/b056=>", "-p", "syscall", "-lang=go1.27", "-std", "-buildid", "zs5N9es5ms9dZL5ayXwS/zs5N9es5ms9"..., "-goversion", "go1.27.1", "-symabis", "/tmp/go-build3484636357/b056/sym"..., "-c=4", "-nolocalimports", "-importcfg", "/tmp/go-build3484636357/b056/imp"..., "-pack", "-asmhdr", "/tmp/go-build3484636357/b056/go_"..., "/opt/hostedtoolcache/go/1.27.1/a"..., "/opt/hostedtoolcache/go/1.27.1/a"..., "/opt/hostedtoolcache/go/1.27.1/a"..., "/opt/hostedtoolcache/go/1.27.1/a"..., "/opt/hostedtoolcache/go/1.27.1/a"..., "/opt/hostedtoolcache/go/1.27.1/a"..., "/opt/hostedtoolcache/go/1.27.1/a"..., "/opt/hostedtoolcache/go/1.27.1/a"..., "/opt/hostedtoolcache/go/1.27.1/a"..., "/opt/hostedtoolcache/go/1.27.1/a"..., ...], 0x382e35f65b08 /* 140 vars */ <unfinished ...>
9615  <... clone resumed>, parent_tid=[17]) = 10168
10168 <... execve resumed>)             = 0
9615  waitid(P_PIDFD, 17,  <unfinished ...>
10144 tgkill(10138, 10147, SIGURG)      = 0
10147 --- SIGURG {si_signo=SIGURG, si_code=SI_TKILL, si_pid=10138, si_uid=1001} ---
10150 tgkill(10149, 10154, SIGURG)      = 0
10154 --- SIGURG {si_signo=SIGURG, si_code=SI_TKILL, si_pid=10149, si_uid=1001} ---
10168 clone(child_stack=0x2c4e2efc6000, flags=CLONE_VM|CLONE_FS|CLONE_FILES|CLONE_SIGHAND|CLONE_THREAD|CLONE_SYSVSEM) = 10169
10168 clone(child_stack=0x2c4e2effe000, flags=CLONE_VM|CLONE_FS|CLONE_FILES|CLONE_SIGHAND|CLONE_THREAD|CLONE_SYSVSEM) = 10170
10169 tgkill(10168, 10168, SIGURG)      = 0
10168 --- SIGURG {si_signo=SIGURG, si_code=SI_TKILL, si_pid=10168, si_uid=1001} ---
10169 tgkill(10168, 10168, SIGURG)      = 0
10168 --- SIGURG {si_signo=SIGURG, si_code=SI_TKILL, si_pid=10168, si_uid=1001} ---
10169 tgkill(10168, 10168, SIGURG)      = 0
10168 clone(child_stack=0x2c4e2effa000, flags=CLONE_VM|CLONE_FS|CLONE_FILES|CLONE_SIGHAND|CLONE_THREAD|CLONE_SYSVSEM <unfinished ...>
10170 clone(child_stack=0x2c4e2f020000, flags=CLONE_VM|CLONE_FS|CLONE_FILES|CLONE_SIGHAND|CLONE_THREAD|CLONE_SYSVSEM <unfinished ...>
10168 <... clone resumed>)              = 10171
10168 --- SIGURG {si_signo=SIGURG, si_code=SI_TKILL, si_pid=10168, si_uid=1001} ---
10170 <... clone resumed>)              = 10172
10169 tgkill(10168, 10171, SIGURG)      = 0
10171 --- SIGURG {si_signo=SIGURG, si_code=SI_TKILL, si_pid=10168, si_uid=1001} ---
10169 clone(child_stack=0x2c4e2f49a000, flags=CLONE_VM|CLONE_FS|CLONE_FILES|CLONE_SIGHAND|CLONE_THREAD|CLONE_SYSVSEM) = 10173
10163 tgkill(10157, 10164, SIGURG)      = 0
10164 --- SIGURG {si_signo=SIGURG, si_code=SI_TKILL, si_pid=10157, si_uid=1001} ---
10169 clone(child_stack=0x2c4e2f438000, flags=CLONE_VM|CLONE_FS|CLONE_FILES|CLONE_SIGHAND|CLONE_THREAD|CLONE_SYSVSEM) = 10174
10144 tgkill(10138, 10147, SIGURG)      = 0
10147 --- SIGURG {si_signo=SIGURG, si_code=SI_TKILL, si_pid=10138, si_uid=1001} ---
10150 tgkill(10149, 10151, SIGURG)      = 0
10151 --- SIGURG {si_signo=SIGURG, si_code=SI_TKILL, si_pid=10149, si_uid=1001} ---
10145 exit_group(0)                     = ?
10147 +++ exited with 0 +++
10146 +++ exited with 0 +++
10148 +++ exited with 0 +++
10144 +++ exited with 0 +++
10145 +++ exited with 0 +++
10138 +++ exited with 0 +++
9911  --- SIGCHLD {si_signo=SIGCHLD, si_code=CLD_EXITED, si_pid=10138, si_uid=1001, si_status=0, si_utime=9 /* 0.09 s */, si_stime=3 /* 0.03 s */} ---
9620  <... waitid resumed>{si_signo=SIGCHLD, si_code=CLD_EXITED, si_pid=10138, si_uid=1001, si_status=0, si_utime=0, si_stime=0}, WEXITED, {ru_utime={tv_sec=0, tv_usec=96392}, ru_stime={tv_sec=0, tv_usec=31157}, ...}) = 0
10163 tgkill(10157, 10167, SIGURG)      = 0
10167 --- SIGURG {si_signo=SIGURG, si_code=SI_TKILL, si_pid=10157, si_uid=1001} ---
10169 tgkill(10168, 10171, SIGURG)      = 0
10171 --- SIGURG {si_signo=SIGURG, si_code=SI_TKILL, si_pid=10168, si_uid=1001} ---
10150 tgkill(10149, 10153, SIGURG)      = 0
10153 --- SIGURG {si_signo=SIGURG, si_code=SI_TKILL, si_pid=10149, si_uid=1001} ---
10163 tgkill(10157, 10157, SIGURG)      = 0
10157 --- SIGURG {si_signo=SIGURG, si_code=SI_TKILL, si_pid=10157, si_uid=1001} ---
10169 tgkill(10168, 10168, SIGURG)      = 0
10168 --- SIGURG {si_signo=SIGURG, si_code=SI_TKILL, si_pid=10168, si_uid=1001} ---
10163 tgkill(10157, 10166, SIGURG)      = 0
10166 --- SIGURG {si_signo=SIGURG, si_code=SI_TKILL, si_pid=10157, si_uid=1001} ---
10163 tgkill(10157, 10167, SIGURG)      = 0
10163 tgkill(10157, 10164, SIGURG)      = 0
10164 --- SIGURG {si_signo=SIGURG, si_code=SI_TKILL, si_pid=10157, si_uid=1001} ---
10167 --- SIGURG {si_signo=SIGURG, si_code=SI_TKILL, si_pid=10157, si_uid=1001} ---
10150 tgkill(10149, 10151, SIGURG)      = 0
10151 --- SIGURG {si_signo=SIGURG, si_code=SI_TKILL, si_pid=10149, si_uid=1001} ---
10163 tgkill(10157, 10157, SIGURG)      = 0
10157 --- SIGURG {si_signo=SIGURG, si_code=SI_TKILL, si_pid=10157, si_uid=1001} ---
10169 tgkill(10168, 10171, SIGURG)      = 0
10171 --- SIGURG {si_signo=SIGURG, si_code=SI_TKILL, si_pid=10168, si_uid=1001} ---
10163 tgkill(10157, 10166, SIGURG <unfinished ...>
10166 --- SIGURG {si_signo=SIGURG, si_code=SI_TKILL, si_pid=10157, si_uid=1001} ---
10163 <... tgkill resumed>)             = 0
10150 tgkill(10149, 10151, SIGURG)      = 0
10151 --- SIGURG {si_signo=SIGURG, si_code=SI_TKILL, si_pid=10149, si_uid=1001} ---
10166 exit_group(0)                     = ?
10167 +++ exited with 0 +++
10164 +++ exited with 0 +++
10163 +++ exited with 0 +++
10166 +++ exited with 0 +++
10165 +++ exited with 0 +++
10157 +++ exited with 0 +++
9618  <... waitid resumed>{si_signo=SIGCHLD, si_code=CLD_EXITED, si_pid=10157, si_uid=1001, si_status=0, si_utime=0, si_stime=0}, WEXITED, {ru_utime={tv_sec=0, tv_usec=115078}, ru_stime={tv_sec=0, tv_usec=31021}, ...}) = 0
9620  --- SIGCHLD {si_signo=SIGCHLD, si_code=CLD_EXITED, si_pid=10157, si_uid=1001, si_status=0, si_utime=11 /* 0.11 s */, si_stime=3 /* 0.03 s */} ---
10169 tgkill(10168, 10171, SIGURG)      = 0
10171 --- SIGURG {si_signo=SIGURG, si_code=SI_TKILL, si_pid=10168, si_uid=1001} ---
9620  clone(child_stack=NULL, flags=CLONE_VM|CLONE_PIDFD|CLONE_VFORK|SIGCHLD <unfinished ...>
10176 execve("/opt/hostedtoolcache/go/1.27.1/arm64/pkg/tool/linux_arm64/compile", ["/opt/hostedtoolcache/go/1.27.1/a"..., "-o", "/tmp/go-build3484636357/b071/_pk"..., "-trimpath", "/tmp/go-build3484636357/b071=>", "-p", "regexp/syntax", "-lang=go1.27", "-std", "-complete", "-buildid", "1347f9jNZYWeZsu9p2wx/1347f9jNZYW"..., "-goversion", "go1.27.1", "-c=4", "-nolocalimports", "-importcfg", "/tmp/go-build3484636357/b071/imp"..., "-pack", "/opt/hostedtoolcache/go/1.27.1/a"..., "/opt/hostedtoolcache/go/1.27.1/a"..., "/opt/hostedtoolcache/go/1.27.1/a"..., "/opt/hostedtoolcache/go/1.27.1/a"..., "/opt/hostedtoolcache/go/1.27.1/a"..., "/opt/hostedtoolcache/go/1.27.1/a"..., "/opt/hostedtoolcache/go/1.27.1/a"..., "/opt/hostedtoolcache/go/1.27.1/a"...], 0x382e35f8c488 /* 140 vars */ <unfinished ...>
9620  <... clone resumed>, parent_tid=[15]) = 10176
10176 <... execve resumed>)             = 0
9620  waitid(P_PIDFD, 15,  <unfinished ...>
10150 tgkill(10149, 10151, SIGURG)      = 0
10151 --- SIGURG {si_signo=SIGURG, si_code=SI_TKILL, si_pid=10149, si_uid=1001} ---
10176 clone(child_stack=0x7932698e4000, flags=CLONE_VM|CLONE_FS|CLONE_FILES|CLONE_SIGHAND|CLONE_THREAD|CLONE_SYSVSEM) = 10177
10176 clone(child_stack=0x79326991c000, flags=CLONE_VM|CLONE_FS|CLONE_FILES|CLONE_SIGHAND|CLONE_THREAD|CLONE_SYSVSEM) = 10178
10176 clone(child_stack=0x793269918000, flags=CLONE_VM|CLONE_FS|CLONE_FILES|CLONE_SIGHAND|CLONE_THREAD|CLONE_SYSVSEM) = 10179
10176 clone(child_stack=0x793269940000, flags=CLONE_VM|CLONE_FS|CLONE_FILES|CLONE_SIGHAND|CLONE_THREAD|CLONE_SYSVSEM <unfinished ...>
10178 clone(child_stack=0x79326993c000, flags=CLONE_VM|CLONE_FS|CLONE_FILES|CLONE_SIGHAND|CLONE_THREAD|CLONE_SYSVSEM <unfinished ...>
10176 <... clone resumed>)              = 10180
10178 <... clone resumed>)              = 10181
10169 tgkill(10168, 10168, SIGURG)      = 0
10168 --- SIGURG {si_signo=SIGURG, si_code=SI_TKILL, si_pid=10168, si_uid=1001} ---
10150 tgkill(10149, 10153, SIGURG)      = 0
10153 --- SIGURG {si_signo=SIGURG, si_code=SI_TKILL, si_pid=10149, si_uid=1001} ---
10177 tgkill(10176, 10181, SIGURG)      = 0
10181 --- SIGURG {si_signo=SIGURG, si_code=SI_TKILL, si_pid=10176, si_uid=1001} ---
10169 tgkill(10168, 10172, SIGURG)      = 0
10172 --- SIGURG {si_signo=SIGURG, si_code=SI_TKILL, si_pid=10168, si_uid=1001} ---
10177 tgkill(10176, 10181, SIGURG)      = 0
10181 --- SIGURG {si_signo=SIGURG, si_code=SI_TKILL, si_pid=10176, si_uid=1001} ---
10151 tgkill(10149, 10154, SIGURG)      = 0
10154 --- SIGURG {si_signo=SIGURG, si_code=SI_TKILL, si_pid=10149, si_uid=1001} ---
10169 tgkill(10168, 10171, SIGURG)      = 0
10171 --- SIGURG {si_signo=SIGURG, si_code=SI_TKILL, si_pid=10168, si_uid=1001} ---
10169 tgkill(10168, 10173, SIGURG <unfinished ...>
10173 --- SIGURG {si_signo=SIGURG, si_code=SI_TKILL, si_pid=10168, si_uid=1001} ---
10169 <... tgkill resumed>)             = 0
10169 tgkill(10168, 10168, SIGURG)      = 0
10168 --- SIGURG {si_signo=SIGURG, si_code=SI_TKILL, si_pid=10168, si_uid=1001} ---
10154 tgkill(10149, 10153, SIGURG)      = 0
10153 --- SIGURG {si_signo=SIGURG, si_code=SI_TKILL, si_pid=10149, si_uid=1001} ---
10154 tgkill(10149, 10153, SIGURG)      = 0
10153 --- SIGURG {si_signo=SIGURG, si_code=SI_TKILL, si_pid=10149, si_uid=1001} ---
10154 tgkill(10149, 10153, SIGURG)      = 0
10153 --- SIGURG {si_signo=SIGURG, si_code=SI_TKILL, si_pid=10149, si_uid=1001} ---
10154 tgkill(10149, 10153, SIGURG)      = 0
10153 --- SIGURG {si_signo=SIGURG, si_code=SI_TKILL, si_pid=10149, si_uid=1001} ---
10154 tgkill(10149, 10155, SIGURG)      = 0
10155 --- SIGURG {si_signo=SIGURG, si_code=SI_TKILL, si_pid=10149, si_uid=1001} ---
10150 tgkill(10149, 10154, SIGURG)      = 0
10154 --- SIGURG {si_signo=SIGURG, si_code=SI_TKILL, si_pid=10149, si_uid=1001} ---
10177 tgkill(10176, 10176, SIGURG)      = 0
10176 --- SIGURG {si_signo=SIGURG, si_code=SI_TKILL, si_pid=10176, si_uid=1001} ---
10169 tgkill(10168, 10172, SIGURG <unfinished ...>
10154 tgkill(10149, 10151, SIGURG <unfinished ...>
10169 <... tgkill resumed>)             = 0
10172 --- SIGURG {si_signo=SIGURG, si_code=SI_TKILL, si_pid=10168, si_uid=1001} ---
10154 <... tgkill resumed>)             = 0
10151 --- SIGURG {si_signo=SIGURG, si_code=SI_TKILL, si_pid=10149, si_uid=1001} ---
10154 tgkill(10149, 10151, SIGURG)      = 0
10151 --- SIGURG {si_signo=SIGURG, si_code=SI_TKILL, si_pid=10149, si_uid=1001} ---
10172 tgkill(10168, 10171, SIGURG)      = 0
10150 tgkill(10149, 10154, SIGURG <unfinished ...>
10172 tgkill(10168, 10173, SIGURG <unfinished ...>
10150 <... tgkill resumed>)             = 0
10172 <... tgkill resumed>)             = 0
10173 --- SIGURG {si_signo=SIGURG, si_code=SI_TKILL, si_pid=10168, si_uid=1001} ---
10154 --- SIGURG {si_signo=SIGURG, si_code=SI_TKILL, si_pid=10149, si_uid=1001} ---
10171 --- SIGURG {si_signo=SIGURG, si_code=SI_TKILL, si_pid=10168, si_uid=1001} ---
10168 tgkill(10168, 10172, SIGURG)      = 0
10172 --- SIGURG {si_signo=SIGURG, si_code=SI_TKILL, si_pid=10168, si_uid=1001} ---
10169 tgkill(10168, 10171, SIGURG)      = 0
10171 --- SIGURG {si_signo=SIGURG, si_code=SI_TKILL, si_pid=10168, si_uid=1001} ---
10172 tgkill(10168, 10173, SIGURG <unfinished ...>
10173 tgkill(10168, 10171, SIGURG <unfinished ...>
10172 <... tgkill resumed>)             = 0
10173 <... tgkill resumed>)             = 0
10173 --- SIGURG {si_signo=SIGURG, si_code=SI_TKILL, si_pid=10168, si_uid=1001} ---
10168 tgkill(10168, 10172, SIGURG <unfinished ...>
10171 --- SIGURG {si_signo=SIGURG, si_code=SI_TKILL, si_pid=10168, si_uid=1001} ---
10168 <... tgkill resumed>)             = 0
10172 --- SIGURG {si_signo=SIGURG, si_code=SI_TKILL, si_pid=10168, si_uid=1001} ---
10177 tgkill(10176, 10181, SIGURG)      = 0
10181 --- SIGURG {si_signo=SIGURG, si_code=SI_TKILL, si_pid=10176, si_uid=1001} ---
10169 tgkill(10168, 10168, SIGURG)      = 0
10168 --- SIGURG {si_signo=SIGURG, si_code=SI_TKILL, si_pid=10168, si_uid=1001} ---
10150 tgkill(10149, 10153, SIGURG)      = 0
10153 --- SIGURG {si_signo=SIGURG, si_code=SI_TKILL, si_pid=10149, si_uid=1001} ---
10169 tgkill(10168, 10172, SIGURG <unfinished ...>
10172 --- SIGURG {si_signo=SIGURG, si_code=SI_TKILL, si_pid=10168, si_uid=1001} ---
10169 <... tgkill resumed>)             = 0
10169 tgkill(10168, 10173, SIGURG <unfinished ...>
10173 --- SIGURG {si_signo=SIGURG, si_code=SI_TKILL, si_pid=10168, si_uid=1001} ---
10169 <... tgkill resumed>)             = 0
10172 tgkill(10168, 10171, SIGURG)      = 0
10171 --- SIGURG {si_signo=SIGURG, si_code=SI_TKILL, si_pid=10168, si_uid=1001} ---
10172 tgkill(10168, 10168, SIGURG)      = 0
10168 --- SIGURG {si_signo=SIGURG, si_code=SI_TKILL, si_pid=10168, si_uid=1001} ---
10177 tgkill(10176, 10176, SIGURG)      = 0
10176 --- SIGURG {si_signo=SIGURG, si_code=SI_TKILL, si_pid=10176, si_uid=1001} ---
10177 tgkill(10176, 10179, SIGURG)      = 0
10177 tgkill(10176, 10178, SIGURG)      = 0
10178 --- SIGURG {si_signo=SIGURG, si_code=SI_TKILL, si_pid=10176, si_uid=1001} ---
10177 tgkill(10176, 10181, SIGURG)      = 0
10172 tgkill(10168, 10171, SIGURG)      = 0
10171 --- SIGURG {si_signo=SIGURG, si_code=SI_TKILL, si_pid=10168, si_uid=1001} ---
10181 --- SIGURG {si_signo=SIGURG, si_code=SI_TKILL, si_pid=10176, si_uid=1001} ---
10179 --- SIGURG {si_signo=SIGURG, si_code=SI_TKILL, si_pid=10176, si_uid=1001} ---
10172 tgkill(10168, 10173, SIGURG)      = 0
10173 --- SIGURG {si_signo=SIGURG, si_code=SI_TKILL, si_pid=10168, si_uid=1001} ---
10172 tgkill(10168, 10168, SIGURG <unfinished ...>
10150 tgkill(10149, 10151, SIGURG)      = 0
10172 <... tgkill resumed>)             = 0
10151 --- SIGURG {si_signo=SIGURG, si_code=SI_TKILL, si_pid=10149, si_uid=1001} ---
10172 tgkill(10168, 10171, SIGURG)      = 0
10168 --- SIGURG {si_signo=SIGURG, si_code=SI_TKILL, si_pid=10168, si_uid=1001} ---
10171 --- SIGURG {si_signo=SIGURG, si_code=SI_TKILL, si_pid=10168, si_uid=1001} ---
10172 tgkill(10168, 10173, SIGURG)      = 0
10173 --- SIGURG {si_signo=SIGURG, si_code=SI_TKILL, si_pid=10168, si_uid=1001} ---
10172 tgkill(10168, 10171, SIGURG)      = 0
10172 tgkill(10168, 10173, SIGURG <unfinished ...>
10171 --- SIGURG {si_signo=SIGURG, si_code=SI_TKILL, si_pid=10168, si_uid=1001} ---
10172 <... tgkill resumed>)             = 0
10173 --- SIGURG {si_signo=SIGURG, si_code=SI_TKILL, si_pid=10168, si_uid=1001} ---
10172 tgkill(10168, 10171, SIGURG)      = 0
10171 --- SIGURG {si_signo=SIGURG, si_code=SI_TKILL, si_pid=10168, si_uid=1001} ---
10172 tgkill(10168, 10173, SIGURG)      = 0
10172 tgkill(10168, 10168, SIGURG)      = 0
10168 --- SIGURG {si_signo=SIGURG, si_code=SI_TKILL, si_pid=10168, si_uid=1001} ---
10173 --- SIGURG {si_signo=SIGURG, si_code=SI_TKILL, si_pid=10168, si_uid=1001} ---
10172 tgkill(10168, 10173, SIGURG <unfinished ...>
10173 --- SIGURG {si_signo=SIGURG, si_code=SI_TKILL, si_pid=10168, si_uid=1001} ---
10172 <... tgkill resumed>)             = 0
10172 tgkill(10168, 10173, SIGURG <unfinished ...>
10173 --- SIGURG {si_signo=SIGURG, si_code=SI_TKILL, si_pid=10168, si_uid=1001} ---
10172 <... tgkill resumed>)             = 0
10172 tgkill(10168, 10171, SIGURG)      = 0
10171 --- SIGURG {si_signo=SIGURG, si_code=SI_TKILL, si_pid=10168, si_uid=1001} ---
10177 tgkill(10176, 10176, SIGURG)      = 0
10172 tgkill(10168, 10173, SIGURG)      = 0
10173 --- SIGURG {si_signo=SIGURG, si_code=SI_TKILL, si_pid=10168, si_uid=1001} ---
10172 tgkill(10168, 10168, SIGURG)      = 0
10172 tgkill(10168, 10171, SIGURG)      = 0
10176 --- SIGURG {si_signo=SIGURG, si_code=SI_TKILL, si_pid=10176, si_uid=1001} ---
10171 --- SIGURG {si_signo=SIGURG, si_code=SI_TKILL, si_pid=10168, si_uid=1001} ---
10177 tgkill(10176, 10179, SIGURG)      = 0
10177 tgkill(10176, 10178, SIGURG)      = 0
10178 --- SIGURG {si_signo=SIGURG, si_code=SI_TKILL, si_pid=10176, si_uid=1001} ---
10168 --- SIGURG {si_signo=SIGURG, si_code=SI_TKILL, si_pid=10168, si_uid=1001} ---
10179 --- SIGURG {si_signo=SIGURG, si_code=SI_TKILL, si_pid=10176, si_uid=1001} ---
10177 tgkill(10176, 10181, SIGURG <unfinished ...>
10181 --- SIGURG {si_signo=SIGURG, si_code=SI_TKILL, si_pid=10176, si_uid=1001} ---
10177 <... tgkill resumed>)             = 0
10150 tgkill(10149, 10151, SIGURG)      = 0
10151 --- SIGURG {si_signo=SIGURG, si_code=SI_TKILL, si_pid=10149, si_uid=1001} ---
10172 tgkill(10168, 10171, SIGURG)      = 0
10171 --- SIGURG {si_signo=SIGURG, si_code=SI_TKILL, si_pid=10168, si_uid=1001} ---
10172 tgkill(10168, 10171, SIGURG)      = 0
10171 --- SIGURG {si_signo=SIGURG, si_code=SI_TKILL, si_pid=10168, si_uid=1001} ---
10172 tgkill(10168, 10171, SIGURG)      = 0
10171 --- SIGURG {si_signo=SIGURG, si_code=SI_TKILL, si_pid=10168, si_uid=1001} ---
10172 tgkill(10168, 10171, SIGURG)      = 0
10171 --- SIGURG {si_signo=SIGURG, si_code=SI_TKILL, si_pid=10168, si_uid=1001} ---
10172 tgkill(10168, 10171, SIGURG)      = 0
10169 tgkill(10168, 10172, SIGURG <unfinished ...>
10171 --- SIGURG {si_signo=SIGURG, si_code=SI_TKILL, si_pid=10168, si_uid=1001} ---
10169 <... tgkill resumed>)             = 0
10172 --- SIGURG {si_signo=SIGURG, si_code=SI_TKILL, si_pid=10168, si_uid=1001} ---
10169 tgkill(10168, 10172, SIGURG <unfinished ...>
10172 tgkill(10168, 10171, SIGURG <unfinished ...>
10169 <... tgkill resumed>)             = 0
10172 <... tgkill resumed>)             = 0
10171 --- SIGURG {si_signo=SIGURG, si_code=SI_TKILL, si_pid=10168, si_uid=1001} ---
10172 --- SIGURG {si_signo=SIGURG, si_code=SI_TKILL, si_pid=10168, si_uid=1001} ---
10169 tgkill(10168, 10172, SIGURG)      = 0
10172 --- SIGURG {si_signo=SIGURG, si_code=SI_TKILL, si_pid=10168, si_uid=1001} ---
10172 tgkill(10168, 10171, SIGURG)      = 0
10171 --- SIGURG {si_signo=SIGURG, si_code=SI_TKILL, si_pid=10168, si_uid=1001} ---
10169 tgkill(10168, 10172, SIGURG)      = 0
10172 --- SIGURG {si_signo=SIGURG, si_code=SI_TKILL, si_pid=10168, si_uid=1001} ---
10169 tgkill(10168, 10172, SIGURG)      = 0
10172 --- SIGURG {si_signo=SIGURG, si_code=SI_TKILL, si_pid=10168, si_uid=1001} ---
10169 tgkill(10168, 10172, SIGURG)      = 0
10172 --- SIGURG {si_signo=SIGURG, si_code=SI_TKILL, si_pid=10168, si_uid=1001} ---
10169 tgkill(10168, 10172, SIGURG)      = 0
10172 --- SIGURG {si_signo=SIGURG, si_code=SI_TKILL, si_pid=10168, si_uid=1001} ---
10169 tgkill(10168, 10172, SIGURG)      = 0
10172 --- SIGURG {si_signo=SIGURG, si_code=SI_TKILL, si_pid=10168, si_uid=1001} ---
10169 tgkill(10168, 10172, SIGURG)      = 0
10172 --- SIGURG {si_signo=SIGURG, si_code=SI_TKILL, si_pid=10168, si_uid=1001} ---
10169 tgkill(10168, 10172, SIGURG)      = 0
10172 --- SIGURG {si_signo=SIGURG, si_code=SI_TKILL, si_pid=10168, si_uid=1001} ---
10169 tgkill(10168, 10172, SIGURG)      = 0
10172 --- SIGURG {si_signo=SIGURG, si_code=SI_TKILL, si_pid=10168, si_uid=1001} ---
10169 tgkill(10168, 10172, SIGURG)      = 0
10172 --- SIGURG {si_signo=SIGURG, si_code=SI_TKILL, si_pid=10168, si_uid=1001} ---
10169 tgkill(10168, 10172, SIGURG)      = 0
10172 --- SIGURG {si_signo=SIGURG, si_code=SI_TKILL, si_pid=10168, si_uid=1001} ---
10169 tgkill(10168, 10172, SIGURG)      = 0
10172 --- SIGURG {si_signo=SIGURG, si_code=SI_TKILL, si_pid=10168, si_uid=1001} ---
10169 tgkill(10168, 10172, SIGURG)      = 0
10172 --- SIGURG {si_signo=SIGURG, si_code=SI_TKILL, si_pid=10168, si_uid=1001} ---
10169 tgkill(10168, 10172, SIGURG)      = 0
10172 --- SIGURG {si_signo=SIGURG, si_code=SI_TKILL, si_pid=10168, si_uid=1001} ---
10169 tgkill(10168, 10172, SIGURG)      = 0
10172 --- SIGURG {si_signo=SIGURG, si_code=SI_TKILL, si_pid=10168, si_uid=1001} ---
10169 tgkill(10168, 10168, SIGURG)      = 0
10169 tgkill(10168, 10173, SIGURG)      = 0
10173 --- SIGURG {si_signo=SIGURG, si_code=SI_TKILL, si_pid=10168, si_uid=1001} ---
10168 --- SIGURG {si_signo=SIGURG, si_code=SI_TKILL, si_pid=10168, si_uid=1001} ---
10150 tgkill(10149, 10153, SIGURG)      = 0
10153 --- SIGURG {si_signo=SIGURG, si_code=SI_TKILL, si_pid=10149, si_uid=1001} ---
10169 tgkill(10168, 10171, SIGURG)      = 0
10171 --- SIGURG {si_signo=SIGURG, si_code=SI_TKILL, si_pid=10168, si_uid=1001} ---
10169 tgkill(10168, 10168, SIGURG)      = 0
10169 tgkill(10168, 10172, SIGURG)      = 0
10172 --- SIGURG {si_signo=SIGURG, si_code=SI_TKILL, si_pid=10168, si_uid=1001} ---
10168 --- SIGURG {si_signo=SIGURG, si_code=SI_TKILL, si_pid=10168, si_uid=1001} ---
10150 tgkill(10149, 10151, SIGURG)      = 0
10151 --- SIGURG {si_signo=SIGURG, si_code=SI_TKILL, si_pid=10149, si_uid=1001} ---
10150 tgkill(10149, 10154, SIGURG)      = 0
10154 --- SIGURG {si_signo=SIGURG, si_code=SI_TKILL, si_pid=10149, si_uid=1001} ---
10169 tgkill(10168, 10171, SIGURG)      = 0
10169 tgkill(10168, 10173, SIGURG)      = 0
10173 --- SIGURG {si_signo=SIGURG, si_code=SI_TKILL, si_pid=10168, si_uid=1001} ---
10171 --- SIGURG {si_signo=SIGURG, si_code=SI_TKILL, si_pid=10168, si_uid=1001} ---
10177 tgkill(10176, 10176, SIGURG)      = 0
10176 --- SIGURG {si_signo=SIGURG, si_code=SI_TKILL, si_pid=10176, si_uid=1001} ---
10150 tgkill(10149, 10153, SIGURG <unfinished ...>
10169 tgkill(10168, 10172, SIGURG)      = 0
10169 tgkill(10168, 10171, SIGURG)      = 0
10169 tgkill(10168, 10168, SIGURG)      = 0
10172 --- SIGURG {si_signo=SIGURG, si_code=SI_TKILL, si_pid=10168, si_uid=1001} ---
10153 --- SIGURG {si_signo=SIGURG, si_code=SI_TKILL, si_pid=10149, si_uid=1001} ---
10171 --- SIGURG {si_signo=SIGURG, si_code=SI_TKILL, si_pid=10168, si_uid=1001} ---
10150 <... tgkill resumed>)             = 0
10150 tgkill(10149, 10155, SIGURG <unfinished ...>
10155 --- SIGURG {si_signo=SIGURG, si_code=SI_TKILL, si_pid=10149, si_uid=1001} ---
10150 <... tgkill resumed>)             = 0
10177 tgkill(10176, 10179, SIGURG <unfinished ...>
10168 --- SIGURG {si_signo=SIGURG, si_code=SI_TKILL, si_pid=10168, si_uid=1001} ---
10177 <... tgkill resumed>)             = 0
10177 tgkill(10176, 10178, SIGURG <unfinished ...>
10178 --- SIGURG {si_signo=SIGURG, si_code=SI_TKILL, si_pid=10176, si_uid=1001} ---
10177 <... tgkill resumed>)             = 0
10179 --- SIGURG {si_signo=SIGURG, si_code=SI_TKILL, si_pid=10176, si_uid=1001} ---
10177 tgkill(10176, 10181, SIGURG)      = 0
10181 --- SIGURG {si_signo=SIGURG, si_code=SI_TKILL, si_pid=10176, si_uid=1001} ---
10169 tgkill(10168, 10173, SIGURG)      = 0
10173 --- SIGURG {si_signo=SIGURG, si_code=SI_TKILL, si_pid=10168, si_uid=1001} ---
10150 tgkill(10149, 10151, SIGURG)      = 0
10151 --- SIGURG {si_signo=SIGURG, si_code=SI_TKILL, si_pid=10149, si_uid=1001} ---
10150 tgkill(10149, 10154, SIGURG)      = 0
10154 --- SIGURG {si_signo=SIGURG, si_code=SI_TKILL, si_pid=10149, si_uid=1001} ---
10169 tgkill(10168, 10172, SIGURG)      = 0
10172 --- SIGURG {si_signo=SIGURG, si_code=SI_TKILL, si_pid=10168, si_uid=1001} ---
10150 tgkill(10149, 10153, SIGURG)      = 0
10153 --- SIGURG {si_signo=SIGURG, si_code=SI_TKILL, si_pid=10149, si_uid=1001} ---
10150 tgkill(10149, 10155, SIGURG <unfinished ...>
10177 tgkill(10176, 10176, SIGURG)      = 0
10176 --- SIGURG {si_signo=SIGURG, si_code=SI_TKILL, si_pid=10176, si_uid=1001} ---
10150 <... tgkill resumed>)             = 0
10155 --- SIGURG {si_signo=SIGURG, si_code=SI_TKILL, si_pid=10149, si_uid=1001} ---
10150 tgkill(10149, 10151, SIGURG)      = 0
10151 --- SIGURG {si_signo=SIGURG, si_code=SI_TKILL, si_pid=10149, si_uid=1001} ---
10150 tgkill(10149, 10154, SIGURG)      = 0
10154 --- SIGURG {si_signo=SIGURG, si_code=SI_TKILL, si_pid=10149, si_uid=1001} ---
10169 tgkill(10168, 10172, SIGURG)      = 0
10172 --- SIGURG {si_signo=SIGURG, si_code=SI_TKILL, si_pid=10168, si_uid=1001} ---
10176 exit_group(0)                     = ?
10181 +++ exited with 0 +++
10179 +++ exited with 0 +++
10178 +++ exited with 0 +++
10177 +++ exited with 0 +++
10150 tgkill(10149, 10153, SIGURG)      = 0
10150 tgkill(10149, 10155, SIGURG)      = 0
10155 --- SIGURG {si_signo=SIGURG, si_code=SI_TKILL, si_pid=10149, si_uid=1001} ---
10180 +++ exited with 0 +++
10176 +++ exited with 0 +++
10153 --- SIGURG {si_signo=SIGURG, si_code=SI_TKILL, si_pid=10149, si_uid=1001} ---
9618  --- SIGCHLD {si_signo=SIGCHLD, si_code=CLD_EXITED, si_pid=10176, si_uid=1001, si_status=0, si_utime=19 /* 0.19 s */, si_stime=3 /* 0.03 s */} ---
9620  <... waitid resumed>{si_signo=SIGCHLD, si_code=CLD_EXITED, si_pid=10176, si_uid=1001, si_status=0, si_utime=0, si_stime=0}, WEXITED, {ru_utime={tv_sec=0, tv_usec=202188}, ru_stime={tv_sec=0, tv_usec=30480}, ...}) = 0
10172 exit_group(0)                     = ?
10169 +++ exited with 0 +++
10173 +++ exited with 0 +++
10170 +++ exited with 0 +++
10171 +++ exited with 0 +++
10174 +++ exited with 0 +++
10150 tgkill(10149, 10151, SIGURG <unfinished ...>
10151 --- SIGURG {si_signo=SIGURG, si_code=SI_TKILL, si_pid=10149, si_uid=1001} ---
10150 <... tgkill resumed>)             = 0
10150 tgkill(10149, 10154, SIGURG)      = 0
10154 --- SIGURG {si_signo=SIGURG, si_code=SI_TKILL, si_pid=10149, si_uid=1001} ---
10172 +++ exited with 0 +++
10168 +++ exited with 0 +++
9618  --- SIGCHLD {si_signo=SIGCHLD, si_code=CLD_EXITED, si_pid=10168, si_uid=1001, si_status=0, si_utime=33 /* 0.33 s */, si_stime=4 /* 0.04 s */} ---
9615  <... waitid resumed>{si_signo=SIGCHLD, si_code=CLD_EXITED, si_pid=10168, si_uid=1001, si_status=0, si_utime=0, si_stime=0}, WEXITED, {ru_utime={tv_sec=0, tv_usec=336174}, ru_stime={tv_sec=0, tv_usec=46023}, ...}) = 0
9618  clone(child_stack=NULL, flags=CLONE_VM|CLONE_PIDFD|CLONE_VFORK|SIGCHLD <unfinished ...>
9616  tgkill(9615, 9618, SIGURG)        = 0
10182 execve("/opt/hostedtoolcache/go/1.27.1/arm64/pkg/tool/linux_arm64/compile", ["/opt/hostedtoolcache/go/1.27.1/a"..., "-o", "/tmp/go-build3484636357/b070/_pk"..., "-trimpath", "/tmp/go-build3484636357/b070=>", "-p", "regexp", "-lang=go1.27", "-std", "-complete", "-buildid", "Brb8s6QPGttxmhx85YD5/Brb8s6QPGtt"..., "-goversion", "go1.27.1", "-c=4", "-nolocalimports", "-importcfg", "/tmp/go-build3484636357/b070/imp"..., "-pack", "/opt/hostedtoolcache/go/1.27.1/a"..., "/opt/hostedtoolcache/go/1.27.1/a"..., "/opt/hostedtoolcache/go/1.27.1/a"..., "/opt/hostedtoolcache/go/1.27.1/a"...], 0x382e35f8cd88 /* 140 vars */ <unfinished ...>
9618  <... clone resumed>, parent_tid=[17]) = 10182
9618  --- SIGURG {si_signo=SIGURG, si_code=SI_TKILL, si_pid=9615, si_uid=1001} ---
9911  waitid(P_PIDFD, 17,  <unfinished ...>
10182 <... execve resumed>)             = 0
10150 tgkill(10149, 10153, SIGURG)      = 0
10153 --- SIGURG {si_signo=SIGURG, si_code=SI_TKILL, si_pid=10149, si_uid=1001} ---
10150 tgkill(10149, 10155, SIGURG)      = 0
10155 --- SIGURG {si_signo=SIGURG, si_code=SI_TKILL, si_pid=10149, si_uid=1001} ---
9616  tgkill(9615, 9615, SIGURG)        = 0
9615  --- SIGURG {si_signo=SIGURG, si_code=SI_TKILL, si_pid=9615, si_uid=1001} ---
9615  clone(child_stack=NULL, flags=CLONE_VM|CLONE_PIDFD|CLONE_VFORK|SIGCHLD <unfinished ...>
10183 execve("/opt/hostedtoolcache/go/1.27.1/arm64/pkg/tool/linux_arm64/asm", ["/opt/hostedtoolcache/go/1.27.1/a"..., "-p", "syscall", "-trimpath", "/tmp/go-build3484636357/b056=>", "-I", "/tmp/go-build3484636357/b056/", "-I", "/opt/hostedtoolcache/go/1.27.1/a"..., "-D", "GOOS_linux", "-D", "GOARCH_arm64", "-std", "-o", "/tmp/go-build3484636357/b056/asm"..., "/opt/hostedtoolcache/go/1.27.1/a"...], 0x382e35d40908 /* 140 vars */ <unfinished ...>
9615  <... clone resumed>, parent_tid=[15]) = 10183
10183 <... execve resumed>)             = 0
9615  waitid(P_PIDFD, 15,  <unfinished ...>
10150 tgkill(10149, 10151, SIGURG <unfinished ...>
10151 --- SIGURG {si_signo=SIGURG, si_code=SI_TKILL, si_pid=10149, si_uid=1001} ---
10150 <... tgkill resumed>)             = 0
10150 tgkill(10149, 10154, SIGURG)      = 0
10154 --- SIGURG {si_signo=SIGURG, si_code=SI_TKILL, si_pid=10149, si_uid=1001} ---
10183 clone(child_stack=0x388c01354000, flags=CLONE_VM|CLONE_FS|CLONE_FILES|CLONE_SIGHAND|CLONE_THREAD|CLONE_SYSVSEM) = 10184
10183 clone(child_stack=0x388c01390000, flags=CLONE_VM|CLONE_FS|CLONE_FILES|CLONE_SIGHAND|CLONE_THREAD|CLONE_SYSVSEM) = 10185
10182 clone(child_stack=0x6f18883cc000, flags=CLONE_VM|CLONE_FS|CLONE_FILES|CLONE_SIGHAND|CLONE_THREAD|CLONE_SYSVSEM <unfinished ...>
10183 clone(child_stack=0x388c0138c000, flags=CLONE_VM|CLONE_FS|CLONE_FILES|CLONE_SIGHAND|CLONE_THREAD|CLONE_SYSVSEM <unfinished ...>
10182 <... clone resumed>)              = 10186
10183 <... clone resumed>)              = 10187
10186 tgkill(10182, 10182, SIGURG)      = 0
10150 tgkill(10149, 10153, SIGURG <unfinished ...>
10153 --- SIGURG {si_signo=SIGURG, si_code=SI_TKILL, si_pid=10149, si_uid=1001} ---
10150 <... tgkill resumed>)             = 0
10182 --- SIGURG {si_signo=SIGURG, si_code=SI_TKILL, si_pid=10182, si_uid=1001} ---
10150 tgkill(10149, 10155, SIGURG <unfinished ...>
10155 --- SIGURG {si_signo=SIGURG, si_code=SI_TKILL, si_pid=10149, si_uid=1001} ---
10150 <... tgkill resumed>)             = 0
10185 clone(child_stack=0x388c013b8000, flags=CLONE_VM|CLONE_FS|CLONE_FILES|CLONE_SIGHAND|CLONE_THREAD|CLONE_SYSVSEM) = 10188
10182 clone(child_stack=0x6f1888408000, flags=CLONE_VM|CLONE_FS|CLONE_FILES|CLONE_SIGHAND|CLONE_THREAD|CLONE_SYSVSEM) = 10189
10182 clone(child_stack=0x6f1888404000, flags=CLONE_VM|CLONE_FS|CLONE_FILES|CLONE_SIGHAND|CLONE_THREAD|CLONE_SYSVSEM) = 10190
10189 clone(child_stack=0x6f1888428000, flags=CLONE_VM|CLONE_FS|CLONE_FILES|CLONE_SIGHAND|CLONE_THREAD|CLONE_SYSVSEM) = 10191
10183 exit_group(0)                     = ?
10185 +++ exited with 0 +++
10184 +++ exited with 0 +++
10188 +++ exited with 0 +++
10187 +++ exited with 0 +++
10183 +++ exited with 0 +++
10155 tgkill(10149, 10151, SIGURG <unfinished ...>
9615  <... waitid resumed>{si_signo=SIGCHLD, si_code=CLD_EXITED, si_pid=10183, si_uid=1001, si_status=0, si_utime=0, si_stime=0}, WEXITED, {ru_utime={tv_sec=0, tv_usec=2268}, ru_stime={tv_sec=0, tv_usec=4536}, ...}) = 0
10155 <... tgkill resumed>)             = 0
9620  --- SIGCHLD {si_signo=SIGCHLD, si_code=CLD_EXITED, si_pid=10183, si_uid=1001, si_status=0, si_utime=0, si_stime=0} ---
9616  tgkill(9615, 9615, SIGURG)        = 0
9615  --- SIGURG {si_signo=SIGURG, si_code=SI_TKILL, si_pid=9615, si_uid=1001} ---
10151 --- SIGURG {si_signo=SIGURG, si_code=SI_TKILL, si_pid=10149, si_uid=1001} ---
9618  tgkill(9615, 9620, SIGURG)        = 0
9620  --- SIGURG {si_signo=SIGURG, si_code=SI_TKILL, si_pid=9615, si_uid=1001} ---
10153 tgkill(10149, 10155, SIGURG)      = 0
10155 --- SIGURG {si_signo=SIGURG, si_code=SI_TKILL, si_pid=10149, si_uid=1001} ---
10153 tgkill(10149, 10154, SIGURG <unfinished ...>
9618  tgkill(9615, 9620, SIGURG <unfinished ...>
10153 <... tgkill resumed>)             = 0
9618  <... tgkill resumed>)             = 0
10154 --- SIGURG {si_signo=SIGURG, si_code=SI_TKILL, si_pid=10149, si_uid=1001} ---
10153 tgkill(10149, 10151, SIGURG)      = 0
10151 --- SIGURG {si_signo=SIGURG, si_code=SI_TKILL, si_pid=10149, si_uid=1001} ---
9620  --- SIGURG {si_signo=SIGURG, si_code=SI_TKILL, si_pid=9615, si_uid=1001} ---
10186 tgkill(10182, 10182, SIGURG <unfinished ...>
9618  tgkill(9615, 9620, SIGURG)        = 0
10186 <... tgkill resumed>)             = 0
9620  --- SIGURG {si_signo=SIGURG, si_code=SI_TKILL, si_pid=9615, si_uid=1001} ---
10182 --- SIGURG {si_signo=SIGURG, si_code=SI_TKILL, si_pid=10182, si_uid=1001} ---
10186 tgkill(10182, 10182, SIGURG <unfinished ...>
9618  tgkill(9615, 9620, SIGURG <unfinished ...>
10186 <... tgkill resumed>)             = 0
10182 --- SIGURG {si_signo=SIGURG, si_code=SI_TKILL, si_pid=10182, si_uid=1001} ---
9618  <... tgkill resumed>)             = 0
9620  --- SIGURG {si_signo=SIGURG, si_code=SI_TKILL, si_pid=9615, si_uid=1001} ---
10186 clone(child_stack=0x6f1888890000, flags=CLONE_VM|CLONE_FS|CLONE_FILES|CLONE_SIGHAND|CLONE_THREAD|CLONE_SYSVSEM) = 10192
9616  tgkill(9615, 9618, SIGURG)        = 0
9618  --- SIGURG {si_signo=SIGURG, si_code=SI_TKILL, si_pid=9615, si_uid=1001} ---
10150 tgkill(10149, 10153, SIGURG <unfinished ...>
10153 --- SIGURG {si_signo=SIGURG, si_code=SI_TKILL, si_pid=10149, si_uid=1001} ---
10150 <... tgkill resumed>)             = 0
10150 tgkill(10149, 10154, SIGURG)      = 0
10150 tgkill(10149, 10155, SIGURG)      = 0
10155 --- SIGURG {si_signo=SIGURG, si_code=SI_TKILL, si_pid=10149, si_uid=1001} ---
10154 --- SIGURG {si_signo=SIGURG, si_code=SI_TKILL, si_pid=10149, si_uid=1001} ---
10150 tgkill(10149, 10151, SIGURG <unfinished ...>
9616  tgkill(9615, 9620, SIGURG <unfinished ...>
10150 <... tgkill resumed>)             = 0
9616  <... tgkill resumed>)             = 0
10150 tgkill(10149, 10153, SIGURG)      = 0
10153 --- SIGURG {si_signo=SIGURG, si_code=SI_TKILL, si_pid=10149, si_uid=1001} ---
10151 --- SIGURG {si_signo=SIGURG, si_code=SI_TKILL, si_pid=10149, si_uid=1001} ---
9620  --- SIGURG {si_signo=SIGURG, si_code=SI_TKILL, si_pid=9615, si_uid=1001} ---
10154 tgkill(10149, 10155, SIGURG)      = 0
10155 --- SIGURG {si_signo=SIGURG, si_code=SI_TKILL, si_pid=10149, si_uid=1001} ---
10186 tgkill(10182, 10192, SIGURG)      = 0
10192 --- SIGURG {si_signo=SIGURG, si_code=SI_TKILL, si_pid=10182, si_uid=1001} ---
10150 tgkill(10149, 10154, SIGURG)      = 0
10154 --- SIGURG {si_signo=SIGURG, si_code=SI_TKILL, si_pid=10149, si_uid=1001} ---
10150 tgkill(10149, 10153, SIGURG)      = 0
10153 --- SIGURG {si_signo=SIGURG, si_code=SI_TKILL, si_pid=10149, si_uid=1001} ---
10150 tgkill(10149, 10151, SIGURG)      = 0
10151 --- SIGURG {si_signo=SIGURG, si_code=SI_TKILL, si_pid=10149, si_uid=1001} ---
10186 tgkill(10182, 10189, SIGURG)      = 0
10189 --- SIGURG {si_signo=SIGURG, si_code=SI_TKILL, si_pid=10182, si_uid=1001} ---
9616  tgkill(9615, 9617, SIGURG)        = 0
9617  --- SIGURG {si_signo=SIGURG, si_code=SI_TKILL, si_pid=9615, si_uid=1001} ---
10150 tgkill(10149, 10154, SIGURG)      = 0
10154 --- SIGURG {si_signo=SIGURG, si_code=SI_TKILL, si_pid=10149, si_uid=1001} ---
10150 tgkill(10149, 10155, SIGURG)      = 0
10155 --- SIGURG {si_signo=SIGURG, si_code=SI_TKILL, si_pid=10149, si_uid=1001} ---
9616  tgkill(9615, 9621, SIGURG)        = 0
9621  --- SIGURG {si_signo=SIGURG, si_code=SI_TKILL, si_pid=9615, si_uid=1001} ---
10150 tgkill(10149, 10153, SIGURG)      = 0
10153 --- SIGURG {si_signo=SIGURG, si_code=SI_TKILL, si_pid=10149, si_uid=1001} ---
10150 tgkill(10149, 10151, SIGURG <unfinished ...>
10151 --- SIGURG {si_signo=SIGURG, si_code=SI_TKILL, si_pid=10149, si_uid=1001} ---
10150 <... tgkill resumed>)             = 0
10186 tgkill(10182, 10189, SIGURG)      = 0
10189 --- SIGURG {si_signo=SIGURG, si_code=SI_TKILL, si_pid=10182, si_uid=1001} ---
10150 tgkill(10149, 10154, SIGURG)      = 0
10154 --- SIGURG {si_signo=SIGURG, si_code=SI_TKILL, si_pid=10149, si_uid=1001} ---
10150 tgkill(10149, 10155, SIGURG)      = 0
10155 --- SIGURG {si_signo=SIGURG, si_code=SI_TKILL, si_pid=10149, si_uid=1001} ---
9616  tgkill(9615, 9617, SIGURG)        = 0
9617  --- SIGURG {si_signo=SIGURG, si_code=SI_TKILL, si_pid=9615, si_uid=1001} ---
9620  clone(child_stack=NULL, flags=CLONE_VM|CLONE_PIDFD|CLONE_VFORK|SIGCHLD <unfinished ...>
10193 execve("/opt/hostedtoolcache/go/1.27.1/arm64/pkg/tool/linux_arm64/compile", ["/opt/hostedtoolcache/go/1.27.1/a"..., "-o", "/tmp/go-build3484636357/b055/_pk"..., "-trimpath", "/tmp/go-build3484636357/b055=>", "-p", "time", "-lang=go1.27", "-std", "-buildid", "ugVlUXPBEcvi7OU42Lt6/ugVlUXPBEcv"..., "-goversion", "go1.27.1", "-c=4", "-nolocalimports", "-importcfg", "/tmp/go-build3484636357/b055/imp"..., "-pack", "/opt/hostedtoolcache/go/1.27.1/a"..., "/opt/hostedtoolcache/go/1.27.1/a"..., "/opt/hostedtoolcache/go/1.27.1/a"..., "/opt/hostedtoolcache/go/1.27.1/a"..., "/opt/hostedtoolcache/go/1.27.1/a"..., "/opt/hostedtoolcache/go/1.27.1/a"..., "/opt/hostedtoolcache/go/1.27.1/a"..., "/opt/hostedtoolcache/go/1.27.1/a"..., "/opt/hostedtoolcache/go/1.27.1/a"..., "/opt/hostedtoolcache/go/1.27.1/a"...], 0x382e35f8c488 /* 140 vars */ <unfinished ...>
9620  <... clone resumed>, parent_tid=[16]) = 10193
10193 <... execve resumed>)             = 0
9620  waitid(P_PIDFD, 16,  <unfinished ...>
10150 tgkill(10149, 10153, SIGURG <unfinished ...>
10153 --- SIGURG {si_signo=SIGURG, si_code=SI_TKILL, si_pid=10149, si_uid=1001} ---
10150 <... tgkill resumed>)             = 0
10186 tgkill(10182, 10190, SIGURG)      = 0
10190 --- SIGURG {si_signo=SIGURG, si_code=SI_TKILL, si_pid=10182, si_uid=1001} ---
9621  clone(child_stack=NULL, flags=CLONE_VM|CLONE_PIDFD|CLONE_VFORK|SIGCHLD <unfinished ...>
10194 execve("/opt/hostedtoolcache/go/1.27.1/arm64/pkg/tool/linux_arm64/compile", ["/opt/hostedtoolcache/go/1.27.1/a"..., "-o", "/tmp/go-build3484636357/b058/_pk"..., "-trimpath", "/tmp/go-build3484636357/b058=>", "-p", "internal/syscall/unix", "-lang=go1.27", "-std", "-complete", "-buildid", "nnYyJ-9iTKAoHsDLa8XG/nnYyJ-9iTKA"..., "-goversion", "go1.27.1", "-c=4", "-nolocalimports", "-importcfg", "/tmp/go-build3484636357/b058/imp"..., "-pack", "/opt/hostedtoolcache/go/1.27.1/a"..., "/opt/hostedtoolcache/go/1.27.1/a"..., "/opt/hostedtoolcache/go/1.27.1/a"..., "/opt/hostedtoolcache/go/1.27.1/a"..., "/opt/hostedtoolcache/go/1.27.1/a"..., "/opt/hostedtoolcache/go/1.27.1/a"..., "/opt/hostedtoolcache/go/1.27.1/a"..., "/opt/hostedtoolcache/go/1.27.1/a"..., "/opt/hostedtoolcache/go/1.27.1/a"..., "/opt/hostedtoolcache/go/1.27.1/a"..., "/opt/hostedtoolcache/go/1.27.1/a"..., "/opt/hostedtoolcache/go/1.27.1/a"..., "/opt/hostedtoolcache/go/1.27.1/a"..., ...], 0x382e35d41208 /* 140 vars */ <unfinished ...>
9621  <... clone resumed>, parent_tid=[18]) = 10194
10194 <... execve resumed>)             = 0
9616  tgkill(9615, 9621, SIGURG <unfinished ...>
9621  --- SIGURG {si_signo=SIGURG, si_code=SI_TKILL, si_pid=9615, si_uid=1001} ---
9616  <... tgkill resumed>)             = 0
9621  waitid(P_PIDFD, 18,  <unfinished ...>
10193 clone(child_stack=0x44e823c50000, flags=CLONE_VM|CLONE_FS|CLONE_FILES|CLONE_SIGHAND|CLONE_THREAD|CLONE_SYSVSEM) = 10195
10193 clone(child_stack=0x44e823c88000, flags=CLONE_VM|CLONE_FS|CLONE_FILES|CLONE_SIGHAND|CLONE_THREAD|CLONE_SYSVSEM) = 10196
10193 clone(child_stack=0x44e823c84000, flags=CLONE_VM|CLONE_FS|CLONE_FILES|CLONE_SIGHAND|CLONE_THREAD|CLONE_SYSVSEM) = 10197
10193 clone(child_stack=0x44e823cac000, flags=CLONE_VM|CLONE_FS|CLONE_FILES|CLONE_SIGHAND|CLONE_THREAD|CLONE_SYSVSEM <unfinished ...>
10196 clone(child_stack=0x44e823ca8000, flags=CLONE_VM|CLONE_FS|CLONE_FILES|CLONE_SIGHAND|CLONE_THREAD|CLONE_SYSVSEM <unfinished ...>
10193 <... clone resumed>)              = 10198
10196 <... clone resumed>)              = 10199
10195 clone(child_stack=0x44e823cc4000, flags=CLONE_VM|CLONE_FS|CLONE_FILES|CLONE_SIGHAND|CLONE_THREAD|CLONE_SYSVSEM) = 10200
10194 clone(child_stack=0x25ed180aa000, flags=CLONE_VM|CLONE_FS|CLONE_FILES|CLONE_SIGHAND|CLONE_THREAD|CLONE_SYSVSEM) = 10201
10201 tgkill(10194, 10194, SIGURG)      = 0
10194 clone(child_stack=0x25ed180e2000, flags=CLONE_VM|CLONE_FS|CLONE_FILES|CLONE_SIGHAND|CLONE_THREAD|CLONE_SYSVSEM) = 10202
10194 --- SIGURG {si_signo=SIGURG, si_code=SI_TKILL, si_pid=10194, si_uid=1001} ---
10201 tgkill(10194, 10194, SIGURG)      = 0
10194 clone(child_stack=0x25ed180de000, flags=CLONE_VM|CLONE_FS|CLONE_FILES|CLONE_SIGHAND|CLONE_THREAD|CLONE_SYSVSEM) = 10203
10194 --- SIGURG {si_signo=SIGURG, si_code=SI_TKILL, si_pid=10194, si_uid=1001} ---
10202 clone(child_stack=0x25ed18118000, flags=CLONE_VM|CLONE_FS|CLONE_FILES|CLONE_SIGHAND|CLONE_THREAD|CLONE_SYSVSEM) = 10204
10201 tgkill(10194, 10194, SIGURG)      = 0
10194 --- SIGURG {si_signo=SIGURG, si_code=SI_TKILL, si_pid=10194, si_uid=1001} ---
10201 tgkill(10194, 10194, SIGURG)      = 0
10194 --- SIGURG {si_signo=SIGURG, si_code=SI_TKILL, si_pid=10194, si_uid=1001} ---
10150 tgkill(10149, 10153, SIGURG)      = 0
10153 --- SIGURG {si_signo=SIGURG, si_code=SI_TKILL, si_pid=10149, si_uid=1001} ---
10186 tgkill(10182, 10192, SIGURG)      = 0
10192 --- SIGURG {si_signo=SIGURG, si_code=SI_TKILL, si_pid=10182, si_uid=1001} ---
10195 tgkill(10193, 10200, SIGURG)      = 0
10200 --- SIGURG {si_signo=SIGURG, si_code=SI_TKILL, si_pid=10193, si_uid=1001} ---
10201 clone(child_stack=0x25ed1812c000, flags=CLONE_VM|CLONE_FS|CLONE_FILES|CLONE_SIGHAND|CLONE_THREAD|CLONE_SYSVSEM) = 10205
10150 tgkill(10149, 10153, SIGURG <unfinished ...>
10201 tgkill(10194, 10194, SIGURG <unfinished ...>
10150 <... tgkill resumed>)             = 0
10201 <... tgkill resumed>)             = 0
10194 --- SIGURG {si_signo=SIGURG, si_code=SI_TKILL, si_pid=10194, si_uid=1001} ---
10153 --- SIGURG {si_signo=SIGURG, si_code=SI_TKILL, si_pid=10149, si_uid=1001} ---
10201 tgkill(10194, 10203, SIGURG)      = 0
10203 --- SIGURG {si_signo=SIGURG, si_code=SI_TKILL, si_pid=10194, si_uid=1001} ---
10201 tgkill(10194, 10204, SIGURG)      = 0
10204 --- SIGURG {si_signo=SIGURG, si_code=SI_TKILL, si_pid=10194, si_uid=1001} ---
10201 clone(child_stack=0x25ed18128000, flags=CLONE_VM|CLONE_FS|CLONE_FILES|CLONE_SIGHAND|CLONE_THREAD|CLONE_SYSVSEM) = 10206
10201 tgkill(10194, 10204, SIGURG)      = 0
10204 --- SIGURG {si_signo=SIGURG, si_code=SI_TKILL, si_pid=10194, si_uid=1001} ---
10201 tgkill(10194, 10204, SIGURG)      = 0
10204 --- SIGURG {si_signo=SIGURG, si_code=SI_TKILL, si_pid=10194, si_uid=1001} ---
10186 tgkill(10182, 10191, SIGURG <unfinished ...>
10191 --- SIGURG {si_signo=SIGURG, si_code=SI_TKILL, si_pid=10182, si_uid=1001} ---
10186 <... tgkill resumed>)             = 0
10186 tgkill(10182, 10189, SIGURG)      = 0
10195 tgkill(10193, 10196, SIGURG)      = 0
10189 --- SIGURG {si_signo=SIGURG, si_code=SI_TKILL, si_pid=10182, si_uid=1001} ---
10196 --- SIGURG {si_signo=SIGURG, si_code=SI_TKILL, si_pid=10193, si_uid=1001} ---
10150 tgkill(10149, 10153, SIGURG)      = 0
10153 --- SIGURG {si_signo=SIGURG, si_code=SI_TKILL, si_pid=10149, si_uid=1001} ---
10151 exit_group(0)                     = ?
10154 +++ exited with 0 +++
10151 +++ exited with 0 +++
10150 +++ exited with 0 +++
10152 +++ exited with 0 +++
10153 +++ exited with 0 +++
10201 tgkill(10194, 10202, SIGURG)      = 0
10186 tgkill(10182, 10190, SIGURG)      = 0
10190 --- SIGURG {si_signo=SIGURG, si_code=SI_TKILL, si_pid=10182, si_uid=1001} ---
10202 --- SIGURG {si_signo=SIGURG, si_code=SI_TKILL, si_pid=10194, si_uid=1001} ---
10155 +++ exited with 0 +++
10149 +++ exited with 0 +++
9619  <... waitid resumed>{si_signo=SIGCHLD, si_code=CLD_EXITED, si_pid=10149, si_uid=1001, si_status=0, si_utime=0, si_stime=0}, WEXITED, {ru_utime={tv_sec=0, tv_usec=758124}, ru_stime={tv_sec=0, tv_usec=91432}, ...}) = 0
9619  --- SIGCHLD {si_signo=SIGCHLD, si_code=CLD_EXITED, si_pid=10149, si_uid=1001, si_status=0, si_utime=79 /* 0.79 s */, si_stime=9 /* 0.09 s */} ---
9615  clone(child_stack=NULL, flags=CLONE_VM|CLONE_PIDFD|CLONE_VFORK|SIGCHLD <unfinished ...>
10195 tgkill(10193, 10196, SIGURG)      = 0
10196 --- SIGURG {si_signo=SIGURG, si_code=SI_TKILL, si_pid=10193, si_uid=1001} ---
10186 tgkill(10182, 10191, SIGURG <unfinished ...>
10191 --- SIGURG {si_signo=SIGURG, si_code=SI_TKILL, si_pid=10182, si_uid=1001} ---
10186 <... tgkill resumed>)             = 0
10186 tgkill(10182, 10189, SIGURG)      = 0
10189 --- SIGURG {si_signo=SIGURG, si_code=SI_TKILL, si_pid=10182, si_uid=1001} ---
9616  tgkill(9615, 9615, SIGURG <unfinished ...>
10201 tgkill(10194, 10204, SIGURG <unfinished ...>
9616  <... tgkill resumed>)             = 0
10201 <... tgkill resumed>)             = 0
10204 --- SIGURG {si_signo=SIGURG, si_code=SI_TKILL, si_pid=10194, si_uid=1001} ---
10207 execve("/opt/hostedtoolcache/go/1.27.1/arm64/pkg/tool/linux_arm64/asm", ["/opt/hostedtoolcache/go/1.27.1/a"..., "-p", "reflect", "-trimpath", "/tmp/go-build3484636357/b038=>", "-I", "/tmp/go-build3484636357/b038/", "-I", "/opt/hostedtoolcache/go/1.27.1/a"..., "-D", "GOOS_linux", "-D", "GOARCH_arm64", "-std", "-o", "/tmp/go-build3484636357/b038/asm"..., "/opt/hostedtoolcache/go/1.27.1/a"...], 0x382e35d41688 /* 140 vars */ <unfinished ...>
9615  <... clone resumed>, parent_tid=[15]) = 10207
9615  --- SIGURG {si_signo=SIGURG, si_code=SI_TKILL, si_pid=9615, si_uid=1001} ---
9618  waitid(P_PIDFD, 15,  <unfinished ...>
10207 <... execve resumed>)             = 0
10186 tgkill(10182, 10192, SIGURG)      = 0
10195 tgkill(10193, 10196, SIGURG)      = 0
10196 --- SIGURG {si_signo=SIGURG, si_code=SI_TKILL, si_pid=10193, si_uid=1001} ---
10207 clone(child_stack=0x985b810c000, flags=CLONE_VM|CLONE_FS|CLONE_FILES|CLONE_SIGHAND|CLONE_THREAD|CLONE_SYSVSEM) = 10208
10192 --- SIGURG {si_signo=SIGURG, si_code=SI_TKILL, si_pid=10182, si_uid=1001} ---
10207 clone(child_stack=0x985b8144000, flags=CLONE_VM|CLONE_FS|CLONE_FILES|CLONE_SIGHAND|CLONE_THREAD|CLONE_SYSVSEM) = 10209
10207 clone(child_stack=0x985b8140000, flags=CLONE_VM|CLONE_FS|CLONE_FILES|CLONE_SIGHAND|CLONE_THREAD|CLONE_SYSVSEM) = 10210
10209 clone(child_stack=0x985b8198000, flags=CLONE_VM|CLONE_FS|CLONE_FILES|CLONE_SIGHAND|CLONE_THREAD|CLONE_SYSVSEM) = 10211
10186 tgkill(10182, 10190, SIGURG)      = 0
10190 --- SIGURG {si_signo=SIGURG, si_code=SI_TKILL, si_pid=10182, si_uid=1001} ---
10186 tgkill(10182, 10191, SIGURG)      = 0
10191 --- SIGURG {si_signo=SIGURG, si_code=SI_TKILL, si_pid=10182, si_uid=1001} ---
10186 tgkill(10182, 10189, SIGURG)      = 0
10189 --- SIGURG {si_signo=SIGURG, si_code=SI_TKILL, si_pid=10182, si_uid=1001} ---
10201 tgkill(10194, 10203, SIGURG <unfinished ...>
10203 --- SIGURG {si_signo=SIGURG, si_code=SI_TKILL, si_pid=10194, si_uid=1001} ---
10201 <... tgkill resumed>)             = 0
10203 exit_group(0)                     = ?
10205 +++ exited with 0 +++
10202 +++ exited with 0 +++
10201 +++ exited with 0 +++
10204 +++ exited with 0 +++
10206 +++ exited with 0 +++
10203 +++ exited with 0 +++
10194 +++ exited with 0 +++
9621  <... waitid resumed>{si_signo=SIGCHLD, si_code=CLD_EXITED, si_pid=10194, si_uid=1001, si_status=0, si_utime=0, si_stime=0}, WEXITED, {ru_utime={tv_sec=0, tv_usec=31329}, ru_stime={tv_sec=0, tv_usec=14044}, ...}) = 0
9619  --- SIGCHLD {si_signo=SIGCHLD, si_code=CLD_EXITED, si_pid=10194, si_uid=1001, si_status=0, si_utime=2 /* 0.02 s */, si_stime=1 /* 0.01 s */} ---
10186 tgkill(10182, 10192, SIGURG)      = 0
10208 tgkill(10207, 10207, SIGURG)      = 0
10207 --- SIGURG {si_signo=SIGURG, si_code=SI_TKILL, si_pid=10207, si_uid=1001} ---
10192 --- SIGURG {si_signo=SIGURG, si_code=SI_TKILL, si_pid=10182, si_uid=1001} ---
10195 tgkill(10193, 10196, SIGURG)      = 0
10196 --- SIGURG {si_signo=SIGURG, si_code=SI_TKILL, si_pid=10193, si_uid=1001} ---
10186 tgkill(10182, 10191, SIGURG)      = 0
10191 --- SIGURG {si_signo=SIGURG, si_code=SI_TKILL, si_pid=10182, si_uid=1001} ---
10186 tgkill(10182, 10189, SIGURG <unfinished ...>
10189 --- SIGURG {si_signo=SIGURG, si_code=SI_TKILL, si_pid=10182, si_uid=1001} ---
10186 <... tgkill resumed>)             = 0
9616  tgkill(9615, 9619, SIGURG)        = 0
10211 exit_group(0)                     = ?
10208 +++ exited with 0 +++
10209 +++ exited with 0 +++
10210 +++ exited with 0 +++
9619  --- SIGURG {si_signo=SIGURG, si_code=SI_TKILL, si_pid=9615, si_uid=1001} ---
10211 +++ exited with 0 +++
10207 +++ exited with 0 +++
9621  --- SIGCHLD {si_signo=SIGCHLD, si_code=CLD_EXITED, si_pid=10207, si_uid=1001, si_status=0, si_utime=0, si_stime=0} ---
9618  <... waitid resumed>{si_signo=SIGCHLD, si_code=CLD_EXITED, si_pid=10207, si_uid=1001, si_status=0, si_utime=0, si_stime=0}, WEXITED, {ru_utime={tv_sec=0, tv_usec=1244}, ru_stime={tv_sec=0, tv_usec=8710}, ...}) = 0
10186 tgkill(10182, 10190, SIGURG)      = 0
10190 --- SIGURG {si_signo=SIGURG, si_code=SI_TKILL, si_pid=10182, si_uid=1001} ---
9615  tgkill(9615, 9617, SIGURG)        = 0
9617  --- SIGURG {si_signo=SIGURG, si_code=SI_TKILL, si_pid=9615, si_uid=1001} ---
10195 tgkill(10193, 10196, SIGURG)      = 0
10196 --- SIGURG {si_signo=SIGURG, si_code=SI_TKILL, si_pid=10193, si_uid=1001} ---
9615  clone(child_stack=NULL, flags=CLONE_VM|CLONE_PIDFD|CLONE_VFORK|SIGCHLD <unfinished ...>
10212 execve("/opt/hostedtoolcache/go/1.27.1/arm64/pkg/tool/linux_arm64/compile", ["/opt/hostedtoolcache/go/1.27.1/a"..., "-o", "/tmp/go-build3484636357/b059/_pk"..., "-trimpath", "/tmp/go-build3484636357/b059=>", "-p", "internal/syscall/execenv", "-lang=go1.27", "-std", "-complete", "-buildid", "_slFfpwp5FkRttF8-o80/_slFfpwp5Fk"..., "-goversion", "go1.27.1", "-c=4", "-nolocalimports", "-importcfg", "/tmp/go-build3484636357/b059/imp"..., "-pack", "/opt/hostedtoolcache/go/1.27.1/a"...], 0x382e35f8c488 /* 140 vars */) = 0
9615  <... clone resumed>, parent_tid=[15]) = 10212
9615  waitid(P_PIDFD, 15,  <unfinished ...>
10191 tgkill(10182, 10192, SIGURG)      = 0
10192 --- SIGURG {si_signo=SIGURG, si_code=SI_TKILL, si_pid=10182, si_uid=1001} ---
10212 clone(child_stack=0x726e5a0cc000, flags=CLONE_VM|CLONE_FS|CLONE_FILES|CLONE_SIGHAND|CLONE_THREAD|CLONE_SYSVSEM) = 10213
10212 clone(child_stack=0x726e5a108000, flags=CLONE_VM|CLONE_FS|CLONE_FILES|CLONE_SIGHAND|CLONE_THREAD|CLONE_SYSVSEM) = 10214
10212 clone(child_stack=0x726e5a104000, flags=CLONE_VM|CLONE_FS|CLONE_FILES|CLONE_SIGHAND|CLONE_THREAD|CLONE_SYSVSEM) = 10215
10212 clone(child_stack=0x726e5a190000, flags=CLONE_VM|CLONE_FS|CLONE_FILES|CLONE_SIGHAND|CLONE_THREAD|CLONE_SYSVSEM) = 10216
10214 clone(child_stack=0x726e5a18c000, flags=CLONE_VM|CLONE_FS|CLONE_FILES|CLONE_SIGHAND|CLONE_THREAD|CLONE_SYSVSEM) = 10217
9616  tgkill(9615, 9619, SIGURG)        = 0
9619  --- SIGURG {si_signo=SIGURG, si_code=SI_TKILL, si_pid=9615, si_uid=1001} ---
10195 tgkill(10193, 10199, SIGURG)      = 0
10199 --- SIGURG {si_signo=SIGURG, si_code=SI_TKILL, si_pid=10193, si_uid=1001} ---
10213 tgkill(10212, 10212, SIGURG)      = 0
10212 --- SIGURG {si_signo=SIGURG, si_code=SI_TKILL, si_pid=10212, si_uid=1001} ---
10195 tgkill(10193, 10200, SIGURG)      = 0
10200 --- SIGURG {si_signo=SIGURG, si_code=SI_TKILL, si_pid=10193, si_uid=1001} ---
10195 tgkill(10193, 10196, SIGURG)      = 0
10195 tgkill(10193, 10193, SIGURG)      = 0
10193 --- SIGURG {si_signo=SIGURG, si_code=SI_TKILL, si_pid=10193, si_uid=1001} ---
10216 exit_group(0)                     = ?
10217 +++ exited with 0 +++
10213 +++ exited with 0 +++
10196 --- SIGURG {si_signo=SIGURG, si_code=SI_TKILL, si_pid=10193, si_uid=1001} ---
10215 +++ exited with 0 +++
10214 +++ exited with 0 +++
10216 +++ exited with 0 +++
10212 +++ exited with 0 +++
9618  --- SIGCHLD {si_signo=SIGCHLD, si_code=CLD_EXITED, si_pid=10212, si_uid=1001, si_status=0, si_utime=0, si_stime=0} ---
9615  <... waitid resumed>{si_signo=SIGCHLD, si_code=CLD_EXITED, si_pid=10212, si_uid=1001, si_status=0, si_utime=0, si_stime=0}, WEXITED, {ru_utime={tv_sec=0, tv_usec=10371}, ru_stime={tv_sec=0, tv_usec=5185}, ...}) = 0
9616  tgkill(9615, 9615, SIGURG)        = 0
9615  --- SIGURG {si_signo=SIGURG, si_code=SI_TKILL, si_pid=9615, si_uid=1001} ---
10186 tgkill(10182, 10192, SIGURG)      = 0
10192 --- SIGURG {si_signo=SIGURG, si_code=SI_TKILL, si_pid=10182, si_uid=1001} ---
10195 tgkill(10193, 10199, SIGURG)      = 0
10199 --- SIGURG {si_signo=SIGURG, si_code=SI_TKILL, si_pid=10193, si_uid=1001} ---
9616  tgkill(9615, 9618, SIGURG <unfinished ...>
9618  --- SIGURG {si_signo=SIGURG, si_code=SI_TKILL, si_pid=9615, si_uid=1001} ---
9616  <... tgkill resumed>)             = 0
10186 tgkill(10182, 10192, SIGURG <unfinished ...>
10192 --- SIGURG {si_signo=SIGURG, si_code=SI_TKILL, si_pid=10182, si_uid=1001} ---
10186 <... tgkill resumed>)             = 0
9616  tgkill(9615, 9621, SIGURG)        = 0
9621  --- SIGURG {si_signo=SIGURG, si_code=SI_TKILL, si_pid=9615, si_uid=1001} ---
10195 tgkill(10193, 10200, SIGURG)      = 0
10200 --- SIGURG {si_signo=SIGURG, si_code=SI_TKILL, si_pid=10193, si_uid=1001} ---
10195 tgkill(10193, 10196, SIGURG <unfinished ...>
10196 --- SIGURG {si_signo=SIGURG, si_code=SI_TKILL, si_pid=10193, si_uid=1001} ---
10195 <... tgkill resumed>)             = 0
10195 tgkill(10193, 10193, SIGURG)      = 0
10193 --- SIGURG {si_signo=SIGURG, si_code=SI_TKILL, si_pid=10193, si_uid=1001} ---
10195 tgkill(10193, 10199, SIGURG <unfinished ...>
10199 --- SIGURG {si_signo=SIGURG, si_code=SI_TKILL, si_pid=10193, si_uid=1001} ---
10195 <... tgkill resumed>)             = 0
10186 tgkill(10182, 10192, SIGURG)      = 0
10192 --- SIGURG {si_signo=SIGURG, si_code=SI_TKILL, si_pid=10182, si_uid=1001} ---
10199 tgkill(10193, 10200, SIGURG)      = 0
10200 --- SIGURG {si_signo=SIGURG, si_code=SI_TKILL, si_pid=10193, si_uid=1001} ---
10196 tgkill(10193, 10199, SIGURG)      = 0
10199 --- SIGURG {si_signo=SIGURG, si_code=SI_TKILL, si_pid=10193, si_uid=1001} ---
10196 tgkill(10193, 10199, SIGURG)      = 0
10199 --- SIGURG {si_signo=SIGURG, si_code=SI_TKILL, si_pid=10193, si_uid=1001} ---
10196 tgkill(10193, 10193, SIGURG)      = 0
10193 --- SIGURG {si_signo=SIGURG, si_code=SI_TKILL, si_pid=10193, si_uid=1001} ---
10196 tgkill(10193, 10200, SIGURG)      = 0
10200 --- SIGURG {si_signo=SIGURG, si_code=SI_TKILL, si_pid=10193, si_uid=1001} ---
10196 tgkill(10193, 10199, SIGURG)      = 0
10199 --- SIGURG {si_signo=SIGURG, si_code=SI_TKILL, si_pid=10193, si_uid=1001} ---
10196 tgkill(10193, 10199, SIGURG)      = 0
10199 --- SIGURG {si_signo=SIGURG, si_code=SI_TKILL, si_pid=10193, si_uid=1001} ---
9618  clone(child_stack=NULL, flags=CLONE_VM|CLONE_PIDFD|CLONE_VFORK|SIGCHLD <unfinished ...>
10218 execve("/opt/hostedtoolcache/go/1.27.1/arm64/pkg/tool/linux_arm64/compile", ["/opt/hostedtoolcache/go/1.27.1/a"..., "-o", "/tmp/go-build3484636357/b036/_pk"..., "-trimpath", "/tmp/go-build3484636357/b036=>", "-p", "internal/fmtsort", "-lang=go1.27", "-std", "-complete", "-buildid", "SoauNJMtg-FT5Tveei3e/SoauNJMtg-F"..., "-goversion", "go1.27.1", "-c=4", "-nolocalimports", "-importcfg", "/tmp/go-build3484636357/b036/imp"..., "-pack", "/opt/hostedtoolcache/go/1.27.1/a"...], 0x382e35d40908 /* 140 vars */ <unfinished ...>
9618  <... clone resumed>, parent_tid=[14]) = 10218
10218 <... execve resumed>)             = 0
9618  waitid(P_PIDFD, 14,  <unfinished ...>
10218 clone(child_stack=0x7fe68504e000, flags=CLONE_VM|CLONE_FS|CLONE_FILES|CLONE_SIGHAND|CLONE_THREAD|CLONE_SYSVSEM) = 10219
10186 tgkill(10182, 10189, SIGURG)      = 0
10218 clone(child_stack=0x7fe685088000, flags=CLONE_VM|CLONE_FS|CLONE_FILES|CLONE_SIGHAND|CLONE_THREAD|CLONE_SYSVSEM) = 10220
10218 clone(child_stack=0x7fe685084000, flags=CLONE_VM|CLONE_FS|CLONE_FILES|CLONE_SIGHAND|CLONE_THREAD|CLONE_SYSVSEM) = 10221
10189 --- SIGURG {si_signo=SIGURG, si_code=SI_TKILL, si_pid=10182, si_uid=1001} ---
10220 clone(child_stack=0x7fe685118000, flags=CLONE_VM|CLONE_FS|CLONE_FILES|CLONE_SIGHAND|CLONE_THREAD|CLONE_SYSVSEM <unfinished ...>
10192 exit_group(0 <unfinished ...>
10220 <... clone resumed>)              = 10222
10192 <... exit_group resumed>)         = ?
10191 +++ exited with 0 +++
10189 +++ exited with 0 +++
10186 +++ exited with 0 +++
10192 +++ exited with 0 +++
10196 tgkill(10193, 10200, SIGURG)      = 0
10196 tgkill(10193, 10193, SIGURG)      = 0
10193 --- SIGURG {si_signo=SIGURG, si_code=SI_TKILL, si_pid=10193, si_uid=1001} ---
10200 --- SIGURG {si_signo=SIGURG, si_code=SI_TKILL, si_pid=10193, si_uid=1001} ---
10196 tgkill(10193, 10199, SIGURG <unfinished ...>
10199 --- SIGURG {si_signo=SIGURG, si_code=SI_TKILL, si_pid=10193, si_uid=1001} ---
10196 <... tgkill resumed>)             = 0
10190 +++ exited with 0 +++
10182 +++ exited with 0 +++
9911  <... waitid resumed>{si_signo=SIGCHLD, si_code=CLD_EXITED, si_pid=10182, si_uid=1001, si_status=0, si_utime=0, si_stime=0}, WEXITED, {ru_utime={tv_sec=0, tv_usec=288810}, ru_stime={tv_sec=0, tv_usec=46969}, ...}) = 0
10196 tgkill(10193, 10200, SIGURG <unfinished ...>
9911  --- SIGCHLD {si_signo=SIGCHLD, si_code=CLD_EXITED, si_pid=10182, si_uid=1001, si_status=0, si_utime=28 /* 0.28 s */, si_stime=4 /* 0.04 s */} ---
10196 <... tgkill resumed>)             = 0
10196 tgkill(10193, 10193, SIGURG)      = 0
10193 --- SIGURG {si_signo=SIGURG, si_code=SI_TKILL, si_pid=10193, si_uid=1001} ---
10196 tgkill(10193, 10199, SIGURG)      = 0
10200 --- SIGURG {si_signo=SIGURG, si_code=SI_TKILL, si_pid=10193, si_uid=1001} ---
10199 --- SIGURG {si_signo=SIGURG, si_code=SI_TKILL, si_pid=10193, si_uid=1001} ---
9618  <... waitid resumed>0x382e35f06fb8, WEXITED, 0x382e35e72090) = ? ERESTARTSYS (To be restarted if SA_RESTART is set)
9618  waitid(P_PIDFD, 14,  <unfinished ...>
10195 tgkill(10193, 10196, SIGURG)      = 0
10196 --- SIGURG {si_signo=SIGURG, si_code=SI_TKILL, si_pid=10193, si_uid=1001} ---
10200 tgkill(10193, 10196, SIGURG)      = 0
10200 tgkill(10193, 10193, SIGURG)      = 0
10200 tgkill(10193, 10199, SIGURG)      = 0
10193 --- SIGURG {si_signo=SIGURG, si_code=SI_TKILL, si_pid=10193, si_uid=1001} ---
10199 --- SIGURG {si_signo=SIGURG, si_code=SI_TKILL, si_pid=10193, si_uid=1001} ---
10196 --- SIGURG {si_signo=SIGURG, si_code=SI_TKILL, si_pid=10193, si_uid=1001} ---
10219 tgkill(10218, 10218, SIGURG)      = 0
10218 --- SIGURG {si_signo=SIGURG, si_code=SI_TKILL, si_pid=10218, si_uid=1001} ---
10200 tgkill(10193, 10196, SIGURG)      = 0
10196 --- SIGURG {si_signo=SIGURG, si_code=SI_TKILL, si_pid=10193, si_uid=1001} ---
10200 tgkill(10193, 10193, SIGURG)      = 0
10193 --- SIGURG {si_signo=SIGURG, si_code=SI_TKILL, si_pid=10193, si_uid=1001} ---
10200 tgkill(10193, 10199, SIGURG)      = 0
10199 --- SIGURG {si_signo=SIGURG, si_code=SI_TKILL, si_pid=10193, si_uid=1001} ---
10200 tgkill(10193, 10196, SIGURG)      = 0
10196 --- SIGURG {si_signo=SIGURG, si_code=SI_TKILL, si_pid=10193, si_uid=1001} ---
10200 tgkill(10193, 10193, SIGURG)      = 0
10193 --- SIGURG {si_signo=SIGURG, si_code=SI_TKILL, si_pid=10193, si_uid=1001} ---
10200 tgkill(10193, 10199, SIGURG)      = 0
10199 --- SIGURG {si_signo=SIGURG, si_code=SI_TKILL, si_pid=10193, si_uid=1001} ---
10200 tgkill(10193, 10196, SIGURG)      = 0
10200 tgkill(10193, 10193, SIGURG)      = 0
10196 --- SIGURG {si_signo=SIGURG, si_code=SI_TKILL, si_pid=10193, si_uid=1001} ---
10200 tgkill(10193, 10199, SIGURG)      = 0
10199 --- SIGURG {si_signo=SIGURG, si_code=SI_TKILL, si_pid=10193, si_uid=1001} ---
10193 --- SIGURG {si_signo=SIGURG, si_code=SI_TKILL, si_pid=10193, si_uid=1001} ---
10200 tgkill(10193, 10196, SIGURG)      = 0
10196 --- SIGURG {si_signo=SIGURG, si_code=SI_TKILL, si_pid=10193, si_uid=1001} ---
10200 tgkill(10193, 10193, SIGURG)      = 0
10193 --- SIGURG {si_signo=SIGURG, si_code=SI_TKILL, si_pid=10193, si_uid=1001} ---
10195 tgkill(10193, 10200, SIGURG)      = 0
10200 --- SIGURG {si_signo=SIGURG, si_code=SI_TKILL, si_pid=10193, si_uid=1001} ---
10219 tgkill(10218, 10218, SIGURG)      = 0
10218 --- SIGURG {si_signo=SIGURG, si_code=SI_TKILL, si_pid=10218, si_uid=1001} ---
10195 tgkill(10193, 10196, SIGURG)      = 0
10196 --- SIGURG {si_signo=SIGURG, si_code=SI_TKILL, si_pid=10193, si_uid=1001} ---
10195 tgkill(10193, 10193, SIGURG)      = 0
10193 --- SIGURG {si_signo=SIGURG, si_code=SI_TKILL, si_pid=10193, si_uid=1001} ---
10219 tgkill(10218, 10222, SIGURG)      = 0
10222 --- SIGURG {si_signo=SIGURG, si_code=SI_TKILL, si_pid=10218, si_uid=1001} ---
10222 exit_group(0)                     = ?
10221 +++ exited with 0 +++
10222 +++ exited with 0 +++
10220 +++ exited with 0 +++
10219 +++ exited with 0 +++
10218 +++ exited with 0 +++
9618  <... waitid resumed>{si_signo=SIGCHLD, si_code=CLD_EXITED, si_pid=10218, si_uid=1001, si_status=0, si_utime=0, si_stime=0}, WEXITED, {ru_utime={tv_sec=0, tv_usec=47788}, ru_stime={tv_sec=0, tv_usec=13218}, ...}) = 0
9619  --- SIGCHLD {si_signo=SIGCHLD, si_code=CLD_EXITED, si_pid=10218, si_uid=1001, si_status=0, si_utime=4 /* 0.04 s */, si_stime=1 /* 0.01 s */} ---
10193 exit_group(0)                     = ?
10200 +++ exited with 0 +++
10199 +++ exited with 0 +++
10198 +++ exited with 0 +++
10196 +++ exited with 0 +++
10195 +++ exited with 0 +++
10197 +++ exited with 0 +++
10193 +++ exited with 0 +++
9620  <... waitid resumed>{si_signo=SIGCHLD, si_code=CLD_EXITED, si_pid=10193, si_uid=1001, si_status=0, si_utime=0, si_stime=0}, WEXITED, {ru_utime={tv_sec=0, tv_usec=299519}, ru_stime={tv_sec=0, tv_usec=64314}, ...}) = 0
9618  --- SIGCHLD {si_signo=SIGCHLD, si_code=CLD_EXITED, si_pid=10193, si_uid=1001, si_status=0, si_utime=32 /* 0.32 s */, si_stime=7 /* 0.07 s */} ---
9619  clone(child_stack=NULL, flags=CLONE_VM|CLONE_PIDFD|CLONE_VFORK|SIGCHLD <unfinished ...>
10223 execve("/opt/hostedtoolcache/go/1.27.1/arm64/pkg/tool/linux_arm64/compile", ["/opt/hostedtoolcache/go/1.27.1/a"..., "-o", "/tmp/go-build3484636357/b065/_pk"..., "-trimpath", "/tmp/go-build3484636357/b065=>", "-p", "context", "-lang=go1.27", "-std", "-complete", "-buildid", "jYM-d33LGuQrJx-DCmJb/jYM-d33LGuQ"..., "-goversion", "go1.27.1", "-c=4", "-nolocalimports", "-importcfg", "/tmp/go-build3484636357/b065/imp"..., "-pack", "/opt/hostedtoolcache/go/1.27.1/a"...], 0x382e36081208 /* 140 vars */ <unfinished ...>
9619  <... clone resumed>, parent_tid=[13]) = 10223
10223 <... execve resumed>)             = 0
9618  clone(child_stack=NULL, flags=CLONE_VM|CLONE_PIDFD|CLONE_VFORK|SIGCHLD <unfinished ...>
9619  waitid(P_PIDFD, 13,  <unfinished ...>
10224 execve("/opt/hostedtoolcache/go/1.27.1/arm64/pkg/tool/linux_arm64/compile", ["/opt/hostedtoolcache/go/1.27.1/a"..., "-o", "/tmp/go-build3484636357/b052/_pk"..., "-trimpath", "/tmp/go-build3484636357/b052=>", "-p", "io/fs", "-lang=go1.27", "-std", "-complete", "-buildid", "lJ0_dQnfUG_B1hTjCBKl/lJ0_dQnfUG_"..., "-goversion", "go1.27.1", "-c=4", "-nolocalimports", "-importcfg", "/tmp/go-build3484636357/b052/imp"..., "-pack", "/opt/hostedtoolcache/go/1.27.1/a"..., "/opt/hostedtoolcache/go/1.27.1/a"..., "/opt/hostedtoolcache/go/1.27.1/a"..., "/opt/hostedtoolcache/go/1.27.1/a"..., "/opt/hostedtoolcache/go/1.27.1/a"..., "/opt/hostedtoolcache/go/1.27.1/a"..., "/opt/hostedtoolcache/go/1.27.1/a"..., "/opt/hostedtoolcache/go/1.27.1/a"..., "/opt/hostedtoolcache/go/1.27.1/a"...], 0x382e35d40d88 /* 140 vars */ <unfinished ...>
9620  tgkill(9615, 9618, SIGURG)        = 0
9618  <... clone resumed>, parent_tid=[9]) = 10224
9618  --- SIGURG {si_signo=SIGURG, si_code=SI_TKILL, si_pid=9615, si_uid=1001} ---
10224 <... execve resumed>)             = 0
9618  tgkill(9615, 9620, SIGURG)        = 0
9620  --- SIGURG {si_signo=SIGURG, si_code=SI_TKILL, si_pid=9615, si_uid=1001} ---
9620  waitid(P_PIDFD, 9,  <unfinished ...>
9615  clone(child_stack=NULL, flags=CLONE_VM|CLONE_PIDFD|CLONE_VFORK|SIGCHLD <unfinished ...>
10223 clone(child_stack=0x694e0944e000, flags=CLONE_VM|CLONE_FS|CLONE_FILES|CLONE_SIGHAND|CLONE_THREAD|CLONE_SYSVSEM) = 10226
10223 clone(child_stack=0x694e09488000, flags=CLONE_VM|CLONE_FS|CLONE_FILES|CLONE_SIGHAND|CLONE_THREAD|CLONE_SYSVSEM) = 10227
10226 tgkill(10223, 10223, SIGURG)      = 0
10223 --- SIGURG {si_signo=SIGURG, si_code=SI_TKILL, si_pid=10223, si_uid=1001} ---
10227 clone(child_stack=0x694e09484000, flags=CLONE_VM|CLONE_FS|CLONE_FILES|CLONE_SIGHAND|CLONE_THREAD|CLONE_SYSVSEM <unfinished ...>
10223 clone(child_stack=0x694e09510000, flags=CLONE_VM|CLONE_FS|CLONE_FILES|CLONE_SIGHAND|CLONE_THREAD|CLONE_SYSVSEM <unfinished ...>
10227 <... clone resumed>)              = 10228
10223 <... clone resumed>)              = 10229
10225 execve("/opt/hostedtoolcache/go/1.27.1/arm64/pkg/tool/linux_arm64/compile", ["/opt/hostedtoolcache/go/1.27.1/a"..., "-o", "/tmp/go-build3484636357/b057/_pk"..., "-trimpath", "/tmp/go-build3484636357/b057=>", "-p", "internal/poll", "-lang=go1.27", "-std", "-buildid", "bwo4KAWR9J1EysRAzp75/bwo4KAWR9J1"..., "-goversion", "go1.27.1", "-c=4", "-nolocalimports", "-importcfg", "/tmp/go-build3484636357/b057/imp"..., "-pack", "/opt/hostedtoolcache/go/1.27.1/a"..., "/opt/hostedtoolcache/go/1.27.1/a"..., "/opt/hostedtoolcache/go/1.27.1/a"..., "/opt/hostedtoolcache/go/1.27.1/a"..., "/opt/hostedtoolcache/go/1.27.1/a"..., "/opt/hostedtoolcache/go/1.27.1/a"..., "/opt/hostedtoolcache/go/1.27.1/a"..., "/opt/hostedtoolcache/go/1.27.1/a"..., "/opt/hostedtoolcache/go/1.27.1/a"..., "/opt/hostedtoolcache/go/1.27.1/a"..., "/opt/hostedtoolcache/go/1.27.1/a"..., "/opt/hostedtoolcache/go/1.27.1/a"..., "/opt/hostedtoolcache/go/1.27.1/a"..., "/opt/hostedtoolcache/go/1.27.1/a"..., ...], 0x382e35d41208 /* 140 vars */ <unfinished ...>
9615  <... clone resumed>, parent_tid=[16]) = 10225
10225 <... execve resumed>)             = 0
10224 clone(child_stack=0x607da0b24000, flags=CLONE_VM|CLONE_FS|CLONE_FILES|CLONE_SIGHAND|CLONE_THREAD|CLONE_SYSVSEM) = 10230
10224 clone(child_stack=0x607da0b5c000, flags=CLONE_VM|CLONE_FS|CLONE_FILES|CLONE_SIGHAND|CLONE_THREAD|CLONE_SYSVSEM) = 10231
9615  waitid(P_PIDFD, 16,  <unfinished ...>
10230 tgkill(10224, 10224, SIGURG)      = 0
10224 clone(child_stack=0x607da0b58000, flags=CLONE_VM|CLONE_FS|CLONE_FILES|CLONE_SIGHAND|CLONE_THREAD|CLONE_SYSVSEM) = 10232
10224 --- SIGURG {si_signo=SIGURG, si_code=SI_TKILL, si_pid=10224, si_uid=1001} ---
10231 clone(child_stack=0x607da0b98000, flags=CLONE_VM|CLONE_FS|CLONE_FILES|CLONE_SIGHAND|CLONE_THREAD|CLONE_SYSVSEM) = 10233
10225 clone(child_stack=0x373112036000, flags=CLONE_VM|CLONE_FS|CLONE_FILES|CLONE_SIGHAND|CLONE_THREAD|CLONE_SYSVSEM) = 10234
10225 clone(child_stack=0x37311206e000, flags=CLONE_VM|CLONE_FS|CLONE_FILES|CLONE_SIGHAND|CLONE_THREAD|CLONE_SYSVSEM) = 10235
10234 tgkill(10225, 10225, SIGURG)      = 0
10225 --- SIGURG {si_signo=SIGURG, si_code=SI_TKILL, si_pid=10225, si_uid=1001} ---
10225 clone(child_stack=0x37311206a000, flags=CLONE_VM|CLONE_FS|CLONE_FILES|CLONE_SIGHAND|CLONE_THREAD|CLONE_SYSVSEM) = 10236
10225 clone(child_stack=0x373112092000, flags=CLONE_VM|CLONE_FS|CLONE_FILES|CLONE_SIGHAND|CLONE_THREAD|CLONE_SYSVSEM) = 10237
10226 tgkill(10223, 10223, SIGURG)      = 0
10223 --- SIGURG {si_signo=SIGURG, si_code=SI_TKILL, si_pid=10223, si_uid=1001} ---
10230 tgkill(10224, 10231, SIGURG)      = 0
10231 --- SIGURG {si_signo=SIGURG, si_code=SI_TKILL, si_pid=10224, si_uid=1001} ---
10234 tgkill(10225, 10237, SIGURG)      = 0
10237 --- SIGURG {si_signo=SIGURG, si_code=SI_TKILL, si_pid=10225, si_uid=1001} ---
10226 tgkill(10223, 10228, SIGURG <unfinished ...>
10228 --- SIGURG {si_signo=SIGURG, si_code=SI_TKILL, si_pid=10223, si_uid=1001} ---
10226 <... tgkill resumed>)             = 0
10230 tgkill(10224, 10232, SIGURG)      = 0
10232 --- SIGURG {si_signo=SIGURG, si_code=SI_TKILL, si_pid=10224, si_uid=1001} ---
10234 tgkill(10225, 10225, SIGURG)      = 0
10225 --- SIGURG {si_signo=SIGURG, si_code=SI_TKILL, si_pid=10225, si_uid=1001} ---
10230 tgkill(10224, 10233, SIGURG)      = 0
10233 --- SIGURG {si_signo=SIGURG, si_code=SI_TKILL, si_pid=10224, si_uid=1001} ---
10230 tgkill(10224, 10231, SIGURG)      = 0
10231 --- SIGURG {si_signo=SIGURG, si_code=SI_TKILL, si_pid=10224, si_uid=1001} ---
10229 exit_group(0)                     = ?
10228 +++ exited with 0 +++
10229 +++ exited with 0 +++
10227 +++ exited with 0 +++
10224 exit_group(0)                     = ?
10233 +++ exited with 0 +++
10232 +++ exited with 0 +++
10230 +++ exited with 0 +++
10226 +++ exited with 0 +++
10223 +++ exited with 0 +++
9619  <... waitid resumed>{si_signo=SIGCHLD, si_code=CLD_EXITED, si_pid=10223, si_uid=1001, si_status=0, si_utime=0, si_stime=0}, WEXITED, {ru_utime={tv_sec=0, tv_usec=53296}, ru_stime={tv_sec=0, tv_usec=18100}, ...}) = 0
9911  --- SIGCHLD {si_signo=SIGCHLD, si_code=CLD_EXITED, si_pid=10223, si_uid=1001, si_status=0, si_utime=5 /* 0.05 s */, si_stime=1 /* 0.01 s */} ---
10231 +++ exited with 0 +++
10224 +++ exited with 0 +++
9618  --- SIGCHLD {si_signo=SIGCHLD, si_code=CLD_EXITED, si_pid=10224, si_uid=1001, si_status=0, si_utime=7 /* 0.07 s */, si_stime=2 /* 0.02 s */} ---
9620  <... waitid resumed>{si_signo=SIGCHLD, si_code=CLD_EXITED, si_pid=10224, si_uid=1001, si_status=0, si_utime=0, si_stime=0}, WEXITED, {ru_utime={tv_sec=0, tv_usec=73082}, ru_stime={tv_sec=0, tv_usec=19752}, ...}) = 0
10234 tgkill(10225, 10225, SIGURG)      = 0
10225 --- SIGURG {si_signo=SIGURG, si_code=SI_TKILL, si_pid=10225, si_uid=1001} ---
9618  clone(child_stack=NULL, flags=CLONE_VM|CLONE_PIDFD|CLONE_VFORK|SIGCHLD <unfinished ...>
10238 execve("/opt/hostedtoolcache/go/1.27.1/arm64/pkg/tool/linux_arm64/compile", ["/opt/hostedtoolcache/go/1.27.1/a"..., "-o", "/tmp/go-build3484636357/b051/_pk"..., "-trimpath", "/tmp/go-build3484636357/b051=>", "-p", "internal/filepathlite", "-lang=go1.27", "-std", "-complete", "-buildid", "oDbma4U_lMUFNCMLk_Kk/oDbma4U_lMU"..., "-goversion", "go1.27.1", "-c=4", "-nolocalimports", "-importcfg", "/tmp/go-build3484636357/b051/imp"..., "-pack", "/opt/hostedtoolcache/go/1.27.1/a"..., "/opt/hostedtoolcache/go/1.27.1/a"..., "/opt/hostedtoolcache/go/1.27.1/a"...], 0x382e35d41688 /* 140 vars */ <unfinished ...>
9618  <... clone resumed>, parent_tid=[13]) = 10238
10238 <... execve resumed>)             = 0
9618  waitid(P_PIDFD, 13,  <unfinished ...>
10238 clone(child_stack=0x319472b6a000, flags=CLONE_VM|CLONE_FS|CLONE_FILES|CLONE_SIGHAND|CLONE_THREAD|CLONE_SYSVSEM) = 10239
10238 clone(child_stack=0x319472ba2000, flags=CLONE_VM|CLONE_FS|CLONE_FILES|CLONE_SIGHAND|CLONE_THREAD|CLONE_SYSVSEM) = 10240
10238 clone(child_stack=0x319472b9e000, flags=CLONE_VM|CLONE_FS|CLONE_FILES|CLONE_SIGHAND|CLONE_THREAD|CLONE_SYSVSEM) = 10241
10234 tgkill(10225, 10225, SIGURG)      = 0
10234 tgkill(10225, 10235, SIGURG)      = 0
10235 --- SIGURG {si_signo=SIGURG, si_code=SI_TKILL, si_pid=10225, si_uid=1001} ---
10240 clone(child_stack=0x319472c18000, flags=CLONE_VM|CLONE_FS|CLONE_FILES|CLONE_SIGHAND|CLONE_THREAD|CLONE_SYSVSEM) = 10242
10225 --- SIGURG {si_signo=SIGURG, si_code=SI_TKILL, si_pid=10225, si_uid=1001} ---
10234 tgkill(10225, 10236, SIGURG)      = 0
10236 --- SIGURG {si_signo=SIGURG, si_code=SI_TKILL, si_pid=10225, si_uid=1001} ---
10234 tgkill(10225, 10237, SIGURG)      = 0
10237 --- SIGURG {si_signo=SIGURG, si_code=SI_TKILL, si_pid=10225, si_uid=1001} ---
10239 tgkill(10238, 10242, SIGURG)      = 0
10242 --- SIGURG {si_signo=SIGURG, si_code=SI_TKILL, si_pid=10238, si_uid=1001} ---
10234 tgkill(10225, 10225, SIGURG)      = 0
10234 tgkill(10225, 10235, SIGURG)      = 0
10235 --- SIGURG {si_signo=SIGURG, si_code=SI_TKILL, si_pid=10225, si_uid=1001} ---
10225 --- SIGURG {si_signo=SIGURG, si_code=SI_TKILL, si_pid=10225, si_uid=1001} ---
10242 exit_group(0)                     = ?
10242 +++ exited with 0 +++
10241 +++ exited with 0 +++
10240 +++ exited with 0 +++
10239 +++ exited with 0 +++
10238 +++ exited with 0 +++
9620  --- SIGCHLD {si_signo=SIGCHLD, si_code=CLD_EXITED, si_pid=10238, si_uid=1001, si_status=0, si_utime=2 /* 0.02 s */, si_stime=0} ---
9618  <... waitid resumed>{si_signo=SIGCHLD, si_code=CLD_EXITED, si_pid=10238, si_uid=1001, si_status=0, si_utime=0, si_stime=0}, WEXITED, {ru_utime={tv_sec=0, tv_usec=29321}, ru_stime={tv_sec=0, tv_usec=8377}, ...}) = 0
9616  tgkill(9615, 9618, SIGURG)        = 0
9618  --- SIGURG {si_signo=SIGURG, si_code=SI_TKILL, si_pid=9615, si_uid=1001} ---
10235 exit_group(0)                     = ?
10237 +++ exited with 0 +++
10236 +++ exited with 0 +++
10235 +++ exited with 0 +++
10234 +++ exited with 0 +++
10225 +++ exited with 0 +++
9911  --- SIGCHLD {si_signo=SIGCHLD, si_code=CLD_EXITED, si_pid=10225, si_uid=1001, si_status=0, si_utime=16 /* 0.16 s */, si_stime=2 /* 0.02 s */} ---
9615  <... waitid resumed>{si_signo=SIGCHLD, si_code=CLD_EXITED, si_pid=10225, si_uid=1001, si_status=0, si_utime=0, si_stime=0}, WEXITED, {ru_utime={tv_sec=0, tv_usec=161667}, ru_stime={tv_sec=0, tv_usec=20956}, ...}) = 0
9911  clone(child_stack=NULL, flags=CLONE_VM|CLONE_PIDFD|CLONE_VFORK|SIGCHLD <unfinished ...>
10243 execve("/opt/hostedtoolcache/go/1.27.1/arm64/pkg/tool/linux_arm64/compile", ["/opt/hostedtoolcache/go/1.27.1/a"..., "-o", "/tmp/go-build3484636357/b050/_pk"..., "-trimpath", "/tmp/go-build3484636357/b050=>", "-p", "os", "-lang=go1.27", "-std", "-buildid", "wkBUzxEx6pS53N6viuzd/wkBUzxEx6pS"..., "-goversion", "go1.27.1", "-c=4", "-nolocalimports", "-importcfg", "/tmp/go-build3484636357/b050/imp"..., "-pack", "/opt/hostedtoolcache/go/1.27.1/a"..., "/opt/hostedtoolcache/go/1.27.1/a"..., "/opt/hostedtoolcache/go/1.27.1/a"..., "/opt/hostedtoolcache/go/1.27.1/a"..., "/opt/hostedtoolcache/go/1.27.1/a"..., "/opt/hostedtoolcache/go/1.27.1/a"..., "/opt/hostedtoolcache/go/1.27.1/a"..., "/opt/hostedtoolcache/go/1.27.1/a"..., "/opt/hostedtoolcache/go/1.27.1/a"..., "/opt/hostedtoolcache/go/1.27.1/a"..., "/opt/hostedtoolcache/go/1.27.1/a"..., "/opt/hostedtoolcache/go/1.27.1/a"..., "/opt/hostedtoolcache/go/1.27.1/a"..., "/opt/hostedtoolcache/go/1.27.1/a"..., ...], 0x382e35d41208 /* 140 vars */ <unfinished ...>
9911  <... clone resumed>, parent_tid=[12]) = 10243
10243 <... execve resumed>)             = 0
9911  waitid(P_PIDFD, 12,  <unfinished ...>
10243 clone(child_stack=0x766b691bc000, flags=CLONE_VM|CLONE_FS|CLONE_FILES|CLONE_SIGHAND|CLONE_THREAD|CLONE_SYSVSEM) = 10244
10243 clone(child_stack=0x766b691f4000, flags=CLONE_VM|CLONE_FS|CLONE_FILES|CLONE_SIGHAND|CLONE_THREAD|CLONE_SYSVSEM) = 10245
10244 tgkill(10243, 10243, SIGURG)      = 0
10243 clone(child_stack=0x766b691f0000, flags=CLONE_VM|CLONE_FS|CLONE_FILES|CLONE_SIGHAND|CLONE_THREAD|CLONE_SYSVSEM) = 10246
10243 --- SIGURG {si_signo=SIGURG, si_code=SI_TKILL, si_pid=10243, si_uid=1001} ---
10245 clone(child_stack=0x766b69218000, flags=CLONE_VM|CLONE_FS|CLONE_FILES|CLONE_SIGHAND|CLONE_THREAD|CLONE_SYSVSEM) = 10247
10244 clone(child_stack=0x766b6923e000, flags=CLONE_VM|CLONE_FS|CLONE_FILES|CLONE_SIGHAND|CLONE_THREAD|CLONE_SYSVSEM) = 10248
10244 tgkill(10243, 10246, SIGURG <unfinished ...>
10246 --- SIGURG {si_signo=SIGURG, si_code=SI_TKILL, si_pid=10243, si_uid=1001} ---
10244 <... tgkill resumed>)             = 0
10244 tgkill(10243, 10246, SIGURG <unfinished ...>
10246 --- SIGURG {si_signo=SIGURG, si_code=SI_TKILL, si_pid=10243, si_uid=1001} ---
10244 <... tgkill resumed>)             = 0
10244 tgkill(10243, 10248, SIGURG)      = 0
10248 --- SIGURG {si_signo=SIGURG, si_code=SI_TKILL, si_pid=10243, si_uid=1001} ---
10244 tgkill(10243, 10243, SIGURG)      = 0
10243 --- SIGURG {si_signo=SIGURG, si_code=SI_TKILL, si_pid=10243, si_uid=1001} ---
10244 tgkill(10243, 10248, SIGURG)      = 0
10248 --- SIGURG {si_signo=SIGURG, si_code=SI_TKILL, si_pid=10243, si_uid=1001} ---
10244 tgkill(10243, 10243, SIGURG)      = 0
10243 --- SIGURG {si_signo=SIGURG, si_code=SI_TKILL, si_pid=10243, si_uid=1001} ---
10244 tgkill(10243, 10246, SIGURG)      = 0
10246 --- SIGURG {si_signo=SIGURG, si_code=SI_TKILL, si_pid=10243, si_uid=1001} ---
10244 tgkill(10243, 10243, SIGURG)      = 0
10243 --- SIGURG {si_signo=SIGURG, si_code=SI_TKILL, si_pid=10243, si_uid=1001} ---
10244 tgkill(10243, 10248, SIGURG <unfinished ...>
10248 --- SIGURG {si_signo=SIGURG, si_code=SI_TKILL, si_pid=10243, si_uid=1001} ---
10244 <... tgkill resumed>)             = 0
10245 tgkill(10243, 10248, SIGURG <unfinished ...>
10246 tgkill(10243, 10243, SIGURG <unfinished ...>
10245 <... tgkill resumed>)             = 0
10248 --- SIGURG {si_signo=SIGURG, si_code=SI_TKILL, si_pid=10243, si_uid=1001} ---
10246 <... tgkill resumed>)             = 0
10243 --- SIGURG {si_signo=SIGURG, si_code=SI_TKILL, si_pid=10243, si_uid=1001} ---
10245 tgkill(10243, 10243, SIGURG)      = 0
10243 --- SIGURG {si_signo=SIGURG, si_code=SI_TKILL, si_pid=10243, si_uid=1001} ---
10245 tgkill(10243, 10248, SIGURG <unfinished ...>
10248 --- SIGURG {si_signo=SIGURG, si_code=SI_TKILL, si_pid=10243, si_uid=1001} ---
10245 <... tgkill resumed>)             = 0
10245 tgkill(10243, 10243, SIGURG)      = 0
10243 --- SIGURG {si_signo=SIGURG, si_code=SI_TKILL, si_pid=10243, si_uid=1001} ---
10245 tgkill(10243, 10246, SIGURG <unfinished ...>
10246 --- SIGURG {si_signo=SIGURG, si_code=SI_TKILL, si_pid=10243, si_uid=1001} ---
10245 <... tgkill resumed>)             = 0
10245 tgkill(10243, 10248, SIGURG)      = 0
10248 --- SIGURG {si_signo=SIGURG, si_code=SI_TKILL, si_pid=10243, si_uid=1001} ---
10248 tgkill(10243, 10245, SIGURG)      = 0
10245 --- SIGURG {si_signo=SIGURG, si_code=SI_TKILL, si_pid=10243, si_uid=1001} ---
10248 tgkill(10243, 10243, SIGURG)      = 0
10243 --- SIGURG {si_signo=SIGURG, si_code=SI_TKILL, si_pid=10243, si_uid=1001} ---
10248 tgkill(10243, 10246, SIGURG)      = 0
10246 --- SIGURG {si_signo=SIGURG, si_code=SI_TKILL, si_pid=10243, si_uid=1001} ---
10245 tgkill(10243, 10243, SIGURG)      = 0
10243 --- SIGURG {si_signo=SIGURG, si_code=SI_TKILL, si_pid=10243, si_uid=1001} ---
10245 tgkill(10243, 10246, SIGURG)      = 0
10246 --- SIGURG {si_signo=SIGURG, si_code=SI_TKILL, si_pid=10243, si_uid=1001} ---
10245 tgkill(10243, 10248, SIGURG)      = 0
10248 --- SIGURG {si_signo=SIGURG, si_code=SI_TKILL, si_pid=10243, si_uid=1001} ---
10245 tgkill(10243, 10243, SIGURG)      = 0
10243 --- SIGURG {si_signo=SIGURG, si_code=SI_TKILL, si_pid=10243, si_uid=1001} ---
10245 tgkill(10243, 10246, SIGURG)      = 0
10246 --- SIGURG {si_signo=SIGURG, si_code=SI_TKILL, si_pid=10243, si_uid=1001} ---
10245 tgkill(10243, 10248, SIGURG)      = 0
10248 --- SIGURG {si_signo=SIGURG, si_code=SI_TKILL, si_pid=10243, si_uid=1001} ---
10245 tgkill(10243, 10243, SIGURG)      = 0
10243 --- SIGURG {si_signo=SIGURG, si_code=SI_TKILL, si_pid=10243, si_uid=1001} ---
10245 tgkill(10243, 10246, SIGURG)      = 0
10246 --- SIGURG {si_signo=SIGURG, si_code=SI_TKILL, si_pid=10243, si_uid=1001} ---
10245 tgkill(10243, 10248, SIGURG)      = 0
10248 --- SIGURG {si_signo=SIGURG, si_code=SI_TKILL, si_pid=10243, si_uid=1001} ---
10244 tgkill(10243, 10243, SIGURG)      = 0
10243 --- SIGURG {si_signo=SIGURG, si_code=SI_TKILL, si_pid=10243, si_uid=1001} ---
10244 tgkill(10243, 10246, SIGURG)      = 0
10246 --- SIGURG {si_signo=SIGURG, si_code=SI_TKILL, si_pid=10243, si_uid=1001} ---
10244 tgkill(10243, 10248, SIGURG <unfinished ...>
10248 --- SIGURG {si_signo=SIGURG, si_code=SI_TKILL, si_pid=10243, si_uid=1001} ---
10244 <... tgkill resumed>)             = 0
10244 tgkill(10243, 10245, SIGURG)      = 0
10245 --- SIGURG {si_signo=SIGURG, si_code=SI_TKILL, si_pid=10243, si_uid=1001} ---
10244 tgkill(10243, 10243, SIGURG)      = 0
10243 --- SIGURG {si_signo=SIGURG, si_code=SI_TKILL, si_pid=10243, si_uid=1001} ---
10244 tgkill(10243, 10246, SIGURG <unfinished ...>
10246 --- SIGURG {si_signo=SIGURG, si_code=SI_TKILL, si_pid=10243, si_uid=1001} ---
10244 <... tgkill resumed>)             = 0
10244 tgkill(10243, 10248, SIGURG <unfinished ...>
10248 --- SIGURG {si_signo=SIGURG, si_code=SI_TKILL, si_pid=10243, si_uid=1001} ---
10244 <... tgkill resumed>)             = 0
10244 tgkill(10243, 10245, SIGURG)      = 0
10245 --- SIGURG {si_signo=SIGURG, si_code=SI_TKILL, si_pid=10243, si_uid=1001} ---
10244 tgkill(10243, 10243, SIGURG)      = 0
10243 --- SIGURG {si_signo=SIGURG, si_code=SI_TKILL, si_pid=10243, si_uid=1001} ---
10244 tgkill(10243, 10245, SIGURG)      = 0
10245 --- SIGURG {si_signo=SIGURG, si_code=SI_TKILL, si_pid=10243, si_uid=1001} ---
10244 tgkill(10243, 10248, SIGURG)      = 0
10248 --- SIGURG {si_signo=SIGURG, si_code=SI_TKILL, si_pid=10243, si_uid=1001} ---
10248 exit_group(0)                     = ?
10248 +++ exited with 0 +++
10247 +++ exited with 0 +++
10246 +++ exited with 0 +++
10245 +++ exited with 0 +++
10244 +++ exited with 0 +++
10243 +++ exited with 0 +++
9619  --- SIGCHLD {si_signo=SIGCHLD, si_code=CLD_EXITED, si_pid=10243, si_uid=1001, si_status=0, si_utime=45 /* 0.45 s */, si_stime=5 /* 0.05 s */} ---
9911  <... waitid resumed>{si_signo=SIGCHLD, si_code=CLD_EXITED, si_pid=10243, si_uid=1001, si_status=0, si_utime=0, si_stime=0}, WEXITED, {ru_utime={tv_sec=0, tv_usec=450947}, ru_stime={tv_sec=0, tv_usec=55258}, ...}) = 0
9616  tgkill(9615, 9619, SIGURG)        = 0
9619  --- SIGURG {si_signo=SIGURG, si_code=SI_TKILL, si_pid=9615, si_uid=1001} ---
9618  clone(child_stack=NULL, flags=CLONE_VM|CLONE_PIDFD|CLONE_VFORK|SIGCHLD <unfinished ...>
9619  clone(child_stack=NULL, flags=CLONE_VM|CLONE_PIDFD|CLONE_VFORK|SIGCHLD <unfinished ...>
10249 execve("/opt/hostedtoolcache/go/1.27.1/arm64/pkg/tool/linux_arm64/compile", ["/opt/hostedtoolcache/go/1.27.1/a"..., "-o", "/tmp/go-build3484636357/b068/_pk"..., "-trimpath", "/tmp/go-build3484636357/b068=>", "-p", "path/filepath", "-lang=go1.27", "-std", "-complete", "-buildid", "RnW1z7tg97nNJI8do1zG/RnW1z7tg97n"..., "-goversion", "go1.27.1", "-c=4", "-nolocalimports", "-importcfg", "/tmp/go-build3484636357/b068/imp"..., "-pack", "/opt/hostedtoolcache/go/1.27.1/a"..., "/opt/hostedtoolcache/go/1.27.1/a"..., "/opt/hostedtoolcache/go/1.27.1/a"..., "/opt/hostedtoolcache/go/1.27.1/a"..., "/opt/hostedtoolcache/go/1.27.1/a"...], 0x382e35d41688 /* 140 vars */ <unfinished ...>
9618  <... clone resumed>, parent_tid=[15]) = 10249
10249 <... execve resumed>)             = 0
10250 execve("/opt/hostedtoolcache/go/1.27.1/arm64/pkg/tool/linux_arm64/compile", ["/opt/hostedtoolcache/go/1.27.1/a"..., "-o", "/tmp/go-build3484636357/b002/_pk"..., "-trimpath", "/tmp/go-build3484636357/b002=>", "-p", "fmt", "-lang=go1.27", "-std", "-complete", "-buildid", "DF8lkC6O5o-h6VRhS6vl/DF8lkC6O5o-"..., "-goversion", "go1.27.1", "-c=4", "-nolocalimports", "-importcfg", "/tmp/go-build3484636357/b002/imp"..., "-pack", "/opt/hostedtoolcache/go/1.27.1/a"..., "/opt/hostedtoolcache/go/1.27.1/a"..., "/opt/hostedtoolcache/go/1.27.1/a"..., "/opt/hostedtoolcache/go/1.27.1/a"..., "/opt/hostedtoolcache/go/1.27.1/a"...], 0x382e36081208 /* 140 vars */ <unfinished ...>
9619  <... clone resumed>, parent_tid=[18]) = 10250
10250 <... execve resumed>)             = 0
9618  waitid(P_PIDFD, 15,  <unfinished ...>
9619  waitid(P_PIDFD, 18,  <unfinished ...>
10250 clone(child_stack=0x311825604000, flags=CLONE_VM|CLONE_FS|CLONE_FILES|CLONE_SIGHAND|CLONE_THREAD|CLONE_SYSVSEM <unfinished ...>
10249 clone(child_stack=0x5b20d0ef8000, flags=CLONE_VM|CLONE_FS|CLONE_FILES|CLONE_SIGHAND|CLONE_THREAD|CLONE_SYSVSEM <unfinished ...>
10250 <... clone resumed>)              = 10251
10249 <... clone resumed>)              = 10252
10250 clone(child_stack=0x31182563c000, flags=CLONE_VM|CLONE_FS|CLONE_FILES|CLONE_SIGHAND|CLONE_THREAD|CLONE_SYSVSEM <unfinished ...>
10249 clone(child_stack=0x5b20d0f30000, flags=CLONE_VM|CLONE_FS|CLONE_FILES|CLONE_SIGHAND|CLONE_THREAD|CLONE_SYSVSEM <unfinished ...>
10250 <... clone resumed>)              = 10253
10249 <... clone resumed>)              = 10254
10251 tgkill(10250, 10250, SIGURG)      = 0
10250 clone(child_stack=0x311825638000, flags=CLONE_VM|CLONE_FS|CLONE_FILES|CLONE_SIGHAND|CLONE_THREAD|CLONE_SYSVSEM <unfinished ...>
10249 clone(child_stack=0x5b20d0f2c000, flags=CLONE_VM|CLONE_FS|CLONE_FILES|CLONE_SIGHAND|CLONE_THREAD|CLONE_SYSVSEM <unfinished ...>
10250 <... clone resumed>)              = 10255
10249 <... clone resumed>)              = 10256
10250 --- SIGURG {si_signo=SIGURG, si_code=SI_TKILL, si_pid=10250, si_uid=1001} ---
10254 clone(child_stack=0x5b20d0f98000, flags=CLONE_VM|CLONE_FS|CLONE_FILES|CLONE_SIGHAND|CLONE_THREAD|CLONE_SYSVSEM) = 10257
10253 clone(child_stack=0x311825698000, flags=CLONE_VM|CLONE_FS|CLONE_FILES|CLONE_SIGHAND|CLONE_THREAD|CLONE_SYSVSEM) = 10258
10251 clone(child_stack=0x311825b24000, flags=CLONE_VM|CLONE_FS|CLONE_FILES|CLONE_SIGHAND|CLONE_THREAD|CLONE_SYSVSEM) = 10259
10251 tgkill(10250, 10255, SIGURG <unfinished ...>
10255 --- SIGURG {si_signo=SIGURG, si_code=SI_TKILL, si_pid=10250, si_uid=1001} ---
10251 <... tgkill resumed>)             = 0
10252 tgkill(10249, 10249, SIGURG)      = 0
10249 --- SIGURG {si_signo=SIGURG, si_code=SI_TKILL, si_pid=10249, si_uid=1001} ---
10251 tgkill(10250, 10255, SIGURG)      = 0
10255 --- SIGURG {si_signo=SIGURG, si_code=SI_TKILL, si_pid=10250, si_uid=1001} ---
10252 tgkill(10249, 10257, SIGURG)      = 0
10257 --- SIGURG {si_signo=SIGURG, si_code=SI_TKILL, si_pid=10249, si_uid=1001} ---
10251 tgkill(10250, 10255, SIGURG <unfinished ...>
10255 --- SIGURG {si_signo=SIGURG, si_code=SI_TKILL, si_pid=10250, si_uid=1001} ---
10251 <... tgkill resumed>)             = 0
10254 exit_group(0)                     = ?
10257 +++ exited with 0 +++
10256 +++ exited with 0 +++
10252 +++ exited with 0 +++
10254 +++ exited with 0 +++
10249 +++ exited with 0 +++
9615  --- SIGCHLD {si_signo=SIGCHLD, si_code=CLD_EXITED, si_pid=10249, si_uid=1001, si_status=0, si_utime=6 /* 0.06 s */, si_stime=2 /* 0.02 s */} ---
9618  <... waitid resumed>{si_signo=SIGCHLD, si_code=CLD_EXITED, si_pid=10249, si_uid=1001, si_status=0, si_utime=0, si_stime=0}, WEXITED, {ru_utime={tv_sec=0, tv_usec=61272}, ru_stime={tv_sec=0, tv_usec=21681}, ...}) = 0
9615  clone(child_stack=NULL, flags=CLONE_VM|CLONE_PIDFD|CLONE_VFORK|SIGCHLD <unfinished ...>
10260 execve("/opt/hostedtoolcache/go/1.27.1/arm64/pkg/tool/linux_arm64/compile", ["/opt/hostedtoolcache/go/1.27.1/a"..., "-o", "/tmp/go-build3484636357/b064/_pk"..., "-trimpath", "/tmp/go-build3484636357/b064=>", "-p", "os/exec", "-lang=go1.27", "-std", "-complete", "-buildid", "uOkOmIumLBCnVGqhQBLT/uOkOmIumLBC"..., "-goversion", "go1.27.1", "-c=4", "-nolocalimports", "-importcfg", "/tmp/go-build3484636357/b064/imp"..., "-pack", "/opt/hostedtoolcache/go/1.27.1/a"..., "/opt/hostedtoolcache/go/1.27.1/a"..., "/opt/hostedtoolcache/go/1.27.1/a"..., "/opt/hostedtoolcache/go/1.27.1/a"...], 0x382e35d41b08 /* 140 vars */ <unfinished ...>
9615  <... clone resumed>, parent_tid=[12]) = 10260
10260 <... execve resumed>)             = 0
9615  waitid(P_PIDFD, 12,  <unfinished ...>
10251 tgkill(10250, 10255, SIGURG)      = 0
10255 --- SIGURG {si_signo=SIGURG, si_code=SI_TKILL, si_pid=10250, si_uid=1001} ---
10260 clone(child_stack=0x3822f274e000, flags=CLONE_VM|CLONE_FS|CLONE_FILES|CLONE_SIGHAND|CLONE_THREAD|CLONE_SYSVSEM) = 10261
10260 clone(child_stack=0x3822f2788000, flags=CLONE_VM|CLONE_FS|CLONE_FILES|CLONE_SIGHAND|CLONE_THREAD|CLONE_SYSVSEM) = 10262
10261 tgkill(10260, 10260, SIGURG)      = 0
10260 clone(child_stack=0x3822f2784000, flags=CLONE_VM|CLONE_FS|CLONE_FILES|CLONE_SIGHAND|CLONE_THREAD|CLONE_SYSVSEM) = 10263
10260 --- SIGURG {si_signo=SIGURG, si_code=SI_TKILL, si_pid=10260, si_uid=1001} ---
10260 clone(child_stack=0x3822f27aa000, flags=CLONE_VM|CLONE_FS|CLONE_FILES|CLONE_SIGHAND|CLONE_THREAD|CLONE_SYSVSEM <unfinished ...>
10262 clone(child_stack=0x3822f27a6000, flags=CLONE_VM|CLONE_FS|CLONE_FILES|CLONE_SIGHAND|CLONE_THREAD|CLONE_SYSVSEM <unfinished ...>
10260 <... clone resumed>)              = 10264
10262 <... clone resumed>)              = 10265
10261 tgkill(10260, 10260, SIGURG)      = 0
10260 --- SIGURG {si_signo=SIGURG, si_code=SI_TKILL, si_pid=10260, si_uid=1001} ---
10251 tgkill(10250, 10258, SIGURG)      = 0
10258 --- SIGURG {si_signo=SIGURG, si_code=SI_TKILL, si_pid=10250, si_uid=1001} ---
10251 tgkill(10250, 10259, SIGURG)      = 0
10259 --- SIGURG {si_signo=SIGURG, si_code=SI_TKILL, si_pid=10250, si_uid=1001} ---
10251 tgkill(10250, 10255, SIGURG)      = 0
10255 --- SIGURG {si_signo=SIGURG, si_code=SI_TKILL, si_pid=10250, si_uid=1001} ---
10251 tgkill(10250, 10250, SIGURG)      = 0
10250 --- SIGURG {si_signo=SIGURG, si_code=SI_TKILL, si_pid=10250, si_uid=1001} ---
10261 tgkill(10260, 10264, SIGURG <unfinished ...>
10264 --- SIGURG {si_signo=SIGURG, si_code=SI_TKILL, si_pid=10260, si_uid=1001} ---
10261 <... tgkill resumed>)             = 0
10261 tgkill(10260, 10264, SIGURG)      = 0
10264 --- SIGURG {si_signo=SIGURG, si_code=SI_TKILL, si_pid=10260, si_uid=1001} ---
10251 tgkill(10250, 10258, SIGURG)      = 0
10251 tgkill(10250, 10259, SIGURG <unfinished ...>
10259 --- SIGURG {si_signo=SIGURG, si_code=SI_TKILL, si_pid=10250, si_uid=1001} ---
10251 <... tgkill resumed>)             = 0
10258 --- SIGURG {si_signo=SIGURG, si_code=SI_TKILL, si_pid=10250, si_uid=1001} ---
10251 tgkill(10250, 10255, SIGURG <unfinished ...>
10255 --- SIGURG {si_signo=SIGURG, si_code=SI_TKILL, si_pid=10250, si_uid=1001} ---
10251 <... tgkill resumed>)             = 0
10251 tgkill(10250, 10250, SIGURG)      = 0
10250 --- SIGURG {si_signo=SIGURG, si_code=SI_TKILL, si_pid=10250, si_uid=1001} ---
10261 tgkill(10260, 10262, SIGURG)      = 0
10262 --- SIGURG {si_signo=SIGURG, si_code=SI_TKILL, si_pid=10260, si_uid=1001} ---
10251 tgkill(10250, 10255, SIGURG)      = 0
10255 --- SIGURG {si_signo=SIGURG, si_code=SI_TKILL, si_pid=10250, si_uid=1001} ---
10259 exit_group(0)                     = ?
10259 +++ exited with 0 +++
10255 +++ exited with 0 +++
10253 +++ exited with 0 +++
10251 +++ exited with 0 +++
10258 +++ exited with 0 +++
10250 +++ exited with 0 +++
9619  <... waitid resumed>{si_signo=SIGCHLD, si_code=CLD_EXITED, si_pid=10250, si_uid=1001, si_status=0, si_utime=0, si_stime=0}, WEXITED, {ru_utime={tv_sec=0, tv_usec=224569}, ru_stime={tv_sec=0, tv_usec=35024}, ...}) = 0
9911  --- SIGCHLD {si_signo=SIGCHLD, si_code=CLD_EXITED, si_pid=10250, si_uid=1001, si_status=0, si_utime=21 /* 0.21 s */, si_stime=3 /* 0.03 s */} ---
10261 tgkill(10260, 10262, SIGURG)      = 0
10262 --- SIGURG {si_signo=SIGURG, si_code=SI_TKILL, si_pid=10260, si_uid=1001} ---
10261 tgkill(10260, 10264, SIGURG)      = 0
10264 --- SIGURG {si_signo=SIGURG, si_code=SI_TKILL, si_pid=10260, si_uid=1001} ---
10264 exit_group(0)                     = ?
10265 +++ exited with 0 +++
10264 +++ exited with 0 +++
10263 +++ exited with 0 +++
10262 +++ exited with 0 +++
10261 +++ exited with 0 +++
10260 +++ exited with 0 +++
9615  <... waitid resumed>{si_signo=SIGCHLD, si_code=CLD_EXITED, si_pid=10260, si_uid=1001, si_status=0, si_utime=0, si_stime=0}, WEXITED, {ru_utime={tv_sec=0, tv_usec=83927}, ru_stime={tv_sec=0, tv_usec=18650}, ...}) = 0
9911  --- SIGCHLD {si_signo=SIGCHLD, si_code=CLD_EXITED, si_pid=10260, si_uid=1001, si_status=0, si_utime=8 /* 0.08 s */, si_stime=1 /* 0.01 s */} ---
9911  clone(child_stack=NULL, flags=CLONE_VM|CLONE_PIDFD|CLONE_VFORK|SIGCHLD <unfinished ...>
10266 execve("/opt/hostedtoolcache/go/1.27.1/arm64/pkg/tool/linux_arm64/compile", ["/opt/hostedtoolcache/go/1.27.1/a"..., "-o", "/tmp/go-build3484636357/b061/_pk"..., "-trimpath", "/tmp/go-build3484636357/b061=>", "-p", "github.com/type-rb/type-rb-nativ"..., "-lang=go1.27", "-complete", "-buildid", "01Ze0qAOWPO28BVjStIQ/01Ze0qAOWPO"..., "-goversion", "go1.27.1", "-c=4", "-nolocalimports", "-importcfg", "/tmp/go-build3484636357/b061/imp"..., "-pack", "/tmp/trb-build-1566637624/trb/st"...], 0x382e35f8c488 /* 140 vars */ <unfinished ...>
9911  <... clone resumed>, parent_tid=[12]) = 10266
10266 <... execve resumed>)             = 0
9911  waitid(P_PIDFD, 12,  <unfinished ...>
10266 clone(child_stack=0x775290570000, flags=CLONE_VM|CLONE_FS|CLONE_FILES|CLONE_SIGHAND|CLONE_THREAD|CLONE_SYSVSEM) = 10267
10266 clone(child_stack=0x7752905a8000, flags=CLONE_VM|CLONE_FS|CLONE_FILES|CLONE_SIGHAND|CLONE_THREAD|CLONE_SYSVSEM) = 10268
10267 tgkill(10266, 10266, SIGURG)      = 0
10266 clone(child_stack=0x7752905a4000, flags=CLONE_VM|CLONE_FS|CLONE_FILES|CLONE_SIGHAND|CLONE_THREAD|CLONE_SYSVSEM) = 10269
10266 --- SIGURG {si_signo=SIGURG, si_code=SI_TKILL, si_pid=10266, si_uid=1001} ---
10268 clone(child_stack=0x775290618000, flags=CLONE_VM|CLONE_FS|CLONE_FILES|CLONE_SIGHAND|CLONE_THREAD|CLONE_SYSVSEM) = 10270
10267 tgkill(10266, 10266, SIGURG)      = 0
10266 --- SIGURG {si_signo=SIGURG, si_code=SI_TKILL, si_pid=10266, si_uid=1001} ---
10270 exit_group(0)                     = ?
10270 +++ exited with 0 +++
10268 +++ exited with 0 +++
10267 +++ exited with 0 +++
10269 +++ exited with 0 +++
10266 +++ exited with 0 +++
9615  --- SIGCHLD {si_signo=SIGCHLD, si_code=CLD_EXITED, si_pid=10266, si_uid=1001, si_status=0, si_utime=2 /* 0.02 s */, si_stime=0} ---
9911  <... waitid resumed>{si_signo=SIGCHLD, si_code=CLD_EXITED, si_pid=10266, si_uid=1001, si_status=0, si_utime=0, si_stime=0}, WEXITED, {ru_utime={tv_sec=0, tv_usec=24727}, ru_stime={tv_sec=0, tv_usec=9272}, ...}) = 0
9616  tgkill(9615, 9911, SIGURG <unfinished ...>
9911  --- SIGURG {si_signo=SIGURG, si_code=SI_TKILL, si_pid=9615, si_uid=1001} ---
9616  <... tgkill resumed>)             = 0
9615  clone(child_stack=NULL, flags=CLONE_VM|CLONE_PIDFD|CLONE_VFORK|SIGCHLD <unfinished ...>
10271 execve("/opt/hostedtoolcache/go/1.27.1/arm64/pkg/tool/linux_arm64/compile", ["/opt/hostedtoolcache/go/1.27.1/a"..., "-o", "/tmp/go-build3484636357/b001/_pk"..., "-trimpath", "/tmp/go-build3484636357/b001=>", "-p", "main", "-lang=go1.27", "-complete", "-buildid", "Ez4gbi7NM52dEF1pSxtJ/Ez4gbi7NM52"..., "-goversion", "go1.27.1", "-c=4", "-nolocalimports", "-importcfg", "/tmp/go-build3484636357/b001/imp"..., "-pack", "/tmp/trb-build-1566637624/main.g"...], 0x382e36040488 /* 140 vars */ <unfinished ...>
9615  <... clone resumed>, parent_tid=[12]) = 10271
10271 <... execve resumed>)             = 0
9615  waitid(P_PIDFD, 12,  <unfinished ...>
10271 clone(child_stack=0x6356f8f18000, flags=CLONE_VM|CLONE_FS|CLONE_FILES|CLONE_SIGHAND|CLONE_THREAD|CLONE_SYSVSEM) = 10272
10271 clone(child_stack=0x6356f8f50000, flags=CLONE_VM|CLONE_FS|CLONE_FILES|CLONE_SIGHAND|CLONE_THREAD|CLONE_SYSVSEM) = 10273
10272 tgkill(10271, 10271, SIGURG)      = 0
10271 clone(child_stack=0x6356f8f4c000, flags=CLONE_VM|CLONE_FS|CLONE_FILES|CLONE_SIGHAND|CLONE_THREAD|CLONE_SYSVSEM) = 10274
10271 --- SIGURG {si_signo=SIGURG, si_code=SI_TKILL, si_pid=10271, si_uid=1001} ---
10273 clone(child_stack=0x6356f8f98000, flags=CLONE_VM|CLONE_FS|CLONE_FILES|CLONE_SIGHAND|CLONE_THREAD|CLONE_SYSVSEM) = 10275
10272 tgkill(10271, 10271, SIGURG)      = 0
10271 --- SIGURG {si_signo=SIGURG, si_code=SI_TKILL, si_pid=10271, si_uid=1001} ---
10272 tgkill(10271, 10273, SIGURG)      = 0
10273 --- SIGURG {si_signo=SIGURG, si_code=SI_TKILL, si_pid=10271, si_uid=1001} ---
10275 exit_group(0)                     = ?
10275 +++ exited with 0 +++
10274 +++ exited with 0 +++
10273 +++ exited with 0 +++
10272 +++ exited with 0 +++
10271 +++ exited with 0 +++
9615  <... waitid resumed>{si_signo=SIGCHLD, si_code=CLD_EXITED, si_pid=10271, si_uid=1001, si_status=0, si_utime=0, si_stime=0}, WEXITED, {ru_utime={tv_sec=0, tv_usec=52214}, ru_stime={tv_sec=0, tv_usec=16066}, ...}) = 0
9911  --- SIGCHLD {si_signo=SIGCHLD, si_code=CLD_EXITED, si_pid=10271, si_uid=1001, si_status=0, si_utime=5 /* 0.05 s */, si_stime=1 /* 0.01 s */} ---
9911  clone(child_stack=NULL, flags=CLONE_VM|CLONE_PIDFD|CLONE_VFORK|SIGCHLD <unfinished ...>
10276 execve("/opt/hostedtoolcache/go/1.27.1/arm64/pkg/tool/linux_arm64/link", ["/opt/hostedtoolcache/go/1.27.1/a"..., "-V=full"], 0x382e35f8c908 /* 139 vars */ <unfinished ...>
9911  <... clone resumed>, parent_tid=[14]) = 10276
9911  waitid(P_PIDFD, 14,  <unfinished ...>
10276 <... execve resumed>)             = 0
10276 clone(child_stack=0x7d2cab22c000, flags=CLONE_VM|CLONE_FS|CLONE_FILES|CLONE_SIGHAND|CLONE_THREAD|CLONE_SYSVSEM) = 10277
10277 tgkill(10276, 10276, SIGURG)      = 0
10276 --- SIGURG {si_signo=SIGURG, si_code=SI_TKILL, si_pid=10276, si_uid=1001} ---
10277 tgkill(10276, 10276, SIGURG)      = 0
10276 --- SIGURG {si_signo=SIGURG, si_code=SI_TKILL, si_pid=10276, si_uid=1001} ---
10276 clone(child_stack=0x7d2cab262000, flags=CLONE_VM|CLONE_FS|CLONE_FILES|CLONE_SIGHAND|CLONE_THREAD|CLONE_SYSVSEM) = 10278
10276 clone(child_stack=0x7d2cab25e000, flags=CLONE_VM|CLONE_FS|CLONE_FILES|CLONE_SIGHAND|CLONE_THREAD|CLONE_SYSVSEM) = 10279
10278 clone(child_stack=0x7d2cab298000, flags=CLONE_VM|CLONE_FS|CLONE_FILES|CLONE_SIGHAND|CLONE_THREAD|CLONE_SYSVSEM) = 10280
10276 exit_group(0)                     = ?
10280 +++ exited with 0 +++
10279 +++ exited with 0 +++
10278 +++ exited with 0 +++
10277 +++ exited with 0 +++
10276 +++ exited with 0 +++
9911  <... waitid resumed>{si_signo=SIGCHLD, si_code=CLD_EXITED, si_pid=10276, si_uid=1001, si_status=0, si_utime=0, si_stime=0}, WEXITED, {ru_utime={tv_sec=0, tv_usec=2095}, ru_stime={tv_sec=0, tv_usec=5237}, ...}) = 0
9619  --- SIGCHLD {si_signo=SIGCHLD, si_code=CLD_EXITED, si_pid=10276, si_uid=1001, si_status=0, si_utime=0, si_stime=0} ---
9619  clone(child_stack=NULL, flags=CLONE_VM|CLONE_PIDFD|CLONE_VFORK|SIGCHLD <unfinished ...>
10281 execve("/opt/hostedtoolcache/go/1.27.1/arm64/pkg/tool/linux_arm64/link", ["/opt/hostedtoolcache/go/1.27.1/a"..., "-o", "/tmp/go-build3484636357/b001/exe"..., "-importcfg", "/tmp/go-build3484636357/b001/imp"..., "-buildmode=exe", "-buildid=4UWNAVGFguvuVyNaZDZB/Ez"..., "-extld=gcc", "/tmp/go-build3484636357/b001/_pk"...], 0x382e35f8cd88 /* 140 vars */ <unfinished ...>
9619  <... clone resumed>, parent_tid=[12]) = 10281
10281 <... execve resumed>)             = 0
9619  waitid(P_PIDFD, 12,  <unfinished ...>
10281 clone(child_stack=0x7de746ca6000, flags=CLONE_VM|CLONE_FS|CLONE_FILES|CLONE_SIGHAND|CLONE_THREAD|CLONE_SYSVSEM) = 10282
10281 clone(child_stack=0x7de746cde000, flags=CLONE_VM|CLONE_FS|CLONE_FILES|CLONE_SIGHAND|CLONE_THREAD|CLONE_SYSVSEM) = 10283
10282 tgkill(10281, 10281, SIGURG)      = 0
10281 clone(child_stack=0x7de746cda000, flags=CLONE_VM|CLONE_FS|CLONE_FILES|CLONE_SIGHAND|CLONE_THREAD|CLONE_SYSVSEM) = 10284
10281 --- SIGURG {si_signo=SIGURG, si_code=SI_TKILL, si_pid=10281, si_uid=1001} ---
10283 clone(child_stack=0x7de746d18000, flags=CLONE_VM|CLONE_FS|CLONE_FILES|CLONE_SIGHAND|CLONE_THREAD|CLONE_SYSVSEM) = 10285
10281 clone(child_stack=0x7de746d14000, flags=CLONE_VM|CLONE_FS|CLONE_FILES|CLONE_SIGHAND|CLONE_THREAD|CLONE_SYSVSEM) = 10286
10283 tgkill(10281, 10281, SIGURG)      = 0
10281 --- SIGURG {si_signo=SIGURG, si_code=SI_TKILL, si_pid=10281, si_uid=1001} ---
10283 tgkill(10281, 10286, SIGURG)      = 0
10286 --- SIGURG {si_signo=SIGURG, si_code=SI_TKILL, si_pid=10281, si_uid=1001} ---
10283 tgkill(10281, 10286, SIGURG)      = 0
10286 --- SIGURG {si_signo=SIGURG, si_code=SI_TKILL, si_pid=10281, si_uid=1001} ---
10283 tgkill(10281, 10286, SIGURG)      = 0
10286 --- SIGURG {si_signo=SIGURG, si_code=SI_TKILL, si_pid=10281, si_uid=1001} ---
10282 tgkill(10281, 10286, SIGURG <unfinished ...>
10286 --- SIGURG {si_signo=SIGURG, si_code=SI_TKILL, si_pid=10281, si_uid=1001} ---
10282 <... tgkill resumed>)             = 0
10285 tgkill(10281, 10281, SIGURG <unfinished ...>
10283 tgkill(10281, 10286, SIGURG <unfinished ...>
10285 <... tgkill resumed>)             = 0
10283 <... tgkill resumed>)             = 0
10286 --- SIGURG {si_signo=SIGURG, si_code=SI_TKILL, si_pid=10281, si_uid=1001} ---
10281 --- SIGURG {si_signo=SIGURG, si_code=SI_TKILL, si_pid=10281, si_uid=1001} ---
10286 tgkill(10281, 10283, SIGURG)      = 0
10283 --- SIGURG {si_signo=SIGURG, si_code=SI_TKILL, si_pid=10281, si_uid=1001} ---
10286 tgkill(10281, 10283, SIGURG)      = 0
10283 --- SIGURG {si_signo=SIGURG, si_code=SI_TKILL, si_pid=10281, si_uid=1001} ---
10286 tgkill(10281, 10283, SIGURG)      = 0
10283 --- SIGURG {si_signo=SIGURG, si_code=SI_TKILL, si_pid=10281, si_uid=1001} ---
10286 tgkill(10281, 10283, SIGURG)      = 0
10283 --- SIGURG {si_signo=SIGURG, si_code=SI_TKILL, si_pid=10281, si_uid=1001} ---
10282 tgkill(10281, 10283, SIGURG <unfinished ...>
10283 --- SIGURG {si_signo=SIGURG, si_code=SI_TKILL, si_pid=10281, si_uid=1001} ---
10282 <... tgkill resumed>)             = 0
10281 tgkill(10281, 10283, SIGURG <unfinished ...>
10283 --- SIGURG {si_signo=SIGURG, si_code=SI_TKILL, si_pid=10281, si_uid=1001} ---
10281 <... tgkill resumed>)             = 0
10283 tgkill(10281, 10281, SIGURG)      = 0
10281 --- SIGURG {si_signo=SIGURG, si_code=SI_TKILL, si_pid=10281, si_uid=1001} ---
10283 tgkill(10281, 10285, SIGURG)      = 0
10285 --- SIGURG {si_signo=SIGURG, si_code=SI_TKILL, si_pid=10281, si_uid=1001} ---
10283 tgkill(10281, 10286, SIGURG <unfinished ...>
10286 --- SIGURG {si_signo=SIGURG, si_code=SI_TKILL, si_pid=10281, si_uid=1001} ---
10283 <... tgkill resumed>)             = 0
10283 tgkill(10281, 10281, SIGURG)      = 0
10281 --- SIGURG {si_signo=SIGURG, si_code=SI_TKILL, si_pid=10281, si_uid=1001} ---
10283 tgkill(10281, 10285, SIGURG)      = 0
10285 --- SIGURG {si_signo=SIGURG, si_code=SI_TKILL, si_pid=10281, si_uid=1001} ---
10283 tgkill(10281, 10285, SIGURG)      = 0
10285 --- SIGURG {si_signo=SIGURG, si_code=SI_TKILL, si_pid=10281, si_uid=1001} ---
10286 tgkill(10281, 10283, SIGURG)      = 0
10283 --- SIGURG {si_signo=SIGURG, si_code=SI_TKILL, si_pid=10281, si_uid=1001} ---
10285 tgkill(10281, 10286, SIGURG <unfinished ...>
10286 --- SIGURG {si_signo=SIGURG, si_code=SI_TKILL, si_pid=10281, si_uid=1001} ---
10285 <... tgkill resumed>)             = 0
10281 tgkill(10281, 10285, SIGURG)      = 0
10285 --- SIGURG {si_signo=SIGURG, si_code=SI_TKILL, si_pid=10281, si_uid=1001} ---
10281 tgkill(10281, 10285, SIGURG)      = 0
10285 --- SIGURG {si_signo=SIGURG, si_code=SI_TKILL, si_pid=10281, si_uid=1001} ---
10281 tgkill(10281, 10285, SIGURG)      = 0
10285 --- SIGURG {si_signo=SIGURG, si_code=SI_TKILL, si_pid=10281, si_uid=1001} ---
10281 tgkill(10281, 10285, SIGURG)      = 0
10285 --- SIGURG {si_signo=SIGURG, si_code=SI_TKILL, si_pid=10281, si_uid=1001} ---
10286 tgkill(10281, 10281, SIGURG)      = 0
10281 --- SIGURG {si_signo=SIGURG, si_code=SI_TKILL, si_pid=10281, si_uid=1001} ---
10281 tgkill(10281, 10285, SIGURG)      = 0
10285 --- SIGURG {si_signo=SIGURG, si_code=SI_TKILL, si_pid=10281, si_uid=1001} ---
10281 tgkill(10281, 10286, SIGURG)      = 0
10286 --- SIGURG {si_signo=SIGURG, si_code=SI_TKILL, si_pid=10281, si_uid=1001} ---
10281 tgkill(10281, 10286, SIGURG)      = 0
10286 --- SIGURG {si_signo=SIGURG, si_code=SI_TKILL, si_pid=10281, si_uid=1001} ---
10286 exit_group(0)                     = ?
10286 +++ exited with 0 +++
10285 +++ exited with 0 +++
10284 +++ exited with 0 +++
10283 +++ exited with 0 +++
10282 +++ exited with 0 +++
10281 +++ exited with 0 +++
9619  <... waitid resumed>{si_signo=SIGCHLD, si_code=CLD_EXITED, si_pid=10281, si_uid=1001, si_status=0, si_utime=0, si_stime=0}, WEXITED, {ru_utime={tv_sec=0, tv_usec=105386}, ru_stime={tv_sec=0, tv_usec=40198}, ...}) = 0
9911  --- SIGCHLD {si_signo=SIGCHLD, si_code=CLD_EXITED, si_pid=10281, si_uid=1001, si_status=0, si_utime=9 /* 0.09 s */, si_stime=3 /* 0.03 s */} ---
9616  tgkill(9615, 9619, SIGURG)        = 0
9619  --- SIGURG {si_signo=SIGURG, si_code=SI_TKILL, si_pid=9615, si_uid=1001} ---
9616  tgkill(9615, 9619, SIGURG)        = 0
9619  --- SIGURG {si_signo=SIGURG, si_code=SI_TKILL, si_pid=9615, si_uid=1001} ---
9911  exit_group(0)                     = ?
9911  +++ exited with 0 +++
9623  +++ exited with 0 +++
9622  +++ exited with 0 +++
9621  +++ exited with 0 +++
9620  +++ exited with 0 +++
9619  +++ exited with 0 +++
9618  +++ exited with 0 +++
9616  +++ exited with 0 +++
9617  +++ exited with 0 +++
9615  +++ exited with 0 +++
9609  <... waitid resumed>{si_signo=SIGCHLD, si_code=CLD_EXITED, si_pid=9615, si_uid=1001, si_status=0, si_utime=0, si_stime=0}, WEXITED, {ru_utime={tv_sec=9, tv_usec=167219}, ru_stime={tv_sec=2, tv_usec=486688}, ...}) = 0
9609  --- SIGCHLD {si_signo=SIGCHLD, si_code=CLD_EXITED, si_pid=9615, si_uid=1001, si_status=0, si_utime=25 /* 0.25 s */, si_stime=62 /* 0.62 s */} ---
9606  tgkill(9604, 9609, SIGURG)        = 0
9609  --- SIGURG {si_signo=SIGURG, si_code=SI_TKILL, si_pid=9604, si_uid=1001} ---
9609  exit_group(0)                     = ?
9613  +++ exited with 0 +++
9611  +++ exited with 0 +++
9610  +++ exited with 0 +++
9609  +++ exited with 0 +++
9608  +++ exited with 0 +++
9607  +++ exited with 0 +++
9606  +++ exited with 0 +++
9612  +++ exited with 0 +++
9604  +++ exited with 0 +++
