9106  execve("/home/runner/work/_temp/trb", ["/home/runner/work/_temp/trb", "build", "--compile", "--config", "/home/runner/work/type-rb-native"..., "--outfile", "/home/runner/work/_temp/build-wo"...], 0xffffd8ef9ee8 /* 116 vars */) = 0
9106  clone3({flags=CLONE_VM|CLONE_FS|CLONE_FILES|CLONE_SIGHAND|CLONE_THREAD|CLONE_SYSVSEM|CLONE_SETTLS|CLONE_PARENT_SETTID|CLONE_CHILD_CLEARTID, child_tid=0xff183c85f250, parent_tid=0xff183c85f250, exit_signal=0, stack=0xff183b850000, stack_size=0x100ea40, tls=0xff183c85f8c0} => {parent_tid=[9107]}, 88) = 9107
9106  clone3({flags=CLONE_VM|CLONE_FS|CLONE_FILES|CLONE_SIGHAND|CLONE_THREAD|CLONE_SYSVSEM|CLONE_SETTLS|CLONE_PARENT_SETTID|CLONE_CHILD_CLEARTID, child_tid=0xff18337ff250, parent_tid=0xff18337ff250, exit_signal=0, stack=0xff18327f0000, stack_size=0x100ea40, tls=0xff18337ff8c0} => {parent_tid=[9108]}, 88) = 9108
9106  clone3({flags=CLONE_VM|CLONE_FS|CLONE_FILES|CLONE_SIGHAND|CLONE_THREAD|CLONE_SYSVSEM|CLONE_SETTLS|CLONE_PARENT_SETTID|CLONE_CHILD_CLEARTID, child_tid=0xff183b84f250, parent_tid=0xff183b84f250, exit_signal=0, stack=0xff183a840000, stack_size=0x100ea40, tls=0xff183b84f8c0} => {parent_tid=[9109]}, 88) = 9109
9108  clone3({flags=CLONE_VM|CLONE_FS|CLONE_FILES|CLONE_SIGHAND|CLONE_THREAD|CLONE_SYSVSEM|CLONE_SETTLS|CLONE_PARENT_SETTID|CLONE_CHILD_CLEARTID, child_tid=0xff183a7ff250, parent_tid=0xff183a7ff250, exit_signal=0, stack=0xff18397f0000, stack_size=0x100ea40, tls=0xff183a7ff8c0} => {parent_tid=[9110]}, 88) = 9110
9106  clone3({flags=CLONE_VM|CLONE_FS|CLONE_FILES|CLONE_SIGHAND|CLONE_THREAD|CLONE_SYSVSEM|CLONE_SETTLS|CLONE_PARENT_SETTID|CLONE_CHILD_CLEARTID, child_tid=0xff18397ef250, parent_tid=0xff18397ef250, exit_signal=0, stack=0xff18387e0000, stack_size=0x100ea40, tls=0xff18397ef8c0} => {parent_tid=[9111]}, 88) = 9111
9106  clone3({flags=CLONE_VM|CLONE_FS|CLONE_FILES|CLONE_SIGHAND|CLONE_THREAD|CLONE_SYSVSEM|CLONE_SETTLS|CLONE_PARENT_SETTID|CLONE_CHILD_CLEARTID, child_tid=0xff18327ef250, parent_tid=0xff18327ef250, exit_signal=0, stack=0xff18317e0000, stack_size=0x100ea40, tls=0xff18327ef8c0} => {parent_tid=[9112]}, 88) = 9112
9107  tgkill(9106, 9106, SIGURG)        = 0
9106  --- SIGURG {si_signo=SIGURG, si_code=SI_TKILL, si_pid=9106, si_uid=1001} ---
9110  tgkill(9106, 9106, SIGURG)        = 0
9106  --- SIGURG {si_signo=SIGURG, si_code=SI_TKILL, si_pid=9106, si_uid=1001} ---
9106  tgkill(9106, 9108, SIGURG)        = 0
9108  --- SIGURG {si_signo=SIGURG, si_code=SI_TKILL, si_pid=9106, si_uid=1001} ---
9108  waitid(P_PIDFD, 7, 0x4b436f39ef98, WEXITED, NULL) = -1 ECHILD (No child processes)
9108  pidfd_send_signal(7, 0, NULL, 0)  = 0
9108  clone(child_stack=NULL, flags=CLONE_VM|CLONE_PIDFD|CLONE_VFORK <unfinished ...>
9113  exit_group(0)                     = ?
9108  <... clone resumed>, parent_tid=[8]) = 9113
9113  +++ exited with 0 +++
9108  waitid(P_PIDFD, 8, {si_signo=SIGCHLD, si_code=CLD_EXITED, si_pid=9113, si_uid=1001, si_status=0, si_utime=0, si_stime=0}, WEXITED|__WCLONE, NULL) = 0
9108  clone(child_stack=NULL, flags=CLONE_VM|CLONE_PIDFD|CLONE_VFORK|SIGCHLD <unfinished ...>
9114  execve("/opt/hostedtoolcache/go/1.27.0/arm64/bin/go", ["go", "build", "-mod=mod", "-o", "/home/runner/work/_temp/build-wo"..., "."], 0x4b436f031008 /* 116 vars */ <unfinished ...>
9108  <... clone resumed>, parent_tid=[9]) = 9114
9114  <... execve resumed>)             = 0
9108  waitid(P_PIDFD, 9,  <unfinished ...>
9114  clone(child_stack=0x3283654fe000, flags=CLONE_VM|CLONE_FS|CLONE_FILES|CLONE_SIGHAND|CLONE_THREAD|CLONE_SYSVSEM) = 9115
9114  clone(child_stack=0x328365534000, flags=CLONE_VM|CLONE_FS|CLONE_FILES|CLONE_SIGHAND|CLONE_THREAD|CLONE_SYSVSEM) = 9116
9115  tgkill(9114, 9114, SIGURG)        = 0
9114  --- SIGURG {si_signo=SIGURG, si_code=SI_TKILL, si_pid=9114, si_uid=1001} ---
9114  clone(child_stack=0x328365530000, flags=CLONE_VM|CLONE_FS|CLONE_FILES|CLONE_SIGHAND|CLONE_THREAD|CLONE_SYSVSEM) = 9117
9116  clone(child_stack=0x328365598000, flags=CLONE_VM|CLONE_FS|CLONE_FILES|CLONE_SIGHAND|CLONE_THREAD|CLONE_SYSVSEM) = 9118
9115  tgkill(9114, 9114, SIGURG)        = 0
9114  --- SIGURG {si_signo=SIGURG, si_code=SI_TKILL, si_pid=9114, si_uid=1001} ---
9115  tgkill(9114, 9114, SIGURG)        = 0
9114  --- SIGURG {si_signo=SIGURG, si_code=SI_TKILL, si_pid=9114, si_uid=1001} ---
9115  tgkill(9114, 9114, SIGURG)        = 0
9114  --- SIGURG {si_signo=SIGURG, si_code=SI_TKILL, si_pid=9114, si_uid=1001} ---
9115  tgkill(9114, 9118, SIGURG <unfinished ...>
9118  --- SIGURG {si_signo=SIGURG, si_code=SI_TKILL, si_pid=9114, si_uid=1001} ---
9115  <... tgkill resumed>)             = 0
9115  clone(child_stack=0x328365698000, flags=CLONE_VM|CLONE_FS|CLONE_FILES|CLONE_SIGHAND|CLONE_THREAD|CLONE_SYSVSEM) = 9119
9116  tgkill(9114, 9119, SIGURG)        = 0
9119  --- SIGURG {si_signo=SIGURG, si_code=SI_TKILL, si_pid=9114, si_uid=1001} ---
9116  clone(child_stack=0x3283658e4000, flags=CLONE_VM|CLONE_FS|CLONE_FILES|CLONE_SIGHAND|CLONE_THREAD|CLONE_SYSVSEM) = 9120
9120  tgkill(9114, 9117, SIGURG)        = 0
9117  --- SIGURG {si_signo=SIGURG, si_code=SI_TKILL, si_pid=9114, si_uid=1001} ---
9120  tgkill(9114, 9116, SIGURG)        = 0
9116  --- SIGURG {si_signo=SIGURG, si_code=SI_TKILL, si_pid=9114, si_uid=1001} ---
9120  tgkill(9114, 9114, SIGURG)        = 0
9114  --- SIGURG {si_signo=SIGURG, si_code=SI_TKILL, si_pid=9114, si_uid=1001} ---
9114  tgkill(9114, 9119, SIGURG)        = 0
9119  --- SIGURG {si_signo=SIGURG, si_code=SI_TKILL, si_pid=9114, si_uid=1001} ---
9114  tgkill(9114, 9117, SIGURG)        = 0
9117  --- SIGURG {si_signo=SIGURG, si_code=SI_TKILL, si_pid=9114, si_uid=1001} ---
9120  tgkill(9114, 9114, SIGURG)        = 0
9114  --- SIGURG {si_signo=SIGURG, si_code=SI_TKILL, si_pid=9114, si_uid=1001} ---
9120  tgkill(9114, 9114, SIGURG)        = 0
9114  --- SIGURG {si_signo=SIGURG, si_code=SI_TKILL, si_pid=9114, si_uid=1001} ---
9120  tgkill(9114, 9116, SIGURG)        = 0
9116  --- SIGURG {si_signo=SIGURG, si_code=SI_TKILL, si_pid=9114, si_uid=1001} ---
9120  tgkill(9114, 9118, SIGURG)        = 0
9118  --- SIGURG {si_signo=SIGURG, si_code=SI_TKILL, si_pid=9114, si_uid=1001} ---
9120  tgkill(9114, 9114, SIGURG)        = 0
9114  --- SIGURG {si_signo=SIGURG, si_code=SI_TKILL, si_pid=9114, si_uid=1001} ---
9120  tgkill(9114, 9116, SIGURG)        = 0
9116  --- SIGURG {si_signo=SIGURG, si_code=SI_TKILL, si_pid=9114, si_uid=1001} ---
9120  tgkill(9114, 9119, SIGURG)        = 0
9119  --- SIGURG {si_signo=SIGURG, si_code=SI_TKILL, si_pid=9114, si_uid=1001} ---
9116  tgkill(9114, 9118, SIGURG)        = 0
9118  --- SIGURG {si_signo=SIGURG, si_code=SI_TKILL, si_pid=9114, si_uid=1001} ---
9116  clone(child_stack=0x3283658e0000, flags=CLONE_VM|CLONE_FS|CLONE_FILES|CLONE_SIGHAND|CLONE_THREAD|CLONE_SYSVSEM) = 9121
9121  tgkill(9114, 9114, SIGURG)        = 0
9114  --- SIGURG {si_signo=SIGURG, si_code=SI_TKILL, si_pid=9114, si_uid=1001} ---
9115  tgkill(9114, 9114, SIGURG)        = 0
9114  --- SIGURG {si_signo=SIGURG, si_code=SI_TKILL, si_pid=9114, si_uid=1001} ---
9116  tgkill(9114, 9121, SIGURG <unfinished ...>
9121  --- SIGURG {si_signo=SIGURG, si_code=SI_TKILL, si_pid=9114, si_uid=1001} ---
9116  <... tgkill resumed>)             = 0
9120  tgkill(9114, 9121, SIGURG)        = 0
9121  --- SIGURG {si_signo=SIGURG, si_code=SI_TKILL, si_pid=9114, si_uid=1001} ---
9120  tgkill(9114, 9116, SIGURG)        = 0
9116  --- SIGURG {si_signo=SIGURG, si_code=SI_TKILL, si_pid=9114, si_uid=1001} ---
9120  tgkill(9114, 9116, SIGURG)        = 0
9116  --- SIGURG {si_signo=SIGURG, si_code=SI_TKILL, si_pid=9114, si_uid=1001} ---
9114  tgkill(9114, 9116, SIGURG <unfinished ...>
9116  --- SIGURG {si_signo=SIGURG, si_code=SI_TKILL, si_pid=9114, si_uid=1001} ---
9114  <... tgkill resumed>)             = 0
9114  tgkill(9114, 9119, SIGURG)        = 0
9119  --- SIGURG {si_signo=SIGURG, si_code=SI_TKILL, si_pid=9114, si_uid=1001} ---
9114  tgkill(9114, 9118, SIGURG)        = 0
9118  --- SIGURG {si_signo=SIGURG, si_code=SI_TKILL, si_pid=9114, si_uid=1001} ---
9120  tgkill(9114, 9114, SIGURG)        = 0
9114  --- SIGURG {si_signo=SIGURG, si_code=SI_TKILL, si_pid=9114, si_uid=1001} ---
9120  tgkill(9114, 9116, SIGURG)        = 0
9116  --- SIGURG {si_signo=SIGURG, si_code=SI_TKILL, si_pid=9114, si_uid=1001} ---
9120  tgkill(9114, 9118, SIGURG)        = 0
9118  --- SIGURG {si_signo=SIGURG, si_code=SI_TKILL, si_pid=9114, si_uid=1001} ---
9120  tgkill(9114, 9116, SIGURG)        = 0
9116  --- SIGURG {si_signo=SIGURG, si_code=SI_TKILL, si_pid=9114, si_uid=1001} ---
9118  tgkill(9114, 9114, SIGURG)        = 0
9114  --- SIGURG {si_signo=SIGURG, si_code=SI_TKILL, si_pid=9114, si_uid=1001} ---
9118  tgkill(9114, 9116, SIGURG)        = 0
9116  --- SIGURG {si_signo=SIGURG, si_code=SI_TKILL, si_pid=9114, si_uid=1001} ---
9118  tgkill(9114, 9120, SIGURG)        = 0
9120  --- SIGURG {si_signo=SIGURG, si_code=SI_TKILL, si_pid=9114, si_uid=1001} ---
9118  tgkill(9114, 9119, SIGURG <unfinished ...>
9119  --- SIGURG {si_signo=SIGURG, si_code=SI_TKILL, si_pid=9114, si_uid=1001} ---
9118  <... tgkill resumed>)             = 0
9114  tgkill(9114, 9116, SIGURG)        = 0
9116  --- SIGURG {si_signo=SIGURG, si_code=SI_TKILL, si_pid=9114, si_uid=1001} ---
9114  tgkill(9114, 9120, SIGURG)        = 0
9120  --- SIGURG {si_signo=SIGURG, si_code=SI_TKILL, si_pid=9114, si_uid=1001} ---
9114  tgkill(9114, 9116, SIGURG)        = 0
9116  --- SIGURG {si_signo=SIGURG, si_code=SI_TKILL, si_pid=9114, si_uid=1001} ---
9114  tgkill(9114, 9120, SIGURG)        = 0
9120  --- SIGURG {si_signo=SIGURG, si_code=SI_TKILL, si_pid=9114, si_uid=1001} ---
9120  tgkill(9114, 9116, SIGURG)        = 0
9116  --- SIGURG {si_signo=SIGURG, si_code=SI_TKILL, si_pid=9114, si_uid=1001} ---
9120  tgkill(9114, 9119, SIGURG)        = 0
9119  --- SIGURG {si_signo=SIGURG, si_code=SI_TKILL, si_pid=9114, si_uid=1001} ---
9120  tgkill(9114, 9121, SIGURG)        = 0
9121  --- SIGURG {si_signo=SIGURG, si_code=SI_TKILL, si_pid=9114, si_uid=1001} ---
9120  tgkill(9114, 9119, SIGURG)        = 0
9119  --- SIGURG {si_signo=SIGURG, si_code=SI_TKILL, si_pid=9114, si_uid=1001} ---
9120  tgkill(9114, 9116, SIGURG)        = 0
9116  --- SIGURG {si_signo=SIGURG, si_code=SI_TKILL, si_pid=9114, si_uid=1001} ---
9120  tgkill(9114, 9119, SIGURG)        = 0
9119  --- SIGURG {si_signo=SIGURG, si_code=SI_TKILL, si_pid=9114, si_uid=1001} ---
9120  tgkill(9114, 9121, SIGURG)        = 0
9121  --- SIGURG {si_signo=SIGURG, si_code=SI_TKILL, si_pid=9114, si_uid=1001} ---
9120  tgkill(9114, 9116, SIGURG)        = 0
9116  --- SIGURG {si_signo=SIGURG, si_code=SI_TKILL, si_pid=9114, si_uid=1001} ---
9120  tgkill(9114, 9114, SIGURG)        = 0
9114  --- SIGURG {si_signo=SIGURG, si_code=SI_TKILL, si_pid=9114, si_uid=1001} ---
9120  tgkill(9114, 9118, SIGURG)        = 0
9118  --- SIGURG {si_signo=SIGURG, si_code=SI_TKILL, si_pid=9114, si_uid=1001} ---
9118  tgkill(9114, 9120, SIGURG)        = 0
9120  --- SIGURG {si_signo=SIGURG, si_code=SI_TKILL, si_pid=9114, si_uid=1001} ---
9114  tgkill(9114, 9119, SIGURG)        = 0
9119  --- SIGURG {si_signo=SIGURG, si_code=SI_TKILL, si_pid=9114, si_uid=1001} ---
9114  tgkill(9114, 9118, SIGURG)        = 0
9118  --- SIGURG {si_signo=SIGURG, si_code=SI_TKILL, si_pid=9114, si_uid=1001} ---
9118  tgkill(9114, 9119, SIGURG)        = 0
9119  --- SIGURG {si_signo=SIGURG, si_code=SI_TKILL, si_pid=9114, si_uid=1001} ---
9118  tgkill(9114, 9116, SIGURG)        = 0
9116  --- SIGURG {si_signo=SIGURG, si_code=SI_TKILL, si_pid=9114, si_uid=1001} ---
9119  tgkill(9114, 9114, SIGURG)        = 0
9114  --- SIGURG {si_signo=SIGURG, si_code=SI_TKILL, si_pid=9114, si_uid=1001} ---
9119  tgkill(9114, 9116, SIGURG)        = 0
9116  --- SIGURG {si_signo=SIGURG, si_code=SI_TKILL, si_pid=9114, si_uid=1001} ---
9119  tgkill(9114, 9114, SIGURG)        = 0
9114  --- SIGURG {si_signo=SIGURG, si_code=SI_TKILL, si_pid=9114, si_uid=1001} ---
9119  tgkill(9114, 9121, SIGURG)        = 0
9121  --- SIGURG {si_signo=SIGURG, si_code=SI_TKILL, si_pid=9114, si_uid=1001} ---
9119  tgkill(9114, 9116, SIGURG)        = 0
9116  --- SIGURG {si_signo=SIGURG, si_code=SI_TKILL, si_pid=9114, si_uid=1001} ---
9115  tgkill(9114, 9121, SIGURG)        = 0
9121  --- SIGURG {si_signo=SIGURG, si_code=SI_TKILL, si_pid=9114, si_uid=1001} ---
9115  tgkill(9114, 9119, SIGURG)        = 0
9119  --- SIGURG {si_signo=SIGURG, si_code=SI_TKILL, si_pid=9114, si_uid=1001} ---
9119  tgkill(9114, 9121, SIGURG)        = 0
9121  --- SIGURG {si_signo=SIGURG, si_code=SI_TKILL, si_pid=9114, si_uid=1001} ---
9116  tgkill(9114, 9121, SIGURG)        = 0
9121  --- SIGURG {si_signo=SIGURG, si_code=SI_TKILL, si_pid=9114, si_uid=1001} ---
9116  tgkill(9114, 9114, SIGURG)        = 0
9114  --- SIGURG {si_signo=SIGURG, si_code=SI_TKILL, si_pid=9114, si_uid=1001} ---
9115  tgkill(9114, 9118, SIGURG <unfinished ...>
9118  --- SIGURG {si_signo=SIGURG, si_code=SI_TKILL, si_pid=9114, si_uid=1001} ---
9115  <... tgkill resumed>)             = 0
9115  tgkill(9114, 9121, SIGURG)        = 0
9121  --- SIGURG {si_signo=SIGURG, si_code=SI_TKILL, si_pid=9114, si_uid=1001} ---
9115  tgkill(9114, 9119, SIGURG)        = 0
9119  --- SIGURG {si_signo=SIGURG, si_code=SI_TKILL, si_pid=9114, si_uid=1001} ---
9115  tgkill(9114, 9119, SIGURG <unfinished ...>
9119  --- SIGURG {si_signo=SIGURG, si_code=SI_TKILL, si_pid=9114, si_uid=1001} ---
9115  <... tgkill resumed>)             = 0
9115  tgkill(9114, 9118, SIGURG)        = 0
9118  --- SIGURG {si_signo=SIGURG, si_code=SI_TKILL, si_pid=9114, si_uid=1001} ---
9115  tgkill(9114, 9119, SIGURG <unfinished ...>
9119  --- SIGURG {si_signo=SIGURG, si_code=SI_TKILL, si_pid=9114, si_uid=1001} ---
9115  <... tgkill resumed>)             = 0
9118  tgkill(9114, 9119, SIGURG)        = 0
9119  --- SIGURG {si_signo=SIGURG, si_code=SI_TKILL, si_pid=9114, si_uid=1001} ---
9118  tgkill(9114, 9119, SIGURG)        = 0
9119  --- SIGURG {si_signo=SIGURG, si_code=SI_TKILL, si_pid=9114, si_uid=1001} ---
9114  tgkill(9114, 9119, SIGURG)        = 0
9119  --- SIGURG {si_signo=SIGURG, si_code=SI_TKILL, si_pid=9114, si_uid=1001} ---
9114  tgkill(9114, 9118, SIGURG)        = 0
9118  --- SIGURG {si_signo=SIGURG, si_code=SI_TKILL, si_pid=9114, si_uid=1001} ---
9118  tgkill(9114, 9114, SIGURG)        = 0
9114  --- SIGURG {si_signo=SIGURG, si_code=SI_TKILL, si_pid=9114, si_uid=1001} ---
9118  tgkill(9114, 9116, SIGURG)        = 0
9116  --- SIGURG {si_signo=SIGURG, si_code=SI_TKILL, si_pid=9114, si_uid=1001} ---
9118  tgkill(9114, 9114, SIGURG)        = 0
9114  --- SIGURG {si_signo=SIGURG, si_code=SI_TKILL, si_pid=9114, si_uid=1001} ---
9118  tgkill(9114, 9119, SIGURG)        = 0
9119  --- SIGURG {si_signo=SIGURG, si_code=SI_TKILL, si_pid=9114, si_uid=1001} ---
9118  tgkill(9114, 9116, SIGURG)        = 0
9116  --- SIGURG {si_signo=SIGURG, si_code=SI_TKILL, si_pid=9114, si_uid=1001} ---
9118  tgkill(9114, 9121, SIGURG)        = 0
9121  --- SIGURG {si_signo=SIGURG, si_code=SI_TKILL, si_pid=9114, si_uid=1001} ---
9118  tgkill(9114, 9119, SIGURG)        = 0
9119  --- SIGURG {si_signo=SIGURG, si_code=SI_TKILL, si_pid=9114, si_uid=1001} ---
9118  tgkill(9114, 9116, SIGURG)        = 0
9116  --- SIGURG {si_signo=SIGURG, si_code=SI_TKILL, si_pid=9114, si_uid=1001} ---
9118  tgkill(9114, 9119, SIGURG)        = 0
9119  --- SIGURG {si_signo=SIGURG, si_code=SI_TKILL, si_pid=9114, si_uid=1001} ---
9114  tgkill(9114, 9118, SIGURG)        = 0
9118  --- SIGURG {si_signo=SIGURG, si_code=SI_TKILL, si_pid=9114, si_uid=1001} ---
9114  tgkill(9114, 9119, SIGURG)        = 0
9119  --- SIGURG {si_signo=SIGURG, si_code=SI_TKILL, si_pid=9114, si_uid=1001} ---
9119  tgkill(9114, 9114, SIGURG)        = 0
9114  --- SIGURG {si_signo=SIGURG, si_code=SI_TKILL, si_pid=9114, si_uid=1001} ---
9119  tgkill(9114, 9114, SIGURG)        = 0
9114  --- SIGURG {si_signo=SIGURG, si_code=SI_TKILL, si_pid=9114, si_uid=1001} ---
9119  tgkill(9114, 9114, SIGURG)        = 0
9114  --- SIGURG {si_signo=SIGURG, si_code=SI_TKILL, si_pid=9114, si_uid=1001} ---
9114  tgkill(9114, 9119, SIGURG)        = 0
9119  --- SIGURG {si_signo=SIGURG, si_code=SI_TKILL, si_pid=9114, si_uid=1001} ---
9119  tgkill(9114, 9121, SIGURG)        = 0
9121  --- SIGURG {si_signo=SIGURG, si_code=SI_TKILL, si_pid=9114, si_uid=1001} ---
9119  tgkill(9114, 9118, SIGURG)        = 0
9118  --- SIGURG {si_signo=SIGURG, si_code=SI_TKILL, si_pid=9114, si_uid=1001} ---
9119  tgkill(9114, 9114, SIGURG)        = 0
9114  --- SIGURG {si_signo=SIGURG, si_code=SI_TKILL, si_pid=9114, si_uid=1001} ---
9119  tgkill(9114, 9118, SIGURG)        = 0
9118  --- SIGURG {si_signo=SIGURG, si_code=SI_TKILL, si_pid=9114, si_uid=1001} ---
9119  waitid(P_PIDFD, 12, 0x3283656691c8, WEXITED, NULL) = -1 ECHILD (No child processes)
9119  pidfd_send_signal(12, 0, NULL, 0) = 0
9119  clone(child_stack=NULL, flags=CLONE_VM|CLONE_PIDFD|CLONE_VFORK <unfinished ...>
9122  exit_group(0)                     = ?
9119  <... clone resumed>, parent_tid=[13]) = 9122
9122  +++ exited with 0 +++
9119  waitid(P_PIDFD, 13, {si_signo=SIGCHLD, si_code=CLD_EXITED, si_pid=9122, si_uid=1001, si_status=0, si_utime=0, si_stime=0}, WEXITED|__WCLONE, NULL) = 0
9119  clone(child_stack=NULL, flags=CLONE_VM|CLONE_PIDFD|CLONE_VFORK|SIGCHLD <unfinished ...>
9123  execve("/opt/hostedtoolcache/go/1.27.0/arm64/pkg/tool/linux_arm64/compile", ["/opt/hostedtoolcache/go/1.27.0/a"..., "-V=full"], 0x3283656ff208 /* 139 vars */ <unfinished ...>
9119  <... clone resumed>, parent_tid=[14]) = 9123
9123  <... execve resumed>)             = 0
9119  waitid(P_PIDFD, 14,  <unfinished ...>
9123  clone(child_stack=0x195dd34cc000, flags=CLONE_VM|CLONE_FS|CLONE_FILES|CLONE_SIGHAND|CLONE_THREAD|CLONE_SYSVSEM) = 9124
9124  tgkill(9123, 9123, SIGURG)        = 0
9123  --- SIGURG {si_signo=SIGURG, si_code=SI_TKILL, si_pid=9123, si_uid=1001} ---
9124  tgkill(9123, 9123, SIGURG)        = 0
9123  --- SIGURG {si_signo=SIGURG, si_code=SI_TKILL, si_pid=9123, si_uid=1001} ---
9123  clone(child_stack=0x195dd3508000, flags=CLONE_VM|CLONE_FS|CLONE_FILES|CLONE_SIGHAND|CLONE_THREAD|CLONE_SYSVSEM) = 9125
9123  clone(child_stack=0x195dd3504000, flags=CLONE_VM|CLONE_FS|CLONE_FILES|CLONE_SIGHAND|CLONE_THREAD|CLONE_SYSVSEM) = 9126
9125  clone(child_stack=0x195dd3528000, flags=CLONE_VM|CLONE_FS|CLONE_FILES|CLONE_SIGHAND|CLONE_THREAD|CLONE_SYSVSEM) = 9127
9124  tgkill(9123, 9123, SIGURG)        = 0
9123  --- SIGURG {si_signo=SIGURG, si_code=SI_TKILL, si_pid=9123, si_uid=1001} ---
9123  exit_group(0)                     = ?
9125  +++ exited with 0 +++
9126  +++ exited with 0 +++
9124  +++ exited with 0 +++
9127  +++ exited with 0 +++
9123  +++ exited with 0 +++
9117  --- SIGCHLD {si_signo=SIGCHLD, si_code=CLD_EXITED, si_pid=9123, si_uid=1001, si_status=0, si_utime=0, si_stime=0} ---
9119  <... waitid resumed>{si_signo=SIGCHLD, si_code=CLD_EXITED, si_pid=9123, si_uid=1001, si_status=0, si_utime=0, si_stime=0}, WEXITED, {ru_utime={tv_sec=0, tv_usec=1037}, ru_stime={tv_sec=0, tv_usec=8296}, ...}) = 0
9118  clone(child_stack=NULL, flags=CLONE_VM|CLONE_PIDFD|CLONE_VFORK|SIGCHLD <unfinished ...>
9117  tgkill(9114, 9118, SIGURG)        = 0
9117  tgkill(9114, 9119, SIGURG)        = 0
9119  --- SIGURG {si_signo=SIGURG, si_code=SI_TKILL, si_pid=9114, si_uid=1001} ---
9117  tgkill(9114, 9121, SIGURG)        = 0
9121  --- SIGURG {si_signo=SIGURG, si_code=SI_TKILL, si_pid=9114, si_uid=1001} ---
9128  execve("/opt/hostedtoolcache/go/1.27.0/arm64/pkg/tool/linux_arm64/asm", ["/opt/hostedtoolcache/go/1.27.0/a"..., "-V=full"], 0x328365748008 /* 139 vars */ <unfinished ...>
9118  <... clone resumed>, parent_tid=[12]) = 9128
9118  --- SIGURG {si_signo=SIGURG, si_code=SI_TKILL, si_pid=9114, si_uid=1001} ---
9128  <... execve resumed>)             = 0
9118  waitid(P_PIDFD, 12,  <unfinished ...>
9114  tgkill(9114, 9119, SIGURG <unfinished ...>
9121  clone(child_stack=NULL, flags=CLONE_VM|CLONE_PIDFD|CLONE_VFORK|SIGCHLD <unfinished ...>
9114  <... tgkill resumed>)             = 0
9119  --- SIGURG {si_signo=SIGURG, si_code=SI_TKILL, si_pid=9114, si_uid=1001} ---
9114  tgkill(9114, 9121, SIGURG)        = 0
9114  tgkill(9114, 9117, SIGURG)        = 0
9117  --- SIGURG {si_signo=SIGURG, si_code=SI_TKILL, si_pid=9114, si_uid=1001} ---
9114  tgkill(9114, 9119, SIGURG)        = 0
9119  --- SIGURG {si_signo=SIGURG, si_code=SI_TKILL, si_pid=9114, si_uid=1001} ---
9119  clone(child_stack=NULL, flags=CLONE_VM|CLONE_PIDFD|CLONE_VFORK|SIGCHLD <unfinished ...>
9114  tgkill(9114, 9119, SIGURG)        = 0
9117  clone(child_stack=NULL, flags=CLONE_VM|CLONE_PIDFD|CLONE_VFORK|SIGCHLD <unfinished ...>
9114  tgkill(9114, 9117, SIGURG)        = 0
9129  execve("/opt/hostedtoolcache/go/1.27.0/arm64/pkg/tool/linux_arm64/compile", ["/opt/hostedtoolcache/go/1.27.0/a"..., "-o", "/tmp/go-build4085347996/b012/_pk"..., "-trimpath", "/tmp/go-build4085347996/b012=>", "-p", "internal/byteorder", "-lang=go1.27", "-std", "-complete", "-buildid", "Q_t7NcJgPQWAgtg1_-bz/Q_t7NcJgPQW"..., "-goversion", "go1.27.0", "-c=4", "-nolocalimports", "-importcfg", "/tmp/go-build4085347996/b012/imp"..., "-pack", "/opt/hostedtoolcache/go/1.27.0/a"...], 0x3283654cb208 /* 140 vars */ <unfinished ...>
9121  <... clone resumed>, parent_tid=[19]) = 9129
9129  <... execve resumed>)             = 0
9121  --- SIGURG {si_signo=SIGURG, si_code=SI_TKILL, si_pid=9114, si_uid=1001} ---
9131  execve("/opt/hostedtoolcache/go/1.27.0/arm64/pkg/tool/linux_arm64/compile", ["/opt/hostedtoolcache/go/1.27.0/a"..., "-o", "/tmp/go-build4085347996/b006/_pk"..., "-trimpath", "/tmp/go-build4085347996/b006=>", "-p", "internal/goarch", "-lang=go1.27", "-std", "-complete", "-buildid", "JZ-e4VmH0x5g7AsedM47/JZ-e4VmH0x5"..., "-goversion", "go1.27.0", "-c=4", "-nolocalimports", "-importcfg", "/tmp/go-build4085347996/b006/imp"..., "-pack", "/opt/hostedtoolcache/go/1.27.0/a"..., "/opt/hostedtoolcache/go/1.27.0/a"..., "/opt/hostedtoolcache/go/1.27.0/a"...], 0x328365a0a488 /* 140 vars */ <unfinished ...>
9130  execve("/opt/hostedtoolcache/go/1.27.0/arm64/pkg/tool/linux_arm64/compile", ["/opt/hostedtoolcache/go/1.27.0/a"..., "-o", "/tmp/go-build4085347996/b008/_pk"..., "-trimpath", "/tmp/go-build4085347996/b008=>", "-p", "internal/unsafeheader", "-lang=go1.27", "-std", "-complete", "-buildid", "WrJZ74nSHq-5UnI1-5s6/WrJZ74nSHq-"..., "-goversion", "go1.27.0", "-c=4", "-nolocalimports", "-importcfg", "/tmp/go-build4085347996/b008/imp"..., "-pack", "/opt/hostedtoolcache/go/1.27.0/a"...], 0x3283656ff688 /* 140 vars */ <unfinished ...>
9117  <... clone resumed>, parent_tid=[27]) = 9131
9131  <... execve resumed>)             = 0
9119  <... clone resumed>, parent_tid=[26]) = 9130
9130  <... execve resumed>)             = 0
9119  --- SIGURG {si_signo=SIGURG, si_code=SI_TKILL, si_pid=9114, si_uid=1001} ---
9117  --- SIGURG {si_signo=SIGURG, si_code=SI_TKILL, si_pid=9114, si_uid=1001} ---
9114  tgkill(9114, 9121, SIGURG)        = 0
9121  --- SIGURG {si_signo=SIGURG, si_code=SI_TKILL, si_pid=9114, si_uid=1001} ---
9114  tgkill(9114, 9117, SIGURG)        = 0
9117  --- SIGURG {si_signo=SIGURG, si_code=SI_TKILL, si_pid=9114, si_uid=1001} ---
9121  waitid(P_PIDFD, 19,  <unfinished ...>
9114  tgkill(9114, 9119, SIGURG)        = 0
9119  --- SIGURG {si_signo=SIGURG, si_code=SI_TKILL, si_pid=9114, si_uid=1001} ---
9114  tgkill(9114, 9117, SIGURG)        = 0
9117  --- SIGURG {si_signo=SIGURG, si_code=SI_TKILL, si_pid=9114, si_uid=1001} ---
9114  tgkill(9114, 9119, SIGURG)        = 0
9119  --- SIGURG {si_signo=SIGURG, si_code=SI_TKILL, si_pid=9114, si_uid=1001} ---
9116  waitid(P_PIDFD, 27,  <unfinished ...>
9117  waitid(P_PIDFD, 26,  <unfinished ...>
9131  clone(child_stack=0x4c86c0204000, flags=CLONE_VM|CLONE_FS|CLONE_FILES|CLONE_SIGHAND|CLONE_THREAD|CLONE_SYSVSEM) = 9132
9131  clone(child_stack=0x4c86c023c000, flags=CLONE_VM|CLONE_FS|CLONE_FILES|CLONE_SIGHAND|CLONE_THREAD|CLONE_SYSVSEM) = 9133
9131  clone(child_stack=0x4c86c0238000, flags=CLONE_VM|CLONE_FS|CLONE_FILES|CLONE_SIGHAND|CLONE_THREAD|CLONE_SYSVSEM) = 9134
9133  clone(child_stack=0x4c86c0298000, flags=CLONE_VM|CLONE_FS|CLONE_FILES|CLONE_SIGHAND|CLONE_THREAD|CLONE_SYSVSEM) = 9135
9130  clone(child_stack=0x6a0d7b322000, flags=CLONE_VM|CLONE_FS|CLONE_FILES|CLONE_SIGHAND|CLONE_THREAD|CLONE_SYSVSEM) = 9136
9129  clone(child_stack=0x4bc352b34000, flags=CLONE_VM|CLONE_FS|CLONE_FILES|CLONE_SIGHAND|CLONE_THREAD|CLONE_SYSVSEM) = 9137
9130  clone(child_stack=0x6a0d7b35a000, flags=CLONE_VM|CLONE_FS|CLONE_FILES|CLONE_SIGHAND|CLONE_THREAD|CLONE_SYSVSEM) = 9138
9136  tgkill(9130, 9130, SIGURG <unfinished ...>
9129  clone(child_stack=0x4bc352b6c000, flags=CLONE_VM|CLONE_FS|CLONE_FILES|CLONE_SIGHAND|CLONE_THREAD|CLONE_SYSVSEM <unfinished ...>
9136  <... tgkill resumed>)             = 0
9130  clone(child_stack=0x6a0d7b356000, flags=CLONE_VM|CLONE_FS|CLONE_FILES|CLONE_SIGHAND|CLONE_THREAD|CLONE_SYSVSEM <unfinished ...>
9129  <... clone resumed>)              = 9139
9130  <... clone resumed>)              = 9140
9137  tgkill(9129, 9129, SIGURG)        = 0
9130  --- SIGURG {si_signo=SIGURG, si_code=SI_TKILL, si_pid=9130, si_uid=1001} ---
9129  clone(child_stack=0x4bc352b68000, flags=CLONE_VM|CLONE_FS|CLONE_FILES|CLONE_SIGHAND|CLONE_THREAD|CLONE_SYSVSEM) = 9141
9129  --- SIGURG {si_signo=SIGURG, si_code=SI_TKILL, si_pid=9129, si_uid=1001} ---
9138  clone(child_stack=0x6a0d7b398000, flags=CLONE_VM|CLONE_FS|CLONE_FILES|CLONE_SIGHAND|CLONE_THREAD|CLONE_SYSVSEM <unfinished ...>
9139  clone(child_stack=0x4bc352b98000, flags=CLONE_VM|CLONE_FS|CLONE_FILES|CLONE_SIGHAND|CLONE_THREAD|CLONE_SYSVSEM <unfinished ...>
9138  <... clone resumed>)              = 9142
9139  <... clone resumed>)              = 9143
9143  clone(child_stack=0x4bc352b94000, flags=CLONE_VM|CLONE_FS|CLONE_FILES|CLONE_SIGHAND|CLONE_THREAD|CLONE_SYSVSEM) = 9144
9128  clone(child_stack=0x61bccafe4000, flags=CLONE_VM|CLONE_FS|CLONE_FILES|CLONE_SIGHAND|CLONE_THREAD|CLONE_SYSVSEM) = 9145
9128  clone(child_stack=0x61bccb01a000, flags=CLONE_VM|CLONE_FS|CLONE_FILES|CLONE_SIGHAND|CLONE_THREAD|CLONE_SYSVSEM <unfinished ...>
9145  tgkill(9128, 9128, SIGURG)        = 0
9128  <... clone resumed>)              = 9146
9128  --- SIGURG {si_signo=SIGURG, si_code=SI_TKILL, si_pid=9128, si_uid=1001} ---
9128  clone(child_stack=0x61bccb016000, flags=CLONE_VM|CLONE_FS|CLONE_FILES|CLONE_SIGHAND|CLONE_THREAD|CLONE_SYSVSEM) = 9147
9146  clone(child_stack=0x61bccb098000, flags=CLONE_VM|CLONE_FS|CLONE_FILES|CLONE_SIGHAND|CLONE_THREAD|CLONE_SYSVSEM) = 9148
9136  tgkill(9130, 9130, SIGURG)        = 0
9130  --- SIGURG {si_signo=SIGURG, si_code=SI_TKILL, si_pid=9130, si_uid=1001} ---
9137  tgkill(9129, 9129, SIGURG)        = 0
9129  --- SIGURG {si_signo=SIGURG, si_code=SI_TKILL, si_pid=9129, si_uid=1001} ---
9128  exit_group(0)                     = ?
9148  +++ exited with 0 +++
9147  +++ exited with 0 +++
9145  +++ exited with 0 +++
9132  tgkill(9131, 9135, SIGURG)        = 0
9146  +++ exited with 0 +++
9128  +++ exited with 0 +++
9135  --- SIGURG {si_signo=SIGURG, si_code=SI_TKILL, si_pid=9131, si_uid=1001} ---
9119  --- SIGCHLD {si_signo=SIGCHLD, si_code=CLD_EXITED, si_pid=9128, si_uid=1001, si_status=0, si_utime=0, si_stime=0} ---
9118  <... waitid resumed>{si_signo=SIGCHLD, si_code=CLD_EXITED, si_pid=9128, si_uid=1001, si_status=0, si_utime=0, si_stime=0}, WEXITED, {ru_utime={tv_sec=0, tv_usec=1092}, ru_stime={tv_sec=0, tv_usec=6555}, ...}) = 0
9131  exit_group(0)                     = ?
9135  +++ exited with 0 +++
9133  +++ exited with 0 +++
9134  +++ exited with 0 +++
9132  +++ exited with 0 +++
9142  exit_group(0)                     = ?
9140  +++ exited with 0 +++
9138  +++ exited with 0 +++
9136  +++ exited with 0 +++
9131  +++ exited with 0 +++
9120  --- SIGCHLD {si_signo=SIGCHLD, si_code=CLD_EXITED, si_pid=9131, si_uid=1001, si_status=0, si_utime=0, si_stime=0} ---
9117  <... waitid resumed>0x328365664fb8, WEXITED, 0x328365710120) = ? ERESTARTSYS (To be restarted if SA_RESTART is set)
9116  <... waitid resumed>{si_signo=SIGCHLD, si_code=CLD_EXITED, si_pid=9131, si_uid=1001, si_status=0, si_utime=0, si_stime=0}, WEXITED, {ru_utime={tv_sec=0, tv_usec=2414}, ru_stime={tv_sec=0, tv_usec=10865}, ...}) = 0
9117  waitid(P_PIDFD, 26,  <unfinished ...>
9142  +++ exited with 0 +++
9130  +++ exited with 0 +++
9117  <... waitid resumed>{si_signo=SIGCHLD, si_code=CLD_EXITED, si_pid=9130, si_uid=1001, si_status=0, si_utime=0, si_stime=0}, WEXITED, {ru_utime={tv_sec=0, tv_usec=5395}, ru_stime={tv_sec=0, tv_usec=6475}, ...}) = 0
9119  --- SIGCHLD {si_signo=SIGCHLD, si_code=CLD_EXITED, si_pid=9130, si_uid=1001, si_status=0, si_utime=0, si_stime=0} ---
9118  clone(child_stack=NULL, flags=CLONE_VM|CLONE_PIDFD|CLONE_VFORK|SIGCHLD <unfinished ...>
9149  execve("/opt/hostedtoolcache/go/1.27.0/arm64/pkg/tool/linux_arm64/asm", ["/opt/hostedtoolcache/go/1.27.0/a"..., "-p", "internal/cpu", "-trimpath", "/tmp/go-build4085347996/b011=>", "-I", "/tmp/go-build4085347996/b011/", "-I", "/opt/hostedtoolcache/go/1.27.0/a"..., "-D", "GOOS_linux", "-D", "GOARCH_arm64", "-std", "-gensymabis", "-o", "/tmp/go-build4085347996/b011/sym"..., "/opt/hostedtoolcache/go/1.27.0/a"..., "/opt/hostedtoolcache/go/1.27.0/a"...], 0x3283654cb688 /* 140 vars */ <unfinished ...>
9118  <... clone resumed>, parent_tid=[16]) = 9149
9149  <... execve resumed>)             = 0
9118  waitid(P_PIDFD, 16,  <unfinished ...>
9116  clone(child_stack=NULL, flags=CLONE_VM|CLONE_PIDFD|CLONE_VFORK|SIGCHLD <unfinished ...>
9150  execve("/opt/hostedtoolcache/go/1.27.0/arm64/pkg/tool/linux_arm64/compile", ["/opt/hostedtoolcache/go/1.27.0/a"..., "-o", "/tmp/go-build4085347996/b014/_pk"..., "-trimpath", "/tmp/go-build4085347996/b014=>", "-p", "internal/coverage/rtcov", "-lang=go1.27", "-std", "-complete", "-buildid", "47O9QmEu_j9iqi2dbWOi/47O9QmEu_j9"..., "-goversion", "go1.27.0", "-c=4", "-nolocalimports", "-importcfg", "/tmp/go-build4085347996/b014/imp"..., "-pack", "/opt/hostedtoolcache/go/1.27.0/a"...], 0x3283656fe008 /* 140 vars */ <unfinished ...>
9116  <... clone resumed>, parent_tid=[15]) = 9150
9150  <... execve resumed>)             = 0
9116  waitid(P_PIDFD, 15,  <unfinished ...>
9143  exit_group(0)                     = ?
9137  +++ exited with 0 +++
9141  +++ exited with 0 +++
9144  +++ exited with 0 +++
9143  +++ exited with 0 +++
9139  +++ exited with 0 +++
9129  +++ exited with 0 +++
9121  <... waitid resumed>{si_signo=SIGCHLD, si_code=CLD_EXITED, si_pid=9129, si_uid=1001, si_status=0, si_utime=0, si_stime=0}, WEXITED, {ru_utime={tv_sec=0, tv_usec=18103}, ru_stime={tv_sec=0, tv_usec=6389}, ...}) = 0
9120  --- SIGCHLD {si_signo=SIGCHLD, si_code=CLD_EXITED, si_pid=9129, si_uid=1001, si_status=0, si_utime=1 /* 0.01 s */, si_stime=0} ---
9121  clone(child_stack=NULL, flags=CLONE_VM|CLONE_PIDFD|CLONE_VFORK|SIGCHLD <unfinished ...>
9149  clone(child_stack=0x3da37567c000, flags=CLONE_VM|CLONE_FS|CLONE_FILES|CLONE_SIGHAND|CLONE_THREAD|CLONE_SYSVSEM) = 9152
9149  clone(child_stack=0x3da3756b4000, flags=CLONE_VM|CLONE_FS|CLONE_FILES|CLONE_SIGHAND|CLONE_THREAD|CLONE_SYSVSEM) = 9153
9152  tgkill(9149, 9149, SIGURG)        = 0
9149  clone(child_stack=0x3da3756b0000, flags=CLONE_VM|CLONE_FS|CLONE_FILES|CLONE_SIGHAND|CLONE_THREAD|CLONE_SYSVSEM) = 9154
9153  clone(child_stack=0x3da375718000, flags=CLONE_VM|CLONE_FS|CLONE_FILES|CLONE_SIGHAND|CLONE_THREAD|CLONE_SYSVSEM <unfinished ...>
9149  --- SIGURG {si_signo=SIGURG, si_code=SI_TKILL, si_pid=9149, si_uid=1001} ---
9153  <... clone resumed>)              = 9155
9151  execve("/opt/hostedtoolcache/go/1.27.0/arm64/pkg/tool/linux_arm64/asm", ["/opt/hostedtoolcache/go/1.27.0/a"..., "-p", "internal/abi", "-trimpath", "/tmp/go-build4085347996/b005=>", "-I", "/tmp/go-build4085347996/b005/", "-I", "/opt/hostedtoolcache/go/1.27.0/a"..., "-D", "GOOS_linux", "-D", "GOARCH_arm64", "-std", "-gensymabis", "-o", "/tmp/go-build4085347996/b005/sym"..., "/opt/hostedtoolcache/go/1.27.0/a"..., "/opt/hostedtoolcache/go/1.27.0/a"...], 0x328365a0a908 /* 140 vars */ <unfinished ...>
9121  <... clone resumed>, parent_tid=[17]) = 9151
9151  <... execve resumed>)             = 0
9121  waitid(P_PIDFD, 17,  <unfinished ...>
9150  clone(child_stack=0x6cf89aba8000, flags=CLONE_VM|CLONE_FS|CLONE_FILES|CLONE_SIGHAND|CLONE_THREAD|CLONE_SYSVSEM) = 9156
9150  clone(child_stack=0x6cf89abe0000, flags=CLONE_VM|CLONE_FS|CLONE_FILES|CLONE_SIGHAND|CLONE_THREAD|CLONE_SYSVSEM) = 9157
9156  tgkill(9150, 9150, SIGURG)        = 0
9150  clone(child_stack=0x6cf89abdc000, flags=CLONE_VM|CLONE_FS|CLONE_FILES|CLONE_SIGHAND|CLONE_THREAD|CLONE_SYSVSEM) = 9158
9150  --- SIGURG {si_signo=SIGURG, si_code=SI_TKILL, si_pid=9150, si_uid=1001} ---
9157  clone(child_stack=0x6cf89ac18000, flags=CLONE_VM|CLONE_FS|CLONE_FILES|CLONE_SIGHAND|CLONE_THREAD|CLONE_SYSVSEM) = 9159
9114  tgkill(9114, 9117, SIGURG <unfinished ...>
9117  --- SIGURG {si_signo=SIGURG, si_code=SI_TKILL, si_pid=9114, si_uid=1001} ---
9114  <... tgkill resumed>)             = 0
9149  exit_group(0)                     = ?
9114  tgkill(9114, 9117, SIGURG <unfinished ...>
9155  +++ exited with 0 +++
9154  +++ exited with 0 +++
9152  +++ exited with 0 +++
9153  +++ exited with 0 +++
9114  <... tgkill resumed>)             = 0
9149  +++ exited with 0 +++
9114  --- SIGCHLD {si_signo=SIGCHLD, si_code=CLD_EXITED, si_pid=9149, si_uid=1001, si_status=0, si_utime=0, si_stime=0} ---
9117  --- SIGURG {si_signo=SIGURG, si_code=SI_TKILL, si_pid=9114, si_uid=1001} ---
9118  <... waitid resumed>{si_signo=SIGCHLD, si_code=CLD_EXITED, si_pid=9149, si_uid=1001, si_status=0, si_utime=0, si_stime=0}, WEXITED, {ru_utime={tv_sec=0, tv_usec=1669}, ru_stime={tv_sec=0, tv_usec=5009}, ...}) = 0
9117  clone(child_stack=NULL, flags=CLONE_VM|CLONE_PIDFD|CLONE_VFORK|SIGCHLD <unfinished ...>
9119  tgkill(9114, 9117, SIGURG)        = 0
9119  tgkill(9114, 9120, SIGURG)        = 0
9120  --- SIGURG {si_signo=SIGURG, si_code=SI_TKILL, si_pid=9114, si_uid=1001} ---
9119  tgkill(9114, 9114, SIGURG)        = 0
9114  --- SIGURG {si_signo=SIGURG, si_code=SI_TKILL, si_pid=9114, si_uid=1001} ---
9151  clone(child_stack=0x45fdd9dea000, flags=CLONE_VM|CLONE_FS|CLONE_FILES|CLONE_SIGHAND|CLONE_THREAD|CLONE_SYSVSEM <unfinished ...>
9160  execve("/opt/hostedtoolcache/go/1.27.0/arm64/pkg/tool/linux_arm64/compile", ["/opt/hostedtoolcache/go/1.27.0/a"..., "-o", "/tmp/go-build4085347996/b015/_pk"..., "-trimpath", "/tmp/go-build4085347996/b015=>", "-p", "internal/godebugs", "-lang=go1.27", "-std", "-complete", "-buildid", "L3n_n0Y9n7xGzmoyRJNG/L3n_n0Y9n7x"..., "-goversion", "go1.27.0", "-c=4", "-nolocalimports", "-importcfg", "/tmp/go-build4085347996/b015/imp"..., "-pack", "/opt/hostedtoolcache/go/1.27.0/a"...], 0x32836574e008 /* 140 vars */ <unfinished ...>
9151  <... clone resumed>)              = 9161
9119  tgkill(9114, 9120, SIGURG <unfinished ...>
9117  <... clone resumed>, parent_tid=[16]) = 9160
9120  --- SIGURG {si_signo=SIGURG, si_code=SI_TKILL, si_pid=9114, si_uid=1001} ---
9119  <... tgkill resumed>)             = 0
9160  <... execve resumed>)             = 0
9117  --- SIGURG {si_signo=SIGURG, si_code=SI_TKILL, si_pid=9114, si_uid=1001} ---
9151  clone(child_stack=0x45fdd9e22000, flags=CLONE_VM|CLONE_FS|CLONE_FILES|CLONE_SIGHAND|CLONE_THREAD|CLONE_SYSVSEM) = 9162
9117  waitid(P_PIDFD, 16,  <unfinished ...>
9151  clone(child_stack=0x45fdd9e1e000, flags=CLONE_VM|CLONE_FS|CLONE_FILES|CLONE_SIGHAND|CLONE_THREAD|CLONE_SYSVSEM) = 9163
9162  clone(child_stack=0x45fdd9e98000, flags=CLONE_VM|CLONE_FS|CLONE_FILES|CLONE_SIGHAND|CLONE_THREAD|CLONE_SYSVSEM) = 9164
9114  clone(child_stack=0x328365594000, flags=CLONE_VM|CLONE_FS|CLONE_FILES|CLONE_SIGHAND|CLONE_THREAD|CLONE_SYSVSEM) = 9165
9120  clone(child_stack=NULL, flags=CLONE_VM|CLONE_PIDFD|CLONE_VFORK|SIGCHLD <unfinished ...>
9166  execve("/opt/hostedtoolcache/go/1.27.0/arm64/pkg/tool/linux_arm64/compile", ["/opt/hostedtoolcache/go/1.27.0/a"..., "-o", "/tmp/go-build4085347996/b011/_pk"..., "-trimpath", "/tmp/go-build4085347996/b011=>", "-p", "internal/cpu", "-lang=go1.27", "-std", "-buildid", "MWxa_COY7_dbImCNGszP/MWxa_COY7_d"..., "-goversion", "go1.27.0", "-symabis", "/tmp/go-build4085347996/b011/sym"..., "-c=4", "-nolocalimports", "-importcfg", "/tmp/go-build4085347996/b011/imp"..., "-pack", "-asmhdr", "/tmp/go-build4085347996/b011/go_"..., "/opt/hostedtoolcache/go/1.27.0/a"..., "/opt/hostedtoolcache/go/1.27.0/a"..., "/opt/hostedtoolcache/go/1.27.0/a"..., "/opt/hostedtoolcache/go/1.27.0/a"..., "/opt/hostedtoolcache/go/1.27.0/a"..., "/opt/hostedtoolcache/go/1.27.0/a"...], 0x3283656fe008 /* 140 vars */ <unfinished ...>
9120  <... clone resumed>, parent_tid=[13]) = 9166
9166  <... execve resumed>)             = 0
9120  waitid(P_PIDFD, 13,  <unfinished ...>
9157  exit_group(0)                     = ?
9159  +++ exited with 0 +++
9157  +++ exited with 0 +++
9158  +++ exited with 0 +++
9156  +++ exited with 0 +++
9151  exit_group(0 <unfinished ...>
9150  +++ exited with 0 +++
9116  <... waitid resumed>{si_signo=SIGCHLD, si_code=CLD_EXITED, si_pid=9150, si_uid=1001, si_status=0, si_utime=0, si_stime=0}, WEXITED, {ru_utime={tv_sec=0, tv_usec=8668}, ru_stime={tv_sec=0, tv_usec=5778}, ...}) = 0
9151  <... exit_group resumed>)         = ?
9118  --- SIGCHLD {si_signo=SIGCHLD, si_code=CLD_EXITED, si_pid=9150, si_uid=1001, si_status=0, si_utime=0, si_stime=0} ---
9164  +++ exited with 0 +++
9163  +++ exited with 0 +++
9161  +++ exited with 0 +++
9162  +++ exited with 0 +++
9151  +++ exited with 0 +++
9121  <... waitid resumed>{si_signo=SIGCHLD, si_code=CLD_EXITED, si_pid=9151, si_uid=1001, si_status=0, si_utime=0, si_stime=0}, WEXITED, {ru_utime={tv_sec=0, tv_usec=1491}, ru_stime={tv_sec=0, tv_usec=4474}, ...}) = 0
9121  --- SIGCHLD {si_signo=SIGCHLD, si_code=CLD_EXITED, si_pid=9151, si_uid=1001, si_status=0, si_utime=0, si_stime=0} ---
9160  clone(child_stack=0x309774ffe000, flags=CLONE_VM|CLONE_FS|CLONE_FILES|CLONE_SIGHAND|CLONE_THREAD|CLONE_SYSVSEM) = 9167
9160  clone(child_stack=0x309775036000, flags=CLONE_VM|CLONE_FS|CLONE_FILES|CLONE_SIGHAND|CLONE_THREAD|CLONE_SYSVSEM) = 9168
9160  clone(child_stack=0x309775032000, flags=CLONE_VM|CLONE_FS|CLONE_FILES|CLONE_SIGHAND|CLONE_THREAD|CLONE_SYSVSEM) = 9169
9168  clone(child_stack=0x309775098000, flags=CLONE_VM|CLONE_FS|CLONE_FILES|CLONE_SIGHAND|CLONE_THREAD|CLONE_SYSVSEM) = 9170
9116  clone(child_stack=NULL, flags=CLONE_VM|CLONE_PIDFD|CLONE_VFORK|SIGCHLD <unfinished ...>
9171  execve("/opt/hostedtoolcache/go/1.27.0/arm64/pkg/tool/linux_arm64/compile", ["/opt/hostedtoolcache/go/1.27.0/a"..., "-o", "/tmp/go-build4085347996/b005/_pk"..., "-trimpath", "/tmp/go-build4085347996/b005=>", "-p", "internal/abi", "-lang=go1.27", "-std", "-buildid", "qFh3qy3NhGFK4Dx1fuvv/qFh3qy3NhGF"..., "-goversion", "go1.27.0", "-symabis", "/tmp/go-build4085347996/b005/sym"..., "-c=4", "-nolocalimports", "-importcfg", "/tmp/go-build4085347996/b005/imp"..., "-pack", "-asmhdr", "/tmp/go-build4085347996/b005/go_"..., "/opt/hostedtoolcache/go/1.27.0/a"..., "/opt/hostedtoolcache/go/1.27.0/a"..., "/opt/hostedtoolcache/go/1.27.0/a"..., "/opt/hostedtoolcache/go/1.27.0/a"..., "/opt/hostedtoolcache/go/1.27.0/a"..., "/opt/hostedtoolcache/go/1.27.0/a"..., "/opt/hostedtoolcache/go/1.27.0/a"..., "/opt/hostedtoolcache/go/1.27.0/a"..., "/opt/hostedtoolcache/go/1.27.0/a"..., "/opt/hostedtoolcache/go/1.27.0/a"..., ...], 0x32836574f208 /* 140 vars */) = 0
9116  <... clone resumed>, parent_tid=[15]) = 9171
9116  waitid(P_PIDFD, 15,  <unfinished ...>
9166  clone(child_stack=0x2d55eaa82000, flags=CLONE_VM|CLONE_FS|CLONE_FILES|CLONE_SIGHAND|CLONE_THREAD|CLONE_SYSVSEM) = 9172
9166  clone(child_stack=0x2d55eaaba000, flags=CLONE_VM|CLONE_FS|CLONE_FILES|CLONE_SIGHAND|CLONE_THREAD|CLONE_SYSVSEM) = 9173
9166  clone(child_stack=0x2d55eaab6000, flags=CLONE_VM|CLONE_FS|CLONE_FILES|CLONE_SIGHAND|CLONE_THREAD|CLONE_SYSVSEM) = 9174
9173  clone(child_stack=0x2d55eab18000, flags=CLONE_VM|CLONE_FS|CLONE_FILES|CLONE_SIGHAND|CLONE_THREAD|CLONE_SYSVSEM) = 9175
9171  clone(child_stack=0x3338dfa68000, flags=CLONE_VM|CLONE_FS|CLONE_FILES|CLONE_SIGHAND|CLONE_THREAD|CLONE_SYSVSEM) = 9176
9171  clone(child_stack=0x3338dfaa0000, flags=CLONE_VM|CLONE_FS|CLONE_FILES|CLONE_SIGHAND|CLONE_THREAD|CLONE_SYSVSEM) = 9177
9171  clone(child_stack=0x3338dfa9c000, flags=CLONE_VM|CLONE_FS|CLONE_FILES|CLONE_SIGHAND|CLONE_THREAD|CLONE_SYSVSEM) = 9178
9172  clone(child_stack=0x2d55eae9c000, flags=CLONE_VM|CLONE_FS|CLONE_FILES|CLONE_SIGHAND|CLONE_THREAD|CLONE_SYSVSEM) = 9179
9115  tgkill(9114, 9118, SIGURG)        = 0
9118  --- SIGURG {si_signo=SIGURG, si_code=SI_TKILL, si_pid=9114, si_uid=1001} ---
9160  exit_group(0)                     = ?
9170  +++ exited with 0 +++
9169  +++ exited with 0 +++
9168  +++ exited with 0 +++
9167  +++ exited with 0 +++
9160  +++ exited with 0 +++
9115  --- SIGCHLD {si_signo=SIGCHLD, si_code=CLD_EXITED, si_pid=9160, si_uid=1001, si_status=0, si_utime=0, si_stime=0} ---
9117  <... waitid resumed>{si_signo=SIGCHLD, si_code=CLD_EXITED, si_pid=9160, si_uid=1001, si_status=0, si_utime=0, si_stime=0}, WEXITED, {ru_utime={tv_sec=0, tv_usec=10582}, ru_stime={tv_sec=0, tv_usec=5291}, ...}) = 0
9118  clone(child_stack=NULL, flags=CLONE_VM|CLONE_PIDFD|CLONE_VFORK|SIGCHLD <unfinished ...>
9178  clone(child_stack=0x3338dfaee000, flags=CLONE_VM|CLONE_FS|CLONE_FILES|CLONE_SIGHAND|CLONE_THREAD|CLONE_SYSVSEM <unfinished ...>
9176  clone(child_stack=0x3338dfe1c000, flags=CLONE_VM|CLONE_FS|CLONE_FILES|CLONE_SIGHAND|CLONE_THREAD|CLONE_SYSVSEM <unfinished ...>
9178  <... clone resumed>)              = 9181
9176  <... clone resumed>)              = 9182
9180  execve("/opt/hostedtoolcache/go/1.27.0/arm64/pkg/tool/linux_arm64/compile", ["/opt/hostedtoolcache/go/1.27.0/a"..., "-o", "/tmp/go-build4085347996/b016/_pk"..., "-trimpath", "/tmp/go-build4085347996/b016=>", "-p", "internal/goexperiment", "-lang=go1.27", "-std", "-complete", "-buildid", "ditnq-oacrxe1kRNA4co/ditnq-oacrx"..., "-goversion", "go1.27.0", "-c=4", "-nolocalimports", "-importcfg", "/tmp/go-build4085347996/b016/imp"..., "-pack", "/opt/hostedtoolcache/go/1.27.0/a"..., "/opt/hostedtoolcache/go/1.27.0/a"..., "/opt/hostedtoolcache/go/1.27.0/a"..., "/opt/hostedtoolcache/go/1.27.0/a"..., "/opt/hostedtoolcache/go/1.27.0/a"..., "/opt/hostedtoolcache/go/1.27.0/a"..., "/opt/hostedtoolcache/go/1.27.0/a"..., "/opt/hostedtoolcache/go/1.27.0/a"..., "/opt/hostedtoolcache/go/1.27.0/a"..., "/opt/hostedtoolcache/go/1.27.0/a"..., "/opt/hostedtoolcache/go/1.27.0/a"..., "/opt/hostedtoolcache/go/1.27.0/a"..., "/opt/hostedtoolcache/go/1.27.0/a"..., ...], 0x3283654cbb08 /* 140 vars */) = 0
9118  <... clone resumed>, parent_tid=[8]) = 9180
9118  waitid(P_PIDFD, 8,  <unfinished ...>
9172  tgkill(9166, 9174, SIGURG)        = 0
9174  --- SIGURG {si_signo=SIGURG, si_code=SI_TKILL, si_pid=9166, si_uid=1001} ---
9180  clone(child_stack=0x6f16c7bcc000, flags=CLONE_VM|CLONE_FS|CLONE_FILES|CLONE_SIGHAND|CLONE_THREAD|CLONE_SYSVSEM) = 9183
9180  clone(child_stack=0x6f16c7c08000, flags=CLONE_VM|CLONE_FS|CLONE_FILES|CLONE_SIGHAND|CLONE_THREAD|CLONE_SYSVSEM) = 9184
9183  tgkill(9180, 9180, SIGURG)        = 0
9180  clone(child_stack=0x6f16c7c04000, flags=CLONE_VM|CLONE_FS|CLONE_FILES|CLONE_SIGHAND|CLONE_THREAD|CLONE_SYSVSEM) = 9185
9180  --- SIGURG {si_signo=SIGURG, si_code=SI_TKILL, si_pid=9180, si_uid=1001} ---
9184  clone(child_stack=0x6f16c7c28000, flags=CLONE_VM|CLONE_FS|CLONE_FILES|CLONE_SIGHAND|CLONE_THREAD|CLONE_SYSVSEM) = 9186
9183  tgkill(9180, 9180, SIGURG)        = 0
9180  --- SIGURG {si_signo=SIGURG, si_code=SI_TKILL, si_pid=9180, si_uid=1001} ---
9183  tgkill(9180, 9180, SIGURG)        = 0
9180  --- SIGURG {si_signo=SIGURG, si_code=SI_TKILL, si_pid=9180, si_uid=1001} ---
9176  tgkill(9171, 9178, SIGURG <unfinished ...>
9117  clone(child_stack=NULL, flags=CLONE_VM|CLONE_PIDFD|CLONE_VFORK|SIGCHLD <unfinished ...>
9183  clone(child_stack=0x6f16c7fba000, flags=CLONE_VM|CLONE_FS|CLONE_FILES|CLONE_SIGHAND|CLONE_THREAD|CLONE_SYSVSEM) = 9188
9174  exit_group(0)                     = ?
9179  +++ exited with 0 +++
9175  +++ exited with 0 +++
9173  +++ exited with 0 +++
9174  +++ exited with 0 +++
9172  +++ exited with 0 +++
9187  execve("/opt/hostedtoolcache/go/1.27.0/arm64/pkg/tool/linux_arm64/compile", ["/opt/hostedtoolcache/go/1.27.0/a"..., "-o", "/tmp/go-build4085347996/b017/_pk"..., "-trimpath", "/tmp/go-build4085347996/b017=>", "-p", "internal/goos", "-lang=go1.27", "-std", "-complete", "-buildid", "dcJxc7frSRM0mDc23OE5/dcJxc7frSRM"..., "-goversion", "go1.27.0", "-c=4", "-nolocalimports", "-importcfg", "/tmp/go-build4085347996/b017/imp"..., "-pack", "/opt/hostedtoolcache/go/1.27.0/a"..., "/opt/hostedtoolcache/go/1.27.0/a"..., "/opt/hostedtoolcache/go/1.27.0/a"...], 0x328365a0a488 /* 140 vars */ <unfinished ...>
9176  <... tgkill resumed>)             = 0
9178  --- SIGURG {si_signo=SIGURG, si_code=SI_TKILL, si_pid=9171, si_uid=1001} ---
9117  <... clone resumed>, parent_tid=[17]) = 9187
9187  <... execve resumed>)             = 0
9166  +++ exited with 0 +++
9120  <... waitid resumed>{si_signo=SIGCHLD, si_code=CLD_EXITED, si_pid=9166, si_uid=1001, si_status=0, si_utime=0, si_stime=0}, WEXITED, {ru_utime={tv_sec=0, tv_usec=17605}, ru_stime={tv_sec=0, tv_usec=9389}, ...}) = 0
9117  --- SIGCHLD {si_signo=SIGCHLD, si_code=CLD_EXITED, si_pid=9166, si_uid=1001, si_status=0, si_utime=1 /* 0.01 s */, si_stime=0} ---
9117  waitid(P_PIDFD, 17,  <unfinished ...>
9121  clone(child_stack=NULL, flags=CLONE_VM|CLONE_PIDFD|CLONE_VFORK|SIGCHLD <unfinished ...>
9189  execve("/opt/hostedtoolcache/go/1.27.0/arm64/pkg/tool/linux_arm64/asm", ["/opt/hostedtoolcache/go/1.27.0/a"..., "-p", "internal/cpu", "-trimpath", "/tmp/go-build4085347996/b011=>", "-I", "/tmp/go-build4085347996/b011/", "-I", "/opt/hostedtoolcache/go/1.27.0/a"..., "-D", "GOOS_linux", "-D", "GOARCH_arm64", "-std", "-o", "/tmp/go-build4085347996/b011/cpu"..., "/opt/hostedtoolcache/go/1.27.0/a"...], 0x3283656fe488 /* 140 vars */ <unfinished ...>
9121  <... clone resumed>, parent_tid=[18]) = 9189
9189  <... execve resumed>)             = 0
9121  waitid(P_PIDFD, 18,  <unfinished ...>
9184  exit_group(0)                     = ?
9186  +++ exited with 0 +++
9188  +++ exited with 0 +++
9185  +++ exited with 0 +++
9183  +++ exited with 0 +++
9187  clone(child_stack=0x3789e695c000, flags=CLONE_VM|CLONE_FS|CLONE_FILES|CLONE_SIGHAND|CLONE_THREAD|CLONE_SYSVSEM) = 9190
9184  +++ exited with 0 +++
9180  +++ exited with 0 +++
9120  --- SIGCHLD {si_signo=SIGCHLD, si_code=CLD_EXITED, si_pid=9180, si_uid=1001, si_status=0, si_utime=0, si_stime=0} ---
9118  <... waitid resumed>{si_signo=SIGCHLD, si_code=CLD_EXITED, si_pid=9180, si_uid=1001, si_status=0, si_utime=0, si_stime=0}, WEXITED, {ru_utime={tv_sec=0, tv_usec=4330}, ru_stime={tv_sec=0, tv_usec=8660}, ...}) = 0
9187  clone(child_stack=0x3789e6998000, flags=CLONE_VM|CLONE_FS|CLONE_FILES|CLONE_SIGHAND|CLONE_THREAD|CLONE_SYSVSEM) = 9191
9187  clone(child_stack=0x3789e6994000, flags=CLONE_VM|CLONE_FS|CLONE_FILES|CLONE_SIGHAND|CLONE_THREAD|CLONE_SYSVSEM) = 9192
9191  clone(child_stack=0x3789e69c0000, flags=CLONE_VM|CLONE_FS|CLONE_FILES|CLONE_SIGHAND|CLONE_THREAD|CLONE_SYSVSEM) = 9193
9165  tgkill(9114, 9120, SIGURG)        = 0
9120  --- SIGURG {si_signo=SIGURG, si_code=SI_TKILL, si_pid=9114, si_uid=1001} ---
9165  tgkill(9114, 9120, SIGURG)        = 0
9120  --- SIGURG {si_signo=SIGURG, si_code=SI_TKILL, si_pid=9114, si_uid=1001} ---
9189  clone(child_stack=0x297517604000, flags=CLONE_VM|CLONE_FS|CLONE_FILES|CLONE_SIGHAND|CLONE_THREAD|CLONE_SYSVSEM) = 9194
9189  clone(child_stack=0x29751763c000, flags=CLONE_VM|CLONE_FS|CLONE_FILES|CLONE_SIGHAND|CLONE_THREAD|CLONE_SYSVSEM) = 9195
9194  tgkill(9189, 9189, SIGURG)        = 0
9189  clone(child_stack=0x297517638000, flags=CLONE_VM|CLONE_FS|CLONE_FILES|CLONE_SIGHAND|CLONE_THREAD|CLONE_SYSVSEM) = 9196
9189  --- SIGURG {si_signo=SIGURG, si_code=SI_TKILL, si_pid=9189, si_uid=1001} ---
9176  tgkill(9171, 9178, SIGURG <unfinished ...>
9178  --- SIGURG {si_signo=SIGURG, si_code=SI_TKILL, si_pid=9171, si_uid=1001} ---
9176  <... tgkill resumed>)             = 0
9119  clone(child_stack=NULL, flags=CLONE_VM|CLONE_PIDFD|CLONE_VFORK|SIGCHLD <unfinished ...>
9195  clone(child_stack=0x297517704000, flags=CLONE_VM|CLONE_FS|CLONE_FILES|CLONE_SIGHAND|CLONE_THREAD|CLONE_SYSVSEM) = 9198
9115  tgkill(9114, 9119, SIGURG)        = 0
9192  exit_group(0 <unfinished ...>
9197  execve("/opt/hostedtoolcache/go/1.27.0/arm64/pkg/tool/linux_arm64/compile", ["/opt/hostedtoolcache/go/1.27.0/a"..., "-o", "/tmp/go-build4085347996/b018/_pk"..., "-trimpath", "/tmp/go-build4085347996/b018=>", "-p", "internal/profilerecord", "-lang=go1.27", "-std", "-complete", "-buildid", "48AYbUNoxCjXOqTOk5OK/48AYbUNoxCj"..., "-goversion", "go1.27.0", "-c=4", "-nolocalimports", "-importcfg", "/tmp/go-build4085347996/b018/imp"..., "-pack", "/opt/hostedtoolcache/go/1.27.0/a"...], 0x3283654cb208 /* 140 vars */ <unfinished ...>
9192  <... exit_group resumed>)         = ?
9193  +++ exited with 0 +++
9191  +++ exited with 0 +++
9192  +++ exited with 0 +++
9197  <... execve resumed>)             = 0
9190  +++ exited with 0 +++
9187  +++ exited with 0 +++
9119  <... clone resumed>, parent_tid=[16]) = 9197
9117  <... waitid resumed>{si_signo=SIGCHLD, si_code=CLD_EXITED, si_pid=9187, si_uid=1001, si_status=0, si_utime=0, si_stime=0}, WEXITED, {ru_utime={tv_sec=0, tv_usec=4331}, ru_stime={tv_sec=0, tv_usec=6497}, ...}) = 0
9118  --- SIGCHLD {si_signo=SIGCHLD, si_code=CLD_EXITED, si_pid=9187, si_uid=1001, si_status=0, si_utime=0, si_stime=0} ---
9119  --- SIGURG {si_signo=SIGURG, si_code=SI_TKILL, si_pid=9114, si_uid=1001} ---
9115  tgkill(9114, 9119, SIGURG)        = 0
9119  --- SIGURG {si_signo=SIGURG, si_code=SI_TKILL, si_pid=9114, si_uid=1001} ---
9119  waitid(P_PIDFD, 16,  <unfinished ...>
9189  exit_group(0)                     = ?
9198  +++ exited with 0 +++
9194  +++ exited with 0 +++
9196  +++ exited with 0 +++
9195  +++ exited with 0 +++
9189  +++ exited with 0 +++
9121  <... waitid resumed>{si_signo=SIGCHLD, si_code=CLD_EXITED, si_pid=9189, si_uid=1001, si_status=0, si_utime=0, si_stime=0}, WEXITED, {ru_utime={tv_sec=0, tv_usec=1014}, ru_stime={tv_sec=0, tv_usec=5073}, ...}) = 0
9115  --- SIGCHLD {si_signo=SIGCHLD, si_code=CLD_EXITED, si_pid=9189, si_uid=1001, si_status=0, si_utime=0, si_stime=0} ---
9117  clone(child_stack=NULL, flags=CLONE_VM|CLONE_PIDFD|CLONE_VFORK|SIGCHLD <unfinished ...>
9199  execve("/opt/hostedtoolcache/go/1.27.0/arm64/pkg/tool/linux_arm64/asm", ["/opt/hostedtoolcache/go/1.27.0/a"..., "-p", "internal/cpu", "-trimpath", "/tmp/go-build4085347996/b011=>", "-I", "/tmp/go-build4085347996/b011/", "-I", "/opt/hostedtoolcache/go/1.27.0/a"..., "-D", "GOOS_linux", "-D", "GOARCH_arm64", "-std", "-o", "/tmp/go-build4085347996/b011/cpu"..., "/opt/hostedtoolcache/go/1.27.0/a"...], 0x328365a0a488 /* 140 vars */ <unfinished ...>
9117  <... clone resumed>, parent_tid=[14]) = 9199
9199  <... execve resumed>)             = 0
9118  clone(child_stack=NULL, flags=CLONE_VM|CLONE_PIDFD|CLONE_VFORK|SIGCHLD <unfinished ...>
9197  clone(child_stack=0x3d43e6cb4000, flags=CLONE_VM|CLONE_FS|CLONE_FILES|CLONE_SIGHAND|CLONE_THREAD|CLONE_SYSVSEM) = 9201
9200  execve("/opt/hostedtoolcache/go/1.27.0/arm64/pkg/tool/linux_arm64/asm", ["/opt/hostedtoolcache/go/1.27.0/a"..., "-p", "internal/runtime/syscall/linux", "-trimpath", "/tmp/go-build4085347996/b021=>", "-I", "/tmp/go-build4085347996/b021/", "-I", "/opt/hostedtoolcache/go/1.27.0/a"..., "-D", "GOOS_linux", "-D", "GOARCH_arm64", "-std", "-gensymabis", "-o", "/tmp/go-build4085347996/b021/sym"..., "/opt/hostedtoolcache/go/1.27.0/a"...], 0x3283656fe008 /* 140 vars */ <unfinished ...>
9201  tgkill(9197, 9197, SIGURG <unfinished ...>
9197  clone(child_stack=0x3d43e6cec000, flags=CLONE_VM|CLONE_FS|CLONE_FILES|CLONE_SIGHAND|CLONE_THREAD|CLONE_SYSVSEM <unfinished ...>
9117  waitid(P_PIDFD, 14,  <unfinished ...>
9201  <... tgkill resumed>)             = 0
9200  <... execve resumed>)             = 0
9197  <... clone resumed>)              = 9202
9118  <... clone resumed>, parent_tid=[13]) = 9200
9197  --- SIGURG {si_signo=SIGURG, si_code=SI_TKILL, si_pid=9197, si_uid=1001} ---
9201  tgkill(9197, 9197, SIGURG)        = 0
9197  clone(child_stack=0x3d43e6ce8000, flags=CLONE_VM|CLONE_FS|CLONE_FILES|CLONE_SIGHAND|CLONE_THREAD|CLONE_SYSVSEM) = 9203
9197  --- SIGURG {si_signo=SIGURG, si_code=SI_TKILL, si_pid=9197, si_uid=1001} ---
9118  waitid(P_PIDFD, 13,  <unfinished ...>
9202  clone(child_stack=0x3d43e6d18000, flags=CLONE_VM|CLONE_FS|CLONE_FILES|CLONE_SIGHAND|CLONE_THREAD|CLONE_SYSVSEM) = 9204
9204  clone(child_stack=0x3d43e6d14000, flags=CLONE_VM|CLONE_FS|CLONE_FILES|CLONE_SIGHAND|CLONE_THREAD|CLONE_SYSVSEM) = 9205
9199  clone(child_stack=0x4eece125e000, flags=CLONE_VM|CLONE_FS|CLONE_FILES|CLONE_SIGHAND|CLONE_THREAD|CLONE_SYSVSEM) = 9206
9199  clone(child_stack=0x4eece1298000, flags=CLONE_VM|CLONE_FS|CLONE_FILES|CLONE_SIGHAND|CLONE_THREAD|CLONE_SYSVSEM) = 9207
9199  clone(child_stack=0x4eece1294000, flags=CLONE_VM|CLONE_FS|CLONE_FILES|CLONE_SIGHAND|CLONE_THREAD|CLONE_SYSVSEM <unfinished ...>
9207  clone(child_stack=0x4eece1318000, flags=CLONE_VM|CLONE_FS|CLONE_FILES|CLONE_SIGHAND|CLONE_THREAD|CLONE_SYSVSEM) = 9209
9199  <... clone resumed>)              = 9208
9209  clone(child_stack=0x4eece1314000, flags=CLONE_VM|CLONE_FS|CLONE_FILES|CLONE_SIGHAND|CLONE_THREAD|CLONE_SYSVSEM) = 9210
9200  clone(child_stack=0x630e7b010000, flags=CLONE_VM|CLONE_FS|CLONE_FILES|CLONE_SIGHAND|CLONE_THREAD|CLONE_SYSVSEM <unfinished ...>
9176  tgkill(9171, 9171, SIGURG)        = 0
9200  <... clone resumed>)              = 9211
9176  tgkill(9171, 9181, SIGURG <unfinished ...>
9171  --- SIGURG {si_signo=SIGURG, si_code=SI_TKILL, si_pid=9171, si_uid=1001} ---
9181  --- SIGURG {si_signo=SIGURG, si_code=SI_TKILL, si_pid=9171, si_uid=1001} ---
9176  <... tgkill resumed>)             = 0
9176  tgkill(9171, 9178, SIGURG)        = 0
9200  clone(child_stack=0x630e7b048000, flags=CLONE_VM|CLONE_FS|CLONE_FILES|CLONE_SIGHAND|CLONE_THREAD|CLONE_SYSVSEM <unfinished ...>
9178  --- SIGURG {si_signo=SIGURG, si_code=SI_TKILL, si_pid=9171, si_uid=1001} ---
9200  <... clone resumed>)              = 9212
9176  tgkill(9171, 9182, SIGURG)        = 0
9182  --- SIGURG {si_signo=SIGURG, si_code=SI_TKILL, si_pid=9171, si_uid=1001} ---
9200  clone(child_stack=0x630e7b044000, flags=CLONE_VM|CLONE_FS|CLONE_FILES|CLONE_SIGHAND|CLONE_THREAD|CLONE_SYSVSEM) = 9213
9212  clone(child_stack=0x630e7b098000, flags=CLONE_VM|CLONE_FS|CLONE_FILES|CLONE_SIGHAND|CLONE_THREAD|CLONE_SYSVSEM) = 9214
9200  exit_group(0)                     = ?
9213  +++ exited with 0 +++
9214  +++ exited with 0 +++
9212  +++ exited with 0 +++
9205  exit_group(0)                     = ?
9204  +++ exited with 0 +++
9202  +++ exited with 0 +++
9201  +++ exited with 0 +++
9203  +++ exited with 0 +++
9211  +++ exited with 0 +++
9200  +++ exited with 0 +++
9121  --- SIGCHLD {si_signo=SIGCHLD, si_code=CLD_EXITED, si_pid=9200, si_uid=1001, si_status=0, si_utime=0, si_stime=0} ---
9205  +++ exited with 0 +++
9197  +++ exited with 0 +++
9119  <... waitid resumed>{si_signo=SIGCHLD, si_code=CLD_EXITED, si_pid=9197, si_uid=1001, si_status=0, si_utime=0, si_stime=0}, WEXITED, {ru_utime={tv_sec=0, tv_usec=4598}, ru_stime={tv_sec=0, tv_usec=8047}, ...}) = 0
9119  --- SIGCHLD {si_signo=SIGCHLD, si_code=CLD_EXITED, si_pid=9197, si_uid=1001, si_status=0, si_utime=0, si_stime=0} ---
9118  <... waitid resumed>{si_signo=SIGCHLD, si_code=CLD_EXITED, si_pid=9200, si_uid=1001, si_status=0, si_utime=0, si_stime=0}, WEXITED, {ru_utime={tv_sec=0, tv_usec=0}, ru_stime={tv_sec=0, tv_usec=4567}, ...}) = 0
9118  clone(child_stack=NULL, flags=CLONE_VM|CLONE_PIDFD|CLONE_VFORK|SIGCHLD <unfinished ...>
9199  exit_group(0)                     = ?
9206  +++ exited with 0 +++
9210  +++ exited with 0 +++
9209  +++ exited with 0 +++
9207  +++ exited with 0 +++
9208  +++ exited with 0 +++
9199  +++ exited with 0 +++
9117  <... waitid resumed>{si_signo=SIGCHLD, si_code=CLD_EXITED, si_pid=9199, si_uid=1001, si_status=0, si_utime=0, si_stime=0}, WEXITED, {ru_utime={tv_sec=0, tv_usec=0}, ru_stime={tv_sec=0, tv_usec=6053}, ...}) = 0
9117  --- SIGCHLD {si_signo=SIGCHLD, si_code=CLD_EXITED, si_pid=9199, si_uid=1001, si_status=0, si_utime=0, si_stime=0} ---
9215  execve("/opt/hostedtoolcache/go/1.27.0/arm64/pkg/tool/linux_arm64/compile", ["/opt/hostedtoolcache/go/1.27.0/a"..., "-o", "/tmp/go-build4085347996/b021/_pk"..., "-trimpath", "/tmp/go-build4085347996/b021=>", "-p", "internal/runtime/syscall/linux", "-lang=go1.27", "-std", "-buildid", "xWP8wMAnQbt9WPQ_vqr8/xWP8wMAnQbt"..., "-goversion", "go1.27.0", "-symabis", "/tmp/go-build4085347996/b021/sym"..., "-c=4", "-nolocalimports", "-importcfg", "/tmp/go-build4085347996/b021/imp"..., "-pack", "-asmhdr", "/tmp/go-build4085347996/b021/go_"..., "/opt/hostedtoolcache/go/1.27.0/a"..., "/opt/hostedtoolcache/go/1.27.0/a"..., "/opt/hostedtoolcache/go/1.27.0/a"...], 0x3283656fe488 /* 140 vars */) = 0
9118  <... clone resumed>, parent_tid=[17]) = 9215
9118  waitid(P_PIDFD, 17,  <unfinished ...>
9215  clone(child_stack=0x3e440f55c000, flags=CLONE_VM|CLONE_FS|CLONE_FILES|CLONE_SIGHAND|CLONE_THREAD|CLONE_SYSVSEM) = 9216
9215  clone(child_stack=0x3e440f598000, flags=CLONE_VM|CLONE_FS|CLONE_FILES|CLONE_SIGHAND|CLONE_THREAD|CLONE_SYSVSEM) = 9217
9215  clone(child_stack=0x3e440f594000, flags=CLONE_VM|CLONE_FS|CLONE_FILES|CLONE_SIGHAND|CLONE_THREAD|CLONE_SYSVSEM) = 9218
9217  clone(child_stack=0x3e440f5c0000, flags=CLONE_VM|CLONE_FS|CLONE_FILES|CLONE_SIGHAND|CLONE_THREAD|CLONE_SYSVSEM) = 9219
9119  clone(child_stack=NULL, flags=CLONE_VM|CLONE_PIDFD|CLONE_VFORK|SIGCHLD <unfinished ...>
9115  tgkill(9114, 9119, SIGURG <unfinished ...>
9176  tgkill(9171, 9171, SIGURG <unfinished ...>
9115  <... tgkill resumed>)             = 0
9176  <... tgkill resumed>)             = 0
9176  tgkill(9171, 9181, SIGURG)        = 0
9181  --- SIGURG {si_signo=SIGURG, si_code=SI_TKILL, si_pid=9171, si_uid=1001} ---
9176  tgkill(9171, 9178, SIGURG)        = 0
9178  --- SIGURG {si_signo=SIGURG, si_code=SI_TKILL, si_pid=9171, si_uid=1001} ---
9176  tgkill(9171, 9182, SIGURG)        = 0
9182  --- SIGURG {si_signo=SIGURG, si_code=SI_TKILL, si_pid=9171, si_uid=1001} ---
9171  --- SIGURG {si_signo=SIGURG, si_code=SI_TKILL, si_pid=9171, si_uid=1001} ---
9220  execve("/opt/hostedtoolcache/go/1.27.0/arm64/pkg/tool/linux_arm64/compile", ["/opt/hostedtoolcache/go/1.27.0/a"..., "-o", "/tmp/go-build4085347996/b023/_pk"..., "-trimpath", "/tmp/go-build4085347996/b023=>", "-p", "math/bits", "-lang=go1.27", "-std", "-complete", "-buildid", "yBJkprfDw2tqyO_7YvPl/yBJkprfDw2t"..., "-goversion", "go1.27.0", "-c=4", "-nolocalimports", "-importcfg", "/tmp/go-build4085347996/b023/imp"..., "-pack", "/opt/hostedtoolcache/go/1.27.0/a"..., "/opt/hostedtoolcache/go/1.27.0/a"..., "/opt/hostedtoolcache/go/1.27.0/a"...], 0x328365a0a908 /* 140 vars */ <unfinished ...>
9119  <... clone resumed>, parent_tid=[16]) = 9220
9119  --- SIGURG {si_signo=SIGURG, si_code=SI_TKILL, si_pid=9114, si_uid=1001} ---
9220  <... execve resumed>)             = 0
9216  tgkill(9215, 9215, SIGURG)        = 0
9215  --- SIGURG {si_signo=SIGURG, si_code=SI_TKILL, si_pid=9215, si_uid=1001} ---
9119  waitid(P_PIDFD, 16,  <unfinished ...>
9216  clone(child_stack=0x3e440f934000, flags=CLONE_VM|CLONE_FS|CLONE_FILES|CLONE_SIGHAND|CLONE_THREAD|CLONE_SYSVSEM) = 9221
9115  tgkill(9114, 9165, SIGURG)        = 0
9165  --- SIGURG {si_signo=SIGURG, si_code=SI_TKILL, si_pid=9114, si_uid=1001} ---
9216  tgkill(9215, 9217, SIGURG <unfinished ...>
9217  --- SIGURG {si_signo=SIGURG, si_code=SI_TKILL, si_pid=9215, si_uid=1001} ---
9216  <... tgkill resumed>)             = 0
9220  clone(child_stack=0x1d394da40000, flags=CLONE_VM|CLONE_FS|CLONE_FILES|CLONE_SIGHAND|CLONE_THREAD|CLONE_SYSVSEM) = 9222
9221  exit_group(0)                     = ?
9222  tgkill(9220, 9220, SIGURG <unfinished ...>
9219  +++ exited with 0 +++
9217  +++ exited with 0 +++
9222  <... tgkill resumed>)             = 0
9221  +++ exited with 0 +++
9216  +++ exited with 0 +++
9220  clone(child_stack=0x1d394da78000, flags=CLONE_VM|CLONE_FS|CLONE_FILES|CLONE_SIGHAND|CLONE_THREAD|CLONE_SYSVSEM <unfinished ...>
9218  +++ exited with 0 +++
9215  +++ exited with 0 +++
9118  <... waitid resumed>{si_signo=SIGCHLD, si_code=CLD_EXITED, si_pid=9215, si_uid=1001, si_status=0, si_utime=0, si_stime=0}, WEXITED, {ru_utime={tv_sec=0, tv_usec=8961}, ru_stime={tv_sec=0, tv_usec=9857}, ...}) = 0
9117  --- SIGCHLD {si_signo=SIGCHLD, si_code=CLD_EXITED, si_pid=9215, si_uid=1001, si_status=0, si_utime=1 /* 0.01 s */, si_stime=1 /* 0.01 s */} ---
9220  <... clone resumed>)              = 9223
9220  --- SIGURG {si_signo=SIGURG, si_code=SI_TKILL, si_pid=9220, si_uid=1001} ---
9220  clone(child_stack=0x1d394da74000, flags=CLONE_VM|CLONE_FS|CLONE_FILES|CLONE_SIGHAND|CLONE_THREAD|CLONE_SYSVSEM) = 9224
9223  clone(child_stack=0x1d394da98000, flags=CLONE_VM|CLONE_FS|CLONE_FILES|CLONE_SIGHAND|CLONE_THREAD|CLONE_SYSVSEM) = 9225
9165  clone(child_stack=NULL, flags=CLONE_VM|CLONE_PIDFD|CLONE_VFORK|SIGCHLD <unfinished ...>
9117  clone(child_stack=NULL, flags=CLONE_VM|CLONE_PIDFD|CLONE_VFORK|SIGCHLD <unfinished ...>
9176  tgkill(9171, 9178, SIGURG)        = 0
9178  --- SIGURG {si_signo=SIGURG, si_code=SI_TKILL, si_pid=9171, si_uid=1001} ---
9227  execve("/opt/hostedtoolcache/go/1.27.0/arm64/pkg/tool/linux_arm64/asm", ["/opt/hostedtoolcache/go/1.27.0/a"..., "-p", "internal/runtime/syscall/linux", "-trimpath", "/tmp/go-build4085347996/b021=>", "-I", "/tmp/go-build4085347996/b021/", "-I", "/opt/hostedtoolcache/go/1.27.0/a"..., "-D", "GOOS_linux", "-D", "GOARCH_arm64", "-std", "-o", "/tmp/go-build4085347996/b021/asm"..., "/opt/hostedtoolcache/go/1.27.0/a"...], 0x328365a0a488 /* 140 vars */ <unfinished ...>
9117  <... clone resumed>, parent_tid=[22]) = 9227
9227  <... execve resumed>)             = 0
9226  execve("/opt/hostedtoolcache/go/1.27.0/arm64/pkg/tool/linux_arm64/asm", ["/opt/hostedtoolcache/go/1.27.0/a"..., "-p", "internal/bytealg", "-trimpath", "/tmp/go-build4085347996/b010=>", "-I", "/tmp/go-build4085347996/b010/", "-I", "/opt/hostedtoolcache/go/1.27.0/a"..., "-D", "GOOS_linux", "-D", "GOARCH_arm64", "-std", "-gensymabis", "-o", "/tmp/go-build4085347996/b010/sym"..., "/opt/hostedtoolcache/go/1.27.0/a"..., "/opt/hostedtoolcache/go/1.27.0/a"..., "/opt/hostedtoolcache/go/1.27.0/a"..., "/opt/hostedtoolcache/go/1.27.0/a"..., "/opt/hostedtoolcache/go/1.27.0/a"...], 0x3283654cb208 /* 140 vars */ <unfinished ...>
9165  <... clone resumed>, parent_tid=[21]) = 9226
9226  <... execve resumed>)             = 0
9117  waitid(P_PIDFD, 22,  <unfinished ...>
9165  waitid(P_PIDFD, 21,  <unfinished ...>
9227  clone(child_stack=0x54c1b0dec000, flags=CLONE_VM|CLONE_FS|CLONE_FILES|CLONE_SIGHAND|CLONE_THREAD|CLONE_SYSVSEM) = 9228
9227  clone(child_stack=0x54c1b0e24000, flags=CLONE_VM|CLONE_FS|CLONE_FILES|CLONE_SIGHAND|CLONE_THREAD|CLONE_SYSVSEM) = 9229
9227  clone(child_stack=0x54c1b0e20000, flags=CLONE_VM|CLONE_FS|CLONE_FILES|CLONE_SIGHAND|CLONE_THREAD|CLONE_SYSVSEM) = 9230
9229  clone(child_stack=0x54c1b0e98000, flags=CLONE_VM|CLONE_FS|CLONE_FILES|CLONE_SIGHAND|CLONE_THREAD|CLONE_SYSVSEM) = 9231
9227  clone(child_stack=0x54c1b0e94000, flags=CLONE_VM|CLONE_FS|CLONE_FILES|CLONE_SIGHAND|CLONE_THREAD|CLONE_SYSVSEM) = 9232
9226  clone(child_stack=0x159e46aca000, flags=CLONE_VM|CLONE_FS|CLONE_FILES|CLONE_SIGHAND|CLONE_THREAD|CLONE_SYSVSEM) = 9233
9226  clone(child_stack=0x159e46b08000, flags=CLONE_VM|CLONE_FS|CLONE_FILES|CLONE_SIGHAND|CLONE_THREAD|CLONE_SYSVSEM) = 9234
9226  clone(child_stack=0x159e46b04000, flags=CLONE_VM|CLONE_FS|CLONE_FILES|CLONE_SIGHAND|CLONE_THREAD|CLONE_SYSVSEM) = 9235
9234  clone(child_stack=0x159e46b30000, flags=CLONE_VM|CLONE_FS|CLONE_FILES|CLONE_SIGHAND|CLONE_THREAD|CLONE_SYSVSEM) = 9236
9176  tgkill(9171, 9178, SIGURG)        = 0
9178  --- SIGURG {si_signo=SIGURG, si_code=SI_TKILL, si_pid=9171, si_uid=1001} ---
9227  exit_group(0)                     = ?
9232  +++ exited with 0 +++
9231  +++ exited with 0 +++
9230  +++ exited with 0 +++
9229  +++ exited with 0 +++
9228  +++ exited with 0 +++
9227  +++ exited with 0 +++
9117  <... waitid resumed>{si_signo=SIGCHLD, si_code=CLD_EXITED, si_pid=9227, si_uid=1001, si_status=0, si_utime=0, si_stime=0}, WEXITED, {ru_utime={tv_sec=0, tv_usec=1320}, ru_stime={tv_sec=0, tv_usec=3961}, ...}) = 0
9118  --- SIGCHLD {si_signo=SIGCHLD, si_code=CLD_EXITED, si_pid=9227, si_uid=1001, si_status=0, si_utime=0, si_stime=0} ---
9222  tgkill(9220, 9224, SIGURG)        = 0
9224  --- SIGURG {si_signo=SIGURG, si_code=SI_TKILL, si_pid=9220, si_uid=1001} ---
9171  exit_group(0)                     = ?
9181  +++ exited with 0 +++
9182  +++ exited with 0 +++
9176  +++ exited with 0 +++
9178  +++ exited with 0 +++
9177  +++ exited with 0 +++
9233  tgkill(9226, 9226, SIGURG)        = 0
9226  --- SIGURG {si_signo=SIGURG, si_code=SI_TKILL, si_pid=9226, si_uid=1001} ---
9225  exit_group(0)                     = ?
9225  +++ exited with 0 +++
9224  +++ exited with 0 +++
9223  +++ exited with 0 +++
9171  +++ exited with 0 +++
9117  --- SIGCHLD {si_signo=SIGCHLD, si_code=CLD_EXITED, si_pid=9171, si_uid=1001, si_status=0, si_utime=15 /* 0.15 s */, si_stime=3 /* 0.03 s */} ---
9116  <... waitid resumed>{si_signo=SIGCHLD, si_code=CLD_EXITED, si_pid=9171, si_uid=1001, si_status=0, si_utime=0, si_stime=0}, WEXITED, {ru_utime={tv_sec=0, tv_usec=154385}, ru_stime={tv_sec=0, tv_usec=32717}, ...}) = 0
9222  +++ exited with 0 +++
9220  +++ exited with 0 +++
9119  <... waitid resumed>{si_signo=SIGCHLD, si_code=CLD_EXITED, si_pid=9220, si_uid=1001, si_status=0, si_utime=0, si_stime=0}, WEXITED, {ru_utime={tv_sec=0, tv_usec=18264}, ru_stime={tv_sec=0, tv_usec=10743}, ...}) = 0
9117  --- SIGCHLD {si_signo=SIGCHLD, si_code=CLD_EXITED, si_pid=9220, si_uid=1001, si_status=0, si_utime=1 /* 0.01 s */, si_stime=1 /* 0.01 s */} ---
9115  tgkill(9114, 9118, SIGURG)        = 0
9118  --- SIGURG {si_signo=SIGURG, si_code=SI_TKILL, si_pid=9114, si_uid=1001} ---
9117  clone(child_stack=NULL, flags=CLONE_VM|CLONE_PIDFD|CLONE_VFORK|SIGCHLD <unfinished ...>
9115  tgkill(9114, 9118, SIGURG)        = 0
9118  --- SIGURG {si_signo=SIGURG, si_code=SI_TKILL, si_pid=9114, si_uid=1001} ---
9118  clone(child_stack=NULL, flags=CLONE_VM|CLONE_PIDFD|CLONE_VFORK|SIGCHLD <unfinished ...>
9115  tgkill(9114, 9118, SIGURG)        = 0
9237  execve("/opt/hostedtoolcache/go/1.27.0/arm64/pkg/tool/linux_arm64/asm", ["/opt/hostedtoolcache/go/1.27.0/a"..., "-p", "internal/abi", "-trimpath", "/tmp/go-build4085347996/b005=>", "-I", "/tmp/go-build4085347996/b005/", "-I", "/opt/hostedtoolcache/go/1.27.0/a"..., "-D", "GOOS_linux", "-D", "GOARCH_arm64", "-std", "-o", "/tmp/go-build4085347996/b005/abi"..., "/opt/hostedtoolcache/go/1.27.0/a"...], 0x3283656fe008 /* 140 vars */ <unfinished ...>
9238  execve("/opt/hostedtoolcache/go/1.27.0/arm64/pkg/tool/linux_arm64/asm", ["/opt/hostedtoolcache/go/1.27.0/a"..., "-p", "internal/chacha8rand", "-trimpath", "/tmp/go-build4085347996/b013=>", "-I", "/tmp/go-build4085347996/b013/", "-I", "/opt/hostedtoolcache/go/1.27.0/a"..., "-D", "GOOS_linux", "-D", "GOARCH_arm64", "-std", "-gensymabis", "-o", "/tmp/go-build4085347996/b013/sym"..., "/opt/hostedtoolcache/go/1.27.0/a"...], 0x3283654cb688 /* 140 vars */ <unfinished ...>
9117  <... clone resumed>, parent_tid=[17]) = 9237
9237  <... execve resumed>)             = 0
9118  <... clone resumed>, parent_tid=[20]) = 9238
9118  --- SIGURG {si_signo=SIGURG, si_code=SI_TKILL, si_pid=9114, si_uid=1001} ---
9238  <... execve resumed>)             = 0
9117  waitid(P_PIDFD, 17,  <unfinished ...>
9120  waitid(P_PIDFD, 20,  <unfinished ...>
9238  clone(child_stack=0x6ccf60448000, flags=CLONE_VM|CLONE_FS|CLONE_FILES|CLONE_SIGHAND|CLONE_THREAD|CLONE_SYSVSEM) = 9239
9238  clone(child_stack=0x6ccf60480000, flags=CLONE_VM|CLONE_FS|CLONE_FILES|CLONE_SIGHAND|CLONE_THREAD|CLONE_SYSVSEM) = 9240
9238  clone(child_stack=0x6ccf6047c000, flags=CLONE_VM|CLONE_FS|CLONE_FILES|CLONE_SIGHAND|CLONE_THREAD|CLONE_SYSVSEM) = 9241
9237  clone(child_stack=0x1d399ab82000, flags=CLONE_VM|CLONE_FS|CLONE_FILES|CLONE_SIGHAND|CLONE_THREAD|CLONE_SYSVSEM <unfinished ...>
9234  exit_group(0 <unfinished ...>
9237  <... clone resumed>)              = 9242
9234  <... exit_group resumed>)         = ?
9240  clone(child_stack=0x6ccf60518000, flags=CLONE_VM|CLONE_FS|CLONE_FILES|CLONE_SIGHAND|CLONE_THREAD|CLONE_SYSVSEM <unfinished ...>
9234  +++ exited with 0 +++
9236  +++ exited with 0 +++
9235  +++ exited with 0 +++
9233  +++ exited with 0 +++
9240  <... clone resumed>)              = 9243
9226  +++ exited with 0 +++
9116  --- SIGCHLD {si_signo=SIGCHLD, si_code=CLD_EXITED, si_pid=9226, si_uid=1001, si_status=0, si_utime=0, si_stime=0} ---
9242  tgkill(9237, 9237, SIGURG)        = 0
9237  --- SIGURG {si_signo=SIGURG, si_code=SI_TKILL, si_pid=9237, si_uid=1001} ---
9165  <... waitid resumed>{si_signo=SIGCHLD, si_code=CLD_EXITED, si_pid=9226, si_uid=1001, si_status=0, si_utime=0, si_stime=0}, WEXITED, {ru_utime={tv_sec=0, tv_usec=0}, ru_stime={tv_sec=0, tv_usec=9341}, ...}) = 0
9237  clone(child_stack=0x1d399abba000, flags=CLONE_VM|CLONE_FS|CLONE_FILES|CLONE_SIGHAND|CLONE_THREAD|CLONE_SYSVSEM) = 9244
9242  tgkill(9237, 9237, SIGURG)        = 0
9237  --- SIGURG {si_signo=SIGURG, si_code=SI_TKILL, si_pid=9237, si_uid=1001} ---
9237  clone(child_stack=0x1d399abb6000, flags=CLONE_VM|CLONE_FS|CLONE_FILES|CLONE_SIGHAND|CLONE_THREAD|CLONE_SYSVSEM <unfinished ...>
9115  tgkill(9114, 9116, SIGURG <unfinished ...>
9116  --- SIGURG {si_signo=SIGURG, si_code=SI_TKILL, si_pid=9114, si_uid=1001} ---
9115  <... tgkill resumed>)             = 0
9237  <... clone resumed>)              = 9245
9244  clone(child_stack=0x1d399ac18000, flags=CLONE_VM|CLONE_FS|CLONE_FILES|CLONE_SIGHAND|CLONE_THREAD|CLONE_SYSVSEM) = 9246
9116  clone(child_stack=NULL, flags=CLONE_VM|CLONE_PIDFD|CLONE_VFORK|SIGCHLD <unfinished ...>
9119  clone(child_stack=NULL, flags=CLONE_VM|CLONE_PIDFD|CLONE_VFORK|SIGCHLD <unfinished ...>
9247  execve("/opt/hostedtoolcache/go/1.27.0/arm64/pkg/tool/linux_arm64/asm", ["/opt/hostedtoolcache/go/1.27.0/a"..., "-p", "internal/runtime/atomic", "-trimpath", "/tmp/go-build4085347996/b019=>", "-I", "/tmp/go-build4085347996/b019/", "-I", "/opt/hostedtoolcache/go/1.27.0/a"..., "-D", "GOOS_linux", "-D", "GOARCH_arm64", "-std", "-gensymabis", "-o", "/tmp/go-build4085347996/b019/sym"..., "/opt/hostedtoolcache/go/1.27.0/a"...], 0x32836574e008 /* 140 vars */ <unfinished ...>
9116  <... clone resumed>, parent_tid=[18]) = 9247
9247  <... execve resumed>)             = 0
9248  execve("/opt/hostedtoolcache/go/1.27.0/arm64/pkg/tool/linux_arm64/compile", ["/opt/hostedtoolcache/go/1.27.0/a"..., "-o", "/tmp/go-build4085347996/b010/_pk"..., "-trimpath", "/tmp/go-build4085347996/b010=>", "-p", "internal/bytealg", "-lang=go1.27", "-std", "-buildid", "U6BM55AOtxu179LXuNlF/U6BM55AOtxu"..., "-goversion", "go1.27.0", "-symabis", "/tmp/go-build4085347996/b010/sym"..., "-c=4", "-nolocalimports", "-importcfg", "/tmp/go-build4085347996/b010/imp"..., "-pack", "-asmhdr", "/tmp/go-build4085347996/b010/go_"..., "/opt/hostedtoolcache/go/1.27.0/a"..., "/opt/hostedtoolcache/go/1.27.0/a"..., "/opt/hostedtoolcache/go/1.27.0/a"..., "/opt/hostedtoolcache/go/1.27.0/a"..., "/opt/hostedtoolcache/go/1.27.0/a"..., "/opt/hostedtoolcache/go/1.27.0/a"..., "/opt/hostedtoolcache/go/1.27.0/a"..., "/opt/hostedtoolcache/go/1.27.0/a"..., "/opt/hostedtoolcache/go/1.27.0/a"...], 0x3283654cbb08 /* 140 vars */ <unfinished ...>
9119  <... clone resumed>, parent_tid=[22]) = 9248
9248  <... execve resumed>)             = 0
9116  waitid(P_PIDFD, 18,  <unfinished ...>
9119  waitid(P_PIDFD, 22,  <unfinished ...>
9238  exit_group(0)                     = ?
9243  +++ exited with 0 +++
9241  +++ exited with 0 +++
9240  +++ exited with 0 +++
9239  +++ exited with 0 +++
9238  +++ exited with 0 +++
9120  <... waitid resumed>{si_signo=SIGCHLD, si_code=CLD_EXITED, si_pid=9238, si_uid=1001, si_status=0, si_utime=0, si_stime=0}, WEXITED, {ru_utime={tv_sec=0, tv_usec=0}, ru_stime={tv_sec=0, tv_usec=6235}, ...}) = 0
9118  --- SIGCHLD {si_signo=SIGCHLD, si_code=CLD_EXITED, si_pid=9238, si_uid=1001, si_status=0, si_utime=0, si_stime=0} ---
9237  exit_group(0)                     = ?
9246  +++ exited with 0 +++
9245  +++ exited with 0 +++
9244  +++ exited with 0 +++
9242  +++ exited with 0 +++
9237  +++ exited with 0 +++
9117  <... waitid resumed>{si_signo=SIGCHLD, si_code=CLD_EXITED, si_pid=9237, si_uid=1001, si_status=0, si_utime=0, si_stime=0}, WEXITED, {ru_utime={tv_sec=0, tv_usec=0}, ru_stime={tv_sec=0, tv_usec=6108}, ...}) = 0
9115  --- SIGCHLD {si_signo=SIGCHLD, si_code=CLD_EXITED, si_pid=9237, si_uid=1001, si_status=0, si_utime=0, si_stime=0} ---
9165  clone(child_stack=NULL, flags=CLONE_VM|CLONE_PIDFD|CLONE_VFORK|SIGCHLD <unfinished ...>
9117  clone(child_stack=NULL, flags=CLONE_VM|CLONE_PIDFD|CLONE_VFORK|SIGCHLD <unfinished ...>
9249  execve("/opt/hostedtoolcache/go/1.27.0/arm64/pkg/tool/linux_arm64/compile", ["/opt/hostedtoolcache/go/1.27.0/a"..., "-o", "/tmp/go-build4085347996/b013/_pk"..., "-trimpath", "/tmp/go-build4085347996/b013=>", "-p", "internal/chacha8rand", "-lang=go1.27", "-std", "-buildid", "C2rz4QeNLPvtyrrU3exc/C2rz4QeNLPv"..., "-goversion", "go1.27.0", "-symabis", "/tmp/go-build4085347996/b013/sym"..., "-c=4", "-nolocalimports", "-importcfg", "/tmp/go-build4085347996/b013/imp"..., "-pack", "-asmhdr", "/tmp/go-build4085347996/b013/go_"..., "/opt/hostedtoolcache/go/1.27.0/a"..., "/opt/hostedtoolcache/go/1.27.0/a"...], 0x328365a0a908 /* 140 vars */ <unfinished ...>
9165  <... clone resumed>, parent_tid=[17]) = 9249
9249  <... execve resumed>)             = 0
9250  execve("/opt/hostedtoolcache/go/1.27.0/arm64/pkg/tool/linux_arm64/asm", ["/opt/hostedtoolcache/go/1.27.0/a"..., "-p", "internal/abi", "-trimpath", "/tmp/go-build4085347996/b005=>", "-I", "/tmp/go-build4085347996/b005/", "-I", "/opt/hostedtoolcache/go/1.27.0/a"..., "-D", "GOOS_linux", "-D", "GOARCH_arm64", "-std", "-o", "/tmp/go-build4085347996/b005/stu"..., "/opt/hostedtoolcache/go/1.27.0/a"...], 0x328365952008 /* 140 vars */ <unfinished ...>
9117  <... clone resumed>, parent_tid=[21]) = 9250
9250  <... execve resumed>)             = 0
9165  waitid(P_PIDFD, 17,  <unfinished ...>
9117  waitid(P_PIDFD, 21,  <unfinished ...>
9248  clone(child_stack=0x2eac17366000, flags=CLONE_VM|CLONE_FS|CLONE_FILES|CLONE_SIGHAND|CLONE_THREAD|CLONE_SYSVSEM) = 9251
9247  clone(child_stack=0x7c4827904000, flags=CLONE_VM|CLONE_FS|CLONE_FILES|CLONE_SIGHAND|CLONE_THREAD|CLONE_SYSVSEM) = 9252
9248  clone(child_stack=0x2eac173a0000, flags=CLONE_VM|CLONE_FS|CLONE_FILES|CLONE_SIGHAND|CLONE_THREAD|CLONE_SYSVSEM) = 9253
9247  clone(child_stack=0x7c482793c000, flags=CLONE_VM|CLONE_FS|CLONE_FILES|CLONE_SIGHAND|CLONE_THREAD|CLONE_SYSVSEM <unfinished ...>
9248  clone(child_stack=0x2eac1739c000, flags=CLONE_VM|CLONE_FS|CLONE_FILES|CLONE_SIGHAND|CLONE_THREAD|CLONE_SYSVSEM <unfinished ...>
9251  tgkill(9248, 9248, SIGURG <unfinished ...>
9247  <... clone resumed>)              = 9254
9251  <... tgkill resumed>)             = 0
9248  <... clone resumed>)              = 9255
9248  --- SIGURG {si_signo=SIGURG, si_code=SI_TKILL, si_pid=9248, si_uid=1001} ---
9247  clone(child_stack=0x7c4827938000, flags=CLONE_VM|CLONE_FS|CLONE_FILES|CLONE_SIGHAND|CLONE_THREAD|CLONE_SYSVSEM) = 9256
9254  clone(child_stack=0x7c4827998000, flags=CLONE_VM|CLONE_FS|CLONE_FILES|CLONE_SIGHAND|CLONE_THREAD|CLONE_SYSVSEM <unfinished ...>
9253  clone(child_stack=0x2eac17418000, flags=CLONE_VM|CLONE_FS|CLONE_FILES|CLONE_SIGHAND|CLONE_THREAD|CLONE_SYSVSEM <unfinished ...>
9254  <... clone resumed>)              = 9257
9253  <... clone resumed>)              = 9258
9252  tgkill(9247, 9247, SIGURG)        = 0
9247  --- SIGURG {si_signo=SIGURG, si_code=SI_TKILL, si_pid=9247, si_uid=1001} ---
9249  clone(child_stack=0x68ad67c6e000, flags=CLONE_VM|CLONE_FS|CLONE_FILES|CLONE_SIGHAND|CLONE_THREAD|CLONE_SYSVSEM) = 9259
9249  clone(child_stack=0x68ad67ca6000, flags=CLONE_VM|CLONE_FS|CLONE_FILES|CLONE_SIGHAND|CLONE_THREAD|CLONE_SYSVSEM) = 9260
9259  tgkill(9249, 9249, SIGURG)        = 0
9249  clone(child_stack=0x68ad67ca2000, flags=CLONE_VM|CLONE_FS|CLONE_FILES|CLONE_SIGHAND|CLONE_THREAD|CLONE_SYSVSEM) = 9261
9249  --- SIGURG {si_signo=SIGURG, si_code=SI_TKILL, si_pid=9249, si_uid=1001} ---
9250  clone(child_stack=0x42d8b9cd0000, flags=CLONE_VM|CLONE_FS|CLONE_FILES|CLONE_SIGHAND|CLONE_THREAD|CLONE_SYSVSEM <unfinished ...>
9249  clone(child_stack=0x68ad67cca000, flags=CLONE_VM|CLONE_FS|CLONE_FILES|CLONE_SIGHAND|CLONE_THREAD|CLONE_SYSVSEM <unfinished ...>
9250  <... clone resumed>)              = 9262
9249  <... clone resumed>)              = 9263
9251  clone(child_stack=0x2eac1781c000, flags=CLONE_VM|CLONE_FS|CLONE_FILES|CLONE_SIGHAND|CLONE_THREAD|CLONE_SYSVSEM <unfinished ...>
9260  clone(child_stack=0x68ad67cc6000, flags=CLONE_VM|CLONE_FS|CLONE_FILES|CLONE_SIGHAND|CLONE_THREAD|CLONE_SYSVSEM <unfinished ...>
9251  <... clone resumed>)              = 9264
9260  <... clone resumed>)              = 9265
9250  clone(child_stack=0x42d8b9d08000, flags=CLONE_VM|CLONE_FS|CLONE_FILES|CLONE_SIGHAND|CLONE_THREAD|CLONE_SYSVSEM) = 9266
9256  exit_group(0)                     = ?
9262  tgkill(9250, 9250, SIGURG)        = 0
9257  +++ exited with 0 +++
9256  +++ exited with 0 +++
9252  +++ exited with 0 +++
9250  clone(child_stack=0x42d8b9d04000, flags=CLONE_VM|CLONE_FS|CLONE_FILES|CLONE_SIGHAND|CLONE_THREAD|CLONE_SYSVSEM <unfinished ...>
9254  +++ exited with 0 +++
9250  <... clone resumed>)              = 9267
9247  +++ exited with 0 +++
9116  <... waitid resumed>{si_signo=SIGCHLD, si_code=CLD_EXITED, si_pid=9247, si_uid=1001, si_status=0, si_utime=0, si_stime=0}, WEXITED, {ru_utime={tv_sec=0, tv_usec=2429}, ru_stime={tv_sec=0, tv_usec=4048}, ...}) = 0
9120  --- SIGCHLD {si_signo=SIGCHLD, si_code=CLD_EXITED, si_pid=9247, si_uid=1001, si_status=0, si_utime=0, si_stime=0} ---
9250  --- SIGURG {si_signo=SIGURG, si_code=SI_TKILL, si_pid=9250, si_uid=1001} ---
9266  clone(child_stack=0x42d8b9d98000, flags=CLONE_VM|CLONE_FS|CLONE_FILES|CLONE_SIGHAND|CLONE_THREAD|CLONE_SYSVSEM) = 9268
9250  clone(child_stack=0x42d8b9d94000, flags=CLONE_VM|CLONE_FS|CLONE_FILES|CLONE_SIGHAND|CLONE_THREAD|CLONE_SYSVSEM) = 9269
9120  clone(child_stack=NULL, flags=CLONE_VM|CLONE_PIDFD|CLONE_VFORK|SIGCHLD <unfinished ...>
9270  execve("/opt/hostedtoolcache/go/1.27.0/arm64/pkg/tool/linux_arm64/compile", ["/opt/hostedtoolcache/go/1.27.0/a"..., "-o", "/tmp/go-build4085347996/b019/_pk"..., "-trimpath", "/tmp/go-build4085347996/b019=>", "-p", "internal/runtime/atomic", "-lang=go1.27", "-std", "-buildid", "rF-DhOCNNsAU_MwFGB8i/rF-DhOCNNsA"..., "-goversion", "go1.27.0", "-symabis", "/tmp/go-build4085347996/b019/sym"..., "-c=4", "-nolocalimports", "-importcfg", "/tmp/go-build4085347996/b019/imp"..., "-pack", "-asmhdr", "/tmp/go-build4085347996/b019/go_"..., "/opt/hostedtoolcache/go/1.27.0/a"..., "/opt/hostedtoolcache/go/1.27.0/a"..., "/opt/hostedtoolcache/go/1.27.0/a"..., "/opt/hostedtoolcache/go/1.27.0/a"..., "/opt/hostedtoolcache/go/1.27.0/a"..., "/opt/hostedtoolcache/go/1.27.0/a"..., "/opt/hostedtoolcache/go/1.27.0/a"..., "/opt/hostedtoolcache/go/1.27.0/a"...], 0x32836574f208 /* 140 vars */ <unfinished ...>
9120  <... clone resumed>, parent_tid=[14]) = 9270
9270  <... execve resumed>)             = 0
9120  waitid(P_PIDFD, 14,  <unfinished ...>
9250  exit_group(0)                     = ?
9267  +++ exited with 0 +++
9266  +++ exited with 0 +++
9262  +++ exited with 0 +++
9269  +++ exited with 0 +++
9268  +++ exited with 0 +++
9250  +++ exited with 0 +++
9117  <... waitid resumed>{si_signo=SIGCHLD, si_code=CLD_EXITED, si_pid=9250, si_uid=1001, si_status=0, si_utime=0, si_stime=0}, WEXITED, {ru_utime={tv_sec=0, tv_usec=0}, ru_stime={tv_sec=0, tv_usec=5542}, ...}) = 0
9115  --- SIGCHLD {si_signo=SIGCHLD, si_code=CLD_EXITED, si_pid=9250, si_uid=1001, si_status=0, si_utime=0, si_stime=0} ---
9115  tgkill(9114, 9116, SIGURG)        = 0
9116  --- SIGURG {si_signo=SIGURG, si_code=SI_TKILL, si_pid=9114, si_uid=1001} ---
9115  tgkill(9114, 9116, SIGURG)        = 0
9116  --- SIGURG {si_signo=SIGURG, si_code=SI_TKILL, si_pid=9114, si_uid=1001} ---
9248  exit_group(0)                     = ?
9258  +++ exited with 0 +++
9251  +++ exited with 0 +++
9255  +++ exited with 0 +++
9253  +++ exited with 0 +++
9264  +++ exited with 0 +++
9248  +++ exited with 0 +++
9119  <... waitid resumed>{si_signo=SIGCHLD, si_code=CLD_EXITED, si_pid=9248, si_uid=1001, si_status=0, si_utime=0, si_stime=0}, WEXITED, {ru_utime={tv_sec=0, tv_usec=9681}, ru_stime={tv_sec=0, tv_usec=8606}, ...}) = 0
9116  --- SIGCHLD {si_signo=SIGCHLD, si_code=CLD_EXITED, si_pid=9248, si_uid=1001, si_status=0, si_utime=0, si_stime=0} ---
9270  clone(child_stack=0x39a8ea7ee000, flags=CLONE_VM|CLONE_FS|CLONE_FILES|CLONE_SIGHAND|CLONE_THREAD|CLONE_SYSVSEM) = 9271
9270  clone(child_stack=0x39a8ea826000, flags=CLONE_VM|CLONE_FS|CLONE_FILES|CLONE_SIGHAND|CLONE_THREAD|CLONE_SYSVSEM) = 9272
9270  clone(child_stack=0x39a8ea822000, flags=CLONE_VM|CLONE_FS|CLONE_FILES|CLONE_SIGHAND|CLONE_THREAD|CLONE_SYSVSEM) = 9273
9272  clone(child_stack=0x39a8ea898000, flags=CLONE_VM|CLONE_FS|CLONE_FILES|CLONE_SIGHAND|CLONE_THREAD|CLONE_SYSVSEM) = 9274
9116  clone(child_stack=NULL, flags=CLONE_VM|CLONE_PIDFD|CLONE_VFORK|SIGCHLD <unfinished ...>
9117  tgkill(9114, 9116, SIGURG)        = 0
9275  execve("/opt/hostedtoolcache/go/1.27.0/arm64/pkg/tool/linux_arm64/asm", ["/opt/hostedtoolcache/go/1.27.0/a"..., "-p", "internal/bytealg", "-trimpath", "/tmp/go-build4085347996/b010=>", "-I", "/tmp/go-build4085347996/b010/", "-I", "/opt/hostedtoolcache/go/1.27.0/a"..., "-D", "GOOS_linux", "-D", "GOARCH_arm64", "-std", "-o", "/tmp/go-build4085347996/b010/com"..., "/opt/hostedtoolcache/go/1.27.0/a"...], 0x3283656fe488 /* 140 vars */ <unfinished ...>
9116  <... clone resumed>, parent_tid=[16]) = 9275
9275  <... execve resumed>)             = 0
9116  --- SIGURG {si_signo=SIGURG, si_code=SI_TKILL, si_pid=9114, si_uid=1001} ---
9115  tgkill(9114, 9117, SIGURG)        = 0
9114  waitid(P_PIDFD, 16,  <unfinished ...>
9117  --- SIGURG {si_signo=SIGURG, si_code=SI_TKILL, si_pid=9114, si_uid=1001} ---
9259  tgkill(9249, 9260, SIGURG)        = 0
9260  --- SIGURG {si_signo=SIGURG, si_code=SI_TKILL, si_pid=9249, si_uid=1001} ---
9271  clone(child_stack=0x39a8ead1c000, flags=CLONE_VM|CLONE_FS|CLONE_FILES|CLONE_SIGHAND|CLONE_THREAD|CLONE_SYSVSEM) = 9276
9260  exit_group(0)                     = ?
9263  +++ exited with 0 +++
9259  +++ exited with 0 +++
9261  +++ exited with 0 +++
9265  +++ exited with 0 +++
9260  +++ exited with 0 +++
9249  +++ exited with 0 +++
9165  <... waitid resumed>{si_signo=SIGCHLD, si_code=CLD_EXITED, si_pid=9249, si_uid=1001, si_status=0, si_utime=0, si_stime=0}, WEXITED, {ru_utime={tv_sec=0, tv_usec=18060}, ru_stime={tv_sec=0, tv_usec=8026}, ...}) = 0
9119  --- SIGCHLD {si_signo=SIGCHLD, si_code=CLD_EXITED, si_pid=9249, si_uid=1001, si_status=0, si_utime=1 /* 0.01 s */, si_stime=0} ---
9119  clone(child_stack=NULL, flags=CLONE_VM|CLONE_PIDFD|CLONE_VFORK|SIGCHLD <unfinished ...>
9275  clone(child_stack=0x7e8815afa000, flags=CLONE_VM|CLONE_FS|CLONE_FILES|CLONE_SIGHAND|CLONE_THREAD|CLONE_SYSVSEM) = 9278
9275  clone(child_stack=0x7e8815b32000, flags=CLONE_VM|CLONE_FS|CLONE_FILES|CLONE_SIGHAND|CLONE_THREAD|CLONE_SYSVSEM) = 9279
9115  tgkill(9114, 9121, SIGURG)        = 0
9278  tgkill(9275, 9275, SIGURG <unfinished ...>
9275  clone(child_stack=0x7e8815b2e000, flags=CLONE_VM|CLONE_FS|CLONE_FILES|CLONE_SIGHAND|CLONE_THREAD|CLONE_SYSVSEM <unfinished ...>
9121  --- SIGURG {si_signo=SIGURG, si_code=SI_TKILL, si_pid=9114, si_uid=1001} ---
9278  <... tgkill resumed>)             = 0
9275  <... clone resumed>)              = 9280
9275  --- SIGURG {si_signo=SIGURG, si_code=SI_TKILL, si_pid=9275, si_uid=1001} ---
9279  clone(child_stack=0x7e8815b98000, flags=CLONE_VM|CLONE_FS|CLONE_FILES|CLONE_SIGHAND|CLONE_THREAD|CLONE_SYSVSEM) = 9281
9277  execve("/opt/hostedtoolcache/go/1.27.0/arm64/pkg/tool/linux_arm64/asm", ["/opt/hostedtoolcache/go/1.27.0/a"..., "-p", "internal/chacha8rand", "-trimpath", "/tmp/go-build4085347996/b013=>", "-I", "/tmp/go-build4085347996/b013/", "-I", "/opt/hostedtoolcache/go/1.27.0/a"..., "-D", "GOOS_linux", "-D", "GOARCH_arm64", "-std", "-o", "/tmp/go-build4085347996/b013/cha"..., "/opt/hostedtoolcache/go/1.27.0/a"...], 0x328365a0a488 /* 140 vars */ <unfinished ...>
9119  <... clone resumed>, parent_tid=[17]) = 9277
9277  <... execve resumed>)             = 0
9119  waitid(P_PIDFD, 17,  <unfinished ...>
9271  tgkill(9270, 9270, SIGURG)        = 0
9270  --- SIGURG {si_signo=SIGURG, si_code=SI_TKILL, si_pid=9270, si_uid=1001} ---
9275  exit_group(0)                     = ?
9278  +++ exited with 0 +++
9280  +++ exited with 0 +++
9279  +++ exited with 0 +++
9281  +++ exited with 0 +++
9275  +++ exited with 0 +++
9165  --- SIGCHLD {si_signo=SIGCHLD, si_code=CLD_EXITED, si_pid=9275, si_uid=1001, si_status=0, si_utime=0, si_stime=0} ---
9114  <... waitid resumed>{si_signo=SIGCHLD, si_code=CLD_EXITED, si_pid=9275, si_uid=1001, si_status=0, si_utime=0, si_stime=0}, WEXITED, {ru_utime={tv_sec=0, tv_usec=1006}, ru_stime={tv_sec=0, tv_usec=6039}, ...}) = 0
9165  clone(child_stack=NULL, flags=CLONE_VM|CLONE_PIDFD|CLONE_VFORK|SIGCHLD <unfinished ...>
9282  execve("/opt/hostedtoolcache/go/1.27.0/arm64/pkg/tool/linux_arm64/asm", ["/opt/hostedtoolcache/go/1.27.0/a"..., "-p", "internal/bytealg", "-trimpath", "/tmp/go-build4085347996/b010=>", "-I", "/tmp/go-build4085347996/b010/", "-I", "/opt/hostedtoolcache/go/1.27.0/a"..., "-D", "GOOS_linux", "-D", "GOARCH_arm64", "-std", "-o", "/tmp/go-build4085347996/b010/cou"..., "/opt/hostedtoolcache/go/1.27.0/a"...], 0x328365952008 /* 140 vars */ <unfinished ...>
9277  clone(child_stack=0x54fafc26a000, flags=CLONE_VM|CLONE_FS|CLONE_FILES|CLONE_SIGHAND|CLONE_THREAD|CLONE_SYSVSEM) = 9283
9165  <... clone resumed>, parent_tid=[16]) = 9282
9121  clone(child_stack=NULL, flags=CLONE_VM|CLONE_PIDFD|CLONE_VFORK|SIGCHLD <unfinished ...>
9282  <... execve resumed>)             = 0
9277  clone(child_stack=0x54fafc2a2000, flags=CLONE_VM|CLONE_FS|CLONE_FILES|CLONE_SIGHAND|CLONE_THREAD|CLONE_SYSVSEM) = 9285
9277  clone(child_stack=0x54fafc29e000, flags=CLONE_VM|CLONE_FS|CLONE_FILES|CLONE_SIGHAND|CLONE_THREAD|CLONE_SYSVSEM) = 9286
9285  clone(child_stack=0x54fafc318000, flags=CLONE_VM|CLONE_FS|CLONE_FILES|CLONE_SIGHAND|CLONE_THREAD|CLONE_SYSVSEM) = 9287
9284  execve("/opt/hostedtoolcache/go/1.27.0/arm64/pkg/tool/linux_arm64/compile", ["/opt/hostedtoolcache/go/1.27.0/a"..., "-o", "/tmp/go-build4085347996/b022/_pk"..., "-trimpath", "/tmp/go-build4085347996/b022=>", "-p", "internal/strconv", "-lang=go1.27", "-std", "-complete", "-buildid", "f_fG663AouQm87VJrElI/f_fG663AouQ"..., "-goversion", "go1.27.0", "-c=4", "-nolocalimports", "-importcfg", "/tmp/go-build4085347996/b022/imp"..., "-pack", "/opt/hostedtoolcache/go/1.27.0/a"..., "/opt/hostedtoolcache/go/1.27.0/a"..., "/opt/hostedtoolcache/go/1.27.0/a"..., "/opt/hostedtoolcache/go/1.27.0/a"..., "/opt/hostedtoolcache/go/1.27.0/a"..., "/opt/hostedtoolcache/go/1.27.0/a"..., "/opt/hostedtoolcache/go/1.27.0/a"..., "/opt/hostedtoolcache/go/1.27.0/a"..., "/opt/hostedtoolcache/go/1.27.0/a"..., "/opt/hostedtoolcache/go/1.27.0/a"..., "/opt/hostedtoolcache/go/1.27.0/a"...], 0x3283656fe008 /* 140 vars */) = 0
9121  <... clone resumed>, parent_tid=[22]) = 9284
9121  waitid(P_PIDFD, 22,  <unfinished ...>
9165  waitid(P_PIDFD, 16,  <unfinished ...>
9273  exit_group(0)                     = ?
9272  +++ exited with 0 +++
9271  +++ exited with 0 +++
9276  +++ exited with 0 +++
9273  +++ exited with 0 +++
9277  exit_group(0 <unfinished ...>
9274  +++ exited with 0 +++
9270  +++ exited with 0 +++
9277  <... exit_group resumed>)         = ?
9120  <... waitid resumed>{si_signo=SIGCHLD, si_code=CLD_EXITED, si_pid=9270, si_uid=1001, si_status=0, si_utime=0, si_stime=0}, WEXITED, {ru_utime={tv_sec=0, tv_usec=27828}, ru_stime={tv_sec=0, tv_usec=12368}, ...}) = 0
9287  +++ exited with 0 +++
9286  +++ exited with 0 +++
9285  +++ exited with 0 +++
9283  +++ exited with 0 +++
9120  --- SIGCHLD {si_signo=SIGCHLD, si_code=CLD_EXITED, si_pid=9270, si_uid=1001, si_status=0, si_utime=2 /* 0.02 s */, si_stime=1 /* 0.01 s */} ---
9277  +++ exited with 0 +++
9114  --- SIGCHLD {si_signo=SIGCHLD, si_code=CLD_EXITED, si_pid=9277, si_uid=1001, si_status=0, si_utime=0, si_stime=0} ---
9119  <... waitid resumed>{si_signo=SIGCHLD, si_code=CLD_EXITED, si_pid=9277, si_uid=1001, si_status=0, si_utime=0, si_stime=0}, WEXITED, {ru_utime={tv_sec=0, tv_usec=0}, ru_stime={tv_sec=0, tv_usec=6043}, ...}) = 0
9114  clone(child_stack=NULL, flags=CLONE_VM|CLONE_PIDFD|CLONE_VFORK|SIGCHLD <unfinished ...>
9282  clone(child_stack=0xf4d33246000, flags=CLONE_VM|CLONE_FS|CLONE_FILES|CLONE_SIGHAND|CLONE_THREAD|CLONE_SYSVSEM) = 9289
9282  clone(child_stack=0xf4d3327e000, flags=CLONE_VM|CLONE_FS|CLONE_FILES|CLONE_SIGHAND|CLONE_THREAD|CLONE_SYSVSEM <unfinished ...>
9289  tgkill(9282, 9282, SIGURG)        = 0
9282  <... clone resumed>)              = 9290
9282  --- SIGURG {si_signo=SIGURG, si_code=SI_TKILL, si_pid=9282, si_uid=1001} ---
9289  tgkill(9282, 9282, SIGURG)        = 0
9282  --- SIGURG {si_signo=SIGURG, si_code=SI_TKILL, si_pid=9282, si_uid=1001} ---
9284  clone(child_stack=0x57176ae68000, flags=CLONE_VM|CLONE_FS|CLONE_FILES|CLONE_SIGHAND|CLONE_THREAD|CLONE_SYSVSEM) = 9291
9282  clone(child_stack=0xf4d3327a000, flags=CLONE_VM|CLONE_FS|CLONE_FILES|CLONE_SIGHAND|CLONE_THREAD|CLONE_SYSVSEM <unfinished ...>
9284  clone(child_stack=0x57176aea0000, flags=CLONE_VM|CLONE_FS|CLONE_FILES|CLONE_SIGHAND|CLONE_THREAD|CLONE_SYSVSEM <unfinished ...>
9290  clone(child_stack=0xf4d33298000, flags=CLONE_VM|CLONE_FS|CLONE_FILES|CLONE_SIGHAND|CLONE_THREAD|CLONE_SYSVSEM <unfinished ...>
9282  <... clone resumed>)              = 9292
9284  <... clone resumed>)              = 9293
9291  tgkill(9284, 9284, SIGURG <unfinished ...>
9290  <... clone resumed>)              = 9294
9291  <... tgkill resumed>)             = 0
9284  --- SIGURG {si_signo=SIGURG, si_code=SI_TKILL, si_pid=9284, si_uid=1001} ---
9284  clone(child_stack=0x57176ae9c000, flags=CLONE_VM|CLONE_FS|CLONE_FILES|CLONE_SIGHAND|CLONE_THREAD|CLONE_SYSVSEM) = 9295
9290  clone(child_stack=0xf4d33294000, flags=CLONE_VM|CLONE_FS|CLONE_FILES|CLONE_SIGHAND|CLONE_THREAD|CLONE_SYSVSEM) = 9296
9293  clone(child_stack=0x57176af18000, flags=CLONE_VM|CLONE_FS|CLONE_FILES|CLONE_SIGHAND|CLONE_THREAD|CLONE_SYSVSEM) = 9297
9288  execve("/opt/hostedtoolcache/go/1.27.0/arm64/pkg/tool/linux_arm64/asm", ["/opt/hostedtoolcache/go/1.27.0/a"..., "-p", "internal/runtime/atomic", "-trimpath", "/tmp/go-build4085347996/b019=>", "-I", "/tmp/go-build4085347996/b019/", "-I", "/opt/hostedtoolcache/go/1.27.0/a"..., "-D", "GOOS_linux", "-D", "GOARCH_arm64", "-std", "-o", "/tmp/go-build4085347996/b019/ato"..., "/opt/hostedtoolcache/go/1.27.0/a"...], 0x32836574e008 /* 140 vars */) = 0
9114  <... clone resumed>, parent_tid=[14]) = 9288
9114  waitid(P_PIDFD, 14,  <unfinished ...>
9291  clone(child_stack=0x57176aeba000, flags=CLONE_VM|CLONE_FS|CLONE_FILES|CLONE_SIGHAND|CLONE_THREAD|CLONE_SYSVSEM) = 9298
9282  exit_group(0)                     = ?
9290  +++ exited with 0 +++
9296  +++ exited with 0 +++
9294  +++ exited with 0 +++
9292  +++ exited with 0 +++
9289  +++ exited with 0 +++
9282  +++ exited with 0 +++
9165  <... waitid resumed>{si_signo=SIGCHLD, si_code=CLD_EXITED, si_pid=9282, si_uid=1001, si_status=0, si_utime=0, si_stime=0}, WEXITED, {ru_utime={tv_sec=0, tv_usec=0}, ru_stime={tv_sec=0, tv_usec=7005}, ...}) = 0
9165  --- SIGCHLD {si_signo=SIGCHLD, si_code=CLD_EXITED, si_pid=9282, si_uid=1001, si_status=0, si_utime=0, si_stime=0} ---
9120  clone(child_stack=NULL, flags=CLONE_VM|CLONE_PIDFD|CLONE_VFORK|SIGCHLD <unfinished ...>
9119  clone(child_stack=NULL, flags=CLONE_VM|CLONE_PIDFD|CLONE_VFORK|SIGCHLD <unfinished ...>
9288  clone(child_stack=0x57fc85338000, flags=CLONE_VM|CLONE_FS|CLONE_FILES|CLONE_SIGHAND|CLONE_THREAD|CLONE_SYSVSEM <unfinished ...>
9300  execve("/opt/hostedtoolcache/go/1.27.0/arm64/pkg/tool/linux_arm64/compile", ["/opt/hostedtoolcache/go/1.27.0/a"..., "-o", "/tmp/go-build4085347996/b025/_pk"..., "-trimpath", "/tmp/go-build4085347996/b025=>", "-p", "internal/runtime/gc", "-lang=go1.27", "-std", "-complete", "-buildid", "Bb01YDdiUWvcfiEQ46UM/Bb01YDdiUWv"..., "-goversion", "go1.27.0", "-c=4", "-nolocalimports", "-importcfg", "/tmp/go-build4085347996/b025/imp"..., "-pack", "/opt/hostedtoolcache/go/1.27.0/a"..., "/opt/hostedtoolcache/go/1.27.0/a"..., "/opt/hostedtoolcache/go/1.27.0/a"...], 0x328365a0a908 /* 140 vars */ <unfinished ...>
9288  <... clone resumed>)              = 9301
9299  execve("/opt/hostedtoolcache/go/1.27.0/arm64/pkg/tool/linux_arm64/asm", ["/opt/hostedtoolcache/go/1.27.0/a"..., "-p", "internal/bytealg", "-trimpath", "/tmp/go-build4085347996/b010=>", "-I", "/tmp/go-build4085347996/b010/", "-I", "/opt/hostedtoolcache/go/1.27.0/a"..., "-D", "GOOS_linux", "-D", "GOARCH_arm64", "-std", "-o", "/tmp/go-build4085347996/b010/equ"..., "/opt/hostedtoolcache/go/1.27.0/a"...], 0x328365952488 /* 140 vars */ <unfinished ...>
9120  <... clone resumed>, parent_tid=[20]) = 9299
9119  <... clone resumed>, parent_tid=[21]) = 9300
9300  <... execve resumed>)             = 0
9299  <... execve resumed>)             = 0
9115  tgkill(9114, 9119, SIGURG)        = 0
9119  --- SIGURG {si_signo=SIGURG, si_code=SI_TKILL, si_pid=9114, si_uid=1001} ---
9288  clone(child_stack=0x57fc85370000, flags=CLONE_VM|CLONE_FS|CLONE_FILES|CLONE_SIGHAND|CLONE_THREAD|CLONE_SYSVSEM) = 9302
9288  clone(child_stack=0x57fc8536c000, flags=CLONE_VM|CLONE_FS|CLONE_FILES|CLONE_SIGHAND|CLONE_THREAD|CLONE_SYSVSEM <unfinished ...>
9302  clone(child_stack=0x57fc853a0000, flags=CLONE_VM|CLONE_FS|CLONE_FILES|CLONE_SIGHAND|CLONE_THREAD|CLONE_SYSVSEM <unfinished ...>
9288  <... clone resumed>)              = 9303
9120  waitid(P_PIDFD, 20,  <unfinished ...>
9302  <... clone resumed>)              = 9304
9118  waitid(P_PIDFD, 21,  <unfinished ...>
9299  clone(child_stack=0x53120a30000, flags=CLONE_VM|CLONE_FS|CLONE_FILES|CLONE_SIGHAND|CLONE_THREAD|CLONE_SYSVSEM) = 9305
9299  clone(child_stack=0x53120a68000, flags=CLONE_VM|CLONE_FS|CLONE_FILES|CLONE_SIGHAND|CLONE_THREAD|CLONE_SYSVSEM) = 9306
9291  tgkill(9284, 9298, SIGURG)        = 0
9298  --- SIGURG {si_signo=SIGURG, si_code=SI_TKILL, si_pid=9284, si_uid=1001} ---
9299  clone(child_stack=0x53120a64000, flags=CLONE_VM|CLONE_FS|CLONE_FILES|CLONE_SIGHAND|CLONE_THREAD|CLONE_SYSVSEM) = 9307
9306  clone(child_stack=0x53120a98000, flags=CLONE_VM|CLONE_FS|CLONE_FILES|CLONE_SIGHAND|CLONE_THREAD|CLONE_SYSVSEM) = 9308
9300  clone(child_stack=0x297e03ee4000, flags=CLONE_VM|CLONE_FS|CLONE_FILES|CLONE_SIGHAND|CLONE_THREAD|CLONE_SYSVSEM) = 9309
9309  tgkill(9300, 9300, SIGURG)        = 0
9300  clone(child_stack=0x297e03f1c000, flags=CLONE_VM|CLONE_FS|CLONE_FILES|CLONE_SIGHAND|CLONE_THREAD|CLONE_SYSVSEM) = 9310
9300  --- SIGURG {si_signo=SIGURG, si_code=SI_TKILL, si_pid=9300, si_uid=1001} ---
9309  tgkill(9300, 9300, SIGURG)        = 0
9300  --- SIGURG {si_signo=SIGURG, si_code=SI_TKILL, si_pid=9300, si_uid=1001} ---
9300  clone(child_stack=0x297e03f18000, flags=CLONE_VM|CLONE_FS|CLONE_FILES|CLONE_SIGHAND|CLONE_THREAD|CLONE_SYSVSEM) = 9311
9288  exit_group(0)                     = ?
9304  +++ exited with 0 +++
9303  +++ exited with 0 +++
9301  +++ exited with 0 +++
9300  clone(child_stack=0x297e03f40000, flags=CLONE_VM|CLONE_FS|CLONE_FILES|CLONE_SIGHAND|CLONE_THREAD|CLONE_SYSVSEM) = 9312
9310  clone(child_stack=0x297e03f3c000, flags=CLONE_VM|CLONE_FS|CLONE_FILES|CLONE_SIGHAND|CLONE_THREAD|CLONE_SYSVSEM <unfinished ...>
9302  +++ exited with 0 +++
9288  +++ exited with 0 +++
9165  --- SIGCHLD {si_signo=SIGCHLD, si_code=CLD_EXITED, si_pid=9288, si_uid=1001, si_status=0, si_utime=0, si_stime=0} ---
9310  <... clone resumed>)              = 9313
9114  <... waitid resumed>{si_signo=SIGCHLD, si_code=CLD_EXITED, si_pid=9288, si_uid=1001, si_status=0, si_utime=0, si_stime=0}, WEXITED, {ru_utime={tv_sec=0, tv_usec=1949}, ru_stime={tv_sec=0, tv_usec=5848}, ...}) = 0
9299  exit_group(0 <unfinished ...>
9305  ???( <unfinished ...>
9299  <... exit_group resumed>)         = ?
9306  +++ exited with 0 +++
9305  +++ exited with 0 +++
9308  +++ exited with 0 +++
9307  +++ exited with 0 +++
9299  +++ exited with 0 +++
9120  <... waitid resumed>{si_signo=SIGCHLD, si_code=CLD_EXITED, si_pid=9299, si_uid=1001, si_status=0, si_utime=0, si_stime=0}, WEXITED, {ru_utime={tv_sec=0, tv_usec=899}, ru_stime={tv_sec=0, tv_usec=5397}, ...}) = 0
9165  --- SIGCHLD {si_signo=SIGCHLD, si_code=CLD_EXITED, si_pid=9299, si_uid=1001, si_status=0, si_utime=0, si_stime=0} ---
9165  clone(child_stack=NULL, flags=CLONE_VM|CLONE_PIDFD|CLONE_VFORK|SIGCHLD <unfinished ...>
9309  tgkill(9300, 9300, SIGURG)        = 0
9300  --- SIGURG {si_signo=SIGURG, si_code=SI_TKILL, si_pid=9300, si_uid=1001} ---
9314  execve("/opt/hostedtoolcache/go/1.27.0/arm64/pkg/tool/linux_arm64/asm", ["/opt/hostedtoolcache/go/1.27.0/a"..., "-p", "internal/bytealg", "-trimpath", "/tmp/go-build4085347996/b010=>", "-I", "/tmp/go-build4085347996/b010/", "-I", "/opt/hostedtoolcache/go/1.27.0/a"..., "-D", "GOOS_linux", "-D", "GOARCH_arm64", "-std", "-o", "/tmp/go-build4085347996/b010/ind"..., "/opt/hostedtoolcache/go/1.27.0/a"...], 0x328365952908 /* 140 vars */ <unfinished ...>
9165  <... clone resumed>, parent_tid=[15]) = 9314
9314  <... execve resumed>)             = 0
9165  waitid(P_PIDFD, 15,  <unfinished ...>
9115  tgkill(9114, 9114, SIGURG)        = 0
9114  --- SIGURG {si_signo=SIGURG, si_code=SI_TKILL, si_pid=9114, si_uid=1001} ---
9114  clone(child_stack=NULL, flags=CLONE_VM|CLONE_PIDFD|CLONE_VFORK|SIGCHLD <unfinished ...>
9291  tgkill(9284, 9298, SIGURG <unfinished ...>
9298  --- SIGURG {si_signo=SIGURG, si_code=SI_TKILL, si_pid=9284, si_uid=1001} ---
9291  <... tgkill resumed>)             = 0
9312  exit_group(0)                     = ?
9311  +++ exited with 0 +++
9313  +++ exited with 0 +++
9312  +++ exited with 0 +++
9309  +++ exited with 0 +++
9310  +++ exited with 0 +++
9300  +++ exited with 0 +++
9119  --- SIGCHLD {si_signo=SIGCHLD, si_code=CLD_EXITED, si_pid=9300, si_uid=1001, si_status=0, si_utime=0, si_stime=0} ---
9118  <... waitid resumed>{si_signo=SIGCHLD, si_code=CLD_EXITED, si_pid=9300, si_uid=1001, si_status=0, si_utime=0, si_stime=0}, WEXITED, {ru_utime={tv_sec=0, tv_usec=7278}, ru_stime={tv_sec=0, tv_usec=7278}, ...}) = 0
9315  execve("/opt/hostedtoolcache/go/1.27.0/arm64/pkg/tool/linux_arm64/compile", ["/opt/hostedtoolcache/go/1.27.0/a"..., "-o", "/tmp/go-build4085347996/b024/_pk"..., "-trimpath", "/tmp/go-build4085347996/b024=>", "-p", "internal/runtime/exithook", "-lang=go1.27", "-std", "-complete", "-buildid", "L-6vrqnwTTLYdhpnv_4g/L-6vrqnwTTL"..., "-goversion", "go1.27.0", "-c=4", "-nolocalimports", "-importcfg", "/tmp/go-build4085347996/b024/imp"..., "-pack", "/opt/hostedtoolcache/go/1.27.0/a"...], 0x328365a0ad88 /* 140 vars */) = 0
9114  <... clone resumed>, parent_tid=[14]) = 9315
9114  waitid(P_PIDFD, 14,  <unfinished ...>
9314  clone(child_stack=0x6302183ba000, flags=CLONE_VM|CLONE_FS|CLONE_FILES|CLONE_SIGHAND|CLONE_THREAD|CLONE_SYSVSEM) = 9316
9314  clone(child_stack=0x6302183f2000, flags=CLONE_VM|CLONE_FS|CLONE_FILES|CLONE_SIGHAND|CLONE_THREAD|CLONE_SYSVSEM) = 9317
9316  tgkill(9314, 9314, SIGURG)        = 0
9314  --- SIGURG {si_signo=SIGURG, si_code=SI_TKILL, si_pid=9314, si_uid=1001} ---
9316  tgkill(9314, 9314, SIGURG)        = 0
9314  clone(child_stack=0x6302183ee000, flags=CLONE_VM|CLONE_FS|CLONE_FILES|CLONE_SIGHAND|CLONE_THREAD|CLONE_SYSVSEM <unfinished ...>
9317  clone(child_stack=0x630218418000, flags=CLONE_VM|CLONE_FS|CLONE_FILES|CLONE_SIGHAND|CLONE_THREAD|CLONE_SYSVSEM) = 9319
9314  <... clone resumed>)              = 9318
9116  tgkill(9114, 9118, SIGURG <unfinished ...>
9314  --- SIGURG {si_signo=SIGURG, si_code=SI_TKILL, si_pid=9314, si_uid=1001} ---
9118  --- SIGURG {si_signo=SIGURG, si_code=SI_TKILL, si_pid=9114, si_uid=1001} ---
9116  <... tgkill resumed>)             = 0
9116  tgkill(9114, 9119, SIGURG)        = 0
9119  --- SIGURG {si_signo=SIGURG, si_code=SI_TKILL, si_pid=9114, si_uid=1001} ---
9315  clone(child_stack=0x46e13fbf4000, flags=CLONE_VM|CLONE_FS|CLONE_FILES|CLONE_SIGHAND|CLONE_THREAD|CLONE_SYSVSEM) = 9320
9315  clone(child_stack=0x46e13fc2c000, flags=CLONE_VM|CLONE_FS|CLONE_FILES|CLONE_SIGHAND|CLONE_THREAD|CLONE_SYSVSEM) = 9321
9320  tgkill(9315, 9315, SIGURG)        = 0
9315  clone(child_stack=0x46e13fc28000, flags=CLONE_VM|CLONE_FS|CLONE_FILES|CLONE_SIGHAND|CLONE_THREAD|CLONE_SYSVSEM) = 9322
9291  tgkill(9284, 9298, SIGURG)        = 0
9291  tgkill(9284, 9297, SIGURG <unfinished ...>
9315  --- SIGURG {si_signo=SIGURG, si_code=SI_TKILL, si_pid=9315, si_uid=1001} ---
9291  <... tgkill resumed>)             = 0
9297  --- SIGURG {si_signo=SIGURG, si_code=SI_TKILL, si_pid=9284, si_uid=1001} ---
9291  tgkill(9284, 9293, SIGURG <unfinished ...>
9298  --- SIGURG {si_signo=SIGURG, si_code=SI_TKILL, si_pid=9284, si_uid=1001} ---
9291  <... tgkill resumed>)             = 0
9293  --- SIGURG {si_signo=SIGURG, si_code=SI_TKILL, si_pid=9284, si_uid=1001} ---
9115  tgkill(9114, 9119, SIGURG <unfinished ...>
9291  tgkill(9284, 9295, SIGURG <unfinished ...>
9316  tgkill(9314, 9314, SIGURG <unfinished ...>
9291  <... tgkill resumed>)             = 0
9115  <... tgkill resumed>)             = 0
9295  --- SIGURG {si_signo=SIGURG, si_code=SI_TKILL, si_pid=9284, si_uid=1001} ---
9316  <... tgkill resumed>)             = 0
9314  --- SIGURG {si_signo=SIGURG, si_code=SI_TKILL, si_pid=9314, si_uid=1001} ---
9119  --- SIGURG {si_signo=SIGURG, si_code=SI_TKILL, si_pid=9114, si_uid=1001} ---
9321  clone(child_stack=0x46e13fc98000, flags=CLONE_VM|CLONE_FS|CLONE_FILES|CLONE_SIGHAND|CLONE_THREAD|CLONE_SYSVSEM) = 9323
9119  clone(child_stack=NULL, flags=CLONE_VM|CLONE_PIDFD|CLONE_VFORK|SIGCHLD <unfinished ...>
9324  execve("/opt/hostedtoolcache/go/1.27.0/arm64/pkg/tool/linux_arm64/asm", ["/opt/hostedtoolcache/go/1.27.0/a"..., "-p", "internal/runtime/sys", "-trimpath", "/tmp/go-build4085347996/b027=>", "-I", "/tmp/go-build4085347996/b027/", "-I", "/opt/hostedtoolcache/go/1.27.0/a"..., "-D", "GOOS_linux", "-D", "GOARCH_arm64", "-std", "-gensymabis", "-o", "/tmp/go-build4085347996/b027/sym"..., "/opt/hostedtoolcache/go/1.27.0/a"..., "/opt/hostedtoolcache/go/1.27.0/a"...], 0x328365952008 /* 140 vars */ <unfinished ...>
9119  <... clone resumed>, parent_tid=[16]) = 9324
9324  <... execve resumed>)             = 0
9119  waitid(P_PIDFD, 16,  <unfinished ...>
9314  exit_group(0)                     = ?
9317  +++ exited with 0 +++
9318  +++ exited with 0 +++
9316  +++ exited with 0 +++
9319  +++ exited with 0 +++
9314  +++ exited with 0 +++
9120  --- SIGCHLD {si_signo=SIGCHLD, si_code=CLD_EXITED, si_pid=9314, si_uid=1001, si_status=0, si_utime=0, si_stime=0} ---
9324  clone(child_stack=0x6eb45b812000, flags=CLONE_VM|CLONE_FS|CLONE_FILES|CLONE_SIGHAND|CLONE_THREAD|CLONE_SYSVSEM) = 9325
9324  clone(child_stack=0x6eb45b84a000, flags=CLONE_VM|CLONE_FS|CLONE_FILES|CLONE_SIGHAND|CLONE_THREAD|CLONE_SYSVSEM) = 9326
9324  clone(child_stack=0x6eb45b846000, flags=CLONE_VM|CLONE_FS|CLONE_FILES|CLONE_SIGHAND|CLONE_THREAD|CLONE_SYSVSEM) = 9327
9165  <... waitid resumed>{si_signo=SIGCHLD, si_code=CLD_EXITED, si_pid=9314, si_uid=1001, si_status=0, si_utime=0, si_stime=0}, WEXITED, {ru_utime={tv_sec=0, tv_usec=821}, ru_stime={tv_sec=0, tv_usec=7390}, ...}) = 0
9326  clone(child_stack=0x6eb45b898000, flags=CLONE_VM|CLONE_FS|CLONE_FILES|CLONE_SIGHAND|CLONE_THREAD|CLONE_SYSVSEM) = 9328
9320  tgkill(9315, 9315, SIGURG <unfinished ...>
9165  clone(child_stack=NULL, flags=CLONE_VM|CLONE_PIDFD|CLONE_VFORK|SIGCHLD <unfinished ...>
9329  execve("/opt/hostedtoolcache/go/1.27.0/arm64/pkg/tool/linux_arm64/asm", ["/opt/hostedtoolcache/go/1.27.0/a"..., "-p", "internal/bytealg", "-trimpath", "/tmp/go-build4085347996/b010=>", "-I", "/tmp/go-build4085347996/b010/", "-I", "/opt/hostedtoolcache/go/1.27.0/a"..., "-D", "GOOS_linux", "-D", "GOARCH_arm64", "-std", "-o", "/tmp/go-build4085347996/b010/ind"..., "/opt/hostedtoolcache/go/1.27.0/a"...], 0x328365952488 /* 140 vars */ <unfinished ...>
9320  <... tgkill resumed>)             = 0
9315  --- SIGURG {si_signo=SIGURG, si_code=SI_TKILL, si_pid=9315, si_uid=1001} ---
9165  <... clone resumed>, parent_tid=[15]) = 9329
9329  <... execve resumed>)             = 0
9165  waitid(P_PIDFD, 15,  <unfinished ...>
9324  exit_group(0)                     = ?
9325  +++ exited with 0 +++
9326  +++ exited with 0 +++
9327  +++ exited with 0 +++
9328  +++ exited with 0 +++
9324  +++ exited with 0 +++
9120  --- SIGCHLD {si_signo=SIGCHLD, si_code=CLD_EXITED, si_pid=9324, si_uid=1001, si_status=0, si_utime=0, si_stime=0} ---
9119  <... waitid resumed>{si_signo=SIGCHLD, si_code=CLD_EXITED, si_pid=9324, si_uid=1001, si_status=0, si_utime=0, si_stime=0}, WEXITED, {ru_utime={tv_sec=0, tv_usec=0}, ru_stime={tv_sec=0, tv_usec=4822}, ...}) = 0
9115  tgkill(9114, 9119, SIGURG)        = 0
9119  --- SIGURG {si_signo=SIGURG, si_code=SI_TKILL, si_pid=9114, si_uid=1001} ---
9291  tgkill(9284, 9293, SIGURG)        = 0
9293  --- SIGURG {si_signo=SIGURG, si_code=SI_TKILL, si_pid=9284, si_uid=1001} ---
9118  clone(child_stack=NULL, flags=CLONE_VM|CLONE_PIDFD|CLONE_VFORK|SIGCHLD <unfinished ...>
9323  exit_group(0)                     = ?
9322  +++ exited with 0 +++
9321  +++ exited with 0 +++
9323  +++ exited with 0 +++
9298  exit_group(0)                     = ?
9298  +++ exited with 0 +++
9297  +++ exited with 0 +++
9295  +++ exited with 0 +++
9293  +++ exited with 0 +++
9320  +++ exited with 0 +++
9315  +++ exited with 0 +++
9120  --- SIGCHLD {si_signo=SIGCHLD, si_code=CLD_EXITED, si_pid=9315, si_uid=1001, si_status=0, si_utime=1 /* 0.01 s */, si_stime=0} ---
9330  execve("/opt/hostedtoolcache/go/1.27.0/arm64/pkg/tool/linux_arm64/compile", ["/opt/hostedtoolcache/go/1.27.0/a"..., "-o", "/tmp/go-build4085347996/b027/_pk"..., "-trimpath", "/tmp/go-build4085347996/b027=>", "-p", "internal/runtime/sys", "-lang=go1.27", "-std", "-buildid", "hb5lYIXQrhdvyuACA4Zm/hb5lYIXQrhd"..., "-goversion", "go1.27.0", "-symabis", "/tmp/go-build4085347996/b027/sym"..., "-c=4", "-nolocalimports", "-importcfg", "/tmp/go-build4085347996/b027/imp"..., "-pack", "-asmhdr", "/tmp/go-build4085347996/b027/go_"..., "/opt/hostedtoolcache/go/1.27.0/a"..., "/opt/hostedtoolcache/go/1.27.0/a"..., "/opt/hostedtoolcache/go/1.27.0/a"..., "/opt/hostedtoolcache/go/1.27.0/a"..., "/opt/hostedtoolcache/go/1.27.0/a"..., "/opt/hostedtoolcache/go/1.27.0/a"..., "/opt/hostedtoolcache/go/1.27.0/a"...], 0x32836574e008 /* 140 vars */ <unfinished ...>
9118  <... clone resumed>, parent_tid=[16]) = 9330
9330  <... execve resumed>)             = 0
9114  <... waitid resumed>{si_signo=SIGCHLD, si_code=CLD_EXITED, si_pid=9315, si_uid=1001, si_status=0, si_utime=0, si_stime=0}, WEXITED, {ru_utime={tv_sec=0, tv_usec=12518}, ru_stime={tv_sec=0, tv_usec=4814}, ...}) = 0
9118  waitid(P_PIDFD, 16,  <unfinished ...>
9291  +++ exited with 0 +++
9284  +++ exited with 0 +++
9114  --- SIGCHLD {si_signo=SIGCHLD, si_code=CLD_EXITED, si_pid=9284, si_uid=1001, si_status=0, si_utime=10 /* 0.10 s */, si_stime=2 /* 0.02 s */} ---
9121  <... waitid resumed>{si_signo=SIGCHLD, si_code=CLD_EXITED, si_pid=9284, si_uid=1001, si_status=0, si_utime=0, si_stime=0}, WEXITED, {ru_utime={tv_sec=0, tv_usec=99794}, ru_stime={tv_sec=0, tv_usec=22595}, ...}) = 0
9329  clone(child_stack=0x6b24cdfb4000, flags=CLONE_VM|CLONE_FS|CLONE_FILES|CLONE_SIGHAND|CLONE_THREAD|CLONE_SYSVSEM) = 9331
9329  clone(child_stack=0x6b24cdfec000, flags=CLONE_VM|CLONE_FS|CLONE_FILES|CLONE_SIGHAND|CLONE_THREAD|CLONE_SYSVSEM) = 9332
9329  clone(child_stack=0x6b24cdfe8000, flags=CLONE_VM|CLONE_FS|CLONE_FILES|CLONE_SIGHAND|CLONE_THREAD|CLONE_SYSVSEM) = 9333
9331  tgkill(9329, 9333, SIGURG <unfinished ...>
9332  clone(child_stack=0x6b24ce018000, flags=CLONE_VM|CLONE_FS|CLONE_FILES|CLONE_SIGHAND|CLONE_THREAD|CLONE_SYSVSEM <unfinished ...>
9331  <... tgkill resumed>)             = 0
9333  --- SIGURG {si_signo=SIGURG, si_code=SI_TKILL, si_pid=9329, si_uid=1001} ---
9332  <... clone resumed>)              = 9334
9330  clone(child_stack=0x185602a74000, flags=CLONE_VM|CLONE_FS|CLONE_FILES|CLONE_SIGHAND|CLONE_THREAD|CLONE_SYSVSEM) = 9335
9330  clone(child_stack=0x185602aac000, flags=CLONE_VM|CLONE_FS|CLONE_FILES|CLONE_SIGHAND|CLONE_THREAD|CLONE_SYSVSEM) = 9336
9335  tgkill(9330, 9330, SIGURG)        = 0
9330  clone(child_stack=0x185602aa8000, flags=CLONE_VM|CLONE_FS|CLONE_FILES|CLONE_SIGHAND|CLONE_THREAD|CLONE_SYSVSEM) = 9337
9330  --- SIGURG {si_signo=SIGURG, si_code=SI_TKILL, si_pid=9330, si_uid=1001} ---
9336  clone(child_stack=0x185602b18000, flags=CLONE_VM|CLONE_FS|CLONE_FILES|CLONE_SIGHAND|CLONE_THREAD|CLONE_SYSVSEM) = 9338
9114  clone(child_stack=NULL, flags=CLONE_VM|CLONE_PIDFD|CLONE_VFORK|SIGCHLD <unfinished ...>
9339  execve("/opt/hostedtoolcache/go/1.27.0/arm64/pkg/tool/linux_arm64/compile", ["/opt/hostedtoolcache/go/1.27.0/a"..., "-o", "/tmp/go-build4085347996/b029/_pk"..., "-trimpath", "/tmp/go-build4085347996/b029=>", "-p", "internal/asan", "-lang=go1.27", "-std", "-complete", "-buildid", "Snahoii3H7aBXR6VnsVl/Snahoii3H7a"..., "-goversion", "go1.27.0", "-c=4", "-nolocalimports", "-importcfg", "/tmp/go-build4085347996/b029/imp"..., "-pack", "/opt/hostedtoolcache/go/1.27.0/a"..., "/opt/hostedtoolcache/go/1.27.0/a"...], 0x328365952908 /* 140 vars */ <unfinished ...>
9114  <... clone resumed>, parent_tid=[17]) = 9339
9339  <... execve resumed>)             = 0
9114  waitid(P_PIDFD, 17,  <unfinished ...>
9329  exit_group(0 <unfinished ...>
9331  ???( <unfinished ...>
9329  <... exit_group resumed>)         = ?
9333  +++ exited with 0 +++
9334  +++ exited with 0 +++
9332  +++ exited with 0 +++
9331  +++ exited with 0 +++
9329  +++ exited with 0 +++
9165  <... waitid resumed>{si_signo=SIGCHLD, si_code=CLD_EXITED, si_pid=9329, si_uid=1001, si_status=0, si_utime=0, si_stime=0}, WEXITED, {ru_utime={tv_sec=0, tv_usec=2054}, ru_stime={tv_sec=0, tv_usec=5135}, ...}) = 0
9121  --- SIGCHLD {si_signo=SIGCHLD, si_code=CLD_EXITED, si_pid=9329, si_uid=1001, si_status=0, si_utime=0, si_stime=0} ---
9120  clone(child_stack=NULL, flags=CLONE_VM|CLONE_PIDFD|CLONE_VFORK|SIGCHLD <unfinished ...>
9115  tgkill(9114, 9120, SIGURG)        = 0
9340  execve("/opt/hostedtoolcache/go/1.27.0/arm64/pkg/tool/linux_arm64/compile", ["/opt/hostedtoolcache/go/1.27.0/a"..., "-o", "/tmp/go-build4085347996/b030/_pk"..., "-trimpath", "/tmp/go-build4085347996/b030=>", "-p", "internal/msan", "-lang=go1.27", "-std", "-complete", "-buildid", "SalpvnYs6FblIFmlJqe1/SalpvnYs6Fb"..., "-goversion", "go1.27.0", "-c=4", "-nolocalimports", "-importcfg", "/tmp/go-build4085347996/b030/imp"..., "-pack", "/opt/hostedtoolcache/go/1.27.0/a"..., "/opt/hostedtoolcache/go/1.27.0/a"...], 0x3283656fe008 /* 140 vars */ <unfinished ...>
9120  <... clone resumed>, parent_tid=[9]) = 9340
9340  <... execve resumed>)             = 0
9120  --- SIGURG {si_signo=SIGURG, si_code=SI_TKILL, si_pid=9114, si_uid=1001} ---
9335  clone(child_stack=0x185602e9c000, flags=CLONE_VM|CLONE_FS|CLONE_FILES|CLONE_SIGHAND|CLONE_THREAD|CLONE_SYSVSEM) = 9341
9115  tgkill(9114, 9120, SIGURG <unfinished ...>
9120  --- SIGURG {si_signo=SIGURG, si_code=SI_TKILL, si_pid=9114, si_uid=1001} ---
9115  <... tgkill resumed>)             = 0
9119  waitid(P_PIDFD, 9,  <unfinished ...>
9339  clone(child_stack=0x4d701bf9e000, flags=CLONE_VM|CLONE_FS|CLONE_FILES|CLONE_SIGHAND|CLONE_THREAD|CLONE_SYSVSEM) = 9342
9342  tgkill(9339, 9339, SIGURG)        = 0
9339  --- SIGURG {si_signo=SIGURG, si_code=SI_TKILL, si_pid=9339, si_uid=1001} ---
9342  tgkill(9339, 9339, SIGURG)        = 0
9339  clone(child_stack=0x4d701bfd6000, flags=CLONE_VM|CLONE_FS|CLONE_FILES|CLONE_SIGHAND|CLONE_THREAD|CLONE_SYSVSEM) = 9343
9339  --- SIGURG {si_signo=SIGURG, si_code=SI_TKILL, si_pid=9339, si_uid=1001} ---
9339  clone(child_stack=0x4d701bfd2000, flags=CLONE_VM|CLONE_FS|CLONE_FILES|CLONE_SIGHAND|CLONE_THREAD|CLONE_SYSVSEM) = 9344
9343  clone(child_stack=0x4d701c018000, flags=CLONE_VM|CLONE_FS|CLONE_FILES|CLONE_SIGHAND|CLONE_THREAD|CLONE_SYSVSEM) = 9345
9343  clone(child_stack=0x4d701c014000, flags=CLONE_VM|CLONE_FS|CLONE_FILES|CLONE_SIGHAND|CLONE_THREAD|CLONE_SYSVSEM) = 9346
9120  clone(child_stack=0x32836569c000, flags=CLONE_VM|CLONE_FS|CLONE_FILES|CLONE_SIGHAND|CLONE_THREAD|CLONE_SYSVSEM) = 9347
9120  tgkill(9114, 9117, SIGURG)        = 0
9117  clone(child_stack=NULL, flags=CLONE_VM|CLONE_PIDFD|CLONE_VFORK|SIGCHLD <unfinished ...>
9340  clone(child_stack=0x37da6fda0000, flags=CLONE_VM|CLONE_FS|CLONE_FILES|CLONE_SIGHAND|CLONE_THREAD|CLONE_SYSVSEM) = 9349
9340  clone(child_stack=0x37da6fdd8000, flags=CLONE_VM|CLONE_FS|CLONE_FILES|CLONE_SIGHAND|CLONE_THREAD|CLONE_SYSVSEM) = 9350
9340  clone(child_stack=0x37da6fdd4000, flags=CLONE_VM|CLONE_FS|CLONE_FILES|CLONE_SIGHAND|CLONE_THREAD|CLONE_SYSVSEM) = 9351
9350  clone(child_stack=0x37da6fe18000, flags=CLONE_VM|CLONE_FS|CLONE_FILES|CLONE_SIGHAND|CLONE_THREAD|CLONE_SYSVSEM) = 9352
9340  clone(child_stack=0x37da6fe14000, flags=CLONE_VM|CLONE_FS|CLONE_FILES|CLONE_SIGHAND|CLONE_THREAD|CLONE_SYSVSEM) = 9353
9348  execve("/opt/hostedtoolcache/go/1.27.0/arm64/pkg/tool/linux_arm64/compile", ["/opt/hostedtoolcache/go/1.27.0/a"..., "-o", "/tmp/go-build4085347996/b020/_pk"..., "-trimpath", "/tmp/go-build4085347996/b020=>", "-p", "internal/runtime/cgroup", "-lang=go1.27", "-std", "-complete", "-buildid", "-5oXMvpvNUitWArimBbV/-5oXMvpvNUi"..., "-goversion", "go1.27.0", "-c=4", "-nolocalimports", "-importcfg", "/tmp/go-build4085347996/b020/imp"..., "-pack", "/opt/hostedtoolcache/go/1.27.0/a"..., "/opt/hostedtoolcache/go/1.27.0/a"..., "/opt/hostedtoolcache/go/1.27.0/a"..., "/opt/hostedtoolcache/go/1.27.0/a"...], 0x328365953208 /* 140 vars */) = 0
9117  <... clone resumed>, parent_tid=[18]) = 9348
9117  --- SIGURG {si_signo=SIGURG, si_code=SI_TKILL, si_pid=9114, si_uid=1001} ---
9341  exit_group(0)                     = ?
9338  +++ exited with 0 +++
9341  +++ exited with 0 +++
9335  +++ exited with 0 +++
9337  +++ exited with 0 +++
9117  waitid(P_PIDFD, 18,  <unfinished ...>
9336  +++ exited with 0 +++
9330  +++ exited with 0 +++
9116  --- SIGCHLD {si_signo=SIGCHLD, si_code=CLD_EXITED, si_pid=9330, si_uid=1001, si_status=0, si_utime=1 /* 0.01 s */, si_stime=0} ---
9118  <... waitid resumed>{si_signo=SIGCHLD, si_code=CLD_EXITED, si_pid=9330, si_uid=1001, si_status=0, si_utime=0, si_stime=0}, WEXITED, {ru_utime={tv_sec=0, tv_usec=10127}, ru_stime={tv_sec=0, tv_usec=9115}, ...}) = 0
9118  clone(child_stack=NULL, flags=CLONE_VM|CLONE_PIDFD|CLONE_VFORK|SIGCHLD <unfinished ...>
9354  execve("/opt/hostedtoolcache/go/1.27.0/arm64/pkg/tool/linux_arm64/asm", ["/opt/hostedtoolcache/go/1.27.0/a"..., "-p", "internal/runtime/sys", "-trimpath", "/tmp/go-build4085347996/b027=>", "-I", "/tmp/go-build4085347996/b027/", "-I", "/opt/hostedtoolcache/go/1.27.0/a"..., "-D", "GOOS_linux", "-D", "GOARCH_arm64", "-std", "-o", "/tmp/go-build4085347996/b027/dit"..., "/opt/hostedtoolcache/go/1.27.0/a"...], 0x3283656fe008 /* 140 vars */ <unfinished ...>
9118  <... clone resumed>, parent_tid=[16]) = 9354
9354  <... execve resumed>)             = 0
9343  exit_group(0)                     = ?
9346  +++ exited with 0 +++
9345  +++ exited with 0 +++
9344  +++ exited with 0 +++
9342  +++ exited with 0 +++
9118  waitid(P_PIDFD, 16,  <unfinished ...>
9343  +++ exited with 0 +++
9339  +++ exited with 0 +++
9116  --- SIGCHLD {si_signo=SIGCHLD, si_code=CLD_EXITED, si_pid=9339, si_uid=1001, si_status=0, si_utime=0, si_stime=0} ---
9114  <... waitid resumed>{si_signo=SIGCHLD, si_code=CLD_EXITED, si_pid=9339, si_uid=1001, si_status=0, si_utime=0, si_stime=0}, WEXITED, {ru_utime={tv_sec=0, tv_usec=5634}, ru_stime={tv_sec=0, tv_usec=5634}, ...}) = 0
9348  clone(child_stack=0x178975932000, flags=CLONE_VM|CLONE_FS|CLONE_FILES|CLONE_SIGHAND|CLONE_THREAD|CLONE_SYSVSEM) = 9355
9348  clone(child_stack=0x17897596a000, flags=CLONE_VM|CLONE_FS|CLONE_FILES|CLONE_SIGHAND|CLONE_THREAD|CLONE_SYSVSEM <unfinished ...>
9355  tgkill(9348, 9348, SIGURG)        = 0
9348  <... clone resumed>)              = 9356
9348  --- SIGURG {si_signo=SIGURG, si_code=SI_TKILL, si_pid=9348, si_uid=1001} ---
9355  tgkill(9348, 9348, SIGURG)        = 0
9348  clone(child_stack=0x178975966000, flags=CLONE_VM|CLONE_FS|CLONE_FILES|CLONE_SIGHAND|CLONE_THREAD|CLONE_SYSVSEM) = 9357
9348  --- SIGURG {si_signo=SIGURG, si_code=SI_TKILL, si_pid=9348, si_uid=1001} ---
9356  clone(child_stack=0x178975998000, flags=CLONE_VM|CLONE_FS|CLONE_FILES|CLONE_SIGHAND|CLONE_THREAD|CLONE_SYSVSEM) = 9358
9358  clone(child_stack=0x178975994000, flags=CLONE_VM|CLONE_FS|CLONE_FILES|CLONE_SIGHAND|CLONE_THREAD|CLONE_SYSVSEM) = 9359
9354  clone(child_stack=0x43eb15550000, flags=CLONE_VM|CLONE_FS|CLONE_FILES|CLONE_SIGHAND|CLONE_THREAD|CLONE_SYSVSEM) = 9360
9340  exit_group(0 <unfinished ...>
9354  clone(child_stack=0x43eb15588000, flags=CLONE_VM|CLONE_FS|CLONE_FILES|CLONE_SIGHAND|CLONE_THREAD|CLONE_SYSVSEM <unfinished ...>
9340  <... exit_group resumed>)         = ?
9352  +++ exited with 0 +++
9351  +++ exited with 0 +++
9353  +++ exited with 0 +++
9349  +++ exited with 0 +++
9354  <... clone resumed>)              = 9361
9350  +++ exited with 0 +++
9340  +++ exited with 0 +++
9119  <... waitid resumed>{si_signo=SIGCHLD, si_code=CLD_EXITED, si_pid=9340, si_uid=1001, si_status=0, si_utime=0, si_stime=0}, WEXITED, {ru_utime={tv_sec=0, tv_usec=4642}, ru_stime={tv_sec=0, tv_usec=8123}, ...}) = 0
9120  --- SIGCHLD {si_signo=SIGCHLD, si_code=CLD_EXITED, si_pid=9340, si_uid=1001, si_status=0, si_utime=0, si_stime=0} ---
9354  clone(child_stack=0x43eb15584000, flags=CLONE_VM|CLONE_FS|CLONE_FILES|CLONE_SIGHAND|CLONE_THREAD|CLONE_SYSVSEM) = 9362
9361  clone(child_stack=0x43eb15618000, flags=CLONE_VM|CLONE_FS|CLONE_FILES|CLONE_SIGHAND|CLONE_THREAD|CLONE_SYSVSEM) = 9363
9119  clone(child_stack=NULL, flags=CLONE_VM|CLONE_PIDFD|CLONE_VFORK|SIGCHLD <unfinished ...>
9114  clone(child_stack=NULL, flags=CLONE_VM|CLONE_PIDFD|CLONE_VFORK|SIGCHLD <unfinished ...>
9364  execve("/opt/hostedtoolcache/go/1.27.0/arm64/pkg/tool/linux_arm64/compile", ["/opt/hostedtoolcache/go/1.27.0/a"..., "-o", "/tmp/go-build4085347996/b031/_pk"..., "-trimpath", "/tmp/go-build4085347996/b031=>", "-p", "internal/race", "-lang=go1.27", "-std", "-complete", "-buildid", "LM_jpfbmgh_qCeAVD4lm/LM_jpfbmgh_"..., "-goversion", "go1.27.0", "-c=4", "-nolocalimports", "-importcfg", "/tmp/go-build4085347996/b031/imp"..., "-pack", "/opt/hostedtoolcache/go/1.27.0/a"..., "/opt/hostedtoolcache/go/1.27.0/a"...], 0x328365952008 /* 140 vars */ <unfinished ...>
9119  <... clone resumed>, parent_tid=[15]) = 9364
9364  <... execve resumed>)             = 0
9354  exit_group(0)                     = ?
9360  +++ exited with 0 +++
9363  +++ exited with 0 +++
9362  +++ exited with 0 +++
9361  +++ exited with 0 +++
9354  +++ exited with 0 +++
9118  <... waitid resumed>{si_signo=SIGCHLD, si_code=CLD_EXITED, si_pid=9354, si_uid=1001, si_status=0, si_utime=0, si_stime=0}, WEXITED, {ru_utime={tv_sec=0, tv_usec=1043}, ru_stime={tv_sec=0, tv_usec=5219}, ...}) = 0
9116  --- SIGCHLD {si_signo=SIGCHLD, si_code=CLD_EXITED, si_pid=9354, si_uid=1001, si_status=0, si_utime=0, si_stime=0} ---
9365  execve("/opt/hostedtoolcache/go/1.27.0/arm64/pkg/tool/linux_arm64/compile", ["/opt/hostedtoolcache/go/1.27.0/a"..., "-o", "/tmp/go-build4085347996/b032/_pk"..., "-trimpath", "/tmp/go-build4085347996/b032=>", "-p", "internal/runtime/math", "-lang=go1.27", "-std", "-complete", "-buildid", "Rl5bQFERfBHM5Kv1jXzG/Rl5bQFERfBH"..., "-goversion", "go1.27.0", "-c=4", "-nolocalimports", "-importcfg", "/tmp/go-build4085347996/b032/imp"..., "-pack", "/opt/hostedtoolcache/go/1.27.0/a"...], 0x32836574e008 /* 140 vars */ <unfinished ...>
9114  <... clone resumed>, parent_tid=[22]) = 9365
9365  <... execve resumed>)             = 0
9114  waitid(P_PIDFD, 22,  <unfinished ...>
9119  waitid(P_PIDFD, 15,  <unfinished ...>
9116  clone(child_stack=NULL, flags=CLONE_VM|CLONE_PIDFD|CLONE_VFORK|SIGCHLD <unfinished ...>
9366  execve("/opt/hostedtoolcache/go/1.27.0/arm64/pkg/tool/linux_arm64/asm", ["/opt/hostedtoolcache/go/1.27.0/a"..., "-p", "internal/runtime/sys", "-trimpath", "/tmp/go-build4085347996/b027=>", "-I", "/tmp/go-build4085347996/b027/", "-I", "/opt/hostedtoolcache/go/1.27.0/a"..., "-D", "GOOS_linux", "-D", "GOARCH_arm64", "-std", "-o", "/tmp/go-build4085347996/b027/emp"..., "/opt/hostedtoolcache/go/1.27.0/a"...], 0x3283656fe488 /* 140 vars */ <unfinished ...>
9116  <... clone resumed>, parent_tid=[9]) = 9366
9366  <... execve resumed>)             = 0
9116  waitid(P_PIDFD, 9,  <unfinished ...>
9364  clone(child_stack=0x4a79537cc000, flags=CLONE_VM|CLONE_FS|CLONE_FILES|CLONE_SIGHAND|CLONE_THREAD|CLONE_SYSVSEM) = 9367
9367  tgkill(9364, 9364, SIGURG)        = 0
9364  --- SIGURG {si_signo=SIGURG, si_code=SI_TKILL, si_pid=9364, si_uid=1001} ---
9367  tgkill(9364, 9364, SIGURG)        = 0
9364  clone(child_stack=0x4a7953808000, flags=CLONE_VM|CLONE_FS|CLONE_FILES|CLONE_SIGHAND|CLONE_THREAD|CLONE_SYSVSEM) = 9368
9364  --- SIGURG {si_signo=SIGURG, si_code=SI_TKILL, si_pid=9364, si_uid=1001} ---
9364  clone(child_stack=0x4a7953804000, flags=CLONE_VM|CLONE_FS|CLONE_FILES|CLONE_SIGHAND|CLONE_THREAD|CLONE_SYSVSEM) = 9369
9368  clone(child_stack=0x4a7953828000, flags=CLONE_VM|CLONE_FS|CLONE_FILES|CLONE_SIGHAND|CLONE_THREAD|CLONE_SYSVSEM) = 9370
9368  clone(child_stack=0x4a7953824000, flags=CLONE_VM|CLONE_FS|CLONE_FILES|CLONE_SIGHAND|CLONE_THREAD|CLONE_SYSVSEM) = 9371
9355  tgkill(9348, 9356, SIGURG <unfinished ...>
9356  --- SIGURG {si_signo=SIGURG, si_code=SI_TKILL, si_pid=9348, si_uid=1001} ---
9355  <... tgkill resumed>)             = 0
9366  clone(child_stack=0xb4d62742000, flags=CLONE_VM|CLONE_FS|CLONE_FILES|CLONE_SIGHAND|CLONE_THREAD|CLONE_SYSVSEM) = 9372
9366  clone(child_stack=0xb4d6277a000, flags=CLONE_VM|CLONE_FS|CLONE_FILES|CLONE_SIGHAND|CLONE_THREAD|CLONE_SYSVSEM) = 9373
9366  clone(child_stack=0xb4d62776000, flags=CLONE_VM|CLONE_FS|CLONE_FILES|CLONE_SIGHAND|CLONE_THREAD|CLONE_SYSVSEM) = 9374
9365  clone(child_stack=0x61705ede8000, flags=CLONE_VM|CLONE_FS|CLONE_FILES|CLONE_SIGHAND|CLONE_THREAD|CLONE_SYSVSEM) = 9375
9365  clone(child_stack=0x61705ee20000, flags=CLONE_VM|CLONE_FS|CLONE_FILES|CLONE_SIGHAND|CLONE_THREAD|CLONE_SYSVSEM) = 9376
9373  clone(child_stack=0xb4d627a8000, flags=CLONE_VM|CLONE_FS|CLONE_FILES|CLONE_SIGHAND|CLONE_THREAD|CLONE_SYSVSEM) = 9377
9365  clone(child_stack=0x61705ee1c000, flags=CLONE_VM|CLONE_FS|CLONE_FILES|CLONE_SIGHAND|CLONE_THREAD|CLONE_SYSVSEM) = 9378
9365  clone(child_stack=0x61705ee44000, flags=CLONE_VM|CLONE_FS|CLONE_FILES|CLONE_SIGHAND|CLONE_THREAD|CLONE_SYSVSEM) = 9379
9377  clone(child_stack=0xb4d627a4000, flags=CLONE_VM|CLONE_FS|CLONE_FILES|CLONE_SIGHAND|CLONE_THREAD|CLONE_SYSVSEM <unfinished ...>
9376  clone(child_stack=0x61705ee40000, flags=CLONE_VM|CLONE_FS|CLONE_FILES|CLONE_SIGHAND|CLONE_THREAD|CLONE_SYSVSEM <unfinished ...>
9377  <... clone resumed>)              = 9380
9376  <... clone resumed>)              = 9381
9368  exit_group(0)                     = ?
9371  +++ exited with 0 +++
9370  +++ exited with 0 +++
9369  +++ exited with 0 +++
9367  +++ exited with 0 +++
9368  +++ exited with 0 +++
9364  +++ exited with 0 +++
9119  <... waitid resumed>{si_signo=SIGCHLD, si_code=CLD_EXITED, si_pid=9364, si_uid=1001, si_status=0, si_utime=0, si_stime=0}, WEXITED, {ru_utime={tv_sec=0, tv_usec=7830}, ru_stime={tv_sec=0, tv_usec=5593}, ...}) = 0
9118  --- SIGCHLD {si_signo=SIGCHLD, si_code=CLD_EXITED, si_pid=9364, si_uid=1001, si_status=0, si_utime=0, si_stime=0} ---
9359  exit_group(0 <unfinished ...>
9355  ???( <unfinished ...>
9359  <... exit_group resumed>)         = ?
9359  +++ exited with 0 +++
9358  +++ exited with 0 +++
9356  +++ exited with 0 +++
9357  +++ exited with 0 +++
9355  +++ exited with 0 +++
9373  exit_group(0)                     = ?
9380  +++ exited with 0 +++
9372  +++ exited with 0 +++
9373  +++ exited with 0 +++
9377  +++ exited with 0 +++
9374  +++ exited with 0 +++
9366  +++ exited with 0 +++
9118  --- SIGCHLD {si_signo=SIGCHLD, si_code=CLD_EXITED, si_pid=9366, si_uid=1001, si_status=0, si_utime=0, si_stime=0} ---
9116  <... waitid resumed>{si_signo=SIGCHLD, si_code=CLD_EXITED, si_pid=9366, si_uid=1001, si_status=0, si_utime=0, si_stime=0}, WEXITED, {ru_utime={tv_sec=0, tv_usec=2962}, ru_stime={tv_sec=0, tv_usec=2962}, ...}) = 0
9115  tgkill(9114, 9118, SIGURG)        = 0
9348  +++ exited with 0 +++
9117  <... waitid resumed>{si_signo=SIGCHLD, si_code=CLD_EXITED, si_pid=9348, si_uid=1001, si_status=0, si_utime=0, si_stime=0}, WEXITED, {ru_utime={tv_sec=0, tv_usec=33940}, ru_stime={tv_sec=0, tv_usec=7272}, ...}) = 0
9117  --- SIGCHLD {si_signo=SIGCHLD, si_code=CLD_EXITED, si_pid=9348, si_uid=1001, si_status=0, si_utime=2 /* 0.02 s */, si_stime=0} ---
9118  --- SIGURG {si_signo=SIGURG, si_code=SI_TKILL, si_pid=9114, si_uid=1001} ---
9381  exit_group(0)                     = ?
9381  +++ exited with 0 +++
9378  +++ exited with 0 +++
9379  +++ exited with 0 +++
9375  +++ exited with 0 +++
9376  +++ exited with 0 +++
9365  +++ exited with 0 +++
9116  --- SIGCHLD {si_signo=SIGCHLD, si_code=CLD_EXITED, si_pid=9365, si_uid=1001, si_status=0, si_utime=0, si_stime=0} ---
9114  <... waitid resumed>{si_signo=SIGCHLD, si_code=CLD_EXITED, si_pid=9365, si_uid=1001, si_status=0, si_utime=0, si_stime=0}, WEXITED, {ru_utime={tv_sec=0, tv_usec=4929}, ru_stime={tv_sec=0, tv_usec=7393}, ...}) = 0
9119  clone(child_stack=NULL, flags=CLONE_VM|CLONE_PIDFD|CLONE_VFORK|SIGCHLD <unfinished ...>
9115  tgkill(9114, 9119, SIGURG)        = 0
9382  execve("/opt/hostedtoolcache/go/1.27.0/arm64/pkg/tool/linux_arm64/compile", ["/opt/hostedtoolcache/go/1.27.0/a"..., "-o", "/tmp/go-build4085347996/b033/_pk"..., "-trimpath", "/tmp/go-build4085347996/b033=>", "-p", "internal/runtime/pprof/label", "-lang=go1.27", "-std", "-complete", "-buildid", "Eg8N_MxFqku91gGqShHx/Eg8N_MxFqku"..., "-goversion", "go1.27.0", "-c=4", "-nolocalimports", "-importcfg", "/tmp/go-build4085347996/b033/imp"..., "-pack", "/opt/hostedtoolcache/go/1.27.0/a"...], 0x32836574e488 /* 140 vars */ <unfinished ...>
9119  <... clone resumed>, parent_tid=[8]) = 9382
9119  --- SIGURG {si_signo=SIGURG, si_code=SI_TKILL, si_pid=9114, si_uid=1001} ---
9382  <... execve resumed>)             = 0
9118  waitid(P_PIDFD, 8,  <unfinished ...>
9119  clone(child_stack=NULL, flags=CLONE_VM|CLONE_PIDFD|CLONE_VFORK|SIGCHLD <unfinished ...>
9114  tgkill(9114, 9119, SIGURG)        = 0
9114  tgkill(9114, 9165, SIGURG)        = 0
9165  --- SIGURG {si_signo=SIGURG, si_code=SI_TKILL, si_pid=9114, si_uid=1001} ---
9114  tgkill(9114, 9165, SIGURG)        = 0
9165  --- SIGURG {si_signo=SIGURG, si_code=SI_TKILL, si_pid=9114, si_uid=1001} ---
9114  tgkill(9114, 9116, SIGURG)        = 0
9116  --- SIGURG {si_signo=SIGURG, si_code=SI_TKILL, si_pid=9114, si_uid=1001} ---
9383  execve("/opt/hostedtoolcache/go/1.27.0/arm64/pkg/tool/linux_arm64/compile", ["/opt/hostedtoolcache/go/1.27.0/a"..., "-o", "/tmp/go-build4085347996/b034/_pk"..., "-trimpath", "/tmp/go-build4085347996/b034=>", "-p", "internal/stringslite", "-lang=go1.27", "-std", "-complete", "-buildid", "0N5wFt4fbj0ov3472Cb5/0N5wFt4fbj0"..., "-goversion", "go1.27.0", "-c=4", "-nolocalimports", "-importcfg", "/tmp/go-build4085347996/b034/imp"..., "-pack", "/opt/hostedtoolcache/go/1.27.0/a"...], 0x32836574f208 /* 140 vars */ <unfinished ...>
9119  <... clone resumed>, parent_tid=[15]) = 9383
9119  --- SIGURG {si_signo=SIGURG, si_code=SI_TKILL, si_pid=9114, si_uid=1001} ---
9383  <... execve resumed>)             = 0
9114  tgkill(9114, 9116, SIGURG)        = 0
9116  --- SIGURG {si_signo=SIGURG, si_code=SI_TKILL, si_pid=9114, si_uid=1001} ---
9114  tgkill(9114, 9119, SIGURG)        = 0
9119  --- SIGURG {si_signo=SIGURG, si_code=SI_TKILL, si_pid=9114, si_uid=1001} ---
9165  waitid(P_PIDFD, 15,  <unfinished ...>
9119  clone(child_stack=NULL, flags=CLONE_VM|CLONE_PIDFD|CLONE_VFORK|SIGCHLD <unfinished ...>
9384  execve("/opt/hostedtoolcache/go/1.27.0/arm64/pkg/tool/linux_arm64/compile", ["/opt/hostedtoolcache/go/1.27.0/a"..., "-o", "/tmp/go-build4085347996/b026/_pk"..., "-trimpath", "/tmp/go-build4085347996/b026=>", "-p", "internal/runtime/gc/scan", "-lang=go1.27", "-std", "-complete", "-buildid", "7N6iVycJuk80ivyeeBlj/7N6iVycJuk8"..., "-goversion", "go1.27.0", "-c=4", "-nolocalimports", "-importcfg", "/tmp/go-build4085347996/b026/imp"..., "-pack", "/opt/hostedtoolcache/go/1.27.0/a"..., "/opt/hostedtoolcache/go/1.27.0/a"..., "/opt/hostedtoolcache/go/1.27.0/a"..., "/opt/hostedtoolcache/go/1.27.0/a"..., "/opt/hostedtoolcache/go/1.27.0/a"...], 0x328365952008 /* 140 vars */ <unfinished ...>
9119  <... clone resumed>, parent_tid=[14]) = 9384
9384  <... execve resumed>)             = 0
9382  clone(child_stack=0x65f8bf2a2000, flags=CLONE_VM|CLONE_FS|CLONE_FILES|CLONE_SIGHAND|CLONE_THREAD|CLONE_SYSVSEM <unfinished ...>
9119  waitid(P_PIDFD, 14,  <unfinished ...>
9382  <... clone resumed>)              = 9385
9382  clone(child_stack=0x65f8bf2da000, flags=CLONE_VM|CLONE_FS|CLONE_FILES|CLONE_SIGHAND|CLONE_THREAD|CLONE_SYSVSEM) = 9386
9382  clone(child_stack=0x65f8bf2d6000, flags=CLONE_VM|CLONE_FS|CLONE_FILES|CLONE_SIGHAND|CLONE_THREAD|CLONE_SYSVSEM) = 9387
9114  clone(child_stack=NULL, flags=CLONE_VM|CLONE_PIDFD|CLONE_VFORK|SIGCHLD <unfinished ...>
9386  clone(child_stack=0x65f8bf318000, flags=CLONE_VM|CLONE_FS|CLONE_FILES|CLONE_SIGHAND|CLONE_THREAD|CLONE_SYSVSEM) = 9389
9388  execve("/opt/hostedtoolcache/go/1.27.0/arm64/pkg/tool/linux_arm64/asm", ["/opt/hostedtoolcache/go/1.27.0/a"..., "-p", "internal/runtime/maps", "-trimpath", "/tmp/go-build4085347996/b028=>", "-I", "/tmp/go-build4085347996/b028/", "-I", "/opt/hostedtoolcache/go/1.27.0/a"..., "-D", "GOOS_linux", "-D", "GOARCH_arm64", "-std", "-gensymabis", "-o", "/tmp/go-build4085347996/b028/sym"..., "/opt/hostedtoolcache/go/1.27.0/a"...], 0x32836574e008 /* 140 vars */ <unfinished ...>
9114  <... clone resumed>, parent_tid=[18]) = 9388
9388  <... execve resumed>)             = 0
9114  waitid(P_PIDFD, 18,  <unfinished ...>
9383  clone(child_stack=0x375b4a3c8000, flags=CLONE_VM|CLONE_FS|CLONE_FILES|CLONE_SIGHAND|CLONE_THREAD|CLONE_SYSVSEM) = 9390
9383  clone(child_stack=0x375b4a400000, flags=CLONE_VM|CLONE_FS|CLONE_FILES|CLONE_SIGHAND|CLONE_THREAD|CLONE_SYSVSEM) = 9391
9390  tgkill(9383, 9383, SIGURG)        = 0
9383  --- SIGURG {si_signo=SIGURG, si_code=SI_TKILL, si_pid=9383, si_uid=1001} ---
9383  clone(child_stack=0x375b4a3fc000, flags=CLONE_VM|CLONE_FS|CLONE_FILES|CLONE_SIGHAND|CLONE_THREAD|CLONE_SYSVSEM) = 9392
9391  clone(child_stack=0x375b4a420000, flags=CLONE_VM|CLONE_FS|CLONE_FILES|CLONE_SIGHAND|CLONE_THREAD|CLONE_SYSVSEM) = 9393
9384  clone(child_stack=0x125056554000, flags=CLONE_VM|CLONE_FS|CLONE_FILES|CLONE_SIGHAND|CLONE_THREAD|CLONE_SYSVSEM) = 9394
9384  clone(child_stack=0x125056590000, flags=CLONE_VM|CLONE_FS|CLONE_FILES|CLONE_SIGHAND|CLONE_THREAD|CLONE_SYSVSEM) = 9395
9384  clone(child_stack=0x12505658c000, flags=CLONE_VM|CLONE_FS|CLONE_FILES|CLONE_SIGHAND|CLONE_THREAD|CLONE_SYSVSEM) = 9396
9395  clone(child_stack=0x1250565b8000, flags=CLONE_VM|CLONE_FS|CLONE_FILES|CLONE_SIGHAND|CLONE_THREAD|CLONE_SYSVSEM) = 9397
9389  exit_group(0)                     = ?
9387  +++ exited with 0 +++
9389  +++ exited with 0 +++
9386  +++ exited with 0 +++
9388  clone(child_stack=0x67b983a4a000, flags=CLONE_VM|CLONE_FS|CLONE_FILES|CLONE_SIGHAND|CLONE_THREAD|CLONE_SYSVSEM) = 9398
9385  +++ exited with 0 +++
9382  +++ exited with 0 +++
9119  <... waitid resumed>0x3283656d2fb8, WEXITED, 0x328365710090) = ? ERESTARTSYS (To be restarted if SA_RESTART is set)
9118  <... waitid resumed>{si_signo=SIGCHLD, si_code=CLD_EXITED, si_pid=9382, si_uid=1001, si_status=0, si_utime=0, si_stime=0}, WEXITED, {ru_utime={tv_sec=0, tv_usec=4012}, ru_stime={tv_sec=0, tv_usec=8024}, ...}) = 0
9119  --- SIGCHLD {si_signo=SIGCHLD, si_code=CLD_EXITED, si_pid=9382, si_uid=1001, si_status=0, si_utime=0, si_stime=0} ---
9119  waitid(P_PIDFD, 14,  <unfinished ...>
9388  clone(child_stack=0x67b983a88000, flags=CLONE_VM|CLONE_FS|CLONE_FILES|CLONE_SIGHAND|CLONE_THREAD|CLONE_SYSVSEM) = 9399
9398  tgkill(9388, 9388, SIGURG)        = 0
9388  --- SIGURG {si_signo=SIGURG, si_code=SI_TKILL, si_pid=9388, si_uid=1001} ---
9388  clone(child_stack=0x67b983a84000, flags=CLONE_VM|CLONE_FS|CLONE_FILES|CLONE_SIGHAND|CLONE_THREAD|CLONE_SYSVSEM) = 9400
9399  clone(child_stack=0x67b983aa8000, flags=CLONE_VM|CLONE_FS|CLONE_FILES|CLONE_SIGHAND|CLONE_THREAD|CLONE_SYSVSEM) = 9401
9390  tgkill(9383, 9383, SIGURG)        = 0
9383  --- SIGURG {si_signo=SIGURG, si_code=SI_TKILL, si_pid=9383, si_uid=1001} ---
9388  exit_group(0)                     = ?
9398  +++ exited with 0 +++
9400  +++ exited with 0 +++
9399  +++ exited with 0 +++
9401  +++ exited with 0 +++
9388  +++ exited with 0 +++
9117  --- SIGCHLD {si_signo=SIGCHLD, si_code=CLD_EXITED, si_pid=9388, si_uid=1001, si_status=0, si_utime=0, si_stime=0} ---
9114  <... waitid resumed>{si_signo=SIGCHLD, si_code=CLD_EXITED, si_pid=9388, si_uid=1001, si_status=0, si_utime=0, si_stime=0}, WEXITED, {ru_utime={tv_sec=0, tv_usec=3243}, ru_stime={tv_sec=0, tv_usec=3243}, ...}) = 0
9115  tgkill(9114, 9114, SIGURG)        = 0
9114  --- SIGURG {si_signo=SIGURG, si_code=SI_TKILL, si_pid=9114, si_uid=1001} ---
9394  tgkill(9384, 9396, SIGURG <unfinished ...>
9396  --- SIGURG {si_signo=SIGURG, si_code=SI_TKILL, si_pid=9384, si_uid=1001} ---
9394  <... tgkill resumed>)             = 0
9118  clone(child_stack=NULL, flags=CLONE_VM|CLONE_PIDFD|CLONE_VFORK|SIGCHLD <unfinished ...>
9383  exit_group(0)                     = ?
9393  +++ exited with 0 +++
9392  +++ exited with 0 +++
9390  +++ exited with 0 +++
9391  +++ exited with 0 +++
9383  +++ exited with 0 +++
9119  <... waitid resumed>0x3283656d2fb8, WEXITED, 0x328365710090) = ? ERESTARTSYS (To be restarted if SA_RESTART is set)
9165  <... waitid resumed>{si_signo=SIGCHLD, si_code=CLD_EXITED, si_pid=9383, si_uid=1001, si_status=0, si_utime=0, si_stime=0}, WEXITED, {ru_utime={tv_sec=0, tv_usec=14265}, ru_stime={tv_sec=0, tv_usec=7608}, ...}) = 0
9116  --- SIGCHLD {si_signo=SIGCHLD, si_code=CLD_EXITED, si_pid=9383, si_uid=1001, si_status=0, si_utime=1 /* 0.01 s */, si_stime=0} ---
9119  waitid(P_PIDFD, 14,  <unfinished ...>
9117  clone(child_stack=NULL, flags=CLONE_VM|CLONE_PIDFD|CLONE_VFORK|SIGCHLD <unfinished ...>
9402  execve("/opt/hostedtoolcache/go/1.27.0/arm64/pkg/tool/linux_arm64/compile", ["/opt/hostedtoolcache/go/1.27.0/a"..., "-o", "/tmp/go-build4085347996/b028/_pk"..., "-trimpath", "/tmp/go-build4085347996/b028=>", "-p", "internal/runtime/maps", "-lang=go1.27", "-std", "-buildid", "VWf-lF96smOc6_-4t8NZ/VWf-lF96smO"..., "-goversion", "go1.27.0", "-symabis", "/tmp/go-build4085347996/b028/sym"..., "-c=4", "-nolocalimports", "-importcfg", "/tmp/go-build4085347996/b028/imp"..., "-pack", "-asmhdr", "/tmp/go-build4085347996/b028/go_"..., "/opt/hostedtoolcache/go/1.27.0/a"..., "/opt/hostedtoolcache/go/1.27.0/a"..., "/opt/hostedtoolcache/go/1.27.0/a"..., "/opt/hostedtoolcache/go/1.27.0/a"..., "/opt/hostedtoolcache/go/1.27.0/a"..., "/opt/hostedtoolcache/go/1.27.0/a"..., "/opt/hostedtoolcache/go/1.27.0/a"..., "/opt/hostedtoolcache/go/1.27.0/a"..., "/opt/hostedtoolcache/go/1.27.0/a"..., "/opt/hostedtoolcache/go/1.27.0/a"..., ...], 0x3283656fe488 /* 140 vars */ <unfinished ...>
9118  <... clone resumed>, parent_tid=[17]) = 9402
9402  <... execve resumed>)             = 0
9395  exit_group(0)                     = ?
9396  +++ exited with 0 +++
9395  +++ exited with 0 +++
9394  +++ exited with 0 +++
9397  +++ exited with 0 +++
9384  +++ exited with 0 +++
9119  <... waitid resumed>{si_signo=SIGCHLD, si_code=CLD_EXITED, si_pid=9384, si_uid=1001, si_status=0, si_utime=0, si_stime=0}, WEXITED, {ru_utime={tv_sec=0, tv_usec=14519}, ru_stime={tv_sec=0, tv_usec=6222}, ...}) = 0
9165  --- SIGCHLD {si_signo=SIGCHLD, si_code=CLD_EXITED, si_pid=9384, si_uid=1001, si_status=0, si_utime=1 /* 0.01 s */, si_stime=0} ---
9403  execve("/opt/hostedtoolcache/go/1.27.0/arm64/pkg/tool/linux_arm64/compile", ["/opt/hostedtoolcache/go/1.27.0/a"..., "-o", "/tmp/go-build4085347996/b035/_pk"..., "-trimpath", "/tmp/go-build4085347996/b035=>", "-p", "internal/trace/tracev2", "-lang=go1.27", "-std", "-complete", "-buildid", "9X1Bi1Su5X82KuPg6t5X/9X1Bi1Su5X8"..., "-goversion", "go1.27.0", "-c=4", "-nolocalimports", "-importcfg", "/tmp/go-build4085347996/b035/imp"..., "-pack", "/opt/hostedtoolcache/go/1.27.0/a"..., "/opt/hostedtoolcache/go/1.27.0/a"..., "/opt/hostedtoolcache/go/1.27.0/a"...], 0x328365952488 /* 140 vars */ <unfinished ...>
9117  <... clone resumed>, parent_tid=[21]) = 9403
9403  <... execve resumed>)             = 0
9118  waitid(P_PIDFD, 17,  <unfinished ...>
9117  waitid(P_PIDFD, 21,  <unfinished ...>
9116  clone(child_stack=NULL, flags=CLONE_VM|CLONE_PIDFD|CLONE_VFORK|SIGCHLD <unfinished ...>
9402  clone(child_stack=0x118ac8c12000, flags=CLONE_VM|CLONE_FS|CLONE_FILES|CLONE_SIGHAND|CLONE_THREAD|CLONE_SYSVSEM) = 9405
9404  execve("/opt/hostedtoolcache/go/1.27.0/arm64/pkg/tool/linux_arm64/compile", ["/opt/hostedtoolcache/go/1.27.0/a"..., "-o", "/tmp/go-build4085347996/b037/_pk"..., "-trimpath", "/tmp/go-build4085347996/b037=>", "-p", "cmp", "-lang=go1.27", "-std", "-complete", "-buildid", "QFGCIvdatxTPzcM_mdIj/QFGCIvdatxT"..., "-goversion", "go1.27.0", "-c=4", "-nolocalimports", "-importcfg", "/tmp/go-build4085347996/b037/imp"..., "-pack", "/opt/hostedtoolcache/go/1.27.0/a"...], 0x32836574e488 /* 140 vars */ <unfinished ...>
9402  clone(child_stack=0x118ac8c4a000, flags=CLONE_VM|CLONE_FS|CLONE_FILES|CLONE_SIGHAND|CLONE_THREAD|CLONE_SYSVSEM) = 9406
9116  <... clone resumed>, parent_tid=[14]) = 9404
9404  <... execve resumed>)             = 0
9402  clone(child_stack=0x118ac8c46000, flags=CLONE_VM|CLONE_FS|CLONE_FILES|CLONE_SIGHAND|CLONE_THREAD|CLONE_SYSVSEM) = 9407
9406  clone(child_stack=0x118ac8c98000, flags=CLONE_VM|CLONE_FS|CLONE_FILES|CLONE_SIGHAND|CLONE_THREAD|CLONE_SYSVSEM) = 9408
9116  waitid(P_PIDFD, 14,  <unfinished ...>
9405  tgkill(9402, 9407, SIGURG)        = 0
9403  clone(child_stack=0x3c90fa9ee000, flags=CLONE_VM|CLONE_FS|CLONE_FILES|CLONE_SIGHAND|CLONE_THREAD|CLONE_SYSVSEM) = 9409
9407  --- SIGURG {si_signo=SIGURG, si_code=SI_TKILL, si_pid=9402, si_uid=1001} ---
9409  tgkill(9403, 9403, SIGURG)        = 0
9403  clone(child_stack=0x3c90faa26000, flags=CLONE_VM|CLONE_FS|CLONE_FILES|CLONE_SIGHAND|CLONE_THREAD|CLONE_SYSVSEM) = 9410
9403  --- SIGURG {si_signo=SIGURG, si_code=SI_TKILL, si_pid=9403, si_uid=1001} ---
9403  clone(child_stack=0x3c90faa22000, flags=CLONE_VM|CLONE_FS|CLONE_FILES|CLONE_SIGHAND|CLONE_THREAD|CLONE_SYSVSEM) = 9411
9410  clone(child_stack=0x3c90faa98000, flags=CLONE_VM|CLONE_FS|CLONE_FILES|CLONE_SIGHAND|CLONE_THREAD|CLONE_SYSVSEM) = 9412
9405  clone(child_stack=0x118ac909c000, flags=CLONE_VM|CLONE_FS|CLONE_FILES|CLONE_SIGHAND|CLONE_THREAD|CLONE_SYSVSEM) = 9413
9404  clone(child_stack=0xfa5cd236000, flags=CLONE_VM|CLONE_FS|CLONE_FILES|CLONE_SIGHAND|CLONE_THREAD|CLONE_SYSVSEM) = 9414
9414  tgkill(9404, 9404, SIGURG)        = 0
9404  --- SIGURG {si_signo=SIGURG, si_code=SI_TKILL, si_pid=9404, si_uid=1001} ---
9414  tgkill(9404, 9404, SIGURG)        = 0
9404  --- SIGURG {si_signo=SIGURG, si_code=SI_TKILL, si_pid=9404, si_uid=1001} ---
9414  tgkill(9404, 9404, SIGURG)        = 0
9404  clone(child_stack=0xfa5cd26e000, flags=CLONE_VM|CLONE_FS|CLONE_FILES|CLONE_SIGHAND|CLONE_THREAD|CLONE_SYSVSEM) = 9415
9404  --- SIGURG {si_signo=SIGURG, si_code=SI_TKILL, si_pid=9404, si_uid=1001} ---
9414  tgkill(9404, 9404, SIGURG)        = 0
9404  clone(child_stack=0xfa5cd26a000, flags=CLONE_VM|CLONE_FS|CLONE_FILES|CLONE_SIGHAND|CLONE_THREAD|CLONE_SYSVSEM) = 9416
9404  --- SIGURG {si_signo=SIGURG, si_code=SI_TKILL, si_pid=9404, si_uid=1001} ---
9415  clone(child_stack=0xfa5cd298000, flags=CLONE_VM|CLONE_FS|CLONE_FILES|CLONE_SIGHAND|CLONE_THREAD|CLONE_SYSVSEM) = 9417
9115  tgkill(9114, 9165, SIGURG)        = 0
9165  --- SIGURG {si_signo=SIGURG, si_code=SI_TKILL, si_pid=9114, si_uid=1001} ---
9415  clone(child_stack=0xfa5cd294000, flags=CLONE_VM|CLONE_FS|CLONE_FILES|CLONE_SIGHAND|CLONE_THREAD|CLONE_SYSVSEM) = 9418
9409  tgkill(9403, 9410, SIGURG)        = 0
9410  --- SIGURG {si_signo=SIGURG, si_code=SI_TKILL, si_pid=9403, si_uid=1001} ---
9405  tgkill(9402, 9402, SIGURG)        = 0
9402  --- SIGURG {si_signo=SIGURG, si_code=SI_TKILL, si_pid=9402, si_uid=1001} ---
9412  exit_group(0)                     = ?
9412  +++ exited with 0 +++
9411  +++ exited with 0 +++
9409  +++ exited with 0 +++
9165  clone(child_stack=NULL, flags=CLONE_VM|CLONE_PIDFD|CLONE_VFORK|SIGCHLD <unfinished ...>
9410  +++ exited with 0 +++
9403  +++ exited with 0 +++
9119  --- SIGCHLD {si_signo=SIGCHLD, si_code=CLD_EXITED, si_pid=9403, si_uid=1001, si_status=0, si_utime=1 /* 0.01 s */, si_stime=0} ---
9117  <... waitid resumed>{si_signo=SIGCHLD, si_code=CLD_EXITED, si_pid=9403, si_uid=1001, si_status=0, si_utime=0, si_stime=0}, WEXITED, {ru_utime={tv_sec=0, tv_usec=14288}, ru_stime={tv_sec=0, tv_usec=6594}, ...}) = 0
9404  exit_group(0)                     = ?
9418  +++ exited with 0 +++
9416  +++ exited with 0 +++
9417  +++ exited with 0 +++
9415  +++ exited with 0 +++
9414  +++ exited with 0 +++
9404  +++ exited with 0 +++
9116  <... waitid resumed>{si_signo=SIGCHLD, si_code=CLD_EXITED, si_pid=9404, si_uid=1001, si_status=0, si_utime=0, si_stime=0}, WEXITED, {ru_utime={tv_sec=0, tv_usec=3874}, ru_stime={tv_sec=0, tv_usec=7749}, ...}) = 0
9119  --- SIGCHLD {si_signo=SIGCHLD, si_code=CLD_EXITED, si_pid=9404, si_uid=1001, si_status=0, si_utime=0, si_stime=0} ---
9419  execve("/opt/hostedtoolcache/go/1.27.0/arm64/pkg/tool/linux_arm64/asm", ["/opt/hostedtoolcache/go/1.27.0/a"..., "-p", "math", "-trimpath", "/tmp/go-build4085347996/b040=>", "-I", "/tmp/go-build4085347996/b040/", "-I", "/opt/hostedtoolcache/go/1.27.0/a"..., "-D", "GOOS_linux", "-D", "GOARCH_arm64", "-std", "-gensymabis", "-o", "/tmp/go-build4085347996/b040/sym"..., "/opt/hostedtoolcache/go/1.27.0/a"..., "/opt/hostedtoolcache/go/1.27.0/a"..., "/opt/hostedtoolcache/go/1.27.0/a"...], 0x32836574e008 /* 140 vars */ <unfinished ...>
9165  <... clone resumed>, parent_tid=[16]) = 9419
9419  <... execve resumed>)             = 0
9165  waitid(P_PIDFD, 16,  <unfinished ...>
9119  clone(child_stack=NULL, flags=CLONE_VM|CLONE_PIDFD|CLONE_VFORK|SIGCHLD <unfinished ...>
9419  clone(child_stack=0x38526d77c000, flags=CLONE_VM|CLONE_FS|CLONE_FILES|CLONE_SIGHAND|CLONE_THREAD|CLONE_SYSVSEM) = 9421
9419  clone(child_stack=0x38526d7b4000, flags=CLONE_VM|CLONE_FS|CLONE_FILES|CLONE_SIGHAND|CLONE_THREAD|CLONE_SYSVSEM) = 9422
9419  clone(child_stack=0x38526d7b0000, flags=CLONE_VM|CLONE_FS|CLONE_FILES|CLONE_SIGHAND|CLONE_THREAD|CLONE_SYSVSEM) = 9423
9422  clone(child_stack=0x38526d818000, flags=CLONE_VM|CLONE_FS|CLONE_FILES|CLONE_SIGHAND|CLONE_THREAD|CLONE_SYSVSEM <unfinished ...>
9421  tgkill(9419, 9423, SIGURG)        = 0
9422  <... clone resumed>)              = 9424
9423  --- SIGURG {si_signo=SIGURG, si_code=SI_TKILL, si_pid=9419, si_uid=1001} ---
9420  execve("/opt/hostedtoolcache/go/1.27.0/arm64/pkg/tool/linux_arm64/compile", ["/opt/hostedtoolcache/go/1.27.0/a"..., "-o", "/tmp/go-build4085347996/b042/_pk"..., "-trimpath", "/tmp/go-build4085347996/b042=>", "-p", "unicode/utf8", "-lang=go1.27", "-std", "-complete", "-buildid", "sPxOZI8mvJlFH6SPYQTK/sPxOZI8mvJl"..., "-goversion", "go1.27.0", "-c=4", "-nolocalimports", "-importcfg", "/tmp/go-build4085347996/b042/imp"..., "-pack", "/opt/hostedtoolcache/go/1.27.0/a"...], 0x3283656fe488 /* 140 vars */) = 0
9119  <... clone resumed>, parent_tid=[15]) = 9420
9117  clone(child_stack=NULL, flags=CLONE_VM|CLONE_PIDFD|CLONE_VFORK|SIGCHLD <unfinished ...>
9425  execve("/opt/hostedtoolcache/go/1.27.0/arm64/pkg/tool/linux_arm64/asm", ["/opt/hostedtoolcache/go/1.27.0/a"..., "-p", "sync/atomic", "-trimpath", "/tmp/go-build4085347996/b045=>", "-I", "/tmp/go-build4085347996/b045/", "-I", "/opt/hostedtoolcache/go/1.27.0/a"..., "-D", "GOOS_linux", "-D", "GOARCH_arm64", "-std", "-gensymabis", "-o", "/tmp/go-build4085347996/b045/sym"..., "/opt/hostedtoolcache/go/1.27.0/a"...], 0x328365952008 /* 140 vars */ <unfinished ...>
9117  <... clone resumed>, parent_tid=[22]) = 9425
9425  <... execve resumed>)             = 0
9119  waitid(P_PIDFD, 15,  <unfinished ...>
9117  waitid(P_PIDFD, 22,  <unfinished ...>
9405  tgkill(9402, 9407, SIGURG <unfinished ...>
9407  --- SIGURG {si_signo=SIGURG, si_code=SI_TKILL, si_pid=9402, si_uid=1001} ---
9405  <... tgkill resumed>)             = 0
9419  exit_group(0)                     = ?
9421  +++ exited with 0 +++
9423  +++ exited with 0 +++
9424  +++ exited with 0 +++
9422  +++ exited with 0 +++
9419  +++ exited with 0 +++
9165  <... waitid resumed>{si_signo=SIGCHLD, si_code=CLD_EXITED, si_pid=9419, si_uid=1001, si_status=0, si_utime=0, si_stime=0}, WEXITED, {ru_utime={tv_sec=0, tv_usec=908}, ru_stime={tv_sec=0, tv_usec=5453}, ...}) = 0
9116  --- SIGCHLD {si_signo=SIGCHLD, si_code=CLD_EXITED, si_pid=9419, si_uid=1001, si_status=0, si_utime=0, si_stime=0} ---
9420  clone(child_stack=0x5dde039ee000, flags=CLONE_VM|CLONE_FS|CLONE_FILES|CLONE_SIGHAND|CLONE_THREAD|CLONE_SYSVSEM) = 9426
9420  clone(child_stack=0x5dde03a26000, flags=CLONE_VM|CLONE_FS|CLONE_FILES|CLONE_SIGHAND|CLONE_THREAD|CLONE_SYSVSEM) = 9427
9420  clone(child_stack=0x5dde03a22000, flags=CLONE_VM|CLONE_FS|CLONE_FILES|CLONE_SIGHAND|CLONE_THREAD|CLONE_SYSVSEM <unfinished ...>
9428  clone(child_stack=0x5dde03a98000, flags=CLONE_VM|CLONE_FS|CLONE_FILES|CLONE_SIGHAND|CLONE_THREAD|CLONE_SYSVSEM) = 9429
9116  clone(child_stack=NULL, flags=CLONE_VM|CLONE_PIDFD|CLONE_VFORK|SIGCHLD <unfinished ...>
9425  clone(child_stack=0x2e3a966ac000, flags=CLONE_VM|CLONE_FS|CLONE_FILES|CLONE_SIGHAND|CLONE_THREAD|CLONE_SYSVSEM) = 9431
9425  clone(child_stack=0x2e3a966e4000, flags=CLONE_VM|CLONE_FS|CLONE_FILES|CLONE_SIGHAND|CLONE_THREAD|CLONE_SYSVSEM) = 9432
9425  clone(child_stack=0x2e3a966e0000, flags=CLONE_VM|CLONE_FS|CLONE_FILES|CLONE_SIGHAND|CLONE_THREAD|CLONE_SYSVSEM) = 9433
9432  clone(child_stack=0x2e3a96718000, flags=CLONE_VM|CLONE_FS|CLONE_FILES|CLONE_SIGHAND|CLONE_THREAD|CLONE_SYSVSEM) = 9434
9420  <... clone resumed>)              = 9428
9347  tgkill(9114, 9116, SIGURG)        = 0
9430  execve("/opt/hostedtoolcache/go/1.27.0/arm64/pkg/tool/linux_arm64/compile", ["/opt/hostedtoolcache/go/1.27.0/a"..., "-o", "/tmp/go-build4085347996/b040/_pk"..., "-trimpath", "/tmp/go-build4085347996/b040=>", "-p", "math", "-lang=go1.27", "-std", "-buildid", "XxnkyBnDjsRy3C3znD9Z/XxnkyBnDjsR"..., "-goversion", "go1.27.0", "-symabis", "/tmp/go-build4085347996/b040/sym"..., "-c=4", "-nolocalimports", "-importcfg", "/tmp/go-build4085347996/b040/imp"..., "-pack", "-asmhdr", "/tmp/go-build4085347996/b040/go_"..., "/opt/hostedtoolcache/go/1.27.0/a"..., "/opt/hostedtoolcache/go/1.27.0/a"..., "/opt/hostedtoolcache/go/1.27.0/a"..., "/opt/hostedtoolcache/go/1.27.0/a"..., "/opt/hostedtoolcache/go/1.27.0/a"..., "/opt/hostedtoolcache/go/1.27.0/a"..., "/opt/hostedtoolcache/go/1.27.0/a"..., "/opt/hostedtoolcache/go/1.27.0/a"..., "/opt/hostedtoolcache/go/1.27.0/a"..., "/opt/hostedtoolcache/go/1.27.0/a"..., ...], 0x328365a0ad88 /* 140 vars */ <unfinished ...>
9116  <... clone resumed>, parent_tid=[14]) = 9430
9430  <... execve resumed>)             = 0
9116  --- SIGURG {si_signo=SIGURG, si_code=SI_TKILL, si_pid=9114, si_uid=1001} ---
9116  tgkill(9114, 9347, SIGURG)        = 0
9347  --- SIGURG {si_signo=SIGURG, si_code=SI_TKILL, si_pid=9114, si_uid=1001} ---
9116  tgkill(9114, 9347, SIGURG)        = 0
9347  --- SIGURG {si_signo=SIGURG, si_code=SI_TKILL, si_pid=9114, si_uid=1001} ---
9347  waitid(P_PIDFD, 14,  <unfinished ...>
9425  exit_group(0)                     = ?
9431  +++ exited with 0 +++
9433  +++ exited with 0 +++
9432  +++ exited with 0 +++
9430  clone(child_stack=0x61ab60d46000, flags=CLONE_VM|CLONE_FS|CLONE_FILES|CLONE_SIGHAND|CLONE_THREAD|CLONE_SYSVSEM) = 9435
9434  +++ exited with 0 +++
9425  +++ exited with 0 +++
9117  <... waitid resumed>{si_signo=SIGCHLD, si_code=CLD_EXITED, si_pid=9425, si_uid=1001, si_status=0, si_utime=0, si_stime=0}, WEXITED, {ru_utime={tv_sec=0, tv_usec=668}, ru_stime={tv_sec=0, tv_usec=4678}, ...}) = 0
9117  --- SIGCHLD {si_signo=SIGCHLD, si_code=CLD_EXITED, si_pid=9425, si_uid=1001, si_status=0, si_utime=0, si_stime=0} ---
9430  clone(child_stack=0x61ab60d7e000, flags=CLONE_VM|CLONE_FS|CLONE_FILES|CLONE_SIGHAND|CLONE_THREAD|CLONE_SYSVSEM) = 9436
9430  clone(child_stack=0x61ab60d7a000, flags=CLONE_VM|CLONE_FS|CLONE_FILES|CLONE_SIGHAND|CLONE_THREAD|CLONE_SYSVSEM) = 9437
9436  clone(child_stack=0x61ab60e18000, flags=CLONE_VM|CLONE_FS|CLONE_FILES|CLONE_SIGHAND|CLONE_THREAD|CLONE_SYSVSEM) = 9438
9117  clone(child_stack=NULL, flags=CLONE_VM|CLONE_PIDFD|CLONE_VFORK|SIGCHLD <unfinished ...>
9435  tgkill(9430, 9430, SIGURG)        = 0
9430  --- SIGURG {si_signo=SIGURG, si_code=SI_TKILL, si_pid=9430, si_uid=1001} ---
9439  execve("/opt/hostedtoolcache/go/1.27.0/arm64/pkg/tool/linux_arm64/compile", ["/opt/hostedtoolcache/go/1.27.0/a"..., "-o", "/tmp/go-build4085347996/b045/_pk"..., "-trimpath", "/tmp/go-build4085347996/b045=>", "-p", "sync/atomic", "-lang=go1.27", "-std", "-buildid", "dFZnyoPPoouU29xo2DJD/dFZnyoPPoou"..., "-goversion", "go1.27.0", "-symabis", "/tmp/go-build4085347996/b045/sym"..., "-c=4", "-nolocalimports", "-importcfg", "/tmp/go-build4085347996/b045/imp"..., "-pack", "-asmhdr", "/tmp/go-build4085347996/b045/go_"..., "/opt/hostedtoolcache/go/1.27.0/a"..., "/opt/hostedtoolcache/go/1.27.0/a"..., "/opt/hostedtoolcache/go/1.27.0/a"..., "/opt/hostedtoolcache/go/1.27.0/a"...], 0x328365a0b208 /* 140 vars */ <unfinished ...>
9117  <... clone resumed>, parent_tid=[18]) = 9439
9439  <... execve resumed>)             = 0
9426  tgkill(9420, 9420, SIGURG)        = 0
9420  --- SIGURG {si_signo=SIGURG, si_code=SI_TKILL, si_pid=9420, si_uid=1001} ---
9435  clone(child_stack=0x61ab611da000, flags=CLONE_VM|CLONE_FS|CLONE_FILES|CLONE_SIGHAND|CLONE_THREAD|CLONE_SYSVSEM <unfinished ...>
9117  waitid(P_PIDFD, 18,  <unfinished ...>
9435  <... clone resumed>)              = 9440
9405  tgkill(9402, 9407, SIGURG)        = 0
9407  --- SIGURG {si_signo=SIGURG, si_code=SI_TKILL, si_pid=9402, si_uid=1001} ---
9439  clone(child_stack=0x5e927c208000, flags=CLONE_VM|CLONE_FS|CLONE_FILES|CLONE_SIGHAND|CLONE_THREAD|CLONE_SYSVSEM) = 9441
9439  clone(child_stack=0x5e927c240000, flags=CLONE_VM|CLONE_FS|CLONE_FILES|CLONE_SIGHAND|CLONE_THREAD|CLONE_SYSVSEM) = 9442
9439  clone(child_stack=0x5e927c23c000, flags=CLONE_VM|CLONE_FS|CLONE_FILES|CLONE_SIGHAND|CLONE_THREAD|CLONE_SYSVSEM) = 9443
9442  clone(child_stack=0x5e927c298000, flags=CLONE_VM|CLONE_FS|CLONE_FILES|CLONE_SIGHAND|CLONE_THREAD|CLONE_SYSVSEM) = 9444
9441  clone(child_stack=0x5e927c690000, flags=CLONE_VM|CLONE_FS|CLONE_FILES|CLONE_SIGHAND|CLONE_THREAD|CLONE_SYSVSEM) = 9445
9426  tgkill(9420, 9428, SIGURG)        = 0
9428  --- SIGURG {si_signo=SIGURG, si_code=SI_TKILL, si_pid=9420, si_uid=1001} ---
9435  tgkill(9430, 9440, SIGURG)        = 0
9440  --- SIGURG {si_signo=SIGURG, si_code=SI_TKILL, si_pid=9430, si_uid=1001} ---
9427  exit_group(0)                     = ?
9426  +++ exited with 0 +++
9429  +++ exited with 0 +++
9427  +++ exited with 0 +++
9428  +++ exited with 0 +++
9420  +++ exited with 0 +++
9119  <... waitid resumed>{si_signo=SIGCHLD, si_code=CLD_EXITED, si_pid=9420, si_uid=1001, si_status=0, si_utime=0, si_stime=0}, WEXITED, {ru_utime={tv_sec=0, tv_usec=23421}, ru_stime={tv_sec=0, tv_usec=11710}, ...}) = 0
9114  --- SIGCHLD {si_signo=SIGCHLD, si_code=CLD_EXITED, si_pid=9420, si_uid=1001, si_status=0, si_utime=2 /* 0.02 s */, si_stime=1 /* 0.01 s */} ---
9441  tgkill(9439, 9444, SIGURG)        = 0
9444  --- SIGURG {si_signo=SIGURG, si_code=SI_TKILL, si_pid=9439, si_uid=1001} ---
9405  tgkill(9402, 9402, SIGURG)        = 0
9402  --- SIGURG {si_signo=SIGURG, si_code=SI_TKILL, si_pid=9402, si_uid=1001} ---
9114  clone(child_stack=NULL, flags=CLONE_VM|CLONE_PIDFD|CLONE_VFORK|SIGCHLD <unfinished ...>
9446  execve("/opt/hostedtoolcache/go/1.27.0/arm64/pkg/tool/linux_arm64/compile", ["/opt/hostedtoolcache/go/1.27.0/a"..., "-o", "/tmp/go-build4085347996/b046/_pk"..., "-trimpath", "/tmp/go-build4085347996/b046=>", "-p", "internal/synctest", "-lang=go1.27", "-std", "-complete", "-buildid", "3aWHADC-mzY1BOg9tLGN/3aWHADC-mzY"..., "-goversion", "go1.27.0", "-c=4", "-nolocalimports", "-importcfg", "/tmp/go-build4085347996/b046/imp"..., "-pack", "/opt/hostedtoolcache/go/1.27.0/a"...], 0x3283656fe488 /* 140 vars */ <unfinished ...>
9114  <... clone resumed>, parent_tid=[16]) = 9446
9446  <... execve resumed>)             = 0
9114  waitid(P_PIDFD, 16,  <unfinished ...>
9446  clone(child_stack=0x1925ff538000, flags=CLONE_VM|CLONE_FS|CLONE_FILES|CLONE_SIGHAND|CLONE_THREAD|CLONE_SYSVSEM) = 9447
9446  clone(child_stack=0x1925ff570000, flags=CLONE_VM|CLONE_FS|CLONE_FILES|CLONE_SIGHAND|CLONE_THREAD|CLONE_SYSVSEM) = 9448
9446  clone(child_stack=0x1925ff56c000, flags=CLONE_VM|CLONE_FS|CLONE_FILES|CLONE_SIGHAND|CLONE_THREAD|CLONE_SYSVSEM) = 9449
9448  clone(child_stack=0x1925ff5a0000, flags=CLONE_VM|CLONE_FS|CLONE_FILES|CLONE_SIGHAND|CLONE_THREAD|CLONE_SYSVSEM) = 9450
9441  tgkill(9439, 9443, SIGURG)        = 0
9405  tgkill(9402, 9407, SIGURG)        = 0
9443  --- SIGURG {si_signo=SIGURG, si_code=SI_TKILL, si_pid=9439, si_uid=1001} ---
9435  tgkill(9430, 9440, SIGURG)        = 0
9440  --- SIGURG {si_signo=SIGURG, si_code=SI_TKILL, si_pid=9430, si_uid=1001} ---
9407  --- SIGURG {si_signo=SIGURG, si_code=SI_TKILL, si_pid=9402, si_uid=1001} ---
9405  tgkill(9402, 9402, SIGURG)        = 0
9405  tgkill(9402, 9413, SIGURG)        = 0
9405  tgkill(9402, 9406, SIGURG)        = 0
9446  exit_group(0)                     = ?
9447  +++ exited with 0 +++
9448  +++ exited with 0 +++
9450  +++ exited with 0 +++
9413  --- SIGURG {si_signo=SIGURG, si_code=SI_TKILL, si_pid=9402, si_uid=1001} ---
9406  --- SIGURG {si_signo=SIGURG, si_code=SI_TKILL, si_pid=9402, si_uid=1001} ---
9402  --- SIGURG {si_signo=SIGURG, si_code=SI_TKILL, si_pid=9402, si_uid=1001} ---
9449  +++ exited with 0 +++
9446  +++ exited with 0 +++
9114  <... waitid resumed>{si_signo=SIGCHLD, si_code=CLD_EXITED, si_pid=9446, si_uid=1001, si_status=0, si_utime=0, si_stime=0}, WEXITED, {ru_utime={tv_sec=0, tv_usec=6241}, ru_stime={tv_sec=0, tv_usec=6241}, ...}) = 0
9119  --- SIGCHLD {si_signo=SIGCHLD, si_code=CLD_EXITED, si_pid=9446, si_uid=1001, si_status=0, si_utime=0, si_stime=0} ---
9441  tgkill(9439, 9444, SIGURG)        = 0
9115  tgkill(9114, 9114, SIGURG)        = 0
9114  --- SIGURG {si_signo=SIGURG, si_code=SI_TKILL, si_pid=9114, si_uid=1001} ---
9444  --- SIGURG {si_signo=SIGURG, si_code=SI_TKILL, si_pid=9439, si_uid=1001} ---
9405  tgkill(9402, 9407, SIGURG)        = 0
9407  --- SIGURG {si_signo=SIGURG, si_code=SI_TKILL, si_pid=9402, si_uid=1001} ---
9435  tgkill(9430, 9437, SIGURG)        = 0
9437  --- SIGURG {si_signo=SIGURG, si_code=SI_TKILL, si_pid=9430, si_uid=1001} ---
9115  tgkill(9114, 9119, SIGURG)        = 0
9165  clone(child_stack=NULL, flags=CLONE_VM|CLONE_PIDFD|CLONE_VFORK|SIGCHLD <unfinished ...>
9119  --- SIGURG {si_signo=SIGURG, si_code=SI_TKILL, si_pid=9114, si_uid=1001} ---
9405  tgkill(9402, 9402, SIGURG)        = 0
9402  --- SIGURG {si_signo=SIGURG, si_code=SI_TKILL, si_pid=9402, si_uid=1001} ---
9405  tgkill(9402, 9413, SIGURG)        = 0
9413  --- SIGURG {si_signo=SIGURG, si_code=SI_TKILL, si_pid=9402, si_uid=1001} ---
9405  tgkill(9402, 9406, SIGURG)        = 0
9406  --- SIGURG {si_signo=SIGURG, si_code=SI_TKILL, si_pid=9402, si_uid=1001} ---
9444  exit_group(0)                     = ?
9443  +++ exited with 0 +++
9441  +++ exited with 0 +++
9442  +++ exited with 0 +++
9445  +++ exited with 0 +++
9451  execve("/opt/hostedtoolcache/go/1.27.0/arm64/pkg/tool/linux_arm64/compile", ["/opt/hostedtoolcache/go/1.27.0/a"..., "-o", "/tmp/go-build4085347996/b047/_pk"..., "-trimpath", "/tmp/go-build4085347996/b047=>", "-p", "unicode", "-lang=go1.27", "-std", "-complete", "-buildid", "-DIhXWRMQ687XwM1JZ6Q/-DIhXWRMQ68"..., "-goversion", "go1.27.0", "-c=4", "-nolocalimports", "-importcfg", "/tmp/go-build4085347996/b047/imp"..., "-pack", "/opt/hostedtoolcache/go/1.27.0/a"..., "/opt/hostedtoolcache/go/1.27.0/a"..., "/opt/hostedtoolcache/go/1.27.0/a"..., "/opt/hostedtoolcache/go/1.27.0/a"..., "/opt/hostedtoolcache/go/1.27.0/a"...], 0x3283656fe908 /* 140 vars */ <unfinished ...>
9165  <... clone resumed>, parent_tid=[16]) = 9451
9451  <... execve resumed>)             = 0
9165  waitid(P_PIDFD, 16,  <unfinished ...>
9444  +++ exited with 0 +++
9439  +++ exited with 0 +++
9114  --- SIGCHLD {si_signo=SIGCHLD, si_code=CLD_EXITED, si_pid=9439, si_uid=1001, si_status=0, si_utime=2 /* 0.02 s */, si_stime=1 /* 0.01 s */} ---
9117  <... waitid resumed>{si_signo=SIGCHLD, si_code=CLD_EXITED, si_pid=9439, si_uid=1001, si_status=0, si_utime=0, si_stime=0}, WEXITED, {ru_utime={tv_sec=0, tv_usec=30602}, ru_stime={tv_sec=0, tv_usec=11334}, ...}) = 0
9405  tgkill(9402, 9407, SIGURG)        = 0
9407  --- SIGURG {si_signo=SIGURG, si_code=SI_TKILL, si_pid=9402, si_uid=1001} ---
9435  tgkill(9430, 9430, SIGURG)        = 0
9430  --- SIGURG {si_signo=SIGURG, si_code=SI_TKILL, si_pid=9430, si_uid=1001} ---
9117  clone(child_stack=NULL, flags=CLONE_VM|CLONE_PIDFD|CLONE_VFORK|SIGCHLD <unfinished ...>
9452  execve("/opt/hostedtoolcache/go/1.27.0/arm64/pkg/tool/linux_arm64/asm", ["/opt/hostedtoolcache/go/1.27.0/a"..., "-p", "sync/atomic", "-trimpath", "/tmp/go-build4085347996/b045=>", "-I", "/tmp/go-build4085347996/b045/", "-I", "/opt/hostedtoolcache/go/1.27.0/a"..., "-D", "GOOS_linux", "-D", "GOARCH_arm64", "-std", "-o", "/tmp/go-build4085347996/b045/asm"..., "/opt/hostedtoolcache/go/1.27.0/a"...], 0x328365a0b688 /* 140 vars */ <unfinished ...>
9117  <... clone resumed>, parent_tid=[18]) = 9452
9452  <... execve resumed>)             = 0
9405  tgkill(9402, 9402, SIGURG)        = 0
9117  waitid(P_PIDFD, 18,  <unfinished ...>
9402  --- SIGURG {si_signo=SIGURG, si_code=SI_TKILL, si_pid=9402, si_uid=1001} ---
9435  tgkill(9430, 9440, SIGURG <unfinished ...>
9440  --- SIGURG {si_signo=SIGURG, si_code=SI_TKILL, si_pid=9430, si_uid=1001} ---
9435  <... tgkill resumed>)             = 0
9435  tgkill(9430, 9438, SIGURG <unfinished ...>
9438  --- SIGURG {si_signo=SIGURG, si_code=SI_TKILL, si_pid=9430, si_uid=1001} ---
9435  <... tgkill resumed>)             = 0
9435  tgkill(9430, 9437, SIGURG <unfinished ...>
9437  --- SIGURG {si_signo=SIGURG, si_code=SI_TKILL, si_pid=9430, si_uid=1001} ---
9435  <... tgkill resumed>)             = 0
9451  clone(child_stack=0x4cd0c4f68000, flags=CLONE_VM|CLONE_FS|CLONE_FILES|CLONE_SIGHAND|CLONE_THREAD|CLONE_SYSVSEM) = 9453
9451  clone(child_stack=0x4cd0c4fa0000, flags=CLONE_VM|CLONE_FS|CLONE_FILES|CLONE_SIGHAND|CLONE_THREAD|CLONE_SYSVSEM) = 9454
9453  tgkill(9451, 9451, SIGURG)        = 0
9451  clone(child_stack=0x4cd0c4f9c000, flags=CLONE_VM|CLONE_FS|CLONE_FILES|CLONE_SIGHAND|CLONE_THREAD|CLONE_SYSVSEM <unfinished ...>
9454  clone(child_stack=0x4cd0c5018000, flags=CLONE_VM|CLONE_FS|CLONE_FILES|CLONE_SIGHAND|CLONE_THREAD|CLONE_SYSVSEM) = 9456
9451  <... clone resumed>)              = 9455
9451  --- SIGURG {si_signo=SIGURG, si_code=SI_TKILL, si_pid=9451, si_uid=1001} ---
9456  clone(child_stack=0x4cd0c5014000, flags=CLONE_VM|CLONE_FS|CLONE_FILES|CLONE_SIGHAND|CLONE_THREAD|CLONE_SYSVSEM) = 9457
9452  clone(child_stack=0x3a13be1be000, flags=CLONE_VM|CLONE_FS|CLONE_FILES|CLONE_SIGHAND|CLONE_THREAD|CLONE_SYSVSEM) = 9458
9452  clone(child_stack=0x3a13be1f6000, flags=CLONE_VM|CLONE_FS|CLONE_FILES|CLONE_SIGHAND|CLONE_THREAD|CLONE_SYSVSEM) = 9459
9452  clone(child_stack=0x3a13be1f2000, flags=CLONE_VM|CLONE_FS|CLONE_FILES|CLONE_SIGHAND|CLONE_THREAD|CLONE_SYSVSEM) = 9460
9459  clone(child_stack=0x3a13be298000, flags=CLONE_VM|CLONE_FS|CLONE_FILES|CLONE_SIGHAND|CLONE_THREAD|CLONE_SYSVSEM) = 9461
9452  exit_group(0)                     = ?
9461  +++ exited with 0 +++
9459  +++ exited with 0 +++
9458  +++ exited with 0 +++
9460  +++ exited with 0 +++
9452  +++ exited with 0 +++
9114  --- SIGCHLD {si_signo=SIGCHLD, si_code=CLD_EXITED, si_pid=9452, si_uid=1001, si_status=0, si_utime=0, si_stime=0} ---
9117  <... waitid resumed>{si_signo=SIGCHLD, si_code=CLD_EXITED, si_pid=9452, si_uid=1001, si_status=0, si_utime=0, si_stime=0}, WEXITED, {ru_utime={tv_sec=0, tv_usec=3566}, ru_stime={tv_sec=0, tv_usec=3566}, ...}) = 0
9405  tgkill(9402, 9407, SIGURG)        = 0
9407  --- SIGURG {si_signo=SIGURG, si_code=SI_TKILL, si_pid=9402, si_uid=1001} ---
9453  tgkill(9451, 9451, SIGURG)        = 0
9451  --- SIGURG {si_signo=SIGURG, si_code=SI_TKILL, si_pid=9451, si_uid=1001} ---
9437  exit_group(0)                     = ?
9440  +++ exited with 0 +++
9438  +++ exited with 0 +++
9437  +++ exited with 0 +++
9436  +++ exited with 0 +++
9402  exit_group(0)                     = ?
9406  +++ exited with 0 +++
9405  +++ exited with 0 +++
9407  +++ exited with 0 +++
9413  +++ exited with 0 +++
9435  +++ exited with 0 +++
9430  +++ exited with 0 +++
9115  --- SIGCHLD {si_signo=SIGCHLD, si_code=CLD_EXITED, si_pid=9430, si_uid=1001, si_status=0, si_utime=12 /* 0.12 s */, si_stime=2 /* 0.02 s */} ---
9347  <... waitid resumed>{si_signo=SIGCHLD, si_code=CLD_EXITED, si_pid=9430, si_uid=1001, si_status=0, si_utime=0, si_stime=0}, WEXITED, {ru_utime={tv_sec=0, tv_usec=117852}, ru_stime={tv_sec=0, tv_usec=21343}, ...}) = 0
9347  clone(child_stack=NULL, flags=CLONE_VM|CLONE_PIDFD|CLONE_VFORK|SIGCHLD <unfinished ...>
9408  +++ exited with 0 +++
9402  +++ exited with 0 +++
9117  --- SIGCHLD {si_signo=SIGCHLD, si_code=CLD_EXITED, si_pid=9402, si_uid=1001, si_status=0, si_utime=16 /* 0.16 s */, si_stime=2 /* 0.02 s */} ---
9118  <... waitid resumed>{si_signo=SIGCHLD, si_code=CLD_EXITED, si_pid=9402, si_uid=1001, si_status=0, si_utime=0, si_stime=0}, WEXITED, {ru_utime={tv_sec=0, tv_usec=162313}, ru_stime={tv_sec=0, tv_usec=25931}, ...}) = 0
9117  clone(child_stack=NULL, flags=CLONE_VM|CLONE_PIDFD|CLONE_VFORK|SIGCHLD <unfinished ...>
9462  execve("/opt/hostedtoolcache/go/1.27.0/arm64/pkg/tool/linux_arm64/asm", ["/opt/hostedtoolcache/go/1.27.0/a"..., "-p", "math", "-trimpath", "/tmp/go-build4085347996/b040=>", "-I", "/tmp/go-build4085347996/b040/", "-I", "/opt/hostedtoolcache/go/1.27.0/a"..., "-D", "GOOS_linux", "-D", "GOARCH_arm64", "-std", "-o", "/tmp/go-build4085347996/b040/dim"..., "/opt/hostedtoolcache/go/1.27.0/a"...], 0x328365a0bb08 /* 140 vars */ <unfinished ...>
9347  <... clone resumed>, parent_tid=[15]) = 9462
9462  <... execve resumed>)             = 0
9114  clone(child_stack=NULL, flags=CLONE_VM|CLONE_PIDFD|CLONE_VFORK|SIGCHLD <unfinished ...>
9463  execve("/opt/hostedtoolcache/go/1.27.0/arm64/pkg/tool/linux_arm64/asm", ["/opt/hostedtoolcache/go/1.27.0/a"..., "-p", "internal/runtime/maps", "-trimpath", "/tmp/go-build4085347996/b028=>", "-I", "/tmp/go-build4085347996/b028/", "-I", "/opt/hostedtoolcache/go/1.27.0/a"..., "-D", "GOOS_linux", "-D", "GOARCH_arm64", "-std", "-o", "/tmp/go-build4085347996/b028/mem"..., "/opt/hostedtoolcache/go/1.27.0/a"...], 0x328365952008 /* 140 vars */ <unfinished ...>
9117  <... clone resumed>, parent_tid=[21]) = 9463
9463  <... execve resumed>)             = 0
9464  execve("/opt/hostedtoolcache/go/1.27.0/arm64/pkg/tool/linux_arm64/compile", ["/opt/hostedtoolcache/go/1.27.0/a"..., "-o", "/tmp/go-build4085347996/b044/_pk"..., "-trimpath", "/tmp/go-build4085347996/b044=>", "-p", "internal/sync", "-lang=go1.27", "-std", "-complete", "-buildid", "btWE74ZEOj8X9DgFHmzJ/btWE74ZEOj8"..., "-goversion", "go1.27.0", "-c=4", "-nolocalimports", "-importcfg", "/tmp/go-build4085347996/b044/imp"..., "-pack", "/opt/hostedtoolcache/go/1.27.0/a"..., "/opt/hostedtoolcache/go/1.27.0/a"..., "/opt/hostedtoolcache/go/1.27.0/a"...], 0x3283656ff208 /* 140 vars */ <unfinished ...>
9115  tgkill(9114, 9114, SIGURG)        = 0
9464  <... execve resumed>)             = 0
9114  <... clone resumed>, parent_tid=[25]) = 9464
9347  waitid(P_PIDFD, 15,  <unfinished ...>
9114  --- SIGURG {si_signo=SIGURG, si_code=SI_TKILL, si_pid=9114, si_uid=1001} ---
9117  waitid(P_PIDFD, 21,  <unfinished ...>
9114  waitid(P_PIDFD, 25,  <unfinished ...>
9453  tgkill(9451, 9451, SIGURG)        = 0
9451  --- SIGURG {si_signo=SIGURG, si_code=SI_TKILL, si_pid=9451, si_uid=1001} ---
9463  clone(child_stack=0x4253fb382000, flags=CLONE_VM|CLONE_FS|CLONE_FILES|CLONE_SIGHAND|CLONE_THREAD|CLONE_SYSVSEM <unfinished ...>
9462  clone(child_stack=0x2eb4a77ba000, flags=CLONE_VM|CLONE_FS|CLONE_FILES|CLONE_SIGHAND|CLONE_THREAD|CLONE_SYSVSEM <unfinished ...>
9463  <... clone resumed>)              = 9465
9462  <... clone resumed>)              = 9466
9464  clone(child_stack=0x4674e47ca000, flags=CLONE_VM|CLONE_FS|CLONE_FILES|CLONE_SIGHAND|CLONE_THREAD|CLONE_SYSVSEM) = 9467
9463  clone(child_stack=0x4253fb3ba000, flags=CLONE_VM|CLONE_FS|CLONE_FILES|CLONE_SIGHAND|CLONE_THREAD|CLONE_SYSVSEM) = 9468
9462  clone(child_stack=0x2eb4a77f2000, flags=CLONE_VM|CLONE_FS|CLONE_FILES|CLONE_SIGHAND|CLONE_THREAD|CLONE_SYSVSEM) = 9469
9463  clone(child_stack=0x4253fb3b6000, flags=CLONE_VM|CLONE_FS|CLONE_FILES|CLONE_SIGHAND|CLONE_THREAD|CLONE_SYSVSEM <unfinished ...>
9466  tgkill(9462, 9462, SIGURG)        = 0
9462  --- SIGURG {si_signo=SIGURG, si_code=SI_TKILL, si_pid=9462, si_uid=1001} ---
9463  <... clone resumed>)              = 9470
9467  tgkill(9464, 9464, SIGURG <unfinished ...>
9462  clone(child_stack=0x2eb4a77ee000, flags=CLONE_VM|CLONE_FS|CLONE_FILES|CLONE_SIGHAND|CLONE_THREAD|CLONE_SYSVSEM <unfinished ...>
9464  clone(child_stack=0x4674e4808000, flags=CLONE_VM|CLONE_FS|CLONE_FILES|CLONE_SIGHAND|CLONE_THREAD|CLONE_SYSVSEM <unfinished ...>
9467  <... tgkill resumed>)             = 0
9468  clone(child_stack=0x4253fb418000, flags=CLONE_VM|CLONE_FS|CLONE_FILES|CLONE_SIGHAND|CLONE_THREAD|CLONE_SYSVSEM <unfinished ...>
9464  <... clone resumed>)              = 9471
9462  <... clone resumed>)              = 9472
9468  <... clone resumed>)              = 9473
9464  --- SIGURG {si_signo=SIGURG, si_code=SI_TKILL, si_pid=9464, si_uid=1001} ---
9464  clone(child_stack=0x4674e4804000, flags=CLONE_VM|CLONE_FS|CLONE_FILES|CLONE_SIGHAND|CLONE_THREAD|CLONE_SYSVSEM) = 9474
9471  clone(child_stack=0x4674e4828000, flags=CLONE_VM|CLONE_FS|CLONE_FILES|CLONE_SIGHAND|CLONE_THREAD|CLONE_SYSVSEM <unfinished ...>
9462  clone(child_stack=0x2eb4a781a000, flags=CLONE_VM|CLONE_FS|CLONE_FILES|CLONE_SIGHAND|CLONE_THREAD|CLONE_SYSVSEM <unfinished ...>
9471  <... clone resumed>)              = 9475
9462  <... clone resumed>)              = 9476
9469  clone(child_stack=0x2eb4a7816000, flags=CLONE_VM|CLONE_FS|CLONE_FILES|CLONE_SIGHAND|CLONE_THREAD|CLONE_SYSVSEM) = 9477
9462  exit_group(0)                     = ?
9476  +++ exited with 0 +++
9469  +++ exited with 0 +++
9477  +++ exited with 0 +++
9472  +++ exited with 0 +++
9463  exit_group(0)                     = ?
9468  +++ exited with 0 +++
9470  +++ exited with 0 +++
9466  +++ exited with 0 +++
9462  +++ exited with 0 +++
9465  +++ exited with 0 +++
9473  +++ exited with 0 +++
9347  <... waitid resumed>{si_signo=SIGCHLD, si_code=CLD_EXITED, si_pid=9462, si_uid=1001, si_status=0, si_utime=0, si_stime=0}, WEXITED, {ru_utime={tv_sec=0, tv_usec=1086}, ru_stime={tv_sec=0, tv_usec=5431}, ...}) = 0
9118  --- SIGCHLD {si_signo=SIGCHLD, si_code=CLD_EXITED, si_pid=9462, si_uid=1001, si_status=0, si_utime=0, si_stime=0} ---
9463  +++ exited with 0 +++
9118  --- SIGCHLD {si_signo=SIGCHLD, si_code=CLD_EXITED, si_pid=9463, si_uid=1001, si_status=0, si_utime=0, si_stime=0} ---
9117  <... waitid resumed>{si_signo=SIGCHLD, si_code=CLD_EXITED, si_pid=9463, si_uid=1001, si_status=0, si_utime=0, si_stime=0}, WEXITED, {ru_utime={tv_sec=0, tv_usec=2320}, ru_stime={tv_sec=0, tv_usec=4641}, ...}) = 0
9115  tgkill(9114, 9347, SIGURG)        = 0
9347  --- SIGURG {si_signo=SIGURG, si_code=SI_TKILL, si_pid=9114, si_uid=1001} ---
9119  clone(child_stack=NULL, flags=CLONE_VM|CLONE_PIDFD|CLONE_VFORK|SIGCHLD <unfinished ...>
9478  execve("/opt/hostedtoolcache/go/1.27.0/arm64/pkg/tool/linux_arm64/asm", ["/opt/hostedtoolcache/go/1.27.0/a"..., "-p", "math", "-trimpath", "/tmp/go-build4085347996/b040=>", "-I", "/tmp/go-build4085347996/b040/", "-I", "/opt/hostedtoolcache/go/1.27.0/a"..., "-D", "GOOS_linux", "-D", "GOARCH_arm64", "-std", "-o", "/tmp/go-build4085347996/b040/exp"..., "/opt/hostedtoolcache/go/1.27.0/a"...], 0x328365952488 /* 140 vars */ <unfinished ...>
9119  <... clone resumed>, parent_tid=[15]) = 9478
9478  <... execve resumed>)             = 0
9119  waitid(P_PIDFD, 15,  <unfinished ...>
9453  tgkill(9451, 9455, SIGURG)        = 0
9455  --- SIGURG {si_signo=SIGURG, si_code=SI_TKILL, si_pid=9451, si_uid=1001} ---
9467  tgkill(9464, 9475, SIGURG)        = 0
9475  --- SIGURG {si_signo=SIGURG, si_code=SI_TKILL, si_pid=9464, si_uid=1001} ---
9478  clone(child_stack=0x2b3e58b90000, flags=CLONE_VM|CLONE_FS|CLONE_FILES|CLONE_SIGHAND|CLONE_THREAD|CLONE_SYSVSEM) = 9479
9478  clone(child_stack=0x2b3e58bc8000, flags=CLONE_VM|CLONE_FS|CLONE_FILES|CLONE_SIGHAND|CLONE_THREAD|CLONE_SYSVSEM) = 9480
9478  clone(child_stack=0x2b3e58bc4000, flags=CLONE_VM|CLONE_FS|CLONE_FILES|CLONE_SIGHAND|CLONE_THREAD|CLONE_SYSVSEM) = 9481
9478  clone(child_stack=0x2b3e58bec000, flags=CLONE_VM|CLONE_FS|CLONE_FILES|CLONE_SIGHAND|CLONE_THREAD|CLONE_SYSVSEM) = 9482
9480  clone(child_stack=0x2b3e58be8000, flags=CLONE_VM|CLONE_FS|CLONE_FILES|CLONE_SIGHAND|CLONE_THREAD|CLONE_SYSVSEM) = 9483
9115  tgkill(9114, 9117, SIGURG)        = 0
9117  --- SIGURG {si_signo=SIGURG, si_code=SI_TKILL, si_pid=9114, si_uid=1001} ---
9347  tgkill(9114, 9116, SIGURG)        = 0
9116  --- SIGURG {si_signo=SIGURG, si_code=SI_TKILL, si_pid=9114, si_uid=1001} ---
9347  tgkill(9114, 9120, SIGURG)        = 0
9120  --- SIGURG {si_signo=SIGURG, si_code=SI_TKILL, si_pid=9114, si_uid=1001} ---
9464  exit_group(0)                     = ?
9474  +++ exited with 0 +++
9471  +++ exited with 0 +++
9467  +++ exited with 0 +++
9347  tgkill(9114, 9120, SIGURG <unfinished ...>
9475  +++ exited with 0 +++
9464  +++ exited with 0 +++
9347  <... tgkill resumed>)             = 0
9120  --- SIGURG {si_signo=SIGURG, si_code=SI_TKILL, si_pid=9114, si_uid=1001} ---
9347  --- SIGCHLD {si_signo=SIGCHLD, si_code=CLD_EXITED, si_pid=9464, si_uid=1001, si_status=0, si_utime=1 /* 0.01 s */, si_stime=1 /* 0.01 s */} ---
9114  <... waitid resumed>{si_signo=SIGCHLD, si_code=CLD_EXITED, si_pid=9464, si_uid=1001, si_status=0, si_utime=0, si_stime=0}, WEXITED, {ru_utime={tv_sec=0, tv_usec=13324}, ru_stime={tv_sec=0, tv_usec=10659}, ...}) = 0
9478  exit_group(0)                     = ?
9479  +++ exited with 0 +++
9482  +++ exited with 0 +++
9481  +++ exited with 0 +++
9480  +++ exited with 0 +++
9483  +++ exited with 0 +++
9478  +++ exited with 0 +++
9117  --- SIGCHLD {si_signo=SIGCHLD, si_code=CLD_EXITED, si_pid=9478, si_uid=1001, si_status=0, si_utime=0, si_stime=0} ---
9119  <... waitid resumed>{si_signo=SIGCHLD, si_code=CLD_EXITED, si_pid=9478, si_uid=1001, si_status=0, si_utime=0, si_stime=0}, WEXITED, {ru_utime={tv_sec=0, tv_usec=2235}, ru_stime={tv_sec=0, tv_usec=4470}, ...}) = 0
9119  clone(child_stack=NULL, flags=CLONE_VM|CLONE_PIDFD|CLONE_VFORK|SIGCHLD <unfinished ...>
9484  execve("/opt/hostedtoolcache/go/1.27.0/arm64/pkg/tool/linux_arm64/asm", ["/opt/hostedtoolcache/go/1.27.0/a"..., "-p", "math", "-trimpath", "/tmp/go-build4085347996/b040=>", "-I", "/tmp/go-build4085347996/b040/", "-I", "/opt/hostedtoolcache/go/1.27.0/a"..., "-D", "GOOS_linux", "-D", "GOARCH_arm64", "-std", "-o", "/tmp/go-build4085347996/b040/flo"..., "/opt/hostedtoolcache/go/1.27.0/a"...], 0x3283656fe008 /* 140 vars */ <unfinished ...>
9119  <... clone resumed>, parent_tid=[11]) = 9484
9484  <... execve resumed>)             = 0
9119  waitid(P_PIDFD, 11,  <unfinished ...>
9121  clone(child_stack=NULL, flags=CLONE_VM|CLONE_PIDFD|CLONE_VFORK|SIGCHLD <unfinished ...>
9485  execve("/opt/hostedtoolcache/go/1.27.0/arm64/pkg/tool/linux_arm64/compile", ["/opt/hostedtoolcache/go/1.27.0/a"..., "-o", "/tmp/go-build4085347996/b063/_pk"..., "-trimpath", "/tmp/go-build4085347996/b063=>", "-p", "github.com/type-rb/type-rb-nativ"..., "-lang=go1.27", "-complete", "-buildid", "y2WciP7BhqBXpsl7KxST/y2WciP7BhqB"..., "-goversion", "go1.27.0", "-c=4", "-nolocalimports", "-importcfg", "/tmp/go-build4085347996/b063/imp"..., "-pack", "/tmp/trb-build-120467813/trb/std"...], 0x328365952008 /* 140 vars */ <unfinished ...>
9121  <... clone resumed>, parent_tid=[15]) = 9485
9485  <... execve resumed>)             = 0
9121  waitid(P_PIDFD, 15,  <unfinished ...>
9453  tgkill(9451, 9454, SIGURG <unfinished ...>
9454  --- SIGURG {si_signo=SIGURG, si_code=SI_TKILL, si_pid=9451, si_uid=1001} ---
9453  <... tgkill resumed>)             = 0
9484  clone(child_stack=0x6cd122f5a000, flags=CLONE_VM|CLONE_FS|CLONE_FILES|CLONE_SIGHAND|CLONE_THREAD|CLONE_SYSVSEM) = 9486
9484  clone(child_stack=0x6cd122f92000, flags=CLONE_VM|CLONE_FS|CLONE_FILES|CLONE_SIGHAND|CLONE_THREAD|CLONE_SYSVSEM) = 9487
9484  clone(child_stack=0x6cd122f8e000, flags=CLONE_VM|CLONE_FS|CLONE_FILES|CLONE_SIGHAND|CLONE_THREAD|CLONE_SYSVSEM) = 9488
9487  clone(child_stack=0x6cd123018000, flags=CLONE_VM|CLONE_FS|CLONE_FILES|CLONE_SIGHAND|CLONE_THREAD|CLONE_SYSVSEM) = 9489
9485  clone(child_stack=0x626a2546a000, flags=CLONE_VM|CLONE_FS|CLONE_FILES|CLONE_SIGHAND|CLONE_THREAD|CLONE_SYSVSEM) = 9490
9485  clone(child_stack=0x626a254a2000, flags=CLONE_VM|CLONE_FS|CLONE_FILES|CLONE_SIGHAND|CLONE_THREAD|CLONE_SYSVSEM) = 9491
9490  tgkill(9485, 9485, SIGURG)        = 0
9485  clone(child_stack=0x626a2549e000, flags=CLONE_VM|CLONE_FS|CLONE_FILES|CLONE_SIGHAND|CLONE_THREAD|CLONE_SYSVSEM) = 9492
9485  --- SIGURG {si_signo=SIGURG, si_code=SI_TKILL, si_pid=9485, si_uid=1001} ---
9491  clone(child_stack=0x626a25518000, flags=CLONE_VM|CLONE_FS|CLONE_FILES|CLONE_SIGHAND|CLONE_THREAD|CLONE_SYSVSEM) = 9493
9115  tgkill(9114, 9117, SIGURG)        = 0
9117  --- SIGURG {si_signo=SIGURG, si_code=SI_TKILL, si_pid=9114, si_uid=1001} ---
9484  exit_group(0 <unfinished ...>
9486  ???( <unfinished ...>
9484  <... exit_group resumed>)         = ?
9486  +++ exited with 0 +++
9488  +++ exited with 0 +++
9487  +++ exited with 0 +++
9489  +++ exited with 0 +++
9484  +++ exited with 0 +++
9120  --- SIGCHLD {si_signo=SIGCHLD, si_code=CLD_EXITED, si_pid=9484, si_uid=1001, si_status=0, si_utime=0, si_stime=0} ---
9119  <... waitid resumed>{si_signo=SIGCHLD, si_code=CLD_EXITED, si_pid=9484, si_uid=1001, si_status=0, si_utime=0, si_stime=0}, WEXITED, {ru_utime={tv_sec=0, tv_usec=759}, ru_stime={tv_sec=0, tv_usec=5315}, ...}) = 0
9485  exit_group(0)                     = ?
9492  +++ exited with 0 +++
9491  +++ exited with 0 +++
9490  +++ exited with 0 +++
9493  +++ exited with 0 +++
9485  +++ exited with 0 +++
9114  --- SIGCHLD {si_signo=SIGCHLD, si_code=CLD_EXITED, si_pid=9485, si_uid=1001, si_status=0, si_utime=0, si_stime=1 /* 0.01 s */} ---
9453  tgkill(9451, 9455, SIGURG)        = 0
9455  --- SIGURG {si_signo=SIGURG, si_code=SI_TKILL, si_pid=9451, si_uid=1001} ---
9121  <... waitid resumed>{si_signo=SIGCHLD, si_code=CLD_EXITED, si_pid=9485, si_uid=1001, si_status=0, si_utime=0, si_stime=0}, WEXITED, {ru_utime={tv_sec=0, tv_usec=3770}, ru_stime={tv_sec=0, tv_usec=7541}, ...}) = 0
9115  tgkill(9114, 9117, SIGURG)        = 0
9117  --- SIGURG {si_signo=SIGURG, si_code=SI_TKILL, si_pid=9114, si_uid=1001} ---
9455  exit_group(0)                     = ?
9457  +++ exited with 0 +++
9456  +++ exited with 0 +++
9455  +++ exited with 0 +++
9453  +++ exited with 0 +++
9121  tgkill(9114, 9120, SIGURG)        = 0
9120  --- SIGURG {si_signo=SIGURG, si_code=SI_TKILL, si_pid=9114, si_uid=1001} ---
9454  +++ exited with 0 +++
9451  +++ exited with 0 +++
9165  <... waitid resumed>{si_signo=SIGCHLD, si_code=CLD_EXITED, si_pid=9451, si_uid=1001, si_status=0, si_utime=0, si_stime=0}, WEXITED, {ru_utime={tv_sec=0, tv_usec=96845}, ru_stime={tv_sec=0, tv_usec=23717}, ...}) = 0
9114  --- SIGCHLD {si_signo=SIGCHLD, si_code=CLD_EXITED, si_pid=9451, si_uid=1001, si_status=0, si_utime=9 /* 0.09 s */, si_stime=2 /* 0.02 s */} ---
9119  tgkill(9114, 9120, SIGURG <unfinished ...>
9120  --- SIGURG {si_signo=SIGURG, si_code=SI_TKILL, si_pid=9114, si_uid=1001} ---
9119  <... tgkill resumed>)             = 0
9115  tgkill(9114, 9120, SIGURG)        = 0
9120  --- SIGURG {si_signo=SIGURG, si_code=SI_TKILL, si_pid=9114, si_uid=1001} ---
9120  clone(child_stack=NULL, flags=CLONE_VM|CLONE_PIDFD|CLONE_VFORK|SIGCHLD <unfinished ...>
9494  execve("/opt/hostedtoolcache/go/1.27.0/arm64/pkg/tool/linux_arm64/asm", ["/opt/hostedtoolcache/go/1.27.0/a"..., "-p", "runtime", "-trimpath", "/tmp/go-build4085347996/b009=>", "-I", "/tmp/go-build4085347996/b009/", "-I", "/opt/hostedtoolcache/go/1.27.0/a"..., "-D", "GOOS_linux", "-D", "GOARCH_arm64", "-std", "-gensymabis", "-o", "/tmp/go-build4085347996/b009/sym"..., "/opt/hostedtoolcache/go/1.27.0/a"..., "/opt/hostedtoolcache/go/1.27.0/a"..., "/opt/hostedtoolcache/go/1.27.0/a"..., "/opt/hostedtoolcache/go/1.27.0/a"..., "/opt/hostedtoolcache/go/1.27.0/a"..., "/opt/hostedtoolcache/go/1.27.0/a"..., "/opt/hostedtoolcache/go/1.27.0/a"..., "/opt/hostedtoolcache/go/1.27.0/a"..., "/opt/hostedtoolcache/go/1.27.0/a"..., "/opt/hostedtoolcache/go/1.27.0/a"..., "/opt/hostedtoolcache/go/1.27.0/a"...], 0x328365952008 /* 140 vars */ <unfinished ...>
9120  <... clone resumed>, parent_tid=[12]) = 9494
9494  <... execve resumed>)             = 0
9120  waitid(P_PIDFD, 12,  <unfinished ...>
9494  clone(child_stack=0x19d1238b2000, flags=CLONE_VM|CLONE_FS|CLONE_FILES|CLONE_SIGHAND|CLONE_THREAD|CLONE_SYSVSEM) = 9495
9494  clone(child_stack=0x19d1238ea000, flags=CLONE_VM|CLONE_FS|CLONE_FILES|CLONE_SIGHAND|CLONE_THREAD|CLONE_SYSVSEM) = 9496
9494  clone(child_stack=0x19d1238e6000, flags=CLONE_VM|CLONE_FS|CLONE_FILES|CLONE_SIGHAND|CLONE_THREAD|CLONE_SYSVSEM) = 9497
9496  clone(child_stack=0x19d123918000, flags=CLONE_VM|CLONE_FS|CLONE_FILES|CLONE_SIGHAND|CLONE_THREAD|CLONE_SYSVSEM) = 9498
9495  tgkill(9494, 9494, SIGURG)        = 0
9494  --- SIGURG {si_signo=SIGURG, si_code=SI_TKILL, si_pid=9494, si_uid=1001} ---
9497  exit_group(0)                     = ?
9498  +++ exited with 0 +++
9497  +++ exited with 0 +++
9496  +++ exited with 0 +++
9495  +++ exited with 0 +++
9494  +++ exited with 0 +++
9119  --- SIGCHLD {si_signo=SIGCHLD, si_code=CLD_EXITED, si_pid=9494, si_uid=1001, si_status=0, si_utime=0, si_stime=1 /* 0.01 s */} ---
9120  <... waitid resumed>{si_signo=SIGCHLD, si_code=CLD_EXITED, si_pid=9494, si_uid=1001, si_status=0, si_utime=0, si_stime=0}, WEXITED, {ru_utime={tv_sec=0, tv_usec=3052}, ru_stime={tv_sec=0, tv_usec=15264}, ...}) = 0
9119  clone(child_stack=NULL, flags=CLONE_VM|CLONE_PIDFD|CLONE_VFORK|SIGCHLD <unfinished ...>
9499  execve("/opt/hostedtoolcache/go/1.27.0/arm64/pkg/tool/linux_arm64/compile", ["/opt/hostedtoolcache/go/1.27.0/a"..., "-o", "/tmp/go-build4085347996/b009/_pk"..., "-trimpath", "/tmp/go-build4085347996/b009=>", "-p", "runtime", "-lang=go1.27", "-std", "-buildid", "xmW05mk35rkWv81vNyJF/xmW05mk35rk"..., "-goversion", "go1.27.0", "-symabis", "/tmp/go-build4085347996/b009/sym"..., "-c=4", "-nolocalimports", "-importcfg", "/tmp/go-build4085347996/b009/imp"..., "-pack", "-asmhdr", "/tmp/go-build4085347996/b009/go_"..., "/opt/hostedtoolcache/go/1.27.0/a"..., "/opt/hostedtoolcache/go/1.27.0/a"..., "/opt/hostedtoolcache/go/1.27.0/a"..., "/opt/hostedtoolcache/go/1.27.0/a"..., "/opt/hostedtoolcache/go/1.27.0/a"..., "/opt/hostedtoolcache/go/1.27.0/a"..., "/opt/hostedtoolcache/go/1.27.0/a"..., "/opt/hostedtoolcache/go/1.27.0/a"..., "/opt/hostedtoolcache/go/1.27.0/a"..., "/opt/hostedtoolcache/go/1.27.0/a"..., ...], 0x3283656fe908 /* 140 vars */ <unfinished ...>
9119  <... clone resumed>, parent_tid=[12]) = 9499
9499  <... execve resumed>)             = 0
9119  waitid(P_PIDFD, 12,  <unfinished ...>
9499  clone(child_stack=0x30475af38000, flags=CLONE_VM|CLONE_FS|CLONE_FILES|CLONE_SIGHAND|CLONE_THREAD|CLONE_SYSVSEM) = 9500
9499  clone(child_stack=0x30475af70000, flags=CLONE_VM|CLONE_FS|CLONE_FILES|CLONE_SIGHAND|CLONE_THREAD|CLONE_SYSVSEM) = 9501
9500  tgkill(9499, 9499, SIGURG)        = 0
9499  clone(child_stack=0x30475af6c000, flags=CLONE_VM|CLONE_FS|CLONE_FILES|CLONE_SIGHAND|CLONE_THREAD|CLONE_SYSVSEM) = 9502
9499  --- SIGURG {si_signo=SIGURG, si_code=SI_TKILL, si_pid=9499, si_uid=1001} ---
9501  clone(child_stack=0x30475afa0000, flags=CLONE_VM|CLONE_FS|CLONE_FILES|CLONE_SIGHAND|CLONE_THREAD|CLONE_SYSVSEM) = 9503
9500  clone(child_stack=0x30475b41c000, flags=CLONE_VM|CLONE_FS|CLONE_FILES|CLONE_SIGHAND|CLONE_THREAD|CLONE_SYSVSEM) = 9504
9500  tgkill(9499, 9503, SIGURG)        = 0
9503  --- SIGURG {si_signo=SIGURG, si_code=SI_TKILL, si_pid=9499, si_uid=1001} ---
9500  tgkill(9499, 9504, SIGURG)        = 0
9504  --- SIGURG {si_signo=SIGURG, si_code=SI_TKILL, si_pid=9499, si_uid=1001} ---
9500  tgkill(9499, 9501, SIGURG <unfinished ...>
9501  --- SIGURG {si_signo=SIGURG, si_code=SI_TKILL, si_pid=9499, si_uid=1001} ---
9500  <... tgkill resumed>)             = 0
9500  tgkill(9499, 9501, SIGURG)        = 0
9501  --- SIGURG {si_signo=SIGURG, si_code=SI_TKILL, si_pid=9499, si_uid=1001} ---
9500  tgkill(9499, 9501, SIGURG)        = 0
9501  --- SIGURG {si_signo=SIGURG, si_code=SI_TKILL, si_pid=9499, si_uid=1001} ---
9500  tgkill(9499, 9503, SIGURG <unfinished ...>
9503  --- SIGURG {si_signo=SIGURG, si_code=SI_TKILL, si_pid=9499, si_uid=1001} ---
9500  <... tgkill resumed>)             = 0
9500  tgkill(9499, 9503, SIGURG <unfinished ...>
9503  --- SIGURG {si_signo=SIGURG, si_code=SI_TKILL, si_pid=9499, si_uid=1001} ---
9500  <... tgkill resumed>)             = 0
9500  tgkill(9499, 9503, SIGURG)        = 0
9503  --- SIGURG {si_signo=SIGURG, si_code=SI_TKILL, si_pid=9499, si_uid=1001} ---
9499  tgkill(9499, 9503, SIGURG <unfinished ...>
9503  --- SIGURG {si_signo=SIGURG, si_code=SI_TKILL, si_pid=9499, si_uid=1001} ---
9499  <... tgkill resumed>)             = 0
9500  tgkill(9499, 9501, SIGURG)        = 0
9501  --- SIGURG {si_signo=SIGURG, si_code=SI_TKILL, si_pid=9499, si_uid=1001} ---
9501  tgkill(9499, 9499, SIGURG)        = 0
9499  --- SIGURG {si_signo=SIGURG, si_code=SI_TKILL, si_pid=9499, si_uid=1001} ---
9501  tgkill(9499, 9499, SIGURG)        = 0
9499  --- SIGURG {si_signo=SIGURG, si_code=SI_TKILL, si_pid=9499, si_uid=1001} ---
9501  tgkill(9499, 9504, SIGURG)        = 0
9504  --- SIGURG {si_signo=SIGURG, si_code=SI_TKILL, si_pid=9499, si_uid=1001} ---
9500  tgkill(9499, 9504, SIGURG <unfinished ...>
9504  --- SIGURG {si_signo=SIGURG, si_code=SI_TKILL, si_pid=9499, si_uid=1001} ---
9500  <... tgkill resumed>)             = 0
9500  tgkill(9499, 9504, SIGURG)        = 0
9504  --- SIGURG {si_signo=SIGURG, si_code=SI_TKILL, si_pid=9499, si_uid=1001} ---
9500  tgkill(9499, 9503, SIGURG)        = 0
9503  --- SIGURG {si_signo=SIGURG, si_code=SI_TKILL, si_pid=9499, si_uid=1001} ---
9500  tgkill(9499, 9504, SIGURG)        = 0
9504  --- SIGURG {si_signo=SIGURG, si_code=SI_TKILL, si_pid=9499, si_uid=1001} ---
9500  tgkill(9499, 9503, SIGURG)        = 0
9503  --- SIGURG {si_signo=SIGURG, si_code=SI_TKILL, si_pid=9499, si_uid=1001} ---
9500  tgkill(9499, 9504, SIGURG <unfinished ...>
9504  --- SIGURG {si_signo=SIGURG, si_code=SI_TKILL, si_pid=9499, si_uid=1001} ---
9500  <... tgkill resumed>)             = 0
9500  tgkill(9499, 9503, SIGURG)        = 0
9503  --- SIGURG {si_signo=SIGURG, si_code=SI_TKILL, si_pid=9499, si_uid=1001} ---
9501  tgkill(9499, 9504, SIGURG)        = 0
9504  --- SIGURG {si_signo=SIGURG, si_code=SI_TKILL, si_pid=9499, si_uid=1001} ---
9501  tgkill(9499, 9504, SIGURG)        = 0
9504  --- SIGURG {si_signo=SIGURG, si_code=SI_TKILL, si_pid=9499, si_uid=1001} ---
9501  tgkill(9499, 9504, SIGURG)        = 0
9504  --- SIGURG {si_signo=SIGURG, si_code=SI_TKILL, si_pid=9499, si_uid=1001} ---
9501  tgkill(9499, 9504, SIGURG <unfinished ...>
9504  --- SIGURG {si_signo=SIGURG, si_code=SI_TKILL, si_pid=9499, si_uid=1001} ---
9501  <... tgkill resumed>)             = 0
9501  tgkill(9499, 9503, SIGURG)        = 0
9503  --- SIGURG {si_signo=SIGURG, si_code=SI_TKILL, si_pid=9499, si_uid=1001} ---
9501  tgkill(9499, 9504, SIGURG)        = 0
9504  --- SIGURG {si_signo=SIGURG, si_code=SI_TKILL, si_pid=9499, si_uid=1001} ---
9501  tgkill(9499, 9499, SIGURG)        = 0
9499  --- SIGURG {si_signo=SIGURG, si_code=SI_TKILL, si_pid=9499, si_uid=1001} ---
9501  tgkill(9499, 9499, SIGURG)        = 0
9499  --- SIGURG {si_signo=SIGURG, si_code=SI_TKILL, si_pid=9499, si_uid=1001} ---
9500  tgkill(9499, 9499, SIGURG)        = 0
9499  --- SIGURG {si_signo=SIGURG, si_code=SI_TKILL, si_pid=9499, si_uid=1001} ---
9503  tgkill(9499, 9501, SIGURG <unfinished ...>
9502  tgkill(9499, 9503, SIGURG <unfinished ...>
9503  <... tgkill resumed>)             = 0
9501  --- SIGURG {si_signo=SIGURG, si_code=SI_TKILL, si_pid=9499, si_uid=1001} ---
9502  <... tgkill resumed>)             = 0
9503  --- SIGURG {si_signo=SIGURG, si_code=SI_TKILL, si_pid=9499, si_uid=1001} ---
9503  tgkill(9499, 9501, SIGURG)        = 0
9501  --- SIGURG {si_signo=SIGURG, si_code=SI_TKILL, si_pid=9499, si_uid=1001} ---
9503  tgkill(9499, 9501, SIGURG)        = 0
9501  --- SIGURG {si_signo=SIGURG, si_code=SI_TKILL, si_pid=9499, si_uid=1001} ---
9499  tgkill(9499, 9502, SIGURG)        = 0
9502  --- SIGURG {si_signo=SIGURG, si_code=SI_TKILL, si_pid=9499, si_uid=1001} ---
9501  tgkill(9499, 9503, SIGURG)        = 0
9503  --- SIGURG {si_signo=SIGURG, si_code=SI_TKILL, si_pid=9499, si_uid=1001} ---
9501  tgkill(9499, 9503, SIGURG)        = 0
9503  --- SIGURG {si_signo=SIGURG, si_code=SI_TKILL, si_pid=9499, si_uid=1001} ---
9501  tgkill(9499, 9503, SIGURG)        = 0
9503  --- SIGURG {si_signo=SIGURG, si_code=SI_TKILL, si_pid=9499, si_uid=1001} ---
9500  tgkill(9499, 9503, SIGURG <unfinished ...>
9503  --- SIGURG {si_signo=SIGURG, si_code=SI_TKILL, si_pid=9499, si_uid=1001} ---
9500  <... tgkill resumed>)             = 0
9500  tgkill(9499, 9502, SIGURG)        = 0
9502  --- SIGURG {si_signo=SIGURG, si_code=SI_TKILL, si_pid=9499, si_uid=1001} ---
9500  tgkill(9499, 9503, SIGURG)        = 0
9503  --- SIGURG {si_signo=SIGURG, si_code=SI_TKILL, si_pid=9499, si_uid=1001} ---
9500  tgkill(9499, 9502, SIGURG)        = 0
9502  --- SIGURG {si_signo=SIGURG, si_code=SI_TKILL, si_pid=9499, si_uid=1001} ---
9503  tgkill(9499, 9501, SIGURG)        = 0
9501  --- SIGURG {si_signo=SIGURG, si_code=SI_TKILL, si_pid=9499, si_uid=1001} ---
9502  tgkill(9499, 9503, SIGURG)        = 0
9503  --- SIGURG {si_signo=SIGURG, si_code=SI_TKILL, si_pid=9499, si_uid=1001} ---
9502  tgkill(9499, 9501, SIGURG)        = 0
9501  --- SIGURG {si_signo=SIGURG, si_code=SI_TKILL, si_pid=9499, si_uid=1001} ---
9502  tgkill(9499, 9501, SIGURG)        = 0
9501  --- SIGURG {si_signo=SIGURG, si_code=SI_TKILL, si_pid=9499, si_uid=1001} ---
9502  tgkill(9499, 9499, SIGURG)        = 0
9499  --- SIGURG {si_signo=SIGURG, si_code=SI_TKILL, si_pid=9499, si_uid=1001} ---
9502  tgkill(9499, 9499, SIGURG)        = 0
9499  --- SIGURG {si_signo=SIGURG, si_code=SI_TKILL, si_pid=9499, si_uid=1001} ---
9502  tgkill(9499, 9499, SIGURG)        = 0
9499  --- SIGURG {si_signo=SIGURG, si_code=SI_TKILL, si_pid=9499, si_uid=1001} ---
9502  tgkill(9499, 9503, SIGURG <unfinished ...>
9503  --- SIGURG {si_signo=SIGURG, si_code=SI_TKILL, si_pid=9499, si_uid=1001} ---
9502  <... tgkill resumed>)             = 0
9500  tgkill(9499, 9503, SIGURG)        = 0
9503  --- SIGURG {si_signo=SIGURG, si_code=SI_TKILL, si_pid=9499, si_uid=1001} ---
9500  tgkill(9499, 9502, SIGURG <unfinished ...>
9502  --- SIGURG {si_signo=SIGURG, si_code=SI_TKILL, si_pid=9499, si_uid=1001} ---
9500  <... tgkill resumed>)             = 0
9500  tgkill(9499, 9503, SIGURG)        = 0
9503  --- SIGURG {si_signo=SIGURG, si_code=SI_TKILL, si_pid=9499, si_uid=1001} ---
9500  tgkill(9499, 9501, SIGURG <unfinished ...>
9501  --- SIGURG {si_signo=SIGURG, si_code=SI_TKILL, si_pid=9499, si_uid=1001} ---
9500  <... tgkill resumed>)             = 0
9499  tgkill(9499, 9501, SIGURG)        = 0
9501  --- SIGURG {si_signo=SIGURG, si_code=SI_TKILL, si_pid=9499, si_uid=1001} ---
9500  tgkill(9499, 9503, SIGURG)        = 0
9503  --- SIGURG {si_signo=SIGURG, si_code=SI_TKILL, si_pid=9499, si_uid=1001} ---
9500  tgkill(9499, 9502, SIGURG)        = 0
9502  --- SIGURG {si_signo=SIGURG, si_code=SI_TKILL, si_pid=9499, si_uid=1001} ---
9500  tgkill(9499, 9501, SIGURG <unfinished ...>
9501  --- SIGURG {si_signo=SIGURG, si_code=SI_TKILL, si_pid=9499, si_uid=1001} ---
9500  <... tgkill resumed>)             = 0
9501  tgkill(9499, 9503, SIGURG)        = 0
9503  --- SIGURG {si_signo=SIGURG, si_code=SI_TKILL, si_pid=9499, si_uid=1001} ---
9501  tgkill(9499, 9502, SIGURG)        = 0
9502  --- SIGURG {si_signo=SIGURG, si_code=SI_TKILL, si_pid=9499, si_uid=1001} ---
9501  tgkill(9499, 9502, SIGURG)        = 0
9502  --- SIGURG {si_signo=SIGURG, si_code=SI_TKILL, si_pid=9499, si_uid=1001} ---
9501  tgkill(9499, 9503, SIGURG)        = 0
9503  --- SIGURG {si_signo=SIGURG, si_code=SI_TKILL, si_pid=9499, si_uid=1001} ---
9501  tgkill(9499, 9503, SIGURG)        = 0
9503  --- SIGURG {si_signo=SIGURG, si_code=SI_TKILL, si_pid=9499, si_uid=1001} ---
9500  tgkill(9499, 9504, SIGURG)        = 0
9504  --- SIGURG {si_signo=SIGURG, si_code=SI_TKILL, si_pid=9499, si_uid=1001} ---
9500  tgkill(9499, 9502, SIGURG)        = 0
9502  --- SIGURG {si_signo=SIGURG, si_code=SI_TKILL, si_pid=9499, si_uid=1001} ---
9500  tgkill(9499, 9504, SIGURG)        = 0
9504  --- SIGURG {si_signo=SIGURG, si_code=SI_TKILL, si_pid=9499, si_uid=1001} ---
9500  tgkill(9499, 9502, SIGURG <unfinished ...>
9502  --- SIGURG {si_signo=SIGURG, si_code=SI_TKILL, si_pid=9499, si_uid=1001} ---
9500  <... tgkill resumed>)             = 0
9500  tgkill(9499, 9502, SIGURG)        = 0
9502  --- SIGURG {si_signo=SIGURG, si_code=SI_TKILL, si_pid=9499, si_uid=1001} ---
9500  tgkill(9499, 9499, SIGURG)        = 0
9499  --- SIGURG {si_signo=SIGURG, si_code=SI_TKILL, si_pid=9499, si_uid=1001} ---
9500  tgkill(9499, 9502, SIGURG <unfinished ...>
9502  --- SIGURG {si_signo=SIGURG, si_code=SI_TKILL, si_pid=9499, si_uid=1001} ---
9500  <... tgkill resumed>)             = 0
9500  tgkill(9499, 9502, SIGURG <unfinished ...>
9502  --- SIGURG {si_signo=SIGURG, si_code=SI_TKILL, si_pid=9499, si_uid=1001} ---
9500  <... tgkill resumed>)             = 0
9500  tgkill(9499, 9499, SIGURG)        = 0
9499  --- SIGURG {si_signo=SIGURG, si_code=SI_TKILL, si_pid=9499, si_uid=1001} ---
9500  tgkill(9499, 9502, SIGURG <unfinished ...>
9502  --- SIGURG {si_signo=SIGURG, si_code=SI_TKILL, si_pid=9499, si_uid=1001} ---
9500  <... tgkill resumed>)             = 0
9499  tgkill(9499, 9502, SIGURG <unfinished ...>
9502  --- SIGURG {si_signo=SIGURG, si_code=SI_TKILL, si_pid=9499, si_uid=1001} ---
9499  <... tgkill resumed>)             = 0
9500  tgkill(9499, 9502, SIGURG)        = 0
9502  --- SIGURG {si_signo=SIGURG, si_code=SI_TKILL, si_pid=9499, si_uid=1001} ---
9500  tgkill(9499, 9499, SIGURG)        = 0
9504  tgkill(9499, 9501, SIGURG)        = 0
9499  --- SIGURG {si_signo=SIGURG, si_code=SI_TKILL, si_pid=9499, si_uid=1001} ---
9501  --- SIGURG {si_signo=SIGURG, si_code=SI_TKILL, si_pid=9499, si_uid=1001} ---
9500  tgkill(9499, 9504, SIGURG)        = 0
9504  --- SIGURG {si_signo=SIGURG, si_code=SI_TKILL, si_pid=9499, si_uid=1001} ---
9504  tgkill(9499, 9502, SIGURG)        = 0
9502  --- SIGURG {si_signo=SIGURG, si_code=SI_TKILL, si_pid=9499, si_uid=1001} ---
9504  tgkill(9499, 9502, SIGURG)        = 0
9502  --- SIGURG {si_signo=SIGURG, si_code=SI_TKILL, si_pid=9499, si_uid=1001} ---
9504  tgkill(9499, 9502, SIGURG)        = 0
9502  --- SIGURG {si_signo=SIGURG, si_code=SI_TKILL, si_pid=9499, si_uid=1001} ---
9500  tgkill(9499, 9502, SIGURG)        = 0
9502  --- SIGURG {si_signo=SIGURG, si_code=SI_TKILL, si_pid=9499, si_uid=1001} ---
9500  tgkill(9499, 9504, SIGURG <unfinished ...>
9504  --- SIGURG {si_signo=SIGURG, si_code=SI_TKILL, si_pid=9499, si_uid=1001} ---
9500  <... tgkill resumed>)             = 0
9500  tgkill(9499, 9502, SIGURG <unfinished ...>
9502  --- SIGURG {si_signo=SIGURG, si_code=SI_TKILL, si_pid=9499, si_uid=1001} ---
9500  <... tgkill resumed>)             = 0
9500  tgkill(9499, 9504, SIGURG)        = 0
9504  --- SIGURG {si_signo=SIGURG, si_code=SI_TKILL, si_pid=9499, si_uid=1001} ---
9500  tgkill(9499, 9502, SIGURG)        = 0
9502  --- SIGURG {si_signo=SIGURG, si_code=SI_TKILL, si_pid=9499, si_uid=1001} ---
9500  tgkill(9499, 9504, SIGURG)        = 0
9504  --- SIGURG {si_signo=SIGURG, si_code=SI_TKILL, si_pid=9499, si_uid=1001} ---
9504  tgkill(9499, 9502, SIGURG)        = 0
9502  --- SIGURG {si_signo=SIGURG, si_code=SI_TKILL, si_pid=9499, si_uid=1001} ---
9501  tgkill(9499, 9504, SIGURG)        = 0
9504  --- SIGURG {si_signo=SIGURG, si_code=SI_TKILL, si_pid=9499, si_uid=1001} ---
9501  tgkill(9499, 9504, SIGURG)        = 0
9504  --- SIGURG {si_signo=SIGURG, si_code=SI_TKILL, si_pid=9499, si_uid=1001} ---
9501  tgkill(9499, 9502, SIGURG)        = 0
9502  --- SIGURG {si_signo=SIGURG, si_code=SI_TKILL, si_pid=9499, si_uid=1001} ---
9500  tgkill(9499, 9502, SIGURG)        = 0
9502  --- SIGURG {si_signo=SIGURG, si_code=SI_TKILL, si_pid=9499, si_uid=1001} ---
9500  tgkill(9499, 9501, SIGURG <unfinished ...>
9501  --- SIGURG {si_signo=SIGURG, si_code=SI_TKILL, si_pid=9499, si_uid=1001} ---
9500  <... tgkill resumed>)             = 0
9500  tgkill(9499, 9499, SIGURG)        = 0
9499  --- SIGURG {si_signo=SIGURG, si_code=SI_TKILL, si_pid=9499, si_uid=1001} ---
9500  tgkill(9499, 9504, SIGURG <unfinished ...>
9504  --- SIGURG {si_signo=SIGURG, si_code=SI_TKILL, si_pid=9499, si_uid=1001} ---
9500  <... tgkill resumed>)             = 0
9500  tgkill(9499, 9501, SIGURG)        = 0
9501  --- SIGURG {si_signo=SIGURG, si_code=SI_TKILL, si_pid=9499, si_uid=1001} ---
9500  tgkill(9499, 9502, SIGURG)        = 0
9502  --- SIGURG {si_signo=SIGURG, si_code=SI_TKILL, si_pid=9499, si_uid=1001} ---
9500  tgkill(9499, 9501, SIGURG <unfinished ...>
9501  --- SIGURG {si_signo=SIGURG, si_code=SI_TKILL, si_pid=9499, si_uid=1001} ---
9500  <... tgkill resumed>)             = 0
9500  tgkill(9499, 9499, SIGURG)        = 0
9499  --- SIGURG {si_signo=SIGURG, si_code=SI_TKILL, si_pid=9499, si_uid=1001} ---
9500  tgkill(9499, 9504, SIGURG <unfinished ...>
9504  --- SIGURG {si_signo=SIGURG, si_code=SI_TKILL, si_pid=9499, si_uid=1001} ---
9500  <... tgkill resumed>)             = 0
9504  tgkill(9499, 9499, SIGURG)        = 0
9499  --- SIGURG {si_signo=SIGURG, si_code=SI_TKILL, si_pid=9499, si_uid=1001} ---
9501  tgkill(9499, 9504, SIGURG)        = 0
9504  --- SIGURG {si_signo=SIGURG, si_code=SI_TKILL, si_pid=9499, si_uid=1001} ---
9504  tgkill(9499, 9502, SIGURG)        = 0
9502  --- SIGURG {si_signo=SIGURG, si_code=SI_TKILL, si_pid=9499, si_uid=1001} ---
9504  tgkill(9499, 9501, SIGURG)        = 0
9501  --- SIGURG {si_signo=SIGURG, si_code=SI_TKILL, si_pid=9499, si_uid=1001} ---
9500  tgkill(9499, 9501, SIGURG)        = 0
9501  --- SIGURG {si_signo=SIGURG, si_code=SI_TKILL, si_pid=9499, si_uid=1001} ---
9500  tgkill(9499, 9499, SIGURG)        = 0
9499  --- SIGURG {si_signo=SIGURG, si_code=SI_TKILL, si_pid=9499, si_uid=1001} ---
9500  tgkill(9499, 9502, SIGURG <unfinished ...>
9502  --- SIGURG {si_signo=SIGURG, si_code=SI_TKILL, si_pid=9499, si_uid=1001} ---
9500  <... tgkill resumed>)             = 0
9500  tgkill(9499, 9504, SIGURG)        = 0
9504  --- SIGURG {si_signo=SIGURG, si_code=SI_TKILL, si_pid=9499, si_uid=1001} ---
9500  tgkill(9499, 9501, SIGURG)        = 0
9501  --- SIGURG {si_signo=SIGURG, si_code=SI_TKILL, si_pid=9499, si_uid=1001} ---
9500  tgkill(9499, 9499, SIGURG)        = 0
9499  --- SIGURG {si_signo=SIGURG, si_code=SI_TKILL, si_pid=9499, si_uid=1001} ---
9500  tgkill(9499, 9502, SIGURG)        = 0
9502  --- SIGURG {si_signo=SIGURG, si_code=SI_TKILL, si_pid=9499, si_uid=1001} ---
9500  tgkill(9499, 9504, SIGURG <unfinished ...>
9504  --- SIGURG {si_signo=SIGURG, si_code=SI_TKILL, si_pid=9499, si_uid=1001} ---
9500  <... tgkill resumed>)             = 0
9500  tgkill(9499, 9501, SIGURG <unfinished ...>
9501  --- SIGURG {si_signo=SIGURG, si_code=SI_TKILL, si_pid=9499, si_uid=1001} ---
9500  <... tgkill resumed>)             = 0
9500  tgkill(9499, 9502, SIGURG <unfinished ...>
9502  --- SIGURG {si_signo=SIGURG, si_code=SI_TKILL, si_pid=9499, si_uid=1001} ---
9500  <... tgkill resumed>)             = 0
9500  tgkill(9499, 9499, SIGURG)        = 0
9499  --- SIGURG {si_signo=SIGURG, si_code=SI_TKILL, si_pid=9499, si_uid=1001} ---
9500  tgkill(9499, 9501, SIGURG)        = 0
9501  --- SIGURG {si_signo=SIGURG, si_code=SI_TKILL, si_pid=9499, si_uid=1001} ---
9500  tgkill(9499, 9502, SIGURG <unfinished ...>
9502  --- SIGURG {si_signo=SIGURG, si_code=SI_TKILL, si_pid=9499, si_uid=1001} ---
9500  <... tgkill resumed>)             = 0
9500  tgkill(9499, 9504, SIGURG)        = 0
9504  --- SIGURG {si_signo=SIGURG, si_code=SI_TKILL, si_pid=9499, si_uid=1001} ---
9504  tgkill(9499, 9501, SIGURG)        = 0
9501  --- SIGURG {si_signo=SIGURG, si_code=SI_TKILL, si_pid=9499, si_uid=1001} ---
9504  tgkill(9499, 9499, SIGURG)        = 0
9499  --- SIGURG {si_signo=SIGURG, si_code=SI_TKILL, si_pid=9499, si_uid=1001} ---
9502  tgkill(9499, 9501, SIGURG)        = 0
9501  --- SIGURG {si_signo=SIGURG, si_code=SI_TKILL, si_pid=9499, si_uid=1001} ---
9502  tgkill(9499, 9499, SIGURG)        = 0
9499  --- SIGURG {si_signo=SIGURG, si_code=SI_TKILL, si_pid=9499, si_uid=1001} ---
9502  tgkill(9499, 9504, SIGURG)        = 0
9504  --- SIGURG {si_signo=SIGURG, si_code=SI_TKILL, si_pid=9499, si_uid=1001} ---
9500  tgkill(9499, 9501, SIGURG)        = 0
9501  --- SIGURG {si_signo=SIGURG, si_code=SI_TKILL, si_pid=9499, si_uid=1001} ---
9500  tgkill(9499, 9499, SIGURG)        = 0
9499  --- SIGURG {si_signo=SIGURG, si_code=SI_TKILL, si_pid=9499, si_uid=1001} ---
9500  tgkill(9499, 9502, SIGURG)        = 0
9500  tgkill(9499, 9504, SIGURG)        = 0
9504  --- SIGURG {si_signo=SIGURG, si_code=SI_TKILL, si_pid=9499, si_uid=1001} ---
9502  --- SIGURG {si_signo=SIGURG, si_code=SI_TKILL, si_pid=9499, si_uid=1001} ---
9500  tgkill(9499, 9502, SIGURG)        = 0
9502  --- SIGURG {si_signo=SIGURG, si_code=SI_TKILL, si_pid=9499, si_uid=1001} ---
9500  tgkill(9499, 9501, SIGURG)        = 0
9501  --- SIGURG {si_signo=SIGURG, si_code=SI_TKILL, si_pid=9499, si_uid=1001} ---
9500  tgkill(9499, 9499, SIGURG)        = 0
9499  --- SIGURG {si_signo=SIGURG, si_code=SI_TKILL, si_pid=9499, si_uid=1001} ---
9500  tgkill(9499, 9502, SIGURG)        = 0
9502  --- SIGURG {si_signo=SIGURG, si_code=SI_TKILL, si_pid=9499, si_uid=1001} ---
9500  tgkill(9499, 9504, SIGURG)        = 0
9504  --- SIGURG {si_signo=SIGURG, si_code=SI_TKILL, si_pid=9499, si_uid=1001} ---
9500  tgkill(9499, 9502, SIGURG)        = 0
9502  --- SIGURG {si_signo=SIGURG, si_code=SI_TKILL, si_pid=9499, si_uid=1001} ---
9500  tgkill(9499, 9501, SIGURG)        = 0
9501  --- SIGURG {si_signo=SIGURG, si_code=SI_TKILL, si_pid=9499, si_uid=1001} ---
9500  tgkill(9499, 9499, SIGURG)        = 0
9499  --- SIGURG {si_signo=SIGURG, si_code=SI_TKILL, si_pid=9499, si_uid=1001} ---
9500  tgkill(9499, 9502, SIGURG <unfinished ...>
9502  --- SIGURG {si_signo=SIGURG, si_code=SI_TKILL, si_pid=9499, si_uid=1001} ---
9500  <... tgkill resumed>)             = 0
9500  tgkill(9499, 9504, SIGURG)        = 0
9504  --- SIGURG {si_signo=SIGURG, si_code=SI_TKILL, si_pid=9499, si_uid=1001} ---
9500  tgkill(9499, 9501, SIGURG <unfinished ...>
9501  --- SIGURG {si_signo=SIGURG, si_code=SI_TKILL, si_pid=9499, si_uid=1001} ---
9500  <... tgkill resumed>)             = 0
9500  tgkill(9499, 9499, SIGURG)        = 0
9499  --- SIGURG {si_signo=SIGURG, si_code=SI_TKILL, si_pid=9499, si_uid=1001} ---
9500  tgkill(9499, 9502, SIGURG)        = 0
9502  --- SIGURG {si_signo=SIGURG, si_code=SI_TKILL, si_pid=9499, si_uid=1001} ---
9500  tgkill(9499, 9504, SIGURG)        = 0
9504  --- SIGURG {si_signo=SIGURG, si_code=SI_TKILL, si_pid=9499, si_uid=1001} ---
9501  tgkill(9499, 9499, SIGURG)        = 0
9501  tgkill(9499, 9502, SIGURG <unfinished ...>
9499  --- SIGURG {si_signo=SIGURG, si_code=SI_TKILL, si_pid=9499, si_uid=1001} ---
9501  <... tgkill resumed>)             = 0
9502  --- SIGURG {si_signo=SIGURG, si_code=SI_TKILL, si_pid=9499, si_uid=1001} ---
9501  tgkill(9499, 9504, SIGURG <unfinished ...>
9504  --- SIGURG {si_signo=SIGURG, si_code=SI_TKILL, si_pid=9499, si_uid=1001} ---
9501  <... tgkill resumed>)             = 0
9504  tgkill(9499, 9501, SIGURG)        = 0
9501  --- SIGURG {si_signo=SIGURG, si_code=SI_TKILL, si_pid=9499, si_uid=1001} ---
9504  tgkill(9499, 9499, SIGURG)        = 0
9499  --- SIGURG {si_signo=SIGURG, si_code=SI_TKILL, si_pid=9499, si_uid=1001} ---
9504  tgkill(9499, 9502, SIGURG)        = 0
9502  --- SIGURG {si_signo=SIGURG, si_code=SI_TKILL, si_pid=9499, si_uid=1001} ---
9504  tgkill(9499, 9502, SIGURG)        = 0
9502  --- SIGURG {si_signo=SIGURG, si_code=SI_TKILL, si_pid=9499, si_uid=1001} ---
9504  tgkill(9499, 9501, SIGURG)        = 0
9501  --- SIGURG {si_signo=SIGURG, si_code=SI_TKILL, si_pid=9499, si_uid=1001} ---
9504  tgkill(9499, 9499, SIGURG)        = 0
9499  --- SIGURG {si_signo=SIGURG, si_code=SI_TKILL, si_pid=9499, si_uid=1001} ---
9504  tgkill(9499, 9502, SIGURG)        = 0
9502  --- SIGURG {si_signo=SIGURG, si_code=SI_TKILL, si_pid=9499, si_uid=1001} ---
9504  tgkill(9499, 9501, SIGURG)        = 0
9501  --- SIGURG {si_signo=SIGURG, si_code=SI_TKILL, si_pid=9499, si_uid=1001} ---
9504  tgkill(9499, 9499, SIGURG)        = 0
9499  --- SIGURG {si_signo=SIGURG, si_code=SI_TKILL, si_pid=9499, si_uid=1001} ---
9504  tgkill(9499, 9502, SIGURG)        = 0
9502  --- SIGURG {si_signo=SIGURG, si_code=SI_TKILL, si_pid=9499, si_uid=1001} ---
9504  tgkill(9499, 9501, SIGURG)        = 0
9501  --- SIGURG {si_signo=SIGURG, si_code=SI_TKILL, si_pid=9499, si_uid=1001} ---
9500  tgkill(9499, 9502, SIGURG)        = 0
9502  --- SIGURG {si_signo=SIGURG, si_code=SI_TKILL, si_pid=9499, si_uid=1001} ---
9500  tgkill(9499, 9501, SIGURG)        = 0
9501  --- SIGURG {si_signo=SIGURG, si_code=SI_TKILL, si_pid=9499, si_uid=1001} ---
9500  tgkill(9499, 9499, SIGURG)        = 0
9499  --- SIGURG {si_signo=SIGURG, si_code=SI_TKILL, si_pid=9499, si_uid=1001} ---
9500  tgkill(9499, 9501, SIGURG)        = 0
9501  --- SIGURG {si_signo=SIGURG, si_code=SI_TKILL, si_pid=9499, si_uid=1001} ---
9500  tgkill(9499, 9502, SIGURG)        = 0
9502  --- SIGURG {si_signo=SIGURG, si_code=SI_TKILL, si_pid=9499, si_uid=1001} ---
9500  tgkill(9499, 9504, SIGURG <unfinished ...>
9504  --- SIGURG {si_signo=SIGURG, si_code=SI_TKILL, si_pid=9499, si_uid=1001} ---
9500  <... tgkill resumed>)             = 0
9500  tgkill(9499, 9504, SIGURG <unfinished ...>
9504  --- SIGURG {si_signo=SIGURG, si_code=SI_TKILL, si_pid=9499, si_uid=1001} ---
9500  <... tgkill resumed>)             = 0
9500  tgkill(9499, 9502, SIGURG)        = 0
9502  --- SIGURG {si_signo=SIGURG, si_code=SI_TKILL, si_pid=9499, si_uid=1001} ---
9500  tgkill(9499, 9501, SIGURG)        = 0
9501  --- SIGURG {si_signo=SIGURG, si_code=SI_TKILL, si_pid=9499, si_uid=1001} ---
9500  tgkill(9499, 9499, SIGURG)        = 0
9499  --- SIGURG {si_signo=SIGURG, si_code=SI_TKILL, si_pid=9499, si_uid=1001} ---
9500  tgkill(9499, 9502, SIGURG <unfinished ...>
9502  --- SIGURG {si_signo=SIGURG, si_code=SI_TKILL, si_pid=9499, si_uid=1001} ---
9500  <... tgkill resumed>)             = 0
9500  tgkill(9499, 9504, SIGURG <unfinished ...>
9504  --- SIGURG {si_signo=SIGURG, si_code=SI_TKILL, si_pid=9499, si_uid=1001} ---
9500  <... tgkill resumed>)             = 0
9500  tgkill(9499, 9501, SIGURG)        = 0
9501  --- SIGURG {si_signo=SIGURG, si_code=SI_TKILL, si_pid=9499, si_uid=1001} ---
9500  tgkill(9499, 9499, SIGURG)        = 0
9499  --- SIGURG {si_signo=SIGURG, si_code=SI_TKILL, si_pid=9499, si_uid=1001} ---
9500  tgkill(9499, 9502, SIGURG <unfinished ...>
9502  --- SIGURG {si_signo=SIGURG, si_code=SI_TKILL, si_pid=9499, si_uid=1001} ---
9500  <... tgkill resumed>)             = 0
9500  tgkill(9499, 9504, SIGURG <unfinished ...>
9504  --- SIGURG {si_signo=SIGURG, si_code=SI_TKILL, si_pid=9499, si_uid=1001} ---
9500  <... tgkill resumed>)             = 0
9499  tgkill(9499, 9501, SIGURG)        = 0
9501  --- SIGURG {si_signo=SIGURG, si_code=SI_TKILL, si_pid=9499, si_uid=1001} ---
9502  tgkill(9499, 9499, SIGURG)        = 0
9499  --- SIGURG {si_signo=SIGURG, si_code=SI_TKILL, si_pid=9499, si_uid=1001} ---
9501  tgkill(9499, 9499, SIGURG)        = 0
9499  --- SIGURG {si_signo=SIGURG, si_code=SI_TKILL, si_pid=9499, si_uid=1001} ---
9500  tgkill(9499, 9499, SIGURG)        = 0
9499  --- SIGURG {si_signo=SIGURG, si_code=SI_TKILL, si_pid=9499, si_uid=1001} ---
9500  tgkill(9499, 9502, SIGURG)        = 0
9502  --- SIGURG {si_signo=SIGURG, si_code=SI_TKILL, si_pid=9499, si_uid=1001} ---
9500  tgkill(9499, 9504, SIGURG <unfinished ...>
9504  --- SIGURG {si_signo=SIGURG, si_code=SI_TKILL, si_pid=9499, si_uid=1001} ---
9500  <... tgkill resumed>)             = 0
9500  tgkill(9499, 9502, SIGURG)        = 0
9502  --- SIGURG {si_signo=SIGURG, si_code=SI_TKILL, si_pid=9499, si_uid=1001} ---
9500  tgkill(9499, 9504, SIGURG <unfinished ...>
9504  --- SIGURG {si_signo=SIGURG, si_code=SI_TKILL, si_pid=9499, si_uid=1001} ---
9500  <... tgkill resumed>)             = 0
9500  tgkill(9499, 9499, SIGURG)        = 0
9499  --- SIGURG {si_signo=SIGURG, si_code=SI_TKILL, si_pid=9499, si_uid=1001} ---
9500  tgkill(9499, 9502, SIGURG <unfinished ...>
9502  --- SIGURG {si_signo=SIGURG, si_code=SI_TKILL, si_pid=9499, si_uid=1001} ---
9500  <... tgkill resumed>)             = 0
9500  tgkill(9499, 9501, SIGURG <unfinished ...>
9501  --- SIGURG {si_signo=SIGURG, si_code=SI_TKILL, si_pid=9499, si_uid=1001} ---
9500  <... tgkill resumed>)             = 0
9500  tgkill(9499, 9502, SIGURG)        = 0
9502  --- SIGURG {si_signo=SIGURG, si_code=SI_TKILL, si_pid=9499, si_uid=1001} ---
9500  tgkill(9499, 9504, SIGURG <unfinished ...>
9504  --- SIGURG {si_signo=SIGURG, si_code=SI_TKILL, si_pid=9499, si_uid=1001} ---
9500  <... tgkill resumed>)             = 0
9500  tgkill(9499, 9499, SIGURG)        = 0
9499  --- SIGURG {si_signo=SIGURG, si_code=SI_TKILL, si_pid=9499, si_uid=1001} ---
9500  tgkill(9499, 9502, SIGURG)        = 0
9502  --- SIGURG {si_signo=SIGURG, si_code=SI_TKILL, si_pid=9499, si_uid=1001} ---
9500  tgkill(9499, 9501, SIGURG)        = 0
9501  --- SIGURG {si_signo=SIGURG, si_code=SI_TKILL, si_pid=9499, si_uid=1001} ---
9500  tgkill(9499, 9502, SIGURG <unfinished ...>
9502  --- SIGURG {si_signo=SIGURG, si_code=SI_TKILL, si_pid=9499, si_uid=1001} ---
9500  <... tgkill resumed>)             = 0
9500  tgkill(9499, 9504, SIGURG <unfinished ...>
9504  --- SIGURG {si_signo=SIGURG, si_code=SI_TKILL, si_pid=9499, si_uid=1001} ---
9500  <... tgkill resumed>)             = 0
9500  tgkill(9499, 9499, SIGURG)        = 0
9499  --- SIGURG {si_signo=SIGURG, si_code=SI_TKILL, si_pid=9499, si_uid=1001} ---
9500  tgkill(9499, 9502, SIGURG <unfinished ...>
9502  --- SIGURG {si_signo=SIGURG, si_code=SI_TKILL, si_pid=9499, si_uid=1001} ---
9500  <... tgkill resumed>)             = 0
9500  tgkill(9499, 9499, SIGURG)        = 0
9499  --- SIGURG {si_signo=SIGURG, si_code=SI_TKILL, si_pid=9499, si_uid=1001} ---
9500  tgkill(9499, 9502, SIGURG <unfinished ...>
9502  --- SIGURG {si_signo=SIGURG, si_code=SI_TKILL, si_pid=9499, si_uid=1001} ---
9500  <... tgkill resumed>)             = 0
9500  tgkill(9499, 9504, SIGURG)        = 0
9504  --- SIGURG {si_signo=SIGURG, si_code=SI_TKILL, si_pid=9499, si_uid=1001} ---
9500  tgkill(9499, 9501, SIGURG <unfinished ...>
9501  --- SIGURG {si_signo=SIGURG, si_code=SI_TKILL, si_pid=9499, si_uid=1001} ---
9500  <... tgkill resumed>)             = 0
9500  tgkill(9499, 9499, SIGURG)        = 0
9499  --- SIGURG {si_signo=SIGURG, si_code=SI_TKILL, si_pid=9499, si_uid=1001} ---
9501  tgkill(9499, 9499, SIGURG)        = 0
9501  tgkill(9499, 9502, SIGURG <unfinished ...>
9499  --- SIGURG {si_signo=SIGURG, si_code=SI_TKILL, si_pid=9499, si_uid=1001} ---
9501  <... tgkill resumed>)             = 0
9502  --- SIGURG {si_signo=SIGURG, si_code=SI_TKILL, si_pid=9499, si_uid=1001} ---
9501  tgkill(9499, 9504, SIGURG)        = 0
9504  --- SIGURG {si_signo=SIGURG, si_code=SI_TKILL, si_pid=9499, si_uid=1001} ---
9504  tgkill(9499, 9501, SIGURG)        = 0
9504  tgkill(9499, 9499, SIGURG)        = 0
9501  --- SIGURG {si_signo=SIGURG, si_code=SI_TKILL, si_pid=9499, si_uid=1001} ---
9499  --- SIGURG {si_signo=SIGURG, si_code=SI_TKILL, si_pid=9499, si_uid=1001} ---
9504  tgkill(9499, 9502, SIGURG)        = 0
9502  --- SIGURG {si_signo=SIGURG, si_code=SI_TKILL, si_pid=9499, si_uid=1001} ---
9504  tgkill(9499, 9501, SIGURG)        = 0
9501  --- SIGURG {si_signo=SIGURG, si_code=SI_TKILL, si_pid=9499, si_uid=1001} ---
9504  tgkill(9499, 9499, SIGURG)        = 0
9504  tgkill(9499, 9502, SIGURG <unfinished ...>
9499  --- SIGURG {si_signo=SIGURG, si_code=SI_TKILL, si_pid=9499, si_uid=1001} ---
9504  <... tgkill resumed>)             = 0
9502  --- SIGURG {si_signo=SIGURG, si_code=SI_TKILL, si_pid=9499, si_uid=1001} ---
9504  tgkill(9499, 9501, SIGURG)        = 0
9501  --- SIGURG {si_signo=SIGURG, si_code=SI_TKILL, si_pid=9499, si_uid=1001} ---
9504  tgkill(9499, 9499, SIGURG)        = 0
9499  --- SIGURG {si_signo=SIGURG, si_code=SI_TKILL, si_pid=9499, si_uid=1001} ---
9504  tgkill(9499, 9502, SIGURG)        = 0
9502  --- SIGURG {si_signo=SIGURG, si_code=SI_TKILL, si_pid=9499, si_uid=1001} ---
9504  tgkill(9499, 9501, SIGURG)        = 0
9501  --- SIGURG {si_signo=SIGURG, si_code=SI_TKILL, si_pid=9499, si_uid=1001} ---
9504  tgkill(9499, 9499, SIGURG)        = 0
9499  --- SIGURG {si_signo=SIGURG, si_code=SI_TKILL, si_pid=9499, si_uid=1001} ---
9500  tgkill(9499, 9499, SIGURG)        = 0
9499  --- SIGURG {si_signo=SIGURG, si_code=SI_TKILL, si_pid=9499, si_uid=1001} ---
9500  tgkill(9499, 9502, SIGURG <unfinished ...>
9502  --- SIGURG {si_signo=SIGURG, si_code=SI_TKILL, si_pid=9499, si_uid=1001} ---
9500  <... tgkill resumed>)             = 0
9500  tgkill(9499, 9504, SIGURG <unfinished ...>
9504  --- SIGURG {si_signo=SIGURG, si_code=SI_TKILL, si_pid=9499, si_uid=1001} ---
9500  <... tgkill resumed>)             = 0
9500  tgkill(9499, 9501, SIGURG)        = 0
9501  --- SIGURG {si_signo=SIGURG, si_code=SI_TKILL, si_pid=9499, si_uid=1001} ---
9500  tgkill(9499, 9499, SIGURG)        = 0
9499  --- SIGURG {si_signo=SIGURG, si_code=SI_TKILL, si_pid=9499, si_uid=1001} ---
9500  tgkill(9499, 9502, SIGURG <unfinished ...>
9502  --- SIGURG {si_signo=SIGURG, si_code=SI_TKILL, si_pid=9499, si_uid=1001} ---
9500  <... tgkill resumed>)             = 0
9500  tgkill(9499, 9504, SIGURG <unfinished ...>
9504  --- SIGURG {si_signo=SIGURG, si_code=SI_TKILL, si_pid=9499, si_uid=1001} ---
9500  <... tgkill resumed>)             = 0
9500  tgkill(9499, 9501, SIGURG)        = 0
9501  --- SIGURG {si_signo=SIGURG, si_code=SI_TKILL, si_pid=9499, si_uid=1001} ---
9500  tgkill(9499, 9502, SIGURG <unfinished ...>
9502  --- SIGURG {si_signo=SIGURG, si_code=SI_TKILL, si_pid=9499, si_uid=1001} ---
9500  <... tgkill resumed>)             = 0
9500  tgkill(9499, 9499, SIGURG)        = 0
9499  --- SIGURG {si_signo=SIGURG, si_code=SI_TKILL, si_pid=9499, si_uid=1001} ---
9500  tgkill(9499, 9501, SIGURG)        = 0
9501  --- SIGURG {si_signo=SIGURG, si_code=SI_TKILL, si_pid=9499, si_uid=1001} ---
9500  tgkill(9499, 9502, SIGURG <unfinished ...>
9502  --- SIGURG {si_signo=SIGURG, si_code=SI_TKILL, si_pid=9499, si_uid=1001} ---
9500  <... tgkill resumed>)             = 0
9500  tgkill(9499, 9504, SIGURG)        = 0
9504  --- SIGURG {si_signo=SIGURG, si_code=SI_TKILL, si_pid=9499, si_uid=1001} ---
9500  tgkill(9499, 9499, SIGURG)        = 0
9499  --- SIGURG {si_signo=SIGURG, si_code=SI_TKILL, si_pid=9499, si_uid=1001} ---
9500  tgkill(9499, 9504, SIGURG <unfinished ...>
9504  --- SIGURG {si_signo=SIGURG, si_code=SI_TKILL, si_pid=9499, si_uid=1001} ---
9500  <... tgkill resumed>)             = 0
9500  tgkill(9499, 9504, SIGURG)        = 0
9504  --- SIGURG {si_signo=SIGURG, si_code=SI_TKILL, si_pid=9499, si_uid=1001} ---
9500  tgkill(9499, 9504, SIGURG <unfinished ...>
9504  --- SIGURG {si_signo=SIGURG, si_code=SI_TKILL, si_pid=9499, si_uid=1001} ---
9500  <... tgkill resumed>)             = 0
9500  tgkill(9499, 9504, SIGURG)        = 0
9504  --- SIGURG {si_signo=SIGURG, si_code=SI_TKILL, si_pid=9499, si_uid=1001} ---
9500  tgkill(9499, 9504, SIGURG <unfinished ...>
9504  --- SIGURG {si_signo=SIGURG, si_code=SI_TKILL, si_pid=9499, si_uid=1001} ---
9500  <... tgkill resumed>)             = 0
9500  tgkill(9499, 9504, SIGURG)        = 0
9504  --- SIGURG {si_signo=SIGURG, si_code=SI_TKILL, si_pid=9499, si_uid=1001} ---
9500  tgkill(9499, 9504, SIGURG <unfinished ...>
9504  --- SIGURG {si_signo=SIGURG, si_code=SI_TKILL, si_pid=9499, si_uid=1001} ---
9500  <... tgkill resumed>)             = 0
9500  tgkill(9499, 9504, SIGURG)        = 0
9504  --- SIGURG {si_signo=SIGURG, si_code=SI_TKILL, si_pid=9499, si_uid=1001} ---
9500  tgkill(9499, 9504, SIGURG <unfinished ...>
9504  --- SIGURG {si_signo=SIGURG, si_code=SI_TKILL, si_pid=9499, si_uid=1001} ---
9500  <... tgkill resumed>)             = 0
9500  tgkill(9499, 9504, SIGURG)        = 0
9504  --- SIGURG {si_signo=SIGURG, si_code=SI_TKILL, si_pid=9499, si_uid=1001} ---
9504  exit_group(0)                     = ?
9504  +++ exited with 0 +++
9503  +++ exited with 0 +++
9502  +++ exited with 0 +++
9500  +++ exited with 0 +++
9501  +++ exited with 0 +++
9499  +++ exited with 0 +++
9119  <... waitid resumed>{si_signo=SIGCHLD, si_code=CLD_EXITED, si_pid=9499, si_uid=1001, si_status=0, si_utime=0, si_stime=0}, WEXITED, {ru_utime={tv_sec=3, tv_usec=580163}, ru_stime={tv_sec=0, tv_usec=228882}, ...}) = 0
9119  --- SIGCHLD {si_signo=SIGCHLD, si_code=CLD_EXITED, si_pid=9499, si_uid=1001, si_status=0, si_utime=358 /* 3.58 s */, si_stime=22 /* 0.22 s */} ---
9114  clone(child_stack=NULL, flags=CLONE_VM|CLONE_PIDFD|CLONE_VFORK|SIGCHLD <unfinished ...>
9505  execve("/opt/hostedtoolcache/go/1.27.0/arm64/pkg/tool/linux_arm64/asm", ["/opt/hostedtoolcache/go/1.27.0/a"..., "-p", "runtime", "-trimpath", "/tmp/go-build4085347996/b009=>", "-I", "/tmp/go-build4085347996/b009/", "-I", "/opt/hostedtoolcache/go/1.27.0/a"..., "-D", "GOOS_linux", "-D", "GOARCH_arm64", "-std", "-o", "/tmp/go-build4085347996/b009/asm"..., "/opt/hostedtoolcache/go/1.27.0/a"...], 0x3283656ff208 /* 140 vars */ <unfinished ...>
9114  <... clone resumed>, parent_tid=[12]) = 9505
9505  <... execve resumed>)             = 0
9114  waitid(P_PIDFD, 12,  <unfinished ...>
9505  clone(child_stack=0x76746349e000, flags=CLONE_VM|CLONE_FS|CLONE_FILES|CLONE_SIGHAND|CLONE_THREAD|CLONE_SYSVSEM) = 9506
9505  clone(child_stack=0x7674634d6000, flags=CLONE_VM|CLONE_FS|CLONE_FILES|CLONE_SIGHAND|CLONE_THREAD|CLONE_SYSVSEM) = 9507
9505  clone(child_stack=0x7674634d2000, flags=CLONE_VM|CLONE_FS|CLONE_FILES|CLONE_SIGHAND|CLONE_THREAD|CLONE_SYSVSEM) = 9508
9507  clone(child_stack=0x767463518000, flags=CLONE_VM|CLONE_FS|CLONE_FILES|CLONE_SIGHAND|CLONE_THREAD|CLONE_SYSVSEM) = 9509
9505  exit_group(0)                     = ?
9509  +++ exited with 0 +++
9508  +++ exited with 0 +++
9507  +++ exited with 0 +++
9506  +++ exited with 0 +++
9505  +++ exited with 0 +++
9119  --- SIGCHLD {si_signo=SIGCHLD, si_code=CLD_EXITED, si_pid=9505, si_uid=1001, si_status=0, si_utime=0, si_stime=0} ---
9114  <... waitid resumed>{si_signo=SIGCHLD, si_code=CLD_EXITED, si_pid=9505, si_uid=1001, si_status=0, si_utime=0, si_stime=0}, WEXITED, {ru_utime={tv_sec=0, tv_usec=758}, ru_stime={tv_sec=0, tv_usec=5312}, ...}) = 0
9119  clone(child_stack=NULL, flags=CLONE_VM|CLONE_PIDFD|CLONE_VFORK|SIGCHLD <unfinished ...>
9510  execve("/opt/hostedtoolcache/go/1.27.0/arm64/pkg/tool/linux_arm64/asm", ["/opt/hostedtoolcache/go/1.27.0/a"..., "-p", "runtime", "-trimpath", "/tmp/go-build4085347996/b009=>", "-I", "/tmp/go-build4085347996/b009/", "-I", "/opt/hostedtoolcache/go/1.27.0/a"..., "-D", "GOOS_linux", "-D", "GOARCH_arm64", "-std", "-o", "/tmp/go-build4085347996/b009/asm"..., "/opt/hostedtoolcache/go/1.27.0/a"...], 0x328365952488 /* 140 vars */ <unfinished ...>
9119  <... clone resumed>, parent_tid=[12]) = 9510
9510  <... execve resumed>)             = 0
9119  waitid(P_PIDFD, 12,  <unfinished ...>
9510  clone(child_stack=0x42f92be38000, flags=CLONE_VM|CLONE_FS|CLONE_FILES|CLONE_SIGHAND|CLONE_THREAD|CLONE_SYSVSEM) = 9511
9510  clone(child_stack=0x42f92be70000, flags=CLONE_VM|CLONE_FS|CLONE_FILES|CLONE_SIGHAND|CLONE_THREAD|CLONE_SYSVSEM) = 9512
9510  clone(child_stack=0x42f92be6c000, flags=CLONE_VM|CLONE_FS|CLONE_FILES|CLONE_SIGHAND|CLONE_THREAD|CLONE_SYSVSEM) = 9513
9512  clone(child_stack=0x42f92bea0000, flags=CLONE_VM|CLONE_FS|CLONE_FILES|CLONE_SIGHAND|CLONE_THREAD|CLONE_SYSVSEM) = 9514
9511  tgkill(9510, 9513, SIGURG)        = 0
9513  --- SIGURG {si_signo=SIGURG, si_code=SI_TKILL, si_pid=9510, si_uid=1001} ---
9510  exit_group(0)                     = ?
9514  +++ exited with 0 +++
9513  +++ exited with 0 +++
9512  +++ exited with 0 +++
9511  +++ exited with 0 +++
9510  +++ exited with 0 +++
9114  --- SIGCHLD {si_signo=SIGCHLD, si_code=CLD_EXITED, si_pid=9510, si_uid=1001, si_status=0, si_utime=0, si_stime=0} ---
9119  <... waitid resumed>{si_signo=SIGCHLD, si_code=CLD_EXITED, si_pid=9510, si_uid=1001, si_status=0, si_utime=0, si_stime=0}, WEXITED, {ru_utime={tv_sec=0, tv_usec=8119}, ru_stime={tv_sec=0, tv_usec=5413}, ...}) = 0
9114  clone(child_stack=NULL, flags=CLONE_VM|CLONE_PIDFD|CLONE_VFORK|SIGCHLD <unfinished ...>
9515  execve("/opt/hostedtoolcache/go/1.27.0/arm64/pkg/tool/linux_arm64/asm", ["/opt/hostedtoolcache/go/1.27.0/a"..., "-p", "runtime", "-trimpath", "/tmp/go-build4085347996/b009=>", "-I", "/tmp/go-build4085347996/b009/", "-I", "/opt/hostedtoolcache/go/1.27.0/a"..., "-D", "GOOS_linux", "-D", "GOARCH_arm64", "-std", "-o", "/tmp/go-build4085347996/b009/ato"..., "/opt/hostedtoolcache/go/1.27.0/a"...], 0x3283656ff688 /* 140 vars */ <unfinished ...>
9114  <... clone resumed>, parent_tid=[12]) = 9515
9515  <... execve resumed>)             = 0
9114  waitid(P_PIDFD, 12,  <unfinished ...>
9515  clone(child_stack=0x20ec5d892000, flags=CLONE_VM|CLONE_FS|CLONE_FILES|CLONE_SIGHAND|CLONE_THREAD|CLONE_SYSVSEM) = 9516
9515  clone(child_stack=0x20ec5d8ca000, flags=CLONE_VM|CLONE_FS|CLONE_FILES|CLONE_SIGHAND|CLONE_THREAD|CLONE_SYSVSEM) = 9517
9516  tgkill(9515, 9515, SIGURG <unfinished ...>
9515  clone(child_stack=0x20ec5d8c6000, flags=CLONE_VM|CLONE_FS|CLONE_FILES|CLONE_SIGHAND|CLONE_THREAD|CLONE_SYSVSEM <unfinished ...>
9516  <... tgkill resumed>)             = 0
9515  <... clone resumed>)              = 9518
9515  --- SIGURG {si_signo=SIGURG, si_code=SI_TKILL, si_pid=9515, si_uid=1001} ---
9517  clone(child_stack=0x20ec5d918000, flags=CLONE_VM|CLONE_FS|CLONE_FILES|CLONE_SIGHAND|CLONE_THREAD|CLONE_SYSVSEM) = 9519
9515  exit_group(0)                     = ?
9519  +++ exited with 0 +++
9518  +++ exited with 0 +++
9517  +++ exited with 0 +++
9516  +++ exited with 0 +++
9515  +++ exited with 0 +++
9119  --- SIGCHLD {si_signo=SIGCHLD, si_code=CLD_EXITED, si_pid=9515, si_uid=1001, si_status=0, si_utime=0, si_stime=0} ---
9114  <... waitid resumed>{si_signo=SIGCHLD, si_code=CLD_EXITED, si_pid=9515, si_uid=1001, si_status=0, si_utime=0, si_stime=0}, WEXITED, {ru_utime={tv_sec=0, tv_usec=2463}, ru_stime={tv_sec=0, tv_usec=3695}, ...}) = 0
9119  clone(child_stack=NULL, flags=CLONE_VM|CLONE_PIDFD|CLONE_VFORK|SIGCHLD <unfinished ...>
9520  execve("/opt/hostedtoolcache/go/1.27.0/arm64/pkg/tool/linux_arm64/asm", ["/opt/hostedtoolcache/go/1.27.0/a"..., "-p", "runtime", "-trimpath", "/tmp/go-build4085347996/b009=>", "-I", "/tmp/go-build4085347996/b009/", "-I", "/opt/hostedtoolcache/go/1.27.0/a"..., "-D", "GOOS_linux", "-D", "GOARCH_arm64", "-std", "-o", "/tmp/go-build4085347996/b009/int"..., "/opt/hostedtoolcache/go/1.27.0/a"...], 0x328365952908 /* 140 vars */ <unfinished ...>
9119  <... clone resumed>, parent_tid=[12]) = 9520
9520  <... execve resumed>)             = 0
9119  waitid(P_PIDFD, 12,  <unfinished ...>
9520  clone(child_stack=0x37585652000, flags=CLONE_VM|CLONE_FS|CLONE_FILES|CLONE_SIGHAND|CLONE_THREAD|CLONE_SYSVSEM) = 9521
9520  clone(child_stack=0x3758568a000, flags=CLONE_VM|CLONE_FS|CLONE_FILES|CLONE_SIGHAND|CLONE_THREAD|CLONE_SYSVSEM) = 9522
9520  clone(child_stack=0x37585686000, flags=CLONE_VM|CLONE_FS|CLONE_FILES|CLONE_SIGHAND|CLONE_THREAD|CLONE_SYSVSEM) = 9523
9522  clone(child_stack=0x37585718000, flags=CLONE_VM|CLONE_FS|CLONE_FILES|CLONE_SIGHAND|CLONE_THREAD|CLONE_SYSVSEM) = 9524
9521  tgkill(9520, 9523, SIGURG)        = 0
9523  --- SIGURG {si_signo=SIGURG, si_code=SI_TKILL, si_pid=9520, si_uid=1001} ---
9521  tgkill(9520, 9520, SIGURG)        = 0
9520  --- SIGURG {si_signo=SIGURG, si_code=SI_TKILL, si_pid=9520, si_uid=1001} ---
9521  tgkill(9520, 9520, SIGURG)        = 0
9520  --- SIGURG {si_signo=SIGURG, si_code=SI_TKILL, si_pid=9520, si_uid=1001} ---
9524  exit_group(0)                     = ?
9524  +++ exited with 0 +++
9523  +++ exited with 0 +++
9522  +++ exited with 0 +++
9521  +++ exited with 0 +++
9520  +++ exited with 0 +++
9119  <... waitid resumed>{si_signo=SIGCHLD, si_code=CLD_EXITED, si_pid=9520, si_uid=1001, si_status=0, si_utime=0, si_stime=0}, WEXITED, {ru_utime={tv_sec=0, tv_usec=1166}, ru_stime={tv_sec=0, tv_usec=5831}, ...}) = 0
9114  --- SIGCHLD {si_signo=SIGCHLD, si_code=CLD_EXITED, si_pid=9520, si_uid=1001, si_status=0, si_utime=0, si_stime=0} ---
9114  clone(child_stack=NULL, flags=CLONE_VM|CLONE_PIDFD|CLONE_VFORK|SIGCHLD <unfinished ...>
9525  execve("/opt/hostedtoolcache/go/1.27.0/arm64/pkg/tool/linux_arm64/asm", ["/opt/hostedtoolcache/go/1.27.0/a"..., "-p", "runtime", "-trimpath", "/tmp/go-build4085347996/b009=>", "-I", "/tmp/go-build4085347996/b009/", "-I", "/opt/hostedtoolcache/go/1.27.0/a"..., "-D", "GOOS_linux", "-D", "GOARCH_arm64", "-std", "-o", "/tmp/go-build4085347996/b009/mem"..., "/opt/hostedtoolcache/go/1.27.0/a"...], 0x3283656ffb08 /* 140 vars */ <unfinished ...>
9114  <... clone resumed>, parent_tid=[12]) = 9525
9525  <... execve resumed>)             = 0
9114  waitid(P_PIDFD, 12,  <unfinished ...>
9525  clone(child_stack=0x4cf872502000, flags=CLONE_VM|CLONE_FS|CLONE_FILES|CLONE_SIGHAND|CLONE_THREAD|CLONE_SYSVSEM) = 9526
9525  clone(child_stack=0x4cf87253a000, flags=CLONE_VM|CLONE_FS|CLONE_FILES|CLONE_SIGHAND|CLONE_THREAD|CLONE_SYSVSEM) = 9527
9526  tgkill(9525, 9525, SIGURG)        = 0
9525  clone(child_stack=0x4cf872536000, flags=CLONE_VM|CLONE_FS|CLONE_FILES|CLONE_SIGHAND|CLONE_THREAD|CLONE_SYSVSEM) = 9528
9525  --- SIGURG {si_signo=SIGURG, si_code=SI_TKILL, si_pid=9525, si_uid=1001} ---
9527  clone(child_stack=0x4cf872598000, flags=CLONE_VM|CLONE_FS|CLONE_FILES|CLONE_SIGHAND|CLONE_THREAD|CLONE_SYSVSEM) = 9529
9525  exit_group(0)                     = ?
9529  +++ exited with 0 +++
9528  +++ exited with 0 +++
9527  +++ exited with 0 +++
9526  +++ exited with 0 +++
9525  +++ exited with 0 +++
9119  --- SIGCHLD {si_signo=SIGCHLD, si_code=CLD_EXITED, si_pid=9525, si_uid=1001, si_status=0, si_utime=0, si_stime=0} ---
9114  <... waitid resumed>{si_signo=SIGCHLD, si_code=CLD_EXITED, si_pid=9525, si_uid=1001, si_status=0, si_utime=0, si_stime=0}, WEXITED, {ru_utime={tv_sec=0, tv_usec=2096}, ru_stime={tv_sec=0, tv_usec=4192}, ...}) = 0
9119  clone(child_stack=NULL, flags=CLONE_VM|CLONE_PIDFD|CLONE_VFORK|SIGCHLD <unfinished ...>
9530  execve("/opt/hostedtoolcache/go/1.27.0/arm64/pkg/tool/linux_arm64/asm", ["/opt/hostedtoolcache/go/1.27.0/a"..., "-p", "runtime", "-trimpath", "/tmp/go-build4085347996/b009=>", "-I", "/tmp/go-build4085347996/b009/", "-I", "/opt/hostedtoolcache/go/1.27.0/a"..., "-D", "GOOS_linux", "-D", "GOARCH_arm64", "-std", "-o", "/tmp/go-build4085347996/b009/mem"..., "/opt/hostedtoolcache/go/1.27.0/a"...], 0x328365953208 /* 140 vars */ <unfinished ...>
9119  <... clone resumed>, parent_tid=[12]) = 9530
9530  <... execve resumed>)             = 0
9119  waitid(P_PIDFD, 12,  <unfinished ...>
9530  clone(child_stack=0x2b9148be4000, flags=CLONE_VM|CLONE_FS|CLONE_FILES|CLONE_SIGHAND|CLONE_THREAD|CLONE_SYSVSEM) = 9531
9530  clone(child_stack=0x2b9148c1c000, flags=CLONE_VM|CLONE_FS|CLONE_FILES|CLONE_SIGHAND|CLONE_THREAD|CLONE_SYSVSEM) = 9532
9530  clone(child_stack=0x2b9148c18000, flags=CLONE_VM|CLONE_FS|CLONE_FILES|CLONE_SIGHAND|CLONE_THREAD|CLONE_SYSVSEM) = 9533
9532  clone(child_stack=0x2b9148c98000, flags=CLONE_VM|CLONE_FS|CLONE_FILES|CLONE_SIGHAND|CLONE_THREAD|CLONE_SYSVSEM) = 9534
9531  tgkill(9530, 9533, SIGURG)        = 0
9533  --- SIGURG {si_signo=SIGURG, si_code=SI_TKILL, si_pid=9530, si_uid=1001} ---
9530  exit_group(0)                     = ?
9534  +++ exited with 0 +++
9533  +++ exited with 0 +++
9532  +++ exited with 0 +++
9531  +++ exited with 0 +++
9530  +++ exited with 0 +++
9119  <... waitid resumed>{si_signo=SIGCHLD, si_code=CLD_EXITED, si_pid=9530, si_uid=1001, si_status=0, si_utime=0, si_stime=0}, WEXITED, {ru_utime={tv_sec=0, tv_usec=2528}, ru_stime={tv_sec=0, tv_usec=4213}, ...}) = 0
9114  --- SIGCHLD {si_signo=SIGCHLD, si_code=CLD_EXITED, si_pid=9530, si_uid=1001, si_status=0, si_utime=0, si_stime=0} ---
9114  clone(child_stack=NULL, flags=CLONE_VM|CLONE_PIDFD|CLONE_VFORK|SIGCHLD <unfinished ...>
9535  execve("/opt/hostedtoolcache/go/1.27.0/arm64/pkg/tool/linux_arm64/asm", ["/opt/hostedtoolcache/go/1.27.0/a"..., "-p", "runtime", "-trimpath", "/tmp/go-build4085347996/b009=>", "-I", "/tmp/go-build4085347996/b009/", "-I", "/opt/hostedtoolcache/go/1.27.0/a"..., "-D", "GOOS_linux", "-D", "GOARCH_arm64", "-std", "-o", "/tmp/go-build4085347996/b009/pre"..., "/opt/hostedtoolcache/go/1.27.0/a"...], 0x328365a0a488 /* 140 vars */ <unfinished ...>
9114  <... clone resumed>, parent_tid=[12]) = 9535
9535  <... execve resumed>)             = 0
9114  waitid(P_PIDFD, 12,  <unfinished ...>
9535  clone(child_stack=0x4a0719550000, flags=CLONE_VM|CLONE_FS|CLONE_FILES|CLONE_SIGHAND|CLONE_THREAD|CLONE_SYSVSEM) = 9536
9535  clone(child_stack=0x4a0719588000, flags=CLONE_VM|CLONE_FS|CLONE_FILES|CLONE_SIGHAND|CLONE_THREAD|CLONE_SYSVSEM) = 9537
9535  clone(child_stack=0x4a0719584000, flags=CLONE_VM|CLONE_FS|CLONE_FILES|CLONE_SIGHAND|CLONE_THREAD|CLONE_SYSVSEM) = 9538
9537  clone(child_stack=0x4a0719618000, flags=CLONE_VM|CLONE_FS|CLONE_FILES|CLONE_SIGHAND|CLONE_THREAD|CLONE_SYSVSEM) = 9539
9535  exit_group(0)                     = ?
9539  +++ exited with 0 +++
9538  +++ exited with 0 +++
9537  +++ exited with 0 +++
9536  +++ exited with 0 +++
9535  +++ exited with 0 +++
9119  --- SIGCHLD {si_signo=SIGCHLD, si_code=CLD_EXITED, si_pid=9535, si_uid=1001, si_status=0, si_utime=0, si_stime=0} ---
9114  <... waitid resumed>{si_signo=SIGCHLD, si_code=CLD_EXITED, si_pid=9535, si_uid=1001, si_status=0, si_utime=0, si_stime=0}, WEXITED, {ru_utime={tv_sec=0, tv_usec=1581}, ru_stime={tv_sec=0, tv_usec=7115}, ...}) = 0
9119  clone(child_stack=NULL, flags=CLONE_VM|CLONE_PIDFD|CLONE_VFORK|SIGCHLD <unfinished ...>
9540  execve("/opt/hostedtoolcache/go/1.27.0/arm64/pkg/tool/linux_arm64/asm", ["/opt/hostedtoolcache/go/1.27.0/a"..., "-p", "runtime", "-trimpath", "/tmp/go-build4085347996/b009=>", "-I", "/tmp/go-build4085347996/b009/", "-I", "/opt/hostedtoolcache/go/1.27.0/a"..., "-D", "GOOS_linux", "-D", "GOARCH_arm64", "-std", "-o", "/tmp/go-build4085347996/b009/rt0"..., "/opt/hostedtoolcache/go/1.27.0/a"...], 0x328365953b08 /* 140 vars */ <unfinished ...>
9119  <... clone resumed>, parent_tid=[12]) = 9540
9540  <... execve resumed>)             = 0
9119  waitid(P_PIDFD, 12,  <unfinished ...>
9540  clone(child_stack=0x7356715f2000, flags=CLONE_VM|CLONE_FS|CLONE_FILES|CLONE_SIGHAND|CLONE_THREAD|CLONE_SYSVSEM) = 9541
9540  clone(child_stack=0x73567162a000, flags=CLONE_VM|CLONE_FS|CLONE_FILES|CLONE_SIGHAND|CLONE_THREAD|CLONE_SYSVSEM) = 9542
9540  clone(child_stack=0x735671626000, flags=CLONE_VM|CLONE_FS|CLONE_FILES|CLONE_SIGHAND|CLONE_THREAD|CLONE_SYSVSEM) = 9543
9542  clone(child_stack=0x735671698000, flags=CLONE_VM|CLONE_FS|CLONE_FILES|CLONE_SIGHAND|CLONE_THREAD|CLONE_SYSVSEM) = 9544
9540  exit_group(0)                     = ?
9544  +++ exited with 0 +++
9543  +++ exited with 0 +++
9541  +++ exited with 0 +++
9542  +++ exited with 0 +++
9540  +++ exited with 0 +++
9119  <... waitid resumed>{si_signo=SIGCHLD, si_code=CLD_EXITED, si_pid=9540, si_uid=1001, si_status=0, si_utime=0, si_stime=0}, WEXITED, {ru_utime={tv_sec=0, tv_usec=0}, ru_stime={tv_sec=0, tv_usec=6200}, ...}) = 0
9114  --- SIGCHLD {si_signo=SIGCHLD, si_code=CLD_EXITED, si_pid=9540, si_uid=1001, si_status=0, si_utime=0, si_stime=0} ---
9114  clone(child_stack=NULL, flags=CLONE_VM|CLONE_PIDFD|CLONE_VFORK|SIGCHLD <unfinished ...>
9545  execve("/opt/hostedtoolcache/go/1.27.0/arm64/pkg/tool/linux_arm64/asm", ["/opt/hostedtoolcache/go/1.27.0/a"..., "-p", "runtime", "-trimpath", "/tmp/go-build4085347996/b009=>", "-I", "/tmp/go-build4085347996/b009/", "-I", "/opt/hostedtoolcache/go/1.27.0/a"..., "-D", "GOOS_linux", "-D", "GOARCH_arm64", "-std", "-o", "/tmp/go-build4085347996/b009/sec"..., "/opt/hostedtoolcache/go/1.27.0/a"...], 0x32836574e008 /* 140 vars */ <unfinished ...>
9114  <... clone resumed>, parent_tid=[12]) = 9545
9545  <... execve resumed>)             = 0
9114  waitid(P_PIDFD, 12,  <unfinished ...>
9545  clone(child_stack=0x4a9a8256000, flags=CLONE_VM|CLONE_FS|CLONE_FILES|CLONE_SIGHAND|CLONE_THREAD|CLONE_SYSVSEM) = 9546
9545  clone(child_stack=0x4a9a8290000, flags=CLONE_VM|CLONE_FS|CLONE_FILES|CLONE_SIGHAND|CLONE_THREAD|CLONE_SYSVSEM) = 9547
9545  clone(child_stack=0x4a9a828c000, flags=CLONE_VM|CLONE_FS|CLONE_FILES|CLONE_SIGHAND|CLONE_THREAD|CLONE_SYSVSEM) = 9548
9547  clone(child_stack=0x4a9a8318000, flags=CLONE_VM|CLONE_FS|CLONE_FILES|CLONE_SIGHAND|CLONE_THREAD|CLONE_SYSVSEM) = 9549
9545  exit_group(0)                     = ?
9548  +++ exited with 0 +++
9547  +++ exited with 0 +++
9546  +++ exited with 0 +++
9549  +++ exited with 0 +++
9545  +++ exited with 0 +++
9119  --- SIGCHLD {si_signo=SIGCHLD, si_code=CLD_EXITED, si_pid=9545, si_uid=1001, si_status=0, si_utime=0, si_stime=0} ---
9114  <... waitid resumed>{si_signo=SIGCHLD, si_code=CLD_EXITED, si_pid=9545, si_uid=1001, si_status=0, si_utime=0, si_stime=0}, WEXITED, {ru_utime={tv_sec=0, tv_usec=2169}, ru_stime={tv_sec=0, tv_usec=6508}, ...}) = 0
9119  clone(child_stack=NULL, flags=CLONE_VM|CLONE_PIDFD|CLONE_VFORK|SIGCHLD <unfinished ...>
9550  execve("/opt/hostedtoolcache/go/1.27.0/arm64/pkg/tool/linux_arm64/asm", ["/opt/hostedtoolcache/go/1.27.0/a"..., "-p", "runtime", "-trimpath", "/tmp/go-build4085347996/b009=>", "-I", "/tmp/go-build4085347996/b009/", "-I", "/opt/hostedtoolcache/go/1.27.0/a"..., "-D", "GOOS_linux", "-D", "GOARCH_arm64", "-std", "-o", "/tmp/go-build4085347996/b009/sys"..., "/opt/hostedtoolcache/go/1.27.0/a"...], 0x328365a0a908 /* 140 vars */ <unfinished ...>
9119  <... clone resumed>, parent_tid=[12]) = 9550
9550  <... execve resumed>)             = 0
9119  waitid(P_PIDFD, 12,  <unfinished ...>
9550  clone(child_stack=0x2ad3c51e0000, flags=CLONE_VM|CLONE_FS|CLONE_FILES|CLONE_SIGHAND|CLONE_THREAD|CLONE_SYSVSEM) = 9551
9550  clone(child_stack=0x2ad3c5218000, flags=CLONE_VM|CLONE_FS|CLONE_FILES|CLONE_SIGHAND|CLONE_THREAD|CLONE_SYSVSEM) = 9552
9550  clone(child_stack=0x2ad3c5214000, flags=CLONE_VM|CLONE_FS|CLONE_FILES|CLONE_SIGHAND|CLONE_THREAD|CLONE_SYSVSEM) = 9553
9552  clone(child_stack=0x2ad3c5298000, flags=CLONE_VM|CLONE_FS|CLONE_FILES|CLONE_SIGHAND|CLONE_THREAD|CLONE_SYSVSEM) = 9554
9551  tgkill(9550, 9553, SIGURG)        = 0
9553  --- SIGURG {si_signo=SIGURG, si_code=SI_TKILL, si_pid=9550, si_uid=1001} ---
9550  exit_group(0)                     = ?
9554  +++ exited with 0 +++
9553  +++ exited with 0 +++
9552  +++ exited with 0 +++
9551  +++ exited with 0 +++
9550  +++ exited with 0 +++
9114  --- SIGCHLD {si_signo=SIGCHLD, si_code=CLD_EXITED, si_pid=9550, si_uid=1001, si_status=0, si_utime=0, si_stime=0} ---
9119  <... waitid resumed>{si_signo=SIGCHLD, si_code=CLD_EXITED, si_pid=9550, si_uid=1001, si_status=0, si_utime=0, si_stime=0}, WEXITED, {ru_utime={tv_sec=0, tv_usec=5283}, ru_stime={tv_sec=0, tv_usec=5283}, ...}) = 0
9119  tgkill(9114, 9114, SIGURG)        = 0
9114  --- SIGURG {si_signo=SIGURG, si_code=SI_TKILL, si_pid=9114, si_uid=1001} ---
9119  tgkill(9114, 9117, SIGURG <unfinished ...>
9117  clone(child_stack=NULL, flags=CLONE_VM|CLONE_PIDFD|CLONE_VFORK|SIGCHLD <unfinished ...>
9119  <... tgkill resumed>)             = 0
9555  execve("/opt/hostedtoolcache/go/1.27.0/arm64/pkg/tool/linux_arm64/asm", ["/opt/hostedtoolcache/go/1.27.0/a"..., "-p", "runtime", "-trimpath", "/tmp/go-build4085347996/b009=>", "-I", "/tmp/go-build4085347996/b009/", "-I", "/opt/hostedtoolcache/go/1.27.0/a"..., "-D", "GOOS_linux", "-D", "GOARCH_arm64", "-std", "-o", "/tmp/go-build4085347996/b009/tls"..., "/opt/hostedtoolcache/go/1.27.0/a"...], 0x3283654cb208 /* 140 vars */ <unfinished ...>
9117  <... clone resumed>, parent_tid=[12]) = 9555
9555  <... execve resumed>)             = 0
9117  --- SIGURG {si_signo=SIGURG, si_code=SI_TKILL, si_pid=9114, si_uid=1001} ---
9117  waitid(P_PIDFD, 12,  <unfinished ...>
9555  clone(child_stack=0x1e6b36d42000, flags=CLONE_VM|CLONE_FS|CLONE_FILES|CLONE_SIGHAND|CLONE_THREAD|CLONE_SYSVSEM) = 9556
9555  clone(child_stack=0x1e6b36d7a000, flags=CLONE_VM|CLONE_FS|CLONE_FILES|CLONE_SIGHAND|CLONE_THREAD|CLONE_SYSVSEM) = 9557
9556  tgkill(9555, 9555, SIGURG)        = 0
9555  clone(child_stack=0x1e6b36d76000, flags=CLONE_VM|CLONE_FS|CLONE_FILES|CLONE_SIGHAND|CLONE_THREAD|CLONE_SYSVSEM) = 9558
9555  --- SIGURG {si_signo=SIGURG, si_code=SI_TKILL, si_pid=9555, si_uid=1001} ---
9557  clone(child_stack=0x1e6b36da8000, flags=CLONE_VM|CLONE_FS|CLONE_FILES|CLONE_SIGHAND|CLONE_THREAD|CLONE_SYSVSEM) = 9559
9555  clone(child_stack=0x1e6b36da4000, flags=CLONE_VM|CLONE_FS|CLONE_FILES|CLONE_SIGHAND|CLONE_THREAD|CLONE_SYSVSEM) = 9560
9555  exit_group(0)                     = ?
9559  +++ exited with 0 +++
9560  +++ exited with 0 +++
9558  +++ exited with 0 +++
9556  +++ exited with 0 +++
9557  +++ exited with 0 +++
9555  +++ exited with 0 +++
9120  --- SIGCHLD {si_signo=SIGCHLD, si_code=CLD_EXITED, si_pid=9555, si_uid=1001, si_status=0, si_utime=0, si_stime=0} ---
9117  <... waitid resumed>{si_signo=SIGCHLD, si_code=CLD_EXITED, si_pid=9555, si_uid=1001, si_status=0, si_utime=0, si_stime=0}, WEXITED, {ru_utime={tv_sec=0, tv_usec=2382}, ru_stime={tv_sec=0, tv_usec=7146}, ...}) = 0
9115  tgkill(9114, 9120, SIGURG <unfinished ...>
9120  --- SIGURG {si_signo=SIGURG, si_code=SI_TKILL, si_pid=9114, si_uid=1001} ---
9115  <... tgkill resumed>)             = 0
9115  tgkill(9114, 9120, SIGURG)        = 0
9120  --- SIGURG {si_signo=SIGURG, si_code=SI_TKILL, si_pid=9114, si_uid=1001} ---
9115  tgkill(9114, 9120, SIGURG)        = 0
9120  --- SIGURG {si_signo=SIGURG, si_code=SI_TKILL, si_pid=9114, si_uid=1001} ---
9115  tgkill(9114, 9120, SIGURG)        = 0
9120  --- SIGURG {si_signo=SIGURG, si_code=SI_TKILL, si_pid=9114, si_uid=1001} ---
9119  clone(child_stack=NULL, flags=CLONE_VM|CLONE_PIDFD|CLONE_VFORK|SIGCHLD <unfinished ...>
9120  clone(child_stack=NULL, flags=CLONE_VM|CLONE_PIDFD|CLONE_VFORK|SIGCHLD <unfinished ...>
9561  execve("/opt/hostedtoolcache/go/1.27.0/arm64/pkg/tool/linux_arm64/compile", ["/opt/hostedtoolcache/go/1.27.0/a"..., "-o", "/tmp/go-build4085347996/b039/_pk"..., "-trimpath", "/tmp/go-build4085347996/b039=>", "-p", "iter", "-lang=go1.27", "-std", "-complete", "-buildid", "uClfDxJB1d5rn3Krtbai/uClfDxJB1d5"..., "-goversion", "go1.27.0", "-c=4", "-nolocalimports", "-importcfg", "/tmp/go-build4085347996/b039/imp"..., "-pack", "/opt/hostedtoolcache/go/1.27.0/a"...], 0x328365a0a488 /* 140 vars */ <unfinished ...>
9119  <... clone resumed>, parent_tid=[14]) = 9561
9561  <... execve resumed>)             = 0
9562  execve("/opt/hostedtoolcache/go/1.27.0/arm64/pkg/tool/linux_arm64/asm", ["/opt/hostedtoolcache/go/1.27.0/a"..., "-p", "internal/reflectlite", "-trimpath", "/tmp/go-build4085347996/b004=>", "-I", "/tmp/go-build4085347996/b004/", "-I", "/opt/hostedtoolcache/go/1.27.0/a"..., "-D", "GOOS_linux", "-D", "GOARCH_arm64", "-std", "-gensymabis", "-o", "/tmp/go-build4085347996/b004/sym"..., "/opt/hostedtoolcache/go/1.27.0/a"...], 0x32836574e008 /* 140 vars */ <unfinished ...>
9120  <... clone resumed>, parent_tid=[19]) = 9562
9562  <... execve resumed>)             = 0
9119  waitid(P_PIDFD, 14,  <unfinished ...>
9120  waitid(P_PIDFD, 19,  <unfinished ...>
9114  clone(child_stack=NULL, flags=CLONE_VM|CLONE_PIDFD|CLONE_VFORK|SIGCHLD <unfinished ...>
9563  execve("/opt/hostedtoolcache/go/1.27.0/arm64/pkg/tool/linux_arm64/compile", ["/opt/hostedtoolcache/go/1.27.0/a"..., "-o", "/tmp/go-build4085347996/b043/_pk"..., "-trimpath", "/tmp/go-build4085347996/b043=>", "-p", "sync", "-lang=go1.27", "-std", "-buildid", "sXZpFnMXYj6FkZv37Ni0/sXZpFnMXYj6"..., "-goversion", "go1.27.0", "-c=4", "-nolocalimports", "-importcfg", "/tmp/go-build4085347996/b043/imp"..., "-pack", "/opt/hostedtoolcache/go/1.27.0/a"..., "/opt/hostedtoolcache/go/1.27.0/a"..., "/opt/hostedtoolcache/go/1.27.0/a"..., "/opt/hostedtoolcache/go/1.27.0/a"..., "/opt/hostedtoolcache/go/1.27.0/a"..., "/opt/hostedtoolcache/go/1.27.0/a"..., "/opt/hostedtoolcache/go/1.27.0/a"..., "/opt/hostedtoolcache/go/1.27.0/a"..., "/opt/hostedtoolcache/go/1.27.0/a"..., "/opt/hostedtoolcache/go/1.27.0/a"..., "/opt/hostedtoolcache/go/1.27.0/a"...], 0x3283654cb688 /* 140 vars */ <unfinished ...>
9114  <... clone resumed>, parent_tid=[13]) = 9563
9563  <... execve resumed>)             = 0
9114  waitid(P_PIDFD, 13,  <unfinished ...>
9562  clone(child_stack=0x7fd533766000, flags=CLONE_VM|CLONE_FS|CLONE_FILES|CLONE_SIGHAND|CLONE_THREAD|CLONE_SYSVSEM) = 9564
9561  clone(child_stack=0x3e58987fe000, flags=CLONE_VM|CLONE_FS|CLONE_FILES|CLONE_SIGHAND|CLONE_THREAD|CLONE_SYSVSEM) = 9565
9562  clone(child_stack=0x7fd5337a0000, flags=CLONE_VM|CLONE_FS|CLONE_FILES|CLONE_SIGHAND|CLONE_THREAD|CLONE_SYSVSEM) = 9566
9562  clone(child_stack=0x7fd53379c000, flags=CLONE_VM|CLONE_FS|CLONE_FILES|CLONE_SIGHAND|CLONE_THREAD|CLONE_SYSVSEM <unfinished ...>
9561  clone(child_stack=0x3e5898836000, flags=CLONE_VM|CLONE_FS|CLONE_FILES|CLONE_SIGHAND|CLONE_THREAD|CLONE_SYSVSEM <unfinished ...>
9562  <... clone resumed>)              = 9567
9561  <... clone resumed>)              = 9568
9565  tgkill(9561, 9561, SIGURG)        = 0
9566  clone(child_stack=0x7fd533818000, flags=CLONE_VM|CLONE_FS|CLONE_FILES|CLONE_SIGHAND|CLONE_THREAD|CLONE_SYSVSEM <unfinished ...>
9561  clone(child_stack=0x3e5898832000, flags=CLONE_VM|CLONE_FS|CLONE_FILES|CLONE_SIGHAND|CLONE_THREAD|CLONE_SYSVSEM <unfinished ...>
9566  <... clone resumed>)              = 9569
9561  <... clone resumed>)              = 9570
9561  --- SIGURG {si_signo=SIGURG, si_code=SI_TKILL, si_pid=9561, si_uid=1001} ---
9568  clone(child_stack=0x3e5898898000, flags=CLONE_VM|CLONE_FS|CLONE_FILES|CLONE_SIGHAND|CLONE_THREAD|CLONE_SYSVSEM) = 9571
9565  tgkill(9561, 9561, SIGURG)        = 0
9561  --- SIGURG {si_signo=SIGURG, si_code=SI_TKILL, si_pid=9561, si_uid=1001} ---
9565  tgkill(9561, 9561, SIGURG)        = 0
9561  --- SIGURG {si_signo=SIGURG, si_code=SI_TKILL, si_pid=9561, si_uid=1001} ---
9563  clone(child_stack=0x560ec3ca8000, flags=CLONE_VM|CLONE_FS|CLONE_FILES|CLONE_SIGHAND|CLONE_THREAD|CLONE_SYSVSEM) = 9572
9563  clone(child_stack=0x560ec3ce0000, flags=CLONE_VM|CLONE_FS|CLONE_FILES|CLONE_SIGHAND|CLONE_THREAD|CLONE_SYSVSEM) = 9573
9572  tgkill(9563, 9563, SIGURG)        = 0
9563  --- SIGURG {si_signo=SIGURG, si_code=SI_TKILL, si_pid=9563, si_uid=1001} ---
9563  clone(child_stack=0x560ec3cdc000, flags=CLONE_VM|CLONE_FS|CLONE_FILES|CLONE_SIGHAND|CLONE_THREAD|CLONE_SYSVSEM) = 9574
9573  clone(child_stack=0x560ec3d18000, flags=CLONE_VM|CLONE_FS|CLONE_FILES|CLONE_SIGHAND|CLONE_THREAD|CLONE_SYSVSEM) = 9575
9562  exit_group(0)                     = ?
9569  +++ exited with 0 +++
9567  +++ exited with 0 +++
9566  +++ exited with 0 +++
9563  clone(child_stack=0x560ec3d14000, flags=CLONE_VM|CLONE_FS|CLONE_FILES|CLONE_SIGHAND|CLONE_THREAD|CLONE_SYSVSEM <unfinished ...>
9575  clone(child_stack=0x560ec3d98000, flags=CLONE_VM|CLONE_FS|CLONE_FILES|CLONE_SIGHAND|CLONE_THREAD|CLONE_SYSVSEM) = 9576
9564  +++ exited with 0 +++
9562  +++ exited with 0 +++
9563  <... clone resumed>)              = 9577
9117  --- SIGCHLD {si_signo=SIGCHLD, si_code=CLD_EXITED, si_pid=9562, si_uid=1001, si_status=0, si_utime=0, si_stime=0} ---
9120  <... waitid resumed>{si_signo=SIGCHLD, si_code=CLD_EXITED, si_pid=9562, si_uid=1001, si_status=0, si_utime=0, si_stime=0}, WEXITED, {ru_utime={tv_sec=0, tv_usec=1675}, ru_stime={tv_sec=0, tv_usec=3351}, ...}) = 0
9115  tgkill(9114, 9120, SIGURG)        = 0
9120  --- SIGURG {si_signo=SIGURG, si_code=SI_TKILL, si_pid=9114, si_uid=1001} ---
9120  clone(child_stack=NULL, flags=CLONE_VM|CLONE_PIDFD|CLONE_VFORK|SIGCHLD <unfinished ...>
9578  execve("/opt/hostedtoolcache/go/1.27.0/arm64/pkg/tool/linux_arm64/compile", ["/opt/hostedtoolcache/go/1.27.0/a"..., "-o", "/tmp/go-build4085347996/b004/_pk"..., "-trimpath", "/tmp/go-build4085347996/b004=>", "-p", "internal/reflectlite", "-lang=go1.27", "-std", "-buildid", "PjwVM48CAnHb1-eiQSvm/PjwVM48CAnH"..., "-goversion", "go1.27.0", "-symabis", "/tmp/go-build4085347996/b004/sym"..., "-c=4", "-nolocalimports", "-importcfg", "/tmp/go-build4085347996/b004/imp"..., "-pack", "-asmhdr", "/tmp/go-build4085347996/b004/go_"..., "/opt/hostedtoolcache/go/1.27.0/a"..., "/opt/hostedtoolcache/go/1.27.0/a"..., "/opt/hostedtoolcache/go/1.27.0/a"...], 0x32836574e488 /* 140 vars */) = 0
9120  <... clone resumed>, parent_tid=[16]) = 9578
9120  waitid(P_PIDFD, 16,  <unfinished ...>
9570  exit_group(0)                     = ?
9571  +++ exited with 0 +++
9570  +++ exited with 0 +++
9565  +++ exited with 0 +++
9568  +++ exited with 0 +++
9561  +++ exited with 0 +++
9119  <... waitid resumed>{si_signo=SIGCHLD, si_code=CLD_EXITED, si_pid=9561, si_uid=1001, si_status=0, si_utime=0, si_stime=0}, WEXITED, {ru_utime={tv_sec=0, tv_usec=7462}, ru_stime={tv_sec=0, tv_usec=6529}, ...}) = 0
9165  --- SIGCHLD {si_signo=SIGCHLD, si_code=CLD_EXITED, si_pid=9561, si_uid=1001, si_status=0, si_utime=0, si_stime=0} ---
9578  clone(child_stack=0x19e9b0494000, flags=CLONE_VM|CLONE_FS|CLONE_FILES|CLONE_SIGHAND|CLONE_THREAD|CLONE_SYSVSEM) = 9579
9578  clone(child_stack=0x19e9b04cc000, flags=CLONE_VM|CLONE_FS|CLONE_FILES|CLONE_SIGHAND|CLONE_THREAD|CLONE_SYSVSEM) = 9580
9579  tgkill(9578, 9578, SIGURG)        = 0
9578  clone(child_stack=0x19e9b04c8000, flags=CLONE_VM|CLONE_FS|CLONE_FILES|CLONE_SIGHAND|CLONE_THREAD|CLONE_SYSVSEM) = 9581
9578  --- SIGURG {si_signo=SIGURG, si_code=SI_TKILL, si_pid=9578, si_uid=1001} ---
9580  clone(child_stack=0x19e9b0518000, flags=CLONE_VM|CLONE_FS|CLONE_FILES|CLONE_SIGHAND|CLONE_THREAD|CLONE_SYSVSEM) = 9582
9582  clone(child_stack=0x19e9b0514000, flags=CLONE_VM|CLONE_FS|CLONE_FILES|CLONE_SIGHAND|CLONE_THREAD|CLONE_SYSVSEM) = 9583
9165  clone(child_stack=NULL, flags=CLONE_VM|CLONE_PIDFD|CLONE_VFORK|SIGCHLD <unfinished ...>
9572  tgkill(9563, 9575, SIGURG)        = 0
9575  --- SIGURG {si_signo=SIGURG, si_code=SI_TKILL, si_pid=9563, si_uid=1001} ---
9584  execve("/opt/hostedtoolcache/go/1.27.0/arm64/pkg/tool/linux_arm64/compile", ["/opt/hostedtoolcache/go/1.27.0/a"..., "-o", "/tmp/go-build4085347996/b048/_pk"..., "-trimpath", "/tmp/go-build4085347996/b048=>", "-p", "slices", "-lang=go1.27", "-std", "-complete", "-buildid", "bHfVjtEuol23wLK7s-73/bHfVjtEuol2"..., "-goversion", "go1.27.0", "-c=4", "-nolocalimports", "-importcfg", "/tmp/go-build4085347996/b048/imp"..., "-pack", "/opt/hostedtoolcache/go/1.27.0/a"..., "/opt/hostedtoolcache/go/1.27.0/a"..., "/opt/hostedtoolcache/go/1.27.0/a"..., "/opt/hostedtoolcache/go/1.27.0/a"..., "/opt/hostedtoolcache/go/1.27.0/a"...], 0x3283656fe008 /* 140 vars */ <unfinished ...>
9165  <... clone resumed>, parent_tid=[15]) = 9584
9584  <... execve resumed>)             = 0
9115  tgkill(9114, 9165, SIGURG)        = 0
9165  --- SIGURG {si_signo=SIGURG, si_code=SI_TKILL, si_pid=9114, si_uid=1001} ---
9117  waitid(P_PIDFD, 15,  <unfinished ...>
9584  clone(child_stack=0x238aa0c4c000, flags=CLONE_VM|CLONE_FS|CLONE_FILES|CLONE_SIGHAND|CLONE_THREAD|CLONE_SYSVSEM) = 9585
9584  clone(child_stack=0x238aa0c88000, flags=CLONE_VM|CLONE_FS|CLONE_FILES|CLONE_SIGHAND|CLONE_THREAD|CLONE_SYSVSEM) = 9586
9584  clone(child_stack=0x238aa0c84000, flags=CLONE_VM|CLONE_FS|CLONE_FILES|CLONE_SIGHAND|CLONE_THREAD|CLONE_SYSVSEM) = 9587
9586  clone(child_stack=0x238aa0cb0000, flags=CLONE_VM|CLONE_FS|CLONE_FILES|CLONE_SIGHAND|CLONE_THREAD|CLONE_SYSVSEM) = 9588
9585  tgkill(9584, 9584, SIGURG)        = 0
9584  --- SIGURG {si_signo=SIGURG, si_code=SI_TKILL, si_pid=9584, si_uid=1001} ---
9579  tgkill(9578, 9582, SIGURG)        = 0
9582  --- SIGURG {si_signo=SIGURG, si_code=SI_TKILL, si_pid=9578, si_uid=1001} ---
9585  clone(child_stack=0x238aa111c000, flags=CLONE_VM|CLONE_FS|CLONE_FILES|CLONE_SIGHAND|CLONE_THREAD|CLONE_SYSVSEM) = 9589
9572  tgkill(9563, 9563, SIGURG)        = 0
9563  --- SIGURG {si_signo=SIGURG, si_code=SI_TKILL, si_pid=9563, si_uid=1001} ---
9585  tgkill(9584, 9584, SIGURG)        = 0
9584  --- SIGURG {si_signo=SIGURG, si_code=SI_TKILL, si_pid=9584, si_uid=1001} ---
9579  tgkill(9578, 9580, SIGURG)        = 0
9580  --- SIGURG {si_signo=SIGURG, si_code=SI_TKILL, si_pid=9578, si_uid=1001} ---
9572  tgkill(9563, 9563, SIGURG)        = 0
9563  --- SIGURG {si_signo=SIGURG, si_code=SI_TKILL, si_pid=9563, si_uid=1001} ---
9585  tgkill(9584, 9586, SIGURG)        = 0
9586  --- SIGURG {si_signo=SIGURG, si_code=SI_TKILL, si_pid=9584, si_uid=1001} ---
9579  tgkill(9578, 9583, SIGURG <unfinished ...>
9583  --- SIGURG {si_signo=SIGURG, si_code=SI_TKILL, si_pid=9578, si_uid=1001} ---
9579  <... tgkill resumed>)             = 0
9579  tgkill(9578, 9580, SIGURG)        = 0
9580  --- SIGURG {si_signo=SIGURG, si_code=SI_TKILL, si_pid=9578, si_uid=1001} ---
9579  tgkill(9578, 9578, SIGURG)        = 0
9578  --- SIGURG {si_signo=SIGURG, si_code=SI_TKILL, si_pid=9578, si_uid=1001} ---
9579  tgkill(9578, 9582, SIGURG)        = 0
9582  --- SIGURG {si_signo=SIGURG, si_code=SI_TKILL, si_pid=9578, si_uid=1001} ---
9586  exit_group(0)                     = ?
9587  +++ exited with 0 +++
9586  +++ exited with 0 +++
9585  +++ exited with 0 +++
9588  +++ exited with 0 +++
9589  +++ exited with 0 +++
9584  +++ exited with 0 +++
9572  tgkill(9563, 9575, SIGURG)        = 0
9572  tgkill(9563, 9574, SIGURG)        = 0
9572  tgkill(9563, 9577, SIGURG)        = 0
9577  --- SIGURG {si_signo=SIGURG, si_code=SI_TKILL, si_pid=9563, si_uid=1001} ---
9119  --- SIGCHLD {si_signo=SIGCHLD, si_code=CLD_EXITED, si_pid=9584, si_uid=1001, si_status=0, si_utime=1 /* 0.01 s */, si_stime=0} ---
9117  <... waitid resumed>{si_signo=SIGCHLD, si_code=CLD_EXITED, si_pid=9584, si_uid=1001, si_status=0, si_utime=0, si_stime=0}, WEXITED, {ru_utime={tv_sec=0, tv_usec=17400}, ru_stime={tv_sec=0, tv_usec=8030}, ...}) = 0
9575  --- SIGURG {si_signo=SIGURG, si_code=SI_TKILL, si_pid=9563, si_uid=1001} ---
9574  --- SIGURG {si_signo=SIGURG, si_code=SI_TKILL, si_pid=9563, si_uid=1001} ---
9572  tgkill(9563, 9563, SIGURG)        = 0
9563  --- SIGURG {si_signo=SIGURG, si_code=SI_TKILL, si_pid=9563, si_uid=1001} ---
9579  tgkill(9578, 9582, SIGURG)        = 0
9582  --- SIGURG {si_signo=SIGURG, si_code=SI_TKILL, si_pid=9578, si_uid=1001} ---
9583  exit_group(0)                     = ?
9583  +++ exited with 0 +++
9582  +++ exited with 0 +++
9581  +++ exited with 0 +++
9580  +++ exited with 0 +++
9579  +++ exited with 0 +++
9578  +++ exited with 0 +++
9120  <... waitid resumed>{si_signo=SIGCHLD, si_code=CLD_EXITED, si_pid=9578, si_uid=1001, si_status=0, si_utime=0, si_stime=0}, WEXITED, {ru_utime={tv_sec=0, tv_usec=96822}, ru_stime={tv_sec=0, tv_usec=17860}, ...}) = 0
9117  --- SIGCHLD {si_signo=SIGCHLD, si_code=CLD_EXITED, si_pid=9578, si_uid=1001, si_status=0, si_utime=10 /* 0.10 s */, si_stime=1 /* 0.01 s */} ---
9115  tgkill(9114, 9120, SIGURG)        = 0
9120  --- SIGURG {si_signo=SIGURG, si_code=SI_TKILL, si_pid=9114, si_uid=1001} ---
9117  clone(child_stack=NULL, flags=CLONE_VM|CLONE_PIDFD|CLONE_VFORK|SIGCHLD <unfinished ...>
9590  execve("/opt/hostedtoolcache/go/1.27.0/arm64/pkg/tool/linux_arm64/asm", ["/opt/hostedtoolcache/go/1.27.0/a"..., "-p", "internal/reflectlite", "-trimpath", "/tmp/go-build4085347996/b004=>", "-I", "/tmp/go-build4085347996/b004/", "-I", "/opt/hostedtoolcache/go/1.27.0/a"..., "-D", "GOOS_linux", "-D", "GOARCH_arm64", "-std", "-o", "/tmp/go-build4085347996/b004/asm"..., "/opt/hostedtoolcache/go/1.27.0/a"...], 0x3283656fe488 /* 140 vars */ <unfinished ...>
9117  <... clone resumed>, parent_tid=[14]) = 9590
9590  <... execve resumed>)             = 0
9117  waitid(P_PIDFD, 14,  <unfinished ...>
9590  clone(child_stack=0x3454a8684000, flags=CLONE_VM|CLONE_FS|CLONE_FILES|CLONE_SIGHAND|CLONE_THREAD|CLONE_SYSVSEM) = 9591
9590  clone(child_stack=0x3454a86bc000, flags=CLONE_VM|CLONE_FS|CLONE_FILES|CLONE_SIGHAND|CLONE_THREAD|CLONE_SYSVSEM) = 9592
9591  tgkill(9590, 9590, SIGURG)        = 0
9590  clone(child_stack=0x3454a86b8000, flags=CLONE_VM|CLONE_FS|CLONE_FILES|CLONE_SIGHAND|CLONE_THREAD|CLONE_SYSVSEM) = 9593
9590  --- SIGURG {si_signo=SIGURG, si_code=SI_TKILL, si_pid=9590, si_uid=1001} ---
9592  clone(child_stack=0x3454a8718000, flags=CLONE_VM|CLONE_FS|CLONE_FILES|CLONE_SIGHAND|CLONE_THREAD|CLONE_SYSVSEM) = 9594
9563  exit_group(0)                     = ?
9577  +++ exited with 0 +++
9576  +++ exited with 0 +++
9575  +++ exited with 0 +++
9573  +++ exited with 0 +++
9572  +++ exited with 0 +++
9574  +++ exited with 0 +++
9563  +++ exited with 0 +++
9114  <... waitid resumed>{si_signo=SIGCHLD, si_code=CLD_EXITED, si_pid=9563, si_uid=1001, si_status=0, si_utime=0, si_stime=0}, WEXITED, {ru_utime={tv_sec=0, tv_usec=109728}, ru_stime={tv_sec=0, tv_usec=24612}, ...}) = 0
9119  --- SIGCHLD {si_signo=SIGCHLD, si_code=CLD_EXITED, si_pid=9563, si_uid=1001, si_status=0, si_utime=10 /* 0.10 s */, si_stime=2 /* 0.02 s */} ---
9590  exit_group(0)                     = ?
9592  +++ exited with 0 +++
9593  +++ exited with 0 +++
9591  +++ exited with 0 +++
9594  +++ exited with 0 +++
9590  +++ exited with 0 +++
9117  <... waitid resumed>{si_signo=SIGCHLD, si_code=CLD_EXITED, si_pid=9590, si_uid=1001, si_status=0, si_utime=0, si_stime=0}, WEXITED, {ru_utime={tv_sec=0, tv_usec=0}, ru_stime={tv_sec=0, tv_usec=5748}, ...}) = 0
9114  --- SIGCHLD {si_signo=SIGCHLD, si_code=CLD_EXITED, si_pid=9590, si_uid=1001, si_status=0, si_utime=0, si_stime=0} ---
9119  tgkill(9114, 9120, SIGURG)        = 0
9120  --- SIGURG {si_signo=SIGURG, si_code=SI_TKILL, si_pid=9114, si_uid=1001} ---
9165  clone(child_stack=NULL, flags=CLONE_VM|CLONE_PIDFD|CLONE_VFORK|SIGCHLD <unfinished ...>
9121  clone(child_stack=NULL, flags=CLONE_VM|CLONE_PIDFD|CLONE_VFORK|SIGCHLD <unfinished ...>
9120  clone(child_stack=NULL, flags=CLONE_VM|CLONE_PIDFD|CLONE_VFORK|SIGCHLD <unfinished ...>
9119  clone(child_stack=NULL, flags=CLONE_VM|CLONE_PIDFD|CLONE_VFORK|SIGCHLD <unfinished ...>
9595  execve("/opt/hostedtoolcache/go/1.27.0/arm64/pkg/tool/linux_arm64/compile", ["/opt/hostedtoolcache/go/1.27.0/a"..., "-o", "/tmp/go-build4085347996/b067/_pk"..., "-trimpath", "/tmp/go-build4085347996/b067=>", "-p", "internal/bisect", "-lang=go1.27", "-std", "-complete", "-buildid", "0mAloux1h2J8s02rfUs4/0mAloux1h2J"..., "-goversion", "go1.27.0", "-c=4", "-nolocalimports", "-importcfg", "/tmp/go-build4085347996/b067/imp"..., "-pack", "/opt/hostedtoolcache/go/1.27.0/a"...], 0x328365a0a488 /* 140 vars */ <unfinished ...>
9596  execve("/opt/hostedtoolcache/go/1.27.0/arm64/pkg/tool/linux_arm64/compile", ["/opt/hostedtoolcache/go/1.27.0/a"..., "-o", "/tmp/go-build4085347996/b003/_pk"..., "-trimpath", "/tmp/go-build4085347996/b003=>", "-p", "errors", "-lang=go1.27", "-std", "-complete", "-buildid", "4LF70XTbcy7WxOwUaIyZ/4LF70XTbcy7"..., "-goversion", "go1.27.0", "-c=4", "-nolocalimports", "-importcfg", "/tmp/go-build4085347996/b003/imp"..., "-pack", "/opt/hostedtoolcache/go/1.27.0/a"..., "/opt/hostedtoolcache/go/1.27.0/a"..., "/opt/hostedtoolcache/go/1.27.0/a"...], 0x3283654cb208 /* 140 vars */ <unfinished ...>
9165  <... clone resumed>, parent_tid=[17]) = 9595
9121  <... clone resumed>, parent_tid=[22]) = 9596
9596  <... execve resumed>)             = 0
9597  execve("/opt/hostedtoolcache/go/1.27.0/arm64/pkg/tool/linux_arm64/compile", ["/opt/hostedtoolcache/go/1.27.0/a"..., "-o", "/tmp/go-build4085347996/b060/_pk"..., "-trimpath", "/tmp/go-build4085347996/b060=>", "-p", "internal/testlog", "-lang=go1.27", "-std", "-complete", "-buildid", "27UNtftAwL_icUDWbBfY/27UNtftAwL_"..., "-goversion", "go1.27.0", "-c=4", "-nolocalimports", "-importcfg", "/tmp/go-build4085347996/b060/imp"..., "-pack", "/opt/hostedtoolcache/go/1.27.0/a"..., "/opt/hostedtoolcache/go/1.27.0/a"...], 0x32836574e008 /* 140 vars */ <unfinished ...>
9595  <... execve resumed>)             = 0
9120  <... clone resumed>, parent_tid=[25]) = 9597
9597  <... execve resumed>)             = 0
9598  execve("/opt/hostedtoolcache/go/1.27.0/arm64/pkg/tool/linux_arm64/compile", ["/opt/hostedtoolcache/go/1.27.0/a"..., "-o", "/tmp/go-build4085347996/b072/_pk"..., "-trimpath", "/tmp/go-build4085347996/b072=>", "-p", "sort", "-lang=go1.27", "-std", "-complete", "-buildid", "7Nd7W-9A7TehAmYPq50Y/7Nd7W-9A7Te"..., "-goversion", "go1.27.0", "-c=4", "-nolocalimports", "-importcfg", "/tmp/go-build4085347996/b072/imp"..., "-pack", "/opt/hostedtoolcache/go/1.27.0/a"..., "/opt/hostedtoolcache/go/1.27.0/a"..., "/opt/hostedtoolcache/go/1.27.0/a"..., "/opt/hostedtoolcache/go/1.27.0/a"..., "/opt/hostedtoolcache/go/1.27.0/a"...], 0x3283656fe008 /* 140 vars */ <unfinished ...>
9119  <... clone resumed>, parent_tid=[30]) = 9598
9598  <... execve resumed>)             = 0
9120  waitid(P_PIDFD, 25,  <unfinished ...>
9165  waitid(P_PIDFD, 17,  <unfinished ...>
9121  waitid(P_PIDFD, 22,  <unfinished ...>
9119  waitid(P_PIDFD, 30,  <unfinished ...>
9597  clone(child_stack=0x5a4213916000, flags=CLONE_VM|CLONE_FS|CLONE_FILES|CLONE_SIGHAND|CLONE_THREAD|CLONE_SYSVSEM) = 9599
9596  clone(child_stack=0xc70184c8000, flags=CLONE_VM|CLONE_FS|CLONE_FILES|CLONE_SIGHAND|CLONE_THREAD|CLONE_SYSVSEM) = 9600
9597  clone(child_stack=0x5a421394e000, flags=CLONE_VM|CLONE_FS|CLONE_FILES|CLONE_SIGHAND|CLONE_THREAD|CLONE_SYSVSEM <unfinished ...>
9598  clone(child_stack=0x31eed16f0000, flags=CLONE_VM|CLONE_FS|CLONE_FILES|CLONE_SIGHAND|CLONE_THREAD|CLONE_SYSVSEM <unfinished ...>
9597  <... clone resumed>)              = 9601
9598  <... clone resumed>)              = 9602
9599  tgkill(9597, 9597, SIGURG <unfinished ...>
9597  clone(child_stack=0x5a421394a000, flags=CLONE_VM|CLONE_FS|CLONE_FILES|CLONE_SIGHAND|CLONE_THREAD|CLONE_SYSVSEM <unfinished ...>
9599  <... tgkill resumed>)             = 0
9596  clone(child_stack=0xc7018500000, flags=CLONE_VM|CLONE_FS|CLONE_FILES|CLONE_SIGHAND|CLONE_THREAD|CLONE_SYSVSEM <unfinished ...>
9597  <... clone resumed>)              = 9603
9596  <... clone resumed>)              = 9604
9597  --- SIGURG {si_signo=SIGURG, si_code=SI_TKILL, si_pid=9597, si_uid=1001} ---
9600  tgkill(9596, 9596, SIGURG)        = 0
9598  clone(child_stack=0x31eed1728000, flags=CLONE_VM|CLONE_FS|CLONE_FILES|CLONE_SIGHAND|CLONE_THREAD|CLONE_SYSVSEM <unfinished ...>
9596  --- SIGURG {si_signo=SIGURG, si_code=SI_TKILL, si_pid=9596, si_uid=1001} ---
9598  <... clone resumed>)              = 9605
9601  clone(child_stack=0x5a4213998000, flags=CLONE_VM|CLONE_FS|CLONE_FILES|CLONE_SIGHAND|CLONE_THREAD|CLONE_SYSVSEM <unfinished ...>
9602  tgkill(9598, 9598, SIGURG <unfinished ...>
9601  <... clone resumed>)              = 9606
9602  <... tgkill resumed>)             = 0
9596  clone(child_stack=0xc70184fc000, flags=CLONE_VM|CLONE_FS|CLONE_FILES|CLONE_SIGHAND|CLONE_THREAD|CLONE_SYSVSEM <unfinished ...>
9598  clone(child_stack=0x31eed1724000, flags=CLONE_VM|CLONE_FS|CLONE_FILES|CLONE_SIGHAND|CLONE_THREAD|CLONE_SYSVSEM <unfinished ...>
9595  clone(child_stack=0x5affe1adc000, flags=CLONE_VM|CLONE_FS|CLONE_FILES|CLONE_SIGHAND|CLONE_THREAD|CLONE_SYSVSEM <unfinished ...>
9596  <... clone resumed>)              = 9607
9598  <... clone resumed>)              = 9608
9595  <... clone resumed>)              = 9609
9598  --- SIGURG {si_signo=SIGURG, si_code=SI_TKILL, si_pid=9598, si_uid=1001} ---
9605  clone(child_stack=0x31eed1798000, flags=CLONE_VM|CLONE_FS|CLONE_FILES|CLONE_SIGHAND|CLONE_THREAD|CLONE_SYSVSEM <unfinished ...>
9604  clone(child_stack=0xc7018598000, flags=CLONE_VM|CLONE_FS|CLONE_FILES|CLONE_SIGHAND|CLONE_THREAD|CLONE_SYSVSEM <unfinished ...>
9605  <... clone resumed>)              = 9610
9595  clone(child_stack=0x5affe1b18000, flags=CLONE_VM|CLONE_FS|CLONE_FILES|CLONE_SIGHAND|CLONE_THREAD|CLONE_SYSVSEM <unfinished ...>
9604  <... clone resumed>)              = 9611
9595  <... clone resumed>)              = 9612
9609  tgkill(9595, 9595, SIGURG)        = 0
9595  --- SIGURG {si_signo=SIGURG, si_code=SI_TKILL, si_pid=9595, si_uid=1001} ---
9595  clone(child_stack=0x5affe1b14000, flags=CLONE_VM|CLONE_FS|CLONE_FILES|CLONE_SIGHAND|CLONE_THREAD|CLONE_SYSVSEM <unfinished ...>
9612  clone(child_stack=0x5affe1b30000, flags=CLONE_VM|CLONE_FS|CLONE_FILES|CLONE_SIGHAND|CLONE_THREAD|CLONE_SYSVSEM <unfinished ...>
9595  <... clone resumed>)              = 9613
9612  <... clone resumed>)              = 9614
9602  clone(child_stack=0x31eed174e000, flags=CLONE_VM|CLONE_FS|CLONE_FILES|CLONE_SIGHAND|CLONE_THREAD|CLONE_SYSVSEM) = 9615
9609  tgkill(9595, 9595, SIGURG)        = 0
9595  --- SIGURG {si_signo=SIGURG, si_code=SI_TKILL, si_pid=9595, si_uid=1001} ---
9599  tgkill(9597, 9603, SIGURG)        = 0
9600  tgkill(9596, 9607, SIGURG <unfinished ...>
9607  --- SIGURG {si_signo=SIGURG, si_code=SI_TKILL, si_pid=9596, si_uid=1001} ---
9600  <... tgkill resumed>)             = 0
9603  --- SIGURG {si_signo=SIGURG, si_code=SI_TKILL, si_pid=9597, si_uid=1001} ---
9602  tgkill(9598, 9615, SIGURG)        = 0
9615  --- SIGURG {si_signo=SIGURG, si_code=SI_TKILL, si_pid=9598, si_uid=1001} ---
9606  exit_group(0)                     = ?
9599  +++ exited with 0 +++
9601  +++ exited with 0 +++
9606  +++ exited with 0 +++
9609  tgkill(9595, 9614, SIGURG)        = 0
9603  +++ exited with 0 +++
9597  +++ exited with 0 +++
9117  --- SIGCHLD {si_signo=SIGCHLD, si_code=CLD_EXITED, si_pid=9597, si_uid=1001, si_status=0, si_utime=1 /* 0.01 s */, si_stime=0} ---
9120  <... waitid resumed>{si_signo=SIGCHLD, si_code=CLD_EXITED, si_pid=9597, si_uid=1001, si_status=0, si_utime=0, si_stime=0}, WEXITED, {ru_utime={tv_sec=0, tv_usec=17431}, ru_stime={tv_sec=0, tv_usec=4842}, ...}) = 0
9614  --- SIGURG {si_signo=SIGURG, si_code=SI_TKILL, si_pid=9595, si_uid=1001} ---
9602  tgkill(9598, 9605, SIGURG)        = 0
9605  --- SIGURG {si_signo=SIGURG, si_code=SI_TKILL, si_pid=9598, si_uid=1001} ---
9600  tgkill(9596, 9596, SIGURG)        = 0
9596  --- SIGURG {si_signo=SIGURG, si_code=SI_TKILL, si_pid=9596, si_uid=1001} ---
9115  tgkill(9114, 9117, SIGURG)        = 0
9117  --- SIGURG {si_signo=SIGURG, si_code=SI_TKILL, si_pid=9114, si_uid=1001} ---
9611  exit_group(0)                     = ?
9611  +++ exited with 0 +++
9604  +++ exited with 0 +++
9600  +++ exited with 0 +++
9607  +++ exited with 0 +++
9596  +++ exited with 0 +++
9120  --- SIGCHLD {si_signo=SIGCHLD, si_code=CLD_EXITED, si_pid=9596, si_uid=1001, si_status=0, si_utime=1 /* 0.01 s */, si_stime=1 /* 0.01 s */} ---
9121  <... waitid resumed>{si_signo=SIGCHLD, si_code=CLD_EXITED, si_pid=9596, si_uid=1001, si_status=0, si_utime=0, si_stime=0}, WEXITED, {ru_utime={tv_sec=0, tv_usec=17467}, ru_stime={tv_sec=0, tv_usec=13357}, ...}) = 0
9602  tgkill(9598, 9608, SIGURG <unfinished ...>
9608  --- SIGURG {si_signo=SIGURG, si_code=SI_TKILL, si_pid=9598, si_uid=1001} ---
9602  <... tgkill resumed>)             = 0
9609  tgkill(9595, 9612, SIGURG)        = 0
9613  exit_group(0)                     = ?
9614  +++ exited with 0 +++
9613  +++ exited with 0 +++
9612  +++ exited with 0 +++
9609  +++ exited with 0 +++
9595  +++ exited with 0 +++
9165  <... waitid resumed>{si_signo=SIGCHLD, si_code=CLD_EXITED, si_pid=9595, si_uid=1001, si_status=0, si_utime=0, si_stime=0}, WEXITED, {ru_utime={tv_sec=0, tv_usec=39082}, ru_stime={tv_sec=0, tv_usec=14398}, ...}) = 0
9165  --- SIGCHLD {si_signo=SIGCHLD, si_code=CLD_EXITED, si_pid=9595, si_uid=1001, si_status=0, si_utime=3 /* 0.03 s */, si_stime=1 /* 0.01 s */} ---
9121  clone(child_stack=NULL, flags=CLONE_VM|CLONE_PIDFD|CLONE_VFORK|SIGCHLD <unfinished ...>
9115  tgkill(9114, 9121, SIGURG)        = 0
9616  execve("/opt/hostedtoolcache/go/1.27.0/arm64/pkg/tool/linux_arm64/compile", ["/opt/hostedtoolcache/go/1.27.0/a"..., "-o", "/tmp/go-build4085347996/b041/_pk"..., "-trimpath", "/tmp/go-build4085347996/b041=>", "-p", "strconv", "-lang=go1.27", "-std", "-complete", "-buildid", "YiTj2gFZTn2hr11Zvhfe/YiTj2gFZTn2"..., "-goversion", "go1.27.0", "-c=4", "-nolocalimports", "-importcfg", "/tmp/go-build4085347996/b041/imp"..., "-pack", "/opt/hostedtoolcache/go/1.27.0/a"..., "/opt/hostedtoolcache/go/1.27.0/a"..., "/opt/hostedtoolcache/go/1.27.0/a"..., "/opt/hostedtoolcache/go/1.27.0/a"..., "/opt/hostedtoolcache/go/1.27.0/a"...], 0x32836574e488 /* 140 vars */ <unfinished ...>
9121  <... clone resumed>, parent_tid=[14]) = 9616
9121  --- SIGURG {si_signo=SIGURG, si_code=SI_TKILL, si_pid=9114, si_uid=1001} ---
9121  waitid(P_PIDFD, 14,  <unfinished ...>
9616  <... execve resumed>)             = 0
9114  clone(child_stack=NULL, flags=CLONE_VM|CLONE_PIDFD|CLONE_VFORK|SIGCHLD <unfinished ...>
9115  tgkill(9114, 9114, SIGURG)        = 0
9617  execve("/opt/hostedtoolcache/go/1.27.0/arm64/pkg/tool/linux_arm64/compile", ["/opt/hostedtoolcache/go/1.27.0/a"..., "-o", "/tmp/go-build4085347996/b049/_pk"..., "-trimpath", "/tmp/go-build4085347996/b049=>", "-p", "io", "-lang=go1.27", "-std", "-complete", "-buildid", "oAK5zUl3-psiFmMeS3QH/oAK5zUl3-ps"..., "-goversion", "go1.27.0", "-c=4", "-nolocalimports", "-importcfg", "/tmp/go-build4085347996/b049/imp"..., "-pack", "/opt/hostedtoolcache/go/1.27.0/a"..., "/opt/hostedtoolcache/go/1.27.0/a"..., "/opt/hostedtoolcache/go/1.27.0/a"...], 0x328365a0a908 /* 140 vars */ <unfinished ...>
9114  <... clone resumed>, parent_tid=[15]) = 9617
9617  <... execve resumed>)             = 0
9114  --- SIGURG {si_signo=SIGURG, si_code=SI_TKILL, si_pid=9114, si_uid=1001} ---
9114  waitid(P_PIDFD, 15,  <unfinished ...>
9120  clone(child_stack=NULL, flags=CLONE_VM|CLONE_PIDFD|CLONE_VFORK|SIGCHLD <unfinished ...>
9602  tgkill(9598, 9615, SIGURG)        = 0
9602  tgkill(9598, 9608, SIGURG)        = 0
9608  --- SIGURG {si_signo=SIGURG, si_code=SI_TKILL, si_pid=9598, si_uid=1001} ---
9602  tgkill(9598, 9605, SIGURG)        = 0
9605  --- SIGURG {si_signo=SIGURG, si_code=SI_TKILL, si_pid=9598, si_uid=1001} ---
9615  --- SIGURG {si_signo=SIGURG, si_code=SI_TKILL, si_pid=9598, si_uid=1001} ---
9618  execve("/opt/hostedtoolcache/go/1.27.0/arm64/pkg/tool/linux_arm64/compile", ["/opt/hostedtoolcache/go/1.27.0/a"..., "-o", "/tmp/go-build4085347996/b053/_pk"..., "-trimpath", "/tmp/go-build4085347996/b053=>", "-p", "internal/oserror", "-lang=go1.27", "-std", "-complete", "-buildid", "6-LCFKnLee-UmSlUlu7Z/6-LCFKnLee-"..., "-goversion", "go1.27.0", "-c=4", "-nolocalimports", "-importcfg", "/tmp/go-build4085347996/b053/imp"..., "-pack", "/opt/hostedtoolcache/go/1.27.0/a"...], 0x3283654cb688 /* 140 vars */ <unfinished ...>
9616  clone(child_stack=0x35c8ab7d6000, flags=CLONE_VM|CLONE_FS|CLONE_FILES|CLONE_SIGHAND|CLONE_THREAD|CLONE_SYSVSEM) = 9619
9120  <... clone resumed>, parent_tid=[10]) = 9618
9618  <... execve resumed>)             = 0
9616  clone(child_stack=0x35c8ab810000, flags=CLONE_VM|CLONE_FS|CLONE_FILES|CLONE_SIGHAND|CLONE_THREAD|CLONE_SYSVSEM) = 9620
9616  clone(child_stack=0x35c8ab80c000, flags=CLONE_VM|CLONE_FS|CLONE_FILES|CLONE_SIGHAND|CLONE_THREAD|CLONE_SYSVSEM <unfinished ...>
9120  waitid(P_PIDFD, 10,  <unfinished ...>
9616  <... clone resumed>)              = 9621
9620  clone(child_stack=0x35c8ab898000, flags=CLONE_VM|CLONE_FS|CLONE_FILES|CLONE_SIGHAND|CLONE_THREAD|CLONE_SYSVSEM) = 9622
9617  clone(child_stack=0x2d56812bc000, flags=CLONE_VM|CLONE_FS|CLONE_FILES|CLONE_SIGHAND|CLONE_THREAD|CLONE_SYSVSEM) = 9623
9617  clone(child_stack=0x2d56812f4000, flags=CLONE_VM|CLONE_FS|CLONE_FILES|CLONE_SIGHAND|CLONE_THREAD|CLONE_SYSVSEM) = 9624
9617  clone(child_stack=0x2d56812f0000, flags=CLONE_VM|CLONE_FS|CLONE_FILES|CLONE_SIGHAND|CLONE_THREAD|CLONE_SYSVSEM) = 9625
9623  tgkill(9617, 9625, SIGURG)        = 0
9625  --- SIGURG {si_signo=SIGURG, si_code=SI_TKILL, si_pid=9617, si_uid=1001} ---
9602  tgkill(9598, 9598, SIGURG)        = 0
9598  --- SIGURG {si_signo=SIGURG, si_code=SI_TKILL, si_pid=9598, si_uid=1001} ---
9624  clone(child_stack=0x2d5681320000, flags=CLONE_VM|CLONE_FS|CLONE_FILES|CLONE_SIGHAND|CLONE_THREAD|CLONE_SYSVSEM <unfinished ...>
9619  clone(child_stack=0x35c8ab8ac000, flags=CLONE_VM|CLONE_FS|CLONE_FILES|CLONE_SIGHAND|CLONE_THREAD|CLONE_SYSVSEM) = 9627
9622  clone(child_stack=0x35c8ab8a8000, flags=CLONE_VM|CLONE_FS|CLONE_FILES|CLONE_SIGHAND|CLONE_THREAD|CLONE_SYSVSEM) = 9628
9624  <... clone resumed>)              = 9626
9618  clone(child_stack=0x62a7d3774000, flags=CLONE_VM|CLONE_FS|CLONE_FILES|CLONE_SIGHAND|CLONE_THREAD|CLONE_SYSVSEM) = 9629
9618  clone(child_stack=0x62a7d37ac000, flags=CLONE_VM|CLONE_FS|CLONE_FILES|CLONE_SIGHAND|CLONE_THREAD|CLONE_SYSVSEM) = 9630
9618  clone(child_stack=0x62a7d37a8000, flags=CLONE_VM|CLONE_FS|CLONE_FILES|CLONE_SIGHAND|CLONE_THREAD|CLONE_SYSVSEM) = 9631
9602  tgkill(9598, 9608, SIGURG)        = 0
9608  --- SIGURG {si_signo=SIGURG, si_code=SI_TKILL, si_pid=9598, si_uid=1001} ---
9619  tgkill(9616, 9622, SIGURG)        = 0
9622  --- SIGURG {si_signo=SIGURG, si_code=SI_TKILL, si_pid=9616, si_uid=1001} ---
9608  exit_group(0)                     = ?
9615  +++ exited with 0 +++
9610  +++ exited with 0 +++
9602  +++ exited with 0 +++
9608  +++ exited with 0 +++
9629  tgkill(9618, 9618, SIGURG)        = 0
9618  --- SIGURG {si_signo=SIGURG, si_code=SI_TKILL, si_pid=9618, si_uid=1001} ---
9623  tgkill(9617, 9624, SIGURG)        = 0
9624  --- SIGURG {si_signo=SIGURG, si_code=SI_TKILL, si_pid=9617, si_uid=1001} ---
9605  +++ exited with 0 +++
9598  +++ exited with 0 +++
9119  <... waitid resumed>{si_signo=SIGCHLD, si_code=CLD_EXITED, si_pid=9598, si_uid=1001, si_status=0, si_utime=0, si_stime=0}, WEXITED, {ru_utime={tv_sec=0, tv_usec=105929}, ru_stime={tv_sec=0, tv_usec=23645}, ...}) = 0
9165  --- SIGCHLD {si_signo=SIGCHLD, si_code=CLD_EXITED, si_pid=9598, si_uid=1001, si_status=0, si_utime=11 /* 0.11 s */, si_stime=2 /* 0.02 s */} ---
9117  tgkill(9114, 9165, SIGURG)        = 0
9165  --- SIGURG {si_signo=SIGURG, si_code=SI_TKILL, si_pid=9114, si_uid=1001} ---
9630  exit_group(0)                     = ?
9630  +++ exited with 0 +++
9629  +++ exited with 0 +++
9631  +++ exited with 0 +++
9618  +++ exited with 0 +++
9115  --- SIGCHLD {si_signo=SIGCHLD, si_code=CLD_EXITED, si_pid=9618, si_uid=1001, si_status=0, si_utime=0, si_stime=0} ---
9120  <... waitid resumed>{si_signo=SIGCHLD, si_code=CLD_EXITED, si_pid=9618, si_uid=1001, si_status=0, si_utime=0, si_stime=0}, WEXITED, {ru_utime={tv_sec=0, tv_usec=4600}, ru_stime={tv_sec=0, tv_usec=9200}, ...}) = 0
9619  tgkill(9616, 9628, SIGURG <unfinished ...>
9628  --- SIGURG {si_signo=SIGURG, si_code=SI_TKILL, si_pid=9616, si_uid=1001} ---
9619  <... tgkill resumed>)             = 0
9623  tgkill(9617, 9624, SIGURG)        = 0
9624  --- SIGURG {si_signo=SIGURG, si_code=SI_TKILL, si_pid=9617, si_uid=1001} ---
9115  tgkill(9114, 9119, SIGURG)        = 0
9119  --- SIGURG {si_signo=SIGURG, si_code=SI_TKILL, si_pid=9114, si_uid=1001} ---
9115  tgkill(9114, 9117, SIGURG)        = 0
9117  --- SIGURG {si_signo=SIGURG, si_code=SI_TKILL, si_pid=9114, si_uid=1001} ---
9622  exit_group(0)                     = ?
9628  +++ exited with 0 +++
9622  +++ exited with 0 +++
9621  +++ exited with 0 +++
9620  +++ exited with 0 +++
9619  +++ exited with 0 +++
9117  clone(child_stack=NULL, flags=CLONE_VM|CLONE_PIDFD|CLONE_VFORK|SIGCHLD <unfinished ...>
9627  +++ exited with 0 +++
9616  +++ exited with 0 +++
9121  <... waitid resumed>{si_signo=SIGCHLD, si_code=CLD_EXITED, si_pid=9616, si_uid=1001, si_status=0, si_utime=0, si_stime=0}, WEXITED, {ru_utime={tv_sec=0, tv_usec=50987}, ru_stime={tv_sec=0, tv_usec=14567}, ...}) = 0
9120  --- SIGCHLD {si_signo=SIGCHLD, si_code=CLD_EXITED, si_pid=9616, si_uid=1001, si_status=0, si_utime=4 /* 0.04 s */, si_stime=1 /* 0.01 s */} ---
9632  execve("/opt/hostedtoolcache/go/1.27.0/arm64/pkg/tool/linux_arm64/compile", ["/opt/hostedtoolcache/go/1.27.0/a"..., "-o", "/tmp/go-build4085347996/b054/_pk"..., "-trimpath", "/tmp/go-build4085347996/b054=>", "-p", "path", "-lang=go1.27", "-std", "-complete", "-buildid", "S1bYbusOYAhhdRiywHCG/S1bYbusOYAh"..., "-goversion", "go1.27.0", "-c=4", "-nolocalimports", "-importcfg", "/tmp/go-build4085347996/b054/imp"..., "-pack", "/opt/hostedtoolcache/go/1.27.0/a"..., "/opt/hostedtoolcache/go/1.27.0/a"...], 0x32836574e008 /* 140 vars */ <unfinished ...>
9117  <... clone resumed>, parent_tid=[17]) = 9632
9632  <... execve resumed>)             = 0
9623  tgkill(9617, 9617, SIGURG)        = 0
9617  --- SIGURG {si_signo=SIGURG, si_code=SI_TKILL, si_pid=9617, si_uid=1001} ---
9117  waitid(P_PIDFD, 17,  <unfinished ...>
9625  exit_group(0)                     = ?
9626  +++ exited with 0 +++
9625  +++ exited with 0 +++
9623  +++ exited with 0 +++
9624  +++ exited with 0 +++
9617  +++ exited with 0 +++
9114  <... waitid resumed>{si_signo=SIGCHLD, si_code=CLD_EXITED, si_pid=9617, si_uid=1001, si_status=0, si_utime=0, si_stime=0}, WEXITED, {ru_utime={tv_sec=0, tv_usec=59355}, ru_stime={tv_sec=0, tv_usec=14578}, ...}) = 0
9121  --- SIGCHLD {si_signo=SIGCHLD, si_code=CLD_EXITED, si_pid=9617, si_uid=1001, si_status=0, si_utime=5 /* 0.05 s */, si_stime=1 /* 0.01 s */} ---
9632  clone(child_stack=0xfe8b4544000, flags=CLONE_VM|CLONE_FS|CLONE_FILES|CLONE_SIGHAND|CLONE_THREAD|CLONE_SYSVSEM) = 9633
9632  clone(child_stack=0xfe8b457c000, flags=CLONE_VM|CLONE_FS|CLONE_FILES|CLONE_SIGHAND|CLONE_THREAD|CLONE_SYSVSEM) = 9634
9633  tgkill(9632, 9632, SIGURG)        = 0
9632  clone(child_stack=0xfe8b4578000, flags=CLONE_VM|CLONE_FS|CLONE_FILES|CLONE_SIGHAND|CLONE_THREAD|CLONE_SYSVSEM) = 9635
9632  --- SIGURG {si_signo=SIGURG, si_code=SI_TKILL, si_pid=9632, si_uid=1001} ---
9634  clone(child_stack=0xfe8b45a8000, flags=CLONE_VM|CLONE_FS|CLONE_FILES|CLONE_SIGHAND|CLONE_THREAD|CLONE_SYSVSEM) = 9636
9114  tgkill(9114, 9120, SIGURG)        = 0
9120  clone(child_stack=NULL, flags=CLONE_VM|CLONE_PIDFD|CLONE_VFORK|SIGCHLD <unfinished ...>
9637  execve("/opt/hostedtoolcache/go/1.27.0/arm64/pkg/tool/linux_arm64/asm", ["/opt/hostedtoolcache/go/1.27.0/a"..., "-p", "reflect", "-trimpath", "/tmp/go-build4085347996/b038=>", "-I", "/tmp/go-build4085347996/b038/", "-I", "/opt/hostedtoolcache/go/1.27.0/a"..., "-D", "GOOS_linux", "-D", "GOARCH_arm64", "-std", "-gensymabis", "-o", "/tmp/go-build4085347996/b038/sym"..., "/opt/hostedtoolcache/go/1.27.0/a"...], 0x3283654cb208 /* 140 vars */ <unfinished ...>
9120  <... clone resumed>, parent_tid=[15]) = 9637
9637  <... execve resumed>)             = 0
9120  --- SIGURG {si_signo=SIGURG, si_code=SI_TKILL, si_pid=9114, si_uid=1001} ---
9114  tgkill(9114, 9120, SIGURG)        = 0
9120  --- SIGURG {si_signo=SIGURG, si_code=SI_TKILL, si_pid=9114, si_uid=1001} ---
9165  waitid(P_PIDFD, 15,  <unfinished ...>
9118  clone(child_stack=NULL, flags=CLONE_VM|CLONE_PIDFD|CLONE_VFORK|SIGCHLD <unfinished ...>
9638  execve("/opt/hostedtoolcache/go/1.27.0/arm64/pkg/tool/linux_arm64/asm", ["/opt/hostedtoolcache/go/1.27.0/a"..., "-p", "syscall", "-trimpath", "/tmp/go-build4085347996/b056=>", "-I", "/tmp/go-build4085347996/b056/", "-I", "/opt/hostedtoolcache/go/1.27.0/a"..., "-D", "GOOS_linux", "-D", "GOARCH_arm64", "-std", "-gensymabis", "-o", "/tmp/go-build4085347996/b056/sym"..., "/opt/hostedtoolcache/go/1.27.0/a"...], 0x32836574e008 /* 140 vars */ <unfinished ...>
9118  <... clone resumed>, parent_tid=[8]) = 9638
9638  <... execve resumed>)             = 0
9118  waitid(P_PIDFD, 8,  <unfinished ...>
9119  clone(child_stack=NULL, flags=CLONE_VM|CLONE_PIDFD|CLONE_VFORK|SIGCHLD <unfinished ...>
9637  clone(child_stack=0x31b456bf0000, flags=CLONE_VM|CLONE_FS|CLONE_FILES|CLONE_SIGHAND|CLONE_THREAD|CLONE_SYSVSEM) = 9640
9637  clone(child_stack=0x31b456c28000, flags=CLONE_VM|CLONE_FS|CLONE_FILES|CLONE_SIGHAND|CLONE_THREAD|CLONE_SYSVSEM) = 9641
9637  clone(child_stack=0x31b456c24000, flags=CLONE_VM|CLONE_FS|CLONE_FILES|CLONE_SIGHAND|CLONE_THREAD|CLONE_SYSVSEM) = 9642
9641  clone(child_stack=0x31b456c98000, flags=CLONE_VM|CLONE_FS|CLONE_FILES|CLONE_SIGHAND|CLONE_THREAD|CLONE_SYSVSEM) = 9643
9637  clone(child_stack=0x31b456c94000, flags=CLONE_VM|CLONE_FS|CLONE_FILES|CLONE_SIGHAND|CLONE_THREAD|CLONE_SYSVSEM <unfinished ...>
9639  execve("/opt/hostedtoolcache/go/1.27.0/arm64/pkg/tool/linux_arm64/compile", ["/opt/hostedtoolcache/go/1.27.0/a"..., "-o", "/tmp/go-build4085347996/b062/_pk"..., "-trimpath", "/tmp/go-build4085347996/b062=>", "-p", "bytes", "-lang=go1.27", "-std", "-buildid", "blK9KMS4gUGBvi1BV96E/blK9KMS4gUG"..., "-goversion", "go1.27.0", "-c=4", "-nolocalimports", "-importcfg", "/tmp/go-build4085347996/b062/imp"..., "-pack", "/opt/hostedtoolcache/go/1.27.0/a"..., "/opt/hostedtoolcache/go/1.27.0/a"..., "/opt/hostedtoolcache/go/1.27.0/a"..., "/opt/hostedtoolcache/go/1.27.0/a"...], 0x3283654cb208 /* 140 vars */ <unfinished ...>
9637  <... clone resumed>)              = 9644
9119  <... clone resumed>, parent_tid=[13]) = 9639
9639  <... execve resumed>)             = 0
9633  tgkill(9632, 9635, SIGURG <unfinished ...>
9119  waitid(P_PIDFD, 13,  <unfinished ...>
9633  <... tgkill resumed>)             = 0
9635  --- SIGURG {si_signo=SIGURG, si_code=SI_TKILL, si_pid=9632, si_uid=1001} ---
9638  clone(child_stack=0x3bf1911a0000, flags=CLONE_VM|CLONE_FS|CLONE_FILES|CLONE_SIGHAND|CLONE_THREAD|CLONE_SYSVSEM) = 9645
9638  clone(child_stack=0x3bf1911d8000, flags=CLONE_VM|CLONE_FS|CLONE_FILES|CLONE_SIGHAND|CLONE_THREAD|CLONE_SYSVSEM) = 9646
9645  tgkill(9638, 9638, SIGURG)        = 0
9638  clone(child_stack=0x3bf1911d4000, flags=CLONE_VM|CLONE_FS|CLONE_FILES|CLONE_SIGHAND|CLONE_THREAD|CLONE_SYSVSEM) = 9647
9638  --- SIGURG {si_signo=SIGURG, si_code=SI_TKILL, si_pid=9638, si_uid=1001} ---
9646  clone(child_stack=0x3bf191218000, flags=CLONE_VM|CLONE_FS|CLONE_FILES|CLONE_SIGHAND|CLONE_THREAD|CLONE_SYSVSEM) = 9648
9646  clone(child_stack=0x3bf191214000, flags=CLONE_VM|CLONE_FS|CLONE_FILES|CLONE_SIGHAND|CLONE_THREAD|CLONE_SYSVSEM) = 9649
9640  tgkill(9637, 9637, SIGURG)        = 0
9637  --- SIGURG {si_signo=SIGURG, si_code=SI_TKILL, si_pid=9637, si_uid=1001} ---
9639  clone(child_stack=0xa7ffcae2000, flags=CLONE_VM|CLONE_FS|CLONE_FILES|CLONE_SIGHAND|CLONE_THREAD|CLONE_SYSVSEM) = 9650
9634  exit_group(0)                     = ?
9635  +++ exited with 0 +++
9633  +++ exited with 0 +++
9639  clone(child_stack=0xa7ffcb1a000, flags=CLONE_VM|CLONE_FS|CLONE_FILES|CLONE_SIGHAND|CLONE_THREAD|CLONE_SYSVSEM <unfinished ...>
9636  +++ exited with 0 +++
9634  +++ exited with 0 +++
9650  tgkill(9639, 9639, SIGURG)        = 0
9639  <... clone resumed>)              = 9651
9632  +++ exited with 0 +++
9117  <... waitid resumed>{si_signo=SIGCHLD, si_code=CLD_EXITED, si_pid=9632, si_uid=1001, si_status=0, si_utime=0, si_stime=0}, WEXITED, {ru_utime={tv_sec=0, tv_usec=23933}, ru_stime={tv_sec=0, tv_usec=10257}, ...}) = 0
9639  --- SIGURG {si_signo=SIGURG, si_code=SI_TKILL, si_pid=9639, si_uid=1001} ---
9114  --- SIGCHLD {si_signo=SIGCHLD, si_code=CLD_EXITED, si_pid=9632, si_uid=1001, si_status=0, si_utime=2 /* 0.02 s */, si_stime=0} ---
9650  tgkill(9639, 9639, SIGURG)        = 0
9639  clone(child_stack=0xa7ffcb16000, flags=CLONE_VM|CLONE_FS|CLONE_FILES|CLONE_SIGHAND|CLONE_THREAD|CLONE_SYSVSEM) = 9652
9639  --- SIGURG {si_signo=SIGURG, si_code=SI_TKILL, si_pid=9639, si_uid=1001} ---
9651  clone(child_stack=0xa7ffcb98000, flags=CLONE_VM|CLONE_FS|CLONE_FILES|CLONE_SIGHAND|CLONE_THREAD|CLONE_SYSVSEM) = 9653
9641  exit_group(0)                     = ?
9642  +++ exited with 0 +++
9643  +++ exited with 0 +++
9640  +++ exited with 0 +++
9641  +++ exited with 0 +++
9644  +++ exited with 0 +++
9637  +++ exited with 0 +++
9117  --- SIGCHLD {si_signo=SIGCHLD, si_code=CLD_EXITED, si_pid=9637, si_uid=1001, si_status=0, si_utime=0, si_stime=0} ---
9165  <... waitid resumed>{si_signo=SIGCHLD, si_code=CLD_EXITED, si_pid=9637, si_uid=1001, si_status=0, si_utime=0, si_stime=0}, WEXITED, {ru_utime={tv_sec=0, tv_usec=0}, ru_stime={tv_sec=0, tv_usec=7144}, ...}) = 0
9638  exit_group(0)                     = ?
9647  +++ exited with 0 +++
9646  +++ exited with 0 +++
9645  +++ exited with 0 +++
9648  +++ exited with 0 +++
9649  +++ exited with 0 +++
9638  +++ exited with 0 +++
9114  --- SIGCHLD {si_signo=SIGCHLD, si_code=CLD_EXITED, si_pid=9638, si_uid=1001, si_status=0, si_utime=0, si_stime=0} ---
9118  <... waitid resumed>{si_signo=SIGCHLD, si_code=CLD_EXITED, si_pid=9638, si_uid=1001, si_status=0, si_utime=0, si_stime=0}, WEXITED, {ru_utime={tv_sec=0, tv_usec=0}, ru_stime={tv_sec=0, tv_usec=5604}, ...}) = 0
9117  clone(child_stack=NULL, flags=CLONE_VM|CLONE_PIDFD|CLONE_VFORK|SIGCHLD <unfinished ...>
9165  clone(child_stack=NULL, flags=CLONE_VM|CLONE_PIDFD|CLONE_VFORK|SIGCHLD <unfinished ...>
9654  execve("/opt/hostedtoolcache/go/1.27.0/arm64/pkg/tool/linux_arm64/compile", ["/opt/hostedtoolcache/go/1.27.0/a"..., "-o", "/tmp/go-build4085347996/b038/_pk"..., "-trimpath", "/tmp/go-build4085347996/b038=>", "-p", "reflect", "-lang=go1.27", "-std", "-buildid", "e78q8zsgz7SKwSDJ3S4Y/e78q8zsgz7S"..., "-goversion", "go1.27.0", "-symabis", "/tmp/go-build4085347996/b038/sym"..., "-c=4", "-nolocalimports", "-importcfg", "/tmp/go-build4085347996/b038/imp"..., "-pack", "-asmhdr", "/tmp/go-build4085347996/b038/go_"..., "/opt/hostedtoolcache/go/1.27.0/a"..., "/opt/hostedtoolcache/go/1.27.0/a"..., "/opt/hostedtoolcache/go/1.27.0/a"..., "/opt/hostedtoolcache/go/1.27.0/a"..., "/opt/hostedtoolcache/go/1.27.0/a"..., "/opt/hostedtoolcache/go/1.27.0/a"..., "/opt/hostedtoolcache/go/1.27.0/a"..., "/opt/hostedtoolcache/go/1.27.0/a"..., "/opt/hostedtoolcache/go/1.27.0/a"..., "/opt/hostedtoolcache/go/1.27.0/a"..., ...], 0x32836574f208 /* 140 vars */ <unfinished ...>
9117  <... clone resumed>, parent_tid=[15]) = 9654
9654  <... execve resumed>)             = 0
9655  execve("/opt/hostedtoolcache/go/1.27.0/arm64/pkg/tool/linux_arm64/compile", ["/opt/hostedtoolcache/go/1.27.0/a"..., "-o", "/tmp/go-build4085347996/b056/_pk"..., "-trimpath", "/tmp/go-build4085347996/b056=>", "-p", "syscall", "-lang=go1.27", "-std", "-buildid", "rOVCdQL1gJVJsHO2NeEB/rOVCdQL1gJV"..., "-goversion", "go1.27.0", "-symabis", "/tmp/go-build4085347996/b056/sym"..., "-c=4", "-nolocalimports", "-importcfg", "/tmp/go-build4085347996/b056/imp"..., "-pack", "-asmhdr", "/tmp/go-build4085347996/b056/go_"..., "/opt/hostedtoolcache/go/1.27.0/a"..., "/opt/hostedtoolcache/go/1.27.0/a"..., "/opt/hostedtoolcache/go/1.27.0/a"..., "/opt/hostedtoolcache/go/1.27.0/a"..., "/opt/hostedtoolcache/go/1.27.0/a"..., "/opt/hostedtoolcache/go/1.27.0/a"..., "/opt/hostedtoolcache/go/1.27.0/a"..., "/opt/hostedtoolcache/go/1.27.0/a"..., "/opt/hostedtoolcache/go/1.27.0/a"..., "/opt/hostedtoolcache/go/1.27.0/a"..., ...], 0x328365a0ad88 /* 140 vars */ <unfinished ...>
9165  <... clone resumed>, parent_tid=[22]) = 9655
9655  <... execve resumed>)             = 0
9165  waitid(P_PIDFD, 22,  <unfinished ...>
9117  waitid(P_PIDFD, 15,  <unfinished ...>
9118  clone(child_stack=NULL, flags=CLONE_VM|CLONE_PIDFD|CLONE_VFORK|SIGCHLD <unfinished ...>
9656  execve("/opt/hostedtoolcache/go/1.27.0/arm64/pkg/tool/linux_arm64/compile", ["/opt/hostedtoolcache/go/1.27.0/a"..., "-o", "/tmp/go-build4085347996/b066/_pk"..., "-trimpath", "/tmp/go-build4085347996/b066=>", "-p", "internal/godebug", "-lang=go1.27", "-std", "-complete", "-buildid", "AcY4XHJEUplJW9BfMhAj/AcY4XHJEUpl"..., "-goversion", "go1.27.0", "-c=4", "-nolocalimports", "-importcfg", "/tmp/go-build4085347996/b066/imp"..., "-pack", "/opt/hostedtoolcache/go/1.27.0/a"...], 0x3283656fe008 /* 140 vars */ <unfinished ...>
9118  <... clone resumed>, parent_tid=[14]) = 9656
9656  <... execve resumed>)             = 0
9118  waitid(P_PIDFD, 14,  <unfinished ...>
9654  clone(child_stack=0xaf5ab262000, flags=CLONE_VM|CLONE_FS|CLONE_FILES|CLONE_SIGHAND|CLONE_THREAD|CLONE_SYSVSEM) = 9657
9655  clone(child_stack=0x2086844fc000, flags=CLONE_VM|CLONE_FS|CLONE_FILES|CLONE_SIGHAND|CLONE_THREAD|CLONE_SYSVSEM) = 9658
9655  clone(child_stack=0x208684534000, flags=CLONE_VM|CLONE_FS|CLONE_FILES|CLONE_SIGHAND|CLONE_THREAD|CLONE_SYSVSEM) = 9659
9654  clone(child_stack=0xaf5ab29a000, flags=CLONE_VM|CLONE_FS|CLONE_FILES|CLONE_SIGHAND|CLONE_THREAD|CLONE_SYSVSEM) = 9660
9657  tgkill(9654, 9654, SIGURG)        = 0
9655  clone(child_stack=0x208684530000, flags=CLONE_VM|CLONE_FS|CLONE_FILES|CLONE_SIGHAND|CLONE_THREAD|CLONE_SYSVSEM <unfinished ...>
9654  clone(child_stack=0xaf5ab296000, flags=CLONE_VM|CLONE_FS|CLONE_FILES|CLONE_SIGHAND|CLONE_THREAD|CLONE_SYSVSEM <unfinished ...>
9655  <... clone resumed>)              = 9661
9654  <... clone resumed>)              = 9662
9654  --- SIGURG {si_signo=SIGURG, si_code=SI_TKILL, si_pid=9654, si_uid=1001} ---
9659  clone(child_stack=0x208684598000, flags=CLONE_VM|CLONE_FS|CLONE_FILES|CLONE_SIGHAND|CLONE_THREAD|CLONE_SYSVSEM) = 9663
9660  clone(child_stack=0xaf5ab318000, flags=CLONE_VM|CLONE_FS|CLONE_FILES|CLONE_SIGHAND|CLONE_THREAD|CLONE_SYSVSEM) = 9664
9656  clone(child_stack=0x63f00f376000, flags=CLONE_VM|CLONE_FS|CLONE_FILES|CLONE_SIGHAND|CLONE_THREAD|CLONE_SYSVSEM) = 9665
9656  clone(child_stack=0x63f00f3ae000, flags=CLONE_VM|CLONE_FS|CLONE_FILES|CLONE_SIGHAND|CLONE_THREAD|CLONE_SYSVSEM) = 9666
9665  tgkill(9656, 9656, SIGURG <unfinished ...>
9650  tgkill(9639, 9652, SIGURG)        = 0
9652  --- SIGURG {si_signo=SIGURG, si_code=SI_TKILL, si_pid=9639, si_uid=1001} ---
9665  <... tgkill resumed>)             = 0
9656  --- SIGURG {si_signo=SIGURG, si_code=SI_TKILL, si_pid=9656, si_uid=1001} ---
9656  clone(child_stack=0x63f00f3aa000, flags=CLONE_VM|CLONE_FS|CLONE_FILES|CLONE_SIGHAND|CLONE_THREAD|CLONE_SYSVSEM) = 9667
9666  clone(child_stack=0x63f00f3fc000, flags=CLONE_VM|CLONE_FS|CLONE_FILES|CLONE_SIGHAND|CLONE_THREAD|CLONE_SYSVSEM) = 9668
9658  clone(child_stack=0x208684c10000, flags=CLONE_VM|CLONE_FS|CLONE_FILES|CLONE_SIGHAND|CLONE_THREAD|CLONE_SYSVSEM) = 9669
9665  tgkill(9656, 9656, SIGURG)        = 0
9656  --- SIGURG {si_signo=SIGURG, si_code=SI_TKILL, si_pid=9656, si_uid=1001} ---
9665  tgkill(9656, 9656, SIGURG)        = 0
9656  --- SIGURG {si_signo=SIGURG, si_code=SI_TKILL, si_pid=9656, si_uid=1001} ---
9650  tgkill(9639, 9652, SIGURG)        = 0
9665  tgkill(9656, 9656, SIGURG)        = 0
9656  --- SIGURG {si_signo=SIGURG, si_code=SI_TKILL, si_pid=9656, si_uid=1001} ---
9657  tgkill(9654, 9662, SIGURG)        = 0
9662  --- SIGURG {si_signo=SIGURG, si_code=SI_TKILL, si_pid=9654, si_uid=1001} ---
9652  --- SIGURG {si_signo=SIGURG, si_code=SI_TKILL, si_pid=9639, si_uid=1001} ---
9658  tgkill(9655, 9659, SIGURG)        = 0
9659  --- SIGURG {si_signo=SIGURG, si_code=SI_TKILL, si_pid=9655, si_uid=1001} ---
9650  tgkill(9639, 9653, SIGURG)        = 0
9650  tgkill(9639, 9651, SIGURG)        = 0
9651  --- SIGURG {si_signo=SIGURG, si_code=SI_TKILL, si_pid=9639, si_uid=1001} ---
9653  --- SIGURG {si_signo=SIGURG, si_code=SI_TKILL, si_pid=9639, si_uid=1001} ---
9658  tgkill(9655, 9659, SIGURG)        = 0
9659  --- SIGURG {si_signo=SIGURG, si_code=SI_TKILL, si_pid=9655, si_uid=1001} ---
9650  tgkill(9639, 9639, SIGURG)        = 0
9665  tgkill(9656, 9656, SIGURG <unfinished ...>
9650  tgkill(9639, 9652, SIGURG <unfinished ...>
9665  <... tgkill resumed>)             = 0
9652  --- SIGURG {si_signo=SIGURG, si_code=SI_TKILL, si_pid=9639, si_uid=1001} ---
9650  <... tgkill resumed>)             = 0
9639  --- SIGURG {si_signo=SIGURG, si_code=SI_TKILL, si_pid=9639, si_uid=1001} ---
9656  --- SIGURG {si_signo=SIGURG, si_code=SI_TKILL, si_pid=9656, si_uid=1001} ---
9657  tgkill(9654, 9662, SIGURG <unfinished ...>
9662  --- SIGURG {si_signo=SIGURG, si_code=SI_TKILL, si_pid=9654, si_uid=1001} ---
9657  <... tgkill resumed>)             = 0
9658  tgkill(9655, 9661, SIGURG)        = 0
9661  --- SIGURG {si_signo=SIGURG, si_code=SI_TKILL, si_pid=9655, si_uid=1001} ---
9650  tgkill(9639, 9653, SIGURG)        = 0
9650  tgkill(9639, 9651, SIGURG <unfinished ...>
9651  --- SIGURG {si_signo=SIGURG, si_code=SI_TKILL, si_pid=9639, si_uid=1001} ---
9650  <... tgkill resumed>)             = 0
9653  --- SIGURG {si_signo=SIGURG, si_code=SI_TKILL, si_pid=9639, si_uid=1001} ---
9665  tgkill(9656, 9656, SIGURG)        = 0
9651  exit_group(0)                     = ?
9653  +++ exited with 0 +++
9652  +++ exited with 0 +++
9650  +++ exited with 0 +++
9651  +++ exited with 0 +++
9656  --- SIGURG {si_signo=SIGURG, si_code=SI_TKILL, si_pid=9656, si_uid=1001} ---
9639  +++ exited with 0 +++
9119  <... waitid resumed>{si_signo=SIGCHLD, si_code=CLD_EXITED, si_pid=9639, si_uid=1001, si_status=0, si_utime=0, si_stime=0}, WEXITED, {ru_utime={tv_sec=0, tv_usec=99074}, ru_stime={tv_sec=0, tv_usec=25029}, ...}) = 0
9120  --- SIGCHLD {si_signo=SIGCHLD, si_code=CLD_EXITED, si_pid=9639, si_uid=1001, si_status=0, si_utime=9 /* 0.09 s */, si_stime=2 /* 0.02 s */} ---
9657  tgkill(9654, 9662, SIGURG)        = 0
9662  --- SIGURG {si_signo=SIGURG, si_code=SI_TKILL, si_pid=9654, si_uid=1001} ---
9658  tgkill(9655, 9659, SIGURG)        = 0
9665  tgkill(9656, 9667, SIGURG)        = 0
9667  --- SIGURG {si_signo=SIGURG, si_code=SI_TKILL, si_pid=9656, si_uid=1001} ---
9659  --- SIGURG {si_signo=SIGURG, si_code=SI_TKILL, si_pid=9655, si_uid=1001} ---
9665  tgkill(9656, 9668, SIGURG)        = 0
9668  --- SIGURG {si_signo=SIGURG, si_code=SI_TKILL, si_pid=9656, si_uid=1001} ---
9665  tgkill(9656, 9656, SIGURG)        = 0
9656  --- SIGURG {si_signo=SIGURG, si_code=SI_TKILL, si_pid=9656, si_uid=1001} ---
9115  tgkill(9114, 9120, SIGURG <unfinished ...>
9665  tgkill(9656, 9666, SIGURG <unfinished ...>
9115  <... tgkill resumed>)             = 0
9665  <... tgkill resumed>)             = 0
9120  --- SIGURG {si_signo=SIGURG, si_code=SI_TKILL, si_pid=9114, si_uid=1001} ---
9666  --- SIGURG {si_signo=SIGURG, si_code=SI_TKILL, si_pid=9656, si_uid=1001} ---
9657  tgkill(9654, 9662, SIGURG <unfinished ...>
9662  --- SIGURG {si_signo=SIGURG, si_code=SI_TKILL, si_pid=9654, si_uid=1001} ---
9657  <... tgkill resumed>)             = 0
9658  tgkill(9655, 9661, SIGURG <unfinished ...>
9661  --- SIGURG {si_signo=SIGURG, si_code=SI_TKILL, si_pid=9655, si_uid=1001} ---
9658  <... tgkill resumed>)             = 0
9115  tgkill(9114, 9114, SIGURG)        = 0
9114  --- SIGURG {si_signo=SIGURG, si_code=SI_TKILL, si_pid=9114, si_uid=1001} ---
9119  clone(child_stack=NULL, flags=CLONE_VM|CLONE_PIDFD|CLONE_VFORK|SIGCHLD <unfinished ...>
9670  execve("/opt/hostedtoolcache/go/1.27.0/arm64/pkg/tool/linux_arm64/compile", ["/opt/hostedtoolcache/go/1.27.0/a"..., "-o", "/tmp/go-build4085347996/b069/_pk"..., "-trimpath", "/tmp/go-build4085347996/b069=>", "-p", "strings", "-lang=go1.27", "-std", "-complete", "-buildid", "igBtOvwyoA-kNaTEpR-Y/igBtOvwyoA-"..., "-goversion", "go1.27.0", "-c=4", "-nolocalimports", "-importcfg", "/tmp/go-build4085347996/b069/imp"..., "-pack", "/opt/hostedtoolcache/go/1.27.0/a"..., "/opt/hostedtoolcache/go/1.27.0/a"..., "/opt/hostedtoolcache/go/1.27.0/a"..., "/opt/hostedtoolcache/go/1.27.0/a"..., "/opt/hostedtoolcache/go/1.27.0/a"..., "/opt/hostedtoolcache/go/1.27.0/a"..., "/opt/hostedtoolcache/go/1.27.0/a"..., "/opt/hostedtoolcache/go/1.27.0/a"...], 0x328365952008 /* 140 vars */ <unfinished ...>
9119  <... clone resumed>, parent_tid=[17]) = 9670
9670  <... execve resumed>)             = 0
9119  waitid(P_PIDFD, 17,  <unfinished ...>
9670  clone(child_stack=0x6bedcebfc000, flags=CLONE_VM|CLONE_FS|CLONE_FILES|CLONE_SIGHAND|CLONE_THREAD|CLONE_SYSVSEM) = 9671
9670  clone(child_stack=0x6bedcec34000, flags=CLONE_VM|CLONE_FS|CLONE_FILES|CLONE_SIGHAND|CLONE_THREAD|CLONE_SYSVSEM <unfinished ...>
9666  exit_group(0 <unfinished ...>
9670  <... clone resumed>)              = 9672
9666  <... exit_group resumed>)         = ?
9666  +++ exited with 0 +++
9668  +++ exited with 0 +++
9667  +++ exited with 0 +++
9670  clone(child_stack=0x6bedcec30000, flags=CLONE_VM|CLONE_FS|CLONE_FILES|CLONE_SIGHAND|CLONE_THREAD|CLONE_SYSVSEM) = 9673
9665  +++ exited with 0 +++
9656  +++ exited with 0 +++
9118  <... waitid resumed>{si_signo=SIGCHLD, si_code=CLD_EXITED, si_pid=9656, si_uid=1001, si_status=0, si_utime=0, si_stime=0}, WEXITED, {ru_utime={tv_sec=0, tv_usec=88670}, ru_stime={tv_sec=0, tv_usec=17539}, ...}) = 0
9118  --- SIGCHLD {si_signo=SIGCHLD, si_code=CLD_EXITED, si_pid=9656, si_uid=1001, si_status=0, si_utime=9 /* 0.09 s */, si_stime=1 /* 0.01 s */} ---
9671  clone(child_stack=0x6bedcec84000, flags=CLONE_VM|CLONE_FS|CLONE_FILES|CLONE_SIGHAND|CLONE_THREAD|CLONE_SYSVSEM <unfinished ...>
9657  tgkill(9654, 9662, SIGURG)        = 0
9662  --- SIGURG {si_signo=SIGURG, si_code=SI_TKILL, si_pid=9654, si_uid=1001} ---
9671  <... clone resumed>)              = 9674
9672  clone(child_stack=0x6bedcf096000, flags=CLONE_VM|CLONE_FS|CLONE_FILES|CLONE_SIGHAND|CLONE_THREAD|CLONE_SYSVSEM) = 9675
9658  tgkill(9655, 9661, SIGURG)        = 0
9661  --- SIGURG {si_signo=SIGURG, si_code=SI_TKILL, si_pid=9655, si_uid=1001} ---
9671  tgkill(9670, 9672, SIGURG)        = 0
9672  --- SIGURG {si_signo=SIGURG, si_code=SI_TKILL, si_pid=9670, si_uid=1001} ---
9657  tgkill(9654, 9660, SIGURG)        = 0
9660  --- SIGURG {si_signo=SIGURG, si_code=SI_TKILL, si_pid=9654, si_uid=1001} ---
9658  tgkill(9655, 9661, SIGURG)        = 0
9661  --- SIGURG {si_signo=SIGURG, si_code=SI_TKILL, si_pid=9655, si_uid=1001} ---
9671  tgkill(9670, 9674, SIGURG)        = 0
9674  --- SIGURG {si_signo=SIGURG, si_code=SI_TKILL, si_pid=9670, si_uid=1001} ---
9657  tgkill(9654, 9662, SIGURG)        = 0
9662  --- SIGURG {si_signo=SIGURG, si_code=SI_TKILL, si_pid=9654, si_uid=1001} ---
9671  tgkill(9670, 9672, SIGURG)        = 0
9671  tgkill(9670, 9675, SIGURG)        = 0
9671  tgkill(9670, 9674, SIGURG)        = 0
9674  --- SIGURG {si_signo=SIGURG, si_code=SI_TKILL, si_pid=9670, si_uid=1001} ---
9672  --- SIGURG {si_signo=SIGURG, si_code=SI_TKILL, si_pid=9670, si_uid=1001} ---
9671  tgkill(9670, 9673, SIGURG)        = 0
9673  --- SIGURG {si_signo=SIGURG, si_code=SI_TKILL, si_pid=9670, si_uid=1001} ---
9675  --- SIGURG {si_signo=SIGURG, si_code=SI_TKILL, si_pid=9670, si_uid=1001} ---
9658  tgkill(9655, 9661, SIGURG)        = 0
9661  --- SIGURG {si_signo=SIGURG, si_code=SI_TKILL, si_pid=9655, si_uid=1001} ---
9657  tgkill(9654, 9662, SIGURG)        = 0
9662  --- SIGURG {si_signo=SIGURG, si_code=SI_TKILL, si_pid=9654, si_uid=1001} ---
9658  tgkill(9655, 9669, SIGURG)        = 0
9658  tgkill(9655, 9659, SIGURG)        = 0
9658  tgkill(9655, 9663, SIGURG <unfinished ...>
9669  --- SIGURG {si_signo=SIGURG, si_code=SI_TKILL, si_pid=9655, si_uid=1001} ---
9658  <... tgkill resumed>)             = 0
9671  tgkill(9670, 9672, SIGURG)        = 0
9672  --- SIGURG {si_signo=SIGURG, si_code=SI_TKILL, si_pid=9670, si_uid=1001} ---
9671  tgkill(9670, 9675, SIGURG)        = 0
9675  --- SIGURG {si_signo=SIGURG, si_code=SI_TKILL, si_pid=9670, si_uid=1001} ---
9671  tgkill(9670, 9674, SIGURG)        = 0
9674  --- SIGURG {si_signo=SIGURG, si_code=SI_TKILL, si_pid=9670, si_uid=1001} ---
9671  tgkill(9670, 9673, SIGURG)        = 0
9673  --- SIGURG {si_signo=SIGURG, si_code=SI_TKILL, si_pid=9670, si_uid=1001} ---
9659  --- SIGURG {si_signo=SIGURG, si_code=SI_TKILL, si_pid=9655, si_uid=1001} ---
9663  --- SIGURG {si_signo=SIGURG, si_code=SI_TKILL, si_pid=9655, si_uid=1001} ---
9660  tgkill(9654, 9662, SIGURG)        = 0
9662  --- SIGURG {si_signo=SIGURG, si_code=SI_TKILL, si_pid=9654, si_uid=1001} ---
9658  tgkill(9655, 9661, SIGURG <unfinished ...>
9661  --- SIGURG {si_signo=SIGURG, si_code=SI_TKILL, si_pid=9655, si_uid=1001} ---
9658  <... tgkill resumed>)             = 0
9654  tgkill(9654, 9664, SIGURG)        = 0
9664  --- SIGURG {si_signo=SIGURG, si_code=SI_TKILL, si_pid=9654, si_uid=1001} ---
9664  tgkill(9654, 9654, SIGURG)        = 0
9654  --- SIGURG {si_signo=SIGURG, si_code=SI_TKILL, si_pid=9654, si_uid=1001} ---
9658  tgkill(9655, 9669, SIGURG <unfinished ...>
9669  --- SIGURG {si_signo=SIGURG, si_code=SI_TKILL, si_pid=9655, si_uid=1001} ---
9658  <... tgkill resumed>)             = 0
9664  tgkill(9654, 9662, SIGURG <unfinished ...>
9658  tgkill(9655, 9659, SIGURG <unfinished ...>
9664  <... tgkill resumed>)             = 0
9662  --- SIGURG {si_signo=SIGURG, si_code=SI_TKILL, si_pid=9654, si_uid=1001} ---
9658  <... tgkill resumed>)             = 0
9658  tgkill(9655, 9663, SIGURG <unfinished ...>
9663  --- SIGURG {si_signo=SIGURG, si_code=SI_TKILL, si_pid=9655, si_uid=1001} ---
9658  <... tgkill resumed>)             = 0
9659  --- SIGURG {si_signo=SIGURG, si_code=SI_TKILL, si_pid=9655, si_uid=1001} ---
9664  tgkill(9654, 9662, SIGURG)        = 0
9662  --- SIGURG {si_signo=SIGURG, si_code=SI_TKILL, si_pid=9654, si_uid=1001} ---
9671  tgkill(9670, 9674, SIGURG)        = 0
9674  --- SIGURG {si_signo=SIGURG, si_code=SI_TKILL, si_pid=9670, si_uid=1001} ---
9664  tgkill(9654, 9654, SIGURG)        = 0
9654  --- SIGURG {si_signo=SIGURG, si_code=SI_TKILL, si_pid=9654, si_uid=1001} ---
9664  tgkill(9654, 9660, SIGURG)        = 0
9660  --- SIGURG {si_signo=SIGURG, si_code=SI_TKILL, si_pid=9654, si_uid=1001} ---
9661  tgkill(9655, 9669, SIGURG <unfinished ...>
9664  tgkill(9654, 9654, SIGURG <unfinished ...>
9669  --- SIGURG {si_signo=SIGURG, si_code=SI_TKILL, si_pid=9655, si_uid=1001} ---
9664  <... tgkill resumed>)             = 0
9661  <... tgkill resumed>)             = 0
9654  --- SIGURG {si_signo=SIGURG, si_code=SI_TKILL, si_pid=9654, si_uid=1001} ---
9663  tgkill(9655, 9661, SIGURG)        = 0
9659  tgkill(9655, 9669, SIGURG <unfinished ...>
9661  --- SIGURG {si_signo=SIGURG, si_code=SI_TKILL, si_pid=9655, si_uid=1001} ---
9659  <... tgkill resumed>)             = 0
9669  --- SIGURG {si_signo=SIGURG, si_code=SI_TKILL, si_pid=9655, si_uid=1001} ---
9659  tgkill(9655, 9669, SIGURG)        = 0
9669  --- SIGURG {si_signo=SIGURG, si_code=SI_TKILL, si_pid=9655, si_uid=1001} ---
9675  exit_group(0)                     = ?
9675  +++ exited with 0 +++
9671  +++ exited with 0 +++
9672  +++ exited with 0 +++
9674  +++ exited with 0 +++
9657  tgkill(9654, 9664, SIGURG)        = 0
9664  --- SIGURG {si_signo=SIGURG, si_code=SI_TKILL, si_pid=9654, si_uid=1001} ---
9664  tgkill(9654, 9662, SIGURG)        = 0
9662  --- SIGURG {si_signo=SIGURG, si_code=SI_TKILL, si_pid=9654, si_uid=1001} ---
9664  tgkill(9654, 9662, SIGURG)        = 0
9662  --- SIGURG {si_signo=SIGURG, si_code=SI_TKILL, si_pid=9654, si_uid=1001} ---
9664  tgkill(9654, 9662, SIGURG)        = 0
9662  --- SIGURG {si_signo=SIGURG, si_code=SI_TKILL, si_pid=9654, si_uid=1001} ---
9664  tgkill(9654, 9662, SIGURG)        = 0
9662  --- SIGURG {si_signo=SIGURG, si_code=SI_TKILL, si_pid=9654, si_uid=1001} ---
9664  tgkill(9654, 9662, SIGURG)        = 0
9662  --- SIGURG {si_signo=SIGURG, si_code=SI_TKILL, si_pid=9654, si_uid=1001} ---
9664  tgkill(9654, 9662, SIGURG)        = 0
9662  --- SIGURG {si_signo=SIGURG, si_code=SI_TKILL, si_pid=9654, si_uid=1001} ---
9664  tgkill(9654, 9662, SIGURG)        = 0
9662  --- SIGURG {si_signo=SIGURG, si_code=SI_TKILL, si_pid=9654, si_uid=1001} ---
9664  tgkill(9654, 9662, SIGURG)        = 0
9662  --- SIGURG {si_signo=SIGURG, si_code=SI_TKILL, si_pid=9654, si_uid=1001} ---
9659  tgkill(9655, 9663, SIGURG)        = 0
9663  --- SIGURG {si_signo=SIGURG, si_code=SI_TKILL, si_pid=9655, si_uid=1001} ---
9659  tgkill(9655, 9661, SIGURG)        = 0
9661  --- SIGURG {si_signo=SIGURG, si_code=SI_TKILL, si_pid=9655, si_uid=1001} ---
9673  +++ exited with 0 +++
9670  +++ exited with 0 +++
9119  <... waitid resumed>{si_signo=SIGCHLD, si_code=CLD_EXITED, si_pid=9670, si_uid=1001, si_status=0, si_utime=0, si_stime=0}, WEXITED, {ru_utime={tv_sec=0, tv_usec=122704}, ru_stime={tv_sec=0, tv_usec=21770}, ...}) = 0
9118  --- SIGCHLD {si_signo=SIGCHLD, si_code=CLD_EXITED, si_pid=9670, si_uid=1001, si_status=0, si_utime=12 /* 0.12 s */, si_stime=2 /* 0.02 s */} ---
9658  tgkill(9655, 9659, SIGURG)        = 0
9658  tgkill(9655, 9663, SIGURG)        = 0
9663  --- SIGURG {si_signo=SIGURG, si_code=SI_TKILL, si_pid=9655, si_uid=1001} ---
9659  --- SIGURG {si_signo=SIGURG, si_code=SI_TKILL, si_pid=9655, si_uid=1001} ---
9659  tgkill(9655, 9669, SIGURG)        = 0
9669  --- SIGURG {si_signo=SIGURG, si_code=SI_TKILL, si_pid=9655, si_uid=1001} ---
9659  tgkill(9655, 9663, SIGURG <unfinished ...>
9663  --- SIGURG {si_signo=SIGURG, si_code=SI_TKILL, si_pid=9655, si_uid=1001} ---
9659  <... tgkill resumed>)             = 0
9659  tgkill(9655, 9661, SIGURG)        = 0
9661  --- SIGURG {si_signo=SIGURG, si_code=SI_TKILL, si_pid=9655, si_uid=1001} ---
9661  tgkill(9655, 9669, SIGURG)        = 0
9669  --- SIGURG {si_signo=SIGURG, si_code=SI_TKILL, si_pid=9655, si_uid=1001} ---
9661  tgkill(9655, 9659, SIGURG)        = 0
9659  --- SIGURG {si_signo=SIGURG, si_code=SI_TKILL, si_pid=9655, si_uid=1001} ---
9661  tgkill(9655, 9663, SIGURG)        = 0
9663  --- SIGURG {si_signo=SIGURG, si_code=SI_TKILL, si_pid=9655, si_uid=1001} ---
9661  tgkill(9655, 9669, SIGURG)        = 0
9669  --- SIGURG {si_signo=SIGURG, si_code=SI_TKILL, si_pid=9655, si_uid=1001} ---
9661  tgkill(9655, 9659, SIGURG)        = 0
9115  tgkill(9114, 9119, SIGURG <unfinished ...>
9661  tgkill(9655, 9663, SIGURG <unfinished ...>
9115  <... tgkill resumed>)             = 0
9119  --- SIGURG {si_signo=SIGURG, si_code=SI_TKILL, si_pid=9114, si_uid=1001} ---
9661  <... tgkill resumed>)             = 0
9663  --- SIGURG {si_signo=SIGURG, si_code=SI_TKILL, si_pid=9655, si_uid=1001} ---
9659  --- SIGURG {si_signo=SIGURG, si_code=SI_TKILL, si_pid=9655, si_uid=1001} ---
9661  tgkill(9655, 9669, SIGURG)        = 0
9669  --- SIGURG {si_signo=SIGURG, si_code=SI_TKILL, si_pid=9655, si_uid=1001} ---
9661  tgkill(9655, 9659, SIGURG)        = 0
9661  tgkill(9655, 9663, SIGURG <unfinished ...>
9659  --- SIGURG {si_signo=SIGURG, si_code=SI_TKILL, si_pid=9655, si_uid=1001} ---
9661  <... tgkill resumed>)             = 0
9663  --- SIGURG {si_signo=SIGURG, si_code=SI_TKILL, si_pid=9655, si_uid=1001} ---
9657  tgkill(9654, 9660, SIGURG)        = 0
9660  --- SIGURG {si_signo=SIGURG, si_code=SI_TKILL, si_pid=9654, si_uid=1001} ---
9661  tgkill(9655, 9669, SIGURG)        = 0
9669  --- SIGURG {si_signo=SIGURG, si_code=SI_TKILL, si_pid=9655, si_uid=1001} ---
9661  tgkill(9655, 9659, SIGURG)        = 0
9659  --- SIGURG {si_signo=SIGURG, si_code=SI_TKILL, si_pid=9655, si_uid=1001} ---
9658  tgkill(9655, 9663, SIGURG)        = 0
9663  --- SIGURG {si_signo=SIGURG, si_code=SI_TKILL, si_pid=9655, si_uid=1001} ---
9657  tgkill(9654, 9662, SIGURG <unfinished ...>
9115  tgkill(9114, 9119, SIGURG)        = 0
9658  tgkill(9655, 9669, SIGURG)        = 0
9658  tgkill(9655, 9659, SIGURG)        = 0
9659  --- SIGURG {si_signo=SIGURG, si_code=SI_TKILL, si_pid=9655, si_uid=1001} ---
9119  --- SIGURG {si_signo=SIGURG, si_code=SI_TKILL, si_pid=9114, si_uid=1001} ---
9657  <... tgkill resumed>)             = 0
9658  tgkill(9655, 9661, SIGURG)        = 0
9661  --- SIGURG {si_signo=SIGURG, si_code=SI_TKILL, si_pid=9655, si_uid=1001} ---
9669  --- SIGURG {si_signo=SIGURG, si_code=SI_TKILL, si_pid=9655, si_uid=1001} ---
9662  --- SIGURG {si_signo=SIGURG, si_code=SI_TKILL, si_pid=9654, si_uid=1001} ---
9119  clone(child_stack=NULL, flags=CLONE_VM|CLONE_PIDFD|CLONE_VFORK|SIGCHLD <unfinished ...>
9677  execve("/opt/hostedtoolcache/go/1.27.0/arm64/pkg/tool/linux_arm64/compile", ["/opt/hostedtoolcache/go/1.27.0/a"..., "-o", "/tmp/go-build4085347996/b071/_pk"..., "-trimpath", "/tmp/go-build4085347996/b071=>", "-p", "regexp/syntax", "-lang=go1.27", "-std", "-complete", "-buildid", "xEPQg2lpkiQK-vWos22W/xEPQg2lpkiQ"..., "-goversion", "go1.27.0", "-c=4", "-nolocalimports", "-importcfg", "/tmp/go-build4085347996/b071/imp"..., "-pack", "/opt/hostedtoolcache/go/1.27.0/a"..., "/opt/hostedtoolcache/go/1.27.0/a"..., "/opt/hostedtoolcache/go/1.27.0/a"..., "/opt/hostedtoolcache/go/1.27.0/a"..., "/opt/hostedtoolcache/go/1.27.0/a"..., "/opt/hostedtoolcache/go/1.27.0/a"..., "/opt/hostedtoolcache/go/1.27.0/a"..., "/opt/hostedtoolcache/go/1.27.0/a"...], 0x3283656fe488 /* 140 vars */ <unfinished ...>
9115  tgkill(9114, 9119, SIGURG)        = 0
9119  <... clone resumed>, parent_tid=[13]) = 9677
9119  --- SIGURG {si_signo=SIGURG, si_code=SI_TKILL, si_pid=9114, si_uid=1001} ---
9677  <... execve resumed>)             = 0
9119  waitid(P_PIDFD, 13,  <unfinished ...>
9657  tgkill(9654, 9664, SIGURG)        = 0
9664  --- SIGURG {si_signo=SIGURG, si_code=SI_TKILL, si_pid=9654, si_uid=1001} ---
9658  tgkill(9655, 9663, SIGURG)        = 0
9663  --- SIGURG {si_signo=SIGURG, si_code=SI_TKILL, si_pid=9655, si_uid=1001} ---
9677  clone(child_stack=0xf8336b6a000, flags=CLONE_VM|CLONE_FS|CLONE_FILES|CLONE_SIGHAND|CLONE_THREAD|CLONE_SYSVSEM) = 9678
9678  tgkill(9677, 9677, SIGURG)        = 0
9677  clone(child_stack=0xf8336ba2000, flags=CLONE_VM|CLONE_FS|CLONE_FILES|CLONE_SIGHAND|CLONE_THREAD|CLONE_SYSVSEM) = 9679
9677  --- SIGURG {si_signo=SIGURG, si_code=SI_TKILL, si_pid=9677, si_uid=1001} ---
9678  tgkill(9677, 9677, SIGURG <unfinished ...>
9677  clone(child_stack=0xf8336b9e000, flags=CLONE_VM|CLONE_FS|CLONE_FILES|CLONE_SIGHAND|CLONE_THREAD|CLONE_SYSVSEM <unfinished ...>
9678  <... tgkill resumed>)             = 0
9677  <... clone resumed>)              = 9680
9677  --- SIGURG {si_signo=SIGURG, si_code=SI_TKILL, si_pid=9677, si_uid=1001} ---
9679  clone(child_stack=0xf8336c18000, flags=CLONE_VM|CLONE_FS|CLONE_FILES|CLONE_SIGHAND|CLONE_THREAD|CLONE_SYSVSEM) = 9681
9678  clone(child_stack=0xf8336bbc000, flags=CLONE_VM|CLONE_FS|CLONE_FILES|CLONE_SIGHAND|CLONE_THREAD|CLONE_SYSVSEM) = 9682
9657  tgkill(9654, 9660, SIGURG <unfinished ...>
9660  --- SIGURG {si_signo=SIGURG, si_code=SI_TKILL, si_pid=9654, si_uid=1001} ---
9657  <... tgkill resumed>)             = 0
9657  tgkill(9654, 9662, SIGURG)        = 0
9662  --- SIGURG {si_signo=SIGURG, si_code=SI_TKILL, si_pid=9654, si_uid=1001} ---
9657  tgkill(9654, 9664, SIGURG <unfinished ...>
9678  clone(child_stack=0xf8336bb8000, flags=CLONE_VM|CLONE_FS|CLONE_FILES|CLONE_SIGHAND|CLONE_THREAD|CLONE_SYSVSEM <unfinished ...>
9657  <... tgkill resumed>)             = 0
9664  --- SIGURG {si_signo=SIGURG, si_code=SI_TKILL, si_pid=9654, si_uid=1001} ---
9678  <... clone resumed>)              = 9683
9657  tgkill(9654, 9654, SIGURG)        = 0
9678  clone(child_stack=0xf8337042000, flags=CLONE_VM|CLONE_FS|CLONE_FILES|CLONE_SIGHAND|CLONE_THREAD|CLONE_SYSVSEM) = 9684
9658  tgkill(9655, 9659, SIGURG <unfinished ...>
9659  --- SIGURG {si_signo=SIGURG, si_code=SI_TKILL, si_pid=9655, si_uid=1001} ---
9658  <... tgkill resumed>)             = 0
9654  --- SIGURG {si_signo=SIGURG, si_code=SI_TKILL, si_pid=9654, si_uid=1001} ---
9678  tgkill(9677, 9683, SIGURG)        = 0
9683  --- SIGURG {si_signo=SIGURG, si_code=SI_TKILL, si_pid=9677, si_uid=1001} ---
9658  tgkill(9655, 9659, SIGURG <unfinished ...>
9659  --- SIGURG {si_signo=SIGURG, si_code=SI_TKILL, si_pid=9655, si_uid=1001} ---
9658  <... tgkill resumed>)             = 0
9678  tgkill(9677, 9683, SIGURG <unfinished ...>
9683  --- SIGURG {si_signo=SIGURG, si_code=SI_TKILL, si_pid=9677, si_uid=1001} ---
9678  <... tgkill resumed>)             = 0
9657  tgkill(9654, 9660, SIGURG)        = 0
9660  --- SIGURG {si_signo=SIGURG, si_code=SI_TKILL, si_pid=9654, si_uid=1001} ---
9657  tgkill(9654, 9662, SIGURG)        = 0
9662  --- SIGURG {si_signo=SIGURG, si_code=SI_TKILL, si_pid=9654, si_uid=1001} ---
9657  tgkill(9654, 9664, SIGURG)        = 0
9664  --- SIGURG {si_signo=SIGURG, si_code=SI_TKILL, si_pid=9654, si_uid=1001} ---
9657  tgkill(9654, 9654, SIGURG)        = 0
9654  --- SIGURG {si_signo=SIGURG, si_code=SI_TKILL, si_pid=9654, si_uid=1001} ---
9658  tgkill(9655, 9663, SIGURG)        = 0
9663  --- SIGURG {si_signo=SIGURG, si_code=SI_TKILL, si_pid=9655, si_uid=1001} ---
9678  tgkill(9677, 9684, SIGURG)        = 0
9684  --- SIGURG {si_signo=SIGURG, si_code=SI_TKILL, si_pid=9677, si_uid=1001} ---
9657  tgkill(9654, 9660, SIGURG)        = 0
9660  --- SIGURG {si_signo=SIGURG, si_code=SI_TKILL, si_pid=9654, si_uid=1001} ---
9657  tgkill(9654, 9662, SIGURG)        = 0
9657  tgkill(9654, 9664, SIGURG)        = 0
9664  --- SIGURG {si_signo=SIGURG, si_code=SI_TKILL, si_pid=9654, si_uid=1001} ---
9657  tgkill(9654, 9654, SIGURG <unfinished ...>
9662  --- SIGURG {si_signo=SIGURG, si_code=SI_TKILL, si_pid=9654, si_uid=1001} ---
9657  <... tgkill resumed>)             = 0
9654  --- SIGURG {si_signo=SIGURG, si_code=SI_TKILL, si_pid=9654, si_uid=1001} ---
9658  tgkill(9655, 9663, SIGURG)        = 0
9663  --- SIGURG {si_signo=SIGURG, si_code=SI_TKILL, si_pid=9655, si_uid=1001} ---
9663  exit_group(0)                     = ?
9659  +++ exited with 0 +++
9661  +++ exited with 0 +++
9669  +++ exited with 0 +++
9663  +++ exited with 0 +++
9678  tgkill(9677, 9684, SIGURG <unfinished ...>
9684  --- SIGURG {si_signo=SIGURG, si_code=SI_TKILL, si_pid=9677, si_uid=1001} ---
9678  <... tgkill resumed>)             = 0
9658  +++ exited with 0 +++
9655  +++ exited with 0 +++
9118  --- SIGCHLD {si_signo=SIGCHLD, si_code=CLD_EXITED, si_pid=9655, si_uid=1001, si_status=0, si_utime=33 /* 0.33 s */, si_stime=4 /* 0.04 s */} ---
9165  <... waitid resumed>{si_signo=SIGCHLD, si_code=CLD_EXITED, si_pid=9655, si_uid=1001, si_status=0, si_utime=0, si_stime=0}, WEXITED, {ru_utime={tv_sec=0, tv_usec=331824}, ru_stime={tv_sec=0, tv_usec=47403}, ...}) = 0
9118  clone(child_stack=NULL, flags=CLONE_VM|CLONE_PIDFD|CLONE_VFORK|SIGCHLD <unfinished ...>
9657  tgkill(9654, 9662, SIGURG)        = 0
9662  --- SIGURG {si_signo=SIGURG, si_code=SI_TKILL, si_pid=9654, si_uid=1001} ---
9657  tgkill(9654, 9664, SIGURG)        = 0
9664  --- SIGURG {si_signo=SIGURG, si_code=SI_TKILL, si_pid=9654, si_uid=1001} ---
9657  tgkill(9654, 9654, SIGURG)        = 0
9654  --- SIGURG {si_signo=SIGURG, si_code=SI_TKILL, si_pid=9654, si_uid=1001} ---
9685  execve("/opt/hostedtoolcache/go/1.27.0/arm64/pkg/tool/linux_arm64/asm", ["/opt/hostedtoolcache/go/1.27.0/a"..., "-p", "syscall", "-trimpath", "/tmp/go-build4085347996/b056=>", "-I", "/tmp/go-build4085347996/b056/", "-I", "/opt/hostedtoolcache/go/1.27.0/a"..., "-D", "GOOS_linux", "-D", "GOARCH_arm64", "-std", "-o", "/tmp/go-build4085347996/b056/asm"..., "/opt/hostedtoolcache/go/1.27.0/a"...], 0x3283656fe908 /* 140 vars */ <unfinished ...>
9118  <... clone resumed>, parent_tid=[16]) = 9685
9685  <... execve resumed>)             = 0
9118  waitid(P_PIDFD, 16,  <unfinished ...>
9678  tgkill(9677, 9684, SIGURG)        = 0
9684  --- SIGURG {si_signo=SIGURG, si_code=SI_TKILL, si_pid=9677, si_uid=1001} ---
9657  tgkill(9654, 9660, SIGURG)        = 0
9660  --- SIGURG {si_signo=SIGURG, si_code=SI_TKILL, si_pid=9654, si_uid=1001} ---
9657  tgkill(9654, 9662, SIGURG)        = 0
9662  --- SIGURG {si_signo=SIGURG, si_code=SI_TKILL, si_pid=9654, si_uid=1001} ---
9654  tgkill(9654, 9660, SIGURG <unfinished ...>
9660  --- SIGURG {si_signo=SIGURG, si_code=SI_TKILL, si_pid=9654, si_uid=1001} ---
9654  <... tgkill resumed>)             = 0
9685  clone(child_stack=0x430bf1a1a000, flags=CLONE_VM|CLONE_FS|CLONE_FILES|CLONE_SIGHAND|CLONE_THREAD|CLONE_SYSVSEM) = 9686
9685  clone(child_stack=0x430bf1a52000, flags=CLONE_VM|CLONE_FS|CLONE_FILES|CLONE_SIGHAND|CLONE_THREAD|CLONE_SYSVSEM) = 9687
9685  clone(child_stack=0x430bf1a4e000, flags=CLONE_VM|CLONE_FS|CLONE_FILES|CLONE_SIGHAND|CLONE_THREAD|CLONE_SYSVSEM) = 9688
9687  clone(child_stack=0x430bf1a98000, flags=CLONE_VM|CLONE_FS|CLONE_FILES|CLONE_SIGHAND|CLONE_THREAD|CLONE_SYSVSEM <unfinished ...>
9664  tgkill(9654, 9654, SIGURG <unfinished ...>
9687  <... clone resumed>)              = 9689
9664  <... tgkill resumed>)             = 0
9654  --- SIGURG {si_signo=SIGURG, si_code=SI_TKILL, si_pid=9654, si_uid=1001} ---
9662  tgkill(9654, 9660, SIGURG)        = 0
9660  --- SIGURG {si_signo=SIGURG, si_code=SI_TKILL, si_pid=9654, si_uid=1001} ---
9664  tgkill(9654, 9654, SIGURG)        = 0
9654  --- SIGURG {si_signo=SIGURG, si_code=SI_TKILL, si_pid=9654, si_uid=1001} ---
9678  tgkill(9677, 9681, SIGURG <unfinished ...>
9681  --- SIGURG {si_signo=SIGURG, si_code=SI_TKILL, si_pid=9677, si_uid=1001} ---
9678  <... tgkill resumed>)             = 0
9657  tgkill(9654, 9660, SIGURG)        = 0
9664  tgkill(9654, 9662, SIGURG)        = 0
9662  --- SIGURG {si_signo=SIGURG, si_code=SI_TKILL, si_pid=9654, si_uid=1001} ---
9657  tgkill(9654, 9664, SIGURG <unfinished ...>
9660  --- SIGURG {si_signo=SIGURG, si_code=SI_TKILL, si_pid=9654, si_uid=1001} ---
9678  tgkill(9677, 9681, SIGURG)        = 0
9681  --- SIGURG {si_signo=SIGURG, si_code=SI_TKILL, si_pid=9677, si_uid=1001} ---
9678  tgkill(9677, 9679, SIGURG <unfinished ...>
9679  --- SIGURG {si_signo=SIGURG, si_code=SI_TKILL, si_pid=9677, si_uid=1001} ---
9678  <... tgkill resumed>)             = 0
9678  tgkill(9677, 9683, SIGURG)        = 0
9678  tgkill(9677, 9684, SIGURG)        = 0
9684  --- SIGURG {si_signo=SIGURG, si_code=SI_TKILL, si_pid=9677, si_uid=1001} ---
9683  --- SIGURG {si_signo=SIGURG, si_code=SI_TKILL, si_pid=9677, si_uid=1001} ---
9657  <... tgkill resumed>)             = 0
9664  --- SIGURG {si_signo=SIGURG, si_code=SI_TKILL, si_pid=9654, si_uid=1001} ---
9664  tgkill(9654, 9660, SIGURG)        = 0
9664  tgkill(9654, 9662, SIGURG)        = 0
9662  --- SIGURG {si_signo=SIGURG, si_code=SI_TKILL, si_pid=9654, si_uid=1001} ---
9664  tgkill(9654, 9654, SIGURG)        = 0
9654  --- SIGURG {si_signo=SIGURG, si_code=SI_TKILL, si_pid=9654, si_uid=1001} ---
9660  --- SIGURG {si_signo=SIGURG, si_code=SI_TKILL, si_pid=9654, si_uid=1001} ---
9660  tgkill(9654, 9662, SIGURG)        = 0
9662  --- SIGURG {si_signo=SIGURG, si_code=SI_TKILL, si_pid=9654, si_uid=1001} ---
9660  tgkill(9654, 9664, SIGURG)        = 0
9664  --- SIGURG {si_signo=SIGURG, si_code=SI_TKILL, si_pid=9654, si_uid=1001} ---
9660  tgkill(9654, 9654, SIGURG)        = 0
9654  --- SIGURG {si_signo=SIGURG, si_code=SI_TKILL, si_pid=9654, si_uid=1001} ---
9660  tgkill(9654, 9664, SIGURG <unfinished ...>
9664  --- SIGURG {si_signo=SIGURG, si_code=SI_TKILL, si_pid=9654, si_uid=1001} ---
9660  <... tgkill resumed>)             = 0
9660  tgkill(9654, 9654, SIGURG)        = 0
9654  --- SIGURG {si_signo=SIGURG, si_code=SI_TKILL, si_pid=9654, si_uid=1001} ---
9660  tgkill(9654, 9662, SIGURG)        = 0
9660  tgkill(9654, 9664, SIGURG <unfinished ...>
9662  --- SIGURG {si_signo=SIGURG, si_code=SI_TKILL, si_pid=9654, si_uid=1001} ---
9660  <... tgkill resumed>)             = 0
9664  --- SIGURG {si_signo=SIGURG, si_code=SI_TKILL, si_pid=9654, si_uid=1001} ---
9660  tgkill(9654, 9662, SIGURG <unfinished ...>
9662  --- SIGURG {si_signo=SIGURG, si_code=SI_TKILL, si_pid=9654, si_uid=1001} ---
9660  <... tgkill resumed>)             = 0
9660  tgkill(9654, 9664, SIGURG <unfinished ...>
9664  --- SIGURG {si_signo=SIGURG, si_code=SI_TKILL, si_pid=9654, si_uid=1001} ---
9660  <... tgkill resumed>)             = 0
9660  tgkill(9654, 9664, SIGURG <unfinished ...>
9664  --- SIGURG {si_signo=SIGURG, si_code=SI_TKILL, si_pid=9654, si_uid=1001} ---
9660  <... tgkill resumed>)             = 0
9678  tgkill(9677, 9681, SIGURG)        = 0
9678  tgkill(9677, 9679, SIGURG)        = 0
9679  --- SIGURG {si_signo=SIGURG, si_code=SI_TKILL, si_pid=9677, si_uid=1001} ---
9678  tgkill(9677, 9683, SIGURG <unfinished ...>
9681  --- SIGURG {si_signo=SIGURG, si_code=SI_TKILL, si_pid=9677, si_uid=1001} ---
9678  <... tgkill resumed>)             = 0
9683  --- SIGURG {si_signo=SIGURG, si_code=SI_TKILL, si_pid=9677, si_uid=1001} ---
9678  tgkill(9677, 9684, SIGURG)        = 0
9684  --- SIGURG {si_signo=SIGURG, si_code=SI_TKILL, si_pid=9677, si_uid=1001} ---
9660  tgkill(9654, 9664, SIGURG)        = 0
9664  --- SIGURG {si_signo=SIGURG, si_code=SI_TKILL, si_pid=9654, si_uid=1001} ---
9660  tgkill(9654, 9654, SIGURG)        = 0
9654  --- SIGURG {si_signo=SIGURG, si_code=SI_TKILL, si_pid=9654, si_uid=1001} ---
9660  tgkill(9654, 9664, SIGURG)        = 0
9664  --- SIGURG {si_signo=SIGURG, si_code=SI_TKILL, si_pid=9654, si_uid=1001} ---
9685  exit_group(0 <unfinished ...>
9686  tgkill(9685, 9685, SIGURG)        = 0
9657  tgkill(9654, 9660, SIGURG)        = 0
9685  <... exit_group resumed>)         = ?
9689  +++ exited with 0 +++
9687  +++ exited with 0 +++
9686  +++ exited with 0 +++
9660  --- SIGURG {si_signo=SIGURG, si_code=SI_TKILL, si_pid=9654, si_uid=1001} ---
9688  +++ exited with 0 +++
9685  +++ exited with 0 +++
9120  --- SIGCHLD {si_signo=SIGCHLD, si_code=CLD_EXITED, si_pid=9685, si_uid=1001, si_status=0, si_utime=0, si_stime=0} ---
9118  <... waitid resumed>{si_signo=SIGCHLD, si_code=CLD_EXITED, si_pid=9685, si_uid=1001, si_status=0, si_utime=0, si_stime=0}, WEXITED, {ru_utime={tv_sec=0, tv_usec=4369}, ru_stime={tv_sec=0, tv_usec=8738}, ...}) = 0
9657  tgkill(9654, 9662, SIGURG <unfinished ...>
9662  --- SIGURG {si_signo=SIGURG, si_code=SI_TKILL, si_pid=9654, si_uid=1001} ---
9657  <... tgkill resumed>)             = 0
9657  tgkill(9654, 9664, SIGURG)        = 0
9664  --- SIGURG {si_signo=SIGURG, si_code=SI_TKILL, si_pid=9654, si_uid=1001} ---
9657  tgkill(9654, 9654, SIGURG <unfinished ...>
9678  tgkill(9677, 9681, SIGURG <unfinished ...>
9657  <... tgkill resumed>)             = 0
9678  <... tgkill resumed>)             = 0
9678  tgkill(9677, 9679, SIGURG)        = 0
9679  --- SIGURG {si_signo=SIGURG, si_code=SI_TKILL, si_pid=9677, si_uid=1001} ---
9681  --- SIGURG {si_signo=SIGURG, si_code=SI_TKILL, si_pid=9677, si_uid=1001} ---
9678  tgkill(9677, 9683, SIGURG)        = 0
9678  tgkill(9677, 9684, SIGURG)        = 0
9683  --- SIGURG {si_signo=SIGURG, si_code=SI_TKILL, si_pid=9677, si_uid=1001} ---
9654  --- SIGURG {si_signo=SIGURG, si_code=SI_TKILL, si_pid=9654, si_uid=1001} ---
9115  tgkill(9114, 9118, SIGURG)        = 0
9684  --- SIGURG {si_signo=SIGURG, si_code=SI_TKILL, si_pid=9677, si_uid=1001} ---
9118  --- SIGURG {si_signo=SIGURG, si_code=SI_TKILL, si_pid=9114, si_uid=1001} ---
9657  tgkill(9654, 9660, SIGURG <unfinished ...>
9660  --- SIGURG {si_signo=SIGURG, si_code=SI_TKILL, si_pid=9654, si_uid=1001} ---
9657  <... tgkill resumed>)             = 0
9678  tgkill(9677, 9679, SIGURG)        = 0
9679  --- SIGURG {si_signo=SIGURG, si_code=SI_TKILL, si_pid=9677, si_uid=1001} ---
9678  tgkill(9677, 9684, SIGURG)        = 0
9684  --- SIGURG {si_signo=SIGURG, si_code=SI_TKILL, si_pid=9677, si_uid=1001} ---
9657  tgkill(9654, 9662, SIGURG)        = 0
9662  --- SIGURG {si_signo=SIGURG, si_code=SI_TKILL, si_pid=9654, si_uid=1001} ---
9657  tgkill(9654, 9664, SIGURG <unfinished ...>
9664  --- SIGURG {si_signo=SIGURG, si_code=SI_TKILL, si_pid=9654, si_uid=1001} ---
9657  <... tgkill resumed>)             = 0
9657  tgkill(9654, 9654, SIGURG)        = 0
9654  --- SIGURG {si_signo=SIGURG, si_code=SI_TKILL, si_pid=9654, si_uid=1001} ---
9657  tgkill(9654, 9660, SIGURG)        = 0
9660  --- SIGURG {si_signo=SIGURG, si_code=SI_TKILL, si_pid=9654, si_uid=1001} ---
9115  tgkill(9114, 9114, SIGURG)        = 0
9114  --- SIGURG {si_signo=SIGURG, si_code=SI_TKILL, si_pid=9114, si_uid=1001} ---
9657  tgkill(9654, 9660, SIGURG)        = 0
9660  --- SIGURG {si_signo=SIGURG, si_code=SI_TKILL, si_pid=9654, si_uid=1001} ---
9657  tgkill(9654, 9662, SIGURG)        = 0
9657  tgkill(9654, 9664, SIGURG)        = 0
9664  --- SIGURG {si_signo=SIGURG, si_code=SI_TKILL, si_pid=9654, si_uid=1001} ---
9657  tgkill(9654, 9654, SIGURG)        = 0
9654  --- SIGURG {si_signo=SIGURG, si_code=SI_TKILL, si_pid=9654, si_uid=1001} ---
9662  --- SIGURG {si_signo=SIGURG, si_code=SI_TKILL, si_pid=9654, si_uid=1001} ---
9118  tgkill(9114, 9121, SIGURG <unfinished ...>
9121  --- SIGURG {si_signo=SIGURG, si_code=SI_TKILL, si_pid=9114, si_uid=1001} ---
9118  <... tgkill resumed>)             = 0
9118  tgkill(9114, 9114, SIGURG)        = 0
9114  --- SIGURG {si_signo=SIGURG, si_code=SI_TKILL, si_pid=9114, si_uid=1001} ---
9118  tgkill(9114, 9114, SIGURG)        = 0
9114  --- SIGURG {si_signo=SIGURG, si_code=SI_TKILL, si_pid=9114, si_uid=1001} ---
9678  tgkill(9677, 9679, SIGURG)        = 0
9679  --- SIGURG {si_signo=SIGURG, si_code=SI_TKILL, si_pid=9677, si_uid=1001} ---
9115  tgkill(9114, 9118, SIGURG <unfinished ...>
9118  tgkill(9114, 9114, SIGURG <unfinished ...>
9115  <... tgkill resumed>)             = 0
9118  <... tgkill resumed>)             = 0
9118  --- SIGURG {si_signo=SIGURG, si_code=SI_TKILL, si_pid=9114, si_uid=1001} ---
9114  --- SIGURG {si_signo=SIGURG, si_code=SI_TKILL, si_pid=9114, si_uid=1001} ---
9679  exit_group(0)                     = ?
9684  +++ exited with 0 +++
9683  +++ exited with 0 +++
9681  +++ exited with 0 +++
9680  +++ exited with 0 +++
9679  +++ exited with 0 +++
9678  +++ exited with 0 +++
9115  tgkill(9114, 9165, SIGURG)        = 0
9165  --- SIGURG {si_signo=SIGURG, si_code=SI_TKILL, si_pid=9114, si_uid=1001} ---
9121  clone(child_stack=NULL, flags=CLONE_VM|CLONE_PIDFD|CLONE_VFORK|SIGCHLD <unfinished ...>
9682  +++ exited with 0 +++
9677  +++ exited with 0 +++
9118  --- SIGCHLD {si_signo=SIGCHLD, si_code=CLD_EXITED, si_pid=9677, si_uid=1001, si_status=0, si_utime=20 /* 0.20 s */, si_stime=3 /* 0.03 s */} ---
9119  <... waitid resumed>{si_signo=SIGCHLD, si_code=CLD_EXITED, si_pid=9677, si_uid=1001, si_status=0, si_utime=0, si_stime=0}, WEXITED, {ru_utime={tv_sec=0, tv_usec=208620}, ru_stime={tv_sec=0, tv_usec=30529}, ...}) = 0
9115  tgkill(9114, 9118, SIGURG)        = 0
9118  --- SIGURG {si_signo=SIGURG, si_code=SI_TKILL, si_pid=9114, si_uid=1001} ---
9690  execve("/opt/hostedtoolcache/go/1.27.0/arm64/pkg/tool/linux_arm64/compile", ["/opt/hostedtoolcache/go/1.27.0/a"..., "-o", "/tmp/go-build4085347996/b055/_pk"..., "-trimpath", "/tmp/go-build4085347996/b055=>", "-p", "time", "-lang=go1.27", "-std", "-buildid", "0lrGNlG6S03YuyuCzuGd/0lrGNlG6S03"..., "-goversion", "go1.27.0", "-c=4", "-nolocalimports", "-importcfg", "/tmp/go-build4085347996/b055/imp"..., "-pack", "/opt/hostedtoolcache/go/1.27.0/a"..., "/opt/hostedtoolcache/go/1.27.0/a"..., "/opt/hostedtoolcache/go/1.27.0/a"..., "/opt/hostedtoolcache/go/1.27.0/a"..., "/opt/hostedtoolcache/go/1.27.0/a"..., "/opt/hostedtoolcache/go/1.27.0/a"..., "/opt/hostedtoolcache/go/1.27.0/a"..., "/opt/hostedtoolcache/go/1.27.0/a"..., "/opt/hostedtoolcache/go/1.27.0/a"..., "/opt/hostedtoolcache/go/1.27.0/a"...], 0x3283656fe008 /* 140 vars */ <unfinished ...>
9121  <... clone resumed>, parent_tid=[9]) = 9690
9690  <... execve resumed>)             = 0
9121  waitid(P_PIDFD, 9,  <unfinished ...>
9118  clone(child_stack=NULL, flags=CLONE_VM|CLONE_PIDFD|CLONE_VFORK|SIGCHLD <unfinished ...>
9690  clone(child_stack=0x2e53518fe000, flags=CLONE_VM|CLONE_FS|CLONE_FILES|CLONE_SIGHAND|CLONE_THREAD|CLONE_SYSVSEM) = 9692
9690  clone(child_stack=0x2e5351936000, flags=CLONE_VM|CLONE_FS|CLONE_FILES|CLONE_SIGHAND|CLONE_THREAD|CLONE_SYSVSEM) = 9693
9690  clone(child_stack=0x2e5351932000, flags=CLONE_VM|CLONE_FS|CLONE_FILES|CLONE_SIGHAND|CLONE_THREAD|CLONE_SYSVSEM) = 9694
9693  clone(child_stack=0x2e5351998000, flags=CLONE_VM|CLONE_FS|CLONE_FILES|CLONE_SIGHAND|CLONE_THREAD|CLONE_SYSVSEM) = 9695
9691  execve("/opt/hostedtoolcache/go/1.27.0/arm64/pkg/tool/linux_arm64/compile", ["/opt/hostedtoolcache/go/1.27.0/a"..., "-o", "/tmp/go-build4085347996/b058/_pk"..., "-trimpath", "/tmp/go-build4085347996/b058=>", "-p", "internal/syscall/unix", "-lang=go1.27", "-std", "-complete", "-buildid", "S_UaMNGdYw1UseI9ihq9/S_UaMNGdYw1"..., "-goversion", "go1.27.0", "-c=4", "-nolocalimports", "-importcfg", "/tmp/go-build4085347996/b058/imp"..., "-pack", "/opt/hostedtoolcache/go/1.27.0/a"..., "/opt/hostedtoolcache/go/1.27.0/a"..., "/opt/hostedtoolcache/go/1.27.0/a"..., "/opt/hostedtoolcache/go/1.27.0/a"..., "/opt/hostedtoolcache/go/1.27.0/a"..., "/opt/hostedtoolcache/go/1.27.0/a"..., "/opt/hostedtoolcache/go/1.27.0/a"..., "/opt/hostedtoolcache/go/1.27.0/a"..., "/opt/hostedtoolcache/go/1.27.0/a"..., "/opt/hostedtoolcache/go/1.27.0/a"..., "/opt/hostedtoolcache/go/1.27.0/a"..., "/opt/hostedtoolcache/go/1.27.0/a"..., "/opt/hostedtoolcache/go/1.27.0/a"..., ...], 0x328365a0ad88 /* 140 vars */ <unfinished ...>
9118  <... clone resumed>, parent_tid=[17]) = 9691
9691  <... execve resumed>)             = 0
9118  waitid(P_PIDFD, 17,  <unfinished ...>
9691  clone(child_stack=0x69d319804000, flags=CLONE_VM|CLONE_FS|CLONE_FILES|CLONE_SIGHAND|CLONE_THREAD|CLONE_SYSVSEM) = 9696
9691  clone(child_stack=0x69d31983c000, flags=CLONE_VM|CLONE_FS|CLONE_FILES|CLONE_SIGHAND|CLONE_THREAD|CLONE_SYSVSEM <unfinished ...>
9692  clone(child_stack=0x2e5351d24000, flags=CLONE_VM|CLONE_FS|CLONE_FILES|CLONE_SIGHAND|CLONE_THREAD|CLONE_SYSVSEM <unfinished ...>
9691  <... clone resumed>)              = 9697
9692  <... clone resumed>)              = 9698
9691  clone(child_stack=0x69d319838000, flags=CLONE_VM|CLONE_FS|CLONE_FILES|CLONE_SIGHAND|CLONE_THREAD|CLONE_SYSVSEM) = 9699
9691  clone(child_stack=0x69d319860000, flags=CLONE_VM|CLONE_FS|CLONE_FILES|CLONE_SIGHAND|CLONE_THREAD|CLONE_SYSVSEM <unfinished ...>
9697  clone(child_stack=0x69d31985c000, flags=CLONE_VM|CLONE_FS|CLONE_FILES|CLONE_SIGHAND|CLONE_THREAD|CLONE_SYSVSEM <unfinished ...>
9691  <... clone resumed>)              = 9700
9697  <... clone resumed>)              = 9701
9692  clone(child_stack=0x2e5351d20000, flags=CLONE_VM|CLONE_FS|CLONE_FILES|CLONE_SIGHAND|CLONE_THREAD|CLONE_SYSVSEM) = 9702
9115  tgkill(9114, 9120, SIGURG)        = 0
9120  --- SIGURG {si_signo=SIGURG, si_code=SI_TKILL, si_pid=9114, si_uid=1001} ---
9114  clone(child_stack=NULL, flags=CLONE_VM|CLONE_PIDFD|CLONE_VFORK|SIGCHLD <unfinished ...>
9657  tgkill(9654, 9662, SIGURG)        = 0
9662  --- SIGURG {si_signo=SIGURG, si_code=SI_TKILL, si_pid=9654, si_uid=1001} ---
9692  tgkill(9690, 9702, SIGURG)        = 0
9702  --- SIGURG {si_signo=SIGURG, si_code=SI_TKILL, si_pid=9690, si_uid=1001} ---
9703  execve("/opt/hostedtoolcache/go/1.27.0/arm64/pkg/tool/linux_arm64/compile", ["/opt/hostedtoolcache/go/1.27.0/a"..., "-o", "/tmp/go-build4085347996/b059/_pk"..., "-trimpath", "/tmp/go-build4085347996/b059=>", "-p", "internal/syscall/execenv", "-lang=go1.27", "-std", "-complete", "-buildid", "9L5tH2ougp61lvbBtl0x/9L5tH2ougp6"..., "-goversion", "go1.27.0", "-c=4", "-nolocalimports", "-importcfg", "/tmp/go-build4085347996/b059/imp"..., "-pack", "/opt/hostedtoolcache/go/1.27.0/a"...], 0x3283654cb208 /* 140 vars */ <unfinished ...>
9114  <... clone resumed>, parent_tid=[18]) = 9703
9703  <... execve resumed>)             = 0
9114  waitid(P_PIDFD, 18,  <unfinished ...>
9657  tgkill(9654, 9654, SIGURG)        = 0
9654  --- SIGURG {si_signo=SIGURG, si_code=SI_TKILL, si_pid=9654, si_uid=1001} ---
9696  tgkill(9691, 9700, SIGURG)        = 0
9700  --- SIGURG {si_signo=SIGURG, si_code=SI_TKILL, si_pid=9691, si_uid=1001} ---
9703  clone(child_stack=0x230d0ac88000, flags=CLONE_VM|CLONE_FS|CLONE_FILES|CLONE_SIGHAND|CLONE_THREAD|CLONE_SYSVSEM) = 9704
9703  clone(child_stack=0x230d0acc0000, flags=CLONE_VM|CLONE_FS|CLONE_FILES|CLONE_SIGHAND|CLONE_THREAD|CLONE_SYSVSEM) = 9705
9703  clone(child_stack=0x230d0acbc000, flags=CLONE_VM|CLONE_FS|CLONE_FILES|CLONE_SIGHAND|CLONE_THREAD|CLONE_SYSVSEM) = 9706
9692  tgkill(9690, 9702, SIGURG <unfinished ...>
9702  --- SIGURG {si_signo=SIGURG, si_code=SI_TKILL, si_pid=9690, si_uid=1001} ---
9692  <... tgkill resumed>)             = 0
9691  exit_group(0)                     = ?
9701  +++ exited with 0 +++
9700  +++ exited with 0 +++
9699  +++ exited with 0 +++
9697  +++ exited with 0 +++
9657  tgkill(9654, 9662, SIGURG)        = 0
9662  --- SIGURG {si_signo=SIGURG, si_code=SI_TKILL, si_pid=9654, si_uid=1001} ---
9696  +++ exited with 0 +++
9691  +++ exited with 0 +++
9118  <... waitid resumed>{si_signo=SIGCHLD, si_code=CLD_EXITED, si_pid=9691, si_uid=1001, si_status=0, si_utime=0, si_stime=0}, WEXITED, {ru_utime={tv_sec=0, tv_usec=28588}, ru_stime={tv_sec=0, tv_usec=9895}, ...}) = 0
9119  --- SIGCHLD {si_signo=SIGCHLD, si_code=CLD_EXITED, si_pid=9691, si_uid=1001, si_status=0, si_utime=2 /* 0.02 s */, si_stime=0} ---
9662  exit_group(0)                     = ?
9662  +++ exited with 0 +++
9660  +++ exited with 0 +++
9664  +++ exited with 0 +++
9704  tgkill(9703, 9703, SIGURG)        = 0
9703  --- SIGURG {si_signo=SIGURG, si_code=SI_TKILL, si_pid=9703, si_uid=1001} ---
9705  clone(child_stack=0x230d0ad0e000, flags=CLONE_VM|CLONE_FS|CLONE_FILES|CLONE_SIGHAND|CLONE_THREAD|CLONE_SYSVSEM) = 9707
9706  exit_group(0)                     = ?
9706  +++ exited with 0 +++
9704  +++ exited with 0 +++
9705  +++ exited with 0 +++
9707  +++ exited with 0 +++
9703  +++ exited with 0 +++
9119  --- SIGCHLD {si_signo=SIGCHLD, si_code=CLD_EXITED, si_pid=9703, si_uid=1001, si_status=0, si_utime=0, si_stime=0} ---
9114  <... waitid resumed>{si_signo=SIGCHLD, si_code=CLD_EXITED, si_pid=9703, si_uid=1001, si_status=0, si_utime=0, si_stime=0}, WEXITED, {ru_utime={tv_sec=0, tv_usec=7641}, ru_stime={tv_sec=0, tv_usec=8915}, ...}) = 0
9118  tgkill(9114, 9119, SIGURG <unfinished ...>
9657  +++ exited with 0 +++
9654  +++ exited with 0 +++
9117  <... waitid resumed>{si_signo=SIGCHLD, si_code=CLD_EXITED, si_pid=9654, si_uid=1001, si_status=0, si_utime=0, si_stime=0}, WEXITED, {ru_utime={tv_sec=0, tv_usec=772098}, ru_stime={tv_sec=0, tv_usec=70190}, ...}) = 0
9117  --- SIGCHLD {si_signo=SIGCHLD, si_code=CLD_EXITED, si_pid=9654, si_uid=1001, si_status=0, si_utime=81 /* 0.81 s */, si_stime=7 /* 0.07 s */} ---
9119  --- SIGURG {si_signo=SIGURG, si_code=SI_TKILL, si_pid=9114, si_uid=1001} ---
9118  <... tgkill resumed>)             = 0
9692  tgkill(9690, 9702, SIGURG)        = 0
9702  --- SIGURG {si_signo=SIGURG, si_code=SI_TKILL, si_pid=9690, si_uid=1001} ---
9119  tgkill(9114, 9117, SIGURG)        = 0
9117  --- SIGURG {si_signo=SIGURG, si_code=SI_TKILL, si_pid=9114, si_uid=1001} ---
9119  tgkill(9114, 9114, SIGURG)        = 0
9114  --- SIGURG {si_signo=SIGURG, si_code=SI_TKILL, si_pid=9114, si_uid=1001} ---
9119  tgkill(9114, 9165, SIGURG)        = 0
9165  --- SIGURG {si_signo=SIGURG, si_code=SI_TKILL, si_pid=9114, si_uid=1001} ---
9119  tgkill(9114, 9114, SIGURG)        = 0
9114  --- SIGURG {si_signo=SIGURG, si_code=SI_TKILL, si_pid=9114, si_uid=1001} ---
9119  tgkill(9114, 9114, SIGURG)        = 0
9114  --- SIGURG {si_signo=SIGURG, si_code=SI_TKILL, si_pid=9114, si_uid=1001} ---
9119  tgkill(9114, 9117, SIGURG)        = 0
9117  --- SIGURG {si_signo=SIGURG, si_code=SI_TKILL, si_pid=9114, si_uid=1001} ---
9120  clone(child_stack=NULL, flags=CLONE_VM|CLONE_PIDFD|CLONE_VFORK|SIGCHLD <unfinished ...>
9708  execve("/opt/hostedtoolcache/go/1.27.0/arm64/pkg/tool/linux_arm64/asm", ["/opt/hostedtoolcache/go/1.27.0/a"..., "-p", "reflect", "-trimpath", "/tmp/go-build4085347996/b038=>", "-I", "/tmp/go-build4085347996/b038/", "-I", "/opt/hostedtoolcache/go/1.27.0/a"..., "-D", "GOOS_linux", "-D", "GOARCH_arm64", "-std", "-o", "/tmp/go-build4085347996/b038/asm"..., "/opt/hostedtoolcache/go/1.27.0/a"...], 0x328365a0a488 /* 140 vars */ <unfinished ...>
9117  clone(child_stack=NULL, flags=CLONE_VM|CLONE_PIDFD|CLONE_VFORK|SIGCHLD <unfinished ...>
9120  <... clone resumed>, parent_tid=[11]) = 9708
9708  <... execve resumed>)             = 0
9709  execve("/opt/hostedtoolcache/go/1.27.0/arm64/pkg/tool/linux_arm64/compile", ["/opt/hostedtoolcache/go/1.27.0/a"..., "-o", "/tmp/go-build4085347996/b070/_pk"..., "-trimpath", "/tmp/go-build4085347996/b070=>", "-p", "regexp", "-lang=go1.27", "-std", "-complete", "-buildid", "PTcwWwY92WVMCunsAgMC/PTcwWwY92WV"..., "-goversion", "go1.27.0", "-c=4", "-nolocalimports", "-importcfg", "/tmp/go-build4085347996/b070/imp"..., "-pack", "/opt/hostedtoolcache/go/1.27.0/a"..., "/opt/hostedtoolcache/go/1.27.0/a"..., "/opt/hostedtoolcache/go/1.27.0/a"..., "/opt/hostedtoolcache/go/1.27.0/a"...], 0x3283656fe008 /* 140 vars */ <unfinished ...>
9117  <... clone resumed>, parent_tid=[20]) = 9709
9709  <... execve resumed>)             = 0
9117  waitid(P_PIDFD, 20,  <unfinished ...>
9120  waitid(P_PIDFD, 11,  <unfinished ...>
9708  clone(child_stack=0x4be6d8490000, flags=CLONE_VM|CLONE_FS|CLONE_FILES|CLONE_SIGHAND|CLONE_THREAD|CLONE_SYSVSEM) = 9710
9708  clone(child_stack=0x4be6d84c8000, flags=CLONE_VM|CLONE_FS|CLONE_FILES|CLONE_SIGHAND|CLONE_THREAD|CLONE_SYSVSEM) = 9711
9708  clone(child_stack=0x4be6d84c4000, flags=CLONE_VM|CLONE_FS|CLONE_FILES|CLONE_SIGHAND|CLONE_THREAD|CLONE_SYSVSEM) = 9712
9711  clone(child_stack=0x4be6d8518000, flags=CLONE_VM|CLONE_FS|CLONE_FILES|CLONE_SIGHAND|CLONE_THREAD|CLONE_SYSVSEM) = 9713
9709  clone(child_stack=0x39750ff58000, flags=CLONE_VM|CLONE_FS|CLONE_FILES|CLONE_SIGHAND|CLONE_THREAD|CLONE_SYSVSEM) = 9714
9709  clone(child_stack=0x39750ff90000, flags=CLONE_VM|CLONE_FS|CLONE_FILES|CLONE_SIGHAND|CLONE_THREAD|CLONE_SYSVSEM) = 9715
9709  clone(child_stack=0x39750ff8c000, flags=CLONE_VM|CLONE_FS|CLONE_FILES|CLONE_SIGHAND|CLONE_THREAD|CLONE_SYSVSEM) = 9716
9715  clone(child_stack=0x397510018000, flags=CLONE_VM|CLONE_FS|CLONE_FILES|CLONE_SIGHAND|CLONE_THREAD|CLONE_SYSVSEM) = 9717
9714  clone(child_stack=0x3975103a4000, flags=CLONE_VM|CLONE_FS|CLONE_FILES|CLONE_SIGHAND|CLONE_THREAD|CLONE_SYSVSEM) = 9718
9708  exit_group(0)                     = ?
9713  +++ exited with 0 +++
9712  +++ exited with 0 +++
9711  +++ exited with 0 +++
9710  +++ exited with 0 +++
9708  +++ exited with 0 +++
9120  <... waitid resumed>{si_signo=SIGCHLD, si_code=CLD_EXITED, si_pid=9708, si_uid=1001, si_status=0, si_utime=0, si_stime=0}, WEXITED, {ru_utime={tv_sec=0, tv_usec=1362}, ru_stime={tv_sec=0, tv_usec=5450}, ...}) = 0
9119  --- SIGCHLD {si_signo=SIGCHLD, si_code=CLD_EXITED, si_pid=9708, si_uid=1001, si_status=0, si_utime=0, si_stime=0} ---
9692  tgkill(9690, 9690, SIGURG)        = 0
9690  --- SIGURG {si_signo=SIGURG, si_code=SI_TKILL, si_pid=9690, si_uid=1001} ---
9714  tgkill(9709, 9709, SIGURG)        = 0
9709  --- SIGURG {si_signo=SIGURG, si_code=SI_TKILL, si_pid=9709, si_uid=1001} ---
9714  tgkill(9709, 9718, SIGURG)        = 0
9718  --- SIGURG {si_signo=SIGURG, si_code=SI_TKILL, si_pid=9709, si_uid=1001} ---
9692  tgkill(9690, 9702, SIGURG)        = 0
9692  tgkill(9690, 9694, SIGURG)        = 0
9702  --- SIGURG {si_signo=SIGURG, si_code=SI_TKILL, si_pid=9690, si_uid=1001} ---
9694  --- SIGURG {si_signo=SIGURG, si_code=SI_TKILL, si_pid=9690, si_uid=1001} ---
9692  tgkill(9690, 9693, SIGURG <unfinished ...>
9693  --- SIGURG {si_signo=SIGURG, si_code=SI_TKILL, si_pid=9690, si_uid=1001} ---
9692  <... tgkill resumed>)             = 0
9692  tgkill(9690, 9690, SIGURG)        = 0
9690  --- SIGURG {si_signo=SIGURG, si_code=SI_TKILL, si_pid=9690, si_uid=1001} ---
9119  clone(child_stack=NULL, flags=CLONE_VM|CLONE_PIDFD|CLONE_VFORK|SIGCHLD <unfinished ...>
9115  tgkill(9114, 9119, SIGURG)        = 0
9714  tgkill(9709, 9709, SIGURG)        = 0
9709  --- SIGURG {si_signo=SIGURG, si_code=SI_TKILL, si_pid=9709, si_uid=1001} ---
9719  execve("/opt/hostedtoolcache/go/1.27.0/arm64/pkg/tool/linux_arm64/compile", ["/opt/hostedtoolcache/go/1.27.0/a"..., "-o", "/tmp/go-build4085347996/b036/_pk"..., "-trimpath", "/tmp/go-build4085347996/b036=>", "-p", "internal/fmtsort", "-lang=go1.27", "-std", "-complete", "-buildid", "bXJIl7xX0j8inw1Xh_kH/bXJIl7xX0j8"..., "-goversion", "go1.27.0", "-c=4", "-nolocalimports", "-importcfg", "/tmp/go-build4085347996/b036/imp"..., "-pack", "/opt/hostedtoolcache/go/1.27.0/a"...], 0x328365a0a908 /* 140 vars */ <unfinished ...>
9119  <... clone resumed>, parent_tid=[14]) = 9719
9719  <... execve resumed>)             = 0
9119  --- SIGURG {si_signo=SIGURG, si_code=SI_TKILL, si_pid=9114, si_uid=1001} ---
9119  waitid(P_PIDFD, 14,  <unfinished ...>
9692  tgkill(9690, 9702, SIGURG)        = 0
9702  --- SIGURG {si_signo=SIGURG, si_code=SI_TKILL, si_pid=9690, si_uid=1001} ---
9719  clone(child_stack=0x6affd6750000, flags=CLONE_VM|CLONE_FS|CLONE_FILES|CLONE_SIGHAND|CLONE_THREAD|CLONE_SYSVSEM) = 9720
9692  tgkill(9690, 9694, SIGURG <unfinished ...>
9719  clone(child_stack=0x6affd6788000, flags=CLONE_VM|CLONE_FS|CLONE_FILES|CLONE_SIGHAND|CLONE_THREAD|CLONE_SYSVSEM <unfinished ...>
9692  <... tgkill resumed>)             = 0
9719  <... clone resumed>)              = 9721
9694  --- SIGURG {si_signo=SIGURG, si_code=SI_TKILL, si_pid=9690, si_uid=1001} ---
9692  tgkill(9690, 9693, SIGURG <unfinished ...>
9719  clone(child_stack=0x6affd6784000, flags=CLONE_VM|CLONE_FS|CLONE_FILES|CLONE_SIGHAND|CLONE_THREAD|CLONE_SYSVSEM <unfinished ...>
9692  <... tgkill resumed>)             = 0
9719  <... clone resumed>)              = 9722
9692  tgkill(9690, 9690, SIGURG)        = 0
9690  --- SIGURG {si_signo=SIGURG, si_code=SI_TKILL, si_pid=9690, si_uid=1001} ---
9693  --- SIGURG {si_signo=SIGURG, si_code=SI_TKILL, si_pid=9690, si_uid=1001} ---
9714  tgkill(9709, 9709, SIGURG)        = 0
9709  --- SIGURG {si_signo=SIGURG, si_code=SI_TKILL, si_pid=9709, si_uid=1001} ---
9720  tgkill(9719, 9719, SIGURG)        = 0
9719  --- SIGURG {si_signo=SIGURG, si_code=SI_TKILL, si_pid=9719, si_uid=1001} ---
9692  tgkill(9690, 9702, SIGURG)        = 0
9702  --- SIGURG {si_signo=SIGURG, si_code=SI_TKILL, si_pid=9690, si_uid=1001} ---
9692  tgkill(9690, 9694, SIGURG <unfinished ...>
9694  --- SIGURG {si_signo=SIGURG, si_code=SI_TKILL, si_pid=9690, si_uid=1001} ---
9692  <... tgkill resumed>)             = 0
9692  tgkill(9690, 9693, SIGURG)        = 0
9692  tgkill(9690, 9690, SIGURG)        = 0
9690  --- SIGURG {si_signo=SIGURG, si_code=SI_TKILL, si_pid=9690, si_uid=1001} ---
9693  --- SIGURG {si_signo=SIGURG, si_code=SI_TKILL, si_pid=9690, si_uid=1001} ---
9720  tgkill(9719, 9719, SIGURG)        = 0
9719  --- SIGURG {si_signo=SIGURG, si_code=SI_TKILL, si_pid=9719, si_uid=1001} ---
9702  tgkill(9690, 9693, SIGURG)        = 0
9693  --- SIGURG {si_signo=SIGURG, si_code=SI_TKILL, si_pid=9690, si_uid=1001} ---
9694  tgkill(9690, 9693, SIGURG <unfinished ...>
9690  tgkill(9690, 9702, SIGURG <unfinished ...>
9694  <... tgkill resumed>)             = 0
9702  --- SIGURG {si_signo=SIGURG, si_code=SI_TKILL, si_pid=9690, si_uid=1001} ---
9690  <... tgkill resumed>)             = 0
9693  --- SIGURG {si_signo=SIGURG, si_code=SI_TKILL, si_pid=9690, si_uid=1001} ---
9694  tgkill(9690, 9693, SIGURG)        = 0
9693  --- SIGURG {si_signo=SIGURG, si_code=SI_TKILL, si_pid=9690, si_uid=1001} ---
9714  tgkill(9709, 9709, SIGURG)        = 0
9709  --- SIGURG {si_signo=SIGURG, si_code=SI_TKILL, si_pid=9709, si_uid=1001} ---
9720  tgkill(9719, 9721, SIGURG)        = 0
9692  tgkill(9690, 9702, SIGURG)        = 0
9702  --- SIGURG {si_signo=SIGURG, si_code=SI_TKILL, si_pid=9690, si_uid=1001} ---
9692  tgkill(9690, 9690, SIGURG)        = 0
9690  --- SIGURG {si_signo=SIGURG, si_code=SI_TKILL, si_pid=9690, si_uid=1001} ---
9692  tgkill(9690, 9694, SIGURG)        = 0
9694  --- SIGURG {si_signo=SIGURG, si_code=SI_TKILL, si_pid=9690, si_uid=1001} ---
9721  --- SIGURG {si_signo=SIGURG, si_code=SI_TKILL, si_pid=9719, si_uid=1001} ---
9722  clone(child_stack=0x6affd7398000, flags=CLONE_VM|CLONE_FS|CLONE_FILES|CLONE_SIGHAND|CLONE_THREAD|CLONE_SYSVSEM) = 9723
9692  tgkill(9690, 9702, SIGURG)        = 0
9714  tgkill(9709, 9709, SIGURG)        = 0
9714  tgkill(9709, 9715, SIGURG)        = 0
9714  tgkill(9709, 9718, SIGURG)        = 0
9714  tgkill(9709, 9716, SIGURG)        = 0
9716  --- SIGURG {si_signo=SIGURG, si_code=SI_TKILL, si_pid=9709, si_uid=1001} ---
9709  --- SIGURG {si_signo=SIGURG, si_code=SI_TKILL, si_pid=9709, si_uid=1001} ---
9718  --- SIGURG {si_signo=SIGURG, si_code=SI_TKILL, si_pid=9709, si_uid=1001} ---
9702  --- SIGURG {si_signo=SIGURG, si_code=SI_TKILL, si_pid=9690, si_uid=1001} ---
9702  tgkill(9690, 9690, SIGURG)        = 0
9715  --- SIGURG {si_signo=SIGURG, si_code=SI_TKILL, si_pid=9709, si_uid=1001} ---
9702  tgkill(9690, 9693, SIGURG)        = 0
9690  --- SIGURG {si_signo=SIGURG, si_code=SI_TKILL, si_pid=9690, si_uid=1001} ---
9693  --- SIGURG {si_signo=SIGURG, si_code=SI_TKILL, si_pid=9690, si_uid=1001} ---
9702  tgkill(9690, 9694, SIGURG)        = 0
9702  tgkill(9690, 9690, SIGURG)        = 0
9690  --- SIGURG {si_signo=SIGURG, si_code=SI_TKILL, si_pid=9690, si_uid=1001} ---
9694  --- SIGURG {si_signo=SIGURG, si_code=SI_TKILL, si_pid=9690, si_uid=1001} ---
9702  tgkill(9690, 9694, SIGURG)        = 0
9694  --- SIGURG {si_signo=SIGURG, si_code=SI_TKILL, si_pid=9690, si_uid=1001} ---
9702  tgkill(9690, 9694, SIGURG)        = 0
9694  --- SIGURG {si_signo=SIGURG, si_code=SI_TKILL, si_pid=9690, si_uid=1001} ---
9720  tgkill(9719, 9719, SIGURG)        = 0
9720  tgkill(9719, 9722, SIGURG)        = 0
9722  --- SIGURG {si_signo=SIGURG, si_code=SI_TKILL, si_pid=9719, si_uid=1001} ---
9720  tgkill(9719, 9721, SIGURG)        = 0
9702  tgkill(9690, 9690, SIGURG <unfinished ...>
9721  --- SIGURG {si_signo=SIGURG, si_code=SI_TKILL, si_pid=9719, si_uid=1001} ---
9719  --- SIGURG {si_signo=SIGURG, si_code=SI_TKILL, si_pid=9719, si_uid=1001} ---
9702  <... tgkill resumed>)             = 0
9690  --- SIGURG {si_signo=SIGURG, si_code=SI_TKILL, si_pid=9690, si_uid=1001} ---
9702  tgkill(9690, 9693, SIGURG)        = 0
9693  --- SIGURG {si_signo=SIGURG, si_code=SI_TKILL, si_pid=9690, si_uid=1001} ---
9702  tgkill(9690, 9694, SIGURG)        = 0
9694  --- SIGURG {si_signo=SIGURG, si_code=SI_TKILL, si_pid=9690, si_uid=1001} ---
9702  tgkill(9690, 9693, SIGURG)        = 0
9693  --- SIGURG {si_signo=SIGURG, si_code=SI_TKILL, si_pid=9690, si_uid=1001} ---
9702  tgkill(9690, 9693, SIGURG)        = 0
9693  --- SIGURG {si_signo=SIGURG, si_code=SI_TKILL, si_pid=9690, si_uid=1001} ---
9702  tgkill(9690, 9693, SIGURG)        = 0
9693  --- SIGURG {si_signo=SIGURG, si_code=SI_TKILL, si_pid=9690, si_uid=1001} ---
9702  tgkill(9690, 9693, SIGURG)        = 0
9693  --- SIGURG {si_signo=SIGURG, si_code=SI_TKILL, si_pid=9690, si_uid=1001} ---
9702  tgkill(9690, 9693, SIGURG)        = 0
9693  --- SIGURG {si_signo=SIGURG, si_code=SI_TKILL, si_pid=9690, si_uid=1001} ---
9702  tgkill(9690, 9693, SIGURG)        = 0
9693  --- SIGURG {si_signo=SIGURG, si_code=SI_TKILL, si_pid=9690, si_uid=1001} ---
9702  tgkill(9690, 9693, SIGURG)        = 0
9693  --- SIGURG {si_signo=SIGURG, si_code=SI_TKILL, si_pid=9690, si_uid=1001} ---
9702  tgkill(9690, 9693, SIGURG)        = 0
9693  --- SIGURG {si_signo=SIGURG, si_code=SI_TKILL, si_pid=9690, si_uid=1001} ---
9714  tgkill(9709, 9709, SIGURG <unfinished ...>
9702  tgkill(9690, 9693, SIGURG <unfinished ...>
9714  <... tgkill resumed>)             = 0
9709  --- SIGURG {si_signo=SIGURG, si_code=SI_TKILL, si_pid=9709, si_uid=1001} ---
9702  <... tgkill resumed>)             = 0
9714  tgkill(9709, 9718, SIGURG)        = 0
9693  --- SIGURG {si_signo=SIGURG, si_code=SI_TKILL, si_pid=9690, si_uid=1001} ---
9718  --- SIGURG {si_signo=SIGURG, si_code=SI_TKILL, si_pid=9709, si_uid=1001} ---
9714  tgkill(9709, 9716, SIGURG)        = 0
9716  --- SIGURG {si_signo=SIGURG, si_code=SI_TKILL, si_pid=9709, si_uid=1001} ---
9702  tgkill(9690, 9690, SIGURG)        = 0
9690  --- SIGURG {si_signo=SIGURG, si_code=SI_TKILL, si_pid=9690, si_uid=1001} ---
9702  tgkill(9690, 9693, SIGURG)        = 0
9702  tgkill(9690, 9694, SIGURG <unfinished ...>
9720  tgkill(9719, 9721, SIGURG)        = 0
9721  --- SIGURG {si_signo=SIGURG, si_code=SI_TKILL, si_pid=9719, si_uid=1001} ---
9702  <... tgkill resumed>)             = 0
9694  --- SIGURG {si_signo=SIGURG, si_code=SI_TKILL, si_pid=9690, si_uid=1001} ---
9702  tgkill(9690, 9694, SIGURG)        = 0
9694  --- SIGURG {si_signo=SIGURG, si_code=SI_TKILL, si_pid=9690, si_uid=1001} ---
9702  tgkill(9690, 9694, SIGURG)        = 0
9694  --- SIGURG {si_signo=SIGURG, si_code=SI_TKILL, si_pid=9690, si_uid=1001} ---
9702  tgkill(9690, 9694, SIGURG)        = 0
9694  --- SIGURG {si_signo=SIGURG, si_code=SI_TKILL, si_pid=9690, si_uid=1001} ---
9702  tgkill(9690, 9694, SIGURG)        = 0
9694  --- SIGURG {si_signo=SIGURG, si_code=SI_TKILL, si_pid=9690, si_uid=1001} ---
9693  --- SIGURG {si_signo=SIGURG, si_code=SI_TKILL, si_pid=9690, si_uid=1001} ---
9702  tgkill(9690, 9690, SIGURG)        = 0
9690  --- SIGURG {si_signo=SIGURG, si_code=SI_TKILL, si_pid=9690, si_uid=1001} ---
9702  tgkill(9690, 9690, SIGURG)        = 0
9721  exit_group(0)                     = ?
9723  +++ exited with 0 +++
9722  +++ exited with 0 +++
9720  +++ exited with 0 +++
9690  --- SIGURG {si_signo=SIGURG, si_code=SI_TKILL, si_pid=9690, si_uid=1001} ---
9702  tgkill(9690, 9690, SIGURG <unfinished ...>
9721  +++ exited with 0 +++
9719  +++ exited with 0 +++
9702  <... tgkill resumed>)             = 0
9120  --- SIGCHLD {si_signo=SIGCHLD, si_code=CLD_EXITED, si_pid=9719, si_uid=1001, si_status=0, si_utime=4 /* 0.04 s */, si_stime=0} ---
9119  <... waitid resumed>{si_signo=SIGCHLD, si_code=CLD_EXITED, si_pid=9719, si_uid=1001, si_status=0, si_utime=0, si_stime=0}, WEXITED, {ru_utime={tv_sec=0, tv_usec=55185}, ru_stime={tv_sec=0, tv_usec=9810}, ...}) = 0
9702  tgkill(9690, 9693, SIGURG <unfinished ...>
9690  --- SIGURG {si_signo=SIGURG, si_code=SI_TKILL, si_pid=9690, si_uid=1001} ---
9702  <... tgkill resumed>)             = 0
9693  --- SIGURG {si_signo=SIGURG, si_code=SI_TKILL, si_pid=9690, si_uid=1001} ---
9714  tgkill(9709, 9709, SIGURG)        = 0
9709  --- SIGURG {si_signo=SIGURG, si_code=SI_TKILL, si_pid=9709, si_uid=1001} ---
9714  tgkill(9709, 9715, SIGURG)        = 0
9692  tgkill(9690, 9702, SIGURG <unfinished ...>
9715  --- SIGURG {si_signo=SIGURG, si_code=SI_TKILL, si_pid=9709, si_uid=1001} ---
9692  <... tgkill resumed>)             = 0
9714  tgkill(9709, 9718, SIGURG <unfinished ...>
9702  --- SIGURG {si_signo=SIGURG, si_code=SI_TKILL, si_pid=9690, si_uid=1001} ---
9714  <... tgkill resumed>)             = 0
9718  --- SIGURG {si_signo=SIGURG, si_code=SI_TKILL, si_pid=9709, si_uid=1001} ---
9692  tgkill(9690, 9690, SIGURG <unfinished ...>
9714  tgkill(9709, 9716, SIGURG <unfinished ...>
9692  <... tgkill resumed>)             = 0
9714  <... tgkill resumed>)             = 0
9690  --- SIGURG {si_signo=SIGURG, si_code=SI_TKILL, si_pid=9690, si_uid=1001} ---
9115  tgkill(9114, 9120, SIGURG <unfinished ...>
9120  --- SIGURG {si_signo=SIGURG, si_code=SI_TKILL, si_pid=9114, si_uid=1001} ---
9115  <... tgkill resumed>)             = 0
9716  --- SIGURG {si_signo=SIGURG, si_code=SI_TKILL, si_pid=9709, si_uid=1001} ---
9702  tgkill(9690, 9690, SIGURG)        = 0
9702  tgkill(9690, 9693, SIGURG)        = 0
9693  --- SIGURG {si_signo=SIGURG, si_code=SI_TKILL, si_pid=9690, si_uid=1001} ---
9702  tgkill(9690, 9693, SIGURG)        = 0
9690  --- SIGURG {si_signo=SIGURG, si_code=SI_TKILL, si_pid=9690, si_uid=1001} ---
9693  --- SIGURG {si_signo=SIGURG, si_code=SI_TKILL, si_pid=9690, si_uid=1001} ---
9714  tgkill(9709, 9715, SIGURG)        = 0
9715  --- SIGURG {si_signo=SIGURG, si_code=SI_TKILL, si_pid=9709, si_uid=1001} ---
9714  tgkill(9709, 9716, SIGURG)        = 0
9716  --- SIGURG {si_signo=SIGURG, si_code=SI_TKILL, si_pid=9709, si_uid=1001} ---
9716  tgkill(9709, 9715, SIGURG)        = 0
9715  --- SIGURG {si_signo=SIGURG, si_code=SI_TKILL, si_pid=9709, si_uid=1001} ---
9716  tgkill(9709, 9715, SIGURG)        = 0
9715  --- SIGURG {si_signo=SIGURG, si_code=SI_TKILL, si_pid=9709, si_uid=1001} ---
9709  tgkill(9709, 9716, SIGURG)        = 0
9716  --- SIGURG {si_signo=SIGURG, si_code=SI_TKILL, si_pid=9709, si_uid=1001} ---
9709  tgkill(9709, 9716, SIGURG <unfinished ...>
9716  --- SIGURG {si_signo=SIGURG, si_code=SI_TKILL, si_pid=9709, si_uid=1001} ---
9709  <... tgkill resumed>)             = 0
9694  exit_group(0)                     = ?
9702  +++ exited with 0 +++
9698  +++ exited with 0 +++
9695  +++ exited with 0 +++
9694  +++ exited with 0 +++
9693  +++ exited with 0 +++
9709  exit_group(0)                     = ?
9717  +++ exited with 0 +++
9716  +++ exited with 0 +++
9718  +++ exited with 0 +++
9714  +++ exited with 0 +++
9692  +++ exited with 0 +++
9690  +++ exited with 0 +++
9121  <... waitid resumed>{si_signo=SIGCHLD, si_code=CLD_EXITED, si_pid=9690, si_uid=1001, si_status=0, si_utime=0, si_stime=0}, WEXITED, {ru_utime={tv_sec=0, tv_usec=317252}, ru_stime={tv_sec=0, tv_usec=56271}, ...}) = 0
9119  --- SIGCHLD {si_signo=SIGCHLD, si_code=CLD_EXITED, si_pid=9690, si_uid=1001, si_status=0, si_utime=32 /* 0.32 s */, si_stime=5 /* 0.05 s */} ---
9115  tgkill(9114, 9121, SIGURG <unfinished ...>
9121  --- SIGURG {si_signo=SIGURG, si_code=SI_TKILL, si_pid=9114, si_uid=1001} ---
9115  <... tgkill resumed>)             = 0
9715  +++ exited with 0 +++
9709  +++ exited with 0 +++
9117  <... waitid resumed>{si_signo=SIGCHLD, si_code=CLD_EXITED, si_pid=9709, si_uid=1001, si_status=0, si_utime=0, si_stime=0}, WEXITED, {ru_utime={tv_sec=0, tv_usec=286802}, ru_stime={tv_sec=0, tv_usec=37580}, ...}) = 0
9119  --- SIGCHLD {si_signo=SIGCHLD, si_code=CLD_EXITED, si_pid=9709, si_uid=1001, si_status=0, si_utime=29 /* 0.29 s */, si_stime=3 /* 0.03 s */} ---
9117  clone(child_stack=NULL, flags=CLONE_VM|CLONE_PIDFD|CLONE_VFORK|SIGCHLD <unfinished ...>
9724  execve("/opt/hostedtoolcache/go/1.27.0/arm64/pkg/tool/linux_arm64/compile", ["/opt/hostedtoolcache/go/1.27.0/a"..., "-o", "/tmp/go-build4085347996/b065/_pk"..., "-trimpath", "/tmp/go-build4085347996/b065=>", "-p", "context", "-lang=go1.27", "-std", "-complete", "-buildid", "neroyEtyU2F73bcI4fxH/neroyEtyU2F"..., "-goversion", "go1.27.0", "-c=4", "-nolocalimports", "-importcfg", "/tmp/go-build4085347996/b065/imp"..., "-pack", "/opt/hostedtoolcache/go/1.27.0/a"...], 0x3283656fe488 /* 140 vars */ <unfinished ...>
9117  <... clone resumed>, parent_tid=[7]) = 9724
9724  <... execve resumed>)             = 0
9117  waitid(P_PIDFD, 7,  <unfinished ...>
9114  clone(child_stack=NULL, flags=CLONE_VM|CLONE_PIDFD|CLONE_VFORK|SIGCHLD <unfinished ...>
9119  tgkill(9114, 9114, SIGURG)        = 0
9725  execve("/opt/hostedtoolcache/go/1.27.0/arm64/pkg/tool/linux_arm64/compile", ["/opt/hostedtoolcache/go/1.27.0/a"..., "-o", "/tmp/go-build4085347996/b052/_pk"..., "-trimpath", "/tmp/go-build4085347996/b052=>", "-p", "io/fs", "-lang=go1.27", "-std", "-complete", "-buildid", "XfXyk1EAE5wtdjKCVuO_/XfXyk1EAE5w"..., "-goversion", "go1.27.0", "-c=4", "-nolocalimports", "-importcfg", "/tmp/go-build4085347996/b052/imp"..., "-pack", "/opt/hostedtoolcache/go/1.27.0/a"..., "/opt/hostedtoolcache/go/1.27.0/a"..., "/opt/hostedtoolcache/go/1.27.0/a"..., "/opt/hostedtoolcache/go/1.27.0/a"..., "/opt/hostedtoolcache/go/1.27.0/a"..., "/opt/hostedtoolcache/go/1.27.0/a"..., "/opt/hostedtoolcache/go/1.27.0/a"..., "/opt/hostedtoolcache/go/1.27.0/a"..., "/opt/hostedtoolcache/go/1.27.0/a"...], 0x328365a0ad88 /* 140 vars */ <unfinished ...>
9114  <... clone resumed>, parent_tid=[10]) = 9725
9114  --- SIGURG {si_signo=SIGURG, si_code=SI_TKILL, si_pid=9114, si_uid=1001} ---
9725  <... execve resumed>)             = 0
9119  tgkill(9114, 9114, SIGURG)        = 0
9114  --- SIGURG {si_signo=SIGURG, si_code=SI_TKILL, si_pid=9114, si_uid=1001} ---
9114  waitid(P_PIDFD, 10,  <unfinished ...>
9165  tgkill(9114, 9119, SIGURG)        = 0
9119  --- SIGURG {si_signo=SIGURG, si_code=SI_TKILL, si_pid=9114, si_uid=1001} ---
9165  tgkill(9114, 9118, SIGURG)        = 0
9118  --- SIGURG {si_signo=SIGURG, si_code=SI_TKILL, si_pid=9114, si_uid=1001} ---
9118  clone(child_stack=NULL, flags=CLONE_VM|CLONE_PIDFD|CLONE_VFORK|SIGCHLD <unfinished ...>
9726  execve("/opt/hostedtoolcache/go/1.27.0/arm64/pkg/tool/linux_arm64/compile", ["/opt/hostedtoolcache/go/1.27.0/a"..., "-o", "/tmp/go-build4085347996/b057/_pk"..., "-trimpath", "/tmp/go-build4085347996/b057=>", "-p", "internal/poll", "-lang=go1.27", "-std", "-buildid", "We0-VzKM63obpJks_FOe/We0-VzKM63o"..., "-goversion", "go1.27.0", "-c=4", "-nolocalimports", "-importcfg", "/tmp/go-build4085347996/b057/imp"..., "-pack", "/opt/hostedtoolcache/go/1.27.0/a"..., "/opt/hostedtoolcache/go/1.27.0/a"..., "/opt/hostedtoolcache/go/1.27.0/a"..., "/opt/hostedtoolcache/go/1.27.0/a"..., "/opt/hostedtoolcache/go/1.27.0/a"..., "/opt/hostedtoolcache/go/1.27.0/a"..., "/opt/hostedtoolcache/go/1.27.0/a"..., "/opt/hostedtoolcache/go/1.27.0/a"..., "/opt/hostedtoolcache/go/1.27.0/a"..., "/opt/hostedtoolcache/go/1.27.0/a"..., "/opt/hostedtoolcache/go/1.27.0/a"..., "/opt/hostedtoolcache/go/1.27.0/a"..., "/opt/hostedtoolcache/go/1.27.0/a"..., "/opt/hostedtoolcache/go/1.27.0/a"..., ...], 0x3283656fe908 /* 140 vars */ <unfinished ...>
9724  clone(child_stack=0x51f5531a000, flags=CLONE_VM|CLONE_FS|CLONE_FILES|CLONE_SIGHAND|CLONE_THREAD|CLONE_SYSVSEM <unfinished ...>
9118  <... clone resumed>, parent_tid=[16]) = 9726
9726  <... execve resumed>)             = 0
9724  <... clone resumed>)              = 9727
9724  clone(child_stack=0x51f55352000, flags=CLONE_VM|CLONE_FS|CLONE_FILES|CLONE_SIGHAND|CLONE_THREAD|CLONE_SYSVSEM <unfinished ...>
9727  tgkill(9724, 9724, SIGURG <unfinished ...>
9724  <... clone resumed>)              = 9728
9727  <... tgkill resumed>)             = 0
9724  --- SIGURG {si_signo=SIGURG, si_code=SI_TKILL, si_pid=9724, si_uid=1001} ---
9118  waitid(P_PIDFD, 16,  <unfinished ...>
9727  tgkill(9724, 9724, SIGURG <unfinished ...>
9724  clone(child_stack=0x51f5534e000, flags=CLONE_VM|CLONE_FS|CLONE_FILES|CLONE_SIGHAND|CLONE_THREAD|CLONE_SYSVSEM <unfinished ...>
9727  <... tgkill resumed>)             = 0
9724  <... clone resumed>)              = 9729
9724  --- SIGURG {si_signo=SIGURG, si_code=SI_TKILL, si_pid=9724, si_uid=1001} ---
9728  clone(child_stack=0x51f55398000, flags=CLONE_VM|CLONE_FS|CLONE_FILES|CLONE_SIGHAND|CLONE_THREAD|CLONE_SYSVSEM) = 9730
9725  clone(child_stack=0x11e9ae42a000, flags=CLONE_VM|CLONE_FS|CLONE_FILES|CLONE_SIGHAND|CLONE_THREAD|CLONE_SYSVSEM) = 9731
9729  clone(child_stack=0x51f55394000, flags=CLONE_VM|CLONE_FS|CLONE_FILES|CLONE_SIGHAND|CLONE_THREAD|CLONE_SYSVSEM) = 9732
9725  clone(child_stack=0x11e9ae462000, flags=CLONE_VM|CLONE_FS|CLONE_FILES|CLONE_SIGHAND|CLONE_THREAD|CLONE_SYSVSEM) = 9733
9731  tgkill(9725, 9725, SIGURG)        = 0
9725  clone(child_stack=0x11e9ae45e000, flags=CLONE_VM|CLONE_FS|CLONE_FILES|CLONE_SIGHAND|CLONE_THREAD|CLONE_SYSVSEM) = 9734
9725  --- SIGURG {si_signo=SIGURG, si_code=SI_TKILL, si_pid=9725, si_uid=1001} ---
9733  clone(child_stack=0x11e9ae498000, flags=CLONE_VM|CLONE_FS|CLONE_FILES|CLONE_SIGHAND|CLONE_THREAD|CLONE_SYSVSEM) = 9735
9731  clone(child_stack=0x11e9ae82c000, flags=CLONE_VM|CLONE_FS|CLONE_FILES|CLONE_SIGHAND|CLONE_THREAD|CLONE_SYSVSEM) = 9736
9726  clone(child_stack=0x3d590679a000, flags=CLONE_VM|CLONE_FS|CLONE_FILES|CLONE_SIGHAND|CLONE_THREAD|CLONE_SYSVSEM) = 9737
9726  clone(child_stack=0x3d59067d2000, flags=CLONE_VM|CLONE_FS|CLONE_FILES|CLONE_SIGHAND|CLONE_THREAD|CLONE_SYSVSEM) = 9738
9726  clone(child_stack=0x3d59067ce000, flags=CLONE_VM|CLONE_FS|CLONE_FILES|CLONE_SIGHAND|CLONE_THREAD|CLONE_SYSVSEM) = 9739
9738  clone(child_stack=0x3d5906818000, flags=CLONE_VM|CLONE_FS|CLONE_FILES|CLONE_SIGHAND|CLONE_THREAD|CLONE_SYSVSEM) = 9740
9727  tgkill(9724, 9724, SIGURG)        = 0
9724  --- SIGURG {si_signo=SIGURG, si_code=SI_TKILL, si_pid=9724, si_uid=1001} ---
9737  clone(child_stack=0x3d5906ba8000, flags=CLONE_VM|CLONE_FS|CLONE_FILES|CLONE_SIGHAND|CLONE_THREAD|CLONE_SYSVSEM) = 9741
9737  clone(child_stack=0x3d5906858000, flags=CLONE_VM|CLONE_FS|CLONE_FILES|CLONE_SIGHAND|CLONE_THREAD|CLONE_SYSVSEM) = 9742
9731  tgkill(9725, 9725, SIGURG)        = 0
9725  --- SIGURG {si_signo=SIGURG, si_code=SI_TKILL, si_pid=9725, si_uid=1001} ---
9737  tgkill(9726, 9741, SIGURG)        = 0
9741  --- SIGURG {si_signo=SIGURG, si_code=SI_TKILL, si_pid=9726, si_uid=1001} ---
9727  tgkill(9724, 9729, SIGURG)        = 0
9731  tgkill(9725, 9734, SIGURG)        = 0
9729  --- SIGURG {si_signo=SIGURG, si_code=SI_TKILL, si_pid=9724, si_uid=1001} ---
9734  --- SIGURG {si_signo=SIGURG, si_code=SI_TKILL, si_pid=9725, si_uid=1001} ---
9737  tgkill(9726, 9739, SIGURG)        = 0
9739  --- SIGURG {si_signo=SIGURG, si_code=SI_TKILL, si_pid=9726, si_uid=1001} ---
9731  tgkill(9725, 9733, SIGURG)        = 0
9731  tgkill(9725, 9736, SIGURG)        = 0
9731  tgkill(9725, 9725, SIGURG)        = 0
9725  --- SIGURG {si_signo=SIGURG, si_code=SI_TKILL, si_pid=9725, si_uid=1001} ---
9727  tgkill(9724, 9728, SIGURG)        = 0
9736  --- SIGURG {si_signo=SIGURG, si_code=SI_TKILL, si_pid=9725, si_uid=1001} ---
9733  --- SIGURG {si_signo=SIGURG, si_code=SI_TKILL, si_pid=9725, si_uid=1001} ---
9728  --- SIGURG {si_signo=SIGURG, si_code=SI_TKILL, si_pid=9724, si_uid=1001} ---
9727  tgkill(9724, 9732, SIGURG)        = 0
9732  --- SIGURG {si_signo=SIGURG, si_code=SI_TKILL, si_pid=9724, si_uid=1001} ---
9737  tgkill(9726, 9741, SIGURG)        = 0
9741  --- SIGURG {si_signo=SIGURG, si_code=SI_TKILL, si_pid=9726, si_uid=1001} ---
9731  tgkill(9725, 9725, SIGURG)        = 0
9725  --- SIGURG {si_signo=SIGURG, si_code=SI_TKILL, si_pid=9725, si_uid=1001} ---
9732  exit_group(0)                     = ?
9732  +++ exited with 0 +++
9729  +++ exited with 0 +++
9728  +++ exited with 0 +++
9727  +++ exited with 0 +++
9730  +++ exited with 0 +++
9724  +++ exited with 0 +++
9117  <... waitid resumed>{si_signo=SIGCHLD, si_code=CLD_EXITED, si_pid=9724, si_uid=1001, si_status=0, si_utime=0, si_stime=0}, WEXITED, {ru_utime={tv_sec=0, tv_usec=55215}, ru_stime={tv_sec=0, tv_usec=15498}, ...}) = 0
9120  --- SIGCHLD {si_signo=SIGCHLD, si_code=CLD_EXITED, si_pid=9724, si_uid=1001, si_status=0, si_utime=5 /* 0.05 s */, si_stime=1 /* 0.01 s */} ---
9737  tgkill(9726, 9726, SIGURG)        = 0
9726  --- SIGURG {si_signo=SIGURG, si_code=SI_TKILL, si_pid=9726, si_uid=1001} ---
9737  tgkill(9726, 9740, SIGURG <unfinished ...>
9740  --- SIGURG {si_signo=SIGURG, si_code=SI_TKILL, si_pid=9726, si_uid=1001} ---
9737  <... tgkill resumed>)             = 0
9737  tgkill(9726, 9741, SIGURG)        = 0
9741  --- SIGURG {si_signo=SIGURG, si_code=SI_TKILL, si_pid=9726, si_uid=1001} ---
9733  exit_group(0)                     = ?
9736  +++ exited with 0 +++
9733  +++ exited with 0 +++
9734  +++ exited with 0 +++
9731  +++ exited with 0 +++
9735  +++ exited with 0 +++
9725  +++ exited with 0 +++
9114  <... waitid resumed>{si_signo=SIGCHLD, si_code=CLD_EXITED, si_pid=9725, si_uid=1001, si_status=0, si_utime=0, si_stime=0}, WEXITED, {ru_utime={tv_sec=0, tv_usec=72773}, ru_stime={tv_sec=0, tv_usec=19474}, ...}) = 0
9120  --- SIGCHLD {si_signo=SIGCHLD, si_code=CLD_EXITED, si_pid=9725, si_uid=1001, si_status=0, si_utime=7 /* 0.07 s */, si_stime=1 /* 0.01 s */} ---
9737  tgkill(9726, 9739, SIGURG)        = 0
9739  --- SIGURG {si_signo=SIGURG, si_code=SI_TKILL, si_pid=9726, si_uid=1001} ---
9120  clone(child_stack=NULL, flags=CLONE_VM|CLONE_PIDFD|CLONE_VFORK|SIGCHLD <unfinished ...>
9743  execve("/opt/hostedtoolcache/go/1.27.0/arm64/pkg/tool/linux_arm64/compile", ["/opt/hostedtoolcache/go/1.27.0/a"..., "-o", "/tmp/go-build4085347996/b051/_pk"..., "-trimpath", "/tmp/go-build4085347996/b051=>", "-p", "internal/filepathlite", "-lang=go1.27", "-std", "-complete", "-buildid", "ji6P444Xw9onfsTBz3lJ/ji6P444Xw9o"..., "-goversion", "go1.27.0", "-c=4", "-nolocalimports", "-importcfg", "/tmp/go-build4085347996/b051/imp"..., "-pack", "/opt/hostedtoolcache/go/1.27.0/a"..., "/opt/hostedtoolcache/go/1.27.0/a"..., "/opt/hostedtoolcache/go/1.27.0/a"...], 0x3283656ff208 /* 140 vars */ <unfinished ...>
9120  <... clone resumed>, parent_tid=[13]) = 9743
9743  <... execve resumed>)             = 0
9115  tgkill(9114, 9120, SIGURG)        = 0
9120  --- SIGURG {si_signo=SIGURG, si_code=SI_TKILL, si_pid=9114, si_uid=1001} ---
9115  tgkill(9114, 9120, SIGURG)        = 0
9165  waitid(P_PIDFD, 13,  <unfinished ...>
9120  --- SIGURG {si_signo=SIGURG, si_code=SI_TKILL, si_pid=9114, si_uid=1001} ---
9743  clone(child_stack=0x33e531634000, flags=CLONE_VM|CLONE_FS|CLONE_FILES|CLONE_SIGHAND|CLONE_THREAD|CLONE_SYSVSEM) = 9744
9743  clone(child_stack=0x33e53166c000, flags=CLONE_VM|CLONE_FS|CLONE_FILES|CLONE_SIGHAND|CLONE_THREAD|CLONE_SYSVSEM) = 9745
9744  tgkill(9743, 9743, SIGURG)        = 0
9743  clone(child_stack=0x33e531668000, flags=CLONE_VM|CLONE_FS|CLONE_FILES|CLONE_SIGHAND|CLONE_THREAD|CLONE_SYSVSEM) = 9746
9743  --- SIGURG {si_signo=SIGURG, si_code=SI_TKILL, si_pid=9743, si_uid=1001} ---
9745  clone(child_stack=0x33e531698000, flags=CLONE_VM|CLONE_FS|CLONE_FILES|CLONE_SIGHAND|CLONE_THREAD|CLONE_SYSVSEM) = 9747
9737  tgkill(9726, 9742, SIGURG)        = 0
9742  --- SIGURG {si_signo=SIGURG, si_code=SI_TKILL, si_pid=9726, si_uid=1001} ---
9742  exit_group(0)                     = ?
9742  +++ exited with 0 +++
9741  +++ exited with 0 +++
9739  +++ exited with 0 +++
9738  +++ exited with 0 +++
9737  +++ exited with 0 +++
9740  +++ exited with 0 +++
9726  +++ exited with 0 +++
9118  <... waitid resumed>{si_signo=SIGCHLD, si_code=CLD_EXITED, si_pid=9726, si_uid=1001, si_status=0, si_utime=0, si_stime=0}, WEXITED, {ru_utime={tv_sec=0, tv_usec=154585}, ru_stime={tv_sec=0, tv_usec=28373}, ...}) = 0
9117  --- SIGCHLD {si_signo=SIGCHLD, si_code=CLD_EXITED, si_pid=9726, si_uid=1001, si_status=0, si_utime=15 /* 0.15 s */, si_stime=2 /* 0.02 s */} ---
9744  tgkill(9743, 9745, SIGURG <unfinished ...>
9745  --- SIGURG {si_signo=SIGURG, si_code=SI_TKILL, si_pid=9743, si_uid=1001} ---
9744  <... tgkill resumed>)             = 0
9745  exit_group(0)                     = ?
9747  +++ exited with 0 +++
9746  +++ exited with 0 +++
9745  +++ exited with 0 +++
9744  +++ exited with 0 +++
9743  +++ exited with 0 +++
9165  <... waitid resumed>{si_signo=SIGCHLD, si_code=CLD_EXITED, si_pid=9743, si_uid=1001, si_status=0, si_utime=0, si_stime=0}, WEXITED, {ru_utime={tv_sec=0, tv_usec=27307}, ru_stime={tv_sec=0, tv_usec=10240}, ...}) = 0
9118  --- SIGCHLD {si_signo=SIGCHLD, si_code=CLD_EXITED, si_pid=9743, si_uid=1001, si_status=0, si_utime=2 /* 0.02 s */, si_stime=0} ---
9115  tgkill(9114, 9118, SIGURG)        = 0
9118  --- SIGURG {si_signo=SIGURG, si_code=SI_TKILL, si_pid=9114, si_uid=1001} ---
9118  tgkill(9114, 9165, SIGURG)        = 0
9165  --- SIGURG {si_signo=SIGURG, si_code=SI_TKILL, si_pid=9114, si_uid=1001} ---
9117  clone(child_stack=NULL, flags=CLONE_VM|CLONE_PIDFD|CLONE_VFORK|SIGCHLD <unfinished ...>
9748  execve("/opt/hostedtoolcache/go/1.27.0/arm64/pkg/tool/linux_arm64/compile", ["/opt/hostedtoolcache/go/1.27.0/a"..., "-o", "/tmp/go-build4085347996/b050/_pk"..., "-trimpath", "/tmp/go-build4085347996/b050=>", "-p", "os", "-lang=go1.27", "-std", "-buildid", "PXY6R2DVbnB3eGvhlze4/PXY6R2DVbnB"..., "-goversion", "go1.27.0", "-c=4", "-nolocalimports", "-importcfg", "/tmp/go-build4085347996/b050/imp"..., "-pack", "/opt/hostedtoolcache/go/1.27.0/a"..., "/opt/hostedtoolcache/go/1.27.0/a"..., "/opt/hostedtoolcache/go/1.27.0/a"..., "/opt/hostedtoolcache/go/1.27.0/a"..., "/opt/hostedtoolcache/go/1.27.0/a"..., "/opt/hostedtoolcache/go/1.27.0/a"..., "/opt/hostedtoolcache/go/1.27.0/a"..., "/opt/hostedtoolcache/go/1.27.0/a"..., "/opt/hostedtoolcache/go/1.27.0/a"..., "/opt/hostedtoolcache/go/1.27.0/a"..., "/opt/hostedtoolcache/go/1.27.0/a"..., "/opt/hostedtoolcache/go/1.27.0/a"..., "/opt/hostedtoolcache/go/1.27.0/a"..., "/opt/hostedtoolcache/go/1.27.0/a"..., ...], 0x3283656fe908 /* 140 vars */ <unfinished ...>
9117  <... clone resumed>, parent_tid=[12]) = 9748
9748  <... execve resumed>)             = 0
9117  waitid(P_PIDFD, 12,  <unfinished ...>
9748  clone(child_stack=0x1d0403de0000, flags=CLONE_VM|CLONE_FS|CLONE_FILES|CLONE_SIGHAND|CLONE_THREAD|CLONE_SYSVSEM) = 9749
9748  clone(child_stack=0x1d0403e18000, flags=CLONE_VM|CLONE_FS|CLONE_FILES|CLONE_SIGHAND|CLONE_THREAD|CLONE_SYSVSEM) = 9750
9749  tgkill(9748, 9748, SIGURG)        = 0
9748  clone(child_stack=0x1d0403e14000, flags=CLONE_VM|CLONE_FS|CLONE_FILES|CLONE_SIGHAND|CLONE_THREAD|CLONE_SYSVSEM) = 9751
9748  --- SIGURG {si_signo=SIGURG, si_code=SI_TKILL, si_pid=9748, si_uid=1001} ---
9750  clone(child_stack=0x1d0403e98000, flags=CLONE_VM|CLONE_FS|CLONE_FILES|CLONE_SIGHAND|CLONE_THREAD|CLONE_SYSVSEM) = 9752
9749  tgkill(9748, 9750, SIGURG <unfinished ...>
9750  --- SIGURG {si_signo=SIGURG, si_code=SI_TKILL, si_pid=9748, si_uid=1001} ---
9749  <... tgkill resumed>)             = 0
9749  tgkill(9748, 9750, SIGURG <unfinished ...>
9750  --- SIGURG {si_signo=SIGURG, si_code=SI_TKILL, si_pid=9748, si_uid=1001} ---
9749  <... tgkill resumed>)             = 0
9749  tgkill(9748, 9750, SIGURG)        = 0
9750  --- SIGURG {si_signo=SIGURG, si_code=SI_TKILL, si_pid=9748, si_uid=1001} ---
9749  tgkill(9748, 9752, SIGURG <unfinished ...>
9752  --- SIGURG {si_signo=SIGURG, si_code=SI_TKILL, si_pid=9748, si_uid=1001} ---
9749  <... tgkill resumed>)             = 0
9749  tgkill(9748, 9752, SIGURG)        = 0
9752  --- SIGURG {si_signo=SIGURG, si_code=SI_TKILL, si_pid=9748, si_uid=1001} ---
9749  tgkill(9748, 9751, SIGURG)        = 0
9751  --- SIGURG {si_signo=SIGURG, si_code=SI_TKILL, si_pid=9748, si_uid=1001} ---
9749  tgkill(9748, 9750, SIGURG)        = 0
9750  --- SIGURG {si_signo=SIGURG, si_code=SI_TKILL, si_pid=9748, si_uid=1001} ---
9749  tgkill(9748, 9748, SIGURG)        = 0
9748  --- SIGURG {si_signo=SIGURG, si_code=SI_TKILL, si_pid=9748, si_uid=1001} ---
9752  tgkill(9748, 9750, SIGURG)        = 0
9750  --- SIGURG {si_signo=SIGURG, si_code=SI_TKILL, si_pid=9748, si_uid=1001} ---
9752  tgkill(9748, 9751, SIGURG)        = 0
9751  --- SIGURG {si_signo=SIGURG, si_code=SI_TKILL, si_pid=9748, si_uid=1001} ---
9752  tgkill(9748, 9751, SIGURG)        = 0
9751  --- SIGURG {si_signo=SIGURG, si_code=SI_TKILL, si_pid=9748, si_uid=1001} ---
9752  tgkill(9748, 9750, SIGURG)        = 0
9750  --- SIGURG {si_signo=SIGURG, si_code=SI_TKILL, si_pid=9748, si_uid=1001} ---
9752  tgkill(9748, 9748, SIGURG)        = 0
9748  --- SIGURG {si_signo=SIGURG, si_code=SI_TKILL, si_pid=9748, si_uid=1001} ---
9752  tgkill(9748, 9751, SIGURG)        = 0
9751  --- SIGURG {si_signo=SIGURG, si_code=SI_TKILL, si_pid=9748, si_uid=1001} ---
9752  tgkill(9748, 9750, SIGURG)        = 0
9752  tgkill(9748, 9748, SIGURG)        = 0
9748  --- SIGURG {si_signo=SIGURG, si_code=SI_TKILL, si_pid=9748, si_uid=1001} ---
9750  --- SIGURG {si_signo=SIGURG, si_code=SI_TKILL, si_pid=9748, si_uid=1001} ---
9749  tgkill(9748, 9752, SIGURG)        = 0
9752  --- SIGURG {si_signo=SIGURG, si_code=SI_TKILL, si_pid=9748, si_uid=1001} ---
9752  tgkill(9748, 9751, SIGURG)        = 0
9751  --- SIGURG {si_signo=SIGURG, si_code=SI_TKILL, si_pid=9748, si_uid=1001} ---
9752  tgkill(9748, 9750, SIGURG)        = 0
9750  --- SIGURG {si_signo=SIGURG, si_code=SI_TKILL, si_pid=9748, si_uid=1001} ---
9752  tgkill(9748, 9748, SIGURG)        = 0
9748  --- SIGURG {si_signo=SIGURG, si_code=SI_TKILL, si_pid=9748, si_uid=1001} ---
9752  tgkill(9748, 9750, SIGURG)        = 0
9750  --- SIGURG {si_signo=SIGURG, si_code=SI_TKILL, si_pid=9748, si_uid=1001} ---
9752  tgkill(9748, 9750, SIGURG)        = 0
9750  --- SIGURG {si_signo=SIGURG, si_code=SI_TKILL, si_pid=9748, si_uid=1001} ---
9752  tgkill(9748, 9751, SIGURG)        = 0
9751  --- SIGURG {si_signo=SIGURG, si_code=SI_TKILL, si_pid=9748, si_uid=1001} ---
9752  tgkill(9748, 9750, SIGURG)        = 0
9750  --- SIGURG {si_signo=SIGURG, si_code=SI_TKILL, si_pid=9748, si_uid=1001} ---
9752  tgkill(9748, 9750, SIGURG)        = 0
9750  --- SIGURG {si_signo=SIGURG, si_code=SI_TKILL, si_pid=9748, si_uid=1001} ---
9752  tgkill(9748, 9751, SIGURG)        = 0
9751  --- SIGURG {si_signo=SIGURG, si_code=SI_TKILL, si_pid=9748, si_uid=1001} ---
9752  tgkill(9748, 9748, SIGURG)        = 0
9748  --- SIGURG {si_signo=SIGURG, si_code=SI_TKILL, si_pid=9748, si_uid=1001} ---
9752  tgkill(9748, 9751, SIGURG)        = 0
9751  --- SIGURG {si_signo=SIGURG, si_code=SI_TKILL, si_pid=9748, si_uid=1001} ---
9752  tgkill(9748, 9748, SIGURG)        = 0
9748  --- SIGURG {si_signo=SIGURG, si_code=SI_TKILL, si_pid=9748, si_uid=1001} ---
9749  tgkill(9748, 9751, SIGURG)        = 0
9751  --- SIGURG {si_signo=SIGURG, si_code=SI_TKILL, si_pid=9748, si_uid=1001} ---
9749  tgkill(9748, 9752, SIGURG)        = 0
9752  --- SIGURG {si_signo=SIGURG, si_code=SI_TKILL, si_pid=9748, si_uid=1001} ---
9749  tgkill(9748, 9750, SIGURG)        = 0
9750  --- SIGURG {si_signo=SIGURG, si_code=SI_TKILL, si_pid=9748, si_uid=1001} ---
9749  tgkill(9748, 9752, SIGURG <unfinished ...>
9752  --- SIGURG {si_signo=SIGURG, si_code=SI_TKILL, si_pid=9748, si_uid=1001} ---
9749  <... tgkill resumed>)             = 0
9749  tgkill(9748, 9748, SIGURG)        = 0
9748  --- SIGURG {si_signo=SIGURG, si_code=SI_TKILL, si_pid=9748, si_uid=1001} ---
9749  tgkill(9748, 9751, SIGURG)        = 0
9751  --- SIGURG {si_signo=SIGURG, si_code=SI_TKILL, si_pid=9748, si_uid=1001} ---
9751  exit_group(0)                     = ?
9752  +++ exited with 0 +++
9751  +++ exited with 0 +++
9750  +++ exited with 0 +++
9749  +++ exited with 0 +++
9748  +++ exited with 0 +++
9165  --- SIGCHLD {si_signo=SIGCHLD, si_code=CLD_EXITED, si_pid=9748, si_uid=1001, si_status=0, si_utime=43 /* 0.43 s */, si_stime=5 /* 0.05 s */} ---
9117  <... waitid resumed>{si_signo=SIGCHLD, si_code=CLD_EXITED, si_pid=9748, si_uid=1001, si_status=0, si_utime=0, si_stime=0}, WEXITED, {ru_utime={tv_sec=0, tv_usec=439413}, ru_stime={tv_sec=0, tv_usec=50161}, ...}) = 0
9115  tgkill(9114, 9165, SIGURG)        = 0
9165  --- SIGURG {si_signo=SIGURG, si_code=SI_TKILL, si_pid=9114, si_uid=1001} ---
9117  clone(child_stack=NULL, flags=CLONE_VM|CLONE_PIDFD|CLONE_VFORK|SIGCHLD <unfinished ...>
9165  clone(child_stack=NULL, flags=CLONE_VM|CLONE_PIDFD|CLONE_VFORK|SIGCHLD <unfinished ...>
9753  execve("/opt/hostedtoolcache/go/1.27.0/arm64/pkg/tool/linux_arm64/compile", ["/opt/hostedtoolcache/go/1.27.0/a"..., "-o", "/tmp/go-build4085347996/b068/_pk"..., "-trimpath", "/tmp/go-build4085347996/b068=>", "-p", "path/filepath", "-lang=go1.27", "-std", "-complete", "-buildid", "KRq8P8x4qi54BVYr6wAc/KRq8P8x4qi5"..., "-goversion", "go1.27.0", "-c=4", "-nolocalimports", "-importcfg", "/tmp/go-build4085347996/b068/imp"..., "-pack", "/opt/hostedtoolcache/go/1.27.0/a"..., "/opt/hostedtoolcache/go/1.27.0/a"..., "/opt/hostedtoolcache/go/1.27.0/a"..., "/opt/hostedtoolcache/go/1.27.0/a"..., "/opt/hostedtoolcache/go/1.27.0/a"...], 0x3283656ff208 /* 140 vars */ <unfinished ...>
9117  <... clone resumed>, parent_tid=[15]) = 9753
9754  execve("/opt/hostedtoolcache/go/1.27.0/arm64/pkg/tool/linux_arm64/compile", ["/opt/hostedtoolcache/go/1.27.0/a"..., "-o", "/tmp/go-build4085347996/b002/_pk"..., "-trimpath", "/tmp/go-build4085347996/b002=>", "-p", "fmt", "-lang=go1.27", "-std", "-complete", "-buildid", "whCcI_TTDhGKC2tXq26h/whCcI_TTDhG"..., "-goversion", "go1.27.0", "-c=4", "-nolocalimports", "-importcfg", "/tmp/go-build4085347996/b002/imp"..., "-pack", "/opt/hostedtoolcache/go/1.27.0/a"..., "/opt/hostedtoolcache/go/1.27.0/a"..., "/opt/hostedtoolcache/go/1.27.0/a"..., "/opt/hostedtoolcache/go/1.27.0/a"..., "/opt/hostedtoolcache/go/1.27.0/a"...], 0x328365a0a488 /* 140 vars */ <unfinished ...>
9753  <... execve resumed>)             = 0
9165  <... clone resumed>, parent_tid=[18]) = 9754
9754  <... execve resumed>)             = 0
9117  waitid(P_PIDFD, 15,  <unfinished ...>
9165  waitid(P_PIDFD, 18,  <unfinished ...>
9754  clone(child_stack=0x132a20b24000, flags=CLONE_VM|CLONE_FS|CLONE_FILES|CLONE_SIGHAND|CLONE_THREAD|CLONE_SYSVSEM <unfinished ...>
9753  clone(child_stack=0x244b564c8000, flags=CLONE_VM|CLONE_FS|CLONE_FILES|CLONE_SIGHAND|CLONE_THREAD|CLONE_SYSVSEM <unfinished ...>
9754  <... clone resumed>)              = 9755
9753  <... clone resumed>)              = 9756
9754  clone(child_stack=0x132a20b5c000, flags=CLONE_VM|CLONE_FS|CLONE_FILES|CLONE_SIGHAND|CLONE_THREAD|CLONE_SYSVSEM <unfinished ...>
9753  clone(child_stack=0x244b56500000, flags=CLONE_VM|CLONE_FS|CLONE_FILES|CLONE_SIGHAND|CLONE_THREAD|CLONE_SYSVSEM <unfinished ...>
9754  <... clone resumed>)              = 9757
9753  <... clone resumed>)              = 9758
9756  tgkill(9753, 9753, SIGURG)        = 0
9755  tgkill(9754, 9754, SIGURG <unfinished ...>
9753  clone(child_stack=0x244b564fc000, flags=CLONE_VM|CLONE_FS|CLONE_FILES|CLONE_SIGHAND|CLONE_THREAD|CLONE_SYSVSEM <unfinished ...>
9755  <... tgkill resumed>)             = 0
9754  clone(child_stack=0x132a20b58000, flags=CLONE_VM|CLONE_FS|CLONE_FILES|CLONE_SIGHAND|CLONE_THREAD|CLONE_SYSVSEM <unfinished ...>
9753  <... clone resumed>)              = 9759
9754  <... clone resumed>)              = 9760
9753  --- SIGURG {si_signo=SIGURG, si_code=SI_TKILL, si_pid=9753, si_uid=1001} ---
9754  --- SIGURG {si_signo=SIGURG, si_code=SI_TKILL, si_pid=9754, si_uid=1001} ---
9758  clone(child_stack=0x244b56598000, flags=CLONE_VM|CLONE_FS|CLONE_FILES|CLONE_SIGHAND|CLONE_THREAD|CLONE_SYSVSEM <unfinished ...>
9757  clone(child_stack=0x132a20b98000, flags=CLONE_VM|CLONE_FS|CLONE_FILES|CLONE_SIGHAND|CLONE_THREAD|CLONE_SYSVSEM <unfinished ...>
9758  <... clone resumed>)              = 9761
9757  <... clone resumed>)              = 9762
9754  clone(child_stack=0x132a20b94000, flags=CLONE_VM|CLONE_FS|CLONE_FILES|CLONE_SIGHAND|CLONE_THREAD|CLONE_SYSVSEM) = 9763
9755  tgkill(9754, 9763, SIGURG)        = 0
9763  --- SIGURG {si_signo=SIGURG, si_code=SI_TKILL, si_pid=9754, si_uid=1001} ---
9756  tgkill(9753, 9761, SIGURG)        = 0
9761  --- SIGURG {si_signo=SIGURG, si_code=SI_TKILL, si_pid=9753, si_uid=1001} ---
9755  tgkill(9754, 9754, SIGURG)        = 0
9754  --- SIGURG {si_signo=SIGURG, si_code=SI_TKILL, si_pid=9754, si_uid=1001} ---
9756  tgkill(9753, 9758, SIGURG)        = 0
9758  --- SIGURG {si_signo=SIGURG, si_code=SI_TKILL, si_pid=9753, si_uid=1001} ---
9756  tgkill(9753, 9761, SIGURG <unfinished ...>
9761  --- SIGURG {si_signo=SIGURG, si_code=SI_TKILL, si_pid=9753, si_uid=1001} ---
9756  <... tgkill resumed>)             = 0
9756  tgkill(9753, 9761, SIGURG)        = 0
9761  --- SIGURG {si_signo=SIGURG, si_code=SI_TKILL, si_pid=9753, si_uid=1001} ---
9753  exit_group(0)                     = ?
9761  +++ exited with 0 +++
9759  +++ exited with 0 +++
9758  +++ exited with 0 +++
9756  +++ exited with 0 +++
9753  +++ exited with 0 +++
9120  --- SIGCHLD {si_signo=SIGCHLD, si_code=CLD_EXITED, si_pid=9753, si_uid=1001, si_status=0, si_utime=7 /* 0.07 s */, si_stime=1 /* 0.01 s */} ---
9117  <... waitid resumed>{si_signo=SIGCHLD, si_code=CLD_EXITED, si_pid=9753, si_uid=1001, si_status=0, si_utime=0, si_stime=0}, WEXITED, {ru_utime={tv_sec=0, tv_usec=69509}, ru_stime={tv_sec=0, tv_usec=12550}, ...}) = 0
9755  tgkill(9754, 9763, SIGURG)        = 0
9763  --- SIGURG {si_signo=SIGURG, si_code=SI_TKILL, si_pid=9754, si_uid=1001} ---
9120  clone(child_stack=NULL, flags=CLONE_VM|CLONE_PIDFD|CLONE_VFORK|SIGCHLD <unfinished ...>
9764  execve("/opt/hostedtoolcache/go/1.27.0/arm64/pkg/tool/linux_arm64/compile", ["/opt/hostedtoolcache/go/1.27.0/a"..., "-o", "/tmp/go-build4085347996/b064/_pk"..., "-trimpath", "/tmp/go-build4085347996/b064=>", "-p", "os/exec", "-lang=go1.27", "-std", "-complete", "-buildid", "WGXMEnifNKtpl8907z7B/WGXMEnifNKt"..., "-goversion", "go1.27.0", "-c=4", "-nolocalimports", "-importcfg", "/tmp/go-build4085347996/b064/imp"..., "-pack", "/opt/hostedtoolcache/go/1.27.0/a"..., "/opt/hostedtoolcache/go/1.27.0/a"..., "/opt/hostedtoolcache/go/1.27.0/a"..., "/opt/hostedtoolcache/go/1.27.0/a"...], 0x328365a0a908 /* 140 vars */ <unfinished ...>
9120  <... clone resumed>, parent_tid=[13]) = 9764
9764  <... execve resumed>)             = 0
9120  waitid(P_PIDFD, 13,  <unfinished ...>
9764  clone(child_stack=0x40df02e82000, flags=CLONE_VM|CLONE_FS|CLONE_FILES|CLONE_SIGHAND|CLONE_THREAD|CLONE_SYSVSEM) = 9765
9764  clone(child_stack=0x40df02eba000, flags=CLONE_VM|CLONE_FS|CLONE_FILES|CLONE_SIGHAND|CLONE_THREAD|CLONE_SYSVSEM <unfinished ...>
9765  tgkill(9764, 9764, SIGURG)        = 0
9764  <... clone resumed>)              = 9766
9764  --- SIGURG {si_signo=SIGURG, si_code=SI_TKILL, si_pid=9764, si_uid=1001} ---
9764  clone(child_stack=0x40df02eb6000, flags=CLONE_VM|CLONE_FS|CLONE_FILES|CLONE_SIGHAND|CLONE_THREAD|CLONE_SYSVSEM) = 9767
9766  clone(child_stack=0x40df02f18000, flags=CLONE_VM|CLONE_FS|CLONE_FILES|CLONE_SIGHAND|CLONE_THREAD|CLONE_SYSVSEM) = 9768
9755  tgkill(9754, 9754, SIGURG)        = 0
9754  --- SIGURG {si_signo=SIGURG, si_code=SI_TKILL, si_pid=9754, si_uid=1001} ---
9765  clone(child_stack=0x40df02ed4000, flags=CLONE_VM|CLONE_FS|CLONE_FILES|CLONE_SIGHAND|CLONE_THREAD|CLONE_SYSVSEM) = 9769
9755  tgkill(9754, 9763, SIGURG <unfinished ...>
9763  --- SIGURG {si_signo=SIGURG, si_code=SI_TKILL, si_pid=9754, si_uid=1001} ---
9755  <... tgkill resumed>)             = 0
9755  tgkill(9754, 9762, SIGURG <unfinished ...>
9762  --- SIGURG {si_signo=SIGURG, si_code=SI_TKILL, si_pid=9754, si_uid=1001} ---
9755  <... tgkill resumed>)             = 0
9765  tgkill(9764, 9766, SIGURG)        = 0
9766  --- SIGURG {si_signo=SIGURG, si_code=SI_TKILL, si_pid=9764, si_uid=1001} ---
9755  tgkill(9754, 9754, SIGURG)        = 0
9754  --- SIGURG {si_signo=SIGURG, si_code=SI_TKILL, si_pid=9754, si_uid=1001} ---
9755  tgkill(9754, 9763, SIGURG)        = 0
9763  --- SIGURG {si_signo=SIGURG, si_code=SI_TKILL, si_pid=9754, si_uid=1001} ---
9755  tgkill(9754, 9757, SIGURG)        = 0
9755  tgkill(9754, 9762, SIGURG)        = 0
9762  --- SIGURG {si_signo=SIGURG, si_code=SI_TKILL, si_pid=9754, si_uid=1001} ---
9757  --- SIGURG {si_signo=SIGURG, si_code=SI_TKILL, si_pid=9754, si_uid=1001} ---
9765  tgkill(9764, 9766, SIGURG)        = 0
9766  --- SIGURG {si_signo=SIGURG, si_code=SI_TKILL, si_pid=9764, si_uid=1001} ---
9755  tgkill(9754, 9754, SIGURG)        = 0
9754  --- SIGURG {si_signo=SIGURG, si_code=SI_TKILL, si_pid=9754, si_uid=1001} ---
9754  exit_group(0)                     = ?
9763  +++ exited with 0 +++
9762  +++ exited with 0 +++
9760  +++ exited with 0 +++
9755  +++ exited with 0 +++
9765  tgkill(9764, 9769, SIGURG <unfinished ...>
9769  --- SIGURG {si_signo=SIGURG, si_code=SI_TKILL, si_pid=9764, si_uid=1001} ---
9765  <... tgkill resumed>)             = 0
9757  +++ exited with 0 +++
9754  +++ exited with 0 +++
9117  --- SIGCHLD {si_signo=SIGCHLD, si_code=CLD_EXITED, si_pid=9754, si_uid=1001, si_status=0, si_utime=22 /* 0.22 s */, si_stime=3 /* 0.03 s */} ---
9165  <... waitid resumed>{si_signo=SIGCHLD, si_code=CLD_EXITED, si_pid=9754, si_uid=1001, si_status=0, si_utime=0, si_stime=0}, WEXITED, {ru_utime={tv_sec=0, tv_usec=219191}, ru_stime={tv_sec=0, tv_usec=35544}, ...}) = 0
9765  tgkill(9764, 9769, SIGURG)        = 0
9769  --- SIGURG {si_signo=SIGURG, si_code=SI_TKILL, si_pid=9764, si_uid=1001} ---
9765  tgkill(9764, 9766, SIGURG)        = 0
9766  --- SIGURG {si_signo=SIGURG, si_code=SI_TKILL, si_pid=9764, si_uid=1001} ---
9765  tgkill(9764, 9768, SIGURG)        = 0
9768  --- SIGURG {si_signo=SIGURG, si_code=SI_TKILL, si_pid=9764, si_uid=1001} ---
9765  tgkill(9764, 9764, SIGURG)        = 0
9764  --- SIGURG {si_signo=SIGURG, si_code=SI_TKILL, si_pid=9764, si_uid=1001} ---
9766  exit_group(0)                     = ?
9768  +++ exited with 0 +++
9767  +++ exited with 0 +++
9769  +++ exited with 0 +++
9766  +++ exited with 0 +++
9765  +++ exited with 0 +++
9764  +++ exited with 0 +++
9120  <... waitid resumed>{si_signo=SIGCHLD, si_code=CLD_EXITED, si_pid=9764, si_uid=1001, si_status=0, si_utime=0, si_stime=0}, WEXITED, {ru_utime={tv_sec=0, tv_usec=83671}, ru_stime={tv_sec=0, tv_usec=19064}, ...}) = 0
9165  --- SIGCHLD {si_signo=SIGCHLD, si_code=CLD_EXITED, si_pid=9764, si_uid=1001, si_status=0, si_utime=7 /* 0.07 s */, si_stime=1 /* 0.01 s */} ---
9165  clone(child_stack=NULL, flags=CLONE_VM|CLONE_PIDFD|CLONE_VFORK|SIGCHLD <unfinished ...>
9770  execve("/opt/hostedtoolcache/go/1.27.0/arm64/pkg/tool/linux_arm64/compile", ["/opt/hostedtoolcache/go/1.27.0/a"..., "-o", "/tmp/go-build4085347996/b061/_pk"..., "-trimpath", "/tmp/go-build4085347996/b061=>", "-p", "github.com/type-rb/type-rb-nativ"..., "-lang=go1.27", "-complete", "-buildid", "IGTLvvpAHaKpsxmHaNa5/IGTLvvpAHaK"..., "-goversion", "go1.27.0", "-c=4", "-nolocalimports", "-importcfg", "/tmp/go-build4085347996/b061/imp"..., "-pack", "/tmp/trb-build-120467813/trb/std"...], 0x3283656ff688 /* 140 vars */ <unfinished ...>
9165  <... clone resumed>, parent_tid=[12]) = 9770
9770  <... execve resumed>)             = 0
9165  waitid(P_PIDFD, 12,  <unfinished ...>
9770  clone(child_stack=0x1db86eaa6000, flags=CLONE_VM|CLONE_FS|CLONE_FILES|CLONE_SIGHAND|CLONE_THREAD|CLONE_SYSVSEM) = 9771
9770  clone(child_stack=0x1db86eade000, flags=CLONE_VM|CLONE_FS|CLONE_FILES|CLONE_SIGHAND|CLONE_THREAD|CLONE_SYSVSEM) = 9772
9771  tgkill(9770, 9770, SIGURG)        = 0
9770  clone(child_stack=0x1db86eada000, flags=CLONE_VM|CLONE_FS|CLONE_FILES|CLONE_SIGHAND|CLONE_THREAD|CLONE_SYSVSEM) = 9773
9770  --- SIGURG {si_signo=SIGURG, si_code=SI_TKILL, si_pid=9770, si_uid=1001} ---
9772  clone(child_stack=0x1db86eb18000, flags=CLONE_VM|CLONE_FS|CLONE_FILES|CLONE_SIGHAND|CLONE_THREAD|CLONE_SYSVSEM) = 9774
9771  tgkill(9770, 9770, SIGURG)        = 0
9770  --- SIGURG {si_signo=SIGURG, si_code=SI_TKILL, si_pid=9770, si_uid=1001} ---
9774  exit_group(0)                     = ?
9774  +++ exited with 0 +++
9773  +++ exited with 0 +++
9772  +++ exited with 0 +++
9771  +++ exited with 0 +++
9770  +++ exited with 0 +++
9120  --- SIGCHLD {si_signo=SIGCHLD, si_code=CLD_EXITED, si_pid=9770, si_uid=1001, si_status=0, si_utime=2 /* 0.02 s */, si_stime=1 /* 0.01 s */} ---
9165  <... waitid resumed>{si_signo=SIGCHLD, si_code=CLD_EXITED, si_pid=9770, si_uid=1001, si_status=0, si_utime=0, si_stime=0}, WEXITED, {ru_utime={tv_sec=0, tv_usec=22761}, ru_stime={tv_sec=0, tv_usec=11380}, ...}) = 0
9120  clone(child_stack=NULL, flags=CLONE_VM|CLONE_PIDFD|CLONE_VFORK|SIGCHLD <unfinished ...>
9775  execve("/opt/hostedtoolcache/go/1.27.0/arm64/pkg/tool/linux_arm64/compile", ["/opt/hostedtoolcache/go/1.27.0/a"..., "-o", "/tmp/go-build4085347996/b001/_pk"..., "-trimpath", "/tmp/go-build4085347996/b001=>", "-p", "main", "-lang=go1.27", "-complete", "-buildid", "1DJDUXuQAdz14K17PHRB/1DJDUXuQAdz"..., "-goversion", "go1.27.0", "-c=4", "-nolocalimports", "-importcfg", "/tmp/go-build4085347996/b001/imp"..., "-pack", "/tmp/trb-build-120467813/main.go"], 0x328365a0ad88 /* 140 vars */ <unfinished ...>
9120  <... clone resumed>, parent_tid=[12]) = 9775
9775  <... execve resumed>)             = 0
9120  waitid(P_PIDFD, 12,  <unfinished ...>
9775  clone(child_stack=0x6d090dcea000, flags=CLONE_VM|CLONE_FS|CLONE_FILES|CLONE_SIGHAND|CLONE_THREAD|CLONE_SYSVSEM) = 9776
9775  clone(child_stack=0x6d090dd22000, flags=CLONE_VM|CLONE_FS|CLONE_FILES|CLONE_SIGHAND|CLONE_THREAD|CLONE_SYSVSEM) = 9777
9776  tgkill(9775, 9775, SIGURG)        = 0
9775  clone(child_stack=0x6d090dd1e000, flags=CLONE_VM|CLONE_FS|CLONE_FILES|CLONE_SIGHAND|CLONE_THREAD|CLONE_SYSVSEM) = 9778
9775  --- SIGURG {si_signo=SIGURG, si_code=SI_TKILL, si_pid=9775, si_uid=1001} ---
9777  clone(child_stack=0x6d090dd98000, flags=CLONE_VM|CLONE_FS|CLONE_FILES|CLONE_SIGHAND|CLONE_THREAD|CLONE_SYSVSEM) = 9779
9776  tgkill(9775, 9775, SIGURG)        = 0
9775  --- SIGURG {si_signo=SIGURG, si_code=SI_TKILL, si_pid=9775, si_uid=1001} ---
9777  exit_group(0)                     = ?
9778  +++ exited with 0 +++
9779  +++ exited with 0 +++
9777  +++ exited with 0 +++
9776  +++ exited with 0 +++
9775  +++ exited with 0 +++
9120  <... waitid resumed>{si_signo=SIGCHLD, si_code=CLD_EXITED, si_pid=9775, si_uid=1001, si_status=0, si_utime=0, si_stime=0}, WEXITED, {ru_utime={tv_sec=0, tv_usec=26828}, ru_stime={tv_sec=0, tv_usec=10731}, ...}) = 0
9117  --- SIGCHLD {si_signo=SIGCHLD, si_code=CLD_EXITED, si_pid=9775, si_uid=1001, si_status=0, si_utime=2 /* 0.02 s */, si_stime=1 /* 0.01 s */} ---
9117  clone(child_stack=NULL, flags=CLONE_VM|CLONE_PIDFD|CLONE_VFORK|SIGCHLD <unfinished ...>
9780  execve("/opt/hostedtoolcache/go/1.27.0/arm64/pkg/tool/linux_arm64/link", ["/opt/hostedtoolcache/go/1.27.0/a"..., "-V=full"], 0x3283654cb208 /* 139 vars */ <unfinished ...>
9117  <... clone resumed>, parent_tid=[14]) = 9780
9780  <... execve resumed>)             = 0
9117  waitid(P_PIDFD, 14,  <unfinished ...>
9780  clone(child_stack=0x2f977d076000, flags=CLONE_VM|CLONE_FS|CLONE_FILES|CLONE_SIGHAND|CLONE_THREAD|CLONE_SYSVSEM) = 9781
9781  tgkill(9780, 9780, SIGURG)        = 0
9780  --- SIGURG {si_signo=SIGURG, si_code=SI_TKILL, si_pid=9780, si_uid=1001} ---
9780  clone(child_stack=0x2f977d0ac000, flags=CLONE_VM|CLONE_FS|CLONE_FILES|CLONE_SIGHAND|CLONE_THREAD|CLONE_SYSVSEM) = 9782
9780  clone(child_stack=0x2f977d0a8000, flags=CLONE_VM|CLONE_FS|CLONE_FILES|CLONE_SIGHAND|CLONE_THREAD|CLONE_SYSVSEM) = 9783
9782  clone(child_stack=0x2f977d118000, flags=CLONE_VM|CLONE_FS|CLONE_FILES|CLONE_SIGHAND|CLONE_THREAD|CLONE_SYSVSEM) = 9784
9780  exit_group(0)                     = ?
9784  +++ exited with 0 +++
9783  +++ exited with 0 +++
9782  +++ exited with 0 +++
9781  +++ exited with 0 +++
9780  +++ exited with 0 +++
9165  --- SIGCHLD {si_signo=SIGCHLD, si_code=CLD_EXITED, si_pid=9780, si_uid=1001, si_status=0, si_utime=0, si_stime=0} ---
9117  <... waitid resumed>{si_signo=SIGCHLD, si_code=CLD_EXITED, si_pid=9780, si_uid=1001, si_status=0, si_utime=0, si_stime=0}, WEXITED, {ru_utime={tv_sec=0, tv_usec=0}, ru_stime={tv_sec=0, tv_usec=6468}, ...}) = 0
9120  clone(child_stack=NULL, flags=CLONE_VM|CLONE_PIDFD|CLONE_VFORK|SIGCHLD <unfinished ...>
9785  execve("/opt/hostedtoolcache/go/1.27.0/arm64/pkg/tool/linux_arm64/link", ["/opt/hostedtoolcache/go/1.27.0/a"..., "-o", "/tmp/go-build4085347996/b001/exe"..., "-importcfg", "/tmp/go-build4085347996/b001/imp"..., "-buildmode=exe", "-buildid=S3GUkySEomX0F5UzzPV3/1D"..., "-extld=gcc", "/tmp/go-build4085347996/b001/_pk"...], 0x328365a0a488 /* 140 vars */ <unfinished ...>
9120  <... clone resumed>, parent_tid=[12]) = 9785
9785  <... execve resumed>)             = 0
9120  waitid(P_PIDFD, 12,  <unfinished ...>
9785  clone(child_stack=0x23865c834000, flags=CLONE_VM|CLONE_FS|CLONE_FILES|CLONE_SIGHAND|CLONE_THREAD|CLONE_SYSVSEM) = 9786
9785  clone(child_stack=0x23865c86c000, flags=CLONE_VM|CLONE_FS|CLONE_FILES|CLONE_SIGHAND|CLONE_THREAD|CLONE_SYSVSEM) = 9787
9786  tgkill(9785, 9785, SIGURG)        = 0
9785  clone(child_stack=0x23865c868000, flags=CLONE_VM|CLONE_FS|CLONE_FILES|CLONE_SIGHAND|CLONE_THREAD|CLONE_SYSVSEM) = 9788
9785  --- SIGURG {si_signo=SIGURG, si_code=SI_TKILL, si_pid=9785, si_uid=1001} ---
9787  clone(child_stack=0x23865c898000, flags=CLONE_VM|CLONE_FS|CLONE_FILES|CLONE_SIGHAND|CLONE_THREAD|CLONE_SYSVSEM) = 9789
9787  tgkill(9785, 9789, SIGURG)        = 0
9789  --- SIGURG {si_signo=SIGURG, si_code=SI_TKILL, si_pid=9785, si_uid=1001} ---
9788  tgkill(9785, 9785, SIGURG)        = 0
9785  --- SIGURG {si_signo=SIGURG, si_code=SI_TKILL, si_pid=9785, si_uid=1001} ---
9788  tgkill(9785, 9787, SIGURG)        = 0
9787  --- SIGURG {si_signo=SIGURG, si_code=SI_TKILL, si_pid=9785, si_uid=1001} ---
9788  tgkill(9785, 9789, SIGURG)        = 0
9789  --- SIGURG {si_signo=SIGURG, si_code=SI_TKILL, si_pid=9785, si_uid=1001} ---
9788  tgkill(9785, 9789, SIGURG)        = 0
9789  --- SIGURG {si_signo=SIGURG, si_code=SI_TKILL, si_pid=9785, si_uid=1001} ---
9788  tgkill(9785, 9789, SIGURG)        = 0
9789  --- SIGURG {si_signo=SIGURG, si_code=SI_TKILL, si_pid=9785, si_uid=1001} ---
9788  tgkill(9785, 9789, SIGURG)        = 0
9789  --- SIGURG {si_signo=SIGURG, si_code=SI_TKILL, si_pid=9785, si_uid=1001} ---
9788  tgkill(9785, 9789, SIGURG)        = 0
9789  --- SIGURG {si_signo=SIGURG, si_code=SI_TKILL, si_pid=9785, si_uid=1001} ---
9785  clone(child_stack=0x23865ccce000, flags=CLONE_VM|CLONE_FS|CLONE_FILES|CLONE_SIGHAND|CLONE_THREAD|CLONE_SYSVSEM) = 9790
9786  tgkill(9785, 9789, SIGURG)        = 0
9789  --- SIGURG {si_signo=SIGURG, si_code=SI_TKILL, si_pid=9785, si_uid=1001} ---
9785  tgkill(9785, 9790, SIGURG)        = 0
9790  --- SIGURG {si_signo=SIGURG, si_code=SI_TKILL, si_pid=9785, si_uid=1001} ---
9789  tgkill(9785, 9790, SIGURG)        = 0
9790  --- SIGURG {si_signo=SIGURG, si_code=SI_TKILL, si_pid=9785, si_uid=1001} ---
9789  tgkill(9785, 9790, SIGURG)        = 0
9790  --- SIGURG {si_signo=SIGURG, si_code=SI_TKILL, si_pid=9785, si_uid=1001} ---
9789  tgkill(9785, 9790, SIGURG)        = 0
9790  --- SIGURG {si_signo=SIGURG, si_code=SI_TKILL, si_pid=9785, si_uid=1001} ---
9786  tgkill(9785, 9790, SIGURG)        = 0
9790  --- SIGURG {si_signo=SIGURG, si_code=SI_TKILL, si_pid=9785, si_uid=1001} ---
9790  tgkill(9785, 9789, SIGURG)        = 0
9789  --- SIGURG {si_signo=SIGURG, si_code=SI_TKILL, si_pid=9785, si_uid=1001} ---
9790  tgkill(9785, 9789, SIGURG)        = 0
9789  --- SIGURG {si_signo=SIGURG, si_code=SI_TKILL, si_pid=9785, si_uid=1001} ---
9790  tgkill(9785, 9789, SIGURG)        = 0
9789  --- SIGURG {si_signo=SIGURG, si_code=SI_TKILL, si_pid=9785, si_uid=1001} ---
9790  tgkill(9785, 9789, SIGURG)        = 0
9789  --- SIGURG {si_signo=SIGURG, si_code=SI_TKILL, si_pid=9785, si_uid=1001} ---
9790  tgkill(9785, 9789, SIGURG)        = 0
9789  --- SIGURG {si_signo=SIGURG, si_code=SI_TKILL, si_pid=9785, si_uid=1001} ---
9790  tgkill(9785, 9789, SIGURG)        = 0
9789  --- SIGURG {si_signo=SIGURG, si_code=SI_TKILL, si_pid=9785, si_uid=1001} ---
9790  tgkill(9785, 9789, SIGURG)        = 0
9789  --- SIGURG {si_signo=SIGURG, si_code=SI_TKILL, si_pid=9785, si_uid=1001} ---
9790  tgkill(9785, 9789, SIGURG)        = 0
9789  --- SIGURG {si_signo=SIGURG, si_code=SI_TKILL, si_pid=9785, si_uid=1001} ---
9790  tgkill(9785, 9789, SIGURG)        = 0
9789  --- SIGURG {si_signo=SIGURG, si_code=SI_TKILL, si_pid=9785, si_uid=1001} ---
9786  tgkill(9785, 9789, SIGURG <unfinished ...>
9789  --- SIGURG {si_signo=SIGURG, si_code=SI_TKILL, si_pid=9785, si_uid=1001} ---
9786  <... tgkill resumed>)             = 0
9785  tgkill(9785, 9789, SIGURG)        = 0
9789  --- SIGURG {si_signo=SIGURG, si_code=SI_TKILL, si_pid=9785, si_uid=1001} ---
9790  tgkill(9785, 9789, SIGURG)        = 0
9789  --- SIGURG {si_signo=SIGURG, si_code=SI_TKILL, si_pid=9785, si_uid=1001} ---
9790  tgkill(9785, 9785, SIGURG)        = 0
9785  --- SIGURG {si_signo=SIGURG, si_code=SI_TKILL, si_pid=9785, si_uid=1001} ---
9790  tgkill(9785, 9788, SIGURG)        = 0
9788  --- SIGURG {si_signo=SIGURG, si_code=SI_TKILL, si_pid=9785, si_uid=1001} ---
9785  tgkill(9785, 9789, SIGURG)        = 0
9789  --- SIGURG {si_signo=SIGURG, si_code=SI_TKILL, si_pid=9785, si_uid=1001} ---
9788  tgkill(9785, 9785, SIGURG)        = 0
9785  --- SIGURG {si_signo=SIGURG, si_code=SI_TKILL, si_pid=9785, si_uid=1001} ---
9790  tgkill(9785, 9788, SIGURG)        = 0
9788  --- SIGURG {si_signo=SIGURG, si_code=SI_TKILL, si_pid=9785, si_uid=1001} ---
9790  tgkill(9785, 9785, SIGURG)        = 0
9790  tgkill(9785, 9789, SIGURG <unfinished ...>
9785  --- SIGURG {si_signo=SIGURG, si_code=SI_TKILL, si_pid=9785, si_uid=1001} ---
9790  <... tgkill resumed>)             = 0
9789  --- SIGURG {si_signo=SIGURG, si_code=SI_TKILL, si_pid=9785, si_uid=1001} ---
9790  tgkill(9785, 9785, SIGURG)        = 0
9785  --- SIGURG {si_signo=SIGURG, si_code=SI_TKILL, si_pid=9785, si_uid=1001} ---
9790  tgkill(9785, 9789, SIGURG)        = 0
9789  --- SIGURG {si_signo=SIGURG, si_code=SI_TKILL, si_pid=9785, si_uid=1001} ---
9790  tgkill(9785, 9785, SIGURG)        = 0
9785  --- SIGURG {si_signo=SIGURG, si_code=SI_TKILL, si_pid=9785, si_uid=1001} ---
9790  tgkill(9785, 9789, SIGURG)        = 0
9789  --- SIGURG {si_signo=SIGURG, si_code=SI_TKILL, si_pid=9785, si_uid=1001} ---
9790  tgkill(9785, 9785, SIGURG)        = 0
9785  --- SIGURG {si_signo=SIGURG, si_code=SI_TKILL, si_pid=9785, si_uid=1001} ---
9790  tgkill(9785, 9785, SIGURG)        = 0
9785  --- SIGURG {si_signo=SIGURG, si_code=SI_TKILL, si_pid=9785, si_uid=1001} ---
9788  tgkill(9785, 9789, SIGURG)        = 0
9789  --- SIGURG {si_signo=SIGURG, si_code=SI_TKILL, si_pid=9785, si_uid=1001} ---
9790  tgkill(9785, 9788, SIGURG)        = 0
9788  --- SIGURG {si_signo=SIGURG, si_code=SI_TKILL, si_pid=9785, si_uid=1001} ---
9788  exit_group(0)                     = ?
9790  +++ exited with 0 +++
9789  +++ exited with 0 +++
9788  +++ exited with 0 +++
9787  +++ exited with 0 +++
9786  +++ exited with 0 +++
9785  +++ exited with 0 +++
9120  <... waitid resumed>{si_signo=SIGCHLD, si_code=CLD_EXITED, si_pid=9785, si_uid=1001, si_status=0, si_utime=0, si_stime=0}, WEXITED, {ru_utime={tv_sec=0, tv_usec=98578}, ru_stime={tv_sec=0, tv_usec=40650}, ...}) = 0
9120  --- SIGCHLD {si_signo=SIGCHLD, si_code=CLD_EXITED, si_pid=9785, si_uid=1001, si_status=0, si_utime=9 /* 0.09 s */, si_stime=4 /* 0.04 s */} ---
9115  tgkill(9114, 9117, SIGURG)        = 0
9117  --- SIGURG {si_signo=SIGURG, si_code=SI_TKILL, si_pid=9114, si_uid=1001} ---
9115  tgkill(9114, 9120, SIGURG)        = 0
9120  --- SIGURG {si_signo=SIGURG, si_code=SI_TKILL, si_pid=9114, si_uid=1001} ---
9115  tgkill(9114, 9118, SIGURG)        = 0
9118  --- SIGURG {si_signo=SIGURG, si_code=SI_TKILL, si_pid=9114, si_uid=1001} ---
9115  tgkill(9114, 9117, SIGURG <unfinished ...>
9117  --- SIGURG {si_signo=SIGURG, si_code=SI_TKILL, si_pid=9114, si_uid=1001} ---
9115  <... tgkill resumed>)             = 0
9118  exit_group(0)                     = ?
9347  +++ exited with 0 +++
9121  +++ exited with 0 +++
9120  +++ exited with 0 +++
9117  +++ exited with 0 +++
9116  +++ exited with 0 +++
9115  +++ exited with 0 +++
9165  +++ exited with 0 +++
9118  +++ exited with 0 +++
9119  +++ exited with 0 +++
9114  +++ exited with 0 +++
9108  <... waitid resumed>{si_signo=SIGCHLD, si_code=CLD_EXITED, si_pid=9114, si_uid=1001, si_status=0, si_utime=0, si_stime=0}, WEXITED, {ru_utime={tv_sec=9, tv_usec=123631}, ru_stime={tv_sec=2, tv_usec=302958}, ...}) = 0
9108  --- SIGCHLD {si_signo=SIGCHLD, si_code=CLD_EXITED, si_pid=9114, si_uid=1001, si_status=0, si_utime=28 /* 0.28 s */, si_stime=57 /* 0.57 s */} ---
9109  exit_group(0)                     = ?
9112  +++ exited with 0 +++
9111  +++ exited with 0 +++
9108  +++ exited with 0 +++
9110  +++ exited with 0 +++
9109  +++ exited with 0 +++
9107  +++ exited with 0 +++
9106  +++ exited with 0 +++
