9964  execve("/home/runner/work/_temp/trb", ["/home/runner/work/_temp/trb", "build", "--compile", "--config", "/home/runner/work/type-rb-native"..., "--outfile", "/home/runner/work/_temp/build-wo"...], 0xfffffb19c5b8 /* 116 vars */) = 0
9964  clone3({flags=CLONE_VM|CLONE_FS|CLONE_FILES|CLONE_SIGHAND|CLONE_THREAD|CLONE_SYSVSEM|CLONE_SETTLS|CLONE_PARENT_SETTID|CLONE_CHILD_CLEARTID, child_tid=0xff38a5b9f250, parent_tid=0xff38a5b9f250, exit_signal=0, stack=0xff38a4b90000, stack_size=0x100ea40, tls=0xff38a5b9f8c0} => {parent_tid=[9965]}, 88) = 9965
9964  clone3({flags=CLONE_VM|CLONE_FS|CLONE_FILES|CLONE_SIGHAND|CLONE_THREAD|CLONE_SYSVSEM|CLONE_SETTLS|CLONE_PARENT_SETTID|CLONE_CHILD_CLEARTID, child_tid=0xff389c9ff250, parent_tid=0xff389c9ff250, exit_signal=0, stack=0xff389b9f0000, stack_size=0x100ea40, tls=0xff389c9ff8c0} => {parent_tid=[9966]}, 88) = 9966
9964  clone3({flags=CLONE_VM|CLONE_FS|CLONE_FILES|CLONE_SIGHAND|CLONE_THREAD|CLONE_SYSVSEM|CLONE_SETTLS|CLONE_PARENT_SETTID|CLONE_CHILD_CLEARTID, child_tid=0xff389ffff250, parent_tid=0xff389ffff250, exit_signal=0, stack=0xff389eff0000, stack_size=0x100ea40, tls=0xff389ffff8c0} => {parent_tid=[9967]}, 88) = 9967
9966  clone3({flags=CLONE_VM|CLONE_FS|CLONE_FILES|CLONE_SIGHAND|CLONE_THREAD|CLONE_SYSVSEM|CLONE_SETTLS|CLONE_PARENT_SETTID|CLONE_CHILD_CLEARTID, child_tid=0xff389efef250, parent_tid=0xff389efef250, exit_signal=0, stack=0xff389dfe0000, stack_size=0x100ea40, tls=0xff389efef8c0} => {parent_tid=[9968]}, 88) = 9968
9965  tgkill(9964, 9966, SIGURG)        = 0
9964  clone3({flags=CLONE_VM|CLONE_FS|CLONE_FILES|CLONE_SIGHAND|CLONE_THREAD|CLONE_SYSVSEM|CLONE_SETTLS|CLONE_PARENT_SETTID|CLONE_CHILD_CLEARTID, child_tid=0xff389dfdf250, parent_tid=0xff389dfdf250, exit_signal=0, stack=0xff389cfd0000, stack_size=0x100ea40, tls=0xff389dfdf8c0} <unfinished ...>
9966  --- SIGURG {si_signo=SIGURG, si_code=SI_TKILL, si_pid=9964, si_uid=1001} ---
9964  <... clone3 resumed> => {parent_tid=[9969]}, 88) = 9969
9965  tgkill(9964, 9964, SIGURG <unfinished ...>
9964  --- SIGURG {si_signo=SIGURG, si_code=SI_TKILL, si_pid=9964, si_uid=1001} ---
9965  <... tgkill resumed>)             = 0
9967  tgkill(9964, 9964, SIGURG)        = 0
9964  --- SIGURG {si_signo=SIGURG, si_code=SI_TKILL, si_pid=9964, si_uid=1001} ---
9966  clone3({flags=CLONE_VM|CLONE_FS|CLONE_FILES|CLONE_SIGHAND|CLONE_THREAD|CLONE_SYSVSEM|CLONE_SETTLS|CLONE_PARENT_SETTID|CLONE_CHILD_CLEARTID, child_tid=0xff389b9ef250, parent_tid=0xff389b9ef250, exit_signal=0, stack=0xff389a9e0000, stack_size=0x100ea40, tls=0xff389b9ef8c0} <unfinished ...>
9964  waitid(P_PIDFD, 7,  <unfinished ...>
9966  <... clone3 resumed> => {parent_tid=[9970]}, 88) = 9970
9964  <... waitid resumed>0x4ed0d261ef98, WEXITED, NULL) = -1 ECHILD (No child processes)
9964  pidfd_send_signal(7, 0, NULL, 0)  = 0
9964  clone(child_stack=NULL, flags=CLONE_VM|CLONE_PIDFD|CLONE_VFORK <unfinished ...>
9971  exit_group(0)                     = ?
9964  <... clone resumed>, parent_tid=[8]) = 9971
9971  +++ exited with 0 +++
9964  waitid(P_PIDFD, 8, {si_signo=SIGCHLD, si_code=CLD_EXITED, si_pid=9971, si_uid=1001, si_status=0, si_utime=0, si_stime=0}, WEXITED|__WCLONE, NULL) = 0
9964  clone(child_stack=NULL, flags=CLONE_VM|CLONE_PIDFD|CLONE_VFORK|SIGCHLD <unfinished ...>
9972  execve("/opt/hostedtoolcache/go/1.27.1/arm64/bin/go", ["go", "build", "-mod=mod", "-o", "/home/runner/work/_temp/build-wo"..., "."], 0x4ed0d2658808 /* 116 vars */ <unfinished ...>
9964  <... clone resumed>, parent_tid=[9]) = 9972
9964  waitid(P_PIDFD, 9,  <unfinished ...>
9972  <... execve resumed>)             = 0
9972  clone(child_stack=0x5bded6114000, flags=CLONE_VM|CLONE_FS|CLONE_FILES|CLONE_SIGHAND|CLONE_THREAD|CLONE_SYSVSEM) = 9973
9972  clone(child_stack=0x5bded614a000, flags=CLONE_VM|CLONE_FS|CLONE_FILES|CLONE_SIGHAND|CLONE_THREAD|CLONE_SYSVSEM) = 9974
9973  tgkill(9972, 9972, SIGURG)        = 0
9972  --- SIGURG {si_signo=SIGURG, si_code=SI_TKILL, si_pid=9972, si_uid=1001} ---
9972  clone(child_stack=0x5bded6146000, flags=CLONE_VM|CLONE_FS|CLONE_FILES|CLONE_SIGHAND|CLONE_THREAD|CLONE_SYSVSEM <unfinished ...>
9974  clone(child_stack=0x5bded6198000, flags=CLONE_VM|CLONE_FS|CLONE_FILES|CLONE_SIGHAND|CLONE_THREAD|CLONE_SYSVSEM <unfinished ...>
9972  <... clone resumed>)              = 9975
9974  <... clone resumed>)              = 9976
9973  tgkill(9972, 9972, SIGURG)        = 0
9972  --- SIGURG {si_signo=SIGURG, si_code=SI_TKILL, si_pid=9972, si_uid=1001} ---
9973  tgkill(9972, 9972, SIGURG)        = 0
9972  --- SIGURG {si_signo=SIGURG, si_code=SI_TKILL, si_pid=9972, si_uid=1001} ---
9973  tgkill(9972, 9972, SIGURG)        = 0
9972  --- SIGURG {si_signo=SIGURG, si_code=SI_TKILL, si_pid=9972, si_uid=1001} ---
9973  clone(child_stack=0x5bded6314000, flags=CLONE_VM|CLONE_FS|CLONE_FILES|CLONE_SIGHAND|CLONE_THREAD|CLONE_SYSVSEM) = 9977
9977  tgkill(9972, 9972, SIGURG)        = 0
9972  --- SIGURG {si_signo=SIGURG, si_code=SI_TKILL, si_pid=9972, si_uid=1001} ---
9972  tgkill(9972, 9975, SIGURG)        = 0
9975  --- SIGURG {si_signo=SIGURG, si_code=SI_TKILL, si_pid=9972, si_uid=1001} ---
9972  tgkill(9972, 9976, SIGURG)        = 0
9976  --- SIGURG {si_signo=SIGURG, si_code=SI_TKILL, si_pid=9972, si_uid=1001} ---
9976  tgkill(9972, 9977, SIGURG)        = 0
9977  --- SIGURG {si_signo=SIGURG, si_code=SI_TKILL, si_pid=9972, si_uid=1001} ---
9976  tgkill(9972, 9975, SIGURG)        = 0
9975  --- SIGURG {si_signo=SIGURG, si_code=SI_TKILL, si_pid=9972, si_uid=1001} ---
9976  tgkill(9972, 9972, SIGURG)        = 0
9972  --- SIGURG {si_signo=SIGURG, si_code=SI_TKILL, si_pid=9972, si_uid=1001} ---
9976  tgkill(9972, 9977, SIGURG)        = 0
9977  --- SIGURG {si_signo=SIGURG, si_code=SI_TKILL, si_pid=9972, si_uid=1001} ---
9973  clone(child_stack=0x5bded6474000, flags=CLONE_VM|CLONE_FS|CLONE_FILES|CLONE_SIGHAND|CLONE_THREAD|CLONE_SYSVSEM) = 9978
9972  tgkill(9972, 9974, SIGURG)        = 0
9974  --- SIGURG {si_signo=SIGURG, si_code=SI_TKILL, si_pid=9972, si_uid=1001} ---
9972  tgkill(9972, 9978, SIGURG)        = 0
9978  --- SIGURG {si_signo=SIGURG, si_code=SI_TKILL, si_pid=9972, si_uid=1001} ---
9972  tgkill(9972, 9974, SIGURG)        = 0
9974  --- SIGURG {si_signo=SIGURG, si_code=SI_TKILL, si_pid=9972, si_uid=1001} ---
9972  tgkill(9972, 9975, SIGURG)        = 0
9975  --- SIGURG {si_signo=SIGURG, si_code=SI_TKILL, si_pid=9972, si_uid=1001} ---
9972  tgkill(9972, 9976, SIGURG)        = 0
9976  --- SIGURG {si_signo=SIGURG, si_code=SI_TKILL, si_pid=9972, si_uid=1001} ---
9972  tgkill(9972, 9974, SIGURG)        = 0
9974  --- SIGURG {si_signo=SIGURG, si_code=SI_TKILL, si_pid=9972, si_uid=1001} ---
9975  tgkill(9972, 9974, SIGURG)        = 0
9974  --- SIGURG {si_signo=SIGURG, si_code=SI_TKILL, si_pid=9972, si_uid=1001} ---
9976  tgkill(9972, 9972, SIGURG)        = 0
9972  --- SIGURG {si_signo=SIGURG, si_code=SI_TKILL, si_pid=9972, si_uid=1001} ---
9976  tgkill(9972, 9975, SIGURG)        = 0
9975  --- SIGURG {si_signo=SIGURG, si_code=SI_TKILL, si_pid=9972, si_uid=1001} ---
9972  tgkill(9972, 9978, SIGURG)        = 0
9978  --- SIGURG {si_signo=SIGURG, si_code=SI_TKILL, si_pid=9972, si_uid=1001} ---
9977  tgkill(9972, 9978, SIGURG)        = 0
9978  --- SIGURG {si_signo=SIGURG, si_code=SI_TKILL, si_pid=9972, si_uid=1001} ---
9977  tgkill(9972, 9974, SIGURG)        = 0
9974  --- SIGURG {si_signo=SIGURG, si_code=SI_TKILL, si_pid=9972, si_uid=1001} ---
9977  tgkill(9972, 9972, SIGURG)        = 0
9972  --- SIGURG {si_signo=SIGURG, si_code=SI_TKILL, si_pid=9972, si_uid=1001} ---
9972  tgkill(9972, 9974, SIGURG)        = 0
9974  --- SIGURG {si_signo=SIGURG, si_code=SI_TKILL, si_pid=9972, si_uid=1001} ---
9978  tgkill(9972, 9977, SIGURG)        = 0
9978  tgkill(9972, 9976, SIGURG <unfinished ...>
9977  --- SIGURG {si_signo=SIGURG, si_code=SI_TKILL, si_pid=9972, si_uid=1001} ---
9978  <... tgkill resumed>)             = 0
9976  --- SIGURG {si_signo=SIGURG, si_code=SI_TKILL, si_pid=9972, si_uid=1001} ---
9976  tgkill(9972, 9977, SIGURG)        = 0
9977  --- SIGURG {si_signo=SIGURG, si_code=SI_TKILL, si_pid=9972, si_uid=1001} ---
9973  clone(child_stack=0x5bded6318000, flags=CLONE_VM|CLONE_FS|CLONE_FILES|CLONE_SIGHAND|CLONE_THREAD|CLONE_SYSVSEM) = 9979
9974  tgkill(9972, 9976, SIGURG)        = 0
9976  --- SIGURG {si_signo=SIGURG, si_code=SI_TKILL, si_pid=9972, si_uid=1001} ---
9974  tgkill(9972, 9979, SIGURG)        = 0
9979  --- SIGURG {si_signo=SIGURG, si_code=SI_TKILL, si_pid=9972, si_uid=1001} ---
9974  tgkill(9972, 9979, SIGURG)        = 0
9979  --- SIGURG {si_signo=SIGURG, si_code=SI_TKILL, si_pid=9972, si_uid=1001} ---
9974  tgkill(9972, 9978, SIGURG)        = 0
9978  --- SIGURG {si_signo=SIGURG, si_code=SI_TKILL, si_pid=9972, si_uid=1001} ---
9974  tgkill(9972, 9976, SIGURG)        = 0
9976  --- SIGURG {si_signo=SIGURG, si_code=SI_TKILL, si_pid=9972, si_uid=1001} ---
9974  tgkill(9972, 9979, SIGURG)        = 0
9979  --- SIGURG {si_signo=SIGURG, si_code=SI_TKILL, si_pid=9972, si_uid=1001} ---
9979  tgkill(9972, 9978, SIGURG)        = 0
9978  --- SIGURG {si_signo=SIGURG, si_code=SI_TKILL, si_pid=9972, si_uid=1001} ---
9979  tgkill(9972, 9977, SIGURG)        = 0
9977  --- SIGURG {si_signo=SIGURG, si_code=SI_TKILL, si_pid=9972, si_uid=1001} ---
9979  tgkill(9972, 9974, SIGURG)        = 0
9974  --- SIGURG {si_signo=SIGURG, si_code=SI_TKILL, si_pid=9972, si_uid=1001} ---
9979  tgkill(9972, 9978, SIGURG)        = 0
9978  --- SIGURG {si_signo=SIGURG, si_code=SI_TKILL, si_pid=9972, si_uid=1001} ---
9978  tgkill(9972, 9977, SIGURG)        = 0
9977  --- SIGURG {si_signo=SIGURG, si_code=SI_TKILL, si_pid=9972, si_uid=1001} ---
9978  tgkill(9972, 9974, SIGURG)        = 0
9974  --- SIGURG {si_signo=SIGURG, si_code=SI_TKILL, si_pid=9972, si_uid=1001} ---
9978  tgkill(9972, 9979, SIGURG)        = 0
9979  --- SIGURG {si_signo=SIGURG, si_code=SI_TKILL, si_pid=9972, si_uid=1001} ---
9978  tgkill(9972, 9977, SIGURG)        = 0
9977  --- SIGURG {si_signo=SIGURG, si_code=SI_TKILL, si_pid=9972, si_uid=1001} ---
9975  tgkill(9972, 9974, SIGURG)        = 0
9974  --- SIGURG {si_signo=SIGURG, si_code=SI_TKILL, si_pid=9972, si_uid=1001} ---
9975  tgkill(9972, 9978, SIGURG)        = 0
9978  --- SIGURG {si_signo=SIGURG, si_code=SI_TKILL, si_pid=9972, si_uid=1001} ---
9975  tgkill(9972, 9976, SIGURG)        = 0
9976  --- SIGURG {si_signo=SIGURG, si_code=SI_TKILL, si_pid=9972, si_uid=1001} ---
9976  tgkill(9972, 9974, SIGURG)        = 0
9974  --- SIGURG {si_signo=SIGURG, si_code=SI_TKILL, si_pid=9972, si_uid=1001} ---
9976  tgkill(9972, 9978, SIGURG)        = 0
9978  --- SIGURG {si_signo=SIGURG, si_code=SI_TKILL, si_pid=9972, si_uid=1001} ---
9978  tgkill(9972, 9979, SIGURG)        = 0
9979  --- SIGURG {si_signo=SIGURG, si_code=SI_TKILL, si_pid=9972, si_uid=1001} ---
9978  tgkill(9972, 9975, SIGURG)        = 0
9975  --- SIGURG {si_signo=SIGURG, si_code=SI_TKILL, si_pid=9972, si_uid=1001} ---
9975  tgkill(9972, 9978, SIGURG)        = 0
9978  --- SIGURG {si_signo=SIGURG, si_code=SI_TKILL, si_pid=9972, si_uid=1001} ---
9973  tgkill(9972, 9978, SIGURG <unfinished ...>
9978  --- SIGURG {si_signo=SIGURG, si_code=SI_TKILL, si_pid=9972, si_uid=1001} ---
9973  <... tgkill resumed>)             = 0
9973  tgkill(9972, 9979, SIGURG)        = 0
9979  --- SIGURG {si_signo=SIGURG, si_code=SI_TKILL, si_pid=9972, si_uid=1001} ---
9973  tgkill(9972, 9979, SIGURG)        = 0
9979  --- SIGURG {si_signo=SIGURG, si_code=SI_TKILL, si_pid=9972, si_uid=1001} ---
9973  tgkill(9972, 9979, SIGURG <unfinished ...>
9979  --- SIGURG {si_signo=SIGURG, si_code=SI_TKILL, si_pid=9972, si_uid=1001} ---
9973  <... tgkill resumed>)             = 0
9973  tgkill(9972, 9979, SIGURG)        = 0
9979  --- SIGURG {si_signo=SIGURG, si_code=SI_TKILL, si_pid=9972, si_uid=1001} ---
9973  tgkill(9972, 9979, SIGURG <unfinished ...>
9979  --- SIGURG {si_signo=SIGURG, si_code=SI_TKILL, si_pid=9972, si_uid=1001} ---
9973  <... tgkill resumed>)             = 0
9973  tgkill(9972, 9979, SIGURG)        = 0
9979  --- SIGURG {si_signo=SIGURG, si_code=SI_TKILL, si_pid=9972, si_uid=1001} ---
9973  tgkill(9972, 9979, SIGURG <unfinished ...>
9979  --- SIGURG {si_signo=SIGURG, si_code=SI_TKILL, si_pid=9972, si_uid=1001} ---
9973  <... tgkill resumed>)             = 0
9979  tgkill(9972, 9978, SIGURG)        = 0
9978  --- SIGURG {si_signo=SIGURG, si_code=SI_TKILL, si_pid=9972, si_uid=1001} ---
9974  tgkill(9972, 9975, SIGURG)        = 0
9975  --- SIGURG {si_signo=SIGURG, si_code=SI_TKILL, si_pid=9972, si_uid=1001} ---
9974  tgkill(9972, 9979, SIGURG)        = 0
9979  --- SIGURG {si_signo=SIGURG, si_code=SI_TKILL, si_pid=9972, si_uid=1001} ---
9973  tgkill(9972, 9974, SIGURG)        = 0
9974  --- SIGURG {si_signo=SIGURG, si_code=SI_TKILL, si_pid=9972, si_uid=1001} ---
9979  tgkill(9972, 9974, SIGURG)        = 0
9974  --- SIGURG {si_signo=SIGURG, si_code=SI_TKILL, si_pid=9972, si_uid=1001} ---
9979  tgkill(9972, 9978, SIGURG)        = 0
9978  --- SIGURG {si_signo=SIGURG, si_code=SI_TKILL, si_pid=9972, si_uid=1001} ---
9978  tgkill(9972, 9979, SIGURG)        = 0
9979  --- SIGURG {si_signo=SIGURG, si_code=SI_TKILL, si_pid=9972, si_uid=1001} ---
9978  tgkill(9972, 9974, SIGURG)        = 0
9974  --- SIGURG {si_signo=SIGURG, si_code=SI_TKILL, si_pid=9972, si_uid=1001} ---
9978  tgkill(9972, 9979, SIGURG)        = 0
9979  --- SIGURG {si_signo=SIGURG, si_code=SI_TKILL, si_pid=9972, si_uid=1001} ---
9978  tgkill(9972, 9974, SIGURG)        = 0
9974  --- SIGURG {si_signo=SIGURG, si_code=SI_TKILL, si_pid=9972, si_uid=1001} ---
9978  tgkill(9972, 9975, SIGURG)        = 0
9975  --- SIGURG {si_signo=SIGURG, si_code=SI_TKILL, si_pid=9972, si_uid=1001} ---
9978  tgkill(9972, 9979, SIGURG)        = 0
9979  --- SIGURG {si_signo=SIGURG, si_code=SI_TKILL, si_pid=9972, si_uid=1001} ---
9978  tgkill(9972, 9979, SIGURG)        = 0
9979  --- SIGURG {si_signo=SIGURG, si_code=SI_TKILL, si_pid=9972, si_uid=1001} ---
9978  waitid(P_PIDFD, 12, 0x5bded62c91c8, WEXITED, NULL) = -1 ECHILD (No child processes)
9978  pidfd_send_signal(12, 0, NULL, 0) = 0
9978  clone(child_stack=NULL, flags=CLONE_VM|CLONE_PIDFD|CLONE_VFORK <unfinished ...>
9980  exit_group(0)                     = ?
9978  <... clone resumed>, parent_tid=[13]) = 9980
9980  +++ exited with 0 +++
9978  waitid(P_PIDFD, 13, {si_signo=SIGCHLD, si_code=CLD_EXITED, si_pid=9980, si_uid=1001, si_status=0, si_utime=0, si_stime=0}, WEXITED|__WCLONE, NULL) = 0
9978  clone(child_stack=NULL, flags=CLONE_VM|CLONE_PIDFD|CLONE_VFORK|SIGCHLD <unfinished ...>
9981  execve("/opt/hostedtoolcache/go/1.27.1/arm64/pkg/tool/linux_arm64/compile", ["/opt/hostedtoolcache/go/1.27.1/a"..., "-V=full"], 0x5bded622ad88 /* 139 vars */ <unfinished ...>
9978  <... clone resumed>, parent_tid=[14]) = 9981
9981  <... execve resumed>)             = 0
9978  waitid(P_PIDFD, 14,  <unfinished ...>
9981  clone(child_stack=0x767a64226000, flags=CLONE_VM|CLONE_FS|CLONE_FILES|CLONE_SIGHAND|CLONE_THREAD|CLONE_SYSVSEM) = 9982
9982  tgkill(9981, 9981, SIGURG)        = 0
9981  --- SIGURG {si_signo=SIGURG, si_code=SI_TKILL, si_pid=9981, si_uid=1001} ---
9982  tgkill(9981, 9981, SIGURG)        = 0
9981  --- SIGURG {si_signo=SIGURG, si_code=SI_TKILL, si_pid=9981, si_uid=1001} ---
9981  clone(child_stack=0x767a6425c000, flags=CLONE_VM|CLONE_FS|CLONE_FILES|CLONE_SIGHAND|CLONE_THREAD|CLONE_SYSVSEM) = 9983
9981  clone(child_stack=0x767a64258000, flags=CLONE_VM|CLONE_FS|CLONE_FILES|CLONE_SIGHAND|CLONE_THREAD|CLONE_SYSVSEM) = 9984
9983  clone(child_stack=0x767a64298000, flags=CLONE_VM|CLONE_FS|CLONE_FILES|CLONE_SIGHAND|CLONE_THREAD|CLONE_SYSVSEM) = 9985
9982  tgkill(9981, 9981, SIGURG)        = 0
9981  --- SIGURG {si_signo=SIGURG, si_code=SI_TKILL, si_pid=9981, si_uid=1001} ---
9981  exit_group(0)                     = ?
9985  +++ exited with 0 +++
9984  +++ exited with 0 +++
9983  +++ exited with 0 +++
9982  +++ exited with 0 +++
9981  +++ exited with 0 +++
9978  <... waitid resumed>{si_signo=SIGCHLD, si_code=CLD_EXITED, si_pid=9981, si_uid=1001, si_status=0, si_utime=0, si_stime=0}, WEXITED, {ru_utime={tv_sec=0, tv_usec=5355}, ru_stime={tv_sec=0, tv_usec=3570}, ...}) = 0
9973  --- SIGCHLD {si_signo=SIGCHLD, si_code=CLD_EXITED, si_pid=9981, si_uid=1001, si_status=0, si_utime=0, si_stime=0} ---
9975  tgkill(9972, 9978, SIGURG)        = 0
9978  --- SIGURG {si_signo=SIGURG, si_code=SI_TKILL, si_pid=9972, si_uid=1001} ---
9975  tgkill(9972, 9979, SIGURG)        = 0
9979  --- SIGURG {si_signo=SIGURG, si_code=SI_TKILL, si_pid=9972, si_uid=1001} ---
9979  tgkill(9972, 9974, SIGURG)        = 0
9974  --- SIGURG {si_signo=SIGURG, si_code=SI_TKILL, si_pid=9972, si_uid=1001} ---
9979  tgkill(9972, 9972, SIGURG)        = 0
9972  --- SIGURG {si_signo=SIGURG, si_code=SI_TKILL, si_pid=9972, si_uid=1001} ---
9979  tgkill(9972, 9975, SIGURG)        = 0
9975  --- SIGURG {si_signo=SIGURG, si_code=SI_TKILL, si_pid=9972, si_uid=1001} ---
9972  tgkill(9972, 9979, SIGURG)        = 0
9979  --- SIGURG {si_signo=SIGURG, si_code=SI_TKILL, si_pid=9972, si_uid=1001} ---
9972  tgkill(9972, 9974, SIGURG)        = 0
9974  --- SIGURG {si_signo=SIGURG, si_code=SI_TKILL, si_pid=9972, si_uid=1001} ---
9972  tgkill(9972, 9975, SIGURG)        = 0
9975  --- SIGURG {si_signo=SIGURG, si_code=SI_TKILL, si_pid=9972, si_uid=1001} ---
9972  tgkill(9972, 9979, SIGURG <unfinished ...>
9979  --- SIGURG {si_signo=SIGURG, si_code=SI_TKILL, si_pid=9972, si_uid=1001} ---
9972  <... tgkill resumed>)             = 0
9972  tgkill(9972, 9974, SIGURG)        = 0
9974  --- SIGURG {si_signo=SIGURG, si_code=SI_TKILL, si_pid=9972, si_uid=1001} ---
9972  tgkill(9972, 9975, SIGURG)        = 0
9975  --- SIGURG {si_signo=SIGURG, si_code=SI_TKILL, si_pid=9972, si_uid=1001} ---
9972  tgkill(9972, 9975, SIGURG <unfinished ...>
9975  --- SIGURG {si_signo=SIGURG, si_code=SI_TKILL, si_pid=9972, si_uid=1001} ---
9972  <... tgkill resumed>)             = 0
9979  clone(child_stack=NULL, flags=CLONE_VM|CLONE_PIDFD|CLONE_VFORK|SIGCHLD <unfinished ...>
9978  clone(child_stack=NULL, flags=CLONE_VM|CLONE_PIDFD|CLONE_VFORK|SIGCHLD <unfinished ...>
9975  clone(child_stack=NULL, flags=CLONE_VM|CLONE_PIDFD|CLONE_VFORK|SIGCHLD <unfinished ...>
9974  clone(child_stack=NULL, flags=CLONE_VM|CLONE_PIDFD|CLONE_VFORK|SIGCHLD <unfinished ...>
9986  execve("/opt/hostedtoolcache/go/1.27.1/arm64/pkg/tool/linux_arm64/asm", ["/opt/hostedtoolcache/go/1.27.1/a"..., "-V=full"], 0x5bded6518d88 /* 139 vars */ <unfinished ...>
9979  <... clone resumed>, parent_tid=[17]) = 9986
9986  <... execve resumed>)             = 0
9989  execve("/opt/hostedtoolcache/go/1.27.1/arm64/pkg/tool/linux_arm64/compile", ["/opt/hostedtoolcache/go/1.27.1/a"..., "-o", "/tmp/go-build3326039643/b008/_pk"..., "-trimpath", "/tmp/go-build3326039643/b008=>", "-p", "internal/unsafeheader", "-lang=go1.27", "-std", "-complete", "-buildid", "qC3NJ6-dytwpwDuYJchb/qC3NJ6-dytw"..., "-goversion", "go1.27.1", "-c=4", "-nolocalimports", "-importcfg", "/tmp/go-build3326039643/b008/imp"..., "-pack", "/opt/hostedtoolcache/go/1.27.1/a"...], 0x5bded64e5b08 /* 140 vars */ <unfinished ...>
9974  <... clone resumed>, parent_tid=[32]) = 9989
9989  <... execve resumed>)             = 0
9988  execve("/opt/hostedtoolcache/go/1.27.1/arm64/pkg/tool/linux_arm64/compile", ["/opt/hostedtoolcache/go/1.27.1/a"..., "-o", "/tmp/go-build3326039643/b012/_pk"..., "-trimpath", "/tmp/go-build3326039643/b012=>", "-p", "internal/byteorder", "-lang=go1.27", "-std", "-complete", "-buildid", "-h5owEDwHj1jNIZSNaNO/-h5owEDwHj1"..., "-goversion", "go1.27.1", "-c=4", "-nolocalimports", "-importcfg", "/tmp/go-build3326039643/b012/imp"..., "-pack", "/opt/hostedtoolcache/go/1.27.1/a"...], 0x5bded65e4d88 /* 140 vars */ <unfinished ...>
9975  <... clone resumed>, parent_tid=[31]) = 9988
9988  <... execve resumed>)             = 0
9987  execve("/opt/hostedtoolcache/go/1.27.1/arm64/pkg/tool/linux_arm64/compile", ["/opt/hostedtoolcache/go/1.27.1/a"..., "-o", "/tmp/go-build3326039643/b006/_pk"..., "-trimpath", "/tmp/go-build3326039643/b006=>", "-p", "internal/goarch", "-lang=go1.27", "-std", "-complete", "-buildid", "Nvi4zq8qLTsFtYkfLyRL/Nvi4zq8qLTs"..., "-goversion", "go1.27.1", "-c=4", "-nolocalimports", "-importcfg", "/tmp/go-build3326039643/b006/imp"..., "-pack", "/opt/hostedtoolcache/go/1.27.1/a"..., "/opt/hostedtoolcache/go/1.27.1/a"..., "/opt/hostedtoolcache/go/1.27.1/a"...], 0x5bded622a008 /* 140 vars */ <unfinished ...>
9978  <... clone resumed>, parent_tid=[30]) = 9987
9987  <... execve resumed>)             = 0
9975  waitid(P_PIDFD, 31,  <unfinished ...>
9977  waitid(P_PIDFD, 32,  <unfinished ...>
9979  waitid(P_PIDFD, 17,  <unfinished ...>
9978  waitid(P_PIDFD, 30,  <unfinished ...>
9973  clone(child_stack=0x5bded6470000, flags=CLONE_VM|CLONE_FS|CLONE_FILES|CLONE_SIGHAND|CLONE_THREAD|CLONE_SYSVSEM) = 9990
9989  clone(child_stack=0x64284a01a000, flags=CLONE_VM|CLONE_FS|CLONE_FILES|CLONE_SIGHAND|CLONE_THREAD|CLONE_SYSVSEM) = 9991
9989  clone(child_stack=0x64284a052000, flags=CLONE_VM|CLONE_FS|CLONE_FILES|CLONE_SIGHAND|CLONE_THREAD|CLONE_SYSVSEM) = 9992
9991  tgkill(9989, 9989, SIGURG)        = 0
9989  clone(child_stack=0x64284a04e000, flags=CLONE_VM|CLONE_FS|CLONE_FILES|CLONE_SIGHAND|CLONE_THREAD|CLONE_SYSVSEM) = 9993
9988  clone(child_stack=0x2370c1842000, flags=CLONE_VM|CLONE_FS|CLONE_FILES|CLONE_SIGHAND|CLONE_THREAD|CLONE_SYSVSEM <unfinished ...>
9989  --- SIGURG {si_signo=SIGURG, si_code=SI_TKILL, si_pid=9989, si_uid=1001} ---
9988  <... clone resumed>)              = 9994
9988  clone(child_stack=0x2370c187a000, flags=CLONE_VM|CLONE_FS|CLONE_FILES|CLONE_SIGHAND|CLONE_THREAD|CLONE_SYSVSEM <unfinished ...>
9992  clone(child_stack=0x64284a098000, flags=CLONE_VM|CLONE_FS|CLONE_FILES|CLONE_SIGHAND|CLONE_THREAD|CLONE_SYSVSEM <unfinished ...>
9988  <... clone resumed>)              = 9995
9992  <... clone resumed>)              = 9996
9994  tgkill(9988, 9988, SIGURG)        = 0
9988  clone(child_stack=0x2370c1876000, flags=CLONE_VM|CLONE_FS|CLONE_FILES|CLONE_SIGHAND|CLONE_THREAD|CLONE_SYSVSEM) = 9997
9988  --- SIGURG {si_signo=SIGURG, si_code=SI_TKILL, si_pid=9988, si_uid=1001} ---
9987  clone(child_stack=0x4d34e536e000, flags=CLONE_VM|CLONE_FS|CLONE_FILES|CLONE_SIGHAND|CLONE_THREAD|CLONE_SYSVSEM) = 9998
9995  clone(child_stack=0x2370c18a0000, flags=CLONE_VM|CLONE_FS|CLONE_FILES|CLONE_SIGHAND|CLONE_THREAD|CLONE_SYSVSEM) = 9999
9987  clone(child_stack=0x4d34e53a6000, flags=CLONE_VM|CLONE_FS|CLONE_FILES|CLONE_SIGHAND|CLONE_THREAD|CLONE_SYSVSEM) = 10000
9987  clone(child_stack=0x4d34e53a2000, flags=CLONE_VM|CLONE_FS|CLONE_FILES|CLONE_SIGHAND|CLONE_THREAD|CLONE_SYSVSEM) = 10001
9986  clone(child_stack=0x2dff9f61c000, flags=CLONE_VM|CLONE_FS|CLONE_FILES|CLONE_SIGHAND|CLONE_THREAD|CLONE_SYSVSEM) = 10002
9986  clone(child_stack=0x2dff9f652000, flags=CLONE_VM|CLONE_FS|CLONE_FILES|CLONE_SIGHAND|CLONE_THREAD|CLONE_SYSVSEM) = 10003
10002 tgkill(9986, 9986, SIGURG)        = 0
9986  --- SIGURG {si_signo=SIGURG, si_code=SI_TKILL, si_pid=9986, si_uid=1001} ---
10003 clone(child_stack=0x2dff9f64e000, flags=CLONE_VM|CLONE_FS|CLONE_FILES|CLONE_SIGHAND|CLONE_THREAD|CLONE_SYSVSEM <unfinished ...>
10002 tgkill(9986, 9986, SIGURG)        = 0
10001 clone(child_stack=0x4d34e53f4000, flags=CLONE_VM|CLONE_FS|CLONE_FILES|CLONE_SIGHAND|CLONE_THREAD|CLONE_SYSVSEM <unfinished ...>
10003 <... clone resumed>)              = 10004
10001 <... clone resumed>)              = 10005
10004 clone(child_stack=0x2dff9f718000, flags=CLONE_VM|CLONE_FS|CLONE_FILES|CLONE_SIGHAND|CLONE_THREAD|CLONE_SYSVSEM) = 10006
9986  --- SIGURG {si_signo=SIGURG, si_code=SI_TKILL, si_pid=9986, si_uid=1001} ---
10002 tgkill(9986, 9986, SIGURG)        = 0
9986  --- SIGURG {si_signo=SIGURG, si_code=SI_TKILL, si_pid=9986, si_uid=1001} ---
9994  tgkill(9988, 9988, SIGURG)        = 0
9988  --- SIGURG {si_signo=SIGURG, si_code=SI_TKILL, si_pid=9988, si_uid=1001} ---
9989  exit_group(0)                     = ?
9993  +++ exited with 0 +++
9996  +++ exited with 0 +++
9992  +++ exited with 0 +++
9991  +++ exited with 0 +++
9989  +++ exited with 0 +++
9977  <... waitid resumed>{si_signo=SIGCHLD, si_code=CLD_EXITED, si_pid=9989, si_uid=1001, si_status=0, si_utime=0, si_stime=0}, WEXITED, {ru_utime={tv_sec=0, tv_usec=6511}, ru_stime={tv_sec=0, tv_usec=5208}, ...}) = 0
9974  --- SIGCHLD {si_signo=SIGCHLD, si_code=CLD_EXITED, si_pid=9989, si_uid=1001, si_status=0, si_utime=0, si_stime=0} ---
9986  exit_group(0)                     = ?
10006 +++ exited with 0 +++
10004 +++ exited with 0 +++
10003 +++ exited with 0 +++
10002 +++ exited with 0 +++
9986  +++ exited with 0 +++
9979  <... waitid resumed>{si_signo=SIGCHLD, si_code=CLD_EXITED, si_pid=9986, si_uid=1001, si_status=0, si_utime=0, si_stime=0}, WEXITED, {ru_utime={tv_sec=0, tv_usec=0}, ru_stime={tv_sec=0, tv_usec=6962}, ...}) = 0
9973  --- SIGCHLD {si_signo=SIGCHLD, si_code=CLD_EXITED, si_pid=9986, si_uid=1001, si_status=0, si_utime=0, si_stime=0} ---
10000 exit_group(0)                     = ?
10005 +++ exited with 0 +++
10001 +++ exited with 0 +++
10000 +++ exited with 0 +++
9998  +++ exited with 0 +++
9987  +++ exited with 0 +++
9972  --- SIGCHLD {si_signo=SIGCHLD, si_code=CLD_EXITED, si_pid=9987, si_uid=1001, si_status=0, si_utime=0, si_stime=0} ---
9978  <... waitid resumed>{si_signo=SIGCHLD, si_code=CLD_EXITED, si_pid=9987, si_uid=1001, si_status=0, si_utime=0, si_stime=0}, WEXITED, {ru_utime={tv_sec=0, tv_usec=3114}, ru_stime={tv_sec=0, tv_usec=9343}, ...}) = 0
9972  clone(child_stack=NULL, flags=CLONE_VM|CLONE_PIDFD|CLONE_VFORK|SIGCHLD <unfinished ...>
9979  clone(child_stack=NULL, flags=CLONE_VM|CLONE_PIDFD|CLONE_VFORK|SIGCHLD <unfinished ...>
10007 execve("/opt/hostedtoolcache/go/1.27.1/arm64/pkg/tool/linux_arm64/compile", ["/opt/hostedtoolcache/go/1.27.1/a"..., "-o", "/tmp/go-build3326039643/b014/_pk"..., "-trimpath", "/tmp/go-build3326039643/b014=>", "-p", "internal/coverage/rtcov", "-lang=go1.27", "-std", "-complete", "-buildid", "GpkACqX8jwItV_Qu4uVJ/GpkACqX8jwI"..., "-goversion", "go1.27.1", "-c=4", "-nolocalimports", "-importcfg", "/tmp/go-build3326039643/b014/imp"..., "-pack", "/opt/hostedtoolcache/go/1.27.1/a"...], 0x5bded6519b08 /* 140 vars */ <unfinished ...>
9972  <... clone resumed>, parent_tid=[14]) = 10007
10007 <... execve resumed>)             = 0
10008 execve("/opt/hostedtoolcache/go/1.27.1/arm64/pkg/tool/linux_arm64/asm", ["/opt/hostedtoolcache/go/1.27.1/a"..., "-p", "internal/cpu", "-trimpath", "/tmp/go-build3326039643/b011=>", "-I", "/tmp/go-build3326039643/b011/", "-I", "/opt/hostedtoolcache/go/1.27.1/a"..., "-D", "GOOS_linux", "-D", "GOARCH_arm64", "-std", "-gensymabis", "-o", "/tmp/go-build3326039643/b011/sym"..., "/opt/hostedtoolcache/go/1.27.1/a"..., "/opt/hostedtoolcache/go/1.27.1/a"...], 0x5bded628e488 /* 140 vars */) = 0
9979  <... clone resumed>, parent_tid=[19]) = 10008
9979  waitid(P_PIDFD, 19,  <unfinished ...>
9972  waitid(P_PIDFD, 14,  <unfinished ...>
9977  tgkill(9972, 9990, SIGURG)        = 0
9990  --- SIGURG {si_signo=SIGURG, si_code=SI_TKILL, si_pid=9972, si_uid=1001} ---
9990  clone(child_stack=NULL, flags=CLONE_VM|CLONE_PIDFD|CLONE_VFORK|SIGCHLD <unfinished ...>
10007 clone(child_stack=0x55ff0019c000, flags=CLONE_VM|CLONE_FS|CLONE_FILES|CLONE_SIGHAND|CLONE_THREAD|CLONE_SYSVSEM) = 10010
9995  exit_group(0)                     = ?
9997  +++ exited with 0 +++
9994  +++ exited with 0 +++
9999  +++ exited with 0 +++
10007 clone(child_stack=0x55ff001d4000, flags=CLONE_VM|CLONE_FS|CLONE_FILES|CLONE_SIGHAND|CLONE_THREAD|CLONE_SYSVSEM) = 10011
10008 clone(child_stack=0x51bcc2b2000, flags=CLONE_VM|CLONE_FS|CLONE_FILES|CLONE_SIGHAND|CLONE_THREAD|CLONE_SYSVSEM <unfinished ...>
10010 tgkill(10007, 10007, SIGURG)      = 0
10007 --- SIGURG {si_signo=SIGURG, si_code=SI_TKILL, si_pid=10007, si_uid=1001} ---
10008 <... clone resumed>)              = 10012
10007 clone(child_stack=0x55ff001d0000, flags=CLONE_VM|CLONE_FS|CLONE_FILES|CLONE_SIGHAND|CLONE_THREAD|CLONE_SYSVSEM) = 10013
10008 clone(child_stack=0x51bcc2ea000, flags=CLONE_VM|CLONE_FS|CLONE_FILES|CLONE_SIGHAND|CLONE_THREAD|CLONE_SYSVSEM <unfinished ...>
10012 tgkill(10008, 10008, SIGURG)      = 0
10008 <... clone resumed>)              = 10014
10008 --- SIGURG {si_signo=SIGURG, si_code=SI_TKILL, si_pid=10008, si_uid=1001} ---
9995  +++ exited with 0 +++
9988  +++ exited with 0 +++
9975  <... waitid resumed>{si_signo=SIGCHLD, si_code=CLD_EXITED, si_pid=9988, si_uid=1001, si_status=0, si_utime=0, si_stime=0}, WEXITED, {ru_utime={tv_sec=0, tv_usec=11555}, ru_stime={tv_sec=0, tv_usec=12605}, ...}) = 0
9978  --- SIGCHLD {si_signo=SIGCHLD, si_code=CLD_EXITED, si_pid=9988, si_uid=1001, si_status=0, si_utime=1 /* 0.01 s */, si_stime=1 /* 0.01 s */} ---
10012 tgkill(10008, 10008, SIGURG)      = 0
10008 --- SIGURG {si_signo=SIGURG, si_code=SI_TKILL, si_pid=10008, si_uid=1001} ---
10011 clone(child_stack=0x55ff00218000, flags=CLONE_VM|CLONE_FS|CLONE_FILES|CLONE_SIGHAND|CLONE_THREAD|CLONE_SYSVSEM) = 10015
10008 clone(child_stack=0x51bcc2e6000, flags=CLONE_VM|CLONE_FS|CLONE_FILES|CLONE_SIGHAND|CLONE_THREAD|CLONE_SYSVSEM) = 10016
10014 clone(child_stack=0x51bcc318000, flags=CLONE_VM|CLONE_FS|CLONE_FILES|CLONE_SIGHAND|CLONE_THREAD|CLONE_SYSVSEM) = 10017
10017 clone(child_stack=0x51bcc314000, flags=CLONE_VM|CLONE_FS|CLONE_FILES|CLONE_SIGHAND|CLONE_THREAD|CLONE_SYSVSEM) = 10018
10009 execve("/opt/hostedtoolcache/go/1.27.1/arm64/pkg/tool/linux_arm64/asm", ["/opt/hostedtoolcache/go/1.27.1/a"..., "-p", "internal/abi", "-trimpath", "/tmp/go-build3326039643/b005=>", "-I", "/tmp/go-build3326039643/b005/", "-I", "/opt/hostedtoolcache/go/1.27.1/a"..., "-D", "GOOS_linux", "-D", "GOARCH_arm64", "-std", "-gensymabis", "-o", "/tmp/go-build3326039643/b005/sym"..., "/opt/hostedtoolcache/go/1.27.1/a"..., "/opt/hostedtoolcache/go/1.27.1/a"...], 0x5bded6518d88 /* 140 vars */ <unfinished ...>
9990  <... clone resumed>, parent_tid=[15]) = 10009
10009 <... execve resumed>)             = 0
9990  waitid(P_PIDFD, 15,  <unfinished ...>
10009 clone(child_stack=0x1519d64a0000, flags=CLONE_VM|CLONE_FS|CLONE_FILES|CLONE_SIGHAND|CLONE_THREAD|CLONE_SYSVSEM) = 10019
10009 clone(child_stack=0x1519d64d8000, flags=CLONE_VM|CLONE_FS|CLONE_FILES|CLONE_SIGHAND|CLONE_THREAD|CLONE_SYSVSEM) = 10020
10009 clone(child_stack=0x1519d64d4000, flags=CLONE_VM|CLONE_FS|CLONE_FILES|CLONE_SIGHAND|CLONE_THREAD|CLONE_SYSVSEM) = 10021
10008 exit_group(0)                     = ?
10018 +++ exited with 0 +++
10017 +++ exited with 0 +++
10016 +++ exited with 0 +++
10014 +++ exited with 0 +++
10020 clone(child_stack=0x1519d6518000, flags=CLONE_VM|CLONE_FS|CLONE_FILES|CLONE_SIGHAND|CLONE_THREAD|CLONE_SYSVSEM) = 10022
10012 +++ exited with 0 +++
10008 +++ exited with 0 +++
9975  --- SIGCHLD {si_signo=SIGCHLD, si_code=CLD_EXITED, si_pid=10008, si_uid=1001, si_status=0, si_utime=0, si_stime=0} ---
9979  <... waitid resumed>{si_signo=SIGCHLD, si_code=CLD_EXITED, si_pid=10008, si_uid=1001, si_status=0, si_utime=0, si_stime=0}, WEXITED, {ru_utime={tv_sec=0, tv_usec=2273}, ru_stime={tv_sec=0, tv_usec=4546}, ...}) = 0
9978  clone(child_stack=NULL, flags=CLONE_VM|CLONE_PIDFD|CLONE_VFORK|SIGCHLD <unfinished ...>
9975  clone(child_stack=NULL, flags=CLONE_VM|CLONE_PIDFD|CLONE_VFORK|SIGCHLD <unfinished ...>
10023 execve("/opt/hostedtoolcache/go/1.27.1/arm64/pkg/tool/linux_arm64/compile", ["/opt/hostedtoolcache/go/1.27.1/a"..., "-o", "/tmp/go-build3326039643/b015/_pk"..., "-trimpath", "/tmp/go-build3326039643/b015=>", "-p", "internal/godebugs", "-lang=go1.27", "-std", "-complete", "-buildid", "DiwIAZNpjOlvplyqLAtU/DiwIAZNpjOl"..., "-goversion", "go1.27.1", "-c=4", "-nolocalimports", "-importcfg", "/tmp/go-build3326039643/b015/imp"..., "-pack", "/opt/hostedtoolcache/go/1.27.1/a"...], 0x5bded622a008 /* 140 vars */ <unfinished ...>
9978  <... clone resumed>, parent_tid=[17]) = 10023
10023 <... execve resumed>)             = 0
10024 execve("/opt/hostedtoolcache/go/1.27.1/arm64/pkg/tool/linux_arm64/compile", ["/opt/hostedtoolcache/go/1.27.1/a"..., "-o", "/tmp/go-build3326039643/b011/_pk"..., "-trimpath", "/tmp/go-build3326039643/b011=>", "-p", "internal/cpu", "-lang=go1.27", "-std", "-buildid", "_9NbpE8j_2wExIzHPspY/_9NbpE8j_2w"..., "-goversion", "go1.27.1", "-symabis", "/tmp/go-build3326039643/b011/sym"..., "-c=4", "-nolocalimports", "-importcfg", "/tmp/go-build3326039643/b011/imp"..., "-pack", "-asmhdr", "/tmp/go-build3326039643/b011/go_"..., "/opt/hostedtoolcache/go/1.27.1/a"..., "/opt/hostedtoolcache/go/1.27.1/a"..., "/opt/hostedtoolcache/go/1.27.1/a"..., "/opt/hostedtoolcache/go/1.27.1/a"..., "/opt/hostedtoolcache/go/1.27.1/a"..., "/opt/hostedtoolcache/go/1.27.1/a"...], 0x5bded65e4d88 /* 140 vars */ <unfinished ...>
9975  <... clone resumed>, parent_tid=[22]) = 10024
10024 <... execve resumed>)             = 0
9977  waitid(P_PIDFD, 17,  <unfinished ...>
9975  waitid(P_PIDFD, 22,  <unfinished ...>
10011 exit_group(0)                     = ?
10011 +++ exited with 0 +++
10013 +++ exited with 0 +++
10015 +++ exited with 0 +++
10010 +++ exited with 0 +++
10007 +++ exited with 0 +++
9972  <... waitid resumed>{si_signo=SIGCHLD, si_code=CLD_EXITED, si_pid=10007, si_uid=1001, si_status=0, si_utime=0, si_stime=0}, WEXITED, {ru_utime={tv_sec=0, tv_usec=8854}, ru_stime={tv_sec=0, tv_usec=5534}, ...}) = 0
9973  --- SIGCHLD {si_signo=SIGCHLD, si_code=CLD_EXITED, si_pid=10007, si_uid=1001, si_status=0, si_utime=0, si_stime=0} ---
10009 exit_group(0)                     = ?
10021 +++ exited with 0 +++
10020 +++ exited with 0 +++
10022 +++ exited with 0 +++
10019 +++ exited with 0 +++
10009 +++ exited with 0 +++
9990  <... waitid resumed>{si_signo=SIGCHLD, si_code=CLD_EXITED, si_pid=10009, si_uid=1001, si_status=0, si_utime=0, si_stime=0}, WEXITED, {ru_utime={tv_sec=0, tv_usec=1291}, ru_stime={tv_sec=0, tv_usec=4519}, ...}) = 0
9973  --- SIGCHLD {si_signo=SIGCHLD, si_code=CLD_EXITED, si_pid=10009, si_uid=1001, si_status=0, si_utime=0, si_stime=0} ---
9972  clone(child_stack=NULL, flags=CLONE_VM|CLONE_PIDFD|CLONE_VFORK|SIGCHLD <unfinished ...>
10024 clone(child_stack=0x76e3f6036000, flags=CLONE_VM|CLONE_FS|CLONE_FILES|CLONE_SIGHAND|CLONE_THREAD|CLONE_SYSVSEM <unfinished ...>
10023 clone(child_stack=0x7491fac38000, flags=CLONE_VM|CLONE_FS|CLONE_FILES|CLONE_SIGHAND|CLONE_THREAD|CLONE_SYSVSEM) = 10027
10024 <... clone resumed>)              = 10026
10024 clone(child_stack=0x76e3f606e000, flags=CLONE_VM|CLONE_FS|CLONE_FILES|CLONE_SIGHAND|CLONE_THREAD|CLONE_SYSVSEM <unfinished ...>
10023 clone(child_stack=0x7491fac70000, flags=CLONE_VM|CLONE_FS|CLONE_FILES|CLONE_SIGHAND|CLONE_THREAD|CLONE_SYSVSEM <unfinished ...>
10024 <... clone resumed>)              = 10028
10023 <... clone resumed>)              = 10029
10027 tgkill(10023, 10023, SIGURG)      = 0
10024 clone(child_stack=0x76e3f606a000, flags=CLONE_VM|CLONE_FS|CLONE_FILES|CLONE_SIGHAND|CLONE_THREAD|CLONE_SYSVSEM <unfinished ...>
10023 --- SIGURG {si_signo=SIGURG, si_code=SI_TKILL, si_pid=10023, si_uid=1001} ---
10025 execve("/opt/hostedtoolcache/go/1.27.1/arm64/pkg/tool/linux_arm64/compile", ["/opt/hostedtoolcache/go/1.27.1/a"..., "-o", "/tmp/go-build3326039643/b005/_pk"..., "-trimpath", "/tmp/go-build3326039643/b005=>", "-p", "internal/abi", "-lang=go1.27", "-std", "-buildid", "YHO54Q_mbJHGKbmcyT0p/YHO54Q_mbJH"..., "-goversion", "go1.27.1", "-symabis", "/tmp/go-build3326039643/b005/sym"..., "-c=4", "-nolocalimports", "-importcfg", "/tmp/go-build3326039643/b005/imp"..., "-pack", "-asmhdr", "/tmp/go-build3326039643/b005/go_"..., "/opt/hostedtoolcache/go/1.27.1/a"..., "/opt/hostedtoolcache/go/1.27.1/a"..., "/opt/hostedtoolcache/go/1.27.1/a"..., "/opt/hostedtoolcache/go/1.27.1/a"..., "/opt/hostedtoolcache/go/1.27.1/a"..., "/opt/hostedtoolcache/go/1.27.1/a"..., "/opt/hostedtoolcache/go/1.27.1/a"..., "/opt/hostedtoolcache/go/1.27.1/a"..., "/opt/hostedtoolcache/go/1.27.1/a"..., "/opt/hostedtoolcache/go/1.27.1/a"..., ...], 0x5bded628e488 /* 140 vars */ <unfinished ...>
10024 <... clone resumed>)              = 10030
10023 clone(child_stack=0x7491fac6c000, flags=CLONE_VM|CLONE_FS|CLONE_FILES|CLONE_SIGHAND|CLONE_THREAD|CLONE_SYSVSEM <unfinished ...>
9972  <... clone resumed>, parent_tid=[12]) = 10025
10025 <... execve resumed>)             = 0
10023 <... clone resumed>)              = 10031
10028 clone(child_stack=0x76e3f6098000, flags=CLONE_VM|CLONE_FS|CLONE_FILES|CLONE_SIGHAND|CLONE_THREAD|CLONE_SYSVSEM) = 10032
10029 clone(child_stack=0x7491fac98000, flags=CLONE_VM|CLONE_FS|CLONE_FILES|CLONE_SIGHAND|CLONE_THREAD|CLONE_SYSVSEM <unfinished ...>
10023 clone(child_stack=0x7491fac94000, flags=CLONE_VM|CLONE_FS|CLONE_FILES|CLONE_SIGHAND|CLONE_THREAD|CLONE_SYSVSEM <unfinished ...>
10029 <... clone resumed>)              = 10033
10023 <... clone resumed>)              = 10034
9972  waitid(P_PIDFD, 12,  <unfinished ...>
10026 tgkill(10024, 10032, SIGURG <unfinished ...>
10032 --- SIGURG {si_signo=SIGURG, si_code=SI_TKILL, si_pid=10024, si_uid=1001} ---
10026 <... tgkill resumed>)             = 0
10026 clone(child_stack=0x76e3f60b4000, flags=CLONE_VM|CLONE_FS|CLONE_FILES|CLONE_SIGHAND|CLONE_THREAD|CLONE_SYSVSEM) = 10035
9973  tgkill(9972, 9979, SIGURG)        = 0
9979  --- SIGURG {si_signo=SIGURG, si_code=SI_TKILL, si_pid=9972, si_uid=1001} ---
10025 clone(child_stack=0xd0149f5a000, flags=CLONE_VM|CLONE_FS|CLONE_FILES|CLONE_SIGHAND|CLONE_THREAD|CLONE_SYSVSEM) = 10036
10036 tgkill(10025, 10025, SIGURG)      = 0
10025 --- SIGURG {si_signo=SIGURG, si_code=SI_TKILL, si_pid=10025, si_uid=1001} ---
10036 tgkill(10025, 10025, SIGURG)      = 0
10025 --- SIGURG {si_signo=SIGURG, si_code=SI_TKILL, si_pid=10025, si_uid=1001} ---
10036 tgkill(10025, 10025, SIGURG)      = 0
10025 clone(child_stack=0xd0149f92000, flags=CLONE_VM|CLONE_FS|CLONE_FILES|CLONE_SIGHAND|CLONE_THREAD|CLONE_SYSVSEM) = 10037
10025 --- SIGURG {si_signo=SIGURG, si_code=SI_TKILL, si_pid=10025, si_uid=1001} ---
10036 tgkill(10025, 10025, SIGURG)      = 0
10025 clone(child_stack=0xd0149f8e000, flags=CLONE_VM|CLONE_FS|CLONE_FILES|CLONE_SIGHAND|CLONE_THREAD|CLONE_SYSVSEM) = 10038
10025 --- SIGURG {si_signo=SIGURG, si_code=SI_TKILL, si_pid=10025, si_uid=1001} ---
10023 exit_group(0)                     = ?
10027 +++ exited with 0 +++
10031 +++ exited with 0 +++
10033 +++ exited with 0 +++
10034 +++ exited with 0 +++
10029 +++ exited with 0 +++
10037 clone(child_stack=0xd014a018000, flags=CLONE_VM|CLONE_FS|CLONE_FILES|CLONE_SIGHAND|CLONE_THREAD|CLONE_SYSVSEM) = 10039
10023 +++ exited with 0 +++
9990  --- SIGCHLD {si_signo=SIGCHLD, si_code=CLD_EXITED, si_pid=10023, si_uid=1001, si_status=0, si_utime=0, si_stime=0} ---
9977  <... waitid resumed>{si_signo=SIGCHLD, si_code=CLD_EXITED, si_pid=10023, si_uid=1001, si_status=0, si_utime=0, si_stime=0}, WEXITED, {ru_utime={tv_sec=0, tv_usec=10493}, ru_stime={tv_sec=0, tv_usec=4663}, ...}) = 0
10026 tgkill(10024, 10035, SIGURG <unfinished ...>
10035 --- SIGURG {si_signo=SIGURG, si_code=SI_TKILL, si_pid=10024, si_uid=1001} ---
10026 <... tgkill resumed>)             = 0
9990  tgkill(9972, 9976, SIGURG)        = 0
9976  --- SIGURG {si_signo=SIGURG, si_code=SI_TKILL, si_pid=9972, si_uid=1001} ---
9979  tgkill(9972, 9990, SIGURG)        = 0
9990  --- SIGURG {si_signo=SIGURG, si_code=SI_TKILL, si_pid=9972, si_uid=1001} ---
9990  clone(child_stack=NULL, flags=CLONE_VM|CLONE_PIDFD|CLONE_VFORK|SIGCHLD <unfinished ...>
9979  tgkill(9972, 9976, SIGURG)        = 0
9979  tgkill(9972, 9990, SIGURG)        = 0
9976  --- SIGURG {si_signo=SIGURG, si_code=SI_TKILL, si_pid=9972, si_uid=1001} ---
10036 clone(child_stack=0xd014a0f4000, flags=CLONE_VM|CLONE_FS|CLONE_FILES|CLONE_SIGHAND|CLONE_THREAD|CLONE_SYSVSEM) = 10041
10040 execve("/opt/hostedtoolcache/go/1.27.1/arm64/pkg/tool/linux_arm64/compile", ["/opt/hostedtoolcache/go/1.27.1/a"..., "-o", "/tmp/go-build3326039643/b016/_pk"..., "-trimpath", "/tmp/go-build3326039643/b016=>", "-p", "internal/goexperiment", "-lang=go1.27", "-std", "-complete", "-buildid", "piFHDpzZ2FHPsIijhque/piFHDpzZ2FH"..., "-goversion", "go1.27.1", "-c=4", "-nolocalimports", "-importcfg", "/tmp/go-build3326039643/b016/imp"..., "-pack", "/opt/hostedtoolcache/go/1.27.1/a"..., "/opt/hostedtoolcache/go/1.27.1/a"..., "/opt/hostedtoolcache/go/1.27.1/a"..., "/opt/hostedtoolcache/go/1.27.1/a"..., "/opt/hostedtoolcache/go/1.27.1/a"..., "/opt/hostedtoolcache/go/1.27.1/a"..., "/opt/hostedtoolcache/go/1.27.1/a"..., "/opt/hostedtoolcache/go/1.27.1/a"..., "/opt/hostedtoolcache/go/1.27.1/a"..., "/opt/hostedtoolcache/go/1.27.1/a"..., "/opt/hostedtoolcache/go/1.27.1/a"..., "/opt/hostedtoolcache/go/1.27.1/a"..., "/opt/hostedtoolcache/go/1.27.1/a"..., ...], 0x5bded65e5b08 /* 140 vars */) = 0
9990  <... clone resumed>, parent_tid=[15]) = 10040
9990  --- SIGURG {si_signo=SIGURG, si_code=SI_TKILL, si_pid=9972, si_uid=1001} ---
9990  waitid(P_PIDFD, 15,  <unfinished ...>
9978  clone(child_stack=NULL, flags=CLONE_VM|CLONE_PIDFD|CLONE_VFORK|SIGCHLD <unfinished ...>
10024 exit_group(0)                     = ?
10030 +++ exited with 0 +++
10035 +++ exited with 0 +++
10028 +++ exited with 0 +++
10026 +++ exited with 0 +++
10032 +++ exited with 0 +++
10024 +++ exited with 0 +++
9977  --- SIGCHLD {si_signo=SIGCHLD, si_code=CLD_EXITED, si_pid=10024, si_uid=1001, si_status=0, si_utime=1 /* 0.01 s */, si_stime=1 /* 0.01 s */} ---
9975  <... waitid resumed>{si_signo=SIGCHLD, si_code=CLD_EXITED, si_pid=10024, si_uid=1001, si_status=0, si_utime=0, si_stime=0}, WEXITED, {ru_utime={tv_sec=0, tv_usec=14905}, ru_stime={tv_sec=0, tv_usec=11924}, ...}) = 0
10042 execve("/opt/hostedtoolcache/go/1.27.1/arm64/pkg/tool/linux_arm64/compile", ["/opt/hostedtoolcache/go/1.27.1/a"..., "-o", "/tmp/go-build3326039643/b017/_pk"..., "-trimpath", "/tmp/go-build3326039643/b017=>", "-p", "internal/goos", "-lang=go1.27", "-std", "-complete", "-buildid", "8grbmGBdhXMXjQ34vIss/8grbmGBdhXM"..., "-goversion", "go1.27.1", "-c=4", "-nolocalimports", "-importcfg", "/tmp/go-build3326039643/b017/imp"..., "-pack", "/opt/hostedtoolcache/go/1.27.1/a"..., "/opt/hostedtoolcache/go/1.27.1/a"..., "/opt/hostedtoolcache/go/1.27.1/a"...], 0x5bded622a008 /* 140 vars */ <unfinished ...>
9978  <... clone resumed>, parent_tid=[16]) = 10042
10042 <... execve resumed>)             = 0
9978  waitid(P_PIDFD, 16,  <unfinished ...>
9977  clone(child_stack=NULL, flags=CLONE_VM|CLONE_PIDFD|CLONE_VFORK|SIGCHLD <unfinished ...>
10043 execve("/opt/hostedtoolcache/go/1.27.1/arm64/pkg/tool/linux_arm64/asm", ["/opt/hostedtoolcache/go/1.27.1/a"..., "-p", "internal/cpu", "-trimpath", "/tmp/go-build3326039643/b011=>", "-I", "/tmp/go-build3326039643/b011/", "-I", "/opt/hostedtoolcache/go/1.27.1/a"..., "-D", "GOOS_linux", "-D", "GOARCH_arm64", "-std", "-o", "/tmp/go-build3326039643/b011/cpu"..., "/opt/hostedtoolcache/go/1.27.1/a"...], 0x5bded65e4d88 /* 140 vars */ <unfinished ...>
9977  <... clone resumed>, parent_tid=[13]) = 10043
10043 <... execve resumed>)             = 0
9977  waitid(P_PIDFD, 13,  <unfinished ...>
10040 clone(child_stack=0x68fa51af6000, flags=CLONE_VM|CLONE_FS|CLONE_FILES|CLONE_SIGHAND|CLONE_THREAD|CLONE_SYSVSEM) = 10044
10040 clone(child_stack=0x68fa51b2e000, flags=CLONE_VM|CLONE_FS|CLONE_FILES|CLONE_SIGHAND|CLONE_THREAD|CLONE_SYSVSEM) = 10045
10044 tgkill(10040, 10040, SIGURG)      = 0
10040 --- SIGURG {si_signo=SIGURG, si_code=SI_TKILL, si_pid=10040, si_uid=1001} ---
10040 clone(child_stack=0x68fa51b2a000, flags=CLONE_VM|CLONE_FS|CLONE_FILES|CLONE_SIGHAND|CLONE_THREAD|CLONE_SYSVSEM) = 10046
10045 clone(child_stack=0x68fa51b98000, flags=CLONE_VM|CLONE_FS|CLONE_FILES|CLONE_SIGHAND|CLONE_THREAD|CLONE_SYSVSEM) = 10047
10036 tgkill(10025, 10025, SIGURG)      = 0
10025 --- SIGURG {si_signo=SIGURG, si_code=SI_TKILL, si_pid=10025, si_uid=1001} ---
10042 clone(child_stack=0x3dd238bc000, flags=CLONE_VM|CLONE_FS|CLONE_FILES|CLONE_SIGHAND|CLONE_THREAD|CLONE_SYSVSEM) = 10048
10042 clone(child_stack=0x3dd238f4000, flags=CLONE_VM|CLONE_FS|CLONE_FILES|CLONE_SIGHAND|CLONE_THREAD|CLONE_SYSVSEM) = 10049
10042 clone(child_stack=0x3dd238f0000, flags=CLONE_VM|CLONE_FS|CLONE_FILES|CLONE_SIGHAND|CLONE_THREAD|CLONE_SYSVSEM) = 10050
10046 clone(child_stack=0x68fa51b46000, flags=CLONE_VM|CLONE_FS|CLONE_FILES|CLONE_SIGHAND|CLONE_THREAD|CLONE_SYSVSEM) = 10051
10049 clone(child_stack=0x3dd23920000, flags=CLONE_VM|CLONE_FS|CLONE_FILES|CLONE_SIGHAND|CLONE_THREAD|CLONE_SYSVSEM) = 10052
10044 clone(child_stack=0x68fa51b42000, flags=CLONE_VM|CLONE_FS|CLONE_FILES|CLONE_SIGHAND|CLONE_THREAD|CLONE_SYSVSEM) = 10053
10043 clone(child_stack=0x2c32c100c000, flags=CLONE_VM|CLONE_FS|CLONE_FILES|CLONE_SIGHAND|CLONE_THREAD|CLONE_SYSVSEM) = 10054
10043 clone(child_stack=0x2c32c1044000, flags=CLONE_VM|CLONE_FS|CLONE_FILES|CLONE_SIGHAND|CLONE_THREAD|CLONE_SYSVSEM) = 10055
10043 clone(child_stack=0x2c32c1040000, flags=CLONE_VM|CLONE_FS|CLONE_FILES|CLONE_SIGHAND|CLONE_THREAD|CLONE_SYSVSEM) = 10056
10055 clone(child_stack=0x2c32c1098000, flags=CLONE_VM|CLONE_FS|CLONE_FILES|CLONE_SIGHAND|CLONE_THREAD|CLONE_SYSVSEM <unfinished ...>
10043 clone(child_stack=0x2c32c1094000, flags=CLONE_VM|CLONE_FS|CLONE_FILES|CLONE_SIGHAND|CLONE_THREAD|CLONE_SYSVSEM <unfinished ...>
10055 <... clone resumed>)              = 10057
10043 <... clone resumed>)              = 10058
10043 exit_group(0)                     = ?
10057 +++ exited with 0 +++
10054 +++ exited with 0 +++
10055 +++ exited with 0 +++
10056 +++ exited with 0 +++
10058 +++ exited with 0 +++
10043 +++ exited with 0 +++
9977  <... waitid resumed>{si_signo=SIGCHLD, si_code=CLD_EXITED, si_pid=10043, si_uid=1001, si_status=0, si_utime=0, si_stime=0}, WEXITED, {ru_utime={tv_sec=0, tv_usec=2686}, ru_stime={tv_sec=0, tv_usec=2686}, ...}) = 0
9979  --- SIGCHLD {si_signo=SIGCHLD, si_code=CLD_EXITED, si_pid=10043, si_uid=1001, si_status=0, si_utime=0, si_stime=0} ---
10049 exit_group(0)                     = ?
10049 +++ exited with 0 +++
10048 +++ exited with 0 +++
10052 +++ exited with 0 +++
10036 tgkill(10025, 10041, SIGURG)      = 0
10041 --- SIGURG {si_signo=SIGURG, si_code=SI_TKILL, si_pid=10025, si_uid=1001} ---
9973  tgkill(9972, 9977, SIGURG)        = 0
10050 +++ exited with 0 +++
10042 +++ exited with 0 +++
9979  --- SIGCHLD {si_signo=SIGCHLD, si_code=CLD_EXITED, si_pid=10042, si_uid=1001, si_status=0, si_utime=0, si_stime=0} ---
9977  --- SIGURG {si_signo=SIGURG, si_code=SI_TKILL, si_pid=9972, si_uid=1001} ---
9978  <... waitid resumed>{si_signo=SIGCHLD, si_code=CLD_EXITED, si_pid=10042, si_uid=1001, si_status=0, si_utime=0, si_stime=0}, WEXITED, {ru_utime={tv_sec=0, tv_usec=6023}, ru_stime={tv_sec=0, tv_usec=5019}, ...}) = 0
9978  clone(child_stack=NULL, flags=CLONE_VM|CLONE_PIDFD|CLONE_VFORK|SIGCHLD <unfinished ...>
10046 exit_group(0)                     = ?
10053 +++ exited with 0 +++
10051 +++ exited with 0 +++
10046 +++ exited with 0 +++
10045 +++ exited with 0 +++
10044 +++ exited with 0 +++
10059 execve("/opt/hostedtoolcache/go/1.27.1/arm64/pkg/tool/linux_arm64/asm", ["/opt/hostedtoolcache/go/1.27.1/a"..., "-p", "internal/cpu", "-trimpath", "/tmp/go-build3326039643/b011=>", "-I", "/tmp/go-build3326039643/b011/", "-I", "/opt/hostedtoolcache/go/1.27.1/a"..., "-D", "GOOS_linux", "-D", "GOARCH_arm64", "-std", "-o", "/tmp/go-build3326039643/b011/cpu"..., "/opt/hostedtoolcache/go/1.27.1/a"...], 0x5bded622a488 /* 140 vars */) = 0
9978  <... clone resumed>, parent_tid=[16]) = 10059
9978  waitid(P_PIDFD, 16,  <unfinished ...>
10047 +++ exited with 0 +++
10040 +++ exited with 0 +++
9990  <... waitid resumed>{si_signo=SIGCHLD, si_code=CLD_EXITED, si_pid=10040, si_uid=1001, si_status=0, si_utime=0, si_stime=0}, WEXITED, {ru_utime={tv_sec=0, tv_usec=5856}, ru_stime={tv_sec=0, tv_usec=9370}, ...}) = 0
9975  --- SIGCHLD {si_signo=SIGCHLD, si_code=CLD_EXITED, si_pid=10040, si_uid=1001, si_status=0, si_utime=0, si_stime=0} ---
9979  clone(child_stack=NULL, flags=CLONE_VM|CLONE_PIDFD|CLONE_VFORK|SIGCHLD <unfinished ...>
10060 execve("/opt/hostedtoolcache/go/1.27.1/arm64/pkg/tool/linux_arm64/compile", ["/opt/hostedtoolcache/go/1.27.1/a"..., "-o", "/tmp/go-build3326039643/b018/_pk"..., "-trimpath", "/tmp/go-build3326039643/b018=>", "-p", "internal/profilerecord", "-lang=go1.27", "-std", "-complete", "-buildid", "ExOs1EpfrMZ2Xg6CTQK0/ExOs1EpfrMZ"..., "-goversion", "go1.27.1", "-c=4", "-nolocalimports", "-importcfg", "/tmp/go-build3326039643/b018/imp"..., "-pack", "/opt/hostedtoolcache/go/1.27.1/a"...], 0x5bded628e488 /* 140 vars */ <unfinished ...>
9979  <... clone resumed>, parent_tid=[17]) = 10060
10060 <... execve resumed>)             = 0
9979  waitid(P_PIDFD, 17,  <unfinished ...>
10059 clone(child_stack=0x9f0c1ec2000, flags=CLONE_VM|CLONE_FS|CLONE_FILES|CLONE_SIGHAND|CLONE_THREAD|CLONE_SYSVSEM) = 10061
10059 clone(child_stack=0x9f0c1efa000, flags=CLONE_VM|CLONE_FS|CLONE_FILES|CLONE_SIGHAND|CLONE_THREAD|CLONE_SYSVSEM) = 10062
10061 tgkill(10059, 10059, SIGURG)      = 0
10059 clone(child_stack=0x9f0c1ef6000, flags=CLONE_VM|CLONE_FS|CLONE_FILES|CLONE_SIGHAND|CLONE_THREAD|CLONE_SYSVSEM) = 10063
10062 clone(child_stack=0x9f0c1f20000, flags=CLONE_VM|CLONE_FS|CLONE_FILES|CLONE_SIGHAND|CLONE_THREAD|CLONE_SYSVSEM <unfinished ...>
10059 --- SIGURG {si_signo=SIGURG, si_code=SI_TKILL, si_pid=10059, si_uid=1001} ---
10062 <... clone resumed>)              = 10064
10064 clone(child_stack=0x9f0c1f1c000, flags=CLONE_VM|CLONE_FS|CLONE_FILES|CLONE_SIGHAND|CLONE_THREAD|CLONE_SYSVSEM) = 10065
9975  clone(child_stack=NULL, flags=CLONE_VM|CLONE_PIDFD|CLONE_VFORK|SIGCHLD <unfinished ...>
10066 execve("/opt/hostedtoolcache/go/1.27.1/arm64/pkg/tool/linux_arm64/asm", ["/opt/hostedtoolcache/go/1.27.1/a"..., "-p", "internal/runtime/syscall/linux", "-trimpath", "/tmp/go-build3326039643/b021=>", "-I", "/tmp/go-build3326039643/b021/", "-I", "/opt/hostedtoolcache/go/1.27.1/a"..., "-D", "GOOS_linux", "-D", "GOARCH_arm64", "-std", "-gensymabis", "-o", "/tmp/go-build3326039643/b021/sym"..., "/opt/hostedtoolcache/go/1.27.1/a"...], 0x5bded65e5208 /* 140 vars */ <unfinished ...>
9975  <... clone resumed>, parent_tid=[18]) = 10066
10066 <... execve resumed>)             = 0
9975  waitid(P_PIDFD, 18,  <unfinished ...>
10060 clone(child_stack=0x4d166aa9c000, flags=CLONE_VM|CLONE_FS|CLONE_FILES|CLONE_SIGHAND|CLONE_THREAD|CLONE_SYSVSEM) = 10067
10060 clone(child_stack=0x4d166aad4000, flags=CLONE_VM|CLONE_FS|CLONE_FILES|CLONE_SIGHAND|CLONE_THREAD|CLONE_SYSVSEM) = 10068
10067 tgkill(10060, 10060, SIGURG)      = 0
10060 --- SIGURG {si_signo=SIGURG, si_code=SI_TKILL, si_pid=10060, si_uid=1001} ---
10060 clone(child_stack=0x4d166aad0000, flags=CLONE_VM|CLONE_FS|CLONE_FILES|CLONE_SIGHAND|CLONE_THREAD|CLONE_SYSVSEM) = 10069
10068 clone(child_stack=0x4d166ab18000, flags=CLONE_VM|CLONE_FS|CLONE_FILES|CLONE_SIGHAND|CLONE_THREAD|CLONE_SYSVSEM) = 10070
10059 exit_group(0)                     = ?
10065 +++ exited with 0 +++
10064 +++ exited with 0 +++
10062 +++ exited with 0 +++
10061 +++ exited with 0 +++
10063 +++ exited with 0 +++
10059 +++ exited with 0 +++
9978  <... waitid resumed>{si_signo=SIGCHLD, si_code=CLD_EXITED, si_pid=10059, si_uid=1001, si_status=0, si_utime=0, si_stime=0}, WEXITED, {ru_utime={tv_sec=0, tv_usec=1025}, ru_stime={tv_sec=0, tv_usec=5129}, ...}) = 0
9990  --- SIGCHLD {si_signo=SIGCHLD, si_code=CLD_EXITED, si_pid=10059, si_uid=1001, si_status=0, si_utime=0, si_stime=0} ---
10036 tgkill(10025, 10041, SIGURG <unfinished ...>
10041 --- SIGURG {si_signo=SIGURG, si_code=SI_TKILL, si_pid=10025, si_uid=1001} ---
10036 <... tgkill resumed>)             = 0
10066 clone(child_stack=0x4cb8163f8000, flags=CLONE_VM|CLONE_FS|CLONE_FILES|CLONE_SIGHAND|CLONE_THREAD|CLONE_SYSVSEM) = 10071
10066 clone(child_stack=0x4cb816430000, flags=CLONE_VM|CLONE_FS|CLONE_FILES|CLONE_SIGHAND|CLONE_THREAD|CLONE_SYSVSEM) = 10072
10066 clone(child_stack=0x4cb81642c000, flags=CLONE_VM|CLONE_FS|CLONE_FILES|CLONE_SIGHAND|CLONE_THREAD|CLONE_SYSVSEM) = 10073
10072 clone(child_stack=0x4cb816498000, flags=CLONE_VM|CLONE_FS|CLONE_FILES|CLONE_SIGHAND|CLONE_THREAD|CLONE_SYSVSEM) = 10074
10071 tgkill(10066, 10066, SIGURG)      = 0
10066 --- SIGURG {si_signo=SIGURG, si_code=SI_TKILL, si_pid=10066, si_uid=1001} ---
10074 exit_group(0)                     = ?
10074 +++ exited with 0 +++
10071 +++ exited with 0 +++
10073 +++ exited with 0 +++
10072 +++ exited with 0 +++
10066 +++ exited with 0 +++
9973  --- SIGCHLD {si_signo=SIGCHLD, si_code=CLD_EXITED, si_pid=10066, si_uid=1001, si_status=0, si_utime=0, si_stime=0} ---
10060 exit_group(0)                     = ?
10070 +++ exited with 0 +++
10069 +++ exited with 0 +++
10067 +++ exited with 0 +++
9975  <... waitid resumed>{si_signo=SIGCHLD, si_code=CLD_EXITED, si_pid=10066, si_uid=1001, si_status=0, si_utime=0, si_stime=0}, WEXITED, {ru_utime={tv_sec=0, tv_usec=0}, ru_stime={tv_sec=0, tv_usec=6439}, ...}) = 0
10068 +++ exited with 0 +++
10060 +++ exited with 0 +++
9979  <... waitid resumed>{si_signo=SIGCHLD, si_code=CLD_EXITED, si_pid=10060, si_uid=1001, si_status=0, si_utime=0, si_stime=0}, WEXITED, {ru_utime={tv_sec=0, tv_usec=8465}, ru_stime={tv_sec=0, tv_usec=4232}, ...}) = 0
9978  --- SIGCHLD {si_signo=SIGCHLD, si_code=CLD_EXITED, si_pid=10060, si_uid=1001, si_status=0, si_utime=0, si_stime=0} ---
9975  clone(child_stack=NULL, flags=CLONE_VM|CLONE_PIDFD|CLONE_VFORK|SIGCHLD <unfinished ...>
9973  tgkill(9972, 9975, SIGURG <unfinished ...>
9990  clone(child_stack=NULL, flags=CLONE_VM|CLONE_PIDFD|CLONE_VFORK|SIGCHLD <unfinished ...>
9973  <... tgkill resumed>)             = 0
9973  tgkill(9972, 9990, SIGURG)        = 0
10075 execve("/opt/hostedtoolcache/go/1.27.1/arm64/pkg/tool/linux_arm64/compile", ["/opt/hostedtoolcache/go/1.27.1/a"..., "-o", "/tmp/go-build3326039643/b021/_pk"..., "-trimpath", "/tmp/go-build3326039643/b021=>", "-p", "internal/runtime/syscall/linux", "-lang=go1.27", "-std", "-buildid", "wrxSQa6ZjW_K_LdgH8xm/wrxSQa6ZjW_"..., "-goversion", "go1.27.1", "-symabis", "/tmp/go-build3326039643/b021/sym"..., "-c=4", "-nolocalimports", "-importcfg", "/tmp/go-build3326039643/b021/imp"..., "-pack", "-asmhdr", "/tmp/go-build3326039643/b021/go_"..., "/opt/hostedtoolcache/go/1.27.1/a"..., "/opt/hostedtoolcache/go/1.27.1/a"..., "/opt/hostedtoolcache/go/1.27.1/a"...], 0x5bded6518d88 /* 140 vars */) = 0
9975  <... clone resumed>, parent_tid=[16]) = 10075
10036 tgkill(10025, 10037, SIGURG)      = 0
9975  --- SIGURG {si_signo=SIGURG, si_code=SI_TKILL, si_pid=9972, si_uid=1001} ---
10036 tgkill(10025, 10025, SIGURG <unfinished ...>
10037 --- SIGURG {si_signo=SIGURG, si_code=SI_TKILL, si_pid=10025, si_uid=1001} ---
10036 <... tgkill resumed>)             = 0
10025 --- SIGURG {si_signo=SIGURG, si_code=SI_TKILL, si_pid=10025, si_uid=1001} ---
10036 tgkill(10025, 10041, SIGURG <unfinished ...>
10041 --- SIGURG {si_signo=SIGURG, si_code=SI_TKILL, si_pid=10025, si_uid=1001} ---
10036 <... tgkill resumed>)             = 0
9973  tgkill(9972, 9975, SIGURG)        = 0
9975  --- SIGURG {si_signo=SIGURG, si_code=SI_TKILL, si_pid=9972, si_uid=1001} ---
10076 execve("/opt/hostedtoolcache/go/1.27.1/arm64/pkg/tool/linux_arm64/asm", ["/opt/hostedtoolcache/go/1.27.1/a"..., "-p", "internal/bytealg", "-trimpath", "/tmp/go-build3326039643/b010=>", "-I", "/tmp/go-build3326039643/b010/", "-I", "/opt/hostedtoolcache/go/1.27.1/a"..., "-D", "GOOS_linux", "-D", "GOARCH_arm64", "-std", "-gensymabis", "-o", "/tmp/go-build3326039643/b010/sym"..., "/opt/hostedtoolcache/go/1.27.1/a"..., "/opt/hostedtoolcache/go/1.27.1/a"..., "/opt/hostedtoolcache/go/1.27.1/a"..., "/opt/hostedtoolcache/go/1.27.1/a"..., "/opt/hostedtoolcache/go/1.27.1/a"...], 0x5bded622ad88 /* 140 vars */) = 0
9990  <... clone resumed>, parent_tid=[21]) = 10076
9990  --- SIGURG {si_signo=SIGURG, si_code=SI_TKILL, si_pid=9972, si_uid=1001} ---
9978  tgkill(9972, 9977, SIGURG)        = 0
9978  tgkill(9972, 9990, SIGURG)        = 0
9990  --- SIGURG {si_signo=SIGURG, si_code=SI_TKILL, si_pid=9972, si_uid=1001} ---
9977  --- SIGURG {si_signo=SIGURG, si_code=SI_TKILL, si_pid=9972, si_uid=1001} ---
9973  tgkill(9972, 9978, SIGURG)        = 0
9978  --- SIGURG {si_signo=SIGURG, si_code=SI_TKILL, si_pid=9972, si_uid=1001} ---
9973  tgkill(9972, 9978, SIGURG)        = 0
9978  --- SIGURG {si_signo=SIGURG, si_code=SI_TKILL, si_pid=9972, si_uid=1001} ---
9976  waitid(P_PIDFD, 16,  <unfinished ...>
9978  waitid(P_PIDFD, 21,  <unfinished ...>
10036 tgkill(10025, 10039, SIGURG <unfinished ...>
10039 --- SIGURG {si_signo=SIGURG, si_code=SI_TKILL, si_pid=10025, si_uid=1001} ---
10036 <... tgkill resumed>)             = 0
9975  tgkill(9972, 9990, SIGURG)        = 0
9973  tgkill(9972, 9975, SIGURG)        = 0
9990  --- SIGURG {si_signo=SIGURG, si_code=SI_TKILL, si_pid=9972, si_uid=1001} ---
9975  --- SIGURG {si_signo=SIGURG, si_code=SI_TKILL, si_pid=9972, si_uid=1001} ---
9975  clone(child_stack=0x5bded6194000, flags=CLONE_VM|CLONE_FS|CLONE_FILES|CLONE_SIGHAND|CLONE_THREAD|CLONE_SYSVSEM) = 10077
9973  tgkill(9972, 9975, SIGURG)        = 0
9975  --- SIGURG {si_signo=SIGURG, si_code=SI_TKILL, si_pid=9972, si_uid=1001} ---
9990  clone(child_stack=NULL, flags=CLONE_VM|CLONE_PIDFD|CLONE_VFORK|SIGCHLD <unfinished ...>
10075 clone(child_stack=0x56a221f4a000, flags=CLONE_VM|CLONE_FS|CLONE_FILES|CLONE_SIGHAND|CLONE_THREAD|CLONE_SYSVSEM) = 10079
10075 clone(child_stack=0x56a221f88000, flags=CLONE_VM|CLONE_FS|CLONE_FILES|CLONE_SIGHAND|CLONE_THREAD|CLONE_SYSVSEM) = 10080
10079 tgkill(10075, 10075, SIGURG)      = 0
10075 clone(child_stack=0x56a221f84000, flags=CLONE_VM|CLONE_FS|CLONE_FILES|CLONE_SIGHAND|CLONE_THREAD|CLONE_SYSVSEM) = 10081
10075 --- SIGURG {si_signo=SIGURG, si_code=SI_TKILL, si_pid=10075, si_uid=1001} ---
10079 tgkill(10075, 10081, SIGURG)      = 0
10081 --- SIGURG {si_signo=SIGURG, si_code=SI_TKILL, si_pid=10075, si_uid=1001} ---
10075 clone(child_stack=0x56a222010000, flags=CLONE_VM|CLONE_FS|CLONE_FILES|CLONE_SIGHAND|CLONE_THREAD|CLONE_SYSVSEM) = 10082
10080 clone(child_stack=0x56a22200c000, flags=CLONE_VM|CLONE_FS|CLONE_FILES|CLONE_SIGHAND|CLONE_THREAD|CLONE_SYSVSEM) = 10083
10078 execve("/opt/hostedtoolcache/go/1.27.1/arm64/pkg/tool/linux_arm64/asm", ["/opt/hostedtoolcache/go/1.27.1/a"..., "-p", "internal/chacha8rand", "-trimpath", "/tmp/go-build3326039643/b013=>", "-I", "/tmp/go-build3326039643/b013/", "-I", "/opt/hostedtoolcache/go/1.27.1/a"..., "-D", "GOOS_linux", "-D", "GOARCH_arm64", "-std", "-gensymabis", "-o", "/tmp/go-build3326039643/b013/sym"..., "/opt/hostedtoolcache/go/1.27.1/a"...], 0x5bded6518d88 /* 140 vars */ <unfinished ...>
9990  <... clone resumed>, parent_tid=[15]) = 10078
10078 <... execve resumed>)             = 0
9990  waitid(P_PIDFD, 15,  <unfinished ...>
10076 clone(child_stack=0x1feb1ace0000, flags=CLONE_VM|CLONE_FS|CLONE_FILES|CLONE_SIGHAND|CLONE_THREAD|CLONE_SYSVSEM) = 10084
10076 clone(child_stack=0x1feb1ad18000, flags=CLONE_VM|CLONE_FS|CLONE_FILES|CLONE_SIGHAND|CLONE_THREAD|CLONE_SYSVSEM <unfinished ...>
10084 tgkill(10076, 10076, SIGURG)      = 0
10076 <... clone resumed>)              = 10085
10076 --- SIGURG {si_signo=SIGURG, si_code=SI_TKILL, si_pid=10076, si_uid=1001} ---
10084 tgkill(10076, 10076, SIGURG)      = 0
10076 --- SIGURG {si_signo=SIGURG, si_code=SI_TKILL, si_pid=10076, si_uid=1001} ---
10084 tgkill(10076, 10076, SIGURG)      = 0
10085 clone(child_stack=0x1feb1ad98000, flags=CLONE_VM|CLONE_FS|CLONE_FILES|CLONE_SIGHAND|CLONE_THREAD|CLONE_SYSVSEM) = 10086
10076 clone(child_stack=0x1feb1ad14000, flags=CLONE_VM|CLONE_FS|CLONE_FILES|CLONE_SIGHAND|CLONE_THREAD|CLONE_SYSVSEM) = 10087
10076 --- SIGURG {si_signo=SIGURG, si_code=SI_TKILL, si_pid=10076, si_uid=1001} ---
10086 clone(child_stack=0x1feb1ad94000, flags=CLONE_VM|CLONE_FS|CLONE_FILES|CLONE_SIGHAND|CLONE_THREAD|CLONE_SYSVSEM) = 10088
10036 tgkill(10025, 10041, SIGURG)      = 0
10041 --- SIGURG {si_signo=SIGURG, si_code=SI_TKILL, si_pid=10025, si_uid=1001} ---
10078 clone(child_stack=0x23ac837b2000, flags=CLONE_VM|CLONE_FS|CLONE_FILES|CLONE_SIGHAND|CLONE_THREAD|CLONE_SYSVSEM) = 10089
10078 clone(child_stack=0x23ac837ea000, flags=CLONE_VM|CLONE_FS|CLONE_FILES|CLONE_SIGHAND|CLONE_THREAD|CLONE_SYSVSEM) = 10090
10078 clone(child_stack=0x23ac837e6000, flags=CLONE_VM|CLONE_FS|CLONE_FILES|CLONE_SIGHAND|CLONE_THREAD|CLONE_SYSVSEM) = 10091
10090 clone(child_stack=0x23ac83896000, flags=CLONE_VM|CLONE_FS|CLONE_FILES|CLONE_SIGHAND|CLONE_THREAD|CLONE_SYSVSEM) = 10092
10075 exit_group(0)                     = ?
10082 +++ exited with 0 +++
10081 +++ exited with 0 +++
10079 +++ exited with 0 +++
10080 +++ exited with 0 +++
10083 +++ exited with 0 +++
10075 +++ exited with 0 +++
9979  --- SIGCHLD {si_signo=SIGCHLD, si_code=CLD_EXITED, si_pid=10075, si_uid=1001, si_status=0, si_utime=0, si_stime=1 /* 0.01 s */} ---
9976  <... waitid resumed>{si_signo=SIGCHLD, si_code=CLD_EXITED, si_pid=10075, si_uid=1001, si_status=0, si_utime=0, si_stime=0}, WEXITED, {ru_utime={tv_sec=0, tv_usec=8565}, ru_stime={tv_sec=0, tv_usec=10707}, ...}) = 0
10084 tgkill(10076, 10076, SIGURG)      = 0
10076 --- SIGURG {si_signo=SIGURG, si_code=SI_TKILL, si_pid=10076, si_uid=1001} ---
9979  clone(child_stack=NULL, flags=CLONE_VM|CLONE_PIDFD|CLONE_VFORK|SIGCHLD <unfinished ...>
10078 exit_group(0)                     = ?
10092 +++ exited with 0 +++
10091 +++ exited with 0 +++
10090 +++ exited with 0 +++
10089 +++ exited with 0 +++
10078 +++ exited with 0 +++
9990  <... waitid resumed>{si_signo=SIGCHLD, si_code=CLD_EXITED, si_pid=10078, si_uid=1001, si_status=0, si_utime=0, si_stime=0}, WEXITED, {ru_utime={tv_sec=0, tv_usec=0}, ru_stime={tv_sec=0, tv_usec=6415}, ...}) = 0
9976  --- SIGCHLD {si_signo=SIGCHLD, si_code=CLD_EXITED, si_pid=10078, si_uid=1001, si_status=0, si_utime=0, si_stime=0} ---
10093 execve("/opt/hostedtoolcache/go/1.27.1/arm64/pkg/tool/linux_arm64/asm", ["/opt/hostedtoolcache/go/1.27.1/a"..., "-p", "internal/runtime/syscall/linux", "-trimpath", "/tmp/go-build3326039643/b021=>", "-I", "/tmp/go-build3326039643/b021/", "-I", "/opt/hostedtoolcache/go/1.27.1/a"..., "-D", "GOOS_linux", "-D", "GOARCH_arm64", "-std", "-o", "/tmp/go-build3326039643/b021/asm"..., "/opt/hostedtoolcache/go/1.27.1/a"...], 0x5bded622a008 /* 140 vars */ <unfinished ...>
9979  <... clone resumed>, parent_tid=[16]) = 10093
10093 <... execve resumed>)             = 0
9979  waitid(P_PIDFD, 16,  <unfinished ...>
9976  clone(child_stack=NULL, flags=CLONE_VM|CLONE_PIDFD|CLONE_VFORK|SIGCHLD <unfinished ...>
10094 execve("/opt/hostedtoolcache/go/1.27.1/arm64/pkg/tool/linux_arm64/compile", ["/opt/hostedtoolcache/go/1.27.1/a"..., "-o", "/tmp/go-build3326039643/b013/_pk"..., "-trimpath", "/tmp/go-build3326039643/b013=>", "-p", "internal/chacha8rand", "-lang=go1.27", "-std", "-buildid", "AbtP_dvRHon_4T8hwPZW/AbtP_dvRHon"..., "-goversion", "go1.27.1", "-symabis", "/tmp/go-build3326039643/b013/sym"..., "-c=4", "-nolocalimports", "-importcfg", "/tmp/go-build3326039643/b013/imp"..., "-pack", "-asmhdr", "/tmp/go-build3326039643/b013/go_"..., "/opt/hostedtoolcache/go/1.27.1/a"..., "/opt/hostedtoolcache/go/1.27.1/a"...], 0x5bded628e488 /* 140 vars */ <unfinished ...>
9976  <... clone resumed>, parent_tid=[13]) = 10094
10094 <... execve resumed>)             = 0
10025 exit_group(0 <unfinished ...>
10086 exit_group(0 <unfinished ...>
10025 <... exit_group resumed>)         = ?
10039 +++ exited with 0 +++
10086 <... exit_group resumed>)         = ?
10041 +++ exited with 0 +++
10038 +++ exited with 0 +++
10037 +++ exited with 0 +++
10036 +++ exited with 0 +++
10086 +++ exited with 0 +++
10085 +++ exited with 0 +++
10084 +++ exited with 0 +++
10088 +++ exited with 0 +++
10087 +++ exited with 0 +++
10076 +++ exited with 0 +++
9990  --- SIGCHLD {si_signo=SIGCHLD, si_code=CLD_EXITED, si_pid=10076, si_uid=1001, si_status=0, si_utime=0, si_stime=0} ---
9978  <... waitid resumed>{si_signo=SIGCHLD, si_code=CLD_EXITED, si_pid=10076, si_uid=1001, si_status=0, si_utime=0, si_stime=0}, WEXITED, {ru_utime={tv_sec=0, tv_usec=3962}, ru_stime={tv_sec=0, tv_usec=6934}, ...}) = 0
9972  <... waitid resumed>0x5bded62c8fb8, WEXITED, 0x5bded625e120) = ? ERESTARTSYS (To be restarted if SA_RESTART is set)
9972  waitid(P_PIDFD, 12,  <unfinished ...>
9976  waitid(P_PIDFD, 13,  <unfinished ...>
9990  clone(child_stack=NULL, flags=CLONE_VM|CLONE_PIDFD|CLONE_VFORK|SIGCHLD <unfinished ...>
10095 execve("/opt/hostedtoolcache/go/1.27.1/arm64/pkg/tool/linux_arm64/compile", ["/opt/hostedtoolcache/go/1.27.1/a"..., "-o", "/tmp/go-build3326039643/b010/_pk"..., "-trimpath", "/tmp/go-build3326039643/b010=>", "-p", "internal/bytealg", "-lang=go1.27", "-std", "-buildid", "WXxliEaw6GJNuYmN6A_V/WXxliEaw6GJ"..., "-goversion", "go1.27.1", "-symabis", "/tmp/go-build3326039643/b010/sym"..., "-c=4", "-nolocalimports", "-importcfg", "/tmp/go-build3326039643/b010/imp"..., "-pack", "-asmhdr", "/tmp/go-build3326039643/b010/go_"..., "/opt/hostedtoolcache/go/1.27.1/a"..., "/opt/hostedtoolcache/go/1.27.1/a"..., "/opt/hostedtoolcache/go/1.27.1/a"..., "/opt/hostedtoolcache/go/1.27.1/a"..., "/opt/hostedtoolcache/go/1.27.1/a"..., "/opt/hostedtoolcache/go/1.27.1/a"..., "/opt/hostedtoolcache/go/1.27.1/a"..., "/opt/hostedtoolcache/go/1.27.1/a"..., "/opt/hostedtoolcache/go/1.27.1/a"...], 0x5bded65e4d88 /* 140 vars */ <unfinished ...>
10093 clone(child_stack=0x195023558000, flags=CLONE_VM|CLONE_FS|CLONE_FILES|CLONE_SIGHAND|CLONE_THREAD|CLONE_SYSVSEM) = 10096
9990  <... clone resumed>, parent_tid=[18]) = 10095
10095 <... execve resumed>)             = 0
10025 +++ exited with 0 +++
9972  <... waitid resumed>{si_signo=SIGCHLD, si_code=CLD_EXITED, si_pid=10025, si_uid=1001, si_status=0, si_utime=0, si_stime=0}, WEXITED, {ru_utime={tv_sec=0, tv_usec=154212}, ru_stime={tv_sec=0, tv_usec=31036}, ...}) = 0
9990  --- SIGCHLD {si_signo=SIGCHLD, si_code=CLD_EXITED, si_pid=10025, si_uid=1001, si_status=0, si_utime=15 /* 0.15 s */, si_stime=3 /* 0.03 s */} ---
10093 clone(child_stack=0x195023590000, flags=CLONE_VM|CLONE_FS|CLONE_FILES|CLONE_SIGHAND|CLONE_THREAD|CLONE_SYSVSEM) = 10097
10093 clone(child_stack=0x19502358c000, flags=CLONE_VM|CLONE_FS|CLONE_FILES|CLONE_SIGHAND|CLONE_THREAD|CLONE_SYSVSEM) = 10098
10097 clone(child_stack=0x195023618000, flags=CLONE_VM|CLONE_FS|CLONE_FILES|CLONE_SIGHAND|CLONE_THREAD|CLONE_SYSVSEM <unfinished ...>
9990  waitid(P_PIDFD, 18,  <unfinished ...>
10097 <... clone resumed>)              = 10099
10077 clone(child_stack=NULL, flags=CLONE_VM|CLONE_PIDFD|CLONE_VFORK|SIGCHLD <unfinished ...>
10100 execve("/opt/hostedtoolcache/go/1.27.1/arm64/pkg/tool/linux_arm64/asm", ["/opt/hostedtoolcache/go/1.27.1/a"..., "-p", "internal/abi", "-trimpath", "/tmp/go-build3326039643/b005=>", "-I", "/tmp/go-build3326039643/b005/", "-I", "/opt/hostedtoolcache/go/1.27.1/a"..., "-D", "GOOS_linux", "-D", "GOARCH_arm64", "-std", "-o", "/tmp/go-build3326039643/b005/abi"..., "/opt/hostedtoolcache/go/1.27.1/a"...], 0x5bded64e5b08 /* 140 vars */ <unfinished ...>
10077 <... clone resumed>, parent_tid=[17]) = 10100
10100 <... execve resumed>)             = 0
10077 waitid(P_PIDFD, 17,  <unfinished ...>
10094 clone(child_stack=0x7fe53efc0000, flags=CLONE_VM|CLONE_FS|CLONE_FILES|CLONE_SIGHAND|CLONE_THREAD|CLONE_SYSVSEM) = 10101
10094 clone(child_stack=0x7fe53eff8000, flags=CLONE_VM|CLONE_FS|CLONE_FILES|CLONE_SIGHAND|CLONE_THREAD|CLONE_SYSVSEM) = 10102
10101 tgkill(10094, 10094, SIGURG)      = 0
10094 clone(child_stack=0x7fe53eff4000, flags=CLONE_VM|CLONE_FS|CLONE_FILES|CLONE_SIGHAND|CLONE_THREAD|CLONE_SYSVSEM) = 10103
10094 --- SIGURG {si_signo=SIGURG, si_code=SI_TKILL, si_pid=10094, si_uid=1001} ---
10102 clone(child_stack=0x7fe53f018000, flags=CLONE_VM|CLONE_FS|CLONE_FILES|CLONE_SIGHAND|CLONE_THREAD|CLONE_SYSVSEM) = 10104
10095 clone(child_stack=0x37e4631ce000, flags=CLONE_VM|CLONE_FS|CLONE_FILES|CLONE_SIGHAND|CLONE_THREAD|CLONE_SYSVSEM <unfinished ...>
10093 exit_group(0)                     = ?
10095 <... clone resumed>)              = 10105
10097 +++ exited with 0 +++
10099 +++ exited with 0 +++
10096 +++ exited with 0 +++
10098 +++ exited with 0 +++
10093 +++ exited with 0 +++
9979  <... waitid resumed>{si_signo=SIGCHLD, si_code=CLD_EXITED, si_pid=10093, si_uid=1001, si_status=0, si_utime=0, si_stime=0}, WEXITED, {ru_utime={tv_sec=0, tv_usec=0}, ru_stime={tv_sec=0, tv_usec=6351}, ...}) = 0
9979  --- SIGCHLD {si_signo=SIGCHLD, si_code=CLD_EXITED, si_pid=10093, si_uid=1001, si_status=0, si_utime=0, si_stime=0} ---
10095 clone(child_stack=0x37e463208000, flags=CLONE_VM|CLONE_FS|CLONE_FILES|CLONE_SIGHAND|CLONE_THREAD|CLONE_SYSVSEM) = 10106
10105 tgkill(10095, 10095, SIGURG)      = 0
10095 --- SIGURG {si_signo=SIGURG, si_code=SI_TKILL, si_pid=10095, si_uid=1001} ---
10095 clone(child_stack=0x37e463204000, flags=CLONE_VM|CLONE_FS|CLONE_FILES|CLONE_SIGHAND|CLONE_THREAD|CLONE_SYSVSEM) = 10107
10106 clone(child_stack=0x37e463228000, flags=CLONE_VM|CLONE_FS|CLONE_FILES|CLONE_SIGHAND|CLONE_THREAD|CLONE_SYSVSEM) = 10108
10100 clone(child_stack=0x765768f52000, flags=CLONE_VM|CLONE_FS|CLONE_FILES|CLONE_SIGHAND|CLONE_THREAD|CLONE_SYSVSEM) = 10109
10100 clone(child_stack=0x765768f8a000, flags=CLONE_VM|CLONE_FS|CLONE_FILES|CLONE_SIGHAND|CLONE_THREAD|CLONE_SYSVSEM) = 10110
10100 clone(child_stack=0x765768f86000, flags=CLONE_VM|CLONE_FS|CLONE_FILES|CLONE_SIGHAND|CLONE_THREAD|CLONE_SYSVSEM) = 10111
10110 clone(child_stack=0x765769018000, flags=CLONE_VM|CLONE_FS|CLONE_FILES|CLONE_SIGHAND|CLONE_THREAD|CLONE_SYSVSEM) = 10112
10100 clone(child_stack=0x765769014000, flags=CLONE_VM|CLONE_FS|CLONE_FILES|CLONE_SIGHAND|CLONE_THREAD|CLONE_SYSVSEM) = 10113
10095 clone(child_stack=0x37e463610000, flags=CLONE_VM|CLONE_FS|CLONE_FILES|CLONE_SIGHAND|CLONE_THREAD|CLONE_SYSVSEM) = 10114
10105 clone(child_stack=0x37e46360c000, flags=CLONE_VM|CLONE_FS|CLONE_FILES|CLONE_SIGHAND|CLONE_THREAD|CLONE_SYSVSEM) = 10115
10100 exit_group(0)                     = ?
10112 +++ exited with 0 +++
10111 +++ exited with 0 +++
10113 +++ exited with 0 +++
10110 +++ exited with 0 +++
10109 +++ exited with 0 +++
10100 +++ exited with 0 +++
9979  --- SIGCHLD {si_signo=SIGCHLD, si_code=CLD_EXITED, si_pid=10100, si_uid=1001, si_status=0, si_utime=0, si_stime=0} ---
10077 <... waitid resumed>{si_signo=SIGCHLD, si_code=CLD_EXITED, si_pid=10100, si_uid=1001, si_status=0, si_utime=0, si_stime=0}, WEXITED, {ru_utime={tv_sec=0, tv_usec=1079}, ru_stime={tv_sec=0, tv_usec=4319}, ...}) = 0
10101 tgkill(10094, 10094, SIGURG)      = 0
10094 --- SIGURG {si_signo=SIGURG, si_code=SI_TKILL, si_pid=10094, si_uid=1001} ---
10077 clone(child_stack=NULL, flags=CLONE_VM|CLONE_PIDFD|CLONE_VFORK|SIGCHLD <unfinished ...>
10116 execve("/opt/hostedtoolcache/go/1.27.1/arm64/pkg/tool/linux_arm64/asm", ["/opt/hostedtoolcache/go/1.27.1/a"..., "-p", "internal/abi", "-trimpath", "/tmp/go-build3326039643/b005=>", "-I", "/tmp/go-build3326039643/b005/", "-I", "/opt/hostedtoolcache/go/1.27.1/a"..., "-D", "GOOS_linux", "-D", "GOARCH_arm64", "-std", "-o", "/tmp/go-build3326039643/b005/stu"..., "/opt/hostedtoolcache/go/1.27.1/a"...], 0x5bded6595b08 /* 140 vars */) = 0
10077 <... clone resumed>, parent_tid=[16]) = 10116
9973  tgkill(9972, 9972, SIGURG)        = 0
9972  --- SIGURG {si_signo=SIGURG, si_code=SI_TKILL, si_pid=9972, si_uid=1001} ---
10077 waitid(P_PIDFD, 16,  <unfinished ...>
9978  clone(child_stack=NULL, flags=CLONE_VM|CLONE_PIDFD|CLONE_VFORK|SIGCHLD <unfinished ...>
10117 execve("/opt/hostedtoolcache/go/1.27.1/arm64/pkg/tool/linux_arm64/asm", ["/opt/hostedtoolcache/go/1.27.1/a"..., "-p", "internal/runtime/atomic", "-trimpath", "/tmp/go-build3326039643/b019=>", "-I", "/tmp/go-build3326039643/b019/", "-I", "/opt/hostedtoolcache/go/1.27.1/a"..., "-D", "GOOS_linux", "-D", "GOARCH_arm64", "-std", "-gensymabis", "-o", "/tmp/go-build3326039643/b019/sym"..., "/opt/hostedtoolcache/go/1.27.1/a"...], 0x5bded65e5208 /* 140 vars */ <unfinished ...>
9978  <... clone resumed>, parent_tid=[17]) = 10117
10117 <... execve resumed>)             = 0
9978  waitid(P_PIDFD, 17,  <unfinished ...>
10114 exit_group(0)                     = ?
10115 +++ exited with 0 +++
10114 +++ exited with 0 +++
10108 +++ exited with 0 +++
10107 +++ exited with 0 +++
10106 +++ exited with 0 +++
10105 +++ exited with 0 +++
10095 +++ exited with 0 +++
9979  --- SIGCHLD {si_signo=SIGCHLD, si_code=CLD_EXITED, si_pid=10095, si_uid=1001, si_status=0, si_utime=1 /* 0.01 s */, si_stime=0} ---
9990  <... waitid resumed>{si_signo=SIGCHLD, si_code=CLD_EXITED, si_pid=10095, si_uid=1001, si_status=0, si_utime=0, si_stime=0}, WEXITED, {ru_utime={tv_sec=0, tv_usec=10974}, ru_stime={tv_sec=0, tv_usec=7681}, ...}) = 0
10094 exit_group(0)                     = ?
10104 +++ exited with 0 +++
10103 +++ exited with 0 +++
10102 +++ exited with 0 +++
10101 +++ exited with 0 +++
9979  clone(child_stack=NULL, flags=CLONE_VM|CLONE_PIDFD|CLONE_VFORK|SIGCHLD <unfinished ...>
10094 +++ exited with 0 +++
9976  <... waitid resumed>{si_signo=SIGCHLD, si_code=CLD_EXITED, si_pid=10094, si_uid=1001, si_status=0, si_utime=0, si_stime=0}, WEXITED, {ru_utime={tv_sec=0, tv_usec=15728}, ru_stime={tv_sec=0, tv_usec=12027}, ...}) = 0
9990  --- SIGCHLD {si_signo=SIGCHLD, si_code=CLD_EXITED, si_pid=10094, si_uid=1001, si_status=0, si_utime=1 /* 0.01 s */, si_stime=1 /* 0.01 s */} ---
10116 clone(child_stack=0x31ee22aee000, flags=CLONE_VM|CLONE_FS|CLONE_FILES|CLONE_SIGHAND|CLONE_THREAD|CLONE_SYSVSEM) = 10119
10116 clone(child_stack=0x31ee22b26000, flags=CLONE_VM|CLONE_FS|CLONE_FILES|CLONE_SIGHAND|CLONE_THREAD|CLONE_SYSVSEM) = 10120
10116 clone(child_stack=0x31ee22b22000, flags=CLONE_VM|CLONE_FS|CLONE_FILES|CLONE_SIGHAND|CLONE_THREAD|CLONE_SYSVSEM) = 10121
10120 clone(child_stack=0x31ee22b98000, flags=CLONE_VM|CLONE_FS|CLONE_FILES|CLONE_SIGHAND|CLONE_THREAD|CLONE_SYSVSEM) = 10122
9990  clone(child_stack=NULL, flags=CLONE_VM|CLONE_PIDFD|CLONE_VFORK|SIGCHLD <unfinished ...>
10118 execve("/opt/hostedtoolcache/go/1.27.1/arm64/pkg/tool/linux_arm64/asm", ["/opt/hostedtoolcache/go/1.27.1/a"..., "-p", "internal/bytealg", "-trimpath", "/tmp/go-build3326039643/b010=>", "-I", "/tmp/go-build3326039643/b010/", "-I", "/opt/hostedtoolcache/go/1.27.1/a"..., "-D", "GOOS_linux", "-D", "GOARCH_arm64", "-std", "-o", "/tmp/go-build3326039643/b010/com"..., "/opt/hostedtoolcache/go/1.27.1/a"...], 0x5bded622a488 /* 140 vars */ <unfinished ...>
9979  <... clone resumed>, parent_tid=[18]) = 10118
10118 <... execve resumed>)             = 0
10117 clone(child_stack=0x707acf80c000, flags=CLONE_VM|CLONE_FS|CLONE_FILES|CLONE_SIGHAND|CLONE_THREAD|CLONE_SYSVSEM) = 10124
10123 execve("/opt/hostedtoolcache/go/1.27.1/arm64/pkg/tool/linux_arm64/asm", ["/opt/hostedtoolcache/go/1.27.1/a"..., "-p", "internal/chacha8rand", "-trimpath", "/tmp/go-build3326039643/b013=>", "-I", "/tmp/go-build3326039643/b013/", "-I", "/opt/hostedtoolcache/go/1.27.1/a"..., "-D", "GOOS_linux", "-D", "GOARCH_arm64", "-std", "-o", "/tmp/go-build3326039643/b013/cha"..., "/opt/hostedtoolcache/go/1.27.1/a"...], 0x5bded65e5688 /* 140 vars */) = 0
9990  <... clone resumed>, parent_tid=[22]) = 10123
10117 clone(child_stack=0x707acf844000, flags=CLONE_VM|CLONE_FS|CLONE_FILES|CLONE_SIGHAND|CLONE_THREAD|CLONE_SYSVSEM) = 10125
10124 tgkill(10117, 10117, SIGURG <unfinished ...>
10117 clone(child_stack=0x707acf840000, flags=CLONE_VM|CLONE_FS|CLONE_FILES|CLONE_SIGHAND|CLONE_THREAD|CLONE_SYSVSEM <unfinished ...>
10124 <... tgkill resumed>)             = 0
10117 <... clone resumed>)              = 10126
10117 --- SIGURG {si_signo=SIGURG, si_code=SI_TKILL, si_pid=10117, si_uid=1001} ---
9990  waitid(P_PIDFD, 22,  <unfinished ...>
9979  waitid(P_PIDFD, 18,  <unfinished ...>
10125 clone(child_stack=0x707acf898000, flags=CLONE_VM|CLONE_FS|CLONE_FILES|CLONE_SIGHAND|CLONE_THREAD|CLONE_SYSVSEM) = 10127
10116 exit_group(0)                     = ?
10122 +++ exited with 0 +++
10121 +++ exited with 0 +++
10119 +++ exited with 0 +++
10120 +++ exited with 0 +++
10116 +++ exited with 0 +++
10077 <... waitid resumed>{si_signo=SIGCHLD, si_code=CLD_EXITED, si_pid=10116, si_uid=1001, si_status=0, si_utime=0, si_stime=0}, WEXITED, {ru_utime={tv_sec=0, tv_usec=0}, ru_stime={tv_sec=0, tv_usec=5712}, ...}) = 0
9973  --- SIGCHLD {si_signo=SIGCHLD, si_code=CLD_EXITED, si_pid=10116, si_uid=1001, si_status=0, si_utime=0, si_stime=0} ---
10118 clone(child_stack=0xe3b6ca7a000, flags=CLONE_VM|CLONE_FS|CLONE_FILES|CLONE_SIGHAND|CLONE_THREAD|CLONE_SYSVSEM) = 10128
10118 clone(child_stack=0xe3b6cab2000, flags=CLONE_VM|CLONE_FS|CLONE_FILES|CLONE_SIGHAND|CLONE_THREAD|CLONE_SYSVSEM) = 10129
10128 tgkill(10118, 10118, SIGURG)      = 0
10118 clone(child_stack=0xe3b6caae000, flags=CLONE_VM|CLONE_FS|CLONE_FILES|CLONE_SIGHAND|CLONE_THREAD|CLONE_SYSVSEM) = 10130
10118 --- SIGURG {si_signo=SIGURG, si_code=SI_TKILL, si_pid=10118, si_uid=1001} ---
10129 clone(child_stack=0xe3b6cb18000, flags=CLONE_VM|CLONE_FS|CLONE_FILES|CLONE_SIGHAND|CLONE_THREAD|CLONE_SYSVSEM) = 10131
10117 exit_group(0)                     = ?
10127 +++ exited with 0 +++
10126 +++ exited with 0 +++
10125 +++ exited with 0 +++
10124 +++ exited with 0 +++
10117 +++ exited with 0 +++
9978  <... waitid resumed>{si_signo=SIGCHLD, si_code=CLD_EXITED, si_pid=10117, si_uid=1001, si_status=0, si_utime=0, si_stime=0}, WEXITED, {ru_utime={tv_sec=0, tv_usec=1446}, ru_stime={tv_sec=0, tv_usec=5061}, ...}) = 0
10077 --- SIGCHLD {si_signo=SIGCHLD, si_code=CLD_EXITED, si_pid=10117, si_uid=1001, si_status=0, si_utime=0, si_stime=0} ---
10123 clone(child_stack=0x70ec7ebbc000, flags=CLONE_VM|CLONE_FS|CLONE_FILES|CLONE_SIGHAND|CLONE_THREAD|CLONE_SYSVSEM) = 10132
10123 clone(child_stack=0x70ec7ebf4000, flags=CLONE_VM|CLONE_FS|CLONE_FILES|CLONE_SIGHAND|CLONE_THREAD|CLONE_SYSVSEM) = 10133
10132 tgkill(10123, 10123, SIGURG)      = 0
10123 clone(child_stack=0x70ec7ebf0000, flags=CLONE_VM|CLONE_FS|CLONE_FILES|CLONE_SIGHAND|CLONE_THREAD|CLONE_SYSVSEM) = 10134
10123 --- SIGURG {si_signo=SIGURG, si_code=SI_TKILL, si_pid=10123, si_uid=1001} ---
10133 clone(child_stack=0x70ec7ec18000, flags=CLONE_VM|CLONE_FS|CLONE_FILES|CLONE_SIGHAND|CLONE_THREAD|CLONE_SYSVSEM) = 10135
10077 clone(child_stack=NULL, flags=CLONE_VM|CLONE_PIDFD|CLONE_VFORK|SIGCHLD <unfinished ...>
10136 execve("/opt/hostedtoolcache/go/1.27.1/arm64/pkg/tool/linux_arm64/compile", ["/opt/hostedtoolcache/go/1.27.1/a"..., "-o", "/tmp/go-build3326039643/b019/_pk"..., "-trimpath", "/tmp/go-build3326039643/b019=>", "-p", "internal/runtime/atomic", "-lang=go1.27", "-std", "-buildid", "JLvm72GCidsaQcYveEya/JLvm72GCids"..., "-goversion", "go1.27.1", "-symabis", "/tmp/go-build3326039643/b019/sym"..., "-c=4", "-nolocalimports", "-importcfg", "/tmp/go-build3326039643/b019/imp"..., "-pack", "-asmhdr", "/tmp/go-build3326039643/b019/go_"..., "/opt/hostedtoolcache/go/1.27.1/a"..., "/opt/hostedtoolcache/go/1.27.1/a"..., "/opt/hostedtoolcache/go/1.27.1/a"..., "/opt/hostedtoolcache/go/1.27.1/a"..., "/opt/hostedtoolcache/go/1.27.1/a"..., "/opt/hostedtoolcache/go/1.27.1/a"..., "/opt/hostedtoolcache/go/1.27.1/a"..., "/opt/hostedtoolcache/go/1.27.1/a"...], 0x5bded65e5b08 /* 140 vars */ <unfinished ...>
10077 <... clone resumed>, parent_tid=[14]) = 10136
10136 <... execve resumed>)             = 0
9973  tgkill(9972, 9976, SIGURG)        = 0
9976  --- SIGURG {si_signo=SIGURG, si_code=SI_TKILL, si_pid=9972, si_uid=1001} ---
10077 waitid(P_PIDFD, 14,  <unfinished ...>
10118 exit_group(0)                     = ?
10131 +++ exited with 0 +++
10129 +++ exited with 0 +++
10130 +++ exited with 0 +++
10128 +++ exited with 0 +++
10118 +++ exited with 0 +++
9979  <... waitid resumed>{si_signo=SIGCHLD, si_code=CLD_EXITED, si_pid=10118, si_uid=1001, si_status=0, si_utime=0, si_stime=0}, WEXITED, {ru_utime={tv_sec=0, tv_usec=3154}, ru_stime={tv_sec=0, tv_usec=3154}, ...}) = 0
9978  --- SIGCHLD {si_signo=SIGCHLD, si_code=CLD_EXITED, si_pid=10118, si_uid=1001, si_status=0, si_utime=0, si_stime=0} ---
9978  clone(child_stack=NULL, flags=CLONE_VM|CLONE_PIDFD|CLONE_VFORK|SIGCHLD <unfinished ...>
10123 exit_group(0)                     = ?
10135 +++ exited with 0 +++
10134 +++ exited with 0 +++
10132 +++ exited with 0 +++
10133 +++ exited with 0 +++
10123 +++ exited with 0 +++
9979  --- SIGCHLD {si_signo=SIGCHLD, si_code=CLD_EXITED, si_pid=10123, si_uid=1001, si_status=0, si_utime=0, si_stime=0} ---
9990  <... waitid resumed>{si_signo=SIGCHLD, si_code=CLD_EXITED, si_pid=10123, si_uid=1001, si_status=0, si_utime=0, si_stime=0}, WEXITED, {ru_utime={tv_sec=0, tv_usec=4624}, ru_stime={tv_sec=0, tv_usec=2312}, ...}) = 0
10137 execve("/opt/hostedtoolcache/go/1.27.1/arm64/pkg/tool/linux_arm64/asm", ["/opt/hostedtoolcache/go/1.27.1/a"..., "-p", "internal/bytealg", "-trimpath", "/tmp/go-build3326039643/b010=>", "-I", "/tmp/go-build3326039643/b010/", "-I", "/opt/hostedtoolcache/go/1.27.1/a"..., "-D", "GOOS_linux", "-D", "GOARCH_arm64", "-std", "-o", "/tmp/go-build3326039643/b010/cou"..., "/opt/hostedtoolcache/go/1.27.1/a"...], 0x5bded6500488 /* 140 vars */ <unfinished ...>
9978  <... clone resumed>, parent_tid=[17]) = 10137
10137 <... execve resumed>)             = 0
9978  waitid(P_PIDFD, 17,  <unfinished ...>
10136 clone(child_stack=0x2ae13da40000, flags=CLONE_VM|CLONE_FS|CLONE_FILES|CLONE_SIGHAND|CLONE_THREAD|CLONE_SYSVSEM) = 10138
10136 clone(child_stack=0x2ae13da78000, flags=CLONE_VM|CLONE_FS|CLONE_FILES|CLONE_SIGHAND|CLONE_THREAD|CLONE_SYSVSEM) = 10139
10136 clone(child_stack=0x2ae13da74000, flags=CLONE_VM|CLONE_FS|CLONE_FILES|CLONE_SIGHAND|CLONE_THREAD|CLONE_SYSVSEM) = 10140
9972  tgkill(9972, 9976, SIGURG)        = 0
9976  --- SIGURG {si_signo=SIGURG, si_code=SI_TKILL, si_pid=9972, si_uid=1001} ---
9972  tgkill(9972, 9979, SIGURG)        = 0
9979  --- SIGURG {si_signo=SIGURG, si_code=SI_TKILL, si_pid=9972, si_uid=1001} ---
10139 clone(child_stack=0x2ae13db18000, flags=CLONE_VM|CLONE_FS|CLONE_FILES|CLONE_SIGHAND|CLONE_THREAD|CLONE_SYSVSEM) = 10141
9972  tgkill(9972, 9979, SIGURG)        = 0
9979  --- SIGURG {si_signo=SIGURG, si_code=SI_TKILL, si_pid=9972, si_uid=1001} ---
9972  tgkill(9972, 9974, SIGURG)        = 0
9974  --- SIGURG {si_signo=SIGURG, si_code=SI_TKILL, si_pid=9972, si_uid=1001} ---
10137 clone(child_stack=0x48a269a3c000, flags=CLONE_VM|CLONE_FS|CLONE_FILES|CLONE_SIGHAND|CLONE_THREAD|CLONE_SYSVSEM) = 10142
10137 clone(child_stack=0x48a269a74000, flags=CLONE_VM|CLONE_FS|CLONE_FILES|CLONE_SIGHAND|CLONE_THREAD|CLONE_SYSVSEM) = 10143
10142 tgkill(10137, 10137, SIGURG)      = 0
10137 clone(child_stack=0x48a269a70000, flags=CLONE_VM|CLONE_FS|CLONE_FILES|CLONE_SIGHAND|CLONE_THREAD|CLONE_SYSVSEM) = 10144
10137 --- SIGURG {si_signo=SIGURG, si_code=SI_TKILL, si_pid=10137, si_uid=1001} ---
10143 clone(child_stack=0x48a269a98000, flags=CLONE_VM|CLONE_FS|CLONE_FILES|CLONE_SIGHAND|CLONE_THREAD|CLONE_SYSVSEM) = 10145
9976  clone(child_stack=NULL, flags=CLONE_VM|CLONE_PIDFD|CLONE_VFORK|SIGCHLD <unfinished ...>
10143 clone(child_stack=0x48a269a94000, flags=CLONE_VM|CLONE_FS|CLONE_FILES|CLONE_SIGHAND|CLONE_THREAD|CLONE_SYSVSEM) = 10147
10146 execve("/opt/hostedtoolcache/go/1.27.1/arm64/pkg/tool/linux_arm64/compile", ["/opt/hostedtoolcache/go/1.27.1/a"..., "-o", "/tmp/go-build3326039643/b023/_pk"..., "-trimpath", "/tmp/go-build3326039643/b023=>", "-p", "math/bits", "-lang=go1.27", "-std", "-complete", "-buildid", "Zc0PQLlaIx_MgfGvKr9G/Zc0PQLlaIx_"..., "-goversion", "go1.27.1", "-c=4", "-nolocalimports", "-importcfg", "/tmp/go-build3326039643/b023/imp"..., "-pack", "/opt/hostedtoolcache/go/1.27.1/a"..., "/opt/hostedtoolcache/go/1.27.1/a"..., "/opt/hostedtoolcache/go/1.27.1/a"...], 0x5bded628e488 /* 140 vars */ <unfinished ...>
9976  <... clone resumed>, parent_tid=[15]) = 10146
10146 <... execve resumed>)             = 0
9976  waitid(P_PIDFD, 15,  <unfinished ...>
9974  clone(child_stack=NULL, flags=CLONE_VM|CLONE_PIDFD|CLONE_VFORK|SIGCHLD <unfinished ...>
10148 execve("/opt/hostedtoolcache/go/1.27.1/arm64/pkg/tool/linux_arm64/compile", ["/opt/hostedtoolcache/go/1.27.1/a"..., "-o", "/tmp/go-build3326039643/b025/_pk"..., "-trimpath", "/tmp/go-build3326039643/b025=>", "-p", "internal/runtime/gc", "-lang=go1.27", "-std", "-complete", "-buildid", "Pfv26tI2_f6sVbQDUcl5/Pfv26tI2_f6"..., "-goversion", "go1.27.1", "-c=4", "-nolocalimports", "-importcfg", "/tmp/go-build3326039643/b025/imp"..., "-pack", "/opt/hostedtoolcache/go/1.27.1/a"..., "/opt/hostedtoolcache/go/1.27.1/a"..., "/opt/hostedtoolcache/go/1.27.1/a"...], 0x5bded6500488 /* 140 vars */ <unfinished ...>
9974  <... clone resumed>, parent_tid=[18]) = 10148
10148 <... execve resumed>)             = 0
9974  waitid(P_PIDFD, 18,  <unfinished ...>
10137 exit_group(0)                     = ?
10144 +++ exited with 0 +++
10147 +++ exited with 0 +++
10142 +++ exited with 0 +++
10146 clone(child_stack=0x749c7d2bc000, flags=CLONE_VM|CLONE_FS|CLONE_FILES|CLONE_SIGHAND|CLONE_THREAD|CLONE_SYSVSEM) = 10149
10145 +++ exited with 0 +++
10146 clone(child_stack=0x749c7d2f4000, flags=CLONE_VM|CLONE_FS|CLONE_FILES|CLONE_SIGHAND|CLONE_THREAD|CLONE_SYSVSEM <unfinished ...>
10143 +++ exited with 0 +++
10137 +++ exited with 0 +++
9990  --- SIGCHLD {si_signo=SIGCHLD, si_code=CLD_EXITED, si_pid=10137, si_uid=1001, si_status=0, si_utime=0, si_stime=0} ---
9978  <... waitid resumed>{si_signo=SIGCHLD, si_code=CLD_EXITED, si_pid=10137, si_uid=1001, si_status=0, si_utime=0, si_stime=0}, WEXITED, {ru_utime={tv_sec=0, tv_usec=1915}, ru_stime={tv_sec=0, tv_usec=4789}, ...}) = 0
10146 <... clone resumed>)              = 10150
10146 clone(child_stack=0x749c7d2f0000, flags=CLONE_VM|CLONE_FS|CLONE_FILES|CLONE_SIGHAND|CLONE_THREAD|CLONE_SYSVSEM <unfinished ...>
10149 tgkill(10146, 10146, SIGURG)      = 0
10146 <... clone resumed>)              = 10151
10146 --- SIGURG {si_signo=SIGURG, si_code=SI_TKILL, si_pid=10146, si_uid=1001} ---
10150 clone(child_stack=0x749c7d318000, flags=CLONE_VM|CLONE_FS|CLONE_FILES|CLONE_SIGHAND|CLONE_THREAD|CLONE_SYSVSEM) = 10152
9990  clone(child_stack=NULL, flags=CLONE_VM|CLONE_PIDFD|CLONE_VFORK|SIGCHLD <unfinished ...>
10153 execve("/opt/hostedtoolcache/go/1.27.1/arm64/pkg/tool/linux_arm64/asm", ["/opt/hostedtoolcache/go/1.27.1/a"..., "-p", "internal/bytealg", "-trimpath", "/tmp/go-build3326039643/b010=>", "-I", "/tmp/go-build3326039643/b010/", "-I", "/opt/hostedtoolcache/go/1.27.1/a"..., "-D", "GOOS_linux", "-D", "GOARCH_arm64", "-std", "-o", "/tmp/go-build3326039643/b010/equ"..., "/opt/hostedtoolcache/go/1.27.1/a"...], 0x5bded622a008 /* 140 vars */ <unfinished ...>
9990  <... clone resumed>, parent_tid=[17]) = 10153
10153 <... execve resumed>)             = 0
9990  waitid(P_PIDFD, 17,  <unfinished ...>
10148 clone(child_stack=0x5125d1fbc000, flags=CLONE_VM|CLONE_FS|CLONE_FILES|CLONE_SIGHAND|CLONE_THREAD|CLONE_SYSVSEM) = 10154
10138 tgkill(10136, 10140, SIGURG)      = 0
10140 --- SIGURG {si_signo=SIGURG, si_code=SI_TKILL, si_pid=10136, si_uid=1001} ---
10154 tgkill(10148, 10148, SIGURG)      = 0
10148 clone(child_stack=0x5125d1ff4000, flags=CLONE_VM|CLONE_FS|CLONE_FILES|CLONE_SIGHAND|CLONE_THREAD|CLONE_SYSVSEM) = 10155
10148 --- SIGURG {si_signo=SIGURG, si_code=SI_TKILL, si_pid=10148, si_uid=1001} ---
10148 clone(child_stack=0x5125d1ff0000, flags=CLONE_VM|CLONE_FS|CLONE_FILES|CLONE_SIGHAND|CLONE_THREAD|CLONE_SYSVSEM) = 10156
10154 tgkill(10148, 10148, SIGURG)      = 0
10148 --- SIGURG {si_signo=SIGURG, si_code=SI_TKILL, si_pid=10148, si_uid=1001} ---
10155 clone(child_stack=0x5125d2018000, flags=CLONE_VM|CLONE_FS|CLONE_FILES|CLONE_SIGHAND|CLONE_THREAD|CLONE_SYSVSEM) = 10157
10148 clone(child_stack=0x5125d2014000, flags=CLONE_VM|CLONE_FS|CLONE_FILES|CLONE_SIGHAND|CLONE_THREAD|CLONE_SYSVSEM) = 10158
10138 tgkill(10136, 10136, SIGURG)      = 0
10136 --- SIGURG {si_signo=SIGURG, si_code=SI_TKILL, si_pid=10136, si_uid=1001} ---
10149 tgkill(10146, 10150, SIGURG)      = 0
10150 --- SIGURG {si_signo=SIGURG, si_code=SI_TKILL, si_pid=10146, si_uid=1001} ---
10141 exit_group(0)                     = ?
10138 +++ exited with 0 +++
10141 +++ exited with 0 +++
10140 +++ exited with 0 +++
10139 +++ exited with 0 +++
10136 +++ exited with 0 +++
10153 clone(child_stack=0x2bd017090000, flags=CLONE_VM|CLONE_FS|CLONE_FILES|CLONE_SIGHAND|CLONE_THREAD|CLONE_SYSVSEM) = 10159
10153 clone(child_stack=0x2bd0170c8000, flags=CLONE_VM|CLONE_FS|CLONE_FILES|CLONE_SIGHAND|CLONE_THREAD|CLONE_SYSVSEM) = 10160
10153 clone(child_stack=0x2bd0170c4000, flags=CLONE_VM|CLONE_FS|CLONE_FILES|CLONE_SIGHAND|CLONE_THREAD|CLONE_SYSVSEM) = 10161
10160 clone(child_stack=0x2bd017118000, flags=CLONE_VM|CLONE_FS|CLONE_FILES|CLONE_SIGHAND|CLONE_THREAD|CLONE_SYSVSEM <unfinished ...>
10077 <... waitid resumed>{si_signo=SIGCHLD, si_code=CLD_EXITED, si_pid=10136, si_uid=1001, si_status=0, si_utime=0, si_stime=0}, WEXITED, {ru_utime={tv_sec=0, tv_usec=25024}, ru_stime={tv_sec=0, tv_usec=13474}, ...}) = 0
9978  --- SIGCHLD {si_signo=SIGCHLD, si_code=CLD_EXITED, si_pid=10136, si_uid=1001, si_status=0, si_utime=2 /* 0.02 s */, si_stime=1 /* 0.01 s */} ---
10160 <... clone resumed>)              = 10162
9978  clone(child_stack=NULL, flags=CLONE_VM|CLONE_PIDFD|CLONE_VFORK|SIGCHLD <unfinished ...>
10163 execve("/opt/hostedtoolcache/go/1.27.1/arm64/pkg/tool/linux_arm64/asm", ["/opt/hostedtoolcache/go/1.27.1/a"..., "-p", "internal/runtime/atomic", "-trimpath", "/tmp/go-build3326039643/b019=>", "-I", "/tmp/go-build3326039643/b019/", "-I", "/opt/hostedtoolcache/go/1.27.1/a"..., "-D", "GOOS_linux", "-D", "GOARCH_arm64", "-std", "-o", "/tmp/go-build3326039643/b019/ato"..., "/opt/hostedtoolcache/go/1.27.1/a"...], 0x5bded628e908 /* 140 vars */ <unfinished ...>
9978  <... clone resumed>, parent_tid=[16]) = 10163
10158 exit_group(0)                     = ?
10157 +++ exited with 0 +++
10155 +++ exited with 0 +++
10154 +++ exited with 0 +++
10156 +++ exited with 0 +++
10163 <... execve resumed>)             = 0
9978  waitid(P_PIDFD, 16,  <unfinished ...>
10158 +++ exited with 0 +++
10148 +++ exited with 0 +++
10077 --- SIGCHLD {si_signo=SIGCHLD, si_code=CLD_EXITED, si_pid=10148, si_uid=1001, si_status=0, si_utime=0, si_stime=0} ---
9974  <... waitid resumed>{si_signo=SIGCHLD, si_code=CLD_EXITED, si_pid=10148, si_uid=1001, si_status=0, si_utime=0, si_stime=0}, WEXITED, {ru_utime={tv_sec=0, tv_usec=5123}, ru_stime={tv_sec=0, tv_usec=8965}, ...}) = 0
10153 exit_group(0)                     = ?
10160 +++ exited with 0 +++
10159 +++ exited with 0 +++
10162 +++ exited with 0 +++
10161 +++ exited with 0 +++
10153 +++ exited with 0 +++
9990  <... waitid resumed>{si_signo=SIGCHLD, si_code=CLD_EXITED, si_pid=10153, si_uid=1001, si_status=0, si_utime=0, si_stime=0}, WEXITED, {ru_utime={tv_sec=0, tv_usec=0}, ru_stime={tv_sec=0, tv_usec=6782}, ...}) = 0
9990  --- SIGCHLD {si_signo=SIGCHLD, si_code=CLD_EXITED, si_pid=10153, si_uid=1001, si_status=0, si_utime=0, si_stime=0} ---
10077 clone(child_stack=NULL, flags=CLONE_VM|CLONE_PIDFD|CLONE_VFORK|SIGCHLD <unfinished ...>
10150 exit_group(0)                     = ?
10152 +++ exited with 0 +++
10151 +++ exited with 0 +++
10150 +++ exited with 0 +++
10164 execve("/opt/hostedtoolcache/go/1.27.1/arm64/pkg/tool/linux_arm64/asm", ["/opt/hostedtoolcache/go/1.27.1/a"..., "-p", "internal/bytealg", "-trimpath", "/tmp/go-build3326039643/b010=>", "-I", "/tmp/go-build3326039643/b010/", "-I", "/opt/hostedtoolcache/go/1.27.1/a"..., "-D", "GOOS_linux", "-D", "GOARCH_arm64", "-std", "-o", "/tmp/go-build3326039643/b010/ind"..., "/opt/hostedtoolcache/go/1.27.1/a"...], 0x5bded6500908 /* 140 vars */ <unfinished ...>
10077 <... clone resumed>, parent_tid=[12]) = 10164
10164 <... execve resumed>)             = 0
10149 +++ exited with 0 +++
10146 +++ exited with 0 +++
10077 --- SIGCHLD {si_signo=SIGCHLD, si_code=CLD_EXITED, si_pid=10146, si_uid=1001, si_status=0, si_utime=1 /* 0.01 s */, si_stime=0} ---
9976  <... waitid resumed>{si_signo=SIGCHLD, si_code=CLD_EXITED, si_pid=10146, si_uid=1001, si_status=0, si_utime=0, si_stime=0}, WEXITED, {ru_utime={tv_sec=0, tv_usec=19548}, ru_stime={tv_sec=0, tv_usec=7330}, ...}) = 0
10077 waitid(P_PIDFD, 12,  <unfinished ...>
10163 clone(child_stack=0x4d93f081e000, flags=CLONE_VM|CLONE_FS|CLONE_FILES|CLONE_SIGHAND|CLONE_THREAD|CLONE_SYSVSEM) = 10165
10163 clone(child_stack=0x4d93f0856000, flags=CLONE_VM|CLONE_FS|CLONE_FILES|CLONE_SIGHAND|CLONE_THREAD|CLONE_SYSVSEM) = 10166
10165 tgkill(10163, 10163, SIGURG)      = 0
10163 clone(child_stack=0x4d93f0852000, flags=CLONE_VM|CLONE_FS|CLONE_FILES|CLONE_SIGHAND|CLONE_THREAD|CLONE_SYSVSEM) = 10167
10166 clone(child_stack=0x4d93f0898000, flags=CLONE_VM|CLONE_FS|CLONE_FILES|CLONE_SIGHAND|CLONE_THREAD|CLONE_SYSVSEM <unfinished ...>
10163 --- SIGURG {si_signo=SIGURG, si_code=SI_TKILL, si_pid=10163, si_uid=1001} ---
10166 <... clone resumed>)              = 10168
10164 clone(child_stack=0x35be307ce000, flags=CLONE_VM|CLONE_FS|CLONE_FILES|CLONE_SIGHAND|CLONE_THREAD|CLONE_SYSVSEM) = 10169
10164 clone(child_stack=0x35be30808000, flags=CLONE_VM|CLONE_FS|CLONE_FILES|CLONE_SIGHAND|CLONE_THREAD|CLONE_SYSVSEM) = 10170
10169 tgkill(10164, 10164, SIGURG)      = 0
10164 --- SIGURG {si_signo=SIGURG, si_code=SI_TKILL, si_pid=10164, si_uid=1001} ---
10164 clone(child_stack=0x35be30804000, flags=CLONE_VM|CLONE_FS|CLONE_FILES|CLONE_SIGHAND|CLONE_THREAD|CLONE_SYSVSEM) = 10171
10170 clone(child_stack=0x35be30828000, flags=CLONE_VM|CLONE_FS|CLONE_FILES|CLONE_SIGHAND|CLONE_THREAD|CLONE_SYSVSEM) = 10172
9974  clone(child_stack=NULL, flags=CLONE_VM|CLONE_PIDFD|CLONE_VFORK|SIGCHLD <unfinished ...>
10163 exit_group(0)                     = ?
10165 +++ exited with 0 +++
10168 +++ exited with 0 +++
10166 +++ exited with 0 +++
10167 +++ exited with 0 +++
10163 +++ exited with 0 +++
9978  <... waitid resumed>{si_signo=SIGCHLD, si_code=CLD_EXITED, si_pid=10163, si_uid=1001, si_status=0, si_utime=0, si_stime=0}, WEXITED, {ru_utime={tv_sec=0, tv_usec=1641}, ru_stime={tv_sec=0, tv_usec=5746}, ...}) = 0
9976  --- SIGCHLD {si_signo=SIGCHLD, si_code=CLD_EXITED, si_pid=10163, si_uid=1001, si_status=0, si_utime=0, si_stime=0} ---
10173 execve("/opt/hostedtoolcache/go/1.27.1/arm64/pkg/tool/linux_arm64/asm", ["/opt/hostedtoolcache/go/1.27.1/a"..., "-p", "internal/runtime/sys", "-trimpath", "/tmp/go-build3326039643/b027=>", "-I", "/tmp/go-build3326039643/b027/", "-I", "/opt/hostedtoolcache/go/1.27.1/a"..., "-D", "GOOS_linux", "-D", "GOARCH_arm64", "-std", "-gensymabis", "-o", "/tmp/go-build3326039643/b027/sym"..., "/opt/hostedtoolcache/go/1.27.1/a"..., "/opt/hostedtoolcache/go/1.27.1/a"...], 0x5bded65e4d88 /* 140 vars */ <unfinished ...>
9974  <... clone resumed>, parent_tid=[17]) = 10173
10173 <... execve resumed>)             = 0
9978  waitid(P_PIDFD, 17,  <unfinished ...>
9979  tgkill(9972, 9972, SIGURG)        = 0
9972  --- SIGURG {si_signo=SIGURG, si_code=SI_TKILL, si_pid=9972, si_uid=1001} ---
9979  tgkill(9972, 9976, SIGURG)        = 0
9976  --- SIGURG {si_signo=SIGURG, si_code=SI_TKILL, si_pid=9972, si_uid=1001} ---
9979  tgkill(9972, 9990, SIGURG)        = 0
9990  --- SIGURG {si_signo=SIGURG, si_code=SI_TKILL, si_pid=9972, si_uid=1001} ---
9972  clone(child_stack=NULL, flags=CLONE_VM|CLONE_PIDFD|CLONE_VFORK|SIGCHLD <unfinished ...>
10164 exit_group(0)                     = ?
10169 +++ exited with 0 +++
10170 +++ exited with 0 +++
10172 +++ exited with 0 +++
10171 +++ exited with 0 +++
10164 +++ exited with 0 +++
10077 <... waitid resumed>{si_signo=SIGCHLD, si_code=CLD_EXITED, si_pid=10164, si_uid=1001, si_status=0, si_utime=0, si_stime=0}, WEXITED, {ru_utime={tv_sec=0, tv_usec=721}, ru_stime={tv_sec=0, tv_usec=6494}, ...}) = 0
9990  --- SIGCHLD {si_signo=SIGCHLD, si_code=CLD_EXITED, si_pid=10164, si_uid=1001, si_status=0, si_utime=0, si_stime=0} ---
10174 execve("/opt/hostedtoolcache/go/1.27.1/arm64/pkg/tool/linux_arm64/compile", ["/opt/hostedtoolcache/go/1.27.1/a"..., "-o", "/tmp/go-build3326039643/b022/_pk"..., "-trimpath", "/tmp/go-build3326039643/b022=>", "-p", "internal/strconv", "-lang=go1.27", "-std", "-complete", "-buildid", "p5miu0k1RXZEa3AC8Xsr/p5miu0k1RXZ"..., "-goversion", "go1.27.1", "-c=4", "-nolocalimports", "-importcfg", "/tmp/go-build3326039643/b022/imp"..., "-pack", "/opt/hostedtoolcache/go/1.27.1/a"..., "/opt/hostedtoolcache/go/1.27.1/a"..., "/opt/hostedtoolcache/go/1.27.1/a"..., "/opt/hostedtoolcache/go/1.27.1/a"..., "/opt/hostedtoolcache/go/1.27.1/a"..., "/opt/hostedtoolcache/go/1.27.1/a"..., "/opt/hostedtoolcache/go/1.27.1/a"..., "/opt/hostedtoolcache/go/1.27.1/a"..., "/opt/hostedtoolcache/go/1.27.1/a"..., "/opt/hostedtoolcache/go/1.27.1/a"..., "/opt/hostedtoolcache/go/1.27.1/a"...], 0x5bded6500488 /* 140 vars */ <unfinished ...>
9972  <... clone resumed>, parent_tid=[16]) = 10174
10174 <... execve resumed>)             = 0
9976  clone(child_stack=NULL, flags=CLONE_VM|CLONE_PIDFD|CLONE_VFORK|SIGCHLD <unfinished ...>
9972  waitid(P_PIDFD, 16,  <unfinished ...>
10173 clone(child_stack=0x215742ee8000, flags=CLONE_VM|CLONE_FS|CLONE_FILES|CLONE_SIGHAND|CLONE_THREAD|CLONE_SYSVSEM) = 10176
10173 clone(child_stack=0x215742f20000, flags=CLONE_VM|CLONE_FS|CLONE_FILES|CLONE_SIGHAND|CLONE_THREAD|CLONE_SYSVSEM) = 10177
10173 clone(child_stack=0x215742f1c000, flags=CLONE_VM|CLONE_FS|CLONE_FILES|CLONE_SIGHAND|CLONE_THREAD|CLONE_SYSVSEM) = 10178
10177 clone(child_stack=0x215742f98000, flags=CLONE_VM|CLONE_FS|CLONE_FILES|CLONE_SIGHAND|CLONE_THREAD|CLONE_SYSVSEM) = 10179
10175 execve("/opt/hostedtoolcache/go/1.27.1/arm64/pkg/tool/linux_arm64/asm", ["/opt/hostedtoolcache/go/1.27.1/a"..., "-p", "internal/bytealg", "-trimpath", "/tmp/go-build3326039643/b010=>", "-I", "/tmp/go-build3326039643/b010/", "-I", "/opt/hostedtoolcache/go/1.27.1/a"..., "-D", "GOOS_linux", "-D", "GOARCH_arm64", "-std", "-o", "/tmp/go-build3326039643/b010/ind"..., "/opt/hostedtoolcache/go/1.27.1/a"...], 0x5bded628e488 /* 140 vars */ <unfinished ...>
9976  <... clone resumed>, parent_tid=[9]) = 10175
10175 <... execve resumed>)             = 0
9976  waitid(P_PIDFD, 9,  <unfinished ...>
9990  clone(child_stack=NULL, flags=CLONE_VM|CLONE_PIDFD|CLONE_VFORK|SIGCHLD <unfinished ...>
10180 execve("/opt/hostedtoolcache/go/1.27.1/arm64/pkg/tool/linux_arm64/compile", ["/opt/hostedtoolcache/go/1.27.1/a"..., "-o", "/tmp/go-build3326039643/b024/_pk"..., "-trimpath", "/tmp/go-build3326039643/b024=>", "-p", "internal/runtime/exithook", "-lang=go1.27", "-std", "-complete", "-buildid", "ELhzkZa6ztmAEW3uupdT/ELhzkZa6ztm"..., "-goversion", "go1.27.1", "-c=4", "-nolocalimports", "-importcfg", "/tmp/go-build3326039643/b024/imp"..., "-pack", "/opt/hostedtoolcache/go/1.27.1/a"...], 0x5bded622a008 /* 140 vars */ <unfinished ...>
9990  <... clone resumed>, parent_tid=[18]) = 10180
10180 <... execve resumed>)             = 0
10173 exit_group(0)                     = ?
10178 +++ exited with 0 +++
10177 +++ exited with 0 +++
10176 +++ exited with 0 +++
9990  waitid(P_PIDFD, 18,  <unfinished ...>
10179 +++ exited with 0 +++
10173 +++ exited with 0 +++
9978  <... waitid resumed>{si_signo=SIGCHLD, si_code=CLD_EXITED, si_pid=10173, si_uid=1001, si_status=0, si_utime=0, si_stime=0}, WEXITED, {ru_utime={tv_sec=0, tv_usec=0}, ru_stime={tv_sec=0, tv_usec=6207}, ...}) = 0
10174 clone(child_stack=0x7a1035dc2000, flags=CLONE_VM|CLONE_FS|CLONE_FILES|CLONE_SIGHAND|CLONE_THREAD|CLONE_SYSVSEM <unfinished ...>
9974  --- SIGCHLD {si_signo=SIGCHLD, si_code=CLD_EXITED, si_pid=10173, si_uid=1001, si_status=0, si_utime=0, si_stime=0} ---
10174 <... clone resumed>)              = 10181
10174 clone(child_stack=0x7a1035dfa000, flags=CLONE_VM|CLONE_FS|CLONE_FILES|CLONE_SIGHAND|CLONE_THREAD|CLONE_SYSVSEM) = 10182
10181 tgkill(10174, 10174, SIGURG)      = 0
10174 --- SIGURG {si_signo=SIGURG, si_code=SI_TKILL, si_pid=10174, si_uid=1001} ---
10181 tgkill(10174, 10174, SIGURG)      = 0
10174 clone(child_stack=0x7a1035df6000, flags=CLONE_VM|CLONE_FS|CLONE_FILES|CLONE_SIGHAND|CLONE_THREAD|CLONE_SYSVSEM) = 10183
10174 --- SIGURG {si_signo=SIGURG, si_code=SI_TKILL, si_pid=10174, si_uid=1001} ---
10182 clone(child_stack=0x7a1035e20000, flags=CLONE_VM|CLONE_FS|CLONE_FILES|CLONE_SIGHAND|CLONE_THREAD|CLONE_SYSVSEM) = 10184
10174 clone(child_stack=0x7a1035e1c000, flags=CLONE_VM|CLONE_FS|CLONE_FILES|CLONE_SIGHAND|CLONE_THREAD|CLONE_SYSVSEM) = 10185
10077 clone(child_stack=NULL, flags=CLONE_VM|CLONE_PIDFD|CLONE_VFORK|SIGCHLD <unfinished ...>
10175 clone(child_stack=0x5fd122b64000, flags=CLONE_VM|CLONE_FS|CLONE_FILES|CLONE_SIGHAND|CLONE_THREAD|CLONE_SYSVSEM) = 10187
10175 clone(child_stack=0x5fd122b9c000, flags=CLONE_VM|CLONE_FS|CLONE_FILES|CLONE_SIGHAND|CLONE_THREAD|CLONE_SYSVSEM) = 10188
10187 tgkill(10175, 10175, SIGURG)      = 0
10175 clone(child_stack=0x5fd122b98000, flags=CLONE_VM|CLONE_FS|CLONE_FILES|CLONE_SIGHAND|CLONE_THREAD|CLONE_SYSVSEM) = 10189
10175 --- SIGURG {si_signo=SIGURG, si_code=SI_TKILL, si_pid=10175, si_uid=1001} ---
10188 clone(child_stack=0x5fd122c18000, flags=CLONE_VM|CLONE_FS|CLONE_FILES|CLONE_SIGHAND|CLONE_THREAD|CLONE_SYSVSEM) = 10190
10186 execve("/opt/hostedtoolcache/go/1.27.1/arm64/pkg/tool/linux_arm64/compile", ["/opt/hostedtoolcache/go/1.27.1/a"..., "-o", "/tmp/go-build3326039643/b027/_pk"..., "-trimpath", "/tmp/go-build3326039643/b027=>", "-p", "internal/runtime/sys", "-lang=go1.27", "-std", "-buildid", "7kGJrNa8U6ho9hzPEuBq/7kGJrNa8U6h"..., "-goversion", "go1.27.1", "-symabis", "/tmp/go-build3326039643/b027/sym"..., "-c=4", "-nolocalimports", "-importcfg", "/tmp/go-build3326039643/b027/imp"..., "-pack", "-asmhdr", "/tmp/go-build3326039643/b027/go_"..., "/opt/hostedtoolcache/go/1.27.1/a"..., "/opt/hostedtoolcache/go/1.27.1/a"..., "/opt/hostedtoolcache/go/1.27.1/a"..., "/opt/hostedtoolcache/go/1.27.1/a"..., "/opt/hostedtoolcache/go/1.27.1/a"..., "/opt/hostedtoolcache/go/1.27.1/a"..., "/opt/hostedtoolcache/go/1.27.1/a"...], 0x5bded65e4d88 /* 140 vars */) = 0
10181 clone(child_stack=0x7a1035eee000, flags=CLONE_VM|CLONE_FS|CLONE_FILES|CLONE_SIGHAND|CLONE_THREAD|CLONE_SYSVSEM <unfinished ...>
10077 <... clone resumed>, parent_tid=[17]) = 10186
10181 <... clone resumed>)              = 10191
10077 waitid(P_PIDFD, 17,  <unfinished ...>
10180 clone(child_stack=0x2a017bcf6000, flags=CLONE_VM|CLONE_FS|CLONE_FILES|CLONE_SIGHAND|CLONE_THREAD|CLONE_SYSVSEM) = 10192
10192 tgkill(10180, 10180, SIGURG)      = 0
10180 --- SIGURG {si_signo=SIGURG, si_code=SI_TKILL, si_pid=10180, si_uid=1001} ---
10180 clone(child_stack=0x2a017bd2e000, flags=CLONE_VM|CLONE_FS|CLONE_FILES|CLONE_SIGHAND|CLONE_THREAD|CLONE_SYSVSEM) = 10193
10180 clone(child_stack=0x2a017bd2a000, flags=CLONE_VM|CLONE_FS|CLONE_FILES|CLONE_SIGHAND|CLONE_THREAD|CLONE_SYSVSEM) = 10194
10193 clone(child_stack=0x2a017bd98000, flags=CLONE_VM|CLONE_FS|CLONE_FILES|CLONE_SIGHAND|CLONE_THREAD|CLONE_SYSVSEM) = 10195
10193 clone(child_stack=0x2a017bd94000, flags=CLONE_VM|CLONE_FS|CLONE_FILES|CLONE_SIGHAND|CLONE_THREAD|CLONE_SYSVSEM) = 10196
10175 exit_group(0 <unfinished ...>
10187 ???( <unfinished ...>
10175 <... exit_group resumed>)         = ?
10187 +++ exited with 0 +++
10190 +++ exited with 0 +++
10189 +++ exited with 0 +++
10188 +++ exited with 0 +++
10175 +++ exited with 0 +++
9976  <... waitid resumed>{si_signo=SIGCHLD, si_code=CLD_EXITED, si_pid=10175, si_uid=1001, si_status=0, si_utime=0, si_stime=0}, WEXITED, {ru_utime={tv_sec=0, tv_usec=2093}, ru_stime={tv_sec=0, tv_usec=4186}, ...}) = 0
9973  --- SIGCHLD {si_signo=SIGCHLD, si_code=CLD_EXITED, si_pid=10175, si_uid=1001, si_status=0, si_utime=0, si_stime=0} ---
10186 clone(child_stack=0x1b6671bbc000, flags=CLONE_VM|CLONE_FS|CLONE_FILES|CLONE_SIGHAND|CLONE_THREAD|CLONE_SYSVSEM) = 10197
10186 clone(child_stack=0x1b6671bf4000, flags=CLONE_VM|CLONE_FS|CLONE_FILES|CLONE_SIGHAND|CLONE_THREAD|CLONE_SYSVSEM) = 10198
10186 clone(child_stack=0x1b6671bf0000, flags=CLONE_VM|CLONE_FS|CLONE_FILES|CLONE_SIGHAND|CLONE_THREAD|CLONE_SYSVSEM <unfinished ...>
10198 clone(child_stack=0x1b6671c20000, flags=CLONE_VM|CLONE_FS|CLONE_FILES|CLONE_SIGHAND|CLONE_THREAD|CLONE_SYSVSEM <unfinished ...>
10186 <... clone resumed>)              = 10199
10198 <... clone resumed>)              = 10200
10181 tgkill(10174, 10183, SIGURG)      = 0
10183 --- SIGURG {si_signo=SIGURG, si_code=SI_TKILL, si_pid=10174, si_uid=1001} ---
10192 tgkill(10180, 10180, SIGURG)      = 0
10180 --- SIGURG {si_signo=SIGURG, si_code=SI_TKILL, si_pid=10180, si_uid=1001} ---
9973  tgkill(9972, 9978, SIGURG)        = 0
9978  --- SIGURG {si_signo=SIGURG, si_code=SI_TKILL, si_pid=9972, si_uid=1001} ---
10197 clone(child_stack=0x1b6672098000, flags=CLONE_VM|CLONE_FS|CLONE_FILES|CLONE_SIGHAND|CLONE_THREAD|CLONE_SYSVSEM) = 10201
10193 exit_group(0)                     = ?
10196 +++ exited with 0 +++
10195 +++ exited with 0 +++
10193 +++ exited with 0 +++
10192 +++ exited with 0 +++
9974  clone(child_stack=NULL, flags=CLONE_VM|CLONE_PIDFD|CLONE_VFORK|SIGCHLD <unfinished ...>
10194 +++ exited with 0 +++
10180 +++ exited with 0 +++
9973  --- SIGCHLD {si_signo=SIGCHLD, si_code=CLD_EXITED, si_pid=10180, si_uid=1001, si_status=0, si_utime=0, si_stime=0} ---
10202 execve("/opt/hostedtoolcache/go/1.27.1/arm64/pkg/tool/linux_arm64/compile", ["/opt/hostedtoolcache/go/1.27.1/a"..., "-o", "/tmp/go-build3326039643/b029/_pk"..., "-trimpath", "/tmp/go-build3326039643/b029=>", "-p", "internal/asan", "-lang=go1.27", "-std", "-complete", "-buildid", "ql10FtP9oAow50ExWstg/ql10FtP9oAo"..., "-goversion", "go1.27.1", "-c=4", "-nolocalimports", "-importcfg", "/tmp/go-build3326039643/b029/imp"..., "-pack", "/opt/hostedtoolcache/go/1.27.1/a"..., "/opt/hostedtoolcache/go/1.27.1/a"...], 0x5bded65e5208 /* 140 vars */ <unfinished ...>
9974  <... clone resumed>, parent_tid=[15]) = 10202
10202 <... execve resumed>)             = 0
9990  <... waitid resumed>{si_signo=SIGCHLD, si_code=CLD_EXITED, si_pid=10180, si_uid=1001, si_status=0, si_utime=0, si_stime=0}, WEXITED, {ru_utime={tv_sec=0, tv_usec=9483}, ru_stime={tv_sec=0, tv_usec=6322}, ...}) = 0
9974  waitid(P_PIDFD, 15,  <unfinished ...>
10202 clone(child_stack=0x7c2b9ca9c000, flags=CLONE_VM|CLONE_FS|CLONE_FILES|CLONE_SIGHAND|CLONE_THREAD|CLONE_SYSVSEM) = 10203
10202 clone(child_stack=0x7c2b9cad4000, flags=CLONE_VM|CLONE_FS|CLONE_FILES|CLONE_SIGHAND|CLONE_THREAD|CLONE_SYSVSEM) = 10204
10181 tgkill(10174, 10183, SIGURG)      = 0
10183 --- SIGURG {si_signo=SIGURG, si_code=SI_TKILL, si_pid=10174, si_uid=1001} ---
10202 clone(child_stack=0x7c2b9cad0000, flags=CLONE_VM|CLONE_FS|CLONE_FILES|CLONE_SIGHAND|CLONE_THREAD|CLONE_SYSVSEM) = 10205
10204 clone(child_stack=0x7c2b9cb18000, flags=CLONE_VM|CLONE_FS|CLONE_FILES|CLONE_SIGHAND|CLONE_THREAD|CLONE_SYSVSEM) = 10206
9990  clone(child_stack=NULL, flags=CLONE_VM|CLONE_PIDFD|CLONE_VFORK|SIGCHLD <unfinished ...>
10198 exit_group(0)                     = ?
10199 +++ exited with 0 +++
10198 +++ exited with 0 +++
10200 +++ exited with 0 +++
10197 +++ exited with 0 +++
10201 +++ exited with 0 +++
10186 +++ exited with 0 +++
9976  --- SIGCHLD {si_signo=SIGCHLD, si_code=CLD_EXITED, si_pid=10186, si_uid=1001, si_status=0, si_utime=1 /* 0.01 s */, si_stime=0} ---
10077 <... waitid resumed>{si_signo=SIGCHLD, si_code=CLD_EXITED, si_pid=10186, si_uid=1001, si_status=0, si_utime=0, si_stime=0}, WEXITED, {ru_utime={tv_sec=0, tv_usec=10562}, ru_stime={tv_sec=0, tv_usec=7681}, ...}) = 0
10207 execve("/opt/hostedtoolcache/go/1.27.1/arm64/pkg/tool/linux_arm64/compile", ["/opt/hostedtoolcache/go/1.27.1/a"..., "-o", "/tmp/go-build3326039643/b030/_pk"..., "-trimpath", "/tmp/go-build3326039643/b030=>", "-p", "internal/msan", "-lang=go1.27", "-std", "-complete", "-buildid", "PU3gMVcPpa3dEyJZ9q--/PU3gMVcPpa3"..., "-goversion", "go1.27.1", "-c=4", "-nolocalimports", "-importcfg", "/tmp/go-build3326039643/b030/imp"..., "-pack", "/opt/hostedtoolcache/go/1.27.1/a"..., "/opt/hostedtoolcache/go/1.27.1/a"...], 0x5bded622a488 /* 140 vars */ <unfinished ...>
9990  <... clone resumed>, parent_tid=[18]) = 10207
10207 <... execve resumed>)             = 0
9990  waitid(P_PIDFD, 18,  <unfinished ...>
9976  clone(child_stack=NULL, flags=CLONE_VM|CLONE_PIDFD|CLONE_VFORK|SIGCHLD <unfinished ...>
10208 execve("/opt/hostedtoolcache/go/1.27.1/arm64/pkg/tool/linux_arm64/asm", ["/opt/hostedtoolcache/go/1.27.1/a"..., "-p", "internal/runtime/sys", "-trimpath", "/tmp/go-build3326039643/b027=>", "-I", "/tmp/go-build3326039643/b027/", "-I", "/opt/hostedtoolcache/go/1.27.1/a"..., "-D", "GOOS_linux", "-D", "GOARCH_arm64", "-std", "-o", "/tmp/go-build3326039643/b027/dit"..., "/opt/hostedtoolcache/go/1.27.1/a"...], 0x5bded6500908 /* 140 vars */ <unfinished ...>
9976  <... clone resumed>, parent_tid=[12]) = 10208
10208 <... execve resumed>)             = 0
9976  waitid(P_PIDFD, 12,  <unfinished ...>
10181 tgkill(10174, 10184, SIGURG)      = 0
10184 --- SIGURG {si_signo=SIGURG, si_code=SI_TKILL, si_pid=10174, si_uid=1001} ---
10204 exit_group(0)                     = ?
10205 +++ exited with 0 +++
10203 +++ exited with 0 +++
10204 +++ exited with 0 +++
10206 +++ exited with 0 +++
10202 +++ exited with 0 +++
10077 --- SIGCHLD {si_signo=SIGCHLD, si_code=CLD_EXITED, si_pid=10202, si_uid=1001, si_status=0, si_utime=0, si_stime=0} ---
9974  <... waitid resumed>{si_signo=SIGCHLD, si_code=CLD_EXITED, si_pid=10202, si_uid=1001, si_status=0, si_utime=0, si_stime=0}, WEXITED, {ru_utime={tv_sec=0, tv_usec=7666}, ru_stime={tv_sec=0, tv_usec=3066}, ...}) = 0
10208 clone(child_stack=0x19459e7c6000, flags=CLONE_VM|CLONE_FS|CLONE_FILES|CLONE_SIGHAND|CLONE_THREAD|CLONE_SYSVSEM) = 10209
10208 clone(child_stack=0x19459e7fe000, flags=CLONE_VM|CLONE_FS|CLONE_FILES|CLONE_SIGHAND|CLONE_THREAD|CLONE_SYSVSEM) = 10210
10209 tgkill(10208, 10208, SIGURG)      = 0
10208 --- SIGURG {si_signo=SIGURG, si_code=SI_TKILL, si_pid=10208, si_uid=1001} ---
10209 tgkill(10208, 10208, SIGURG)      = 0
10208 --- SIGURG {si_signo=SIGURG, si_code=SI_TKILL, si_pid=10208, si_uid=1001} ---
10210 clone(child_stack=0x19459e7fa000, flags=CLONE_VM|CLONE_FS|CLONE_FILES|CLONE_SIGHAND|CLONE_THREAD|CLONE_SYSVSEM <unfinished ...>
10208 clone(child_stack=0x19459e890000, flags=CLONE_VM|CLONE_FS|CLONE_FILES|CLONE_SIGHAND|CLONE_THREAD|CLONE_SYSVSEM <unfinished ...>
10210 <... clone resumed>)              = 10211
10208 <... clone resumed>)              = 10212
10207 clone(child_stack=0x173f8fcea000, flags=CLONE_VM|CLONE_FS|CLONE_FILES|CLONE_SIGHAND|CLONE_THREAD|CLONE_SYSVSEM <unfinished ...>
10209 tgkill(10208, 10212, SIGURG)      = 0
10212 --- SIGURG {si_signo=SIGURG, si_code=SI_TKILL, si_pid=10208, si_uid=1001} ---
10207 <... clone resumed>)              = 10213
10207 clone(child_stack=0x173f8fd22000, flags=CLONE_VM|CLONE_FS|CLONE_FILES|CLONE_SIGHAND|CLONE_THREAD|CLONE_SYSVSEM) = 10214
10207 clone(child_stack=0x173f8fd1e000, flags=CLONE_VM|CLONE_FS|CLONE_FILES|CLONE_SIGHAND|CLONE_THREAD|CLONE_SYSVSEM <unfinished ...>
10077 clone(child_stack=NULL, flags=CLONE_VM|CLONE_PIDFD|CLONE_VFORK|SIGCHLD <unfinished ...>
10207 <... clone resumed>)              = 10215
9973  tgkill(9972, 10077, SIGURG)       = 0
10216 execve("/opt/hostedtoolcache/go/1.27.1/arm64/pkg/tool/linux_arm64/compile", ["/opt/hostedtoolcache/go/1.27.1/a"..., "-o", "/tmp/go-build3326039643/b031/_pk"..., "-trimpath", "/tmp/go-build3326039643/b031=>", "-p", "internal/race", "-lang=go1.27", "-std", "-complete", "-buildid", "xma0VFSWFMNq2-bIgxtC/xma0VFSWFMN"..., "-goversion", "go1.27.1", "-c=4", "-nolocalimports", "-importcfg", "/tmp/go-build3326039643/b031/imp"..., "-pack", "/opt/hostedtoolcache/go/1.27.1/a"..., "/opt/hostedtoolcache/go/1.27.1/a"...], 0x5bded628e908 /* 140 vars */ <unfinished ...>
10077 <... clone resumed>, parent_tid=[15]) = 10216
10216 <... execve resumed>)             = 0
10077 --- SIGURG {si_signo=SIGURG, si_code=SI_TKILL, si_pid=9972, si_uid=1001} ---
10077 waitid(P_PIDFD, 15,  <unfinished ...>
10209 tgkill(10208, 10208, SIGURG)      = 0
10208 --- SIGURG {si_signo=SIGURG, si_code=SI_TKILL, si_pid=10208, si_uid=1001} ---
10181 tgkill(10174, 10184, SIGURG)      = 0
10181 tgkill(10174, 10174, SIGURG)      = 0
10174 --- SIGURG {si_signo=SIGURG, si_code=SI_TKILL, si_pid=10174, si_uid=1001} ---
10184 --- SIGURG {si_signo=SIGURG, si_code=SI_TKILL, si_pid=10174, si_uid=1001} ---
10181 tgkill(10174, 10191, SIGURG)      = 0
10191 --- SIGURG {si_signo=SIGURG, si_code=SI_TKILL, si_pid=10174, si_uid=1001} ---
10216 clone(child_stack=0x1e2e42ff6000, flags=CLONE_VM|CLONE_FS|CLONE_FILES|CLONE_SIGHAND|CLONE_THREAD|CLONE_SYSVSEM) = 10217
10216 clone(child_stack=0x1e2e4302e000, flags=CLONE_VM|CLONE_FS|CLONE_FILES|CLONE_SIGHAND|CLONE_THREAD|CLONE_SYSVSEM) = 10218
10216 clone(child_stack=0x1e2e4302a000, flags=CLONE_VM|CLONE_FS|CLONE_FILES|CLONE_SIGHAND|CLONE_THREAD|CLONE_SYSVSEM) = 10219
10218 clone(child_stack=0x1e2e43098000, flags=CLONE_VM|CLONE_FS|CLONE_FILES|CLONE_SIGHAND|CLONE_THREAD|CLONE_SYSVSEM) = 10220
10213 tgkill(10207, 10214, SIGURG <unfinished ...>
10214 --- SIGURG {si_signo=SIGURG, si_code=SI_TKILL, si_pid=10207, si_uid=1001} ---
10213 <... tgkill resumed>)             = 0
10211 exit_group(0 <unfinished ...>
10215 clone(child_stack=0x173f8fd70000, flags=CLONE_VM|CLONE_FS|CLONE_FILES|CLONE_SIGHAND|CLONE_THREAD|CLONE_SYSVSEM) = 10221
10211 <... exit_group resumed>)         = ?
10211 +++ exited with 0 +++
10210 +++ exited with 0 +++
10209 +++ exited with 0 +++
10212 +++ exited with 0 +++
10208 +++ exited with 0 +++
9976  <... waitid resumed>{si_signo=SIGCHLD, si_code=CLD_EXITED, si_pid=10208, si_uid=1001, si_status=0, si_utime=0, si_stime=0}, WEXITED, {ru_utime={tv_sec=0, tv_usec=1836}, ru_stime={tv_sec=0, tv_usec=5508}, ...}) = 0
9974  --- SIGCHLD {si_signo=SIGCHLD, si_code=CLD_EXITED, si_pid=10208, si_uid=1001, si_status=0, si_utime=0, si_stime=0} ---
10207 exit_group(0)                     = ?
10215 +++ exited with 0 +++
10221 +++ exited with 0 +++
10214 +++ exited with 0 +++
10213 +++ exited with 0 +++
10207 +++ exited with 0 +++
9990  <... waitid resumed>{si_signo=SIGCHLD, si_code=CLD_EXITED, si_pid=10207, si_uid=1001, si_status=0, si_utime=0, si_stime=0}, WEXITED, {ru_utime={tv_sec=0, tv_usec=6512}, ru_stime={tv_sec=0, tv_usec=6512}, ...}) = 0
9976  --- SIGCHLD {si_signo=SIGCHLD, si_code=CLD_EXITED, si_pid=10207, si_uid=1001, si_status=0, si_utime=0, si_stime=0} ---
10217 tgkill(10216, 10219, SIGURG)      = 0
10219 --- SIGURG {si_signo=SIGURG, si_code=SI_TKILL, si_pid=10216, si_uid=1001} ---
9974  clone(child_stack=NULL, flags=CLONE_VM|CLONE_PIDFD|CLONE_VFORK|SIGCHLD <unfinished ...>
10222 execve("/opt/hostedtoolcache/go/1.27.1/arm64/pkg/tool/linux_arm64/asm", ["/opt/hostedtoolcache/go/1.27.1/a"..., "-p", "internal/runtime/sys", "-trimpath", "/tmp/go-build3326039643/b027=>", "-I", "/tmp/go-build3326039643/b027/", "-I", "/opt/hostedtoolcache/go/1.27.1/a"..., "-D", "GOOS_linux", "-D", "GOARCH_arm64", "-std", "-o", "/tmp/go-build3326039643/b027/emp"..., "/opt/hostedtoolcache/go/1.27.1/a"...], 0x5bded6501688 /* 140 vars */ <unfinished ...>
9974  <... clone resumed>, parent_tid=[17]) = 10222
10222 <... execve resumed>)             = 0
10219 exit_group(0)                     = ?
10220 +++ exited with 0 +++
10219 +++ exited with 0 +++
10218 +++ exited with 0 +++
9974  waitid(P_PIDFD, 17,  <unfinished ...>
10217 +++ exited with 0 +++
10216 +++ exited with 0 +++
10077 <... waitid resumed>{si_signo=SIGCHLD, si_code=CLD_EXITED, si_pid=10216, si_uid=1001, si_status=0, si_utime=0, si_stime=0}, WEXITED, {ru_utime={tv_sec=0, tv_usec=9245}, ru_stime={tv_sec=0, tv_usec=4622}, ...}) = 0
9978  --- SIGCHLD {si_signo=SIGCHLD, si_code=CLD_EXITED, si_pid=10216, si_uid=1001, si_status=0, si_utime=1 /* 0.01 s */, si_stime=0} ---
9973  tgkill(9972, 9976, SIGURG)        = 0
9976  --- SIGURG {si_signo=SIGURG, si_code=SI_TKILL, si_pid=9972, si_uid=1001} ---
9976  tgkill(9972, 10077, SIGURG)       = 0
10077 --- SIGURG {si_signo=SIGURG, si_code=SI_TKILL, si_pid=9972, si_uid=1001} ---
9976  tgkill(9972, 9990, SIGURG)        = 0
9990  --- SIGURG {si_signo=SIGURG, si_code=SI_TKILL, si_pid=9972, si_uid=1001} ---
10077 clone(child_stack=NULL, flags=CLONE_VM|CLONE_PIDFD|CLONE_VFORK|SIGCHLD <unfinished ...>
9976  tgkill(9972, 10077, SIGURG)       = 0
9976  tgkill(9972, 9990, SIGURG)        = 0
9990  --- SIGURG {si_signo=SIGURG, si_code=SI_TKILL, si_pid=9972, si_uid=1001} ---
10222 clone(child_stack=0x2c61e1b70000, flags=CLONE_VM|CLONE_FS|CLONE_FILES|CLONE_SIGHAND|CLONE_THREAD|CLONE_SYSVSEM) = 10224
10222 clone(child_stack=0x2c61e1ba8000, flags=CLONE_VM|CLONE_FS|CLONE_FILES|CLONE_SIGHAND|CLONE_THREAD|CLONE_SYSVSEM <unfinished ...>
9976  tgkill(9972, 9978, SIGURG <unfinished ...>
10224 tgkill(10222, 10222, SIGURG <unfinished ...>
10222 <... clone resumed>)              = 10225
10224 <... tgkill resumed>)             = 0
9976  <... tgkill resumed>)             = 0
9978  --- SIGURG {si_signo=SIGURG, si_code=SI_TKILL, si_pid=9972, si_uid=1001} ---
10222 --- SIGURG {si_signo=SIGURG, si_code=SI_TKILL, si_pid=10222, si_uid=1001} ---
9990  clone(child_stack=NULL, flags=CLONE_VM|CLONE_PIDFD|CLONE_VFORK|SIGCHLD <unfinished ...>
9976  tgkill(9972, 9990, SIGURG <unfinished ...>
10174 exit_group(0 <unfinished ...>
9976  <... tgkill resumed>)             = 0
10224 tgkill(10222, 10222, SIGURG <unfinished ...>
10174 <... exit_group resumed>)         = ?
10224 <... tgkill resumed>)             = 0
10191 +++ exited with 0 +++
10185 +++ exited with 0 +++
10222 --- SIGURG {si_signo=SIGURG, si_code=SI_TKILL, si_pid=10222, si_uid=1001} ---
10184 +++ exited with 0 +++
10183 +++ exited with 0 +++
10182 +++ exited with 0 +++
10224 tgkill(10222, 10222, SIGURG)      = 0
10225 clone(child_stack=0x2c61e1ba4000, flags=CLONE_VM|CLONE_FS|CLONE_FILES|CLONE_SIGHAND|CLONE_THREAD|CLONE_SYSVSEM) = 10227
10223 execve("/opt/hostedtoolcache/go/1.27.1/arm64/pkg/tool/linux_arm64/compile", ["/opt/hostedtoolcache/go/1.27.1/a"..., "-o", "/tmp/go-build3326039643/b032/_pk"..., "-trimpath", "/tmp/go-build3326039643/b032=>", "-p", "internal/runtime/math", "-lang=go1.27", "-std", "-complete", "-buildid", "jRxvbwZ8ow1SscA-eUn1/jRxvbwZ8ow1"..., "-goversion", "go1.27.1", "-c=4", "-nolocalimports", "-importcfg", "/tmp/go-build3326039643/b032/imp"..., "-pack", "/opt/hostedtoolcache/go/1.27.1/a"...], 0x5bded628ed88 /* 140 vars */ <unfinished ...>
10222 --- SIGURG {si_signo=SIGURG, si_code=SI_TKILL, si_pid=10222, si_uid=1001} ---
10077 <... clone resumed>, parent_tid=[15]) = 10223
10223 <... execve resumed>)             = 0
10077 --- SIGURG {si_signo=SIGURG, si_code=SI_TKILL, si_pid=9972, si_uid=1001} ---
10227 clone(child_stack=0x2c61e1c20000, flags=CLONE_VM|CLONE_FS|CLONE_FILES|CLONE_SIGHAND|CLONE_THREAD|CLONE_SYSVSEM) = 10228
10226 execve("/opt/hostedtoolcache/go/1.27.1/arm64/pkg/tool/linux_arm64/compile", ["/opt/hostedtoolcache/go/1.27.1/a"..., "-o", "/tmp/go-build3326039643/b033/_pk"..., "-trimpath", "/tmp/go-build3326039643/b033=>", "-p", "internal/runtime/pprof/label", "-lang=go1.27", "-std", "-complete", "-buildid", "Adj_DJVn5Gvf5WdIBJyc/Adj_DJVn5Gv"..., "-goversion", "go1.27.1", "-c=4", "-nolocalimports", "-importcfg", "/tmp/go-build3326039643/b033/imp"..., "-pack", "/opt/hostedtoolcache/go/1.27.1/a"...], 0x5bded65e5688 /* 140 vars */ <unfinished ...>
9990  <... clone resumed>, parent_tid=[22]) = 10226
10226 <... execve resumed>)             = 0
10181 +++ exited with 0 +++
10174 +++ exited with 0 +++
9976  --- SIGCHLD {si_signo=SIGCHLD, si_code=CLD_EXITED, si_pid=10174, si_uid=1001, si_status=0, si_utime=10 /* 0.10 s */, si_stime=2 /* 0.02 s */} ---
9972  <... waitid resumed>{si_signo=SIGCHLD, si_code=CLD_EXITED, si_pid=10174, si_uid=1001, si_status=0, si_utime=0, si_stime=0}, WEXITED, {ru_utime={tv_sec=0, tv_usec=100384}, ru_stime={tv_sec=0, tv_usec=22200}, ...}) = 0
9990  --- SIGURG {si_signo=SIGURG, si_code=SI_TKILL, si_pid=9972, si_uid=1001} ---
9990  waitid(P_PIDFD, 15,  <unfinished ...>
9976  waitid(P_PIDFD, 22,  <unfinished ...>
10222 exit_group(0)                     = ?
10228 +++ exited with 0 +++
10227 +++ exited with 0 +++
10224 +++ exited with 0 +++
10225 +++ exited with 0 +++
10222 +++ exited with 0 +++
9979  --- SIGCHLD {si_signo=SIGCHLD, si_code=CLD_EXITED, si_pid=10222, si_uid=1001, si_status=0, si_utime=0, si_stime=0} ---
9974  <... waitid resumed>{si_signo=SIGCHLD, si_code=CLD_EXITED, si_pid=10222, si_uid=1001, si_status=0, si_utime=0, si_stime=0}, WEXITED, {ru_utime={tv_sec=0, tv_usec=0}, ru_stime={tv_sec=0, tv_usec=5805}, ...}) = 0
10223 clone(child_stack=0x274a8622c000, flags=CLONE_VM|CLONE_FS|CLONE_FILES|CLONE_SIGHAND|CLONE_THREAD|CLONE_SYSVSEM) = 10229
10226 clone(child_stack=0x4ef7f96e8000, flags=CLONE_VM|CLONE_FS|CLONE_FILES|CLONE_SIGHAND|CLONE_THREAD|CLONE_SYSVSEM <unfinished ...>
10223 clone(child_stack=0x274a86264000, flags=CLONE_VM|CLONE_FS|CLONE_FILES|CLONE_SIGHAND|CLONE_THREAD|CLONE_SYSVSEM <unfinished ...>
10226 <... clone resumed>)              = 10230
10223 <... clone resumed>)              = 10231
10229 tgkill(10223, 10223, SIGURG)      = 0
10223 clone(child_stack=0x274a86260000, flags=CLONE_VM|CLONE_FS|CLONE_FILES|CLONE_SIGHAND|CLONE_THREAD|CLONE_SYSVSEM) = 10232
10226 clone(child_stack=0x4ef7f9720000, flags=CLONE_VM|CLONE_FS|CLONE_FILES|CLONE_SIGHAND|CLONE_THREAD|CLONE_SYSVSEM <unfinished ...>
10223 --- SIGURG {si_signo=SIGURG, si_code=SI_TKILL, si_pid=10223, si_uid=1001} ---
10226 <... clone resumed>)              = 10233
10231 clone(child_stack=0x274a86298000, flags=CLONE_VM|CLONE_FS|CLONE_FILES|CLONE_SIGHAND|CLONE_THREAD|CLONE_SYSVSEM) = 10234
10226 clone(child_stack=0x4ef7f971c000, flags=CLONE_VM|CLONE_FS|CLONE_FILES|CLONE_SIGHAND|CLONE_THREAD|CLONE_SYSVSEM) = 10235
10233 clone(child_stack=0x4ef7f9798000, flags=CLONE_VM|CLONE_FS|CLONE_FILES|CLONE_SIGHAND|CLONE_THREAD|CLONE_SYSVSEM) = 10236
9973  tgkill(9972, 9979, SIGURG)        = 0
9979  --- SIGURG {si_signo=SIGURG, si_code=SI_TKILL, si_pid=9972, si_uid=1001} ---
9979  clone(child_stack=NULL, flags=CLONE_VM|CLONE_PIDFD|CLONE_VFORK|SIGCHLD <unfinished ...>
10237 execve("/opt/hostedtoolcache/go/1.27.1/arm64/pkg/tool/linux_arm64/compile", ["/opt/hostedtoolcache/go/1.27.1/a"..., "-o", "/tmp/go-build3326039643/b020/_pk"..., "-trimpath", "/tmp/go-build3326039643/b020=>", "-p", "internal/runtime/cgroup", "-lang=go1.27", "-std", "-complete", "-buildid", "fPWrLBcDwSFlp2xROnqL/fPWrLBcDwSF"..., "-goversion", "go1.27.1", "-c=4", "-nolocalimports", "-importcfg", "/tmp/go-build3326039643/b020/imp"..., "-pack", "/opt/hostedtoolcache/go/1.27.1/a"..., "/opt/hostedtoolcache/go/1.27.1/a"..., "/opt/hostedtoolcache/go/1.27.1/a"..., "/opt/hostedtoolcache/go/1.27.1/a"...], 0x5bded622a008 /* 140 vars */ <unfinished ...>
9979  <... clone resumed>, parent_tid=[14]) = 10237
10237 <... execve resumed>)             = 0
9979  waitid(P_PIDFD, 14,  <unfinished ...>
9973  tgkill(9972, 9972, SIGURG)        = 0
9972  --- SIGURG {si_signo=SIGURG, si_code=SI_TKILL, si_pid=9972, si_uid=1001} ---
10226 exit_group(0)                     = ?
10236 +++ exited with 0 +++
10235 +++ exited with 0 +++
10233 +++ exited with 0 +++
10230 +++ exited with 0 +++
10226 +++ exited with 0 +++
9990  <... waitid resumed>0x5bded657afb8, WEXITED, 0x5bded61e8120) = ? ERESTARTSYS (To be restarted if SA_RESTART is set)
9976  <... waitid resumed>{si_signo=SIGCHLD, si_code=CLD_EXITED, si_pid=10226, si_uid=1001, si_status=0, si_utime=0, si_stime=0}, WEXITED, {ru_utime={tv_sec=0, tv_usec=5200}, ru_stime={tv_sec=0, tv_usec=6500}, ...}) = 0
9974  --- SIGCHLD {si_signo=SIGCHLD, si_code=CLD_EXITED, si_pid=10226, si_uid=1001, si_status=0, si_utime=0, si_stime=0} ---
9990  waitid(P_PIDFD, 15,  <unfinished ...>
10077 clone(child_stack=NULL, flags=CLONE_VM|CLONE_PIDFD|CLONE_VFORK|SIGCHLD <unfinished ...>
10223 exit_group(0)                     = ?
10232 +++ exited with 0 +++
10231 +++ exited with 0 +++
10229 +++ exited with 0 +++
10234 +++ exited with 0 +++
10223 +++ exited with 0 +++
9990  <... waitid resumed>{si_signo=SIGCHLD, si_code=CLD_EXITED, si_pid=10223, si_uid=1001, si_status=0, si_utime=0, si_stime=0}, WEXITED, {ru_utime={tv_sec=0, tv_usec=6949}, ru_stime={tv_sec=0, tv_usec=4964}, ...}) = 0
9976  --- SIGCHLD {si_signo=SIGCHLD, si_code=CLD_EXITED, si_pid=10223, si_uid=1001, si_status=0, si_utime=0, si_stime=0} ---
10238 execve("/opt/hostedtoolcache/go/1.27.1/arm64/pkg/tool/linux_arm64/compile", ["/opt/hostedtoolcache/go/1.27.1/a"..., "-o", "/tmp/go-build3326039643/b026/_pk"..., "-trimpath", "/tmp/go-build3326039643/b026=>", "-p", "internal/runtime/gc/scan", "-lang=go1.27", "-std", "-complete", "-buildid", "zkpOBZqegb5IqM6Y0vM2/zkpOBZqegb5"..., "-goversion", "go1.27.1", "-c=4", "-nolocalimports", "-importcfg", "/tmp/go-build3326039643/b026/imp"..., "-pack", "/opt/hostedtoolcache/go/1.27.1/a"..., "/opt/hostedtoolcache/go/1.27.1/a"..., "/opt/hostedtoolcache/go/1.27.1/a"..., "/opt/hostedtoolcache/go/1.27.1/a"..., "/opt/hostedtoolcache/go/1.27.1/a"...], 0x5bded6500488 /* 140 vars */ <unfinished ...>
10077 <... clone resumed>, parent_tid=[16]) = 10238
10238 <... execve resumed>)             = 0
10077 waitid(P_PIDFD, 16,  <unfinished ...>
10237 clone(child_stack=0x5937240c2000, flags=CLONE_VM|CLONE_FS|CLONE_FILES|CLONE_SIGHAND|CLONE_THREAD|CLONE_SYSVSEM) = 10239
10237 clone(child_stack=0x5937240fa000, flags=CLONE_VM|CLONE_FS|CLONE_FILES|CLONE_SIGHAND|CLONE_THREAD|CLONE_SYSVSEM) = 10240
10239 tgkill(10237, 10237, SIGURG)      = 0
10237 clone(child_stack=0x5937240f6000, flags=CLONE_VM|CLONE_FS|CLONE_FILES|CLONE_SIGHAND|CLONE_THREAD|CLONE_SYSVSEM) = 10241
10237 --- SIGURG {si_signo=SIGURG, si_code=SI_TKILL, si_pid=10237, si_uid=1001} ---
10240 clone(child_stack=0x593724120000, flags=CLONE_VM|CLONE_FS|CLONE_FILES|CLONE_SIGHAND|CLONE_THREAD|CLONE_SYSVSEM) = 10242
9974  clone(child_stack=NULL, flags=CLONE_VM|CLONE_PIDFD|CLONE_VFORK|SIGCHLD <unfinished ...>
10243 execve("/opt/hostedtoolcache/go/1.27.1/arm64/pkg/tool/linux_arm64/compile", ["/opt/hostedtoolcache/go/1.27.1/a"..., "-o", "/tmp/go-build3326039643/b034/_pk"..., "-trimpath", "/tmp/go-build3326039643/b034=>", "-p", "internal/stringslite", "-lang=go1.27", "-std", "-complete", "-buildid", "nh9V4i7_c_-njGoAxDGl/nh9V4i7_c_-"..., "-goversion", "go1.27.1", "-c=4", "-nolocalimports", "-importcfg", "/tmp/go-build3326039643/b034/imp"..., "-pack", "/opt/hostedtoolcache/go/1.27.1/a"...], 0x5bded65e4d88 /* 140 vars */ <unfinished ...>
9974  <... clone resumed>, parent_tid=[17]) = 10243
10243 <... execve resumed>)             = 0
10239 clone(child_stack=0x593724524000, flags=CLONE_VM|CLONE_FS|CLONE_FILES|CLONE_SIGHAND|CLONE_THREAD|CLONE_SYSVSEM <unfinished ...>
9974  waitid(P_PIDFD, 17,  <unfinished ...>
10239 <... clone resumed>)              = 10244
10238 clone(child_stack=0x6a1c05bc8000, flags=CLONE_VM|CLONE_FS|CLONE_FILES|CLONE_SIGHAND|CLONE_THREAD|CLONE_SYSVSEM) = 10245
10238 clone(child_stack=0x6a1c05c00000, flags=CLONE_VM|CLONE_FS|CLONE_FILES|CLONE_SIGHAND|CLONE_THREAD|CLONE_SYSVSEM <unfinished ...>
10245 tgkill(10238, 10238, SIGURG)      = 0
10238 <... clone resumed>)              = 10246
10238 --- SIGURG {si_signo=SIGURG, si_code=SI_TKILL, si_pid=10238, si_uid=1001} ---
10245 tgkill(10238, 10238, SIGURG)      = 0
10238 --- SIGURG {si_signo=SIGURG, si_code=SI_TKILL, si_pid=10238, si_uid=1001} ---
10238 clone(child_stack=0x6a1c05bfc000, flags=CLONE_VM|CLONE_FS|CLONE_FILES|CLONE_SIGHAND|CLONE_THREAD|CLONE_SYSVSEM) = 10247
10246 clone(child_stack=0x6a1c05c20000, flags=CLONE_VM|CLONE_FS|CLONE_FILES|CLONE_SIGHAND|CLONE_THREAD|CLONE_SYSVSEM) = 10248
9976  clone(child_stack=NULL, flags=CLONE_VM|CLONE_PIDFD|CLONE_VFORK|SIGCHLD <unfinished ...>
10249 execve("/opt/hostedtoolcache/go/1.27.1/arm64/pkg/tool/linux_arm64/asm", ["/opt/hostedtoolcache/go/1.27.1/a"..., "-p", "internal/runtime/maps", "-trimpath", "/tmp/go-build3326039643/b028=>", "-I", "/tmp/go-build3326039643/b028/", "-I", "/opt/hostedtoolcache/go/1.27.1/a"..., "-D", "GOOS_linux", "-D", "GOARCH_arm64", "-std", "-gensymabis", "-o", "/tmp/go-build3326039643/b028/sym"..., "/opt/hostedtoolcache/go/1.27.1/a"...], 0x5bded628e488 /* 140 vars */ <unfinished ...>
9976  <... clone resumed>, parent_tid=[18]) = 10249
9973  tgkill(9972, 9976, SIGURG <unfinished ...>
10249 <... execve resumed>)             = 0
9973  <... tgkill resumed>)             = 0
9976  --- SIGURG {si_signo=SIGURG, si_code=SI_TKILL, si_pid=9972, si_uid=1001} ---
9976  waitid(P_PIDFD, 18,  <unfinished ...>
10243 clone(child_stack=0x77438e16c000, flags=CLONE_VM|CLONE_FS|CLONE_FILES|CLONE_SIGHAND|CLONE_THREAD|CLONE_SYSVSEM) = 10250
10243 clone(child_stack=0x77438e1a4000, flags=CLONE_VM|CLONE_FS|CLONE_FILES|CLONE_SIGHAND|CLONE_THREAD|CLONE_SYSVSEM <unfinished ...>
10250 tgkill(10243, 10243, SIGURG <unfinished ...>
10243 <... clone resumed>)              = 10251
10250 <... tgkill resumed>)             = 0
10243 --- SIGURG {si_signo=SIGURG, si_code=SI_TKILL, si_pid=10243, si_uid=1001} ---
10250 tgkill(10243, 10243, SIGURG)      = 0
10243 clone(child_stack=0x77438e1a0000, flags=CLONE_VM|CLONE_FS|CLONE_FILES|CLONE_SIGHAND|CLONE_THREAD|CLONE_SYSVSEM) = 10252
10243 --- SIGURG {si_signo=SIGURG, si_code=SI_TKILL, si_pid=10243, si_uid=1001} ---
10251 clone(child_stack=0x77438e218000, flags=CLONE_VM|CLONE_FS|CLONE_FILES|CLONE_SIGHAND|CLONE_THREAD|CLONE_SYSVSEM) = 10253
10239 tgkill(10237, 10240, SIGURG)      = 0
10240 --- SIGURG {si_signo=SIGURG, si_code=SI_TKILL, si_pid=10237, si_uid=1001} ---
10249 clone(child_stack=0x5ff30927c000, flags=CLONE_VM|CLONE_FS|CLONE_FILES|CLONE_SIGHAND|CLONE_THREAD|CLONE_SYSVSEM) = 10254
10249 clone(child_stack=0x5ff3092b4000, flags=CLONE_VM|CLONE_FS|CLONE_FILES|CLONE_SIGHAND|CLONE_THREAD|CLONE_SYSVSEM) = 10255
10249 clone(child_stack=0x5ff3092b0000, flags=CLONE_VM|CLONE_FS|CLONE_FILES|CLONE_SIGHAND|CLONE_THREAD|CLONE_SYSVSEM) = 10256
10255 clone(child_stack=0x5ff309318000, flags=CLONE_VM|CLONE_FS|CLONE_FILES|CLONE_SIGHAND|CLONE_THREAD|CLONE_SYSVSEM) = 10257
10251 clone(child_stack=0x77438e214000, flags=CLONE_VM|CLONE_FS|CLONE_FILES|CLONE_SIGHAND|CLONE_THREAD|CLONE_SYSVSEM) = 10258
10245 tgkill(10238, 10247, SIGURG)      = 0
10247 --- SIGURG {si_signo=SIGURG, si_code=SI_TKILL, si_pid=10238, si_uid=1001} ---
10249 exit_group(0)                     = ?
10257 +++ exited with 0 +++
10256 +++ exited with 0 +++
10254 +++ exited with 0 +++
10255 +++ exited with 0 +++
10249 +++ exited with 0 +++
9976  <... waitid resumed>{si_signo=SIGCHLD, si_code=CLD_EXITED, si_pid=10249, si_uid=1001, si_status=0, si_utime=0, si_stime=0}, WEXITED, {ru_utime={tv_sec=0, tv_usec=770}, ru_stime={tv_sec=0, tv_usec=5393}, ...}) = 0
9990  --- SIGCHLD {si_signo=SIGCHLD, si_code=CLD_EXITED, si_pid=10249, si_uid=1001, si_status=0, si_utime=0, si_stime=0} ---
9973  tgkill(9972, 9990, SIGURG)        = 0
9990  --- SIGURG {si_signo=SIGURG, si_code=SI_TKILL, si_pid=9972, si_uid=1001} ---
10250 tgkill(10243, 10243, SIGURG)      = 0
10243 --- SIGURG {si_signo=SIGURG, si_code=SI_TKILL, si_pid=10243, si_uid=1001} ---
10250 tgkill(10243, 10243, SIGURG)      = 0
9990  clone(child_stack=NULL, flags=CLONE_VM|CLONE_PIDFD|CLONE_VFORK|SIGCHLD <unfinished ...>
10243 --- SIGURG {si_signo=SIGURG, si_code=SI_TKILL, si_pid=10243, si_uid=1001} ---
9977  tgkill(9972, 9990, SIGURG)        = 0
10259 execve("/opt/hostedtoolcache/go/1.27.1/arm64/pkg/tool/linux_arm64/compile", ["/opt/hostedtoolcache/go/1.27.1/a"..., "-o", "/tmp/go-build3326039643/b028/_pk"..., "-trimpath", "/tmp/go-build3326039643/b028=>", "-p", "internal/runtime/maps", "-lang=go1.27", "-std", "-buildid", "CQsqIBuTjDIlU_tISVn6/CQsqIBuTjDI"..., "-goversion", "go1.27.1", "-symabis", "/tmp/go-build3326039643/b028/sym"..., "-c=4", "-nolocalimports", "-importcfg", "/tmp/go-build3326039643/b028/imp"..., "-pack", "-asmhdr", "/tmp/go-build3326039643/b028/go_"..., "/opt/hostedtoolcache/go/1.27.1/a"..., "/opt/hostedtoolcache/go/1.27.1/a"..., "/opt/hostedtoolcache/go/1.27.1/a"..., "/opt/hostedtoolcache/go/1.27.1/a"..., "/opt/hostedtoolcache/go/1.27.1/a"..., "/opt/hostedtoolcache/go/1.27.1/a"..., "/opt/hostedtoolcache/go/1.27.1/a"..., "/opt/hostedtoolcache/go/1.27.1/a"..., "/opt/hostedtoolcache/go/1.27.1/a"..., "/opt/hostedtoolcache/go/1.27.1/a"..., ...], 0x5bded65e5b08 /* 140 vars */ <unfinished ...>
9990  <... clone resumed>, parent_tid=[18]) = 10259
9990  --- SIGURG {si_signo=SIGURG, si_code=SI_TKILL, si_pid=9972, si_uid=1001} ---
9977  tgkill(9972, 9990, SIGURG)        = 0
9990  --- SIGURG {si_signo=SIGURG, si_code=SI_TKILL, si_pid=9972, si_uid=1001} ---
10259 <... execve resumed>)             = 0
10247 exit_group(0)                     = ?
10248 +++ exited with 0 +++
10246 +++ exited with 0 +++
10247 +++ exited with 0 +++
10245 +++ exited with 0 +++
10238 +++ exited with 0 +++
10077 <... waitid resumed>{si_signo=SIGCHLD, si_code=CLD_EXITED, si_pid=10238, si_uid=1001, si_status=0, si_utime=0, si_stime=0}, WEXITED, {ru_utime={tv_sec=0, tv_usec=12334}, ru_stime={tv_sec=0, tv_usec=9250}, ...}) = 0
9977  --- SIGCHLD {si_signo=SIGCHLD, si_code=CLD_EXITED, si_pid=10238, si_uid=1001, si_status=0, si_utime=1 /* 0.01 s */, si_stime=0} ---
9977  waitid(P_PIDFD, 18,  <unfinished ...>
10239 tgkill(10237, 10240, SIGURG)      = 0
10240 --- SIGURG {si_signo=SIGURG, si_code=SI_TKILL, si_pid=10237, si_uid=1001} ---
10241 exit_group(0)                     = ?
10244 +++ exited with 0 +++
10241 +++ exited with 0 +++
10242 +++ exited with 0 +++
10240 +++ exited with 0 +++
10239 +++ exited with 0 +++
10237 +++ exited with 0 +++
9979  <... waitid resumed>{si_signo=SIGCHLD, si_code=CLD_EXITED, si_pid=10237, si_uid=1001, si_status=0, si_utime=0, si_stime=0}, WEXITED, {ru_utime={tv_sec=0, tv_usec=31223}, ru_stime={tv_sec=0, tv_usec=10766}, ...}) = 0
9978  --- SIGCHLD {si_signo=SIGCHLD, si_code=CLD_EXITED, si_pid=10237, si_uid=1001, si_status=0, si_utime=2 /* 0.02 s */, si_stime=1 /* 0.01 s */} ---
10243 exit_group(0)                     = ?
10258 +++ exited with 0 +++
10252 +++ exited with 0 +++
10253 +++ exited with 0 +++
10250 +++ exited with 0 +++
10251 +++ exited with 0 +++
10243 +++ exited with 0 +++
9974  <... waitid resumed>{si_signo=SIGCHLD, si_code=CLD_EXITED, si_pid=10243, si_uid=1001, si_status=0, si_utime=0, si_stime=0}, WEXITED, {ru_utime={tv_sec=0, tv_usec=8615}, ru_stime={tv_sec=0, tv_usec=12923}, ...}) = 0
9979  --- SIGCHLD {si_signo=SIGCHLD, si_code=CLD_EXITED, si_pid=10243, si_uid=1001, si_status=0, si_utime=1 /* 0.01 s */, si_stime=1 /* 0.01 s */} ---
10259 clone(child_stack=0x29b31c534000, flags=CLONE_VM|CLONE_FS|CLONE_FILES|CLONE_SIGHAND|CLONE_THREAD|CLONE_SYSVSEM) = 10260
10077 clone(child_stack=NULL, flags=CLONE_VM|CLONE_PIDFD|CLONE_VFORK|SIGCHLD <unfinished ...>
10259 clone(child_stack=0x29b31c56c000, flags=CLONE_VM|CLONE_FS|CLONE_FILES|CLONE_SIGHAND|CLONE_THREAD|CLONE_SYSVSEM) = 10262
10260 tgkill(10259, 10259, SIGURG)      = 0
10259 clone(child_stack=0x29b31c568000, flags=CLONE_VM|CLONE_FS|CLONE_FILES|CLONE_SIGHAND|CLONE_THREAD|CLONE_SYSVSEM) = 10263
10259 --- SIGURG {si_signo=SIGURG, si_code=SI_TKILL, si_pid=10259, si_uid=1001} ---
10262 clone(child_stack=0x29b31c598000, flags=CLONE_VM|CLONE_FS|CLONE_FILES|CLONE_SIGHAND|CLONE_THREAD|CLONE_SYSVSEM) = 10264
10261 execve("/opt/hostedtoolcache/go/1.27.1/arm64/pkg/tool/linux_arm64/compile", ["/opt/hostedtoolcache/go/1.27.1/a"..., "-o", "/tmp/go-build3326039643/b035/_pk"..., "-trimpath", "/tmp/go-build3326039643/b035=>", "-p", "internal/trace/tracev2", "-lang=go1.27", "-std", "-complete", "-buildid", "aU_jM6nXvPz_haFRjyVo/aU_jM6nXvPz"..., "-goversion", "go1.27.1", "-c=4", "-nolocalimports", "-importcfg", "/tmp/go-build3326039643/b035/imp"..., "-pack", "/opt/hostedtoolcache/go/1.27.1/a"..., "/opt/hostedtoolcache/go/1.27.1/a"..., "/opt/hostedtoolcache/go/1.27.1/a"...], 0x5bded65e4d88 /* 140 vars */ <unfinished ...>
9979  clone(child_stack=NULL, flags=CLONE_VM|CLONE_PIDFD|CLONE_VFORK|SIGCHLD <unfinished ...>
10077 <... clone resumed>, parent_tid=[15]) = 10261
10261 <... execve resumed>)             = 0
10265 execve("/opt/hostedtoolcache/go/1.27.1/arm64/pkg/tool/linux_arm64/compile", ["/opt/hostedtoolcache/go/1.27.1/a"..., "-o", "/tmp/go-build3326039643/b037/_pk"..., "-trimpath", "/tmp/go-build3326039643/b037=>", "-p", "cmp", "-lang=go1.27", "-std", "-complete", "-buildid", "Z3JmRfg9H-Z-PQxOBQlM/Z3JmRfg9H-Z"..., "-goversion", "go1.27.1", "-c=4", "-nolocalimports", "-importcfg", "/tmp/go-build3326039643/b037/imp"..., "-pack", "/opt/hostedtoolcache/go/1.27.1/a"...], 0x5bded6500488 /* 140 vars */ <unfinished ...>
9979  <... clone resumed>, parent_tid=[21]) = 10265
10265 <... execve resumed>)             = 0
9979  waitid(P_PIDFD, 21,  <unfinished ...>
10077 waitid(P_PIDFD, 15,  <unfinished ...>
10260 clone(child_stack=0x29b31ca88000, flags=CLONE_VM|CLONE_FS|CLONE_FILES|CLONE_SIGHAND|CLONE_THREAD|CLONE_SYSVSEM) = 10266
9973  tgkill(9972, 9978, SIGURG)        = 0
9978  --- SIGURG {si_signo=SIGURG, si_code=SI_TKILL, si_pid=9972, si_uid=1001} ---
10261 clone(child_stack=0x4e8039ae8000, flags=CLONE_VM|CLONE_FS|CLONE_FILES|CLONE_SIGHAND|CLONE_THREAD|CLONE_SYSVSEM) = 10267
10265 clone(child_stack=0x2a7411082000, flags=CLONE_VM|CLONE_FS|CLONE_FILES|CLONE_SIGHAND|CLONE_THREAD|CLONE_SYSVSEM) = 10268
10261 clone(child_stack=0x4e8039b20000, flags=CLONE_VM|CLONE_FS|CLONE_FILES|CLONE_SIGHAND|CLONE_THREAD|CLONE_SYSVSEM) = 10269
10265 clone(child_stack=0x2a74110ba000, flags=CLONE_VM|CLONE_FS|CLONE_FILES|CLONE_SIGHAND|CLONE_THREAD|CLONE_SYSVSEM <unfinished ...>
10261 clone(child_stack=0x4e8039b1c000, flags=CLONE_VM|CLONE_FS|CLONE_FILES|CLONE_SIGHAND|CLONE_THREAD|CLONE_SYSVSEM) = 10270
10265 <... clone resumed>)              = 10271
10265 clone(child_stack=0x2a74110b6000, flags=CLONE_VM|CLONE_FS|CLONE_FILES|CLONE_SIGHAND|CLONE_THREAD|CLONE_SYSVSEM) = 10272
10269 clone(child_stack=0x4e8039b98000, flags=CLONE_VM|CLONE_FS|CLONE_FILES|CLONE_SIGHAND|CLONE_THREAD|CLONE_SYSVSEM) = 10273
10271 clone(child_stack=0x2a7411118000, flags=CLONE_VM|CLONE_FS|CLONE_FILES|CLONE_SIGHAND|CLONE_THREAD|CLONE_SYSVSEM) = 10274
9978  tgkill(9972, 9990, SIGURG <unfinished ...>
10260 tgkill(10259, 10259, SIGURG)      = 0
10259 --- SIGURG {si_signo=SIGURG, si_code=SI_TKILL, si_pid=10259, si_uid=1001} ---
9978  <... tgkill resumed>)             = 0
9990  --- SIGURG {si_signo=SIGURG, si_code=SI_TKILL, si_pid=9972, si_uid=1001} ---
9978  tgkill(9972, 9976, SIGURG)        = 0
9976  --- SIGURG {si_signo=SIGURG, si_code=SI_TKILL, si_pid=9972, si_uid=1001} ---
10265 exit_group(0)                     = ?
10274 +++ exited with 0 +++
10271 +++ exited with 0 +++
10268 +++ exited with 0 +++
10272 +++ exited with 0 +++
10265 +++ exited with 0 +++
9973  --- SIGCHLD {si_signo=SIGCHLD, si_code=CLD_EXITED, si_pid=10265, si_uid=1001, si_status=0, si_utime=0, si_stime=0} ---
9979  <... waitid resumed>{si_signo=SIGCHLD, si_code=CLD_EXITED, si_pid=10265, si_uid=1001, si_status=0, si_utime=0, si_stime=0}, WEXITED, {ru_utime={tv_sec=0, tv_usec=6306}, ru_stime={tv_sec=0, tv_usec=5255}, ...}) = 0
9976  clone(child_stack=NULL, flags=CLONE_VM|CLONE_PIDFD|CLONE_VFORK|SIGCHLD <unfinished ...>
10261 exit_group(0)                     = ?
10267 +++ exited with 0 +++
10269 +++ exited with 0 +++
10273 +++ exited with 0 +++
10275 execve("/opt/hostedtoolcache/go/1.27.1/arm64/pkg/tool/linux_arm64/asm", ["/opt/hostedtoolcache/go/1.27.1/a"..., "-p", "math", "-trimpath", "/tmp/go-build3326039643/b040=>", "-I", "/tmp/go-build3326039643/b040/", "-I", "/opt/hostedtoolcache/go/1.27.1/a"..., "-D", "GOOS_linux", "-D", "GOARCH_arm64", "-std", "-gensymabis", "-o", "/tmp/go-build3326039643/b040/sym"..., "/opt/hostedtoolcache/go/1.27.1/a"..., "/opt/hostedtoolcache/go/1.27.1/a"..., "/opt/hostedtoolcache/go/1.27.1/a"...], 0x5bded6500488 /* 140 vars */ <unfinished ...>
10270 +++ exited with 0 +++
10261 +++ exited with 0 +++
9974  --- SIGCHLD {si_signo=SIGCHLD, si_code=CLD_EXITED, si_pid=10261, si_uid=1001, si_status=0, si_utime=1 /* 0.01 s */, si_stime=0} ---
9976  <... clone resumed>, parent_tid=[16]) = 10275
10275 <... execve resumed>)             = 0
10077 <... waitid resumed>{si_signo=SIGCHLD, si_code=CLD_EXITED, si_pid=10261, si_uid=1001, si_status=0, si_utime=0, si_stime=0}, WEXITED, {ru_utime={tv_sec=0, tv_usec=13992}, ru_stime={tv_sec=0, tv_usec=6360}, ...}) = 0
9976  waitid(P_PIDFD, 16,  <unfinished ...>
10260 tgkill(10259, 10264, SIGURG)      = 0
10264 --- SIGURG {si_signo=SIGURG, si_code=SI_TKILL, si_pid=10259, si_uid=1001} ---
10275 clone(child_stack=0x428a340f0000, flags=CLONE_VM|CLONE_FS|CLONE_FILES|CLONE_SIGHAND|CLONE_THREAD|CLONE_SYSVSEM) = 10276
10275 clone(child_stack=0x428a34128000, flags=CLONE_VM|CLONE_FS|CLONE_FILES|CLONE_SIGHAND|CLONE_THREAD|CLONE_SYSVSEM) = 10277
10276 tgkill(10275, 10275, SIGURG)      = 0
10275 --- SIGURG {si_signo=SIGURG, si_code=SI_TKILL, si_pid=10275, si_uid=1001} ---
9974  clone(child_stack=NULL, flags=CLONE_VM|CLONE_PIDFD|CLONE_VFORK|SIGCHLD <unfinished ...>
10277 clone(child_stack=0x428a34124000, flags=CLONE_VM|CLONE_FS|CLONE_FILES|CLONE_SIGHAND|CLONE_THREAD|CLONE_SYSVSEM) = 10279
10275 clone(child_stack=0x428a34142000, flags=CLONE_VM|CLONE_FS|CLONE_FILES|CLONE_SIGHAND|CLONE_THREAD|CLONE_SYSVSEM) = 10280
9973  tgkill(9972, 9974, SIGURG)        = 0
9973  tgkill(9972, 10077, SIGURG)       = 0
10077 --- SIGURG {si_signo=SIGURG, si_code=SI_TKILL, si_pid=9972, si_uid=1001} ---
10077 clone(child_stack=NULL, flags=CLONE_VM|CLONE_PIDFD|CLONE_VFORK|SIGCHLD <unfinished ...>
10278 execve("/opt/hostedtoolcache/go/1.27.1/arm64/pkg/tool/linux_arm64/compile", ["/opt/hostedtoolcache/go/1.27.1/a"..., "-o", "/tmp/go-build3326039643/b042/_pk"..., "-trimpath", "/tmp/go-build3326039643/b042=>", "-p", "unicode/utf8", "-lang=go1.27", "-std", "-complete", "-buildid", "s1yLYlbI-aHsaTN15vbA/s1yLYlbI-aH"..., "-goversion", "go1.27.1", "-c=4", "-nolocalimports", "-importcfg", "/tmp/go-build3326039643/b042/imp"..., "-pack", "/opt/hostedtoolcache/go/1.27.1/a"...], 0x5bded65e4d88 /* 140 vars */ <unfinished ...>
9974  <... clone resumed>, parent_tid=[15]) = 10278
9974  --- SIGURG {si_signo=SIGURG, si_code=SI_TKILL, si_pid=9972, si_uid=1001} ---
10278 <... execve resumed>)             = 0
10281 execve("/opt/hostedtoolcache/go/1.27.1/arm64/pkg/tool/linux_arm64/asm", ["/opt/hostedtoolcache/go/1.27.1/a"..., "-p", "sync/atomic", "-trimpath", "/tmp/go-build3326039643/b045=>", "-I", "/tmp/go-build3326039643/b045/", "-I", "/opt/hostedtoolcache/go/1.27.1/a"..., "-D", "GOOS_linux", "-D", "GOARCH_arm64", "-std", "-gensymabis", "-o", "/tmp/go-build3326039643/b045/sym"..., "/opt/hostedtoolcache/go/1.27.1/a"...], 0x5bded6500908 /* 140 vars */ <unfinished ...>
10077 <... clone resumed>, parent_tid=[22]) = 10281
10281 <... execve resumed>)             = 0
9979  waitid(P_PIDFD, 15,  <unfinished ...>
10077 waitid(P_PIDFD, 22,  <unfinished ...>
10275 exit_group(0)                     = ?
10279 +++ exited with 0 +++
10280 +++ exited with 0 +++
10277 +++ exited with 0 +++
10276 +++ exited with 0 +++
10275 +++ exited with 0 +++
9973  --- SIGCHLD {si_signo=SIGCHLD, si_code=CLD_EXITED, si_pid=10275, si_uid=1001, si_status=0, si_utime=0, si_stime=0} ---
9976  <... waitid resumed>{si_signo=SIGCHLD, si_code=CLD_EXITED, si_pid=10275, si_uid=1001, si_status=0, si_utime=0, si_stime=0}, WEXITED, {ru_utime={tv_sec=0, tv_usec=3230}, ru_stime={tv_sec=0, tv_usec=3230}, ...}) = 0
10278 clone(child_stack=0x662ae753e000, flags=CLONE_VM|CLONE_FS|CLONE_FILES|CLONE_SIGHAND|CLONE_THREAD|CLONE_SYSVSEM) = 10282
9972  clone(child_stack=NULL, flags=CLONE_VM|CLONE_PIDFD|CLONE_VFORK|SIGCHLD <unfinished ...>
10278 clone(child_stack=0x662ae7576000, flags=CLONE_VM|CLONE_FS|CLONE_FILES|CLONE_SIGHAND|CLONE_THREAD|CLONE_SYSVSEM) = 10284
10282 tgkill(10278, 10278, SIGURG <unfinished ...>
10278 clone(child_stack=0x662ae7572000, flags=CLONE_VM|CLONE_FS|CLONE_FILES|CLONE_SIGHAND|CLONE_THREAD|CLONE_SYSVSEM <unfinished ...>
10282 <... tgkill resumed>)             = 0
10278 <... clone resumed>)              = 10285
10278 --- SIGURG {si_signo=SIGURG, si_code=SI_TKILL, si_pid=10278, si_uid=1001} ---
10284 clone(child_stack=0x662ae7598000, flags=CLONE_VM|CLONE_FS|CLONE_FILES|CLONE_SIGHAND|CLONE_THREAD|CLONE_SYSVSEM) = 10286
10281 clone(child_stack=0x739d0dcfe000, flags=CLONE_VM|CLONE_FS|CLONE_FILES|CLONE_SIGHAND|CLONE_THREAD|CLONE_SYSVSEM) = 10287
10281 clone(child_stack=0x739d0dd36000, flags=CLONE_VM|CLONE_FS|CLONE_FILES|CLONE_SIGHAND|CLONE_THREAD|CLONE_SYSVSEM <unfinished ...>
10287 tgkill(10281, 10281, SIGURG)      = 0
10281 <... clone resumed>)              = 10288
10281 --- SIGURG {si_signo=SIGURG, si_code=SI_TKILL, si_pid=10281, si_uid=1001} ---
10281 clone(child_stack=0x739d0dd32000, flags=CLONE_VM|CLONE_FS|CLONE_FILES|CLONE_SIGHAND|CLONE_THREAD|CLONE_SYSVSEM) = 10289
10288 clone(child_stack=0x739d0dd98000, flags=CLONE_VM|CLONE_FS|CLONE_FILES|CLONE_SIGHAND|CLONE_THREAD|CLONE_SYSVSEM) = 10290
10283 execve("/opt/hostedtoolcache/go/1.27.1/arm64/pkg/tool/linux_arm64/compile", ["/opt/hostedtoolcache/go/1.27.1/a"..., "-o", "/tmp/go-build3326039643/b040/_pk"..., "-trimpath", "/tmp/go-build3326039643/b040=>", "-p", "math", "-lang=go1.27", "-std", "-buildid", "8X5WVBTqImLjj3PxSZIw/8X5WVBTqImL"..., "-goversion", "go1.27.1", "-symabis", "/tmp/go-build3326039643/b040/sym"..., "-c=4", "-nolocalimports", "-importcfg", "/tmp/go-build3326039643/b040/imp"..., "-pack", "-asmhdr", "/tmp/go-build3326039643/b040/go_"..., "/opt/hostedtoolcache/go/1.27.1/a"..., "/opt/hostedtoolcache/go/1.27.1/a"..., "/opt/hostedtoolcache/go/1.27.1/a"..., "/opt/hostedtoolcache/go/1.27.1/a"..., "/opt/hostedtoolcache/go/1.27.1/a"..., "/opt/hostedtoolcache/go/1.27.1/a"..., "/opt/hostedtoolcache/go/1.27.1/a"..., "/opt/hostedtoolcache/go/1.27.1/a"..., "/opt/hostedtoolcache/go/1.27.1/a"..., "/opt/hostedtoolcache/go/1.27.1/a"..., ...], 0x5bded628ed88 /* 140 vars */) = 0
9972  <... clone resumed>, parent_tid=[14]) = 10283
9972  waitid(P_PIDFD, 14,  <unfinished ...>
10281 exit_group(0)                     = ?
10290 +++ exited with 0 +++
10287 +++ exited with 0 +++
10288 +++ exited with 0 +++
10289 +++ exited with 0 +++
10281 +++ exited with 0 +++
10077 <... waitid resumed>{si_signo=SIGCHLD, si_code=CLD_EXITED, si_pid=10281, si_uid=1001, si_status=0, si_utime=0, si_stime=0}, WEXITED, {ru_utime={tv_sec=0, tv_usec=0}, ru_stime={tv_sec=0, tv_usec=4674}, ...}) = 0
9976  --- SIGCHLD {si_signo=SIGCHLD, si_code=CLD_EXITED, si_pid=10281, si_uid=1001, si_status=0, si_utime=0, si_stime=0} ---
10260 tgkill(10259, 10264, SIGURG)      = 0
10264 --- SIGURG {si_signo=SIGURG, si_code=SI_TKILL, si_pid=10259, si_uid=1001} ---
10077 clone(child_stack=NULL, flags=CLONE_VM|CLONE_PIDFD|CLONE_VFORK|SIGCHLD <unfinished ...>
10283 clone(child_stack=0x5b9064f82000, flags=CLONE_VM|CLONE_FS|CLONE_FILES|CLONE_SIGHAND|CLONE_THREAD|CLONE_SYSVSEM) = 10292
10283 clone(child_stack=0x5b9064fba000, flags=CLONE_VM|CLONE_FS|CLONE_FILES|CLONE_SIGHAND|CLONE_THREAD|CLONE_SYSVSEM <unfinished ...>
10292 tgkill(10283, 10283, SIGURG <unfinished ...>
10283 <... clone resumed>)              = 10293
10292 <... tgkill resumed>)             = 0
10283 --- SIGURG {si_signo=SIGURG, si_code=SI_TKILL, si_pid=10283, si_uid=1001} ---
10283 clone(child_stack=0x5b9064fb6000, flags=CLONE_VM|CLONE_FS|CLONE_FILES|CLONE_SIGHAND|CLONE_THREAD|CLONE_SYSVSEM) = 10294
10291 execve("/opt/hostedtoolcache/go/1.27.1/arm64/pkg/tool/linux_arm64/compile", ["/opt/hostedtoolcache/go/1.27.1/a"..., "-o", "/tmp/go-build3326039643/b045/_pk"..., "-trimpath", "/tmp/go-build3326039643/b045=>", "-p", "sync/atomic", "-lang=go1.27", "-std", "-buildid", "JGUF4K_ysLjx-Ruoda01/JGUF4K_ysLj"..., "-goversion", "go1.27.1", "-symabis", "/tmp/go-build3326039643/b045/sym"..., "-c=4", "-nolocalimports", "-importcfg", "/tmp/go-build3326039643/b045/imp"..., "-pack", "-asmhdr", "/tmp/go-build3326039643/b045/go_"..., "/opt/hostedtoolcache/go/1.27.1/a"..., "/opt/hostedtoolcache/go/1.27.1/a"..., "/opt/hostedtoolcache/go/1.27.1/a"..., "/opt/hostedtoolcache/go/1.27.1/a"...], 0x5bded6501688 /* 140 vars */ <unfinished ...>
10077 <... clone resumed>, parent_tid=[17]) = 10291
10077 waitid(P_PIDFD, 17,  <unfinished ...>
10291 <... execve resumed>)             = 0
10282 tgkill(10278, 10278, SIGURG)      = 0
10278 --- SIGURG {si_signo=SIGURG, si_code=SI_TKILL, si_pid=10278, si_uid=1001} ---
10292 tgkill(10283, 10283, SIGURG)      = 0
10283 --- SIGURG {si_signo=SIGURG, si_code=SI_TKILL, si_pid=10283, si_uid=1001} ---
10291 clone(child_stack=0x6477df030000, flags=CLONE_VM|CLONE_FS|CLONE_FILES|CLONE_SIGHAND|CLONE_THREAD|CLONE_SYSVSEM) = 10295
10291 clone(child_stack=0x6477df068000, flags=CLONE_VM|CLONE_FS|CLONE_FILES|CLONE_SIGHAND|CLONE_THREAD|CLONE_SYSVSEM) = 10296
10295 tgkill(10291, 10291, SIGURG <unfinished ...>
10291 clone(child_stack=0x6477df064000, flags=CLONE_VM|CLONE_FS|CLONE_FILES|CLONE_SIGHAND|CLONE_THREAD|CLONE_SYSVSEM <unfinished ...>
10295 <... tgkill resumed>)             = 0
10291 <... clone resumed>)              = 10297
10291 --- SIGURG {si_signo=SIGURG, si_code=SI_TKILL, si_pid=10291, si_uid=1001} ---
10296 clone(child_stack=0x6477df098000, flags=CLONE_VM|CLONE_FS|CLONE_FILES|CLONE_SIGHAND|CLONE_THREAD|CLONE_SYSVSEM) = 10298
10293 clone(child_stack=0x5b906500a000, flags=CLONE_VM|CLONE_FS|CLONE_FILES|CLONE_SIGHAND|CLONE_THREAD|CLONE_SYSVSEM) = 10299
10295 clone(child_stack=0x6477df41c000, flags=CLONE_VM|CLONE_FS|CLONE_FILES|CLONE_SIGHAND|CLONE_THREAD|CLONE_SYSVSEM) = 10300
10260 tgkill(10259, 10259, SIGURG)      = 0
10259 --- SIGURG {si_signo=SIGURG, si_code=SI_TKILL, si_pid=10259, si_uid=1001} ---
10292 tgkill(10283, 10294, SIGURG)      = 0
10294 --- SIGURG {si_signo=SIGURG, si_code=SI_TKILL, si_pid=10283, si_uid=1001} ---
10292 clone(child_stack=0x5b90653a2000, flags=CLONE_VM|CLONE_FS|CLONE_FILES|CLONE_SIGHAND|CLONE_THREAD|CLONE_SYSVSEM) = 10301
10282 tgkill(10278, 10278, SIGURG)      = 0
10278 --- SIGURG {si_signo=SIGURG, si_code=SI_TKILL, si_pid=10278, si_uid=1001} ---
10295 tgkill(10291, 10297, SIGURG)      = 0
10292 clone(child_stack=0x5b9065510000, flags=CLONE_VM|CLONE_FS|CLONE_FILES|CLONE_SIGHAND|CLONE_THREAD|CLONE_SYSVSEM) = 10302
10297 --- SIGURG {si_signo=SIGURG, si_code=SI_TKILL, si_pid=10291, si_uid=1001} ---
10295 tgkill(10291, 10297, SIGURG <unfinished ...>
10297 --- SIGURG {si_signo=SIGURG, si_code=SI_TKILL, si_pid=10291, si_uid=1001} ---
10295 <... tgkill resumed>)             = 0
10292 clone(child_stack=0x5b9065514000, flags=CLONE_VM|CLONE_FS|CLONE_FILES|CLONE_SIGHAND|CLONE_THREAD|CLONE_SYSVSEM) = 10303
10292 clone(child_stack=0x5b90655b0000, flags=CLONE_VM|CLONE_FS|CLONE_FILES|CLONE_SIGHAND|CLONE_THREAD|CLONE_SYSVSEM) = 10304
10292 clone(child_stack=0x5b90655c4000, flags=CLONE_VM|CLONE_FS|CLONE_FILES|CLONE_SIGHAND|CLONE_THREAD|CLONE_SYSVSEM) = 10305
10286 exit_group(0)                     = ?
10286 +++ exited with 0 +++
10282 +++ exited with 0 +++
10285 +++ exited with 0 +++
10284 +++ exited with 0 +++
10278 +++ exited with 0 +++
9979  <... waitid resumed>{si_signo=SIGCHLD, si_code=CLD_EXITED, si_pid=10278, si_uid=1001, si_status=0, si_utime=0, si_stime=0}, WEXITED, {ru_utime={tv_sec=0, tv_usec=22551}, ru_stime={tv_sec=0, tv_usec=12746}, ...}) = 0
9976  --- SIGCHLD {si_signo=SIGCHLD, si_code=CLD_EXITED, si_pid=10278, si_uid=1001, si_status=0, si_utime=2 /* 0.02 s */, si_stime=1 /* 0.01 s */} ---
10260 tgkill(10259, 10266, SIGURG)      = 0
10260 tgkill(10259, 10264, SIGURG)      = 0
10264 --- SIGURG {si_signo=SIGURG, si_code=SI_TKILL, si_pid=10259, si_uid=1001} ---
10260 tgkill(10259, 10262, SIGURG <unfinished ...>
10262 --- SIGURG {si_signo=SIGURG, si_code=SI_TKILL, si_pid=10259, si_uid=1001} ---
10260 <... tgkill resumed>)             = 0
10266 --- SIGURG {si_signo=SIGURG, si_code=SI_TKILL, si_pid=10259, si_uid=1001} ---
10295 tgkill(10291, 10300, SIGURG)      = 0
10300 --- SIGURG {si_signo=SIGURG, si_code=SI_TKILL, si_pid=10291, si_uid=1001} ---
10292 tgkill(10283, 10299, SIGURG <unfinished ...>
10299 --- SIGURG {si_signo=SIGURG, si_code=SI_TKILL, si_pid=10283, si_uid=1001} ---
10292 <... tgkill resumed>)             = 0
10260 tgkill(10259, 10259, SIGURG <unfinished ...>
10295 tgkill(10291, 10297, SIGURG)      = 0
10297 --- SIGURG {si_signo=SIGURG, si_code=SI_TKILL, si_pid=10291, si_uid=1001} ---
10260 <... tgkill resumed>)             = 0
10259 --- SIGURG {si_signo=SIGURG, si_code=SI_TKILL, si_pid=10259, si_uid=1001} ---
10292 tgkill(10283, 10299, SIGURG <unfinished ...>
10299 --- SIGURG {si_signo=SIGURG, si_code=SI_TKILL, si_pid=10283, si_uid=1001} ---
10292 <... tgkill resumed>)             = 0
9973  tgkill(9972, 9976, SIGURG)        = 0
9976  --- SIGURG {si_signo=SIGURG, si_code=SI_TKILL, si_pid=9972, si_uid=1001} ---
10260 tgkill(10259, 10266, SIGURG <unfinished ...>
10266 --- SIGURG {si_signo=SIGURG, si_code=SI_TKILL, si_pid=10259, si_uid=1001} ---
10260 <... tgkill resumed>)             = 0
10260 tgkill(10259, 10264, SIGURG <unfinished ...>
10264 --- SIGURG {si_signo=SIGURG, si_code=SI_TKILL, si_pid=10259, si_uid=1001} ---
10260 <... tgkill resumed>)             = 0
10260 tgkill(10259, 10262, SIGURG)      = 0
10262 --- SIGURG {si_signo=SIGURG, si_code=SI_TKILL, si_pid=10259, si_uid=1001} ---
10297 exit_group(0)                     = ?
10295 +++ exited with 0 +++
10298 +++ exited with 0 +++
10297 +++ exited with 0 +++
10296 +++ exited with 0 +++
10292 tgkill(10283, 10299, SIGURG <unfinished ...>
10299 --- SIGURG {si_signo=SIGURG, si_code=SI_TKILL, si_pid=10283, si_uid=1001} ---
10292 <... tgkill resumed>)             = 0
10300 +++ exited with 0 +++
10291 +++ exited with 0 +++
10077 <... waitid resumed>{si_signo=SIGCHLD, si_code=CLD_EXITED, si_pid=10291, si_uid=1001, si_status=0, si_utime=0, si_stime=0}, WEXITED, {ru_utime={tv_sec=0, tv_usec=26136}, ru_stime={tv_sec=0, tv_usec=14420}, ...}) = 0
9979  --- SIGCHLD {si_signo=SIGCHLD, si_code=CLD_EXITED, si_pid=10291, si_uid=1001, si_status=0, si_utime=2 /* 0.02 s */, si_stime=1 /* 0.01 s */} ---
9979  clone(child_stack=NULL, flags=CLONE_VM|CLONE_PIDFD|CLONE_VFORK|SIGCHLD <unfinished ...>
9976  clone(child_stack=NULL, flags=CLONE_VM|CLONE_PIDFD|CLONE_VFORK|SIGCHLD <unfinished ...>
10306 execve("/opt/hostedtoolcache/go/1.27.1/arm64/pkg/tool/linux_arm64/asm", ["/opt/hostedtoolcache/go/1.27.1/a"..., "-p", "sync/atomic", "-trimpath", "/tmp/go-build3326039643/b045=>", "-I", "/tmp/go-build3326039643/b045/", "-I", "/opt/hostedtoolcache/go/1.27.1/a"..., "-D", "GOOS_linux", "-D", "GOARCH_arm64", "-std", "-o", "/tmp/go-build3326039643/b045/asm"..., "/opt/hostedtoolcache/go/1.27.1/a"...], 0x5bded622a008 /* 140 vars */ <unfinished ...>
9979  <... clone resumed>, parent_tid=[21]) = 10306
10306 <... execve resumed>)             = 0
10307 execve("/opt/hostedtoolcache/go/1.27.1/arm64/pkg/tool/linux_arm64/compile", ["/opt/hostedtoolcache/go/1.27.1/a"..., "-o", "/tmp/go-build3326039643/b046/_pk"..., "-trimpath", "/tmp/go-build3326039643/b046=>", "-p", "internal/synctest", "-lang=go1.27", "-std", "-complete", "-buildid", "4eWvoqUiOB6E0SbY6umh/4eWvoqUiOB6"..., "-goversion", "go1.27.1", "-c=4", "-nolocalimports", "-importcfg", "/tmp/go-build3326039643/b046/imp"..., "-pack", "/opt/hostedtoolcache/go/1.27.1/a"...], 0x5bded628f208 /* 140 vars */ <unfinished ...>
9976  <... clone resumed>, parent_tid=[22]) = 10307
10307 <... execve resumed>)             = 0
9976  waitid(P_PIDFD, 22,  <unfinished ...>
9979  waitid(P_PIDFD, 21,  <unfinished ...>
10306 clone(child_stack=0x7e1109fb2000, flags=CLONE_VM|CLONE_FS|CLONE_FILES|CLONE_SIGHAND|CLONE_THREAD|CLONE_SYSVSEM) = 10308
10306 clone(child_stack=0x7e1109fea000, flags=CLONE_VM|CLONE_FS|CLONE_FILES|CLONE_SIGHAND|CLONE_THREAD|CLONE_SYSVSEM) = 10309
10308 tgkill(10306, 10306, SIGURG)      = 0
10306 --- SIGURG {si_signo=SIGURG, si_code=SI_TKILL, si_pid=10306, si_uid=1001} ---
10306 clone(child_stack=0x7e1109fe6000, flags=CLONE_VM|CLONE_FS|CLONE_FILES|CLONE_SIGHAND|CLONE_THREAD|CLONE_SYSVSEM) = 10310
10309 clone(child_stack=0x7e110a018000, flags=CLONE_VM|CLONE_FS|CLONE_FILES|CLONE_SIGHAND|CLONE_THREAD|CLONE_SYSVSEM) = 10311
10307 clone(child_stack=0x46dce9618000, flags=CLONE_VM|CLONE_FS|CLONE_FILES|CLONE_SIGHAND|CLONE_THREAD|CLONE_SYSVSEM) = 10312
10312 tgkill(10307, 10307, SIGURG <unfinished ...>
10307 clone(child_stack=0x46dce9650000, flags=CLONE_VM|CLONE_FS|CLONE_FILES|CLONE_SIGHAND|CLONE_THREAD|CLONE_SYSVSEM <unfinished ...>
10312 <... tgkill resumed>)             = 0
10307 <... clone resumed>)              = 10313
10307 --- SIGURG {si_signo=SIGURG, si_code=SI_TKILL, si_pid=10307, si_uid=1001} ---
10312 tgkill(10307, 10307, SIGURG)      = 0
10307 clone(child_stack=0x46dce964c000, flags=CLONE_VM|CLONE_FS|CLONE_FILES|CLONE_SIGHAND|CLONE_THREAD|CLONE_SYSVSEM) = 10314
10307 --- SIGURG {si_signo=SIGURG, si_code=SI_TKILL, si_pid=10307, si_uid=1001} ---
10313 clone(child_stack=0x46dce9698000, flags=CLONE_VM|CLONE_FS|CLONE_FILES|CLONE_SIGHAND|CLONE_THREAD|CLONE_SYSVSEM) = 10315
10313 clone(child_stack=0x46dce9694000, flags=CLONE_VM|CLONE_FS|CLONE_FILES|CLONE_SIGHAND|CLONE_THREAD|CLONE_SYSVSEM) = 10316
10292 tgkill(10283, 10299, SIGURG)      = 0
10299 --- SIGURG {si_signo=SIGURG, si_code=SI_TKILL, si_pid=10283, si_uid=1001} ---
10306 exit_group(0)                     = ?
10310 +++ exited with 0 +++
10309 +++ exited with 0 +++
10311 +++ exited with 0 +++
10308 +++ exited with 0 +++
10306 +++ exited with 0 +++
9979  <... waitid resumed>{si_signo=SIGCHLD, si_code=CLD_EXITED, si_pid=10306, si_uid=1001, si_status=0, si_utime=0, si_stime=0}, WEXITED, {ru_utime={tv_sec=0, tv_usec=789}, ru_stime={tv_sec=0, tv_usec=6317}, ...}) = 0
10077 --- SIGCHLD {si_signo=SIGCHLD, si_code=CLD_EXITED, si_pid=10306, si_uid=1001, si_status=0, si_utime=0, si_stime=0} ---
10266 exit_group(0)                     = ?
10264 +++ exited with 0 +++
10262 +++ exited with 0 +++
10266 +++ exited with 0 +++
10263 +++ exited with 0 +++
10260 +++ exited with 0 +++
10259 +++ exited with 0 +++
9977  <... waitid resumed>{si_signo=SIGCHLD, si_code=CLD_EXITED, si_pid=10259, si_uid=1001, si_status=0, si_utime=0, si_stime=0}, WEXITED, {ru_utime={tv_sec=0, tv_usec=153205}, ru_stime={tv_sec=0, tv_usec=32202}, ...}) = 0
9977  --- SIGCHLD {si_signo=SIGCHLD, si_code=CLD_EXITED, si_pid=10259, si_uid=1001, si_status=0, si_utime=15 /* 0.15 s */, si_stime=3 /* 0.03 s */} ---
10312 tgkill(10307, 10307, SIGURG)      = 0
10307 --- SIGURG {si_signo=SIGURG, si_code=SI_TKILL, si_pid=10307, si_uid=1001} ---
9973  tgkill(9972, 10077, SIGURG)       = 0
10077 --- SIGURG {si_signo=SIGURG, si_code=SI_TKILL, si_pid=9972, si_uid=1001} ---
9990  tgkill(9972, 10077, SIGURG)       = 0
10077 --- SIGURG {si_signo=SIGURG, si_code=SI_TKILL, si_pid=9972, si_uid=1001} ---
9990  tgkill(9972, 9979, SIGURG)        = 0
9979  clone(child_stack=NULL, flags=CLONE_VM|CLONE_PIDFD|CLONE_VFORK|SIGCHLD <unfinished ...>
10317 execve("/opt/hostedtoolcache/go/1.27.1/arm64/pkg/tool/linux_arm64/asm", ["/opt/hostedtoolcache/go/1.27.1/a"..., "-p", "internal/runtime/maps", "-trimpath", "/tmp/go-build3326039643/b028=>", "-I", "/tmp/go-build3326039643/b028/", "-I", "/opt/hostedtoolcache/go/1.27.1/a"..., "-D", "GOOS_linux", "-D", "GOARCH_arm64", "-std", "-o", "/tmp/go-build3326039643/b028/mem"..., "/opt/hostedtoolcache/go/1.27.1/a"...], 0x5bded6518d88 /* 140 vars */ <unfinished ...>
9990  tgkill(9972, 10077, SIGURG)       = 0
10077 --- SIGURG {si_signo=SIGURG, si_code=SI_TKILL, si_pid=9972, si_uid=1001} ---
10314 exit_group(0)                     = ?
10316 +++ exited with 0 +++
10314 +++ exited with 0 +++
10312 +++ exited with 0 +++
9979  <... clone resumed>, parent_tid=[17]) = 10317
10313 +++ exited with 0 +++
9979  --- SIGURG {si_signo=SIGURG, si_code=SI_TKILL, si_pid=9972, si_uid=1001} ---
10317 <... execve resumed>)             = 0
10292 tgkill(10283, 10301, SIGURG)      = 0
10292 tgkill(10283, 10303, SIGURG)      = 0
10303 --- SIGURG {si_signo=SIGURG, si_code=SI_TKILL, si_pid=10283, si_uid=1001} ---
10292 tgkill(10283, 10305, SIGURG <unfinished ...>
10305 --- SIGURG {si_signo=SIGURG, si_code=SI_TKILL, si_pid=10283, si_uid=1001} ---
10292 <... tgkill resumed>)             = 0
10292 tgkill(10283, 10299, SIGURG)      = 0
10299 --- SIGURG {si_signo=SIGURG, si_code=SI_TKILL, si_pid=10283, si_uid=1001} ---
10301 --- SIGURG {si_signo=SIGURG, si_code=SI_TKILL, si_pid=10283, si_uid=1001} ---
10315 +++ exited with 0 +++
10307 +++ exited with 0 +++
9977  --- SIGCHLD {si_signo=SIGCHLD, si_code=CLD_EXITED, si_pid=10307, si_uid=1001, si_status=0, si_utime=0, si_stime=0} ---
9976  <... waitid resumed>{si_signo=SIGCHLD, si_code=CLD_EXITED, si_pid=10307, si_uid=1001, si_status=0, si_utime=0, si_stime=0}, WEXITED, {ru_utime={tv_sec=0, tv_usec=7582}, ru_stime={tv_sec=0, tv_usec=6739}, ...}) = 0
9974  waitid(P_PIDFD, 17,  <unfinished ...>
9979  clone(child_stack=NULL, flags=CLONE_VM|CLONE_PIDFD|CLONE_VFORK|SIGCHLD <unfinished ...>
10318 execve("/opt/hostedtoolcache/go/1.27.1/arm64/pkg/tool/linux_arm64/compile", ["/opt/hostedtoolcache/go/1.27.1/a"..., "-o", "/tmp/go-build3326039643/b044/_pk"..., "-trimpath", "/tmp/go-build3326039643/b044=>", "-p", "internal/sync", "-lang=go1.27", "-std", "-complete", "-buildid", "yNvcDl_12QHRYk5Wvj76/yNvcDl_12QH"..., "-goversion", "go1.27.1", "-c=4", "-nolocalimports", "-importcfg", "/tmp/go-build3326039643/b044/imp"..., "-pack", "/opt/hostedtoolcache/go/1.27.1/a"..., "/opt/hostedtoolcache/go/1.27.1/a"..., "/opt/hostedtoolcache/go/1.27.1/a"...], 0x5bded622a008 /* 140 vars */ <unfinished ...>
9979  <... clone resumed>, parent_tid=[18]) = 10318
10318 <... execve resumed>)             = 0
9979  waitid(P_PIDFD, 18,  <unfinished ...>
10317 clone(child_stack=0x699ee6ce8000, flags=CLONE_VM|CLONE_FS|CLONE_FILES|CLONE_SIGHAND|CLONE_THREAD|CLONE_SYSVSEM) = 10319
10317 clone(child_stack=0x699ee6d20000, flags=CLONE_VM|CLONE_FS|CLONE_FILES|CLONE_SIGHAND|CLONE_THREAD|CLONE_SYSVSEM) = 10320
10319 tgkill(10317, 10317, SIGURG)      = 0
10317 clone(child_stack=0x699ee6d1c000, flags=CLONE_VM|CLONE_FS|CLONE_FILES|CLONE_SIGHAND|CLONE_THREAD|CLONE_SYSVSEM) = 10321
10317 --- SIGURG {si_signo=SIGURG, si_code=SI_TKILL, si_pid=10317, si_uid=1001} ---
10320 clone(child_stack=0x699ee6d98000, flags=CLONE_VM|CLONE_FS|CLONE_FILES|CLONE_SIGHAND|CLONE_THREAD|CLONE_SYSVSEM) = 10322
10077 clone(child_stack=NULL, flags=CLONE_VM|CLONE_PIDFD|CLONE_VFORK|SIGCHLD <unfinished ...>
10323 execve("/opt/hostedtoolcache/go/1.27.1/arm64/pkg/tool/linux_arm64/compile", ["/opt/hostedtoolcache/go/1.27.1/a"..., "-o", "/tmp/go-build3326039643/b047/_pk"..., "-trimpath", "/tmp/go-build3326039643/b047=>", "-p", "unicode", "-lang=go1.27", "-std", "-complete", "-buildid", "FIy725AIl71QC_77HXYb/FIy725AIl71"..., "-goversion", "go1.27.1", "-c=4", "-nolocalimports", "-importcfg", "/tmp/go-build3326039643/b047/imp"..., "-pack", "/opt/hostedtoolcache/go/1.27.1/a"..., "/opt/hostedtoolcache/go/1.27.1/a"..., "/opt/hostedtoolcache/go/1.27.1/a"..., "/opt/hostedtoolcache/go/1.27.1/a"..., "/opt/hostedtoolcache/go/1.27.1/a"...], 0x5bded628e488 /* 140 vars */ <unfinished ...>
10077 <... clone resumed>, parent_tid=[16]) = 10323
10323 <... execve resumed>)             = 0
10077 waitid(P_PIDFD, 16,  <unfinished ...>
10318 clone(child_stack=0x584c2beb4000, flags=CLONE_VM|CLONE_FS|CLONE_FILES|CLONE_SIGHAND|CLONE_THREAD|CLONE_SYSVSEM) = 10324
10318 clone(child_stack=0x584c2beec000, flags=CLONE_VM|CLONE_FS|CLONE_FILES|CLONE_SIGHAND|CLONE_THREAD|CLONE_SYSVSEM) = 10325
10318 clone(child_stack=0x584c2bee8000, flags=CLONE_VM|CLONE_FS|CLONE_FILES|CLONE_SIGHAND|CLONE_THREAD|CLONE_SYSVSEM) = 10326
10325 clone(child_stack=0x584c2bf18000, flags=CLONE_VM|CLONE_FS|CLONE_FILES|CLONE_SIGHAND|CLONE_THREAD|CLONE_SYSVSEM) = 10327
10305 exit_group(0 <unfinished ...>
10318 clone(child_stack=0x584c2bf14000, flags=CLONE_VM|CLONE_FS|CLONE_FILES|CLONE_SIGHAND|CLONE_THREAD|CLONE_SYSVSEM <unfinished ...>
10305 <... exit_group resumed>)         = ?
10305 +++ exited with 0 +++
10304 +++ exited with 0 +++
10303 +++ exited with 0 +++
10294 +++ exited with 0 +++
10293 +++ exited with 0 +++
10299 +++ exited with 0 +++
10292 +++ exited with 0 +++
10302 +++ exited with 0 +++
10318 <... clone resumed>)              = 10328
10317 exit_group(0)                     = ?
10319 +++ exited with 0 +++
10322 +++ exited with 0 +++
10320 +++ exited with 0 +++
10301 +++ exited with 0 +++
10283 +++ exited with 0 +++
9972  <... waitid resumed>{si_signo=SIGCHLD, si_code=CLD_EXITED, si_pid=10283, si_uid=1001, si_status=0, si_utime=0, si_stime=0}, WEXITED, {ru_utime={tv_sec=0, tv_usec=111418}, ru_stime={tv_sec=0, tv_usec=25554}, ...}) = 0
9977  --- SIGCHLD {si_signo=SIGCHLD, si_code=CLD_EXITED, si_pid=10283, si_uid=1001, si_status=0, si_utime=10 /* 0.10 s */, si_stime=2 /* 0.02 s */} ---
10321 +++ exited with 0 +++
10317 +++ exited with 0 +++
9979  <... waitid resumed>0x5bded6576fb8, WEXITED, 0x5bded610c240) = ? ERESTARTSYS (To be restarted if SA_RESTART is set)
9977  --- SIGCHLD {si_signo=SIGCHLD, si_code=CLD_EXITED, si_pid=10317, si_uid=1001, si_status=0, si_utime=0, si_stime=0} ---
9979  waitid(P_PIDFD, 18,  <unfinished ...>
9974  <... waitid resumed>{si_signo=SIGCHLD, si_code=CLD_EXITED, si_pid=10317, si_uid=1001, si_status=0, si_utime=0, si_stime=0}, WEXITED, {ru_utime={tv_sec=0, tv_usec=2757}, ru_stime={tv_sec=0, tv_usec=4135}, ...}) = 0
9977  clone(child_stack=NULL, flags=CLONE_VM|CLONE_PIDFD|CLONE_VFORK|SIGCHLD <unfinished ...>
10323 clone(child_stack=0x108aa1bc2000, flags=CLONE_VM|CLONE_FS|CLONE_FILES|CLONE_SIGHAND|CLONE_THREAD|CLONE_SYSVSEM) = 10330
10323 clone(child_stack=0x108aa1bfa000, flags=CLONE_VM|CLONE_FS|CLONE_FILES|CLONE_SIGHAND|CLONE_THREAD|CLONE_SYSVSEM) = 10331
10330 tgkill(10323, 10323, SIGURG)      = 0
10323 --- SIGURG {si_signo=SIGURG, si_code=SI_TKILL, si_pid=10323, si_uid=1001} ---
10330 tgkill(10323, 10323, SIGURG)      = 0
10323 --- SIGURG {si_signo=SIGURG, si_code=SI_TKILL, si_pid=10323, si_uid=1001} ---
10329 execve("/opt/hostedtoolcache/go/1.27.1/arm64/pkg/tool/linux_arm64/asm", ["/opt/hostedtoolcache/go/1.27.1/a"..., "-p", "math", "-trimpath", "/tmp/go-build3326039643/b040=>", "-I", "/tmp/go-build3326039643/b040/", "-I", "/opt/hostedtoolcache/go/1.27.1/a"..., "-D", "GOOS_linux", "-D", "GOARCH_arm64", "-std", "-o", "/tmp/go-build3326039643/b040/dim"..., "/opt/hostedtoolcache/go/1.27.1/a"...], 0x5bded622a488 /* 140 vars */ <unfinished ...>
10330 tgkill(10323, 10323, SIGURG)      = 0
10329 <... execve resumed>)             = 0
9977  <... clone resumed>, parent_tid=[17]) = 10329
10331 clone(child_stack=0x108aa1c20000, flags=CLONE_VM|CLONE_FS|CLONE_FILES|CLONE_SIGHAND|CLONE_THREAD|CLONE_SYSVSEM <unfinished ...>
10323 clone(child_stack=0x108aa1bf6000, flags=CLONE_VM|CLONE_FS|CLONE_FILES|CLONE_SIGHAND|CLONE_THREAD|CLONE_SYSVSEM) = 10333
10331 <... clone resumed>)              = 10332
10323 --- SIGURG {si_signo=SIGURG, si_code=SI_TKILL, si_pid=10323, si_uid=1001} ---
9977  waitid(P_PIDFD, 17,  <unfinished ...>
10330 clone(child_stack=0x108aa1d64000, flags=CLONE_VM|CLONE_FS|CLONE_FILES|CLONE_SIGHAND|CLONE_THREAD|CLONE_SYSVSEM) = 10334
10329 clone(child_stack=0x2583c9ea000, flags=CLONE_VM|CLONE_FS|CLONE_FILES|CLONE_SIGHAND|CLONE_THREAD|CLONE_SYSVSEM) = 10335
10329 clone(child_stack=0x2583ca22000, flags=CLONE_VM|CLONE_FS|CLONE_FILES|CLONE_SIGHAND|CLONE_THREAD|CLONE_SYSVSEM <unfinished ...>
10335 tgkill(10329, 10329, SIGURG)      = 0
10329 <... clone resumed>)              = 10336
10329 --- SIGURG {si_signo=SIGURG, si_code=SI_TKILL, si_pid=10329, si_uid=1001} ---
10335 tgkill(10329, 10329, SIGURG)      = 0
10329 --- SIGURG {si_signo=SIGURG, si_code=SI_TKILL, si_pid=10329, si_uid=1001} ---
10335 tgkill(10329, 10329, SIGURG)      = 0
10336 clone(child_stack=0x2583ca98000, flags=CLONE_VM|CLONE_FS|CLONE_FILES|CLONE_SIGHAND|CLONE_THREAD|CLONE_SYSVSEM) = 10337
10329 clone(child_stack=0x2583ca1e000, flags=CLONE_VM|CLONE_FS|CLONE_FILES|CLONE_SIGHAND|CLONE_THREAD|CLONE_SYSVSEM) = 10338
10329 --- SIGURG {si_signo=SIGURG, si_code=SI_TKILL, si_pid=10329, si_uid=1001} ---
10324 tgkill(10318, 10325, SIGURG <unfinished ...>
10325 --- SIGURG {si_signo=SIGURG, si_code=SI_TKILL, si_pid=10318, si_uid=1001} ---
10324 <... tgkill resumed>)             = 0
10330 tgkill(10323, 10323, SIGURG)      = 0
10323 --- SIGURG {si_signo=SIGURG, si_code=SI_TKILL, si_pid=10323, si_uid=1001} ---
9973  tgkill(9972, 9974, SIGURG)        = 0
9974  --- SIGURG {si_signo=SIGURG, si_code=SI_TKILL, si_pid=9972, si_uid=1001} ---
10329 exit_group(0)                     = ?
10338 +++ exited with 0 +++
10337 +++ exited with 0 +++
10336 +++ exited with 0 +++
10335 +++ exited with 0 +++
10329 +++ exited with 0 +++
9977  <... waitid resumed>{si_signo=SIGCHLD, si_code=CLD_EXITED, si_pid=10329, si_uid=1001, si_status=0, si_utime=0, si_stime=0}, WEXITED, {ru_utime={tv_sec=0, tv_usec=939}, ru_stime={tv_sec=0, tv_usec=5635}, ...}) = 0
9973  --- SIGCHLD {si_signo=SIGCHLD, si_code=CLD_EXITED, si_pid=10329, si_uid=1001, si_status=0, si_utime=0, si_stime=0} ---
10327 exit_group(0)                     = ?
10327 +++ exited with 0 +++
10328 +++ exited with 0 +++
10326 +++ exited with 0 +++
10324 +++ exited with 0 +++
10325 +++ exited with 0 +++
10318 +++ exited with 0 +++
9979  <... waitid resumed>{si_signo=SIGCHLD, si_code=CLD_EXITED, si_pid=10318, si_uid=1001, si_status=0, si_utime=0, si_stime=0}, WEXITED, {ru_utime={tv_sec=0, tv_usec=14128}, ru_stime={tv_sec=0, tv_usec=10868}, ...}) = 0
9979  --- SIGCHLD {si_signo=SIGCHLD, si_code=CLD_EXITED, si_pid=10318, si_uid=1001, si_status=0, si_utime=1 /* 0.01 s */, si_stime=1 /* 0.01 s */} ---
9972  clone(child_stack=NULL, flags=CLONE_VM|CLONE_PIDFD|CLONE_VFORK|SIGCHLD <unfinished ...>
10339 execve("/opt/hostedtoolcache/go/1.27.1/arm64/pkg/tool/linux_arm64/asm", ["/opt/hostedtoolcache/go/1.27.1/a"..., "-p", "math", "-trimpath", "/tmp/go-build3326039643/b040=>", "-I", "/tmp/go-build3326039643/b040/", "-I", "/opt/hostedtoolcache/go/1.27.1/a"..., "-D", "GOOS_linux", "-D", "GOARCH_arm64", "-std", "-o", "/tmp/go-build3326039643/b040/exp"..., "/opt/hostedtoolcache/go/1.27.1/a"...], 0x5bded65e4d88 /* 140 vars */ <unfinished ...>
9972  <... clone resumed>, parent_tid=[15]) = 10339
10339 <... execve resumed>)             = 0
9972  waitid(P_PIDFD, 15,  <unfinished ...>
9990  tgkill(9972, 9977, SIGURG <unfinished ...>
10330 tgkill(10323, 10332, SIGURG <unfinished ...>
9990  <... tgkill resumed>)             = 0
9977  --- SIGURG {si_signo=SIGURG, si_code=SI_TKILL, si_pid=9972, si_uid=1001} ---
10330 <... tgkill resumed>)             = 0
10332 --- SIGURG {si_signo=SIGURG, si_code=SI_TKILL, si_pid=10323, si_uid=1001} ---
9976  clone(child_stack=NULL, flags=CLONE_VM|CLONE_PIDFD|CLONE_VFORK|SIGCHLD <unfinished ...>
10339 clone(child_stack=0x61d12bb24000, flags=CLONE_VM|CLONE_FS|CLONE_FILES|CLONE_SIGHAND|CLONE_THREAD|CLONE_SYSVSEM) = 10341
10339 clone(child_stack=0x61d12bb5c000, flags=CLONE_VM|CLONE_FS|CLONE_FILES|CLONE_SIGHAND|CLONE_THREAD|CLONE_SYSVSEM) = 10342
10341 tgkill(10339, 10339, SIGURG)      = 0
10339 clone(child_stack=0x61d12bb58000, flags=CLONE_VM|CLONE_FS|CLONE_FILES|CLONE_SIGHAND|CLONE_THREAD|CLONE_SYSVSEM) = 10343
10339 --- SIGURG {si_signo=SIGURG, si_code=SI_TKILL, si_pid=10339, si_uid=1001} ---
10342 clone(child_stack=0x61d12bb98000, flags=CLONE_VM|CLONE_FS|CLONE_FILES|CLONE_SIGHAND|CLONE_THREAD|CLONE_SYSVSEM) = 10344
10344 clone(child_stack=0x61d12bb94000, flags=CLONE_VM|CLONE_FS|CLONE_FILES|CLONE_SIGHAND|CLONE_THREAD|CLONE_SYSVSEM) = 10345
10340 execve("/opt/hostedtoolcache/go/1.27.1/arm64/pkg/tool/linux_arm64/compile", ["/opt/hostedtoolcache/go/1.27.1/a"..., "-o", "/tmp/go-build3326039643/b063/_pk"..., "-trimpath", "/tmp/go-build3326039643/b063=>", "-p", "github.com/type-rb/type-rb-nativ"..., "-lang=go1.27", "-complete", "-buildid", "FIEekJaJO65XH1O3IH68/FIEekJaJO65"..., "-goversion", "go1.27.1", "-c=4", "-nolocalimports", "-importcfg", "/tmp/go-build3326039643/b063/imp"..., "-pack", "/tmp/trb-build-3546702601/trb/st"...], 0x5bded622a008 /* 140 vars */ <unfinished ...>
9976  <... clone resumed>, parent_tid=[7]) = 10340
10340 <... execve resumed>)             = 0
9976  waitid(P_PIDFD, 7,  <unfinished ...>
10339 exit_group(0)                     = ?
10345 +++ exited with 0 +++
10344 +++ exited with 0 +++
10343 +++ exited with 0 +++
10342 +++ exited with 0 +++
10341 +++ exited with 0 +++
10339 +++ exited with 0 +++
9972  <... waitid resumed>{si_signo=SIGCHLD, si_code=CLD_EXITED, si_pid=10339, si_uid=1001, si_status=0, si_utime=0, si_stime=0}, WEXITED, {ru_utime={tv_sec=0, tv_usec=1629}, ru_stime={tv_sec=0, tv_usec=4887}, ...}) = 0
9979  --- SIGCHLD {si_signo=SIGCHLD, si_code=CLD_EXITED, si_pid=10339, si_uid=1001, si_status=0, si_utime=0, si_stime=0} ---
9979  clone(child_stack=NULL, flags=CLONE_VM|CLONE_PIDFD|CLONE_VFORK|SIGCHLD <unfinished ...>
10340 clone(child_stack=0x7294c2210000, flags=CLONE_VM|CLONE_FS|CLONE_FILES|CLONE_SIGHAND|CLONE_THREAD|CLONE_SYSVSEM) = 10347
10346 execve("/opt/hostedtoolcache/go/1.27.1/arm64/pkg/tool/linux_arm64/asm", ["/opt/hostedtoolcache/go/1.27.1/a"..., "-p", "math", "-trimpath", "/tmp/go-build3326039643/b040=>", "-I", "/tmp/go-build3326039643/b040/", "-I", "/opt/hostedtoolcache/go/1.27.1/a"..., "-D", "GOOS_linux", "-D", "GOARCH_arm64", "-std", "-o", "/tmp/go-build3326039643/b040/flo"..., "/opt/hostedtoolcache/go/1.27.1/a"...], 0x5bded628e488 /* 140 vars */ <unfinished ...>
9979  <... clone resumed>, parent_tid=[17]) = 10346
10346 <... execve resumed>)             = 0
10340 clone(child_stack=0x7294c2248000, flags=CLONE_VM|CLONE_FS|CLONE_FILES|CLONE_SIGHAND|CLONE_THREAD|CLONE_SYSVSEM) = 10348
10347 tgkill(10340, 10340, SIGURG)      = 0
10340 clone(child_stack=0x7294c2244000, flags=CLONE_VM|CLONE_FS|CLONE_FILES|CLONE_SIGHAND|CLONE_THREAD|CLONE_SYSVSEM) = 10349
9979  waitid(P_PIDFD, 17,  <unfinished ...>
10340 --- SIGURG {si_signo=SIGURG, si_code=SI_TKILL, si_pid=10340, si_uid=1001} ---
10348 clone(child_stack=0x7294c2298000, flags=CLONE_VM|CLONE_FS|CLONE_FILES|CLONE_SIGHAND|CLONE_THREAD|CLONE_SYSVSEM) = 10350
10330 tgkill(10323, 10334, SIGURG <unfinished ...>
10334 --- SIGURG {si_signo=SIGURG, si_code=SI_TKILL, si_pid=10323, si_uid=1001} ---
10330 <... tgkill resumed>)             = 0
9973  tgkill(9972, 9977, SIGURG)        = 0
9977  --- SIGURG {si_signo=SIGURG, si_code=SI_TKILL, si_pid=9972, si_uid=1001} ---
10346 clone(child_stack=0xe7a5723c000, flags=CLONE_VM|CLONE_FS|CLONE_FILES|CLONE_SIGHAND|CLONE_THREAD|CLONE_SYSVSEM) = 10351
10346 clone(child_stack=0xe7a57274000, flags=CLONE_VM|CLONE_FS|CLONE_FILES|CLONE_SIGHAND|CLONE_THREAD|CLONE_SYSVSEM) = 10352
10346 clone(child_stack=0xe7a57270000, flags=CLONE_VM|CLONE_FS|CLONE_FILES|CLONE_SIGHAND|CLONE_THREAD|CLONE_SYSVSEM) = 10353
10352 clone(child_stack=0xe7a572a0000, flags=CLONE_VM|CLONE_FS|CLONE_FILES|CLONE_SIGHAND|CLONE_THREAD|CLONE_SYSVSEM) = 10354
10346 clone(child_stack=0xe7a5729c000, flags=CLONE_VM|CLONE_FS|CLONE_FILES|CLONE_SIGHAND|CLONE_THREAD|CLONE_SYSVSEM) = 10355
10340 exit_group(0)                     = ?
10348 +++ exited with 0 +++
10349 +++ exited with 0 +++
10350 +++ exited with 0 +++
10347 +++ exited with 0 +++
10340 +++ exited with 0 +++
9973  --- SIGCHLD {si_signo=SIGCHLD, si_code=CLD_EXITED, si_pid=10340, si_uid=1001, si_status=0, si_utime=0, si_stime=0} ---
9976  <... waitid resumed>{si_signo=SIGCHLD, si_code=CLD_EXITED, si_pid=10340, si_uid=1001, si_status=0, si_utime=0, si_stime=0}, WEXITED, {ru_utime={tv_sec=0, tv_usec=7463}, ru_stime={tv_sec=0, tv_usec=3731}, ...}) = 0
9974  tgkill(9972, 9976, SIGURG)        = 0
9976  --- SIGURG {si_signo=SIGURG, si_code=SI_TKILL, si_pid=9972, si_uid=1001} ---
9978  tgkill(9972, 9974, SIGURG)        = 0
9974  --- SIGURG {si_signo=SIGURG, si_code=SI_TKILL, si_pid=9972, si_uid=1001} ---
10346 exit_group(0)                     = ?
10352 +++ exited with 0 +++
10354 +++ exited with 0 +++
10353 +++ exited with 0 +++
10351 +++ exited with 0 +++
10355 +++ exited with 0 +++
10346 +++ exited with 0 +++
9979  <... waitid resumed>{si_signo=SIGCHLD, si_code=CLD_EXITED, si_pid=10346, si_uid=1001, si_status=0, si_utime=0, si_stime=0}, WEXITED, {ru_utime={tv_sec=0, tv_usec=1268}, ru_stime={tv_sec=0, tv_usec=5075}, ...}) = 0
9973  --- SIGCHLD {si_signo=SIGCHLD, si_code=CLD_EXITED, si_pid=10346, si_uid=1001, si_status=0, si_utime=0, si_stime=0} ---
10330 tgkill(10323, 10334, SIGURG <unfinished ...>
10334 --- SIGURG {si_signo=SIGURG, si_code=SI_TKILL, si_pid=10323, si_uid=1001} ---
10330 <... tgkill resumed>)             = 0
9978  tgkill(9972, 9979, SIGURG)        = 0
9979  --- SIGURG {si_signo=SIGURG, si_code=SI_TKILL, si_pid=9972, si_uid=1001} ---
9978  tgkill(9972, 9979, SIGURG)        = 0
9979  --- SIGURG {si_signo=SIGURG, si_code=SI_TKILL, si_pid=9972, si_uid=1001} ---
9978  tgkill(9972, 9972, SIGURG)        = 0
9972  --- SIGURG {si_signo=SIGURG, si_code=SI_TKILL, si_pid=9972, si_uid=1001} ---
10330 tgkill(10323, 10334, SIGURG <unfinished ...>
10334 --- SIGURG {si_signo=SIGURG, si_code=SI_TKILL, si_pid=10323, si_uid=1001} ---
10330 <... tgkill resumed>)             = 0
9973  tgkill(9972, 9979, SIGURG)        = 0
9979  --- SIGURG {si_signo=SIGURG, si_code=SI_TKILL, si_pid=9972, si_uid=1001} ---
9973  tgkill(9972, 9979, SIGURG)        = 0
9979  --- SIGURG {si_signo=SIGURG, si_code=SI_TKILL, si_pid=9972, si_uid=1001} ---
10330 tgkill(10323, 10334, SIGURG <unfinished ...>
10334 --- SIGURG {si_signo=SIGURG, si_code=SI_TKILL, si_pid=10323, si_uid=1001} ---
10330 <... tgkill resumed>)             = 0
10334 exit_group(0)                     = ?
10334 +++ exited with 0 +++
10331 +++ exited with 0 +++
10333 +++ exited with 0 +++
10332 +++ exited with 0 +++
9976  clone(child_stack=NULL, flags=CLONE_VM|CLONE_PIDFD|CLONE_VFORK|SIGCHLD <unfinished ...>
10356 execve("/opt/hostedtoolcache/go/1.27.1/arm64/pkg/tool/linux_arm64/asm", ["/opt/hostedtoolcache/go/1.27.1/a"..., "-p", "runtime", "-trimpath", "/tmp/go-build3326039643/b009=>", "-I", "/tmp/go-build3326039643/b009/", "-I", "/opt/hostedtoolcache/go/1.27.1/a"..., "-D", "GOOS_linux", "-D", "GOARCH_arm64", "-std", "-gensymabis", "-o", "/tmp/go-build3326039643/b009/sym"..., "/opt/hostedtoolcache/go/1.27.1/a"..., "/opt/hostedtoolcache/go/1.27.1/a"..., "/opt/hostedtoolcache/go/1.27.1/a"..., "/opt/hostedtoolcache/go/1.27.1/a"..., "/opt/hostedtoolcache/go/1.27.1/a"..., "/opt/hostedtoolcache/go/1.27.1/a"..., "/opt/hostedtoolcache/go/1.27.1/a"..., "/opt/hostedtoolcache/go/1.27.1/a"..., "/opt/hostedtoolcache/go/1.27.1/a"..., "/opt/hostedtoolcache/go/1.27.1/a"..., "/opt/hostedtoolcache/go/1.27.1/a"...], 0x5bded628e488 /* 140 vars */ <unfinished ...>
9976  <... clone resumed>, parent_tid=[13]) = 10356
10356 <... execve resumed>)             = 0
9976  waitid(P_PIDFD, 13,  <unfinished ...>
10330 +++ exited with 0 +++
10323 +++ exited with 0 +++
10077 <... waitid resumed>{si_signo=SIGCHLD, si_code=CLD_EXITED, si_pid=10323, si_uid=1001, si_status=0, si_utime=0, si_stime=0}, WEXITED, {ru_utime={tv_sec=0, tv_usec=99776}, ru_stime={tv_sec=0, tv_usec=20156}, ...}) = 0
9974  --- SIGCHLD {si_signo=SIGCHLD, si_code=CLD_EXITED, si_pid=10323, si_uid=1001, si_status=0, si_utime=9 /* 0.09 s */, si_stime=2 /* 0.02 s */} ---
10356 clone(child_stack=0x621d38e12000, flags=CLONE_VM|CLONE_FS|CLONE_FILES|CLONE_SIGHAND|CLONE_THREAD|CLONE_SYSVSEM) = 10357
10356 clone(child_stack=0x621d38e4a000, flags=CLONE_VM|CLONE_FS|CLONE_FILES|CLONE_SIGHAND|CLONE_THREAD|CLONE_SYSVSEM) = 10358
10356 clone(child_stack=0x621d38e46000, flags=CLONE_VM|CLONE_FS|CLONE_FILES|CLONE_SIGHAND|CLONE_THREAD|CLONE_SYSVSEM) = 10359
10358 clone(child_stack=0x621d38e98000, flags=CLONE_VM|CLONE_FS|CLONE_FILES|CLONE_SIGHAND|CLONE_THREAD|CLONE_SYSVSEM) = 10360
10357 tgkill(10356, 10356, SIGURG)      = 0
10356 --- SIGURG {si_signo=SIGURG, si_code=SI_TKILL, si_pid=10356, si_uid=1001} ---
10356 exit_group(0)                     = ?
10358 +++ exited with 0 +++
10357 +++ exited with 0 +++
10360 +++ exited with 0 +++
10359 +++ exited with 0 +++
10356 +++ exited with 0 +++
10077 --- SIGCHLD {si_signo=SIGCHLD, si_code=CLD_EXITED, si_pid=10356, si_uid=1001, si_status=0, si_utime=0, si_stime=1 /* 0.01 s */} ---
9976  <... waitid resumed>{si_signo=SIGCHLD, si_code=CLD_EXITED, si_pid=10356, si_uid=1001, si_status=0, si_utime=0, si_stime=0}, WEXITED, {ru_utime={tv_sec=0, tv_usec=4427}, ru_stime={tv_sec=0, tv_usec=14390}, ...}) = 0
10077 clone(child_stack=NULL, flags=CLONE_VM|CLONE_PIDFD|CLONE_VFORK|SIGCHLD <unfinished ...>
9979  tgkill(9972, 10077, SIGURG)       = 0
10361 execve("/opt/hostedtoolcache/go/1.27.1/arm64/pkg/tool/linux_arm64/compile", ["/opt/hostedtoolcache/go/1.27.1/a"..., "-o", "/tmp/go-build3326039643/b009/_pk"..., "-trimpath", "/tmp/go-build3326039643/b009=>", "-p", "runtime", "-lang=go1.27", "-std", "-buildid", "MLVzQWnOxD5-8U6ingaq/MLVzQWnOxD5"..., "-goversion", "go1.27.1", "-symabis", "/tmp/go-build3326039643/b009/sym"..., "-c=4", "-nolocalimports", "-importcfg", "/tmp/go-build3326039643/b009/imp"..., "-pack", "-asmhdr", "/tmp/go-build3326039643/b009/go_"..., "/opt/hostedtoolcache/go/1.27.1/a"..., "/opt/hostedtoolcache/go/1.27.1/a"..., "/opt/hostedtoolcache/go/1.27.1/a"..., "/opt/hostedtoolcache/go/1.27.1/a"..., "/opt/hostedtoolcache/go/1.27.1/a"..., "/opt/hostedtoolcache/go/1.27.1/a"..., "/opt/hostedtoolcache/go/1.27.1/a"..., "/opt/hostedtoolcache/go/1.27.1/a"..., "/opt/hostedtoolcache/go/1.27.1/a"..., "/opt/hostedtoolcache/go/1.27.1/a"..., ...], 0x5bded622ad88 /* 140 vars */ <unfinished ...>
10077 <... clone resumed>, parent_tid=[12]) = 10361
10077 --- SIGURG {si_signo=SIGURG, si_code=SI_TKILL, si_pid=9972, si_uid=1001} ---
10361 <... execve resumed>)             = 0
9979  tgkill(9972, 10077, SIGURG)       = 0
10077 --- SIGURG {si_signo=SIGURG, si_code=SI_TKILL, si_pid=9972, si_uid=1001} ---
10077 tgkill(9972, 9979, SIGURG)        = 0
9979  --- SIGURG {si_signo=SIGURG, si_code=SI_TKILL, si_pid=9972, si_uid=1001} ---
10077 tgkill(9972, 9974, SIGURG)        = 0
9974  --- SIGURG {si_signo=SIGURG, si_code=SI_TKILL, si_pid=9972, si_uid=1001} ---
9974  waitid(P_PIDFD, 12,  <unfinished ...>
10361 clone(child_stack=0x32e3154b6000, flags=CLONE_VM|CLONE_FS|CLONE_FILES|CLONE_SIGHAND|CLONE_THREAD|CLONE_SYSVSEM) = 10362
10361 clone(child_stack=0x32e3154ee000, flags=CLONE_VM|CLONE_FS|CLONE_FILES|CLONE_SIGHAND|CLONE_THREAD|CLONE_SYSVSEM) = 10363
10362 tgkill(10361, 10361, SIGURG <unfinished ...>
10361 clone(child_stack=0x32e3154ea000, flags=CLONE_VM|CLONE_FS|CLONE_FILES|CLONE_SIGHAND|CLONE_THREAD|CLONE_SYSVSEM <unfinished ...>
10362 <... tgkill resumed>)             = 0
10361 <... clone resumed>)              = 10364
10361 --- SIGURG {si_signo=SIGURG, si_code=SI_TKILL, si_pid=10361, si_uid=1001} ---
10363 clone(child_stack=0x32e315518000, flags=CLONE_VM|CLONE_FS|CLONE_FILES|CLONE_SIGHAND|CLONE_THREAD|CLONE_SYSVSEM) = 10365
10363 clone(child_stack=0x32e315514000, flags=CLONE_VM|CLONE_FS|CLONE_FILES|CLONE_SIGHAND|CLONE_THREAD|CLONE_SYSVSEM) = 10366
10362 tgkill(10361, 10366, SIGURG)      = 0
10366 --- SIGURG {si_signo=SIGURG, si_code=SI_TKILL, si_pid=10361, si_uid=1001} ---
10362 tgkill(10361, 10363, SIGURG)      = 0
10363 --- SIGURG {si_signo=SIGURG, si_code=SI_TKILL, si_pid=10361, si_uid=1001} ---
10362 tgkill(10361, 10365, SIGURG)      = 0
10365 --- SIGURG {si_signo=SIGURG, si_code=SI_TKILL, si_pid=10361, si_uid=1001} ---
10362 tgkill(10361, 10366, SIGURG)      = 0
10366 --- SIGURG {si_signo=SIGURG, si_code=SI_TKILL, si_pid=10361, si_uid=1001} ---
10362 tgkill(10361, 10366, SIGURG <unfinished ...>
10366 --- SIGURG {si_signo=SIGURG, si_code=SI_TKILL, si_pid=10361, si_uid=1001} ---
10362 <... tgkill resumed>)             = 0
10362 tgkill(10361, 10364, SIGURG <unfinished ...>
10364 --- SIGURG {si_signo=SIGURG, si_code=SI_TKILL, si_pid=10361, si_uid=1001} ---
10362 <... tgkill resumed>)             = 0
10362 tgkill(10361, 10366, SIGURG)      = 0
10366 --- SIGURG {si_signo=SIGURG, si_code=SI_TKILL, si_pid=10361, si_uid=1001} ---
10362 tgkill(10361, 10364, SIGURG <unfinished ...>
10364 --- SIGURG {si_signo=SIGURG, si_code=SI_TKILL, si_pid=10361, si_uid=1001} ---
10362 <... tgkill resumed>)             = 0
10362 tgkill(10361, 10364, SIGURG <unfinished ...>
10364 --- SIGURG {si_signo=SIGURG, si_code=SI_TKILL, si_pid=10361, si_uid=1001} ---
10362 <... tgkill resumed>)             = 0
10364 tgkill(10361, 10366, SIGURG)      = 0
10366 --- SIGURG {si_signo=SIGURG, si_code=SI_TKILL, si_pid=10361, si_uid=1001} ---
10364 tgkill(10361, 10365, SIGURG <unfinished ...>
10365 --- SIGURG {si_signo=SIGURG, si_code=SI_TKILL, si_pid=10361, si_uid=1001} ---
10364 <... tgkill resumed>)             = 0
10364 tgkill(10361, 10361, SIGURG)      = 0
10361 --- SIGURG {si_signo=SIGURG, si_code=SI_TKILL, si_pid=10361, si_uid=1001} ---
10364 tgkill(10361, 10361, SIGURG)      = 0
10361 --- SIGURG {si_signo=SIGURG, si_code=SI_TKILL, si_pid=10361, si_uid=1001} ---
10362 tgkill(10361, 10361, SIGURG)      = 0
10361 --- SIGURG {si_signo=SIGURG, si_code=SI_TKILL, si_pid=10361, si_uid=1001} ---
10362 tgkill(10361, 10366, SIGURG)      = 0
10366 --- SIGURG {si_signo=SIGURG, si_code=SI_TKILL, si_pid=10361, si_uid=1001} ---
10362 tgkill(10361, 10361, SIGURG)      = 0
10361 --- SIGURG {si_signo=SIGURG, si_code=SI_TKILL, si_pid=10361, si_uid=1001} ---
10362 tgkill(10361, 10366, SIGURG)      = 0
10366 --- SIGURG {si_signo=SIGURG, si_code=SI_TKILL, si_pid=10361, si_uid=1001} ---
10362 tgkill(10361, 10361, SIGURG)      = 0
10361 --- SIGURG {si_signo=SIGURG, si_code=SI_TKILL, si_pid=10361, si_uid=1001} ---
10362 tgkill(10361, 10361, SIGURG)      = 0
10361 --- SIGURG {si_signo=SIGURG, si_code=SI_TKILL, si_pid=10361, si_uid=1001} ---
10362 tgkill(10361, 10366, SIGURG <unfinished ...>
10366 --- SIGURG {si_signo=SIGURG, si_code=SI_TKILL, si_pid=10361, si_uid=1001} ---
10362 <... tgkill resumed>)             = 0
10361 tgkill(10361, 10366, SIGURG)      = 0
10366 --- SIGURG {si_signo=SIGURG, si_code=SI_TKILL, si_pid=10361, si_uid=1001} ---
10365 tgkill(10361, 10361, SIGURG)      = 0
10361 --- SIGURG {si_signo=SIGURG, si_code=SI_TKILL, si_pid=10361, si_uid=1001} ---
10365 tgkill(10361, 10361, SIGURG)      = 0
10361 --- SIGURG {si_signo=SIGURG, si_code=SI_TKILL, si_pid=10361, si_uid=1001} ---
10365 tgkill(10361, 10364, SIGURG)      = 0
10364 --- SIGURG {si_signo=SIGURG, si_code=SI_TKILL, si_pid=10361, si_uid=1001} ---
10365 tgkill(10361, 10366, SIGURG)      = 0
10366 --- SIGURG {si_signo=SIGURG, si_code=SI_TKILL, si_pid=10361, si_uid=1001} ---
10364 tgkill(10361, 10366, SIGURG)      = 0
10366 --- SIGURG {si_signo=SIGURG, si_code=SI_TKILL, si_pid=10361, si_uid=1001} ---
10365 tgkill(10361, 10364, SIGURG)      = 0
10364 --- SIGURG {si_signo=SIGURG, si_code=SI_TKILL, si_pid=10361, si_uid=1001} ---
10365 tgkill(10361, 10366, SIGURG)      = 0
10366 --- SIGURG {si_signo=SIGURG, si_code=SI_TKILL, si_pid=10361, si_uid=1001} ---
10365 tgkill(10361, 10361, SIGURG)      = 0
10361 --- SIGURG {si_signo=SIGURG, si_code=SI_TKILL, si_pid=10361, si_uid=1001} ---
10365 tgkill(10361, 10364, SIGURG)      = 0
10364 --- SIGURG {si_signo=SIGURG, si_code=SI_TKILL, si_pid=10361, si_uid=1001} ---
10365 tgkill(10361, 10366, SIGURG)      = 0
10366 --- SIGURG {si_signo=SIGURG, si_code=SI_TKILL, si_pid=10361, si_uid=1001} ---
10362 tgkill(10361, 10366, SIGURG)      = 0
10366 --- SIGURG {si_signo=SIGURG, si_code=SI_TKILL, si_pid=10361, si_uid=1001} ---
10362 tgkill(10361, 10361, SIGURG)      = 0
10361 --- SIGURG {si_signo=SIGURG, si_code=SI_TKILL, si_pid=10361, si_uid=1001} ---
10363 tgkill(10361, 10366, SIGURG <unfinished ...>
10366 --- SIGURG {si_signo=SIGURG, si_code=SI_TKILL, si_pid=10361, si_uid=1001} ---
10363 <... tgkill resumed>)             = 0
10366 tgkill(10361, 10364, SIGURG)      = 0
10364 --- SIGURG {si_signo=SIGURG, si_code=SI_TKILL, si_pid=10361, si_uid=1001} ---
10361 tgkill(10361, 10363, SIGURG)      = 0
10363 --- SIGURG {si_signo=SIGURG, si_code=SI_TKILL, si_pid=10361, si_uid=1001} ---
10361 tgkill(10361, 10366, SIGURG)      = 0
10366 --- SIGURG {si_signo=SIGURG, si_code=SI_TKILL, si_pid=10361, si_uid=1001} ---
10361 tgkill(10361, 10363, SIGURG)      = 0
10363 --- SIGURG {si_signo=SIGURG, si_code=SI_TKILL, si_pid=10361, si_uid=1001} ---
10361 tgkill(10361, 10364, SIGURG)      = 0
10364 --- SIGURG {si_signo=SIGURG, si_code=SI_TKILL, si_pid=10361, si_uid=1001} ---
10362 tgkill(10361, 10364, SIGURG)      = 0
10364 --- SIGURG {si_signo=SIGURG, si_code=SI_TKILL, si_pid=10361, si_uid=1001} ---
10362 tgkill(10361, 10361, SIGURG)      = 0
10361 --- SIGURG {si_signo=SIGURG, si_code=SI_TKILL, si_pid=10361, si_uid=1001} ---
10362 tgkill(10361, 10366, SIGURG)      = 0
10366 --- SIGURG {si_signo=SIGURG, si_code=SI_TKILL, si_pid=10361, si_uid=1001} ---
10362 tgkill(10361, 10361, SIGURG)      = 0
10361 --- SIGURG {si_signo=SIGURG, si_code=SI_TKILL, si_pid=10361, si_uid=1001} ---
10363 tgkill(10361, 10366, SIGURG <unfinished ...>
10366 tgkill(10361, 10364, SIGURG)      = 0
10363 <... tgkill resumed>)             = 0
10364 --- SIGURG {si_signo=SIGURG, si_code=SI_TKILL, si_pid=10361, si_uid=1001} ---
10366 --- SIGURG {si_signo=SIGURG, si_code=SI_TKILL, si_pid=10361, si_uid=1001} ---
10364 tgkill(10361, 10363, SIGURG)      = 0
10363 --- SIGURG {si_signo=SIGURG, si_code=SI_TKILL, si_pid=10361, si_uid=1001} ---
10364 tgkill(10361, 10363, SIGURG)      = 0
10363 --- SIGURG {si_signo=SIGURG, si_code=SI_TKILL, si_pid=10361, si_uid=1001} ---
10364 tgkill(10361, 10366, SIGURG)      = 0
10366 --- SIGURG {si_signo=SIGURG, si_code=SI_TKILL, si_pid=10361, si_uid=1001} ---
10364 tgkill(10361, 10361, SIGURG)      = 0
10361 --- SIGURG {si_signo=SIGURG, si_code=SI_TKILL, si_pid=10361, si_uid=1001} ---
10364 tgkill(10361, 10366, SIGURG)      = 0
10366 --- SIGURG {si_signo=SIGURG, si_code=SI_TKILL, si_pid=10361, si_uid=1001} ---
10362 tgkill(10361, 10366, SIGURG)      = 0
10366 --- SIGURG {si_signo=SIGURG, si_code=SI_TKILL, si_pid=10361, si_uid=1001} ---
10362 tgkill(10361, 10363, SIGURG <unfinished ...>
10363 --- SIGURG {si_signo=SIGURG, si_code=SI_TKILL, si_pid=10361, si_uid=1001} ---
10362 <... tgkill resumed>)             = 0
10362 tgkill(10361, 10364, SIGURG)      = 0
10364 --- SIGURG {si_signo=SIGURG, si_code=SI_TKILL, si_pid=10361, si_uid=1001} ---
10362 tgkill(10361, 10361, SIGURG)      = 0
10361 --- SIGURG {si_signo=SIGURG, si_code=SI_TKILL, si_pid=10361, si_uid=1001} ---
10362 tgkill(10361, 10361, SIGURG)      = 0
10361 --- SIGURG {si_signo=SIGURG, si_code=SI_TKILL, si_pid=10361, si_uid=1001} ---
10366 tgkill(10361, 10364, SIGURG)      = 0
10364 --- SIGURG {si_signo=SIGURG, si_code=SI_TKILL, si_pid=10361, si_uid=1001} ---
10362 tgkill(10361, 10361, SIGURG)      = 0
10361 --- SIGURG {si_signo=SIGURG, si_code=SI_TKILL, si_pid=10361, si_uid=1001} ---
10362 tgkill(10361, 10366, SIGURG <unfinished ...>
10366 --- SIGURG {si_signo=SIGURG, si_code=SI_TKILL, si_pid=10361, si_uid=1001} ---
10362 <... tgkill resumed>)             = 0
10362 tgkill(10361, 10363, SIGURG <unfinished ...>
10363 --- SIGURG {si_signo=SIGURG, si_code=SI_TKILL, si_pid=10361, si_uid=1001} ---
10362 <... tgkill resumed>)             = 0
10363 tgkill(10361, 10366, SIGURG)      = 0
10366 --- SIGURG {si_signo=SIGURG, si_code=SI_TKILL, si_pid=10361, si_uid=1001} ---
10366 tgkill(10361, 10361, SIGURG)      = 0
10361 --- SIGURG {si_signo=SIGURG, si_code=SI_TKILL, si_pid=10361, si_uid=1001} ---
10366 tgkill(10361, 10363, SIGURG)      = 0
10363 --- SIGURG {si_signo=SIGURG, si_code=SI_TKILL, si_pid=10361, si_uid=1001} ---
10366 tgkill(10361, 10364, SIGURG)      = 0
10364 --- SIGURG {si_signo=SIGURG, si_code=SI_TKILL, si_pid=10361, si_uid=1001} ---
10366 tgkill(10361, 10364, SIGURG)      = 0
10364 --- SIGURG {si_signo=SIGURG, si_code=SI_TKILL, si_pid=10361, si_uid=1001} ---
10362 tgkill(10361, 10364, SIGURG <unfinished ...>
10364 --- SIGURG {si_signo=SIGURG, si_code=SI_TKILL, si_pid=10361, si_uid=1001} ---
10362 <... tgkill resumed>)             = 0
10362 tgkill(10361, 10364, SIGURG)      = 0
10364 --- SIGURG {si_signo=SIGURG, si_code=SI_TKILL, si_pid=10361, si_uid=1001} ---
10362 tgkill(10361, 10363, SIGURG)      = 0
10363 --- SIGURG {si_signo=SIGURG, si_code=SI_TKILL, si_pid=10361, si_uid=1001} ---
10362 tgkill(10361, 10364, SIGURG)      = 0
10364 --- SIGURG {si_signo=SIGURG, si_code=SI_TKILL, si_pid=10361, si_uid=1001} ---
10362 tgkill(10361, 10363, SIGURG)      = 0
10363 --- SIGURG {si_signo=SIGURG, si_code=SI_TKILL, si_pid=10361, si_uid=1001} ---
10362 tgkill(10361, 10364, SIGURG)      = 0
10364 --- SIGURG {si_signo=SIGURG, si_code=SI_TKILL, si_pid=10361, si_uid=1001} ---
10362 tgkill(10361, 10363, SIGURG)      = 0
10363 --- SIGURG {si_signo=SIGURG, si_code=SI_TKILL, si_pid=10361, si_uid=1001} ---
10362 tgkill(10361, 10364, SIGURG <unfinished ...>
10364 --- SIGURG {si_signo=SIGURG, si_code=SI_TKILL, si_pid=10361, si_uid=1001} ---
10362 <... tgkill resumed>)             = 0
10362 tgkill(10361, 10363, SIGURG <unfinished ...>
10363 --- SIGURG {si_signo=SIGURG, si_code=SI_TKILL, si_pid=10361, si_uid=1001} ---
10362 <... tgkill resumed>)             = 0
10366 tgkill(10361, 10363, SIGURG)      = 0
10363 --- SIGURG {si_signo=SIGURG, si_code=SI_TKILL, si_pid=10361, si_uid=1001} ---
10362 tgkill(10361, 10363, SIGURG <unfinished ...>
10363 --- SIGURG {si_signo=SIGURG, si_code=SI_TKILL, si_pid=10361, si_uid=1001} ---
10362 <... tgkill resumed>)             = 0
10362 tgkill(10361, 10364, SIGURG)      = 0
10364 --- SIGURG {si_signo=SIGURG, si_code=SI_TKILL, si_pid=10361, si_uid=1001} ---
10362 tgkill(10361, 10366, SIGURG <unfinished ...>
10366 --- SIGURG {si_signo=SIGURG, si_code=SI_TKILL, si_pid=10361, si_uid=1001} ---
10362 <... tgkill resumed>)             = 0
10362 tgkill(10361, 10361, SIGURG)      = 0
10361 --- SIGURG {si_signo=SIGURG, si_code=SI_TKILL, si_pid=10361, si_uid=1001} ---
10364 tgkill(10361, 10366, SIGURG)      = 0
10366 --- SIGURG {si_signo=SIGURG, si_code=SI_TKILL, si_pid=10361, si_uid=1001} ---
10364 tgkill(10361, 10366, SIGURG)      = 0
10366 --- SIGURG {si_signo=SIGURG, si_code=SI_TKILL, si_pid=10361, si_uid=1001} ---
10364 tgkill(10361, 10363, SIGURG)      = 0
10363 --- SIGURG {si_signo=SIGURG, si_code=SI_TKILL, si_pid=10361, si_uid=1001} ---
10364 tgkill(10361, 10363, SIGURG)      = 0
10363 --- SIGURG {si_signo=SIGURG, si_code=SI_TKILL, si_pid=10361, si_uid=1001} ---
10362 tgkill(10361, 10363, SIGURG <unfinished ...>
10363 --- SIGURG {si_signo=SIGURG, si_code=SI_TKILL, si_pid=10361, si_uid=1001} ---
10362 <... tgkill resumed>)             = 0
10362 tgkill(10361, 10364, SIGURG)      = 0
10364 --- SIGURG {si_signo=SIGURG, si_code=SI_TKILL, si_pid=10361, si_uid=1001} ---
10362 tgkill(10361, 10361, SIGURG)      = 0
10361 --- SIGURG {si_signo=SIGURG, si_code=SI_TKILL, si_pid=10361, si_uid=1001} ---
10362 tgkill(10361, 10364, SIGURG)      = 0
10364 --- SIGURG {si_signo=SIGURG, si_code=SI_TKILL, si_pid=10361, si_uid=1001} ---
10362 tgkill(10361, 10361, SIGURG)      = 0
10361 --- SIGURG {si_signo=SIGURG, si_code=SI_TKILL, si_pid=10361, si_uid=1001} ---
10361 tgkill(10361, 10363, SIGURG)      = 0
10363 --- SIGURG {si_signo=SIGURG, si_code=SI_TKILL, si_pid=10361, si_uid=1001} ---
10364 tgkill(10361, 10363, SIGURG)      = 0
10363 --- SIGURG {si_signo=SIGURG, si_code=SI_TKILL, si_pid=10361, si_uid=1001} ---
10364 tgkill(10361, 10361, SIGURG)      = 0
10361 --- SIGURG {si_signo=SIGURG, si_code=SI_TKILL, si_pid=10361, si_uid=1001} ---
10364 tgkill(10361, 10366, SIGURG <unfinished ...>
10366 --- SIGURG {si_signo=SIGURG, si_code=SI_TKILL, si_pid=10361, si_uid=1001} ---
10364 <... tgkill resumed>)             = 0
10362 tgkill(10361, 10363, SIGURG <unfinished ...>
10363 --- SIGURG {si_signo=SIGURG, si_code=SI_TKILL, si_pid=10361, si_uid=1001} ---
10362 <... tgkill resumed>)             = 0
10362 tgkill(10361, 10364, SIGURG <unfinished ...>
10364 --- SIGURG {si_signo=SIGURG, si_code=SI_TKILL, si_pid=10361, si_uid=1001} ---
10362 <... tgkill resumed>)             = 0
10362 tgkill(10361, 10366, SIGURG <unfinished ...>
10366 --- SIGURG {si_signo=SIGURG, si_code=SI_TKILL, si_pid=10361, si_uid=1001} ---
10362 <... tgkill resumed>)             = 0
10362 tgkill(10361, 10361, SIGURG)      = 0
10361 --- SIGURG {si_signo=SIGURG, si_code=SI_TKILL, si_pid=10361, si_uid=1001} ---
10362 tgkill(10361, 10364, SIGURG <unfinished ...>
10364 --- SIGURG {si_signo=SIGURG, si_code=SI_TKILL, si_pid=10361, si_uid=1001} ---
10362 <... tgkill resumed>)             = 0
10362 tgkill(10361, 10364, SIGURG <unfinished ...>
10364 --- SIGURG {si_signo=SIGURG, si_code=SI_TKILL, si_pid=10361, si_uid=1001} ---
10362 <... tgkill resumed>)             = 0
10362 tgkill(10361, 10366, SIGURG <unfinished ...>
10366 --- SIGURG {si_signo=SIGURG, si_code=SI_TKILL, si_pid=10361, si_uid=1001} ---
10362 <... tgkill resumed>)             = 0
10362 tgkill(10361, 10361, SIGURG)      = 0
10361 --- SIGURG {si_signo=SIGURG, si_code=SI_TKILL, si_pid=10361, si_uid=1001} ---
10362 tgkill(10361, 10363, SIGURG)      = 0
10363 --- SIGURG {si_signo=SIGURG, si_code=SI_TKILL, si_pid=10361, si_uid=1001} ---
10362 tgkill(10361, 10364, SIGURG <unfinished ...>
10364 --- SIGURG {si_signo=SIGURG, si_code=SI_TKILL, si_pid=10361, si_uid=1001} ---
10362 <... tgkill resumed>)             = 0
10364 tgkill(10361, 10363, SIGURG)      = 0
10363 --- SIGURG {si_signo=SIGURG, si_code=SI_TKILL, si_pid=10361, si_uid=1001} ---
10364 tgkill(10361, 10366, SIGURG)      = 0
10364 tgkill(10361, 10361, SIGURG <unfinished ...>
10366 --- SIGURG {si_signo=SIGURG, si_code=SI_TKILL, si_pid=10361, si_uid=1001} ---
10364 <... tgkill resumed>)             = 0
10361 --- SIGURG {si_signo=SIGURG, si_code=SI_TKILL, si_pid=10361, si_uid=1001} ---
10366 tgkill(10361, 10363, SIGURG)      = 0
10363 --- SIGURG {si_signo=SIGURG, si_code=SI_TKILL, si_pid=10361, si_uid=1001} ---
10366 tgkill(10361, 10364, SIGURG)      = 0
10364 --- SIGURG {si_signo=SIGURG, si_code=SI_TKILL, si_pid=10361, si_uid=1001} ---
10366 tgkill(10361, 10361, SIGURG)      = 0
10361 --- SIGURG {si_signo=SIGURG, si_code=SI_TKILL, si_pid=10361, si_uid=1001} ---
10366 tgkill(10361, 10363, SIGURG)      = 0
10366 tgkill(10361, 10364, SIGURG <unfinished ...>
10363 --- SIGURG {si_signo=SIGURG, si_code=SI_TKILL, si_pid=10361, si_uid=1001} ---
10366 <... tgkill resumed>)             = 0
10364 --- SIGURG {si_signo=SIGURG, si_code=SI_TKILL, si_pid=10361, si_uid=1001} ---
10366 tgkill(10361, 10361, SIGURG)      = 0
10361 --- SIGURG {si_signo=SIGURG, si_code=SI_TKILL, si_pid=10361, si_uid=1001} ---
10366 tgkill(10361, 10363, SIGURG)      = 0
10363 --- SIGURG {si_signo=SIGURG, si_code=SI_TKILL, si_pid=10361, si_uid=1001} ---
10366 tgkill(10361, 10364, SIGURG)      = 0
10364 --- SIGURG {si_signo=SIGURG, si_code=SI_TKILL, si_pid=10361, si_uid=1001} ---
10366 tgkill(10361, 10361, SIGURG)      = 0
10361 --- SIGURG {si_signo=SIGURG, si_code=SI_TKILL, si_pid=10361, si_uid=1001} ---
10362 tgkill(10361, 10363, SIGURG)      = 0
10363 --- SIGURG {si_signo=SIGURG, si_code=SI_TKILL, si_pid=10361, si_uid=1001} ---
10362 tgkill(10361, 10364, SIGURG <unfinished ...>
10364 --- SIGURG {si_signo=SIGURG, si_code=SI_TKILL, si_pid=10361, si_uid=1001} ---
10362 <... tgkill resumed>)             = 0
10362 tgkill(10361, 10361, SIGURG)      = 0
10361 --- SIGURG {si_signo=SIGURG, si_code=SI_TKILL, si_pid=10361, si_uid=1001} ---
10362 tgkill(10361, 10361, SIGURG)      = 0
10361 --- SIGURG {si_signo=SIGURG, si_code=SI_TKILL, si_pid=10361, si_uid=1001} ---
10362 tgkill(10361, 10363, SIGURG)      = 0
10363 --- SIGURG {si_signo=SIGURG, si_code=SI_TKILL, si_pid=10361, si_uid=1001} ---
10362 tgkill(10361, 10364, SIGURG <unfinished ...>
10364 --- SIGURG {si_signo=SIGURG, si_code=SI_TKILL, si_pid=10361, si_uid=1001} ---
10362 <... tgkill resumed>)             = 0
10362 tgkill(10361, 10366, SIGURG)      = 0
10366 --- SIGURG {si_signo=SIGURG, si_code=SI_TKILL, si_pid=10361, si_uid=1001} ---
10362 tgkill(10361, 10361, SIGURG)      = 0
10361 --- SIGURG {si_signo=SIGURG, si_code=SI_TKILL, si_pid=10361, si_uid=1001} ---
10362 tgkill(10361, 10363, SIGURG <unfinished ...>
10363 --- SIGURG {si_signo=SIGURG, si_code=SI_TKILL, si_pid=10361, si_uid=1001} ---
10362 <... tgkill resumed>)             = 0
10362 tgkill(10361, 10364, SIGURG)      = 0
10364 --- SIGURG {si_signo=SIGURG, si_code=SI_TKILL, si_pid=10361, si_uid=1001} ---
10362 tgkill(10361, 10366, SIGURG)      = 0
10366 --- SIGURG {si_signo=SIGURG, si_code=SI_TKILL, si_pid=10361, si_uid=1001} ---
10362 tgkill(10361, 10361, SIGURG)      = 0
10361 --- SIGURG {si_signo=SIGURG, si_code=SI_TKILL, si_pid=10361, si_uid=1001} ---
10362 tgkill(10361, 10363, SIGURG)      = 0
10363 --- SIGURG {si_signo=SIGURG, si_code=SI_TKILL, si_pid=10361, si_uid=1001} ---
10362 tgkill(10361, 10364, SIGURG <unfinished ...>
10364 --- SIGURG {si_signo=SIGURG, si_code=SI_TKILL, si_pid=10361, si_uid=1001} ---
10362 <... tgkill resumed>)             = 0
10362 tgkill(10361, 10366, SIGURG <unfinished ...>
10366 --- SIGURG {si_signo=SIGURG, si_code=SI_TKILL, si_pid=10361, si_uid=1001} ---
10362 <... tgkill resumed>)             = 0
10362 tgkill(10361, 10361, SIGURG)      = 0
10361 --- SIGURG {si_signo=SIGURG, si_code=SI_TKILL, si_pid=10361, si_uid=1001} ---
10362 tgkill(10361, 10363, SIGURG)      = 0
10363 --- SIGURG {si_signo=SIGURG, si_code=SI_TKILL, si_pid=10361, si_uid=1001} ---
10362 tgkill(10361, 10364, SIGURG <unfinished ...>
10364 --- SIGURG {si_signo=SIGURG, si_code=SI_TKILL, si_pid=10361, si_uid=1001} ---
10362 <... tgkill resumed>)             = 0
10362 tgkill(10361, 10366, SIGURG)      = 0
10366 --- SIGURG {si_signo=SIGURG, si_code=SI_TKILL, si_pid=10361, si_uid=1001} ---
10366 tgkill(10361, 10363, SIGURG)      = 0
10363 --- SIGURG {si_signo=SIGURG, si_code=SI_TKILL, si_pid=10361, si_uid=1001} ---
10364 tgkill(10361, 10366, SIGURG)      = 0
10366 --- SIGURG {si_signo=SIGURG, si_code=SI_TKILL, si_pid=10361, si_uid=1001} ---
10364 tgkill(10361, 10361, SIGURG)      = 0
10361 --- SIGURG {si_signo=SIGURG, si_code=SI_TKILL, si_pid=10361, si_uid=1001} ---
10366 tgkill(10361, 10363, SIGURG)      = 0
10363 --- SIGURG {si_signo=SIGURG, si_code=SI_TKILL, si_pid=10361, si_uid=1001} ---
10362 tgkill(10361, 10364, SIGURG <unfinished ...>
10364 --- SIGURG {si_signo=SIGURG, si_code=SI_TKILL, si_pid=10361, si_uid=1001} ---
10362 <... tgkill resumed>)             = 0
10362 tgkill(10361, 10361, SIGURG)      = 0
10361 --- SIGURG {si_signo=SIGURG, si_code=SI_TKILL, si_pid=10361, si_uid=1001} ---
10362 tgkill(10361, 10363, SIGURG <unfinished ...>
10363 --- SIGURG {si_signo=SIGURG, si_code=SI_TKILL, si_pid=10361, si_uid=1001} ---
10362 <... tgkill resumed>)             = 0
10362 tgkill(10361, 10364, SIGURG <unfinished ...>
10364 --- SIGURG {si_signo=SIGURG, si_code=SI_TKILL, si_pid=10361, si_uid=1001} ---
10362 <... tgkill resumed>)             = 0
10362 tgkill(10361, 10366, SIGURG)      = 0
10366 --- SIGURG {si_signo=SIGURG, si_code=SI_TKILL, si_pid=10361, si_uid=1001} ---
10362 tgkill(10361, 10363, SIGURG <unfinished ...>
10363 --- SIGURG {si_signo=SIGURG, si_code=SI_TKILL, si_pid=10361, si_uid=1001} ---
10362 <... tgkill resumed>)             = 0
10362 tgkill(10361, 10364, SIGURG <unfinished ...>
10364 --- SIGURG {si_signo=SIGURG, si_code=SI_TKILL, si_pid=10361, si_uid=1001} ---
10362 <... tgkill resumed>)             = 0
10362 tgkill(10361, 10364, SIGURG)      = 0
10364 --- SIGURG {si_signo=SIGURG, si_code=SI_TKILL, si_pid=10361, si_uid=1001} ---
10362 tgkill(10361, 10366, SIGURG <unfinished ...>
10366 --- SIGURG {si_signo=SIGURG, si_code=SI_TKILL, si_pid=10361, si_uid=1001} ---
10362 <... tgkill resumed>)             = 0
10362 tgkill(10361, 10361, SIGURG)      = 0
10361 --- SIGURG {si_signo=SIGURG, si_code=SI_TKILL, si_pid=10361, si_uid=1001} ---
10362 tgkill(10361, 10363, SIGURG <unfinished ...>
10363 --- SIGURG {si_signo=SIGURG, si_code=SI_TKILL, si_pid=10361, si_uid=1001} ---
10362 <... tgkill resumed>)             = 0
10362 tgkill(10361, 10364, SIGURG <unfinished ...>
10364 --- SIGURG {si_signo=SIGURG, si_code=SI_TKILL, si_pid=10361, si_uid=1001} ---
10362 <... tgkill resumed>)             = 0
10362 tgkill(10361, 10366, SIGURG)      = 0
10366 --- SIGURG {si_signo=SIGURG, si_code=SI_TKILL, si_pid=10361, si_uid=1001} ---
10364 tgkill(10361, 10363, SIGURG)      = 0
10363 --- SIGURG {si_signo=SIGURG, si_code=SI_TKILL, si_pid=10361, si_uid=1001} ---
10364 tgkill(10361, 10366, SIGURG)      = 0
10364 tgkill(10361, 10361, SIGURG <unfinished ...>
10366 --- SIGURG {si_signo=SIGURG, si_code=SI_TKILL, si_pid=10361, si_uid=1001} ---
10364 <... tgkill resumed>)             = 0
10361 --- SIGURG {si_signo=SIGURG, si_code=SI_TKILL, si_pid=10361, si_uid=1001} ---
10361 tgkill(10361, 10363, SIGURG)      = 0
10363 --- SIGURG {si_signo=SIGURG, si_code=SI_TKILL, si_pid=10361, si_uid=1001} ---
10361 tgkill(10361, 10364, SIGURG <unfinished ...>
10364 --- SIGURG {si_signo=SIGURG, si_code=SI_TKILL, si_pid=10361, si_uid=1001} ---
10361 <... tgkill resumed>)             = 0
10361 tgkill(10361, 10366, SIGURG)      = 0
10366 --- SIGURG {si_signo=SIGURG, si_code=SI_TKILL, si_pid=10361, si_uid=1001} ---
10366 tgkill(10361, 10363, SIGURG)      = 0
10363 --- SIGURG {si_signo=SIGURG, si_code=SI_TKILL, si_pid=10361, si_uid=1001} ---
10366 tgkill(10361, 10364, SIGURG)      = 0
10364 --- SIGURG {si_signo=SIGURG, si_code=SI_TKILL, si_pid=10361, si_uid=1001} ---
10366 tgkill(10361, 10361, SIGURG)      = 0
10361 --- SIGURG {si_signo=SIGURG, si_code=SI_TKILL, si_pid=10361, si_uid=1001} ---
10366 tgkill(10361, 10364, SIGURG)      = 0
10364 --- SIGURG {si_signo=SIGURG, si_code=SI_TKILL, si_pid=10361, si_uid=1001} ---
10366 tgkill(10361, 10361, SIGURG)      = 0
10361 --- SIGURG {si_signo=SIGURG, si_code=SI_TKILL, si_pid=10361, si_uid=1001} ---
10366 tgkill(10361, 10363, SIGURG)      = 0
10363 --- SIGURG {si_signo=SIGURG, si_code=SI_TKILL, si_pid=10361, si_uid=1001} ---
10366 tgkill(10361, 10364, SIGURG)      = 0
10364 --- SIGURG {si_signo=SIGURG, si_code=SI_TKILL, si_pid=10361, si_uid=1001} ---
10366 tgkill(10361, 10361, SIGURG)      = 0
10361 --- SIGURG {si_signo=SIGURG, si_code=SI_TKILL, si_pid=10361, si_uid=1001} ---
10366 tgkill(10361, 10363, SIGURG)      = 0
10363 --- SIGURG {si_signo=SIGURG, si_code=SI_TKILL, si_pid=10361, si_uid=1001} ---
10366 tgkill(10361, 10364, SIGURG)      = 0
10366 tgkill(10361, 10361, SIGURG <unfinished ...>
10364 --- SIGURG {si_signo=SIGURG, si_code=SI_TKILL, si_pid=10361, si_uid=1001} ---
10366 <... tgkill resumed>)             = 0
10361 --- SIGURG {si_signo=SIGURG, si_code=SI_TKILL, si_pid=10361, si_uid=1001} ---
10362 tgkill(10361, 10364, SIGURG)      = 0
10364 --- SIGURG {si_signo=SIGURG, si_code=SI_TKILL, si_pid=10361, si_uid=1001} ---
10362 tgkill(10361, 10366, SIGURG)      = 0
10366 --- SIGURG {si_signo=SIGURG, si_code=SI_TKILL, si_pid=10361, si_uid=1001} ---
10362 tgkill(10361, 10361, SIGURG)      = 0
10361 --- SIGURG {si_signo=SIGURG, si_code=SI_TKILL, si_pid=10361, si_uid=1001} ---
10362 tgkill(10361, 10363, SIGURG <unfinished ...>
10363 --- SIGURG {si_signo=SIGURG, si_code=SI_TKILL, si_pid=10361, si_uid=1001} ---
10362 <... tgkill resumed>)             = 0
10362 tgkill(10361, 10364, SIGURG <unfinished ...>
10364 --- SIGURG {si_signo=SIGURG, si_code=SI_TKILL, si_pid=10361, si_uid=1001} ---
10362 <... tgkill resumed>)             = 0
10362 tgkill(10361, 10366, SIGURG <unfinished ...>
10366 --- SIGURG {si_signo=SIGURG, si_code=SI_TKILL, si_pid=10361, si_uid=1001} ---
10362 <... tgkill resumed>)             = 0
10362 tgkill(10361, 10361, SIGURG)      = 0
10361 --- SIGURG {si_signo=SIGURG, si_code=SI_TKILL, si_pid=10361, si_uid=1001} ---
10362 tgkill(10361, 10363, SIGURG <unfinished ...>
10363 --- SIGURG {si_signo=SIGURG, si_code=SI_TKILL, si_pid=10361, si_uid=1001} ---
10362 <... tgkill resumed>)             = 0
10362 tgkill(10361, 10364, SIGURG)      = 0
10364 --- SIGURG {si_signo=SIGURG, si_code=SI_TKILL, si_pid=10361, si_uid=1001} ---
10362 tgkill(10361, 10366, SIGURG <unfinished ...>
10366 --- SIGURG {si_signo=SIGURG, si_code=SI_TKILL, si_pid=10361, si_uid=1001} ---
10362 <... tgkill resumed>)             = 0
10362 tgkill(10361, 10361, SIGURG)      = 0
10361 --- SIGURG {si_signo=SIGURG, si_code=SI_TKILL, si_pid=10361, si_uid=1001} ---
10362 tgkill(10361, 10363, SIGURG)      = 0
10363 --- SIGURG {si_signo=SIGURG, si_code=SI_TKILL, si_pid=10361, si_uid=1001} ---
10362 tgkill(10361, 10364, SIGURG <unfinished ...>
10364 --- SIGURG {si_signo=SIGURG, si_code=SI_TKILL, si_pid=10361, si_uid=1001} ---
10362 <... tgkill resumed>)             = 0
10362 tgkill(10361, 10361, SIGURG)      = 0
10361 --- SIGURG {si_signo=SIGURG, si_code=SI_TKILL, si_pid=10361, si_uid=1001} ---
10362 tgkill(10361, 10363, SIGURG <unfinished ...>
10363 --- SIGURG {si_signo=SIGURG, si_code=SI_TKILL, si_pid=10361, si_uid=1001} ---
10362 <... tgkill resumed>)             = 0
10362 tgkill(10361, 10364, SIGURG)      = 0
10364 --- SIGURG {si_signo=SIGURG, si_code=SI_TKILL, si_pid=10361, si_uid=1001} ---
10362 tgkill(10361, 10364, SIGURG)      = 0
10364 --- SIGURG {si_signo=SIGURG, si_code=SI_TKILL, si_pid=10361, si_uid=1001} ---
10362 tgkill(10361, 10366, SIGURG)      = 0
10366 --- SIGURG {si_signo=SIGURG, si_code=SI_TKILL, si_pid=10361, si_uid=1001} ---
10362 tgkill(10361, 10361, SIGURG <unfinished ...>
10364 tgkill(10361, 10363, SIGURG)      = 0
10362 <... tgkill resumed>)             = 0
10361 --- SIGURG {si_signo=SIGURG, si_code=SI_TKILL, si_pid=10361, si_uid=1001} ---
10363 --- SIGURG {si_signo=SIGURG, si_code=SI_TKILL, si_pid=10361, si_uid=1001} ---
10366 tgkill(10361, 10364, SIGURG)      = 0
10364 --- SIGURG {si_signo=SIGURG, si_code=SI_TKILL, si_pid=10361, si_uid=1001} ---
10366 tgkill(10361, 10363, SIGURG)      = 0
10363 --- SIGURG {si_signo=SIGURG, si_code=SI_TKILL, si_pid=10361, si_uid=1001} ---
10366 tgkill(10361, 10364, SIGURG)      = 0
10364 --- SIGURG {si_signo=SIGURG, si_code=SI_TKILL, si_pid=10361, si_uid=1001} ---
10366 tgkill(10361, 10361, SIGURG)      = 0
10361 --- SIGURG {si_signo=SIGURG, si_code=SI_TKILL, si_pid=10361, si_uid=1001} ---
10362 tgkill(10361, 10363, SIGURG)      = 0
10363 --- SIGURG {si_signo=SIGURG, si_code=SI_TKILL, si_pid=10361, si_uid=1001} ---
10362 tgkill(10361, 10364, SIGURG <unfinished ...>
10364 --- SIGURG {si_signo=SIGURG, si_code=SI_TKILL, si_pid=10361, si_uid=1001} ---
10362 <... tgkill resumed>)             = 0
10362 tgkill(10361, 10366, SIGURG <unfinished ...>
10366 --- SIGURG {si_signo=SIGURG, si_code=SI_TKILL, si_pid=10361, si_uid=1001} ---
10362 <... tgkill resumed>)             = 0
10362 tgkill(10361, 10366, SIGURG <unfinished ...>
10366 --- SIGURG {si_signo=SIGURG, si_code=SI_TKILL, si_pid=10361, si_uid=1001} ---
10362 <... tgkill resumed>)             = 0
10362 tgkill(10361, 10361, SIGURG)      = 0
10361 --- SIGURG {si_signo=SIGURG, si_code=SI_TKILL, si_pid=10361, si_uid=1001} ---
10362 tgkill(10361, 10363, SIGURG)      = 0
10363 --- SIGURG {si_signo=SIGURG, si_code=SI_TKILL, si_pid=10361, si_uid=1001} ---
10362 tgkill(10361, 10364, SIGURG <unfinished ...>
10364 --- SIGURG {si_signo=SIGURG, si_code=SI_TKILL, si_pid=10361, si_uid=1001} ---
10362 <... tgkill resumed>)             = 0
10362 tgkill(10361, 10366, SIGURG <unfinished ...>
10366 --- SIGURG {si_signo=SIGURG, si_code=SI_TKILL, si_pid=10361, si_uid=1001} ---
10362 <... tgkill resumed>)             = 0
10362 tgkill(10361, 10361, SIGURG)      = 0
10361 --- SIGURG {si_signo=SIGURG, si_code=SI_TKILL, si_pid=10361, si_uid=1001} ---
10362 tgkill(10361, 10366, SIGURG)      = 0
10366 --- SIGURG {si_signo=SIGURG, si_code=SI_TKILL, si_pid=10361, si_uid=1001} ---
10362 tgkill(10361, 10363, SIGURG <unfinished ...>
10363 --- SIGURG {si_signo=SIGURG, si_code=SI_TKILL, si_pid=10361, si_uid=1001} ---
10362 <... tgkill resumed>)             = 0
10362 tgkill(10361, 10364, SIGURG <unfinished ...>
10364 --- SIGURG {si_signo=SIGURG, si_code=SI_TKILL, si_pid=10361, si_uid=1001} ---
10362 <... tgkill resumed>)             = 0
10362 tgkill(10361, 10366, SIGURG <unfinished ...>
10366 --- SIGURG {si_signo=SIGURG, si_code=SI_TKILL, si_pid=10361, si_uid=1001} ---
10362 <... tgkill resumed>)             = 0
10362 tgkill(10361, 10361, SIGURG)      = 0
10361 --- SIGURG {si_signo=SIGURG, si_code=SI_TKILL, si_pid=10361, si_uid=1001} ---
10362 tgkill(10361, 10366, SIGURG)      = 0
10366 --- SIGURG {si_signo=SIGURG, si_code=SI_TKILL, si_pid=10361, si_uid=1001} ---
10362 tgkill(10361, 10363, SIGURG <unfinished ...>
10363 --- SIGURG {si_signo=SIGURG, si_code=SI_TKILL, si_pid=10361, si_uid=1001} ---
10362 <... tgkill resumed>)             = 0
10362 tgkill(10361, 10364, SIGURG <unfinished ...>
10364 --- SIGURG {si_signo=SIGURG, si_code=SI_TKILL, si_pid=10361, si_uid=1001} ---
10362 <... tgkill resumed>)             = 0
10362 tgkill(10361, 10366, SIGURG <unfinished ...>
10366 --- SIGURG {si_signo=SIGURG, si_code=SI_TKILL, si_pid=10361, si_uid=1001} ---
10362 <... tgkill resumed>)             = 0
10362 tgkill(10361, 10361, SIGURG)      = 0
10361 --- SIGURG {si_signo=SIGURG, si_code=SI_TKILL, si_pid=10361, si_uid=1001} ---
10363 tgkill(10361, 10364, SIGURG)      = 0
10364 --- SIGURG {si_signo=SIGURG, si_code=SI_TKILL, si_pid=10361, si_uid=1001} ---
10363 tgkill(10361, 10366, SIGURG)      = 0
10366 --- SIGURG {si_signo=SIGURG, si_code=SI_TKILL, si_pid=10361, si_uid=1001} ---
10363 tgkill(10361, 10361, SIGURG)      = 0
10361 --- SIGURG {si_signo=SIGURG, si_code=SI_TKILL, si_pid=10361, si_uid=1001} ---
10361 tgkill(10361, 10363, SIGURG)      = 0
10363 --- SIGURG {si_signo=SIGURG, si_code=SI_TKILL, si_pid=10361, si_uid=1001} ---
10361 tgkill(10361, 10364, SIGURG)      = 0
10364 --- SIGURG {si_signo=SIGURG, si_code=SI_TKILL, si_pid=10361, si_uid=1001} ---
10361 tgkill(10361, 10366, SIGURG)      = 0
10366 --- SIGURG {si_signo=SIGURG, si_code=SI_TKILL, si_pid=10361, si_uid=1001} ---
10364 tgkill(10361, 10363, SIGURG)      = 0
10363 --- SIGURG {si_signo=SIGURG, si_code=SI_TKILL, si_pid=10361, si_uid=1001} ---
10364 tgkill(10361, 10366, SIGURG)      = 0
10366 --- SIGURG {si_signo=SIGURG, si_code=SI_TKILL, si_pid=10361, si_uid=1001} ---
10364 tgkill(10361, 10363, SIGURG)      = 0
10363 --- SIGURG {si_signo=SIGURG, si_code=SI_TKILL, si_pid=10361, si_uid=1001} ---
10364 tgkill(10361, 10366, SIGURG)      = 0
10366 --- SIGURG {si_signo=SIGURG, si_code=SI_TKILL, si_pid=10361, si_uid=1001} ---
10364 tgkill(10361, 10361, SIGURG)      = 0
10361 --- SIGURG {si_signo=SIGURG, si_code=SI_TKILL, si_pid=10361, si_uid=1001} ---
10364 tgkill(10361, 10363, SIGURG)      = 0
10363 --- SIGURG {si_signo=SIGURG, si_code=SI_TKILL, si_pid=10361, si_uid=1001} ---
10364 tgkill(10361, 10366, SIGURG)      = 0
10366 --- SIGURG {si_signo=SIGURG, si_code=SI_TKILL, si_pid=10361, si_uid=1001} ---
10362 tgkill(10361, 10363, SIGURG <unfinished ...>
10363 --- SIGURG {si_signo=SIGURG, si_code=SI_TKILL, si_pid=10361, si_uid=1001} ---
10362 <... tgkill resumed>)             = 0
10362 tgkill(10361, 10364, SIGURG <unfinished ...>
10364 --- SIGURG {si_signo=SIGURG, si_code=SI_TKILL, si_pid=10361, si_uid=1001} ---
10362 <... tgkill resumed>)             = 0
10362 tgkill(10361, 10361, SIGURG)      = 0
10361 --- SIGURG {si_signo=SIGURG, si_code=SI_TKILL, si_pid=10361, si_uid=1001} ---
10362 tgkill(10361, 10364, SIGURG)      = 0
10364 --- SIGURG {si_signo=SIGURG, si_code=SI_TKILL, si_pid=10361, si_uid=1001} ---
10362 tgkill(10361, 10366, SIGURG <unfinished ...>
10366 --- SIGURG {si_signo=SIGURG, si_code=SI_TKILL, si_pid=10361, si_uid=1001} ---
10362 <... tgkill resumed>)             = 0
10362 tgkill(10361, 10361, SIGURG)      = 0
10361 --- SIGURG {si_signo=SIGURG, si_code=SI_TKILL, si_pid=10361, si_uid=1001} ---
10362 tgkill(10361, 10366, SIGURG <unfinished ...>
10366 --- SIGURG {si_signo=SIGURG, si_code=SI_TKILL, si_pid=10361, si_uid=1001} ---
10362 <... tgkill resumed>)             = 0
10362 tgkill(10361, 10366, SIGURG <unfinished ...>
10366 --- SIGURG {si_signo=SIGURG, si_code=SI_TKILL, si_pid=10361, si_uid=1001} ---
10362 <... tgkill resumed>)             = 0
10362 tgkill(10361, 10366, SIGURG <unfinished ...>
10366 --- SIGURG {si_signo=SIGURG, si_code=SI_TKILL, si_pid=10361, si_uid=1001} ---
10362 <... tgkill resumed>)             = 0
10362 tgkill(10361, 10366, SIGURG)      = 0
10366 --- SIGURG {si_signo=SIGURG, si_code=SI_TKILL, si_pid=10361, si_uid=1001} ---
10362 tgkill(10361, 10366, SIGURG <unfinished ...>
10366 --- SIGURG {si_signo=SIGURG, si_code=SI_TKILL, si_pid=10361, si_uid=1001} ---
10362 <... tgkill resumed>)             = 0
10362 tgkill(10361, 10366, SIGURG)      = 0
10366 --- SIGURG {si_signo=SIGURG, si_code=SI_TKILL, si_pid=10361, si_uid=1001} ---
10362 tgkill(10361, 10366, SIGURG)      = 0
10366 --- SIGURG {si_signo=SIGURG, si_code=SI_TKILL, si_pid=10361, si_uid=1001} ---
10362 tgkill(10361, 10366, SIGURG <unfinished ...>
10366 --- SIGURG {si_signo=SIGURG, si_code=SI_TKILL, si_pid=10361, si_uid=1001} ---
10362 <... tgkill resumed>)             = 0
10362 tgkill(10361, 10366, SIGURG)      = 0
10366 --- SIGURG {si_signo=SIGURG, si_code=SI_TKILL, si_pid=10361, si_uid=1001} ---
10362 tgkill(10361, 10366, SIGURG)      = 0
10366 --- SIGURG {si_signo=SIGURG, si_code=SI_TKILL, si_pid=10361, si_uid=1001} ---
10362 tgkill(10361, 10366, SIGURG)      = 0
10366 --- SIGURG {si_signo=SIGURG, si_code=SI_TKILL, si_pid=10361, si_uid=1001} ---
10366 exit_group(0)                     = ?
10366 +++ exited with 0 +++
10365 +++ exited with 0 +++
10364 +++ exited with 0 +++
10363 +++ exited with 0 +++
10362 +++ exited with 0 +++
10361 +++ exited with 0 +++
10077 --- SIGCHLD {si_signo=SIGCHLD, si_code=CLD_EXITED, si_pid=10361, si_uid=1001, si_status=0, si_utime=349 /* 3.49 s */, si_stime=19 /* 0.19 s */} ---
9974  <... waitid resumed>{si_signo=SIGCHLD, si_code=CLD_EXITED, si_pid=10361, si_uid=1001, si_status=0, si_utime=0, si_stime=0}, WEXITED, {ru_utime={tv_sec=3, tv_usec=489972}, ru_stime={tv_sec=0, tv_usec=190779}, ...}) = 0
9976  clone(child_stack=NULL, flags=CLONE_VM|CLONE_PIDFD|CLONE_VFORK|SIGCHLD <unfinished ...>
10367 execve("/opt/hostedtoolcache/go/1.27.1/arm64/pkg/tool/linux_arm64/asm", ["/opt/hostedtoolcache/go/1.27.1/a"..., "-p", "runtime", "-trimpath", "/tmp/go-build3326039643/b009=>", "-I", "/tmp/go-build3326039643/b009/", "-I", "/opt/hostedtoolcache/go/1.27.1/a"..., "-D", "GOOS_linux", "-D", "GOARCH_arm64", "-std", "-o", "/tmp/go-build3326039643/b009/asm"..., "/opt/hostedtoolcache/go/1.27.1/a"...], 0x5bded622a008 /* 140 vars */ <unfinished ...>
9976  <... clone resumed>, parent_tid=[12]) = 10367
10367 <... execve resumed>)             = 0
9976  waitid(P_PIDFD, 12,  <unfinished ...>
10367 clone(child_stack=0xb9aa8ce0000, flags=CLONE_VM|CLONE_FS|CLONE_FILES|CLONE_SIGHAND|CLONE_THREAD|CLONE_SYSVSEM) = 10368
10367 clone(child_stack=0xb9aa8d18000, flags=CLONE_VM|CLONE_FS|CLONE_FILES|CLONE_SIGHAND|CLONE_THREAD|CLONE_SYSVSEM) = 10369
10368 tgkill(10367, 10367, SIGURG <unfinished ...>
10367 clone(child_stack=0xb9aa8d14000, flags=CLONE_VM|CLONE_FS|CLONE_FILES|CLONE_SIGHAND|CLONE_THREAD|CLONE_SYSVSEM <unfinished ...>
10368 <... tgkill resumed>)             = 0
10367 <... clone resumed>)              = 10370
10367 --- SIGURG {si_signo=SIGURG, si_code=SI_TKILL, si_pid=10367, si_uid=1001} ---
10369 clone(child_stack=0xb9aa8d98000, flags=CLONE_VM|CLONE_FS|CLONE_FILES|CLONE_SIGHAND|CLONE_THREAD|CLONE_SYSVSEM) = 10371
10367 clone(child_stack=0xb9aa8d94000, flags=CLONE_VM|CLONE_FS|CLONE_FILES|CLONE_SIGHAND|CLONE_THREAD|CLONE_SYSVSEM) = 10372
10367 exit_group(0)                     = ?
10371 +++ exited with 0 +++
10369 +++ exited with 0 +++
10368 +++ exited with 0 +++
10372 +++ exited with 0 +++
10370 +++ exited with 0 +++
10367 +++ exited with 0 +++
9974  --- SIGCHLD {si_signo=SIGCHLD, si_code=CLD_EXITED, si_pid=10367, si_uid=1001, si_status=0, si_utime=0, si_stime=0} ---
9976  <... waitid resumed>{si_signo=SIGCHLD, si_code=CLD_EXITED, si_pid=10367, si_uid=1001, si_status=0, si_utime=0, si_stime=0}, WEXITED, {ru_utime={tv_sec=0, tv_usec=1120}, ru_stime={tv_sec=0, tv_usec=5602}, ...}) = 0
9974  clone(child_stack=NULL, flags=CLONE_VM|CLONE_PIDFD|CLONE_VFORK|SIGCHLD <unfinished ...>
10373 execve("/opt/hostedtoolcache/go/1.27.1/arm64/pkg/tool/linux_arm64/asm", ["/opt/hostedtoolcache/go/1.27.1/a"..., "-p", "runtime", "-trimpath", "/tmp/go-build3326039643/b009=>", "-I", "/tmp/go-build3326039643/b009/", "-I", "/opt/hostedtoolcache/go/1.27.1/a"..., "-D", "GOOS_linux", "-D", "GOARCH_arm64", "-std", "-o", "/tmp/go-build3326039643/b009/asm"..., "/opt/hostedtoolcache/go/1.27.1/a"...], 0x5bded628e488 /* 140 vars */ <unfinished ...>
9974  <... clone resumed>, parent_tid=[12]) = 10373
10373 <... execve resumed>)             = 0
9974  waitid(P_PIDFD, 12,  <unfinished ...>
10373 clone(child_stack=0x5d523cd58000, flags=CLONE_VM|CLONE_FS|CLONE_FILES|CLONE_SIGHAND|CLONE_THREAD|CLONE_SYSVSEM) = 10374
10373 clone(child_stack=0x5d523cd90000, flags=CLONE_VM|CLONE_FS|CLONE_FILES|CLONE_SIGHAND|CLONE_THREAD|CLONE_SYSVSEM) = 10375
10373 clone(child_stack=0x5d523cd8c000, flags=CLONE_VM|CLONE_FS|CLONE_FILES|CLONE_SIGHAND|CLONE_THREAD|CLONE_SYSVSEM) = 10376
10375 clone(child_stack=0x5d523ce18000, flags=CLONE_VM|CLONE_FS|CLONE_FILES|CLONE_SIGHAND|CLONE_THREAD|CLONE_SYSVSEM) = 10377
10374 tgkill(10373, 10373, SIGURG)      = 0
10373 --- SIGURG {si_signo=SIGURG, si_code=SI_TKILL, si_pid=10373, si_uid=1001} ---
10373 exit_group(0)                     = ?
10377 +++ exited with 0 +++
10376 +++ exited with 0 +++
10375 +++ exited with 0 +++
10374 +++ exited with 0 +++
10373 +++ exited with 0 +++
9976  --- SIGCHLD {si_signo=SIGCHLD, si_code=CLD_EXITED, si_pid=10373, si_uid=1001, si_status=0, si_utime=0, si_stime=1 /* 0.01 s */} ---
9974  <... waitid resumed>{si_signo=SIGCHLD, si_code=CLD_EXITED, si_pid=10373, si_uid=1001, si_status=0, si_utime=0, si_stime=0}, WEXITED, {ru_utime={tv_sec=0, tv_usec=4672}, ru_stime={tv_sec=0, tv_usec=9344}, ...}) = 0
9976  clone(child_stack=NULL, flags=CLONE_VM|CLONE_PIDFD|CLONE_VFORK|SIGCHLD <unfinished ...>
10378 execve("/opt/hostedtoolcache/go/1.27.1/arm64/pkg/tool/linux_arm64/asm", ["/opt/hostedtoolcache/go/1.27.1/a"..., "-p", "runtime", "-trimpath", "/tmp/go-build3326039643/b009=>", "-I", "/tmp/go-build3326039643/b009/", "-I", "/opt/hostedtoolcache/go/1.27.1/a"..., "-D", "GOOS_linux", "-D", "GOARCH_arm64", "-std", "-o", "/tmp/go-build3326039643/b009/ato"..., "/opt/hostedtoolcache/go/1.27.1/a"...], 0x5bded628e908 /* 140 vars */ <unfinished ...>
9976  <... clone resumed>, parent_tid=[12]) = 10378
10378 <... execve resumed>)             = 0
9976  waitid(P_PIDFD, 12,  <unfinished ...>
10378 clone(child_stack=0x41ad3c04000, flags=CLONE_VM|CLONE_FS|CLONE_FILES|CLONE_SIGHAND|CLONE_THREAD|CLONE_SYSVSEM) = 10379
10378 clone(child_stack=0x41ad3c3c000, flags=CLONE_VM|CLONE_FS|CLONE_FILES|CLONE_SIGHAND|CLONE_THREAD|CLONE_SYSVSEM) = 10380
10378 clone(child_stack=0x41ad3c38000, flags=CLONE_VM|CLONE_FS|CLONE_FILES|CLONE_SIGHAND|CLONE_THREAD|CLONE_SYSVSEM) = 10381
10380 clone(child_stack=0x41ad3c98000, flags=CLONE_VM|CLONE_FS|CLONE_FILES|CLONE_SIGHAND|CLONE_THREAD|CLONE_SYSVSEM) = 10382
10379 tgkill(10378, 10381, SIGURG)      = 0
10381 --- SIGURG {si_signo=SIGURG, si_code=SI_TKILL, si_pid=10378, si_uid=1001} ---
10378 exit_group(0)                     = ?
10382 +++ exited with 0 +++
10381 +++ exited with 0 +++
10380 +++ exited with 0 +++
10379 +++ exited with 0 +++
10378 +++ exited with 0 +++
9974  --- SIGCHLD {si_signo=SIGCHLD, si_code=CLD_EXITED, si_pid=10378, si_uid=1001, si_status=0, si_utime=0, si_stime=0} ---
9976  <... waitid resumed>{si_signo=SIGCHLD, si_code=CLD_EXITED, si_pid=10378, si_uid=1001, si_status=0, si_utime=0, si_stime=0}, WEXITED, {ru_utime={tv_sec=0, tv_usec=1536}, ru_stime={tv_sec=0, tv_usec=4608}, ...}) = 0
9974  clone(child_stack=NULL, flags=CLONE_VM|CLONE_PIDFD|CLONE_VFORK|SIGCHLD <unfinished ...>
10383 execve("/opt/hostedtoolcache/go/1.27.1/arm64/pkg/tool/linux_arm64/asm", ["/opt/hostedtoolcache/go/1.27.1/a"..., "-p", "runtime", "-trimpath", "/tmp/go-build3326039643/b009=>", "-I", "/tmp/go-build3326039643/b009/", "-I", "/opt/hostedtoolcache/go/1.27.1/a"..., "-D", "GOOS_linux", "-D", "GOARCH_arm64", "-std", "-o", "/tmp/go-build3326039643/b009/int"..., "/opt/hostedtoolcache/go/1.27.1/a"...], 0x5bded622a488 /* 140 vars */ <unfinished ...>
9974  <... clone resumed>, parent_tid=[12]) = 10383
10383 <... execve resumed>)             = 0
9974  waitid(P_PIDFD, 12,  <unfinished ...>
10383 clone(child_stack=0xea3c3e6c000, flags=CLONE_VM|CLONE_FS|CLONE_FILES|CLONE_SIGHAND|CLONE_THREAD|CLONE_SYSVSEM) = 10384
10383 clone(child_stack=0xea3c3ea4000, flags=CLONE_VM|CLONE_FS|CLONE_FILES|CLONE_SIGHAND|CLONE_THREAD|CLONE_SYSVSEM) = 10385
10383 clone(child_stack=0xea3c3ea0000, flags=CLONE_VM|CLONE_FS|CLONE_FILES|CLONE_SIGHAND|CLONE_THREAD|CLONE_SYSVSEM) = 10386
10385 clone(child_stack=0xea3c3f18000, flags=CLONE_VM|CLONE_FS|CLONE_FILES|CLONE_SIGHAND|CLONE_THREAD|CLONE_SYSVSEM) = 10387
10383 exit_group(0)                     = ?
10387 +++ exited with 0 +++
10386 +++ exited with 0 +++
10385 +++ exited with 0 +++
10384 +++ exited with 0 +++
10383 +++ exited with 0 +++
9976  --- SIGCHLD {si_signo=SIGCHLD, si_code=CLD_EXITED, si_pid=10383, si_uid=1001, si_status=0, si_utime=0, si_stime=0} ---
9974  <... waitid resumed>{si_signo=SIGCHLD, si_code=CLD_EXITED, si_pid=10383, si_uid=1001, si_status=0, si_utime=0, si_stime=0}, WEXITED, {ru_utime={tv_sec=0, tv_usec=1923}, ru_stime={tv_sec=0, tv_usec=4808}, ...}) = 0
9973  tgkill(9972, 9974, SIGURG)        = 0
9974  --- SIGURG {si_signo=SIGURG, si_code=SI_TKILL, si_pid=9972, si_uid=1001} ---
9976  clone(child_stack=NULL, flags=CLONE_VM|CLONE_PIDFD|CLONE_VFORK|SIGCHLD <unfinished ...>
10388 execve("/opt/hostedtoolcache/go/1.27.1/arm64/pkg/tool/linux_arm64/asm", ["/opt/hostedtoolcache/go/1.27.1/a"..., "-p", "runtime", "-trimpath", "/tmp/go-build3326039643/b009=>", "-I", "/tmp/go-build3326039643/b009/", "-I", "/opt/hostedtoolcache/go/1.27.1/a"..., "-D", "GOOS_linux", "-D", "GOARCH_arm64", "-std", "-o", "/tmp/go-build3326039643/b009/mem"..., "/opt/hostedtoolcache/go/1.27.1/a"...], 0x5bded628ed88 /* 140 vars */ <unfinished ...>
9976  <... clone resumed>, parent_tid=[12]) = 10388
10388 <... execve resumed>)             = 0
9976  waitid(P_PIDFD, 12,  <unfinished ...>
10388 clone(child_stack=0x63c31d7f4000, flags=CLONE_VM|CLONE_FS|CLONE_FILES|CLONE_SIGHAND|CLONE_THREAD|CLONE_SYSVSEM) = 10389
10388 clone(child_stack=0x63c31d82c000, flags=CLONE_VM|CLONE_FS|CLONE_FILES|CLONE_SIGHAND|CLONE_THREAD|CLONE_SYSVSEM) = 10390
10388 clone(child_stack=0x63c31d828000, flags=CLONE_VM|CLONE_FS|CLONE_FILES|CLONE_SIGHAND|CLONE_THREAD|CLONE_SYSVSEM) = 10391
10390 clone(child_stack=0x63c31d898000, flags=CLONE_VM|CLONE_FS|CLONE_FILES|CLONE_SIGHAND|CLONE_THREAD|CLONE_SYSVSEM) = 10392
10388 exit_group(0)                     = ?
10391 +++ exited with 0 +++
10392 +++ exited with 0 +++
10390 +++ exited with 0 +++
10389 +++ exited with 0 +++
10388 +++ exited with 0 +++
9976  <... waitid resumed>{si_signo=SIGCHLD, si_code=CLD_EXITED, si_pid=10388, si_uid=1001, si_status=0, si_utime=0, si_stime=0}, WEXITED, {ru_utime={tv_sec=0, tv_usec=2139}, ru_stime={tv_sec=0, tv_usec=4279}, ...}) = 0
9974  --- SIGCHLD {si_signo=SIGCHLD, si_code=CLD_EXITED, si_pid=10388, si_uid=1001, si_status=0, si_utime=0, si_stime=0} ---
9974  clone(child_stack=NULL, flags=CLONE_VM|CLONE_PIDFD|CLONE_VFORK|SIGCHLD <unfinished ...>
10393 execve("/opt/hostedtoolcache/go/1.27.1/arm64/pkg/tool/linux_arm64/asm", ["/opt/hostedtoolcache/go/1.27.1/a"..., "-p", "runtime", "-trimpath", "/tmp/go-build3326039643/b009=>", "-I", "/tmp/go-build3326039643/b009/", "-I", "/opt/hostedtoolcache/go/1.27.1/a"..., "-D", "GOOS_linux", "-D", "GOARCH_arm64", "-std", "-o", "/tmp/go-build3326039643/b009/mem"..., "/opt/hostedtoolcache/go/1.27.1/a"...], 0x5bded628f208 /* 140 vars */ <unfinished ...>
9974  <... clone resumed>, parent_tid=[12]) = 10393
10393 <... execve resumed>)             = 0
9974  waitid(P_PIDFD, 12,  <unfinished ...>
10393 clone(child_stack=0x66f6865be000, flags=CLONE_VM|CLONE_FS|CLONE_FILES|CLONE_SIGHAND|CLONE_THREAD|CLONE_SYSVSEM) = 10394
10393 clone(child_stack=0x66f6865f6000, flags=CLONE_VM|CLONE_FS|CLONE_FILES|CLONE_SIGHAND|CLONE_THREAD|CLONE_SYSVSEM) = 10395
10393 clone(child_stack=0x66f6865f2000, flags=CLONE_VM|CLONE_FS|CLONE_FILES|CLONE_SIGHAND|CLONE_THREAD|CLONE_SYSVSEM) = 10396
10395 clone(child_stack=0x66f686698000, flags=CLONE_VM|CLONE_FS|CLONE_FILES|CLONE_SIGHAND|CLONE_THREAD|CLONE_SYSVSEM) = 10397
10394 tgkill(10393, 10396, SIGURG)      = 0
10396 --- SIGURG {si_signo=SIGURG, si_code=SI_TKILL, si_pid=10393, si_uid=1001} ---
10393 exit_group(0)                     = ?
10397 +++ exited with 0 +++
10396 +++ exited with 0 +++
10395 +++ exited with 0 +++
10394 +++ exited with 0 +++
10393 +++ exited with 0 +++
9976  --- SIGCHLD {si_signo=SIGCHLD, si_code=CLD_EXITED, si_pid=10393, si_uid=1001, si_status=0, si_utime=0, si_stime=0} ---
9974  <... waitid resumed>{si_signo=SIGCHLD, si_code=CLD_EXITED, si_pid=10393, si_uid=1001, si_status=0, si_utime=0, si_stime=0}, WEXITED, {ru_utime={tv_sec=0, tv_usec=2174}, ru_stime={tv_sec=0, tv_usec=4348}, ...}) = 0
9976  clone(child_stack=NULL, flags=CLONE_VM|CLONE_PIDFD|CLONE_VFORK|SIGCHLD <unfinished ...>
10398 execve("/opt/hostedtoolcache/go/1.27.1/arm64/pkg/tool/linux_arm64/asm", ["/opt/hostedtoolcache/go/1.27.1/a"..., "-p", "runtime", "-trimpath", "/tmp/go-build3326039643/b009=>", "-I", "/tmp/go-build3326039643/b009/", "-I", "/opt/hostedtoolcache/go/1.27.1/a"..., "-D", "GOOS_linux", "-D", "GOARCH_arm64", "-std", "-o", "/tmp/go-build3326039643/b009/pre"..., "/opt/hostedtoolcache/go/1.27.1/a"...], 0x5bded65e4d88 /* 140 vars */ <unfinished ...>
9976  <... clone resumed>, parent_tid=[12]) = 10398
10398 <... execve resumed>)             = 0
9976  waitid(P_PIDFD, 12,  <unfinished ...>
10398 clone(child_stack=0x5669a50c0000, flags=CLONE_VM|CLONE_FS|CLONE_FILES|CLONE_SIGHAND|CLONE_THREAD|CLONE_SYSVSEM) = 10399
10398 clone(child_stack=0x5669a50f8000, flags=CLONE_VM|CLONE_FS|CLONE_FILES|CLONE_SIGHAND|CLONE_THREAD|CLONE_SYSVSEM) = 10400
10398 clone(child_stack=0x5669a50f4000, flags=CLONE_VM|CLONE_FS|CLONE_FILES|CLONE_SIGHAND|CLONE_THREAD|CLONE_SYSVSEM) = 10401
10400 clone(child_stack=0x5669a5198000, flags=CLONE_VM|CLONE_FS|CLONE_FILES|CLONE_SIGHAND|CLONE_THREAD|CLONE_SYSVSEM) = 10402
10398 exit_group(0)                     = ?
10402 +++ exited with 0 +++
10401 +++ exited with 0 +++
10400 +++ exited with 0 +++
10399 +++ exited with 0 +++
10398 +++ exited with 0 +++
9974  --- SIGCHLD {si_signo=SIGCHLD, si_code=CLD_EXITED, si_pid=10398, si_uid=1001, si_status=0, si_utime=0, si_stime=0} ---
9976  <... waitid resumed>{si_signo=SIGCHLD, si_code=CLD_EXITED, si_pid=10398, si_uid=1001, si_status=0, si_utime=0, si_stime=0}, WEXITED, {ru_utime={tv_sec=0, tv_usec=1248}, ru_stime={tv_sec=0, tv_usec=7492}, ...}) = 0
9974  clone(child_stack=NULL, flags=CLONE_VM|CLONE_PIDFD|CLONE_VFORK|SIGCHLD <unfinished ...>
10403 execve("/opt/hostedtoolcache/go/1.27.1/arm64/pkg/tool/linux_arm64/asm", ["/opt/hostedtoolcache/go/1.27.1/a"..., "-p", "runtime", "-trimpath", "/tmp/go-build3326039643/b009=>", "-I", "/tmp/go-build3326039643/b009/", "-I", "/opt/hostedtoolcache/go/1.27.1/a"..., "-D", "GOOS_linux", "-D", "GOARCH_arm64", "-std", "-o", "/tmp/go-build3326039643/b009/rt0"..., "/opt/hostedtoolcache/go/1.27.1/a"...], 0x5bded628f688 /* 140 vars */ <unfinished ...>
9974  <... clone resumed>, parent_tid=[12]) = 10403
10403 <... execve resumed>)             = 0
9974  waitid(P_PIDFD, 12,  <unfinished ...>
10403 clone(child_stack=0x4848aa1ea000, flags=CLONE_VM|CLONE_FS|CLONE_FILES|CLONE_SIGHAND|CLONE_THREAD|CLONE_SYSVSEM) = 10404
10403 clone(child_stack=0x4848aa222000, flags=CLONE_VM|CLONE_FS|CLONE_FILES|CLONE_SIGHAND|CLONE_THREAD|CLONE_SYSVSEM) = 10405
10403 clone(child_stack=0x4848aa21e000, flags=CLONE_VM|CLONE_FS|CLONE_FILES|CLONE_SIGHAND|CLONE_THREAD|CLONE_SYSVSEM) = 10406
10405 clone(child_stack=0x4848aa298000, flags=CLONE_VM|CLONE_FS|CLONE_FILES|CLONE_SIGHAND|CLONE_THREAD|CLONE_SYSVSEM) = 10407
10403 exit_group(0)                     = ?
10407 +++ exited with 0 +++
10406 +++ exited with 0 +++
10405 +++ exited with 0 +++
10404 +++ exited with 0 +++
10403 +++ exited with 0 +++
9976  --- SIGCHLD {si_signo=SIGCHLD, si_code=CLD_EXITED, si_pid=10403, si_uid=1001, si_status=0, si_utime=0, si_stime=0} ---
9974  <... waitid resumed>{si_signo=SIGCHLD, si_code=CLD_EXITED, si_pid=10403, si_uid=1001, si_status=0, si_utime=0, si_stime=0}, WEXITED, {ru_utime={tv_sec=0, tv_usec=0}, ru_stime={tv_sec=0, tv_usec=6036}, ...}) = 0
9976  clone(child_stack=NULL, flags=CLONE_VM|CLONE_PIDFD|CLONE_VFORK|SIGCHLD <unfinished ...>
10408 execve("/opt/hostedtoolcache/go/1.27.1/arm64/pkg/tool/linux_arm64/asm", ["/opt/hostedtoolcache/go/1.27.1/a"..., "-p", "runtime", "-trimpath", "/tmp/go-build3326039643/b009=>", "-I", "/tmp/go-build3326039643/b009/", "-I", "/opt/hostedtoolcache/go/1.27.1/a"..., "-D", "GOOS_linux", "-D", "GOARCH_arm64", "-std", "-o", "/tmp/go-build3326039643/b009/sec"..., "/opt/hostedtoolcache/go/1.27.1/a"...], 0x5bded622ad88 /* 140 vars */ <unfinished ...>
9976  <... clone resumed>, parent_tid=[12]) = 10408
10408 <... execve resumed>)             = 0
9976  waitid(P_PIDFD, 12,  <unfinished ...>
10408 clone(child_stack=0x7c1f65ef8000, flags=CLONE_VM|CLONE_FS|CLONE_FILES|CLONE_SIGHAND|CLONE_THREAD|CLONE_SYSVSEM) = 10409
10408 clone(child_stack=0x7c1f65f30000, flags=CLONE_VM|CLONE_FS|CLONE_FILES|CLONE_SIGHAND|CLONE_THREAD|CLONE_SYSVSEM) = 10410
10409 tgkill(10408, 10408, SIGURG)      = 0
10408 clone(child_stack=0x7c1f65f2c000, flags=CLONE_VM|CLONE_FS|CLONE_FILES|CLONE_SIGHAND|CLONE_THREAD|CLONE_SYSVSEM) = 10411
10408 --- SIGURG {si_signo=SIGURG, si_code=SI_TKILL, si_pid=10408, si_uid=1001} ---
10410 clone(child_stack=0x7c1f65f98000, flags=CLONE_VM|CLONE_FS|CLONE_FILES|CLONE_SIGHAND|CLONE_THREAD|CLONE_SYSVSEM) = 10412
10411 clone(child_stack=0x7c1f65f94000, flags=CLONE_VM|CLONE_FS|CLONE_FILES|CLONE_SIGHAND|CLONE_THREAD|CLONE_SYSVSEM) = 10413
10408 exit_group(0)                     = ?
10413 +++ exited with 0 +++
10412 +++ exited with 0 +++
10411 +++ exited with 0 +++
10410 +++ exited with 0 +++
10409 +++ exited with 0 +++
10408 +++ exited with 0 +++
9976  <... waitid resumed>{si_signo=SIGCHLD, si_code=CLD_EXITED, si_pid=10408, si_uid=1001, si_status=0, si_utime=0, si_stime=0}, WEXITED, {ru_utime={tv_sec=0, tv_usec=1132}, ru_stime={tv_sec=0, tv_usec=7926}, ...}) = 0
9974  --- SIGCHLD {si_signo=SIGCHLD, si_code=CLD_EXITED, si_pid=10408, si_uid=1001, si_status=0, si_utime=0, si_stime=0} ---
9974  clone(child_stack=NULL, flags=CLONE_VM|CLONE_PIDFD|CLONE_VFORK|SIGCHLD <unfinished ...>
10414 execve("/opt/hostedtoolcache/go/1.27.1/arm64/pkg/tool/linux_arm64/asm", ["/opt/hostedtoolcache/go/1.27.1/a"..., "-p", "runtime", "-trimpath", "/tmp/go-build3326039643/b009=>", "-I", "/tmp/go-build3326039643/b009/", "-I", "/opt/hostedtoolcache/go/1.27.1/a"..., "-D", "GOOS_linux", "-D", "GOARCH_arm64", "-std", "-o", "/tmp/go-build3326039643/b009/sys"..., "/opt/hostedtoolcache/go/1.27.1/a"...], 0x5bded628fb08 /* 140 vars */ <unfinished ...>
9974  <... clone resumed>, parent_tid=[12]) = 10414
10414 <... execve resumed>)             = 0
9974  waitid(P_PIDFD, 12,  <unfinished ...>
10414 clone(child_stack=0x25a6fb098000, flags=CLONE_VM|CLONE_FS|CLONE_FILES|CLONE_SIGHAND|CLONE_THREAD|CLONE_SYSVSEM) = 10415
10414 clone(child_stack=0x25a6fb0d0000, flags=CLONE_VM|CLONE_FS|CLONE_FILES|CLONE_SIGHAND|CLONE_THREAD|CLONE_SYSVSEM) = 10416
10414 clone(child_stack=0x25a6fb0cc000, flags=CLONE_VM|CLONE_FS|CLONE_FILES|CLONE_SIGHAND|CLONE_THREAD|CLONE_SYSVSEM) = 10417
10416 clone(child_stack=0x25a6fb118000, flags=CLONE_VM|CLONE_FS|CLONE_FILES|CLONE_SIGHAND|CLONE_THREAD|CLONE_SYSVSEM) = 10418
10415 tgkill(10414, 10414, SIGURG)      = 0
10414 --- SIGURG {si_signo=SIGURG, si_code=SI_TKILL, si_pid=10414, si_uid=1001} ---
10414 exit_group(0)                     = ?
10418 +++ exited with 0 +++
10417 +++ exited with 0 +++
10416 +++ exited with 0 +++
10415 +++ exited with 0 +++
10414 +++ exited with 0 +++
9976  --- SIGCHLD {si_signo=SIGCHLD, si_code=CLD_EXITED, si_pid=10414, si_uid=1001, si_status=0, si_utime=0, si_stime=0} ---
9974  <... waitid resumed>{si_signo=SIGCHLD, si_code=CLD_EXITED, si_pid=10414, si_uid=1001, si_status=0, si_utime=0, si_stime=0}, WEXITED, {ru_utime={tv_sec=0, tv_usec=4066}, ru_stime={tv_sec=0, tv_usec=6777}, ...}) = 0
9976  clone(child_stack=NULL, flags=CLONE_VM|CLONE_PIDFD|CLONE_VFORK|SIGCHLD <unfinished ...>
10419 execve("/opt/hostedtoolcache/go/1.27.1/arm64/pkg/tool/linux_arm64/asm", ["/opt/hostedtoolcache/go/1.27.1/a"..., "-p", "runtime", "-trimpath", "/tmp/go-build3326039643/b009=>", "-I", "/tmp/go-build3326039643/b009/", "-I", "/opt/hostedtoolcache/go/1.27.1/a"..., "-D", "GOOS_linux", "-D", "GOARCH_arm64", "-std", "-o", "/tmp/go-build3326039643/b009/tls"..., "/opt/hostedtoolcache/go/1.27.1/a"...], 0x5bded622b208 /* 140 vars */ <unfinished ...>
9976  <... clone resumed>, parent_tid=[12]) = 10419
10419 <... execve resumed>)             = 0
9976  waitid(P_PIDFD, 12,  <unfinished ...>
10419 clone(child_stack=0xd07c2b4c000, flags=CLONE_VM|CLONE_FS|CLONE_FILES|CLONE_SIGHAND|CLONE_THREAD|CLONE_SYSVSEM) = 10420
10419 clone(child_stack=0xd07c2b88000, flags=CLONE_VM|CLONE_FS|CLONE_FILES|CLONE_SIGHAND|CLONE_THREAD|CLONE_SYSVSEM) = 10421
10419 clone(child_stack=0xd07c2b84000, flags=CLONE_VM|CLONE_FS|CLONE_FILES|CLONE_SIGHAND|CLONE_THREAD|CLONE_SYSVSEM) = 10422
10421 clone(child_stack=0xd07c2bb0000, flags=CLONE_VM|CLONE_FS|CLONE_FILES|CLONE_SIGHAND|CLONE_THREAD|CLONE_SYSVSEM) = 10423
10419 exit_group(0)                     = ?
10423 +++ exited with 0 +++
10422 +++ exited with 0 +++
10421 +++ exited with 0 +++
10420 +++ exited with 0 +++
10419 +++ exited with 0 +++
9974  --- SIGCHLD {si_signo=SIGCHLD, si_code=CLD_EXITED, si_pid=10419, si_uid=1001, si_status=0, si_utime=0, si_stime=0} ---
9976  <... waitid resumed>{si_signo=SIGCHLD, si_code=CLD_EXITED, si_pid=10419, si_uid=1001, si_status=0, si_utime=0, si_stime=0}, WEXITED, {ru_utime={tv_sec=0, tv_usec=4551}, ru_stime={tv_sec=0, tv_usec=4551}, ...}) = 0
9973  tgkill(9972, 9974, SIGURG <unfinished ...>
9974  --- SIGURG {si_signo=SIGURG, si_code=SI_TKILL, si_pid=9972, si_uid=1001} ---
9973  <... tgkill resumed>)             = 0
9973  tgkill(9972, 10077, SIGURG)       = 0
10077 --- SIGURG {si_signo=SIGURG, si_code=SI_TKILL, si_pid=9972, si_uid=1001} ---
9973  tgkill(9972, 9974, SIGURG)        = 0
9974  --- SIGURG {si_signo=SIGURG, si_code=SI_TKILL, si_pid=9972, si_uid=1001} ---
10077 clone(child_stack=NULL, flags=CLONE_VM|CLONE_PIDFD|CLONE_VFORK|SIGCHLD <unfinished ...>
9976  clone(child_stack=NULL, flags=CLONE_VM|CLONE_PIDFD|CLONE_VFORK|SIGCHLD <unfinished ...>
10424 execve("/opt/hostedtoolcache/go/1.27.1/arm64/pkg/tool/linux_arm64/compile", ["/opt/hostedtoolcache/go/1.27.1/a"..., "-o", "/tmp/go-build3326039643/b039/_pk"..., "-trimpath", "/tmp/go-build3326039643/b039=>", "-p", "iter", "-lang=go1.27", "-std", "-complete", "-buildid", "DgyyIOKHmH8ZE3UWz1ON/DgyyIOKHmH8"..., "-goversion", "go1.27.1", "-c=4", "-nolocalimports", "-importcfg", "/tmp/go-build3326039643/b039/imp"..., "-pack", "/opt/hostedtoolcache/go/1.27.1/a"...], 0x5bded6518d88 /* 140 vars */ <unfinished ...>
10077 <... clone resumed>, parent_tid=[14]) = 10424
10424 <... execve resumed>)             = 0
10425 execve("/opt/hostedtoolcache/go/1.27.1/arm64/pkg/tool/linux_arm64/asm", ["/opt/hostedtoolcache/go/1.27.1/a"..., "-p", "internal/reflectlite", "-trimpath", "/tmp/go-build3326039643/b004=>", "-I", "/tmp/go-build3326039643/b004/", "-I", "/opt/hostedtoolcache/go/1.27.1/a"..., "-D", "GOOS_linux", "-D", "GOARCH_arm64", "-std", "-gensymabis", "-o", "/tmp/go-build3326039643/b004/sym"..., "/opt/hostedtoolcache/go/1.27.1/a"...], 0x5bded65e5208 /* 140 vars */ <unfinished ...>
9976  <... clone resumed>, parent_tid=[19]) = 10425
10425 <... execve resumed>)             = 0
10077 waitid(P_PIDFD, 14,  <unfinished ...>
9976  waitid(P_PIDFD, 19,  <unfinished ...>
9974  clone(child_stack=NULL, flags=CLONE_VM|CLONE_PIDFD|CLONE_VFORK|SIGCHLD <unfinished ...>
10426 execve("/opt/hostedtoolcache/go/1.27.1/arm64/pkg/tool/linux_arm64/compile", ["/opt/hostedtoolcache/go/1.27.1/a"..., "-o", "/tmp/go-build3326039643/b043/_pk"..., "-trimpath", "/tmp/go-build3326039643/b043=>", "-p", "sync", "-lang=go1.27", "-std", "-buildid", "tibdbErV-S0NeGN1bvWt/tibdbErV-S0"..., "-goversion", "go1.27.1", "-c=4", "-nolocalimports", "-importcfg", "/tmp/go-build3326039643/b043/imp"..., "-pack", "/opt/hostedtoolcache/go/1.27.1/a"..., "/opt/hostedtoolcache/go/1.27.1/a"..., "/opt/hostedtoolcache/go/1.27.1/a"..., "/opt/hostedtoolcache/go/1.27.1/a"..., "/opt/hostedtoolcache/go/1.27.1/a"..., "/opt/hostedtoolcache/go/1.27.1/a"..., "/opt/hostedtoolcache/go/1.27.1/a"..., "/opt/hostedtoolcache/go/1.27.1/a"..., "/opt/hostedtoolcache/go/1.27.1/a"..., "/opt/hostedtoolcache/go/1.27.1/a"..., "/opt/hostedtoolcache/go/1.27.1/a"...], 0x5bded622b688 /* 140 vars */ <unfinished ...>
9974  <... clone resumed>, parent_tid=[13]) = 10426
10426 <... execve resumed>)             = 0
9974  waitid(P_PIDFD, 13,  <unfinished ...>
10424 clone(child_stack=0xcb414b56000, flags=CLONE_VM|CLONE_FS|CLONE_FILES|CLONE_SIGHAND|CLONE_THREAD|CLONE_SYSVSEM) = 10427
10424 clone(child_stack=0xcb414b90000, flags=CLONE_VM|CLONE_FS|CLONE_FILES|CLONE_SIGHAND|CLONE_THREAD|CLONE_SYSVSEM) = 10428
10427 tgkill(10424, 10424, SIGURG)      = 0
10424 --- SIGURG {si_signo=SIGURG, si_code=SI_TKILL, si_pid=10424, si_uid=1001} ---
10424 clone(child_stack=0xcb414b8c000, flags=CLONE_VM|CLONE_FS|CLONE_FILES|CLONE_SIGHAND|CLONE_THREAD|CLONE_SYSVSEM) = 10429
10428 clone(child_stack=0xcb414bb0000, flags=CLONE_VM|CLONE_FS|CLONE_FILES|CLONE_SIGHAND|CLONE_THREAD|CLONE_SYSVSEM <unfinished ...>
10425 clone(child_stack=0x32f81f6e000, flags=CLONE_VM|CLONE_FS|CLONE_FILES|CLONE_SIGHAND|CLONE_THREAD|CLONE_SYSVSEM <unfinished ...>
10428 <... clone resumed>)              = 10430
10425 <... clone resumed>)              = 10431
10425 clone(child_stack=0x32f81fa6000, flags=CLONE_VM|CLONE_FS|CLONE_FILES|CLONE_SIGHAND|CLONE_THREAD|CLONE_SYSVSEM) = 10432
10431 tgkill(10425, 10425, SIGURG)      = 0
10425 --- SIGURG {si_signo=SIGURG, si_code=SI_TKILL, si_pid=10425, si_uid=1001} ---
10425 clone(child_stack=0x32f81fa2000, flags=CLONE_VM|CLONE_FS|CLONE_FILES|CLONE_SIGHAND|CLONE_THREAD|CLONE_SYSVSEM) = 10433
10432 clone(child_stack=0x32f82018000, flags=CLONE_VM|CLONE_FS|CLONE_FILES|CLONE_SIGHAND|CLONE_THREAD|CLONE_SYSVSEM) = 10434
10426 clone(child_stack=0x378230a22000, flags=CLONE_VM|CLONE_FS|CLONE_FILES|CLONE_SIGHAND|CLONE_THREAD|CLONE_SYSVSEM) = 10435
10426 clone(child_stack=0x378230a5a000, flags=CLONE_VM|CLONE_FS|CLONE_FILES|CLONE_SIGHAND|CLONE_THREAD|CLONE_SYSVSEM) = 10436
10435 tgkill(10426, 10426, SIGURG)      = 0
10426 clone(child_stack=0x378230a56000, flags=CLONE_VM|CLONE_FS|CLONE_FILES|CLONE_SIGHAND|CLONE_THREAD|CLONE_SYSVSEM) = 10437
10426 --- SIGURG {si_signo=SIGURG, si_code=SI_TKILL, si_pid=10426, si_uid=1001} ---
10436 clone(child_stack=0x378230b28000, flags=CLONE_VM|CLONE_FS|CLONE_FILES|CLONE_SIGHAND|CLONE_THREAD|CLONE_SYSVSEM <unfinished ...>
10425 exit_group(0 <unfinished ...>
10436 <... clone resumed>)              = 10438
10425 <... exit_group resumed>)         = ?
10434 +++ exited with 0 +++
10432 +++ exited with 0 +++
10431 +++ exited with 0 +++
10433 +++ exited with 0 +++
10425 +++ exited with 0 +++
9979  --- SIGCHLD {si_signo=SIGCHLD, si_code=CLD_EXITED, si_pid=10425, si_uid=1001, si_status=0, si_utime=0, si_stime=0} ---
9976  <... waitid resumed>{si_signo=SIGCHLD, si_code=CLD_EXITED, si_pid=10425, si_uid=1001, si_status=0, si_utime=0, si_stime=0}, WEXITED, {ru_utime={tv_sec=0, tv_usec=2662}, ru_stime={tv_sec=0, tv_usec=2662}, ...}) = 0
9979  clone(child_stack=NULL, flags=CLONE_VM|CLONE_PIDFD|CLONE_VFORK|SIGCHLD <unfinished ...>
10435 clone(child_stack=0x378230e9c000, flags=CLONE_VM|CLONE_FS|CLONE_FILES|CLONE_SIGHAND|CLONE_THREAD|CLONE_SYSVSEM) = 10440
10439 execve("/opt/hostedtoolcache/go/1.27.1/arm64/pkg/tool/linux_arm64/compile", ["/opt/hostedtoolcache/go/1.27.1/a"..., "-o", "/tmp/go-build3326039643/b004/_pk"..., "-trimpath", "/tmp/go-build3326039643/b004=>", "-p", "internal/reflectlite", "-lang=go1.27", "-std", "-buildid", "kVUm_RCEslAPuimKqqBo/kVUm_RCEslA"..., "-goversion", "go1.27.1", "-symabis", "/tmp/go-build3326039643/b004/sym"..., "-c=4", "-nolocalimports", "-importcfg", "/tmp/go-build3326039643/b004/imp"..., "-pack", "-asmhdr", "/tmp/go-build3326039643/b004/go_"..., "/opt/hostedtoolcache/go/1.27.1/a"..., "/opt/hostedtoolcache/go/1.27.1/a"..., "/opt/hostedtoolcache/go/1.27.1/a"...], 0x5bded65e5688 /* 140 vars */ <unfinished ...>
9979  <... clone resumed>, parent_tid=[16]) = 10439
10439 <... execve resumed>)             = 0
9979  waitid(P_PIDFD, 16,  <unfinished ...>
10427 tgkill(10424, 10424, SIGURG)      = 0
10424 --- SIGURG {si_signo=SIGURG, si_code=SI_TKILL, si_pid=10424, si_uid=1001} ---
10428 exit_group(0)                     = ?
10430 +++ exited with 0 +++
10428 +++ exited with 0 +++
10427 +++ exited with 0 +++
10429 +++ exited with 0 +++
10424 +++ exited with 0 +++
10077 <... waitid resumed>{si_signo=SIGCHLD, si_code=CLD_EXITED, si_pid=10424, si_uid=1001, si_status=0, si_utime=0, si_stime=0}, WEXITED, {ru_utime={tv_sec=0, tv_usec=6666}, ru_stime={tv_sec=0, tv_usec=7619}, ...}) = 0
10077 --- SIGCHLD {si_signo=SIGCHLD, si_code=CLD_EXITED, si_pid=10424, si_uid=1001, si_status=0, si_utime=0, si_stime=0} ---
10439 clone(child_stack=0x38594a648000, flags=CLONE_VM|CLONE_FS|CLONE_FILES|CLONE_SIGHAND|CLONE_THREAD|CLONE_SYSVSEM) = 10441
10439 clone(child_stack=0x38594a680000, flags=CLONE_VM|CLONE_FS|CLONE_FILES|CLONE_SIGHAND|CLONE_THREAD|CLONE_SYSVSEM) = 10442
10441 tgkill(10439, 10439, SIGURG <unfinished ...>
10439 clone(child_stack=0x38594a67c000, flags=CLONE_VM|CLONE_FS|CLONE_FILES|CLONE_SIGHAND|CLONE_THREAD|CLONE_SYSVSEM <unfinished ...>
10441 <... tgkill resumed>)             = 0
10439 <... clone resumed>)              = 10443
10439 --- SIGURG {si_signo=SIGURG, si_code=SI_TKILL, si_pid=10439, si_uid=1001} ---
10442 clone(child_stack=0x38594a718000, flags=CLONE_VM|CLONE_FS|CLONE_FILES|CLONE_SIGHAND|CLONE_THREAD|CLONE_SYSVSEM) = 10444
10435 tgkill(10426, 10426, SIGURG)      = 0
10426 --- SIGURG {si_signo=SIGURG, si_code=SI_TKILL, si_pid=10426, si_uid=1001} ---
9978  tgkill(9972, 9976, SIGURG)        = 0
9976  --- SIGURG {si_signo=SIGURG, si_code=SI_TKILL, si_pid=9972, si_uid=1001} ---
9978  clone(child_stack=NULL, flags=CLONE_VM|CLONE_PIDFD|CLONE_VFORK|SIGCHLD <unfinished ...>
10445 execve("/opt/hostedtoolcache/go/1.27.1/arm64/pkg/tool/linux_arm64/compile", ["/opt/hostedtoolcache/go/1.27.1/a"..., "-o", "/tmp/go-build3326039643/b048/_pk"..., "-trimpath", "/tmp/go-build3326039643/b048=>", "-p", "slices", "-lang=go1.27", "-std", "-complete", "-buildid", "xv4P1bxveEn0ulXBTz8R/xv4P1bxveEn"..., "-goversion", "go1.27.1", "-c=4", "-nolocalimports", "-importcfg", "/tmp/go-build3326039643/b048/imp"..., "-pack", "/opt/hostedtoolcache/go/1.27.1/a"..., "/opt/hostedtoolcache/go/1.27.1/a"..., "/opt/hostedtoolcache/go/1.27.1/a"..., "/opt/hostedtoolcache/go/1.27.1/a"..., "/opt/hostedtoolcache/go/1.27.1/a"...], 0x5bded6518d88 /* 140 vars */ <unfinished ...>
9976  tgkill(9972, 9978, SIGURG)        = 0
9976  tgkill(9972, 9977, SIGURG <unfinished ...>
9977  --- SIGURG {si_signo=SIGURG, si_code=SI_TKILL, si_pid=9972, si_uid=1001} ---
9976  <... tgkill resumed>)             = 0
9976  tgkill(9972, 9977, SIGURG <unfinished ...>
9977  --- SIGURG {si_signo=SIGURG, si_code=SI_TKILL, si_pid=9972, si_uid=1001} ---
9976  <... tgkill resumed>)             = 0
10445 <... execve resumed>)             = 0
9976  tgkill(9972, 9977, SIGURG)        = 0
9977  --- SIGURG {si_signo=SIGURG, si_code=SI_TKILL, si_pid=9972, si_uid=1001} ---
9976  tgkill(9972, 9977, SIGURG <unfinished ...>
9977  --- SIGURG {si_signo=SIGURG, si_code=SI_TKILL, si_pid=9972, si_uid=1001} ---
9976  <... tgkill resumed>)             = 0
9978  <... clone resumed>, parent_tid=[15]) = 10445
9978  --- SIGURG {si_signo=SIGURG, si_code=SI_TKILL, si_pid=9972, si_uid=1001} ---
9976  tgkill(9972, 9972, SIGURG)        = 0
9976  tgkill(9972, 9978, SIGURG)        = 0
9978  --- SIGURG {si_signo=SIGURG, si_code=SI_TKILL, si_pid=9972, si_uid=1001} ---
9972  --- SIGURG {si_signo=SIGURG, si_code=SI_TKILL, si_pid=9972, si_uid=1001} ---
9978  waitid(P_PIDFD, 15,  <unfinished ...>
10441 tgkill(10439, 10443, SIGURG)      = 0
10443 --- SIGURG {si_signo=SIGURG, si_code=SI_TKILL, si_pid=10439, si_uid=1001} ---
10435 tgkill(10426, 10426, SIGURG)      = 0
10426 --- SIGURG {si_signo=SIGURG, si_code=SI_TKILL, si_pid=10426, si_uid=1001} ---
10445 clone(child_stack=0x4e663d948000, flags=CLONE_VM|CLONE_FS|CLONE_FILES|CLONE_SIGHAND|CLONE_THREAD|CLONE_SYSVSEM) = 10446
10445 clone(child_stack=0x4e663d980000, flags=CLONE_VM|CLONE_FS|CLONE_FILES|CLONE_SIGHAND|CLONE_THREAD|CLONE_SYSVSEM) = 10447
10447 clone(child_stack=0x4e663da18000, flags=CLONE_VM|CLONE_FS|CLONE_FILES|CLONE_SIGHAND|CLONE_THREAD|CLONE_SYSVSEM) = 10448
10445 clone(child_stack=0x4e663d97c000, flags=CLONE_VM|CLONE_FS|CLONE_FILES|CLONE_SIGHAND|CLONE_THREAD|CLONE_SYSVSEM) = 10449
10446 clone(child_stack=0x4e663d9a4000, flags=CLONE_VM|CLONE_FS|CLONE_FILES|CLONE_SIGHAND|CLONE_THREAD|CLONE_SYSVSEM) = 10450
10441 tgkill(10439, 10439, SIGURG)      = 0
10439 --- SIGURG {si_signo=SIGURG, si_code=SI_TKILL, si_pid=10439, si_uid=1001} ---
10446 tgkill(10445, 10448, SIGURG)      = 0
10448 --- SIGURG {si_signo=SIGURG, si_code=SI_TKILL, si_pid=10445, si_uid=1001} ---
10435 tgkill(10426, 10426, SIGURG)      = 0
10426 --- SIGURG {si_signo=SIGURG, si_code=SI_TKILL, si_pid=10426, si_uid=1001} ---
10445 exit_group(0)                     = ?
10448 +++ exited with 0 +++
10446 +++ exited with 0 +++
10450 +++ exited with 0 +++
10449 +++ exited with 0 +++
10447 +++ exited with 0 +++
10445 +++ exited with 0 +++
9978  <... waitid resumed>{si_signo=SIGCHLD, si_code=CLD_EXITED, si_pid=10445, si_uid=1001, si_status=0, si_utime=0, si_stime=0}, WEXITED, {ru_utime={tv_sec=0, tv_usec=13951}, ru_stime={tv_sec=0, tv_usec=10230}, ...}) = 0
9976  --- SIGCHLD {si_signo=SIGCHLD, si_code=CLD_EXITED, si_pid=10445, si_uid=1001, si_status=0, si_utime=1 /* 0.01 s */, si_stime=1 /* 0.01 s */} ---
9973  tgkill(9972, 9978, SIGURG)        = 0
9978  --- SIGURG {si_signo=SIGURG, si_code=SI_TKILL, si_pid=9972, si_uid=1001} ---
10435 tgkill(10426, 10440, SIGURG)      = 0
10440 --- SIGURG {si_signo=SIGURG, si_code=SI_TKILL, si_pid=10426, si_uid=1001} ---
10435 tgkill(10426, 10437, SIGURG)      = 0
10435 tgkill(10426, 10436, SIGURG)      = 0
10436 --- SIGURG {si_signo=SIGURG, si_code=SI_TKILL, si_pid=10426, si_uid=1001} ---
10441 tgkill(10439, 10443, SIGURG)      = 0
10443 --- SIGURG {si_signo=SIGURG, si_code=SI_TKILL, si_pid=10439, si_uid=1001} ---
10437 --- SIGURG {si_signo=SIGURG, si_code=SI_TKILL, si_pid=10426, si_uid=1001} ---
10441 tgkill(10439, 10442, SIGURG)      = 0
10442 --- SIGURG {si_signo=SIGURG, si_code=SI_TKILL, si_pid=10439, si_uid=1001} ---
10435 tgkill(10426, 10426, SIGURG)      = 0
10426 --- SIGURG {si_signo=SIGURG, si_code=SI_TKILL, si_pid=10426, si_uid=1001} ---
10441 tgkill(10439, 10444, SIGURG)      = 0
10444 --- SIGURG {si_signo=SIGURG, si_code=SI_TKILL, si_pid=10439, si_uid=1001} ---
10441 tgkill(10439, 10439, SIGURG)      = 0
10439 --- SIGURG {si_signo=SIGURG, si_code=SI_TKILL, si_pid=10439, si_uid=1001} ---
10441 tgkill(10439, 10443, SIGURG)      = 0
10443 --- SIGURG {si_signo=SIGURG, si_code=SI_TKILL, si_pid=10439, si_uid=1001} ---
10441 tgkill(10439, 10442, SIGURG)      = 0
10442 --- SIGURG {si_signo=SIGURG, si_code=SI_TKILL, si_pid=10439, si_uid=1001} ---
10441 tgkill(10439, 10439, SIGURG)      = 0
10439 --- SIGURG {si_signo=SIGURG, si_code=SI_TKILL, si_pid=10439, si_uid=1001} ---
10437 exit_group(0)                     = ?
10440 +++ exited with 0 +++
10436 +++ exited with 0 +++
10435 +++ exited with 0 +++
10438 +++ exited with 0 +++
10437 +++ exited with 0 +++
10426 +++ exited with 0 +++
9974  <... waitid resumed>{si_signo=SIGCHLD, si_code=CLD_EXITED, si_pid=10426, si_uid=1001, si_status=0, si_utime=0, si_stime=0}, WEXITED, {ru_utime={tv_sec=0, tv_usec=107409}, ru_stime={tv_sec=0, tv_usec=25095}, ...}) = 0
9978  --- SIGCHLD {si_signo=SIGCHLD, si_code=CLD_EXITED, si_pid=10426, si_uid=1001, si_status=0, si_utime=10 /* 0.10 s */, si_stime=2 /* 0.02 s */} ---
9973  tgkill(9972, 9978, SIGURG)        = 0
9978  --- SIGURG {si_signo=SIGURG, si_code=SI_TKILL, si_pid=9972, si_uid=1001} ---
10444 exit_group(0)                     = ?
10444 +++ exited with 0 +++
10443 +++ exited with 0 +++
10442 +++ exited with 0 +++
10441 +++ exited with 0 +++
10439 +++ exited with 0 +++
9978  --- SIGCHLD {si_signo=SIGCHLD, si_code=CLD_EXITED, si_pid=10439, si_uid=1001, si_status=0, si_utime=8 /* 0.08 s */, si_stime=2 /* 0.02 s */} ---
9979  <... waitid resumed>{si_signo=SIGCHLD, si_code=CLD_EXITED, si_pid=10439, si_uid=1001, si_status=0, si_utime=0, si_stime=0}, WEXITED, {ru_utime={tv_sec=0, tv_usec=86277}, ru_stime={tv_sec=0, tv_usec=25784}, ...}) = 0
9974  clone(child_stack=NULL, flags=CLONE_VM|CLONE_PIDFD|CLONE_VFORK|SIGCHLD <unfinished ...>
10451 execve("/opt/hostedtoolcache/go/1.27.1/arm64/pkg/tool/linux_arm64/asm", ["/opt/hostedtoolcache/go/1.27.1/a"..., "-p", "internal/reflectlite", "-trimpath", "/tmp/go-build3326039643/b004=>", "-I", "/tmp/go-build3326039643/b004/", "-I", "/opt/hostedtoolcache/go/1.27.1/a"..., "-D", "GOOS_linux", "-D", "GOARCH_arm64", "-std", "-o", "/tmp/go-build3326039643/b004/asm"..., "/opt/hostedtoolcache/go/1.27.1/a"...], 0x5bded622a008 /* 140 vars */ <unfinished ...>
9974  <... clone resumed>, parent_tid=[7]) = 10451
10451 <... execve resumed>)             = 0
9974  waitid(P_PIDFD, 7,  <unfinished ...>
9973  tgkill(9972, 9978, SIGURG)        = 0
9978  --- SIGURG {si_signo=SIGURG, si_code=SI_TKILL, si_pid=9972, si_uid=1001} ---
9978  clone(child_stack=NULL, flags=CLONE_VM|CLONE_PIDFD|CLONE_VFORK|SIGCHLD <unfinished ...>
9976  clone(child_stack=NULL, flags=CLONE_VM|CLONE_PIDFD|CLONE_VFORK|SIGCHLD <unfinished ...>
10452 execve("/opt/hostedtoolcache/go/1.27.1/arm64/pkg/tool/linux_arm64/compile", ["/opt/hostedtoolcache/go/1.27.1/a"..., "-o", "/tmp/go-build3326039643/b060/_pk"..., "-trimpath", "/tmp/go-build3326039643/b060=>", "-p", "internal/testlog", "-lang=go1.27", "-std", "-complete", "-buildid", "My4uYhanPKvKwpRUWpH7/My4uYhanPKv"..., "-goversion", "go1.27.1", "-c=4", "-nolocalimports", "-importcfg", "/tmp/go-build3326039643/b060/imp"..., "-pack", "/opt/hostedtoolcache/go/1.27.1/a"..., "/opt/hostedtoolcache/go/1.27.1/a"...], 0x5bded6519b08 /* 140 vars */ <unfinished ...>
10453 execve("/opt/hostedtoolcache/go/1.27.1/arm64/pkg/tool/linux_arm64/compile", ["/opt/hostedtoolcache/go/1.27.1/a"..., "-o", "/tmp/go-build3326039643/b067/_pk"..., "-trimpath", "/tmp/go-build3326039643/b067=>", "-p", "internal/bisect", "-lang=go1.27", "-std", "-complete", "-buildid", "ku8fypSFdx02E07a4rd-/ku8fypSFdx0"..., "-goversion", "go1.27.1", "-c=4", "-nolocalimports", "-importcfg", "/tmp/go-build3326039643/b067/imp"..., "-pack", "/opt/hostedtoolcache/go/1.27.1/a"...], 0x5bded65e4d88 /* 140 vars */ <unfinished ...>
9976  <... clone resumed>, parent_tid=[20]) = 10453
10452 <... execve resumed>)             = 0
9978  <... clone resumed>, parent_tid=[17]) = 10452
10453 <... execve resumed>)             = 0
9978  waitid(P_PIDFD, 17,  <unfinished ...>
9976  waitid(P_PIDFD, 20,  <unfinished ...>
10451 clone(child_stack=0x5f8dbd9c2000, flags=CLONE_VM|CLONE_FS|CLONE_FILES|CLONE_SIGHAND|CLONE_THREAD|CLONE_SYSVSEM) = 10454
10451 clone(child_stack=0x5f8dbd9fa000, flags=CLONE_VM|CLONE_FS|CLONE_FILES|CLONE_SIGHAND|CLONE_THREAD|CLONE_SYSVSEM) = 10455
10454 tgkill(10451, 10451, SIGURG)      = 0
10451 --- SIGURG {si_signo=SIGURG, si_code=SI_TKILL, si_pid=10451, si_uid=1001} ---
10451 clone(child_stack=0x5f8dbd9f6000, flags=CLONE_VM|CLONE_FS|CLONE_FILES|CLONE_SIGHAND|CLONE_THREAD|CLONE_SYSVSEM <unfinished ...>
10455 clone(child_stack=0x5f8dbda20000, flags=CLONE_VM|CLONE_FS|CLONE_FILES|CLONE_SIGHAND|CLONE_THREAD|CLONE_SYSVSEM <unfinished ...>
10451 <... clone resumed>)              = 10456
10455 <... clone resumed>)              = 10457
10453 clone(child_stack=0xd47998be000, flags=CLONE_VM|CLONE_FS|CLONE_FILES|CLONE_SIGHAND|CLONE_THREAD|CLONE_SYSVSEM) = 10458
10453 clone(child_stack=0xd47998f6000, flags=CLONE_VM|CLONE_FS|CLONE_FILES|CLONE_SIGHAND|CLONE_THREAD|CLONE_SYSVSEM) = 10459
10458 tgkill(10453, 10453, SIGURG)      = 0
10453 clone(child_stack=0xd47998f2000, flags=CLONE_VM|CLONE_FS|CLONE_FILES|CLONE_SIGHAND|CLONE_THREAD|CLONE_SYSVSEM <unfinished ...>
10452 clone(child_stack=0x1326b9ffc000, flags=CLONE_VM|CLONE_FS|CLONE_FILES|CLONE_SIGHAND|CLONE_THREAD|CLONE_SYSVSEM <unfinished ...>
10453 <... clone resumed>)              = 10460
10452 <... clone resumed>)              = 10461
10453 --- SIGURG {si_signo=SIGURG, si_code=SI_TKILL, si_pid=10453, si_uid=1001} ---
10459 clone(child_stack=0xd4799918000, flags=CLONE_VM|CLONE_FS|CLONE_FILES|CLONE_SIGHAND|CLONE_THREAD|CLONE_SYSVSEM <unfinished ...>
10452 clone(child_stack=0x1326ba034000, flags=CLONE_VM|CLONE_FS|CLONE_FILES|CLONE_SIGHAND|CLONE_THREAD|CLONE_SYSVSEM <unfinished ...>
10459 <... clone resumed>)              = 10462
10452 <... clone resumed>)              = 10463
10461 tgkill(10452, 10452, SIGURG)      = 0
10452 clone(child_stack=0x1326ba030000, flags=CLONE_VM|CLONE_FS|CLONE_FILES|CLONE_SIGHAND|CLONE_THREAD|CLONE_SYSVSEM) = 10464
10452 --- SIGURG {si_signo=SIGURG, si_code=SI_TKILL, si_pid=10452, si_uid=1001} ---
10463 clone(child_stack=0x1326ba098000, flags=CLONE_VM|CLONE_FS|CLONE_FILES|CLONE_SIGHAND|CLONE_THREAD|CLONE_SYSVSEM) = 10465
10451 exit_group(0)                     = ?
10456 +++ exited with 0 +++
10455 +++ exited with 0 +++
10454 +++ exited with 0 +++
10457 +++ exited with 0 +++
10451 +++ exited with 0 +++
9974  <... waitid resumed>{si_signo=SIGCHLD, si_code=CLD_EXITED, si_pid=10451, si_uid=1001, si_status=0, si_utime=0, si_stime=0}, WEXITED, {ru_utime={tv_sec=0, tv_usec=2424}, ru_stime={tv_sec=0, tv_usec=3233}, ...}) = 0
9979  --- SIGCHLD {si_signo=SIGCHLD, si_code=CLD_EXITED, si_pid=10451, si_uid=1001, si_status=0, si_utime=0, si_stime=0} ---
10458 tgkill(10453, 10453, SIGURG)      = 0
10453 --- SIGURG {si_signo=SIGURG, si_code=SI_TKILL, si_pid=10453, si_uid=1001} ---
10461 tgkill(10452, 10463, SIGURG)      = 0
10463 --- SIGURG {si_signo=SIGURG, si_code=SI_TKILL, si_pid=10452, si_uid=1001} ---
9973  tgkill(9972, 9979, SIGURG <unfinished ...>
9979  --- SIGURG {si_signo=SIGURG, si_code=SI_TKILL, si_pid=9972, si_uid=1001} ---
9973  <... tgkill resumed>)             = 0
10464 exit_group(0)                     = ?
10465 +++ exited with 0 +++
10463 +++ exited with 0 +++
10461 +++ exited with 0 +++
10464 +++ exited with 0 +++
10452 +++ exited with 0 +++
9978  <... waitid resumed>{si_signo=SIGCHLD, si_code=CLD_EXITED, si_pid=10452, si_uid=1001, si_status=0, si_utime=0, si_stime=0}, WEXITED, {ru_utime={tv_sec=0, tv_usec=13918}, ru_stime={tv_sec=0, tv_usec=8565}, ...}) = 0
9974  --- SIGCHLD {si_signo=SIGCHLD, si_code=CLD_EXITED, si_pid=10452, si_uid=1001, si_status=0, si_utime=1 /* 0.01 s */, si_stime=0} ---
9972  clone(child_stack=NULL, flags=CLONE_VM|CLONE_PIDFD|CLONE_VFORK|SIGCHLD <unfinished ...>
10458 tgkill(10453, 10459, SIGURG)      = 0
10459 --- SIGURG {si_signo=SIGURG, si_code=SI_TKILL, si_pid=10453, si_uid=1001} ---
9979  clone(child_stack=NULL, flags=CLONE_VM|CLONE_PIDFD|CLONE_VFORK|SIGCHLD <unfinished ...>
9973  tgkill(9972, 9972, SIGURG)        = 0
10467 execve("/opt/hostedtoolcache/go/1.27.1/arm64/pkg/tool/linux_arm64/compile", ["/opt/hostedtoolcache/go/1.27.1/a"..., "-o", "/tmp/go-build3326039643/b072/_pk"..., "-trimpath", "/tmp/go-build3326039643/b072=>", "-p", "sort", "-lang=go1.27", "-std", "-complete", "-buildid", "2TLhRIbnJYjcFdkLaMp8/2TLhRIbnJYj"..., "-goversion", "go1.27.1", "-c=4", "-nolocalimports", "-importcfg", "/tmp/go-build3326039643/b072/imp"..., "-pack", "/opt/hostedtoolcache/go/1.27.1/a"..., "/opt/hostedtoolcache/go/1.27.1/a"..., "/opt/hostedtoolcache/go/1.27.1/a"..., "/opt/hostedtoolcache/go/1.27.1/a"..., "/opt/hostedtoolcache/go/1.27.1/a"...], 0x5bded622a488 /* 140 vars */ <unfinished ...>
9979  <... clone resumed>, parent_tid=[21]) = 10467
10467 <... execve resumed>)             = 0
9979  waitid(P_PIDFD, 21,  <unfinished ...>
10466 execve("/opt/hostedtoolcache/go/1.27.1/arm64/pkg/tool/linux_arm64/compile", ["/opt/hostedtoolcache/go/1.27.1/a"..., "-o", "/tmp/go-build3326039643/b003/_pk"..., "-trimpath", "/tmp/go-build3326039643/b003=>", "-p", "errors", "-lang=go1.27", "-std", "-complete", "-buildid", "f1_hzBZfxMizDR-k9vV5/f1_hzBZfxMi"..., "-goversion", "go1.27.1", "-c=4", "-nolocalimports", "-importcfg", "/tmp/go-build3326039643/b003/imp"..., "-pack", "/opt/hostedtoolcache/go/1.27.1/a"..., "/opt/hostedtoolcache/go/1.27.1/a"..., "/opt/hostedtoolcache/go/1.27.1/a"...], 0x5bded65e5208 /* 140 vars */) = 0
9972  <... clone resumed>, parent_tid=[17]) = 10466
9972  --- SIGURG {si_signo=SIGURG, si_code=SI_TKILL, si_pid=9972, si_uid=1001} ---
9972  waitid(P_PIDFD, 17,  <unfinished ...>
9973  tgkill(9972, 9972, SIGURG)        = 0
9972  <... waitid resumed>0x5bded6302fb8, WEXITED, 0x5bded626a090) = ? ERESTARTSYS (To be restarted if SA_RESTART is set)
9972  --- SIGURG {si_signo=SIGURG, si_code=SI_TKILL, si_pid=9972, si_uid=1001} ---
9972  waitid(P_PIDFD, 17,  <unfinished ...>
10466 clone(child_stack=0x33dfcfbfc000, flags=CLONE_VM|CLONE_FS|CLONE_FILES|CLONE_SIGHAND|CLONE_THREAD|CLONE_SYSVSEM) = 10468
10466 clone(child_stack=0x33dfcfc34000, flags=CLONE_VM|CLONE_FS|CLONE_FILES|CLONE_SIGHAND|CLONE_THREAD|CLONE_SYSVSEM) = 10469
10466 clone(child_stack=0x33dfcfc30000, flags=CLONE_VM|CLONE_FS|CLONE_FILES|CLONE_SIGHAND|CLONE_THREAD|CLONE_SYSVSEM) = 10470
10469 clone(child_stack=0x33dfcfc98000, flags=CLONE_VM|CLONE_FS|CLONE_FILES|CLONE_SIGHAND|CLONE_THREAD|CLONE_SYSVSEM) = 10471
10458 tgkill(10453, 10462, SIGURG)      = 0
10462 --- SIGURG {si_signo=SIGURG, si_code=SI_TKILL, si_pid=10453, si_uid=1001} ---
10467 clone(child_stack=0x64b58c490000, flags=CLONE_VM|CLONE_FS|CLONE_FILES|CLONE_SIGHAND|CLONE_THREAD|CLONE_SYSVSEM) = 10472
10472 tgkill(10467, 10467, SIGURG <unfinished ...>
10467 clone(child_stack=0x64b58c4c8000, flags=CLONE_VM|CLONE_FS|CLONE_FILES|CLONE_SIGHAND|CLONE_THREAD|CLONE_SYSVSEM <unfinished ...>
10472 <... tgkill resumed>)             = 0
10467 <... clone resumed>)              = 10473
10467 --- SIGURG {si_signo=SIGURG, si_code=SI_TKILL, si_pid=10467, si_uid=1001} ---
10467 clone(child_stack=0x64b58c4c4000, flags=CLONE_VM|CLONE_FS|CLONE_FILES|CLONE_SIGHAND|CLONE_THREAD|CLONE_SYSVSEM) = 10474
10473 clone(child_stack=0x64b58c518000, flags=CLONE_VM|CLONE_FS|CLONE_FILES|CLONE_SIGHAND|CLONE_THREAD|CLONE_SYSVSEM) = 10475
10475 clone(child_stack=0x64b58c514000, flags=CLONE_VM|CLONE_FS|CLONE_FILES|CLONE_SIGHAND|CLONE_THREAD|CLONE_SYSVSEM) = 10476
10462 exit_group(0)                     = ?
10460 +++ exited with 0 +++
10458 +++ exited with 0 +++
10459 +++ exited with 0 +++
10462 +++ exited with 0 +++
10453 +++ exited with 0 +++
9976  <... waitid resumed>{si_signo=SIGCHLD, si_code=CLD_EXITED, si_pid=10453, si_uid=1001, si_status=0, si_utime=0, si_stime=0}, WEXITED, {ru_utime={tv_sec=0, tv_usec=39925}, ru_stime={tv_sec=0, tv_usec=11407}, ...}) = 0
9978  --- SIGCHLD {si_signo=SIGCHLD, si_code=CLD_EXITED, si_pid=10453, si_uid=1001, si_status=0, si_utime=3 /* 0.03 s */, si_stime=1 /* 0.01 s */} ---
9973  tgkill(9972, 9976, SIGURG)        = 0
9976  --- SIGURG {si_signo=SIGURG, si_code=SI_TKILL, si_pid=9972, si_uid=1001} ---
10468 tgkill(10466, 10469, SIGURG)      = 0
10469 --- SIGURG {si_signo=SIGURG, si_code=SI_TKILL, si_pid=10466, si_uid=1001} ---
10472 tgkill(10467, 10473, SIGURG)      = 0
10473 --- SIGURG {si_signo=SIGURG, si_code=SI_TKILL, si_pid=10467, si_uid=1001} ---
9974  clone(child_stack=NULL, flags=CLONE_VM|CLONE_PIDFD|CLONE_VFORK|SIGCHLD <unfinished ...>
10471 exit_group(0)                     = ?
10471 +++ exited with 0 +++
10470 +++ exited with 0 +++
10469 +++ exited with 0 +++
10468 +++ exited with 0 +++
10466 +++ exited with 0 +++
9977  --- SIGCHLD {si_signo=SIGCHLD, si_code=CLD_EXITED, si_pid=10466, si_uid=1001, si_status=0, si_utime=1 /* 0.01 s */, si_stime=0} ---
9973  tgkill(9972, 9974, SIGURG <unfinished ...>
9972  <... waitid resumed>{si_signo=SIGCHLD, si_code=CLD_EXITED, si_pid=10466, si_uid=1001, si_status=0, si_utime=0, si_stime=0}, WEXITED, {ru_utime={tv_sec=0, tv_usec=18060}, ru_stime={tv_sec=0, tv_usec=10158}, ...}) = 0
9973  <... tgkill resumed>)             = 0
10477 execve("/opt/hostedtoolcache/go/1.27.1/arm64/pkg/tool/linux_arm64/compile", ["/opt/hostedtoolcache/go/1.27.1/a"..., "-o", "/tmp/go-build3326039643/b066/_pk"..., "-trimpath", "/tmp/go-build3326039643/b066=>", "-p", "internal/godebug", "-lang=go1.27", "-std", "-complete", "-buildid", "cmX-blzkMHhwUEosj4ox/cmX-blzkMHh"..., "-goversion", "go1.27.1", "-c=4", "-nolocalimports", "-importcfg", "/tmp/go-build3326039643/b066/imp"..., "-pack", "/opt/hostedtoolcache/go/1.27.1/a"...], 0x5bded65e5688 /* 140 vars */ <unfinished ...>
9974  <... clone resumed>, parent_tid=[14]) = 10477
9974  --- SIGURG {si_signo=SIGURG, si_code=SI_TKILL, si_pid=9972, si_uid=1001} ---
10477 <... execve resumed>)             = 0
9976  waitid(P_PIDFD, 14,  <unfinished ...>
9978  tgkill(9972, 9974, SIGURG)        = 0
9974  --- SIGURG {si_signo=SIGURG, si_code=SI_TKILL, si_pid=9972, si_uid=1001} ---
9978  tgkill(9972, 10077, SIGURG)       = 0
10077 --- SIGURG {si_signo=SIGURG, si_code=SI_TKILL, si_pid=9972, si_uid=1001} ---
9978  tgkill(9972, 9977, SIGURG)        = 0
9978  tgkill(9972, 10077, SIGURG <unfinished ...>
10477 clone(child_stack=0x56edf16f6000, flags=CLONE_VM|CLONE_FS|CLONE_FILES|CLONE_SIGHAND|CLONE_THREAD|CLONE_SYSVSEM <unfinished ...>
9978  <... tgkill resumed>)             = 0
10077 --- SIGURG {si_signo=SIGURG, si_code=SI_TKILL, si_pid=9972, si_uid=1001} ---
10477 <... clone resumed>)              = 10478
9977  --- SIGURG {si_signo=SIGURG, si_code=SI_TKILL, si_pid=9972, si_uid=1001} ---
10477 clone(child_stack=0x56edf172e000, flags=CLONE_VM|CLONE_FS|CLONE_FILES|CLONE_SIGHAND|CLONE_THREAD|CLONE_SYSVSEM <unfinished ...>
9978  tgkill(9972, 9990, SIGURG)        = 0
10477 <... clone resumed>)              = 10479
10478 tgkill(10477, 10477, SIGURG)      = 0
10477 --- SIGURG {si_signo=SIGURG, si_code=SI_TKILL, si_pid=10477, si_uid=1001} ---
9990  --- SIGURG {si_signo=SIGURG, si_code=SI_TKILL, si_pid=9972, si_uid=1001} ---
10477 clone(child_stack=0x56edf172a000, flags=CLONE_VM|CLONE_FS|CLONE_FILES|CLONE_SIGHAND|CLONE_THREAD|CLONE_SYSVSEM) = 10480
10479 clone(child_stack=0x56edf1798000, flags=CLONE_VM|CLONE_FS|CLONE_FILES|CLONE_SIGHAND|CLONE_THREAD|CLONE_SYSVSEM) = 10481
10479 clone(child_stack=0x56edf1794000, flags=CLONE_VM|CLONE_FS|CLONE_FILES|CLONE_SIGHAND|CLONE_THREAD|CLONE_SYSVSEM) = 10482
10077 clone(child_stack=NULL, flags=CLONE_VM|CLONE_PIDFD|CLONE_VFORK|SIGCHLD <unfinished ...>
9977  clone(child_stack=NULL, flags=CLONE_VM|CLONE_PIDFD|CLONE_VFORK|SIGCHLD <unfinished ...>
10483 execve("/opt/hostedtoolcache/go/1.27.1/arm64/pkg/tool/linux_arm64/compile", ["/opt/hostedtoolcache/go/1.27.1/a"..., "-o", "/tmp/go-build3326039643/b049/_pk"..., "-trimpath", "/tmp/go-build3326039643/b049=>", "-p", "io", "-lang=go1.27", "-std", "-complete", "-buildid", "vb-tkFhHqbw1WJG6-7qe/vb-tkFhHqbw"..., "-goversion", "go1.27.1", "-c=4", "-nolocalimports", "-importcfg", "/tmp/go-build3326039643/b049/imp"..., "-pack", "/opt/hostedtoolcache/go/1.27.1/a"..., "/opt/hostedtoolcache/go/1.27.1/a"..., "/opt/hostedtoolcache/go/1.27.1/a"...], 0x5bded622a008 /* 140 vars */ <unfinished ...>
10077 <... clone resumed>, parent_tid=[11]) = 10483
10483 <... execve resumed>)             = 0
10472 tgkill(10467, 10474, SIGURG)      = 0
10474 --- SIGURG {si_signo=SIGURG, si_code=SI_TKILL, si_pid=10467, si_uid=1001} ---
10484 execve("/opt/hostedtoolcache/go/1.27.1/arm64/pkg/tool/linux_arm64/compile", ["/opt/hostedtoolcache/go/1.27.1/a"..., "-o", "/tmp/go-build3326039643/b041/_pk"..., "-trimpath", "/tmp/go-build3326039643/b041=>", "-p", "strconv", "-lang=go1.27", "-std", "-complete", "-buildid", "NyZXFdhg5v1SMtUl8cVU/NyZXFdhg5v1"..., "-goversion", "go1.27.1", "-c=4", "-nolocalimports", "-importcfg", "/tmp/go-build3326039643/b041/imp"..., "-pack", "/opt/hostedtoolcache/go/1.27.1/a"..., "/opt/hostedtoolcache/go/1.27.1/a"..., "/opt/hostedtoolcache/go/1.27.1/a"..., "/opt/hostedtoolcache/go/1.27.1/a"..., "/opt/hostedtoolcache/go/1.27.1/a"...], 0x5bded65e4d88 /* 140 vars */ <unfinished ...>
9977  <... clone resumed>, parent_tid=[22]) = 10484
10484 <... execve resumed>)             = 0
9977  waitid(P_PIDFD, 22,  <unfinished ...>
10077 waitid(P_PIDFD, 11,  <unfinished ...>
10478 tgkill(10477, 10477, SIGURG)      = 0
10477 --- SIGURG {si_signo=SIGURG, si_code=SI_TKILL, si_pid=10477, si_uid=1001} ---
10483 clone(child_stack=0x6f310e564000, flags=CLONE_VM|CLONE_FS|CLONE_FILES|CLONE_SIGHAND|CLONE_THREAD|CLONE_SYSVSEM) = 10485
10483 clone(child_stack=0x6f310e59c000, flags=CLONE_VM|CLONE_FS|CLONE_FILES|CLONE_SIGHAND|CLONE_THREAD|CLONE_SYSVSEM) = 10486
10483 clone(child_stack=0x6f310e598000, flags=CLONE_VM|CLONE_FS|CLONE_FILES|CLONE_SIGHAND|CLONE_THREAD|CLONE_SYSVSEM) = 10487
10483 clone(child_stack=0x6f310e5c0000, flags=CLONE_VM|CLONE_FS|CLONE_FILES|CLONE_SIGHAND|CLONE_THREAD|CLONE_SYSVSEM) = 10488
10484 clone(child_stack=0x1446337b8000, flags=CLONE_VM|CLONE_FS|CLONE_FILES|CLONE_SIGHAND|CLONE_THREAD|CLONE_SYSVSEM) = 10489
10484 clone(child_stack=0x1446337f0000, flags=CLONE_VM|CLONE_FS|CLONE_FILES|CLONE_SIGHAND|CLONE_THREAD|CLONE_SYSVSEM) = 10490
10484 clone(child_stack=0x1446337ec000, flags=CLONE_VM|CLONE_FS|CLONE_FILES|CLONE_SIGHAND|CLONE_THREAD|CLONE_SYSVSEM) = 10491
10486 clone(child_stack=0x6f310e5bc000, flags=CLONE_VM|CLONE_FS|CLONE_FILES|CLONE_SIGHAND|CLONE_THREAD|CLONE_SYSVSEM) = 10492
10484 clone(child_stack=0x144633890000, flags=CLONE_VM|CLONE_FS|CLONE_FILES|CLONE_SIGHAND|CLONE_THREAD|CLONE_SYSVSEM) = 10493
10490 clone(child_stack=0x14463388c000, flags=CLONE_VM|CLONE_FS|CLONE_FILES|CLONE_SIGHAND|CLONE_THREAD|CLONE_SYSVSEM) = 10494
10489 tgkill(10484, 10484, SIGURG)      = 0
10484 --- SIGURG {si_signo=SIGURG, si_code=SI_TKILL, si_pid=10484, si_uid=1001} ---
10478 tgkill(10477, 10482, SIGURG <unfinished ...>
10482 --- SIGURG {si_signo=SIGURG, si_code=SI_TKILL, si_pid=10477, si_uid=1001} ---
10478 <... tgkill resumed>)             = 0
10472 tgkill(10467, 10473, SIGURG)      = 0
10472 tgkill(10467, 10475, SIGURG)      = 0
10473 --- SIGURG {si_signo=SIGURG, si_code=SI_TKILL, si_pid=10467, si_uid=1001} ---
10472 tgkill(10467, 10467, SIGURG)      = 0
10467 --- SIGURG {si_signo=SIGURG, si_code=SI_TKILL, si_pid=10467, si_uid=1001} ---
10472 tgkill(10467, 10474, SIGURG <unfinished ...>
10475 --- SIGURG {si_signo=SIGURG, si_code=SI_TKILL, si_pid=10467, si_uid=1001} ---
10474 --- SIGURG {si_signo=SIGURG, si_code=SI_TKILL, si_pid=10467, si_uid=1001} ---
10472 <... tgkill resumed>)             = 0
10489 tgkill(10484, 10493, SIGURG)      = 0
10493 --- SIGURG {si_signo=SIGURG, si_code=SI_TKILL, si_pid=10484, si_uid=1001} ---
10478 tgkill(10477, 10482, SIGURG)      = 0
10485 tgkill(10483, 10483, SIGURG <unfinished ...>
10482 --- SIGURG {si_signo=SIGURG, si_code=SI_TKILL, si_pid=10477, si_uid=1001} ---
10485 <... tgkill resumed>)             = 0
10483 --- SIGURG {si_signo=SIGURG, si_code=SI_TKILL, si_pid=10483, si_uid=1001} ---
10472 tgkill(10467, 10473, SIGURG)      = 0
10473 --- SIGURG {si_signo=SIGURG, si_code=SI_TKILL, si_pid=10467, si_uid=1001} ---
10478 tgkill(10477, 10477, SIGURG)      = 0
10478 tgkill(10477, 10479, SIGURG <unfinished ...>
10489 tgkill(10484, 10493, SIGURG)      = 0
10478 <... tgkill resumed>)             = 0
10493 --- SIGURG {si_signo=SIGURG, si_code=SI_TKILL, si_pid=10484, si_uid=1001} ---
10477 --- SIGURG {si_signo=SIGURG, si_code=SI_TKILL, si_pid=10477, si_uid=1001} ---
10478 tgkill(10477, 10481, SIGURG)      = 0
10479 --- SIGURG {si_signo=SIGURG, si_code=SI_TKILL, si_pid=10477, si_uid=1001} ---
10481 --- SIGURG {si_signo=SIGURG, si_code=SI_TKILL, si_pid=10477, si_uid=1001} ---
10485 tgkill(10483, 10483, SIGURG)      = 0
10483 --- SIGURG {si_signo=SIGURG, si_code=SI_TKILL, si_pid=10483, si_uid=1001} ---
10472 tgkill(10467, 10467, SIGURG)      = 0
10467 --- SIGURG {si_signo=SIGURG, si_code=SI_TKILL, si_pid=10467, si_uid=1001} ---
10489 tgkill(10484, 10491, SIGURG)      = 0
10491 --- SIGURG {si_signo=SIGURG, si_code=SI_TKILL, si_pid=10484, si_uid=1001} ---
10478 tgkill(10477, 10480, SIGURG)      = 0
10480 --- SIGURG {si_signo=SIGURG, si_code=SI_TKILL, si_pid=10477, si_uid=1001} ---
10485 tgkill(10483, 10488, SIGURG <unfinished ...>
10488 --- SIGURG {si_signo=SIGURG, si_code=SI_TKILL, si_pid=10483, si_uid=1001} ---
10485 <... tgkill resumed>)             = 0
10489 tgkill(10484, 10484, SIGURG)      = 0
10484 --- SIGURG {si_signo=SIGURG, si_code=SI_TKILL, si_pid=10484, si_uid=1001} ---
10473 exit_group(0)                     = ?
10472 +++ exited with 0 +++
10473 +++ exited with 0 +++
10475 +++ exited with 0 +++
10476 +++ exited with 0 +++
10474 +++ exited with 0 +++
10467 +++ exited with 0 +++
9979  <... waitid resumed>{si_signo=SIGCHLD, si_code=CLD_EXITED, si_pid=10467, si_uid=1001, si_status=0, si_utime=0, si_stime=0}, WEXITED, {ru_utime={tv_sec=0, tv_usec=100605}, ru_stime={tv_sec=0, tv_usec=27617}, ...}) = 0
9979  --- SIGCHLD {si_signo=SIGCHLD, si_code=CLD_EXITED, si_pid=10467, si_uid=1001, si_status=0, si_utime=10 /* 0.10 s */, si_stime=2 /* 0.02 s */} ---
9972  clone(child_stack=NULL, flags=CLONE_VM|CLONE_PIDFD|CLONE_VFORK|SIGCHLD <unfinished ...>
10495 execve("/opt/hostedtoolcache/go/1.27.1/arm64/pkg/tool/linux_arm64/compile", ["/opt/hostedtoolcache/go/1.27.1/a"..., "-o", "/tmp/go-build3326039643/b053/_pk"..., "-trimpath", "/tmp/go-build3326039643/b053=>", "-p", "internal/oserror", "-lang=go1.27", "-std", "-complete", "-buildid", "4lkCAtkFbBeGx0yS4A6y/4lkCAtkFbBe"..., "-goversion", "go1.27.1", "-c=4", "-nolocalimports", "-importcfg", "/tmp/go-build3326039643/b053/imp"..., "-pack", "/opt/hostedtoolcache/go/1.27.1/a"...], 0x5bded65e5208 /* 140 vars */ <unfinished ...>
9972  <... clone resumed>, parent_tid=[16]) = 10495
10495 <... execve resumed>)             = 0
9972  waitid(P_PIDFD, 16,  <unfinished ...>
10493 exit_group(0)                     = ?
10494 +++ exited with 0 +++
10491 +++ exited with 0 +++
10490 +++ exited with 0 +++
10489 +++ exited with 0 +++
10495 clone(child_stack=0x453fc8c96000, flags=CLONE_VM|CLONE_FS|CLONE_FILES|CLONE_SIGHAND|CLONE_THREAD|CLONE_SYSVSEM) = 10496
10495 clone(child_stack=0x453fc8cce000, flags=CLONE_VM|CLONE_FS|CLONE_FILES|CLONE_SIGHAND|CLONE_THREAD|CLONE_SYSVSEM) = 10497
10496 tgkill(10495, 10495, SIGURG)      = 0
10495 clone(child_stack=0x453fc8cca000, flags=CLONE_VM|CLONE_FS|CLONE_FILES|CLONE_SIGHAND|CLONE_THREAD|CLONE_SYSVSEM) = 10498
10495 --- SIGURG {si_signo=SIGURG, si_code=SI_TKILL, si_pid=10495, si_uid=1001} ---
10497 clone(child_stack=0x453fc8d18000, flags=CLONE_VM|CLONE_FS|CLONE_FILES|CLONE_SIGHAND|CLONE_THREAD|CLONE_SYSVSEM) = 10499
10496 clone(child_stack=0x453fc8de8000, flags=CLONE_VM|CLONE_FS|CLONE_FILES|CLONE_SIGHAND|CLONE_THREAD|CLONE_SYSVSEM) = 10500
10478 tgkill(10477, 10480, SIGURG)      = 0
10493 +++ exited with 0 +++
10484 +++ exited with 0 +++
9977  <... waitid resumed>{si_signo=SIGCHLD, si_code=CLD_EXITED, si_pid=10484, si_uid=1001, si_status=0, si_utime=0, si_stime=0}, WEXITED, {ru_utime={tv_sec=0, tv_usec=51939}, ru_stime={tv_sec=0, tv_usec=15389}, ...}) = 0
9979  --- SIGCHLD {si_signo=SIGCHLD, si_code=CLD_EXITED, si_pid=10484, si_uid=1001, si_status=0, si_utime=5 /* 0.05 s */, si_stime=1 /* 0.01 s */} ---
10480 --- SIGURG {si_signo=SIGURG, si_code=SI_TKILL, si_pid=10477, si_uid=1001} ---
10485 tgkill(10483, 10483, SIGURG)      = 0
10483 --- SIGURG {si_signo=SIGURG, si_code=SI_TKILL, si_pid=10483, si_uid=1001} ---
10479 exit_group(0)                     = ?
10482 +++ exited with 0 +++
10481 +++ exited with 0 +++
10480 +++ exited with 0 +++
10479 +++ exited with 0 +++
10478 +++ exited with 0 +++
10496 tgkill(10495, 10495, SIGURG)      = 0
10495 --- SIGURG {si_signo=SIGURG, si_code=SI_TKILL, si_pid=10495, si_uid=1001} ---
10477 +++ exited with 0 +++
9977  --- SIGCHLD {si_signo=SIGCHLD, si_code=CLD_EXITED, si_pid=10477, si_uid=1001, si_status=0, si_utime=8 /* 0.08 s */, si_stime=2 /* 0.02 s */} ---
9976  <... waitid resumed>{si_signo=SIGCHLD, si_code=CLD_EXITED, si_pid=10477, si_uid=1001, si_status=0, si_utime=0, si_stime=0}, WEXITED, {ru_utime={tv_sec=0, tv_usec=85002}, ru_stime={tv_sec=0, tv_usec=20988}, ...}) = 0
10500 exit_group(0)                     = ?
10497 +++ exited with 0 +++
10500 +++ exited with 0 +++
10499 +++ exited with 0 +++
10496 +++ exited with 0 +++
10483 exit_group(0 <unfinished ...>
10498 +++ exited with 0 +++
10495 +++ exited with 0 +++
10483 <... exit_group resumed>)         = ?
9972  <... waitid resumed>{si_signo=SIGCHLD, si_code=CLD_EXITED, si_pid=10495, si_uid=1001, si_status=0, si_utime=0, si_stime=0}, WEXITED, {ru_utime={tv_sec=0, tv_usec=3695}, ru_stime={tv_sec=0, tv_usec=7391}, ...}) = 0
10492 +++ exited with 0 +++
10488 +++ exited with 0 +++
10486 +++ exited with 0 +++
9976  --- SIGCHLD {si_signo=SIGCHLD, si_code=CLD_EXITED, si_pid=10495, si_uid=1001, si_status=0, si_utime=0, si_stime=0} ---
10487 +++ exited with 0 +++
9979  clone(child_stack=NULL, flags=CLONE_VM|CLONE_PIDFD|CLONE_VFORK|SIGCHLD <unfinished ...>
10485 +++ exited with 0 +++
10483 +++ exited with 0 +++
10077 <... waitid resumed>{si_signo=SIGCHLD, si_code=CLD_EXITED, si_pid=10483, si_uid=1001, si_status=0, si_utime=0, si_stime=0}, WEXITED, {ru_utime={tv_sec=0, tv_usec=62167}, ru_stime={tv_sec=0, tv_usec=14037}, ...}) = 0
9976  --- SIGCHLD {si_signo=SIGCHLD, si_code=CLD_EXITED, si_pid=10483, si_uid=1001, si_status=0, si_utime=6 /* 0.06 s */, si_stime=1 /* 0.01 s */} ---
10501 execve("/opt/hostedtoolcache/go/1.27.1/arm64/pkg/tool/linux_arm64/asm", ["/opt/hostedtoolcache/go/1.27.1/a"..., "-p", "reflect", "-trimpath", "/tmp/go-build3326039643/b038=>", "-I", "/tmp/go-build3326039643/b038/", "-I", "/opt/hostedtoolcache/go/1.27.1/a"..., "-D", "GOOS_linux", "-D", "GOARCH_arm64", "-std", "-gensymabis", "-o", "/tmp/go-build3326039643/b038/sym"..., "/opt/hostedtoolcache/go/1.27.1/a"...], 0x5bded6518d88 /* 140 vars */ <unfinished ...>
9979  <... clone resumed>, parent_tid=[16]) = 10501
10501 <... execve resumed>)             = 0
9973  tgkill(9972, 9979, SIGURG)        = 0
9979  --- SIGURG {si_signo=SIGURG, si_code=SI_TKILL, si_pid=9972, si_uid=1001} ---
9979  waitid(P_PIDFD, 16,  <unfinished ...>
9976  clone(child_stack=NULL, flags=CLONE_VM|CLONE_PIDFD|CLONE_VFORK|SIGCHLD <unfinished ...>
10502 execve("/opt/hostedtoolcache/go/1.27.1/arm64/pkg/tool/linux_arm64/compile", ["/opt/hostedtoolcache/go/1.27.1/a"..., "-o", "/tmp/go-build3326039643/b054/_pk"..., "-trimpath", "/tmp/go-build3326039643/b054=>", "-p", "path", "-lang=go1.27", "-std", "-complete", "-buildid", "DchoOOYhij6MSqL0A8V7/DchoOOYhij6"..., "-goversion", "go1.27.1", "-c=4", "-nolocalimports", "-importcfg", "/tmp/go-build3326039643/b054/imp"..., "-pack", "/opt/hostedtoolcache/go/1.27.1/a"..., "/opt/hostedtoolcache/go/1.27.1/a"...], 0x5bded622a488 /* 140 vars */ <unfinished ...>
9976  <... clone resumed>, parent_tid=[9]) = 10502
10502 <... execve resumed>)             = 0
9976  waitid(P_PIDFD, 9,  <unfinished ...>
10501 clone(child_stack=0x1c446b3be000, flags=CLONE_VM|CLONE_FS|CLONE_FILES|CLONE_SIGHAND|CLONE_THREAD|CLONE_SYSVSEM) = 10503
10501 clone(child_stack=0x1c446b3f6000, flags=CLONE_VM|CLONE_FS|CLONE_FILES|CLONE_SIGHAND|CLONE_THREAD|CLONE_SYSVSEM) = 10504
10501 clone(child_stack=0x1c446b3f2000, flags=CLONE_VM|CLONE_FS|CLONE_FILES|CLONE_SIGHAND|CLONE_THREAD|CLONE_SYSVSEM) = 10505
10504 clone(child_stack=0x1c446b420000, flags=CLONE_VM|CLONE_FS|CLONE_FILES|CLONE_SIGHAND|CLONE_THREAD|CLONE_SYSVSEM <unfinished ...>
9978  tgkill(9972, 9972, SIGURG <unfinished ...>
10504 <... clone resumed>)              = 10506
9978  <... tgkill resumed>)             = 0
9972  --- SIGURG {si_signo=SIGURG, si_code=SI_TKILL, si_pid=9972, si_uid=1001} ---
9978  tgkill(9972, 9972, SIGURG)        = 0
9972  --- SIGURG {si_signo=SIGURG, si_code=SI_TKILL, si_pid=9972, si_uid=1001} ---
9978  tgkill(9972, 9990, SIGURG)        = 0
9990  --- SIGURG {si_signo=SIGURG, si_code=SI_TKILL, si_pid=9972, si_uid=1001} ---
9978  tgkill(9972, 10077, SIGURG)       = 0
10077 --- SIGURG {si_signo=SIGURG, si_code=SI_TKILL, si_pid=9972, si_uid=1001} ---
9978  tgkill(9972, 9977, SIGURG)        = 0
9977  --- SIGURG {si_signo=SIGURG, si_code=SI_TKILL, si_pid=9972, si_uid=1001} ---
10077 clone(child_stack=NULL, flags=CLONE_VM|CLONE_PIDFD|CLONE_VFORK|SIGCHLD <unfinished ...>
10502 clone(child_stack=0x7c4852d22000, flags=CLONE_VM|CLONE_FS|CLONE_FILES|CLONE_SIGHAND|CLONE_THREAD|CLONE_SYSVSEM) = 10508
10502 clone(child_stack=0x7c4852d5a000, flags=CLONE_VM|CLONE_FS|CLONE_FILES|CLONE_SIGHAND|CLONE_THREAD|CLONE_SYSVSEM) = 10509
10502 clone(child_stack=0x7c4852d56000, flags=CLONE_VM|CLONE_FS|CLONE_FILES|CLONE_SIGHAND|CLONE_THREAD|CLONE_SYSVSEM) = 10510
10509 clone(child_stack=0x7c4852d98000, flags=CLONE_VM|CLONE_FS|CLONE_FILES|CLONE_SIGHAND|CLONE_THREAD|CLONE_SYSVSEM) = 10511
10507 execve("/opt/hostedtoolcache/go/1.27.1/arm64/pkg/tool/linux_arm64/compile", ["/opt/hostedtoolcache/go/1.27.1/a"..., "-o", "/tmp/go-build3326039643/b062/_pk"..., "-trimpath", "/tmp/go-build3326039643/b062=>", "-p", "bytes", "-lang=go1.27", "-std", "-buildid", "9a-pxARELbG-USgPnnhT/9a-pxARELbG"..., "-goversion", "go1.27.1", "-c=4", "-nolocalimports", "-importcfg", "/tmp/go-build3326039643/b062/imp"..., "-pack", "/opt/hostedtoolcache/go/1.27.1/a"..., "/opt/hostedtoolcache/go/1.27.1/a"..., "/opt/hostedtoolcache/go/1.27.1/a"..., "/opt/hostedtoolcache/go/1.27.1/a"...], 0x5bded65e4d88 /* 140 vars */ <unfinished ...>
10501 exit_group(0)                     = ?
10506 +++ exited with 0 +++
10505 +++ exited with 0 +++
10503 +++ exited with 0 +++
10504 +++ exited with 0 +++
10501 +++ exited with 0 +++
9979  <... waitid resumed>{si_signo=SIGCHLD, si_code=CLD_EXITED, si_pid=10501, si_uid=1001, si_status=0, si_utime=0, si_stime=0}, WEXITED, {ru_utime={tv_sec=0, tv_usec=0}, ru_stime={tv_sec=0, tv_usec=6927}, ...}) = 0
9972  --- SIGCHLD {si_signo=SIGCHLD, si_code=CLD_EXITED, si_pid=10501, si_uid=1001, si_status=0, si_utime=0, si_stime=0} ---
10077 <... clone resumed>, parent_tid=[17]) = 10507
10507 <... execve resumed>)             = 0
10077 waitid(P_PIDFD, 17,  <unfinished ...>
9972  clone(child_stack=NULL, flags=CLONE_VM|CLONE_PIDFD|CLONE_VFORK|SIGCHLD <unfinished ...>
10512 execve("/opt/hostedtoolcache/go/1.27.1/arm64/pkg/tool/linux_arm64/compile", ["/opt/hostedtoolcache/go/1.27.1/a"..., "-o", "/tmp/go-build3326039643/b038/_pk"..., "-trimpath", "/tmp/go-build3326039643/b038=>", "-p", "reflect", "-lang=go1.27", "-std", "-buildid", "vgM9dhPYLOoocTWEATuP/vgM9dhPYLOo"..., "-goversion", "go1.27.1", "-symabis", "/tmp/go-build3326039643/b038/sym"..., "-c=4", "-nolocalimports", "-importcfg", "/tmp/go-build3326039643/b038/imp"..., "-pack", "-asmhdr", "/tmp/go-build3326039643/b038/go_"..., "/opt/hostedtoolcache/go/1.27.1/a"..., "/opt/hostedtoolcache/go/1.27.1/a"..., "/opt/hostedtoolcache/go/1.27.1/a"..., "/opt/hostedtoolcache/go/1.27.1/a"..., "/opt/hostedtoolcache/go/1.27.1/a"..., "/opt/hostedtoolcache/go/1.27.1/a"..., "/opt/hostedtoolcache/go/1.27.1/a"..., "/opt/hostedtoolcache/go/1.27.1/a"..., "/opt/hostedtoolcache/go/1.27.1/a"..., "/opt/hostedtoolcache/go/1.27.1/a"..., ...], 0x5bded622a488 /* 140 vars */ <unfinished ...>
9972  <... clone resumed>, parent_tid=[16]) = 10512
10512 <... execve resumed>)             = 0
9972  waitid(P_PIDFD, 16,  <unfinished ...>
9973  tgkill(9972, 9977, SIGURG)        = 0
9977  --- SIGURG {si_signo=SIGURG, si_code=SI_TKILL, si_pid=9972, si_uid=1001} ---
9990  clone(child_stack=NULL, flags=CLONE_VM|CLONE_PIDFD|CLONE_VFORK|SIGCHLD <unfinished ...>
10507 clone(child_stack=0x35bc3f002000, flags=CLONE_VM|CLONE_FS|CLONE_FILES|CLONE_SIGHAND|CLONE_THREAD|CLONE_SYSVSEM) = 10514
10507 clone(child_stack=0x35bc3f03a000, flags=CLONE_VM|CLONE_FS|CLONE_FILES|CLONE_SIGHAND|CLONE_THREAD|CLONE_SYSVSEM <unfinished ...>
10514 tgkill(10507, 10507, SIGURG <unfinished ...>
10507 <... clone resumed>)              = 10515
10514 <... tgkill resumed>)             = 0
10507 --- SIGURG {si_signo=SIGURG, si_code=SI_TKILL, si_pid=10507, si_uid=1001} ---
10514 tgkill(10507, 10507, SIGURG)      = 0
10507 clone(child_stack=0x35bc3f036000, flags=CLONE_VM|CLONE_FS|CLONE_FILES|CLONE_SIGHAND|CLONE_THREAD|CLONE_SYSVSEM) = 10516
10507 --- SIGURG {si_signo=SIGURG, si_code=SI_TKILL, si_pid=10507, si_uid=1001} ---
10507 clone(child_stack=0x35bc3f05e000, flags=CLONE_VM|CLONE_FS|CLONE_FILES|CLONE_SIGHAND|CLONE_THREAD|CLONE_SYSVSEM) = 10517
10513 execve("/opt/hostedtoolcache/go/1.27.1/arm64/pkg/tool/linux_arm64/asm", ["/opt/hostedtoolcache/go/1.27.1/a"..., "-p", "syscall", "-trimpath", "/tmp/go-build3326039643/b056=>", "-I", "/tmp/go-build3326039643/b056/", "-I", "/opt/hostedtoolcache/go/1.27.1/a"..., "-D", "GOOS_linux", "-D", "GOARCH_arm64", "-std", "-gensymabis", "-o", "/tmp/go-build3326039643/b056/sym"..., "/opt/hostedtoolcache/go/1.27.1/a"...], 0x5bded6518d88 /* 140 vars */ <unfinished ...>
9990  <... clone resumed>, parent_tid=[18]) = 10513
10513 <... execve resumed>)             = 0
9990  waitid(P_PIDFD, 18,  <unfinished ...>
10512 clone(child_stack=0xc1e8e71c000, flags=CLONE_VM|CLONE_FS|CLONE_FILES|CLONE_SIGHAND|CLONE_THREAD|CLONE_SYSVSEM) = 10518
10512 clone(child_stack=0xc1e8e754000, flags=CLONE_VM|CLONE_FS|CLONE_FILES|CLONE_SIGHAND|CLONE_THREAD|CLONE_SYSVSEM <unfinished ...>
10518 tgkill(10512, 10512, SIGURG)      = 0
10512 <... clone resumed>)              = 10519
10512 --- SIGURG {si_signo=SIGURG, si_code=SI_TKILL, si_pid=10512, si_uid=1001} ---
10518 tgkill(10512, 10512, SIGURG)      = 0
10519 clone(child_stack=0xc1e8e798000, flags=CLONE_VM|CLONE_FS|CLONE_FILES|CLONE_SIGHAND|CLONE_THREAD|CLONE_SYSVSEM <unfinished ...>
10512 clone(child_stack=0xc1e8e750000, flags=CLONE_VM|CLONE_FS|CLONE_FILES|CLONE_SIGHAND|CLONE_THREAD|CLONE_SYSVSEM <unfinished ...>
10519 <... clone resumed>)              = 10520
10512 <... clone resumed>)              = 10521
10512 --- SIGURG {si_signo=SIGURG, si_code=SI_TKILL, si_pid=10512, si_uid=1001} ---
10510 exit_group(0)                     = ?
10511 +++ exited with 0 +++
10509 +++ exited with 0 +++
10508 +++ exited with 0 +++
10510 +++ exited with 0 +++
10502 +++ exited with 0 +++
9976  <... waitid resumed>{si_signo=SIGCHLD, si_code=CLD_EXITED, si_pid=10502, si_uid=1001, si_status=0, si_utime=0, si_stime=0}, WEXITED, {ru_utime={tv_sec=0, tv_usec=21228}, ru_stime={tv_sec=0, tv_usec=12544}, ...}) = 0
9976  --- SIGCHLD {si_signo=SIGCHLD, si_code=CLD_EXITED, si_pid=10502, si_uid=1001, si_status=0, si_utime=2 /* 0.02 s */, si_stime=1 /* 0.01 s */} ---
10518 clone(child_stack=0xc1e8ec88000, flags=CLONE_VM|CLONE_FS|CLONE_FILES|CLONE_SIGHAND|CLONE_THREAD|CLONE_SYSVSEM) = 10522
10513 clone(child_stack=0x2700a3782000, flags=CLONE_VM|CLONE_FS|CLONE_FILES|CLONE_SIGHAND|CLONE_THREAD|CLONE_SYSVSEM) = 10523
10514 tgkill(10507, 10517, SIGURG <unfinished ...>
10517 --- SIGURG {si_signo=SIGURG, si_code=SI_TKILL, si_pid=10507, si_uid=1001} ---
10514 <... tgkill resumed>)             = 0
10513 clone(child_stack=0x2700a37ba000, flags=CLONE_VM|CLONE_FS|CLONE_FILES|CLONE_SIGHAND|CLONE_THREAD|CLONE_SYSVSEM) = 10524
10513 clone(child_stack=0x2700a37b6000, flags=CLONE_VM|CLONE_FS|CLONE_FILES|CLONE_SIGHAND|CLONE_THREAD|CLONE_SYSVSEM <unfinished ...>
10524 clone(child_stack=0x2700a3818000, flags=CLONE_VM|CLONE_FS|CLONE_FILES|CLONE_SIGHAND|CLONE_THREAD|CLONE_SYSVSEM) = 10525
10513 <... clone resumed>)              = 10526
9973  tgkill(9972, 9979, SIGURG)        = 0
9979  --- SIGURG {si_signo=SIGURG, si_code=SI_TKILL, si_pid=9972, si_uid=1001} ---
10513 exit_group(0)                     = ?
10526 +++ exited with 0 +++
10525 +++ exited with 0 +++
10524 +++ exited with 0 +++
10523 +++ exited with 0 +++
10513 +++ exited with 0 +++
9977  --- SIGCHLD {si_signo=SIGCHLD, si_code=CLD_EXITED, si_pid=10513, si_uid=1001, si_status=0, si_utime=0, si_stime=1 /* 0.01 s */} ---
9990  <... waitid resumed>{si_signo=SIGCHLD, si_code=CLD_EXITED, si_pid=10513, si_uid=1001, si_status=0, si_utime=0, si_stime=0}, WEXITED, {ru_utime={tv_sec=0, tv_usec=604}, ru_stime={tv_sec=0, tv_usec=6041}, ...}) = 0
10518 tgkill(10512, 10521, SIGURG <unfinished ...>
10521 --- SIGURG {si_signo=SIGURG, si_code=SI_TKILL, si_pid=10512, si_uid=1001} ---
10518 <... tgkill resumed>)             = 0
9990  clone(child_stack=NULL, flags=CLONE_VM|CLONE_PIDFD|CLONE_VFORK|SIGCHLD <unfinished ...>
10527 execve("/opt/hostedtoolcache/go/1.27.1/arm64/pkg/tool/linux_arm64/compile", ["/opt/hostedtoolcache/go/1.27.1/a"..., "-o", "/tmp/go-build3326039643/b056/_pk"..., "-trimpath", "/tmp/go-build3326039643/b056=>", "-p", "syscall", "-lang=go1.27", "-std", "-buildid", "zs5N9es5ms9dZL5ayXwS/zs5N9es5ms9"..., "-goversion", "go1.27.1", "-symabis", "/tmp/go-build3326039643/b056/sym"..., "-c=4", "-nolocalimports", "-importcfg", "/tmp/go-build3326039643/b056/imp"..., "-pack", "-asmhdr", "/tmp/go-build3326039643/b056/go_"..., "/opt/hostedtoolcache/go/1.27.1/a"..., "/opt/hostedtoolcache/go/1.27.1/a"..., "/opt/hostedtoolcache/go/1.27.1/a"..., "/opt/hostedtoolcache/go/1.27.1/a"..., "/opt/hostedtoolcache/go/1.27.1/a"..., "/opt/hostedtoolcache/go/1.27.1/a"..., "/opt/hostedtoolcache/go/1.27.1/a"..., "/opt/hostedtoolcache/go/1.27.1/a"..., "/opt/hostedtoolcache/go/1.27.1/a"..., "/opt/hostedtoolcache/go/1.27.1/a"..., ...], 0x5bded622b688 /* 140 vars */ <unfinished ...>
9990  <... clone resumed>, parent_tid=[15]) = 10527
10527 <... execve resumed>)             = 0
9990  waitid(P_PIDFD, 15,  <unfinished ...>
10514 tgkill(10507, 10515, SIGURG)      = 0
10515 --- SIGURG {si_signo=SIGURG, si_code=SI_TKILL, si_pid=10507, si_uid=1001} ---
9977  clone(child_stack=NULL, flags=CLONE_VM|CLONE_PIDFD|CLONE_VFORK|SIGCHLD <unfinished ...>
10527 clone(child_stack=0x68cfe4dfe000, flags=CLONE_VM|CLONE_FS|CLONE_FILES|CLONE_SIGHAND|CLONE_THREAD|CLONE_SYSVSEM) = 10529
10527 clone(child_stack=0x68cfe4e36000, flags=CLONE_VM|CLONE_FS|CLONE_FILES|CLONE_SIGHAND|CLONE_THREAD|CLONE_SYSVSEM) = 10530
10527 clone(child_stack=0x68cfe4e32000, flags=CLONE_VM|CLONE_FS|CLONE_FILES|CLONE_SIGHAND|CLONE_THREAD|CLONE_SYSVSEM) = 10531
10528 execve("/opt/hostedtoolcache/go/1.27.1/arm64/pkg/tool/linux_arm64/compile", ["/opt/hostedtoolcache/go/1.27.1/a"..., "-o", "/tmp/go-build3326039643/b069/_pk"..., "-trimpath", "/tmp/go-build3326039643/b069=>", "-p", "strings", "-lang=go1.27", "-std", "-complete", "-buildid", "bvkjzTh519L6xzbeU7R3/bvkjzTh519L"..., "-goversion", "go1.27.1", "-c=4", "-nolocalimports", "-importcfg", "/tmp/go-build3326039643/b069/imp"..., "-pack", "/opt/hostedtoolcache/go/1.27.1/a"..., "/opt/hostedtoolcache/go/1.27.1/a"..., "/opt/hostedtoolcache/go/1.27.1/a"..., "/opt/hostedtoolcache/go/1.27.1/a"..., "/opt/hostedtoolcache/go/1.27.1/a"..., "/opt/hostedtoolcache/go/1.27.1/a"..., "/opt/hostedtoolcache/go/1.27.1/a"..., "/opt/hostedtoolcache/go/1.27.1/a"...], 0x5bded6519b08 /* 140 vars */ <unfinished ...>
9977  <... clone resumed>, parent_tid=[18]) = 10528
10529 tgkill(10527, 10531, SIGURG)      = 0
10531 --- SIGURG {si_signo=SIGURG, si_code=SI_TKILL, si_pid=10527, si_uid=1001} ---
10530 clone(child_stack=0x68cfe4e98000, flags=CLONE_VM|CLONE_FS|CLONE_FILES|CLONE_SIGHAND|CLONE_THREAD|CLONE_SYSVSEM <unfinished ...>
10528 <... execve resumed>)             = 0
10530 <... clone resumed>)              = 10532
9977  waitid(P_PIDFD, 18,  <unfinished ...>
10529 clone(child_stack=0x68cfe5310000, flags=CLONE_VM|CLONE_FS|CLONE_FILES|CLONE_SIGHAND|CLONE_THREAD|CLONE_SYSVSEM) = 10533
10529 clone(child_stack=0x68cfe530c000, flags=CLONE_VM|CLONE_FS|CLONE_FILES|CLONE_SIGHAND|CLONE_THREAD|CLONE_SYSVSEM) = 10534
10529 clone(child_stack=0x68cfe52ba000, flags=CLONE_VM|CLONE_FS|CLONE_FILES|CLONE_SIGHAND|CLONE_THREAD|CLONE_SYSVSEM) = 10535
10529 clone(child_stack=0x68cfe52b6000, flags=CLONE_VM|CLONE_FS|CLONE_FILES|CLONE_SIGHAND|CLONE_THREAD|CLONE_SYSVSEM) = 10536
10518 tgkill(10512, 10521, SIGURG <unfinished ...>
10528 clone(child_stack=0x5c2fff61e000, flags=CLONE_VM|CLONE_FS|CLONE_FILES|CLONE_SIGHAND|CLONE_THREAD|CLONE_SYSVSEM <unfinished ...>
10518 <... tgkill resumed>)             = 0
10521 --- SIGURG {si_signo=SIGURG, si_code=SI_TKILL, si_pid=10512, si_uid=1001} ---
10528 <... clone resumed>)              = 10537
10537 tgkill(10528, 10528, SIGURG)      = 0
10528 clone(child_stack=0x5c2fff656000, flags=CLONE_VM|CLONE_FS|CLONE_FILES|CLONE_SIGHAND|CLONE_THREAD|CLONE_SYSVSEM) = 10538
10528 --- SIGURG {si_signo=SIGURG, si_code=SI_TKILL, si_pid=10528, si_uid=1001} ---
10528 clone(child_stack=0x5c2fff652000, flags=CLONE_VM|CLONE_FS|CLONE_FILES|CLONE_SIGHAND|CLONE_THREAD|CLONE_SYSVSEM) = 10539
10528 clone(child_stack=0x5c2fff694000, flags=CLONE_VM|CLONE_FS|CLONE_FILES|CLONE_SIGHAND|CLONE_THREAD|CLONE_SYSVSEM) = 10540
10538 clone(child_stack=0x5c2fff698000, flags=CLONE_VM|CLONE_FS|CLONE_FILES|CLONE_SIGHAND|CLONE_THREAD|CLONE_SYSVSEM) = 10541
10514 tgkill(10507, 10515, SIGURG)      = 0
10515 --- SIGURG {si_signo=SIGURG, si_code=SI_TKILL, si_pid=10507, si_uid=1001} ---
10529 tgkill(10527, 10527, SIGURG)      = 0
10527 --- SIGURG {si_signo=SIGURG, si_code=SI_TKILL, si_pid=10527, si_uid=1001} ---
10518 tgkill(10512, 10521, SIGURG)      = 0
10521 --- SIGURG {si_signo=SIGURG, si_code=SI_TKILL, si_pid=10512, si_uid=1001} ---
10514 tgkill(10507, 10507, SIGURG)      = 0
10507 --- SIGURG {si_signo=SIGURG, si_code=SI_TKILL, si_pid=10507, si_uid=1001} ---
10514 tgkill(10507, 10516, SIGURG)      = 0
10516 --- SIGURG {si_signo=SIGURG, si_code=SI_TKILL, si_pid=10507, si_uid=1001} ---
10537 tgkill(10528, 10541, SIGURG)      = 0
10541 --- SIGURG {si_signo=SIGURG, si_code=SI_TKILL, si_pid=10528, si_uid=1001} ---
10537 tgkill(10528, 10541, SIGURG)      = 0
10541 --- SIGURG {si_signo=SIGURG, si_code=SI_TKILL, si_pid=10528, si_uid=1001} ---
10518 tgkill(10512, 10520, SIGURG)      = 0
10520 --- SIGURG {si_signo=SIGURG, si_code=SI_TKILL, si_pid=10512, si_uid=1001} ---
10529 tgkill(10527, 10527, SIGURG)      = 0
10527 --- SIGURG {si_signo=SIGURG, si_code=SI_TKILL, si_pid=10527, si_uid=1001} ---
10514 tgkill(10507, 10517, SIGURG)      = 0
10537 tgkill(10528, 10540, SIGURG)      = 0
10517 --- SIGURG {si_signo=SIGURG, si_code=SI_TKILL, si_pid=10507, si_uid=1001} ---
10540 --- SIGURG {si_signo=SIGURG, si_code=SI_TKILL, si_pid=10528, si_uid=1001} ---
10529 tgkill(10527, 10534, SIGURG)      = 0
10534 --- SIGURG {si_signo=SIGURG, si_code=SI_TKILL, si_pid=10527, si_uid=1001} ---
10518 tgkill(10512, 10521, SIGURG <unfinished ...>
10537 tgkill(10528, 10541, SIGURG <unfinished ...>
10521 --- SIGURG {si_signo=SIGURG, si_code=SI_TKILL, si_pid=10512, si_uid=1001} ---
10518 <... tgkill resumed>)             = 0
10537 <... tgkill resumed>)             = 0
10541 --- SIGURG {si_signo=SIGURG, si_code=SI_TKILL, si_pid=10528, si_uid=1001} ---
10515 exit_group(0)                     = ?
10517 +++ exited with 0 +++
10515 +++ exited with 0 +++
10514 +++ exited with 0 +++
10516 +++ exited with 0 +++
10507 +++ exited with 0 +++
10077 <... waitid resumed>{si_signo=SIGCHLD, si_code=CLD_EXITED, si_pid=10507, si_uid=1001, si_status=0, si_utime=0, si_stime=0}, WEXITED, {ru_utime={tv_sec=0, tv_usec=96262}, ru_stime={tv_sec=0, tv_usec=28982}, ...}) = 0
9976  --- SIGCHLD {si_signo=SIGCHLD, si_code=CLD_EXITED, si_pid=10507, si_uid=1001, si_status=0, si_utime=9 /* 0.09 s */, si_stime=2 /* 0.02 s */} ---
10537 tgkill(10528, 10538, SIGURG)      = 0
10538 --- SIGURG {si_signo=SIGURG, si_code=SI_TKILL, si_pid=10528, si_uid=1001} ---
9973  tgkill(9972, 10077, SIGURG)       = 0
10077 --- SIGURG {si_signo=SIGURG, si_code=SI_TKILL, si_pid=9972, si_uid=1001} ---
10529 tgkill(10527, 10527, SIGURG)      = 0
10527 --- SIGURG {si_signo=SIGURG, si_code=SI_TKILL, si_pid=10527, si_uid=1001} ---
10518 tgkill(10512, 10521, SIGURG)      = 0
10521 --- SIGURG {si_signo=SIGURG, si_code=SI_TKILL, si_pid=10512, si_uid=1001} ---
10537 tgkill(10528, 10528, SIGURG)      = 0
10537 tgkill(10528, 10541, SIGURG)      = 0
10537 tgkill(10528, 10540, SIGURG <unfinished ...>
10540 --- SIGURG {si_signo=SIGURG, si_code=SI_TKILL, si_pid=10528, si_uid=1001} ---
10541 --- SIGURG {si_signo=SIGURG, si_code=SI_TKILL, si_pid=10528, si_uid=1001} ---
10537 <... tgkill resumed>)             = 0
10537 tgkill(10528, 10538, SIGURG)      = 0
10538 --- SIGURG {si_signo=SIGURG, si_code=SI_TKILL, si_pid=10528, si_uid=1001} ---
10528 --- SIGURG {si_signo=SIGURG, si_code=SI_TKILL, si_pid=10528, si_uid=1001} ---
10529 tgkill(10527, 10527, SIGURG)      = 0
10527 --- SIGURG {si_signo=SIGURG, si_code=SI_TKILL, si_pid=10527, si_uid=1001} ---
10518 tgkill(10512, 10520, SIGURG)      = 0
10520 --- SIGURG {si_signo=SIGURG, si_code=SI_TKILL, si_pid=10512, si_uid=1001} ---
10537 tgkill(10528, 10528, SIGURG)      = 0
10528 --- SIGURG {si_signo=SIGURG, si_code=SI_TKILL, si_pid=10528, si_uid=1001} ---
10529 tgkill(10527, 10527, SIGURG)      = 0
10527 --- SIGURG {si_signo=SIGURG, si_code=SI_TKILL, si_pid=10527, si_uid=1001} ---
10528 exit_group(0)                     = ?
10540 +++ exited with 0 +++
10537 +++ exited with 0 +++
10541 +++ exited with 0 +++
10539 +++ exited with 0 +++
10538 +++ exited with 0 +++
10528 +++ exited with 0 +++
9977  <... waitid resumed>{si_signo=SIGCHLD, si_code=CLD_EXITED, si_pid=10528, si_uid=1001, si_status=0, si_utime=0, si_stime=0}, WEXITED, {ru_utime={tv_sec=0, tv_usec=130556}, ru_stime={tv_sec=0, tv_usec=15588}, ...}) = 0
9976  --- SIGCHLD {si_signo=SIGCHLD, si_code=CLD_EXITED, si_pid=10528, si_uid=1001, si_status=0, si_utime=13 /* 0.13 s */, si_stime=1 /* 0.01 s */} ---
10518 tgkill(10512, 10520, SIGURG)      = 0
10520 --- SIGURG {si_signo=SIGURG, si_code=SI_TKILL, si_pid=10512, si_uid=1001} ---
9976  clone(child_stack=NULL, flags=CLONE_VM|CLONE_PIDFD|CLONE_VFORK|SIGCHLD <unfinished ...>
9973  tgkill(9972, 9976, SIGURG)        = 0
10529 tgkill(10527, 10534, SIGURG <unfinished ...>
10534 --- SIGURG {si_signo=SIGURG, si_code=SI_TKILL, si_pid=10527, si_uid=1001} ---
10529 <... tgkill resumed>)             = 0
10542 execve("/opt/hostedtoolcache/go/1.27.1/arm64/pkg/tool/linux_arm64/compile", ["/opt/hostedtoolcache/go/1.27.1/a"..., "-o", "/tmp/go-build3326039643/b071/_pk"..., "-trimpath", "/tmp/go-build3326039643/b071=>", "-p", "regexp/syntax", "-lang=go1.27", "-std", "-complete", "-buildid", "1347f9jNZYWeZsu9p2wx/1347f9jNZYW"..., "-goversion", "go1.27.1", "-c=4", "-nolocalimports", "-importcfg", "/tmp/go-build3326039643/b071/imp"..., "-pack", "/opt/hostedtoolcache/go/1.27.1/a"..., "/opt/hostedtoolcache/go/1.27.1/a"..., "/opt/hostedtoolcache/go/1.27.1/a"..., "/opt/hostedtoolcache/go/1.27.1/a"..., "/opt/hostedtoolcache/go/1.27.1/a"..., "/opt/hostedtoolcache/go/1.27.1/a"..., "/opt/hostedtoolcache/go/1.27.1/a"..., "/opt/hostedtoolcache/go/1.27.1/a"...], 0x5bded622bb08 /* 140 vars */) = 0
9976  <... clone resumed>, parent_tid=[14]) = 10542
9976  --- SIGURG {si_signo=SIGURG, si_code=SI_TKILL, si_pid=9972, si_uid=1001} ---
9976  waitid(P_PIDFD, 14,  <unfinished ...>
10518 tgkill(10512, 10521, SIGURG <unfinished ...>
10521 --- SIGURG {si_signo=SIGURG, si_code=SI_TKILL, si_pid=10512, si_uid=1001} ---
10518 <... tgkill resumed>)             = 0
10529 tgkill(10527, 10530, SIGURG <unfinished ...>
10530 --- SIGURG {si_signo=SIGURG, si_code=SI_TKILL, si_pid=10527, si_uid=1001} ---
10529 <... tgkill resumed>)             = 0
10529 tgkill(10527, 10527, SIGURG)      = 0
10527 --- SIGURG {si_signo=SIGURG, si_code=SI_TKILL, si_pid=10527, si_uid=1001} ---
10529 tgkill(10527, 10535, SIGURG <unfinished ...>
10535 --- SIGURG {si_signo=SIGURG, si_code=SI_TKILL, si_pid=10527, si_uid=1001} ---
10529 <... tgkill resumed>)             = 0
10542 clone(child_stack=0x116e5f3cc000, flags=CLONE_VM|CLONE_FS|CLONE_FILES|CLONE_SIGHAND|CLONE_THREAD|CLONE_SYSVSEM) = 10543
10542 clone(child_stack=0x116e5f408000, flags=CLONE_VM|CLONE_FS|CLONE_FILES|CLONE_SIGHAND|CLONE_THREAD|CLONE_SYSVSEM) = 10544
10543 tgkill(10542, 10542, SIGURG)      = 0
10542 --- SIGURG {si_signo=SIGURG, si_code=SI_TKILL, si_pid=10542, si_uid=1001} ---
10542 clone(child_stack=0x116e5f404000, flags=CLONE_VM|CLONE_FS|CLONE_FILES|CLONE_SIGHAND|CLONE_THREAD|CLONE_SYSVSEM) = 10545
10544 clone(child_stack=0x116e5f428000, flags=CLONE_VM|CLONE_FS|CLONE_FILES|CLONE_SIGHAND|CLONE_THREAD|CLONE_SYSVSEM) = 10546
10529 tgkill(10527, 10534, SIGURG)      = 0
10534 --- SIGURG {si_signo=SIGURG, si_code=SI_TKILL, si_pid=10527, si_uid=1001} ---
10534 tgkill(10527, 10527, SIGURG)      = 0
10527 --- SIGURG {si_signo=SIGURG, si_code=SI_TKILL, si_pid=10527, si_uid=1001} ---
10519 tgkill(10512, 10521, SIGURG)      = 0
10521 --- SIGURG {si_signo=SIGURG, si_code=SI_TKILL, si_pid=10512, si_uid=1001} ---
10535 tgkill(10527, 10530, SIGURG)      = 0
10530 --- SIGURG {si_signo=SIGURG, si_code=SI_TKILL, si_pid=10527, si_uid=1001} ---
10535 tgkill(10527, 10527, SIGURG)      = 0
10527 --- SIGURG {si_signo=SIGURG, si_code=SI_TKILL, si_pid=10527, si_uid=1001} ---
10535 tgkill(10527, 10527, SIGURG)      = 0
10527 --- SIGURG {si_signo=SIGURG, si_code=SI_TKILL, si_pid=10527, si_uid=1001} ---
10535 tgkill(10527, 10530, SIGURG)      = 0
10530 --- SIGURG {si_signo=SIGURG, si_code=SI_TKILL, si_pid=10527, si_uid=1001} ---
10535 tgkill(10527, 10534, SIGURG)      = 0
10534 --- SIGURG {si_signo=SIGURG, si_code=SI_TKILL, si_pid=10527, si_uid=1001} ---
10543 tgkill(10542, 10542, SIGURG)      = 0
10542 --- SIGURG {si_signo=SIGURG, si_code=SI_TKILL, si_pid=10542, si_uid=1001} ---
10518 tgkill(10512, 10519, SIGURG)      = 0
10519 --- SIGURG {si_signo=SIGURG, si_code=SI_TKILL, si_pid=10512, si_uid=1001} ---
10543 clone(child_stack=0x116e5f810000, flags=CLONE_VM|CLONE_FS|CLONE_FILES|CLONE_SIGHAND|CLONE_THREAD|CLONE_SYSVSEM <unfinished ...>
10519 tgkill(10512, 10520, SIGURG <unfinished ...>
10520 --- SIGURG {si_signo=SIGURG, si_code=SI_TKILL, si_pid=10512, si_uid=1001} ---
10535 tgkill(10527, 10534, SIGURG <unfinished ...>
10519 <... tgkill resumed>)             = 0
10543 <... clone resumed>)              = 10547
10535 <... tgkill resumed>)             = 0
10534 --- SIGURG {si_signo=SIGURG, si_code=SI_TKILL, si_pid=10527, si_uid=1001} ---
10535 tgkill(10527, 10527, SIGURG)      = 0
10527 --- SIGURG {si_signo=SIGURG, si_code=SI_TKILL, si_pid=10527, si_uid=1001} ---
10535 tgkill(10527, 10530, SIGURG)      = 0
10530 --- SIGURG {si_signo=SIGURG, si_code=SI_TKILL, si_pid=10527, si_uid=1001} ---
10535 tgkill(10527, 10530, SIGURG)      = 0
10530 --- SIGURG {si_signo=SIGURG, si_code=SI_TKILL, si_pid=10527, si_uid=1001} ---
10519 tgkill(10512, 10521, SIGURG)      = 0
10521 --- SIGURG {si_signo=SIGURG, si_code=SI_TKILL, si_pid=10512, si_uid=1001} ---
10529 tgkill(10527, 10535, SIGURG)      = 0
10535 --- SIGURG {si_signo=SIGURG, si_code=SI_TKILL, si_pid=10527, si_uid=1001} ---
10519 tgkill(10512, 10521, SIGURG)      = 0
10521 --- SIGURG {si_signo=SIGURG, si_code=SI_TKILL, si_pid=10512, si_uid=1001} ---
10519 tgkill(10512, 10512, SIGURG)      = 0
10512 --- SIGURG {si_signo=SIGURG, si_code=SI_TKILL, si_pid=10512, si_uid=1001} ---
10543 tgkill(10542, 10546, SIGURG)      = 0
10546 --- SIGURG {si_signo=SIGURG, si_code=SI_TKILL, si_pid=10542, si_uid=1001} ---
10519 tgkill(10512, 10512, SIGURG)      = 0
10519 tgkill(10512, 10520, SIGURG)      = 0
10512 --- SIGURG {si_signo=SIGURG, si_code=SI_TKILL, si_pid=10512, si_uid=1001} ---
10519 tgkill(10512, 10521, SIGURG <unfinished ...>
10520 --- SIGURG {si_signo=SIGURG, si_code=SI_TKILL, si_pid=10512, si_uid=1001} ---
10519 <... tgkill resumed>)             = 0
10521 --- SIGURG {si_signo=SIGURG, si_code=SI_TKILL, si_pid=10512, si_uid=1001} ---
10529 tgkill(10527, 10534, SIGURG)      = 0
10527 tgkill(10527, 10535, SIGURG)      = 0
10535 --- SIGURG {si_signo=SIGURG, si_code=SI_TKILL, si_pid=10527, si_uid=1001} ---
10527 tgkill(10527, 10530, SIGURG <unfinished ...>
10530 --- SIGURG {si_signo=SIGURG, si_code=SI_TKILL, si_pid=10527, si_uid=1001} ---
10527 <... tgkill resumed>)             = 0
10543 tgkill(10542, 10546, SIGURG <unfinished ...>
10546 --- SIGURG {si_signo=SIGURG, si_code=SI_TKILL, si_pid=10542, si_uid=1001} ---
10543 <... tgkill resumed>)             = 0
10527 tgkill(10527, 10535, SIGURG)      = 0
10535 --- SIGURG {si_signo=SIGURG, si_code=SI_TKILL, si_pid=10527, si_uid=1001} ---
10534 --- SIGURG {si_signo=SIGURG, si_code=SI_TKILL, si_pid=10527, si_uid=1001} ---
10529 tgkill(10527, 10527, SIGURG)      = 0
10527 --- SIGURG {si_signo=SIGURG, si_code=SI_TKILL, si_pid=10527, si_uid=1001} ---
10527 tgkill(10527, 10534, SIGURG)      = 0
10534 --- SIGURG {si_signo=SIGURG, si_code=SI_TKILL, si_pid=10527, si_uid=1001} ---
10527 tgkill(10527, 10535, SIGURG)      = 0
10527 tgkill(10527, 10530, SIGURG <unfinished ...>
10535 --- SIGURG {si_signo=SIGURG, si_code=SI_TKILL, si_pid=10527, si_uid=1001} ---
10530 --- SIGURG {si_signo=SIGURG, si_code=SI_TKILL, si_pid=10527, si_uid=1001} ---
10527 <... tgkill resumed>)             = 0
10527 tgkill(10527, 10534, SIGURG <unfinished ...>
10534 --- SIGURG {si_signo=SIGURG, si_code=SI_TKILL, si_pid=10527, si_uid=1001} ---
10527 <... tgkill resumed>)             = 0
10527 tgkill(10527, 10530, SIGURG <unfinished ...>
10530 --- SIGURG {si_signo=SIGURG, si_code=SI_TKILL, si_pid=10527, si_uid=1001} ---
10527 <... tgkill resumed>)             = 0
10527 tgkill(10527, 10534, SIGURG)      = 0
10534 --- SIGURG {si_signo=SIGURG, si_code=SI_TKILL, si_pid=10527, si_uid=1001} ---
10527 tgkill(10527, 10535, SIGURG)      = 0
10535 --- SIGURG {si_signo=SIGURG, si_code=SI_TKILL, si_pid=10527, si_uid=1001} ---
10527 tgkill(10527, 10530, SIGURG)      = 0
10530 --- SIGURG {si_signo=SIGURG, si_code=SI_TKILL, si_pid=10527, si_uid=1001} ---
10527 tgkill(10527, 10530, SIGURG)      = 0
10530 --- SIGURG {si_signo=SIGURG, si_code=SI_TKILL, si_pid=10527, si_uid=1001} ---
10527 tgkill(10527, 10534, SIGURG)      = 0
10534 --- SIGURG {si_signo=SIGURG, si_code=SI_TKILL, si_pid=10527, si_uid=1001} ---
10527 tgkill(10527, 10535, SIGURG)      = 0
10535 --- SIGURG {si_signo=SIGURG, si_code=SI_TKILL, si_pid=10527, si_uid=1001} ---
10527 tgkill(10527, 10530, SIGURG)      = 0
10530 --- SIGURG {si_signo=SIGURG, si_code=SI_TKILL, si_pid=10527, si_uid=1001} ---
10518 tgkill(10512, 10521, SIGURG)      = 0
10521 --- SIGURG {si_signo=SIGURG, si_code=SI_TKILL, si_pid=10512, si_uid=1001} ---
10527 tgkill(10527, 10535, SIGURG <unfinished ...>
10535 --- SIGURG {si_signo=SIGURG, si_code=SI_TKILL, si_pid=10527, si_uid=1001} ---
10527 <... tgkill resumed>)             = 0
10527 tgkill(10527, 10534, SIGURG)      = 0
10534 --- SIGURG {si_signo=SIGURG, si_code=SI_TKILL, si_pid=10527, si_uid=1001} ---
10527 tgkill(10527, 10534, SIGURG)      = 0
10534 --- SIGURG {si_signo=SIGURG, si_code=SI_TKILL, si_pid=10527, si_uid=1001} ---
10527 tgkill(10527, 10535, SIGURG)      = 0
10543 tgkill(10542, 10546, SIGURG <unfinished ...>
10546 --- SIGURG {si_signo=SIGURG, si_code=SI_TKILL, si_pid=10542, si_uid=1001} ---
10543 <... tgkill resumed>)             = 0
10535 --- SIGURG {si_signo=SIGURG, si_code=SI_TKILL, si_pid=10527, si_uid=1001} ---
10529 tgkill(10527, 10534, SIGURG)      = 0
10529 tgkill(10527, 10527, SIGURG)      = 0
10527 --- SIGURG {si_signo=SIGURG, si_code=SI_TKILL, si_pid=10527, si_uid=1001} ---
10529 tgkill(10527, 10530, SIGURG)      = 0
10530 --- SIGURG {si_signo=SIGURG, si_code=SI_TKILL, si_pid=10527, si_uid=1001} ---
10534 --- SIGURG {si_signo=SIGURG, si_code=SI_TKILL, si_pid=10527, si_uid=1001} ---
10529 tgkill(10527, 10535, SIGURG)      = 0
10535 --- SIGURG {si_signo=SIGURG, si_code=SI_TKILL, si_pid=10527, si_uid=1001} ---
10518 tgkill(10512, 10520, SIGURG)      = 0
10520 --- SIGURG {si_signo=SIGURG, si_code=SI_TKILL, si_pid=10512, si_uid=1001} ---
10543 tgkill(10542, 10546, SIGURG)      = 0
10546 --- SIGURG {si_signo=SIGURG, si_code=SI_TKILL, si_pid=10542, si_uid=1001} ---
10518 tgkill(10512, 10520, SIGURG)      = 0
10518 tgkill(10512, 10519, SIGURG <unfinished ...>
10519 --- SIGURG {si_signo=SIGURG, si_code=SI_TKILL, si_pid=10512, si_uid=1001} ---
10518 <... tgkill resumed>)             = 0
10518 tgkill(10512, 10512, SIGURG)      = 0
10512 --- SIGURG {si_signo=SIGURG, si_code=SI_TKILL, si_pid=10512, si_uid=1001} ---
10518 tgkill(10512, 10521, SIGURG <unfinished ...>
10520 --- SIGURG {si_signo=SIGURG, si_code=SI_TKILL, si_pid=10512, si_uid=1001} ---
10518 <... tgkill resumed>)             = 0
10521 --- SIGURG {si_signo=SIGURG, si_code=SI_TKILL, si_pid=10512, si_uid=1001} ---
10529 tgkill(10527, 10527, SIGURG)      = 0
10527 --- SIGURG {si_signo=SIGURG, si_code=SI_TKILL, si_pid=10527, si_uid=1001} ---
10543 tgkill(10542, 10546, SIGURG)      = 0
10546 --- SIGURG {si_signo=SIGURG, si_code=SI_TKILL, si_pid=10542, si_uid=1001} ---
10529 tgkill(10527, 10527, SIGURG)      = 0
10518 tgkill(10512, 10520, SIGURG)      = 0
10518 tgkill(10512, 10519, SIGURG)      = 0
10520 --- SIGURG {si_signo=SIGURG, si_code=SI_TKILL, si_pid=10512, si_uid=1001} ---
10519 --- SIGURG {si_signo=SIGURG, si_code=SI_TKILL, si_pid=10512, si_uid=1001} ---
10527 --- SIGURG {si_signo=SIGURG, si_code=SI_TKILL, si_pid=10527, si_uid=1001} ---
10518 tgkill(10512, 10512, SIGURG)      = 0
10512 --- SIGURG {si_signo=SIGURG, si_code=SI_TKILL, si_pid=10512, si_uid=1001} ---
10518 tgkill(10512, 10521, SIGURG)      = 0
10521 --- SIGURG {si_signo=SIGURG, si_code=SI_TKILL, si_pid=10512, si_uid=1001} ---
10543 tgkill(10542, 10546, SIGURG)      = 0
10546 --- SIGURG {si_signo=SIGURG, si_code=SI_TKILL, si_pid=10542, si_uid=1001} ---
10543 tgkill(10542, 10545, SIGURG)      = 0
10545 --- SIGURG {si_signo=SIGURG, si_code=SI_TKILL, si_pid=10542, si_uid=1001} ---
10529 tgkill(10527, 10535, SIGURG)      = 0
10535 --- SIGURG {si_signo=SIGURG, si_code=SI_TKILL, si_pid=10527, si_uid=1001} ---
10543 tgkill(10542, 10542, SIGURG)      = 0
10543 tgkill(10542, 10547, SIGURG)      = 0
10518 tgkill(10512, 10520, SIGURG <unfinished ...>
10547 --- SIGURG {si_signo=SIGURG, si_code=SI_TKILL, si_pid=10542, si_uid=1001} ---
10542 --- SIGURG {si_signo=SIGURG, si_code=SI_TKILL, si_pid=10542, si_uid=1001} ---
10518 <... tgkill resumed>)             = 0
10520 --- SIGURG {si_signo=SIGURG, si_code=SI_TKILL, si_pid=10512, si_uid=1001} ---
10518 tgkill(10512, 10519, SIGURG <unfinished ...>
10529 tgkill(10527, 10535, SIGURG <unfinished ...>
10535 --- SIGURG {si_signo=SIGURG, si_code=SI_TKILL, si_pid=10527, si_uid=1001} ---
10529 <... tgkill resumed>)             = 0
10518 <... tgkill resumed>)             = 0
10519 --- SIGURG {si_signo=SIGURG, si_code=SI_TKILL, si_pid=10512, si_uid=1001} ---
10518 tgkill(10512, 10521, SIGURG <unfinished ...>
10521 --- SIGURG {si_signo=SIGURG, si_code=SI_TKILL, si_pid=10512, si_uid=1001} ---
10518 <... tgkill resumed>)             = 0
10543 tgkill(10542, 10546, SIGURG)      = 0
10546 --- SIGURG {si_signo=SIGURG, si_code=SI_TKILL, si_pid=10542, si_uid=1001} ---
10543 tgkill(10542, 10545, SIGURG <unfinished ...>
10545 --- SIGURG {si_signo=SIGURG, si_code=SI_TKILL, si_pid=10542, si_uid=1001} ---
10543 <... tgkill resumed>)             = 0
10543 tgkill(10542, 10542, SIGURG)      = 0
10543 tgkill(10542, 10547, SIGURG)      = 0
10542 --- SIGURG {si_signo=SIGURG, si_code=SI_TKILL, si_pid=10542, si_uid=1001} ---
10547 --- SIGURG {si_signo=SIGURG, si_code=SI_TKILL, si_pid=10542, si_uid=1001} ---
10529 tgkill(10527, 10535, SIGURG)      = 0
10535 --- SIGURG {si_signo=SIGURG, si_code=SI_TKILL, si_pid=10527, si_uid=1001} ---
10518 tgkill(10512, 10520, SIGURG)      = 0
10520 --- SIGURG {si_signo=SIGURG, si_code=SI_TKILL, si_pid=10512, si_uid=1001} ---
10518 tgkill(10512, 10512, SIGURG)      = 0
10512 --- SIGURG {si_signo=SIGURG, si_code=SI_TKILL, si_pid=10512, si_uid=1001} ---
10518 tgkill(10512, 10521, SIGURG <unfinished ...>
10521 --- SIGURG {si_signo=SIGURG, si_code=SI_TKILL, si_pid=10512, si_uid=1001} ---
10518 <... tgkill resumed>)             = 0
10543 tgkill(10542, 10546, SIGURG)      = 0
10546 --- SIGURG {si_signo=SIGURG, si_code=SI_TKILL, si_pid=10542, si_uid=1001} ---
10518 tgkill(10512, 10519, SIGURG <unfinished ...>
10519 --- SIGURG {si_signo=SIGURG, si_code=SI_TKILL, si_pid=10512, si_uid=1001} ---
10518 <... tgkill resumed>)             = 0
10520 tgkill(10512, 10512, SIGURG)      = 0
10512 --- SIGURG {si_signo=SIGURG, si_code=SI_TKILL, si_pid=10512, si_uid=1001} ---
10520 tgkill(10512, 10521, SIGURG)      = 0
10521 --- SIGURG {si_signo=SIGURG, si_code=SI_TKILL, si_pid=10512, si_uid=1001} ---
10543 tgkill(10542, 10545, SIGURG)      = 0
10545 --- SIGURG {si_signo=SIGURG, si_code=SI_TKILL, si_pid=10542, si_uid=1001} ---
10543 tgkill(10542, 10542, SIGURG)      = 0
10542 --- SIGURG {si_signo=SIGURG, si_code=SI_TKILL, si_pid=10542, si_uid=1001} ---
10543 tgkill(10542, 10547, SIGURG)      = 0
10547 --- SIGURG {si_signo=SIGURG, si_code=SI_TKILL, si_pid=10542, si_uid=1001} ---
10519 tgkill(10512, 10520, SIGURG)      = 0
10535 exit_group(0)                     = ?
10534 +++ exited with 0 +++
10533 +++ exited with 0 +++
10531 +++ exited with 0 +++
10530 +++ exited with 0 +++
10520 --- SIGURG {si_signo=SIGURG, si_code=SI_TKILL, si_pid=10512, si_uid=1001} ---
10535 +++ exited with 0 +++
10519 tgkill(10512, 10521, SIGURG)      = 0
10521 --- SIGURG {si_signo=SIGURG, si_code=SI_TKILL, si_pid=10512, si_uid=1001} ---
10529 +++ exited with 0 +++
10536 +++ exited with 0 +++
10518 tgkill(10512, 10512, SIGURG)      = 0
10532 +++ exited with 0 +++
10527 +++ exited with 0 +++
9990  <... waitid resumed>{si_signo=SIGCHLD, si_code=CLD_EXITED, si_pid=10527, si_uid=1001, si_status=0, si_utime=0, si_stime=0}, WEXITED, {ru_utime={tv_sec=0, tv_usec=332990}, ru_stime={tv_sec=0, tv_usec=60015}, ...}) = 0
10512 --- SIGURG {si_signo=SIGURG, si_code=SI_TKILL, si_pid=10512, si_uid=1001} ---
9977  --- SIGCHLD {si_signo=SIGCHLD, si_code=CLD_EXITED, si_pid=10527, si_uid=1001, si_status=0, si_utime=34 /* 0.34 s */, si_stime=6 /* 0.06 s */} ---
10543 tgkill(10542, 10546, SIGURG)      = 0
10546 --- SIGURG {si_signo=SIGURG, si_code=SI_TKILL, si_pid=10542, si_uid=1001} ---
10518 tgkill(10512, 10520, SIGURG <unfinished ...>
10520 --- SIGURG {si_signo=SIGURG, si_code=SI_TKILL, si_pid=10512, si_uid=1001} ---
10518 <... tgkill resumed>)             = 0
10518 tgkill(10512, 10519, SIGURG <unfinished ...>
10519 --- SIGURG {si_signo=SIGURG, si_code=SI_TKILL, si_pid=10512, si_uid=1001} ---
10518 <... tgkill resumed>)             = 0
9978  tgkill(9972, 9977, SIGURG)        = 0
10518 tgkill(10512, 10521, SIGURG)      = 0
10521 --- SIGURG {si_signo=SIGURG, si_code=SI_TKILL, si_pid=10512, si_uid=1001} ---
9977  --- SIGURG {si_signo=SIGURG, si_code=SI_TKILL, si_pid=9972, si_uid=1001} ---
9978  tgkill(9972, 9977, SIGURG)        = 0
9977  --- SIGURG {si_signo=SIGURG, si_code=SI_TKILL, si_pid=9972, si_uid=1001} ---
9978  tgkill(9972, 9979, SIGURG)        = 0
10543 tgkill(10542, 10545, SIGURG)      = 0
10545 --- SIGURG {si_signo=SIGURG, si_code=SI_TKILL, si_pid=10542, si_uid=1001} ---
9979  --- SIGURG {si_signo=SIGURG, si_code=SI_TKILL, si_pid=9972, si_uid=1001} ---
9979  clone(child_stack=NULL, flags=CLONE_VM|CLONE_PIDFD|CLONE_VFORK|SIGCHLD <unfinished ...>
9973  tgkill(9972, 9978, SIGURG <unfinished ...>
10518 tgkill(10512, 10512, SIGURG <unfinished ...>
9973  <... tgkill resumed>)             = 0
10518 <... tgkill resumed>)             = 0
10512 --- SIGURG {si_signo=SIGURG, si_code=SI_TKILL, si_pid=10512, si_uid=1001} ---
9978  --- SIGURG {si_signo=SIGURG, si_code=SI_TKILL, si_pid=9972, si_uid=1001} ---
9973  tgkill(9972, 9978, SIGURG)        = 0
9978  --- SIGURG {si_signo=SIGURG, si_code=SI_TKILL, si_pid=9972, si_uid=1001} ---
9978  tgkill(9972, 9979, SIGURG <unfinished ...>
9973  tgkill(9972, 9978, SIGURG <unfinished ...>
9978  <... tgkill resumed>)             = 0
9973  <... tgkill resumed>)             = 0
9978  --- SIGURG {si_signo=SIGURG, si_code=SI_TKILL, si_pid=9972, si_uid=1001} ---
9973  tgkill(9972, 9978, SIGURG)        = 0
9978  --- SIGURG {si_signo=SIGURG, si_code=SI_TKILL, si_pid=9972, si_uid=1001} ---
9973  tgkill(9972, 9978, SIGURG)        = 0
9978  --- SIGURG {si_signo=SIGURG, si_code=SI_TKILL, si_pid=9972, si_uid=1001} ---
9973  tgkill(9972, 9978, SIGURG)        = 0
9978  --- SIGURG {si_signo=SIGURG, si_code=SI_TKILL, si_pid=9972, si_uid=1001} ---
9973  tgkill(9972, 9978, SIGURG <unfinished ...>
10549 execve("/opt/hostedtoolcache/go/1.27.1/arm64/pkg/tool/linux_arm64/asm", ["/opt/hostedtoolcache/go/1.27.1/a"..., "-p", "syscall", "-trimpath", "/tmp/go-build3326039643/b056=>", "-I", "/tmp/go-build3326039643/b056/", "-I", "/opt/hostedtoolcache/go/1.27.1/a"..., "-D", "GOOS_linux", "-D", "GOARCH_arm64", "-std", "-o", "/tmp/go-build3326039643/b056/asm"..., "/opt/hostedtoolcache/go/1.27.1/a"...], 0x5bded628e488 /* 140 vars */ <unfinished ...>
9973  <... tgkill resumed>)             = 0
9978  --- SIGURG {si_signo=SIGURG, si_code=SI_TKILL, si_pid=9972, si_uid=1001} ---
9973  tgkill(9972, 9978, SIGURG)        = 0
9978  --- SIGURG {si_signo=SIGURG, si_code=SI_TKILL, si_pid=9972, si_uid=1001} ---
9979  <... clone resumed>, parent_tid=[15]) = 10549
10549 <... execve resumed>)             = 0
9979  --- SIGURG {si_signo=SIGURG, si_code=SI_TKILL, si_pid=9972, si_uid=1001} ---
9973  tgkill(9972, 9978, SIGURG)        = 0
9978  --- SIGURG {si_signo=SIGURG, si_code=SI_TKILL, si_pid=9972, si_uid=1001} ---
10521 tgkill(10512, 10512, SIGURG <unfinished ...>
10512 tgkill(10512, 10520, SIGURG <unfinished ...>
10521 <... tgkill resumed>)             = 0
10519 tgkill(10512, 10521, SIGURG <unfinished ...>
10512 <... tgkill resumed>)             = 0
10519 <... tgkill resumed>)             = 0
10520 --- SIGURG {si_signo=SIGURG, si_code=SI_TKILL, si_pid=10512, si_uid=1001} ---
10521 --- SIGURG {si_signo=SIGURG, si_code=SI_TKILL, si_pid=10512, si_uid=1001} ---
10512 --- SIGURG {si_signo=SIGURG, si_code=SI_TKILL, si_pid=10512, si_uid=1001} ---
10512 tgkill(10512, 10519, SIGURG)      = 0
10519 --- SIGURG {si_signo=SIGURG, si_code=SI_TKILL, si_pid=10512, si_uid=1001} ---
10512 tgkill(10512, 10519, SIGURG <unfinished ...>
10519 --- SIGURG {si_signo=SIGURG, si_code=SI_TKILL, si_pid=10512, si_uid=1001} ---
10512 <... tgkill resumed>)             = 0
10512 tgkill(10512, 10521, SIGURG)      = 0
10521 --- SIGURG {si_signo=SIGURG, si_code=SI_TKILL, si_pid=10512, si_uid=1001} ---
9979  waitid(P_PIDFD, 15,  <unfinished ...>
10549 clone(child_stack=0x4a47974000, flags=CLONE_VM|CLONE_FS|CLONE_FILES|CLONE_SIGHAND|CLONE_THREAD|CLONE_SYSVSEM) = 10550
10549 clone(child_stack=0x4a479ac000, flags=CLONE_VM|CLONE_FS|CLONE_FILES|CLONE_SIGHAND|CLONE_THREAD|CLONE_SYSVSEM) = 10551
10549 clone(child_stack=0x4a479a8000, flags=CLONE_VM|CLONE_FS|CLONE_FILES|CLONE_SIGHAND|CLONE_THREAD|CLONE_SYSVSEM) = 10552
10551 clone(child_stack=0x4a47a18000, flags=CLONE_VM|CLONE_FS|CLONE_FILES|CLONE_SIGHAND|CLONE_THREAD|CLONE_SYSVSEM) = 10553
10551 clone(child_stack=0x4a47a28000, flags=CLONE_VM|CLONE_FS|CLONE_FILES|CLONE_SIGHAND|CLONE_THREAD|CLONE_SYSVSEM) = 10554
10549 exit_group(0)                     = ?
10553 +++ exited with 0 +++
10551 +++ exited with 0 +++
10550 +++ exited with 0 +++
10554 +++ exited with 0 +++
10552 +++ exited with 0 +++
10549 +++ exited with 0 +++
9979  <... waitid resumed>{si_signo=SIGCHLD, si_code=CLD_EXITED, si_pid=10549, si_uid=1001, si_status=0, si_utime=0, si_stime=0}, WEXITED, {ru_utime={tv_sec=0, tv_usec=1956}, ru_stime={tv_sec=0, tv_usec=3913}, ...}) = 0
9979  --- SIGCHLD {si_signo=SIGCHLD, si_code=CLD_EXITED, si_pid=10549, si_uid=1001, si_status=0, si_utime=0, si_stime=0} ---
10520 tgkill(10512, 10521, SIGURG)      = 0
10521 --- SIGURG {si_signo=SIGURG, si_code=SI_TKILL, si_pid=10512, si_uid=1001} ---
10520 tgkill(10512, 10512, SIGURG <unfinished ...>
10543 tgkill(10542, 10546, SIGURG <unfinished ...>
10520 <... tgkill resumed>)             = 0
10543 <... tgkill resumed>)             = 0
10512 --- SIGURG {si_signo=SIGURG, si_code=SI_TKILL, si_pid=10512, si_uid=1001} ---
10546 --- SIGURG {si_signo=SIGURG, si_code=SI_TKILL, si_pid=10542, si_uid=1001} ---
10518 tgkill(10512, 10520, SIGURG <unfinished ...>
10520 --- SIGURG {si_signo=SIGURG, si_code=SI_TKILL, si_pid=10512, si_uid=1001} ---
10518 <... tgkill resumed>)             = 0
10520 tgkill(10512, 10519, SIGURG)      = 0
10519 --- SIGURG {si_signo=SIGURG, si_code=SI_TKILL, si_pid=10512, si_uid=1001} ---
10520 tgkill(10512, 10521, SIGURG)      = 0
10521 --- SIGURG {si_signo=SIGURG, si_code=SI_TKILL, si_pid=10512, si_uid=1001} ---
9973  tgkill(9972, 9990, SIGURG)        = 0
10542 exit_group(0 <unfinished ...>
10518 tgkill(10512, 10512, SIGURG <unfinished ...>
10542 <... exit_group resumed>)         = ?
10518 <... tgkill resumed>)             = 0
10512 --- SIGURG {si_signo=SIGURG, si_code=SI_TKILL, si_pid=10512, si_uid=1001} ---
10546 +++ exited with 0 +++
10545 +++ exited with 0 +++
10544 +++ exited with 0 +++
10543 +++ exited with 0 +++
10518 tgkill(10512, 10519, SIGURG)      = 0
10518 tgkill(10512, 10521, SIGURG)      = 0
9990  --- SIGURG {si_signo=SIGURG, si_code=SI_TKILL, si_pid=9972, si_uid=1001} ---
10521 --- SIGURG {si_signo=SIGURG, si_code=SI_TKILL, si_pid=10512, si_uid=1001} ---
10519 --- SIGURG {si_signo=SIGURG, si_code=SI_TKILL, si_pid=10512, si_uid=1001} ---
10518 tgkill(10512, 10512, SIGURG)      = 0
10512 --- SIGURG {si_signo=SIGURG, si_code=SI_TKILL, si_pid=10512, si_uid=1001} ---
10547 +++ exited with 0 +++
10542 +++ exited with 0 +++
9990  --- SIGCHLD {si_signo=SIGCHLD, si_code=CLD_EXITED, si_pid=10542, si_uid=1001, si_status=0, si_utime=20 /* 0.20 s */, si_stime=2 /* 0.02 s */} ---
9976  <... waitid resumed>{si_signo=SIGCHLD, si_code=CLD_EXITED, si_pid=10542, si_uid=1001, si_status=0, si_utime=0, si_stime=0}, WEXITED, {ru_utime={tv_sec=0, tv_usec=211450}, ru_stime={tv_sec=0, tv_usec=23957}, ...}) = 0
9977  clone(child_stack=NULL, flags=CLONE_VM|CLONE_PIDFD|CLONE_VFORK|SIGCHLD <unfinished ...>
9990  clone(child_stack=NULL, flags=CLONE_VM|CLONE_PIDFD|CLONE_VFORK|SIGCHLD <unfinished ...>
10556 execve("/opt/hostedtoolcache/go/1.27.1/arm64/pkg/tool/linux_arm64/compile", ["/opt/hostedtoolcache/go/1.27.1/a"..., "-o", "/tmp/go-build3326039643/b058/_pk"..., "-trimpath", "/tmp/go-build3326039643/b058=>", "-p", "internal/syscall/unix", "-lang=go1.27", "-std", "-complete", "-buildid", "nnYyJ-9iTKAoHsDLa8XG/nnYyJ-9iTKA"..., "-goversion", "go1.27.1", "-c=4", "-nolocalimports", "-importcfg", "/tmp/go-build3326039643/b058/imp"..., "-pack", "/opt/hostedtoolcache/go/1.27.1/a"..., "/opt/hostedtoolcache/go/1.27.1/a"..., "/opt/hostedtoolcache/go/1.27.1/a"..., "/opt/hostedtoolcache/go/1.27.1/a"..., "/opt/hostedtoolcache/go/1.27.1/a"..., "/opt/hostedtoolcache/go/1.27.1/a"..., "/opt/hostedtoolcache/go/1.27.1/a"..., "/opt/hostedtoolcache/go/1.27.1/a"..., "/opt/hostedtoolcache/go/1.27.1/a"..., "/opt/hostedtoolcache/go/1.27.1/a"..., "/opt/hostedtoolcache/go/1.27.1/a"..., "/opt/hostedtoolcache/go/1.27.1/a"..., "/opt/hostedtoolcache/go/1.27.1/a"..., ...], 0x5bded65e5688 /* 140 vars */ <unfinished ...>
9990  <... clone resumed>, parent_tid=[21]) = 10556
10556 <... execve resumed>)             = 0
9990  waitid(P_PIDFD, 21,  <unfinished ...>
10555 execve("/opt/hostedtoolcache/go/1.27.1/arm64/pkg/tool/linux_arm64/compile", ["/opt/hostedtoolcache/go/1.27.1/a"..., "-o", "/tmp/go-build3326039643/b055/_pk"..., "-trimpath", "/tmp/go-build3326039643/b055=>", "-p", "time", "-lang=go1.27", "-std", "-buildid", "ugVlUXPBEcvi7OU42Lt6/ugVlUXPBEcv"..., "-goversion", "go1.27.1", "-c=4", "-nolocalimports", "-importcfg", "/tmp/go-build3326039643/b055/imp"..., "-pack", "/opt/hostedtoolcache/go/1.27.1/a"..., "/opt/hostedtoolcache/go/1.27.1/a"..., "/opt/hostedtoolcache/go/1.27.1/a"..., "/opt/hostedtoolcache/go/1.27.1/a"..., "/opt/hostedtoolcache/go/1.27.1/a"..., "/opt/hostedtoolcache/go/1.27.1/a"..., "/opt/hostedtoolcache/go/1.27.1/a"..., "/opt/hostedtoolcache/go/1.27.1/a"..., "/opt/hostedtoolcache/go/1.27.1/a"..., "/opt/hostedtoolcache/go/1.27.1/a"...], 0x5bded622a488 /* 140 vars */ <unfinished ...>
9977  <... clone resumed>, parent_tid=[15]) = 10555
10555 <... execve resumed>)             = 0
9977  waitid(P_PIDFD, 15,  <unfinished ...>
10555 clone(child_stack=0xcca43966000, flags=CLONE_VM|CLONE_FS|CLONE_FILES|CLONE_SIGHAND|CLONE_THREAD|CLONE_SYSVSEM) = 10557
10555 clone(child_stack=0xcca439a0000, flags=CLONE_VM|CLONE_FS|CLONE_FILES|CLONE_SIGHAND|CLONE_THREAD|CLONE_SYSVSEM) = 10558
10555 clone(child_stack=0xcca4399c000, flags=CLONE_VM|CLONE_FS|CLONE_FILES|CLONE_SIGHAND|CLONE_THREAD|CLONE_SYSVSEM) = 10559
10558 clone(child_stack=0xcca43a18000, flags=CLONE_VM|CLONE_FS|CLONE_FILES|CLONE_SIGHAND|CLONE_THREAD|CLONE_SYSVSEM) = 10560
9973  tgkill(9972, 9976, SIGURG)        = 0
9976  --- SIGURG {si_signo=SIGURG, si_code=SI_TKILL, si_pid=9972, si_uid=1001} ---
10518 tgkill(10512, 10520, SIGURG <unfinished ...>
10520 --- SIGURG {si_signo=SIGURG, si_code=SI_TKILL, si_pid=10512, si_uid=1001} ---
10518 <... tgkill resumed>)             = 0
10518 tgkill(10512, 10512, SIGURG)      = 0
10512 --- SIGURG {si_signo=SIGURG, si_code=SI_TKILL, si_pid=10512, si_uid=1001} ---
10557 clone(child_stack=0xcca43e3c000, flags=CLONE_VM|CLONE_FS|CLONE_FILES|CLONE_SIGHAND|CLONE_THREAD|CLONE_SYSVSEM <unfinished ...>
10518 tgkill(10512, 10521, SIGURG <unfinished ...>
10557 <... clone resumed>)              = 10561
10518 <... tgkill resumed>)             = 0
10521 --- SIGURG {si_signo=SIGURG, si_code=SI_TKILL, si_pid=10512, si_uid=1001} ---
10556 clone(child_stack=0x7fc59f986000, flags=CLONE_VM|CLONE_FS|CLONE_FILES|CLONE_SIGHAND|CLONE_THREAD|CLONE_SYSVSEM) = 10562
10556 clone(child_stack=0x7fc59f9be000, flags=CLONE_VM|CLONE_FS|CLONE_FILES|CLONE_SIGHAND|CLONE_THREAD|CLONE_SYSVSEM) = 10563
10556 clone(child_stack=0x7fc59f9ba000, flags=CLONE_VM|CLONE_FS|CLONE_FILES|CLONE_SIGHAND|CLONE_THREAD|CLONE_SYSVSEM) = 10564
10518 tgkill(10512, 10519, SIGURG)      = 0
10557 tgkill(10555, 10561, SIGURG)      = 0
10561 --- SIGURG {si_signo=SIGURG, si_code=SI_TKILL, si_pid=10555, si_uid=1001} ---
10519 --- SIGURG {si_signo=SIGURG, si_code=SI_TKILL, si_pid=10512, si_uid=1001} ---
10563 clone(child_stack=0x7fc59fa18000, flags=CLONE_VM|CLONE_FS|CLONE_FILES|CLONE_SIGHAND|CLONE_THREAD|CLONE_SYSVSEM) = 10565
9973  tgkill(9972, 10077, SIGURG)       = 0
10077 --- SIGURG {si_signo=SIGURG, si_code=SI_TKILL, si_pid=9972, si_uid=1001} ---
10562 clone(child_stack=0x7fc59fdac000, flags=CLONE_VM|CLONE_FS|CLONE_FILES|CLONE_SIGHAND|CLONE_THREAD|CLONE_SYSVSEM) = 10566
10518 tgkill(10512, 10520, SIGURG)      = 0
10518 tgkill(10512, 10521, SIGURG)      = 0
10520 --- SIGURG {si_signo=SIGURG, si_code=SI_TKILL, si_pid=10512, si_uid=1001} ---
10521 --- SIGURG {si_signo=SIGURG, si_code=SI_TKILL, si_pid=10512, si_uid=1001} ---
10562 clone(child_stack=0x7fc59fda8000, flags=CLONE_VM|CLONE_FS|CLONE_FILES|CLONE_SIGHAND|CLONE_THREAD|CLONE_SYSVSEM) = 10567
10557 tgkill(10555, 10561, SIGURG)      = 0
10561 --- SIGURG {si_signo=SIGURG, si_code=SI_TKILL, si_pid=10555, si_uid=1001} ---
9976  clone(child_stack=NULL, flags=CLONE_VM|CLONE_PIDFD|CLONE_VFORK|SIGCHLD <unfinished ...>
10568 execve("/opt/hostedtoolcache/go/1.27.1/arm64/pkg/tool/linux_arm64/compile", ["/opt/hostedtoolcache/go/1.27.1/a"..., "-o", "/tmp/go-build3326039643/b059/_pk"..., "-trimpath", "/tmp/go-build3326039643/b059=>", "-p", "internal/syscall/execenv", "-lang=go1.27", "-std", "-complete", "-buildid", "_slFfpwp5FkRttF8-o80/_slFfpwp5Fk"..., "-goversion", "go1.27.1", "-c=4", "-nolocalimports", "-importcfg", "/tmp/go-build3326039643/b059/imp"..., "-pack", "/opt/hostedtoolcache/go/1.27.1/a"...], 0x5bded65e5b08 /* 140 vars */ <unfinished ...>
9976  <... clone resumed>, parent_tid=[14]) = 10568
9976  waitid(P_PIDFD, 14,  <unfinished ...>
10568 <... execve resumed>)             = 0
10568 clone(child_stack=0x7bc406c0c000, flags=CLONE_VM|CLONE_FS|CLONE_FILES|CLONE_SIGHAND|CLONE_THREAD|CLONE_SYSVSEM) = 10569
10568 clone(child_stack=0x7bc406c44000, flags=CLONE_VM|CLONE_FS|CLONE_FILES|CLONE_SIGHAND|CLONE_THREAD|CLONE_SYSVSEM) = 10570
10568 clone(child_stack=0x7bc406c40000, flags=CLONE_VM|CLONE_FS|CLONE_FILES|CLONE_SIGHAND|CLONE_THREAD|CLONE_SYSVSEM) = 10571
10568 clone(child_stack=0x7bc406c68000, flags=CLONE_VM|CLONE_FS|CLONE_FILES|CLONE_SIGHAND|CLONE_THREAD|CLONE_SYSVSEM) = 10572
10570 clone(child_stack=0x7bc406c64000, flags=CLONE_VM|CLONE_FS|CLONE_FILES|CLONE_SIGHAND|CLONE_THREAD|CLONE_SYSVSEM) = 10573
10562 tgkill(10556, 10564, SIGURG <unfinished ...>
10518 tgkill(10512, 10512, SIGURG)      = 0
10562 <... tgkill resumed>)             = 0
10564 --- SIGURG {si_signo=SIGURG, si_code=SI_TKILL, si_pid=10556, si_uid=1001} ---
10512 --- SIGURG {si_signo=SIGURG, si_code=SI_TKILL, si_pid=10512, si_uid=1001} ---
10568 exit_group(0)                     = ?
10573 +++ exited with 0 +++
10569 +++ exited with 0 +++
10571 +++ exited with 0 +++
10570 +++ exited with 0 +++
10572 +++ exited with 0 +++
10568 +++ exited with 0 +++
9979  --- SIGCHLD {si_signo=SIGCHLD, si_code=CLD_EXITED, si_pid=10568, si_uid=1001, si_status=0, si_utime=0, si_stime=0} ---
9976  <... waitid resumed>{si_signo=SIGCHLD, si_code=CLD_EXITED, si_pid=10568, si_uid=1001, si_status=0, si_utime=0, si_stime=0}, WEXITED, {ru_utime={tv_sec=0, tv_usec=6492}, ru_stime={tv_sec=0, tv_usec=6492}, ...}) = 0
10557 tgkill(10555, 10559, SIGURG)      = 0
10559 --- SIGURG {si_signo=SIGURG, si_code=SI_TKILL, si_pid=10555, si_uid=1001} ---
9976  clone(child_stack=NULL, flags=CLONE_VM|CLONE_PIDFD|CLONE_VFORK|SIGCHLD <unfinished ...>
9979  tgkill(9972, 9976, SIGURG)        = 0
10574 execve("/opt/hostedtoolcache/go/1.27.1/arm64/pkg/tool/linux_arm64/compile", ["/opt/hostedtoolcache/go/1.27.1/a"..., "-o", "/tmp/go-build3326039643/b070/_pk"..., "-trimpath", "/tmp/go-build3326039643/b070=>", "-p", "regexp", "-lang=go1.27", "-std", "-complete", "-buildid", "Brb8s6QPGttxmhx85YD5/Brb8s6QPGtt"..., "-goversion", "go1.27.1", "-c=4", "-nolocalimports", "-importcfg", "/tmp/go-build3326039643/b070/imp"..., "-pack", "/opt/hostedtoolcache/go/1.27.1/a"..., "/opt/hostedtoolcache/go/1.27.1/a"..., "/opt/hostedtoolcache/go/1.27.1/a"..., "/opt/hostedtoolcache/go/1.27.1/a"...], 0x5bded622ad88 /* 140 vars */ <unfinished ...>
9976  <... clone resumed>, parent_tid=[14]) = 10574
10574 <... execve resumed>)             = 0
9976  --- SIGURG {si_signo=SIGURG, si_code=SI_TKILL, si_pid=9972, si_uid=1001} ---
9979  waitid(P_PIDFD, 14,  <unfinished ...>
10562 tgkill(10556, 10564, SIGURG)      = 0
10564 --- SIGURG {si_signo=SIGURG, si_code=SI_TKILL, si_pid=10556, si_uid=1001} ---
10518 tgkill(10512, 10521, SIGURG)      = 0
10521 --- SIGURG {si_signo=SIGURG, si_code=SI_TKILL, si_pid=10512, si_uid=1001} ---
10566 exit_group(0)                     = ?
10567 +++ exited with 0 +++
10566 +++ exited with 0 +++
10565 +++ exited with 0 +++
10564 +++ exited with 0 +++
10563 +++ exited with 0 +++
10562 +++ exited with 0 +++
10556 +++ exited with 0 +++
9990  <... waitid resumed>{si_signo=SIGCHLD, si_code=CLD_EXITED, si_pid=10556, si_uid=1001, si_status=0, si_utime=0, si_stime=0}, WEXITED, {ru_utime={tv_sec=0, tv_usec=31105}, ru_stime={tv_sec=0, tv_usec=10368}, ...}) = 0
10077 --- SIGCHLD {si_signo=SIGCHLD, si_code=CLD_EXITED, si_pid=10556, si_uid=1001, si_status=0, si_utime=2 /* 0.02 s */, si_stime=0} ---
10574 clone(child_stack=0x786cf6ec8000, flags=CLONE_VM|CLONE_FS|CLONE_FILES|CLONE_SIGHAND|CLONE_THREAD|CLONE_SYSVSEM) = 10575
10574 clone(child_stack=0x786cf6f00000, flags=CLONE_VM|CLONE_FS|CLONE_FILES|CLONE_SIGHAND|CLONE_THREAD|CLONE_SYSVSEM) = 10576
10575 tgkill(10574, 10574, SIGURG)      = 0
10574 clone(child_stack=0x786cf6efc000, flags=CLONE_VM|CLONE_FS|CLONE_FILES|CLONE_SIGHAND|CLONE_THREAD|CLONE_SYSVSEM) = 10577
10574 --- SIGURG {si_signo=SIGURG, si_code=SI_TKILL, si_pid=10574, si_uid=1001} ---
10576 clone(child_stack=0x786cf6f98000, flags=CLONE_VM|CLONE_FS|CLONE_FILES|CLONE_SIGHAND|CLONE_THREAD|CLONE_SYSVSEM) = 10578
10557 tgkill(10555, 10558, SIGURG)      = 0
10558 --- SIGURG {si_signo=SIGURG, si_code=SI_TKILL, si_pid=10555, si_uid=1001} ---
10518 tgkill(10512, 10519, SIGURG <unfinished ...>
10519 --- SIGURG {si_signo=SIGURG, si_code=SI_TKILL, si_pid=10512, si_uid=1001} ---
10518 <... tgkill resumed>)             = 0
10576 clone(child_stack=0x786cf7398000, flags=CLONE_VM|CLONE_FS|CLONE_FILES|CLONE_SIGHAND|CLONE_THREAD|CLONE_SYSVSEM) = 10579
10575 tgkill(10574, 10574, SIGURG)      = 0
10574 --- SIGURG {si_signo=SIGURG, si_code=SI_TKILL, si_pid=10574, si_uid=1001} ---
10557 tgkill(10555, 10559, SIGURG)      = 0
10559 --- SIGURG {si_signo=SIGURG, si_code=SI_TKILL, si_pid=10555, si_uid=1001} ---
10518 tgkill(10512, 10521, SIGURG)      = 0
10521 --- SIGURG {si_signo=SIGURG, si_code=SI_TKILL, si_pid=10512, si_uid=1001} ---
10521 exit_group(0)                     = ?
10522 +++ exited with 0 +++
10519 +++ exited with 0 +++
10518 +++ exited with 0 +++
10521 +++ exited with 0 +++
10575 tgkill(10574, 10576, SIGURG <unfinished ...>
10576 --- SIGURG {si_signo=SIGURG, si_code=SI_TKILL, si_pid=10574, si_uid=1001} ---
10575 <... tgkill resumed>)             = 0
10520 +++ exited with 0 +++
10512 +++ exited with 0 +++
9973  --- SIGCHLD {si_signo=SIGCHLD, si_code=CLD_EXITED, si_pid=10512, si_uid=1001, si_status=0, si_utime=80 /* 0.80 s */, si_stime=7 /* 0.07 s */} ---
9972  <... waitid resumed>{si_signo=SIGCHLD, si_code=CLD_EXITED, si_pid=10512, si_uid=1001, si_status=0, si_utime=0, si_stime=0}, WEXITED, {ru_utime={tv_sec=0, tv_usec=766102}, ru_stime={tv_sec=0, tv_usec=68691}, ...}) = 0
9972  clone(child_stack=NULL, flags=CLONE_VM|CLONE_PIDFD|CLONE_VFORK|SIGCHLD <unfinished ...>
10557 tgkill(10555, 10559, SIGURG)      = 0
10559 --- SIGURG {si_signo=SIGURG, si_code=SI_TKILL, si_pid=10555, si_uid=1001} ---
10580 execve("/opt/hostedtoolcache/go/1.27.1/arm64/pkg/tool/linux_arm64/asm", ["/opt/hostedtoolcache/go/1.27.1/a"..., "-p", "reflect", "-trimpath", "/tmp/go-build3326039643/b038=>", "-I", "/tmp/go-build3326039643/b038/", "-I", "/opt/hostedtoolcache/go/1.27.1/a"..., "-D", "GOOS_linux", "-D", "GOARCH_arm64", "-std", "-o", "/tmp/go-build3326039643/b038/asm"..., "/opt/hostedtoolcache/go/1.27.1/a"...], 0x5bded65e4d88 /* 140 vars */ <unfinished ...>
9973  tgkill(9972, 9972, SIGURG)        = 0
10575 tgkill(10574, 10578, SIGURG <unfinished ...>
9972  <... clone resumed>, parent_tid=[16]) = 10580
10578 --- SIGURG {si_signo=SIGURG, si_code=SI_TKILL, si_pid=10574, si_uid=1001} ---
10575 <... tgkill resumed>)             = 0
9972  --- SIGURG {si_signo=SIGURG, si_code=SI_TKILL, si_pid=9972, si_uid=1001} ---
10580 <... execve resumed>)             = 0
9973  tgkill(9972, 9972, SIGURG)        = 0
9972  --- SIGURG {si_signo=SIGURG, si_code=SI_TKILL, si_pid=9972, si_uid=1001} ---
9973  tgkill(9972, 9972, SIGURG)        = 0
9972  --- SIGURG {si_signo=SIGURG, si_code=SI_TKILL, si_pid=9972, si_uid=1001} ---
9972  waitid(P_PIDFD, 16,  <unfinished ...>
10580 clone(child_stack=0x7ab28f9f8000, flags=CLONE_VM|CLONE_FS|CLONE_FILES|CLONE_SIGHAND|CLONE_THREAD|CLONE_SYSVSEM) = 10581
10580 clone(child_stack=0x7ab28fa30000, flags=CLONE_VM|CLONE_FS|CLONE_FILES|CLONE_SIGHAND|CLONE_THREAD|CLONE_SYSVSEM) = 10582
10580 clone(child_stack=0x7ab28fa2c000, flags=CLONE_VM|CLONE_FS|CLONE_FILES|CLONE_SIGHAND|CLONE_THREAD|CLONE_SYSVSEM) = 10583
10557 tgkill(10555, 10555, SIGURG)      = 0
10557 tgkill(10555, 10558, SIGURG)      = 0
10557 tgkill(10555, 10561, SIGURG)      = 0
10561 --- SIGURG {si_signo=SIGURG, si_code=SI_TKILL, si_pid=10555, si_uid=1001} ---
10580 clone(child_stack=0x7ab28fa54000, flags=CLONE_VM|CLONE_FS|CLONE_FILES|CLONE_SIGHAND|CLONE_THREAD|CLONE_SYSVSEM) = 10584
10555 --- SIGURG {si_signo=SIGURG, si_code=SI_TKILL, si_pid=10555, si_uid=1001} ---
10558 --- SIGURG {si_signo=SIGURG, si_code=SI_TKILL, si_pid=10555, si_uid=1001} ---
10581 tgkill(10580, 10580, SIGURG)      = 0
10580 --- SIGURG {si_signo=SIGURG, si_code=SI_TKILL, si_pid=10580, si_uid=1001} ---
10557 tgkill(10555, 10559, SIGURG <unfinished ...>
10559 --- SIGURG {si_signo=SIGURG, si_code=SI_TKILL, si_pid=10555, si_uid=1001} ---
10557 <... tgkill resumed>)             = 0
10575 tgkill(10574, 10578, SIGURG)      = 0
10578 --- SIGURG {si_signo=SIGURG, si_code=SI_TKILL, si_pid=10574, si_uid=1001} ---
10582 exit_group(0)                     = ?
10584 +++ exited with 0 +++
10583 +++ exited with 0 +++
10582 +++ exited with 0 +++
10581 +++ exited with 0 +++
10580 +++ exited with 0 +++
9990  --- SIGCHLD {si_signo=SIGCHLD, si_code=CLD_EXITED, si_pid=10580, si_uid=1001, si_status=0, si_utime=0, si_stime=0} ---
9972  <... waitid resumed>{si_signo=SIGCHLD, si_code=CLD_EXITED, si_pid=10580, si_uid=1001, si_status=0, si_utime=0, si_stime=0}, WEXITED, {ru_utime={tv_sec=0, tv_usec=1674}, ru_stime={tv_sec=0, tv_usec=6696}, ...}) = 0
10557 tgkill(10555, 10555, SIGURG)      = 0
10557 tgkill(10555, 10558, SIGURG)      = 0
10557 tgkill(10555, 10561, SIGURG)      = 0
10561 --- SIGURG {si_signo=SIGURG, si_code=SI_TKILL, si_pid=10555, si_uid=1001} ---
10555 --- SIGURG {si_signo=SIGURG, si_code=SI_TKILL, si_pid=10555, si_uid=1001} ---
10558 --- SIGURG {si_signo=SIGURG, si_code=SI_TKILL, si_pid=10555, si_uid=1001} ---
9973  tgkill(9972, 9972, SIGURG)        = 0
9972  --- SIGURG {si_signo=SIGURG, si_code=SI_TKILL, si_pid=9972, si_uid=1001} ---
10557 tgkill(10555, 10559, SIGURG)      = 0
10559 --- SIGURG {si_signo=SIGURG, si_code=SI_TKILL, si_pid=10555, si_uid=1001} ---
10559 tgkill(10555, 10561, SIGURG)      = 0
10561 --- SIGURG {si_signo=SIGURG, si_code=SI_TKILL, si_pid=10555, si_uid=1001} ---
10575 tgkill(10574, 10578, SIGURG <unfinished ...>
10578 --- SIGURG {si_signo=SIGURG, si_code=SI_TKILL, si_pid=10574, si_uid=1001} ---
10575 <... tgkill resumed>)             = 0
9973  tgkill(9972, 10077, SIGURG)       = 0
10077 --- SIGURG {si_signo=SIGURG, si_code=SI_TKILL, si_pid=9972, si_uid=1001} ---
10557 tgkill(10555, 10561, SIGURG <unfinished ...>
10561 --- SIGURG {si_signo=SIGURG, si_code=SI_TKILL, si_pid=10555, si_uid=1001} ---
10557 <... tgkill resumed>)             = 0
10558 tgkill(10555, 10561, SIGURG)      = 0
10561 --- SIGURG {si_signo=SIGURG, si_code=SI_TKILL, si_pid=10555, si_uid=1001} ---
10558 tgkill(10555, 10559, SIGURG)      = 0
10559 --- SIGURG {si_signo=SIGURG, si_code=SI_TKILL, si_pid=10555, si_uid=1001} ---
10575 tgkill(10574, 10576, SIGURG)      = 0
10575 tgkill(10574, 10577, SIGURG)      = 0
10577 --- SIGURG {si_signo=SIGURG, si_code=SI_TKILL, si_pid=10574, si_uid=1001} ---
10576 --- SIGURG {si_signo=SIGURG, si_code=SI_TKILL, si_pid=10574, si_uid=1001} ---
10575 tgkill(10574, 10574, SIGURG)      = 0
10574 --- SIGURG {si_signo=SIGURG, si_code=SI_TKILL, si_pid=10574, si_uid=1001} ---
10558 tgkill(10555, 10555, SIGURG)      = 0
10555 --- SIGURG {si_signo=SIGURG, si_code=SI_TKILL, si_pid=10555, si_uid=1001} ---
10558 tgkill(10555, 10559, SIGURG)      = 0
10559 --- SIGURG {si_signo=SIGURG, si_code=SI_TKILL, si_pid=10555, si_uid=1001} ---
10557 tgkill(10555, 10558, SIGURG)      = 0
9973  tgkill(9972, 9972, SIGURG)        = 0
9972  --- SIGURG {si_signo=SIGURG, si_code=SI_TKILL, si_pid=9972, si_uid=1001} ---
10558 --- SIGURG {si_signo=SIGURG, si_code=SI_TKILL, si_pid=10555, si_uid=1001} ---
10558 tgkill(10555, 10555, SIGURG)      = 0
10575 tgkill(10574, 10578, SIGURG)      = 0
10578 --- SIGURG {si_signo=SIGURG, si_code=SI_TKILL, si_pid=10574, si_uid=1001} ---
10558 tgkill(10555, 10561, SIGURG)      = 0
10558 tgkill(10555, 10559, SIGURG)      = 0
10559 --- SIGURG {si_signo=SIGURG, si_code=SI_TKILL, si_pid=10555, si_uid=1001} ---
10558 tgkill(10555, 10559, SIGURG <unfinished ...>
10559 --- SIGURG {si_signo=SIGURG, si_code=SI_TKILL, si_pid=10555, si_uid=1001} ---
10558 <... tgkill resumed>)             = 0
10558 tgkill(10555, 10559, SIGURG <unfinished ...>
10559 --- SIGURG {si_signo=SIGURG, si_code=SI_TKILL, si_pid=10555, si_uid=1001} ---
10558 <... tgkill resumed>)             = 0
10558 tgkill(10555, 10559, SIGURG <unfinished ...>
10559 --- SIGURG {si_signo=SIGURG, si_code=SI_TKILL, si_pid=10555, si_uid=1001} ---
10558 <... tgkill resumed>)             = 0
10558 tgkill(10555, 10559, SIGURG <unfinished ...>
10559 --- SIGURG {si_signo=SIGURG, si_code=SI_TKILL, si_pid=10555, si_uid=1001} ---
10558 <... tgkill resumed>)             = 0
10558 tgkill(10555, 10559, SIGURG <unfinished ...>
10559 --- SIGURG {si_signo=SIGURG, si_code=SI_TKILL, si_pid=10555, si_uid=1001} ---
10558 <... tgkill resumed>)             = 0
10558 tgkill(10555, 10559, SIGURG <unfinished ...>
10559 --- SIGURG {si_signo=SIGURG, si_code=SI_TKILL, si_pid=10555, si_uid=1001} ---
10558 <... tgkill resumed>)             = 0
10558 tgkill(10555, 10559, SIGURG <unfinished ...>
10559 --- SIGURG {si_signo=SIGURG, si_code=SI_TKILL, si_pid=10555, si_uid=1001} ---
10558 <... tgkill resumed>)             = 0
10558 tgkill(10555, 10559, SIGURG <unfinished ...>
10559 --- SIGURG {si_signo=SIGURG, si_code=SI_TKILL, si_pid=10555, si_uid=1001} ---
10558 <... tgkill resumed>)             = 0
10555 --- SIGURG {si_signo=SIGURG, si_code=SI_TKILL, si_pid=10555, si_uid=1001} ---
10558 tgkill(10555, 10559, SIGURG)      = 0
10559 --- SIGURG {si_signo=SIGURG, si_code=SI_TKILL, si_pid=10555, si_uid=1001} ---
10558 tgkill(10555, 10555, SIGURG <unfinished ...>
10561 --- SIGURG {si_signo=SIGURG, si_code=SI_TKILL, si_pid=10555, si_uid=1001} ---
10558 <... tgkill resumed>)             = 0
10558 tgkill(10555, 10559, SIGURG)      = 0
10559 --- SIGURG {si_signo=SIGURG, si_code=SI_TKILL, si_pid=10555, si_uid=1001} ---
10558 tgkill(10555, 10561, SIGURG <unfinished ...>
10557 tgkill(10555, 10558, SIGURG <unfinished ...>
10555 --- SIGURG {si_signo=SIGURG, si_code=SI_TKILL, si_pid=10555, si_uid=1001} ---
10557 <... tgkill resumed>)             = 0
10558 <... tgkill resumed>)             = 0
10558 --- SIGURG {si_signo=SIGURG, si_code=SI_TKILL, si_pid=10555, si_uid=1001} ---
10561 --- SIGURG {si_signo=SIGURG, si_code=SI_TKILL, si_pid=10555, si_uid=1001} ---
10558 tgkill(10555, 10559, SIGURG)      = 0
10559 --- SIGURG {si_signo=SIGURG, si_code=SI_TKILL, si_pid=10555, si_uid=1001} ---
10558 tgkill(10555, 10555, SIGURG)      = 0
10555 --- SIGURG {si_signo=SIGURG, si_code=SI_TKILL, si_pid=10555, si_uid=1001} ---
10558 tgkill(10555, 10561, SIGURG <unfinished ...>
10561 --- SIGURG {si_signo=SIGURG, si_code=SI_TKILL, si_pid=10555, si_uid=1001} ---
10558 <... tgkill resumed>)             = 0
10558 tgkill(10555, 10555, SIGURG)      = 0
10555 --- SIGURG {si_signo=SIGURG, si_code=SI_TKILL, si_pid=10555, si_uid=1001} ---
10558 tgkill(10555, 10561, SIGURG)      = 0
10558 tgkill(10555, 10559, SIGURG <unfinished ...>
10559 --- SIGURG {si_signo=SIGURG, si_code=SI_TKILL, si_pid=10555, si_uid=1001} ---
10558 <... tgkill resumed>)             = 0
10558 tgkill(10555, 10555, SIGURG <unfinished ...>
10561 --- SIGURG {si_signo=SIGURG, si_code=SI_TKILL, si_pid=10555, si_uid=1001} ---
10558 <... tgkill resumed>)             = 0
10555 --- SIGURG {si_signo=SIGURG, si_code=SI_TKILL, si_pid=10555, si_uid=1001} ---
10575 tgkill(10574, 10576, SIGURG <unfinished ...>
10576 --- SIGURG {si_signo=SIGURG, si_code=SI_TKILL, si_pid=10574, si_uid=1001} ---
10575 <... tgkill resumed>)             = 0
10575 tgkill(10574, 10577, SIGURG)      = 0
10577 --- SIGURG {si_signo=SIGURG, si_code=SI_TKILL, si_pid=10574, si_uid=1001} ---
10558 tgkill(10555, 10559, SIGURG <unfinished ...>
10575 tgkill(10574, 10574, SIGURG <unfinished ...>
10558 <... tgkill resumed>)             = 0
10575 <... tgkill resumed>)             = 0
10574 --- SIGURG {si_signo=SIGURG, si_code=SI_TKILL, si_pid=10574, si_uid=1001} ---
10559 --- SIGURG {si_signo=SIGURG, si_code=SI_TKILL, si_pid=10555, si_uid=1001} ---
10558 tgkill(10555, 10555, SIGURG)      = 0
10555 --- SIGURG {si_signo=SIGURG, si_code=SI_TKILL, si_pid=10555, si_uid=1001} ---
10558 tgkill(10555, 10559, SIGURG <unfinished ...>
10559 --- SIGURG {si_signo=SIGURG, si_code=SI_TKILL, si_pid=10555, si_uid=1001} ---
10558 <... tgkill resumed>)             = 0
10558 tgkill(10555, 10555, SIGURG)      = 0
10555 --- SIGURG {si_signo=SIGURG, si_code=SI_TKILL, si_pid=10555, si_uid=1001} ---
10558 tgkill(10555, 10561, SIGURG)      = 0
10558 tgkill(10555, 10559, SIGURG)      = 0
10559 --- SIGURG {si_signo=SIGURG, si_code=SI_TKILL, si_pid=10555, si_uid=1001} ---
10561 --- SIGURG {si_signo=SIGURG, si_code=SI_TKILL, si_pid=10555, si_uid=1001} ---
10558 tgkill(10555, 10559, SIGURG <unfinished ...>
10559 --- SIGURG {si_signo=SIGURG, si_code=SI_TKILL, si_pid=10555, si_uid=1001} ---
10558 <... tgkill resumed>)             = 0
9973  tgkill(9972, 9975, SIGURG)        = 0
9975  --- SIGURG {si_signo=SIGURG, si_code=SI_TKILL, si_pid=9972, si_uid=1001} ---
10575 tgkill(10574, 10578, SIGURG)      = 0
10578 --- SIGURG {si_signo=SIGURG, si_code=SI_TKILL, si_pid=10574, si_uid=1001} ---
9973  tgkill(9972, 9972, SIGURG)        = 0
9972  --- SIGURG {si_signo=SIGURG, si_code=SI_TKILL, si_pid=9972, si_uid=1001} ---
10575 tgkill(10574, 10576, SIGURG)      = 0
10575 tgkill(10574, 10577, SIGURG)      = 0
10577 --- SIGURG {si_signo=SIGURG, si_code=SI_TKILL, si_pid=10574, si_uid=1001} ---
10575 tgkill(10574, 10574, SIGURG)      = 0
10574 --- SIGURG {si_signo=SIGURG, si_code=SI_TKILL, si_pid=10574, si_uid=1001} ---
10576 --- SIGURG {si_signo=SIGURG, si_code=SI_TKILL, si_pid=10574, si_uid=1001} ---
10575 tgkill(10574, 10578, SIGURG <unfinished ...>
10578 --- SIGURG {si_signo=SIGURG, si_code=SI_TKILL, si_pid=10574, si_uid=1001} ---
10575 <... tgkill resumed>)             = 0
9972  clone(child_stack=NULL, flags=CLONE_VM|CLONE_PIDFD|CLONE_VFORK|SIGCHLD <unfinished ...>
10586 execve("/opt/hostedtoolcache/go/1.27.1/arm64/pkg/tool/linux_arm64/compile", ["/opt/hostedtoolcache/go/1.27.1/a"..., "-o", "/tmp/go-build3326039643/b036/_pk"..., "-trimpath", "/tmp/go-build3326039643/b036=>", "-p", "internal/fmtsort", "-lang=go1.27", "-std", "-complete", "-buildid", "SoauNJMtg-FT5Tveei3e/SoauNJMtg-F"..., "-goversion", "go1.27.1", "-c=4", "-nolocalimports", "-importcfg", "/tmp/go-build3326039643/b036/imp"..., "-pack", "/opt/hostedtoolcache/go/1.27.1/a"...], 0x5bded65e5688 /* 140 vars */) = 0
9972  <... clone resumed>, parent_tid=[16]) = 10586
9972  waitid(P_PIDFD, 16,  <unfinished ...>
10557 tgkill(10555, 10558, SIGURG)      = 0
10558 --- SIGURG {si_signo=SIGURG, si_code=SI_TKILL, si_pid=10555, si_uid=1001} ---
10575 tgkill(10574, 10577, SIGURG <unfinished ...>
10577 --- SIGURG {si_signo=SIGURG, si_code=SI_TKILL, si_pid=10574, si_uid=1001} ---
10575 <... tgkill resumed>)             = 0
10575 tgkill(10574, 10574, SIGURG)      = 0
10574 --- SIGURG {si_signo=SIGURG, si_code=SI_TKILL, si_pid=10574, si_uid=1001} ---
10557 tgkill(10555, 10559, SIGURG)      = 0
10559 --- SIGURG {si_signo=SIGURG, si_code=SI_TKILL, si_pid=10555, si_uid=1001} ---
10575 tgkill(10574, 10576, SIGURG)      = 0
10586 clone(child_stack=0x408d11404000, flags=CLONE_VM|CLONE_FS|CLONE_FILES|CLONE_SIGHAND|CLONE_THREAD|CLONE_SYSVSEM <unfinished ...>
10576 --- SIGURG {si_signo=SIGURG, si_code=SI_TKILL, si_pid=10574, si_uid=1001} ---
10575 tgkill(10574, 10578, SIGURG <unfinished ...>
10578 --- SIGURG {si_signo=SIGURG, si_code=SI_TKILL, si_pid=10574, si_uid=1001} ---
10575 <... tgkill resumed>)             = 0
10586 <... clone resumed>)              = 10587
10586 clone(child_stack=0x408d1143c000, flags=CLONE_VM|CLONE_FS|CLONE_FILES|CLONE_SIGHAND|CLONE_THREAD|CLONE_SYSVSEM) = 10588
10587 tgkill(10586, 10586, SIGURG)      = 0
10586 --- SIGURG {si_signo=SIGURG, si_code=SI_TKILL, si_pid=10586, si_uid=1001} ---
10586 clone(child_stack=0x408d11438000, flags=CLONE_VM|CLONE_FS|CLONE_FILES|CLONE_SIGHAND|CLONE_THREAD|CLONE_SYSVSEM) = 10589
10559 exit_group(0)                     = ?
10557 +++ exited with 0 +++
10558 +++ exited with 0 +++
10560 +++ exited with 0 +++
10561 +++ exited with 0 +++
10588 clone(child_stack=0x408d1150a000, flags=CLONE_VM|CLONE_FS|CLONE_FILES|CLONE_SIGHAND|CLONE_THREAD|CLONE_SYSVSEM) = 10590
10575 tgkill(10574, 10577, SIGURG <unfinished ...>
10577 --- SIGURG {si_signo=SIGURG, si_code=SI_TKILL, si_pid=10574, si_uid=1001} ---
10575 <... tgkill resumed>)             = 0
10575 tgkill(10574, 10574, SIGURG)      = 0
10574 --- SIGURG {si_signo=SIGURG, si_code=SI_TKILL, si_pid=10574, si_uid=1001} ---
10559 +++ exited with 0 +++
10555 +++ exited with 0 +++
9990  --- SIGCHLD {si_signo=SIGCHLD, si_code=CLD_EXITED, si_pid=10555, si_uid=1001, si_status=0, si_utime=29 /* 0.29 s */, si_stime=4 /* 0.04 s */} ---
9977  <... waitid resumed>{si_signo=SIGCHLD, si_code=CLD_EXITED, si_pid=10555, si_uid=1001, si_status=0, si_utime=0, si_stime=0}, WEXITED, {ru_utime={tv_sec=0, tv_usec=299843}, ru_stime={tv_sec=0, tv_usec=44722}, ...}) = 0
10587 tgkill(10586, 10586, SIGURG)      = 0
10586 --- SIGURG {si_signo=SIGURG, si_code=SI_TKILL, si_pid=10586, si_uid=1001} ---
9973  tgkill(9972, 9990, SIGURG)        = 0
9990  --- SIGURG {si_signo=SIGURG, si_code=SI_TKILL, si_pid=9972, si_uid=1001} ---
10587 tgkill(10586, 10590, SIGURG <unfinished ...>
10590 --- SIGURG {si_signo=SIGURG, si_code=SI_TKILL, si_pid=10586, si_uid=1001} ---
10587 <... tgkill resumed>)             = 0
9973  tgkill(9972, 9990, SIGURG)        = 0
9990  --- SIGURG {si_signo=SIGURG, si_code=SI_TKILL, si_pid=9972, si_uid=1001} ---
9975  clone(child_stack=NULL, flags=CLONE_VM|CLONE_PIDFD|CLONE_VFORK|SIGCHLD <unfinished ...>
10590 exit_group(0)                     = ?
10587 +++ exited with 0 +++
10590 +++ exited with 0 +++
10589 +++ exited with 0 +++
10588 +++ exited with 0 +++
10586 +++ exited with 0 +++
9990  --- SIGCHLD {si_signo=SIGCHLD, si_code=CLD_EXITED, si_pid=10586, si_uid=1001, si_status=0, si_utime=4 /* 0.04 s */, si_stime=2 /* 0.02 s */} ---
9972  <... waitid resumed>{si_signo=SIGCHLD, si_code=CLD_EXITED, si_pid=10586, si_uid=1001, si_status=0, si_utime=0, si_stime=0}, WEXITED, {ru_utime={tv_sec=0, tv_usec=38769}, ru_stime={tv_sec=0, tv_usec=22909}, ...}) = 0
10593 execve("/opt/hostedtoolcache/go/1.27.1/arm64/pkg/tool/linux_arm64/compile", ["/opt/hostedtoolcache/go/1.27.1/a"..., "-o", "/tmp/go-build3326039643/b052/_pk"..., "-trimpath", "/tmp/go-build3326039643/b052=>", "-p", "io/fs", "-lang=go1.27", "-std", "-complete", "-buildid", "lJ0_dQnfUG_B1hTjCBKl/lJ0_dQnfUG_"..., "-goversion", "go1.27.1", "-c=4", "-nolocalimports", "-importcfg", "/tmp/go-build3326039643/b052/imp"..., "-pack", "/opt/hostedtoolcache/go/1.27.1/a"..., "/opt/hostedtoolcache/go/1.27.1/a"..., "/opt/hostedtoolcache/go/1.27.1/a"..., "/opt/hostedtoolcache/go/1.27.1/a"..., "/opt/hostedtoolcache/go/1.27.1/a"..., "/opt/hostedtoolcache/go/1.27.1/a"..., "/opt/hostedtoolcache/go/1.27.1/a"..., "/opt/hostedtoolcache/go/1.27.1/a"..., "/opt/hostedtoolcache/go/1.27.1/a"...], 0x5bded65e5b08 /* 140 vars */) = 0
9975  <... clone resumed>, parent_tid=[10]) = 10593
9975  waitid(P_PIDFD, 10,  <unfinished ...>
9990  clone(child_stack=NULL, flags=CLONE_VM|CLONE_PIDFD|CLONE_VFORK|SIGCHLD <unfinished ...>
10574 exit_group(0)                     = ?
10578 +++ exited with 0 +++
10577 +++ exited with 0 +++
10579 +++ exited with 0 +++
10575 +++ exited with 0 +++
10596 execve("/opt/hostedtoolcache/go/1.27.1/arm64/pkg/tool/linux_arm64/compile", ["/opt/hostedtoolcache/go/1.27.1/a"..., "-o", "/tmp/go-build3326039643/b057/_pk"..., "-trimpath", "/tmp/go-build3326039643/b057=>", "-p", "internal/poll", "-lang=go1.27", "-std", "-buildid", "bwo4KAWR9J1EysRAzp75/bwo4KAWR9J1"..., "-goversion", "go1.27.1", "-c=4", "-nolocalimports", "-importcfg", "/tmp/go-build3326039643/b057/imp"..., "-pack", "/opt/hostedtoolcache/go/1.27.1/a"..., "/opt/hostedtoolcache/go/1.27.1/a"..., "/opt/hostedtoolcache/go/1.27.1/a"..., "/opt/hostedtoolcache/go/1.27.1/a"..., "/opt/hostedtoolcache/go/1.27.1/a"..., "/opt/hostedtoolcache/go/1.27.1/a"..., "/opt/hostedtoolcache/go/1.27.1/a"..., "/opt/hostedtoolcache/go/1.27.1/a"..., "/opt/hostedtoolcache/go/1.27.1/a"..., "/opt/hostedtoolcache/go/1.27.1/a"..., "/opt/hostedtoolcache/go/1.27.1/a"..., "/opt/hostedtoolcache/go/1.27.1/a"..., "/opt/hostedtoolcache/go/1.27.1/a"..., "/opt/hostedtoolcache/go/1.27.1/a"..., ...], 0x5bded622b688 /* 140 vars */ <unfinished ...>
9990  <... clone resumed>, parent_tid=[17]) = 10596
10596 <... execve resumed>)             = 0
9990  waitid(P_PIDFD, 17,  <unfinished ...>
10593 clone(child_stack=0x6e7cc7a6000, flags=CLONE_VM|CLONE_FS|CLONE_FILES|CLONE_SIGHAND|CLONE_THREAD|CLONE_SYSVSEM) = 10597
10593 clone(child_stack=0x6e7cc7de000, flags=CLONE_VM|CLONE_FS|CLONE_FILES|CLONE_SIGHAND|CLONE_THREAD|CLONE_SYSVSEM) = 10598
10597 tgkill(10593, 10593, SIGURG)      = 0
10593 clone(child_stack=0x6e7cc7da000, flags=CLONE_VM|CLONE_FS|CLONE_FILES|CLONE_SIGHAND|CLONE_THREAD|CLONE_SYSVSEM) = 10599
10593 --- SIGURG {si_signo=SIGURG, si_code=SI_TKILL, si_pid=10593, si_uid=1001} ---
10598 clone(child_stack=0x6e7cc818000, flags=CLONE_VM|CLONE_FS|CLONE_FILES|CLONE_SIGHAND|CLONE_THREAD|CLONE_SYSVSEM) = 10600
10576 +++ exited with 0 +++
10574 +++ exited with 0 +++
9972  --- SIGCHLD {si_signo=SIGCHLD, si_code=CLD_EXITED, si_pid=10574, si_uid=1001, si_status=0, si_utime=28 /* 0.28 s */, si_stime=4 /* 0.04 s */} ---
9979  <... waitid resumed>{si_signo=SIGCHLD, si_code=CLD_EXITED, si_pid=10574, si_uid=1001, si_status=0, si_utime=0, si_stime=0}, WEXITED, {ru_utime={tv_sec=0, tv_usec=281320}, ru_stime={tv_sec=0, tv_usec=42830}, ...}) = 0
9977  tgkill(9972, 9972, SIGURG)        = 0
9972  --- SIGURG {si_signo=SIGURG, si_code=SI_TKILL, si_pid=9972, si_uid=1001} ---
9972  tgkill(9972, 9977, SIGURG <unfinished ...>
9977  --- SIGURG {si_signo=SIGURG, si_code=SI_TKILL, si_pid=9972, si_uid=1001} ---
9972  <... tgkill resumed>)             = 0
9977  tgkill(9972, 9972, SIGURG)        = 0
9972  --- SIGURG {si_signo=SIGURG, si_code=SI_TKILL, si_pid=9972, si_uid=1001} ---
9977  tgkill(9972, 9976, SIGURG)        = 0
9976  --- SIGURG {si_signo=SIGURG, si_code=SI_TKILL, si_pid=9972, si_uid=1001} ---
10596 clone(child_stack=0x16d12432e000, flags=CLONE_VM|CLONE_FS|CLONE_FILES|CLONE_SIGHAND|CLONE_THREAD|CLONE_SYSVSEM) = 10601
10596 clone(child_stack=0x16d124366000, flags=CLONE_VM|CLONE_FS|CLONE_FILES|CLONE_SIGHAND|CLONE_THREAD|CLONE_SYSVSEM) = 10602
10596 clone(child_stack=0x16d124362000, flags=CLONE_VM|CLONE_FS|CLONE_FILES|CLONE_SIGHAND|CLONE_THREAD|CLONE_SYSVSEM) = 10603
9976  clone(child_stack=NULL, flags=CLONE_VM|CLONE_PIDFD|CLONE_VFORK|SIGCHLD <unfinished ...>
10596 clone(child_stack=0x16d124410000, flags=CLONE_VM|CLONE_FS|CLONE_FILES|CLONE_SIGHAND|CLONE_THREAD|CLONE_SYSVSEM) = 10605
10602 clone(child_stack=0x16d12440c000, flags=CLONE_VM|CLONE_FS|CLONE_FILES|CLONE_SIGHAND|CLONE_THREAD|CLONE_SYSVSEM) = 10606
10597 clone(child_stack=0x6e7cc83e000, flags=CLONE_VM|CLONE_FS|CLONE_FILES|CLONE_SIGHAND|CLONE_THREAD|CLONE_SYSVSEM) = 10607
10604 execve("/opt/hostedtoolcache/go/1.27.1/arm64/pkg/tool/linux_arm64/compile", ["/opt/hostedtoolcache/go/1.27.1/a"..., "-o", "/tmp/go-build3326039643/b065/_pk"..., "-trimpath", "/tmp/go-build3326039643/b065=>", "-p", "context", "-lang=go1.27", "-std", "-complete", "-buildid", "jYM-d33LGuQrJx-DCmJb/jYM-d33LGuQ"..., "-goversion", "go1.27.1", "-c=4", "-nolocalimports", "-importcfg", "/tmp/go-build3326039643/b065/imp"..., "-pack", "/opt/hostedtoolcache/go/1.27.1/a"...], 0x5bded65e4d88 /* 140 vars */ <unfinished ...>
9976  <... clone resumed>, parent_tid=[16]) = 10604
10604 <... execve resumed>)             = 0
9976  waitid(P_PIDFD, 16,  <unfinished ...>
10604 clone(child_stack=0x5a5b6f6ca000, flags=CLONE_VM|CLONE_FS|CLONE_FILES|CLONE_SIGHAND|CLONE_THREAD|CLONE_SYSVSEM) = 10608
10597 tgkill(10593, 10598, SIGURG)      = 0
10598 --- SIGURG {si_signo=SIGURG, si_code=SI_TKILL, si_pid=10593, si_uid=1001} ---
10604 clone(child_stack=0x5a5b6f708000, flags=CLONE_VM|CLONE_FS|CLONE_FILES|CLONE_SIGHAND|CLONE_THREAD|CLONE_SYSVSEM) = 10609
10604 clone(child_stack=0x5a5b6f704000, flags=CLONE_VM|CLONE_FS|CLONE_FILES|CLONE_SIGHAND|CLONE_THREAD|CLONE_SYSVSEM) = 10610
10604 clone(child_stack=0x5a5b6f790000, flags=CLONE_VM|CLONE_FS|CLONE_FILES|CLONE_SIGHAND|CLONE_THREAD|CLONE_SYSVSEM <unfinished ...>
10609 clone(child_stack=0x5a5b6f78c000, flags=CLONE_VM|CLONE_FS|CLONE_FILES|CLONE_SIGHAND|CLONE_THREAD|CLONE_SYSVSEM <unfinished ...>
10604 <... clone resumed>)              = 10611
10609 <... clone resumed>)              = 10612
10601 tgkill(10596, 10602, SIGURG <unfinished ...>
10602 --- SIGURG {si_signo=SIGURG, si_code=SI_TKILL, si_pid=10596, si_uid=1001} ---
10601 <... tgkill resumed>)             = 0
10608 tgkill(10604, 10604, SIGURG)      = 0
10604 --- SIGURG {si_signo=SIGURG, si_code=SI_TKILL, si_pid=10604, si_uid=1001} ---
10597 tgkill(10593, 10599, SIGURG)      = 0
10599 --- SIGURG {si_signo=SIGURG, si_code=SI_TKILL, si_pid=10593, si_uid=1001} ---
10601 tgkill(10596, 10602, SIGURG)      = 0
10602 --- SIGURG {si_signo=SIGURG, si_code=SI_TKILL, si_pid=10596, si_uid=1001} ---
10608 tgkill(10604, 10604, SIGURG)      = 0
10604 --- SIGURG {si_signo=SIGURG, si_code=SI_TKILL, si_pid=10604, si_uid=1001} ---
10597 tgkill(10593, 10598, SIGURG)      = 0
10598 --- SIGURG {si_signo=SIGURG, si_code=SI_TKILL, si_pid=10593, si_uid=1001} ---
10597 tgkill(10593, 10593, SIGURG)      = 0
10593 --- SIGURG {si_signo=SIGURG, si_code=SI_TKILL, si_pid=10593, si_uid=1001} ---
10597 tgkill(10593, 10607, SIGURG)      = 0
10607 --- SIGURG {si_signo=SIGURG, si_code=SI_TKILL, si_pid=10593, si_uid=1001} ---
10601 tgkill(10596, 10602, SIGURG)      = 0
10602 --- SIGURG {si_signo=SIGURG, si_code=SI_TKILL, si_pid=10596, si_uid=1001} ---
10608 tgkill(10604, 10611, SIGURG <unfinished ...>
10611 --- SIGURG {si_signo=SIGURG, si_code=SI_TKILL, si_pid=10604, si_uid=1001} ---
10608 <... tgkill resumed>)             = 0
10598 exit_group(0)                     = ?
10607 +++ exited with 0 +++
10600 +++ exited with 0 +++
10599 +++ exited with 0 +++
10598 +++ exited with 0 +++
10597 +++ exited with 0 +++
10593 +++ exited with 0 +++
9979  --- SIGCHLD {si_signo=SIGCHLD, si_code=CLD_EXITED, si_pid=10593, si_uid=1001, si_status=0, si_utime=7 /* 0.07 s */, si_stime=2 /* 0.02 s */} ---
9975  <... waitid resumed>{si_signo=SIGCHLD, si_code=CLD_EXITED, si_pid=10593, si_uid=1001, si_status=0, si_utime=0, si_stime=0}, WEXITED, {ru_utime={tv_sec=0, tv_usec=70323}, ru_stime={tv_sec=0, tv_usec=20092}, ...}) = 0
10611 exit_group(0)                     = ?
10611 +++ exited with 0 +++
10608 +++ exited with 0 +++
10612 +++ exited with 0 +++
10609 +++ exited with 0 +++
10610 +++ exited with 0 +++
10604 +++ exited with 0 +++
9976  <... waitid resumed>{si_signo=SIGCHLD, si_code=CLD_EXITED, si_pid=10604, si_uid=1001, si_status=0, si_utime=0, si_stime=0}, WEXITED, {ru_utime={tv_sec=0, tv_usec=51215}, ru_stime={tv_sec=0, tv_usec=17071}, ...}) = 0
9975  --- SIGCHLD {si_signo=SIGCHLD, si_code=CLD_EXITED, si_pid=10604, si_uid=1001, si_status=0, si_utime=5 /* 0.05 s */, si_stime=1 /* 0.01 s */} ---
10601 tgkill(10596, 10602, SIGURG)      = 0
10602 --- SIGURG {si_signo=SIGURG, si_code=SI_TKILL, si_pid=10596, si_uid=1001} ---
9979  clone(child_stack=NULL, flags=CLONE_VM|CLONE_PIDFD|CLONE_VFORK|SIGCHLD <unfinished ...>
9973  tgkill(9972, 9979, SIGURG)        = 0
10613 execve("/opt/hostedtoolcache/go/1.27.1/arm64/pkg/tool/linux_arm64/compile", ["/opt/hostedtoolcache/go/1.27.1/a"..., "-o", "/tmp/go-build3326039643/b051/_pk"..., "-trimpath", "/tmp/go-build3326039643/b051=>", "-p", "internal/filepathlite", "-lang=go1.27", "-std", "-complete", "-buildid", "oDbma4U_lMUFNCMLk_Kk/oDbma4U_lMU"..., "-goversion", "go1.27.1", "-c=4", "-nolocalimports", "-importcfg", "/tmp/go-build3326039643/b051/imp"..., "-pack", "/opt/hostedtoolcache/go/1.27.1/a"..., "/opt/hostedtoolcache/go/1.27.1/a"..., "/opt/hostedtoolcache/go/1.27.1/a"...], 0x5bded622a008 /* 140 vars */ <unfinished ...>
9979  <... clone resumed>, parent_tid=[14]) = 10613
9979  --- SIGURG {si_signo=SIGURG, si_code=SI_TKILL, si_pid=9972, si_uid=1001} ---
10613 <... execve resumed>)             = 0
9979  waitid(P_PIDFD, 14,  <unfinished ...>
10613 clone(child_stack=0x151fc053c000, flags=CLONE_VM|CLONE_FS|CLONE_FILES|CLONE_SIGHAND|CLONE_THREAD|CLONE_SYSVSEM) = 10614
10613 clone(child_stack=0x151fc0574000, flags=CLONE_VM|CLONE_FS|CLONE_FILES|CLONE_SIGHAND|CLONE_THREAD|CLONE_SYSVSEM) = 10615
10613 clone(child_stack=0x151fc0570000, flags=CLONE_VM|CLONE_FS|CLONE_FILES|CLONE_SIGHAND|CLONE_THREAD|CLONE_SYSVSEM) = 10616
10615 clone(child_stack=0x151fc05a0000, flags=CLONE_VM|CLONE_FS|CLONE_FILES|CLONE_SIGHAND|CLONE_THREAD|CLONE_SYSVSEM) = 10617
10601 tgkill(10596, 10605, SIGURG)      = 0
10605 --- SIGURG {si_signo=SIGURG, si_code=SI_TKILL, si_pid=10596, si_uid=1001} ---
10601 tgkill(10596, 10606, SIGURG)      = 0
10601 tgkill(10596, 10596, SIGURG)      = 0
10596 --- SIGURG {si_signo=SIGURG, si_code=SI_TKILL, si_pid=10596, si_uid=1001} ---
10606 --- SIGURG {si_signo=SIGURG, si_code=SI_TKILL, si_pid=10596, si_uid=1001} ---
10614 tgkill(10613, 10617, SIGURG <unfinished ...>
10617 --- SIGURG {si_signo=SIGURG, si_code=SI_TKILL, si_pid=10613, si_uid=1001} ---
10614 <... tgkill resumed>)             = 0
10601 tgkill(10596, 10602, SIGURG)      = 0
10602 --- SIGURG {si_signo=SIGURG, si_code=SI_TKILL, si_pid=10596, si_uid=1001} ---
10614 tgkill(10613, 10617, SIGURG)      = 0
10601 tgkill(10596, 10605, SIGURG)      = 0
10605 --- SIGURG {si_signo=SIGURG, si_code=SI_TKILL, si_pid=10596, si_uid=1001} ---
10617 --- SIGURG {si_signo=SIGURG, si_code=SI_TKILL, si_pid=10613, si_uid=1001} ---
10601 tgkill(10596, 10606, SIGURG)      = 0
10606 --- SIGURG {si_signo=SIGURG, si_code=SI_TKILL, si_pid=10596, si_uid=1001} ---
10601 tgkill(10596, 10596, SIGURG)      = 0
10596 --- SIGURG {si_signo=SIGURG, si_code=SI_TKILL, si_pid=10596, si_uid=1001} ---
10615 exit_group(0)                     = ?
10617 +++ exited with 0 +++
10616 +++ exited with 0 +++
10615 +++ exited with 0 +++
10614 +++ exited with 0 +++
10613 +++ exited with 0 +++
9979  <... waitid resumed>{si_signo=SIGCHLD, si_code=CLD_EXITED, si_pid=10613, si_uid=1001, si_status=0, si_utime=0, si_stime=0}, WEXITED, {ru_utime={tv_sec=0, tv_usec=28521}, ru_stime={tv_sec=0, tv_usec=8556}, ...}) = 0
9976  --- SIGCHLD {si_signo=SIGCHLD, si_code=CLD_EXITED, si_pid=10613, si_uid=1001, si_status=0, si_utime=3 /* 0.03 s */, si_stime=0} ---
10601 tgkill(10596, 10605, SIGURG)      = 0
10605 --- SIGURG {si_signo=SIGURG, si_code=SI_TKILL, si_pid=10596, si_uid=1001} ---
10605 exit_group(0)                     = ?
10606 +++ exited with 0 +++
10605 +++ exited with 0 +++
10602 +++ exited with 0 +++
10601 +++ exited with 0 +++
10603 +++ exited with 0 +++
10596 +++ exited with 0 +++
9979  --- SIGCHLD {si_signo=SIGCHLD, si_code=CLD_EXITED, si_pid=10596, si_uid=1001, si_status=0, si_utime=14 /* 0.14 s */, si_stime=3 /* 0.03 s */} ---
9990  <... waitid resumed>{si_signo=SIGCHLD, si_code=CLD_EXITED, si_pid=10596, si_uid=1001, si_status=0, si_utime=0, si_stime=0}, WEXITED, {ru_utime={tv_sec=0, tv_usec=145503}, ru_stime={tv_sec=0, tv_usec=36375}, ...}) = 0
9979  clone(child_stack=NULL, flags=CLONE_VM|CLONE_PIDFD|CLONE_VFORK|SIGCHLD <unfinished ...>
10618 execve("/opt/hostedtoolcache/go/1.27.1/arm64/pkg/tool/linux_arm64/compile", ["/opt/hostedtoolcache/go/1.27.1/a"..., "-o", "/tmp/go-build3326039643/b050/_pk"..., "-trimpath", "/tmp/go-build3326039643/b050=>", "-p", "os", "-lang=go1.27", "-std", "-buildid", "wkBUzxEx6pS53N6viuzd/wkBUzxEx6pS"..., "-goversion", "go1.27.1", "-c=4", "-nolocalimports", "-importcfg", "/tmp/go-build3326039643/b050/imp"..., "-pack", "/opt/hostedtoolcache/go/1.27.1/a"..., "/opt/hostedtoolcache/go/1.27.1/a"..., "/opt/hostedtoolcache/go/1.27.1/a"..., "/opt/hostedtoolcache/go/1.27.1/a"..., "/opt/hostedtoolcache/go/1.27.1/a"..., "/opt/hostedtoolcache/go/1.27.1/a"..., "/opt/hostedtoolcache/go/1.27.1/a"..., "/opt/hostedtoolcache/go/1.27.1/a"..., "/opt/hostedtoolcache/go/1.27.1/a"..., "/opt/hostedtoolcache/go/1.27.1/a"..., "/opt/hostedtoolcache/go/1.27.1/a"..., "/opt/hostedtoolcache/go/1.27.1/a"..., "/opt/hostedtoolcache/go/1.27.1/a"..., "/opt/hostedtoolcache/go/1.27.1/a"..., ...], 0x5bded65e5688 /* 140 vars */ <unfinished ...>
9979  <... clone resumed>, parent_tid=[12]) = 10618
10618 <... execve resumed>)             = 0
9979  waitid(P_PIDFD, 12,  <unfinished ...>
10618 clone(child_stack=0x3c769050a000, flags=CLONE_VM|CLONE_FS|CLONE_FILES|CLONE_SIGHAND|CLONE_THREAD|CLONE_SYSVSEM) = 10619
10618 clone(child_stack=0x3c7690542000, flags=CLONE_VM|CLONE_FS|CLONE_FILES|CLONE_SIGHAND|CLONE_THREAD|CLONE_SYSVSEM) = 10620
10619 tgkill(10618, 10618, SIGURG)      = 0
10618 clone(child_stack=0x3c769053e000, flags=CLONE_VM|CLONE_FS|CLONE_FILES|CLONE_SIGHAND|CLONE_THREAD|CLONE_SYSVSEM) = 10621
10618 --- SIGURG {si_signo=SIGURG, si_code=SI_TKILL, si_pid=10618, si_uid=1001} ---
10620 clone(child_stack=0x3c7690598000, flags=CLONE_VM|CLONE_FS|CLONE_FILES|CLONE_SIGHAND|CLONE_THREAD|CLONE_SYSVSEM) = 10622
10619 clone(child_stack=0x3c76909a4000, flags=CLONE_VM|CLONE_FS|CLONE_FILES|CLONE_SIGHAND|CLONE_THREAD|CLONE_SYSVSEM) = 10623
10619 tgkill(10618, 10620, SIGURG <unfinished ...>
10620 --- SIGURG {si_signo=SIGURG, si_code=SI_TKILL, si_pid=10618, si_uid=1001} ---
10619 <... tgkill resumed>)             = 0
10619 tgkill(10618, 10620, SIGURG)      = 0
10620 --- SIGURG {si_signo=SIGURG, si_code=SI_TKILL, si_pid=10618, si_uid=1001} ---
10619 tgkill(10618, 10623, SIGURG)      = 0
10623 --- SIGURG {si_signo=SIGURG, si_code=SI_TKILL, si_pid=10618, si_uid=1001} ---
10619 tgkill(10618, 10620, SIGURG <unfinished ...>
10620 --- SIGURG {si_signo=SIGURG, si_code=SI_TKILL, si_pid=10618, si_uid=1001} ---
10619 <... tgkill resumed>)             = 0
10619 tgkill(10618, 10623, SIGURG <unfinished ...>
10623 --- SIGURG {si_signo=SIGURG, si_code=SI_TKILL, si_pid=10618, si_uid=1001} ---
10619 <... tgkill resumed>)             = 0
10619 tgkill(10618, 10623, SIGURG)      = 0
10623 --- SIGURG {si_signo=SIGURG, si_code=SI_TKILL, si_pid=10618, si_uid=1001} ---
10619 tgkill(10618, 10620, SIGURG <unfinished ...>
10620 --- SIGURG {si_signo=SIGURG, si_code=SI_TKILL, si_pid=10618, si_uid=1001} ---
10619 <... tgkill resumed>)             = 0
10621 tgkill(10618, 10618, SIGURG)      = 0
10618 --- SIGURG {si_signo=SIGURG, si_code=SI_TKILL, si_pid=10618, si_uid=1001} ---
10623 tgkill(10618, 10618, SIGURG)      = 0
10618 --- SIGURG {si_signo=SIGURG, si_code=SI_TKILL, si_pid=10618, si_uid=1001} ---
10623 tgkill(10618, 10621, SIGURG)      = 0
10621 --- SIGURG {si_signo=SIGURG, si_code=SI_TKILL, si_pid=10618, si_uid=1001} ---
10623 tgkill(10618, 10620, SIGURG)      = 0
10620 --- SIGURG {si_signo=SIGURG, si_code=SI_TKILL, si_pid=10618, si_uid=1001} ---
10623 tgkill(10618, 10618, SIGURG)      = 0
10618 --- SIGURG {si_signo=SIGURG, si_code=SI_TKILL, si_pid=10618, si_uid=1001} ---
10619 tgkill(10618, 10621, SIGURG)      = 0
10621 --- SIGURG {si_signo=SIGURG, si_code=SI_TKILL, si_pid=10618, si_uid=1001} ---
10619 tgkill(10618, 10623, SIGURG)      = 0
10623 --- SIGURG {si_signo=SIGURG, si_code=SI_TKILL, si_pid=10618, si_uid=1001} ---
10619 tgkill(10618, 10618, SIGURG)      = 0
10618 --- SIGURG {si_signo=SIGURG, si_code=SI_TKILL, si_pid=10618, si_uid=1001} ---
10619 tgkill(10618, 10620, SIGURG)      = 0
10620 --- SIGURG {si_signo=SIGURG, si_code=SI_TKILL, si_pid=10618, si_uid=1001} ---
10618 tgkill(10618, 10621, SIGURG)      = 0
10621 --- SIGURG {si_signo=SIGURG, si_code=SI_TKILL, si_pid=10618, si_uid=1001} ---
10618 tgkill(10618, 10623, SIGURG)      = 0
10623 --- SIGURG {si_signo=SIGURG, si_code=SI_TKILL, si_pid=10618, si_uid=1001} ---
10618 tgkill(10618, 10620, SIGURG)      = 0
10620 --- SIGURG {si_signo=SIGURG, si_code=SI_TKILL, si_pid=10618, si_uid=1001} ---
10618 tgkill(10618, 10621, SIGURG)      = 0
10621 --- SIGURG {si_signo=SIGURG, si_code=SI_TKILL, si_pid=10618, si_uid=1001} ---
10618 tgkill(10618, 10623, SIGURG)      = 0
10623 --- SIGURG {si_signo=SIGURG, si_code=SI_TKILL, si_pid=10618, si_uid=1001} ---
10618 tgkill(10618, 10620, SIGURG <unfinished ...>
10620 --- SIGURG {si_signo=SIGURG, si_code=SI_TKILL, si_pid=10618, si_uid=1001} ---
10618 <... tgkill resumed>)             = 0
10618 tgkill(10618, 10621, SIGURG <unfinished ...>
10621 --- SIGURG {si_signo=SIGURG, si_code=SI_TKILL, si_pid=10618, si_uid=1001} ---
10618 <... tgkill resumed>)             = 0
10618 tgkill(10618, 10623, SIGURG <unfinished ...>
10623 --- SIGURG {si_signo=SIGURG, si_code=SI_TKILL, si_pid=10618, si_uid=1001} ---
10618 <... tgkill resumed>)             = 0
10618 tgkill(10618, 10620, SIGURG)      = 0
10620 --- SIGURG {si_signo=SIGURG, si_code=SI_TKILL, si_pid=10618, si_uid=1001} ---
10618 tgkill(10618, 10621, SIGURG)      = 0
10621 --- SIGURG {si_signo=SIGURG, si_code=SI_TKILL, si_pid=10618, si_uid=1001} ---
10618 tgkill(10618, 10623, SIGURG)      = 0
10623 --- SIGURG {si_signo=SIGURG, si_code=SI_TKILL, si_pid=10618, si_uid=1001} ---
10618 tgkill(10618, 10620, SIGURG)      = 0
10620 --- SIGURG {si_signo=SIGURG, si_code=SI_TKILL, si_pid=10618, si_uid=1001} ---
10618 tgkill(10618, 10621, SIGURG)      = 0
10621 --- SIGURG {si_signo=SIGURG, si_code=SI_TKILL, si_pid=10618, si_uid=1001} ---
10619 tgkill(10618, 10623, SIGURG)      = 0
10623 --- SIGURG {si_signo=SIGURG, si_code=SI_TKILL, si_pid=10618, si_uid=1001} ---
10619 tgkill(10618, 10620, SIGURG)      = 0
10620 --- SIGURG {si_signo=SIGURG, si_code=SI_TKILL, si_pid=10618, si_uid=1001} ---
10619 tgkill(10618, 10618, SIGURG)      = 0
10618 --- SIGURG {si_signo=SIGURG, si_code=SI_TKILL, si_pid=10618, si_uid=1001} ---
10619 tgkill(10618, 10621, SIGURG)      = 0
10621 --- SIGURG {si_signo=SIGURG, si_code=SI_TKILL, si_pid=10618, si_uid=1001} ---
10619 tgkill(10618, 10620, SIGURG <unfinished ...>
10620 --- SIGURG {si_signo=SIGURG, si_code=SI_TKILL, si_pid=10618, si_uid=1001} ---
10619 <... tgkill resumed>)             = 0
10619 tgkill(10618, 10620, SIGURG <unfinished ...>
10620 --- SIGURG {si_signo=SIGURG, si_code=SI_TKILL, si_pid=10618, si_uid=1001} ---
10619 <... tgkill resumed>)             = 0
10619 tgkill(10618, 10620, SIGURG)      = 0
10620 --- SIGURG {si_signo=SIGURG, si_code=SI_TKILL, si_pid=10618, si_uid=1001} ---
10623 exit_group(0)                     = ?
10623 +++ exited with 0 +++
10622 +++ exited with 0 +++
10621 +++ exited with 0 +++
10620 +++ exited with 0 +++
10619 +++ exited with 0 +++
10618 +++ exited with 0 +++
9976  --- SIGCHLD {si_signo=SIGCHLD, si_code=CLD_EXITED, si_pid=10618, si_uid=1001, si_status=0, si_utime=43 /* 0.43 s */, si_stime=5 /* 0.05 s */} ---
9979  <... waitid resumed>{si_signo=SIGCHLD, si_code=CLD_EXITED, si_pid=10618, si_uid=1001, si_status=0, si_utime=0, si_stime=0}, WEXITED, {ru_utime={tv_sec=0, tv_usec=434495}, ru_stime={tv_sec=0, tv_usec=51294}, ...}) = 0
9973  tgkill(9972, 9976, SIGURG)        = 0
9976  --- SIGURG {si_signo=SIGURG, si_code=SI_TKILL, si_pid=9972, si_uid=1001} ---
9990  clone(child_stack=NULL, flags=CLONE_VM|CLONE_PIDFD|CLONE_VFORK|SIGCHLD <unfinished ...>
9976  clone(child_stack=NULL, flags=CLONE_VM|CLONE_PIDFD|CLONE_VFORK|SIGCHLD <unfinished ...>
10624 execve("/opt/hostedtoolcache/go/1.27.1/arm64/pkg/tool/linux_arm64/compile", ["/opt/hostedtoolcache/go/1.27.1/a"..., "-o", "/tmp/go-build3326039643/b068/_pk"..., "-trimpath", "/tmp/go-build3326039643/b068=>", "-p", "path/filepath", "-lang=go1.27", "-std", "-complete", "-buildid", "RnW1z7tg97nNJI8do1zG/RnW1z7tg97n"..., "-goversion", "go1.27.1", "-c=4", "-nolocalimports", "-importcfg", "/tmp/go-build3326039643/b068/imp"..., "-pack", "/opt/hostedtoolcache/go/1.27.1/a"..., "/opt/hostedtoolcache/go/1.27.1/a"..., "/opt/hostedtoolcache/go/1.27.1/a"..., "/opt/hostedtoolcache/go/1.27.1/a"..., "/opt/hostedtoolcache/go/1.27.1/a"...], 0x5bded65e5b08 /* 140 vars */ <unfinished ...>
9990  <... clone resumed>, parent_tid=[13]) = 10624
10624 <... execve resumed>)             = 0
10625 execve("/opt/hostedtoolcache/go/1.27.1/arm64/pkg/tool/linux_arm64/compile", ["/opt/hostedtoolcache/go/1.27.1/a"..., "-o", "/tmp/go-build3326039643/b002/_pk"..., "-trimpath", "/tmp/go-build3326039643/b002=>", "-p", "fmt", "-lang=go1.27", "-std", "-complete", "-buildid", "DF8lkC6O5o-h6VRhS6vl/DF8lkC6O5o-"..., "-goversion", "go1.27.1", "-c=4", "-nolocalimports", "-importcfg", "/tmp/go-build3326039643/b002/imp"..., "-pack", "/opt/hostedtoolcache/go/1.27.1/a"..., "/opt/hostedtoolcache/go/1.27.1/a"..., "/opt/hostedtoolcache/go/1.27.1/a"..., "/opt/hostedtoolcache/go/1.27.1/a"..., "/opt/hostedtoolcache/go/1.27.1/a"...], 0x5bded622a008 /* 140 vars */ <unfinished ...>
9976  <... clone resumed>, parent_tid=[18]) = 10625
10625 <... execve resumed>)             = 0
9990  waitid(P_PIDFD, 13,  <unfinished ...>
9976  waitid(P_PIDFD, 18,  <unfinished ...>
10624 clone(child_stack=0x95b540fa000, flags=CLONE_VM|CLONE_FS|CLONE_FILES|CLONE_SIGHAND|CLONE_THREAD|CLONE_SYSVSEM) = 10626
10625 clone(child_stack=0x67232c2ea000, flags=CLONE_VM|CLONE_FS|CLONE_FILES|CLONE_SIGHAND|CLONE_THREAD|CLONE_SYSVSEM <unfinished ...>
10624 clone(child_stack=0x95b54132000, flags=CLONE_VM|CLONE_FS|CLONE_FILES|CLONE_SIGHAND|CLONE_THREAD|CLONE_SYSVSEM <unfinished ...>
10625 <... clone resumed>)              = 10627
10624 <... clone resumed>)              = 10628
10624 clone(child_stack=0x95b5412e000, flags=CLONE_VM|CLONE_FS|CLONE_FILES|CLONE_SIGHAND|CLONE_THREAD|CLONE_SYSVSEM) = 10629
10625 clone(child_stack=0x67232c322000, flags=CLONE_VM|CLONE_FS|CLONE_FILES|CLONE_SIGHAND|CLONE_THREAD|CLONE_SYSVSEM) = 10630
10628 clone(child_stack=0x95b54198000, flags=CLONE_VM|CLONE_FS|CLONE_FILES|CLONE_SIGHAND|CLONE_THREAD|CLONE_SYSVSEM) = 10631
10627 tgkill(10625, 10625, SIGURG)      = 0
10625 clone(child_stack=0x67232c31e000, flags=CLONE_VM|CLONE_FS|CLONE_FILES|CLONE_SIGHAND|CLONE_THREAD|CLONE_SYSVSEM) = 10632
10625 --- SIGURG {si_signo=SIGURG, si_code=SI_TKILL, si_pid=10625, si_uid=1001} ---
10630 clone(child_stack=0x67232c398000, flags=CLONE_VM|CLONE_FS|CLONE_FILES|CLONE_SIGHAND|CLONE_THREAD|CLONE_SYSVSEM) = 10633
10626 clone(child_stack=0x95b54524000, flags=CLONE_VM|CLONE_FS|CLONE_FILES|CLONE_SIGHAND|CLONE_THREAD|CLONE_SYSVSEM <unfinished ...>
10627 clone(child_stack=0x67232c724000, flags=CLONE_VM|CLONE_FS|CLONE_FILES|CLONE_SIGHAND|CLONE_THREAD|CLONE_SYSVSEM <unfinished ...>
10626 <... clone resumed>)              = 10634
10627 <... clone resumed>)              = 10635
10626 tgkill(10624, 10629, SIGURG <unfinished ...>
10629 --- SIGURG {si_signo=SIGURG, si_code=SI_TKILL, si_pid=10624, si_uid=1001} ---
10626 <... tgkill resumed>)             = 0
10627 tgkill(10625, 10635, SIGURG <unfinished ...>
10635 --- SIGURG {si_signo=SIGURG, si_code=SI_TKILL, si_pid=10625, si_uid=1001} ---
10627 <... tgkill resumed>)             = 0
10627 tgkill(10625, 10635, SIGURG <unfinished ...>
10626 tgkill(10624, 10629, SIGURG <unfinished ...>
10627 <... tgkill resumed>)             = 0
10626 <... tgkill resumed>)             = 0
10629 --- SIGURG {si_signo=SIGURG, si_code=SI_TKILL, si_pid=10624, si_uid=1001} ---
10635 --- SIGURG {si_signo=SIGURG, si_code=SI_TKILL, si_pid=10625, si_uid=1001} ---
10626 tgkill(10624, 10624, SIGURG)      = 0
10624 --- SIGURG {si_signo=SIGURG, si_code=SI_TKILL, si_pid=10624, si_uid=1001} ---
10626 tgkill(10624, 10634, SIGURG)      = 0
10634 --- SIGURG {si_signo=SIGURG, si_code=SI_TKILL, si_pid=10624, si_uid=1001} ---
10627 tgkill(10625, 10635, SIGURG)      = 0
10635 --- SIGURG {si_signo=SIGURG, si_code=SI_TKILL, si_pid=10625, si_uid=1001} ---
10628 exit_group(0)                     = ?
10631 +++ exited with 0 +++
10629 +++ exited with 0 +++
10628 +++ exited with 0 +++
10626 +++ exited with 0 +++
10634 +++ exited with 0 +++
10624 +++ exited with 0 +++
9990  <... waitid resumed>{si_signo=SIGCHLD, si_code=CLD_EXITED, si_pid=10624, si_uid=1001, si_status=0, si_utime=0, si_stime=0}, WEXITED, {ru_utime={tv_sec=0, tv_usec=62831}, ru_stime={tv_sec=0, tv_usec=17227}, ...}) = 0
9979  --- SIGCHLD {si_signo=SIGCHLD, si_code=CLD_EXITED, si_pid=10624, si_uid=1001, si_status=0, si_utime=6 /* 0.06 s */, si_stime=1 /* 0.01 s */} ---
9979  clone(child_stack=NULL, flags=CLONE_VM|CLONE_PIDFD|CLONE_VFORK|SIGCHLD <unfinished ...>
10636 execve("/opt/hostedtoolcache/go/1.27.1/arm64/pkg/tool/linux_arm64/compile", ["/opt/hostedtoolcache/go/1.27.1/a"..., "-o", "/tmp/go-build3326039643/b064/_pk"..., "-trimpath", "/tmp/go-build3326039643/b064=>", "-p", "os/exec", "-lang=go1.27", "-std", "-complete", "-buildid", "uOkOmIumLBCnVGqhQBLT/uOkOmIumLBC"..., "-goversion", "go1.27.1", "-c=4", "-nolocalimports", "-importcfg", "/tmp/go-build3326039643/b064/imp"..., "-pack", "/opt/hostedtoolcache/go/1.27.1/a"..., "/opt/hostedtoolcache/go/1.27.1/a"..., "/opt/hostedtoolcache/go/1.27.1/a"..., "/opt/hostedtoolcache/go/1.27.1/a"...], 0x5bded6518d88 /* 140 vars */ <unfinished ...>
9979  <... clone resumed>, parent_tid=[12]) = 10636
10636 <... execve resumed>)             = 0
9979  waitid(P_PIDFD, 12,  <unfinished ...>
10627 tgkill(10625, 10625, SIGURG)      = 0
10625 --- SIGURG {si_signo=SIGURG, si_code=SI_TKILL, si_pid=10625, si_uid=1001} ---
10636 clone(child_stack=0x475ec1550000, flags=CLONE_VM|CLONE_FS|CLONE_FILES|CLONE_SIGHAND|CLONE_THREAD|CLONE_SYSVSEM) = 10637
10636 clone(child_stack=0x475ec1588000, flags=CLONE_VM|CLONE_FS|CLONE_FILES|CLONE_SIGHAND|CLONE_THREAD|CLONE_SYSVSEM) = 10638
10637 tgkill(10636, 10636, SIGURG)      = 0
10636 --- SIGURG {si_signo=SIGURG, si_code=SI_TKILL, si_pid=10636, si_uid=1001} ---
10636 clone(child_stack=0x475ec1584000, flags=CLONE_VM|CLONE_FS|CLONE_FILES|CLONE_SIGHAND|CLONE_THREAD|CLONE_SYSVSEM) = 10639
10636 clone(child_stack=0x475ec15aa000, flags=CLONE_VM|CLONE_FS|CLONE_FILES|CLONE_SIGHAND|CLONE_THREAD|CLONE_SYSVSEM) = 10640
10639 clone(child_stack=0x475ec15a6000, flags=CLONE_VM|CLONE_FS|CLONE_FILES|CLONE_SIGHAND|CLONE_THREAD|CLONE_SYSVSEM) = 10641
10627 tgkill(10625, 10625, SIGURG)      = 0
10625 --- SIGURG {si_signo=SIGURG, si_code=SI_TKILL, si_pid=10625, si_uid=1001} ---
10627 tgkill(10625, 10635, SIGURG <unfinished ...>
10637 tgkill(10636, 10636, SIGURG)      = 0
10636 --- SIGURG {si_signo=SIGURG, si_code=SI_TKILL, si_pid=10636, si_uid=1001} ---
10635 --- SIGURG {si_signo=SIGURG, si_code=SI_TKILL, si_pid=10625, si_uid=1001} ---
10627 <... tgkill resumed>)             = 0
10627 tgkill(10625, 10633, SIGURG <unfinished ...>
10633 --- SIGURG {si_signo=SIGURG, si_code=SI_TKILL, si_pid=10625, si_uid=1001} ---
10627 <... tgkill resumed>)             = 0
10627 tgkill(10625, 10630, SIGURG)      = 0
10630 --- SIGURG {si_signo=SIGURG, si_code=SI_TKILL, si_pid=10625, si_uid=1001} ---
10627 tgkill(10625, 10625, SIGURG)      = 0
10627 tgkill(10625, 10635, SIGURG)      = 0
10627 tgkill(10625, 10633, SIGURG)      = 0
10633 --- SIGURG {si_signo=SIGURG, si_code=SI_TKILL, si_pid=10625, si_uid=1001} ---
10635 --- SIGURG {si_signo=SIGURG, si_code=SI_TKILL, si_pid=10625, si_uid=1001} ---
10627 tgkill(10625, 10630, SIGURG)      = 0
10630 --- SIGURG {si_signo=SIGURG, si_code=SI_TKILL, si_pid=10625, si_uid=1001} ---
10625 --- SIGURG {si_signo=SIGURG, si_code=SI_TKILL, si_pid=10625, si_uid=1001} ---
10637 tgkill(10636, 10636, SIGURG)      = 0
10636 --- SIGURG {si_signo=SIGURG, si_code=SI_TKILL, si_pid=10636, si_uid=1001} ---
10637 tgkill(10636, 10640, SIGURG)      = 0
10637 tgkill(10636, 10641, SIGURG)      = 0
10641 --- SIGURG {si_signo=SIGURG, si_code=SI_TKILL, si_pid=10636, si_uid=1001} ---
10637 tgkill(10636, 10639, SIGURG)      = 0
10639 --- SIGURG {si_signo=SIGURG, si_code=SI_TKILL, si_pid=10636, si_uid=1001} ---
10640 --- SIGURG {si_signo=SIGURG, si_code=SI_TKILL, si_pid=10636, si_uid=1001} ---
10627 tgkill(10625, 10625, SIGURG)      = 0
10625 --- SIGURG {si_signo=SIGURG, si_code=SI_TKILL, si_pid=10625, si_uid=1001} ---
10640 exit_group(0)                     = ?
10640 +++ exited with 0 +++
10639 +++ exited with 0 +++
10638 +++ exited with 0 +++
10641 +++ exited with 0 +++
10637 +++ exited with 0 +++
10636 +++ exited with 0 +++
9979  <... waitid resumed>{si_signo=SIGCHLD, si_code=CLD_EXITED, si_pid=10636, si_uid=1001, si_status=0, si_utime=0, si_stime=0}, WEXITED, {ru_utime={tv_sec=0, tv_usec=80472}, ru_stime={tv_sec=0, tv_usec=17451}, ...}) = 0
9979  --- SIGCHLD {si_signo=SIGCHLD, si_code=CLD_EXITED, si_pid=10636, si_uid=1001, si_status=0, si_utime=8 /* 0.08 s */, si_stime=1 /* 0.01 s */} ---
10635 exit_group(0)                     = ?
10635 +++ exited with 0 +++
10633 +++ exited with 0 +++
10632 +++ exited with 0 +++
10630 +++ exited with 0 +++
10627 +++ exited with 0 +++
10625 +++ exited with 0 +++
9979  --- SIGCHLD {si_signo=SIGCHLD, si_code=CLD_EXITED, si_pid=10625, si_uid=1001, si_status=0, si_utime=21 /* 0.21 s */, si_stime=3 /* 0.03 s */} ---
9976  <... waitid resumed>{si_signo=SIGCHLD, si_code=CLD_EXITED, si_pid=10625, si_uid=1001, si_status=0, si_utime=0, si_stime=0}, WEXITED, {ru_utime={tv_sec=0, tv_usec=216669}, ru_stime={tv_sec=0, tv_usec=30516}, ...}) = 0
9973  tgkill(9972, 9979, SIGURG)        = 0
9979  --- SIGURG {si_signo=SIGURG, si_code=SI_TKILL, si_pid=9972, si_uid=1001} ---
9979  clone(child_stack=NULL, flags=CLONE_VM|CLONE_PIDFD|CLONE_VFORK|SIGCHLD <unfinished ...>
9973  tgkill(9972, 9976, SIGURG)        = 0
10642 execve("/opt/hostedtoolcache/go/1.27.1/arm64/pkg/tool/linux_arm64/compile", ["/opt/hostedtoolcache/go/1.27.1/a"..., "-o", "/tmp/go-build3326039643/b061/_pk"..., "-trimpath", "/tmp/go-build3326039643/b061=>", "-p", "github.com/type-rb/type-rb-nativ"..., "-lang=go1.27", "-complete", "-buildid", "AYYwjAqtyim7ZGKv095p/AYYwjAqtyim"..., "-goversion", "go1.27.1", "-c=4", "-nolocalimports", "-importcfg", "/tmp/go-build3326039643/b061/imp"..., "-pack", "/tmp/trb-build-3546702601/trb/st"...], 0x5bded628e488 /* 140 vars */ <unfinished ...>
9976  --- SIGURG {si_signo=SIGURG, si_code=SI_TKILL, si_pid=9972, si_uid=1001} ---
9979  <... clone resumed>, parent_tid=[13]) = 10642
10642 <... execve resumed>)             = 0
9979  waitid(P_PIDFD, 13,  <unfinished ...>
10642 clone(child_stack=0x11c65a90c000, flags=CLONE_VM|CLONE_FS|CLONE_FILES|CLONE_SIGHAND|CLONE_THREAD|CLONE_SYSVSEM) = 10643
10642 clone(child_stack=0x11c65a944000, flags=CLONE_VM|CLONE_FS|CLONE_FILES|CLONE_SIGHAND|CLONE_THREAD|CLONE_SYSVSEM) = 10644
10643 tgkill(10642, 10642, SIGURG)      = 0
10642 clone(child_stack=0x11c65a940000, flags=CLONE_VM|CLONE_FS|CLONE_FILES|CLONE_SIGHAND|CLONE_THREAD|CLONE_SYSVSEM) = 10645
10642 --- SIGURG {si_signo=SIGURG, si_code=SI_TKILL, si_pid=10642, si_uid=1001} ---
10644 clone(child_stack=0x11c65a998000, flags=CLONE_VM|CLONE_FS|CLONE_FILES|CLONE_SIGHAND|CLONE_THREAD|CLONE_SYSVSEM <unfinished ...>
10642 clone(child_stack=0x11c65a994000, flags=CLONE_VM|CLONE_FS|CLONE_FILES|CLONE_SIGHAND|CLONE_THREAD|CLONE_SYSVSEM) = 10646
10644 <... clone resumed>)              = 10647
10643 tgkill(10642, 10642, SIGURG)      = 0
10642 --- SIGURG {si_signo=SIGURG, si_code=SI_TKILL, si_pid=10642, si_uid=1001} ---
10646 exit_group(0)                     = ?
10647 +++ exited with 0 +++
10646 +++ exited with 0 +++
10645 +++ exited with 0 +++
10644 +++ exited with 0 +++
10643 +++ exited with 0 +++
10642 +++ exited with 0 +++
9990  --- SIGCHLD {si_signo=SIGCHLD, si_code=CLD_EXITED, si_pid=10642, si_uid=1001, si_status=0, si_utime=2 /* 0.02 s */, si_stime=0} ---
9979  <... waitid resumed>{si_signo=SIGCHLD, si_code=CLD_EXITED, si_pid=10642, si_uid=1001, si_status=0, si_utime=0, si_stime=0}, WEXITED, {ru_utime={tv_sec=0, tv_usec=24560}, ru_stime={tv_sec=0, tv_usec=8542}, ...}) = 0
9990  clone(child_stack=NULL, flags=CLONE_VM|CLONE_PIDFD|CLONE_VFORK|SIGCHLD <unfinished ...>
10648 execve("/opt/hostedtoolcache/go/1.27.1/arm64/pkg/tool/linux_arm64/compile", ["/opt/hostedtoolcache/go/1.27.1/a"..., "-o", "/tmp/go-build3326039643/b001/_pk"..., "-trimpath", "/tmp/go-build3326039643/b001=>", "-p", "main", "-lang=go1.27", "-complete", "-buildid", "t32T0oVBIB0nerFnqS5I/t32T0oVBIB0"..., "-goversion", "go1.27.1", "-c=4", "-nolocalimports", "-importcfg", "/tmp/go-build3326039643/b001/imp"..., "-pack", "/tmp/trb-build-3546702601/main.g"...], 0x5bded622a008 /* 140 vars */ <unfinished ...>
9990  <... clone resumed>, parent_tid=[12]) = 10648
10648 <... execve resumed>)             = 0
9990  waitid(P_PIDFD, 12,  <unfinished ...>
10648 clone(child_stack=0x16f941ba2000, flags=CLONE_VM|CLONE_FS|CLONE_FILES|CLONE_SIGHAND|CLONE_THREAD|CLONE_SYSVSEM) = 10649
10648 clone(child_stack=0x16f941bda000, flags=CLONE_VM|CLONE_FS|CLONE_FILES|CLONE_SIGHAND|CLONE_THREAD|CLONE_SYSVSEM) = 10650
10649 tgkill(10648, 10648, SIGURG)      = 0
10648 clone(child_stack=0x16f941bd6000, flags=CLONE_VM|CLONE_FS|CLONE_FILES|CLONE_SIGHAND|CLONE_THREAD|CLONE_SYSVSEM) = 10651
10648 --- SIGURG {si_signo=SIGURG, si_code=SI_TKILL, si_pid=10648, si_uid=1001} ---
10649 tgkill(10648, 10651, SIGURG)      = 0
10651 --- SIGURG {si_signo=SIGURG, si_code=SI_TKILL, si_pid=10648, si_uid=1001} ---
10650 clone(child_stack=0x16f941c18000, flags=CLONE_VM|CLONE_FS|CLONE_FILES|CLONE_SIGHAND|CLONE_THREAD|CLONE_SYSVSEM) = 10652
10649 tgkill(10648, 10648, SIGURG)      = 0
10648 --- SIGURG {si_signo=SIGURG, si_code=SI_TKILL, si_pid=10648, si_uid=1001} ---
10650 exit_group(0)                     = ?
10652 +++ exited with 0 +++
10651 +++ exited with 0 +++
10650 +++ exited with 0 +++
10649 +++ exited with 0 +++
10648 +++ exited with 0 +++
9975  --- SIGCHLD {si_signo=SIGCHLD, si_code=CLD_EXITED, si_pid=10648, si_uid=1001, si_status=0, si_utime=2 /* 0.02 s */, si_stime=1 /* 0.01 s */} ---
9990  <... waitid resumed>{si_signo=SIGCHLD, si_code=CLD_EXITED, si_pid=10648, si_uid=1001, si_status=0, si_utime=0, si_stime=0}, WEXITED, {ru_utime={tv_sec=0, tv_usec=20402}, ru_stime={tv_sec=0, tv_usec=17342}, ...}) = 0
9975  clone(child_stack=NULL, flags=CLONE_VM|CLONE_PIDFD|CLONE_VFORK|SIGCHLD <unfinished ...>
10653 execve("/opt/hostedtoolcache/go/1.27.1/arm64/pkg/tool/linux_arm64/link", ["/opt/hostedtoolcache/go/1.27.1/a"..., "-V=full"], 0x5bded6518d88 /* 139 vars */ <unfinished ...>
9975  <... clone resumed>, parent_tid=[14]) = 10653
10653 <... execve resumed>)             = 0
9975  waitid(P_PIDFD, 14,  <unfinished ...>
10653 clone(child_stack=0x6a8870986000, flags=CLONE_VM|CLONE_FS|CLONE_FILES|CLONE_SIGHAND|CLONE_THREAD|CLONE_SYSVSEM) = 10654
10654 tgkill(10653, 10653, SIGURG)      = 0
10653 --- SIGURG {si_signo=SIGURG, si_code=SI_TKILL, si_pid=10653, si_uid=1001} ---
10653 clone(child_stack=0x6a88709bc000, flags=CLONE_VM|CLONE_FS|CLONE_FILES|CLONE_SIGHAND|CLONE_THREAD|CLONE_SYSVSEM) = 10655
10653 clone(child_stack=0x6a88709b8000, flags=CLONE_VM|CLONE_FS|CLONE_FILES|CLONE_SIGHAND|CLONE_THREAD|CLONE_SYSVSEM) = 10656
10655 clone(child_stack=0x6a8870a18000, flags=CLONE_VM|CLONE_FS|CLONE_FILES|CLONE_SIGHAND|CLONE_THREAD|CLONE_SYSVSEM) = 10657
10653 exit_group(0)                     = ?
10654 +++ exited with 0 +++
10655 +++ exited with 0 +++
10657 +++ exited with 0 +++
10656 +++ exited with 0 +++
10653 +++ exited with 0 +++
9975  <... waitid resumed>{si_signo=SIGCHLD, si_code=CLD_EXITED, si_pid=10653, si_uid=1001, si_status=0, si_utime=0, si_stime=0}, WEXITED, {ru_utime={tv_sec=0, tv_usec=0}, ru_stime={tv_sec=0, tv_usec=6888}, ...}) = 0
9979  --- SIGCHLD {si_signo=SIGCHLD, si_code=CLD_EXITED, si_pid=10653, si_uid=1001, si_status=0, si_utime=0, si_stime=0} ---
9975  clone(child_stack=NULL, flags=CLONE_VM|CLONE_PIDFD|CLONE_VFORK|SIGCHLD <unfinished ...>
10658 execve("/opt/hostedtoolcache/go/1.27.1/arm64/pkg/tool/linux_arm64/link", ["/opt/hostedtoolcache/go/1.27.1/a"..., "-o", "/tmp/go-build3326039643/b001/exe"..., "-importcfg", "/tmp/go-build3326039643/b001/imp"..., "-buildmode=exe", "-buildid=x0kbpE4miPWhZTpHMxVa/t3"..., "-extld=gcc", "/tmp/go-build3326039643/b001/_pk"...], 0x5bded6519b08 /* 140 vars */ <unfinished ...>
9975  <... clone resumed>, parent_tid=[12]) = 10658
10658 <... execve resumed>)             = 0
9975  waitid(P_PIDFD, 12,  <unfinished ...>
10658 clone(child_stack=0x629043792000, flags=CLONE_VM|CLONE_FS|CLONE_FILES|CLONE_SIGHAND|CLONE_THREAD|CLONE_SYSVSEM) = 10659
10658 clone(child_stack=0x6290437ca000, flags=CLONE_VM|CLONE_FS|CLONE_FILES|CLONE_SIGHAND|CLONE_THREAD|CLONE_SYSVSEM) = 10660
10659 tgkill(10658, 10658, SIGURG)      = 0
10658 clone(child_stack=0x6290437c6000, flags=CLONE_VM|CLONE_FS|CLONE_FILES|CLONE_SIGHAND|CLONE_THREAD|CLONE_SYSVSEM) = 10661
10658 --- SIGURG {si_signo=SIGURG, si_code=SI_TKILL, si_pid=10658, si_uid=1001} ---
10658 clone(child_stack=0x6290437ee000, flags=CLONE_VM|CLONE_FS|CLONE_FILES|CLONE_SIGHAND|CLONE_THREAD|CLONE_SYSVSEM) = 10662
10660 clone(child_stack=0x6290437ea000, flags=CLONE_VM|CLONE_FS|CLONE_FILES|CLONE_SIGHAND|CLONE_THREAD|CLONE_SYSVSEM) = 10663
10663 tgkill(10658, 10658, SIGURG)      = 0
10658 --- SIGURG {si_signo=SIGURG, si_code=SI_TKILL, si_pid=10658, si_uid=1001} ---
10658 tgkill(10658, 10660, SIGURG)      = 0
10660 --- SIGURG {si_signo=SIGURG, si_code=SI_TKILL, si_pid=10658, si_uid=1001} ---
10658 tgkill(10658, 10662, SIGURG)      = 0
10662 --- SIGURG {si_signo=SIGURG, si_code=SI_TKILL, si_pid=10658, si_uid=1001} ---
10658 tgkill(10658, 10663, SIGURG)      = 0
10663 --- SIGURG {si_signo=SIGURG, si_code=SI_TKILL, si_pid=10658, si_uid=1001} ---
10658 tgkill(10658, 10660, SIGURG)      = 0
10660 --- SIGURG {si_signo=SIGURG, si_code=SI_TKILL, si_pid=10658, si_uid=1001} ---
10658 tgkill(10658, 10660, SIGURG)      = 0
10660 --- SIGURG {si_signo=SIGURG, si_code=SI_TKILL, si_pid=10658, si_uid=1001} ---
10661 tgkill(10658, 10658, SIGURG)      = 0
10658 --- SIGURG {si_signo=SIGURG, si_code=SI_TKILL, si_pid=10658, si_uid=1001} ---
10661 tgkill(10658, 10663, SIGURG)      = 0
10663 --- SIGURG {si_signo=SIGURG, si_code=SI_TKILL, si_pid=10658, si_uid=1001} ---
10661 tgkill(10658, 10658, SIGURG)      = 0
10658 --- SIGURG {si_signo=SIGURG, si_code=SI_TKILL, si_pid=10658, si_uid=1001} ---
10661 tgkill(10658, 10660, SIGURG)      = 0
10660 --- SIGURG {si_signo=SIGURG, si_code=SI_TKILL, si_pid=10658, si_uid=1001} ---
10661 tgkill(10658, 10660, SIGURG)      = 0
10660 --- SIGURG {si_signo=SIGURG, si_code=SI_TKILL, si_pid=10658, si_uid=1001} ---
10659 tgkill(10658, 10663, SIGURG)      = 0
10663 --- SIGURG {si_signo=SIGURG, si_code=SI_TKILL, si_pid=10658, si_uid=1001} ---
10663 tgkill(10658, 10661, SIGURG)      = 0
10661 --- SIGURG {si_signo=SIGURG, si_code=SI_TKILL, si_pid=10658, si_uid=1001} ---
10658 tgkill(10658, 10663, SIGURG)      = 0
10663 --- SIGURG {si_signo=SIGURG, si_code=SI_TKILL, si_pid=10658, si_uid=1001} ---
10661 tgkill(10658, 10660, SIGURG)      = 0
10660 --- SIGURG {si_signo=SIGURG, si_code=SI_TKILL, si_pid=10658, si_uid=1001} ---
10661 tgkill(10658, 10663, SIGURG)      = 0
10663 --- SIGURG {si_signo=SIGURG, si_code=SI_TKILL, si_pid=10658, si_uid=1001} ---
10661 tgkill(10658, 10663, SIGURG)      = 0
10663 --- SIGURG {si_signo=SIGURG, si_code=SI_TKILL, si_pid=10658, si_uid=1001} ---
10658 tgkill(10658, 10663, SIGURG <unfinished ...>
10663 --- SIGURG {si_signo=SIGURG, si_code=SI_TKILL, si_pid=10658, si_uid=1001} ---
10658 <... tgkill resumed>)             = 0
10658 tgkill(10658, 10663, SIGURG)      = 0
10663 --- SIGURG {si_signo=SIGURG, si_code=SI_TKILL, si_pid=10658, si_uid=1001} ---
10658 tgkill(10658, 10663, SIGURG)      = 0
10663 --- SIGURG {si_signo=SIGURG, si_code=SI_TKILL, si_pid=10658, si_uid=1001} ---
10658 tgkill(10658, 10663, SIGURG)      = 0
10663 --- SIGURG {si_signo=SIGURG, si_code=SI_TKILL, si_pid=10658, si_uid=1001} ---
10658 tgkill(10658, 10663, SIGURG)      = 0
10663 --- SIGURG {si_signo=SIGURG, si_code=SI_TKILL, si_pid=10658, si_uid=1001} ---
10658 tgkill(10658, 10660, SIGURG)      = 0
10660 --- SIGURG {si_signo=SIGURG, si_code=SI_TKILL, si_pid=10658, si_uid=1001} ---
10658 tgkill(10658, 10663, SIGURG)      = 0
10663 --- SIGURG {si_signo=SIGURG, si_code=SI_TKILL, si_pid=10658, si_uid=1001} ---
10663 tgkill(10658, 10658, SIGURG <unfinished ...>
10661 tgkill(10658, 10660, SIGURG <unfinished ...>
10660 tgkill(10658, 10663, SIGURG <unfinished ...>
10663 <... tgkill resumed>)             = 0
10661 <... tgkill resumed>)             = 0
10658 --- SIGURG {si_signo=SIGURG, si_code=SI_TKILL, si_pid=10658, si_uid=1001} ---
10660 <... tgkill resumed>)             = 0
10663 --- SIGURG {si_signo=SIGURG, si_code=SI_TKILL, si_pid=10658, si_uid=1001} ---
10660 --- SIGURG {si_signo=SIGURG, si_code=SI_TKILL, si_pid=10658, si_uid=1001} ---
10661 tgkill(10658, 10660, SIGURG)      = 0
10660 --- SIGURG {si_signo=SIGURG, si_code=SI_TKILL, si_pid=10658, si_uid=1001} ---
10661 tgkill(10658, 10663, SIGURG)      = 0
10663 --- SIGURG {si_signo=SIGURG, si_code=SI_TKILL, si_pid=10658, si_uid=1001} ---
10661 tgkill(10658, 10658, SIGURG)      = 0
10658 --- SIGURG {si_signo=SIGURG, si_code=SI_TKILL, si_pid=10658, si_uid=1001} ---
10661 tgkill(10658, 10660, SIGURG)      = 0
10660 --- SIGURG {si_signo=SIGURG, si_code=SI_TKILL, si_pid=10658, si_uid=1001} ---
10661 tgkill(10658, 10663, SIGURG)      = 0
10663 --- SIGURG {si_signo=SIGURG, si_code=SI_TKILL, si_pid=10658, si_uid=1001} ---
10661 tgkill(10658, 10658, SIGURG)      = 0
10661 tgkill(10658, 10663, SIGURG)      = 0
10658 --- SIGURG {si_signo=SIGURG, si_code=SI_TKILL, si_pid=10658, si_uid=1001} ---
10663 --- SIGURG {si_signo=SIGURG, si_code=SI_TKILL, si_pid=10658, si_uid=1001} ---
10661 tgkill(10658, 10660, SIGURG)      = 0
10660 --- SIGURG {si_signo=SIGURG, si_code=SI_TKILL, si_pid=10658, si_uid=1001} ---
10661 tgkill(10658, 10663, SIGURG)      = 0
10663 --- SIGURG {si_signo=SIGURG, si_code=SI_TKILL, si_pid=10658, si_uid=1001} ---
10661 tgkill(10658, 10660, SIGURG)      = 0
10660 --- SIGURG {si_signo=SIGURG, si_code=SI_TKILL, si_pid=10658, si_uid=1001} ---
10661 tgkill(10658, 10663, SIGURG)      = 0
10663 --- SIGURG {si_signo=SIGURG, si_code=SI_TKILL, si_pid=10658, si_uid=1001} ---
10661 tgkill(10658, 10660, SIGURG)      = 0
10660 --- SIGURG {si_signo=SIGURG, si_code=SI_TKILL, si_pid=10658, si_uid=1001} ---
10661 tgkill(10658, 10663, SIGURG)      = 0
10663 --- SIGURG {si_signo=SIGURG, si_code=SI_TKILL, si_pid=10658, si_uid=1001} ---
10658 exit_group(0)                     = ?
10663 +++ exited with 0 +++
10662 +++ exited with 0 +++
10661 +++ exited with 0 +++
10660 +++ exited with 0 +++
10659 +++ exited with 0 +++
10658 +++ exited with 0 +++
9975  <... waitid resumed>{si_signo=SIGCHLD, si_code=CLD_EXITED, si_pid=10658, si_uid=1001, si_status=0, si_utime=0, si_stime=0}, WEXITED, {ru_utime={tv_sec=0, tv_usec=82700}, ru_stime={tv_sec=0, tv_usec=55496}, ...}) = 0
9979  --- SIGCHLD {si_signo=SIGCHLD, si_code=CLD_EXITED, si_pid=10658, si_uid=1001, si_status=0, si_utime=7 /* 0.07 s */, si_stime=5 /* 0.05 s */} ---
9973  tgkill(9972, 9975, SIGURG <unfinished ...>
9975  --- SIGURG {si_signo=SIGURG, si_code=SI_TKILL, si_pid=9972, si_uid=1001} ---
9973  <... tgkill resumed>)             = 0
9973  tgkill(9972, 9990, SIGURG)        = 0
9990  --- SIGURG {si_signo=SIGURG, si_code=SI_TKILL, si_pid=9972, si_uid=1001} ---
9973  tgkill(9972, 9975, SIGURG)        = 0
9975  --- SIGURG {si_signo=SIGURG, si_code=SI_TKILL, si_pid=9972, si_uid=1001} ---
9979  exit_group(0)                     = ?
9990  +++ exited with 0 +++
9979  +++ exited with 0 +++
9977  +++ exited with 0 +++
9976  +++ exited with 0 +++
9975  +++ exited with 0 +++
9978  +++ exited with 0 +++
9974  +++ exited with 0 +++
9973  +++ exited with 0 +++
10077 +++ exited with 0 +++
9972  +++ exited with 0 +++
9964  <... waitid resumed>{si_signo=SIGCHLD, si_code=CLD_EXITED, si_pid=9972, si_uid=1001, si_status=0, si_utime=0, si_stime=0}, WEXITED, {ru_utime={tv_sec=8, tv_usec=870739}, ru_stime={tv_sec=2, tv_usec=349696}, ...}) = 0
9964  --- SIGCHLD {si_signo=SIGCHLD, si_code=CLD_EXITED, si_pid=9972, si_uid=1001, si_status=0, si_utime=25 /* 0.25 s */, si_stime=60 /* 0.60 s */} ---
9965  tgkill(9964, 9964, SIGURG <unfinished ...>
9964  --- SIGURG {si_signo=SIGURG, si_code=SI_TKILL, si_pid=9964, si_uid=1001} ---
9965  <... tgkill resumed>)             = 0
9966  exit_group(0)                     = ?
9970  +++ exited with 0 +++
9969  +++ exited with 0 +++
9968  +++ exited with 0 +++
9967  +++ exited with 0 +++
9966  +++ exited with 0 +++
9965  +++ exited with 0 +++
9964  +++ exited with 0 +++
