9190  execve("/home/runner/work/_temp/trb", ["/home/runner/work/_temp/trb", "build", "--compile", "--config", "/home/runner/work/type-rb-native"..., "--outfile", "/home/runner/work/_temp/build-wo"...], 0xfffff3fac458 /* 116 vars */) = 0
9190  clone3({flags=CLONE_VM|CLONE_FS|CLONE_FILES|CLONE_SIGHAND|CLONE_THREAD|CLONE_SYSVSEM|CLONE_SETTLS|CLONE_PARENT_SETTID|CLONE_CHILD_CLEARTID, child_tid=0xffd64469f250, parent_tid=0xffd64469f250, exit_signal=0, stack=0xffd643690000, stack_size=0x100ea40, tls=0xffd64469f8c0} => {parent_tid=[9191]}, 88) = 9191
9190  clone3({flags=CLONE_VM|CLONE_FS|CLONE_FILES|CLONE_SIGHAND|CLONE_THREAD|CLONE_SYSVSEM|CLONE_SETTLS|CLONE_PARENT_SETTID|CLONE_CHILD_CLEARTID, child_tid=0xffd63b5ff250, parent_tid=0xffd63b5ff250, exit_signal=0, stack=0xffd63a5f0000, stack_size=0x100ea40, tls=0xffd63b5ff8c0} => {parent_tid=[9192]}, 88) = 9192
9190  clone3({flags=CLONE_VM|CLONE_FS|CLONE_FILES|CLONE_SIGHAND|CLONE_THREAD|CLONE_SYSVSEM|CLONE_SETTLS|CLONE_PARENT_SETTID|CLONE_CHILD_CLEARTID, child_tid=0xffd64368f250, parent_tid=0xffd64368f250, exit_signal=0, stack=0xffd642680000, stack_size=0x100ea40, tls=0xffd64368f8c0} => {parent_tid=[9193]}, 88) = 9193
9192  clone3({flags=CLONE_VM|CLONE_FS|CLONE_FILES|CLONE_SIGHAND|CLONE_THREAD|CLONE_SYSVSEM|CLONE_SETTLS|CLONE_PARENT_SETTID|CLONE_CHILD_CLEARTID, child_tid=0xffd64267f250, parent_tid=0xffd64267f250, exit_signal=0, stack=0xffd641670000, stack_size=0x100ea40, tls=0xffd64267f8c0} => {parent_tid=[9194]}, 88) = 9194
9190  clone3({flags=CLONE_VM|CLONE_FS|CLONE_FILES|CLONE_SIGHAND|CLONE_THREAD|CLONE_SYSVSEM|CLONE_SETTLS|CLONE_PARENT_SETTID|CLONE_CHILD_CLEARTID, child_tid=0xffd64166f250, parent_tid=0xffd64166f250, exit_signal=0, stack=0xffd640660000, stack_size=0x100ea40, tls=0xffd64166f8c0} => {parent_tid=[9195]}, 88) = 9195
9194  tgkill(9190, 9190, SIGURG)        = 0
9190  --- SIGURG {si_signo=SIGURG, si_code=SI_TKILL, si_pid=9190, si_uid=1001} ---
9193  tgkill(9190, 9192, SIGURG)        = 0
9192  --- SIGURG {si_signo=SIGURG, si_code=SI_TKILL, si_pid=9190, si_uid=1001} ---
9193  tgkill(9190, 9194, SIGURG)        = 0
9194  --- SIGURG {si_signo=SIGURG, si_code=SI_TKILL, si_pid=9190, si_uid=1001} ---
9193  tgkill(9190, 9190, SIGURG)        = 0
9190  --- SIGURG {si_signo=SIGURG, si_code=SI_TKILL, si_pid=9190, si_uid=1001} ---
9194  waitid(P_PIDFD, 7, 0x6bd42ee1ef98, WEXITED, NULL) = -1 ECHILD (No child processes)
9194  pidfd_send_signal(7, 0, NULL, 0)  = 0
9194  clone(child_stack=NULL, flags=CLONE_VM|CLONE_PIDFD|CLONE_VFORK <unfinished ...>
9196  exit_group(0)                     = ?
9196  +++ exited with 0 +++
9194  <... clone resumed>, parent_tid=[8]) = 9196
9194  waitid(P_PIDFD, 8, {si_signo=SIGCHLD, si_code=CLD_EXITED, si_pid=9196, si_uid=1001, si_status=0, si_utime=0, si_stime=0}, WEXITED|__WCLONE, NULL) = 0
9194  clone(child_stack=NULL, flags=CLONE_VM|CLONE_PIDFD|CLONE_VFORK|SIGCHLD <unfinished ...>
9197  execve("/opt/hostedtoolcache/go/1.27.0/arm64/bin/go", ["go", "build", "-mod=mod", "-o", "/home/runner/work/_temp/build-wo"..., "."], 0x6bd42e9bc808 /* 116 vars */ <unfinished ...>
9194  <... clone resumed>, parent_tid=[9]) = 9197
9197  <... execve resumed>)             = 0
9194  waitid(P_PIDFD, 9,  <unfinished ...>
9197  clone(child_stack=0x115fd7be0000, flags=CLONE_VM|CLONE_FS|CLONE_FILES|CLONE_SIGHAND|CLONE_THREAD|CLONE_SYSVSEM) = 9198
9197  clone(child_stack=0x115fd7c18000, flags=CLONE_VM|CLONE_FS|CLONE_FILES|CLONE_SIGHAND|CLONE_THREAD|CLONE_SYSVSEM) = 9199
9198  tgkill(9197, 9197, SIGURG)        = 0
9197  --- SIGURG {si_signo=SIGURG, si_code=SI_TKILL, si_pid=9197, si_uid=1001} ---
9198  tgkill(9197, 9197, SIGURG)        = 0
9197  clone(child_stack=0x115fd7c14000, flags=CLONE_VM|CLONE_FS|CLONE_FILES|CLONE_SIGHAND|CLONE_THREAD|CLONE_SYSVSEM <unfinished ...>
9199  clone(child_stack=0x115fd7c30000, flags=CLONE_VM|CLONE_FS|CLONE_FILES|CLONE_SIGHAND|CLONE_THREAD|CLONE_SYSVSEM <unfinished ...>
9197  <... clone resumed>)              = 9200
9199  <... clone resumed>)              = 9201
9197  --- SIGURG {si_signo=SIGURG, si_code=SI_TKILL, si_pid=9197, si_uid=1001} ---
9198  tgkill(9197, 9197, SIGURG)        = 0
9197  --- SIGURG {si_signo=SIGURG, si_code=SI_TKILL, si_pid=9197, si_uid=1001} ---
9198  clone(child_stack=0x115fd7e36000, flags=CLONE_VM|CLONE_FS|CLONE_FILES|CLONE_SIGHAND|CLONE_THREAD|CLONE_SYSVSEM) = 9202
9200  tgkill(9197, 9197, SIGURG)        = 0
9197  --- SIGURG {si_signo=SIGURG, si_code=SI_TKILL, si_pid=9197, si_uid=1001} ---
9199  tgkill(9197, 9200, SIGURG)        = 0
9200  --- SIGURG {si_signo=SIGURG, si_code=SI_TKILL, si_pid=9197, si_uid=1001} ---
9199  tgkill(9197, 9197, SIGURG)        = 0
9197  --- SIGURG {si_signo=SIGURG, si_code=SI_TKILL, si_pid=9197, si_uid=1001} ---
9199  tgkill(9197, 9197, SIGURG)        = 0
9197  --- SIGURG {si_signo=SIGURG, si_code=SI_TKILL, si_pid=9197, si_uid=1001} ---
9202  tgkill(9197, 9197, SIGURG)        = 0
9197  --- SIGURG {si_signo=SIGURG, si_code=SI_TKILL, si_pid=9197, si_uid=1001} ---
9201  clone(child_stack=0x115fd7fb0000, flags=CLONE_VM|CLONE_FS|CLONE_FILES|CLONE_SIGHAND|CLONE_THREAD|CLONE_SYSVSEM) = 9203
9201  tgkill(9197, 9197, SIGURG)        = 0
9197  --- SIGURG {si_signo=SIGURG, si_code=SI_TKILL, si_pid=9197, si_uid=1001} ---
9201  tgkill(9197, 9199, SIGURG)        = 0
9199  --- SIGURG {si_signo=SIGURG, si_code=SI_TKILL, si_pid=9197, si_uid=1001} ---
9201  tgkill(9197, 9203, SIGURG)        = 0
9203  --- SIGURG {si_signo=SIGURG, si_code=SI_TKILL, si_pid=9197, si_uid=1001} ---
9201  tgkill(9197, 9197, SIGURG)        = 0
9197  --- SIGURG {si_signo=SIGURG, si_code=SI_TKILL, si_pid=9197, si_uid=1001} ---
9203  clone(child_stack=0x115fd7fac000, flags=CLONE_VM|CLONE_FS|CLONE_FILES|CLONE_SIGHAND|CLONE_THREAD|CLONE_SYSVSEM) = 9204
9203  tgkill(9197, 9204, SIGURG)        = 0
9204  --- SIGURG {si_signo=SIGURG, si_code=SI_TKILL, si_pid=9197, si_uid=1001} ---
9203  tgkill(9197, 9199, SIGURG)        = 0
9199  --- SIGURG {si_signo=SIGURG, si_code=SI_TKILL, si_pid=9197, si_uid=1001} ---
9203  tgkill(9197, 9201, SIGURG)        = 0
9201  --- SIGURG {si_signo=SIGURG, si_code=SI_TKILL, si_pid=9197, si_uid=1001} ---
9203  tgkill(9197, 9199, SIGURG)        = 0
9199  --- SIGURG {si_signo=SIGURG, si_code=SI_TKILL, si_pid=9197, si_uid=1001} ---
9203  tgkill(9197, 9201, SIGURG)        = 0
9201  --- SIGURG {si_signo=SIGURG, si_code=SI_TKILL, si_pid=9197, si_uid=1001} ---
9203  tgkill(9197, 9199, SIGURG)        = 0
9199  --- SIGURG {si_signo=SIGURG, si_code=SI_TKILL, si_pid=9197, si_uid=1001} ---
9199  tgkill(9197, 9204, SIGURG)        = 0
9204  --- SIGURG {si_signo=SIGURG, si_code=SI_TKILL, si_pid=9197, si_uid=1001} ---
9204  tgkill(9197, 9199, SIGURG)        = 0
9199  --- SIGURG {si_signo=SIGURG, si_code=SI_TKILL, si_pid=9197, si_uid=1001} ---
9204  tgkill(9197, 9199, SIGURG)        = 0
9199  --- SIGURG {si_signo=SIGURG, si_code=SI_TKILL, si_pid=9197, si_uid=1001} ---
9201  tgkill(9197, 9203, SIGURG)        = 0
9203  --- SIGURG {si_signo=SIGURG, si_code=SI_TKILL, si_pid=9197, si_uid=1001} ---
9204  tgkill(9197, 9203, SIGURG)        = 0
9203  --- SIGURG {si_signo=SIGURG, si_code=SI_TKILL, si_pid=9197, si_uid=1001} ---
9203  tgkill(9197, 9197, SIGURG)        = 0
9197  --- SIGURG {si_signo=SIGURG, si_code=SI_TKILL, si_pid=9197, si_uid=1001} ---
9198  clone(child_stack=0x115fd80be000, flags=CLONE_VM|CLONE_FS|CLONE_FILES|CLONE_SIGHAND|CLONE_THREAD|CLONE_SYSVSEM) = 9205
9205  tgkill(9197, 9204, SIGURG)        = 0
9204  --- SIGURG {si_signo=SIGURG, si_code=SI_TKILL, si_pid=9197, si_uid=1001} ---
9205  tgkill(9197, 9200, SIGURG)        = 0
9200  --- SIGURG {si_signo=SIGURG, si_code=SI_TKILL, si_pid=9197, si_uid=1001} ---
9205  tgkill(9197, 9199, SIGURG)        = 0
9199  --- SIGURG {si_signo=SIGURG, si_code=SI_TKILL, si_pid=9197, si_uid=1001} ---
9205  tgkill(9197, 9197, SIGURG)        = 0
9197  --- SIGURG {si_signo=SIGURG, si_code=SI_TKILL, si_pid=9197, si_uid=1001} ---
9197  tgkill(9197, 9200, SIGURG)        = 0
9200  --- SIGURG {si_signo=SIGURG, si_code=SI_TKILL, si_pid=9197, si_uid=1001} ---
9197  tgkill(9197, 9205, SIGURG)        = 0
9205  --- SIGURG {si_signo=SIGURG, si_code=SI_TKILL, si_pid=9197, si_uid=1001} ---
9205  tgkill(9197, 9204, SIGURG)        = 0
9204  --- SIGURG {si_signo=SIGURG, si_code=SI_TKILL, si_pid=9197, si_uid=1001} ---
9205  tgkill(9197, 9201, SIGURG)        = 0
9201  --- SIGURG {si_signo=SIGURG, si_code=SI_TKILL, si_pid=9197, si_uid=1001} ---
9205  tgkill(9197, 9199, SIGURG)        = 0
9199  --- SIGURG {si_signo=SIGURG, si_code=SI_TKILL, si_pid=9197, si_uid=1001} ---
9201  tgkill(9197, 9197, SIGURG)        = 0
9197  --- SIGURG {si_signo=SIGURG, si_code=SI_TKILL, si_pid=9197, si_uid=1001} ---
9197  tgkill(9197, 9200, SIGURG)        = 0
9200  --- SIGURG {si_signo=SIGURG, si_code=SI_TKILL, si_pid=9197, si_uid=1001} ---
9197  tgkill(9197, 9205, SIGURG)        = 0
9205  --- SIGURG {si_signo=SIGURG, si_code=SI_TKILL, si_pid=9197, si_uid=1001} ---
9197  tgkill(9197, 9201, SIGURG)        = 0
9201  --- SIGURG {si_signo=SIGURG, si_code=SI_TKILL, si_pid=9197, si_uid=1001} ---
9197  tgkill(9197, 9201, SIGURG)        = 0
9201  --- SIGURG {si_signo=SIGURG, si_code=SI_TKILL, si_pid=9197, si_uid=1001} ---
9197  tgkill(9197, 9201, SIGURG)        = 0
9201  --- SIGURG {si_signo=SIGURG, si_code=SI_TKILL, si_pid=9197, si_uid=1001} ---
9202  tgkill(9197, 9201, SIGURG)        = 0
9201  --- SIGURG {si_signo=SIGURG, si_code=SI_TKILL, si_pid=9197, si_uid=1001} ---
9202  tgkill(9197, 9204, SIGURG)        = 0
9204  --- SIGURG {si_signo=SIGURG, si_code=SI_TKILL, si_pid=9197, si_uid=1001} ---
9202  tgkill(9197, 9200, SIGURG)        = 0
9200  --- SIGURG {si_signo=SIGURG, si_code=SI_TKILL, si_pid=9197, si_uid=1001} ---
9202  tgkill(9197, 9204, SIGURG)        = 0
9204  --- SIGURG {si_signo=SIGURG, si_code=SI_TKILL, si_pid=9197, si_uid=1001} ---
9202  tgkill(9197, 9201, SIGURG)        = 0
9201  --- SIGURG {si_signo=SIGURG, si_code=SI_TKILL, si_pid=9197, si_uid=1001} ---
9202  tgkill(9197, 9200, SIGURG)        = 0
9200  --- SIGURG {si_signo=SIGURG, si_code=SI_TKILL, si_pid=9197, si_uid=1001} ---
9198  tgkill(9197, 9201, SIGURG)        = 0
9201  --- SIGURG {si_signo=SIGURG, si_code=SI_TKILL, si_pid=9197, si_uid=1001} ---
9201  tgkill(9197, 9197, SIGURG)        = 0
9197  --- SIGURG {si_signo=SIGURG, si_code=SI_TKILL, si_pid=9197, si_uid=1001} ---
9204  tgkill(9197, 9201, SIGURG)        = 0
9201  --- SIGURG {si_signo=SIGURG, si_code=SI_TKILL, si_pid=9197, si_uid=1001} ---
9204  tgkill(9197, 9202, SIGURG)        = 0
9202  --- SIGURG {si_signo=SIGURG, si_code=SI_TKILL, si_pid=9197, si_uid=1001} ---
9198  tgkill(9197, 9197, SIGURG)        = 0
9197  --- SIGURG {si_signo=SIGURG, si_code=SI_TKILL, si_pid=9197, si_uid=1001} ---
9198  tgkill(9197, 9197, SIGURG)        = 0
9197  --- SIGURG {si_signo=SIGURG, si_code=SI_TKILL, si_pid=9197, si_uid=1001} ---
9198  tgkill(9197, 9197, SIGURG)        = 0
9197  --- SIGURG {si_signo=SIGURG, si_code=SI_TKILL, si_pid=9197, si_uid=1001} ---
9198  tgkill(9197, 9202, SIGURG)        = 0
9202  --- SIGURG {si_signo=SIGURG, si_code=SI_TKILL, si_pid=9197, si_uid=1001} ---
9198  tgkill(9197, 9197, SIGURG)        = 0
9197  --- SIGURG {si_signo=SIGURG, si_code=SI_TKILL, si_pid=9197, si_uid=1001} ---
9201  tgkill(9197, 9202, SIGURG)        = 0
9202  --- SIGURG {si_signo=SIGURG, si_code=SI_TKILL, si_pid=9197, si_uid=1001} ---
9197  tgkill(9197, 9204, SIGURG)        = 0
9204  --- SIGURG {si_signo=SIGURG, si_code=SI_TKILL, si_pid=9197, si_uid=1001} ---
9198  tgkill(9197, 9204, SIGURG <unfinished ...>
9204  --- SIGURG {si_signo=SIGURG, si_code=SI_TKILL, si_pid=9197, si_uid=1001} ---
9198  <... tgkill resumed>)             = 0
9198  tgkill(9197, 9197, SIGURG)        = 0
9197  --- SIGURG {si_signo=SIGURG, si_code=SI_TKILL, si_pid=9197, si_uid=1001} ---
9202  tgkill(9197, 9204, SIGURG <unfinished ...>
9197  tgkill(9197, 9202, SIGURG <unfinished ...>
9202  <... tgkill resumed>)             = 0
9197  <... tgkill resumed>)             = 0
9204  --- SIGURG {si_signo=SIGURG, si_code=SI_TKILL, si_pid=9197, si_uid=1001} ---
9202  --- SIGURG {si_signo=SIGURG, si_code=SI_TKILL, si_pid=9197, si_uid=1001} ---
9197  tgkill(9197, 9201, SIGURG)        = 0
9201  --- SIGURG {si_signo=SIGURG, si_code=SI_TKILL, si_pid=9197, si_uid=1001} ---
9197  tgkill(9197, 9204, SIGURG)        = 0
9204  --- SIGURG {si_signo=SIGURG, si_code=SI_TKILL, si_pid=9197, si_uid=1001} ---
9197  tgkill(9197, 9202, SIGURG)        = 0
9202  --- SIGURG {si_signo=SIGURG, si_code=SI_TKILL, si_pid=9197, si_uid=1001} ---
9198  tgkill(9197, 9204, SIGURG)        = 0
9204  --- SIGURG {si_signo=SIGURG, si_code=SI_TKILL, si_pid=9197, si_uid=1001} ---
9204  tgkill(9197, 9202, SIGURG)        = 0
9202  --- SIGURG {si_signo=SIGURG, si_code=SI_TKILL, si_pid=9197, si_uid=1001} ---
9197  tgkill(9197, 9204, SIGURG)        = 0
9204  --- SIGURG {si_signo=SIGURG, si_code=SI_TKILL, si_pid=9197, si_uid=1001} ---
9197  tgkill(9197, 9204, SIGURG)        = 0
9204  --- SIGURG {si_signo=SIGURG, si_code=SI_TKILL, si_pid=9197, si_uid=1001} ---
9197  tgkill(9197, 9202, SIGURG)        = 0
9202  --- SIGURG {si_signo=SIGURG, si_code=SI_TKILL, si_pid=9197, si_uid=1001} ---
9202  tgkill(9197, 9197, SIGURG)        = 0
9197  --- SIGURG {si_signo=SIGURG, si_code=SI_TKILL, si_pid=9197, si_uid=1001} ---
9202  tgkill(9197, 9204, SIGURG)        = 0
9204  --- SIGURG {si_signo=SIGURG, si_code=SI_TKILL, si_pid=9197, si_uid=1001} ---
9202  tgkill(9197, 9197, SIGURG)        = 0
9197  --- SIGURG {si_signo=SIGURG, si_code=SI_TKILL, si_pid=9197, si_uid=1001} ---
9202  tgkill(9197, 9204, SIGURG)        = 0
9204  --- SIGURG {si_signo=SIGURG, si_code=SI_TKILL, si_pid=9197, si_uid=1001} ---
9202  tgkill(9197, 9201, SIGURG)        = 0
9201  --- SIGURG {si_signo=SIGURG, si_code=SI_TKILL, si_pid=9197, si_uid=1001} ---
9202  tgkill(9197, 9204, SIGURG)        = 0
9204  --- SIGURG {si_signo=SIGURG, si_code=SI_TKILL, si_pid=9197, si_uid=1001} ---
9202  tgkill(9197, 9204, SIGURG)        = 0
9204  --- SIGURG {si_signo=SIGURG, si_code=SI_TKILL, si_pid=9197, si_uid=1001} ---
9201  tgkill(9197, 9200, SIGURG)        = 0
9200  --- SIGURG {si_signo=SIGURG, si_code=SI_TKILL, si_pid=9197, si_uid=1001} ---
9204  waitid(P_PIDFD, 12, 0x115fd7cf51c8, WEXITED, NULL) = -1 ECHILD (No child processes)
9204  pidfd_send_signal(12, 0, NULL, 0) = 0
9204  clone(child_stack=NULL, flags=CLONE_VM|CLONE_PIDFD|CLONE_VFORK <unfinished ...>
9206  exit_group(0)                     = ?
9206  +++ exited with 0 +++
9204  <... clone resumed>, parent_tid=[13]) = 9206
9204  waitid(P_PIDFD, 13, {si_signo=SIGCHLD, si_code=CLD_EXITED, si_pid=9206, si_uid=1001, si_status=0, si_utime=0, si_stime=0}, WEXITED|__WCLONE, NULL) = 0
9204  clone(child_stack=NULL, flags=CLONE_VM|CLONE_PIDFD|CLONE_VFORK|SIGCHLD <unfinished ...>
9207  execve("/opt/hostedtoolcache/go/1.27.0/arm64/pkg/tool/linux_arm64/compile", ["/opt/hostedtoolcache/go/1.27.0/a"..., "-V=full"], 0x115fd7eead88 /* 139 vars */ <unfinished ...>
9204  <... clone resumed>, parent_tid=[14]) = 9207
9207  <... execve resumed>)             = 0
9204  waitid(P_PIDFD, 14,  <unfinished ...>
9207  clone(child_stack=0x4084be79c000, flags=CLONE_VM|CLONE_FS|CLONE_FILES|CLONE_SIGHAND|CLONE_THREAD|CLONE_SYSVSEM) = 9208
9208  tgkill(9207, 9207, SIGURG)        = 0
9207  --- SIGURG {si_signo=SIGURG, si_code=SI_TKILL, si_pid=9207, si_uid=1001} ---
9207  clone(child_stack=0x4084be7d2000, flags=CLONE_VM|CLONE_FS|CLONE_FILES|CLONE_SIGHAND|CLONE_THREAD|CLONE_SYSVSEM) = 9209
9207  clone(child_stack=0x4084be7ce000, flags=CLONE_VM|CLONE_FS|CLONE_FILES|CLONE_SIGHAND|CLONE_THREAD|CLONE_SYSVSEM) = 9210
9209  clone(child_stack=0x4084be818000, flags=CLONE_VM|CLONE_FS|CLONE_FILES|CLONE_SIGHAND|CLONE_THREAD|CLONE_SYSVSEM) = 9211
9208  tgkill(9207, 9207, SIGURG)        = 0
9207  --- SIGURG {si_signo=SIGURG, si_code=SI_TKILL, si_pid=9207, si_uid=1001} ---
9207  exit_group(0)                     = ?
9208  +++ exited with 0 +++
9211  +++ exited with 0 +++
9209  +++ exited with 0 +++
9210  +++ exited with 0 +++
9207  +++ exited with 0 +++
9201  --- SIGCHLD {si_signo=SIGCHLD, si_code=CLD_EXITED, si_pid=9207, si_uid=1001, si_status=0, si_utime=0, si_stime=0} ---
9204  <... waitid resumed>{si_signo=SIGCHLD, si_code=CLD_EXITED, si_pid=9207, si_uid=1001, si_status=0, si_utime=0, si_stime=0}, WEXITED, {ru_utime={tv_sec=0, tv_usec=1314}, ru_stime={tv_sec=0, tv_usec=7884}, ...}) = 0
9204  clone(child_stack=NULL, flags=CLONE_VM|CLONE_PIDFD|CLONE_VFORK|SIGCHLD <unfinished ...>
9205  clone(child_stack=NULL, flags=CLONE_VM|CLONE_PIDFD|CLONE_VFORK|SIGCHLD <unfinished ...>
9212  execve("/opt/hostedtoolcache/go/1.27.0/arm64/pkg/tool/linux_arm64/asm", ["/opt/hostedtoolcache/go/1.27.0/a"..., "-V=full"], 0x115fd7eeb208 /* 139 vars */ <unfinished ...>
9197  clone(child_stack=NULL, flags=CLONE_VM|CLONE_PIDFD|CLONE_VFORK|SIGCHLD <unfinished ...>
9204  <... clone resumed>, parent_tid=[7]) = 9212
9200  clone(child_stack=NULL, flags=CLONE_VM|CLONE_PIDFD|CLONE_VFORK|SIGCHLD <unfinished ...>
9212  <... execve resumed>)             = 0
9213  execve("/opt/hostedtoolcache/go/1.27.0/arm64/pkg/tool/linux_arm64/compile", ["/opt/hostedtoolcache/go/1.27.0/a"..., "-o", "/tmp/go-build1496978431/b008/_pk"..., "-trimpath", "/tmp/go-build1496978431/b008=>", "-p", "internal/unsafeheader", "-lang=go1.27", "-std", "-complete", "-buildid", "WrJZ74nSHq-5UnI1-5s6/WrJZ74nSHq-"..., "-goversion", "go1.27.0", "-c=4", "-nolocalimports", "-importcfg", "/tmp/go-build1496978431/b008/imp"..., "-pack", "/opt/hostedtoolcache/go/1.27.0/a"...], 0x115fd7d86008 /* 140 vars */ <unfinished ...>
9205  <... clone resumed>, parent_tid=[26]) = 9213
9213  <... execve resumed>)             = 0
9214  execve("/opt/hostedtoolcache/go/1.27.0/arm64/pkg/tool/linux_arm64/compile", ["/opt/hostedtoolcache/go/1.27.0/a"..., "-o", "/tmp/go-build1496978431/b012/_pk"..., "-trimpath", "/tmp/go-build1496978431/b012=>", "-p", "internal/byteorder", "-lang=go1.27", "-std", "-complete", "-buildid", "Q_t7NcJgPQWAgtg1_-bz/Q_t7NcJgPQW"..., "-goversion", "go1.27.0", "-c=4", "-nolocalimports", "-importcfg", "/tmp/go-build1496978431/b012/imp"..., "-pack", "/opt/hostedtoolcache/go/1.27.0/a"...], 0x115fd8060008 /* 140 vars */ <unfinished ...>
9197  <... clone resumed>, parent_tid=[29]) = 9214
9215  execve("/opt/hostedtoolcache/go/1.27.0/arm64/pkg/tool/linux_arm64/compile", ["/opt/hostedtoolcache/go/1.27.0/a"..., "-o", "/tmp/go-build1496978431/b006/_pk"..., "-trimpath", "/tmp/go-build1496978431/b006=>", "-p", "internal/goarch", "-lang=go1.27", "-std", "-complete", "-buildid", "JZ-e4VmH0x5g7AsedM47/JZ-e4VmH0x5"..., "-goversion", "go1.27.0", "-c=4", "-nolocalimports", "-importcfg", "/tmp/go-build1496978431/b006/imp"..., "-pack", "/opt/hostedtoolcache/go/1.27.0/a"..., "/opt/hostedtoolcache/go/1.27.0/a"..., "/opt/hostedtoolcache/go/1.27.0/a"...], 0x115fd7cdad88 /* 140 vars */ <unfinished ...>
9214  <... execve resumed>)             = 0
9200  <... clone resumed>, parent_tid=[15]) = 9215
9215  <... execve resumed>)             = 0
9205  waitid(P_PIDFD, 26,  <unfinished ...>
9204  waitid(P_PIDFD, 7,  <unfinished ...>
9197  waitid(P_PIDFD, 29,  <unfinished ...>
9200  waitid(P_PIDFD, 15,  <unfinished ...>
9214  clone(child_stack=0x68e698e0000, flags=CLONE_VM|CLONE_FS|CLONE_FILES|CLONE_SIGHAND|CLONE_THREAD|CLONE_SYSVSEM) = 9216
9214  clone(child_stack=0x68e69918000, flags=CLONE_VM|CLONE_FS|CLONE_FILES|CLONE_SIGHAND|CLONE_THREAD|CLONE_SYSVSEM) = 9217
9214  clone(child_stack=0x68e69914000, flags=CLONE_VM|CLONE_FS|CLONE_FILES|CLONE_SIGHAND|CLONE_THREAD|CLONE_SYSVSEM) = 9218
9217  clone(child_stack=0x68e69998000, flags=CLONE_VM|CLONE_FS|CLONE_FILES|CLONE_SIGHAND|CLONE_THREAD|CLONE_SYSVSEM) = 9219
9215  clone(child_stack=0x58af52276000, flags=CLONE_VM|CLONE_FS|CLONE_FILES|CLONE_SIGHAND|CLONE_THREAD|CLONE_SYSVSEM) = 9220
9215  clone(child_stack=0x58af522ae000, flags=CLONE_VM|CLONE_FS|CLONE_FILES|CLONE_SIGHAND|CLONE_THREAD|CLONE_SYSVSEM <unfinished ...>
9220  tgkill(9215, 9215, SIGURG)        = 0
9215  <... clone resumed>)              = 9221
9215  --- SIGURG {si_signo=SIGURG, si_code=SI_TKILL, si_pid=9215, si_uid=1001} ---
9215  clone(child_stack=0x58af522aa000, flags=CLONE_VM|CLONE_FS|CLONE_FILES|CLONE_SIGHAND|CLONE_THREAD|CLONE_SYSVSEM) = 9222
9213  clone(child_stack=0x1420e5f94000, flags=CLONE_VM|CLONE_FS|CLONE_FILES|CLONE_SIGHAND|CLONE_THREAD|CLONE_SYSVSEM <unfinished ...>
9221  clone(child_stack=0x58af52318000, flags=CLONE_VM|CLONE_FS|CLONE_FILES|CLONE_SIGHAND|CLONE_THREAD|CLONE_SYSVSEM) = 9224
9213  <... clone resumed>)              = 9223
9221  clone(child_stack=0x58af52314000, flags=CLONE_VM|CLONE_FS|CLONE_FILES|CLONE_SIGHAND|CLONE_THREAD|CLONE_SYSVSEM <unfinished ...>
9213  clone(child_stack=0x1420e5fcc000, flags=CLONE_VM|CLONE_FS|CLONE_FILES|CLONE_SIGHAND|CLONE_THREAD|CLONE_SYSVSEM <unfinished ...>
9221  <... clone resumed>)              = 9225
9213  <... clone resumed>)              = 9226
9223  tgkill(9213, 9213, SIGURG)        = 0
9213  clone(child_stack=0x1420e5fc8000, flags=CLONE_VM|CLONE_FS|CLONE_FILES|CLONE_SIGHAND|CLONE_THREAD|CLONE_SYSVSEM) = 9227
9213  --- SIGURG {si_signo=SIGURG, si_code=SI_TKILL, si_pid=9213, si_uid=1001} ---
9226  clone(child_stack=0x1420e6018000, flags=CLONE_VM|CLONE_FS|CLONE_FILES|CLONE_SIGHAND|CLONE_THREAD|CLONE_SYSVSEM) = 9228
9212  clone(child_stack=0xdb190d26000, flags=CLONE_VM|CLONE_FS|CLONE_FILES|CLONE_SIGHAND|CLONE_THREAD|CLONE_SYSVSEM) = 9229
9229  tgkill(9212, 9212, SIGURG)        = 0
9212  clone(child_stack=0xdb190d5c000, flags=CLONE_VM|CLONE_FS|CLONE_FILES|CLONE_SIGHAND|CLONE_THREAD|CLONE_SYSVSEM) = 9230
9212  --- SIGURG {si_signo=SIGURG, si_code=SI_TKILL, si_pid=9212, si_uid=1001} ---
9212  clone(child_stack=0xdb190d58000, flags=CLONE_VM|CLONE_FS|CLONE_FILES|CLONE_SIGHAND|CLONE_THREAD|CLONE_SYSVSEM) = 9231
9230  clone(child_stack=0xdb190d98000, flags=CLONE_VM|CLONE_FS|CLONE_FILES|CLONE_SIGHAND|CLONE_THREAD|CLONE_SYSVSEM) = 9232
9216  tgkill(9214, 9214, SIGURG)        = 0
9214  --- SIGURG {si_signo=SIGURG, si_code=SI_TKILL, si_pid=9214, si_uid=1001} ---
9223  tgkill(9213, 9213, SIGURG)        = 0
9213  --- SIGURG {si_signo=SIGURG, si_code=SI_TKILL, si_pid=9213, si_uid=1001} ---
9225  exit_group(0)                     = ?
9220  +++ exited with 0 +++
9221  +++ exited with 0 +++
9224  +++ exited with 0 +++
9222  +++ exited with 0 +++
9225  +++ exited with 0 +++
9215  +++ exited with 0 +++
9201  --- SIGCHLD {si_signo=SIGCHLD, si_code=CLD_EXITED, si_pid=9215, si_uid=1001, si_status=0, si_utime=0, si_stime=1 /* 0.01 s */} ---
9200  <... waitid resumed>{si_signo=SIGCHLD, si_code=CLD_EXITED, si_pid=9215, si_uid=1001, si_status=0, si_utime=0, si_stime=0}, WEXITED, {ru_utime={tv_sec=0, tv_usec=5032}, ru_stime={tv_sec=0, tv_usec=8387}, ...}) = 0
9212  exit_group(0)                     = ?
9230  +++ exited with 0 +++
9229  +++ exited with 0 +++
9231  +++ exited with 0 +++
9232  +++ exited with 0 +++
9212  +++ exited with 0 +++
9204  <... waitid resumed>{si_signo=SIGCHLD, si_code=CLD_EXITED, si_pid=9212, si_uid=1001, si_status=0, si_utime=0, si_stime=0}, WEXITED, {ru_utime={tv_sec=0, tv_usec=1034}, ru_stime={tv_sec=0, tv_usec=6204}, ...}) = 0
9201  --- SIGCHLD {si_signo=SIGCHLD, si_code=CLD_EXITED, si_pid=9212, si_uid=1001, si_status=0, si_utime=0, si_stime=0} ---
9226  exit_group(0)                     = ?
9228  +++ exited with 0 +++
9227  +++ exited with 0 +++
9226  +++ exited with 0 +++
9223  +++ exited with 0 +++
9213  +++ exited with 0 +++
9205  <... waitid resumed>{si_signo=SIGCHLD, si_code=CLD_EXITED, si_pid=9213, si_uid=1001, si_status=0, si_utime=0, si_stime=0}, WEXITED, {ru_utime={tv_sec=0, tv_usec=5933}, ru_stime={tv_sec=0, tv_usec=6922}, ...}) = 0
9201  --- SIGCHLD {si_signo=SIGCHLD, si_code=CLD_EXITED, si_pid=9213, si_uid=1001, si_status=0, si_utime=0, si_stime=0} ---
9201  tgkill(9197, 9200, SIGURG)        = 0
9200  --- SIGURG {si_signo=SIGURG, si_code=SI_TKILL, si_pid=9197, si_uid=1001} ---
9201  tgkill(9197, 9202, SIGURG)        = 0
9202  --- SIGURG {si_signo=SIGURG, si_code=SI_TKILL, si_pid=9197, si_uid=1001} ---
9201  tgkill(9197, 9204, SIGURG)        = 0
9204  --- SIGURG {si_signo=SIGURG, si_code=SI_TKILL, si_pid=9197, si_uid=1001} ---
9201  clone(child_stack=NULL, flags=CLONE_VM|CLONE_PIDFD|CLONE_VFORK|SIGCHLD <unfinished ...>
9233  execve("/opt/hostedtoolcache/go/1.27.0/arm64/pkg/tool/linux_arm64/asm", ["/opt/hostedtoolcache/go/1.27.0/a"..., "-p", "internal/cpu", "-trimpath", "/tmp/go-build1496978431/b011=>", "-I", "/tmp/go-build1496978431/b011/", "-I", "/opt/hostedtoolcache/go/1.27.0/a"..., "-D", "GOOS_linux", "-D", "GOARCH_arm64", "-std", "-gensymabis", "-o", "/tmp/go-build1496978431/b011/sym"..., "/opt/hostedtoolcache/go/1.27.0/a"..., "/opt/hostedtoolcache/go/1.27.0/a"...], 0x115fd7d86008 /* 140 vars */ <unfinished ...>
9201  <... clone resumed>, parent_tid=[15]) = 9233
9233  <... execve resumed>)             = 0
9201  waitid(P_PIDFD, 15,  <unfinished ...>
9202  clone(child_stack=NULL, flags=CLONE_VM|CLONE_PIDFD|CLONE_VFORK|SIGCHLD <unfinished ...>
9218  exit_group(0)                     = ?
9218  +++ exited with 0 +++
9217  +++ exited with 0 +++
9216  +++ exited with 0 +++
9219  +++ exited with 0 +++
9214  +++ exited with 0 +++
9197  <... waitid resumed>{si_signo=SIGCHLD, si_code=CLD_EXITED, si_pid=9214, si_uid=1001, si_status=0, si_utime=0, si_stime=0}, WEXITED, {ru_utime={tv_sec=0, tv_usec=12005}, ru_stime={tv_sec=0, tv_usec=12005}, ...}) = 0
9204  --- SIGCHLD {si_signo=SIGCHLD, si_code=CLD_EXITED, si_pid=9214, si_uid=1001, si_status=0, si_utime=1 /* 0.01 s */, si_stime=1 /* 0.01 s */} ---
9234  execve("/opt/hostedtoolcache/go/1.27.0/arm64/pkg/tool/linux_arm64/compile", ["/opt/hostedtoolcache/go/1.27.0/a"..., "-o", "/tmp/go-build1496978431/b014/_pk"..., "-trimpath", "/tmp/go-build1496978431/b014=>", "-p", "internal/coverage/rtcov", "-lang=go1.27", "-std", "-complete", "-buildid", "47O9QmEu_j9iqi2dbWOi/47O9QmEu_j9"..., "-goversion", "go1.27.0", "-c=4", "-nolocalimports", "-importcfg", "/tmp/go-build1496978431/b014/imp"..., "-pack", "/opt/hostedtoolcache/go/1.27.0/a"...], 0x115fd7cdad88 /* 140 vars */ <unfinished ...>
9202  <... clone resumed>, parent_tid=[14]) = 9234
9234  <... execve resumed>)             = 0
9197  waitid(P_PIDFD, 14,  <unfinished ...>
9233  clone(child_stack=0x68f1bb8c0000, flags=CLONE_VM|CLONE_FS|CLONE_FILES|CLONE_SIGHAND|CLONE_THREAD|CLONE_SYSVSEM) = 9235
9233  clone(child_stack=0x68f1bb8f8000, flags=CLONE_VM|CLONE_FS|CLONE_FILES|CLONE_SIGHAND|CLONE_THREAD|CLONE_SYSVSEM) = 9236
9235  tgkill(9233, 9233, SIGURG)        = 0
9233  clone(child_stack=0x68f1bb8f4000, flags=CLONE_VM|CLONE_FS|CLONE_FILES|CLONE_SIGHAND|CLONE_THREAD|CLONE_SYSVSEM) = 9237
9233  --- SIGURG {si_signo=SIGURG, si_code=SI_TKILL, si_pid=9233, si_uid=1001} ---
9236  clone(child_stack=0x68f1bb918000, flags=CLONE_VM|CLONE_FS|CLONE_FILES|CLONE_SIGHAND|CLONE_THREAD|CLONE_SYSVSEM) = 9238
9202  clone(child_stack=NULL, flags=CLONE_VM|CLONE_PIDFD|CLONE_VFORK|SIGCHLD <unfinished ...>
9239  execve("/opt/hostedtoolcache/go/1.27.0/arm64/pkg/tool/linux_arm64/asm", ["/opt/hostedtoolcache/go/1.27.0/a"..., "-p", "internal/abi", "-trimpath", "/tmp/go-build1496978431/b005=>", "-I", "/tmp/go-build1496978431/b005/", "-I", "/opt/hostedtoolcache/go/1.27.0/a"..., "-D", "GOOS_linux", "-D", "GOARCH_arm64", "-std", "-gensymabis", "-o", "/tmp/go-build1496978431/b005/sym"..., "/opt/hostedtoolcache/go/1.27.0/a"..., "/opt/hostedtoolcache/go/1.27.0/a"...], 0x115fd8060008 /* 140 vars */ <unfinished ...>
9202  <... clone resumed>, parent_tid=[17]) = 9239
9239  <... execve resumed>)             = 0
9202  waitid(P_PIDFD, 17,  <unfinished ...>
9204  clone(child_stack=NULL, flags=CLONE_VM|CLONE_PIDFD|CLONE_VFORK|SIGCHLD <unfinished ...>
9233  exit_group(0)                     = ?
9238  +++ exited with 0 +++
9237  +++ exited with 0 +++
9236  +++ exited with 0 +++
9235  +++ exited with 0 +++
9240  execve("/opt/hostedtoolcache/go/1.27.0/arm64/pkg/tool/linux_arm64/compile", ["/opt/hostedtoolcache/go/1.27.0/a"..., "-o", "/tmp/go-build1496978431/b015/_pk"..., "-trimpath", "/tmp/go-build1496978431/b015=>", "-p", "internal/godebugs", "-lang=go1.27", "-std", "-complete", "-buildid", "L3n_n0Y9n7xGzmoyRJNG/L3n_n0Y9n7x"..., "-goversion", "go1.27.0", "-c=4", "-nolocalimports", "-importcfg", "/tmp/go-build1496978431/b015/imp"..., "-pack", "/opt/hostedtoolcache/go/1.27.0/a"...], 0x115fd7eead88 /* 140 vars */ <unfinished ...>
9233  +++ exited with 0 +++
9204  <... clone resumed>, parent_tid=[13]) = 9240
9201  <... waitid resumed>{si_signo=SIGCHLD, si_code=CLD_EXITED, si_pid=9233, si_uid=1001, si_status=0, si_utime=0, si_stime=0}, WEXITED, {ru_utime={tv_sec=0, tv_usec=1046}, ru_stime={tv_sec=0, tv_usec=5233}, ...}) = 0
9240  <... execve resumed>)             = 0
9199  --- SIGCHLD {si_signo=SIGCHLD, si_code=CLD_EXITED, si_pid=9233, si_uid=1001, si_status=0, si_utime=0, si_stime=0} ---
9234  clone(child_stack=0x31985328e000, flags=CLONE_VM|CLONE_FS|CLONE_FILES|CLONE_SIGHAND|CLONE_THREAD|CLONE_SYSVSEM) = 9241
9204  waitid(P_PIDFD, 13,  <unfinished ...>
9234  clone(child_stack=0x3198532c6000, flags=CLONE_VM|CLONE_FS|CLONE_FILES|CLONE_SIGHAND|CLONE_THREAD|CLONE_SYSVSEM) = 9242
9241  tgkill(9234, 9234, SIGURG)        = 0
9234  --- SIGURG {si_signo=SIGURG, si_code=SI_TKILL, si_pid=9234, si_uid=1001} ---
9241  tgkill(9234, 9234, SIGURG)        = 0
9234  --- SIGURG {si_signo=SIGURG, si_code=SI_TKILL, si_pid=9234, si_uid=1001} ---
9234  clone(child_stack=0x3198532c2000, flags=CLONE_VM|CLONE_FS|CLONE_FILES|CLONE_SIGHAND|CLONE_THREAD|CLONE_SYSVSEM) = 9243
9242  clone(child_stack=0x319853318000, flags=CLONE_VM|CLONE_FS|CLONE_FILES|CLONE_SIGHAND|CLONE_THREAD|CLONE_SYSVSEM) = 9244
9199  clone(child_stack=NULL, flags=CLONE_VM|CLONE_PIDFD|CLONE_VFORK|SIGCHLD <unfinished ...>
9245  execve("/opt/hostedtoolcache/go/1.27.0/arm64/pkg/tool/linux_arm64/compile", ["/opt/hostedtoolcache/go/1.27.0/a"..., "-o", "/tmp/go-build1496978431/b011/_pk"..., "-trimpath", "/tmp/go-build1496978431/b011=>", "-p", "internal/cpu", "-lang=go1.27", "-std", "-buildid", "MWxa_COY7_dbImCNGszP/MWxa_COY7_d"..., "-goversion", "go1.27.0", "-symabis", "/tmp/go-build1496978431/b011/sym"..., "-c=4", "-nolocalimports", "-importcfg", "/tmp/go-build1496978431/b011/imp"..., "-pack", "-asmhdr", "/tmp/go-build1496978431/b011/go_"..., "/opt/hostedtoolcache/go/1.27.0/a"..., "/opt/hostedtoolcache/go/1.27.0/a"..., "/opt/hostedtoolcache/go/1.27.0/a"..., "/opt/hostedtoolcache/go/1.27.0/a"..., "/opt/hostedtoolcache/go/1.27.0/a"..., "/opt/hostedtoolcache/go/1.27.0/a"...], 0x115fd7d87688 /* 140 vars */ <unfinished ...>
9199  <... clone resumed>, parent_tid=[18]) = 9245
9245  <... execve resumed>)             = 0
9199  waitid(P_PIDFD, 18,  <unfinished ...>
9239  clone(child_stack=0x3cc24f29e000, flags=CLONE_VM|CLONE_FS|CLONE_FILES|CLONE_SIGHAND|CLONE_THREAD|CLONE_SYSVSEM) = 9246
9239  clone(child_stack=0x3cc24f2d6000, flags=CLONE_VM|CLONE_FS|CLONE_FILES|CLONE_SIGHAND|CLONE_THREAD|CLONE_SYSVSEM) = 9247
9246  tgkill(9239, 9239, SIGURG)        = 0
9239  --- SIGURG {si_signo=SIGURG, si_code=SI_TKILL, si_pid=9239, si_uid=1001} ---
9240  clone(child_stack=0x1ee7b68e2000, flags=CLONE_VM|CLONE_FS|CLONE_FILES|CLONE_SIGHAND|CLONE_THREAD|CLONE_SYSVSEM) = 9248
9239  clone(child_stack=0x3cc24f2d2000, flags=CLONE_VM|CLONE_FS|CLONE_FILES|CLONE_SIGHAND|CLONE_THREAD|CLONE_SYSVSEM <unfinished ...>
9247  clone(child_stack=0x3cc24f318000, flags=CLONE_VM|CLONE_FS|CLONE_FILES|CLONE_SIGHAND|CLONE_THREAD|CLONE_SYSVSEM <unfinished ...>
9239  <... clone resumed>)              = 9249
9247  <... clone resumed>)              = 9250
9239  clone(child_stack=0x3cc24f314000, flags=CLONE_VM|CLONE_FS|CLONE_FILES|CLONE_SIGHAND|CLONE_THREAD|CLONE_SYSVSEM <unfinished ...>
9240  clone(child_stack=0x1ee7b691a000, flags=CLONE_VM|CLONE_FS|CLONE_FILES|CLONE_SIGHAND|CLONE_THREAD|CLONE_SYSVSEM <unfinished ...>
9239  <... clone resumed>)              = 9251
9240  <... clone resumed>)              = 9252
9240  clone(child_stack=0x1ee7b6916000, flags=CLONE_VM|CLONE_FS|CLONE_FILES|CLONE_SIGHAND|CLONE_THREAD|CLONE_SYSVSEM) = 9253
9252  clone(child_stack=0x1ee7b6998000, flags=CLONE_VM|CLONE_FS|CLONE_FILES|CLONE_SIGHAND|CLONE_THREAD|CLONE_SYSVSEM) = 9254
9239  exit_group(0)                     = ?
9249  +++ exited with 0 +++
9251  +++ exited with 0 +++
9250  +++ exited with 0 +++
9246  +++ exited with 0 +++
9247  +++ exited with 0 +++
9239  +++ exited with 0 +++
9202  <... waitid resumed>{si_signo=SIGCHLD, si_code=CLD_EXITED, si_pid=9239, si_uid=1001, si_status=0, si_utime=0, si_stime=0}, WEXITED, {ru_utime={tv_sec=0, tv_usec=0}, ru_stime={tv_sec=0, tv_usec=5846}, ...}) = 0
9201  --- SIGCHLD {si_signo=SIGCHLD, si_code=CLD_EXITED, si_pid=9239, si_uid=1001, si_status=0, si_utime=0, si_stime=0} ---
9200  tgkill(9197, 9201, SIGURG)        = 0
9201  --- SIGURG {si_signo=SIGURG, si_code=SI_TKILL, si_pid=9197, si_uid=1001} ---
9205  clone(child_stack=NULL, flags=CLONE_VM|CLONE_PIDFD|CLONE_VFORK|SIGCHLD <unfinished ...>
9244  exit_group(0)                     = ?
9244  +++ exited with 0 +++
9241  +++ exited with 0 +++
9201  tgkill(9197, 9205, SIGURG)        = 0
9242  +++ exited with 0 +++
9243  +++ exited with 0 +++
9234  +++ exited with 0 +++
9202  --- SIGCHLD {si_signo=SIGCHLD, si_code=CLD_EXITED, si_pid=9234, si_uid=1001, si_status=0, si_utime=0, si_stime=0} ---
9197  <... waitid resumed>{si_signo=SIGCHLD, si_code=CLD_EXITED, si_pid=9234, si_uid=1001, si_status=0, si_utime=0, si_stime=0}, WEXITED, {ru_utime={tv_sec=0, tv_usec=9157}, ru_stime={tv_sec=0, tv_usec=5087}, ...}) = 0
9201  tgkill(9197, 9202, SIGURG)        = 0
9202  --- SIGURG {si_signo=SIGURG, si_code=SI_TKILL, si_pid=9197, si_uid=1001} ---
9201  tgkill(9197, 9203, SIGURG)        = 0
9203  --- SIGURG {si_signo=SIGURG, si_code=SI_TKILL, si_pid=9197, si_uid=1001} ---
9245  clone(child_stack=0x6a0339da4000, flags=CLONE_VM|CLONE_FS|CLONE_FILES|CLONE_SIGHAND|CLONE_THREAD|CLONE_SYSVSEM) = 9256
9248  tgkill(9240, 9240, SIGURG <unfinished ...>
9256  tgkill(9245, 9245, SIGURG <unfinished ...>
9248  <... tgkill resumed>)             = 0
9245  clone(child_stack=0x6a0339ddc000, flags=CLONE_VM|CLONE_FS|CLONE_FILES|CLONE_SIGHAND|CLONE_THREAD|CLONE_SYSVSEM <unfinished ...>
9256  <... tgkill resumed>)             = 0
9240  --- SIGURG {si_signo=SIGURG, si_code=SI_TKILL, si_pid=9240, si_uid=1001} ---
9245  <... clone resumed>)              = 9257
9201  tgkill(9197, 9202, SIGURG <unfinished ...>
9245  --- SIGURG {si_signo=SIGURG, si_code=SI_TKILL, si_pid=9245, si_uid=1001} ---
9201  <... tgkill resumed>)             = 0
9245  clone(child_stack=0x6a0339dd8000, flags=CLONE_VM|CLONE_FS|CLONE_FILES|CLONE_SIGHAND|CLONE_THREAD|CLONE_SYSVSEM) = 9258
9257  clone(child_stack=0x6a0339e18000, flags=CLONE_VM|CLONE_FS|CLONE_FILES|CLONE_SIGHAND|CLONE_THREAD|CLONE_SYSVSEM) = 9259
9255  execve("/opt/hostedtoolcache/go/1.27.0/arm64/pkg/tool/linux_arm64/compile", ["/opt/hostedtoolcache/go/1.27.0/a"..., "-o", "/tmp/go-build1496978431/b005/_pk"..., "-trimpath", "/tmp/go-build1496978431/b005=>", "-p", "internal/abi", "-lang=go1.27", "-std", "-buildid", "qFh3qy3NhGFK4Dx1fuvv/qFh3qy3NhGF"..., "-goversion", "go1.27.0", "-symabis", "/tmp/go-build1496978431/b005/sym"..., "-c=4", "-nolocalimports", "-importcfg", "/tmp/go-build1496978431/b005/imp"..., "-pack", "-asmhdr", "/tmp/go-build1496978431/b005/go_"..., "/opt/hostedtoolcache/go/1.27.0/a"..., "/opt/hostedtoolcache/go/1.27.0/a"..., "/opt/hostedtoolcache/go/1.27.0/a"..., "/opt/hostedtoolcache/go/1.27.0/a"..., "/opt/hostedtoolcache/go/1.27.0/a"..., "/opt/hostedtoolcache/go/1.27.0/a"..., "/opt/hostedtoolcache/go/1.27.0/a"..., "/opt/hostedtoolcache/go/1.27.0/a"..., "/opt/hostedtoolcache/go/1.27.0/a"..., "/opt/hostedtoolcache/go/1.27.0/a"..., ...], 0x115fd8060488 /* 140 vars */ <unfinished ...>
9205  <... clone resumed>, parent_tid=[17]) = 9255
9205  --- SIGURG {si_signo=SIGURG, si_code=SI_TKILL, si_pid=9197, si_uid=1001} ---
9255  <... execve resumed>)             = 0
9205  waitid(P_PIDFD, 17,  <unfinished ...>
9202  --- SIGURG {si_signo=SIGURG, si_code=SI_TKILL, si_pid=9197, si_uid=1001} ---
9201  tgkill(9197, 9202, SIGURG)        = 0
9202  --- SIGURG {si_signo=SIGURG, si_code=SI_TKILL, si_pid=9197, si_uid=1001} ---
9255  clone(child_stack=0x75b808360000, flags=CLONE_VM|CLONE_FS|CLONE_FILES|CLONE_SIGHAND|CLONE_THREAD|CLONE_SYSVSEM) = 9260
9255  clone(child_stack=0x75b808398000, flags=CLONE_VM|CLONE_FS|CLONE_FILES|CLONE_SIGHAND|CLONE_THREAD|CLONE_SYSVSEM) = 9261
9256  clone(child_stack=0x6a0339df6000, flags=CLONE_VM|CLONE_FS|CLONE_FILES|CLONE_SIGHAND|CLONE_THREAD|CLONE_SYSVSEM <unfinished ...>
9255  clone(child_stack=0x75b808394000, flags=CLONE_VM|CLONE_FS|CLONE_FILES|CLONE_SIGHAND|CLONE_THREAD|CLONE_SYSVSEM <unfinished ...>
9256  <... clone resumed>)              = 9262
9255  <... clone resumed>)              = 9263
9255  clone(child_stack=0x75b8083bc000, flags=CLONE_VM|CLONE_FS|CLONE_FILES|CLONE_SIGHAND|CLONE_THREAD|CLONE_SYSVSEM) = 9264
9198  tgkill(9197, 9201, SIGURG)        = 0
9261  clone(child_stack=0x75b8083b8000, flags=CLONE_VM|CLONE_FS|CLONE_FILES|CLONE_SIGHAND|CLONE_THREAD|CLONE_SYSVSEM <unfinished ...>
9201  --- SIGURG {si_signo=SIGURG, si_code=SI_TKILL, si_pid=9197, si_uid=1001} ---
9261  <... clone resumed>)              = 9265
9254  exit_group(0)                     = ?
9253  +++ exited with 0 +++
9252  +++ exited with 0 +++
9248  +++ exited with 0 +++
9254  +++ exited with 0 +++
9240  +++ exited with 0 +++
9204  <... waitid resumed>{si_signo=SIGCHLD, si_code=CLD_EXITED, si_pid=9240, si_uid=1001, si_status=0, si_utime=0, si_stime=0}, WEXITED, {ru_utime={tv_sec=0, tv_usec=8759}, ru_stime={tv_sec=0, tv_usec=7166}, ...}) = 0
9198  --- SIGCHLD {si_signo=SIGCHLD, si_code=CLD_EXITED, si_pid=9240, si_uid=1001, si_status=0, si_utime=1 /* 0.01 s */, si_stime=0} ---
9260  clone(child_stack=0x75b80846c000, flags=CLONE_VM|CLONE_FS|CLONE_FILES|CLONE_SIGHAND|CLONE_THREAD|CLONE_SYSVSEM) = 9266
9256  tgkill(9245, 9262, SIGURG)        = 0
9262  --- SIGURG {si_signo=SIGURG, si_code=SI_TKILL, si_pid=9245, si_uid=1001} ---
9198  tgkill(9197, 9197, SIGURG)        = 0
9197  --- SIGURG {si_signo=SIGURG, si_code=SI_TKILL, si_pid=9197, si_uid=1001} ---
9202  clone(child_stack=NULL, flags=CLONE_VM|CLONE_PIDFD|CLONE_VFORK|SIGCHLD <unfinished ...>
9258  exit_group(0)                     = ?
9259  +++ exited with 0 +++
9257  +++ exited with 0 +++
9256  +++ exited with 0 +++
9258  +++ exited with 0 +++
9262  +++ exited with 0 +++
9245  +++ exited with 0 +++
9199  <... waitid resumed>{si_signo=SIGCHLD, si_code=CLD_EXITED, si_pid=9245, si_uid=1001, si_status=0, si_utime=0, si_stime=0}, WEXITED, {ru_utime={tv_sec=0, tv_usec=20839}, ru_stime={tv_sec=0, tv_usec=6251}, ...}) = 0
9204  --- SIGCHLD {si_signo=SIGCHLD, si_code=CLD_EXITED, si_pid=9245, si_uid=1001, si_status=0, si_utime=2 /* 0.02 s */, si_stime=0} ---
9260  tgkill(9255, 9266, SIGURG <unfinished ...>
9266  --- SIGURG {si_signo=SIGURG, si_code=SI_TKILL, si_pid=9255, si_uid=1001} ---
9260  <... tgkill resumed>)             = 0
9200  clone(child_stack=NULL, flags=CLONE_VM|CLONE_PIDFD|CLONE_VFORK|SIGCHLD <unfinished ...>
9204  clone(child_stack=NULL, flags=CLONE_VM|CLONE_PIDFD|CLONE_VFORK|SIGCHLD <unfinished ...>
9267  execve("/opt/hostedtoolcache/go/1.27.0/arm64/pkg/tool/linux_arm64/compile", ["/opt/hostedtoolcache/go/1.27.0/a"..., "-o", "/tmp/go-build1496978431/b016/_pk"..., "-trimpath", "/tmp/go-build1496978431/b016=>", "-p", "internal/goexperiment", "-lang=go1.27", "-std", "-complete", "-buildid", "ditnq-oacrxe1kRNA4co/ditnq-oacrx"..., "-goversion", "go1.27.0", "-c=4", "-nolocalimports", "-importcfg", "/tmp/go-build1496978431/b016/imp"..., "-pack", "/opt/hostedtoolcache/go/1.27.0/a"..., "/opt/hostedtoolcache/go/1.27.0/a"..., "/opt/hostedtoolcache/go/1.27.0/a"..., "/opt/hostedtoolcache/go/1.27.0/a"..., "/opt/hostedtoolcache/go/1.27.0/a"..., "/opt/hostedtoolcache/go/1.27.0/a"..., "/opt/hostedtoolcache/go/1.27.0/a"..., "/opt/hostedtoolcache/go/1.27.0/a"..., "/opt/hostedtoolcache/go/1.27.0/a"..., "/opt/hostedtoolcache/go/1.27.0/a"..., "/opt/hostedtoolcache/go/1.27.0/a"..., "/opt/hostedtoolcache/go/1.27.0/a"..., "/opt/hostedtoolcache/go/1.27.0/a"..., ...], 0x115fd7d86008 /* 140 vars */ <unfinished ...>
9202  <... clone resumed>, parent_tid=[15]) = 9267
9267  <... execve resumed>)             = 0
9268  execve("/opt/hostedtoolcache/go/1.27.0/arm64/pkg/tool/linux_arm64/compile", ["/opt/hostedtoolcache/go/1.27.0/a"..., "-o", "/tmp/go-build1496978431/b017/_pk"..., "-trimpath", "/tmp/go-build1496978431/b017=>", "-p", "internal/goos", "-lang=go1.27", "-std", "-complete", "-buildid", "dcJxc7frSRM0mDc23OE5/dcJxc7frSRM"..., "-goversion", "go1.27.0", "-c=4", "-nolocalimports", "-importcfg", "/tmp/go-build1496978431/b017/imp"..., "-pack", "/opt/hostedtoolcache/go/1.27.0/a"..., "/opt/hostedtoolcache/go/1.27.0/a"..., "/opt/hostedtoolcache/go/1.27.0/a"...], 0x115fd7cdad88 /* 140 vars */ <unfinished ...>
9200  <... clone resumed>, parent_tid=[23]) = 9268
9268  <... execve resumed>)             = 0
9269  execve("/opt/hostedtoolcache/go/1.27.0/arm64/pkg/tool/linux_arm64/asm", ["/opt/hostedtoolcache/go/1.27.0/a"..., "-p", "internal/cpu", "-trimpath", "/tmp/go-build1496978431/b011=>", "-I", "/tmp/go-build1496978431/b011/", "-I", "/opt/hostedtoolcache/go/1.27.0/a"..., "-D", "GOOS_linux", "-D", "GOARCH_arm64", "-std", "-o", "/tmp/go-build1496978431/b011/cpu"..., "/opt/hostedtoolcache/go/1.27.0/a"...], 0x115fd8060008 /* 140 vars */ <unfinished ...>
9204  <... clone resumed>, parent_tid=[26]) = 9269
9269  <... execve resumed>)             = 0
9198  tgkill(9197, 9202, SIGURG)        = 0
9197  waitid(P_PIDFD, 15,  <unfinished ...>
9204  waitid(P_PIDFD, 26,  <unfinished ...>
9202  --- SIGURG {si_signo=SIGURG, si_code=SI_TKILL, si_pid=9197, si_uid=1001} ---
9200  waitid(P_PIDFD, 23,  <unfinished ...>
9268  clone(child_stack=0x1db72e158000, flags=CLONE_VM|CLONE_FS|CLONE_FILES|CLONE_SIGHAND|CLONE_THREAD|CLONE_SYSVSEM <unfinished ...>
9267  clone(child_stack=0x4da279f9c000, flags=CLONE_VM|CLONE_FS|CLONE_FILES|CLONE_SIGHAND|CLONE_THREAD|CLONE_SYSVSEM <unfinished ...>
9268  <... clone resumed>)              = 9270
9267  <... clone resumed>)              = 9271
9268  clone(child_stack=0x1db72e190000, flags=CLONE_VM|CLONE_FS|CLONE_FILES|CLONE_SIGHAND|CLONE_THREAD|CLONE_SYSVSEM) = 9272
9269  clone(child_stack=0x2e4ceda26000, flags=CLONE_VM|CLONE_FS|CLONE_FILES|CLONE_SIGHAND|CLONE_THREAD|CLONE_SYSVSEM) = 9273
9267  clone(child_stack=0x4da279fd4000, flags=CLONE_VM|CLONE_FS|CLONE_FILES|CLONE_SIGHAND|CLONE_THREAD|CLONE_SYSVSEM <unfinished ...>
9268  clone(child_stack=0x1db72e18c000, flags=CLONE_VM|CLONE_FS|CLONE_FILES|CLONE_SIGHAND|CLONE_THREAD|CLONE_SYSVSEM) = 9275
9267  <... clone resumed>)              = 9274
9271  tgkill(9267, 9267, SIGURG)        = 0
9267  --- SIGURG {si_signo=SIGURG, si_code=SI_TKILL, si_pid=9267, si_uid=1001} ---
9269  clone(child_stack=0x2e4ceda5e000, flags=CLONE_VM|CLONE_FS|CLONE_FILES|CLONE_SIGHAND|CLONE_THREAD|CLONE_SYSVSEM) = 9276
9267  clone(child_stack=0x4da279fd0000, flags=CLONE_VM|CLONE_FS|CLONE_FILES|CLONE_SIGHAND|CLONE_THREAD|CLONE_SYSVSEM <unfinished ...>
9269  clone(child_stack=0x2e4ceda5a000, flags=CLONE_VM|CLONE_FS|CLONE_FILES|CLONE_SIGHAND|CLONE_THREAD|CLONE_SYSVSEM) = 9278
9267  <... clone resumed>)              = 9277
9272  clone(child_stack=0x1db72e218000, flags=CLONE_VM|CLONE_FS|CLONE_FILES|CLONE_SIGHAND|CLONE_THREAD|CLONE_SYSVSEM <unfinished ...>
9273  tgkill(9269, 9278, SIGURG)        = 0
9278  --- SIGURG {si_signo=SIGURG, si_code=SI_TKILL, si_pid=9269, si_uid=1001} ---
9272  <... clone resumed>)              = 9279
9276  clone(child_stack=0x2e4ceda98000, flags=CLONE_VM|CLONE_FS|CLONE_FILES|CLONE_SIGHAND|CLONE_THREAD|CLONE_SYSVSEM) = 9280
9274  clone(child_stack=0x4da27a018000, flags=CLONE_VM|CLONE_FS|CLONE_FILES|CLONE_SIGHAND|CLONE_THREAD|CLONE_SYSVSEM) = 9281
9281  clone(child_stack=0x4da27a014000, flags=CLONE_VM|CLONE_FS|CLONE_FILES|CLONE_SIGHAND|CLONE_THREAD|CLONE_SYSVSEM) = 9282
9269  exit_group(0)                     = ?
9278  +++ exited with 0 +++
9276  +++ exited with 0 +++
9280  +++ exited with 0 +++
9273  +++ exited with 0 +++
9269  +++ exited with 0 +++
9204  <... waitid resumed>{si_signo=SIGCHLD, si_code=CLD_EXITED, si_pid=9269, si_uid=1001, si_status=0, si_utime=0, si_stime=0}, WEXITED, {ru_utime={tv_sec=0, tv_usec=0}, ru_stime={tv_sec=0, tv_usec=5615}, ...}) = 0
9199  --- SIGCHLD {si_signo=SIGCHLD, si_code=CLD_EXITED, si_pid=9269, si_uid=1001, si_status=0, si_utime=0, si_stime=0} ---
9260  tgkill(9255, 9266, SIGURG)        = 0
9266  --- SIGURG {si_signo=SIGURG, si_code=SI_TKILL, si_pid=9255, si_uid=1001} ---
9199  clone(child_stack=NULL, flags=CLONE_VM|CLONE_PIDFD|CLONE_VFORK|SIGCHLD <unfinished ...>
9203  tgkill(9197, 9199, SIGURG)        = 0
9201  tgkill(9197, 9203, SIGURG)        = 0
9203  --- SIGURG {si_signo=SIGURG, si_code=SI_TKILL, si_pid=9197, si_uid=1001} ---
9275  exit_group(0)                     = ?
9279  +++ exited with 0 +++
9275  +++ exited with 0 +++
9270  +++ exited with 0 +++
9283  execve("/opt/hostedtoolcache/go/1.27.0/arm64/pkg/tool/linux_arm64/asm", ["/opt/hostedtoolcache/go/1.27.0/a"..., "-p", "internal/cpu", "-trimpath", "/tmp/go-build1496978431/b011=>", "-I", "/tmp/go-build1496978431/b011/", "-I", "/opt/hostedtoolcache/go/1.27.0/a"..., "-D", "GOOS_linux", "-D", "GOARCH_arm64", "-std", "-o", "/tmp/go-build1496978431/b011/cpu"..., "/opt/hostedtoolcache/go/1.27.0/a"...], 0x115fd7d87688 /* 140 vars */ <unfinished ...>
9199  <... clone resumed>, parent_tid=[16]) = 9283
9272  +++ exited with 0 +++
9268  +++ exited with 0 +++
9283  <... execve resumed>)             = 0
9204  --- SIGCHLD {si_signo=SIGCHLD, si_code=CLD_EXITED, si_pid=9268, si_uid=1001, si_status=0, si_utime=0, si_stime=0} ---
9200  <... waitid resumed>{si_signo=SIGCHLD, si_code=CLD_EXITED, si_pid=9268, si_uid=1001, si_status=0, si_utime=0, si_stime=0}, WEXITED, {ru_utime={tv_sec=0, tv_usec=4629}, ru_stime={tv_sec=0, tv_usec=6481}, ...}) = 0
9199  --- SIGURG {si_signo=SIGURG, si_code=SI_TKILL, si_pid=9197, si_uid=1001} ---
9199  waitid(P_PIDFD, 16,  <unfinished ...>
9203  tgkill(9197, 9204, SIGURG)        = 0
9204  --- SIGURG {si_signo=SIGURG, si_code=SI_TKILL, si_pid=9197, si_uid=1001} ---
9277  exit_group(0)                     = ?
9282  +++ exited with 0 +++
9277  +++ exited with 0 +++
9271  +++ exited with 0 +++
9281  +++ exited with 0 +++
9274  +++ exited with 0 +++
9267  +++ exited with 0 +++
9197  <... waitid resumed>{si_signo=SIGCHLD, si_code=CLD_EXITED, si_pid=9267, si_uid=1001, si_status=0, si_utime=0, si_stime=0}, WEXITED, {ru_utime={tv_sec=0, tv_usec=6383}, ru_stime={tv_sec=0, tv_usec=7447}, ...}) = 0
9202  --- SIGCHLD {si_signo=SIGCHLD, si_code=CLD_EXITED, si_pid=9267, si_uid=1001, si_status=0, si_utime=0, si_stime=0} ---
9204  clone(child_stack=NULL, flags=CLONE_VM|CLONE_PIDFD|CLONE_VFORK|SIGCHLD <unfinished ...>
9283  clone(child_stack=0x6f6e2bf56000, flags=CLONE_VM|CLONE_FS|CLONE_FILES|CLONE_SIGHAND|CLONE_THREAD|CLONE_SYSVSEM) = 9285
9283  clone(child_stack=0x6f6e2bf90000, flags=CLONE_VM|CLONE_FS|CLONE_FILES|CLONE_SIGHAND|CLONE_THREAD|CLONE_SYSVSEM) = 9286
9283  clone(child_stack=0x6f6e2bf8c000, flags=CLONE_VM|CLONE_FS|CLONE_FILES|CLONE_SIGHAND|CLONE_THREAD|CLONE_SYSVSEM) = 9287
9283  clone(child_stack=0x6f6e2bfb2000, flags=CLONE_VM|CLONE_FS|CLONE_FILES|CLONE_SIGHAND|CLONE_THREAD|CLONE_SYSVSEM) = 9288
9286  clone(child_stack=0x6f6e2bfae000, flags=CLONE_VM|CLONE_FS|CLONE_FILES|CLONE_SIGHAND|CLONE_THREAD|CLONE_SYSVSEM) = 9289
9284  execve("/opt/hostedtoolcache/go/1.27.0/arm64/pkg/tool/linux_arm64/compile", ["/opt/hostedtoolcache/go/1.27.0/a"..., "-o", "/tmp/go-build1496978431/b018/_pk"..., "-trimpath", "/tmp/go-build1496978431/b018=>", "-p", "internal/profilerecord", "-lang=go1.27", "-std", "-complete", "-buildid", "48AYbUNoxCjXOqTOk5OK/48AYbUNoxCj"..., "-goversion", "go1.27.0", "-c=4", "-nolocalimports", "-importcfg", "/tmp/go-build1496978431/b018/imp"..., "-pack", "/opt/hostedtoolcache/go/1.27.0/a"...], 0x115fd7d86008 /* 140 vars */) = 0
9204  <... clone resumed>, parent_tid=[15]) = 9284
9204  waitid(P_PIDFD, 15,  <unfinished ...>
9260  tgkill(9255, 9266, SIGURG <unfinished ...>
9266  --- SIGURG {si_signo=SIGURG, si_code=SI_TKILL, si_pid=9255, si_uid=1001} ---
9260  <... tgkill resumed>)             = 0
9283  exit_group(0)                     = ?
9286  +++ exited with 0 +++
9289  +++ exited with 0 +++
9285  +++ exited with 0 +++
9288  +++ exited with 0 +++
9287  +++ exited with 0 +++
9283  +++ exited with 0 +++
9199  <... waitid resumed>{si_signo=SIGCHLD, si_code=CLD_EXITED, si_pid=9283, si_uid=1001, si_status=0, si_utime=0, si_stime=0}, WEXITED, {ru_utime={tv_sec=0, tv_usec=0}, ru_stime={tv_sec=0, tv_usec=6457}, ...}) = 0
9197  --- SIGCHLD {si_signo=SIGCHLD, si_code=CLD_EXITED, si_pid=9283, si_uid=1001, si_status=0, si_utime=0, si_stime=0} ---
9200  clone(child_stack=NULL, flags=CLONE_VM|CLONE_PIDFD|CLONE_VFORK|SIGCHLD <unfinished ...>
9284  clone(child_stack=0x52eb55412000, flags=CLONE_VM|CLONE_FS|CLONE_FILES|CLONE_SIGHAND|CLONE_THREAD|CLONE_SYSVSEM) = 9291
9284  clone(child_stack=0x52eb5544a000, flags=CLONE_VM|CLONE_FS|CLONE_FILES|CLONE_SIGHAND|CLONE_THREAD|CLONE_SYSVSEM) = 9292
9291  tgkill(9284, 9284, SIGURG <unfinished ...>
9284  clone(child_stack=0x52eb55446000, flags=CLONE_VM|CLONE_FS|CLONE_FILES|CLONE_SIGHAND|CLONE_THREAD|CLONE_SYSVSEM <unfinished ...>
9291  <... tgkill resumed>)             = 0
9284  <... clone resumed>)              = 9293
9284  --- SIGURG {si_signo=SIGURG, si_code=SI_TKILL, si_pid=9284, si_uid=1001} ---
9290  execve("/opt/hostedtoolcache/go/1.27.0/arm64/pkg/tool/linux_arm64/asm", ["/opt/hostedtoolcache/go/1.27.0/a"..., "-p", "internal/runtime/syscall/linux", "-trimpath", "/tmp/go-build1496978431/b021=>", "-I", "/tmp/go-build1496978431/b021/", "-I", "/opt/hostedtoolcache/go/1.27.0/a"..., "-D", "GOOS_linux", "-D", "GOARCH_arm64", "-std", "-gensymabis", "-o", "/tmp/go-build1496978431/b021/sym"..., "/opt/hostedtoolcache/go/1.27.0/a"...], 0x115fd7cdad88 /* 140 vars */ <unfinished ...>
9200  <... clone resumed>, parent_tid=[8]) = 9290
9292  clone(child_stack=0x52eb55498000, flags=CLONE_VM|CLONE_FS|CLONE_FILES|CLONE_SIGHAND|CLONE_THREAD|CLONE_SYSVSEM <unfinished ...>
9290  <... execve resumed>)             = 0
9292  <... clone resumed>)              = 9294
9200  waitid(P_PIDFD, 8,  <unfinished ...>
9284  exit_group(0)                     = ?
9291  +++ exited with 0 +++
9292  +++ exited with 0 +++
9293  +++ exited with 0 +++
9294  +++ exited with 0 +++
9284  +++ exited with 0 +++
9197  --- SIGCHLD {si_signo=SIGCHLD, si_code=CLD_EXITED, si_pid=9284, si_uid=1001, si_status=0, si_utime=0, si_stime=0} ---
9204  <... waitid resumed>{si_signo=SIGCHLD, si_code=CLD_EXITED, si_pid=9284, si_uid=1001, si_status=0, si_utime=0, si_stime=0}, WEXITED, {ru_utime={tv_sec=0, tv_usec=5726}, ru_stime={tv_sec=0, tv_usec=5726}, ...}) = 0
9198  tgkill(9197, 9204, SIGURG)        = 0
9204  --- SIGURG {si_signo=SIGURG, si_code=SI_TKILL, si_pid=9197, si_uid=1001} ---
9201  tgkill(9197, 9197, SIGURG)        = 0
9197  --- SIGURG {si_signo=SIGURG, si_code=SI_TKILL, si_pid=9197, si_uid=1001} ---
9201  tgkill(9197, 9204, SIGURG)        = 0
9204  --- SIGURG {si_signo=SIGURG, si_code=SI_TKILL, si_pid=9197, si_uid=1001} ---
9260  tgkill(9255, 9255, SIGURG)        = 0
9255  --- SIGURG {si_signo=SIGURG, si_code=SI_TKILL, si_pid=9255, si_uid=1001} ---
9260  tgkill(9255, 9266, SIGURG)        = 0
9266  --- SIGURG {si_signo=SIGURG, si_code=SI_TKILL, si_pid=9255, si_uid=1001} ---
9260  tgkill(9255, 9261, SIGURG)        = 0
9261  --- SIGURG {si_signo=SIGURG, si_code=SI_TKILL, si_pid=9255, si_uid=1001} ---
9260  tgkill(9255, 9265, SIGURG)        = 0
9265  --- SIGURG {si_signo=SIGURG, si_code=SI_TKILL, si_pid=9255, si_uid=1001} ---
9290  clone(child_stack=0x6f33b4d60000, flags=CLONE_VM|CLONE_FS|CLONE_FILES|CLONE_SIGHAND|CLONE_THREAD|CLONE_SYSVSEM) = 9295
9290  clone(child_stack=0x6f33b4d98000, flags=CLONE_VM|CLONE_FS|CLONE_FILES|CLONE_SIGHAND|CLONE_THREAD|CLONE_SYSVSEM) = 9296
9290  clone(child_stack=0x6f33b4d94000, flags=CLONE_VM|CLONE_FS|CLONE_FILES|CLONE_SIGHAND|CLONE_THREAD|CLONE_SYSVSEM) = 9297
9296  clone(child_stack=0x6f33b4e18000, flags=CLONE_VM|CLONE_FS|CLONE_FILES|CLONE_SIGHAND|CLONE_THREAD|CLONE_SYSVSEM) = 9298
9290  exit_group(0)                     = ?
9297  +++ exited with 0 +++
9298  +++ exited with 0 +++
9296  +++ exited with 0 +++
9295  +++ exited with 0 +++
9290  +++ exited with 0 +++
9199  --- SIGCHLD {si_signo=SIGCHLD, si_code=CLD_EXITED, si_pid=9290, si_uid=1001, si_status=0, si_utime=0, si_stime=0} ---
9200  <... waitid resumed>{si_signo=SIGCHLD, si_code=CLD_EXITED, si_pid=9290, si_uid=1001, si_status=0, si_utime=0, si_stime=0}, WEXITED, {ru_utime={tv_sec=0, tv_usec=2588}, ru_stime={tv_sec=0, tv_usec=3451}, ...}) = 0
9201  clone(child_stack=NULL, flags=CLONE_VM|CLONE_PIDFD|CLONE_VFORK|SIGCHLD <unfinished ...>
9198  tgkill(9197, 9201, SIGURG)        = 0
9200  clone(child_stack=NULL, flags=CLONE_VM|CLONE_PIDFD|CLONE_VFORK|SIGCHLD <unfinished ...>
9202  clone(child_stack=NULL, flags=CLONE_VM|CLONE_PIDFD|CLONE_VFORK|SIGCHLD <unfinished ...>
9300  execve("/opt/hostedtoolcache/go/1.27.0/arm64/pkg/tool/linux_arm64/compile", ["/opt/hostedtoolcache/go/1.27.0/a"..., "-o", "/tmp/go-build1496978431/b021/_pk"..., "-trimpath", "/tmp/go-build1496978431/b021=>", "-p", "internal/runtime/syscall/linux", "-lang=go1.27", "-std", "-buildid", "xWP8wMAnQbt9WPQ_vqr8/xWP8wMAnQbt"..., "-goversion", "go1.27.0", "-symabis", "/tmp/go-build1496978431/b021/sym"..., "-c=4", "-nolocalimports", "-importcfg", "/tmp/go-build1496978431/b021/imp"..., "-pack", "-asmhdr", "/tmp/go-build1496978431/b021/go_"..., "/opt/hostedtoolcache/go/1.27.0/a"..., "/opt/hostedtoolcache/go/1.27.0/a"..., "/opt/hostedtoolcache/go/1.27.0/a"...], 0x115fd7cdad88 /* 140 vars */ <unfinished ...>
9200  <... clone resumed>, parent_tid=[25]) = 9300
9300  <... execve resumed>)             = 0
9299  execve("/opt/hostedtoolcache/go/1.27.0/arm64/pkg/tool/linux_arm64/asm", ["/opt/hostedtoolcache/go/1.27.0/a"..., "-p", "internal/bytealg", "-trimpath", "/tmp/go-build1496978431/b010=>", "-I", "/tmp/go-build1496978431/b010/", "-I", "/opt/hostedtoolcache/go/1.27.0/a"..., "-D", "GOOS_linux", "-D", "GOARCH_arm64", "-std", "-gensymabis", "-o", "/tmp/go-build1496978431/b010/sym"..., "/opt/hostedtoolcache/go/1.27.0/a"..., "/opt/hostedtoolcache/go/1.27.0/a"..., "/opt/hostedtoolcache/go/1.27.0/a"..., "/opt/hostedtoolcache/go/1.27.0/a"..., "/opt/hostedtoolcache/go/1.27.0/a"...], 0x115fd7d86008 /* 140 vars */ <unfinished ...>
9201  <... clone resumed>, parent_tid=[15]) = 9299
9299  <... execve resumed>)             = 0
9201  --- SIGURG {si_signo=SIGURG, si_code=SI_TKILL, si_pid=9197, si_uid=1001} ---
9300  clone(child_stack=0x256518f6c000, flags=CLONE_VM|CLONE_FS|CLONE_FILES|CLONE_SIGHAND|CLONE_THREAD|CLONE_SYSVSEM) = 9302
9300  clone(child_stack=0x256518fa4000, flags=CLONE_VM|CLONE_FS|CLONE_FILES|CLONE_SIGHAND|CLONE_THREAD|CLONE_SYSVSEM) = 9303
9300  clone(child_stack=0x256518fa0000, flags=CLONE_VM|CLONE_FS|CLONE_FILES|CLONE_SIGHAND|CLONE_THREAD|CLONE_SYSVSEM) = 9304
9300  clone(child_stack=0x256518fc8000, flags=CLONE_VM|CLONE_FS|CLONE_FILES|CLONE_SIGHAND|CLONE_THREAD|CLONE_SYSVSEM) = 9305
9301  execve("/opt/hostedtoolcache/go/1.27.0/arm64/pkg/tool/linux_arm64/asm", ["/opt/hostedtoolcache/go/1.27.0/a"..., "-p", "internal/chacha8rand", "-trimpath", "/tmp/go-build1496978431/b013=>", "-I", "/tmp/go-build1496978431/b013/", "-I", "/opt/hostedtoolcache/go/1.27.0/a"..., "-D", "GOOS_linux", "-D", "GOARCH_arm64", "-std", "-gensymabis", "-o", "/tmp/go-build1496978431/b013/sym"..., "/opt/hostedtoolcache/go/1.27.0/a"...], 0x115fd8060008 /* 140 vars */ <unfinished ...>
9202  <... clone resumed>, parent_tid=[26]) = 9301
9301  <... execve resumed>)             = 0
9201  waitid(P_PIDFD, 15,  <unfinished ...>
9200  waitid(P_PIDFD, 25,  <unfinished ...>
9202  waitid(P_PIDFD, 26,  <unfinished ...>
9299  clone(child_stack=0x6b40129ae000, flags=CLONE_VM|CLONE_FS|CLONE_FILES|CLONE_SIGHAND|CLONE_THREAD|CLONE_SYSVSEM) = 9306
9299  clone(child_stack=0x6b40129e6000, flags=CLONE_VM|CLONE_FS|CLONE_FILES|CLONE_SIGHAND|CLONE_THREAD|CLONE_SYSVSEM) = 9307
9299  clone(child_stack=0x6b40129e2000, flags=CLONE_VM|CLONE_FS|CLONE_FILES|CLONE_SIGHAND|CLONE_THREAD|CLONE_SYSVSEM) = 9308
9299  clone(child_stack=0x6b4012a10000, flags=CLONE_VM|CLONE_FS|CLONE_FILES|CLONE_SIGHAND|CLONE_THREAD|CLONE_SYSVSEM <unfinished ...>
9260  tgkill(9255, 9265, SIGURG)        = 0
9299  <... clone resumed>)              = 9309
9308  clone(child_stack=0x6b4012a0c000, flags=CLONE_VM|CLONE_FS|CLONE_FILES|CLONE_SIGHAND|CLONE_THREAD|CLONE_SYSVSEM <unfinished ...>
9265  --- SIGURG {si_signo=SIGURG, si_code=SI_TKILL, si_pid=9255, si_uid=1001} ---
9308  <... clone resumed>)              = 9310
9301  clone(child_stack=0x6f0e18596000, flags=CLONE_VM|CLONE_FS|CLONE_FILES|CLONE_SIGHAND|CLONE_THREAD|CLONE_SYSVSEM) = 9311
9301  clone(child_stack=0x6f0e185ce000, flags=CLONE_VM|CLONE_FS|CLONE_FILES|CLONE_SIGHAND|CLONE_THREAD|CLONE_SYSVSEM) = 9312
9301  clone(child_stack=0x6f0e185ca000, flags=CLONE_VM|CLONE_FS|CLONE_FILES|CLONE_SIGHAND|CLONE_THREAD|CLONE_SYSVSEM) = 9313
9312  clone(child_stack=0x6f0e18618000, flags=CLONE_VM|CLONE_FS|CLONE_FILES|CLONE_SIGHAND|CLONE_THREAD|CLONE_SYSVSEM) = 9314
9301  exit_group(0)                     = ?
9311  +++ exited with 0 +++
9314  +++ exited with 0 +++
9313  +++ exited with 0 +++
9312  +++ exited with 0 +++
9301  +++ exited with 0 +++
9202  <... waitid resumed>{si_signo=SIGCHLD, si_code=CLD_EXITED, si_pid=9301, si_uid=1001, si_status=0, si_utime=0, si_stime=0}, WEXITED, {ru_utime={tv_sec=0, tv_usec=0}, ru_stime={tv_sec=0, tv_usec=5716}, ...}) = 0
9199  --- SIGCHLD {si_signo=SIGCHLD, si_code=CLD_EXITED, si_pid=9301, si_uid=1001, si_status=0, si_utime=0, si_stime=0} ---
9198  tgkill(9197, 9199, SIGURG)        = 0
9199  --- SIGURG {si_signo=SIGURG, si_code=SI_TKILL, si_pid=9197, si_uid=1001} ---
9202  clone(child_stack=NULL, flags=CLONE_VM|CLONE_PIDFD|CLONE_VFORK|SIGCHLD <unfinished ...>
9299  exit_group(0)                     = ?
9309  +++ exited with 0 +++
9307  +++ exited with 0 +++
9310  +++ exited with 0 +++
9306  +++ exited with 0 +++
9308  +++ exited with 0 +++
9299  +++ exited with 0 +++
9197  --- SIGCHLD {si_signo=SIGCHLD, si_code=CLD_EXITED, si_pid=9299, si_uid=1001, si_status=0, si_utime=0, si_stime=0} ---
9201  <... waitid resumed>{si_signo=SIGCHLD, si_code=CLD_EXITED, si_pid=9299, si_uid=1001, si_status=0, si_utime=0, si_stime=0}, WEXITED, {ru_utime={tv_sec=0, tv_usec=2282}, ru_stime={tv_sec=0, tv_usec=6847}, ...}) = 0
9315  execve("/opt/hostedtoolcache/go/1.27.0/arm64/pkg/tool/linux_arm64/compile", ["/opt/hostedtoolcache/go/1.27.0/a"..., "-o", "/tmp/go-build1496978431/b013/_pk"..., "-trimpath", "/tmp/go-build1496978431/b013=>", "-p", "internal/chacha8rand", "-lang=go1.27", "-std", "-buildid", "C2rz4QeNLPvtyrrU3exc/C2rz4QeNLPv"..., "-goversion", "go1.27.0", "-symabis", "/tmp/go-build1496978431/b013/sym"..., "-c=4", "-nolocalimports", "-importcfg", "/tmp/go-build1496978431/b013/imp"..., "-pack", "-asmhdr", "/tmp/go-build1496978431/b013/go_"..., "/opt/hostedtoolcache/go/1.27.0/a"..., "/opt/hostedtoolcache/go/1.27.0/a"...], 0x115fd7eead88 /* 140 vars */ <unfinished ...>
9202  <... clone resumed>, parent_tid=[14]) = 9315
9315  <... execve resumed>)             = 0
9202  waitid(P_PIDFD, 14,  <unfinished ...>
9303  exit_group(0)                     = ?
9305  +++ exited with 0 +++
9304  +++ exited with 0 +++
9303  +++ exited with 0 +++
9302  +++ exited with 0 +++
9197  clone(child_stack=NULL, flags=CLONE_VM|CLONE_PIDFD|CLONE_VFORK|SIGCHLD <unfinished ...>
9300  +++ exited with 0 +++
9200  <... waitid resumed>{si_signo=SIGCHLD, si_code=CLD_EXITED, si_pid=9300, si_uid=1001, si_status=0, si_utime=0, si_stime=0}, WEXITED, {ru_utime={tv_sec=0, tv_usec=13553}, ru_stime={tv_sec=0, tv_usec=4170}, ...}) = 0
9201  --- SIGCHLD {si_signo=SIGCHLD, si_code=CLD_EXITED, si_pid=9300, si_uid=1001, si_status=0, si_utime=1 /* 0.01 s */, si_stime=0} ---
9260  tgkill(9255, 9255, SIGURG)        = 0
9255  --- SIGURG {si_signo=SIGURG, si_code=SI_TKILL, si_pid=9255, si_uid=1001} ---
9201  clone(child_stack=NULL, flags=CLONE_VM|CLONE_PIDFD|CLONE_VFORK|SIGCHLD <unfinished ...>
9316  execve("/opt/hostedtoolcache/go/1.27.0/arm64/pkg/tool/linux_arm64/compile", ["/opt/hostedtoolcache/go/1.27.0/a"..., "-o", "/tmp/go-build1496978431/b010/_pk"..., "-trimpath", "/tmp/go-build1496978431/b010=>", "-p", "internal/bytealg", "-lang=go1.27", "-std", "-buildid", "U6BM55AOtxu179LXuNlF/U6BM55AOtxu"..., "-goversion", "go1.27.0", "-symabis", "/tmp/go-build1496978431/b010/sym"..., "-c=4", "-nolocalimports", "-importcfg", "/tmp/go-build1496978431/b010/imp"..., "-pack", "-asmhdr", "/tmp/go-build1496978431/b010/go_"..., "/opt/hostedtoolcache/go/1.27.0/a"..., "/opt/hostedtoolcache/go/1.27.0/a"..., "/opt/hostedtoolcache/go/1.27.0/a"..., "/opt/hostedtoolcache/go/1.27.0/a"..., "/opt/hostedtoolcache/go/1.27.0/a"..., "/opt/hostedtoolcache/go/1.27.0/a"..., "/opt/hostedtoolcache/go/1.27.0/a"..., "/opt/hostedtoolcache/go/1.27.0/a"..., "/opt/hostedtoolcache/go/1.27.0/a"...], 0x115fd8060488 /* 140 vars */ <unfinished ...>
9197  <... clone resumed>, parent_tid=[15]) = 9316
9316  <... execve resumed>)             = 0
9317  execve("/opt/hostedtoolcache/go/1.27.0/arm64/pkg/tool/linux_arm64/asm", ["/opt/hostedtoolcache/go/1.27.0/a"..., "-p", "internal/runtime/syscall/linux", "-trimpath", "/tmp/go-build1496978431/b021=>", "-I", "/tmp/go-build1496978431/b021/", "-I", "/opt/hostedtoolcache/go/1.27.0/a"..., "-D", "GOOS_linux", "-D", "GOARCH_arm64", "-std", "-o", "/tmp/go-build1496978431/b021/asm"..., "/opt/hostedtoolcache/go/1.27.0/a"...], 0x115fd7cdb208 /* 140 vars */ <unfinished ...>
9201  <... clone resumed>, parent_tid=[22]) = 9317
9317  <... execve resumed>)             = 0
9201  waitid(P_PIDFD, 22,  <unfinished ...>
9197  waitid(P_PIDFD, 15,  <unfinished ...>
9315  clone(child_stack=0x15508bb88000, flags=CLONE_VM|CLONE_FS|CLONE_FILES|CLONE_SIGHAND|CLONE_THREAD|CLONE_SYSVSEM) = 9318
9315  clone(child_stack=0x15508bbc0000, flags=CLONE_VM|CLONE_FS|CLONE_FILES|CLONE_SIGHAND|CLONE_THREAD|CLONE_SYSVSEM) = 9319
9318  tgkill(9315, 9315, SIGURG)        = 0
9315  clone(child_stack=0x15508bbbc000, flags=CLONE_VM|CLONE_FS|CLONE_FILES|CLONE_SIGHAND|CLONE_THREAD|CLONE_SYSVSEM) = 9320
9315  --- SIGURG {si_signo=SIGURG, si_code=SI_TKILL, si_pid=9315, si_uid=1001} ---
9319  clone(child_stack=0x15508bc18000, flags=CLONE_VM|CLONE_FS|CLONE_FILES|CLONE_SIGHAND|CLONE_THREAD|CLONE_SYSVSEM) = 9321
9255  exit_group(0)                     = ?
9260  +++ exited with 0 +++
9261  +++ exited with 0 +++
9266  +++ exited with 0 +++
9265  +++ exited with 0 +++
9264  +++ exited with 0 +++
9316  clone(child_stack=0x5315133d6000, flags=CLONE_VM|CLONE_FS|CLONE_FILES|CLONE_SIGHAND|CLONE_THREAD|CLONE_SYSVSEM) = 9322
9316  clone(child_stack=0x531513410000, flags=CLONE_VM|CLONE_FS|CLONE_FILES|CLONE_SIGHAND|CLONE_THREAD|CLONE_SYSVSEM) = 9323
9322  tgkill(9316, 9316, SIGURG)        = 0
9316  clone(child_stack=0x53151340c000, flags=CLONE_VM|CLONE_FS|CLONE_FILES|CLONE_SIGHAND|CLONE_THREAD|CLONE_SYSVSEM) = 9324
9316  --- SIGURG {si_signo=SIGURG, si_code=SI_TKILL, si_pid=9316, si_uid=1001} ---
9323  clone(child_stack=0x531513430000, flags=CLONE_VM|CLONE_FS|CLONE_FILES|CLONE_SIGHAND|CLONE_THREAD|CLONE_SYSVSEM) = 9325
9316  clone(child_stack=0x53151342c000, flags=CLONE_VM|CLONE_FS|CLONE_FILES|CLONE_SIGHAND|CLONE_THREAD|CLONE_SYSVSEM) = 9326
9263  +++ exited with 0 +++
9255  +++ exited with 0 +++
9205  <... waitid resumed>{si_signo=SIGCHLD, si_code=CLD_EXITED, si_pid=9255, si_uid=1001, si_status=0, si_utime=0, si_stime=0}, WEXITED, {ru_utime={tv_sec=0, tv_usec=149987}, ru_stime={tv_sec=0, tv_usec=30198}, ...}) = 0
9200  --- SIGCHLD {si_signo=SIGCHLD, si_code=CLD_EXITED, si_pid=9255, si_uid=1001, si_status=0, si_utime=14 /* 0.14 s */, si_stime=3 /* 0.03 s */} ---
9200  clone(child_stack=NULL, flags=CLONE_VM|CLONE_PIDFD|CLONE_VFORK|SIGCHLD <unfinished ...>
9317  clone(child_stack=0x57465c946000, flags=CLONE_VM|CLONE_FS|CLONE_FILES|CLONE_SIGHAND|CLONE_THREAD|CLONE_SYSVSEM) = 9328
9317  clone(child_stack=0x57465c97e000, flags=CLONE_VM|CLONE_FS|CLONE_FILES|CLONE_SIGHAND|CLONE_THREAD|CLONE_SYSVSEM) = 9329
9328  tgkill(9317, 9317, SIGURG)        = 0
9317  --- SIGURG {si_signo=SIGURG, si_code=SI_TKILL, si_pid=9317, si_uid=1001} ---
9329  clone(child_stack=0x57465c9a0000, flags=CLONE_VM|CLONE_FS|CLONE_FILES|CLONE_SIGHAND|CLONE_THREAD|CLONE_SYSVSEM <unfinished ...>
9317  clone(child_stack=0x57465c97a000, flags=CLONE_VM|CLONE_FS|CLONE_FILES|CLONE_SIGHAND|CLONE_THREAD|CLONE_SYSVSEM <unfinished ...>
9329  <... clone resumed>)              = 9330
9317  <... clone resumed>)              = 9331
9327  execve("/opt/hostedtoolcache/go/1.27.0/arm64/pkg/tool/linux_arm64/asm", ["/opt/hostedtoolcache/go/1.27.0/a"..., "-p", "internal/abi", "-trimpath", "/tmp/go-build1496978431/b005=>", "-I", "/tmp/go-build1496978431/b005/", "-I", "/opt/hostedtoolcache/go/1.27.0/a"..., "-D", "GOOS_linux", "-D", "GOARCH_arm64", "-std", "-o", "/tmp/go-build1496978431/b005/abi"..., "/opt/hostedtoolcache/go/1.27.0/a"...], 0x115fd7cdbb08 /* 140 vars */ <unfinished ...>
9200  <... clone resumed>, parent_tid=[16]) = 9327
9327  <... execve resumed>)             = 0
9200  waitid(P_PIDFD, 16,  <unfinished ...>
9318  tgkill(9315, 9315, SIGURG)        = 0
9315  --- SIGURG {si_signo=SIGURG, si_code=SI_TKILL, si_pid=9315, si_uid=1001} ---
9317  exit_group(0)                     = ?
9331  +++ exited with 0 +++
9330  +++ exited with 0 +++
9328  +++ exited with 0 +++
9329  +++ exited with 0 +++
9317  +++ exited with 0 +++
9201  <... waitid resumed>{si_signo=SIGCHLD, si_code=CLD_EXITED, si_pid=9317, si_uid=1001, si_status=0, si_utime=0, si_stime=0}, WEXITED, {ru_utime={tv_sec=0, tv_usec=2917}, ru_stime={tv_sec=0, tv_usec=4375}, ...}) = 0
9201  --- SIGCHLD {si_signo=SIGCHLD, si_code=CLD_EXITED, si_pid=9317, si_uid=1001, si_status=0, si_utime=0, si_stime=0} ---
9327  clone(child_stack=0x7f09a5152000, flags=CLONE_VM|CLONE_FS|CLONE_FILES|CLONE_SIGHAND|CLONE_THREAD|CLONE_SYSVSEM) = 9332
9327  clone(child_stack=0x7f09a518a000, flags=CLONE_VM|CLONE_FS|CLONE_FILES|CLONE_SIGHAND|CLONE_THREAD|CLONE_SYSVSEM) = 9333
9327  clone(child_stack=0x7f09a5186000, flags=CLONE_VM|CLONE_FS|CLONE_FILES|CLONE_SIGHAND|CLONE_THREAD|CLONE_SYSVSEM) = 9334
9333  clone(child_stack=0x7f09a5218000, flags=CLONE_VM|CLONE_FS|CLONE_FILES|CLONE_SIGHAND|CLONE_THREAD|CLONE_SYSVSEM <unfinished ...>
9327  clone(child_stack=0x7f09a5214000, flags=CLONE_VM|CLONE_FS|CLONE_FILES|CLONE_SIGHAND|CLONE_THREAD|CLONE_SYSVSEM <unfinished ...>
9333  <... clone resumed>)              = 9335
9327  <... clone resumed>)              = 9336
9322  tgkill(9316, 9326, SIGURG)        = 0
9326  --- SIGURG {si_signo=SIGURG, si_code=SI_TKILL, si_pid=9316, si_uid=1001} ---
9323  exit_group(0)                     = ?
9323  +++ exited with 0 +++
9326  +++ exited with 0 +++
9325  +++ exited with 0 +++
9322  +++ exited with 0 +++
9324  +++ exited with 0 +++
9316  +++ exited with 0 +++
9201  --- SIGCHLD {si_signo=SIGCHLD, si_code=CLD_EXITED, si_pid=9316, si_uid=1001, si_status=0, si_utime=1 /* 0.01 s */, si_stime=0} ---
9197  <... waitid resumed>{si_signo=SIGCHLD, si_code=CLD_EXITED, si_pid=9316, si_uid=1001, si_status=0, si_utime=0, si_stime=0}, WEXITED, {ru_utime={tv_sec=0, tv_usec=14222}, ru_stime={tv_sec=0, tv_usec=5171}, ...}) = 0
9201  clone(child_stack=NULL, flags=CLONE_VM|CLONE_PIDFD|CLONE_VFORK|SIGCHLD <unfinished ...>
9337  execve("/opt/hostedtoolcache/go/1.27.0/arm64/pkg/tool/linux_arm64/asm", ["/opt/hostedtoolcache/go/1.27.0/a"..., "-p", "internal/bytealg", "-trimpath", "/tmp/go-build1496978431/b010=>", "-I", "/tmp/go-build1496978431/b010/", "-I", "/opt/hostedtoolcache/go/1.27.0/a"..., "-D", "GOOS_linux", "-D", "GOARCH_arm64", "-std", "-o", "/tmp/go-build1496978431/b010/com"..., "/opt/hostedtoolcache/go/1.27.0/a"...], 0x115fd7eeb688 /* 140 vars */ <unfinished ...>
9318  tgkill(9315, 9319, SIGURG <unfinished ...>
9319  --- SIGURG {si_signo=SIGURG, si_code=SI_TKILL, si_pid=9315, si_uid=1001} ---
9318  <... tgkill resumed>)             = 0
9201  <... clone resumed>, parent_tid=[17]) = 9337
9337  <... execve resumed>)             = 0
9201  waitid(P_PIDFD, 17,  <unfinished ...>
9327  exit_group(0)                     = ?
9336  +++ exited with 0 +++
9334  +++ exited with 0 +++
9332  +++ exited with 0 +++
9335  +++ exited with 0 +++
9333  +++ exited with 0 +++
9327  +++ exited with 0 +++
9200  <... waitid resumed>{si_signo=SIGCHLD, si_code=CLD_EXITED, si_pid=9327, si_uid=1001, si_status=0, si_utime=0, si_stime=0}, WEXITED, {ru_utime={tv_sec=0, tv_usec=0}, ru_stime={tv_sec=0, tv_usec=6545}, ...}) = 0
9197  --- SIGCHLD {si_signo=SIGCHLD, si_code=CLD_EXITED, si_pid=9327, si_uid=1001, si_status=0, si_utime=0, si_stime=0} ---
9197  clone(child_stack=NULL, flags=CLONE_VM|CLONE_PIDFD|CLONE_VFORK|SIGCHLD <unfinished ...>
9205  clone(child_stack=NULL, flags=CLONE_VM|CLONE_PIDFD|CLONE_VFORK|SIGCHLD <unfinished ...>
9321  exit_group(0)                     = ?
9321  +++ exited with 0 +++
9320  +++ exited with 0 +++
9319  +++ exited with 0 +++
9318  +++ exited with 0 +++
9315  +++ exited with 0 +++
9202  <... waitid resumed>{si_signo=SIGCHLD, si_code=CLD_EXITED, si_pid=9315, si_uid=1001, si_status=0, si_utime=0, si_stime=0}, WEXITED, {ru_utime={tv_sec=0, tv_usec=18645}, ru_stime={tv_sec=0, tv_usec=8832}, ...}) = 0
9200  --- SIGCHLD {si_signo=SIGCHLD, si_code=CLD_EXITED, si_pid=9315, si_uid=1001, si_status=0, si_utime=1 /* 0.01 s */, si_stime=0} ---
9338  execve("/opt/hostedtoolcache/go/1.27.0/arm64/pkg/tool/linux_arm64/asm", ["/opt/hostedtoolcache/go/1.27.0/a"..., "-p", "internal/abi", "-trimpath", "/tmp/go-build1496978431/b005=>", "-I", "/tmp/go-build1496978431/b005/", "-I", "/opt/hostedtoolcache/go/1.27.0/a"..., "-D", "GOOS_linux", "-D", "GOARCH_arm64", "-std", "-o", "/tmp/go-build1496978431/b005/stu"..., "/opt/hostedtoolcache/go/1.27.0/a"...], 0x115fd8060908 /* 140 vars */ <unfinished ...>
9197  <... clone resumed>, parent_tid=[16]) = 9338
9338  <... execve resumed>)             = 0
9200  clone(child_stack=NULL, flags=CLONE_VM|CLONE_PIDFD|CLONE_VFORK|SIGCHLD <unfinished ...>
9339  execve("/opt/hostedtoolcache/go/1.27.0/arm64/pkg/tool/linux_arm64/asm", ["/opt/hostedtoolcache/go/1.27.0/a"..., "-p", "internal/runtime/atomic", "-trimpath", "/tmp/go-build1496978431/b019=>", "-I", "/tmp/go-build1496978431/b019/", "-I", "/opt/hostedtoolcache/go/1.27.0/a"..., "-D", "GOOS_linux", "-D", "GOARCH_arm64", "-std", "-gensymabis", "-o", "/tmp/go-build1496978431/b019/sym"..., "/opt/hostedtoolcache/go/1.27.0/a"...], 0x115fd7dbd208 /* 140 vars */ <unfinished ...>
9205  <... clone resumed>, parent_tid=[22]) = 9339
9339  <... execve resumed>)             = 0
9197  waitid(P_PIDFD, 16,  <unfinished ...>
9337  clone(child_stack=0x42e0acf52000, flags=CLONE_VM|CLONE_FS|CLONE_FILES|CLONE_SIGHAND|CLONE_THREAD|CLONE_SYSVSEM) = 9341
9337  clone(child_stack=0x42e0acf8a000, flags=CLONE_VM|CLONE_FS|CLONE_FILES|CLONE_SIGHAND|CLONE_THREAD|CLONE_SYSVSEM) = 9342
9337  clone(child_stack=0x42e0acf86000, flags=CLONE_VM|CLONE_FS|CLONE_FILES|CLONE_SIGHAND|CLONE_THREAD|CLONE_SYSVSEM) = 9343
9342  clone(child_stack=0x42e0ad018000, flags=CLONE_VM|CLONE_FS|CLONE_FILES|CLONE_SIGHAND|CLONE_THREAD|CLONE_SYSVSEM) = 9344
9340  execve("/opt/hostedtoolcache/go/1.27.0/arm64/pkg/tool/linux_arm64/asm", ["/opt/hostedtoolcache/go/1.27.0/a"..., "-p", "internal/chacha8rand", "-trimpath", "/tmp/go-build1496978431/b013=>", "-I", "/tmp/go-build1496978431/b013/", "-I", "/opt/hostedtoolcache/go/1.27.0/a"..., "-D", "GOOS_linux", "-D", "GOARCH_arm64", "-std", "-o", "/tmp/go-build1496978431/b013/cha"..., "/opt/hostedtoolcache/go/1.27.0/a"...], 0x115fd7e60488 /* 140 vars */ <unfinished ...>
9200  <... clone resumed>, parent_tid=[25]) = 9340
9340  <... execve resumed>)             = 0
9198  tgkill(9197, 9205, SIGURG)        = 0
9205  --- SIGURG {si_signo=SIGURG, si_code=SI_TKILL, si_pid=9197, si_uid=1001} ---
9200  waitid(P_PIDFD, 25,  <unfinished ...>
9205  waitid(P_PIDFD, 22,  <unfinished ...>
9338  clone(child_stack=0x47cb87a42000, flags=CLONE_VM|CLONE_FS|CLONE_FILES|CLONE_SIGHAND|CLONE_THREAD|CLONE_SYSVSEM) = 9345
9345  tgkill(9338, 9338, SIGURG <unfinished ...>
9338  clone(child_stack=0x47cb87a7a000, flags=CLONE_VM|CLONE_FS|CLONE_FILES|CLONE_SIGHAND|CLONE_THREAD|CLONE_SYSVSEM <unfinished ...>
9345  <... tgkill resumed>)             = 0
9338  <... clone resumed>)              = 9346
9338  --- SIGURG {si_signo=SIGURG, si_code=SI_TKILL, si_pid=9338, si_uid=1001} ---
9338  clone(child_stack=0x47cb87a76000, flags=CLONE_VM|CLONE_FS|CLONE_FILES|CLONE_SIGHAND|CLONE_THREAD|CLONE_SYSVSEM) = 9347
9346  clone(child_stack=0x47cb87aa0000, flags=CLONE_VM|CLONE_FS|CLONE_FILES|CLONE_SIGHAND|CLONE_THREAD|CLONE_SYSVSEM) = 9348
9337  exit_group(0)                     = ?
9343  +++ exited with 0 +++
9342  +++ exited with 0 +++
9341  +++ exited with 0 +++
9344  +++ exited with 0 +++
9339  clone(child_stack=0x39a3fc76000, flags=CLONE_VM|CLONE_FS|CLONE_FILES|CLONE_SIGHAND|CLONE_THREAD|CLONE_SYSVSEM <unfinished ...>
9337  +++ exited with 0 +++
9339  <... clone resumed>)              = 9349
9202  --- SIGCHLD {si_signo=SIGCHLD, si_code=CLD_EXITED, si_pid=9337, si_uid=1001, si_status=0, si_utime=0, si_stime=0} ---
9201  <... waitid resumed>{si_signo=SIGCHLD, si_code=CLD_EXITED, si_pid=9337, si_uid=1001, si_status=0, si_utime=0, si_stime=0}, WEXITED, {ru_utime={tv_sec=0, tv_usec=0}, ru_stime={tv_sec=0, tv_usec=6338}, ...}) = 0
9339  clone(child_stack=0x39a3fcae000, flags=CLONE_VM|CLONE_FS|CLONE_FILES|CLONE_SIGHAND|CLONE_THREAD|CLONE_SYSVSEM) = 9350
9339  clone(child_stack=0x39a3fcaa000, flags=CLONE_VM|CLONE_FS|CLONE_FILES|CLONE_SIGHAND|CLONE_THREAD|CLONE_SYSVSEM <unfinished ...>
9350  clone(child_stack=0x39a3fd18000, flags=CLONE_VM|CLONE_FS|CLONE_FILES|CLONE_SIGHAND|CLONE_THREAD|CLONE_SYSVSEM <unfinished ...>
9339  <... clone resumed>)              = 9351
9350  <... clone resumed>)              = 9352
9340  clone(child_stack=0x301f4980c000, flags=CLONE_VM|CLONE_FS|CLONE_FILES|CLONE_SIGHAND|CLONE_THREAD|CLONE_SYSVSEM) = 9353
9340  clone(child_stack=0x301f49844000, flags=CLONE_VM|CLONE_FS|CLONE_FILES|CLONE_SIGHAND|CLONE_THREAD|CLONE_SYSVSEM <unfinished ...>
9353  tgkill(9340, 9340, SIGURG <unfinished ...>
9340  <... clone resumed>)              = 9354
9353  <... tgkill resumed>)             = 0
9340  --- SIGURG {si_signo=SIGURG, si_code=SI_TKILL, si_pid=9340, si_uid=1001} ---
9202  clone(child_stack=NULL, flags=CLONE_VM|CLONE_PIDFD|CLONE_VFORK|SIGCHLD <unfinished ...>
9340  clone(child_stack=0x301f49840000, flags=CLONE_VM|CLONE_FS|CLONE_FILES|CLONE_SIGHAND|CLONE_THREAD|CLONE_SYSVSEM) = 9356
9354  clone(child_stack=0x301f49898000, flags=CLONE_VM|CLONE_FS|CLONE_FILES|CLONE_SIGHAND|CLONE_THREAD|CLONE_SYSVSEM) = 9357
9355  execve("/opt/hostedtoolcache/go/1.27.0/arm64/pkg/tool/linux_arm64/asm", ["/opt/hostedtoolcache/go/1.27.0/a"..., "-p", "internal/bytealg", "-trimpath", "/tmp/go-build1496978431/b010=>", "-I", "/tmp/go-build1496978431/b010/", "-I", "/opt/hostedtoolcache/go/1.27.0/a"..., "-D", "GOOS_linux", "-D", "GOARCH_arm64", "-std", "-o", "/tmp/go-build1496978431/b010/cou"..., "/opt/hostedtoolcache/go/1.27.0/a"...], 0x115fd7d87688 /* 140 vars */ <unfinished ...>
9202  <... clone resumed>, parent_tid=[13]) = 9355
9355  <... execve resumed>)             = 0
9338  exit_group(0)                     = ?
9348  +++ exited with 0 +++
9347  +++ exited with 0 +++
9345  +++ exited with 0 +++
9202  waitid(P_PIDFD, 13,  <unfinished ...>
9346  +++ exited with 0 +++
9338  +++ exited with 0 +++
9201  --- SIGCHLD {si_signo=SIGCHLD, si_code=CLD_EXITED, si_pid=9338, si_uid=1001, si_status=0, si_utime=0, si_stime=0} ---
9197  <... waitid resumed>{si_signo=SIGCHLD, si_code=CLD_EXITED, si_pid=9338, si_uid=1001, si_status=0, si_utime=0, si_stime=0}, WEXITED, {ru_utime={tv_sec=0, tv_usec=0}, ru_stime={tv_sec=0, tv_usec=5467}, ...}) = 0
9355  clone(child_stack=0x3d3e36eec000, flags=CLONE_VM|CLONE_FS|CLONE_FILES|CLONE_SIGHAND|CLONE_THREAD|CLONE_SYSVSEM) = 9358
9355  clone(child_stack=0x3d3e36f24000, flags=CLONE_VM|CLONE_FS|CLONE_FILES|CLONE_SIGHAND|CLONE_THREAD|CLONE_SYSVSEM) = 9359
9358  tgkill(9355, 9355, SIGURG)        = 0
9355  clone(child_stack=0x3d3e36f20000, flags=CLONE_VM|CLONE_FS|CLONE_FILES|CLONE_SIGHAND|CLONE_THREAD|CLONE_SYSVSEM <unfinished ...>
9339  exit_group(0 <unfinished ...>
9355  <... clone resumed>)              = 9360
9339  <... exit_group resumed>)         = ?
9352  +++ exited with 0 +++
9351  +++ exited with 0 +++
9349  +++ exited with 0 +++
9355  --- SIGURG {si_signo=SIGURG, si_code=SI_TKILL, si_pid=9355, si_uid=1001} ---
9359  clone(child_stack=0x3d3e36f98000, flags=CLONE_VM|CLONE_FS|CLONE_FILES|CLONE_SIGHAND|CLONE_THREAD|CLONE_SYSVSEM) = 9361
9350  +++ exited with 0 +++
9339  +++ exited with 0 +++
9201  --- SIGCHLD {si_signo=SIGCHLD, si_code=CLD_EXITED, si_pid=9339, si_uid=1001, si_status=0, si_utime=0, si_stime=0} ---
9205  <... waitid resumed>{si_signo=SIGCHLD, si_code=CLD_EXITED, si_pid=9339, si_uid=1001, si_status=0, si_utime=0, si_stime=0}, WEXITED, {ru_utime={tv_sec=0, tv_usec=2306}, ru_stime={tv_sec=0, tv_usec=4612}, ...}) = 0
9340  exit_group(0)                     = ?
9356  +++ exited with 0 +++
9354  +++ exited with 0 +++
9353  +++ exited with 0 +++
9357  +++ exited with 0 +++
9340  +++ exited with 0 +++
9197  --- SIGCHLD {si_signo=SIGCHLD, si_code=CLD_EXITED, si_pid=9340, si_uid=1001, si_status=0, si_utime=0, si_stime=0} ---
9200  <... waitid resumed>{si_signo=SIGCHLD, si_code=CLD_EXITED, si_pid=9340, si_uid=1001, si_status=0, si_utime=0, si_stime=0}, WEXITED, {ru_utime={tv_sec=0, tv_usec=997}, ru_stime={tv_sec=0, tv_usec=5986}, ...}) = 0
9200  clone(child_stack=NULL, flags=CLONE_VM|CLONE_PIDFD|CLONE_VFORK|SIGCHLD <unfinished ...>
9362  execve("/opt/hostedtoolcache/go/1.27.0/arm64/pkg/tool/linux_arm64/compile", ["/opt/hostedtoolcache/go/1.27.0/a"..., "-o", "/tmp/go-build1496978431/b019/_pk"..., "-trimpath", "/tmp/go-build1496978431/b019=>", "-p", "internal/runtime/atomic", "-lang=go1.27", "-std", "-buildid", "rF-DhOCNNsAU_MwFGB8i/rF-DhOCNNsA"..., "-goversion", "go1.27.0", "-symabis", "/tmp/go-build1496978431/b019/sym"..., "-c=4", "-nolocalimports", "-importcfg", "/tmp/go-build1496978431/b019/imp"..., "-pack", "-asmhdr", "/tmp/go-build1496978431/b019/go_"..., "/opt/hostedtoolcache/go/1.27.0/a"..., "/opt/hostedtoolcache/go/1.27.0/a"..., "/opt/hostedtoolcache/go/1.27.0/a"..., "/opt/hostedtoolcache/go/1.27.0/a"..., "/opt/hostedtoolcache/go/1.27.0/a"..., "/opt/hostedtoolcache/go/1.27.0/a"..., "/opt/hostedtoolcache/go/1.27.0/a"..., "/opt/hostedtoolcache/go/1.27.0/a"...], 0x115fd7e60908 /* 140 vars */ <unfinished ...>
9200  <... clone resumed>, parent_tid=[10]) = 9362
9362  <... execve resumed>)             = 0
9200  waitid(P_PIDFD, 10,  <unfinished ...>
9198  tgkill(9197, 9197, SIGURG)        = 0
9197  --- SIGURG {si_signo=SIGURG, si_code=SI_TKILL, si_pid=9197, si_uid=1001} ---
9355  exit_group(0)                     = ?
9359  +++ exited with 0 +++
9358  +++ exited with 0 +++
9361  +++ exited with 0 +++
9360  +++ exited with 0 +++
9355  +++ exited with 0 +++
9202  <... waitid resumed>{si_signo=SIGCHLD, si_code=CLD_EXITED, si_pid=9355, si_uid=1001, si_status=0, si_utime=0, si_stime=0}, WEXITED, {ru_utime={tv_sec=0, tv_usec=861}, ru_stime={tv_sec=0, tv_usec=6027}, ...}) = 0
9201  --- SIGCHLD {si_signo=SIGCHLD, si_code=CLD_EXITED, si_pid=9355, si_uid=1001, si_status=0, si_utime=0, si_stime=0} ---
9201  clone(child_stack=NULL, flags=CLONE_VM|CLONE_PIDFD|CLONE_VFORK|SIGCHLD <unfinished ...>
9205  tgkill(9197, 9201, SIGURG)        = 0
9363  execve("/opt/hostedtoolcache/go/1.27.0/arm64/pkg/tool/linux_arm64/asm", ["/opt/hostedtoolcache/go/1.27.0/a"..., "-p", "internal/bytealg", "-trimpath", "/tmp/go-build1496978431/b010=>", "-I", "/tmp/go-build1496978431/b010/", "-I", "/opt/hostedtoolcache/go/1.27.0/a"..., "-D", "GOOS_linux", "-D", "GOARCH_arm64", "-std", "-o", "/tmp/go-build1496978431/b010/equ"..., "/opt/hostedtoolcache/go/1.27.0/a"...], 0x115fd8060d88 /* 140 vars */ <unfinished ...>
9201  <... clone resumed>, parent_tid=[17]) = 9363
9363  <... execve resumed>)             = 0
9201  --- SIGURG {si_signo=SIGURG, si_code=SI_TKILL, si_pid=9197, si_uid=1001} ---
9362  clone(child_stack=0x212c32f7c000, flags=CLONE_VM|CLONE_FS|CLONE_FILES|CLONE_SIGHAND|CLONE_THREAD|CLONE_SYSVSEM) = 9364
9204  tgkill(9197, 9205, SIGURG)        = 0
9205  --- SIGURG {si_signo=SIGURG, si_code=SI_TKILL, si_pid=9197, si_uid=1001} ---
9362  clone(child_stack=0x212c32fb4000, flags=CLONE_VM|CLONE_FS|CLONE_FILES|CLONE_SIGHAND|CLONE_THREAD|CLONE_SYSVSEM <unfinished ...>
9201  waitid(P_PIDFD, 17,  <unfinished ...>
9362  <... clone resumed>)              = 9365
9362  clone(child_stack=0x212c32fb0000, flags=CLONE_VM|CLONE_FS|CLONE_FILES|CLONE_SIGHAND|CLONE_THREAD|CLONE_SYSVSEM) = 9366
9203  clone(child_stack=0x115fd7c2c000, flags=CLONE_VM|CLONE_FS|CLONE_FILES|CLONE_SIGHAND|CLONE_THREAD|CLONE_SYSVSEM) = 9367
9365  clone(child_stack=0x212c33018000, flags=CLONE_VM|CLONE_FS|CLONE_FILES|CLONE_SIGHAND|CLONE_THREAD|CLONE_SYSVSEM) = 9368
9203  tgkill(9197, 9199, SIGURG <unfinished ...>
9199  clone(child_stack=NULL, flags=CLONE_VM|CLONE_PIDFD|CLONE_VFORK|SIGCHLD <unfinished ...>
9203  <... tgkill resumed>)             = 0
9369  execve("/opt/hostedtoolcache/go/1.27.0/arm64/pkg/tool/linux_arm64/compile", ["/opt/hostedtoolcache/go/1.27.0/a"..., "-o", "/tmp/go-build1496978431/b023/_pk"..., "-trimpath", "/tmp/go-build1496978431/b023=>", "-p", "math/bits", "-lang=go1.27", "-std", "-complete", "-buildid", "yBJkprfDw2tqyO_7YvPl/yBJkprfDw2t"..., "-goversion", "go1.27.0", "-c=4", "-nolocalimports", "-importcfg", "/tmp/go-build1496978431/b023/imp"..., "-pack", "/opt/hostedtoolcache/go/1.27.0/a"..., "/opt/hostedtoolcache/go/1.27.0/a"..., "/opt/hostedtoolcache/go/1.27.0/a"...], 0x115fd7e60d88 /* 140 vars */ <unfinished ...>
9199  <... clone resumed>, parent_tid=[18]) = 9369
9369  <... execve resumed>)             = 0
9199  --- SIGURG {si_signo=SIGURG, si_code=SI_TKILL, si_pid=9197, si_uid=1001} ---
9203  tgkill(9197, 9199, SIGURG)        = 0
9199  --- SIGURG {si_signo=SIGURG, si_code=SI_TKILL, si_pid=9197, si_uid=1001} ---
9205  waitid(P_PIDFD, 18,  <unfinished ...>
9364  clone(child_stack=0x212c3302c000, flags=CLONE_VM|CLONE_FS|CLONE_FILES|CLONE_SIGHAND|CLONE_THREAD|CLONE_SYSVSEM) = 9370
9199  clone(child_stack=NULL, flags=CLONE_VM|CLONE_PIDFD|CLONE_VFORK|SIGCHLD <unfinished ...>
9363  clone(child_stack=0x45833a11e000, flags=CLONE_VM|CLONE_FS|CLONE_FILES|CLONE_SIGHAND|CLONE_THREAD|CLONE_SYSVSEM) = 9372
9363  clone(child_stack=0x45833a156000, flags=CLONE_VM|CLONE_FS|CLONE_FILES|CLONE_SIGHAND|CLONE_THREAD|CLONE_SYSVSEM <unfinished ...>
9372  tgkill(9363, 9363, SIGURG)        = 0
9363  <... clone resumed>)              = 9373
9363  --- SIGURG {si_signo=SIGURG, si_code=SI_TKILL, si_pid=9363, si_uid=1001} ---
9372  tgkill(9363, 9363, SIGURG)        = 0
9363  clone(child_stack=0x45833a152000, flags=CLONE_VM|CLONE_FS|CLONE_FILES|CLONE_SIGHAND|CLONE_THREAD|CLONE_SYSVSEM) = 9374
9363  --- SIGURG {si_signo=SIGURG, si_code=SI_TKILL, si_pid=9363, si_uid=1001} ---
9373  clone(child_stack=0x45833a198000, flags=CLONE_VM|CLONE_FS|CLONE_FILES|CLONE_SIGHAND|CLONE_THREAD|CLONE_SYSVSEM) = 9375
9371  execve("/opt/hostedtoolcache/go/1.27.0/arm64/pkg/tool/linux_arm64/compile", ["/opt/hostedtoolcache/go/1.27.0/a"..., "-o", "/tmp/go-build1496978431/b025/_pk"..., "-trimpath", "/tmp/go-build1496978431/b025=>", "-p", "internal/runtime/gc", "-lang=go1.27", "-std", "-complete", "-buildid", "Bb01YDdiUWvcfiEQ46UM/Bb01YDdiUWv"..., "-goversion", "go1.27.0", "-c=4", "-nolocalimports", "-importcfg", "/tmp/go-build1496978431/b025/imp"..., "-pack", "/opt/hostedtoolcache/go/1.27.0/a"..., "/opt/hostedtoolcache/go/1.27.0/a"..., "/opt/hostedtoolcache/go/1.27.0/a"...], 0x115fd8060008 /* 140 vars */ <unfinished ...>
9199  <... clone resumed>, parent_tid=[16]) = 9371
9371  <... execve resumed>)             = 0
9199  waitid(P_PIDFD, 16,  <unfinished ...>
9369  clone(child_stack=0x58b462286000, flags=CLONE_VM|CLONE_FS|CLONE_FILES|CLONE_SIGHAND|CLONE_THREAD|CLONE_SYSVSEM) = 9376
9369  clone(child_stack=0x58b4622be000, flags=CLONE_VM|CLONE_FS|CLONE_FILES|CLONE_SIGHAND|CLONE_THREAD|CLONE_SYSVSEM) = 9377
9376  tgkill(9369, 9369, SIGURG)        = 0
9369  clone(child_stack=0x58b4622ba000, flags=CLONE_VM|CLONE_FS|CLONE_FILES|CLONE_SIGHAND|CLONE_THREAD|CLONE_SYSVSEM) = 9378
9369  --- SIGURG {si_signo=SIGURG, si_code=SI_TKILL, si_pid=9369, si_uid=1001} ---
9377  clone(child_stack=0x58b462318000, flags=CLONE_VM|CLONE_FS|CLONE_FILES|CLONE_SIGHAND|CLONE_THREAD|CLONE_SYSVSEM) = 9379
9379  clone(child_stack=0x58b462314000, flags=CLONE_VM|CLONE_FS|CLONE_FILES|CLONE_SIGHAND|CLONE_THREAD|CLONE_SYSVSEM) = 9380
9364  tgkill(9362, 9368, SIGURG)        = 0
9368  --- SIGURG {si_signo=SIGURG, si_code=SI_TKILL, si_pid=9362, si_uid=1001} ---
9371  clone(child_stack=0x1b9a2ab2e000, flags=CLONE_VM|CLONE_FS|CLONE_FILES|CLONE_SIGHAND|CLONE_THREAD|CLONE_SYSVSEM) = 9381
9371  clone(child_stack=0x1b9a2ab66000, flags=CLONE_VM|CLONE_FS|CLONE_FILES|CLONE_SIGHAND|CLONE_THREAD|CLONE_SYSVSEM) = 9382
9371  clone(child_stack=0x1b9a2ab62000, flags=CLONE_VM|CLONE_FS|CLONE_FILES|CLONE_SIGHAND|CLONE_THREAD|CLONE_SYSVSEM) = 9383
9382  clone(child_stack=0x1b9a2ab98000, flags=CLONE_VM|CLONE_FS|CLONE_FILES|CLONE_SIGHAND|CLONE_THREAD|CLONE_SYSVSEM) = 9384
9363  exit_group(0)                     = ?
9372  +++ exited with 0 +++
9374  +++ exited with 0 +++
9373  +++ exited with 0 +++
9375  +++ exited with 0 +++
9381  tgkill(9371, 9383, SIGURG)        = 0
9363  +++ exited with 0 +++
9383  --- SIGURG {si_signo=SIGURG, si_code=SI_TKILL, si_pid=9371, si_uid=1001} ---
9367  --- SIGCHLD {si_signo=SIGCHLD, si_code=CLD_EXITED, si_pid=9363, si_uid=1001, si_status=0, si_utime=0, si_stime=0} ---
9201  <... waitid resumed>{si_signo=SIGCHLD, si_code=CLD_EXITED, si_pid=9363, si_uid=1001, si_status=0, si_utime=0, si_stime=0}, WEXITED, {ru_utime={tv_sec=0, tv_usec=0}, ru_stime={tv_sec=0, tv_usec=6599}, ...}) = 0
9376  tgkill(9369, 9380, SIGURG)        = 0
9380  --- SIGURG {si_signo=SIGURG, si_code=SI_TKILL, si_pid=9369, si_uid=1001} ---
9201  clone(child_stack=NULL, flags=CLONE_VM|CLONE_PIDFD|CLONE_VFORK|SIGCHLD <unfinished ...>
9385  execve("/opt/hostedtoolcache/go/1.27.0/arm64/pkg/tool/linux_arm64/asm", ["/opt/hostedtoolcache/go/1.27.0/a"..., "-p", "internal/bytealg", "-trimpath", "/tmp/go-build1496978431/b010=>", "-I", "/tmp/go-build1496978431/b010/", "-I", "/opt/hostedtoolcache/go/1.27.0/a"..., "-D", "GOOS_linux", "-D", "GOARCH_arm64", "-std", "-o", "/tmp/go-build1496978431/b010/ind"..., "/opt/hostedtoolcache/go/1.27.0/a"...], 0x115fd7e60488 /* 140 vars */ <unfinished ...>
9201  <... clone resumed>, parent_tid=[17]) = 9385
9385  <... execve resumed>)             = 0
9201  waitid(P_PIDFD, 17,  <unfinished ...>
9366  exit_group(0)                     = ?
9370  +++ exited with 0 +++
9366  +++ exited with 0 +++
9364  +++ exited with 0 +++
9365  +++ exited with 0 +++
9378  exit_group(0)                     = ?
9380  +++ exited with 0 +++
9379  +++ exited with 0 +++
9377  +++ exited with 0 +++
9376  +++ exited with 0 +++
9368  +++ exited with 0 +++
9362  +++ exited with 0 +++
9200  <... waitid resumed>{si_signo=SIGCHLD, si_code=CLD_EXITED, si_pid=9362, si_uid=1001, si_status=0, si_utime=0, si_stime=0}, WEXITED, {ru_utime={tv_sec=0, tv_usec=28950}, ru_stime={tv_sec=0, tv_usec=11373}, ...}) = 0
9367  --- SIGCHLD {si_signo=SIGCHLD, si_code=CLD_EXITED, si_pid=9362, si_uid=1001, si_status=0, si_utime=2 /* 0.02 s */, si_stime=1 /* 0.01 s */} ---
9378  +++ exited with 0 +++
9369  +++ exited with 0 +++
9199  <... waitid resumed>0x115fd7cf4fb8, WEXITED, 0x115fd7e90000) = ? ERESTARTSYS (To be restarted if SA_RESTART is set)
9205  <... waitid resumed>{si_signo=SIGCHLD, si_code=CLD_EXITED, si_pid=9369, si_uid=1001, si_status=0, si_utime=0, si_stime=0}, WEXITED, {ru_utime={tv_sec=0, tv_usec=18409}, ru_stime={tv_sec=0, tv_usec=9689}, ...}) = 0
9199  --- SIGCHLD {si_signo=SIGCHLD, si_code=CLD_EXITED, si_pid=9369, si_uid=1001, si_status=0, si_utime=1 /* 0.01 s */, si_stime=1 /* 0.01 s */} ---
9199  waitid(P_PIDFD, 16,  <unfinished ...>
9381  tgkill(9371, 9371, SIGURG)        = 0
9371  --- SIGURG {si_signo=SIGURG, si_code=SI_TKILL, si_pid=9371, si_uid=1001} ---
9367  clone(child_stack=NULL, flags=CLONE_VM|CLONE_PIDFD|CLONE_VFORK|SIGCHLD <unfinished ...>
9386  execve("/opt/hostedtoolcache/go/1.27.0/arm64/pkg/tool/linux_arm64/asm", ["/opt/hostedtoolcache/go/1.27.0/a"..., "-p", "internal/runtime/atomic", "-trimpath", "/tmp/go-build1496978431/b019=>", "-I", "/tmp/go-build1496978431/b019/", "-I", "/opt/hostedtoolcache/go/1.27.0/a"..., "-D", "GOOS_linux", "-D", "GOARCH_arm64", "-std", "-o", "/tmp/go-build1496978431/b019/ato"..., "/opt/hostedtoolcache/go/1.27.0/a"...], 0x115fd8060488 /* 140 vars */ <unfinished ...>
9367  <... clone resumed>, parent_tid=[9]) = 9386
9386  <... execve resumed>)             = 0
9367  waitid(P_PIDFD, 9,  <unfinished ...>
9385  clone(child_stack=0x1fa2bd328000, flags=CLONE_VM|CLONE_FS|CLONE_FILES|CLONE_SIGHAND|CLONE_THREAD|CLONE_SYSVSEM) = 9387
9385  clone(child_stack=0x1fa2bd360000, flags=CLONE_VM|CLONE_FS|CLONE_FILES|CLONE_SIGHAND|CLONE_THREAD|CLONE_SYSVSEM) = 9388
9385  clone(child_stack=0x1fa2bd35c000, flags=CLONE_VM|CLONE_FS|CLONE_FILES|CLONE_SIGHAND|CLONE_THREAD|CLONE_SYSVSEM) = 9389
9388  clone(child_stack=0x1fa2bd398000, flags=CLONE_VM|CLONE_FS|CLONE_FILES|CLONE_SIGHAND|CLONE_THREAD|CLONE_SYSVSEM) = 9390
9384  exit_group(0)                     = ?
9384  +++ exited with 0 +++
9382  +++ exited with 0 +++
9381  +++ exited with 0 +++
9383  +++ exited with 0 +++
9371  +++ exited with 0 +++
9199  <... waitid resumed>{si_signo=SIGCHLD, si_code=CLD_EXITED, si_pid=9371, si_uid=1001, si_status=0, si_utime=0, si_stime=0}, WEXITED, {ru_utime={tv_sec=0, tv_usec=9822}, ru_stime={tv_sec=0, tv_usec=4911}, ...}) = 0
9200  --- SIGCHLD {si_signo=SIGCHLD, si_code=CLD_EXITED, si_pid=9371, si_uid=1001, si_status=0, si_utime=0, si_stime=0} ---
9386  clone(child_stack=0x5ccb75e58000, flags=CLONE_VM|CLONE_FS|CLONE_FILES|CLONE_SIGHAND|CLONE_THREAD|CLONE_SYSVSEM) = 9391
9386  clone(child_stack=0x5ccb75e90000, flags=CLONE_VM|CLONE_FS|CLONE_FILES|CLONE_SIGHAND|CLONE_THREAD|CLONE_SYSVSEM) = 9392
9391  tgkill(9386, 9386, SIGURG <unfinished ...>
9205  clone(child_stack=NULL, flags=CLONE_VM|CLONE_PIDFD|CLONE_VFORK|SIGCHLD <unfinished ...>
9391  <... tgkill resumed>)             = 0
9386  --- SIGURG {si_signo=SIGURG, si_code=SI_TKILL, si_pid=9386, si_uid=1001} ---
9386  clone(child_stack=0x5ccb75e8c000, flags=CLONE_VM|CLONE_FS|CLONE_FILES|CLONE_SIGHAND|CLONE_THREAD|CLONE_SYSVSEM) = 9394
9392  clone(child_stack=0x5ccb75f18000, flags=CLONE_VM|CLONE_FS|CLONE_FILES|CLONE_SIGHAND|CLONE_THREAD|CLONE_SYSVSEM) = 9395
9393  execve("/opt/hostedtoolcache/go/1.27.0/arm64/pkg/tool/linux_arm64/compile", ["/opt/hostedtoolcache/go/1.27.0/a"..., "-o", "/tmp/go-build1496978431/b022/_pk"..., "-trimpath", "/tmp/go-build1496978431/b022=>", "-p", "internal/strconv", "-lang=go1.27", "-std", "-complete", "-buildid", "f_fG663AouQm87VJrElI/f_fG663AouQ"..., "-goversion", "go1.27.0", "-c=4", "-nolocalimports", "-importcfg", "/tmp/go-build1496978431/b022/imp"..., "-pack", "/opt/hostedtoolcache/go/1.27.0/a"..., "/opt/hostedtoolcache/go/1.27.0/a"..., "/opt/hostedtoolcache/go/1.27.0/a"..., "/opt/hostedtoolcache/go/1.27.0/a"..., "/opt/hostedtoolcache/go/1.27.0/a"..., "/opt/hostedtoolcache/go/1.27.0/a"..., "/opt/hostedtoolcache/go/1.27.0/a"..., "/opt/hostedtoolcache/go/1.27.0/a"..., "/opt/hostedtoolcache/go/1.27.0/a"..., "/opt/hostedtoolcache/go/1.27.0/a"..., "/opt/hostedtoolcache/go/1.27.0/a"...], 0x115fd7e60908 /* 140 vars */ <unfinished ...>
9205  <... clone resumed>, parent_tid=[18]) = 9393
9393  <... execve resumed>)             = 0
9205  waitid(P_PIDFD, 18,  <unfinished ...>
9385  exit_group(0)                     = ?
9389  +++ exited with 0 +++
9387  +++ exited with 0 +++
9390  +++ exited with 0 +++
9388  +++ exited with 0 +++
9385  +++ exited with 0 +++
9201  <... waitid resumed>{si_signo=SIGCHLD, si_code=CLD_EXITED, si_pid=9385, si_uid=1001, si_status=0, si_utime=0, si_stime=0}, WEXITED, {ru_utime={tv_sec=0, tv_usec=1849}, ru_stime={tv_sec=0, tv_usec=5547}, ...}) = 0
9199  --- SIGCHLD {si_signo=SIGCHLD, si_code=CLD_EXITED, si_pid=9385, si_uid=1001, si_status=0, si_utime=0, si_stime=0} ---
9199  clone(child_stack=NULL, flags=CLONE_VM|CLONE_PIDFD|CLONE_VFORK|SIGCHLD <unfinished ...>
9396  execve("/opt/hostedtoolcache/go/1.27.0/arm64/pkg/tool/linux_arm64/asm", ["/opt/hostedtoolcache/go/1.27.0/a"..., "-p", "internal/bytealg", "-trimpath", "/tmp/go-build1496978431/b010=>", "-I", "/tmp/go-build1496978431/b010/", "-I", "/opt/hostedtoolcache/go/1.27.0/a"..., "-D", "GOOS_linux", "-D", "GOARCH_arm64", "-std", "-o", "/tmp/go-build1496978431/b010/ind"..., "/opt/hostedtoolcache/go/1.27.0/a"...], 0x115fd7e61208 /* 140 vars */ <unfinished ...>
9199  <... clone resumed>, parent_tid=[16]) = 9396
9396  <... execve resumed>)             = 0
9199  waitid(P_PIDFD, 16,  <unfinished ...>
9200  clone(child_stack=NULL, flags=CLONE_VM|CLONE_PIDFD|CLONE_VFORK|SIGCHLD <unfinished ...>
9386  exit_group(0)                     = ?
9394  +++ exited with 0 +++
9392  +++ exited with 0 +++
9391  +++ exited with 0 +++
9393  clone(child_stack=0x699d0ec86000, flags=CLONE_VM|CLONE_FS|CLONE_FILES|CLONE_SIGHAND|CLONE_THREAD|CLONE_SYSVSEM <unfinished ...>
9395  +++ exited with 0 +++
9393  <... clone resumed>)              = 9398
9386  +++ exited with 0 +++
9367  <... waitid resumed>{si_signo=SIGCHLD, si_code=CLD_EXITED, si_pid=9386, si_uid=1001, si_status=0, si_utime=0, si_stime=0}, WEXITED, {ru_utime={tv_sec=0, tv_usec=0}, ru_stime={tv_sec=0, tv_usec=7981}, ...}) = 0
9198  --- SIGCHLD {si_signo=SIGCHLD, si_code=CLD_EXITED, si_pid=9386, si_uid=1001, si_status=0, si_utime=0, si_stime=0} ---
9393  clone(child_stack=0x699d0ecbe000, flags=CLONE_VM|CLONE_FS|CLONE_FILES|CLONE_SIGHAND|CLONE_THREAD|CLONE_SYSVSEM <unfinished ...>
9398  tgkill(9393, 9393, SIGURG <unfinished ...>
9393  <... clone resumed>)              = 9399
9398  <... tgkill resumed>)             = 0
9393  --- SIGURG {si_signo=SIGURG, si_code=SI_TKILL, si_pid=9393, si_uid=1001} ---
9393  clone(child_stack=0x699d0ecba000, flags=CLONE_VM|CLONE_FS|CLONE_FILES|CLONE_SIGHAND|CLONE_THREAD|CLONE_SYSVSEM) = 9400
9399  clone(child_stack=0x699d0ed18000, flags=CLONE_VM|CLONE_FS|CLONE_FILES|CLONE_SIGHAND|CLONE_THREAD|CLONE_SYSVSEM <unfinished ...>
9397  execve("/opt/hostedtoolcache/go/1.27.0/arm64/pkg/tool/linux_arm64/asm", ["/opt/hostedtoolcache/go/1.27.0/a"..., "-p", "internal/runtime/sys", "-trimpath", "/tmp/go-build1496978431/b027=>", "-I", "/tmp/go-build1496978431/b027/", "-I", "/opt/hostedtoolcache/go/1.27.0/a"..., "-D", "GOOS_linux", "-D", "GOARCH_arm64", "-std", "-gensymabis", "-o", "/tmp/go-build1496978431/b027/sym"..., "/opt/hostedtoolcache/go/1.27.0/a"..., "/opt/hostedtoolcache/go/1.27.0/a"...], 0x115fd7dbd208 /* 140 vars */ <unfinished ...>
9399  <... clone resumed>)              = 9401
9397  <... execve resumed>)             = 0
9200  <... clone resumed>, parent_tid=[17]) = 9397
9200  waitid(P_PIDFD, 17,  <unfinished ...>
9396  clone(child_stack=0x68021e27c000, flags=CLONE_VM|CLONE_FS|CLONE_FILES|CLONE_SIGHAND|CLONE_THREAD|CLONE_SYSVSEM) = 9402
9402  tgkill(9396, 9396, SIGURG)        = 0
9396  --- SIGURG {si_signo=SIGURG, si_code=SI_TKILL, si_pid=9396, si_uid=1001} ---
9402  tgkill(9396, 9396, SIGURG)        = 0
9398  clone(child_stack=0x699d0f124000, flags=CLONE_VM|CLONE_FS|CLONE_FILES|CLONE_SIGHAND|CLONE_THREAD|CLONE_SYSVSEM <unfinished ...>
9396  clone(child_stack=0x68021e2b4000, flags=CLONE_VM|CLONE_FS|CLONE_FILES|CLONE_SIGHAND|CLONE_THREAD|CLONE_SYSVSEM <unfinished ...>
9398  <... clone resumed>)              = 9403
9396  <... clone resumed>)              = 9404
9396  --- SIGURG {si_signo=SIGURG, si_code=SI_TKILL, si_pid=9396, si_uid=1001} ---
9396  clone(child_stack=0x68021e2b0000, flags=CLONE_VM|CLONE_FS|CLONE_FILES|CLONE_SIGHAND|CLONE_THREAD|CLONE_SYSVSEM) = 9405
9404  clone(child_stack=0x68021e318000, flags=CLONE_VM|CLONE_FS|CLONE_FILES|CLONE_SIGHAND|CLONE_THREAD|CLONE_SYSVSEM) = 9406
9406  clone(child_stack=0x68021e314000, flags=CLONE_VM|CLONE_FS|CLONE_FILES|CLONE_SIGHAND|CLONE_THREAD|CLONE_SYSVSEM) = 9407
9397  clone(child_stack=0x1d555133c000, flags=CLONE_VM|CLONE_FS|CLONE_FILES|CLONE_SIGHAND|CLONE_THREAD|CLONE_SYSVSEM) = 9408
9397  clone(child_stack=0x1d5551374000, flags=CLONE_VM|CLONE_FS|CLONE_FILES|CLONE_SIGHAND|CLONE_THREAD|CLONE_SYSVSEM) = 9409
9397  clone(child_stack=0x1d5551370000, flags=CLONE_VM|CLONE_FS|CLONE_FILES|CLONE_SIGHAND|CLONE_THREAD|CLONE_SYSVSEM) = 9410
9409  clone(child_stack=0x1d55513a0000, flags=CLONE_VM|CLONE_FS|CLONE_FILES|CLONE_SIGHAND|CLONE_THREAD|CLONE_SYSVSEM) = 9411
9198  tgkill(9197, 9201, SIGURG)        = 0
9201  --- SIGURG {si_signo=SIGURG, si_code=SI_TKILL, si_pid=9197, si_uid=1001} ---
9396  exit_group(0)                     = ?
9407  +++ exited with 0 +++
9406  +++ exited with 0 +++
9405  +++ exited with 0 +++
9404  +++ exited with 0 +++
9402  +++ exited with 0 +++
9396  +++ exited with 0 +++
9367  --- SIGCHLD {si_signo=SIGCHLD, si_code=CLD_EXITED, si_pid=9396, si_uid=1001, si_status=0, si_utime=0, si_stime=0} ---
9199  <... waitid resumed>{si_signo=SIGCHLD, si_code=CLD_EXITED, si_pid=9396, si_uid=1001, si_status=0, si_utime=0, si_stime=0}, WEXITED, {ru_utime={tv_sec=0, tv_usec=2642}, ru_stime={tv_sec=0, tv_usec=3963}, ...}) = 0
9397  exit_group(0)                     = ?
9410  +++ exited with 0 +++
9409  +++ exited with 0 +++
9408  +++ exited with 0 +++
9398  tgkill(9393, 9400, SIGURG)        = 0
9400  --- SIGURG {si_signo=SIGURG, si_code=SI_TKILL, si_pid=9393, si_uid=1001} ---
9411  +++ exited with 0 +++
9397  +++ exited with 0 +++
9200  <... waitid resumed>{si_signo=SIGCHLD, si_code=CLD_EXITED, si_pid=9397, si_uid=1001, si_status=0, si_utime=0, si_stime=0}, WEXITED, {ru_utime={tv_sec=0, tv_usec=949}, ru_stime={tv_sec=0, tv_usec=5694}, ...}) = 0
9199  --- SIGCHLD {si_signo=SIGCHLD, si_code=CLD_EXITED, si_pid=9397, si_uid=1001, si_status=0, si_utime=0, si_stime=0} ---
9202  clone(child_stack=NULL, flags=CLONE_VM|CLONE_PIDFD|CLONE_VFORK|SIGCHLD <unfinished ...>
9367  clone(child_stack=NULL, flags=CLONE_VM|CLONE_PIDFD|CLONE_VFORK|SIGCHLD <unfinished ...>
9413  execve("/opt/hostedtoolcache/go/1.27.0/arm64/pkg/tool/linux_arm64/compile", ["/opt/hostedtoolcache/go/1.27.0/a"..., "-o", "/tmp/go-build1496978431/b027/_pk"..., "-trimpath", "/tmp/go-build1496978431/b027=>", "-p", "internal/runtime/sys", "-lang=go1.27", "-std", "-buildid", "hb5lYIXQrhdvyuACA4Zm/hb5lYIXQrhd"..., "-goversion", "go1.27.0", "-symabis", "/tmp/go-build1496978431/b027/sym"..., "-c=4", "-nolocalimports", "-importcfg", "/tmp/go-build1496978431/b027/imp"..., "-pack", "-asmhdr", "/tmp/go-build1496978431/b027/go_"..., "/opt/hostedtoolcache/go/1.27.0/a"..., "/opt/hostedtoolcache/go/1.27.0/a"..., "/opt/hostedtoolcache/go/1.27.0/a"..., "/opt/hostedtoolcache/go/1.27.0/a"..., "/opt/hostedtoolcache/go/1.27.0/a"..., "/opt/hostedtoolcache/go/1.27.0/a"..., "/opt/hostedtoolcache/go/1.27.0/a"...], 0x115fd8060908 /* 140 vars */ <unfinished ...>
9412  execve("/opt/hostedtoolcache/go/1.27.0/arm64/pkg/tool/linux_arm64/compile", ["/opt/hostedtoolcache/go/1.27.0/a"..., "-o", "/tmp/go-build1496978431/b024/_pk"..., "-trimpath", "/tmp/go-build1496978431/b024=>", "-p", "internal/runtime/exithook", "-lang=go1.27", "-std", "-complete", "-buildid", "L-6vrqnwTTLYdhpnv_4g/L-6vrqnwTTL"..., "-goversion", "go1.27.0", "-c=4", "-nolocalimports", "-importcfg", "/tmp/go-build1496978431/b024/imp"..., "-pack", "/opt/hostedtoolcache/go/1.27.0/a"...], 0x115fd7dbd688 /* 140 vars */ <unfinished ...>
9367  <... clone resumed>, parent_tid=[22]) = 9413
9202  <... clone resumed>, parent_tid=[19]) = 9412
9413  <... execve resumed>)             = 0
9412  <... execve resumed>)             = 0
9367  waitid(P_PIDFD, 22,  <unfinished ...>
9202  waitid(P_PIDFD, 19,  <unfinished ...>
9198  tgkill(9197, 9199, SIGURG <unfinished ...>
9199  --- SIGURG {si_signo=SIGURG, si_code=SI_TKILL, si_pid=9197, si_uid=1001} ---
9198  <... tgkill resumed>)             = 0
9199  clone(child_stack=NULL, flags=CLONE_VM|CLONE_PIDFD|CLONE_VFORK|SIGCHLD <unfinished ...>
9197  tgkill(9197, 9199, SIGURG)        = 0
9413  clone(child_stack=0x77cd4dfd4000, flags=CLONE_VM|CLONE_FS|CLONE_FILES|CLONE_SIGHAND|CLONE_THREAD|CLONE_SYSVSEM) = 9415
9414  execve("/opt/hostedtoolcache/go/1.27.0/arm64/pkg/tool/linux_arm64/compile", ["/opt/hostedtoolcache/go/1.27.0/a"..., "-o", "/tmp/go-build1496978431/b029/_pk"..., "-trimpath", "/tmp/go-build1496978431/b029=>", "-p", "internal/asan", "-lang=go1.27", "-std", "-complete", "-buildid", "Snahoii3H7aBXR6VnsVl/Snahoii3H7a"..., "-goversion", "go1.27.0", "-c=4", "-nolocalimports", "-importcfg", "/tmp/go-build1496978431/b029/imp"..., "-pack", "/opt/hostedtoolcache/go/1.27.0/a"..., "/opt/hostedtoolcache/go/1.27.0/a"...], 0x115fd8060d88 /* 140 vars */ <unfinished ...>
9199  <... clone resumed>, parent_tid=[15]) = 9414
9414  <... execve resumed>)             = 0
9412  clone(child_stack=0x7d9506e34000, flags=CLONE_VM|CLONE_FS|CLONE_FILES|CLONE_SIGHAND|CLONE_THREAD|CLONE_SYSVSEM <unfinished ...>
9199  --- SIGURG {si_signo=SIGURG, si_code=SI_TKILL, si_pid=9197, si_uid=1001} ---
9412  <... clone resumed>)              = 9416
9413  clone(child_stack=0x77cd4e010000, flags=CLONE_VM|CLONE_FS|CLONE_FILES|CLONE_SIGHAND|CLONE_THREAD|CLONE_SYSVSEM) = 9417
9415  tgkill(9413, 9413, SIGURG)        = 0
9413  --- SIGURG {si_signo=SIGURG, si_code=SI_TKILL, si_pid=9413, si_uid=1001} ---
9412  clone(child_stack=0x7d9506e6c000, flags=CLONE_VM|CLONE_FS|CLONE_FILES|CLONE_SIGHAND|CLONE_THREAD|CLONE_SYSVSEM <unfinished ...>
9413  clone(child_stack=0x77cd4e00c000, flags=CLONE_VM|CLONE_FS|CLONE_FILES|CLONE_SIGHAND|CLONE_THREAD|CLONE_SYSVSEM) = 9419
9412  <... clone resumed>)              = 9418
9412  clone(child_stack=0x7d9506e68000, flags=CLONE_VM|CLONE_FS|CLONE_FILES|CLONE_SIGHAND|CLONE_THREAD|CLONE_SYSVSEM) = 9420
9199  waitid(P_PIDFD, 15,  <unfinished ...>
9418  clone(child_stack=0x7d9506e98000, flags=CLONE_VM|CLONE_FS|CLONE_FILES|CLONE_SIGHAND|CLONE_THREAD|CLONE_SYSVSEM <unfinished ...>
9417  clone(child_stack=0x77cd4e030000, flags=CLONE_VM|CLONE_FS|CLONE_FILES|CLONE_SIGHAND|CLONE_THREAD|CLONE_SYSVSEM) = 9421
9418  <... clone resumed>)              = 9422
9398  tgkill(9393, 9403, SIGURG)        = 0
9403  --- SIGURG {si_signo=SIGURG, si_code=SI_TKILL, si_pid=9393, si_uid=1001} ---
9197  tgkill(9197, 9201, SIGURG)        = 0
9201  --- SIGURG {si_signo=SIGURG, si_code=SI_TKILL, si_pid=9197, si_uid=1001} ---
9414  clone(child_stack=0x6da7f82a4000, flags=CLONE_VM|CLONE_FS|CLONE_FILES|CLONE_SIGHAND|CLONE_THREAD|CLONE_SYSVSEM) = 9423
9414  clone(child_stack=0x6da7f82dc000, flags=CLONE_VM|CLONE_FS|CLONE_FILES|CLONE_SIGHAND|CLONE_THREAD|CLONE_SYSVSEM) = 9424
9414  clone(child_stack=0x6da7f82d8000, flags=CLONE_VM|CLONE_FS|CLONE_FILES|CLONE_SIGHAND|CLONE_THREAD|CLONE_SYSVSEM) = 9425
9414  clone(child_stack=0x6da7f8300000, flags=CLONE_VM|CLONE_FS|CLONE_FILES|CLONE_SIGHAND|CLONE_THREAD|CLONE_SYSVSEM) = 9426
9415  clone(child_stack=0x77cd4e056000, flags=CLONE_VM|CLONE_FS|CLONE_FILES|CLONE_SIGHAND|CLONE_THREAD|CLONE_SYSVSEM) = 9427
9415  tgkill(9413, 9427, SIGURG)        = 0
9427  --- SIGURG {si_signo=SIGURG, si_code=SI_TKILL, si_pid=9413, si_uid=1001} ---
9423  tgkill(9414, 9425, SIGURG)        = 0
9425  --- SIGURG {si_signo=SIGURG, si_code=SI_TKILL, si_pid=9414, si_uid=1001} ---
9416  tgkill(9412, 9412, SIGURG)        = 0
9412  --- SIGURG {si_signo=SIGURG, si_code=SI_TKILL, si_pid=9412, si_uid=1001} ---
9398  tgkill(9393, 9393, SIGURG <unfinished ...>
9419  exit_group(0)                     = ?
9417  +++ exited with 0 +++
9427  +++ exited with 0 +++
9419  +++ exited with 0 +++
9415  +++ exited with 0 +++
9421  +++ exited with 0 +++
9413  +++ exited with 0 +++
9200  --- SIGCHLD {si_signo=SIGCHLD, si_code=CLD_EXITED, si_pid=9413, si_uid=1001, si_status=0, si_utime=0, si_stime=0} ---
9398  <... tgkill resumed>)             = 0
9367  <... waitid resumed>{si_signo=SIGCHLD, si_code=CLD_EXITED, si_pid=9413, si_uid=1001, si_status=0, si_utime=0, si_stime=0}, WEXITED, {ru_utime={tv_sec=0, tv_usec=12061}, ru_stime={tv_sec=0, tv_usec=6701}, ...}) = 0
9398  tgkill(9393, 9399, SIGURG)        = 0
9399  --- SIGURG {si_signo=SIGURG, si_code=SI_TKILL, si_pid=9393, si_uid=1001} ---
9398  tgkill(9393, 9403, SIGURG <unfinished ...>
9393  --- SIGURG {si_signo=SIGURG, si_code=SI_TKILL, si_pid=9393, si_uid=1001} ---
9403  --- SIGURG {si_signo=SIGURG, si_code=SI_TKILL, si_pid=9393, si_uid=1001} ---
9398  <... tgkill resumed>)             = 0
9398  tgkill(9393, 9400, SIGURG)        = 0
9400  --- SIGURG {si_signo=SIGURG, si_code=SI_TKILL, si_pid=9393, si_uid=1001} ---
9414  exit_group(0)                     = ?
9423  +++ exited with 0 +++
9367  clone(child_stack=NULL, flags=CLONE_VM|CLONE_PIDFD|CLONE_VFORK|SIGCHLD <unfinished ...>
9426  +++ exited with 0 +++
9424  +++ exited with 0 +++
9425  +++ exited with 0 +++
9420  exit_group(0)                     = ?
9418  +++ exited with 0 +++
9420  +++ exited with 0 +++
9416  +++ exited with 0 +++
9414  +++ exited with 0 +++
9200  --- SIGCHLD {si_signo=SIGCHLD, si_code=CLD_EXITED, si_pid=9414, si_uid=1001, si_status=0, si_utime=0, si_stime=0} ---
9199  <... waitid resumed>{si_signo=SIGCHLD, si_code=CLD_EXITED, si_pid=9414, si_uid=1001, si_status=0, si_utime=0, si_stime=0}, WEXITED, {ru_utime={tv_sec=0, tv_usec=5112}, ru_stime={tv_sec=0, tv_usec=5964}, ...}) = 0
9198  tgkill(9197, 9199, SIGURG)        = 0
9199  --- SIGURG {si_signo=SIGURG, si_code=SI_TKILL, si_pid=9197, si_uid=1001} ---
9422  +++ exited with 0 +++
9412  +++ exited with 0 +++
9428  execve("/opt/hostedtoolcache/go/1.27.0/arm64/pkg/tool/linux_arm64/asm", ["/opt/hostedtoolcache/go/1.27.0/a"..., "-p", "internal/runtime/sys", "-trimpath", "/tmp/go-build1496978431/b027=>", "-I", "/tmp/go-build1496978431/b027/", "-I", "/opt/hostedtoolcache/go/1.27.0/a"..., "-D", "GOOS_linux", "-D", "GOARCH_arm64", "-std", "-o", "/tmp/go-build1496978431/b027/dit"..., "/opt/hostedtoolcache/go/1.27.0/a"...], 0x115fd7e60488 /* 140 vars */ <unfinished ...>
9202  <... waitid resumed>{si_signo=SIGCHLD, si_code=CLD_EXITED, si_pid=9412, si_uid=1001, si_status=0, si_utime=0, si_stime=0}, WEXITED, {ru_utime={tv_sec=0, tv_usec=12254}, ru_stime={tv_sec=0, tv_usec=4713}, ...}) = 0
9198  --- SIGCHLD {si_signo=SIGCHLD, si_code=CLD_EXITED, si_pid=9412, si_uid=1001, si_status=0, si_utime=1 /* 0.01 s */, si_stime=0} ---
9367  <... clone resumed>, parent_tid=[16]) = 9428
9428  <... execve resumed>)             = 0
9367  waitid(P_PIDFD, 16,  <unfinished ...>
9428  clone(child_stack=0xaaea41b6000, flags=CLONE_VM|CLONE_FS|CLONE_FILES|CLONE_SIGHAND|CLONE_THREAD|CLONE_SYSVSEM) = 9429
9428  clone(child_stack=0xaaea41ee000, flags=CLONE_VM|CLONE_FS|CLONE_FILES|CLONE_SIGHAND|CLONE_THREAD|CLONE_SYSVSEM) = 9430
9429  tgkill(9428, 9428, SIGURG)        = 0
9428  clone(child_stack=0xaaea41ea000, flags=CLONE_VM|CLONE_FS|CLONE_FILES|CLONE_SIGHAND|CLONE_THREAD|CLONE_SYSVSEM) = 9431
9428  --- SIGURG {si_signo=SIGURG, si_code=SI_TKILL, si_pid=9428, si_uid=1001} ---
9430  clone(child_stack=0xaaea4218000, flags=CLONE_VM|CLONE_FS|CLONE_FILES|CLONE_SIGHAND|CLONE_THREAD|CLONE_SYSVSEM) = 9432
9428  clone(child_stack=0xaaea4214000, flags=CLONE_VM|CLONE_FS|CLONE_FILES|CLONE_SIGHAND|CLONE_THREAD|CLONE_SYSVSEM) = 9433
9428  exit_group(0)                     = ?
9433  +++ exited with 0 +++
9432  +++ exited with 0 +++
9431  +++ exited with 0 +++
9430  +++ exited with 0 +++
9429  +++ exited with 0 +++
9428  +++ exited with 0 +++
9367  <... waitid resumed>{si_signo=SIGCHLD, si_code=CLD_EXITED, si_pid=9428, si_uid=1001, si_status=0, si_utime=0, si_stime=0}, WEXITED, {ru_utime={tv_sec=0, tv_usec=1192}, ru_stime={tv_sec=0, tv_usec=3576}, ...}) = 0
9203  --- SIGCHLD {si_signo=SIGCHLD, si_code=CLD_EXITED, si_pid=9428, si_uid=1001, si_status=0, si_utime=0, si_stime=0} ---
9200  clone(child_stack=NULL, flags=CLONE_VM|CLONE_PIDFD|CLONE_VFORK|SIGCHLD <unfinished ...>
9199  clone(child_stack=NULL, flags=CLONE_VM|CLONE_PIDFD|CLONE_VFORK|SIGCHLD <unfinished ...>
9203  clone(child_stack=NULL, flags=CLONE_VM|CLONE_PIDFD|CLONE_VFORK|SIGCHLD <unfinished ...>
9198  tgkill(9197, 9200, SIGURG)        = 0
9434  execve("/opt/hostedtoolcache/go/1.27.0/arm64/pkg/tool/linux_arm64/compile", ["/opt/hostedtoolcache/go/1.27.0/a"..., "-o", "/tmp/go-build1496978431/b030/_pk"..., "-trimpath", "/tmp/go-build1496978431/b030=>", "-p", "internal/msan", "-lang=go1.27", "-std", "-complete", "-buildid", "SalpvnYs6FblIFmlJqe1/SalpvnYs6Fb"..., "-goversion", "go1.27.0", "-c=4", "-nolocalimports", "-importcfg", "/tmp/go-build1496978431/b030/imp"..., "-pack", "/opt/hostedtoolcache/go/1.27.0/a"..., "/opt/hostedtoolcache/go/1.27.0/a"...], 0x115fd7dbd208 /* 140 vars */ <unfinished ...>
9200  <... clone resumed>, parent_tid=[20]) = 9434
9434  <... execve resumed>)             = 0
9436  execve("/opt/hostedtoolcache/go/1.27.0/arm64/pkg/tool/linux_arm64/asm", ["/opt/hostedtoolcache/go/1.27.0/a"..., "-p", "internal/runtime/sys", "-trimpath", "/tmp/go-build1496978431/b027=>", "-I", "/tmp/go-build1496978431/b027/", "-I", "/opt/hostedtoolcache/go/1.27.0/a"..., "-D", "GOOS_linux", "-D", "GOARCH_arm64", "-std", "-o", "/tmp/go-build1496978431/b027/emp"..., "/opt/hostedtoolcache/go/1.27.0/a"...], 0x115fd7d86008 /* 140 vars */ <unfinished ...>
9200  --- SIGURG {si_signo=SIGURG, si_code=SI_TKILL, si_pid=9197, si_uid=1001} ---
9203  <... clone resumed>, parent_tid=[26]) = 9436
9436  <... execve resumed>)             = 0
9203  waitid(P_PIDFD, 26,  <unfinished ...>
9435  execve("/opt/hostedtoolcache/go/1.27.0/arm64/pkg/tool/linux_arm64/compile", ["/opt/hostedtoolcache/go/1.27.0/a"..., "-o", "/tmp/go-build1496978431/b031/_pk"..., "-trimpath", "/tmp/go-build1496978431/b031=>", "-p", "internal/race", "-lang=go1.27", "-std", "-complete", "-buildid", "LM_jpfbmgh_qCeAVD4lm/LM_jpfbmgh_"..., "-goversion", "go1.27.0", "-c=4", "-nolocalimports", "-importcfg", "/tmp/go-build1496978431/b031/imp"..., "-pack", "/opt/hostedtoolcache/go/1.27.0/a"..., "/opt/hostedtoolcache/go/1.27.0/a"...], 0x115fd8060008 /* 140 vars */ <unfinished ...>
9199  <... clone resumed>, parent_tid=[23]) = 9435
9435  <... execve resumed>)             = 0
9199  waitid(P_PIDFD, 23,  <unfinished ...>
9200  waitid(P_PIDFD, 20,  <unfinished ...>
9398  tgkill(9393, 9399, SIGURG)        = 0
9399  --- SIGURG {si_signo=SIGURG, si_code=SI_TKILL, si_pid=9393, si_uid=1001} ---
9399  exit_group(0)                     = ?
9403  +++ exited with 0 +++
9399  +++ exited with 0 +++
9400  +++ exited with 0 +++
9401  +++ exited with 0 +++
9398  +++ exited with 0 +++
9393  +++ exited with 0 +++
9367  --- SIGCHLD {si_signo=SIGCHLD, si_code=CLD_EXITED, si_pid=9393, si_uid=1001, si_status=0, si_utime=10 /* 0.10 s */, si_stime=2 /* 0.02 s */} ---
9205  <... waitid resumed>{si_signo=SIGCHLD, si_code=CLD_EXITED, si_pid=9393, si_uid=1001, si_status=0, si_utime=0, si_stime=0}, WEXITED, {ru_utime={tv_sec=0, tv_usec=99283}, ru_stime={tv_sec=0, tv_usec=22609}, ...}) = 0
9436  clone(child_stack=0x2f00a1418000, flags=CLONE_VM|CLONE_FS|CLONE_FILES|CLONE_SIGHAND|CLONE_THREAD|CLONE_SYSVSEM) = 9437
9436  clone(child_stack=0x2f00a1450000, flags=CLONE_VM|CLONE_FS|CLONE_FILES|CLONE_SIGHAND|CLONE_THREAD|CLONE_SYSVSEM) = 9438
9437  tgkill(9436, 9436, SIGURG <unfinished ...>
9436  clone(child_stack=0x2f00a144c000, flags=CLONE_VM|CLONE_FS|CLONE_FILES|CLONE_SIGHAND|CLONE_THREAD|CLONE_SYSVSEM <unfinished ...>
9437  <... tgkill resumed>)             = 0
9436  <... clone resumed>)              = 9439
9436  --- SIGURG {si_signo=SIGURG, si_code=SI_TKILL, si_pid=9436, si_uid=1001} ---
9438  clone(child_stack=0x2f00a1498000, flags=CLONE_VM|CLONE_FS|CLONE_FILES|CLONE_SIGHAND|CLONE_THREAD|CLONE_SYSVSEM <unfinished ...>
9436  clone(child_stack=0x2f00a1494000, flags=CLONE_VM|CLONE_FS|CLONE_FILES|CLONE_SIGHAND|CLONE_THREAD|CLONE_SYSVSEM <unfinished ...>
9438  <... clone resumed>)              = 9440
9436  <... clone resumed>)              = 9441
9434  clone(child_stack=0x8fa38366000, flags=CLONE_VM|CLONE_FS|CLONE_FILES|CLONE_SIGHAND|CLONE_THREAD|CLONE_SYSVSEM <unfinished ...>
9435  clone(child_stack=0x54cf1a41a000, flags=CLONE_VM|CLONE_FS|CLONE_FILES|CLONE_SIGHAND|CLONE_THREAD|CLONE_SYSVSEM <unfinished ...>
9434  <... clone resumed>)              = 9442
9435  <... clone resumed>)              = 9443
9434  clone(child_stack=0x8fa383a0000, flags=CLONE_VM|CLONE_FS|CLONE_FILES|CLONE_SIGHAND|CLONE_THREAD|CLONE_SYSVSEM <unfinished ...>
9435  clone(child_stack=0x54cf1a452000, flags=CLONE_VM|CLONE_FS|CLONE_FILES|CLONE_SIGHAND|CLONE_THREAD|CLONE_SYSVSEM) = 9445
9434  <... clone resumed>)              = 9444
9442  tgkill(9434, 9434, SIGURG)        = 0
9434  --- SIGURG {si_signo=SIGURG, si_code=SI_TKILL, si_pid=9434, si_uid=1001} ---
9443  tgkill(9435, 9435, SIGURG)        = 0
9435  clone(child_stack=0x54cf1a44e000, flags=CLONE_VM|CLONE_FS|CLONE_FILES|CLONE_SIGHAND|CLONE_THREAD|CLONE_SYSVSEM) = 9446
9434  clone(child_stack=0x8fa3839c000, flags=CLONE_VM|CLONE_FS|CLONE_FILES|CLONE_SIGHAND|CLONE_THREAD|CLONE_SYSVSEM <unfinished ...>
9435  --- SIGURG {si_signo=SIGURG, si_code=SI_TKILL, si_pid=9435, si_uid=1001} ---
9434  <... clone resumed>)              = 9447
9445  clone(child_stack=0x54cf1a498000, flags=CLONE_VM|CLONE_FS|CLONE_FILES|CLONE_SIGHAND|CLONE_THREAD|CLONE_SYSVSEM) = 9448
9444  clone(child_stack=0x8fa383c0000, flags=CLONE_VM|CLONE_FS|CLONE_FILES|CLONE_SIGHAND|CLONE_THREAD|CLONE_SYSVSEM) = 9449
9436  exit_group(0)                     = ?
9438  +++ exited with 0 +++
9437  +++ exited with 0 +++
9441  +++ exited with 0 +++
9439  +++ exited with 0 +++
9440  +++ exited with 0 +++
9436  +++ exited with 0 +++
9203  <... waitid resumed>{si_signo=SIGCHLD, si_code=CLD_EXITED, si_pid=9436, si_uid=1001, si_status=0, si_utime=0, si_stime=0}, WEXITED, {ru_utime={tv_sec=0, tv_usec=1852}, ru_stime={tv_sec=0, tv_usec=3704}, ...}) = 0
9205  --- SIGCHLD {si_signo=SIGCHLD, si_code=CLD_EXITED, si_pid=9436, si_uid=1001, si_status=0, si_utime=0, si_stime=0} ---
9367  clone(child_stack=NULL, flags=CLONE_VM|CLONE_PIDFD|CLONE_VFORK|SIGCHLD <unfinished ...>
9449  exit_group(0)                     = ?
9444  +++ exited with 0 +++
9447  +++ exited with 0 +++
9442  +++ exited with 0 +++
9449  +++ exited with 0 +++
9434  +++ exited with 0 +++
9200  <... waitid resumed>{si_signo=SIGCHLD, si_code=CLD_EXITED, si_pid=9434, si_uid=1001, si_status=0, si_utime=0, si_stime=0}, WEXITED, {ru_utime={tv_sec=0, tv_usec=6590}, ru_stime={tv_sec=0, tv_usec=5491}, ...}) = 0
9203  --- SIGCHLD {si_signo=SIGCHLD, si_code=CLD_EXITED, si_pid=9434, si_uid=1001, si_status=0, si_utime=0, si_stime=0} ---
9450  execve("/opt/hostedtoolcache/go/1.27.0/arm64/pkg/tool/linux_arm64/compile", ["/opt/hostedtoolcache/go/1.27.0/a"..., "-o", "/tmp/go-build1496978431/b020/_pk"..., "-trimpath", "/tmp/go-build1496978431/b020=>", "-p", "internal/runtime/cgroup", "-lang=go1.27", "-std", "-complete", "-buildid", "-5oXMvpvNUitWArimBbV/-5oXMvpvNUi"..., "-goversion", "go1.27.0", "-c=4", "-nolocalimports", "-importcfg", "/tmp/go-build1496978431/b020/imp"..., "-pack", "/opt/hostedtoolcache/go/1.27.0/a"..., "/opt/hostedtoolcache/go/1.27.0/a"..., "/opt/hostedtoolcache/go/1.27.0/a"..., "/opt/hostedtoolcache/go/1.27.0/a"...], 0x115fd7e60908 /* 140 vars */ <unfinished ...>
9367  <... clone resumed>, parent_tid=[14]) = 9450
9450  <... execve resumed>)             = 0
9445  exit_group(0)                     = ?
9448  +++ exited with 0 +++
9443  +++ exited with 0 +++
9445  +++ exited with 0 +++
9367  waitid(P_PIDFD, 14,  <unfinished ...>
9205  clone(child_stack=NULL, flags=CLONE_VM|CLONE_PIDFD|CLONE_VFORK|SIGCHLD <unfinished ...>
9446  +++ exited with 0 +++
9435  +++ exited with 0 +++
9203  --- SIGCHLD {si_signo=SIGCHLD, si_code=CLD_EXITED, si_pid=9435, si_uid=1001, si_status=0, si_utime=0, si_stime=0} ---
9199  <... waitid resumed>{si_signo=SIGCHLD, si_code=CLD_EXITED, si_pid=9435, si_uid=1001, si_status=0, si_utime=0, si_stime=0}, WEXITED, {ru_utime={tv_sec=0, tv_usec=8511}, ru_stime={tv_sec=0, tv_usec=6619}, ...}) = 0
9451  execve("/opt/hostedtoolcache/go/1.27.0/arm64/pkg/tool/linux_arm64/compile", ["/opt/hostedtoolcache/go/1.27.0/a"..., "-o", "/tmp/go-build1496978431/b026/_pk"..., "-trimpath", "/tmp/go-build1496978431/b026=>", "-p", "internal/runtime/gc/scan", "-lang=go1.27", "-std", "-complete", "-buildid", "7N6iVycJuk80ivyeeBlj/7N6iVycJuk8"..., "-goversion", "go1.27.0", "-c=4", "-nolocalimports", "-importcfg", "/tmp/go-build1496978431/b026/imp"..., "-pack", "/opt/hostedtoolcache/go/1.27.0/a"..., "/opt/hostedtoolcache/go/1.27.0/a"..., "/opt/hostedtoolcache/go/1.27.0/a"..., "/opt/hostedtoolcache/go/1.27.0/a"..., "/opt/hostedtoolcache/go/1.27.0/a"...], 0x115fd7d87688 /* 140 vars */ <unfinished ...>
9205  <... clone resumed>, parent_tid=[11]) = 9451
9451  <... execve resumed>)             = 0
9205  waitid(P_PIDFD, 11,  <unfinished ...>
9203  tgkill(9197, 9197, SIGURG)        = 0
9197  --- SIGURG {si_signo=SIGURG, si_code=SI_TKILL, si_pid=9197, si_uid=1001} ---
9200  clone(child_stack=NULL, flags=CLONE_VM|CLONE_PIDFD|CLONE_VFORK|SIGCHLD <unfinished ...>
9450  clone(child_stack=0x22d68cf9a000, flags=CLONE_VM|CLONE_FS|CLONE_FILES|CLONE_SIGHAND|CLONE_THREAD|CLONE_SYSVSEM) = 9453
9450  clone(child_stack=0x22d68cfd2000, flags=CLONE_VM|CLONE_FS|CLONE_FILES|CLONE_SIGHAND|CLONE_THREAD|CLONE_SYSVSEM) = 9454
9453  tgkill(9450, 9450, SIGURG)        = 0
9450  --- SIGURG {si_signo=SIGURG, si_code=SI_TKILL, si_pid=9450, si_uid=1001} ---
9450  clone(child_stack=0x22d68cfce000, flags=CLONE_VM|CLONE_FS|CLONE_FILES|CLONE_SIGHAND|CLONE_THREAD|CLONE_SYSVSEM) = 9455
9454  clone(child_stack=0x22d68d018000, flags=CLONE_VM|CLONE_FS|CLONE_FILES|CLONE_SIGHAND|CLONE_THREAD|CLONE_SYSVSEM <unfinished ...>
9204  clone(child_stack=NULL, flags=CLONE_VM|CLONE_PIDFD|CLONE_VFORK|SIGCHLD <unfinished ...>
9454  <... clone resumed>)              = 9456
9452  execve("/opt/hostedtoolcache/go/1.27.0/arm64/pkg/tool/linux_arm64/compile", ["/opt/hostedtoolcache/go/1.27.0/a"..., "-o", "/tmp/go-build1496978431/b032/_pk"..., "-trimpath", "/tmp/go-build1496978431/b032=>", "-p", "internal/runtime/math", "-lang=go1.27", "-std", "-complete", "-buildid", "Rl5bQFERfBHM5Kv1jXzG/Rl5bQFERfBH"..., "-goversion", "go1.27.0", "-c=4", "-nolocalimports", "-importcfg", "/tmp/go-build1496978431/b032/imp"..., "-pack", "/opt/hostedtoolcache/go/1.27.0/a"...], 0x115fd7d86008 /* 140 vars */ <unfinished ...>
9200  <... clone resumed>, parent_tid=[17]) = 9452
9452  <... execve resumed>)             = 0
9451  clone(child_stack=0x3997b2ca2000, flags=CLONE_VM|CLONE_FS|CLONE_FILES|CLONE_SIGHAND|CLONE_THREAD|CLONE_SYSVSEM) = 9458
9451  clone(child_stack=0x3997b2cda000, flags=CLONE_VM|CLONE_FS|CLONE_FILES|CLONE_SIGHAND|CLONE_THREAD|CLONE_SYSVSEM) = 9459
9458  tgkill(9451, 9451, SIGURG)        = 0
9451  clone(child_stack=0x3997b2cd6000, flags=CLONE_VM|CLONE_FS|CLONE_FILES|CLONE_SIGHAND|CLONE_THREAD|CLONE_SYSVSEM) = 9460
9451  --- SIGURG {si_signo=SIGURG, si_code=SI_TKILL, si_pid=9451, si_uid=1001} ---
9457  execve("/opt/hostedtoolcache/go/1.27.0/arm64/pkg/tool/linux_arm64/compile", ["/opt/hostedtoolcache/go/1.27.0/a"..., "-o", "/tmp/go-build1496978431/b033/_pk"..., "-trimpath", "/tmp/go-build1496978431/b033=>", "-p", "internal/runtime/pprof/label", "-lang=go1.27", "-std", "-complete", "-buildid", "Eg8N_MxFqku91gGqShHx/Eg8N_MxFqku"..., "-goversion", "go1.27.0", "-c=4", "-nolocalimports", "-importcfg", "/tmp/go-build1496978431/b033/imp"..., "-pack", "/opt/hostedtoolcache/go/1.27.0/a"...], 0x115fd7dbd208 /* 140 vars */ <unfinished ...>
9459  clone(child_stack=0x3997b2d18000, flags=CLONE_VM|CLONE_FS|CLONE_FILES|CLONE_SIGHAND|CLONE_THREAD|CLONE_SYSVSEM) = 9461
9204  <... clone resumed>, parent_tid=[22]) = 9457
9457  <... execve resumed>)             = 0
9461  clone(child_stack=0x3997b2d14000, flags=CLONE_VM|CLONE_FS|CLONE_FILES|CLONE_SIGHAND|CLONE_THREAD|CLONE_SYSVSEM) = 9462
9200  waitid(P_PIDFD, 17,  <unfinished ...>
9204  waitid(P_PIDFD, 22,  <unfinished ...>
9453  clone(child_stack=0x22d68d03e000, flags=CLONE_VM|CLONE_FS|CLONE_FILES|CLONE_SIGHAND|CLONE_THREAD|CLONE_SYSVSEM) = 9463
9452  clone(child_stack=0x21ae5b7c2000, flags=CLONE_VM|CLONE_FS|CLONE_FILES|CLONE_SIGHAND|CLONE_THREAD|CLONE_SYSVSEM) = 9464
9452  clone(child_stack=0x21ae5b7fa000, flags=CLONE_VM|CLONE_FS|CLONE_FILES|CLONE_SIGHAND|CLONE_THREAD|CLONE_SYSVSEM) = 9465
9464  tgkill(9452, 9452, SIGURG)        = 0
9452  --- SIGURG {si_signo=SIGURG, si_code=SI_TKILL, si_pid=9452, si_uid=1001} ---
9452  clone(child_stack=0x21ae5b7f6000, flags=CLONE_VM|CLONE_FS|CLONE_FILES|CLONE_SIGHAND|CLONE_THREAD|CLONE_SYSVSEM <unfinished ...>
9465  clone(child_stack=0x21ae5b820000, flags=CLONE_VM|CLONE_FS|CLONE_FILES|CLONE_SIGHAND|CLONE_THREAD|CLONE_SYSVSEM <unfinished ...>
9452  <... clone resumed>)              = 9466
9465  <... clone resumed>)              = 9467
9457  clone(child_stack=0x4334b9ac4000, flags=CLONE_VM|CLONE_FS|CLONE_FILES|CLONE_SIGHAND|CLONE_THREAD|CLONE_SYSVSEM) = 9468
9457  clone(child_stack=0x4334b9afc000, flags=CLONE_VM|CLONE_FS|CLONE_FILES|CLONE_SIGHAND|CLONE_THREAD|CLONE_SYSVSEM) = 9469
9457  clone(child_stack=0x4334b9af8000, flags=CLONE_VM|CLONE_FS|CLONE_FILES|CLONE_SIGHAND|CLONE_THREAD|CLONE_SYSVSEM) = 9470
9453  tgkill(9450, 9463, SIGURG)        = 0
9470  clone(child_stack=0x4334b9b4a000, flags=CLONE_VM|CLONE_FS|CLONE_FILES|CLONE_SIGHAND|CLONE_THREAD|CLONE_SYSVSEM) = 9471
9458  tgkill(9451, 9461, SIGURG)        = 0
9463  --- SIGURG {si_signo=SIGURG, si_code=SI_TKILL, si_pid=9450, si_uid=1001} ---
9461  --- SIGURG {si_signo=SIGURG, si_code=SI_TKILL, si_pid=9451, si_uid=1001} ---
9464  tgkill(9452, 9452, SIGURG)        = 0
9452  --- SIGURG {si_signo=SIGURG, si_code=SI_TKILL, si_pid=9452, si_uid=1001} ---
9468  tgkill(9457, 9457, SIGURG)        = 0
9457  --- SIGURG {si_signo=SIGURG, si_code=SI_TKILL, si_pid=9457, si_uid=1001} ---
9452  exit_group(0)                     = ?
9465  +++ exited with 0 +++
9467  +++ exited with 0 +++
9466  +++ exited with 0 +++
9457  exit_group(0)                     = ?
9468  +++ exited with 0 +++
9464  +++ exited with 0 +++
9452  +++ exited with 0 +++
9199  --- SIGCHLD {si_signo=SIGCHLD, si_code=CLD_EXITED, si_pid=9452, si_uid=1001, si_status=0, si_utime=0, si_stime=0} ---
9200  <... waitid resumed>{si_signo=SIGCHLD, si_code=CLD_EXITED, si_pid=9452, si_uid=1001, si_status=0, si_utime=0, si_stime=0}, WEXITED, {ru_utime={tv_sec=0, tv_usec=10747}, ru_stime={tv_sec=0, tv_usec=1535}, ...}) = 0
9461  exit_group(0)                     = ?
9458  +++ exited with 0 +++
9461  +++ exited with 0 +++
9470  +++ exited with 0 +++
9469  +++ exited with 0 +++
9462  +++ exited with 0 +++
9459  +++ exited with 0 +++
9471  +++ exited with 0 +++
9457  +++ exited with 0 +++
9204  <... waitid resumed>{si_signo=SIGCHLD, si_code=CLD_EXITED, si_pid=9457, si_uid=1001, si_status=0, si_utime=0, si_stime=0}, WEXITED, {ru_utime={tv_sec=0, tv_usec=7834}, ru_stime={tv_sec=0, tv_usec=4352}, ...}) = 0
9200  --- SIGCHLD {si_signo=SIGCHLD, si_code=CLD_EXITED, si_pid=9457, si_uid=1001, si_status=0, si_utime=0, si_stime=0} ---
9460  +++ exited with 0 +++
9451  +++ exited with 0 +++
9205  <... waitid resumed>{si_signo=SIGCHLD, si_code=CLD_EXITED, si_pid=9451, si_uid=1001, si_status=0, si_utime=0, si_stime=0}, WEXITED, {ru_utime={tv_sec=0, tv_usec=16029}, ru_stime={tv_sec=0, tv_usec=6869}, ...}) = 0
9204  --- SIGCHLD {si_signo=SIGCHLD, si_code=CLD_EXITED, si_pid=9451, si_uid=1001, si_status=0, si_utime=1 /* 0.01 s */, si_stime=0} ---
9453  tgkill(9450, 9450, SIGURG <unfinished ...>
9454  exit_group(0 <unfinished ...>
9453  <... tgkill resumed>)             = ? <unavailable>
9450  ???( <unfinished ...>
9454  <... exit_group resumed>)         = ?
9455  +++ exited with 0 +++
9456  +++ exited with 0 +++
9454  +++ exited with 0 +++
9453  +++ exited with 0 +++
9463  +++ exited with 0 +++
9450  +++ exited with 0 +++
9204  --- SIGCHLD {si_signo=SIGCHLD, si_code=CLD_EXITED, si_pid=9450, si_uid=1001, si_status=0, si_utime=2 /* 0.02 s */, si_stime=1 /* 0.01 s */} ---
9367  <... waitid resumed>{si_signo=SIGCHLD, si_code=CLD_EXITED, si_pid=9450, si_uid=1001, si_status=0, si_utime=0, si_stime=0}, WEXITED, {ru_utime={tv_sec=0, tv_usec=31247}, ru_stime={tv_sec=0, tv_usec=10774}, ...}) = 0
9200  clone(child_stack=NULL, flags=CLONE_VM|CLONE_PIDFD|CLONE_VFORK|SIGCHLD <unfinished ...>
9204  clone(child_stack=NULL, flags=CLONE_VM|CLONE_PIDFD|CLONE_VFORK|SIGCHLD <unfinished ...>
9198  tgkill(9197, 9200, SIGURG)        = 0
9198  tgkill(9197, 9204, SIGURG)        = 0
9472  execve("/opt/hostedtoolcache/go/1.27.0/arm64/pkg/tool/linux_arm64/compile", ["/opt/hostedtoolcache/go/1.27.0/a"..., "-o", "/tmp/go-build1496978431/b034/_pk"..., "-trimpath", "/tmp/go-build1496978431/b034=>", "-p", "internal/stringslite", "-lang=go1.27", "-std", "-complete", "-buildid", "0N5wFt4fbj0ov3472Cb5/0N5wFt4fbj0"..., "-goversion", "go1.27.0", "-c=4", "-nolocalimports", "-importcfg", "/tmp/go-build1496978431/b034/imp"..., "-pack", "/opt/hostedtoolcache/go/1.27.0/a"...], 0x115fd7dbd688 /* 140 vars */ <unfinished ...>
9200  <... clone resumed>, parent_tid=[9]) = 9472
9200  --- SIGURG {si_signo=SIGURG, si_code=SI_TKILL, si_pid=9197, si_uid=1001} ---
9472  <... execve resumed>)             = 0
9198  tgkill(9197, 9200, SIGURG)        = 0
9200  --- SIGURG {si_signo=SIGURG, si_code=SI_TKILL, si_pid=9197, si_uid=1001} ---
9473  execve("/opt/hostedtoolcache/go/1.27.0/arm64/pkg/tool/linux_arm64/compile", ["/opt/hostedtoolcache/go/1.27.0/a"..., "-o", "/tmp/go-build1496978431/b035/_pk"..., "-trimpath", "/tmp/go-build1496978431/b035=>", "-p", "internal/trace/tracev2", "-lang=go1.27", "-std", "-complete", "-buildid", "9X1Bi1Su5X82KuPg6t5X/9X1Bi1Su5X8"..., "-goversion", "go1.27.0", "-c=4", "-nolocalimports", "-importcfg", "/tmp/go-build1496978431/b035/imp"..., "-pack", "/opt/hostedtoolcache/go/1.27.0/a"..., "/opt/hostedtoolcache/go/1.27.0/a"..., "/opt/hostedtoolcache/go/1.27.0/a"...], 0x115fd7d87688 /* 140 vars */ <unfinished ...>
9204  <... clone resumed>, parent_tid=[21]) = 9473
9204  --- SIGURG {si_signo=SIGURG, si_code=SI_TKILL, si_pid=9197, si_uid=1001} ---
9473  <... execve resumed>)             = 0
9200  waitid(P_PIDFD, 9,  <unfinished ...>
9204  waitid(P_PIDFD, 21,  <unfinished ...>
9205  clone(child_stack=NULL, flags=CLONE_VM|CLONE_PIDFD|CLONE_VFORK|SIGCHLD <unfinished ...>
9367  clone(child_stack=NULL, flags=CLONE_VM|CLONE_PIDFD|CLONE_VFORK|SIGCHLD <unfinished ...>
9474  execve("/opt/hostedtoolcache/go/1.27.0/arm64/pkg/tool/linux_arm64/compile", ["/opt/hostedtoolcache/go/1.27.0/a"..., "-o", "/tmp/go-build1496978431/b037/_pk"..., "-trimpath", "/tmp/go-build1496978431/b037=>", "-p", "cmp", "-lang=go1.27", "-std", "-complete", "-buildid", "QFGCIvdatxTPzcM_mdIj/QFGCIvdatxT"..., "-goversion", "go1.27.0", "-c=4", "-nolocalimports", "-importcfg", "/tmp/go-build1496978431/b037/imp"..., "-pack", "/opt/hostedtoolcache/go/1.27.0/a"...], 0x115fd7e60488 /* 140 vars */ <unfinished ...>
9475  execve("/opt/hostedtoolcache/go/1.27.0/arm64/pkg/tool/linux_arm64/asm", ["/opt/hostedtoolcache/go/1.27.0/a"..., "-p", "internal/runtime/maps", "-trimpath", "/tmp/go-build1496978431/b028=>", "-I", "/tmp/go-build1496978431/b028/", "-I", "/opt/hostedtoolcache/go/1.27.0/a"..., "-D", "GOOS_linux", "-D", "GOARCH_arm64", "-std", "-gensymabis", "-o", "/tmp/go-build1496978431/b028/sym"..., "/opt/hostedtoolcache/go/1.27.0/a"...], 0x115fd8060008 /* 140 vars */ <unfinished ...>
9205  <... clone resumed>, parent_tid=[18]) = 9474
9474  <... execve resumed>)             = 0
9367  <... clone resumed>, parent_tid=[22]) = 9475
9475  <... execve resumed>)             = 0
9367  waitid(P_PIDFD, 22,  <unfinished ...>
9205  waitid(P_PIDFD, 18,  <unfinished ...>
9472  clone(child_stack=0x2c9045eb0000, flags=CLONE_VM|CLONE_FS|CLONE_FILES|CLONE_SIGHAND|CLONE_THREAD|CLONE_SYSVSEM) = 9476
9472  clone(child_stack=0x2c9045ee8000, flags=CLONE_VM|CLONE_FS|CLONE_FILES|CLONE_SIGHAND|CLONE_THREAD|CLONE_SYSVSEM <unfinished ...>
9473  clone(child_stack=0x1319cdf4c000, flags=CLONE_VM|CLONE_FS|CLONE_FILES|CLONE_SIGHAND|CLONE_THREAD|CLONE_SYSVSEM <unfinished ...>
9472  <... clone resumed>)              = 9477
9473  <... clone resumed>)              = 9478
9476  tgkill(9472, 9472, SIGURG <unfinished ...>
9472  clone(child_stack=0x2c9045ee4000, flags=CLONE_VM|CLONE_FS|CLONE_FILES|CLONE_SIGHAND|CLONE_THREAD|CLONE_SYSVSEM <unfinished ...>
9476  <... tgkill resumed>)             = 0
9472  <... clone resumed>)              = 9479
9473  clone(child_stack=0x1319cdf88000, flags=CLONE_VM|CLONE_FS|CLONE_FILES|CLONE_SIGHAND|CLONE_THREAD|CLONE_SYSVSEM <unfinished ...>
9472  --- SIGURG {si_signo=SIGURG, si_code=SI_TKILL, si_pid=9472, si_uid=1001} ---
9473  <... clone resumed>)              = 9480
9477  clone(child_stack=0x2c9045f18000, flags=CLONE_VM|CLONE_FS|CLONE_FILES|CLONE_SIGHAND|CLONE_THREAD|CLONE_SYSVSEM) = 9481
9478  tgkill(9473, 9473, SIGURG)        = 0
9472  clone(child_stack=0x2c9045f14000, flags=CLONE_VM|CLONE_FS|CLONE_FILES|CLONE_SIGHAND|CLONE_THREAD|CLONE_SYSVSEM <unfinished ...>
9473  clone(child_stack=0x1319cdf84000, flags=CLONE_VM|CLONE_FS|CLONE_FILES|CLONE_SIGHAND|CLONE_THREAD|CLONE_SYSVSEM <unfinished ...>
9472  <... clone resumed>)              = 9482
9473  <... clone resumed>)              = 9483
9473  --- SIGURG {si_signo=SIGURG, si_code=SI_TKILL, si_pid=9473, si_uid=1001} ---
9480  clone(child_stack=0x1319cdfa8000, flags=CLONE_VM|CLONE_FS|CLONE_FILES|CLONE_SIGHAND|CLONE_THREAD|CLONE_SYSVSEM) = 9484
9475  clone(child_stack=0x132c75b4c000, flags=CLONE_VM|CLONE_FS|CLONE_FILES|CLONE_SIGHAND|CLONE_THREAD|CLONE_SYSVSEM) = 9485
9474  clone(child_stack=0x5b90b7dae000, flags=CLONE_VM|CLONE_FS|CLONE_FILES|CLONE_SIGHAND|CLONE_THREAD|CLONE_SYSVSEM <unfinished ...>
9475  clone(child_stack=0x132c75b88000, flags=CLONE_VM|CLONE_FS|CLONE_FILES|CLONE_SIGHAND|CLONE_THREAD|CLONE_SYSVSEM <unfinished ...>
9474  <... clone resumed>)              = 9486
9475  <... clone resumed>)              = 9487
9485  tgkill(9475, 9475, SIGURG)        = 0
9475  --- SIGURG {si_signo=SIGURG, si_code=SI_TKILL, si_pid=9475, si_uid=1001} ---
9485  tgkill(9475, 9475, SIGURG)        = 0
9475  --- SIGURG {si_signo=SIGURG, si_code=SI_TKILL, si_pid=9475, si_uid=1001} ---
9474  clone(child_stack=0x5b90b7de6000, flags=CLONE_VM|CLONE_FS|CLONE_FILES|CLONE_SIGHAND|CLONE_THREAD|CLONE_SYSVSEM) = 9488
9474  clone(child_stack=0x5b90b7de2000, flags=CLONE_VM|CLONE_FS|CLONE_FILES|CLONE_SIGHAND|CLONE_THREAD|CLONE_SYSVSEM <unfinished ...>
9475  clone(child_stack=0x132c75b84000, flags=CLONE_VM|CLONE_FS|CLONE_FILES|CLONE_SIGHAND|CLONE_THREAD|CLONE_SYSVSEM <unfinished ...>
9488  clone(child_stack=0x5b90b7e18000, flags=CLONE_VM|CLONE_FS|CLONE_FILES|CLONE_SIGHAND|CLONE_THREAD|CLONE_SYSVSEM <unfinished ...>
9474  <... clone resumed>)              = 9489
9487  clone(child_stack=0x132c75ba0000, flags=CLONE_VM|CLONE_FS|CLONE_FILES|CLONE_SIGHAND|CLONE_THREAD|CLONE_SYSVSEM <unfinished ...>
9475  <... clone resumed>)              = 9490
9488  <... clone resumed>)              = 9491
9487  <... clone resumed>)              = 9492
9486  tgkill(9474, 9489, SIGURG)        = 0
9489  --- SIGURG {si_signo=SIGURG, si_code=SI_TKILL, si_pid=9474, si_uid=1001} ---
9476  tgkill(9472, 9472, SIGURG)        = 0
9472  --- SIGURG {si_signo=SIGURG, si_code=SI_TKILL, si_pid=9472, si_uid=1001} ---
9486  tgkill(9474, 9474, SIGURG)        = 0
9474  --- SIGURG {si_signo=SIGURG, si_code=SI_TKILL, si_pid=9474, si_uid=1001} ---
9475  exit_group(0)                     = ?
9490  +++ exited with 0 +++
9485  +++ exited with 0 +++
9478  tgkill(9473, 9484, SIGURG)        = 0
9484  --- SIGURG {si_signo=SIGURG, si_code=SI_TKILL, si_pid=9473, si_uid=1001} ---
9487  +++ exited with 0 +++
9492  +++ exited with 0 +++
9475  +++ exited with 0 +++
9367  <... waitid resumed>{si_signo=SIGCHLD, si_code=CLD_EXITED, si_pid=9475, si_uid=1001, si_status=0, si_utime=0, si_stime=0}, WEXITED, {ru_utime={tv_sec=0, tv_usec=887}, ru_stime={tv_sec=0, tv_usec=6214}, ...}) = 0
9199  --- SIGCHLD {si_signo=SIGCHLD, si_code=CLD_EXITED, si_pid=9475, si_uid=1001, si_status=0, si_utime=0, si_stime=0} ---
9198  tgkill(9197, 9367, SIGURG)        = 0
9474  exit_group(0)                     = ?
9491  +++ exited with 0 +++
9489  +++ exited with 0 +++
9488  +++ exited with 0 +++
9486  +++ exited with 0 +++
9367  --- SIGURG {si_signo=SIGURG, si_code=SI_TKILL, si_pid=9197, si_uid=1001} ---
9474  +++ exited with 0 +++
9367  --- SIGCHLD {si_signo=SIGCHLD, si_code=CLD_EXITED, si_pid=9474, si_uid=1001, si_status=0, si_utime=0, si_stime=0} ---
9205  <... waitid resumed>{si_signo=SIGCHLD, si_code=CLD_EXITED, si_pid=9474, si_uid=1001, si_status=0, si_utime=0, si_stime=0}, WEXITED, {ru_utime={tv_sec=0, tv_usec=4311}, ru_stime={tv_sec=0, tv_usec=7185}, ...}) = 0
9484  exit_group(0)                     = ?
9484  +++ exited with 0 +++
9483  +++ exited with 0 +++
9480  +++ exited with 0 +++
9478  +++ exited with 0 +++
9473  +++ exited with 0 +++
9367  --- SIGCHLD {si_signo=SIGCHLD, si_code=CLD_EXITED, si_pid=9473, si_uid=1001, si_status=0, si_utime=1 /* 0.01 s */, si_stime=0} ---
9204  <... waitid resumed>{si_signo=SIGCHLD, si_code=CLD_EXITED, si_pid=9473, si_uid=1001, si_status=0, si_utime=0, si_stime=0}, WEXITED, {ru_utime={tv_sec=0, tv_usec=13061}, ru_stime={tv_sec=0, tv_usec=7463}, ...}) = 0
9204  clone(child_stack=NULL, flags=CLONE_VM|CLONE_PIDFD|CLONE_VFORK|SIGCHLD <unfinished ...>
9477  exit_group(0)                     = ?
9482  +++ exited with 0 +++
9481  +++ exited with 0 +++
9479  +++ exited with 0 +++
9476  +++ exited with 0 +++
9199  tgkill(9197, 9204, SIGURG)        = 0
9199  tgkill(9197, 9205, SIGURG)        = 0
9477  +++ exited with 0 +++
9472  +++ exited with 0 +++
9205  --- SIGURG {si_signo=SIGURG, si_code=SI_TKILL, si_pid=9197, si_uid=1001} ---
9200  <... waitid resumed>{si_signo=SIGCHLD, si_code=CLD_EXITED, si_pid=9472, si_uid=1001, si_status=0, si_utime=0, si_stime=0}, WEXITED, {ru_utime={tv_sec=0, tv_usec=15547}, ru_stime={tv_sec=0, tv_usec=6218}, ...}) = 0
9200  --- SIGCHLD {si_signo=SIGCHLD, si_code=CLD_EXITED, si_pid=9472, si_uid=1001, si_status=0, si_utime=1 /* 0.01 s */, si_stime=0} ---
9199  tgkill(9197, 9205, SIGURG)        = 0
9205  --- SIGURG {si_signo=SIGURG, si_code=SI_TKILL, si_pid=9197, si_uid=1001} ---
9493  execve("/opt/hostedtoolcache/go/1.27.0/arm64/pkg/tool/linux_arm64/compile", ["/opt/hostedtoolcache/go/1.27.0/a"..., "-o", "/tmp/go-build1496978431/b028/_pk"..., "-trimpath", "/tmp/go-build1496978431/b028=>", "-p", "internal/runtime/maps", "-lang=go1.27", "-std", "-buildid", "VWf-lF96smOc6_-4t8NZ/VWf-lF96smO"..., "-goversion", "go1.27.0", "-symabis", "/tmp/go-build1496978431/b028/sym"..., "-c=4", "-nolocalimports", "-importcfg", "/tmp/go-build1496978431/b028/imp"..., "-pack", "-asmhdr", "/tmp/go-build1496978431/b028/go_"..., "/opt/hostedtoolcache/go/1.27.0/a"..., "/opt/hostedtoolcache/go/1.27.0/a"..., "/opt/hostedtoolcache/go/1.27.0/a"..., "/opt/hostedtoolcache/go/1.27.0/a"..., "/opt/hostedtoolcache/go/1.27.0/a"..., "/opt/hostedtoolcache/go/1.27.0/a"..., "/opt/hostedtoolcache/go/1.27.0/a"..., "/opt/hostedtoolcache/go/1.27.0/a"..., "/opt/hostedtoolcache/go/1.27.0/a"..., "/opt/hostedtoolcache/go/1.27.0/a"..., ...], 0x115fd7cdad88 /* 140 vars */ <unfinished ...>
9204  <... clone resumed>, parent_tid=[16]) = 9493
9493  <... execve resumed>)             = 0
9204  --- SIGURG {si_signo=SIGURG, si_code=SI_TKILL, si_pid=9197, si_uid=1001} ---
9204  waitid(P_PIDFD, 16,  <unfinished ...>
9205  tgkill(9197, 9367, SIGURG)        = 0
9367  --- SIGURG {si_signo=SIGURG, si_code=SI_TKILL, si_pid=9197, si_uid=1001} ---
9205  tgkill(9197, 9200, SIGURG)        = 0
9200  --- SIGURG {si_signo=SIGURG, si_code=SI_TKILL, si_pid=9197, si_uid=1001} ---
9205  tgkill(9197, 9197, SIGURG)        = 0
9197  --- SIGURG {si_signo=SIGURG, si_code=SI_TKILL, si_pid=9197, si_uid=1001} ---
9205  tgkill(9197, 9367, SIGURG)        = 0
9367  --- SIGURG {si_signo=SIGURG, si_code=SI_TKILL, si_pid=9197, si_uid=1001} ---
9205  tgkill(9197, 9197, SIGURG)        = 0
9197  --- SIGURG {si_signo=SIGURG, si_code=SI_TKILL, si_pid=9197, si_uid=1001} ---
9493  clone(child_stack=0x1258dc3a8000, flags=CLONE_VM|CLONE_FS|CLONE_FILES|CLONE_SIGHAND|CLONE_THREAD|CLONE_SYSVSEM) = 9494
9493  clone(child_stack=0x1258dc3e0000, flags=CLONE_VM|CLONE_FS|CLONE_FILES|CLONE_SIGHAND|CLONE_THREAD|CLONE_SYSVSEM) = 9495
9494  tgkill(9493, 9493, SIGURG)        = 0
9493  clone(child_stack=0x1258dc3dc000, flags=CLONE_VM|CLONE_FS|CLONE_FILES|CLONE_SIGHAND|CLONE_THREAD|CLONE_SYSVSEM) = 9496
9493  --- SIGURG {si_signo=SIGURG, si_code=SI_TKILL, si_pid=9493, si_uid=1001} ---
9493  clone(child_stack=0x1258dc40a000, flags=CLONE_VM|CLONE_FS|CLONE_FILES|CLONE_SIGHAND|CLONE_THREAD|CLONE_SYSVSEM <unfinished ...>
9495  clone(child_stack=0x1258dc406000, flags=CLONE_VM|CLONE_FS|CLONE_FILES|CLONE_SIGHAND|CLONE_THREAD|CLONE_SYSVSEM) = 9498
9493  <... clone resumed>)              = 9497
9205  clone(child_stack=NULL, flags=CLONE_VM|CLONE_PIDFD|CLONE_VFORK|SIGCHLD <unfinished ...>
9200  clone(child_stack=NULL, flags=CLONE_VM|CLONE_PIDFD|CLONE_VFORK|SIGCHLD <unfinished ...>
9499  execve("/opt/hostedtoolcache/go/1.27.0/arm64/pkg/tool/linux_arm64/compile", ["/opt/hostedtoolcache/go/1.27.0/a"..., "-o", "/tmp/go-build1496978431/b042/_pk"..., "-trimpath", "/tmp/go-build1496978431/b042=>", "-p", "unicode/utf8", "-lang=go1.27", "-std", "-complete", "-buildid", "sPxOZI8mvJlFH6SPYQTK/sPxOZI8mvJl"..., "-goversion", "go1.27.0", "-c=4", "-nolocalimports", "-importcfg", "/tmp/go-build1496978431/b042/imp"..., "-pack", "/opt/hostedtoolcache/go/1.27.0/a"...], 0x115fd7e60488 /* 140 vars */ <unfinished ...>
9205  <... clone resumed>, parent_tid=[15]) = 9499
9499  <... execve resumed>)             = 0
9500  execve("/opt/hostedtoolcache/go/1.27.0/arm64/pkg/tool/linux_arm64/asm", ["/opt/hostedtoolcache/go/1.27.0/a"..., "-p", "sync/atomic", "-trimpath", "/tmp/go-build1496978431/b045=>", "-I", "/tmp/go-build1496978431/b045/", "-I", "/opt/hostedtoolcache/go/1.27.0/a"..., "-D", "GOOS_linux", "-D", "GOARCH_arm64", "-std", "-gensymabis", "-o", "/tmp/go-build1496978431/b045/sym"..., "/opt/hostedtoolcache/go/1.27.0/a"...], 0x115fd7dbd208 /* 140 vars */ <unfinished ...>
9200  <... clone resumed>, parent_tid=[21]) = 9500
9500  <... execve resumed>)             = 0
9200  waitid(P_PIDFD, 21,  <unfinished ...>
9205  waitid(P_PIDFD, 15,  <unfinished ...>
9499  clone(child_stack=0x1a65e1c6e000, flags=CLONE_VM|CLONE_FS|CLONE_FILES|CLONE_SIGHAND|CLONE_THREAD|CLONE_SYSVSEM) = 9501
9499  clone(child_stack=0x1a65e1ca6000, flags=CLONE_VM|CLONE_FS|CLONE_FILES|CLONE_SIGHAND|CLONE_THREAD|CLONE_SYSVSEM) = 9502
9499  clone(child_stack=0x1a65e1ca2000, flags=CLONE_VM|CLONE_FS|CLONE_FILES|CLONE_SIGHAND|CLONE_THREAD|CLONE_SYSVSEM) = 9503
9502  clone(child_stack=0x1a65e1d18000, flags=CLONE_VM|CLONE_FS|CLONE_FILES|CLONE_SIGHAND|CLONE_THREAD|CLONE_SYSVSEM) = 9504
9500  clone(child_stack=0x415d1691a000, flags=CLONE_VM|CLONE_FS|CLONE_FILES|CLONE_SIGHAND|CLONE_THREAD|CLONE_SYSVSEM) = 9505
9500  clone(child_stack=0x415d16952000, flags=CLONE_VM|CLONE_FS|CLONE_FILES|CLONE_SIGHAND|CLONE_THREAD|CLONE_SYSVSEM) = 9506
9500  clone(child_stack=0x415d1694e000, flags=CLONE_VM|CLONE_FS|CLONE_FILES|CLONE_SIGHAND|CLONE_THREAD|CLONE_SYSVSEM) = 9507
9501  tgkill(9499, 9499, SIGURG)        = 0
9499  --- SIGURG {si_signo=SIGURG, si_code=SI_TKILL, si_pid=9499, si_uid=1001} ---
9506  clone(child_stack=0x415d16998000, flags=CLONE_VM|CLONE_FS|CLONE_FILES|CLONE_SIGHAND|CLONE_THREAD|CLONE_SYSVSEM) = 9508
9505  tgkill(9500, 9500, SIGURG)        = 0
9500  --- SIGURG {si_signo=SIGURG, si_code=SI_TKILL, si_pid=9500, si_uid=1001} ---
9198  tgkill(9197, 9197, SIGURG)        = 0
9197  --- SIGURG {si_signo=SIGURG, si_code=SI_TKILL, si_pid=9197, si_uid=1001} ---
9508  exit_group(0)                     = ?
9507  +++ exited with 0 +++
9505  +++ exited with 0 +++
9508  +++ exited with 0 +++
9506  +++ exited with 0 +++
9500  +++ exited with 0 +++
9367  --- SIGCHLD {si_signo=SIGCHLD, si_code=CLD_EXITED, si_pid=9500, si_uid=1001, si_status=0, si_utime=0, si_stime=0} ---
9200  <... waitid resumed>{si_signo=SIGCHLD, si_code=CLD_EXITED, si_pid=9500, si_uid=1001, si_status=0, si_utime=0, si_stime=0}, WEXITED, {ru_utime={tv_sec=0, tv_usec=0}, ru_stime={tv_sec=0, tv_usec=4878}, ...}) = 0
9494  tgkill(9493, 9495, SIGURG <unfinished ...>
9495  --- SIGURG {si_signo=SIGURG, si_code=SI_TKILL, si_pid=9493, si_uid=1001} ---
9494  <... tgkill resumed>)             = 0
9197  tgkill(9197, 9367, SIGURG)        = 0
9367  --- SIGURG {si_signo=SIGURG, si_code=SI_TKILL, si_pid=9197, si_uid=1001} ---
9367  tgkill(9197, 9197, SIGURG)        = 0
9367  tgkill(9197, 9199, SIGURG <unfinished ...>
9197  --- SIGURG {si_signo=SIGURG, si_code=SI_TKILL, si_pid=9197, si_uid=1001} ---
9367  <... tgkill resumed>)             = 0
9197  clone(child_stack=NULL, flags=CLONE_VM|CLONE_PIDFD|CLONE_VFORK|SIGCHLD <unfinished ...>
9199  --- SIGURG {si_signo=SIGURG, si_code=SI_TKILL, si_pid=9197, si_uid=1001} ---
9367  tgkill(9197, 9197, SIGURG)        = 0
9367  tgkill(9197, 9199, SIGURG)        = 0
9199  --- SIGURG {si_signo=SIGURG, si_code=SI_TKILL, si_pid=9197, si_uid=1001} ---
9367  tgkill(9197, 9199, SIGURG)        = 0
9199  --- SIGURG {si_signo=SIGURG, si_code=SI_TKILL, si_pid=9197, si_uid=1001} ---
9509  execve("/opt/hostedtoolcache/go/1.27.0/arm64/pkg/tool/linux_arm64/compile", ["/opt/hostedtoolcache/go/1.27.0/a"..., "-o", "/tmp/go-build1496978431/b045/_pk"..., "-trimpath", "/tmp/go-build1496978431/b045=>", "-p", "sync/atomic", "-lang=go1.27", "-std", "-buildid", "dFZnyoPPoouU29xo2DJD/dFZnyoPPoou"..., "-goversion", "go1.27.0", "-symabis", "/tmp/go-build1496978431/b045/sym"..., "-c=4", "-nolocalimports", "-importcfg", "/tmp/go-build1496978431/b045/imp"..., "-pack", "-asmhdr", "/tmp/go-build1496978431/b045/go_"..., "/opt/hostedtoolcache/go/1.27.0/a"..., "/opt/hostedtoolcache/go/1.27.0/a"..., "/opt/hostedtoolcache/go/1.27.0/a"..., "/opt/hostedtoolcache/go/1.27.0/a"...], 0x115fd7dbd688 /* 140 vars */ <unfinished ...>
9197  <... clone resumed>, parent_tid=[17]) = 9509
9197  --- SIGURG {si_signo=SIGURG, si_code=SI_TKILL, si_pid=9197, si_uid=1001} ---
9509  <... execve resumed>)             = 0
9203  waitid(P_PIDFD, 17,  <unfinished ...>
9501  tgkill(9499, 9499, SIGURG)        = 0
9499  --- SIGURG {si_signo=SIGURG, si_code=SI_TKILL, si_pid=9499, si_uid=1001} ---
9197  clone(child_stack=NULL, flags=CLONE_VM|CLONE_PIDFD|CLONE_VFORK|SIGCHLD <unfinished ...>
9510  execve("/opt/hostedtoolcache/go/1.27.0/arm64/pkg/tool/linux_arm64/asm", ["/opt/hostedtoolcache/go/1.27.0/a"..., "-p", "math", "-trimpath", "/tmp/go-build1496978431/b040=>", "-I", "/tmp/go-build1496978431/b040/", "-I", "/opt/hostedtoolcache/go/1.27.0/a"..., "-D", "GOOS_linux", "-D", "GOARCH_arm64", "-std", "-gensymabis", "-o", "/tmp/go-build1496978431/b040/sym"..., "/opt/hostedtoolcache/go/1.27.0/a"..., "/opt/hostedtoolcache/go/1.27.0/a"..., "/opt/hostedtoolcache/go/1.27.0/a"...], 0x115fd7dbd208 /* 140 vars */ <unfinished ...>
9197  <... clone resumed>, parent_tid=[18]) = 9510
9510  <... execve resumed>)             = 0
9197  waitid(P_PIDFD, 18,  <unfinished ...>
9509  clone(child_stack=0x5abe2899a000, flags=CLONE_VM|CLONE_FS|CLONE_FILES|CLONE_SIGHAND|CLONE_THREAD|CLONE_SYSVSEM) = 9511
9509  clone(child_stack=0x5abe289d2000, flags=CLONE_VM|CLONE_FS|CLONE_FILES|CLONE_SIGHAND|CLONE_THREAD|CLONE_SYSVSEM) = 9512
9509  clone(child_stack=0x5abe289ce000, flags=CLONE_VM|CLONE_FS|CLONE_FILES|CLONE_SIGHAND|CLONE_THREAD|CLONE_SYSVSEM) = 9513
9510  clone(child_stack=0x315c25ff0000, flags=CLONE_VM|CLONE_FS|CLONE_FILES|CLONE_SIGHAND|CLONE_THREAD|CLONE_SYSVSEM) = 9514
9510  clone(child_stack=0x315c26028000, flags=CLONE_VM|CLONE_FS|CLONE_FILES|CLONE_SIGHAND|CLONE_THREAD|CLONE_SYSVSEM) = 9515
9510  clone(child_stack=0x315c26024000, flags=CLONE_VM|CLONE_FS|CLONE_FILES|CLONE_SIGHAND|CLONE_THREAD|CLONE_SYSVSEM) = 9516
9515  clone(child_stack=0x315c26098000, flags=CLONE_VM|CLONE_FS|CLONE_FILES|CLONE_SIGHAND|CLONE_THREAD|CLONE_SYSVSEM) = 9517
9509  clone(child_stack=0x5abe289f6000, flags=CLONE_VM|CLONE_FS|CLONE_FILES|CLONE_SIGHAND|CLONE_THREAD|CLONE_SYSVSEM) = 9518
9511  tgkill(9509, 9509, SIGURG)        = 0
9509  --- SIGURG {si_signo=SIGURG, si_code=SI_TKILL, si_pid=9509, si_uid=1001} ---
9511  tgkill(9509, 9509, SIGURG)        = 0
9509  --- SIGURG {si_signo=SIGURG, si_code=SI_TKILL, si_pid=9509, si_uid=1001} ---
9510  exit_group(0)                     = ?
9516  +++ exited with 0 +++
9514  +++ exited with 0 +++
9517  +++ exited with 0 +++
9515  +++ exited with 0 +++
9510  +++ exited with 0 +++
9197  <... waitid resumed>{si_signo=SIGCHLD, si_code=CLD_EXITED, si_pid=9510, si_uid=1001, si_status=0, si_utime=0, si_stime=0}, WEXITED, {ru_utime={tv_sec=0, tv_usec=2260}, ru_stime={tv_sec=0, tv_usec=2260}, ...}) = 0
9197  --- SIGCHLD {si_signo=SIGCHLD, si_code=CLD_EXITED, si_pid=9510, si_uid=1001, si_status=0, si_utime=0, si_stime=0} ---
9197  clone(child_stack=NULL, flags=CLONE_VM|CLONE_PIDFD|CLONE_VFORK|SIGCHLD <unfinished ...>
9198  tgkill(9197, 9197, SIGURG)        = 0
9519  execve("/opt/hostedtoolcache/go/1.27.0/arm64/pkg/tool/linux_arm64/compile", ["/opt/hostedtoolcache/go/1.27.0/a"..., "-o", "/tmp/go-build1496978431/b040/_pk"..., "-trimpath", "/tmp/go-build1496978431/b040=>", "-p", "math", "-lang=go1.27", "-std", "-buildid", "XxnkyBnDjsRy3C3znD9Z/XxnkyBnDjsR"..., "-goversion", "go1.27.0", "-symabis", "/tmp/go-build1496978431/b040/sym"..., "-c=4", "-nolocalimports", "-importcfg", "/tmp/go-build1496978431/b040/imp"..., "-pack", "-asmhdr", "/tmp/go-build1496978431/b040/go_"..., "/opt/hostedtoolcache/go/1.27.0/a"..., "/opt/hostedtoolcache/go/1.27.0/a"..., "/opt/hostedtoolcache/go/1.27.0/a"..., "/opt/hostedtoolcache/go/1.27.0/a"..., "/opt/hostedtoolcache/go/1.27.0/a"..., "/opt/hostedtoolcache/go/1.27.0/a"..., "/opt/hostedtoolcache/go/1.27.0/a"..., "/opt/hostedtoolcache/go/1.27.0/a"..., "/opt/hostedtoolcache/go/1.27.0/a"..., "/opt/hostedtoolcache/go/1.27.0/a"..., ...], 0x115fd7e60d88 /* 140 vars */ <unfinished ...>
9197  <... clone resumed>, parent_tid=[18]) = 9519
9197  --- SIGURG {si_signo=SIGURG, si_code=SI_TKILL, si_pid=9197, si_uid=1001} ---
9519  <... execve resumed>)             = 0
9197  waitid(P_PIDFD, 18,  <unfinished ...>
9494  tgkill(9493, 9495, SIGURG <unfinished ...>
9511  tgkill(9509, 9512, SIGURG <unfinished ...>
9494  <... tgkill resumed>)             = 0
9511  <... tgkill resumed>)             = 0
9512  --- SIGURG {si_signo=SIGURG, si_code=SI_TKILL, si_pid=9509, si_uid=1001} ---
9495  --- SIGURG {si_signo=SIGURG, si_code=SI_TKILL, si_pid=9493, si_uid=1001} ---
9519  clone(child_stack=0x442098fba000, flags=CLONE_VM|CLONE_FS|CLONE_FILES|CLONE_SIGHAND|CLONE_THREAD|CLONE_SYSVSEM) = 9520
9519  clone(child_stack=0x442098ff2000, flags=CLONE_VM|CLONE_FS|CLONE_FILES|CLONE_SIGHAND|CLONE_THREAD|CLONE_SYSVSEM) = 9521
9519  clone(child_stack=0x442098fee000, flags=CLONE_VM|CLONE_FS|CLONE_FILES|CLONE_SIGHAND|CLONE_THREAD|CLONE_SYSVSEM) = 9522
9521  clone(child_stack=0x442099020000, flags=CLONE_VM|CLONE_FS|CLONE_FILES|CLONE_SIGHAND|CLONE_THREAD|CLONE_SYSVSEM <unfinished ...>
9519  clone(child_stack=0x44209901c000, flags=CLONE_VM|CLONE_FS|CLONE_FILES|CLONE_SIGHAND|CLONE_THREAD|CLONE_SYSVSEM <unfinished ...>
9521  <... clone resumed>)              = 9523
9519  <... clone resumed>)              = 9524
9501  tgkill(9499, 9504, SIGURG)        = 0
9504  --- SIGURG {si_signo=SIGURG, si_code=SI_TKILL, si_pid=9499, si_uid=1001} ---
9501  tgkill(9499, 9504, SIGURG)        = 0
9504  --- SIGURG {si_signo=SIGURG, si_code=SI_TKILL, si_pid=9499, si_uid=1001} ---
9503  exit_group(0)                     = ?
9501  +++ exited with 0 +++
9504  +++ exited with 0 +++
9502  +++ exited with 0 +++
9503  +++ exited with 0 +++
9499  +++ exited with 0 +++
9205  <... waitid resumed>{si_signo=SIGCHLD, si_code=CLD_EXITED, si_pid=9499, si_uid=1001, si_status=0, si_utime=0, si_stime=0}, WEXITED, {ru_utime={tv_sec=0, tv_usec=30000}, ru_stime={tv_sec=0, tv_usec=6428}, ...}) = 0
9198  --- SIGCHLD {si_signo=SIGCHLD, si_code=CLD_EXITED, si_pid=9499, si_uid=1001, si_status=0, si_utime=2 /* 0.02 s */, si_stime=0} ---
9520  clone(child_stack=0x44209907c000, flags=CLONE_VM|CLONE_FS|CLONE_FILES|CLONE_SIGHAND|CLONE_THREAD|CLONE_SYSVSEM) = 9525
9511  tgkill(9509, 9509, SIGURG)        = 0
9509  --- SIGURG {si_signo=SIGURG, si_code=SI_TKILL, si_pid=9509, si_uid=1001} ---
9520  clone(child_stack=0x4420994da000, flags=CLONE_VM|CLONE_FS|CLONE_FILES|CLONE_SIGHAND|CLONE_THREAD|CLONE_SYSVSEM) = 9526
9205  clone(child_stack=NULL, flags=CLONE_VM|CLONE_PIDFD|CLONE_VFORK|SIGCHLD <unfinished ...>
9198  tgkill(9197, 9205, SIGURG)        = 0
9511  tgkill(9509, 9518, SIGURG <unfinished ...>
9518  --- SIGURG {si_signo=SIGURG, si_code=SI_TKILL, si_pid=9509, si_uid=1001} ---
9511  <... tgkill resumed>)             = 0
9494  tgkill(9493, 9495, SIGURG)        = 0
9495  --- SIGURG {si_signo=SIGURG, si_code=SI_TKILL, si_pid=9493, si_uid=1001} ---
9527  execve("/opt/hostedtoolcache/go/1.27.0/arm64/pkg/tool/linux_arm64/compile", ["/opt/hostedtoolcache/go/1.27.0/a"..., "-o", "/tmp/go-build1496978431/b046/_pk"..., "-trimpath", "/tmp/go-build1496978431/b046=>", "-p", "internal/synctest", "-lang=go1.27", "-std", "-complete", "-buildid", "3aWHADC-mzY1BOg9tLGN/3aWHADC-mzY"..., "-goversion", "go1.27.0", "-c=4", "-nolocalimports", "-importcfg", "/tmp/go-build1496978431/b046/imp"..., "-pack", "/opt/hostedtoolcache/go/1.27.0/a"...], 0x115fd8060008 /* 140 vars */ <unfinished ...>
9205  <... clone resumed>, parent_tid=[15]) = 9527
9205  --- SIGURG {si_signo=SIGURG, si_code=SI_TKILL, si_pid=9197, si_uid=1001} ---
9527  <... execve resumed>)             = 0
9520  tgkill(9519, 9524, SIGURG)        = 0
9524  --- SIGURG {si_signo=SIGURG, si_code=SI_TKILL, si_pid=9519, si_uid=1001} ---
9205  waitid(P_PIDFD, 15,  <unfinished ...>
9518  exit_group(0)                     = ?
9512  +++ exited with 0 +++
9511  +++ exited with 0 +++
9513  +++ exited with 0 +++
9527  clone(child_stack=0x148dde9ce000, flags=CLONE_VM|CLONE_FS|CLONE_FILES|CLONE_SIGHAND|CLONE_THREAD|CLONE_SYSVSEM) = 9528
9527  clone(child_stack=0x148ddea08000, flags=CLONE_VM|CLONE_FS|CLONE_FILES|CLONE_SIGHAND|CLONE_THREAD|CLONE_SYSVSEM) = 9529
9527  clone(child_stack=0x148ddea04000, flags=CLONE_VM|CLONE_FS|CLONE_FILES|CLONE_SIGHAND|CLONE_THREAD|CLONE_SYSVSEM) = 9530
9518  +++ exited with 0 +++
9509  +++ exited with 0 +++
9203  <... waitid resumed>{si_signo=SIGCHLD, si_code=CLD_EXITED, si_pid=9509, si_uid=1001, si_status=0, si_utime=0, si_stime=0}, WEXITED, {ru_utime={tv_sec=0, tv_usec=26123}, ru_stime={tv_sec=0, tv_usec=14512}, ...}) = 0
9197  <... waitid resumed>0x115fd80e2fb8, WEXITED, 0x115fd7d0e1b0) = ? ERESTARTSYS (To be restarted if SA_RESTART is set)
9200  --- SIGCHLD {si_signo=SIGCHLD, si_code=CLD_EXITED, si_pid=9509, si_uid=1001, si_status=0, si_utime=2 /* 0.02 s */, si_stime=1 /* 0.01 s */} ---
9197  waitid(P_PIDFD, 18,  <unfinished ...>
9529  clone(child_stack=0x148ddea98000, flags=CLONE_VM|CLONE_FS|CLONE_FILES|CLONE_SIGHAND|CLONE_THREAD|CLONE_SYSVSEM) = 9531
9200  clone(child_stack=NULL, flags=CLONE_VM|CLONE_PIDFD|CLONE_VFORK|SIGCHLD <unfinished ...>
9532  execve("/opt/hostedtoolcache/go/1.27.0/arm64/pkg/tool/linux_arm64/asm", ["/opt/hostedtoolcache/go/1.27.0/a"..., "-p", "sync/atomic", "-trimpath", "/tmp/go-build1496978431/b045=>", "-I", "/tmp/go-build1496978431/b045/", "-I", "/opt/hostedtoolcache/go/1.27.0/a"..., "-D", "GOOS_linux", "-D", "GOARCH_arm64", "-std", "-o", "/tmp/go-build1496978431/b045/asm"..., "/opt/hostedtoolcache/go/1.27.0/a"...], 0x115fd7e61208 /* 140 vars */ <unfinished ...>
9200  <... clone resumed>, parent_tid=[17]) = 9532
9532  <... execve resumed>)             = 0
9200  waitid(P_PIDFD, 17,  <unfinished ...>
9528  tgkill(9527, 9527, SIGURG)        = 0
9527  --- SIGURG {si_signo=SIGURG, si_code=SI_TKILL, si_pid=9527, si_uid=1001} ---
9520  tgkill(9519, 9523, SIGURG)        = 0
9523  --- SIGURG {si_signo=SIGURG, si_code=SI_TKILL, si_pid=9519, si_uid=1001} ---
9494  tgkill(9493, 9495, SIGURG)        = 0
9495  --- SIGURG {si_signo=SIGURG, si_code=SI_TKILL, si_pid=9493, si_uid=1001} ---
9527  exit_group(0)                     = ?
9530  +++ exited with 0 +++
9531  +++ exited with 0 +++
9528  +++ exited with 0 +++
9529  +++ exited with 0 +++
9527  +++ exited with 0 +++
9532  clone(child_stack=0x52dbc4b48000, flags=CLONE_VM|CLONE_FS|CLONE_FILES|CLONE_SIGHAND|CLONE_THREAD|CLONE_SYSVSEM) = 9533
9532  clone(child_stack=0x52dbc4b80000, flags=CLONE_VM|CLONE_FS|CLONE_FILES|CLONE_SIGHAND|CLONE_THREAD|CLONE_SYSVSEM) = 9534
9532  clone(child_stack=0x52dbc4b7c000, flags=CLONE_VM|CLONE_FS|CLONE_FILES|CLONE_SIGHAND|CLONE_THREAD|CLONE_SYSVSEM) = 9535
9205  <... waitid resumed>{si_signo=SIGCHLD, si_code=CLD_EXITED, si_pid=9527, si_uid=1001, si_status=0, si_utime=0, si_stime=0}, WEXITED, {ru_utime={tv_sec=0, tv_usec=12455}, ru_stime={tv_sec=0, tv_usec=1556}, ...}) = 0
9534  clone(child_stack=0x52dbc4c18000, flags=CLONE_VM|CLONE_FS|CLONE_FILES|CLONE_SIGHAND|CLONE_THREAD|CLONE_SYSVSEM) = 9536
9532  exit_group(0)                     = ?
9533  +++ exited with 0 +++
9536  +++ exited with 0 +++
9535  +++ exited with 0 +++
9534  +++ exited with 0 +++
9203  --- SIGCHLD {si_signo=SIGCHLD, si_code=CLD_EXITED, si_pid=9527, si_uid=1001, si_status=0, si_utime=0, si_stime=0} ---
9532  +++ exited with 0 +++
9203  --- SIGCHLD {si_signo=SIGCHLD, si_code=CLD_EXITED, si_pid=9532, si_uid=1001, si_status=0, si_utime=0, si_stime=0} ---
9200  <... waitid resumed>{si_signo=SIGCHLD, si_code=CLD_EXITED, si_pid=9532, si_uid=1001, si_status=0, si_utime=0, si_stime=0}, WEXITED, {ru_utime={tv_sec=0, tv_usec=2648}, ru_stime={tv_sec=0, tv_usec=3530}, ...}) = 0
9494  tgkill(9493, 9497, SIGURG)        = 0
9497  --- SIGURG {si_signo=SIGURG, si_code=SI_TKILL, si_pid=9493, si_uid=1001} ---
9494  tgkill(9493, 9498, SIGURG)        = 0
9498  --- SIGURG {si_signo=SIGURG, si_code=SI_TKILL, si_pid=9493, si_uid=1001} ---
9494  tgkill(9493, 9493, SIGURG)        = 0
9493  --- SIGURG {si_signo=SIGURG, si_code=SI_TKILL, si_pid=9493, si_uid=1001} ---
9520  tgkill(9519, 9524, SIGURG)        = 0
9524  --- SIGURG {si_signo=SIGURG, si_code=SI_TKILL, si_pid=9519, si_uid=1001} ---
9200  clone(child_stack=NULL, flags=CLONE_VM|CLONE_PIDFD|CLONE_VFORK|SIGCHLD <unfinished ...>
9537  execve("/opt/hostedtoolcache/go/1.27.0/arm64/pkg/tool/linux_arm64/compile", ["/opt/hostedtoolcache/go/1.27.0/a"..., "-o", "/tmp/go-build1496978431/b044/_pk"..., "-trimpath", "/tmp/go-build1496978431/b044=>", "-p", "internal/sync", "-lang=go1.27", "-std", "-complete", "-buildid", "btWE74ZEOj8X9DgFHmzJ/btWE74ZEOj8"..., "-goversion", "go1.27.0", "-c=4", "-nolocalimports", "-importcfg", "/tmp/go-build1496978431/b044/imp"..., "-pack", "/opt/hostedtoolcache/go/1.27.0/a"..., "/opt/hostedtoolcache/go/1.27.0/a"..., "/opt/hostedtoolcache/go/1.27.0/a"...], 0x115fd7e61688 /* 140 vars */ <unfinished ...>
9200  <... clone resumed>, parent_tid=[15]) = 9537
9537  <... execve resumed>)             = 0
9200  waitid(P_PIDFD, 15,  <unfinished ...>
9494  tgkill(9493, 9495, SIGURG)        = 0
9495  --- SIGURG {si_signo=SIGURG, si_code=SI_TKILL, si_pid=9493, si_uid=1001} ---
9198  tgkill(9197, 9205, SIGURG)        = 0
9205  --- SIGURG {si_signo=SIGURG, si_code=SI_TKILL, si_pid=9197, si_uid=1001} ---
9537  clone(child_stack=0x20d0773ae000, flags=CLONE_VM|CLONE_FS|CLONE_FILES|CLONE_SIGHAND|CLONE_THREAD|CLONE_SYSVSEM) = 9538
9537  clone(child_stack=0x20d0773e6000, flags=CLONE_VM|CLONE_FS|CLONE_FILES|CLONE_SIGHAND|CLONE_THREAD|CLONE_SYSVSEM) = 9539
9537  clone(child_stack=0x20d0773e2000, flags=CLONE_VM|CLONE_FS|CLONE_FILES|CLONE_SIGHAND|CLONE_THREAD|CLONE_SYSVSEM) = 9540
9539  clone(child_stack=0x20d077418000, flags=CLONE_VM|CLONE_FS|CLONE_FILES|CLONE_SIGHAND|CLONE_THREAD|CLONE_SYSVSEM) = 9541
9541  clone(child_stack=0x20d077414000, flags=CLONE_VM|CLONE_FS|CLONE_FILES|CLONE_SIGHAND|CLONE_THREAD|CLONE_SYSVSEM) = 9542
9198  tgkill(9197, 9367, SIGURG)        = 0
9367  --- SIGURG {si_signo=SIGURG, si_code=SI_TKILL, si_pid=9197, si_uid=1001} ---
9494  tgkill(9493, 9497, SIGURG <unfinished ...>
9497  --- SIGURG {si_signo=SIGURG, si_code=SI_TKILL, si_pid=9493, si_uid=1001} ---
9494  <... tgkill resumed>)             = 0
9494  tgkill(9493, 9498, SIGURG)        = 0
9498  --- SIGURG {si_signo=SIGURG, si_code=SI_TKILL, si_pid=9493, si_uid=1001} ---
9494  tgkill(9493, 9493, SIGURG)        = 0
9493  --- SIGURG {si_signo=SIGURG, si_code=SI_TKILL, si_pid=9493, si_uid=1001} ---
9367  clone(child_stack=NULL, flags=CLONE_VM|CLONE_PIDFD|CLONE_VFORK|SIGCHLD <unfinished ...>
9520  tgkill(9519, 9526, SIGURG)        = 0
9526  --- SIGURG {si_signo=SIGURG, si_code=SI_TKILL, si_pid=9519, si_uid=1001} ---
9538  tgkill(9537, 9542, SIGURG)        = 0
9542  --- SIGURG {si_signo=SIGURG, si_code=SI_TKILL, si_pid=9537, si_uid=1001} ---
9543  execve("/opt/hostedtoolcache/go/1.27.0/arm64/pkg/tool/linux_arm64/compile", ["/opt/hostedtoolcache/go/1.27.0/a"..., "-o", "/tmp/go-build1496978431/b047/_pk"..., "-trimpath", "/tmp/go-build1496978431/b047=>", "-p", "unicode", "-lang=go1.27", "-std", "-complete", "-buildid", "-DIhXWRMQ687XwM1JZ6Q/-DIhXWRMQ68"..., "-goversion", "go1.27.0", "-c=4", "-nolocalimports", "-importcfg", "/tmp/go-build1496978431/b047/imp"..., "-pack", "/opt/hostedtoolcache/go/1.27.0/a"..., "/opt/hostedtoolcache/go/1.27.0/a"..., "/opt/hostedtoolcache/go/1.27.0/a"..., "/opt/hostedtoolcache/go/1.27.0/a"..., "/opt/hostedtoolcache/go/1.27.0/a"...], 0x115fd7cdad88 /* 140 vars */) = 0
9367  <... clone resumed>, parent_tid=[17]) = 9543
9198  tgkill(9197, 9367, SIGURG)        = 0
9367  --- SIGURG {si_signo=SIGURG, si_code=SI_TKILL, si_pid=9197, si_uid=1001} ---
9367  waitid(P_PIDFD, 17,  <unfinished ...>
9493  exit_group(0)                     = ?
9498  +++ exited with 0 +++
9494  +++ exited with 0 +++
9495  +++ exited with 0 +++
9497  +++ exited with 0 +++
9543  clone(child_stack=0x300511230000, flags=CLONE_VM|CLONE_FS|CLONE_FILES|CLONE_SIGHAND|CLONE_THREAD|CLONE_SYSVSEM <unfinished ...>
9538  tgkill(9537, 9540, SIGURG <unfinished ...>
9540  --- SIGURG {si_signo=SIGURG, si_code=SI_TKILL, si_pid=9537, si_uid=1001} ---
9538  <... tgkill resumed>)             = 0
9544  tgkill(9543, 9543, SIGURG)        = 0
9520  tgkill(9519, 9522, SIGURG <unfinished ...>
9543  <... clone resumed>)              = 9544
9520  <... tgkill resumed>)             = 0
9522  --- SIGURG {si_signo=SIGURG, si_code=SI_TKILL, si_pid=9519, si_uid=1001} ---
9543  --- SIGURG {si_signo=SIGURG, si_code=SI_TKILL, si_pid=9543, si_uid=1001} ---
9520  tgkill(9519, 9526, SIGURG)        = 0
9520  tgkill(9519, 9524, SIGURG <unfinished ...>
9524  --- SIGURG {si_signo=SIGURG, si_code=SI_TKILL, si_pid=9519, si_uid=1001} ---
9520  <... tgkill resumed>)             = 0
9520  tgkill(9519, 9523, SIGURG <unfinished ...>
9540  exit_group(0)                     = ?
9538  +++ exited with 0 +++
9542  +++ exited with 0 +++
9526  --- SIGURG {si_signo=SIGURG, si_code=SI_TKILL, si_pid=9519, si_uid=1001} ---
9520  <... tgkill resumed>)             = 0
9523  --- SIGURG {si_signo=SIGURG, si_code=SI_TKILL, si_pid=9519, si_uid=1001} ---
9541  +++ exited with 0 +++
9540  +++ exited with 0 +++
9543  clone(child_stack=0x300511268000, flags=CLONE_VM|CLONE_FS|CLONE_FILES|CLONE_SIGHAND|CLONE_THREAD|CLONE_SYSVSEM) = 9545
9543  clone(child_stack=0x300511264000, flags=CLONE_VM|CLONE_FS|CLONE_FILES|CLONE_SIGHAND|CLONE_THREAD|CLONE_SYSVSEM) = 9546
9545  clone(child_stack=0x300511298000, flags=CLONE_VM|CLONE_FS|CLONE_FILES|CLONE_SIGHAND|CLONE_THREAD|CLONE_SYSVSEM) = 9547
9539  +++ exited with 0 +++
9537  +++ exited with 0 +++
9200  <... waitid resumed>{si_signo=SIGCHLD, si_code=CLD_EXITED, si_pid=9537, si_uid=1001, si_status=0, si_utime=0, si_stime=0}, WEXITED, {ru_utime={tv_sec=0, tv_usec=14510}, ru_stime={tv_sec=0, tv_usec=8161}, ...}) = 0
9203  --- SIGCHLD {si_signo=SIGCHLD, si_code=CLD_EXITED, si_pid=9537, si_uid=1001, si_status=0, si_utime=1 /* 0.01 s */, si_stime=0} ---
9496  +++ exited with 0 +++
9493  +++ exited with 0 +++
9204  <... waitid resumed>{si_signo=SIGCHLD, si_code=CLD_EXITED, si_pid=9493, si_uid=1001, si_status=0, si_utime=0, si_stime=0}, WEXITED, {ru_utime={tv_sec=0, tv_usec=155626}, ru_stime={tv_sec=0, tv_usec=28384}, ...}) = 0
9203  --- SIGCHLD {si_signo=SIGCHLD, si_code=CLD_EXITED, si_pid=9493, si_uid=1001, si_status=0, si_utime=15 /* 0.15 s */, si_stime=2 /* 0.02 s */} ---
9544  clone(child_stack=0x3005112be000, flags=CLONE_VM|CLONE_FS|CLONE_FILES|CLONE_SIGHAND|CLONE_THREAD|CLONE_SYSVSEM <unfinished ...>
9204  clone(child_stack=NULL, flags=CLONE_VM|CLONE_PIDFD|CLONE_VFORK|SIGCHLD <unfinished ...>
9544  <... clone resumed>)              = 9549
9198  tgkill(9197, 9203, SIGURG)        = 0
9203  --- SIGURG {si_signo=SIGURG, si_code=SI_TKILL, si_pid=9197, si_uid=1001} ---
9544  tgkill(9543, 9543, SIGURG)        = 0
9543  --- SIGURG {si_signo=SIGURG, si_code=SI_TKILL, si_pid=9543, si_uid=1001} ---
9548  execve("/opt/hostedtoolcache/go/1.27.0/arm64/pkg/tool/linux_arm64/asm", ["/opt/hostedtoolcache/go/1.27.0/a"..., "-p", "internal/runtime/maps", "-trimpath", "/tmp/go-build1496978431/b028=>", "-I", "/tmp/go-build1496978431/b028/", "-I", "/opt/hostedtoolcache/go/1.27.0/a"..., "-D", "GOOS_linux", "-D", "GOARCH_arm64", "-std", "-o", "/tmp/go-build1496978431/b028/mem"..., "/opt/hostedtoolcache/go/1.27.0/a"...], 0x115fd7e61b08 /* 140 vars */ <unfinished ...>
9204  <... clone resumed>, parent_tid=[15]) = 9548
9548  <... execve resumed>)             = 0
9204  waitid(P_PIDFD, 15,  <unfinished ...>
9548  clone(child_stack=0x2229bc58a000, flags=CLONE_VM|CLONE_FS|CLONE_FILES|CLONE_SIGHAND|CLONE_THREAD|CLONE_SYSVSEM) = 9550
9548  clone(child_stack=0x2229bc5c2000, flags=CLONE_VM|CLONE_FS|CLONE_FILES|CLONE_SIGHAND|CLONE_THREAD|CLONE_SYSVSEM) = 9551
9548  clone(child_stack=0x2229bc5be000, flags=CLONE_VM|CLONE_FS|CLONE_FILES|CLONE_SIGHAND|CLONE_THREAD|CLONE_SYSVSEM) = 9552
9551  clone(child_stack=0x2229bc618000, flags=CLONE_VM|CLONE_FS|CLONE_FILES|CLONE_SIGHAND|CLONE_THREAD|CLONE_SYSVSEM) = 9553
9205  clone(child_stack=NULL, flags=CLONE_VM|CLONE_PIDFD|CLONE_VFORK|SIGCHLD <unfinished ...>
9554  execve("/opt/hostedtoolcache/go/1.27.0/arm64/pkg/tool/linux_arm64/compile", ["/opt/hostedtoolcache/go/1.27.0/a"..., "-o", "/tmp/go-build1496978431/b063/_pk"..., "-trimpath", "/tmp/go-build1496978431/b063=>", "-p", "github.com/type-rb/type-rb-nativ"..., "-lang=go1.27", "-complete", "-buildid", "bKPyXzoH7bV3sCiKosS3/bKPyXzoH7bV"..., "-goversion", "go1.27.0", "-c=4", "-nolocalimports", "-importcfg", "/tmp/go-build1496978431/b063/imp"..., "-pack", "/tmp/trb-build-1469095837/trb/st"...], 0x115fd8060488 /* 140 vars */ <unfinished ...>
9198  tgkill(9197, 9205, SIGURG)        = 0
9522  exit_group(0)                     = ?
9526  +++ exited with 0 +++
9520  +++ exited with 0 +++
9523  +++ exited with 0 +++
9522  +++ exited with 0 +++
9521  +++ exited with 0 +++
9525  +++ exited with 0 +++
9205  <... clone resumed>, parent_tid=[16]) = 9554
9554  <... execve resumed>)             = 0
9205  --- SIGURG {si_signo=SIGURG, si_code=SI_TKILL, si_pid=9197, si_uid=1001} ---
9199  waitid(P_PIDFD, 16,  <unfinished ...>
9544  tgkill(9543, 9549, SIGURG)        = 0
9549  --- SIGURG {si_signo=SIGURG, si_code=SI_TKILL, si_pid=9543, si_uid=1001} ---
9524  +++ exited with 0 +++
9519  +++ exited with 0 +++
9197  <... waitid resumed>{si_signo=SIGCHLD, si_code=CLD_EXITED, si_pid=9519, si_uid=1001, si_status=0, si_utime=0, si_stime=0}, WEXITED, {ru_utime={tv_sec=0, tv_usec=109282}, ru_stime={tv_sec=0, tv_usec=27998}, ...}) = 0
9200  --- SIGCHLD {si_signo=SIGCHLD, si_code=CLD_EXITED, si_pid=9519, si_uid=1001, si_status=0, si_utime=12 /* 0.12 s */, si_stime=3 /* 0.03 s */} ---
9200  clone(child_stack=NULL, flags=CLONE_VM|CLONE_PIDFD|CLONE_VFORK|SIGCHLD <unfinished ...>
9548  exit_group(0 <unfinished ...>
9550  ???( <unfinished ...>
9548  <... exit_group resumed>)         = ?
9550  +++ exited with 0 +++
9553  +++ exited with 0 +++
9552  +++ exited with 0 +++
9551  +++ exited with 0 +++
9548  +++ exited with 0 +++
9197  --- SIGCHLD {si_signo=SIGCHLD, si_code=CLD_EXITED, si_pid=9548, si_uid=1001, si_status=0, si_utime=0, si_stime=0} ---
9204  <... waitid resumed>{si_signo=SIGCHLD, si_code=CLD_EXITED, si_pid=9548, si_uid=1001, si_status=0, si_utime=0, si_stime=0}, WEXITED, {ru_utime={tv_sec=0, tv_usec=0}, ru_stime={tv_sec=0, tv_usec=6806}, ...}) = 0
9555  execve("/opt/hostedtoolcache/go/1.27.0/arm64/pkg/tool/linux_arm64/asm", ["/opt/hostedtoolcache/go/1.27.0/a"..., "-p", "math", "-trimpath", "/tmp/go-build1496978431/b040=>", "-I", "/tmp/go-build1496978431/b040/", "-I", "/opt/hostedtoolcache/go/1.27.0/a"..., "-D", "GOOS_linux", "-D", "GOARCH_arm64", "-std", "-o", "/tmp/go-build1496978431/b040/dim"..., "/opt/hostedtoolcache/go/1.27.0/a"...], 0x115fd7cdb208 /* 140 vars */ <unfinished ...>
9200  <... clone resumed>, parent_tid=[18]) = 9555
9555  <... execve resumed>)             = 0
9200  waitid(P_PIDFD, 18,  <unfinished ...>
9554  clone(child_stack=0x1489cd572000, flags=CLONE_VM|CLONE_FS|CLONE_FILES|CLONE_SIGHAND|CLONE_THREAD|CLONE_SYSVSEM) = 9556
9554  clone(child_stack=0x1489cd5aa000, flags=CLONE_VM|CLONE_FS|CLONE_FILES|CLONE_SIGHAND|CLONE_THREAD|CLONE_SYSVSEM) = 9557
9556  tgkill(9554, 9554, SIGURG)        = 0
9554  clone(child_stack=0x1489cd5a6000, flags=CLONE_VM|CLONE_FS|CLONE_FILES|CLONE_SIGHAND|CLONE_THREAD|CLONE_SYSVSEM) = 9558
9554  --- SIGURG {si_signo=SIGURG, si_code=SI_TKILL, si_pid=9554, si_uid=1001} ---
9554  clone(child_stack=0x1489cd5ce000, flags=CLONE_VM|CLONE_FS|CLONE_FILES|CLONE_SIGHAND|CLONE_THREAD|CLONE_SYSVSEM <unfinished ...>
9557  clone(child_stack=0x1489cd5ca000, flags=CLONE_VM|CLONE_FS|CLONE_FILES|CLONE_SIGHAND|CLONE_THREAD|CLONE_SYSVSEM <unfinished ...>
9554  <... clone resumed>)              = 9559
9557  <... clone resumed>)              = 9560
9555  clone(child_stack=0x5caacc09c000, flags=CLONE_VM|CLONE_FS|CLONE_FILES|CLONE_SIGHAND|CLONE_THREAD|CLONE_SYSVSEM) = 9561
9555  clone(child_stack=0x5caacc0d4000, flags=CLONE_VM|CLONE_FS|CLONE_FILES|CLONE_SIGHAND|CLONE_THREAD|CLONE_SYSVSEM) = 9562
9561  tgkill(9555, 9555, SIGURG <unfinished ...>
9544  tgkill(9543, 9543, SIGURG <unfinished ...>
9561  <... tgkill resumed>)             = 0
9544  <... tgkill resumed>)             = 0
9543  --- SIGURG {si_signo=SIGURG, si_code=SI_TKILL, si_pid=9543, si_uid=1001} ---
9562  clone(child_stack=0x5caacc0d0000, flags=CLONE_VM|CLONE_FS|CLONE_FILES|CLONE_SIGHAND|CLONE_THREAD|CLONE_SYSVSEM) = 9563
9555  --- SIGURG {si_signo=SIGURG, si_code=SI_TKILL, si_pid=9555, si_uid=1001} ---
9562  clone(child_stack=0x5caacc198000, flags=CLONE_VM|CLONE_FS|CLONE_FILES|CLONE_SIGHAND|CLONE_THREAD|CLONE_SYSVSEM) = 9564
9564  clone(child_stack=0x5caacc194000, flags=CLONE_VM|CLONE_FS|CLONE_FILES|CLONE_SIGHAND|CLONE_THREAD|CLONE_SYSVSEM) = 9565
9554  exit_group(0)                     = ?
9559  +++ exited with 0 +++
9558  +++ exited with 0 +++
9557  +++ exited with 0 +++
9556  +++ exited with 0 +++
9560  +++ exited with 0 +++
9554  +++ exited with 0 +++
9199  <... waitid resumed>{si_signo=SIGCHLD, si_code=CLD_EXITED, si_pid=9554, si_uid=1001, si_status=0, si_utime=0, si_stime=0}, WEXITED, {ru_utime={tv_sec=0, tv_usec=4691}, ru_stime={tv_sec=0, tv_usec=6567}, ...}) = 0
9204  --- SIGCHLD {si_signo=SIGCHLD, si_code=CLD_EXITED, si_pid=9554, si_uid=1001, si_status=0, si_utime=0, si_stime=0} ---
9555  exit_group(0)                     = ?
9565  +++ exited with 0 +++
9562  +++ exited with 0 +++
9561  +++ exited with 0 +++
9564  +++ exited with 0 +++
9563  +++ exited with 0 +++
9555  +++ exited with 0 +++
9204  --- SIGCHLD {si_signo=SIGCHLD, si_code=CLD_EXITED, si_pid=9555, si_uid=1001, si_status=0, si_utime=0, si_stime=0} ---
9200  <... waitid resumed>{si_signo=SIGCHLD, si_code=CLD_EXITED, si_pid=9555, si_uid=1001, si_status=0, si_utime=0, si_stime=0}, WEXITED, {ru_utime={tv_sec=0, tv_usec=2005}, ru_stime={tv_sec=0, tv_usec=5014}, ...}) = 0
9199  clone(child_stack=NULL, flags=CLONE_VM|CLONE_PIDFD|CLONE_VFORK|SIGCHLD <unfinished ...>
9566  execve("/opt/hostedtoolcache/go/1.27.0/arm64/pkg/tool/linux_arm64/asm", ["/opt/hostedtoolcache/go/1.27.0/a"..., "-p", "math", "-trimpath", "/tmp/go-build1496978431/b040=>", "-I", "/tmp/go-build1496978431/b040/", "-I", "/opt/hostedtoolcache/go/1.27.0/a"..., "-D", "GOOS_linux", "-D", "GOARCH_arm64", "-std", "-o", "/tmp/go-build1496978431/b040/exp"..., "/opt/hostedtoolcache/go/1.27.0/a"...], 0x115fd7e60488 /* 140 vars */ <unfinished ...>
9199  <... clone resumed>, parent_tid=[15]) = 9566
9566  <... execve resumed>)             = 0
9199  waitid(P_PIDFD, 15,  <unfinished ...>
9566  clone(child_stack=0x3fb072842000, flags=CLONE_VM|CLONE_FS|CLONE_FILES|CLONE_SIGHAND|CLONE_THREAD|CLONE_SYSVSEM) = 9567
9566  clone(child_stack=0x3fb07287a000, flags=CLONE_VM|CLONE_FS|CLONE_FILES|CLONE_SIGHAND|CLONE_THREAD|CLONE_SYSVSEM) = 9568
9566  clone(child_stack=0x3fb072876000, flags=CLONE_VM|CLONE_FS|CLONE_FILES|CLONE_SIGHAND|CLONE_THREAD|CLONE_SYSVSEM) = 9569
9568  clone(child_stack=0x3fb0728a8000, flags=CLONE_VM|CLONE_FS|CLONE_FILES|CLONE_SIGHAND|CLONE_THREAD|CLONE_SYSVSEM) = 9570
9204  tgkill(9197, 9197, SIGURG)        = 0
9197  --- SIGURG {si_signo=SIGURG, si_code=SI_TKILL, si_pid=9197, si_uid=1001} ---
9204  tgkill(9197, 9197, SIGURG <unfinished ...>
9544  tgkill(9543, 9546, SIGURG <unfinished ...>
9204  <... tgkill resumed>)             = 0
9544  <... tgkill resumed>)             = 0
9546  --- SIGURG {si_signo=SIGURG, si_code=SI_TKILL, si_pid=9543, si_uid=1001} ---
9197  --- SIGURG {si_signo=SIGURG, si_code=SI_TKILL, si_pid=9197, si_uid=1001} ---
9204  tgkill(9197, 9197, SIGURG)        = 0
9197  --- SIGURG {si_signo=SIGURG, si_code=SI_TKILL, si_pid=9197, si_uid=1001} ---
9566  exit_group(0)                     = ?
9567  +++ exited with 0 +++
9570  +++ exited with 0 +++
9569  +++ exited with 0 +++
9568  +++ exited with 0 +++
9566  +++ exited with 0 +++
9200  --- SIGCHLD {si_signo=SIGCHLD, si_code=CLD_EXITED, si_pid=9566, si_uid=1001, si_status=0, si_utime=0, si_stime=0} ---
9199  <... waitid resumed>{si_signo=SIGCHLD, si_code=CLD_EXITED, si_pid=9566, si_uid=1001, si_status=0, si_utime=0, si_stime=0}, WEXITED, {ru_utime={tv_sec=0, tv_usec=1705}, ru_stime={tv_sec=0, tv_usec=4263}, ...}) = 0
9199  clone(child_stack=NULL, flags=CLONE_VM|CLONE_PIDFD|CLONE_VFORK|SIGCHLD <unfinished ...>
9571  execve("/opt/hostedtoolcache/go/1.27.0/arm64/pkg/tool/linux_arm64/asm", ["/opt/hostedtoolcache/go/1.27.0/a"..., "-p", "math", "-trimpath", "/tmp/go-build1496978431/b040=>", "-I", "/tmp/go-build1496978431/b040/", "-I", "/opt/hostedtoolcache/go/1.27.0/a"..., "-D", "GOOS_linux", "-D", "GOARCH_arm64", "-std", "-o", "/tmp/go-build1496978431/b040/flo"..., "/opt/hostedtoolcache/go/1.27.0/a"...], 0x115fd7e60488 /* 140 vars */ <unfinished ...>
9199  <... clone resumed>, parent_tid=[14]) = 9571
9571  <... execve resumed>)             = 0
9199  waitid(P_PIDFD, 14,  <unfinished ...>
9571  clone(child_stack=0x703a06de8000, flags=CLONE_VM|CLONE_FS|CLONE_FILES|CLONE_SIGHAND|CLONE_THREAD|CLONE_SYSVSEM) = 9572
9571  clone(child_stack=0x703a06e20000, flags=CLONE_VM|CLONE_FS|CLONE_FILES|CLONE_SIGHAND|CLONE_THREAD|CLONE_SYSVSEM) = 9573
9571  clone(child_stack=0x703a06e1c000, flags=CLONE_VM|CLONE_FS|CLONE_FILES|CLONE_SIGHAND|CLONE_THREAD|CLONE_SYSVSEM) = 9574
9573  clone(child_stack=0x703a06e98000, flags=CLONE_VM|CLONE_FS|CLONE_FILES|CLONE_SIGHAND|CLONE_THREAD|CLONE_SYSVSEM) = 9575
9571  exit_group(0)                     = ?
9575  +++ exited with 0 +++
9574  +++ exited with 0 +++
9573  +++ exited with 0 +++
9572  +++ exited with 0 +++
9571  +++ exited with 0 +++
9205  --- SIGCHLD {si_signo=SIGCHLD, si_code=CLD_EXITED, si_pid=9571, si_uid=1001, si_status=0, si_utime=0, si_stime=0} ---
9199  <... waitid resumed>{si_signo=SIGCHLD, si_code=CLD_EXITED, si_pid=9571, si_uid=1001, si_status=0, si_utime=0, si_stime=0}, WEXITED, {ru_utime={tv_sec=0, tv_usec=0}, ru_stime={tv_sec=0, tv_usec=6122}, ...}) = 0
9198  tgkill(9197, 9200, SIGURG)        = 0
9200  --- SIGURG {si_signo=SIGURG, si_code=SI_TKILL, si_pid=9197, si_uid=1001} ---
9544  tgkill(9543, 9546, SIGURG <unfinished ...>
9546  --- SIGURG {si_signo=SIGURG, si_code=SI_TKILL, si_pid=9543, si_uid=1001} ---
9544  <... tgkill resumed>)             = 0
9544  tgkill(9543, 9546, SIGURG)        = 0
9546  --- SIGURG {si_signo=SIGURG, si_code=SI_TKILL, si_pid=9543, si_uid=1001} ---
9546  exit_group(0)                     = ?
9549  +++ exited with 0 +++
9547  +++ exited with 0 +++
9546  +++ exited with 0 +++
9544  +++ exited with 0 +++
9198  tgkill(9197, 9202, SIGURG)        = 0
9202  --- SIGURG {si_signo=SIGURG, si_code=SI_TKILL, si_pid=9197, si_uid=1001} ---
9545  +++ exited with 0 +++
9543  +++ exited with 0 +++
9199  --- SIGCHLD {si_signo=SIGCHLD, si_code=CLD_EXITED, si_pid=9543, si_uid=1001, si_status=0, si_utime=9 /* 0.09 s */, si_stime=2 /* 0.02 s */} ---
9367  <... waitid resumed>{si_signo=SIGCHLD, si_code=CLD_EXITED, si_pid=9543, si_uid=1001, si_status=0, si_utime=0, si_stime=0}, WEXITED, {ru_utime={tv_sec=0, tv_usec=94634}, ru_stime={tv_sec=0, tv_usec=25366}, ...}) = 0
9367  clone(child_stack=NULL, flags=CLONE_VM|CLONE_PIDFD|CLONE_VFORK|SIGCHLD <unfinished ...>
9198  tgkill(9197, 9367, SIGURG)        = 0
9576  execve("/opt/hostedtoolcache/go/1.27.0/arm64/pkg/tool/linux_arm64/asm", ["/opt/hostedtoolcache/go/1.27.0/a"..., "-p", "runtime", "-trimpath", "/tmp/go-build1496978431/b009=>", "-I", "/tmp/go-build1496978431/b009/", "-I", "/opt/hostedtoolcache/go/1.27.0/a"..., "-D", "GOOS_linux", "-D", "GOARCH_arm64", "-std", "-gensymabis", "-o", "/tmp/go-build1496978431/b009/sym"..., "/opt/hostedtoolcache/go/1.27.0/a"..., "/opt/hostedtoolcache/go/1.27.0/a"..., "/opt/hostedtoolcache/go/1.27.0/a"..., "/opt/hostedtoolcache/go/1.27.0/a"..., "/opt/hostedtoolcache/go/1.27.0/a"..., "/opt/hostedtoolcache/go/1.27.0/a"..., "/opt/hostedtoolcache/go/1.27.0/a"..., "/opt/hostedtoolcache/go/1.27.0/a"..., "/opt/hostedtoolcache/go/1.27.0/a"..., "/opt/hostedtoolcache/go/1.27.0/a"..., "/opt/hostedtoolcache/go/1.27.0/a"...], 0x115fd7e60488 /* 140 vars */ <unfinished ...>
9367  <... clone resumed>, parent_tid=[12]) = 9576
9367  --- SIGURG {si_signo=SIGURG, si_code=SI_TKILL, si_pid=9197, si_uid=1001} ---
9576  <... execve resumed>)             = 0
9367  waitid(P_PIDFD, 12,  <unfinished ...>
9576  clone(child_stack=0x46d368e42000, flags=CLONE_VM|CLONE_FS|CLONE_FILES|CLONE_SIGHAND|CLONE_THREAD|CLONE_SYSVSEM) = 9577
9576  clone(child_stack=0x46d368e7a000, flags=CLONE_VM|CLONE_FS|CLONE_FILES|CLONE_SIGHAND|CLONE_THREAD|CLONE_SYSVSEM) = 9578
9576  clone(child_stack=0x46d368e76000, flags=CLONE_VM|CLONE_FS|CLONE_FILES|CLONE_SIGHAND|CLONE_THREAD|CLONE_SYSVSEM) = 9579
9578  clone(child_stack=0x46d368ea8000, flags=CLONE_VM|CLONE_FS|CLONE_FILES|CLONE_SIGHAND|CLONE_THREAD|CLONE_SYSVSEM) = 9580
9577  tgkill(9576, 9576, SIGURG)        = 0
9576  --- SIGURG {si_signo=SIGURG, si_code=SI_TKILL, si_pid=9576, si_uid=1001} ---
9577  tgkill(9576, 9576, SIGURG)        = 0
9576  --- SIGURG {si_signo=SIGURG, si_code=SI_TKILL, si_pid=9576, si_uid=1001} ---
9579  exit_group(0)                     = ?
9580  +++ exited with 0 +++
9579  +++ exited with 0 +++
9578  +++ exited with 0 +++
9577  +++ exited with 0 +++
9576  +++ exited with 0 +++
9205  --- SIGCHLD {si_signo=SIGCHLD, si_code=CLD_EXITED, si_pid=9576, si_uid=1001, si_status=0, si_utime=0, si_stime=0} ---
9367  <... waitid resumed>{si_signo=SIGCHLD, si_code=CLD_EXITED, si_pid=9576, si_uid=1001, si_status=0, si_utime=0, si_stime=0}, WEXITED, {ru_utime={tv_sec=0, tv_usec=8350}, ru_stime={tv_sec=0, tv_usec=10736}, ...}) = 0
9205  clone(child_stack=NULL, flags=CLONE_VM|CLONE_PIDFD|CLONE_VFORK|SIGCHLD <unfinished ...>
9367  tgkill(9197, 9205, SIGURG)        = 0
9581  execve("/opt/hostedtoolcache/go/1.27.0/arm64/pkg/tool/linux_arm64/compile", ["/opt/hostedtoolcache/go/1.27.0/a"..., "-o", "/tmp/go-build1496978431/b009/_pk"..., "-trimpath", "/tmp/go-build1496978431/b009=>", "-p", "runtime", "-lang=go1.27", "-std", "-buildid", "xmW05mk35rkWv81vNyJF/xmW05mk35rk"..., "-goversion", "go1.27.0", "-symabis", "/tmp/go-build1496978431/b009/sym"..., "-c=4", "-nolocalimports", "-importcfg", "/tmp/go-build1496978431/b009/imp"..., "-pack", "-asmhdr", "/tmp/go-build1496978431/b009/go_"..., "/opt/hostedtoolcache/go/1.27.0/a"..., "/opt/hostedtoolcache/go/1.27.0/a"..., "/opt/hostedtoolcache/go/1.27.0/a"..., "/opt/hostedtoolcache/go/1.27.0/a"..., "/opt/hostedtoolcache/go/1.27.0/a"..., "/opt/hostedtoolcache/go/1.27.0/a"..., "/opt/hostedtoolcache/go/1.27.0/a"..., "/opt/hostedtoolcache/go/1.27.0/a"..., "/opt/hostedtoolcache/go/1.27.0/a"..., "/opt/hostedtoolcache/go/1.27.0/a"..., ...], 0x115fd8060908 /* 140 vars */ <unfinished ...>
9205  <... clone resumed>, parent_tid=[12]) = 9581
9581  <... execve resumed>)             = 0
9205  --- SIGURG {si_signo=SIGURG, si_code=SI_TKILL, si_pid=9197, si_uid=1001} ---
9367  tgkill(9197, 9200, SIGURG)        = 0
9200  --- SIGURG {si_signo=SIGURG, si_code=SI_TKILL, si_pid=9197, si_uid=1001} ---
9200  waitid(P_PIDFD, 12,  <unfinished ...>
9581  clone(child_stack=0x672468e48000, flags=CLONE_VM|CLONE_FS|CLONE_FILES|CLONE_SIGHAND|CLONE_THREAD|CLONE_SYSVSEM) = 9582
9581  clone(child_stack=0x672468e80000, flags=CLONE_VM|CLONE_FS|CLONE_FILES|CLONE_SIGHAND|CLONE_THREAD|CLONE_SYSVSEM) = 9583
9582  tgkill(9581, 9581, SIGURG)        = 0
9581  --- SIGURG {si_signo=SIGURG, si_code=SI_TKILL, si_pid=9581, si_uid=1001} ---
9581  clone(child_stack=0x672468e7c000, flags=CLONE_VM|CLONE_FS|CLONE_FILES|CLONE_SIGHAND|CLONE_THREAD|CLONE_SYSVSEM) = 9584
9583  clone(child_stack=0x672468f18000, flags=CLONE_VM|CLONE_FS|CLONE_FILES|CLONE_SIGHAND|CLONE_THREAD|CLONE_SYSVSEM) = 9585
9582  tgkill(9581, 9584, SIGURG)        = 0
9584  --- SIGURG {si_signo=SIGURG, si_code=SI_TKILL, si_pid=9581, si_uid=1001} ---
9582  clone(child_stack=0x67246944a000, flags=CLONE_VM|CLONE_FS|CLONE_FILES|CLONE_SIGHAND|CLONE_THREAD|CLONE_SYSVSEM) = 9586
9582  tgkill(9581, 9584, SIGURG)        = 0
9584  --- SIGURG {si_signo=SIGURG, si_code=SI_TKILL, si_pid=9581, si_uid=1001} ---
9582  clone(child_stack=0x672469a20000, flags=CLONE_VM|CLONE_FS|CLONE_FILES|CLONE_SIGHAND|CLONE_THREAD|CLONE_SYSVSEM) = 9587
9582  tgkill(9581, 9583, SIGURG)        = 0
9583  --- SIGURG {si_signo=SIGURG, si_code=SI_TKILL, si_pid=9581, si_uid=1001} ---
9582  tgkill(9581, 9586, SIGURG)        = 0
9586  --- SIGURG {si_signo=SIGURG, si_code=SI_TKILL, si_pid=9581, si_uid=1001} ---
9582  tgkill(9581, 9583, SIGURG <unfinished ...>
9583  --- SIGURG {si_signo=SIGURG, si_code=SI_TKILL, si_pid=9581, si_uid=1001} ---
9582  <... tgkill resumed>)             = 0
9582  tgkill(9581, 9583, SIGURG)        = 0
9583  --- SIGURG {si_signo=SIGURG, si_code=SI_TKILL, si_pid=9581, si_uid=1001} ---
9582  tgkill(9581, 9581, SIGURG)        = 0
9581  --- SIGURG {si_signo=SIGURG, si_code=SI_TKILL, si_pid=9581, si_uid=1001} ---
9582  tgkill(9581, 9583, SIGURG <unfinished ...>
9583  --- SIGURG {si_signo=SIGURG, si_code=SI_TKILL, si_pid=9581, si_uid=1001} ---
9582  <... tgkill resumed>)             = 0
9582  tgkill(9581, 9581, SIGURG)        = 0
9581  --- SIGURG {si_signo=SIGURG, si_code=SI_TKILL, si_pid=9581, si_uid=1001} ---
9582  tgkill(9581, 9583, SIGURG <unfinished ...>
9583  --- SIGURG {si_signo=SIGURG, si_code=SI_TKILL, si_pid=9581, si_uid=1001} ---
9582  <... tgkill resumed>)             = 0
9584  tgkill(9581, 9583, SIGURG)        = 0
9583  --- SIGURG {si_signo=SIGURG, si_code=SI_TKILL, si_pid=9581, si_uid=1001} ---
9586  tgkill(9581, 9584, SIGURG)        = 0
9584  --- SIGURG {si_signo=SIGURG, si_code=SI_TKILL, si_pid=9581, si_uid=1001} ---
9583  tgkill(9581, 9584, SIGURG)        = 0
9584  --- SIGURG {si_signo=SIGURG, si_code=SI_TKILL, si_pid=9581, si_uid=1001} ---
9583  tgkill(9581, 9584, SIGURG)        = 0
9584  --- SIGURG {si_signo=SIGURG, si_code=SI_TKILL, si_pid=9581, si_uid=1001} ---
9583  tgkill(9581, 9584, SIGURG)        = 0
9584  --- SIGURG {si_signo=SIGURG, si_code=SI_TKILL, si_pid=9581, si_uid=1001} ---
9582  tgkill(9581, 9584, SIGURG)        = 0
9584  --- SIGURG {si_signo=SIGURG, si_code=SI_TKILL, si_pid=9581, si_uid=1001} ---
9582  tgkill(9581, 9583, SIGURG)        = 0
9583  --- SIGURG {si_signo=SIGURG, si_code=SI_TKILL, si_pid=9581, si_uid=1001} ---
9582  tgkill(9581, 9584, SIGURG)        = 0
9584  --- SIGURG {si_signo=SIGURG, si_code=SI_TKILL, si_pid=9581, si_uid=1001} ---
9582  tgkill(9581, 9584, SIGURG <unfinished ...>
9584  --- SIGURG {si_signo=SIGURG, si_code=SI_TKILL, si_pid=9581, si_uid=1001} ---
9582  <... tgkill resumed>)             = 0
9582  tgkill(9581, 9581, SIGURG)        = 0
9581  --- SIGURG {si_signo=SIGURG, si_code=SI_TKILL, si_pid=9581, si_uid=1001} ---
9582  tgkill(9581, 9583, SIGURG <unfinished ...>
9583  --- SIGURG {si_signo=SIGURG, si_code=SI_TKILL, si_pid=9581, si_uid=1001} ---
9582  <... tgkill resumed>)             = 0
9582  tgkill(9581, 9583, SIGURG)        = 0
9583  --- SIGURG {si_signo=SIGURG, si_code=SI_TKILL, si_pid=9581, si_uid=1001} ---
9586  tgkill(9581, 9581, SIGURG)        = 0
9581  --- SIGURG {si_signo=SIGURG, si_code=SI_TKILL, si_pid=9581, si_uid=1001} ---
9584  tgkill(9581, 9586, SIGURG <unfinished ...>
9586  --- SIGURG {si_signo=SIGURG, si_code=SI_TKILL, si_pid=9581, si_uid=1001} ---
9584  <... tgkill resumed>)             = 0
9584  tgkill(9581, 9586, SIGURG <unfinished ...>
9586  --- SIGURG {si_signo=SIGURG, si_code=SI_TKILL, si_pid=9581, si_uid=1001} ---
9584  <... tgkill resumed>)             = 0
9584  tgkill(9581, 9586, SIGURG)        = 0
9586  --- SIGURG {si_signo=SIGURG, si_code=SI_TKILL, si_pid=9581, si_uid=1001} ---
9584  tgkill(9581, 9586, SIGURG)        = 0
9586  --- SIGURG {si_signo=SIGURG, si_code=SI_TKILL, si_pid=9581, si_uid=1001} ---
9582  tgkill(9581, 9584, SIGURG)        = 0
9584  --- SIGURG {si_signo=SIGURG, si_code=SI_TKILL, si_pid=9581, si_uid=1001} ---
9582  tgkill(9581, 9586, SIGURG)        = 0
9586  --- SIGURG {si_signo=SIGURG, si_code=SI_TKILL, si_pid=9581, si_uid=1001} ---
9582  tgkill(9581, 9581, SIGURG)        = 0
9581  --- SIGURG {si_signo=SIGURG, si_code=SI_TKILL, si_pid=9581, si_uid=1001} ---
9582  tgkill(9581, 9586, SIGURG)        = 0
9586  --- SIGURG {si_signo=SIGURG, si_code=SI_TKILL, si_pid=9581, si_uid=1001} ---
9586  tgkill(9581, 9581, SIGURG)        = 0
9581  --- SIGURG {si_signo=SIGURG, si_code=SI_TKILL, si_pid=9581, si_uid=1001} ---
9584  tgkill(9581, 9586, SIGURG <unfinished ...>
9586  --- SIGURG {si_signo=SIGURG, si_code=SI_TKILL, si_pid=9581, si_uid=1001} ---
9584  <... tgkill resumed>)             = 0
9584  tgkill(9581, 9586, SIGURG)        = 0
9586  --- SIGURG {si_signo=SIGURG, si_code=SI_TKILL, si_pid=9581, si_uid=1001} ---
9584  tgkill(9581, 9581, SIGURG)        = 0
9581  --- SIGURG {si_signo=SIGURG, si_code=SI_TKILL, si_pid=9581, si_uid=1001} ---
9584  tgkill(9581, 9583, SIGURG)        = 0
9583  --- SIGURG {si_signo=SIGURG, si_code=SI_TKILL, si_pid=9581, si_uid=1001} ---
9582  tgkill(9581, 9583, SIGURG <unfinished ...>
9583  --- SIGURG {si_signo=SIGURG, si_code=SI_TKILL, si_pid=9581, si_uid=1001} ---
9582  <... tgkill resumed>)             = 0
9582  tgkill(9581, 9583, SIGURG <unfinished ...>
9583  --- SIGURG {si_signo=SIGURG, si_code=SI_TKILL, si_pid=9581, si_uid=1001} ---
9582  <... tgkill resumed>)             = 0
9585  tgkill(9581, 9581, SIGURG)        = 0
9581  --- SIGURG {si_signo=SIGURG, si_code=SI_TKILL, si_pid=9581, si_uid=1001} ---
9581  tgkill(9581, 9586, SIGURG)        = 0
9586  --- SIGURG {si_signo=SIGURG, si_code=SI_TKILL, si_pid=9581, si_uid=1001} ---
9581  tgkill(9581, 9585, SIGURG)        = 0
9585  --- SIGURG {si_signo=SIGURG, si_code=SI_TKILL, si_pid=9581, si_uid=1001} ---
9583  tgkill(9581, 9586, SIGURG)        = 0
9586  --- SIGURG {si_signo=SIGURG, si_code=SI_TKILL, si_pid=9581, si_uid=1001} ---
9583  tgkill(9581, 9581, SIGURG)        = 0
9581  --- SIGURG {si_signo=SIGURG, si_code=SI_TKILL, si_pid=9581, si_uid=1001} ---
9583  tgkill(9581, 9585, SIGURG)        = 0
9585  --- SIGURG {si_signo=SIGURG, si_code=SI_TKILL, si_pid=9581, si_uid=1001} ---
9583  tgkill(9581, 9585, SIGURG)        = 0
9585  --- SIGURG {si_signo=SIGURG, si_code=SI_TKILL, si_pid=9581, si_uid=1001} ---
9582  tgkill(9581, 9585, SIGURG <unfinished ...>
9585  --- SIGURG {si_signo=SIGURG, si_code=SI_TKILL, si_pid=9581, si_uid=1001} ---
9582  <... tgkill resumed>)             = 0
9582  tgkill(9581, 9583, SIGURG)        = 0
9583  --- SIGURG {si_signo=SIGURG, si_code=SI_TKILL, si_pid=9581, si_uid=1001} ---
9582  tgkill(9581, 9585, SIGURG)        = 0
9585  --- SIGURG {si_signo=SIGURG, si_code=SI_TKILL, si_pid=9581, si_uid=1001} ---
9585  tgkill(9581, 9583, SIGURG)        = 0
9583  --- SIGURG {si_signo=SIGURG, si_code=SI_TKILL, si_pid=9581, si_uid=1001} ---
9586  tgkill(9581, 9581, SIGURG)        = 0
9581  --- SIGURG {si_signo=SIGURG, si_code=SI_TKILL, si_pid=9581, si_uid=1001} ---
9585  tgkill(9581, 9583, SIGURG)        = 0
9583  --- SIGURG {si_signo=SIGURG, si_code=SI_TKILL, si_pid=9581, si_uid=1001} ---
9585  tgkill(9581, 9586, SIGURG)        = 0
9586  --- SIGURG {si_signo=SIGURG, si_code=SI_TKILL, si_pid=9581, si_uid=1001} ---
9585  tgkill(9581, 9586, SIGURG)        = 0
9586  --- SIGURG {si_signo=SIGURG, si_code=SI_TKILL, si_pid=9581, si_uid=1001} ---
9585  tgkill(9581, 9586, SIGURG)        = 0
9586  --- SIGURG {si_signo=SIGURG, si_code=SI_TKILL, si_pid=9581, si_uid=1001} ---
9582  tgkill(9581, 9586, SIGURG <unfinished ...>
9586  --- SIGURG {si_signo=SIGURG, si_code=SI_TKILL, si_pid=9581, si_uid=1001} ---
9582  <... tgkill resumed>)             = 0
9582  tgkill(9581, 9585, SIGURG)        = 0
9585  --- SIGURG {si_signo=SIGURG, si_code=SI_TKILL, si_pid=9581, si_uid=1001} ---
9582  tgkill(9581, 9581, SIGURG)        = 0
9581  --- SIGURG {si_signo=SIGURG, si_code=SI_TKILL, si_pid=9581, si_uid=1001} ---
9582  tgkill(9581, 9585, SIGURG)        = 0
9585  --- SIGURG {si_signo=SIGURG, si_code=SI_TKILL, si_pid=9581, si_uid=1001} ---
9585  tgkill(9581, 9581, SIGURG <unfinished ...>
9581  tgkill(9581, 9586, SIGURG <unfinished ...>
9585  <... tgkill resumed>)             = 0
9581  <... tgkill resumed>)             = 0
9586  --- SIGURG {si_signo=SIGURG, si_code=SI_TKILL, si_pid=9581, si_uid=1001} ---
9581  --- SIGURG {si_signo=SIGURG, si_code=SI_TKILL, si_pid=9581, si_uid=1001} ---
9582  tgkill(9581, 9585, SIGURG)        = 0
9585  --- SIGURG {si_signo=SIGURG, si_code=SI_TKILL, si_pid=9581, si_uid=1001} ---
9582  tgkill(9581, 9583, SIGURG)        = 0
9583  --- SIGURG {si_signo=SIGURG, si_code=SI_TKILL, si_pid=9581, si_uid=1001} ---
9583  tgkill(9581, 9581, SIGURG)        = 0
9581  --- SIGURG {si_signo=SIGURG, si_code=SI_TKILL, si_pid=9581, si_uid=1001} ---
9581  tgkill(9581, 9586, SIGURG)        = 0
9586  --- SIGURG {si_signo=SIGURG, si_code=SI_TKILL, si_pid=9581, si_uid=1001} ---
9581  tgkill(9581, 9585, SIGURG)        = 0
9585  --- SIGURG {si_signo=SIGURG, si_code=SI_TKILL, si_pid=9581, si_uid=1001} ---
9581  tgkill(9581, 9585, SIGURG)        = 0
9585  --- SIGURG {si_signo=SIGURG, si_code=SI_TKILL, si_pid=9581, si_uid=1001} ---
9581  tgkill(9581, 9585, SIGURG)        = 0
9585  --- SIGURG {si_signo=SIGURG, si_code=SI_TKILL, si_pid=9581, si_uid=1001} ---
9582  tgkill(9581, 9585, SIGURG <unfinished ...>
9585  --- SIGURG {si_signo=SIGURG, si_code=SI_TKILL, si_pid=9581, si_uid=1001} ---
9582  <... tgkill resumed>)             = 0
9582  tgkill(9581, 9581, SIGURG)        = 0
9581  --- SIGURG {si_signo=SIGURG, si_code=SI_TKILL, si_pid=9581, si_uid=1001} ---
9582  tgkill(9581, 9585, SIGURG)        = 0
9585  --- SIGURG {si_signo=SIGURG, si_code=SI_TKILL, si_pid=9581, si_uid=1001} ---
9582  tgkill(9581, 9581, SIGURG)        = 0
9581  --- SIGURG {si_signo=SIGURG, si_code=SI_TKILL, si_pid=9581, si_uid=1001} ---
9582  tgkill(9581, 9585, SIGURG)        = 0
9585  --- SIGURG {si_signo=SIGURG, si_code=SI_TKILL, si_pid=9581, si_uid=1001} ---
9582  tgkill(9581, 9581, SIGURG)        = 0
9581  --- SIGURG {si_signo=SIGURG, si_code=SI_TKILL, si_pid=9581, si_uid=1001} ---
9581  tgkill(9581, 9583, SIGURG)        = 0
9583  --- SIGURG {si_signo=SIGURG, si_code=SI_TKILL, si_pid=9581, si_uid=1001} ---
9583  tgkill(9581, 9585, SIGURG)        = 0
9585  --- SIGURG {si_signo=SIGURG, si_code=SI_TKILL, si_pid=9581, si_uid=1001} ---
9586  tgkill(9581, 9585, SIGURG)        = 0
9585  --- SIGURG {si_signo=SIGURG, si_code=SI_TKILL, si_pid=9581, si_uid=1001} ---
9586  tgkill(9581, 9583, SIGURG)        = 0
9583  --- SIGURG {si_signo=SIGURG, si_code=SI_TKILL, si_pid=9581, si_uid=1001} ---
9586  tgkill(9581, 9583, SIGURG)        = 0
9583  --- SIGURG {si_signo=SIGURG, si_code=SI_TKILL, si_pid=9581, si_uid=1001} ---
9582  tgkill(9581, 9583, SIGURG)        = 0
9583  --- SIGURG {si_signo=SIGURG, si_code=SI_TKILL, si_pid=9581, si_uid=1001} ---
9582  tgkill(9581, 9586, SIGURG <unfinished ...>
9586  --- SIGURG {si_signo=SIGURG, si_code=SI_TKILL, si_pid=9581, si_uid=1001} ---
9582  <... tgkill resumed>)             = 0
9582  tgkill(9581, 9583, SIGURG)        = 0
9583  --- SIGURG {si_signo=SIGURG, si_code=SI_TKILL, si_pid=9581, si_uid=1001} ---
9582  tgkill(9581, 9586, SIGURG)        = 0
9586  --- SIGURG {si_signo=SIGURG, si_code=SI_TKILL, si_pid=9581, si_uid=1001} ---
9582  tgkill(9581, 9583, SIGURG <unfinished ...>
9583  --- SIGURG {si_signo=SIGURG, si_code=SI_TKILL, si_pid=9581, si_uid=1001} ---
9582  <... tgkill resumed>)             = 0
9582  tgkill(9581, 9583, SIGURG)        = 0
9583  --- SIGURG {si_signo=SIGURG, si_code=SI_TKILL, si_pid=9581, si_uid=1001} ---
9582  tgkill(9581, 9586, SIGURG <unfinished ...>
9586  --- SIGURG {si_signo=SIGURG, si_code=SI_TKILL, si_pid=9581, si_uid=1001} ---
9582  <... tgkill resumed>)             = 0
9585  tgkill(9581, 9583, SIGURG)        = 0
9583  --- SIGURG {si_signo=SIGURG, si_code=SI_TKILL, si_pid=9581, si_uid=1001} ---
9582  tgkill(9581, 9586, SIGURG)        = 0
9586  --- SIGURG {si_signo=SIGURG, si_code=SI_TKILL, si_pid=9581, si_uid=1001} ---
9582  tgkill(9581, 9581, SIGURG)        = 0
9582  tgkill(9581, 9583, SIGURG)        = 0
9583  --- SIGURG {si_signo=SIGURG, si_code=SI_TKILL, si_pid=9581, si_uid=1001} ---
9582  tgkill(9581, 9585, SIGURG)        = 0
9585  --- SIGURG {si_signo=SIGURG, si_code=SI_TKILL, si_pid=9581, si_uid=1001} ---
9581  --- SIGURG {si_signo=SIGURG, si_code=SI_TKILL, si_pid=9581, si_uid=1001} ---
9583  tgkill(9581, 9585, SIGURG)        = 0
9585  --- SIGURG {si_signo=SIGURG, si_code=SI_TKILL, si_pid=9581, si_uid=1001} ---
9583  tgkill(9581, 9585, SIGURG)        = 0
9585  --- SIGURG {si_signo=SIGURG, si_code=SI_TKILL, si_pid=9581, si_uid=1001} ---
9583  tgkill(9581, 9585, SIGURG)        = 0
9585  --- SIGURG {si_signo=SIGURG, si_code=SI_TKILL, si_pid=9581, si_uid=1001} ---
9583  tgkill(9581, 9585, SIGURG)        = 0
9585  --- SIGURG {si_signo=SIGURG, si_code=SI_TKILL, si_pid=9581, si_uid=1001} ---
9583  tgkill(9581, 9585, SIGURG)        = 0
9585  --- SIGURG {si_signo=SIGURG, si_code=SI_TKILL, si_pid=9581, si_uid=1001} ---
9582  tgkill(9581, 9585, SIGURG)        = 0
9585  --- SIGURG {si_signo=SIGURG, si_code=SI_TKILL, si_pid=9581, si_uid=1001} ---
9582  tgkill(9581, 9586, SIGURG)        = 0
9582  tgkill(9581, 9581, SIGURG)        = 0
9581  --- SIGURG {si_signo=SIGURG, si_code=SI_TKILL, si_pid=9581, si_uid=1001} ---
9582  tgkill(9581, 9583, SIGURG)        = 0
9583  --- SIGURG {si_signo=SIGURG, si_code=SI_TKILL, si_pid=9581, si_uid=1001} ---
9586  --- SIGURG {si_signo=SIGURG, si_code=SI_TKILL, si_pid=9581, si_uid=1001} ---
9582  tgkill(9581, 9585, SIGURG)        = 0
9585  --- SIGURG {si_signo=SIGURG, si_code=SI_TKILL, si_pid=9581, si_uid=1001} ---
9582  tgkill(9581, 9586, SIGURG <unfinished ...>
9586  --- SIGURG {si_signo=SIGURG, si_code=SI_TKILL, si_pid=9581, si_uid=1001} ---
9582  <... tgkill resumed>)             = 0
9582  tgkill(9581, 9581, SIGURG)        = 0
9581  --- SIGURG {si_signo=SIGURG, si_code=SI_TKILL, si_pid=9581, si_uid=1001} ---
9582  tgkill(9581, 9583, SIGURG)        = 0
9583  --- SIGURG {si_signo=SIGURG, si_code=SI_TKILL, si_pid=9581, si_uid=1001} ---
9582  tgkill(9581, 9585, SIGURG <unfinished ...>
9585  --- SIGURG {si_signo=SIGURG, si_code=SI_TKILL, si_pid=9581, si_uid=1001} ---
9582  <... tgkill resumed>)             = 0
9585  tgkill(9581, 9586, SIGURG)        = 0
9586  --- SIGURG {si_signo=SIGURG, si_code=SI_TKILL, si_pid=9581, si_uid=1001} ---
9585  tgkill(9581, 9583, SIGURG)        = 0
9583  --- SIGURG {si_signo=SIGURG, si_code=SI_TKILL, si_pid=9581, si_uid=1001} ---
9581  tgkill(9581, 9583, SIGURG)        = 0
9583  --- SIGURG {si_signo=SIGURG, si_code=SI_TKILL, si_pid=9581, si_uid=1001} ---
9581  tgkill(9581, 9586, SIGURG)        = 0
9586  --- SIGURG {si_signo=SIGURG, si_code=SI_TKILL, si_pid=9581, si_uid=1001} ---
9581  tgkill(9581, 9585, SIGURG)        = 0
9585  --- SIGURG {si_signo=SIGURG, si_code=SI_TKILL, si_pid=9581, si_uid=1001} ---
9582  tgkill(9581, 9586, SIGURG)        = 0
9586  --- SIGURG {si_signo=SIGURG, si_code=SI_TKILL, si_pid=9581, si_uid=1001} ---
9582  tgkill(9581, 9581, SIGURG)        = 0
9581  --- SIGURG {si_signo=SIGURG, si_code=SI_TKILL, si_pid=9581, si_uid=1001} ---
9582  tgkill(9581, 9583, SIGURG)        = 0
9583  --- SIGURG {si_signo=SIGURG, si_code=SI_TKILL, si_pid=9581, si_uid=1001} ---
9582  tgkill(9581, 9585, SIGURG <unfinished ...>
9585  --- SIGURG {si_signo=SIGURG, si_code=SI_TKILL, si_pid=9581, si_uid=1001} ---
9582  <... tgkill resumed>)             = 0
9582  tgkill(9581, 9581, SIGURG)        = 0
9581  --- SIGURG {si_signo=SIGURG, si_code=SI_TKILL, si_pid=9581, si_uid=1001} ---
9582  tgkill(9581, 9586, SIGURG)        = 0
9586  --- SIGURG {si_signo=SIGURG, si_code=SI_TKILL, si_pid=9581, si_uid=1001} ---
9582  tgkill(9581, 9581, SIGURG)        = 0
9581  --- SIGURG {si_signo=SIGURG, si_code=SI_TKILL, si_pid=9581, si_uid=1001} ---
9582  tgkill(9581, 9583, SIGURG)        = 0
9583  --- SIGURG {si_signo=SIGURG, si_code=SI_TKILL, si_pid=9581, si_uid=1001} ---
9582  tgkill(9581, 9585, SIGURG <unfinished ...>
9585  --- SIGURG {si_signo=SIGURG, si_code=SI_TKILL, si_pid=9581, si_uid=1001} ---
9582  <... tgkill resumed>)             = 0
9582  tgkill(9581, 9581, SIGURG)        = 0
9581  --- SIGURG {si_signo=SIGURG, si_code=SI_TKILL, si_pid=9581, si_uid=1001} ---
9582  tgkill(9581, 9586, SIGURG)        = 0
9586  --- SIGURG {si_signo=SIGURG, si_code=SI_TKILL, si_pid=9581, si_uid=1001} ---
9582  tgkill(9581, 9581, SIGURG)        = 0
9581  --- SIGURG {si_signo=SIGURG, si_code=SI_TKILL, si_pid=9581, si_uid=1001} ---
9582  tgkill(9581, 9583, SIGURG)        = 0
9583  --- SIGURG {si_signo=SIGURG, si_code=SI_TKILL, si_pid=9581, si_uid=1001} ---
9582  tgkill(9581, 9585, SIGURG <unfinished ...>
9585  --- SIGURG {si_signo=SIGURG, si_code=SI_TKILL, si_pid=9581, si_uid=1001} ---
9582  <... tgkill resumed>)             = 0
9585  tgkill(9581, 9583, SIGURG)        = 0
9583  --- SIGURG {si_signo=SIGURG, si_code=SI_TKILL, si_pid=9581, si_uid=1001} ---
9583  tgkill(9581, 9586, SIGURG)        = 0
9586  --- SIGURG {si_signo=SIGURG, si_code=SI_TKILL, si_pid=9581, si_uid=1001} ---
9583  tgkill(9581, 9581, SIGURG)        = 0
9583  tgkill(9581, 9585, SIGURG <unfinished ...>
9581  --- SIGURG {si_signo=SIGURG, si_code=SI_TKILL, si_pid=9581, si_uid=1001} ---
9583  <... tgkill resumed>)             = 0
9585  --- SIGURG {si_signo=SIGURG, si_code=SI_TKILL, si_pid=9581, si_uid=1001} ---
9585  tgkill(9581, 9586, SIGURG)        = 0
9586  --- SIGURG {si_signo=SIGURG, si_code=SI_TKILL, si_pid=9581, si_uid=1001} ---
9585  tgkill(9581, 9581, SIGURG)        = 0
9581  --- SIGURG {si_signo=SIGURG, si_code=SI_TKILL, si_pid=9581, si_uid=1001} ---
9585  tgkill(9581, 9583, SIGURG)        = 0
9583  --- SIGURG {si_signo=SIGURG, si_code=SI_TKILL, si_pid=9581, si_uid=1001} ---
9585  tgkill(9581, 9586, SIGURG)        = 0
9586  --- SIGURG {si_signo=SIGURG, si_code=SI_TKILL, si_pid=9581, si_uid=1001} ---
9585  tgkill(9581, 9581, SIGURG)        = 0
9581  --- SIGURG {si_signo=SIGURG, si_code=SI_TKILL, si_pid=9581, si_uid=1001} ---
9585  tgkill(9581, 9583, SIGURG)        = 0
9583  --- SIGURG {si_signo=SIGURG, si_code=SI_TKILL, si_pid=9581, si_uid=1001} ---
9585  tgkill(9581, 9586, SIGURG)        = 0
9586  --- SIGURG {si_signo=SIGURG, si_code=SI_TKILL, si_pid=9581, si_uid=1001} ---
9585  tgkill(9581, 9581, SIGURG)        = 0
9581  --- SIGURG {si_signo=SIGURG, si_code=SI_TKILL, si_pid=9581, si_uid=1001} ---
9585  tgkill(9581, 9586, SIGURG)        = 0
9586  --- SIGURG {si_signo=SIGURG, si_code=SI_TKILL, si_pid=9581, si_uid=1001} ---
9585  tgkill(9581, 9581, SIGURG)        = 0
9581  --- SIGURG {si_signo=SIGURG, si_code=SI_TKILL, si_pid=9581, si_uid=1001} ---
9582  tgkill(9581, 9586, SIGURG)        = 0
9586  --- SIGURG {si_signo=SIGURG, si_code=SI_TKILL, si_pid=9581, si_uid=1001} ---
9582  tgkill(9581, 9581, SIGURG)        = 0
9581  --- SIGURG {si_signo=SIGURG, si_code=SI_TKILL, si_pid=9581, si_uid=1001} ---
9582  tgkill(9581, 9585, SIGURG)        = 0
9585  --- SIGURG {si_signo=SIGURG, si_code=SI_TKILL, si_pid=9581, si_uid=1001} ---
9582  tgkill(9581, 9583, SIGURG)        = 0
9583  --- SIGURG {si_signo=SIGURG, si_code=SI_TKILL, si_pid=9581, si_uid=1001} ---
9582  tgkill(9581, 9586, SIGURG <unfinished ...>
9586  --- SIGURG {si_signo=SIGURG, si_code=SI_TKILL, si_pid=9581, si_uid=1001} ---
9582  <... tgkill resumed>)             = 0
9582  tgkill(9581, 9585, SIGURG <unfinished ...>
9585  --- SIGURG {si_signo=SIGURG, si_code=SI_TKILL, si_pid=9581, si_uid=1001} ---
9582  <... tgkill resumed>)             = 0
9582  tgkill(9581, 9583, SIGURG <unfinished ...>
9583  --- SIGURG {si_signo=SIGURG, si_code=SI_TKILL, si_pid=9581, si_uid=1001} ---
9582  <... tgkill resumed>)             = 0
9582  tgkill(9581, 9586, SIGURG)        = 0
9586  --- SIGURG {si_signo=SIGURG, si_code=SI_TKILL, si_pid=9581, si_uid=1001} ---
9582  tgkill(9581, 9581, SIGURG)        = 0
9581  --- SIGURG {si_signo=SIGURG, si_code=SI_TKILL, si_pid=9581, si_uid=1001} ---
9582  tgkill(9581, 9585, SIGURG <unfinished ...>
9585  --- SIGURG {si_signo=SIGURG, si_code=SI_TKILL, si_pid=9581, si_uid=1001} ---
9582  <... tgkill resumed>)             = 0
9582  tgkill(9581, 9583, SIGURG <unfinished ...>
9583  --- SIGURG {si_signo=SIGURG, si_code=SI_TKILL, si_pid=9581, si_uid=1001} ---
9582  <... tgkill resumed>)             = 0
9582  tgkill(9581, 9586, SIGURG)        = 0
9586  --- SIGURG {si_signo=SIGURG, si_code=SI_TKILL, si_pid=9581, si_uid=1001} ---
9582  tgkill(9581, 9581, SIGURG)        = 0
9581  --- SIGURG {si_signo=SIGURG, si_code=SI_TKILL, si_pid=9581, si_uid=1001} ---
9582  tgkill(9581, 9583, SIGURG <unfinished ...>
9583  --- SIGURG {si_signo=SIGURG, si_code=SI_TKILL, si_pid=9581, si_uid=1001} ---
9582  <... tgkill resumed>)             = 0
9582  tgkill(9581, 9585, SIGURG)        = 0
9585  --- SIGURG {si_signo=SIGURG, si_code=SI_TKILL, si_pid=9581, si_uid=1001} ---
9582  tgkill(9581, 9586, SIGURG)        = 0
9586  --- SIGURG {si_signo=SIGURG, si_code=SI_TKILL, si_pid=9581, si_uid=1001} ---
9582  tgkill(9581, 9581, SIGURG)        = 0
9581  --- SIGURG {si_signo=SIGURG, si_code=SI_TKILL, si_pid=9581, si_uid=1001} ---
9582  tgkill(9581, 9585, SIGURG)        = 0
9585  --- SIGURG {si_signo=SIGURG, si_code=SI_TKILL, si_pid=9581, si_uid=1001} ---
9582  tgkill(9581, 9586, SIGURG)        = 0
9586  --- SIGURG {si_signo=SIGURG, si_code=SI_TKILL, si_pid=9581, si_uid=1001} ---
9582  tgkill(9581, 9581, SIGURG)        = 0
9581  --- SIGURG {si_signo=SIGURG, si_code=SI_TKILL, si_pid=9581, si_uid=1001} ---
9582  tgkill(9581, 9583, SIGURG <unfinished ...>
9583  --- SIGURG {si_signo=SIGURG, si_code=SI_TKILL, si_pid=9581, si_uid=1001} ---
9582  <... tgkill resumed>)             = 0
9586  tgkill(9581, 9581, SIGURG)        = 0
9581  --- SIGURG {si_signo=SIGURG, si_code=SI_TKILL, si_pid=9581, si_uid=1001} ---
9583  tgkill(9581, 9586, SIGURG)        = 0
9586  --- SIGURG {si_signo=SIGURG, si_code=SI_TKILL, si_pid=9581, si_uid=1001} ---
9583  tgkill(9581, 9585, SIGURG)        = 0
9585  --- SIGURG {si_signo=SIGURG, si_code=SI_TKILL, si_pid=9581, si_uid=1001} ---
9583  tgkill(9581, 9581, SIGURG)        = 0
9581  --- SIGURG {si_signo=SIGURG, si_code=SI_TKILL, si_pid=9581, si_uid=1001} ---
9582  tgkill(9581, 9586, SIGURG)        = 0
9586  --- SIGURG {si_signo=SIGURG, si_code=SI_TKILL, si_pid=9581, si_uid=1001} ---
9582  tgkill(9581, 9581, SIGURG)        = 0
9581  --- SIGURG {si_signo=SIGURG, si_code=SI_TKILL, si_pid=9581, si_uid=1001} ---
9582  tgkill(9581, 9583, SIGURG <unfinished ...>
9583  --- SIGURG {si_signo=SIGURG, si_code=SI_TKILL, si_pid=9581, si_uid=1001} ---
9582  <... tgkill resumed>)             = 0
9582  tgkill(9581, 9585, SIGURG <unfinished ...>
9585  --- SIGURG {si_signo=SIGURG, si_code=SI_TKILL, si_pid=9581, si_uid=1001} ---
9582  <... tgkill resumed>)             = 0
9582  tgkill(9581, 9586, SIGURG)        = 0
9586  --- SIGURG {si_signo=SIGURG, si_code=SI_TKILL, si_pid=9581, si_uid=1001} ---
9582  tgkill(9581, 9583, SIGURG <unfinished ...>
9583  --- SIGURG {si_signo=SIGURG, si_code=SI_TKILL, si_pid=9581, si_uid=1001} ---
9582  <... tgkill resumed>)             = 0
9582  tgkill(9581, 9583, SIGURG <unfinished ...>
9583  --- SIGURG {si_signo=SIGURG, si_code=SI_TKILL, si_pid=9581, si_uid=1001} ---
9582  <... tgkill resumed>)             = 0
9582  tgkill(9581, 9585, SIGURG <unfinished ...>
9585  --- SIGURG {si_signo=SIGURG, si_code=SI_TKILL, si_pid=9581, si_uid=1001} ---
9582  <... tgkill resumed>)             = 0
9582  tgkill(9581, 9586, SIGURG)        = 0
9586  --- SIGURG {si_signo=SIGURG, si_code=SI_TKILL, si_pid=9581, si_uid=1001} ---
9582  tgkill(9581, 9581, SIGURG)        = 0
9581  --- SIGURG {si_signo=SIGURG, si_code=SI_TKILL, si_pid=9581, si_uid=1001} ---
9582  tgkill(9581, 9583, SIGURG <unfinished ...>
9583  --- SIGURG {si_signo=SIGURG, si_code=SI_TKILL, si_pid=9581, si_uid=1001} ---
9582  <... tgkill resumed>)             = 0
9582  tgkill(9581, 9581, SIGURG)        = 0
9581  --- SIGURG {si_signo=SIGURG, si_code=SI_TKILL, si_pid=9581, si_uid=1001} ---
9582  tgkill(9581, 9583, SIGURG <unfinished ...>
9583  --- SIGURG {si_signo=SIGURG, si_code=SI_TKILL, si_pid=9581, si_uid=1001} ---
9582  <... tgkill resumed>)             = 0
9582  tgkill(9581, 9585, SIGURG)        = 0
9585  --- SIGURG {si_signo=SIGURG, si_code=SI_TKILL, si_pid=9581, si_uid=1001} ---
9582  tgkill(9581, 9581, SIGURG)        = 0
9581  --- SIGURG {si_signo=SIGURG, si_code=SI_TKILL, si_pid=9581, si_uid=1001} ---
9582  tgkill(9581, 9583, SIGURG <unfinished ...>
9583  --- SIGURG {si_signo=SIGURG, si_code=SI_TKILL, si_pid=9581, si_uid=1001} ---
9582  <... tgkill resumed>)             = 0
9582  tgkill(9581, 9586, SIGURG)        = 0
9586  --- SIGURG {si_signo=SIGURG, si_code=SI_TKILL, si_pid=9581, si_uid=1001} ---
9582  tgkill(9581, 9581, SIGURG)        = 0
9581  --- SIGURG {si_signo=SIGURG, si_code=SI_TKILL, si_pid=9581, si_uid=1001} ---
9582  tgkill(9581, 9585, SIGURG)        = 0
9585  --- SIGURG {si_signo=SIGURG, si_code=SI_TKILL, si_pid=9581, si_uid=1001} ---
9586  tgkill(9581, 9581, SIGURG)        = 0
9586  tgkill(9581, 9583, SIGURG <unfinished ...>
9581  --- SIGURG {si_signo=SIGURG, si_code=SI_TKILL, si_pid=9581, si_uid=1001} ---
9586  <... tgkill resumed>)             = 0
9583  --- SIGURG {si_signo=SIGURG, si_code=SI_TKILL, si_pid=9581, si_uid=1001} ---
9586  tgkill(9581, 9585, SIGURG)        = 0
9585  --- SIGURG {si_signo=SIGURG, si_code=SI_TKILL, si_pid=9581, si_uid=1001} ---
9583  tgkill(9581, 9586, SIGURG)        = 0
9586  --- SIGURG {si_signo=SIGURG, si_code=SI_TKILL, si_pid=9581, si_uid=1001} ---
9583  tgkill(9581, 9581, SIGURG)        = 0
9581  --- SIGURG {si_signo=SIGURG, si_code=SI_TKILL, si_pid=9581, si_uid=1001} ---
9583  tgkill(9581, 9585, SIGURG)        = 0
9585  --- SIGURG {si_signo=SIGURG, si_code=SI_TKILL, si_pid=9581, si_uid=1001} ---
9583  tgkill(9581, 9581, SIGURG)        = 0
9581  --- SIGURG {si_signo=SIGURG, si_code=SI_TKILL, si_pid=9581, si_uid=1001} ---
9583  tgkill(9581, 9585, SIGURG)        = 0
9585  --- SIGURG {si_signo=SIGURG, si_code=SI_TKILL, si_pid=9581, si_uid=1001} ---
9583  tgkill(9581, 9586, SIGURG)        = 0
9586  --- SIGURG {si_signo=SIGURG, si_code=SI_TKILL, si_pid=9581, si_uid=1001} ---
9583  tgkill(9581, 9581, SIGURG)        = 0
9581  --- SIGURG {si_signo=SIGURG, si_code=SI_TKILL, si_pid=9581, si_uid=1001} ---
9583  tgkill(9581, 9585, SIGURG)        = 0
9585  --- SIGURG {si_signo=SIGURG, si_code=SI_TKILL, si_pid=9581, si_uid=1001} ---
9583  tgkill(9581, 9586, SIGURG)        = 0
9586  --- SIGURG {si_signo=SIGURG, si_code=SI_TKILL, si_pid=9581, si_uid=1001} ---
9583  tgkill(9581, 9581, SIGURG)        = 0
9581  --- SIGURG {si_signo=SIGURG, si_code=SI_TKILL, si_pid=9581, si_uid=1001} ---
9583  tgkill(9581, 9585, SIGURG)        = 0
9585  --- SIGURG {si_signo=SIGURG, si_code=SI_TKILL, si_pid=9581, si_uid=1001} ---
9582  tgkill(9581, 9581, SIGURG)        = 0
9581  --- SIGURG {si_signo=SIGURG, si_code=SI_TKILL, si_pid=9581, si_uid=1001} ---
9582  tgkill(9581, 9583, SIGURG <unfinished ...>
9583  --- SIGURG {si_signo=SIGURG, si_code=SI_TKILL, si_pid=9581, si_uid=1001} ---
9582  <... tgkill resumed>)             = 0
9582  tgkill(9581, 9585, SIGURG <unfinished ...>
9585  --- SIGURG {si_signo=SIGURG, si_code=SI_TKILL, si_pid=9581, si_uid=1001} ---
9582  <... tgkill resumed>)             = 0
9582  tgkill(9581, 9585, SIGURG)        = 0
9585  --- SIGURG {si_signo=SIGURG, si_code=SI_TKILL, si_pid=9581, si_uid=1001} ---
9582  tgkill(9581, 9586, SIGURG <unfinished ...>
9586  --- SIGURG {si_signo=SIGURG, si_code=SI_TKILL, si_pid=9581, si_uid=1001} ---
9582  <... tgkill resumed>)             = 0
9582  tgkill(9581, 9581, SIGURG)        = 0
9581  --- SIGURG {si_signo=SIGURG, si_code=SI_TKILL, si_pid=9581, si_uid=1001} ---
9582  tgkill(9581, 9583, SIGURG <unfinished ...>
9583  --- SIGURG {si_signo=SIGURG, si_code=SI_TKILL, si_pid=9581, si_uid=1001} ---
9582  <... tgkill resumed>)             = 0
9582  tgkill(9581, 9586, SIGURG <unfinished ...>
9586  --- SIGURG {si_signo=SIGURG, si_code=SI_TKILL, si_pid=9581, si_uid=1001} ---
9582  <... tgkill resumed>)             = 0
9582  tgkill(9581, 9583, SIGURG <unfinished ...>
9583  --- SIGURG {si_signo=SIGURG, si_code=SI_TKILL, si_pid=9581, si_uid=1001} ---
9582  <... tgkill resumed>)             = 0
9582  tgkill(9581, 9581, SIGURG)        = 0
9581  --- SIGURG {si_signo=SIGURG, si_code=SI_TKILL, si_pid=9581, si_uid=1001} ---
9582  tgkill(9581, 9585, SIGURG)        = 0
9585  --- SIGURG {si_signo=SIGURG, si_code=SI_TKILL, si_pid=9581, si_uid=1001} ---
9582  tgkill(9581, 9586, SIGURG <unfinished ...>
9586  --- SIGURG {si_signo=SIGURG, si_code=SI_TKILL, si_pid=9581, si_uid=1001} ---
9582  <... tgkill resumed>)             = 0
9582  tgkill(9581, 9581, SIGURG)        = 0
9581  --- SIGURG {si_signo=SIGURG, si_code=SI_TKILL, si_pid=9581, si_uid=1001} ---
9582  tgkill(9581, 9583, SIGURG <unfinished ...>
9583  --- SIGURG {si_signo=SIGURG, si_code=SI_TKILL, si_pid=9581, si_uid=1001} ---
9582  <... tgkill resumed>)             = 0
9582  tgkill(9581, 9586, SIGURG <unfinished ...>
9586  --- SIGURG {si_signo=SIGURG, si_code=SI_TKILL, si_pid=9581, si_uid=1001} ---
9582  <... tgkill resumed>)             = 0
9582  tgkill(9581, 9585, SIGURG <unfinished ...>
9585  --- SIGURG {si_signo=SIGURG, si_code=SI_TKILL, si_pid=9581, si_uid=1001} ---
9582  <... tgkill resumed>)             = 0
9582  tgkill(9581, 9581, SIGURG)        = 0
9581  --- SIGURG {si_signo=SIGURG, si_code=SI_TKILL, si_pid=9581, si_uid=1001} ---
9582  tgkill(9581, 9583, SIGURG)        = 0
9583  --- SIGURG {si_signo=SIGURG, si_code=SI_TKILL, si_pid=9581, si_uid=1001} ---
9582  tgkill(9581, 9586, SIGURG)        = 0
9586  --- SIGURG {si_signo=SIGURG, si_code=SI_TKILL, si_pid=9581, si_uid=1001} ---
9582  tgkill(9581, 9585, SIGURG)        = 0
9585  --- SIGURG {si_signo=SIGURG, si_code=SI_TKILL, si_pid=9581, si_uid=1001} ---
9582  tgkill(9581, 9586, SIGURG)        = 0
9586  --- SIGURG {si_signo=SIGURG, si_code=SI_TKILL, si_pid=9581, si_uid=1001} ---
9582  tgkill(9581, 9581, SIGURG)        = 0
9581  --- SIGURG {si_signo=SIGURG, si_code=SI_TKILL, si_pid=9581, si_uid=1001} ---
9582  tgkill(9581, 9585, SIGURG)        = 0
9585  --- SIGURG {si_signo=SIGURG, si_code=SI_TKILL, si_pid=9581, si_uid=1001} ---
9582  tgkill(9581, 9583, SIGURG)        = 0
9583  --- SIGURG {si_signo=SIGURG, si_code=SI_TKILL, si_pid=9581, si_uid=1001} ---
9582  tgkill(9581, 9586, SIGURG)        = 0
9586  --- SIGURG {si_signo=SIGURG, si_code=SI_TKILL, si_pid=9581, si_uid=1001} ---
9582  tgkill(9581, 9581, SIGURG)        = 0
9581  --- SIGURG {si_signo=SIGURG, si_code=SI_TKILL, si_pid=9581, si_uid=1001} ---
9583  tgkill(9581, 9586, SIGURG)        = 0
9586  --- SIGURG {si_signo=SIGURG, si_code=SI_TKILL, si_pid=9581, si_uid=1001} ---
9585  tgkill(9581, 9586, SIGURG)        = 0
9586  --- SIGURG {si_signo=SIGURG, si_code=SI_TKILL, si_pid=9581, si_uid=1001} ---
9585  tgkill(9581, 9583, SIGURG)        = 0
9583  --- SIGURG {si_signo=SIGURG, si_code=SI_TKILL, si_pid=9581, si_uid=1001} ---
9585  tgkill(9581, 9581, SIGURG)        = 0
9581  --- SIGURG {si_signo=SIGURG, si_code=SI_TKILL, si_pid=9581, si_uid=1001} ---
9582  tgkill(9581, 9586, SIGURG)        = 0
9586  --- SIGURG {si_signo=SIGURG, si_code=SI_TKILL, si_pid=9581, si_uid=1001} ---
9582  tgkill(9581, 9585, SIGURG)        = 0
9585  --- SIGURG {si_signo=SIGURG, si_code=SI_TKILL, si_pid=9581, si_uid=1001} ---
9582  tgkill(9581, 9583, SIGURG <unfinished ...>
9583  --- SIGURG {si_signo=SIGURG, si_code=SI_TKILL, si_pid=9581, si_uid=1001} ---
9582  <... tgkill resumed>)             = 0
9582  tgkill(9581, 9581, SIGURG)        = 0
9581  --- SIGURG {si_signo=SIGURG, si_code=SI_TKILL, si_pid=9581, si_uid=1001} ---
9582  tgkill(9581, 9585, SIGURG)        = 0
9585  --- SIGURG {si_signo=SIGURG, si_code=SI_TKILL, si_pid=9581, si_uid=1001} ---
9582  tgkill(9581, 9586, SIGURG <unfinished ...>
9586  --- SIGURG {si_signo=SIGURG, si_code=SI_TKILL, si_pid=9581, si_uid=1001} ---
9582  <... tgkill resumed>)             = 0
9582  tgkill(9581, 9585, SIGURG)        = 0
9585  --- SIGURG {si_signo=SIGURG, si_code=SI_TKILL, si_pid=9581, si_uid=1001} ---
9582  tgkill(9581, 9583, SIGURG <unfinished ...>
9583  --- SIGURG {si_signo=SIGURG, si_code=SI_TKILL, si_pid=9581, si_uid=1001} ---
9582  <... tgkill resumed>)             = 0
9582  tgkill(9581, 9581, SIGURG)        = 0
9581  --- SIGURG {si_signo=SIGURG, si_code=SI_TKILL, si_pid=9581, si_uid=1001} ---
9582  tgkill(9581, 9586, SIGURG <unfinished ...>
9586  --- SIGURG {si_signo=SIGURG, si_code=SI_TKILL, si_pid=9581, si_uid=1001} ---
9582  <... tgkill resumed>)             = 0
9582  tgkill(9581, 9585, SIGURG)        = 0
9585  --- SIGURG {si_signo=SIGURG, si_code=SI_TKILL, si_pid=9581, si_uid=1001} ---
9582  tgkill(9581, 9585, SIGURG)        = 0
9585  --- SIGURG {si_signo=SIGURG, si_code=SI_TKILL, si_pid=9581, si_uid=1001} ---
9582  tgkill(9581, 9583, SIGURG <unfinished ...>
9583  --- SIGURG {si_signo=SIGURG, si_code=SI_TKILL, si_pid=9581, si_uid=1001} ---
9582  <... tgkill resumed>)             = 0
9582  tgkill(9581, 9581, SIGURG)        = 0
9581  --- SIGURG {si_signo=SIGURG, si_code=SI_TKILL, si_pid=9581, si_uid=1001} ---
9582  tgkill(9581, 9586, SIGURG <unfinished ...>
9586  --- SIGURG {si_signo=SIGURG, si_code=SI_TKILL, si_pid=9581, si_uid=1001} ---
9582  <... tgkill resumed>)             = 0
9582  tgkill(9581, 9585, SIGURG <unfinished ...>
9585  --- SIGURG {si_signo=SIGURG, si_code=SI_TKILL, si_pid=9581, si_uid=1001} ---
9582  <... tgkill resumed>)             = 0
9582  tgkill(9581, 9585, SIGURG)        = 0
9585  --- SIGURG {si_signo=SIGURG, si_code=SI_TKILL, si_pid=9581, si_uid=1001} ---
9583  tgkill(9581, 9586, SIGURG <unfinished ...>
9586  --- SIGURG {si_signo=SIGURG, si_code=SI_TKILL, si_pid=9581, si_uid=1001} ---
9583  <... tgkill resumed>)             = 0
9585  tgkill(9581, 9581, SIGURG)        = 0
9581  --- SIGURG {si_signo=SIGURG, si_code=SI_TKILL, si_pid=9581, si_uid=1001} ---
9585  tgkill(9581, 9586, SIGURG)        = 0
9586  --- SIGURG {si_signo=SIGURG, si_code=SI_TKILL, si_pid=9581, si_uid=1001} ---
9585  tgkill(9581, 9581, SIGURG)        = 0
9581  --- SIGURG {si_signo=SIGURG, si_code=SI_TKILL, si_pid=9581, si_uid=1001} ---
9585  tgkill(9581, 9581, SIGURG)        = 0
9581  --- SIGURG {si_signo=SIGURG, si_code=SI_TKILL, si_pid=9581, si_uid=1001} ---
9582  tgkill(9581, 9581, SIGURG)        = 0
9581  --- SIGURG {si_signo=SIGURG, si_code=SI_TKILL, si_pid=9581, si_uid=1001} ---
9582  tgkill(9581, 9585, SIGURG)        = 0
9585  --- SIGURG {si_signo=SIGURG, si_code=SI_TKILL, si_pid=9581, si_uid=1001} ---
9582  tgkill(9581, 9585, SIGURG <unfinished ...>
9585  --- SIGURG {si_signo=SIGURG, si_code=SI_TKILL, si_pid=9581, si_uid=1001} ---
9582  <... tgkill resumed>)             = 0
9582  tgkill(9581, 9585, SIGURG <unfinished ...>
9585  --- SIGURG {si_signo=SIGURG, si_code=SI_TKILL, si_pid=9581, si_uid=1001} ---
9582  <... tgkill resumed>)             = 0
9582  tgkill(9581, 9585, SIGURG <unfinished ...>
9585  --- SIGURG {si_signo=SIGURG, si_code=SI_TKILL, si_pid=9581, si_uid=1001} ---
9582  <... tgkill resumed>)             = 0
9582  tgkill(9581, 9585, SIGURG)        = 0
9585  --- SIGURG {si_signo=SIGURG, si_code=SI_TKILL, si_pid=9581, si_uid=1001} ---
9582  tgkill(9581, 9585, SIGURG <unfinished ...>
9585  --- SIGURG {si_signo=SIGURG, si_code=SI_TKILL, si_pid=9581, si_uid=1001} ---
9582  <... tgkill resumed>)             = 0
9582  tgkill(9581, 9585, SIGURG)        = 0
9585  --- SIGURG {si_signo=SIGURG, si_code=SI_TKILL, si_pid=9581, si_uid=1001} ---
9582  tgkill(9581, 9583, SIGURG)        = 0
9583  --- SIGURG {si_signo=SIGURG, si_code=SI_TKILL, si_pid=9581, si_uid=1001} ---
9582  tgkill(9581, 9583, SIGURG)        = 0
9583  --- SIGURG {si_signo=SIGURG, si_code=SI_TKILL, si_pid=9581, si_uid=1001} ---
9582  tgkill(9581, 9581, SIGURG)        = 0
9581  --- SIGURG {si_signo=SIGURG, si_code=SI_TKILL, si_pid=9581, si_uid=1001} ---
9582  tgkill(9581, 9581, SIGURG)        = 0
9581  --- SIGURG {si_signo=SIGURG, si_code=SI_TKILL, si_pid=9581, si_uid=1001} ---
9582  tgkill(9581, 9581, SIGURG)        = 0
9581  --- SIGURG {si_signo=SIGURG, si_code=SI_TKILL, si_pid=9581, si_uid=1001} ---
9581  exit_group(0)                     = ?
9587  +++ exited with 0 +++
9586  +++ exited with 0 +++
9585  +++ exited with 0 +++
9583  +++ exited with 0 +++
9582  +++ exited with 0 +++
9584  +++ exited with 0 +++
9581  +++ exited with 0 +++
9367  --- SIGCHLD {si_signo=SIGCHLD, si_code=CLD_EXITED, si_pid=9581, si_uid=1001, si_status=0, si_utime=366 /* 3.66 s */, si_stime=19 /* 0.19 s */} ---
9200  <... waitid resumed>{si_signo=SIGCHLD, si_code=CLD_EXITED, si_pid=9581, si_uid=1001, si_status=0, si_utime=0, si_stime=0}, WEXITED, {ru_utime={tv_sec=3, tv_usec=682710}, ru_stime={tv_sec=0, tv_usec=199011}, ...}) = 0
9367  clone(child_stack=NULL, flags=CLONE_VM|CLONE_PIDFD|CLONE_VFORK|SIGCHLD <unfinished ...>
9588  execve("/opt/hostedtoolcache/go/1.27.0/arm64/pkg/tool/linux_arm64/asm", ["/opt/hostedtoolcache/go/1.27.0/a"..., "-p", "runtime", "-trimpath", "/tmp/go-build1496978431/b009=>", "-I", "/tmp/go-build1496978431/b009/", "-I", "/opt/hostedtoolcache/go/1.27.0/a"..., "-D", "GOOS_linux", "-D", "GOARCH_arm64", "-std", "-o", "/tmp/go-build1496978431/b009/asm"..., "/opt/hostedtoolcache/go/1.27.0/a"...], 0x115fd8060008 /* 140 vars */ <unfinished ...>
9367  <... clone resumed>, parent_tid=[12]) = 9588
9588  <... execve resumed>)             = 0
9367  waitid(P_PIDFD, 12,  <unfinished ...>
9588  clone(child_stack=0x79a71a15a000, flags=CLONE_VM|CLONE_FS|CLONE_FILES|CLONE_SIGHAND|CLONE_THREAD|CLONE_SYSVSEM) = 9589
9588  clone(child_stack=0x79a71a192000, flags=CLONE_VM|CLONE_FS|CLONE_FILES|CLONE_SIGHAND|CLONE_THREAD|CLONE_SYSVSEM) = 9590
9588  clone(child_stack=0x79a71a18e000, flags=CLONE_VM|CLONE_FS|CLONE_FILES|CLONE_SIGHAND|CLONE_THREAD|CLONE_SYSVSEM) = 9591
9590  clone(child_stack=0x79a71a218000, flags=CLONE_VM|CLONE_FS|CLONE_FILES|CLONE_SIGHAND|CLONE_THREAD|CLONE_SYSVSEM) = 9592
9588  exit_group(0)                     = ?
9592  +++ exited with 0 +++
9591  +++ exited with 0 +++
9590  +++ exited with 0 +++
9589  +++ exited with 0 +++
9588  +++ exited with 0 +++
9367  <... waitid resumed>{si_signo=SIGCHLD, si_code=CLD_EXITED, si_pid=9588, si_uid=1001, si_status=0, si_utime=0, si_stime=0}, WEXITED, {ru_utime={tv_sec=0, tv_usec=1844}, ru_stime={tv_sec=0, tv_usec=4611}, ...}) = 0
9200  --- SIGCHLD {si_signo=SIGCHLD, si_code=CLD_EXITED, si_pid=9588, si_uid=1001, si_status=0, si_utime=0, si_stime=0} ---
9200  clone(child_stack=NULL, flags=CLONE_VM|CLONE_PIDFD|CLONE_VFORK|SIGCHLD <unfinished ...>
9593  execve("/opt/hostedtoolcache/go/1.27.0/arm64/pkg/tool/linux_arm64/asm", ["/opt/hostedtoolcache/go/1.27.0/a"..., "-p", "runtime", "-trimpath", "/tmp/go-build1496978431/b009=>", "-I", "/tmp/go-build1496978431/b009/", "-I", "/opt/hostedtoolcache/go/1.27.0/a"..., "-D", "GOOS_linux", "-D", "GOARCH_arm64", "-std", "-o", "/tmp/go-build1496978431/b009/asm"..., "/opt/hostedtoolcache/go/1.27.0/a"...], 0x115fd8060488 /* 140 vars */ <unfinished ...>
9200  <... clone resumed>, parent_tid=[12]) = 9593
9593  <... execve resumed>)             = 0
9200  waitid(P_PIDFD, 12,  <unfinished ...>
9593  clone(child_stack=0x74b06cb8c000, flags=CLONE_VM|CLONE_FS|CLONE_FILES|CLONE_SIGHAND|CLONE_THREAD|CLONE_SYSVSEM) = 9594
9593  clone(child_stack=0x74b06cbc4000, flags=CLONE_VM|CLONE_FS|CLONE_FILES|CLONE_SIGHAND|CLONE_THREAD|CLONE_SYSVSEM) = 9595
9593  clone(child_stack=0x74b06cbc0000, flags=CLONE_VM|CLONE_FS|CLONE_FILES|CLONE_SIGHAND|CLONE_THREAD|CLONE_SYSVSEM) = 9596
9595  clone(child_stack=0x74b06cc18000, flags=CLONE_VM|CLONE_FS|CLONE_FILES|CLONE_SIGHAND|CLONE_THREAD|CLONE_SYSVSEM) = 9597
9594  tgkill(9593, 9593, SIGURG)        = 0
9593  --- SIGURG {si_signo=SIGURG, si_code=SI_TKILL, si_pid=9593, si_uid=1001} ---
9593  exit_group(0)                     = ?
9597  +++ exited with 0 +++
9596  +++ exited with 0 +++
9594  +++ exited with 0 +++
9595  +++ exited with 0 +++
9593  +++ exited with 0 +++
9367  --- SIGCHLD {si_signo=SIGCHLD, si_code=CLD_EXITED, si_pid=9593, si_uid=1001, si_status=0, si_utime=0, si_stime=1 /* 0.01 s */} ---
9200  <... waitid resumed>{si_signo=SIGCHLD, si_code=CLD_EXITED, si_pid=9593, si_uid=1001, si_status=0, si_utime=0, si_stime=0}, WEXITED, {ru_utime={tv_sec=0, tv_usec=5245}, ru_stime={tv_sec=0, tv_usec=8742}, ...}) = 0
9367  clone(child_stack=NULL, flags=CLONE_VM|CLONE_PIDFD|CLONE_VFORK|SIGCHLD <unfinished ...>
9598  execve("/opt/hostedtoolcache/go/1.27.0/arm64/pkg/tool/linux_arm64/asm", ["/opt/hostedtoolcache/go/1.27.0/a"..., "-p", "runtime", "-trimpath", "/tmp/go-build1496978431/b009=>", "-I", "/tmp/go-build1496978431/b009/", "-I", "/opt/hostedtoolcache/go/1.27.0/a"..., "-D", "GOOS_linux", "-D", "GOARCH_arm64", "-std", "-o", "/tmp/go-build1496978431/b009/ato"..., "/opt/hostedtoolcache/go/1.27.0/a"...], 0x115fd7e60488 /* 140 vars */ <unfinished ...>
9367  <... clone resumed>, parent_tid=[12]) = 9598
9598  <... execve resumed>)             = 0
9367  waitid(P_PIDFD, 12,  <unfinished ...>
9598  clone(child_stack=0x6424aeb36000, flags=CLONE_VM|CLONE_FS|CLONE_FILES|CLONE_SIGHAND|CLONE_THREAD|CLONE_SYSVSEM) = 9599
9598  clone(child_stack=0x6424aeb6e000, flags=CLONE_VM|CLONE_FS|CLONE_FILES|CLONE_SIGHAND|CLONE_THREAD|CLONE_SYSVSEM) = 9600
9598  clone(child_stack=0x6424aeb6a000, flags=CLONE_VM|CLONE_FS|CLONE_FILES|CLONE_SIGHAND|CLONE_THREAD|CLONE_SYSVSEM) = 9601
9600  clone(child_stack=0x6424aeb98000, flags=CLONE_VM|CLONE_FS|CLONE_FILES|CLONE_SIGHAND|CLONE_THREAD|CLONE_SYSVSEM) = 9602
9599  tgkill(9598, 9601, SIGURG <unfinished ...>
9601  --- SIGURG {si_signo=SIGURG, si_code=SI_TKILL, si_pid=9598, si_uid=1001} ---
9599  <... tgkill resumed>)             = 0
9598  exit_group(0)                     = ?
9602  +++ exited with 0 +++
9601  +++ exited with 0 +++
9600  +++ exited with 0 +++
9599  +++ exited with 0 +++
9598  +++ exited with 0 +++
9200  --- SIGCHLD {si_signo=SIGCHLD, si_code=CLD_EXITED, si_pid=9598, si_uid=1001, si_status=0, si_utime=0, si_stime=0} ---
9367  <... waitid resumed>{si_signo=SIGCHLD, si_code=CLD_EXITED, si_pid=9598, si_uid=1001, si_status=0, si_utime=0, si_stime=0}, WEXITED, {ru_utime={tv_sec=0, tv_usec=0}, ru_stime={tv_sec=0, tv_usec=6611}, ...}) = 0
9200  clone(child_stack=NULL, flags=CLONE_VM|CLONE_PIDFD|CLONE_VFORK|SIGCHLD <unfinished ...>
9603  execve("/opt/hostedtoolcache/go/1.27.0/arm64/pkg/tool/linux_arm64/asm", ["/opt/hostedtoolcache/go/1.27.0/a"..., "-p", "runtime", "-trimpath", "/tmp/go-build1496978431/b009=>", "-I", "/tmp/go-build1496978431/b009/", "-I", "/opt/hostedtoolcache/go/1.27.0/a"..., "-D", "GOOS_linux", "-D", "GOARCH_arm64", "-std", "-o", "/tmp/go-build1496978431/b009/int"..., "/opt/hostedtoolcache/go/1.27.0/a"...], 0x115fd8060d88 /* 140 vars */ <unfinished ...>
9200  <... clone resumed>, parent_tid=[12]) = 9603
9603  <... execve resumed>)             = 0
9200  waitid(P_PIDFD, 12,  <unfinished ...>
9603  clone(child_stack=0x5405ce42e000, flags=CLONE_VM|CLONE_FS|CLONE_FILES|CLONE_SIGHAND|CLONE_THREAD|CLONE_SYSVSEM) = 9604
9603  clone(child_stack=0x5405ce466000, flags=CLONE_VM|CLONE_FS|CLONE_FILES|CLONE_SIGHAND|CLONE_THREAD|CLONE_SYSVSEM) = 9605
9603  clone(child_stack=0x5405ce462000, flags=CLONE_VM|CLONE_FS|CLONE_FILES|CLONE_SIGHAND|CLONE_THREAD|CLONE_SYSVSEM) = 9606
9605  clone(child_stack=0x5405ce498000, flags=CLONE_VM|CLONE_FS|CLONE_FILES|CLONE_SIGHAND|CLONE_THREAD|CLONE_SYSVSEM) = 9607
9603  exit_group(0)                     = ?
9607  +++ exited with 0 +++
9606  +++ exited with 0 +++
9604  +++ exited with 0 +++
9605  +++ exited with 0 +++
9603  +++ exited with 0 +++
9367  --- SIGCHLD {si_signo=SIGCHLD, si_code=CLD_EXITED, si_pid=9603, si_uid=1001, si_status=0, si_utime=0, si_stime=0} ---
9200  <... waitid resumed>{si_signo=SIGCHLD, si_code=CLD_EXITED, si_pid=9603, si_uid=1001, si_status=0, si_utime=0, si_stime=0}, WEXITED, {ru_utime={tv_sec=0, tv_usec=1933}, ru_stime={tv_sec=0, tv_usec=4834}, ...}) = 0
9367  clone(child_stack=NULL, flags=CLONE_VM|CLONE_PIDFD|CLONE_VFORK|SIGCHLD <unfinished ...>
9608  execve("/opt/hostedtoolcache/go/1.27.0/arm64/pkg/tool/linux_arm64/asm", ["/opt/hostedtoolcache/go/1.27.0/a"..., "-p", "runtime", "-trimpath", "/tmp/go-build1496978431/b009=>", "-I", "/tmp/go-build1496978431/b009/", "-I", "/opt/hostedtoolcache/go/1.27.0/a"..., "-D", "GOOS_linux", "-D", "GOARCH_arm64", "-std", "-o", "/tmp/go-build1496978431/b009/mem"..., "/opt/hostedtoolcache/go/1.27.0/a"...], 0x115fd7e60908 /* 140 vars */ <unfinished ...>
9367  <... clone resumed>, parent_tid=[12]) = 9608
9608  <... execve resumed>)             = 0
9367  waitid(P_PIDFD, 12,  <unfinished ...>
9608  clone(child_stack=0x45d5fc87c000, flags=CLONE_VM|CLONE_FS|CLONE_FILES|CLONE_SIGHAND|CLONE_THREAD|CLONE_SYSVSEM) = 9609
9608  clone(child_stack=0x45d5fc8b4000, flags=CLONE_VM|CLONE_FS|CLONE_FILES|CLONE_SIGHAND|CLONE_THREAD|CLONE_SYSVSEM) = 9610
9608  clone(child_stack=0x45d5fc8b0000, flags=CLONE_VM|CLONE_FS|CLONE_FILES|CLONE_SIGHAND|CLONE_THREAD|CLONE_SYSVSEM) = 9611
9610  clone(child_stack=0x45d5fc918000, flags=CLONE_VM|CLONE_FS|CLONE_FILES|CLONE_SIGHAND|CLONE_THREAD|CLONE_SYSVSEM) = 9612
9608  exit_group(0)                     = ?
9612  +++ exited with 0 +++
9611  +++ exited with 0 +++
9610  +++ exited with 0 +++
9609  +++ exited with 0 +++
9608  +++ exited with 0 +++
9367  <... waitid resumed>{si_signo=SIGCHLD, si_code=CLD_EXITED, si_pid=9608, si_uid=1001, si_status=0, si_utime=0, si_stime=0}, WEXITED, {ru_utime={tv_sec=0, tv_usec=1277}, ru_stime={tv_sec=0, tv_usec=5108}, ...}) = 0
9200  --- SIGCHLD {si_signo=SIGCHLD, si_code=CLD_EXITED, si_pid=9608, si_uid=1001, si_status=0, si_utime=0, si_stime=0} ---
9200  clone(child_stack=NULL, flags=CLONE_VM|CLONE_PIDFD|CLONE_VFORK|SIGCHLD <unfinished ...>
9613  execve("/opt/hostedtoolcache/go/1.27.0/arm64/pkg/tool/linux_arm64/asm", ["/opt/hostedtoolcache/go/1.27.0/a"..., "-p", "runtime", "-trimpath", "/tmp/go-build1496978431/b009=>", "-I", "/tmp/go-build1496978431/b009/", "-I", "/opt/hostedtoolcache/go/1.27.0/a"..., "-D", "GOOS_linux", "-D", "GOARCH_arm64", "-std", "-o", "/tmp/go-build1496978431/b009/mem"..., "/opt/hostedtoolcache/go/1.27.0/a"...], 0x115fd7e60d88 /* 140 vars */ <unfinished ...>
9200  <... clone resumed>, parent_tid=[12]) = 9613
9613  <... execve resumed>)             = 0
9200  waitid(P_PIDFD, 12,  <unfinished ...>
9613  clone(child_stack=0x126164b2e000, flags=CLONE_VM|CLONE_FS|CLONE_FILES|CLONE_SIGHAND|CLONE_THREAD|CLONE_SYSVSEM) = 9614
9613  clone(child_stack=0x126164b66000, flags=CLONE_VM|CLONE_FS|CLONE_FILES|CLONE_SIGHAND|CLONE_THREAD|CLONE_SYSVSEM) = 9615
9613  clone(child_stack=0x126164b62000, flags=CLONE_VM|CLONE_FS|CLONE_FILES|CLONE_SIGHAND|CLONE_THREAD|CLONE_SYSVSEM) = 9616
9615  clone(child_stack=0x126164b98000, flags=CLONE_VM|CLONE_FS|CLONE_FILES|CLONE_SIGHAND|CLONE_THREAD|CLONE_SYSVSEM) = 9617
9613  exit_group(0)                     = ?
9617  +++ exited with 0 +++
9616  +++ exited with 0 +++
9615  +++ exited with 0 +++
9614  +++ exited with 0 +++
9613  +++ exited with 0 +++
9367  --- SIGCHLD {si_signo=SIGCHLD, si_code=CLD_EXITED, si_pid=9613, si_uid=1001, si_status=0, si_utime=0, si_stime=0} ---
9200  <... waitid resumed>{si_signo=SIGCHLD, si_code=CLD_EXITED, si_pid=9613, si_uid=1001, si_status=0, si_utime=0, si_stime=0}, WEXITED, {ru_utime={tv_sec=0, tv_usec=1280}, ru_stime={tv_sec=0, tv_usec=5123}, ...}) = 0
9367  clone(child_stack=NULL, flags=CLONE_VM|CLONE_PIDFD|CLONE_VFORK|SIGCHLD <unfinished ...>
9618  execve("/opt/hostedtoolcache/go/1.27.0/arm64/pkg/tool/linux_arm64/asm", ["/opt/hostedtoolcache/go/1.27.0/a"..., "-p", "runtime", "-trimpath", "/tmp/go-build1496978431/b009=>", "-I", "/tmp/go-build1496978431/b009/", "-I", "/opt/hostedtoolcache/go/1.27.0/a"..., "-D", "GOOS_linux", "-D", "GOARCH_arm64", "-std", "-o", "/tmp/go-build1496978431/b009/pre"..., "/opt/hostedtoolcache/go/1.27.0/a"...], 0x115fd8061b08 /* 140 vars */ <unfinished ...>
9367  <... clone resumed>, parent_tid=[12]) = 9618
9618  <... execve resumed>)             = 0
9367  waitid(P_PIDFD, 12,  <unfinished ...>
9618  clone(child_stack=0x62ba4a036000, flags=CLONE_VM|CLONE_FS|CLONE_FILES|CLONE_SIGHAND|CLONE_THREAD|CLONE_SYSVSEM) = 9619
9618  clone(child_stack=0x62ba4a06e000, flags=CLONE_VM|CLONE_FS|CLONE_FILES|CLONE_SIGHAND|CLONE_THREAD|CLONE_SYSVSEM) = 9620
9619  tgkill(9618, 9618, SIGURG <unfinished ...>
9618  clone(child_stack=0x62ba4a06a000, flags=CLONE_VM|CLONE_FS|CLONE_FILES|CLONE_SIGHAND|CLONE_THREAD|CLONE_SYSVSEM <unfinished ...>
9619  <... tgkill resumed>)             = 0
9618  <... clone resumed>)              = 9621
9618  --- SIGURG {si_signo=SIGURG, si_code=SI_TKILL, si_pid=9618, si_uid=1001} ---
9620  clone(child_stack=0x62ba4a098000, flags=CLONE_VM|CLONE_FS|CLONE_FILES|CLONE_SIGHAND|CLONE_THREAD|CLONE_SYSVSEM) = 9622
9618  exit_group(0)                     = ?
9622  +++ exited with 0 +++
9621  +++ exited with 0 +++
9620  +++ exited with 0 +++
9619  +++ exited with 0 +++
9618  +++ exited with 0 +++
9367  <... waitid resumed>{si_signo=SIGCHLD, si_code=CLD_EXITED, si_pid=9618, si_uid=1001, si_status=0, si_utime=0, si_stime=0}, WEXITED, {ru_utime={tv_sec=0, tv_usec=4342}, ru_stime={tv_sec=0, tv_usec=4342}, ...}) = 0
9200  --- SIGCHLD {si_signo=SIGCHLD, si_code=CLD_EXITED, si_pid=9618, si_uid=1001, si_status=0, si_utime=0, si_stime=0} ---
9200  clone(child_stack=NULL, flags=CLONE_VM|CLONE_PIDFD|CLONE_VFORK|SIGCHLD <unfinished ...>
9623  execve("/opt/hostedtoolcache/go/1.27.0/arm64/pkg/tool/linux_arm64/asm", ["/opt/hostedtoolcache/go/1.27.0/a"..., "-p", "runtime", "-trimpath", "/tmp/go-build1496978431/b009=>", "-I", "/tmp/go-build1496978431/b009/", "-I", "/opt/hostedtoolcache/go/1.27.0/a"..., "-D", "GOOS_linux", "-D", "GOARCH_arm64", "-std", "-o", "/tmp/go-build1496978431/b009/rt0"..., "/opt/hostedtoolcache/go/1.27.0/a"...], 0x115fd7cdad88 /* 140 vars */ <unfinished ...>
9200  <... clone resumed>, parent_tid=[12]) = 9623
9623  <... execve resumed>)             = 0
9200  waitid(P_PIDFD, 12,  <unfinished ...>
9623  clone(child_stack=0x58a68cc9c000, flags=CLONE_VM|CLONE_FS|CLONE_FILES|CLONE_SIGHAND|CLONE_THREAD|CLONE_SYSVSEM) = 9624
9623  clone(child_stack=0x58a68ccd4000, flags=CLONE_VM|CLONE_FS|CLONE_FILES|CLONE_SIGHAND|CLONE_THREAD|CLONE_SYSVSEM) = 9625
9623  clone(child_stack=0x58a68ccd0000, flags=CLONE_VM|CLONE_FS|CLONE_FILES|CLONE_SIGHAND|CLONE_THREAD|CLONE_SYSVSEM) = 9626
9625  clone(child_stack=0x58a68cd18000, flags=CLONE_VM|CLONE_FS|CLONE_FILES|CLONE_SIGHAND|CLONE_THREAD|CLONE_SYSVSEM) = 9627
9623  exit_group(0)                     = ?
9627  +++ exited with 0 +++
9626  +++ exited with 0 +++
9625  +++ exited with 0 +++
9624  +++ exited with 0 +++
9623  +++ exited with 0 +++
9367  --- SIGCHLD {si_signo=SIGCHLD, si_code=CLD_EXITED, si_pid=9623, si_uid=1001, si_status=0, si_utime=0, si_stime=0} ---
9200  <... waitid resumed>{si_signo=SIGCHLD, si_code=CLD_EXITED, si_pid=9623, si_uid=1001, si_status=0, si_utime=0, si_stime=0}, WEXITED, {ru_utime={tv_sec=0, tv_usec=2503}, ru_stime={tv_sec=0, tv_usec=3755}, ...}) = 0
9367  clone(child_stack=NULL, flags=CLONE_VM|CLONE_PIDFD|CLONE_VFORK|SIGCHLD <unfinished ...>
9628  execve("/opt/hostedtoolcache/go/1.27.0/arm64/pkg/tool/linux_arm64/asm", ["/opt/hostedtoolcache/go/1.27.0/a"..., "-p", "runtime", "-trimpath", "/tmp/go-build1496978431/b009=>", "-I", "/tmp/go-build1496978431/b009/", "-I", "/opt/hostedtoolcache/go/1.27.0/a"..., "-D", "GOOS_linux", "-D", "GOARCH_arm64", "-std", "-o", "/tmp/go-build1496978431/b009/sec"..., "/opt/hostedtoolcache/go/1.27.0/a"...], 0x115fd7e61208 /* 140 vars */ <unfinished ...>
9367  <... clone resumed>, parent_tid=[12]) = 9628
9628  <... execve resumed>)             = 0
9367  waitid(P_PIDFD, 12,  <unfinished ...>
9628  clone(child_stack=0x31ad0203a000, flags=CLONE_VM|CLONE_FS|CLONE_FILES|CLONE_SIGHAND|CLONE_THREAD|CLONE_SYSVSEM) = 9629
9628  clone(child_stack=0x31ad02072000, flags=CLONE_VM|CLONE_FS|CLONE_FILES|CLONE_SIGHAND|CLONE_THREAD|CLONE_SYSVSEM) = 9630
9629  tgkill(9628, 9628, SIGURG <unfinished ...>
9628  clone(child_stack=0x31ad0206e000, flags=CLONE_VM|CLONE_FS|CLONE_FILES|CLONE_SIGHAND|CLONE_THREAD|CLONE_SYSVSEM <unfinished ...>
9629  <... tgkill resumed>)             = 0
9628  <... clone resumed>)              = 9631
9628  --- SIGURG {si_signo=SIGURG, si_code=SI_TKILL, si_pid=9628, si_uid=1001} ---
9630  clone(child_stack=0x31ad020a0000, flags=CLONE_VM|CLONE_FS|CLONE_FILES|CLONE_SIGHAND|CLONE_THREAD|CLONE_SYSVSEM) = 9632
9628  exit_group(0)                     = ?
9632  +++ exited with 0 +++
9631  +++ exited with 0 +++
9630  +++ exited with 0 +++
9629  +++ exited with 0 +++
9628  +++ exited with 0 +++
9200  --- SIGCHLD {si_signo=SIGCHLD, si_code=CLD_EXITED, si_pid=9628, si_uid=1001, si_status=0, si_utime=0, si_stime=1 /* 0.01 s */} ---
9367  <... waitid resumed>{si_signo=SIGCHLD, si_code=CLD_EXITED, si_pid=9628, si_uid=1001, si_status=0, si_utime=0, si_stime=0}, WEXITED, {ru_utime={tv_sec=0, tv_usec=1361}, ru_stime={tv_sec=0, tv_usec=7489}, ...}) = 0
9200  clone(child_stack=NULL, flags=CLONE_VM|CLONE_PIDFD|CLONE_VFORK|SIGCHLD <unfinished ...>
9633  execve("/opt/hostedtoolcache/go/1.27.0/arm64/pkg/tool/linux_arm64/asm", ["/opt/hostedtoolcache/go/1.27.0/a"..., "-p", "runtime", "-trimpath", "/tmp/go-build1496978431/b009=>", "-I", "/tmp/go-build1496978431/b009/", "-I", "/opt/hostedtoolcache/go/1.27.0/a"..., "-D", "GOOS_linux", "-D", "GOARCH_arm64", "-std", "-o", "/tmp/go-build1496978431/b009/sys"..., "/opt/hostedtoolcache/go/1.27.0/a"...], 0x115fd7cdb208 /* 140 vars */ <unfinished ...>
9200  <... clone resumed>, parent_tid=[12]) = 9633
9633  <... execve resumed>)             = 0
9200  waitid(P_PIDFD, 12,  <unfinished ...>
9633  clone(child_stack=0x6e18ac7a0000, flags=CLONE_VM|CLONE_FS|CLONE_FILES|CLONE_SIGHAND|CLONE_THREAD|CLONE_SYSVSEM) = 9634
9633  clone(child_stack=0x6e18ac7d8000, flags=CLONE_VM|CLONE_FS|CLONE_FILES|CLONE_SIGHAND|CLONE_THREAD|CLONE_SYSVSEM) = 9635
9634  tgkill(9633, 9633, SIGURG <unfinished ...>
9633  clone(child_stack=0x6e18ac7d4000, flags=CLONE_VM|CLONE_FS|CLONE_FILES|CLONE_SIGHAND|CLONE_THREAD|CLONE_SYSVSEM <unfinished ...>
9634  <... tgkill resumed>)             = 0
9633  <... clone resumed>)              = 9636
9633  --- SIGURG {si_signo=SIGURG, si_code=SI_TKILL, si_pid=9633, si_uid=1001} ---
9635  clone(child_stack=0x6e18ac818000, flags=CLONE_VM|CLONE_FS|CLONE_FILES|CLONE_SIGHAND|CLONE_THREAD|CLONE_SYSVSEM) = 9637
9634  tgkill(9633, 9633, SIGURG)        = 0
9633  --- SIGURG {si_signo=SIGURG, si_code=SI_TKILL, si_pid=9633, si_uid=1001} ---
9634  tgkill(9633, 9637, SIGURG)        = 0
9637  --- SIGURG {si_signo=SIGURG, si_code=SI_TKILL, si_pid=9633, si_uid=1001} ---
9637  exit_group(0)                     = ?
9637  +++ exited with 0 +++
9636  +++ exited with 0 +++
9635  +++ exited with 0 +++
9634  +++ exited with 0 +++
9633  +++ exited with 0 +++
9200  <... waitid resumed>{si_signo=SIGCHLD, si_code=CLD_EXITED, si_pid=9633, si_uid=1001, si_status=0, si_utime=0, si_stime=0}, WEXITED, {ru_utime={tv_sec=0, tv_usec=3689}, ru_stime={tv_sec=0, tv_usec=7378}, ...}) = 0
9199  --- SIGCHLD {si_signo=SIGCHLD, si_code=CLD_EXITED, si_pid=9633, si_uid=1001, si_status=0, si_utime=0, si_stime=0} ---
9199  clone(child_stack=NULL, flags=CLONE_VM|CLONE_PIDFD|CLONE_VFORK|SIGCHLD <unfinished ...>
9638  execve("/opt/hostedtoolcache/go/1.27.0/arm64/pkg/tool/linux_arm64/asm", ["/opt/hostedtoolcache/go/1.27.0/a"..., "-p", "runtime", "-trimpath", "/tmp/go-build1496978431/b009=>", "-I", "/tmp/go-build1496978431/b009/", "-I", "/opt/hostedtoolcache/go/1.27.0/a"..., "-D", "GOOS_linux", "-D", "GOARCH_arm64", "-std", "-o", "/tmp/go-build1496978431/b009/tls"..., "/opt/hostedtoolcache/go/1.27.0/a"...], 0x115fd7e61688 /* 140 vars */ <unfinished ...>
9199  <... clone resumed>, parent_tid=[12]) = 9638
9638  <... execve resumed>)             = 0
9199  waitid(P_PIDFD, 12,  <unfinished ...>
9638  clone(child_stack=0x151f940000, flags=CLONE_VM|CLONE_FS|CLONE_FILES|CLONE_SIGHAND|CLONE_THREAD|CLONE_SYSVSEM) = 9639
9638  clone(child_stack=0x151f978000, flags=CLONE_VM|CLONE_FS|CLONE_FILES|CLONE_SIGHAND|CLONE_THREAD|CLONE_SYSVSEM) = 9640
9638  clone(child_stack=0x151f974000, flags=CLONE_VM|CLONE_FS|CLONE_FILES|CLONE_SIGHAND|CLONE_THREAD|CLONE_SYSVSEM) = 9641
9640  clone(child_stack=0x151fa18000, flags=CLONE_VM|CLONE_FS|CLONE_FILES|CLONE_SIGHAND|CLONE_THREAD|CLONE_SYSVSEM) = 9642
9638  exit_group(0)                     = ?
9642  +++ exited with 0 +++
9641  +++ exited with 0 +++
9640  +++ exited with 0 +++
9639  +++ exited with 0 +++
9638  +++ exited with 0 +++
9199  <... waitid resumed>{si_signo=SIGCHLD, si_code=CLD_EXITED, si_pid=9638, si_uid=1001, si_status=0, si_utime=0, si_stime=0}, WEXITED, {ru_utime={tv_sec=0, tv_usec=2253}, ru_stime={tv_sec=0, tv_usec=6759}, ...}) = 0
9200  --- SIGCHLD {si_signo=SIGCHLD, si_code=CLD_EXITED, si_pid=9638, si_uid=1001, si_status=0, si_utime=0, si_stime=0} ---
9198  tgkill(9197, 9200, SIGURG <unfinished ...>
9200  --- SIGURG {si_signo=SIGURG, si_code=SI_TKILL, si_pid=9197, si_uid=1001} ---
9198  <... tgkill resumed>)             = 0
9198  tgkill(9197, 9367, SIGURG)        = 0
9367  --- SIGURG {si_signo=SIGURG, si_code=SI_TKILL, si_pid=9197, si_uid=1001} ---
9198  tgkill(9197, 9367, SIGURG)        = 0
9367  --- SIGURG {si_signo=SIGURG, si_code=SI_TKILL, si_pid=9197, si_uid=1001} ---
9200  clone(child_stack=NULL, flags=CLONE_VM|CLONE_PIDFD|CLONE_VFORK|SIGCHLD <unfinished ...>
9367  clone(child_stack=NULL, flags=CLONE_VM|CLONE_PIDFD|CLONE_VFORK|SIGCHLD <unfinished ...>
9643  execve("/opt/hostedtoolcache/go/1.27.0/arm64/pkg/tool/linux_arm64/compile", ["/opt/hostedtoolcache/go/1.27.0/a"..., "-o", "/tmp/go-build1496978431/b039/_pk"..., "-trimpath", "/tmp/go-build1496978431/b039=>", "-p", "iter", "-lang=go1.27", "-std", "-complete", "-buildid", "uClfDxJB1d5rn3Krtbai/uClfDxJB1d5"..., "-goversion", "go1.27.0", "-c=4", "-nolocalimports", "-importcfg", "/tmp/go-build1496978431/b039/imp"..., "-pack", "/opt/hostedtoolcache/go/1.27.0/a"...], 0x115fd7cdbb08 /* 140 vars */ <unfinished ...>
9200  <... clone resumed>, parent_tid=[14]) = 9643
9643  <... execve resumed>)             = 0
9198  tgkill(9197, 9367, SIGURG)        = 0
9644  execve("/opt/hostedtoolcache/go/1.27.0/arm64/pkg/tool/linux_arm64/asm", ["/opt/hostedtoolcache/go/1.27.0/a"..., "-p", "internal/reflectlite", "-trimpath", "/tmp/go-build1496978431/b004=>", "-I", "/tmp/go-build1496978431/b004/", "-I", "/opt/hostedtoolcache/go/1.27.0/a"..., "-D", "GOOS_linux", "-D", "GOARCH_arm64", "-std", "-gensymabis", "-o", "/tmp/go-build1496978431/b004/sym"..., "/opt/hostedtoolcache/go/1.27.0/a"...], 0x115fd7e61b08 /* 140 vars */ <unfinished ...>
9367  <... clone resumed>, parent_tid=[19]) = 9644
9644  <... execve resumed>)             = 0
9367  --- SIGURG {si_signo=SIGURG, si_code=SI_TKILL, si_pid=9197, si_uid=1001} ---
9200  waitid(P_PIDFD, 14,  <unfinished ...>
9367  waitid(P_PIDFD, 19,  <unfinished ...>
9199  clone(child_stack=NULL, flags=CLONE_VM|CLONE_PIDFD|CLONE_VFORK|SIGCHLD <unfinished ...>
9645  execve("/opt/hostedtoolcache/go/1.27.0/arm64/pkg/tool/linux_arm64/compile", ["/opt/hostedtoolcache/go/1.27.0/a"..., "-o", "/tmp/go-build1496978431/b043/_pk"..., "-trimpath", "/tmp/go-build1496978431/b043=>", "-p", "sync", "-lang=go1.27", "-std", "-buildid", "sXZpFnMXYj6FkZv37Ni0/sXZpFnMXYj6"..., "-goversion", "go1.27.0", "-c=4", "-nolocalimports", "-importcfg", "/tmp/go-build1496978431/b043/imp"..., "-pack", "/opt/hostedtoolcache/go/1.27.0/a"..., "/opt/hostedtoolcache/go/1.27.0/a"..., "/opt/hostedtoolcache/go/1.27.0/a"..., "/opt/hostedtoolcache/go/1.27.0/a"..., "/opt/hostedtoolcache/go/1.27.0/a"..., "/opt/hostedtoolcache/go/1.27.0/a"..., "/opt/hostedtoolcache/go/1.27.0/a"..., "/opt/hostedtoolcache/go/1.27.0/a"..., "/opt/hostedtoolcache/go/1.27.0/a"..., "/opt/hostedtoolcache/go/1.27.0/a"..., "/opt/hostedtoolcache/go/1.27.0/a"...], 0x115fd7dbd208 /* 140 vars */ <unfinished ...>
9199  <... clone resumed>, parent_tid=[13]) = 9645
9645  <... execve resumed>)             = 0
9199  waitid(P_PIDFD, 13,  <unfinished ...>
9643  clone(child_stack=0x4d925a5ce000, flags=CLONE_VM|CLONE_FS|CLONE_FILES|CLONE_SIGHAND|CLONE_THREAD|CLONE_SYSVSEM) = 9646
9644  clone(child_stack=0x7f832e5e0000, flags=CLONE_VM|CLONE_FS|CLONE_FILES|CLONE_SIGHAND|CLONE_THREAD|CLONE_SYSVSEM) = 9647
9643  clone(child_stack=0x4d925a608000, flags=CLONE_VM|CLONE_FS|CLONE_FILES|CLONE_SIGHAND|CLONE_THREAD|CLONE_SYSVSEM) = 9648
9644  clone(child_stack=0x7f832e618000, flags=CLONE_VM|CLONE_FS|CLONE_FILES|CLONE_SIGHAND|CLONE_THREAD|CLONE_SYSVSEM) = 9649
9646  tgkill(9643, 9643, SIGURG)        = 0
9643  clone(child_stack=0x4d925a604000, flags=CLONE_VM|CLONE_FS|CLONE_FILES|CLONE_SIGHAND|CLONE_THREAD|CLONE_SYSVSEM <unfinished ...>
9647  tgkill(9644, 9644, SIGURG)        = 0
9643  <... clone resumed>)              = 9650
9644  clone(child_stack=0x7f832e614000, flags=CLONE_VM|CLONE_FS|CLONE_FILES|CLONE_SIGHAND|CLONE_THREAD|CLONE_SYSVSEM <unfinished ...>
9643  --- SIGURG {si_signo=SIGURG, si_code=SI_TKILL, si_pid=9643, si_uid=1001} ---
9644  <... clone resumed>)              = 9651
9644  --- SIGURG {si_signo=SIGURG, si_code=SI_TKILL, si_pid=9644, si_uid=1001} ---
9649  clone(child_stack=0x7f832e698000, flags=CLONE_VM|CLONE_FS|CLONE_FILES|CLONE_SIGHAND|CLONE_THREAD|CLONE_SYSVSEM) = 9652
9648  clone(child_stack=0x4d925a628000, flags=CLONE_VM|CLONE_FS|CLONE_FILES|CLONE_SIGHAND|CLONE_THREAD|CLONE_SYSVSEM) = 9653
9645  clone(child_stack=0xb7e1c194000, flags=CLONE_VM|CLONE_FS|CLONE_FILES|CLONE_SIGHAND|CLONE_THREAD|CLONE_SYSVSEM) = 9654
9645  clone(child_stack=0xb7e1c1cc000, flags=CLONE_VM|CLONE_FS|CLONE_FILES|CLONE_SIGHAND|CLONE_THREAD|CLONE_SYSVSEM) = 9655
9645  clone(child_stack=0xb7e1c1c8000, flags=CLONE_VM|CLONE_FS|CLONE_FILES|CLONE_SIGHAND|CLONE_THREAD|CLONE_SYSVSEM) = 9656
9654  tgkill(9645, 9645, SIGURG)        = 0
9645  --- SIGURG {si_signo=SIGURG, si_code=SI_TKILL, si_pid=9645, si_uid=1001} ---
9655  clone(child_stack=0xb7e1c218000, flags=CLONE_VM|CLONE_FS|CLONE_FILES|CLONE_SIGHAND|CLONE_THREAD|CLONE_SYSVSEM <unfinished ...>
9644  exit_group(0 <unfinished ...>
9655  <... clone resumed>)              = 9657
9644  <... exit_group resumed>)         = ?
9652  +++ exited with 0 +++
9651  +++ exited with 0 +++
9647  +++ exited with 0 +++
9649  +++ exited with 0 +++
9644  +++ exited with 0 +++
9205  --- SIGCHLD {si_signo=SIGCHLD, si_code=CLD_EXITED, si_pid=9644, si_uid=1001, si_status=0, si_utime=0, si_stime=0} ---
9367  <... waitid resumed>{si_signo=SIGCHLD, si_code=CLD_EXITED, si_pid=9644, si_uid=1001, si_status=0, si_utime=0, si_stime=0}, WEXITED, {ru_utime={tv_sec=0, tv_usec=0}, ru_stime={tv_sec=0, tv_usec=5106}, ...}) = 0
9367  clone(child_stack=NULL, flags=CLONE_VM|CLONE_PIDFD|CLONE_VFORK|SIGCHLD <unfinished ...>
9654  clone(child_stack=0xb7e1c5a4000, flags=CLONE_VM|CLONE_FS|CLONE_FILES|CLONE_SIGHAND|CLONE_THREAD|CLONE_SYSVSEM) = 9659
9658  execve("/opt/hostedtoolcache/go/1.27.0/arm64/pkg/tool/linux_arm64/compile", ["/opt/hostedtoolcache/go/1.27.0/a"..., "-o", "/tmp/go-build1496978431/b004/_pk"..., "-trimpath", "/tmp/go-build1496978431/b004=>", "-p", "internal/reflectlite", "-lang=go1.27", "-std", "-buildid", "PjwVM48CAnHb1-eiQSvm/PjwVM48CAnH"..., "-goversion", "go1.27.0", "-symabis", "/tmp/go-build1496978431/b004/sym"..., "-c=4", "-nolocalimports", "-importcfg", "/tmp/go-build1496978431/b004/imp"..., "-pack", "-asmhdr", "/tmp/go-build1496978431/b004/go_"..., "/opt/hostedtoolcache/go/1.27.0/a"..., "/opt/hostedtoolcache/go/1.27.0/a"..., "/opt/hostedtoolcache/go/1.27.0/a"...], 0x115fd7d86008 /* 140 vars */ <unfinished ...>
9367  <... clone resumed>, parent_tid=[16]) = 9658
9658  <... execve resumed>)             = 0
9367  waitid(P_PIDFD, 16,  <unfinished ...>
9646  tgkill(9643, 9643, SIGURG)        = 0
9643  --- SIGURG {si_signo=SIGURG, si_code=SI_TKILL, si_pid=9643, si_uid=1001} ---
9650  exit_group(0)                     = ?
9653  +++ exited with 0 +++
9650  +++ exited with 0 +++
9648  +++ exited with 0 +++
9646  +++ exited with 0 +++
9643  +++ exited with 0 +++
9200  <... waitid resumed>{si_signo=SIGCHLD, si_code=CLD_EXITED, si_pid=9643, si_uid=1001, si_status=0, si_utime=0, si_stime=0}, WEXITED, {ru_utime={tv_sec=0, tv_usec=5985}, ru_stime={tv_sec=0, tv_usec=8978}, ...}) = 0
9205  --- SIGCHLD {si_signo=SIGCHLD, si_code=CLD_EXITED, si_pid=9643, si_uid=1001, si_status=0, si_utime=0, si_stime=1 /* 0.01 s */} ---
9658  clone(child_stack=0x50597925a000, flags=CLONE_VM|CLONE_FS|CLONE_FILES|CLONE_SIGHAND|CLONE_THREAD|CLONE_SYSVSEM) = 9660
9658  clone(child_stack=0x505979292000, flags=CLONE_VM|CLONE_FS|CLONE_FILES|CLONE_SIGHAND|CLONE_THREAD|CLONE_SYSVSEM) = 9661
9660  tgkill(9658, 9658, SIGURG)        = 0
9658  clone(child_stack=0x50597928e000, flags=CLONE_VM|CLONE_FS|CLONE_FILES|CLONE_SIGHAND|CLONE_THREAD|CLONE_SYSVSEM) = 9662
9658  --- SIGURG {si_signo=SIGURG, si_code=SI_TKILL, si_pid=9658, si_uid=1001} ---
9661  clone(child_stack=0x505979318000, flags=CLONE_VM|CLONE_FS|CLONE_FILES|CLONE_SIGHAND|CLONE_THREAD|CLONE_SYSVSEM) = 9663
9202  tgkill(9197, 9204, SIGURG)        = 0
9204  --- SIGURG {si_signo=SIGURG, si_code=SI_TKILL, si_pid=9197, si_uid=1001} ---
9654  tgkill(9645, 9655, SIGURG)        = 0
9655  --- SIGURG {si_signo=SIGURG, si_code=SI_TKILL, si_pid=9645, si_uid=1001} ---
9197  clone(child_stack=NULL, flags=CLONE_VM|CLONE_PIDFD|CLONE_VFORK|SIGCHLD <unfinished ...>
9664  execve("/opt/hostedtoolcache/go/1.27.0/arm64/pkg/tool/linux_arm64/compile", ["/opt/hostedtoolcache/go/1.27.0/a"..., "-o", "/tmp/go-build1496978431/b048/_pk"..., "-trimpath", "/tmp/go-build1496978431/b048=>", "-p", "slices", "-lang=go1.27", "-std", "-complete", "-buildid", "bHfVjtEuol23wLK7s-73/bHfVjtEuol2"..., "-goversion", "go1.27.0", "-c=4", "-nolocalimports", "-importcfg", "/tmp/go-build1496978431/b048/imp"..., "-pack", "/opt/hostedtoolcache/go/1.27.0/a"..., "/opt/hostedtoolcache/go/1.27.0/a"..., "/opt/hostedtoolcache/go/1.27.0/a"..., "/opt/hostedtoolcache/go/1.27.0/a"..., "/opt/hostedtoolcache/go/1.27.0/a"...], 0x115fd7dbd208 /* 140 vars */ <unfinished ...>
9197  <... clone resumed>, parent_tid=[15]) = 9664
9664  <... execve resumed>)             = 0
9197  waitid(P_PIDFD, 15,  <unfinished ...>
9660  tgkill(9658, 9663, SIGURG)        = 0
9663  --- SIGURG {si_signo=SIGURG, si_code=SI_TKILL, si_pid=9658, si_uid=1001} ---
9664  clone(child_stack=0x33df17674000, flags=CLONE_VM|CLONE_FS|CLONE_FILES|CLONE_SIGHAND|CLONE_THREAD|CLONE_SYSVSEM) = 9665
9654  tgkill(9645, 9645, SIGURG)        = 0
9665  tgkill(9664, 9664, SIGURG)        = 0
9664  clone(child_stack=0x33df176ac000, flags=CLONE_VM|CLONE_FS|CLONE_FILES|CLONE_SIGHAND|CLONE_THREAD|CLONE_SYSVSEM) = 9666
9664  --- SIGURG {si_signo=SIGURG, si_code=SI_TKILL, si_pid=9664, si_uid=1001} ---
9664  clone(child_stack=0x33df176a8000, flags=CLONE_VM|CLONE_FS|CLONE_FILES|CLONE_SIGHAND|CLONE_THREAD|CLONE_SYSVSEM) = 9667
9645  --- SIGURG {si_signo=SIGURG, si_code=SI_TKILL, si_pid=9645, si_uid=1001} ---
9666  clone(child_stack=0x33df17718000, flags=CLONE_VM|CLONE_FS|CLONE_FILES|CLONE_SIGHAND|CLONE_THREAD|CLONE_SYSVSEM) = 9668
9665  clone(child_stack=0x33df176c6000, flags=CLONE_VM|CLONE_FS|CLONE_FILES|CLONE_SIGHAND|CLONE_THREAD|CLONE_SYSVSEM) = 9669
9665  tgkill(9664, 9669, SIGURG)        = 0
9669  --- SIGURG {si_signo=SIGURG, si_code=SI_TKILL, si_pid=9664, si_uid=1001} ---
9660  tgkill(9658, 9663, SIGURG <unfinished ...>
9663  --- SIGURG {si_signo=SIGURG, si_code=SI_TKILL, si_pid=9658, si_uid=1001} ---
9660  <... tgkill resumed>)             = 0
9654  tgkill(9645, 9656, SIGURG)        = 0
9656  --- SIGURG {si_signo=SIGURG, si_code=SI_TKILL, si_pid=9645, si_uid=1001} ---
9668  exit_group(0)                     = ?
9668  +++ exited with 0 +++
9667  +++ exited with 0 +++
9669  +++ exited with 0 +++
9665  +++ exited with 0 +++
9654  tgkill(9645, 9655, SIGURG)        = 0
9654  tgkill(9645, 9659, SIGURG)        = 0
9654  tgkill(9645, 9645, SIGURG)        = 0
9645  --- SIGURG {si_signo=SIGURG, si_code=SI_TKILL, si_pid=9645, si_uid=1001} ---
9655  --- SIGURG {si_signo=SIGURG, si_code=SI_TKILL, si_pid=9645, si_uid=1001} ---
9659  --- SIGURG {si_signo=SIGURG, si_code=SI_TKILL, si_pid=9645, si_uid=1001} ---
9666  +++ exited with 0 +++
9664  +++ exited with 0 +++
9200  --- SIGCHLD {si_signo=SIGCHLD, si_code=CLD_EXITED, si_pid=9664, si_uid=1001, si_status=0, si_utime=1 /* 0.01 s */, si_stime=0} ---
9197  <... waitid resumed>{si_signo=SIGCHLD, si_code=CLD_EXITED, si_pid=9664, si_uid=1001, si_status=0, si_utime=0, si_stime=0}, WEXITED, {ru_utime={tv_sec=0, tv_usec=17070}, ru_stime={tv_sec=0, tv_usec=9037}, ...}) = 0
9660  tgkill(9658, 9662, SIGURG)        = 0
9662  --- SIGURG {si_signo=SIGURG, si_code=SI_TKILL, si_pid=9658, si_uid=1001} ---
9660  tgkill(9658, 9661, SIGURG)        = 0
9660  tgkill(9658, 9658, SIGURG)        = 0
9658  --- SIGURG {si_signo=SIGURG, si_code=SI_TKILL, si_pid=9658, si_uid=1001} ---
9661  --- SIGURG {si_signo=SIGURG, si_code=SI_TKILL, si_pid=9658, si_uid=1001} ---
9660  tgkill(9658, 9663, SIGURG)        = 0
9663  --- SIGURG {si_signo=SIGURG, si_code=SI_TKILL, si_pid=9658, si_uid=1001} ---
9654  tgkill(9645, 9656, SIGURG)        = 0
9656  --- SIGURG {si_signo=SIGURG, si_code=SI_TKILL, si_pid=9645, si_uid=1001} ---
9661  exit_group(0)                     = ?
9660  +++ exited with 0 +++
9662  +++ exited with 0 +++
9661  +++ exited with 0 +++
9654  tgkill(9645, 9655, SIGURG)        = 0
9655  --- SIGURG {si_signo=SIGURG, si_code=SI_TKILL, si_pid=9645, si_uid=1001} ---
9654  tgkill(9645, 9659, SIGURG <unfinished ...>
9659  --- SIGURG {si_signo=SIGURG, si_code=SI_TKILL, si_pid=9645, si_uid=1001} ---
9654  <... tgkill resumed>)             = 0
9654  tgkill(9645, 9645, SIGURG)        = 0
9645  --- SIGURG {si_signo=SIGURG, si_code=SI_TKILL, si_pid=9645, si_uid=1001} ---
9663  +++ exited with 0 +++
9658  +++ exited with 0 +++
9367  <... waitid resumed>{si_signo=SIGCHLD, si_code=CLD_EXITED, si_pid=9658, si_uid=1001, si_status=0, si_utime=0, si_stime=0}, WEXITED, {ru_utime={tv_sec=0, tv_usec=90454}, ru_stime={tv_sec=0, tv_usec=18090}, ...}) = 0
9200  --- SIGCHLD {si_signo=SIGCHLD, si_code=CLD_EXITED, si_pid=9658, si_uid=1001, si_status=0, si_utime=9 /* 0.09 s */, si_stime=1 /* 0.01 s */} ---
9198  tgkill(9197, 9367, SIGURG <unfinished ...>
9367  --- SIGURG {si_signo=SIGURG, si_code=SI_TKILL, si_pid=9197, si_uid=1001} ---
9198  <... tgkill resumed>)             = 0
9200  clone(child_stack=NULL, flags=CLONE_VM|CLONE_PIDFD|CLONE_VFORK|SIGCHLD <unfinished ...>
9670  execve("/opt/hostedtoolcache/go/1.27.0/arm64/pkg/tool/linux_arm64/asm", ["/opt/hostedtoolcache/go/1.27.0/a"..., "-p", "internal/reflectlite", "-trimpath", "/tmp/go-build1496978431/b004=>", "-I", "/tmp/go-build1496978431/b004/", "-I", "/opt/hostedtoolcache/go/1.27.0/a"..., "-D", "GOOS_linux", "-D", "GOARCH_arm64", "-std", "-o", "/tmp/go-build1496978431/b004/asm"..., "/opt/hostedtoolcache/go/1.27.0/a"...], 0x115fd7cdad88 /* 140 vars */ <unfinished ...>
9200  <... clone resumed>, parent_tid=[14]) = 9670
9670  <... execve resumed>)             = 0
9200  waitid(P_PIDFD, 14,  <unfinished ...>
9670  clone(child_stack=0x3df2a80d2000, flags=CLONE_VM|CLONE_FS|CLONE_FILES|CLONE_SIGHAND|CLONE_THREAD|CLONE_SYSVSEM) = 9671
9670  clone(child_stack=0x3df2a810a000, flags=CLONE_VM|CLONE_FS|CLONE_FILES|CLONE_SIGHAND|CLONE_THREAD|CLONE_SYSVSEM) = 9672
9671  tgkill(9670, 9670, SIGURG)        = 0
9670  clone(child_stack=0x3df2a8106000, flags=CLONE_VM|CLONE_FS|CLONE_FILES|CLONE_SIGHAND|CLONE_THREAD|CLONE_SYSVSEM) = 9673
9670  --- SIGURG {si_signo=SIGURG, si_code=SI_TKILL, si_pid=9670, si_uid=1001} ---
9672  clone(child_stack=0x3df2a8198000, flags=CLONE_VM|CLONE_FS|CLONE_FILES|CLONE_SIGHAND|CLONE_THREAD|CLONE_SYSVSEM) = 9674
9659  exit_group(0)                     = ?
9659  +++ exited with 0 +++
9657  +++ exited with 0 +++
9656  +++ exited with 0 +++
9655  +++ exited with 0 +++
9654  +++ exited with 0 +++
9670  exit_group(0)                     = ?
9674  +++ exited with 0 +++
9672  +++ exited with 0 +++
9671  +++ exited with 0 +++
9673  +++ exited with 0 +++
9670  +++ exited with 0 +++
9200  <... waitid resumed>{si_signo=SIGCHLD, si_code=CLD_EXITED, si_pid=9670, si_uid=1001, si_status=0, si_utime=0, si_stime=0}, WEXITED, {ru_utime={tv_sec=0, tv_usec=0}, ru_stime={tv_sec=0, tv_usec=5940}, ...}) = 0
9197  --- SIGCHLD {si_signo=SIGCHLD, si_code=CLD_EXITED, si_pid=9670, si_uid=1001, si_status=0, si_utime=0, si_stime=0} ---
9645  +++ exited with 0 +++
9199  <... waitid resumed>{si_signo=SIGCHLD, si_code=CLD_EXITED, si_pid=9645, si_uid=1001, si_status=0, si_utime=0, si_stime=0}, WEXITED, {ru_utime={tv_sec=0, tv_usec=106729}, ru_stime={tv_sec=0, tv_usec=24479}, ...}) = 0
9197  --- SIGCHLD {si_signo=SIGCHLD, si_code=CLD_EXITED, si_pid=9645, si_uid=1001, si_status=0, si_utime=10 /* 0.10 s */, si_stime=2 /* 0.02 s */} ---
9197  clone(child_stack=NULL, flags=CLONE_VM|CLONE_PIDFD|CLONE_VFORK|SIGCHLD <unfinished ...>
9203  clone(child_stack=NULL, flags=CLONE_VM|CLONE_PIDFD|CLONE_VFORK|SIGCHLD <unfinished ...>
9367  clone(child_stack=NULL, flags=CLONE_VM|CLONE_PIDFD|CLONE_VFORK|SIGCHLD <unfinished ...>
9198  tgkill(9197, 9197, SIGURG)        = 0
9199  clone(child_stack=NULL, flags=CLONE_VM|CLONE_PIDFD|CLONE_VFORK|SIGCHLD <unfinished ...>
9676  execve("/opt/hostedtoolcache/go/1.27.0/arm64/pkg/tool/linux_arm64/compile", ["/opt/hostedtoolcache/go/1.27.0/a"..., "-o", "/tmp/go-build1496978431/b072/_pk"..., "-trimpath", "/tmp/go-build1496978431/b072=>", "-p", "sort", "-lang=go1.27", "-std", "-complete", "-buildid", "7Nd7W-9A7TehAmYPq50Y/7Nd7W-9A7Te"..., "-goversion", "go1.27.0", "-c=4", "-nolocalimports", "-importcfg", "/tmp/go-build1496978431/b072/imp"..., "-pack", "/opt/hostedtoolcache/go/1.27.0/a"..., "/opt/hostedtoolcache/go/1.27.0/a"..., "/opt/hostedtoolcache/go/1.27.0/a"..., "/opt/hostedtoolcache/go/1.27.0/a"..., "/opt/hostedtoolcache/go/1.27.0/a"...], 0x115fd7dbd688 /* 140 vars */ <unfinished ...>
9675  execve("/opt/hostedtoolcache/go/1.27.0/arm64/pkg/tool/linux_arm64/compile", ["/opt/hostedtoolcache/go/1.27.0/a"..., "-o", "/tmp/go-build1496978431/b003/_pk"..., "-trimpath", "/tmp/go-build1496978431/b003=>", "-p", "errors", "-lang=go1.27", "-std", "-complete", "-buildid", "4LF70XTbcy7WxOwUaIyZ/4LF70XTbcy7"..., "-goversion", "go1.27.0", "-c=4", "-nolocalimports", "-importcfg", "/tmp/go-build1496978431/b003/imp"..., "-pack", "/opt/hostedtoolcache/go/1.27.0/a"..., "/opt/hostedtoolcache/go/1.27.0/a"..., "/opt/hostedtoolcache/go/1.27.0/a"...], 0x115fd7cdb208 /* 140 vars */ <unfinished ...>
9203  <... clone resumed>, parent_tid=[22]) = 9676
9197  <... clone resumed>, parent_tid=[21]) = 9675
9677  execve("/opt/hostedtoolcache/go/1.27.0/arm64/pkg/tool/linux_arm64/compile", ["/opt/hostedtoolcache/go/1.27.0/a"..., "-o", "/tmp/go-build1496978431/b067/_pk"..., "-trimpath", "/tmp/go-build1496978431/b067=>", "-p", "internal/bisect", "-lang=go1.27", "-std", "-complete", "-buildid", "0mAloux1h2J8s02rfUs4/0mAloux1h2J"..., "-goversion", "go1.27.0", "-c=4", "-nolocalimports", "-importcfg", "/tmp/go-build1496978431/b067/imp"..., "-pack", "/opt/hostedtoolcache/go/1.27.0/a"...], 0x115fd7d86008 /* 140 vars */ <unfinished ...>
9197  --- SIGURG {si_signo=SIGURG, si_code=SI_TKILL, si_pid=9197, si_uid=1001} ---
9676  <... execve resumed>)             = 0
9675  <... execve resumed>)             = 0
9367  <... clone resumed>, parent_tid=[25]) = 9677
9677  <... execve resumed>)             = 0
9678  execve("/opt/hostedtoolcache/go/1.27.0/arm64/pkg/tool/linux_arm64/compile", ["/opt/hostedtoolcache/go/1.27.0/a"..., "-o", "/tmp/go-build1496978431/b060/_pk"..., "-trimpath", "/tmp/go-build1496978431/b060=>", "-p", "internal/testlog", "-lang=go1.27", "-std", "-complete", "-buildid", "27UNtftAwL_icUDWbBfY/27UNtftAwL_"..., "-goversion", "go1.27.0", "-c=4", "-nolocalimports", "-importcfg", "/tmp/go-build1496978431/b060/imp"..., "-pack", "/opt/hostedtoolcache/go/1.27.0/a"..., "/opt/hostedtoolcache/go/1.27.0/a"...], 0x115fd8060008 /* 140 vars */ <unfinished ...>
9199  <... clone resumed>, parent_tid=[30]) = 9678
9678  <... execve resumed>)             = 0
9367  waitid(P_PIDFD, 25,  <unfinished ...>
9197  waitid(P_PIDFD, 21,  <unfinished ...>
9200  waitid(P_PIDFD, 22,  <unfinished ...>
9199  waitid(P_PIDFD, 30,  <unfinished ...>
9677  clone(child_stack=0x599510c68000, flags=CLONE_VM|CLONE_FS|CLONE_FILES|CLONE_SIGHAND|CLONE_THREAD|CLONE_SYSVSEM) = 9679
9678  clone(child_stack=0xc93c46c0000, flags=CLONE_VM|CLONE_FS|CLONE_FILES|CLONE_SIGHAND|CLONE_THREAD|CLONE_SYSVSEM) = 9680
9677  clone(child_stack=0x599510ca0000, flags=CLONE_VM|CLONE_FS|CLONE_FILES|CLONE_SIGHAND|CLONE_THREAD|CLONE_SYSVSEM) = 9681
9678  clone(child_stack=0xc93c46f8000, flags=CLONE_VM|CLONE_FS|CLONE_FILES|CLONE_SIGHAND|CLONE_THREAD|CLONE_SYSVSEM <unfinished ...>
9677  clone(child_stack=0x599510c9c000, flags=CLONE_VM|CLONE_FS|CLONE_FILES|CLONE_SIGHAND|CLONE_THREAD|CLONE_SYSVSEM <unfinished ...>
9678  <... clone resumed>)              = 9682
9677  <... clone resumed>)              = 9683
9680  tgkill(9678, 9678, SIGURG)        = 0
9678  clone(child_stack=0xc93c46f4000, flags=CLONE_VM|CLONE_FS|CLONE_FILES|CLONE_SIGHAND|CLONE_THREAD|CLONE_SYSVSEM) = 9684
9678  --- SIGURG {si_signo=SIGURG, si_code=SI_TKILL, si_pid=9678, si_uid=1001} ---
9681  clone(child_stack=0x599510d18000, flags=CLONE_VM|CLONE_FS|CLONE_FILES|CLONE_SIGHAND|CLONE_THREAD|CLONE_SYSVSEM <unfinished ...>
9676  clone(child_stack=0xd71c865e000, flags=CLONE_VM|CLONE_FS|CLONE_FILES|CLONE_SIGHAND|CLONE_THREAD|CLONE_SYSVSEM <unfinished ...>
9681  <... clone resumed>)              = 9685
9676  <... clone resumed>)              = 9686
9675  clone(child_stack=0x78644bc3a000, flags=CLONE_VM|CLONE_FS|CLONE_FILES|CLONE_SIGHAND|CLONE_THREAD|CLONE_SYSVSEM <unfinished ...>
9682  clone(child_stack=0xc93c4718000, flags=CLONE_VM|CLONE_FS|CLONE_FILES|CLONE_SIGHAND|CLONE_THREAD|CLONE_SYSVSEM <unfinished ...>
9675  <... clone resumed>)              = 9687
9682  <... clone resumed>)              = 9688
9676  clone(child_stack=0xd71c8698000, flags=CLONE_VM|CLONE_FS|CLONE_FILES|CLONE_SIGHAND|CLONE_THREAD|CLONE_SYSVSEM <unfinished ...>
9686  tgkill(9676, 9676, SIGURG <unfinished ...>
9676  <... clone resumed>)              = 9689
9686  <... tgkill resumed>)             = 0
9676  --- SIGURG {si_signo=SIGURG, si_code=SI_TKILL, si_pid=9676, si_uid=1001} ---
9675  clone(child_stack=0x78644bc72000, flags=CLONE_VM|CLONE_FS|CLONE_FILES|CLONE_SIGHAND|CLONE_THREAD|CLONE_SYSVSEM) = 9690
9687  tgkill(9675, 9675, SIGURG)        = 0
9676  clone(child_stack=0xd71c8694000, flags=CLONE_VM|CLONE_FS|CLONE_FILES|CLONE_SIGHAND|CLONE_THREAD|CLONE_SYSVSEM <unfinished ...>
9675  --- SIGURG {si_signo=SIGURG, si_code=SI_TKILL, si_pid=9675, si_uid=1001} ---
9676  <... clone resumed>)              = 9691
9675  clone(child_stack=0x78644bc6e000, flags=CLONE_VM|CLONE_FS|CLONE_FILES|CLONE_SIGHAND|CLONE_THREAD|CLONE_SYSVSEM <unfinished ...>
9689  clone(child_stack=0xd71c86b8000, flags=CLONE_VM|CLONE_FS|CLONE_FILES|CLONE_SIGHAND|CLONE_THREAD|CLONE_SYSVSEM <unfinished ...>
9675  <... clone resumed>)              = 9692
9689  <... clone resumed>)              = 9693
9676  clone(child_stack=0xd71c86b4000, flags=CLONE_VM|CLONE_FS|CLONE_FILES|CLONE_SIGHAND|CLONE_THREAD|CLONE_SYSVSEM) = 9694
9675  clone(child_stack=0x78644bc98000, flags=CLONE_VM|CLONE_FS|CLONE_FILES|CLONE_SIGHAND|CLONE_THREAD|CLONE_SYSVSEM) = 9695
9692  clone(child_stack=0x78644bc94000, flags=CLONE_VM|CLONE_FS|CLONE_FILES|CLONE_SIGHAND|CLONE_THREAD|CLONE_SYSVSEM) = 9696
9679  tgkill(9677, 9677, SIGURG)        = 0
9677  --- SIGURG {si_signo=SIGURG, si_code=SI_TKILL, si_pid=9677, si_uid=1001} ---
9680  tgkill(9678, 9682, SIGURG <unfinished ...>
9686  tgkill(9676, 9689, SIGURG)        = 0
9689  --- SIGURG {si_signo=SIGURG, si_code=SI_TKILL, si_pid=9676, si_uid=1001} ---
9682  --- SIGURG {si_signo=SIGURG, si_code=SI_TKILL, si_pid=9678, si_uid=1001} ---
9680  <... tgkill resumed>)             = 0
9687  tgkill(9675, 9696, SIGURG)        = 0
9696  --- SIGURG {si_signo=SIGURG, si_code=SI_TKILL, si_pid=9675, si_uid=1001} ---
9682  exit_group(0)                     = ?
9688  +++ exited with 0 +++
9682  +++ exited with 0 +++
9684  +++ exited with 0 +++
9680  +++ exited with 0 +++
9678  +++ exited with 0 +++
9203  --- SIGCHLD {si_signo=SIGCHLD, si_code=CLD_EXITED, si_pid=9678, si_uid=1001, si_status=0, si_utime=1 /* 0.01 s */, si_stime=0} ---
9199  <... waitid resumed>{si_signo=SIGCHLD, si_code=CLD_EXITED, si_pid=9678, si_uid=1001, si_status=0, si_utime=0, si_stime=0}, WEXITED, {ru_utime={tv_sec=0, tv_usec=13354}, ru_stime={tv_sec=0, tv_usec=9245}, ...}) = 0
9679  tgkill(9677, 9677, SIGURG)        = 0
9677  --- SIGURG {si_signo=SIGURG, si_code=SI_TKILL, si_pid=9677, si_uid=1001} ---
9686  tgkill(9676, 9689, SIGURG)        = 0
9689  --- SIGURG {si_signo=SIGURG, si_code=SI_TKILL, si_pid=9676, si_uid=1001} ---
9687  tgkill(9675, 9692, SIGURG)        = 0
9692  --- SIGURG {si_signo=SIGURG, si_code=SI_TKILL, si_pid=9675, si_uid=1001} ---
9695  exit_group(0)                     = ?
9687  +++ exited with 0 +++
9696  +++ exited with 0 +++
9692  +++ exited with 0 +++
9695  +++ exited with 0 +++
9690  +++ exited with 0 +++
9675  +++ exited with 0 +++
9202  --- SIGCHLD {si_signo=SIGCHLD, si_code=CLD_EXITED, si_pid=9675, si_uid=1001, si_status=0, si_utime=2 /* 0.02 s */, si_stime=0} ---
9197  <... waitid resumed>{si_signo=SIGCHLD, si_code=CLD_EXITED, si_pid=9675, si_uid=1001, si_status=0, si_utime=0, si_stime=0}, WEXITED, {ru_utime={tv_sec=0, tv_usec=21820}, ru_stime={tv_sec=0, tv_usec=7934}, ...}) = 0
9204  tgkill(9197, 9197, SIGURG)        = 0
9197  --- SIGURG {si_signo=SIGURG, si_code=SI_TKILL, si_pid=9197, si_uid=1001} ---
9683  exit_group(0)                     = ?
9685  +++ exited with 0 +++
9683  +++ exited with 0 +++
9681  +++ exited with 0 +++
9679  +++ exited with 0 +++
9677  +++ exited with 0 +++
9204  --- SIGCHLD {si_signo=SIGCHLD, si_code=CLD_EXITED, si_pid=9677, si_uid=1001, si_status=0, si_utime=4 /* 0.04 s */, si_stime=1 /* 0.01 s */} ---
9367  <... waitid resumed>{si_signo=SIGCHLD, si_code=CLD_EXITED, si_pid=9677, si_uid=1001, si_status=0, si_utime=0, si_stime=0}, WEXITED, {ru_utime={tv_sec=0, tv_usec=40328}, ru_stime={tv_sec=0, tv_usec=11090}, ...}) = 0
9686  tgkill(9676, 9694, SIGURG <unfinished ...>
9694  --- SIGURG {si_signo=SIGURG, si_code=SI_TKILL, si_pid=9676, si_uid=1001} ---
9686  <... tgkill resumed>)             = 0
9686  tgkill(9676, 9689, SIGURG)        = 0
9689  --- SIGURG {si_signo=SIGURG, si_code=SI_TKILL, si_pid=9676, si_uid=1001} ---
9686  tgkill(9676, 9676, SIGURG)        = 0
9676  --- SIGURG {si_signo=SIGURG, si_code=SI_TKILL, si_pid=9676, si_uid=1001} ---
9686  tgkill(9676, 9691, SIGURG)        = 0
9691  --- SIGURG {si_signo=SIGURG, si_code=SI_TKILL, si_pid=9676, si_uid=1001} ---
9198  tgkill(9197, 9204, SIGURG)        = 0
9204  --- SIGURG {si_signo=SIGURG, si_code=SI_TKILL, si_pid=9197, si_uid=1001} ---
9198  tgkill(9197, 9205, SIGURG)        = 0
9205  --- SIGURG {si_signo=SIGURG, si_code=SI_TKILL, si_pid=9197, si_uid=1001} ---
9198  tgkill(9197, 9205, SIGURG)        = 0
9197  clone(child_stack=NULL, flags=CLONE_VM|CLONE_PIDFD|CLONE_VFORK|SIGCHLD <unfinished ...>
9198  tgkill(9197, 9197, SIGURG)        = 0
9205  --- SIGURG {si_signo=SIGURG, si_code=SI_TKILL, si_pid=9197, si_uid=1001} ---
9204  clone(child_stack=NULL, flags=CLONE_VM|CLONE_PIDFD|CLONE_VFORK|SIGCHLD <unfinished ...>
9198  tgkill(9197, 9204, SIGURG)        = 0
9697  execve("/opt/hostedtoolcache/go/1.27.0/arm64/pkg/tool/linux_arm64/compile", ["/opt/hostedtoolcache/go/1.27.0/a"..., "-o", "/tmp/go-build1496978431/b049/_pk"..., "-trimpath", "/tmp/go-build1496978431/b049=>", "-p", "io", "-lang=go1.27", "-std", "-complete", "-buildid", "oAK5zUl3-psiFmMeS3QH/oAK5zUl3-ps"..., "-goversion", "go1.27.0", "-c=4", "-nolocalimports", "-importcfg", "/tmp/go-build1496978431/b049/imp"..., "-pack", "/opt/hostedtoolcache/go/1.27.0/a"..., "/opt/hostedtoolcache/go/1.27.0/a"..., "/opt/hostedtoolcache/go/1.27.0/a"...], 0x115fd7d86008 /* 140 vars */ <unfinished ...>
9197  <... clone resumed>, parent_tid=[16]) = 9697
9697  <... execve resumed>)             = 0
9197  --- SIGURG {si_signo=SIGURG, si_code=SI_TKILL, si_pid=9197, si_uid=1001} ---
9198  tgkill(9197, 9197, SIGURG)        = 0
9197  --- SIGURG {si_signo=SIGURG, si_code=SI_TKILL, si_pid=9197, si_uid=1001} ---
9698  execve("/opt/hostedtoolcache/go/1.27.0/arm64/pkg/tool/linux_arm64/compile", ["/opt/hostedtoolcache/go/1.27.0/a"..., "-o", "/tmp/go-build1496978431/b041/_pk"..., "-trimpath", "/tmp/go-build1496978431/b041=>", "-p", "strconv", "-lang=go1.27", "-std", "-complete", "-buildid", "YiTj2gFZTn2hr11Zvhfe/YiTj2gFZTn2"..., "-goversion", "go1.27.0", "-c=4", "-nolocalimports", "-importcfg", "/tmp/go-build1496978431/b041/imp"..., "-pack", "/opt/hostedtoolcache/go/1.27.0/a"..., "/opt/hostedtoolcache/go/1.27.0/a"..., "/opt/hostedtoolcache/go/1.27.0/a"..., "/opt/hostedtoolcache/go/1.27.0/a"..., "/opt/hostedtoolcache/go/1.27.0/a"...], 0x115fd7dbd208 /* 140 vars */ <unfinished ...>
9204  <... clone resumed>, parent_tid=[19]) = 9698
9698  <... execve resumed>)             = 0
9204  --- SIGURG {si_signo=SIGURG, si_code=SI_TKILL, si_pid=9197, si_uid=1001} ---
9205  waitid(P_PIDFD, 16,  <unfinished ...>
9204  waitid(P_PIDFD, 19,  <unfinished ...>
9202  clone(child_stack=NULL, flags=CLONE_VM|CLONE_PIDFD|CLONE_VFORK|SIGCHLD <unfinished ...>
9699  execve("/opt/hostedtoolcache/go/1.27.0/arm64/pkg/tool/linux_arm64/compile", ["/opt/hostedtoolcache/go/1.27.0/a"..., "-o", "/tmp/go-build1496978431/b053/_pk"..., "-trimpath", "/tmp/go-build1496978431/b053=>", "-p", "internal/oserror", "-lang=go1.27", "-std", "-complete", "-buildid", "6-LCFKnLee-UmSlUlu7Z/6-LCFKnLee-"..., "-goversion", "go1.27.0", "-c=4", "-nolocalimports", "-importcfg", "/tmp/go-build1496978431/b053/imp"..., "-pack", "/opt/hostedtoolcache/go/1.27.0/a"...], 0x115fd7e60488 /* 140 vars */ <unfinished ...>
9202  <... clone resumed>, parent_tid=[12]) = 9699
9699  <... execve resumed>)             = 0
9202  waitid(P_PIDFD, 12,  <unfinished ...>
9686  tgkill(9676, 9689, SIGURG)        = 0
9689  --- SIGURG {si_signo=SIGURG, si_code=SI_TKILL, si_pid=9676, si_uid=1001} ---
9698  clone(child_stack=0x5e1e25dd8000, flags=CLONE_VM|CLONE_FS|CLONE_FILES|CLONE_SIGHAND|CLONE_THREAD|CLONE_SYSVSEM) = 9700
9697  clone(child_stack=0x250238abc000, flags=CLONE_VM|CLONE_FS|CLONE_FILES|CLONE_SIGHAND|CLONE_THREAD|CLONE_SYSVSEM <unfinished ...>
9698  clone(child_stack=0x5e1e25e10000, flags=CLONE_VM|CLONE_FS|CLONE_FILES|CLONE_SIGHAND|CLONE_THREAD|CLONE_SYSVSEM <unfinished ...>
9697  <... clone resumed>)              = 9701
9698  <... clone resumed>)              = 9702
9700  tgkill(9698, 9698, SIGURG)        = 0
9698  clone(child_stack=0x5e1e25e0c000, flags=CLONE_VM|CLONE_FS|CLONE_FILES|CLONE_SIGHAND|CLONE_THREAD|CLONE_SYSVSEM) = 9703
9697  clone(child_stack=0x250238af4000, flags=CLONE_VM|CLONE_FS|CLONE_FILES|CLONE_SIGHAND|CLONE_THREAD|CLONE_SYSVSEM <unfinished ...>
9698  --- SIGURG {si_signo=SIGURG, si_code=SI_TKILL, si_pid=9698, si_uid=1001} ---
9701  tgkill(9697, 9697, SIGURG <unfinished ...>
9697  <... clone resumed>)              = 9704
9701  <... tgkill resumed>)             = 0
9697  --- SIGURG {si_signo=SIGURG, si_code=SI_TKILL, si_pid=9697, si_uid=1001} ---
9694  exit_group(0 <unfinished ...>
9697  clone(child_stack=0x250238af0000, flags=CLONE_VM|CLONE_FS|CLONE_FILES|CLONE_SIGHAND|CLONE_THREAD|CLONE_SYSVSEM <unfinished ...>
9694  <... exit_group resumed>)         = ?
9702  clone(child_stack=0x5e1e25e98000, flags=CLONE_VM|CLONE_FS|CLONE_FILES|CLONE_SIGHAND|CLONE_THREAD|CLONE_SYSVSEM <unfinished ...>
9693  +++ exited with 0 +++
9691  +++ exited with 0 +++
9689  +++ exited with 0 +++
9686  +++ exited with 0 +++
9697  <... clone resumed>)              = 9705
9702  <... clone resumed>)              = 9706
9694  +++ exited with 0 +++
9676  +++ exited with 0 +++
9200  <... waitid resumed>{si_signo=SIGCHLD, si_code=CLD_EXITED, si_pid=9676, si_uid=1001, si_status=0, si_utime=0, si_stime=0}, WEXITED, {ru_utime={tv_sec=0, tv_usec=111492}, ru_stime={tv_sec=0, tv_usec=16481}, ...}) = 0
9203  --- SIGCHLD {si_signo=SIGCHLD, si_code=CLD_EXITED, si_pid=9676, si_uid=1001, si_status=0, si_utime=11 /* 0.11 s */, si_stime=1 /* 0.01 s */} ---
9704  clone(child_stack=0x250238b18000, flags=CLONE_VM|CLONE_FS|CLONE_FILES|CLONE_SIGHAND|CLONE_THREAD|CLONE_SYSVSEM) = 9707
9699  clone(child_stack=0x1fc16d4ea000, flags=CLONE_VM|CLONE_FS|CLONE_FILES|CLONE_SIGHAND|CLONE_THREAD|CLONE_SYSVSEM) = 9708
9699  clone(child_stack=0x1fc16d522000, flags=CLONE_VM|CLONE_FS|CLONE_FILES|CLONE_SIGHAND|CLONE_THREAD|CLONE_SYSVSEM) = 9709
9699  clone(child_stack=0x1fc16d51e000, flags=CLONE_VM|CLONE_FS|CLONE_FILES|CLONE_SIGHAND|CLONE_THREAD|CLONE_SYSVSEM) = 9710
9709  clone(child_stack=0x1fc16d598000, flags=CLONE_VM|CLONE_FS|CLONE_FILES|CLONE_SIGHAND|CLONE_THREAD|CLONE_SYSVSEM) = 9711
9700  clone(child_stack=0x5e1e26224000, flags=CLONE_VM|CLONE_FS|CLONE_FILES|CLONE_SIGHAND|CLONE_THREAD|CLONE_SYSVSEM) = 9712
9367  clone(child_stack=NULL, flags=CLONE_VM|CLONE_PIDFD|CLONE_VFORK|SIGCHLD <unfinished ...>
9198  tgkill(9197, 9367, SIGURG <unfinished ...>
9708  tgkill(9699, 9699, SIGURG)        = 0
9713  execve("/opt/hostedtoolcache/go/1.27.0/arm64/pkg/tool/linux_arm64/compile", ["/opt/hostedtoolcache/go/1.27.0/a"..., "-o", "/tmp/go-build1496978431/b054/_pk"..., "-trimpath", "/tmp/go-build1496978431/b054=>", "-p", "path", "-lang=go1.27", "-std", "-complete", "-buildid", "S1bYbusOYAhhdRiywHCG/S1bYbusOYAh"..., "-goversion", "go1.27.0", "-c=4", "-nolocalimports", "-importcfg", "/tmp/go-build1496978431/b054/imp"..., "-pack", "/opt/hostedtoolcache/go/1.27.0/a"..., "/opt/hostedtoolcache/go/1.27.0/a"...], 0x115fd7d87688 /* 140 vars */ <unfinished ...>
9699  --- SIGURG {si_signo=SIGURG, si_code=SI_TKILL, si_pid=9699, si_uid=1001} ---
9700  tgkill(9698, 9703, SIGURG <unfinished ...>
9367  <... clone resumed>, parent_tid=[15]) = 9713
9198  <... tgkill resumed>)             = 0
9713  <... execve resumed>)             = 0
9700  <... tgkill resumed>)             = 0
9367  --- SIGURG {si_signo=SIGURG, si_code=SI_TKILL, si_pid=9197, si_uid=1001} ---
9367  waitid(P_PIDFD, 15,  <unfinished ...>
9701  tgkill(9697, 9707, SIGURG <unfinished ...>
9707  --- SIGURG {si_signo=SIGURG, si_code=SI_TKILL, si_pid=9697, si_uid=1001} ---
9701  <... tgkill resumed>)             = 0
9703  --- SIGURG {si_signo=SIGURG, si_code=SI_TKILL, si_pid=9698, si_uid=1001} ---
9699  exit_group(0)                     = ?
9708  +++ exited with 0 +++
9710  +++ exited with 0 +++
9711  +++ exited with 0 +++
9713  clone(child_stack=0xd08bc20000, flags=CLONE_VM|CLONE_FS|CLONE_FILES|CLONE_SIGHAND|CLONE_THREAD|CLONE_SYSVSEM) = 9714
9713  clone(child_stack=0xd08bc58000, flags=CLONE_VM|CLONE_FS|CLONE_FILES|CLONE_SIGHAND|CLONE_THREAD|CLONE_SYSVSEM <unfinished ...>
9709  +++ exited with 0 +++
9699  +++ exited with 0 +++
9200  --- SIGCHLD {si_signo=SIGCHLD, si_code=CLD_EXITED, si_pid=9699, si_uid=1001, si_status=0, si_utime=0, si_stime=0} ---
9202  <... waitid resumed>{si_signo=SIGCHLD, si_code=CLD_EXITED, si_pid=9699, si_uid=1001, si_status=0, si_utime=0, si_stime=0}, WEXITED, {ru_utime={tv_sec=0, tv_usec=5008}, ru_stime={tv_sec=0, tv_usec=7512}, ...}) = 0
9713  <... clone resumed>)              = 9715
9713  clone(child_stack=0xd08bc54000, flags=CLONE_VM|CLONE_FS|CLONE_FILES|CLONE_SIGHAND|CLONE_THREAD|CLONE_SYSVSEM) = 9716
9714  tgkill(9713, 9713, SIGURG)        = 0
9713  --- SIGURG {si_signo=SIGURG, si_code=SI_TKILL, si_pid=9713, si_uid=1001} ---
9700  tgkill(9698, 9698, SIGURG)        = 0
9698  --- SIGURG {si_signo=SIGURG, si_code=SI_TKILL, si_pid=9698, si_uid=1001} ---
9198  tgkill(9197, 9202, SIGURG)        = 0
9202  --- SIGURG {si_signo=SIGURG, si_code=SI_TKILL, si_pid=9197, si_uid=1001} ---
9714  tgkill(9713, 9715, SIGURG)        = 0
9715  --- SIGURG {si_signo=SIGURG, si_code=SI_TKILL, si_pid=9713, si_uid=1001} ---
9700  tgkill(9698, 9712, SIGURG)        = 0
9700  tgkill(9698, 9703, SIGURG)        = 0
9703  --- SIGURG {si_signo=SIGURG, si_code=SI_TKILL, si_pid=9698, si_uid=1001} ---
9700  tgkill(9698, 9698, SIGURG)        = 0
9712  --- SIGURG {si_signo=SIGURG, si_code=SI_TKILL, si_pid=9698, si_uid=1001} ---
9698  --- SIGURG {si_signo=SIGURG, si_code=SI_TKILL, si_pid=9698, si_uid=1001} ---
9701  tgkill(9697, 9704, SIGURG)        = 0
9704  --- SIGURG {si_signo=SIGURG, si_code=SI_TKILL, si_pid=9697, si_uid=1001} ---
9701  tgkill(9697, 9697, SIGURG)        = 0
9701  tgkill(9697, 9705, SIGURG)        = 0
9705  --- SIGURG {si_signo=SIGURG, si_code=SI_TKILL, si_pid=9697, si_uid=1001} ---
9697  --- SIGURG {si_signo=SIGURG, si_code=SI_TKILL, si_pid=9697, si_uid=1001} ---
9715  clone(child_stack=0xd08bcaa000, flags=CLONE_VM|CLONE_FS|CLONE_FILES|CLONE_SIGHAND|CLONE_THREAD|CLONE_SYSVSEM) = 9717
9202  clone(child_stack=NULL, flags=CLONE_VM|CLONE_PIDFD|CLONE_VFORK|SIGCHLD <unfinished ...>
9198  tgkill(9197, 9202, SIGURG)        = 0
9714  tgkill(9713, 9713, SIGURG)        = 0
9713  --- SIGURG {si_signo=SIGURG, si_code=SI_TKILL, si_pid=9713, si_uid=1001} ---
9718  execve("/opt/hostedtoolcache/go/1.27.0/arm64/pkg/tool/linux_arm64/asm", ["/opt/hostedtoolcache/go/1.27.0/a"..., "-p", "syscall", "-trimpath", "/tmp/go-build1496978431/b056=>", "-I", "/tmp/go-build1496978431/b056/", "-I", "/opt/hostedtoolcache/go/1.27.0/a"..., "-D", "GOOS_linux", "-D", "GOARCH_arm64", "-std", "-gensymabis", "-o", "/tmp/go-build1496978431/b056/sym"..., "/opt/hostedtoolcache/go/1.27.0/a"...], 0x115fd7e60488 /* 140 vars */ <unfinished ...>
9202  <... clone resumed>, parent_tid=[14]) = 9718
9202  --- SIGURG {si_signo=SIGURG, si_code=SI_TKILL, si_pid=9197, si_uid=1001} ---
9718  <... execve resumed>)             = 0
9198  tgkill(9197, 9202, SIGURG)        = 0
9202  --- SIGURG {si_signo=SIGURG, si_code=SI_TKILL, si_pid=9197, si_uid=1001} ---
9697  exit_group(0)                     = ?
9707  +++ exited with 0 +++
9705  +++ exited with 0 +++
9704  +++ exited with 0 +++
9203  waitid(P_PIDFD, 14,  <unfinished ...>
9701  +++ exited with 0 +++
9697  +++ exited with 0 +++
9205  <... waitid resumed>{si_signo=SIGCHLD, si_code=CLD_EXITED, si_pid=9697, si_uid=1001, si_status=0, si_utime=0, si_stime=0}, WEXITED, {ru_utime={tv_sec=0, tv_usec=62822}, ru_stime={tv_sec=0, tv_usec=10797}, ...}) = 0
9200  --- SIGCHLD {si_signo=SIGCHLD, si_code=CLD_EXITED, si_pid=9697, si_uid=1001, si_status=0, si_utime=6 /* 0.06 s */, si_stime=1 /* 0.01 s */} ---
9716  exit_group(0)                     = ?
9717  +++ exited with 0 +++
9715  +++ exited with 0 +++
9716  +++ exited with 0 +++
9714  +++ exited with 0 +++
9713  +++ exited with 0 +++
9367  <... waitid resumed>{si_signo=SIGCHLD, si_code=CLD_EXITED, si_pid=9713, si_uid=1001, si_status=0, si_utime=0, si_stime=0}, WEXITED, {ru_utime={tv_sec=0, tv_usec=25425}, ru_stime={tv_sec=0, tv_usec=10170}, ...}) = 0
9202  --- SIGCHLD {si_signo=SIGCHLD, si_code=CLD_EXITED, si_pid=9713, si_uid=1001, si_status=0, si_utime=2 /* 0.02 s */, si_stime=1 /* 0.01 s */} ---
9712  exit_group(0)                     = ?
9702  +++ exited with 0 +++
9700  +++ exited with 0 +++
9712  +++ exited with 0 +++
9703  +++ exited with 0 +++
9706  +++ exited with 0 +++
9698  +++ exited with 0 +++
9200  --- SIGCHLD {si_signo=SIGCHLD, si_code=CLD_EXITED, si_pid=9698, si_uid=1001, si_status=0, si_utime=4 /* 0.04 s */, si_stime=1 /* 0.01 s */} ---
9204  <... waitid resumed>{si_signo=SIGCHLD, si_code=CLD_EXITED, si_pid=9698, si_uid=1001, si_status=0, si_utime=0, si_stime=0}, WEXITED, {ru_utime={tv_sec=0, tv_usec=51414}, ru_stime={tv_sec=0, tv_usec=14996}, ...}) = 0
9718  clone(child_stack=0x5310a1a92000, flags=CLONE_VM|CLONE_FS|CLONE_FILES|CLONE_SIGHAND|CLONE_THREAD|CLONE_SYSVSEM) = 9719
9718  clone(child_stack=0x5310a1aca000, flags=CLONE_VM|CLONE_FS|CLONE_FILES|CLONE_SIGHAND|CLONE_THREAD|CLONE_SYSVSEM) = 9720
9719  tgkill(9718, 9718, SIGURG)        = 0
9718  clone(child_stack=0x5310a1ac6000, flags=CLONE_VM|CLONE_FS|CLONE_FILES|CLONE_SIGHAND|CLONE_THREAD|CLONE_SYSVSEM) = 9721
9718  --- SIGURG {si_signo=SIGURG, si_code=SI_TKILL, si_pid=9718, si_uid=1001} ---
9720  clone(child_stack=0x5310a1b18000, flags=CLONE_VM|CLONE_FS|CLONE_FILES|CLONE_SIGHAND|CLONE_THREAD|CLONE_SYSVSEM) = 9722
9202  clone(child_stack=NULL, flags=CLONE_VM|CLONE_PIDFD|CLONE_VFORK|SIGCHLD <unfinished ...>
9723  execve("/opt/hostedtoolcache/go/1.27.0/arm64/pkg/tool/linux_arm64/compile", ["/opt/hostedtoolcache/go/1.27.0/a"..., "-o", "/tmp/go-build1496978431/b066/_pk"..., "-trimpath", "/tmp/go-build1496978431/b066=>", "-p", "internal/godebug", "-lang=go1.27", "-std", "-complete", "-buildid", "AcY4XHJEUplJW9BfMhAj/AcY4XHJEUpl"..., "-goversion", "go1.27.0", "-c=4", "-nolocalimports", "-importcfg", "/tmp/go-build1496978431/b066/imp"..., "-pack", "/opt/hostedtoolcache/go/1.27.0/a"...], 0x115fd7e60908 /* 140 vars */ <unfinished ...>
9202  <... clone resumed>, parent_tid=[11]) = 9723
9723  <... execve resumed>)             = 0
9202  waitid(P_PIDFD, 11,  <unfinished ...>
9718  exit_group(0)                     = ?
9721  +++ exited with 0 +++
9722  +++ exited with 0 +++
9720  +++ exited with 0 +++
9719  +++ exited with 0 +++
9718  +++ exited with 0 +++
9200  --- SIGCHLD {si_signo=SIGCHLD, si_code=CLD_EXITED, si_pid=9718, si_uid=1001, si_status=0, si_utime=0, si_stime=0} ---
9202  <... waitid resumed>0x115fd80defb8, WEXITED, 0x115fd7ef8090) = ? ERESTARTSYS (To be restarted if SA_RESTART is set)
9203  <... waitid resumed>{si_signo=SIGCHLD, si_code=CLD_EXITED, si_pid=9718, si_uid=1001, si_status=0, si_utime=0, si_stime=0}, WEXITED, {ru_utime={tv_sec=0, tv_usec=0}, ru_stime={tv_sec=0, tv_usec=7203}, ...}) = 0
9202  waitid(P_PIDFD, 11,  <unfinished ...>
9200  clone(child_stack=NULL, flags=CLONE_VM|CLONE_PIDFD|CLONE_VFORK|SIGCHLD <unfinished ...>
9203  tgkill(9197, 9200, SIGURG)        = 0
9724  execve("/opt/hostedtoolcache/go/1.27.0/arm64/pkg/tool/linux_arm64/compile", ["/opt/hostedtoolcache/go/1.27.0/a"..., "-o", "/tmp/go-build1496978431/b062/_pk"..., "-trimpath", "/tmp/go-build1496978431/b062=>", "-p", "bytes", "-lang=go1.27", "-std", "-buildid", "blK9KMS4gUGBvi1BV96E/blK9KMS4gUG"..., "-goversion", "go1.27.0", "-c=4", "-nolocalimports", "-importcfg", "/tmp/go-build1496978431/b062/imp"..., "-pack", "/opt/hostedtoolcache/go/1.27.0/a"..., "/opt/hostedtoolcache/go/1.27.0/a"..., "/opt/hostedtoolcache/go/1.27.0/a"..., "/opt/hostedtoolcache/go/1.27.0/a"...], 0x115fd7dbd208 /* 140 vars */ <unfinished ...>
9200  <... clone resumed>, parent_tid=[8]) = 9724
9200  --- SIGURG {si_signo=SIGURG, si_code=SI_TKILL, si_pid=9197, si_uid=1001} ---
9724  <... execve resumed>)             = 0
9203  clone(child_stack=NULL, flags=CLONE_VM|CLONE_PIDFD|CLONE_VFORK|SIGCHLD <unfinished ...>
9200  tgkill(9197, 9203, SIGURG)        = 0
9200  tgkill(9197, 9367, SIGURG)        = 0
9367  --- SIGURG {si_signo=SIGURG, si_code=SI_TKILL, si_pid=9197, si_uid=1001} ---
9200  tgkill(9197, 9367, SIGURG <unfinished ...>
9367  waitid(P_PIDFD, 8,  <unfinished ...>
9200  <... tgkill resumed>)             = 0
9367  <... waitid resumed>0x115fd80e2fb8, WEXITED, 0x115fd7ef8120) = ? ERESTARTSYS (To be restarted if SA_RESTART is set)
9367  --- SIGURG {si_signo=SIGURG, si_code=SI_TKILL, si_pid=9197, si_uid=1001} ---
9367  waitid(P_PIDFD, 8,  <unfinished ...>
9200  tgkill(9197, 9204, SIGURG <unfinished ...>
9725  execve("/opt/hostedtoolcache/go/1.27.0/arm64/pkg/tool/linux_arm64/compile", ["/opt/hostedtoolcache/go/1.27.0/a"..., "-o", "/tmp/go-build1496978431/b056/_pk"..., "-trimpath", "/tmp/go-build1496978431/b056=>", "-p", "syscall", "-lang=go1.27", "-std", "-buildid", "rOVCdQL1gJVJsHO2NeEB/rOVCdQL1gJV"..., "-goversion", "go1.27.0", "-symabis", "/tmp/go-build1496978431/b056/sym"..., "-c=4", "-nolocalimports", "-importcfg", "/tmp/go-build1496978431/b056/imp"..., "-pack", "-asmhdr", "/tmp/go-build1496978431/b056/go_"..., "/opt/hostedtoolcache/go/1.27.0/a"..., "/opt/hostedtoolcache/go/1.27.0/a"..., "/opt/hostedtoolcache/go/1.27.0/a"..., "/opt/hostedtoolcache/go/1.27.0/a"..., "/opt/hostedtoolcache/go/1.27.0/a"..., "/opt/hostedtoolcache/go/1.27.0/a"..., "/opt/hostedtoolcache/go/1.27.0/a"..., "/opt/hostedtoolcache/go/1.27.0/a"..., "/opt/hostedtoolcache/go/1.27.0/a"..., "/opt/hostedtoolcache/go/1.27.0/a"..., ...], 0x115fd7eead88 /* 140 vars */ <unfinished ...>
9200  <... tgkill resumed>)             = 0
9204  --- SIGURG {si_signo=SIGURG, si_code=SI_TKILL, si_pid=9197, si_uid=1001} ---
9203  <... clone resumed>, parent_tid=[20]) = 9725
9203  --- SIGURG {si_signo=SIGURG, si_code=SI_TKILL, si_pid=9197, si_uid=1001} ---
9200  tgkill(9197, 9203, SIGURG <unfinished ...>
9203  --- SIGURG {si_signo=SIGURG, si_code=SI_TKILL, si_pid=9197, si_uid=1001} ---
9200  <... tgkill resumed>)             = 0
9725  <... execve resumed>)             = 0
9200  waitid(P_PIDFD, 20,  <unfinished ...>
9723  clone(child_stack=0x48f5eadc000, flags=CLONE_VM|CLONE_FS|CLONE_FILES|CLONE_SIGHAND|CLONE_THREAD|CLONE_SYSVSEM) = 9726
9723  clone(child_stack=0x48f5eb18000, flags=CLONE_VM|CLONE_FS|CLONE_FILES|CLONE_SIGHAND|CLONE_THREAD|CLONE_SYSVSEM) = 9727
9726  tgkill(9723, 9723, SIGURG)        = 0
9723  --- SIGURG {si_signo=SIGURG, si_code=SI_TKILL, si_pid=9723, si_uid=1001} ---
9723  clone(child_stack=0x48f5eb14000, flags=CLONE_VM|CLONE_FS|CLONE_FILES|CLONE_SIGHAND|CLONE_THREAD|CLONE_SYSVSEM) = 9728
9727  clone(child_stack=0x48f5eb38000, flags=CLONE_VM|CLONE_FS|CLONE_FILES|CLONE_SIGHAND|CLONE_THREAD|CLONE_SYSVSEM) = 9729
9204  clone(child_stack=NULL, flags=CLONE_VM|CLONE_PIDFD|CLONE_VFORK|SIGCHLD <unfinished ...>
9724  clone(child_stack=0x68c24b7ba000, flags=CLONE_VM|CLONE_FS|CLONE_FILES|CLONE_SIGHAND|CLONE_THREAD|CLONE_SYSVSEM) = 9731
9724  clone(child_stack=0x68c24b7f2000, flags=CLONE_VM|CLONE_FS|CLONE_FILES|CLONE_SIGHAND|CLONE_THREAD|CLONE_SYSVSEM) = 9732
9731  tgkill(9724, 9724, SIGURG)        = 0
9724  --- SIGURG {si_signo=SIGURG, si_code=SI_TKILL, si_pid=9724, si_uid=1001} ---
9724  clone(child_stack=0x68c24b7ee000, flags=CLONE_VM|CLONE_FS|CLONE_FILES|CLONE_SIGHAND|CLONE_THREAD|CLONE_SYSVSEM) = 9733
9732  clone(child_stack=0x68c24b820000, flags=CLONE_VM|CLONE_FS|CLONE_FILES|CLONE_SIGHAND|CLONE_THREAD|CLONE_SYSVSEM) = 9734
9730  execve("/opt/hostedtoolcache/go/1.27.0/arm64/pkg/tool/linux_arm64/asm", ["/opt/hostedtoolcache/go/1.27.0/a"..., "-p", "reflect", "-trimpath", "/tmp/go-build1496978431/b038=>", "-I", "/tmp/go-build1496978431/b038/", "-I", "/opt/hostedtoolcache/go/1.27.0/a"..., "-D", "GOOS_linux", "-D", "GOARCH_arm64", "-std", "-gensymabis", "-o", "/tmp/go-build1496978431/b038/sym"..., "/opt/hostedtoolcache/go/1.27.0/a"...], 0x115fd7eeb208 /* 140 vars */) = 0
9204  <... clone resumed>, parent_tid=[17]) = 9730
9204  waitid(P_PIDFD, 17,  <unfinished ...>
9725  clone(child_stack=0x67a092fb6000, flags=CLONE_VM|CLONE_FS|CLONE_FILES|CLONE_SIGHAND|CLONE_THREAD|CLONE_SYSVSEM) = 9735
9725  clone(child_stack=0x67a092fee000, flags=CLONE_VM|CLONE_FS|CLONE_FILES|CLONE_SIGHAND|CLONE_THREAD|CLONE_SYSVSEM) = 9736
9725  clone(child_stack=0x67a092fea000, flags=CLONE_VM|CLONE_FS|CLONE_FILES|CLONE_SIGHAND|CLONE_THREAD|CLONE_SYSVSEM <unfinished ...>
9731  clone(child_stack=0x68c24bbce000, flags=CLONE_VM|CLONE_FS|CLONE_FILES|CLONE_SIGHAND|CLONE_THREAD|CLONE_SYSVSEM <unfinished ...>
9725  <... clone resumed>)              = 9737
9731  <... clone resumed>)              = 9738
9736  clone(child_stack=0x67a093096000, flags=CLONE_VM|CLONE_FS|CLONE_FILES|CLONE_SIGHAND|CLONE_THREAD|CLONE_SYSVSEM) = 9739
9735  clone(child_stack=0x67a093308000, flags=CLONE_VM|CLONE_FS|CLONE_FILES|CLONE_SIGHAND|CLONE_THREAD|CLONE_SYSVSEM) = 9740
9726  tgkill(9723, 9723, SIGURG)        = 0
9723  --- SIGURG {si_signo=SIGURG, si_code=SI_TKILL, si_pid=9723, si_uid=1001} ---
9730  clone(child_stack=0x516ae11dc000, flags=CLONE_VM|CLONE_FS|CLONE_FILES|CLONE_SIGHAND|CLONE_THREAD|CLONE_SYSVSEM) = 9741
9730  clone(child_stack=0x516ae1218000, flags=CLONE_VM|CLONE_FS|CLONE_FILES|CLONE_SIGHAND|CLONE_THREAD|CLONE_SYSVSEM) = 9742
9730  clone(child_stack=0x516ae1214000, flags=CLONE_VM|CLONE_FS|CLONE_FILES|CLONE_SIGHAND|CLONE_THREAD|CLONE_SYSVSEM) = 9743
9731  tgkill(9724, 9732, SIGURG <unfinished ...>
9732  --- SIGURG {si_signo=SIGURG, si_code=SI_TKILL, si_pid=9724, si_uid=1001} ---
9731  <... tgkill resumed>)             = 0
9730  exit_group(0)                     = ?
9726  tgkill(9723, 9728, SIGURG <unfinished ...>
9743  +++ exited with 0 +++
9726  <... tgkill resumed>)             = 0
9728  --- SIGURG {si_signo=SIGURG, si_code=SI_TKILL, si_pid=9723, si_uid=1001} ---
9742  +++ exited with 0 +++
9741  +++ exited with 0 +++
9730  +++ exited with 0 +++
9204  <... waitid resumed>{si_signo=SIGCHLD, si_code=CLD_EXITED, si_pid=9730, si_uid=1001, si_status=0, si_utime=0, si_stime=0}, WEXITED, {ru_utime={tv_sec=0, tv_usec=0}, ru_stime={tv_sec=0, tv_usec=7655}, ...}) = 0
9204  --- SIGCHLD {si_signo=SIGCHLD, si_code=CLD_EXITED, si_pid=9730, si_uid=1001, si_status=0, si_utime=0, si_stime=1 /* 0.01 s */} ---
9205  clone(child_stack=NULL, flags=CLONE_VM|CLONE_PIDFD|CLONE_VFORK|SIGCHLD <unfinished ...>
9744  execve("/opt/hostedtoolcache/go/1.27.0/arm64/pkg/tool/linux_arm64/compile", ["/opt/hostedtoolcache/go/1.27.0/a"..., "-o", "/tmp/go-build1496978431/b038/_pk"..., "-trimpath", "/tmp/go-build1496978431/b038=>", "-p", "reflect", "-lang=go1.27", "-std", "-buildid", "e78q8zsgz7SKwSDJ3S4Y/e78q8zsgz7S"..., "-goversion", "go1.27.0", "-symabis", "/tmp/go-build1496978431/b038/sym"..., "-c=4", "-nolocalimports", "-importcfg", "/tmp/go-build1496978431/b038/imp"..., "-pack", "-asmhdr", "/tmp/go-build1496978431/b038/go_"..., "/opt/hostedtoolcache/go/1.27.0/a"..., "/opt/hostedtoolcache/go/1.27.0/a"..., "/opt/hostedtoolcache/go/1.27.0/a"..., "/opt/hostedtoolcache/go/1.27.0/a"..., "/opt/hostedtoolcache/go/1.27.0/a"..., "/opt/hostedtoolcache/go/1.27.0/a"..., "/opt/hostedtoolcache/go/1.27.0/a"..., "/opt/hostedtoolcache/go/1.27.0/a"..., "/opt/hostedtoolcache/go/1.27.0/a"..., "/opt/hostedtoolcache/go/1.27.0/a"..., ...], 0x115fd7e60488 /* 140 vars */ <unfinished ...>
9731  tgkill(9724, 9732, SIGURG)        = 0
9732  --- SIGURG {si_signo=SIGURG, si_code=SI_TKILL, si_pid=9724, si_uid=1001} ---
9735  tgkill(9725, 9739, SIGURG)        = 0
9739  --- SIGURG {si_signo=SIGURG, si_code=SI_TKILL, si_pid=9725, si_uid=1001} ---
9205  <... clone resumed>, parent_tid=[17]) = 9744
9744  <... execve resumed>)             = 0
9205  waitid(P_PIDFD, 17,  <unfinished ...>
9744  clone(child_stack=0x70f12e16c000, flags=CLONE_VM|CLONE_FS|CLONE_FILES|CLONE_SIGHAND|CLONE_THREAD|CLONE_SYSVSEM) = 9745
9744  clone(child_stack=0x70f12e1a4000, flags=CLONE_VM|CLONE_FS|CLONE_FILES|CLONE_SIGHAND|CLONE_THREAD|CLONE_SYSVSEM) = 9746
9744  clone(child_stack=0x70f12e1a0000, flags=CLONE_VM|CLONE_FS|CLONE_FILES|CLONE_SIGHAND|CLONE_THREAD|CLONE_SYSVSEM) = 9747
9746  clone(child_stack=0x70f12e618000, flags=CLONE_VM|CLONE_FS|CLONE_FILES|CLONE_SIGHAND|CLONE_THREAD|CLONE_SYSVSEM) = 9748
9745  clone(child_stack=0x70f12e614000, flags=CLONE_VM|CLONE_FS|CLONE_FILES|CLONE_SIGHAND|CLONE_THREAD|CLONE_SYSVSEM) = 9749
9726  tgkill(9723, 9728, SIGURG <unfinished ...>
9735  tgkill(9725, 9740, SIGURG <unfinished ...>
9726  <... tgkill resumed>)             = 0
9735  <... tgkill resumed>)             = 0
9740  --- SIGURG {si_signo=SIGURG, si_code=SI_TKILL, si_pid=9725, si_uid=1001} ---
9728  --- SIGURG {si_signo=SIGURG, si_code=SI_TKILL, si_pid=9723, si_uid=1001} ---
9745  tgkill(9744, 9746, SIGURG)        = 0
9746  --- SIGURG {si_signo=SIGURG, si_code=SI_TKILL, si_pid=9744, si_uid=1001} ---
9731  tgkill(9724, 9738, SIGURG)        = 0
9738  --- SIGURG {si_signo=SIGURG, si_code=SI_TKILL, si_pid=9724, si_uid=1001} ---
9745  tgkill(9744, 9748, SIGURG <unfinished ...>
9748  --- SIGURG {si_signo=SIGURG, si_code=SI_TKILL, si_pid=9744, si_uid=1001} ---
9745  <... tgkill resumed>)             = 0
9726  tgkill(9723, 9723, SIGURG <unfinished ...>
9731  tgkill(9724, 9724, SIGURG <unfinished ...>
9726  <... tgkill resumed>)             = 0
9731  <... tgkill resumed>)             = 0
9731  tgkill(9724, 9733, SIGURG)        = 0
9733  --- SIGURG {si_signo=SIGURG, si_code=SI_TKILL, si_pid=9724, si_uid=1001} ---
9731  tgkill(9724, 9732, SIGURG)        = 0
9732  --- SIGURG {si_signo=SIGURG, si_code=SI_TKILL, si_pid=9724, si_uid=1001} ---
9724  --- SIGURG {si_signo=SIGURG, si_code=SI_TKILL, si_pid=9724, si_uid=1001} ---
9723  --- SIGURG {si_signo=SIGURG, si_code=SI_TKILL, si_pid=9723, si_uid=1001} ---
9726  tgkill(9723, 9727, SIGURG)        = 0
9726  tgkill(9723, 9729, SIGURG <unfinished ...>
9729  --- SIGURG {si_signo=SIGURG, si_code=SI_TKILL, si_pid=9723, si_uid=1001} ---
9726  <... tgkill resumed>)             = 0
9745  tgkill(9744, 9747, SIGURG)        = 0
9727  --- SIGURG {si_signo=SIGURG, si_code=SI_TKILL, si_pid=9723, si_uid=1001} ---
9747  --- SIGURG {si_signo=SIGURG, si_code=SI_TKILL, si_pid=9744, si_uid=1001} ---
9731  tgkill(9724, 9738, SIGURG <unfinished ...>
9735  tgkill(9725, 9740, SIGURG <unfinished ...>
9731  <... tgkill resumed>)             = 0
9735  <... tgkill resumed>)             = 0
9738  --- SIGURG {si_signo=SIGURG, si_code=SI_TKILL, si_pid=9724, si_uid=1001} ---
9740  --- SIGURG {si_signo=SIGURG, si_code=SI_TKILL, si_pid=9725, si_uid=1001} ---
9726  tgkill(9723, 9728, SIGURG)        = 0
9728  --- SIGURG {si_signo=SIGURG, si_code=SI_TKILL, si_pid=9723, si_uid=1001} ---
9731  tgkill(9724, 9724, SIGURG)        = 0
9724  --- SIGURG {si_signo=SIGURG, si_code=SI_TKILL, si_pid=9724, si_uid=1001} ---
9731  tgkill(9724, 9733, SIGURG <unfinished ...>
9733  --- SIGURG {si_signo=SIGURG, si_code=SI_TKILL, si_pid=9724, si_uid=1001} ---
9731  <... tgkill resumed>)             = 0
9731  tgkill(9724, 9732, SIGURG <unfinished ...>
9745  tgkill(9744, 9748, SIGURG)        = 0
9748  --- SIGURG {si_signo=SIGURG, si_code=SI_TKILL, si_pid=9744, si_uid=1001} ---
9731  <... tgkill resumed>)             = 0
9732  --- SIGURG {si_signo=SIGURG, si_code=SI_TKILL, si_pid=9724, si_uid=1001} ---
9726  tgkill(9723, 9727, SIGURG)        = 0
9727  --- SIGURG {si_signo=SIGURG, si_code=SI_TKILL, si_pid=9723, si_uid=1001} ---
9735  tgkill(9725, 9725, SIGURG)        = 0
9725  --- SIGURG {si_signo=SIGURG, si_code=SI_TKILL, si_pid=9725, si_uid=1001} ---
9745  tgkill(9744, 9747, SIGURG)        = 0
9747  --- SIGURG {si_signo=SIGURG, si_code=SI_TKILL, si_pid=9744, si_uid=1001} ---
9733  exit_group(0)                     = ?
9734  +++ exited with 0 +++
9732  +++ exited with 0 +++
9738  +++ exited with 0 +++
9731  +++ exited with 0 +++
9728  exit_group(0)                     = ?
9729  +++ exited with 0 +++
9726  +++ exited with 0 +++
9728  +++ exited with 0 +++
9733  +++ exited with 0 +++
9724  +++ exited with 0 +++
9200  <... waitid resumed>0x115fd7cf0fb8, WEXITED, 0x115fd7bd81b0) = ? ERESTARTSYS (To be restarted if SA_RESTART is set)
9200  --- SIGCHLD {si_signo=SIGCHLD, si_code=CLD_EXITED, si_pid=9724, si_uid=1001, si_status=0, si_utime=10 /* 0.10 s */, si_stime=1 /* 0.01 s */} ---
9367  <... waitid resumed>{si_signo=SIGCHLD, si_code=CLD_EXITED, si_pid=9724, si_uid=1001, si_status=0, si_utime=0, si_stime=0}, WEXITED, {ru_utime={tv_sec=0, tv_usec=104331}, ru_stime={tv_sec=0, tv_usec=18057}, ...}) = 0
9200  waitid(P_PIDFD, 20,  <unfinished ...>
9727  +++ exited with 0 +++
9723  +++ exited with 0 +++
9367  --- SIGCHLD {si_signo=SIGCHLD, si_code=CLD_EXITED, si_pid=9723, si_uid=1001, si_status=0, si_utime=7 /* 0.07 s */, si_stime=1 /* 0.01 s */} ---
9198  tgkill(9197, 9367, SIGURG)        = 0
9367  --- SIGURG {si_signo=SIGURG, si_code=SI_TKILL, si_pid=9197, si_uid=1001} ---
9202  <... waitid resumed>{si_signo=SIGCHLD, si_code=CLD_EXITED, si_pid=9723, si_uid=1001, si_status=0, si_utime=0, si_stime=0}, WEXITED, {ru_utime={tv_sec=0, tv_usec=82705}, ru_stime={tv_sec=0, tv_usec=19891}, ...}) = 0
9735  tgkill(9725, 9739, SIGURG)        = 0
9739  --- SIGURG {si_signo=SIGURG, si_code=SI_TKILL, si_pid=9725, si_uid=1001} ---
9745  tgkill(9744, 9748, SIGURG <unfinished ...>
9748  --- SIGURG {si_signo=SIGURG, si_code=SI_TKILL, si_pid=9744, si_uid=1001} ---
9745  <... tgkill resumed>)             = 0
9198  tgkill(9197, 9204, SIGURG)        = 0
9204  --- SIGURG {si_signo=SIGURG, si_code=SI_TKILL, si_pid=9197, si_uid=1001} ---
9202  clone(child_stack=NULL, flags=CLONE_VM|CLONE_PIDFD|CLONE_VFORK|SIGCHLD <unfinished ...>
9750  execve("/opt/hostedtoolcache/go/1.27.0/arm64/pkg/tool/linux_arm64/compile", ["/opt/hostedtoolcache/go/1.27.0/a"..., "-o", "/tmp/go-build1496978431/b069/_pk"..., "-trimpath", "/tmp/go-build1496978431/b069=>", "-p", "strings", "-lang=go1.27", "-std", "-complete", "-buildid", "igBtOvwyoA-kNaTEpR-Y/igBtOvwyoA-"..., "-goversion", "go1.27.0", "-c=4", "-nolocalimports", "-importcfg", "/tmp/go-build1496978431/b069/imp"..., "-pack", "/opt/hostedtoolcache/go/1.27.0/a"..., "/opt/hostedtoolcache/go/1.27.0/a"..., "/opt/hostedtoolcache/go/1.27.0/a"..., "/opt/hostedtoolcache/go/1.27.0/a"..., "/opt/hostedtoolcache/go/1.27.0/a"..., "/opt/hostedtoolcache/go/1.27.0/a"..., "/opt/hostedtoolcache/go/1.27.0/a"..., "/opt/hostedtoolcache/go/1.27.0/a"...], 0x115fd7dbd208 /* 140 vars */ <unfinished ...>
9202  <... clone resumed>, parent_tid=[13]) = 9750
9750  <... execve resumed>)             = 0
9202  waitid(P_PIDFD, 13,  <unfinished ...>
9750  clone(child_stack=0x29b57bf6a000, flags=CLONE_VM|CLONE_FS|CLONE_FILES|CLONE_SIGHAND|CLONE_THREAD|CLONE_SYSVSEM) = 9751
9750  clone(child_stack=0x29b57bfa2000, flags=CLONE_VM|CLONE_FS|CLONE_FILES|CLONE_SIGHAND|CLONE_THREAD|CLONE_SYSVSEM) = 9752
9751  tgkill(9750, 9750, SIGURG)        = 0
9750  clone(child_stack=0x29b57bf9e000, flags=CLONE_VM|CLONE_FS|CLONE_FILES|CLONE_SIGHAND|CLONE_THREAD|CLONE_SYSVSEM) = 9753
9750  --- SIGURG {si_signo=SIGURG, si_code=SI_TKILL, si_pid=9750, si_uid=1001} ---
9752  clone(child_stack=0x29b57c018000, flags=CLONE_VM|CLONE_FS|CLONE_FILES|CLONE_SIGHAND|CLONE_THREAD|CLONE_SYSVSEM) = 9754
9735  tgkill(9725, 9740, SIGURG)        = 0
9740  --- SIGURG {si_signo=SIGURG, si_code=SI_TKILL, si_pid=9725, si_uid=1001} ---
9745  tgkill(9744, 9747, SIGURG)        = 0
9747  --- SIGURG {si_signo=SIGURG, si_code=SI_TKILL, si_pid=9744, si_uid=1001} ---
9751  tgkill(9750, 9750, SIGURG)        = 0
9750  --- SIGURG {si_signo=SIGURG, si_code=SI_TKILL, si_pid=9750, si_uid=1001} ---
9751  tgkill(9750, 9752, SIGURG)        = 0
9735  tgkill(9725, 9739, SIGURG)        = 0
9739  --- SIGURG {si_signo=SIGURG, si_code=SI_TKILL, si_pid=9725, si_uid=1001} ---
9752  --- SIGURG {si_signo=SIGURG, si_code=SI_TKILL, si_pid=9750, si_uid=1001} ---
9745  tgkill(9744, 9746, SIGURG)        = 0
9746  --- SIGURG {si_signo=SIGURG, si_code=SI_TKILL, si_pid=9744, si_uid=1001} ---
9735  tgkill(9725, 9740, SIGURG)        = 0
9751  tgkill(9750, 9752, SIGURG <unfinished ...>
9735  tgkill(9725, 9725, SIGURG)        = 0
9740  --- SIGURG {si_signo=SIGURG, si_code=SI_TKILL, si_pid=9725, si_uid=1001} ---
9752  --- SIGURG {si_signo=SIGURG, si_code=SI_TKILL, si_pid=9750, si_uid=1001} ---
9751  <... tgkill resumed>)             = 0
9725  --- SIGURG {si_signo=SIGURG, si_code=SI_TKILL, si_pid=9725, si_uid=1001} ---
9745  tgkill(9744, 9747, SIGURG)        = 0
9747  --- SIGURG {si_signo=SIGURG, si_code=SI_TKILL, si_pid=9744, si_uid=1001} ---
9735  tgkill(9725, 9736, SIGURG)        = 0
9735  tgkill(9725, 9739, SIGURG)        = 0
9739  --- SIGURG {si_signo=SIGURG, si_code=SI_TKILL, si_pid=9725, si_uid=1001} ---
9736  --- SIGURG {si_signo=SIGURG, si_code=SI_TKILL, si_pid=9725, si_uid=1001} ---
9735  tgkill(9725, 9740, SIGURG)        = 0
9735  tgkill(9725, 9725, SIGURG)        = 0
9740  --- SIGURG {si_signo=SIGURG, si_code=SI_TKILL, si_pid=9725, si_uid=1001} ---
9725  --- SIGURG {si_signo=SIGURG, si_code=SI_TKILL, si_pid=9725, si_uid=1001} ---
9751  tgkill(9750, 9752, SIGURG <unfinished ...>
9736  tgkill(9725, 9725, SIGURG <unfinished ...>
9751  <... tgkill resumed>)             = 0
9736  <... tgkill resumed>)             = 0
9725  --- SIGURG {si_signo=SIGURG, si_code=SI_TKILL, si_pid=9725, si_uid=1001} ---
9745  tgkill(9744, 9746, SIGURG)        = 0
9746  --- SIGURG {si_signo=SIGURG, si_code=SI_TKILL, si_pid=9744, si_uid=1001} ---
9752  --- SIGURG {si_signo=SIGURG, si_code=SI_TKILL, si_pid=9750, si_uid=1001} ---
9751  tgkill(9750, 9753, SIGURG)        = 0
9753  --- SIGURG {si_signo=SIGURG, si_code=SI_TKILL, si_pid=9750, si_uid=1001} ---
9736  tgkill(9725, 9725, SIGURG)        = 0
9725  --- SIGURG {si_signo=SIGURG, si_code=SI_TKILL, si_pid=9725, si_uid=1001} ---
9736  tgkill(9725, 9740, SIGURG)        = 0
9740  --- SIGURG {si_signo=SIGURG, si_code=SI_TKILL, si_pid=9725, si_uid=1001} ---
9751  tgkill(9750, 9750, SIGURG)        = 0
9750  --- SIGURG {si_signo=SIGURG, si_code=SI_TKILL, si_pid=9750, si_uid=1001} ---
9736  tgkill(9725, 9739, SIGURG)        = 0
9736  tgkill(9725, 9740, SIGURG)        = 0
9736  tgkill(9725, 9725, SIGURG)        = 0
9725  --- SIGURG {si_signo=SIGURG, si_code=SI_TKILL, si_pid=9725, si_uid=1001} ---
9736  tgkill(9725, 9725, SIGURG)        = 0
9725  --- SIGURG {si_signo=SIGURG, si_code=SI_TKILL, si_pid=9725, si_uid=1001} ---
9736  tgkill(9725, 9725, SIGURG)        = 0
9725  --- SIGURG {si_signo=SIGURG, si_code=SI_TKILL, si_pid=9725, si_uid=1001} ---
9736  tgkill(9725, 9725, SIGURG)        = 0
9725  --- SIGURG {si_signo=SIGURG, si_code=SI_TKILL, si_pid=9725, si_uid=1001} ---
9736  tgkill(9725, 9725, SIGURG)        = 0
9725  --- SIGURG {si_signo=SIGURG, si_code=SI_TKILL, si_pid=9725, si_uid=1001} ---
9736  tgkill(9725, 9725, SIGURG)        = 0
9725  --- SIGURG {si_signo=SIGURG, si_code=SI_TKILL, si_pid=9725, si_uid=1001} ---
9736  tgkill(9725, 9725, SIGURG)        = 0
9725  --- SIGURG {si_signo=SIGURG, si_code=SI_TKILL, si_pid=9725, si_uid=1001} ---
9736  tgkill(9725, 9725, SIGURG)        = 0
9725  --- SIGURG {si_signo=SIGURG, si_code=SI_TKILL, si_pid=9725, si_uid=1001} ---
9736  tgkill(9725, 9725, SIGURG)        = 0
9725  --- SIGURG {si_signo=SIGURG, si_code=SI_TKILL, si_pid=9725, si_uid=1001} ---
9736  tgkill(9725, 9725, SIGURG <unfinished ...>
9739  --- SIGURG {si_signo=SIGURG, si_code=SI_TKILL, si_pid=9725, si_uid=1001} ---
9740  --- SIGURG {si_signo=SIGURG, si_code=SI_TKILL, si_pid=9725, si_uid=1001} ---
9736  <... tgkill resumed>)             = 0
9725  --- SIGURG {si_signo=SIGURG, si_code=SI_TKILL, si_pid=9725, si_uid=1001} ---
9736  tgkill(9725, 9739, SIGURG)        = 0
9739  --- SIGURG {si_signo=SIGURG, si_code=SI_TKILL, si_pid=9725, si_uid=1001} ---
9736  tgkill(9725, 9725, SIGURG)        = 0
9725  --- SIGURG {si_signo=SIGURG, si_code=SI_TKILL, si_pid=9725, si_uid=1001} ---
9745  tgkill(9744, 9747, SIGURG)        = 0
9747  --- SIGURG {si_signo=SIGURG, si_code=SI_TKILL, si_pid=9744, si_uid=1001} ---
9751  tgkill(9750, 9754, SIGURG)        = 0
9754  --- SIGURG {si_signo=SIGURG, si_code=SI_TKILL, si_pid=9750, si_uid=1001} ---
9735  tgkill(9725, 9736, SIGURG)        = 0
9736  --- SIGURG {si_signo=SIGURG, si_code=SI_TKILL, si_pid=9725, si_uid=1001} ---
9736  tgkill(9725, 9739, SIGURG)        = 0
9739  --- SIGURG {si_signo=SIGURG, si_code=SI_TKILL, si_pid=9725, si_uid=1001} ---
9736  tgkill(9725, 9740, SIGURG)        = 0
9736  tgkill(9725, 9725, SIGURG)        = 0
9725  --- SIGURG {si_signo=SIGURG, si_code=SI_TKILL, si_pid=9725, si_uid=1001} ---
9736  tgkill(9725, 9725, SIGURG)        = 0
9725  --- SIGURG {si_signo=SIGURG, si_code=SI_TKILL, si_pid=9725, si_uid=1001} ---
9736  tgkill(9725, 9725, SIGURG)        = 0
9725  --- SIGURG {si_signo=SIGURG, si_code=SI_TKILL, si_pid=9725, si_uid=1001} ---
9736  tgkill(9725, 9725, SIGURG)        = 0
9725  --- SIGURG {si_signo=SIGURG, si_code=SI_TKILL, si_pid=9725, si_uid=1001} ---
9736  tgkill(9725, 9725, SIGURG)        = 0
9725  --- SIGURG {si_signo=SIGURG, si_code=SI_TKILL, si_pid=9725, si_uid=1001} ---
9736  tgkill(9725, 9725, SIGURG)        = 0
9725  --- SIGURG {si_signo=SIGURG, si_code=SI_TKILL, si_pid=9725, si_uid=1001} ---
9736  tgkill(9725, 9725, SIGURG)        = 0
9725  --- SIGURG {si_signo=SIGURG, si_code=SI_TKILL, si_pid=9725, si_uid=1001} ---
9736  tgkill(9725, 9725, SIGURG)        = 0
9725  --- SIGURG {si_signo=SIGURG, si_code=SI_TKILL, si_pid=9725, si_uid=1001} ---
9736  tgkill(9725, 9725, SIGURG)        = 0
9725  --- SIGURG {si_signo=SIGURG, si_code=SI_TKILL, si_pid=9725, si_uid=1001} ---
9736  tgkill(9725, 9725, SIGURG)        = 0
9725  --- SIGURG {si_signo=SIGURG, si_code=SI_TKILL, si_pid=9725, si_uid=1001} ---
9736  tgkill(9725, 9725, SIGURG)        = 0
9725  --- SIGURG {si_signo=SIGURG, si_code=SI_TKILL, si_pid=9725, si_uid=1001} ---
9736  tgkill(9725, 9725, SIGURG)        = 0
9725  --- SIGURG {si_signo=SIGURG, si_code=SI_TKILL, si_pid=9725, si_uid=1001} ---
9736  tgkill(9725, 9725, SIGURG)        = 0
9740  --- SIGURG {si_signo=SIGURG, si_code=SI_TKILL, si_pid=9725, si_uid=1001} ---
9725  --- SIGURG {si_signo=SIGURG, si_code=SI_TKILL, si_pid=9725, si_uid=1001} ---
9736  tgkill(9725, 9739, SIGURG)        = 0
9739  --- SIGURG {si_signo=SIGURG, si_code=SI_TKILL, si_pid=9725, si_uid=1001} ---
9736  tgkill(9725, 9725, SIGURG)        = 0
9725  --- SIGURG {si_signo=SIGURG, si_code=SI_TKILL, si_pid=9725, si_uid=1001} ---
9747  tgkill(9744, 9746, SIGURG)        = 0
9746  --- SIGURG {si_signo=SIGURG, si_code=SI_TKILL, si_pid=9744, si_uid=1001} ---
9736  tgkill(9725, 9739, SIGURG)        = 0
9739  --- SIGURG {si_signo=SIGURG, si_code=SI_TKILL, si_pid=9725, si_uid=1001} ---
9736  tgkill(9725, 9740, SIGURG)        = 0
9748  tgkill(9744, 9749, SIGURG)        = 0
9749  --- SIGURG {si_signo=SIGURG, si_code=SI_TKILL, si_pid=9744, si_uid=1001} ---
9751  tgkill(9750, 9752, SIGURG)        = 0
9748  tgkill(9744, 9749, SIGURG <unfinished ...>
9751  tgkill(9750, 9753, SIGURG <unfinished ...>
9749  --- SIGURG {si_signo=SIGURG, si_code=SI_TKILL, si_pid=9744, si_uid=1001} ---
9748  <... tgkill resumed>)             = 0
9751  <... tgkill resumed>)             = 0
9736  tgkill(9725, 9739, SIGURG)        = 0
9751  tgkill(9750, 9750, SIGURG <unfinished ...>
9736  tgkill(9725, 9725, SIGURG <unfinished ...>
9751  <... tgkill resumed>)             = 0
9750  --- SIGURG {si_signo=SIGURG, si_code=SI_TKILL, si_pid=9750, si_uid=1001} ---
9748  tgkill(9744, 9749, SIGURG)        = 0
9736  <... tgkill resumed>)             = 0
9725  --- SIGURG {si_signo=SIGURG, si_code=SI_TKILL, si_pid=9725, si_uid=1001} ---
9753  --- SIGURG {si_signo=SIGURG, si_code=SI_TKILL, si_pid=9750, si_uid=1001} ---
9749  --- SIGURG {si_signo=SIGURG, si_code=SI_TKILL, si_pid=9744, si_uid=1001} ---
9740  --- SIGURG {si_signo=SIGURG, si_code=SI_TKILL, si_pid=9725, si_uid=1001} ---
9739  --- SIGURG {si_signo=SIGURG, si_code=SI_TKILL, si_pid=9725, si_uid=1001} ---
9752  --- SIGURG {si_signo=SIGURG, si_code=SI_TKILL, si_pid=9750, si_uid=1001} ---
9736  tgkill(9725, 9739, SIGURG)        = 0
9736  tgkill(9725, 9725, SIGURG)        = 0
9725  --- SIGURG {si_signo=SIGURG, si_code=SI_TKILL, si_pid=9725, si_uid=1001} ---
9736  tgkill(9725, 9740, SIGURG)        = 0
9740  --- SIGURG {si_signo=SIGURG, si_code=SI_TKILL, si_pid=9725, si_uid=1001} ---
9739  --- SIGURG {si_signo=SIGURG, si_code=SI_TKILL, si_pid=9725, si_uid=1001} ---
9736  tgkill(9725, 9725, SIGURG <unfinished ...>
9748  tgkill(9744, 9749, SIGURG <unfinished ...>
9736  <... tgkill resumed>)             = 0
9748  <... tgkill resumed>)             = 0
9749  --- SIGURG {si_signo=SIGURG, si_code=SI_TKILL, si_pid=9744, si_uid=1001} ---
9736  tgkill(9725, 9739, SIGURG)        = 0
9725  --- SIGURG {si_signo=SIGURG, si_code=SI_TKILL, si_pid=9725, si_uid=1001} ---
9739  --- SIGURG {si_signo=SIGURG, si_code=SI_TKILL, si_pid=9725, si_uid=1001} ---
9736  tgkill(9725, 9740, SIGURG)        = 0
9740  --- SIGURG {si_signo=SIGURG, si_code=SI_TKILL, si_pid=9725, si_uid=1001} ---
9736  tgkill(9725, 9725, SIGURG)        = 0
9725  --- SIGURG {si_signo=SIGURG, si_code=SI_TKILL, si_pid=9725, si_uid=1001} ---
9736  tgkill(9725, 9740, SIGURG)        = 0
9740  --- SIGURG {si_signo=SIGURG, si_code=SI_TKILL, si_pid=9725, si_uid=1001} ---
9745  tgkill(9744, 9748, SIGURG)        = 0
9736  tgkill(9725, 9725, SIGURG)        = 0
9736  tgkill(9725, 9740, SIGURG)        = 0
9740  --- SIGURG {si_signo=SIGURG, si_code=SI_TKILL, si_pid=9725, si_uid=1001} ---
9725  --- SIGURG {si_signo=SIGURG, si_code=SI_TKILL, si_pid=9725, si_uid=1001} ---
9736  tgkill(9725, 9740, SIGURG)        = 0
9740  --- SIGURG {si_signo=SIGURG, si_code=SI_TKILL, si_pid=9725, si_uid=1001} ---
9736  tgkill(9725, 9725, SIGURG)        = 0
9725  --- SIGURG {si_signo=SIGURG, si_code=SI_TKILL, si_pid=9725, si_uid=1001} ---
9748  --- SIGURG {si_signo=SIGURG, si_code=SI_TKILL, si_pid=9744, si_uid=1001} ---
9748  tgkill(9744, 9749, SIGURG)        = 0
9749  --- SIGURG {si_signo=SIGURG, si_code=SI_TKILL, si_pid=9744, si_uid=1001} ---
9748  tgkill(9744, 9749, SIGURG)        = 0
9749  --- SIGURG {si_signo=SIGURG, si_code=SI_TKILL, si_pid=9744, si_uid=1001} ---
9748  tgkill(9744, 9749, SIGURG)        = 0
9749  --- SIGURG {si_signo=SIGURG, si_code=SI_TKILL, si_pid=9744, si_uid=1001} ---
9748  tgkill(9744, 9747, SIGURG)        = 0
9747  --- SIGURG {si_signo=SIGURG, si_code=SI_TKILL, si_pid=9744, si_uid=1001} ---
9735  tgkill(9725, 9736, SIGURG)        = 0
9736  --- SIGURG {si_signo=SIGURG, si_code=SI_TKILL, si_pid=9725, si_uid=1001} ---
9735  tgkill(9725, 9739, SIGURG)        = 0
9735  tgkill(9725, 9740, SIGURG)        = 0
9740  --- SIGURG {si_signo=SIGURG, si_code=SI_TKILL, si_pid=9725, si_uid=1001} ---
9735  tgkill(9725, 9725, SIGURG)        = 0
9725  --- SIGURG {si_signo=SIGURG, si_code=SI_TKILL, si_pid=9725, si_uid=1001} ---
9739  --- SIGURG {si_signo=SIGURG, si_code=SI_TKILL, si_pid=9725, si_uid=1001} ---
9745  tgkill(9744, 9749, SIGURG <unfinished ...>
9749  --- SIGURG {si_signo=SIGURG, si_code=SI_TKILL, si_pid=9744, si_uid=1001} ---
9745  <... tgkill resumed>)             = 0
9751  tgkill(9750, 9753, SIGURG)        = 0
9753  --- SIGURG {si_signo=SIGURG, si_code=SI_TKILL, si_pid=9750, si_uid=1001} ---
9753  exit_group(0)                     = ?
9752  +++ exited with 0 +++
9751  +++ exited with 0 +++
9754  +++ exited with 0 +++
9735  tgkill(9725, 9725, SIGURG <unfinished ...>
9753  +++ exited with 0 +++
9750  +++ exited with 0 +++
9735  <... tgkill resumed>)             = 0
9725  --- SIGURG {si_signo=SIGURG, si_code=SI_TKILL, si_pid=9725, si_uid=1001} ---
9202  <... waitid resumed>{si_signo=SIGCHLD, si_code=CLD_EXITED, si_pid=9750, si_uid=1001, si_status=0, si_utime=0, si_stime=0}, WEXITED, {ru_utime={tv_sec=0, tv_usec=123387}, ru_stime={tv_sec=0, tv_usec=20210}, ...}) = 0
9202  --- SIGCHLD {si_signo=SIGCHLD, si_code=CLD_EXITED, si_pid=9750, si_uid=1001, si_status=0, si_utime=11 /* 0.11 s */, si_stime=1 /* 0.01 s */} ---
9745  tgkill(9744, 9746, SIGURG)        = 0
9746  --- SIGURG {si_signo=SIGURG, si_code=SI_TKILL, si_pid=9744, si_uid=1001} ---
9202  clone(child_stack=NULL, flags=CLONE_VM|CLONE_PIDFD|CLONE_VFORK|SIGCHLD <unfinished ...>
9755  execve("/opt/hostedtoolcache/go/1.27.0/arm64/pkg/tool/linux_arm64/compile", ["/opt/hostedtoolcache/go/1.27.0/a"..., "-o", "/tmp/go-build1496978431/b071/_pk"..., "-trimpath", "/tmp/go-build1496978431/b071=>", "-p", "regexp/syntax", "-lang=go1.27", "-std", "-complete", "-buildid", "xEPQg2lpkiQK-vWos22W/xEPQg2lpkiQ"..., "-goversion", "go1.27.0", "-c=4", "-nolocalimports", "-importcfg", "/tmp/go-build1496978431/b071/imp"..., "-pack", "/opt/hostedtoolcache/go/1.27.0/a"..., "/opt/hostedtoolcache/go/1.27.0/a"..., "/opt/hostedtoolcache/go/1.27.0/a"..., "/opt/hostedtoolcache/go/1.27.0/a"..., "/opt/hostedtoolcache/go/1.27.0/a"..., "/opt/hostedtoolcache/go/1.27.0/a"..., "/opt/hostedtoolcache/go/1.27.0/a"..., "/opt/hostedtoolcache/go/1.27.0/a"...], 0x115fd7dbd688 /* 140 vars */ <unfinished ...>
9202  <... clone resumed>, parent_tid=[13]) = 9755
9755  <... execve resumed>)             = 0
9202  waitid(P_PIDFD, 13,  <unfinished ...>
9755  clone(child_stack=0x628939908000, flags=CLONE_VM|CLONE_FS|CLONE_FILES|CLONE_SIGHAND|CLONE_THREAD|CLONE_SYSVSEM) = 9756
9755  clone(child_stack=0x628939940000, flags=CLONE_VM|CLONE_FS|CLONE_FILES|CLONE_SIGHAND|CLONE_THREAD|CLONE_SYSVSEM) = 9757
9756  tgkill(9755, 9755, SIGURG)        = 0
9755  clone(child_stack=0x62893993c000, flags=CLONE_VM|CLONE_FS|CLONE_FILES|CLONE_SIGHAND|CLONE_THREAD|CLONE_SYSVSEM) = 9758
9755  --- SIGURG {si_signo=SIGURG, si_code=SI_TKILL, si_pid=9755, si_uid=1001} ---
9757  clone(child_stack=0x628939998000, flags=CLONE_VM|CLONE_FS|CLONE_FILES|CLONE_SIGHAND|CLONE_THREAD|CLONE_SYSVSEM) = 9759
9759  clone(child_stack=0x628939994000, flags=CLONE_VM|CLONE_FS|CLONE_FILES|CLONE_SIGHAND|CLONE_THREAD|CLONE_SYSVSEM) = 9760
9735  tgkill(9725, 9725, SIGURG)        = 0
9725  --- SIGURG {si_signo=SIGURG, si_code=SI_TKILL, si_pid=9725, si_uid=1001} ---
9745  tgkill(9744, 9747, SIGURG <unfinished ...>
9747  --- SIGURG {si_signo=SIGURG, si_code=SI_TKILL, si_pid=9744, si_uid=1001} ---
9745  <... tgkill resumed>)             = 0
9739  exit_group(0)                     = ?
9735  +++ exited with 0 +++
9740  +++ exited with 0 +++
9739  +++ exited with 0 +++
9737  +++ exited with 0 +++
9736  +++ exited with 0 +++
9725  +++ exited with 0 +++
9745  tgkill(9744, 9746, SIGURG <unfinished ...>
9746  --- SIGURG {si_signo=SIGURG, si_code=SI_TKILL, si_pid=9744, si_uid=1001} ---
9745  <... tgkill resumed>)             = 0
9367  --- SIGCHLD {si_signo=SIGCHLD, si_code=CLD_EXITED, si_pid=9725, si_uid=1001, si_status=0, si_utime=33 /* 0.33 s */, si_stime=3 /* 0.03 s */} ---
9200  <... waitid resumed>{si_signo=SIGCHLD, si_code=CLD_EXITED, si_pid=9725, si_uid=1001, si_status=0, si_utime=0, si_stime=0}, WEXITED, {ru_utime={tv_sec=0, tv_usec=328091}, ru_stime={tv_sec=0, tv_usec=37780}, ...}) = 0
9745  tgkill(9744, 9749, SIGURG)        = 0
9745  tgkill(9744, 9748, SIGURG <unfinished ...>
9748  --- SIGURG {si_signo=SIGURG, si_code=SI_TKILL, si_pid=9744, si_uid=1001} ---
9745  <... tgkill resumed>)             = 0
9749  --- SIGURG {si_signo=SIGURG, si_code=SI_TKILL, si_pid=9744, si_uid=1001} ---
9367  clone(child_stack=NULL, flags=CLONE_VM|CLONE_PIDFD|CLONE_VFORK|SIGCHLD <unfinished ...>
9756  tgkill(9755, 9755, SIGURG)        = 0
9755  --- SIGURG {si_signo=SIGURG, si_code=SI_TKILL, si_pid=9755, si_uid=1001} ---
9761  execve("/opt/hostedtoolcache/go/1.27.0/arm64/pkg/tool/linux_arm64/asm", ["/opt/hostedtoolcache/go/1.27.0/a"..., "-p", "syscall", "-trimpath", "/tmp/go-build1496978431/b056=>", "-I", "/tmp/go-build1496978431/b056/", "-I", "/opt/hostedtoolcache/go/1.27.0/a"..., "-D", "GOOS_linux", "-D", "GOARCH_arm64", "-std", "-o", "/tmp/go-build1496978431/b056/asm"..., "/opt/hostedtoolcache/go/1.27.0/a"...], 0x115fd7e60908 /* 140 vars */ <unfinished ...>
9745  tgkill(9744, 9747, SIGURG)        = 0
9747  --- SIGURG {si_signo=SIGURG, si_code=SI_TKILL, si_pid=9744, si_uid=1001} ---
9367  <... clone resumed>, parent_tid=[15]) = 9761
9761  <... execve resumed>)             = 0
9367  waitid(P_PIDFD, 15,  <unfinished ...>
9745  tgkill(9744, 9746, SIGURG)        = 0
9746  --- SIGURG {si_signo=SIGURG, si_code=SI_TKILL, si_pid=9744, si_uid=1001} ---
9745  tgkill(9744, 9749, SIGURG <unfinished ...>
9749  --- SIGURG {si_signo=SIGURG, si_code=SI_TKILL, si_pid=9744, si_uid=1001} ---
9745  <... tgkill resumed>)             = 0
9745  tgkill(9744, 9748, SIGURG <unfinished ...>
9748  --- SIGURG {si_signo=SIGURG, si_code=SI_TKILL, si_pid=9744, si_uid=1001} ---
9745  <... tgkill resumed>)             = 0
9761  clone(child_stack=0x706d2613c000, flags=CLONE_VM|CLONE_FS|CLONE_FILES|CLONE_SIGHAND|CLONE_THREAD|CLONE_SYSVSEM) = 9762
9761  clone(child_stack=0x706d26174000, flags=CLONE_VM|CLONE_FS|CLONE_FILES|CLONE_SIGHAND|CLONE_THREAD|CLONE_SYSVSEM) = 9763
9761  clone(child_stack=0x706d26170000, flags=CLONE_VM|CLONE_FS|CLONE_FILES|CLONE_SIGHAND|CLONE_THREAD|CLONE_SYSVSEM) = 9764
9756  tgkill(9755, 9755, SIGURG)        = 0
9763  clone(child_stack=0x706d261a0000, flags=CLONE_VM|CLONE_FS|CLONE_FILES|CLONE_SIGHAND|CLONE_THREAD|CLONE_SYSVSEM) = 9765
9755  --- SIGURG {si_signo=SIGURG, si_code=SI_TKILL, si_pid=9755, si_uid=1001} ---
9745  tgkill(9744, 9747, SIGURG <unfinished ...>
9747  --- SIGURG {si_signo=SIGURG, si_code=SI_TKILL, si_pid=9744, si_uid=1001} ---
9745  <... tgkill resumed>)             = 0
9761  exit_group(0)                     = ?
9763  +++ exited with 0 +++
9764  +++ exited with 0 +++
9762  +++ exited with 0 +++
9765  +++ exited with 0 +++
9761  +++ exited with 0 +++
9200  --- SIGCHLD {si_signo=SIGCHLD, si_code=CLD_EXITED, si_pid=9761, si_uid=1001, si_status=0, si_utime=0, si_stime=0} ---
9367  <... waitid resumed>{si_signo=SIGCHLD, si_code=CLD_EXITED, si_pid=9761, si_uid=1001, si_status=0, si_utime=0, si_stime=0}, WEXITED, {ru_utime={tv_sec=0, tv_usec=0}, ru_stime={tv_sec=0, tv_usec=10594}, ...}) = 0
9745  tgkill(9744, 9746, SIGURG <unfinished ...>
9746  --- SIGURG {si_signo=SIGURG, si_code=SI_TKILL, si_pid=9744, si_uid=1001} ---
9745  <... tgkill resumed>)             = 0
9745  tgkill(9744, 9749, SIGURG)        = 0
9756  tgkill(9755, 9755, SIGURG <unfinished ...>
9749  --- SIGURG {si_signo=SIGURG, si_code=SI_TKILL, si_pid=9744, si_uid=1001} ---
9756  <... tgkill resumed>)             = 0
9755  --- SIGURG {si_signo=SIGURG, si_code=SI_TKILL, si_pid=9755, si_uid=1001} ---
9745  tgkill(9744, 9748, SIGURG)        = 0
9748  --- SIGURG {si_signo=SIGURG, si_code=SI_TKILL, si_pid=9744, si_uid=1001} ---
9745  tgkill(9744, 9747, SIGURG)        = 0
9747  --- SIGURG {si_signo=SIGURG, si_code=SI_TKILL, si_pid=9744, si_uid=1001} ---
9198  tgkill(9197, 9200, SIGURG)        = 0
9200  --- SIGURG {si_signo=SIGURG, si_code=SI_TKILL, si_pid=9197, si_uid=1001} ---
9756  tgkill(9755, 9760, SIGURG)        = 0
9756  tgkill(9755, 9757, SIGURG)        = 0
9757  --- SIGURG {si_signo=SIGURG, si_code=SI_TKILL, si_pid=9755, si_uid=1001} ---
9756  tgkill(9755, 9755, SIGURG)        = 0
9755  --- SIGURG {si_signo=SIGURG, si_code=SI_TKILL, si_pid=9755, si_uid=1001} ---
9756  tgkill(9755, 9759, SIGURG)        = 0
9759  --- SIGURG {si_signo=SIGURG, si_code=SI_TKILL, si_pid=9755, si_uid=1001} ---
9745  tgkill(9744, 9746, SIGURG)        = 0
9745  tgkill(9744, 9749, SIGURG <unfinished ...>
9749  --- SIGURG {si_signo=SIGURG, si_code=SI_TKILL, si_pid=9744, si_uid=1001} ---
9745  <... tgkill resumed>)             = 0
9746  --- SIGURG {si_signo=SIGURG, si_code=SI_TKILL, si_pid=9744, si_uid=1001} ---
9760  --- SIGURG {si_signo=SIGURG, si_code=SI_TKILL, si_pid=9755, si_uid=1001} ---
9745  tgkill(9744, 9748, SIGURG <unfinished ...>
9748  --- SIGURG {si_signo=SIGURG, si_code=SI_TKILL, si_pid=9744, si_uid=1001} ---
9745  <... tgkill resumed>)             = 0
9756  tgkill(9755, 9760, SIGURG)        = 0
9760  --- SIGURG {si_signo=SIGURG, si_code=SI_TKILL, si_pid=9755, si_uid=1001} ---
9745  tgkill(9744, 9747, SIGURG <unfinished ...>
9198  tgkill(9197, 9367, SIGURG <unfinished ...>
9745  <... tgkill resumed>)             = 0
9198  <... tgkill resumed>)             = 0
9747  --- SIGURG {si_signo=SIGURG, si_code=SI_TKILL, si_pid=9744, si_uid=1001} ---
9367  --- SIGURG {si_signo=SIGURG, si_code=SI_TKILL, si_pid=9197, si_uid=1001} ---
9756  tgkill(9755, 9757, SIGURG)        = 0
9756  tgkill(9755, 9755, SIGURG)        = 0
9755  --- SIGURG {si_signo=SIGURG, si_code=SI_TKILL, si_pid=9755, si_uid=1001} ---
9756  tgkill(9755, 9759, SIGURG)        = 0
9757  --- SIGURG {si_signo=SIGURG, si_code=SI_TKILL, si_pid=9755, si_uid=1001} ---
9759  --- SIGURG {si_signo=SIGURG, si_code=SI_TKILL, si_pid=9755, si_uid=1001} ---
9745  tgkill(9744, 9746, SIGURG <unfinished ...>
9748  tgkill(9744, 9747, SIGURG)        = 0
9756  tgkill(9755, 9760, SIGURG)        = 0
9760  --- SIGURG {si_signo=SIGURG, si_code=SI_TKILL, si_pid=9755, si_uid=1001} ---
9747  --- SIGURG {si_signo=SIGURG, si_code=SI_TKILL, si_pid=9744, si_uid=1001} ---
9745  <... tgkill resumed>)             = 0
9746  --- SIGURG {si_signo=SIGURG, si_code=SI_TKILL, si_pid=9744, si_uid=1001} ---
9749  tgkill(9744, 9748, SIGURG)        = 0
9748  --- SIGURG {si_signo=SIGURG, si_code=SI_TKILL, si_pid=9744, si_uid=1001} ---
9749  tgkill(9744, 9746, SIGURG)        = 0
9198  tgkill(9197, 9200, SIGURG <unfinished ...>
9747  tgkill(9744, 9748, SIGURG)        = 0
9198  <... tgkill resumed>)             = 0
9200  --- SIGURG {si_signo=SIGURG, si_code=SI_TKILL, si_pid=9197, si_uid=1001} ---
9756  tgkill(9755, 9757, SIGURG)        = 0
9757  --- SIGURG {si_signo=SIGURG, si_code=SI_TKILL, si_pid=9755, si_uid=1001} ---
9756  tgkill(9755, 9755, SIGURG)        = 0
9755  --- SIGURG {si_signo=SIGURG, si_code=SI_TKILL, si_pid=9755, si_uid=1001} ---
9756  tgkill(9755, 9759, SIGURG)        = 0
9759  --- SIGURG {si_signo=SIGURG, si_code=SI_TKILL, si_pid=9755, si_uid=1001} ---
9748  --- SIGURG {si_signo=SIGURG, si_code=SI_TKILL, si_pid=9744, si_uid=1001} ---
9746  --- SIGURG {si_signo=SIGURG, si_code=SI_TKILL, si_pid=9744, si_uid=1001} ---
9745  tgkill(9744, 9749, SIGURG <unfinished ...>
9749  --- SIGURG {si_signo=SIGURG, si_code=SI_TKILL, si_pid=9744, si_uid=1001} ---
9745  <... tgkill resumed>)             = 0
9756  tgkill(9755, 9760, SIGURG <unfinished ...>
9760  --- SIGURG {si_signo=SIGURG, si_code=SI_TKILL, si_pid=9755, si_uid=1001} ---
9756  <... tgkill resumed>)             = 0
9198  tgkill(9197, 9200, SIGURG)        = 0
9200  --- SIGURG {si_signo=SIGURG, si_code=SI_TKILL, si_pid=9197, si_uid=1001} ---
9745  tgkill(9744, 9746, SIGURG)        = 0
9746  --- SIGURG {si_signo=SIGURG, si_code=SI_TKILL, si_pid=9744, si_uid=1001} ---
9745  tgkill(9744, 9747, SIGURG)        = 0
9745  tgkill(9744, 9749, SIGURG)        = 0
9749  --- SIGURG {si_signo=SIGURG, si_code=SI_TKILL, si_pid=9744, si_uid=1001} ---
9745  tgkill(9744, 9748, SIGURG)        = 0
9748  --- SIGURG {si_signo=SIGURG, si_code=SI_TKILL, si_pid=9744, si_uid=1001} ---
9747  --- SIGURG {si_signo=SIGURG, si_code=SI_TKILL, si_pid=9744, si_uid=1001} ---
9756  tgkill(9755, 9757, SIGURG)        = 0
9756  tgkill(9755, 9755, SIGURG)        = 0
9755  --- SIGURG {si_signo=SIGURG, si_code=SI_TKILL, si_pid=9755, si_uid=1001} ---
9757  --- SIGURG {si_signo=SIGURG, si_code=SI_TKILL, si_pid=9755, si_uid=1001} ---
9198  tgkill(9197, 9367, SIGURG)        = 0
9367  --- SIGURG {si_signo=SIGURG, si_code=SI_TKILL, si_pid=9197, si_uid=1001} ---
9198  tgkill(9197, 9200, SIGURG <unfinished ...>
9203  tgkill(9197, 9367, SIGURG)        = 0
9198  <... tgkill resumed>)             = 0
9200  --- SIGURG {si_signo=SIGURG, si_code=SI_TKILL, si_pid=9197, si_uid=1001} ---
9367  --- SIGURG {si_signo=SIGURG, si_code=SI_TKILL, si_pid=9197, si_uid=1001} ---
9749  tgkill(9744, 9746, SIGURG)        = 0
9746  --- SIGURG {si_signo=SIGURG, si_code=SI_TKILL, si_pid=9744, si_uid=1001} ---
9756  tgkill(9755, 9759, SIGURG)        = 0
9759  --- SIGURG {si_signo=SIGURG, si_code=SI_TKILL, si_pid=9755, si_uid=1001} ---
9748  tgkill(9744, 9749, SIGURG)        = 0
9749  --- SIGURG {si_signo=SIGURG, si_code=SI_TKILL, si_pid=9744, si_uid=1001} ---
9749  tgkill(9744, 9747, SIGURG <unfinished ...>
9748  tgkill(9744, 9749, SIGURG <unfinished ...>
9749  <... tgkill resumed>)             = 0
9748  <... tgkill resumed>)             = 0
9749  --- SIGURG {si_signo=SIGURG, si_code=SI_TKILL, si_pid=9744, si_uid=1001} ---
9747  --- SIGURG {si_signo=SIGURG, si_code=SI_TKILL, si_pid=9744, si_uid=1001} ---
9749  tgkill(9744, 9748, SIGURG)        = 0
9748  --- SIGURG {si_signo=SIGURG, si_code=SI_TKILL, si_pid=9744, si_uid=1001} ---
9749  tgkill(9744, 9748, SIGURG)        = 0
9748  --- SIGURG {si_signo=SIGURG, si_code=SI_TKILL, si_pid=9744, si_uid=1001} ---
9204  clone(child_stack=NULL, flags=CLONE_VM|CLONE_PIDFD|CLONE_VFORK|SIGCHLD <unfinished ...>
9766  execve("/opt/hostedtoolcache/go/1.27.0/arm64/pkg/tool/linux_arm64/compile", ["/opt/hostedtoolcache/go/1.27.0/a"..., "-o", "/tmp/go-build1496978431/b055/_pk"..., "-trimpath", "/tmp/go-build1496978431/b055=>", "-p", "time", "-lang=go1.27", "-std", "-buildid", "0lrGNlG6S03YuyuCzuGd/0lrGNlG6S03"..., "-goversion", "go1.27.0", "-c=4", "-nolocalimports", "-importcfg", "/tmp/go-build1496978431/b055/imp"..., "-pack", "/opt/hostedtoolcache/go/1.27.0/a"..., "/opt/hostedtoolcache/go/1.27.0/a"..., "/opt/hostedtoolcache/go/1.27.0/a"..., "/opt/hostedtoolcache/go/1.27.0/a"..., "/opt/hostedtoolcache/go/1.27.0/a"..., "/opt/hostedtoolcache/go/1.27.0/a"..., "/opt/hostedtoolcache/go/1.27.0/a"..., "/opt/hostedtoolcache/go/1.27.0/a"..., "/opt/hostedtoolcache/go/1.27.0/a"..., "/opt/hostedtoolcache/go/1.27.0/a"...], 0x115fd7e60488 /* 140 vars */ <unfinished ...>
9204  <... clone resumed>, parent_tid=[16]) = 9766
9766  <... execve resumed>)             = 0
9204  waitid(P_PIDFD, 16,  <unfinished ...>
9747  tgkill(9744, 9748, SIGURG)        = 0
9748  --- SIGURG {si_signo=SIGURG, si_code=SI_TKILL, si_pid=9744, si_uid=1001} ---
9748  tgkill(9744, 9746, SIGURG)        = 0
9746  --- SIGURG {si_signo=SIGURG, si_code=SI_TKILL, si_pid=9744, si_uid=1001} ---
9748  tgkill(9744, 9747, SIGURG)        = 0
9747  --- SIGURG {si_signo=SIGURG, si_code=SI_TKILL, si_pid=9744, si_uid=1001} ---
9748  tgkill(9744, 9749, SIGURG)        = 0
9749  --- SIGURG {si_signo=SIGURG, si_code=SI_TKILL, si_pid=9744, si_uid=1001} ---
9748  tgkill(9744, 9747, SIGURG)        = 0
9747  --- SIGURG {si_signo=SIGURG, si_code=SI_TKILL, si_pid=9744, si_uid=1001} ---
9748  tgkill(9744, 9749, SIGURG)        = 0
9749  --- SIGURG {si_signo=SIGURG, si_code=SI_TKILL, si_pid=9744, si_uid=1001} ---
9748  tgkill(9744, 9746, SIGURG)        = 0
9746  --- SIGURG {si_signo=SIGURG, si_code=SI_TKILL, si_pid=9744, si_uid=1001} ---
9748  tgkill(9744, 9749, SIGURG)        = 0
9749  --- SIGURG {si_signo=SIGURG, si_code=SI_TKILL, si_pid=9744, si_uid=1001} ---
9748  tgkill(9744, 9749, SIGURG)        = 0
9749  --- SIGURG {si_signo=SIGURG, si_code=SI_TKILL, si_pid=9744, si_uid=1001} ---
9755  exit_group(0)                     = ?
9760  +++ exited with 0 +++
9759  +++ exited with 0 +++
9757  +++ exited with 0 +++
9756  +++ exited with 0 +++
9766  clone(child_stack=0x467578c72000, flags=CLONE_VM|CLONE_FS|CLONE_FILES|CLONE_SIGHAND|CLONE_THREAD|CLONE_SYSVSEM) = 9767
9766  clone(child_stack=0x467578caa000, flags=CLONE_VM|CLONE_FS|CLONE_FILES|CLONE_SIGHAND|CLONE_THREAD|CLONE_SYSVSEM) = 9768
9766  clone(child_stack=0x467578ca6000, flags=CLONE_VM|CLONE_FS|CLONE_FILES|CLONE_SIGHAND|CLONE_THREAD|CLONE_SYSVSEM) = 9769
9768  clone(child_stack=0x467578d18000, flags=CLONE_VM|CLONE_FS|CLONE_FILES|CLONE_SIGHAND|CLONE_THREAD|CLONE_SYSVSEM) = 9770
9767  clone(child_stack=0x467578d34000, flags=CLONE_VM|CLONE_FS|CLONE_FILES|CLONE_SIGHAND|CLONE_THREAD|CLONE_SYSVSEM) = 9771
9767  clone(child_stack=0x467578d30000, flags=CLONE_VM|CLONE_FS|CLONE_FILES|CLONE_SIGHAND|CLONE_THREAD|CLONE_SYSVSEM) = 9772
9767  clone(child_stack=0x467579256000, flags=CLONE_VM|CLONE_FS|CLONE_FILES|CLONE_SIGHAND|CLONE_THREAD|CLONE_SYSVSEM) = 9773
9758  +++ exited with 0 +++
9755  +++ exited with 0 +++
9200  --- SIGCHLD {si_signo=SIGCHLD, si_code=CLD_EXITED, si_pid=9755, si_uid=1001, si_status=0, si_utime=19 /* 0.19 s */, si_stime=4 /* 0.04 s */} ---
9745  tgkill(9744, 9749, SIGURG)        = 0
9202  <... waitid resumed>{si_signo=SIGCHLD, si_code=CLD_EXITED, si_pid=9755, si_uid=1001, si_status=0, si_utime=0, si_stime=0}, WEXITED, {ru_utime={tv_sec=0, tv_usec=192714}, ru_stime={tv_sec=0, tv_usec=39329}, ...}) = 0
9749  --- SIGURG {si_signo=SIGURG, si_code=SI_TKILL, si_pid=9744, si_uid=1001} ---
9767  tgkill(9766, 9768, SIGURG)        = 0
9768  --- SIGURG {si_signo=SIGURG, si_code=SI_TKILL, si_pid=9766, si_uid=1001} ---
9200  clone(child_stack=NULL, flags=CLONE_VM|CLONE_PIDFD|CLONE_VFORK|SIGCHLD <unfinished ...>
9198  tgkill(9197, 9200, SIGURG <unfinished ...>
9745  tgkill(9744, 9747, SIGURG <unfinished ...>
9198  <... tgkill resumed>)             = 0
9745  <... tgkill resumed>)             = 0
9747  --- SIGURG {si_signo=SIGURG, si_code=SI_TKILL, si_pid=9744, si_uid=1001} ---
9745  tgkill(9744, 9746, SIGURG)        = 0
9746  --- SIGURG {si_signo=SIGURG, si_code=SI_TKILL, si_pid=9744, si_uid=1001} ---
9745  tgkill(9744, 9748, SIGURG)        = 0
9198  tgkill(9197, 9199, SIGURG)        = 0
9199  --- SIGURG {si_signo=SIGURG, si_code=SI_TKILL, si_pid=9197, si_uid=1001} ---
9748  --- SIGURG {si_signo=SIGURG, si_code=SI_TKILL, si_pid=9744, si_uid=1001} ---
9774  execve("/opt/hostedtoolcache/go/1.27.0/arm64/pkg/tool/linux_arm64/compile", ["/opt/hostedtoolcache/go/1.27.0/a"..., "-o", "/tmp/go-build1496978431/b058/_pk"..., "-trimpath", "/tmp/go-build1496978431/b058=>", "-p", "internal/syscall/unix", "-lang=go1.27", "-std", "-complete", "-buildid", "S_UaMNGdYw1UseI9ihq9/S_UaMNGdYw1"..., "-goversion", "go1.27.0", "-c=4", "-nolocalimports", "-importcfg", "/tmp/go-build1496978431/b058/imp"..., "-pack", "/opt/hostedtoolcache/go/1.27.0/a"..., "/opt/hostedtoolcache/go/1.27.0/a"..., "/opt/hostedtoolcache/go/1.27.0/a"..., "/opt/hostedtoolcache/go/1.27.0/a"..., "/opt/hostedtoolcache/go/1.27.0/a"..., "/opt/hostedtoolcache/go/1.27.0/a"..., "/opt/hostedtoolcache/go/1.27.0/a"..., "/opt/hostedtoolcache/go/1.27.0/a"..., "/opt/hostedtoolcache/go/1.27.0/a"..., "/opt/hostedtoolcache/go/1.27.0/a"..., "/opt/hostedtoolcache/go/1.27.0/a"..., "/opt/hostedtoolcache/go/1.27.0/a"..., "/opt/hostedtoolcache/go/1.27.0/a"..., ...], 0x115fd7dbdb08 /* 140 vars */ <unfinished ...>
9200  <... clone resumed>, parent_tid=[15]) = 9774
9774  <... execve resumed>)             = 0
9200  --- SIGURG {si_signo=SIGURG, si_code=SI_TKILL, si_pid=9197, si_uid=1001} ---
9200  waitid(P_PIDFD, 15,  <unfinished ...>
9767  tgkill(9766, 9768, SIGURG)        = 0
9768  --- SIGURG {si_signo=SIGURG, si_code=SI_TKILL, si_pid=9766, si_uid=1001} ---
9774  clone(child_stack=0x7b10df23a000, flags=CLONE_VM|CLONE_FS|CLONE_FILES|CLONE_SIGHAND|CLONE_THREAD|CLONE_SYSVSEM) = 9775
9774  clone(child_stack=0x7b10df272000, flags=CLONE_VM|CLONE_FS|CLONE_FILES|CLONE_SIGHAND|CLONE_THREAD|CLONE_SYSVSEM) = 9776
9774  clone(child_stack=0x7b10df26e000, flags=CLONE_VM|CLONE_FS|CLONE_FILES|CLONE_SIGHAND|CLONE_THREAD|CLONE_SYSVSEM) = 9777
9776  clone(child_stack=0x7b10df2a0000, flags=CLONE_VM|CLONE_FS|CLONE_FILES|CLONE_SIGHAND|CLONE_THREAD|CLONE_SYSVSEM) = 9778
9745  tgkill(9744, 9747, SIGURG)        = 0
9747  --- SIGURG {si_signo=SIGURG, si_code=SI_TKILL, si_pid=9744, si_uid=1001} ---
9767  tgkill(9766, 9773, SIGURG)        = 0
9773  --- SIGURG {si_signo=SIGURG, si_code=SI_TKILL, si_pid=9766, si_uid=1001} ---
9198  tgkill(9197, 9202, SIGURG)        = 0
9202  --- SIGURG {si_signo=SIGURG, si_code=SI_TKILL, si_pid=9197, si_uid=1001} ---
9202  clone(child_stack=NULL, flags=CLONE_VM|CLONE_PIDFD|CLONE_VFORK|SIGCHLD <unfinished ...>
9779  execve("/opt/hostedtoolcache/go/1.27.0/arm64/pkg/tool/linux_arm64/compile", ["/opt/hostedtoolcache/go/1.27.0/a"..., "-o", "/tmp/go-build1496978431/b059/_pk"..., "-trimpath", "/tmp/go-build1496978431/b059=>", "-p", "internal/syscall/execenv", "-lang=go1.27", "-std", "-complete", "-buildid", "9L5tH2ougp61lvbBtl0x/9L5tH2ougp6"..., "-goversion", "go1.27.0", "-c=4", "-nolocalimports", "-importcfg", "/tmp/go-build1496978431/b059/imp"..., "-pack", "/opt/hostedtoolcache/go/1.27.0/a"...], 0x115fd7e60908 /* 140 vars */ <unfinished ...>
9202  <... clone resumed>, parent_tid=[18]) = 9779
9779  <... execve resumed>)             = 0
9202  waitid(P_PIDFD, 18,  <unfinished ...>
9779  clone(child_stack=0x5c02f816c000, flags=CLONE_VM|CLONE_FS|CLONE_FILES|CLONE_SIGHAND|CLONE_THREAD|CLONE_SYSVSEM) = 9780
9779  clone(child_stack=0x5c02f81a4000, flags=CLONE_VM|CLONE_FS|CLONE_FILES|CLONE_SIGHAND|CLONE_THREAD|CLONE_SYSVSEM) = 9781
9779  clone(child_stack=0x5c02f81a0000, flags=CLONE_VM|CLONE_FS|CLONE_FILES|CLONE_SIGHAND|CLONE_THREAD|CLONE_SYSVSEM) = 9782
9781  clone(child_stack=0x5c02f8218000, flags=CLONE_VM|CLONE_FS|CLONE_FILES|CLONE_SIGHAND|CLONE_THREAD|CLONE_SYSVSEM) = 9783
9775  tgkill(9774, 9778, SIGURG)        = 0
9778  --- SIGURG {si_signo=SIGURG, si_code=SI_TKILL, si_pid=9774, si_uid=1001} ---
9745  tgkill(9744, 9749, SIGURG)        = 0
9749  --- SIGURG {si_signo=SIGURG, si_code=SI_TKILL, si_pid=9744, si_uid=1001} ---
9767  tgkill(9766, 9773, SIGURG)        = 0
9773  --- SIGURG {si_signo=SIGURG, si_code=SI_TKILL, si_pid=9766, si_uid=1001} ---
9780  tgkill(9779, 9779, SIGURG)        = 0
9779  --- SIGURG {si_signo=SIGURG, si_code=SI_TKILL, si_pid=9779, si_uid=1001} ---
9779  exit_group(0)                     = ?
9780  +++ exited with 0 +++
9783  +++ exited with 0 +++
9782  +++ exited with 0 +++
9781  +++ exited with 0 +++
9779  +++ exited with 0 +++
9202  <... waitid resumed>{si_signo=SIGCHLD, si_code=CLD_EXITED, si_pid=9779, si_uid=1001, si_status=0, si_utime=0, si_stime=0}, WEXITED, {ru_utime={tv_sec=0, tv_usec=8130}, ru_stime={tv_sec=0, tv_usec=4517}, ...}) = 0
9202  --- SIGCHLD {si_signo=SIGCHLD, si_code=CLD_EXITED, si_pid=9779, si_uid=1001, si_status=0, si_utime=0, si_stime=0} ---
9777  exit_group(0)                     = ?
9778  +++ exited with 0 +++
9777  +++ exited with 0 +++
9775  +++ exited with 0 +++
9202  clone(child_stack=NULL, flags=CLONE_VM|CLONE_PIDFD|CLONE_VFORK|SIGCHLD <unfinished ...>
9776  +++ exited with 0 +++
9774  +++ exited with 0 +++
9198  --- SIGCHLD {si_signo=SIGCHLD, si_code=CLD_EXITED, si_pid=9774, si_uid=1001, si_status=0, si_utime=2 /* 0.02 s */, si_stime=1 /* 0.01 s */} ---
9200  <... waitid resumed>{si_signo=SIGCHLD, si_code=CLD_EXITED, si_pid=9774, si_uid=1001, si_status=0, si_utime=0, si_stime=0}, WEXITED, {ru_utime={tv_sec=0, tv_usec=27799}, ru_stime={tv_sec=0, tv_usec=11325}, ...}) = 0
9784  execve("/opt/hostedtoolcache/go/1.27.0/arm64/pkg/tool/linux_arm64/compile", ["/opt/hostedtoolcache/go/1.27.0/a"..., "-o", "/tmp/go-build1496978431/b070/_pk"..., "-trimpath", "/tmp/go-build1496978431/b070=>", "-p", "regexp", "-lang=go1.27", "-std", "-complete", "-buildid", "PTcwWwY92WVMCunsAgMC/PTcwWwY92WV"..., "-goversion", "go1.27.0", "-c=4", "-nolocalimports", "-importcfg", "/tmp/go-build1496978431/b070/imp"..., "-pack", "/opt/hostedtoolcache/go/1.27.0/a"..., "/opt/hostedtoolcache/go/1.27.0/a"..., "/opt/hostedtoolcache/go/1.27.0/a"..., "/opt/hostedtoolcache/go/1.27.0/a"...], 0x115fd7e60d88 /* 140 vars */ <unfinished ...>
9202  <... clone resumed>, parent_tid=[18]) = 9784
9784  <... execve resumed>)             = 0
9202  waitid(P_PIDFD, 18,  <unfinished ...>
9745  tgkill(9744, 9747, SIGURG <unfinished ...>
9747  --- SIGURG {si_signo=SIGURG, si_code=SI_TKILL, si_pid=9744, si_uid=1001} ---
9745  <... tgkill resumed>)             = 0
9784  clone(child_stack=0xa97bd60e000, flags=CLONE_VM|CLONE_FS|CLONE_FILES|CLONE_SIGHAND|CLONE_THREAD|CLONE_SYSVSEM) = 9785
9784  clone(child_stack=0xa97bd646000, flags=CLONE_VM|CLONE_FS|CLONE_FILES|CLONE_SIGHAND|CLONE_THREAD|CLONE_SYSVSEM) = 9786
9784  clone(child_stack=0xa97bd642000, flags=CLONE_VM|CLONE_FS|CLONE_FILES|CLONE_SIGHAND|CLONE_THREAD|CLONE_SYSVSEM) = 9787
9786  clone(child_stack=0xa97bd698000, flags=CLONE_VM|CLONE_FS|CLONE_FILES|CLONE_SIGHAND|CLONE_THREAD|CLONE_SYSVSEM) = 9788
9767  tgkill(9766, 9769, SIGURG)        = 0
9769  --- SIGURG {si_signo=SIGURG, si_code=SI_TKILL, si_pid=9766, si_uid=1001} ---
9785  clone(child_stack=0xa97bd6ac000, flags=CLONE_VM|CLONE_FS|CLONE_FILES|CLONE_SIGHAND|CLONE_THREAD|CLONE_SYSVSEM) = 9789
9785  tgkill(9784, 9784, SIGURG)        = 0
9784  --- SIGURG {si_signo=SIGURG, si_code=SI_TKILL, si_pid=9784, si_uid=1001} ---
9767  tgkill(9766, 9773, SIGURG)        = 0
9747  exit_group(0)                     = ?
9747  +++ exited with 0 +++
9746  +++ exited with 0 +++
9745  +++ exited with 0 +++
9773  --- SIGURG {si_signo=SIGURG, si_code=SI_TKILL, si_pid=9766, si_uid=1001} ---
9749  +++ exited with 0 +++
9748  +++ exited with 0 +++
9785  tgkill(9784, 9789, SIGURG <unfinished ...>
9789  --- SIGURG {si_signo=SIGURG, si_code=SI_TKILL, si_pid=9784, si_uid=1001} ---
9785  <... tgkill resumed>)             = 0
9767  tgkill(9766, 9768, SIGURG)        = 0
9767  tgkill(9766, 9772, SIGURG)        = 0
9767  tgkill(9766, 9769, SIGURG)        = 0
9769  --- SIGURG {si_signo=SIGURG, si_code=SI_TKILL, si_pid=9766, si_uid=1001} ---
9772  --- SIGURG {si_signo=SIGURG, si_code=SI_TKILL, si_pid=9766, si_uid=1001} ---
9768  --- SIGURG {si_signo=SIGURG, si_code=SI_TKILL, si_pid=9766, si_uid=1001} ---
9744  +++ exited with 0 +++
9205  <... waitid resumed>{si_signo=SIGCHLD, si_code=CLD_EXITED, si_pid=9744, si_uid=1001, si_status=0, si_utime=0, si_stime=0}, WEXITED, {ru_utime={tv_sec=0, tv_usec=767765}, ru_stime={tv_sec=0, tv_usec=57295}, ...}) = 0
9200  --- SIGCHLD {si_signo=SIGCHLD, si_code=CLD_EXITED, si_pid=9744, si_uid=1001, si_status=0, si_utime=80 /* 0.80 s */, si_stime=6 /* 0.06 s */} ---
9200  clone(child_stack=NULL, flags=CLONE_VM|CLONE_PIDFD|CLONE_VFORK|SIGCHLD <unfinished ...>
9767  tgkill(9766, 9773, SIGURG)        = 0
9773  --- SIGURG {si_signo=SIGURG, si_code=SI_TKILL, si_pid=9766, si_uid=1001} ---
9790  execve("/opt/hostedtoolcache/go/1.27.0/arm64/pkg/tool/linux_arm64/asm", ["/opt/hostedtoolcache/go/1.27.0/a"..., "-p", "reflect", "-trimpath", "/tmp/go-build1496978431/b038=>", "-I", "/tmp/go-build1496978431/b038/", "-I", "/opt/hostedtoolcache/go/1.27.0/a"..., "-D", "GOOS_linux", "-D", "GOARCH_arm64", "-std", "-o", "/tmp/go-build1496978431/b038/asm"..., "/opt/hostedtoolcache/go/1.27.0/a"...], 0x115fd7e61208 /* 140 vars */ <unfinished ...>
9200  <... clone resumed>, parent_tid=[14]) = 9790
9790  <... execve resumed>)             = 0
9200  waitid(P_PIDFD, 14,  <unfinished ...>
9785  tgkill(9784, 9789, SIGURG)        = 0
9789  --- SIGURG {si_signo=SIGURG, si_code=SI_TKILL, si_pid=9784, si_uid=1001} ---
9767  tgkill(9766, 9768, SIGURG)        = 0
9767  tgkill(9766, 9772, SIGURG)        = 0
9767  tgkill(9766, 9769, SIGURG <unfinished ...>
9772  --- SIGURG {si_signo=SIGURG, si_code=SI_TKILL, si_pid=9766, si_uid=1001} ---
9769  --- SIGURG {si_signo=SIGURG, si_code=SI_TKILL, si_pid=9766, si_uid=1001} ---
9767  <... tgkill resumed>)             = 0
9768  --- SIGURG {si_signo=SIGURG, si_code=SI_TKILL, si_pid=9766, si_uid=1001} ---
9790  clone(child_stack=0xa670d9b6000, flags=CLONE_VM|CLONE_FS|CLONE_FILES|CLONE_SIGHAND|CLONE_THREAD|CLONE_SYSVSEM) = 9791
9790  clone(child_stack=0xa670d9ee000, flags=CLONE_VM|CLONE_FS|CLONE_FILES|CLONE_SIGHAND|CLONE_THREAD|CLONE_SYSVSEM) = 9792
9790  clone(child_stack=0xa670d9ea000, flags=CLONE_VM|CLONE_FS|CLONE_FILES|CLONE_SIGHAND|CLONE_THREAD|CLONE_SYSVSEM) = 9793
9791  tgkill(9790, 9793, SIGURG <unfinished ...>
9792  clone(child_stack=0xa670da18000, flags=CLONE_VM|CLONE_FS|CLONE_FILES|CLONE_SIGHAND|CLONE_THREAD|CLONE_SYSVSEM <unfinished ...>
9791  <... tgkill resumed>)             = 0
9793  --- SIGURG {si_signo=SIGURG, si_code=SI_TKILL, si_pid=9790, si_uid=1001} ---
9792  <... clone resumed>)              = 9794
9791  tgkill(9790, 9793, SIGURG)        = 0
9793  --- SIGURG {si_signo=SIGURG, si_code=SI_TKILL, si_pid=9790, si_uid=1001} ---
9767  tgkill(9766, 9773, SIGURG)        = 0
9773  --- SIGURG {si_signo=SIGURG, si_code=SI_TKILL, si_pid=9766, si_uid=1001} ---
9767  tgkill(9766, 9768, SIGURG)        = 0
9768  --- SIGURG {si_signo=SIGURG, si_code=SI_TKILL, si_pid=9766, si_uid=1001} ---
9767  tgkill(9766, 9769, SIGURG)        = 0
9791  tgkill(9790, 9790, SIGURG)        = 0
9790  --- SIGURG {si_signo=SIGURG, si_code=SI_TKILL, si_pid=9790, si_uid=1001} ---
9769  --- SIGURG {si_signo=SIGURG, si_code=SI_TKILL, si_pid=9766, si_uid=1001} ---
9785  tgkill(9784, 9787, SIGURG)        = 0
9787  --- SIGURG {si_signo=SIGURG, si_code=SI_TKILL, si_pid=9784, si_uid=1001} ---
9785  tgkill(9784, 9786, SIGURG)        = 0
9786  --- SIGURG {si_signo=SIGURG, si_code=SI_TKILL, si_pid=9784, si_uid=1001} ---
9785  tgkill(9784, 9784, SIGURG)        = 0
9785  tgkill(9784, 9789, SIGURG)        = 0
9784  --- SIGURG {si_signo=SIGURG, si_code=SI_TKILL, si_pid=9784, si_uid=1001} ---
9789  --- SIGURG {si_signo=SIGURG, si_code=SI_TKILL, si_pid=9784, si_uid=1001} ---
9768  tgkill(9766, 9769, SIGURG)        = 0
9769  --- SIGURG {si_signo=SIGURG, si_code=SI_TKILL, si_pid=9766, si_uid=1001} ---
9772  tgkill(9766, 9768, SIGURG)        = 0
9768  --- SIGURG {si_signo=SIGURG, si_code=SI_TKILL, si_pid=9766, si_uid=1001} ---
9772  tgkill(9766, 9768, SIGURG)        = 0
9768  --- SIGURG {si_signo=SIGURG, si_code=SI_TKILL, si_pid=9766, si_uid=1001} ---
9772  tgkill(9766, 9768, SIGURG)        = 0
9794  exit_group(0)                     = ?
9768  --- SIGURG {si_signo=SIGURG, si_code=SI_TKILL, si_pid=9766, si_uid=1001} ---
9791  +++ exited with 0 +++
9793  +++ exited with 0 +++
9792  +++ exited with 0 +++
9794  +++ exited with 0 +++
9790  +++ exited with 0 +++
9200  <... waitid resumed>{si_signo=SIGCHLD, si_code=CLD_EXITED, si_pid=9790, si_uid=1001, si_status=0, si_utime=0, si_stime=0}, WEXITED, {ru_utime={tv_sec=0, tv_usec=5146}, ru_stime={tv_sec=0, tv_usec=6862}, ...}) = 0
9205  --- SIGCHLD {si_signo=SIGCHLD, si_code=CLD_EXITED, si_pid=9790, si_uid=1001, si_status=0, si_utime=0, si_stime=0} ---
9767  tgkill(9766, 9772, SIGURG)        = 0
9767  tgkill(9766, 9773, SIGURG)        = 0
9767  tgkill(9766, 9769, SIGURG)        = 0
9769  --- SIGURG {si_signo=SIGURG, si_code=SI_TKILL, si_pid=9766, si_uid=1001} ---
9772  --- SIGURG {si_signo=SIGURG, si_code=SI_TKILL, si_pid=9766, si_uid=1001} ---
9773  --- SIGURG {si_signo=SIGURG, si_code=SI_TKILL, si_pid=9766, si_uid=1001} ---
9772  tgkill(9766, 9769, SIGURG)        = 0
9769  --- SIGURG {si_signo=SIGURG, si_code=SI_TKILL, si_pid=9766, si_uid=1001} ---
9772  tgkill(9766, 9769, SIGURG)        = 0
9769  --- SIGURG {si_signo=SIGURG, si_code=SI_TKILL, si_pid=9766, si_uid=1001} ---
9772  tgkill(9766, 9768, SIGURG)        = 0
9768  --- SIGURG {si_signo=SIGURG, si_code=SI_TKILL, si_pid=9766, si_uid=1001} ---
9785  tgkill(9784, 9787, SIGURG <unfinished ...>
9772  tgkill(9766, 9769, SIGURG)        = 0
9785  <... tgkill resumed>)             = 0
9769  --- SIGURG {si_signo=SIGURG, si_code=SI_TKILL, si_pid=9766, si_uid=1001} ---
9785  tgkill(9784, 9786, SIGURG)        = 0
9786  --- SIGURG {si_signo=SIGURG, si_code=SI_TKILL, si_pid=9784, si_uid=1001} ---
9787  --- SIGURG {si_signo=SIGURG, si_code=SI_TKILL, si_pid=9784, si_uid=1001} ---
9785  tgkill(9784, 9789, SIGURG)        = 0
9789  --- SIGURG {si_signo=SIGURG, si_code=SI_TKILL, si_pid=9784, si_uid=1001} ---
9767  tgkill(9766, 9772, SIGURG)        = 0
9772  --- SIGURG {si_signo=SIGURG, si_code=SI_TKILL, si_pid=9766, si_uid=1001} ---
9198  tgkill(9197, 9205, SIGURG)        = 0
9767  tgkill(9766, 9772, SIGURG)        = 0
9767  tgkill(9766, 9768, SIGURG)        = 0
9767  tgkill(9766, 9773, SIGURG)        = 0
9767  tgkill(9766, 9769, SIGURG)        = 0
9769  --- SIGURG {si_signo=SIGURG, si_code=SI_TKILL, si_pid=9766, si_uid=1001} ---
9205  --- SIGURG {si_signo=SIGURG, si_code=SI_TKILL, si_pid=9197, si_uid=1001} ---
9773  --- SIGURG {si_signo=SIGURG, si_code=SI_TKILL, si_pid=9766, si_uid=1001} ---
9772  --- SIGURG {si_signo=SIGURG, si_code=SI_TKILL, si_pid=9766, si_uid=1001} ---
9768  --- SIGURG {si_signo=SIGURG, si_code=SI_TKILL, si_pid=9766, si_uid=1001} ---
9785  tgkill(9784, 9784, SIGURG)        = 0
9784  --- SIGURG {si_signo=SIGURG, si_code=SI_TKILL, si_pid=9784, si_uid=1001} ---
9769  tgkill(9766, 9772, SIGURG)        = 0
9772  --- SIGURG {si_signo=SIGURG, si_code=SI_TKILL, si_pid=9766, si_uid=1001} ---
9769  tgkill(9766, 9768, SIGURG)        = 0
9768  --- SIGURG {si_signo=SIGURG, si_code=SI_TKILL, si_pid=9766, si_uid=1001} ---
9769  tgkill(9766, 9772, SIGURG <unfinished ...>
9772  --- SIGURG {si_signo=SIGURG, si_code=SI_TKILL, si_pid=9766, si_uid=1001} ---
9769  <... tgkill resumed>)             = 0
9769  tgkill(9766, 9768, SIGURG)        = 0
9768  --- SIGURG {si_signo=SIGURG, si_code=SI_TKILL, si_pid=9766, si_uid=1001} ---
9785  tgkill(9784, 9787, SIGURG <unfinished ...>
9787  --- SIGURG {si_signo=SIGURG, si_code=SI_TKILL, si_pid=9784, si_uid=1001} ---
9785  <... tgkill resumed>)             = 0
9785  tgkill(9784, 9786, SIGURG)        = 0
9785  tgkill(9784, 9789, SIGURG)        = 0
9789  --- SIGURG {si_signo=SIGURG, si_code=SI_TKILL, si_pid=9784, si_uid=1001} ---
9786  --- SIGURG {si_signo=SIGURG, si_code=SI_TKILL, si_pid=9784, si_uid=1001} ---
9767  tgkill(9766, 9772, SIGURG)        = 0
9772  --- SIGURG {si_signo=SIGURG, si_code=SI_TKILL, si_pid=9766, si_uid=1001} ---
9772  tgkill(9766, 9768, SIGURG)        = 0
9768  --- SIGURG {si_signo=SIGURG, si_code=SI_TKILL, si_pid=9766, si_uid=1001} ---
9198  tgkill(9197, 9200, SIGURG)        = 0
9772  tgkill(9766, 9773, SIGURG)        = 0
9772  tgkill(9766, 9769, SIGURG)        = 0
9200  --- SIGURG {si_signo=SIGURG, si_code=SI_TKILL, si_pid=9197, si_uid=1001} ---
9773  --- SIGURG {si_signo=SIGURG, si_code=SI_TKILL, si_pid=9766, si_uid=1001} ---
9769  --- SIGURG {si_signo=SIGURG, si_code=SI_TKILL, si_pid=9766, si_uid=1001} ---
9772  tgkill(9766, 9773, SIGURG <unfinished ...>
9773  --- SIGURG {si_signo=SIGURG, si_code=SI_TKILL, si_pid=9766, si_uid=1001} ---
9772  <... tgkill resumed>)             = 0
9785  tgkill(9784, 9784, SIGURG)        = 0
9784  --- SIGURG {si_signo=SIGURG, si_code=SI_TKILL, si_pid=9784, si_uid=1001} ---
9772  tgkill(9766, 9769, SIGURG)        = 0
9769  --- SIGURG {si_signo=SIGURG, si_code=SI_TKILL, si_pid=9766, si_uid=1001} ---
9772  tgkill(9766, 9768, SIGURG)        = 0
9768  --- SIGURG {si_signo=SIGURG, si_code=SI_TKILL, si_pid=9766, si_uid=1001} ---
9772  tgkill(9766, 9773, SIGURG)        = 0
9773  --- SIGURG {si_signo=SIGURG, si_code=SI_TKILL, si_pid=9766, si_uid=1001} ---
9772  tgkill(9766, 9769, SIGURG)        = 0
9769  --- SIGURG {si_signo=SIGURG, si_code=SI_TKILL, si_pid=9766, si_uid=1001} ---
9772  tgkill(9766, 9769, SIGURG)        = 0
9769  --- SIGURG {si_signo=SIGURG, si_code=SI_TKILL, si_pid=9766, si_uid=1001} ---
9772  tgkill(9766, 9768, SIGURG)        = 0
9768  --- SIGURG {si_signo=SIGURG, si_code=SI_TKILL, si_pid=9766, si_uid=1001} ---
9772  tgkill(9766, 9773, SIGURG <unfinished ...>
9773  --- SIGURG {si_signo=SIGURG, si_code=SI_TKILL, si_pid=9766, si_uid=1001} ---
9772  <... tgkill resumed>)             = 0
9772  tgkill(9766, 9769, SIGURG)        = 0
9769  --- SIGURG {si_signo=SIGURG, si_code=SI_TKILL, si_pid=9766, si_uid=1001} ---
9772  tgkill(9766, 9768, SIGURG)        = 0
9785  tgkill(9784, 9787, SIGURG <unfinished ...>
9787  --- SIGURG {si_signo=SIGURG, si_code=SI_TKILL, si_pid=9784, si_uid=1001} ---
9785  <... tgkill resumed>)             = 0
9772  tgkill(9766, 9773, SIGURG <unfinished ...>
9768  --- SIGURG {si_signo=SIGURG, si_code=SI_TKILL, si_pid=9766, si_uid=1001} ---
9772  <... tgkill resumed>)             = 0
9785  tgkill(9784, 9789, SIGURG)        = 0
9789  --- SIGURG {si_signo=SIGURG, si_code=SI_TKILL, si_pid=9784, si_uid=1001} ---
9773  --- SIGURG {si_signo=SIGURG, si_code=SI_TKILL, si_pid=9766, si_uid=1001} ---
9198  tgkill(9197, 9205, SIGURG)        = 0
9205  --- SIGURG {si_signo=SIGURG, si_code=SI_TKILL, si_pid=9197, si_uid=1001} ---
9772  tgkill(9766, 9768, SIGURG)        = 0
9768  --- SIGURG {si_signo=SIGURG, si_code=SI_TKILL, si_pid=9766, si_uid=1001} ---
9772  tgkill(9766, 9769, SIGURG)        = 0
9769  --- SIGURG {si_signo=SIGURG, si_code=SI_TKILL, si_pid=9766, si_uid=1001} ---
9785  tgkill(9784, 9786, SIGURG)        = 0
9786  --- SIGURG {si_signo=SIGURG, si_code=SI_TKILL, si_pid=9784, si_uid=1001} ---
9198  tgkill(9197, 9200, SIGURG)        = 0
9200  --- SIGURG {si_signo=SIGURG, si_code=SI_TKILL, si_pid=9197, si_uid=1001} ---
9786  tgkill(9784, 9787, SIGURG)        = 0
9787  --- SIGURG {si_signo=SIGURG, si_code=SI_TKILL, si_pid=9784, si_uid=1001} ---
9789  tgkill(9784, 9786, SIGURG)        = 0
9786  --- SIGURG {si_signo=SIGURG, si_code=SI_TKILL, si_pid=9784, si_uid=1001} ---
9767  tgkill(9766, 9768, SIGURG)        = 0
9768  --- SIGURG {si_signo=SIGURG, si_code=SI_TKILL, si_pid=9766, si_uid=1001} ---
9789  tgkill(9784, 9787, SIGURG)        = 0
9787  --- SIGURG {si_signo=SIGURG, si_code=SI_TKILL, si_pid=9784, si_uid=1001} ---
9789  tgkill(9784, 9786, SIGURG)        = 0
9786  --- SIGURG {si_signo=SIGURG, si_code=SI_TKILL, si_pid=9784, si_uid=1001} ---
9786  tgkill(9784, 9787, SIGURG)        = 0
9787  --- SIGURG {si_signo=SIGURG, si_code=SI_TKILL, si_pid=9784, si_uid=1001} ---
9773  exit_group(0)                     = ?
9773  +++ exited with 0 +++
9772  +++ exited with 0 +++
9771  +++ exited with 0 +++
9770  +++ exited with 0 +++
9769  +++ exited with 0 +++
9767  +++ exited with 0 +++
9205  clone(child_stack=NULL, flags=CLONE_VM|CLONE_PIDFD|CLONE_VFORK|SIGCHLD <unfinished ...>
9198  tgkill(9197, 9205, SIGURG)        = 0
9795  execve("/opt/hostedtoolcache/go/1.27.0/arm64/pkg/tool/linux_arm64/compile", ["/opt/hostedtoolcache/go/1.27.0/a"..., "-o", "/tmp/go-build1496978431/b036/_pk"..., "-trimpath", "/tmp/go-build1496978431/b036=>", "-p", "internal/fmtsort", "-lang=go1.27", "-std", "-complete", "-buildid", "bXJIl7xX0j8inw1Xh_kH/bXJIl7xX0j8"..., "-goversion", "go1.27.0", "-c=4", "-nolocalimports", "-importcfg", "/tmp/go-build1496978431/b036/imp"..., "-pack", "/opt/hostedtoolcache/go/1.27.0/a"...], 0x115fd7eead88 /* 140 vars */ <unfinished ...>
9205  <... clone resumed>, parent_tid=[14]) = 9795
9205  --- SIGURG {si_signo=SIGURG, si_code=SI_TKILL, si_pid=9197, si_uid=1001} ---
9795  <... execve resumed>)             = 0
9205  waitid(P_PIDFD, 14,  <unfinished ...>
9768  +++ exited with 0 +++
9766  +++ exited with 0 +++
9204  <... waitid resumed>{si_signo=SIGCHLD, si_code=CLD_EXITED, si_pid=9766, si_uid=1001, si_status=0, si_utime=0, si_stime=0}, WEXITED, {ru_utime={tv_sec=0, tv_usec=315607}, ru_stime={tv_sec=0, tv_usec=48775}, ...}) = 0
9203  --- SIGCHLD {si_signo=SIGCHLD, si_code=CLD_EXITED, si_pid=9766, si_uid=1001, si_status=0, si_utime=33 /* 0.33 s */, si_stime=5 /* 0.05 s */} ---
9787  exit_group(0)                     = ?
9789  +++ exited with 0 +++
9788  +++ exited with 0 +++
9786  +++ exited with 0 +++
9785  +++ exited with 0 +++
9795  clone(child_stack=0x8ee8cefa000, flags=CLONE_VM|CLONE_FS|CLONE_FILES|CLONE_SIGHAND|CLONE_THREAD|CLONE_SYSVSEM) = 9796
9795  clone(child_stack=0x8ee8cf32000, flags=CLONE_VM|CLONE_FS|CLONE_FILES|CLONE_SIGHAND|CLONE_THREAD|CLONE_SYSVSEM <unfinished ...>
9796  tgkill(9795, 9795, SIGURG)        = 0
9795  <... clone resumed>)              = 9797
9795  --- SIGURG {si_signo=SIGURG, si_code=SI_TKILL, si_pid=9795, si_uid=1001} ---
9795  clone(child_stack=0x8ee8cf2e000, flags=CLONE_VM|CLONE_FS|CLONE_FILES|CLONE_SIGHAND|CLONE_THREAD|CLONE_SYSVSEM) = 9798
9797  clone(child_stack=0x8ee8cf98000, flags=CLONE_VM|CLONE_FS|CLONE_FILES|CLONE_SIGHAND|CLONE_THREAD|CLONE_SYSVSEM) = 9799
9797  clone(child_stack=0x8ee8cf94000, flags=CLONE_VM|CLONE_FS|CLONE_FILES|CLONE_SIGHAND|CLONE_THREAD|CLONE_SYSVSEM) = 9800
9787  +++ exited with 0 +++
9784  +++ exited with 0 +++
9204  --- SIGCHLD {si_signo=SIGCHLD, si_code=CLD_EXITED, si_pid=9784, si_uid=1001, si_status=0, si_utime=28 /* 0.28 s */, si_stime=4 /* 0.04 s */} ---
9202  <... waitid resumed>{si_signo=SIGCHLD, si_code=CLD_EXITED, si_pid=9784, si_uid=1001, si_status=0, si_utime=0, si_stime=0}, WEXITED, {ru_utime={tv_sec=0, tv_usec=274376}, ru_stime={tv_sec=0, tv_usec=43939}, ...}) = 0
9203  tgkill(9197, 9199, SIGURG)        = 0
9199  --- SIGURG {si_signo=SIGURG, si_code=SI_TKILL, si_pid=9197, si_uid=1001} ---
9203  tgkill(9197, 9204, SIGURG)        = 0
9204  --- SIGURG {si_signo=SIGURG, si_code=SI_TKILL, si_pid=9197, si_uid=1001} ---
9203  tgkill(9197, 9199, SIGURG)        = 0
9199  --- SIGURG {si_signo=SIGURG, si_code=SI_TKILL, si_pid=9197, si_uid=1001} ---
9203  tgkill(9197, 9367, SIGURG)        = 0
9367  --- SIGURG {si_signo=SIGURG, si_code=SI_TKILL, si_pid=9197, si_uid=1001} ---
9203  clone(child_stack=NULL, flags=CLONE_VM|CLONE_PIDFD|CLONE_VFORK|SIGCHLD <unfinished ...>
9796  tgkill(9795, 9795, SIGURG)        = 0
9795  --- SIGURG {si_signo=SIGURG, si_code=SI_TKILL, si_pid=9795, si_uid=1001} ---
9801  execve("/opt/hostedtoolcache/go/1.27.0/arm64/pkg/tool/linux_arm64/compile", ["/opt/hostedtoolcache/go/1.27.0/a"..., "-o", "/tmp/go-build1496978431/b052/_pk"..., "-trimpath", "/tmp/go-build1496978431/b052=>", "-p", "io/fs", "-lang=go1.27", "-std", "-complete", "-buildid", "XfXyk1EAE5wtdjKCVuO_/XfXyk1EAE5w"..., "-goversion", "go1.27.0", "-c=4", "-nolocalimports", "-importcfg", "/tmp/go-build1496978431/b052/imp"..., "-pack", "/opt/hostedtoolcache/go/1.27.0/a"..., "/opt/hostedtoolcache/go/1.27.0/a"..., "/opt/hostedtoolcache/go/1.27.0/a"..., "/opt/hostedtoolcache/go/1.27.0/a"..., "/opt/hostedtoolcache/go/1.27.0/a"..., "/opt/hostedtoolcache/go/1.27.0/a"..., "/opt/hostedtoolcache/go/1.27.0/a"..., "/opt/hostedtoolcache/go/1.27.0/a"..., "/opt/hostedtoolcache/go/1.27.0/a"...], 0x115fd7e60488 /* 140 vars */ <unfinished ...>
9203  <... clone resumed>, parent_tid=[17]) = 9801
9801  <... execve resumed>)             = 0
9203  waitid(P_PIDFD, 17,  <unfinished ...>
9367  clone(child_stack=NULL, flags=CLONE_VM|CLONE_PIDFD|CLONE_VFORK|SIGCHLD <unfinished ...>
9802  execve("/opt/hostedtoolcache/go/1.27.0/arm64/pkg/tool/linux_arm64/compile", ["/opt/hostedtoolcache/go/1.27.0/a"..., "-o", "/tmp/go-build1496978431/b065/_pk"..., "-trimpath", "/tmp/go-build1496978431/b065=>", "-p", "context", "-lang=go1.27", "-std", "-complete", "-buildid", "neroyEtyU2F73bcI4fxH/neroyEtyU2F"..., "-goversion", "go1.27.0", "-c=4", "-nolocalimports", "-importcfg", "/tmp/go-build1496978431/b065/imp"..., "-pack", "/opt/hostedtoolcache/go/1.27.0/a"...], 0x115fd7eead88 /* 140 vars */ <unfinished ...>
9367  <... clone resumed>, parent_tid=[15]) = 9802
9802  <... execve resumed>)             = 0
9199  clone(child_stack=NULL, flags=CLONE_VM|CLONE_PIDFD|CLONE_VFORK|SIGCHLD <unfinished ...>
9367  waitid(P_PIDFD, 15,  <unfinished ...>
9803  execve("/opt/hostedtoolcache/go/1.27.0/arm64/pkg/tool/linux_arm64/compile", ["/opt/hostedtoolcache/go/1.27.0/a"..., "-o", "/tmp/go-build1496978431/b057/_pk"..., "-trimpath", "/tmp/go-build1496978431/b057=>", "-p", "internal/poll", "-lang=go1.27", "-std", "-buildid", "We0-VzKM63obpJks_FOe/We0-VzKM63o"..., "-goversion", "go1.27.0", "-c=4", "-nolocalimports", "-importcfg", "/tmp/go-build1496978431/b057/imp"..., "-pack", "/opt/hostedtoolcache/go/1.27.0/a"..., "/opt/hostedtoolcache/go/1.27.0/a"..., "/opt/hostedtoolcache/go/1.27.0/a"..., "/opt/hostedtoolcache/go/1.27.0/a"..., "/opt/hostedtoolcache/go/1.27.0/a"..., "/opt/hostedtoolcache/go/1.27.0/a"..., "/opt/hostedtoolcache/go/1.27.0/a"..., "/opt/hostedtoolcache/go/1.27.0/a"..., "/opt/hostedtoolcache/go/1.27.0/a"..., "/opt/hostedtoolcache/go/1.27.0/a"..., "/opt/hostedtoolcache/go/1.27.0/a"..., "/opt/hostedtoolcache/go/1.27.0/a"..., "/opt/hostedtoolcache/go/1.27.0/a"..., "/opt/hostedtoolcache/go/1.27.0/a"..., ...], 0x115fd7dbdb08 /* 140 vars */ <unfinished ...>
9199  <... clone resumed>, parent_tid=[8]) = 9803
9803  <... execve resumed>)             = 0
9199  waitid(P_PIDFD, 8,  <unfinished ...>
9801  clone(child_stack=0x379b6ce36000, flags=CLONE_VM|CLONE_FS|CLONE_FILES|CLONE_SIGHAND|CLONE_THREAD|CLONE_SYSVSEM) = 9804
9801  clone(child_stack=0x379b6ce6e000, flags=CLONE_VM|CLONE_FS|CLONE_FILES|CLONE_SIGHAND|CLONE_THREAD|CLONE_SYSVSEM) = 9805
9801  clone(child_stack=0x379b6ce6a000, flags=CLONE_VM|CLONE_FS|CLONE_FILES|CLONE_SIGHAND|CLONE_THREAD|CLONE_SYSVSEM) = 9806
9805  clone(child_stack=0x379b6ce98000, flags=CLONE_VM|CLONE_FS|CLONE_FILES|CLONE_SIGHAND|CLONE_THREAD|CLONE_SYSVSEM) = 9807
9804  clone(child_stack=0x379b6ceac000, flags=CLONE_VM|CLONE_FS|CLONE_FILES|CLONE_SIGHAND|CLONE_THREAD|CLONE_SYSVSEM) = 9808
9796  tgkill(9795, 9800, SIGURG <unfinished ...>
9800  --- SIGURG {si_signo=SIGURG, si_code=SI_TKILL, si_pid=9795, si_uid=1001} ---
9796  <... tgkill resumed>)             = 0
9802  clone(child_stack=0x4f6b80eba000, flags=CLONE_VM|CLONE_FS|CLONE_FILES|CLONE_SIGHAND|CLONE_THREAD|CLONE_SYSVSEM) = 9809
9802  clone(child_stack=0x4f6b80ef2000, flags=CLONE_VM|CLONE_FS|CLONE_FILES|CLONE_SIGHAND|CLONE_THREAD|CLONE_SYSVSEM) = 9810
9802  clone(child_stack=0x4f6b80eee000, flags=CLONE_VM|CLONE_FS|CLONE_FILES|CLONE_SIGHAND|CLONE_THREAD|CLONE_SYSVSEM) = 9811
9810  clone(child_stack=0x4f6b80f20000, flags=CLONE_VM|CLONE_FS|CLONE_FILES|CLONE_SIGHAND|CLONE_THREAD|CLONE_SYSVSEM) = 9812
9803  clone(child_stack=0x446032db8000, flags=CLONE_VM|CLONE_FS|CLONE_FILES|CLONE_SIGHAND|CLONE_THREAD|CLONE_SYSVSEM) = 9813
9803  clone(child_stack=0x446032df0000, flags=CLONE_VM|CLONE_FS|CLONE_FILES|CLONE_SIGHAND|CLONE_THREAD|CLONE_SYSVSEM) = 9814
9813  tgkill(9803, 9803, SIGURG <unfinished ...>
9803  clone(child_stack=0x446032dec000, flags=CLONE_VM|CLONE_FS|CLONE_FILES|CLONE_SIGHAND|CLONE_THREAD|CLONE_SYSVSEM <unfinished ...>
9813  <... tgkill resumed>)             = 0
9803  <... clone resumed>)              = 9815
9803  --- SIGURG {si_signo=SIGURG, si_code=SI_TKILL, si_pid=9803, si_uid=1001} ---
9814  clone(child_stack=0x446032e98000, flags=CLONE_VM|CLONE_FS|CLONE_FILES|CLONE_SIGHAND|CLONE_THREAD|CLONE_SYSVSEM <unfinished ...>
9796  tgkill(9795, 9795, SIGURG <unfinished ...>
9814  <... clone resumed>)              = 9816
9796  <... tgkill resumed>)             = 0
9795  --- SIGURG {si_signo=SIGURG, si_code=SI_TKILL, si_pid=9795, si_uid=1001} ---
9796  tgkill(9795, 9798, SIGURG)        = 0
9798  --- SIGURG {si_signo=SIGURG, si_code=SI_TKILL, si_pid=9795, si_uid=1001} ---
9804  tgkill(9801, 9807, SIGURG)        = 0
9807  --- SIGURG {si_signo=SIGURG, si_code=SI_TKILL, si_pid=9801, si_uid=1001} ---
9809  tgkill(9802, 9802, SIGURG)        = 0
9802  --- SIGURG {si_signo=SIGURG, si_code=SI_TKILL, si_pid=9802, si_uid=1001} ---
9813  clone(child_stack=0x44603321c000, flags=CLONE_VM|CLONE_FS|CLONE_FILES|CLONE_SIGHAND|CLONE_THREAD|CLONE_SYSVSEM) = 9817
9798  exit_group(0)                     = ?
9800  +++ exited with 0 +++
9798  +++ exited with 0 +++
9797  +++ exited with 0 +++
9796  +++ exited with 0 +++
9804  tgkill(9801, 9806, SIGURG)        = 0
9806  --- SIGURG {si_signo=SIGURG, si_code=SI_TKILL, si_pid=9801, si_uid=1001} ---
9809  tgkill(9802, 9811, SIGURG)        = 0
9811  --- SIGURG {si_signo=SIGURG, si_code=SI_TKILL, si_pid=9802, si_uid=1001} ---
9799  +++ exited with 0 +++
9795  +++ exited with 0 +++
9202  --- SIGCHLD {si_signo=SIGCHLD, si_code=CLD_EXITED, si_pid=9795, si_uid=1001, si_status=0, si_utime=5 /* 0.05 s */, si_stime=1 /* 0.01 s */} ---
9205  <... waitid resumed>{si_signo=SIGCHLD, si_code=CLD_EXITED, si_pid=9795, si_uid=1001, si_status=0, si_utime=0, si_stime=0}, WEXITED, {ru_utime={tv_sec=0, tv_usec=49657}, ru_stime={tv_sec=0, tv_usec=12657}, ...}) = 0
9813  tgkill(9803, 9815, SIGURG)        = 0
9815  --- SIGURG {si_signo=SIGURG, si_code=SI_TKILL, si_pid=9803, si_uid=1001} ---
9809  tgkill(9802, 9802, SIGURG)        = 0
9198  tgkill(9197, 9205, SIGURG <unfinished ...>
9205  --- SIGURG {si_signo=SIGURG, si_code=SI_TKILL, si_pid=9197, si_uid=1001} ---
9198  <... tgkill resumed>)             = 0
9802  --- SIGURG {si_signo=SIGURG, si_code=SI_TKILL, si_pid=9802, si_uid=1001} ---
9804  tgkill(9801, 9801, SIGURG)        = 0
9804  tgkill(9801, 9805, SIGURG <unfinished ...>
9805  --- SIGURG {si_signo=SIGURG, si_code=SI_TKILL, si_pid=9801, si_uid=1001} ---
9804  <... tgkill resumed>)             = 0
9804  tgkill(9801, 9807, SIGURG)        = 0
9807  --- SIGURG {si_signo=SIGURG, si_code=SI_TKILL, si_pid=9801, si_uid=1001} ---
9801  --- SIGURG {si_signo=SIGURG, si_code=SI_TKILL, si_pid=9801, si_uid=1001} ---
9804  tgkill(9801, 9806, SIGURG <unfinished ...>
9806  --- SIGURG {si_signo=SIGURG, si_code=SI_TKILL, si_pid=9801, si_uid=1001} ---
9804  <... tgkill resumed>)             = 0
9813  tgkill(9803, 9815, SIGURG <unfinished ...>
9815  --- SIGURG {si_signo=SIGURG, si_code=SI_TKILL, si_pid=9803, si_uid=1001} ---
9813  <... tgkill resumed>)             = 0
9809  tgkill(9802, 9811, SIGURG <unfinished ...>
9811  --- SIGURG {si_signo=SIGURG, si_code=SI_TKILL, si_pid=9802, si_uid=1001} ---
9809  <... tgkill resumed>)             = 0
9813  tgkill(9803, 9815, SIGURG <unfinished ...>
9815  --- SIGURG {si_signo=SIGURG, si_code=SI_TKILL, si_pid=9803, si_uid=1001} ---
9813  <... tgkill resumed>)             = 0
9805  exit_group(0)                     = ?
9806  +++ exited with 0 +++
9808  +++ exited with 0 +++
9807  +++ exited with 0 +++
9804  +++ exited with 0 +++
9805  +++ exited with 0 +++
9801  +++ exited with 0 +++
9203  <... waitid resumed>{si_signo=SIGCHLD, si_code=CLD_EXITED, si_pid=9801, si_uid=1001, si_status=0, si_utime=0, si_stime=0}, WEXITED, {ru_utime={tv_sec=0, tv_usec=77992}, ru_stime={tv_sec=0, tv_usec=14998}, ...}) = 0
9202  --- SIGCHLD {si_signo=SIGCHLD, si_code=CLD_EXITED, si_pid=9801, si_uid=1001, si_status=0, si_utime=7 /* 0.07 s */, si_stime=1 /* 0.01 s */} ---
9809  tgkill(9802, 9802, SIGURG)        = 0
9802  --- SIGURG {si_signo=SIGURG, si_code=SI_TKILL, si_pid=9802, si_uid=1001} ---
9802  exit_group(0)                     = ?
9811  +++ exited with 0 +++
9810  +++ exited with 0 +++
9809  +++ exited with 0 +++
9812  +++ exited with 0 +++
9802  +++ exited with 0 +++
9203  --- SIGCHLD {si_signo=SIGCHLD, si_code=CLD_EXITED, si_pid=9802, si_uid=1001, si_status=0, si_utime=5 /* 0.05 s */, si_stime=1 /* 0.01 s */} ---
9367  <... waitid resumed>{si_signo=SIGCHLD, si_code=CLD_EXITED, si_pid=9802, si_uid=1001, si_status=0, si_utime=0, si_stime=0}, WEXITED, {ru_utime={tv_sec=0, tv_usec=55092}, ru_stime={tv_sec=0, tv_usec=16203}, ...}) = 0
9202  clone(child_stack=NULL, flags=CLONE_VM|CLONE_PIDFD|CLONE_VFORK|SIGCHLD <unfinished ...>
9818  execve("/opt/hostedtoolcache/go/1.27.0/arm64/pkg/tool/linux_arm64/compile", ["/opt/hostedtoolcache/go/1.27.0/a"..., "-o", "/tmp/go-build1496978431/b051/_pk"..., "-trimpath", "/tmp/go-build1496978431/b051=>", "-p", "internal/filepathlite", "-lang=go1.27", "-std", "-complete", "-buildid", "ji6P444Xw9onfsTBz3lJ/ji6P444Xw9o"..., "-goversion", "go1.27.0", "-c=4", "-nolocalimports", "-importcfg", "/tmp/go-build1496978431/b051/imp"..., "-pack", "/opt/hostedtoolcache/go/1.27.0/a"..., "/opt/hostedtoolcache/go/1.27.0/a"..., "/opt/hostedtoolcache/go/1.27.0/a"...], 0x115fd7eeb208 /* 140 vars */ <unfinished ...>
9202  <... clone resumed>, parent_tid=[9]) = 9818
9818  <... execve resumed>)             = 0
9202  waitid(P_PIDFD, 9,  <unfinished ...>
9813  tgkill(9803, 9815, SIGURG)        = 0
9815  --- SIGURG {si_signo=SIGURG, si_code=SI_TKILL, si_pid=9803, si_uid=1001} ---
9818  clone(child_stack=0x45f590d64000, flags=CLONE_VM|CLONE_FS|CLONE_FILES|CLONE_SIGHAND|CLONE_THREAD|CLONE_SYSVSEM) = 9819
9818  clone(child_stack=0x45f590d9c000, flags=CLONE_VM|CLONE_FS|CLONE_FILES|CLONE_SIGHAND|CLONE_THREAD|CLONE_SYSVSEM) = 9820
9818  clone(child_stack=0x45f590d98000, flags=CLONE_VM|CLONE_FS|CLONE_FILES|CLONE_SIGHAND|CLONE_THREAD|CLONE_SYSVSEM) = 9821
9820  clone(child_stack=0x45f590e18000, flags=CLONE_VM|CLONE_FS|CLONE_FILES|CLONE_SIGHAND|CLONE_THREAD|CLONE_SYSVSEM) = 9822
9819  tgkill(9818, 9822, SIGURG)        = 0
9822  --- SIGURG {si_signo=SIGURG, si_code=SI_TKILL, si_pid=9818, si_uid=1001} ---
9813  tgkill(9803, 9803, SIGURG)        = 0
9803  --- SIGURG {si_signo=SIGURG, si_code=SI_TKILL, si_pid=9803, si_uid=1001} ---
9813  tgkill(9803, 9817, SIGURG)        = 0
9817  --- SIGURG {si_signo=SIGURG, si_code=SI_TKILL, si_pid=9803, si_uid=1001} ---
9813  tgkill(9803, 9816, SIGURG <unfinished ...>
9816  --- SIGURG {si_signo=SIGURG, si_code=SI_TKILL, si_pid=9803, si_uid=1001} ---
9813  <... tgkill resumed>)             = 0
9819  tgkill(9818, 9820, SIGURG)        = 0
9820  --- SIGURG {si_signo=SIGURG, si_code=SI_TKILL, si_pid=9818, si_uid=1001} ---
9813  tgkill(9803, 9814, SIGURG <unfinished ...>
9814  --- SIGURG {si_signo=SIGURG, si_code=SI_TKILL, si_pid=9803, si_uid=1001} ---
9813  <... tgkill resumed>)             = 0
9813  tgkill(9803, 9803, SIGURG)        = 0
9813  tgkill(9803, 9817, SIGURG <unfinished ...>
9803  --- SIGURG {si_signo=SIGURG, si_code=SI_TKILL, si_pid=9803, si_uid=1001} ---
9813  <... tgkill resumed>)             = 0
9817  --- SIGURG {si_signo=SIGURG, si_code=SI_TKILL, si_pid=9803, si_uid=1001} ---
9820  exit_group(0)                     = ?
9822  +++ exited with 0 +++
9820  +++ exited with 0 +++
9819  +++ exited with 0 +++
9821  +++ exited with 0 +++
9818  +++ exited with 0 +++
9202  <... waitid resumed>{si_signo=SIGCHLD, si_code=CLD_EXITED, si_pid=9818, si_uid=1001, si_status=0, si_utime=0, si_stime=0}, WEXITED, {ru_utime={tv_sec=0, tv_usec=28409}, ru_stime={tv_sec=0, tv_usec=10227}, ...}) = 0
9367  --- SIGCHLD {si_signo=SIGCHLD, si_code=CLD_EXITED, si_pid=9818, si_uid=1001, si_status=0, si_utime=2 /* 0.02 s */, si_stime=0} ---
9817  exit_group(0)                     = ?
9817  +++ exited with 0 +++
9816  +++ exited with 0 +++
9814  +++ exited with 0 +++
9813  +++ exited with 0 +++
9815  +++ exited with 0 +++
9803  +++ exited with 0 +++
9203  --- SIGCHLD {si_signo=SIGCHLD, si_code=CLD_EXITED, si_pid=9803, si_uid=1001, si_status=0, si_utime=15 /* 0.15 s */, si_stime=3 /* 0.03 s */} ---
9199  <... waitid resumed>{si_signo=SIGCHLD, si_code=CLD_EXITED, si_pid=9803, si_uid=1001, si_status=0, si_utime=0, si_stime=0}, WEXITED, {ru_utime={tv_sec=0, tv_usec=147566}, ru_stime={tv_sec=0, tv_usec=36399}, ...}) = 0
9198  tgkill(9197, 9203, SIGURG)        = 0
9203  --- SIGURG {si_signo=SIGURG, si_code=SI_TKILL, si_pid=9197, si_uid=1001} ---
9203  clone(child_stack=NULL, flags=CLONE_VM|CLONE_PIDFD|CLONE_VFORK|SIGCHLD <unfinished ...>
9823  execve("/opt/hostedtoolcache/go/1.27.0/arm64/pkg/tool/linux_arm64/compile", ["/opt/hostedtoolcache/go/1.27.0/a"..., "-o", "/tmp/go-build1496978431/b050/_pk"..., "-trimpath", "/tmp/go-build1496978431/b050=>", "-p", "os", "-lang=go1.27", "-std", "-buildid", "PXY6R2DVbnB3eGvhlze4/PXY6R2DVbnB"..., "-goversion", "go1.27.0", "-c=4", "-nolocalimports", "-importcfg", "/tmp/go-build1496978431/b050/imp"..., "-pack", "/opt/hostedtoolcache/go/1.27.0/a"..., "/opt/hostedtoolcache/go/1.27.0/a"..., "/opt/hostedtoolcache/go/1.27.0/a"..., "/opt/hostedtoolcache/go/1.27.0/a"..., "/opt/hostedtoolcache/go/1.27.0/a"..., "/opt/hostedtoolcache/go/1.27.0/a"..., "/opt/hostedtoolcache/go/1.27.0/a"..., "/opt/hostedtoolcache/go/1.27.0/a"..., "/opt/hostedtoolcache/go/1.27.0/a"..., "/opt/hostedtoolcache/go/1.27.0/a"..., "/opt/hostedtoolcache/go/1.27.0/a"..., "/opt/hostedtoolcache/go/1.27.0/a"..., "/opt/hostedtoolcache/go/1.27.0/a"..., "/opt/hostedtoolcache/go/1.27.0/a"..., ...], 0x115fd7eead88 /* 140 vars */ <unfinished ...>
9203  <... clone resumed>, parent_tid=[12]) = 9823
9823  <... execve resumed>)             = 0
9203  waitid(P_PIDFD, 12,  <unfinished ...>
9823  clone(child_stack=0x6dc5b84ca000, flags=CLONE_VM|CLONE_FS|CLONE_FILES|CLONE_SIGHAND|CLONE_THREAD|CLONE_SYSVSEM) = 9824
9823  clone(child_stack=0x6dc5b8508000, flags=CLONE_VM|CLONE_FS|CLONE_FILES|CLONE_SIGHAND|CLONE_THREAD|CLONE_SYSVSEM) = 9825
9824  tgkill(9823, 9823, SIGURG)        = 0
9823  clone(child_stack=0x6dc5b8504000, flags=CLONE_VM|CLONE_FS|CLONE_FILES|CLONE_SIGHAND|CLONE_THREAD|CLONE_SYSVSEM) = 9826
9823  --- SIGURG {si_signo=SIGURG, si_code=SI_TKILL, si_pid=9823, si_uid=1001} ---
9825  clone(child_stack=0x6dc5b8530000, flags=CLONE_VM|CLONE_FS|CLONE_FILES|CLONE_SIGHAND|CLONE_THREAD|CLONE_SYSVSEM) = 9827
9824  clone(child_stack=0x6dc5b88d6000, flags=CLONE_VM|CLONE_FS|CLONE_FILES|CLONE_SIGHAND|CLONE_THREAD|CLONE_SYSVSEM) = 9828
9824  tgkill(9823, 9823, SIGURG)        = 0
9823  --- SIGURG {si_signo=SIGURG, si_code=SI_TKILL, si_pid=9823, si_uid=1001} ---
9824  tgkill(9823, 9828, SIGURG)        = 0
9828  --- SIGURG {si_signo=SIGURG, si_code=SI_TKILL, si_pid=9823, si_uid=1001} ---
9824  tgkill(9823, 9825, SIGURG <unfinished ...>
9825  --- SIGURG {si_signo=SIGURG, si_code=SI_TKILL, si_pid=9823, si_uid=1001} ---
9824  <... tgkill resumed>)             = 0
9824  tgkill(9823, 9828, SIGURG <unfinished ...>
9828  --- SIGURG {si_signo=SIGURG, si_code=SI_TKILL, si_pid=9823, si_uid=1001} ---
9824  <... tgkill resumed>)             = 0
9824  tgkill(9823, 9825, SIGURG)        = 0
9825  --- SIGURG {si_signo=SIGURG, si_code=SI_TKILL, si_pid=9823, si_uid=1001} ---
9824  tgkill(9823, 9823, SIGURG)        = 0
9823  --- SIGURG {si_signo=SIGURG, si_code=SI_TKILL, si_pid=9823, si_uid=1001} ---
9824  tgkill(9823, 9828, SIGURG)        = 0
9828  --- SIGURG {si_signo=SIGURG, si_code=SI_TKILL, si_pid=9823, si_uid=1001} ---
9826  tgkill(9823, 9828, SIGURG)        = 0
9828  --- SIGURG {si_signo=SIGURG, si_code=SI_TKILL, si_pid=9823, si_uid=1001} ---
9825  tgkill(9823, 9823, SIGURG)        = 0
9823  --- SIGURG {si_signo=SIGURG, si_code=SI_TKILL, si_pid=9823, si_uid=1001} ---
9825  tgkill(9823, 9823, SIGURG)        = 0
9823  --- SIGURG {si_signo=SIGURG, si_code=SI_TKILL, si_pid=9823, si_uid=1001} ---
9825  tgkill(9823, 9828, SIGURG)        = 0
9828  --- SIGURG {si_signo=SIGURG, si_code=SI_TKILL, si_pid=9823, si_uid=1001} ---
9825  tgkill(9823, 9826, SIGURG)        = 0
9826  --- SIGURG {si_signo=SIGURG, si_code=SI_TKILL, si_pid=9823, si_uid=1001} ---
9823  tgkill(9823, 9825, SIGURG)        = 0
9825  --- SIGURG {si_signo=SIGURG, si_code=SI_TKILL, si_pid=9823, si_uid=1001} ---
9823  tgkill(9823, 9828, SIGURG)        = 0
9828  --- SIGURG {si_signo=SIGURG, si_code=SI_TKILL, si_pid=9823, si_uid=1001} ---
9823  tgkill(9823, 9826, SIGURG)        = 0
9826  --- SIGURG {si_signo=SIGURG, si_code=SI_TKILL, si_pid=9823, si_uid=1001} ---
9826  tgkill(9823, 9825, SIGURG)        = 0
9825  --- SIGURG {si_signo=SIGURG, si_code=SI_TKILL, si_pid=9823, si_uid=1001} ---
9826  tgkill(9823, 9823, SIGURG)        = 0
9823  --- SIGURG {si_signo=SIGURG, si_code=SI_TKILL, si_pid=9823, si_uid=1001} ---
9826  tgkill(9823, 9828, SIGURG)        = 0
9828  --- SIGURG {si_signo=SIGURG, si_code=SI_TKILL, si_pid=9823, si_uid=1001} ---
9826  tgkill(9823, 9825, SIGURG)        = 0
9825  --- SIGURG {si_signo=SIGURG, si_code=SI_TKILL, si_pid=9823, si_uid=1001} ---
9826  tgkill(9823, 9828, SIGURG)        = 0
9828  --- SIGURG {si_signo=SIGURG, si_code=SI_TKILL, si_pid=9823, si_uid=1001} ---
9826  tgkill(9823, 9825, SIGURG)        = 0
9825  --- SIGURG {si_signo=SIGURG, si_code=SI_TKILL, si_pid=9823, si_uid=1001} ---
9826  tgkill(9823, 9823, SIGURG)        = 0
9823  --- SIGURG {si_signo=SIGURG, si_code=SI_TKILL, si_pid=9823, si_uid=1001} ---
9826  tgkill(9823, 9823, SIGURG)        = 0
9823  --- SIGURG {si_signo=SIGURG, si_code=SI_TKILL, si_pid=9823, si_uid=1001} ---
9826  tgkill(9823, 9828, SIGURG)        = 0
9828  --- SIGURG {si_signo=SIGURG, si_code=SI_TKILL, si_pid=9823, si_uid=1001} ---
9824  tgkill(9823, 9823, SIGURG)        = 0
9823  --- SIGURG {si_signo=SIGURG, si_code=SI_TKILL, si_pid=9823, si_uid=1001} ---
9824  tgkill(9823, 9828, SIGURG <unfinished ...>
9828  --- SIGURG {si_signo=SIGURG, si_code=SI_TKILL, si_pid=9823, si_uid=1001} ---
9824  <... tgkill resumed>)             = 0
9824  tgkill(9823, 9826, SIGURG)        = 0
9826  --- SIGURG {si_signo=SIGURG, si_code=SI_TKILL, si_pid=9823, si_uid=1001} ---
9824  tgkill(9823, 9825, SIGURG)        = 0
9825  --- SIGURG {si_signo=SIGURG, si_code=SI_TKILL, si_pid=9823, si_uid=1001} ---
9824  tgkill(9823, 9823, SIGURG)        = 0
9823  --- SIGURG {si_signo=SIGURG, si_code=SI_TKILL, si_pid=9823, si_uid=1001} ---
9824  tgkill(9823, 9828, SIGURG)        = 0
9828  --- SIGURG {si_signo=SIGURG, si_code=SI_TKILL, si_pid=9823, si_uid=1001} ---
9824  tgkill(9823, 9826, SIGURG)        = 0
9826  --- SIGURG {si_signo=SIGURG, si_code=SI_TKILL, si_pid=9823, si_uid=1001} ---
9824  tgkill(9823, 9823, SIGURG)        = 0
9823  --- SIGURG {si_signo=SIGURG, si_code=SI_TKILL, si_pid=9823, si_uid=1001} ---
9823  exit_group(0)                     = ?
9828  +++ exited with 0 +++
9827  +++ exited with 0 +++
9826  +++ exited with 0 +++
9825  +++ exited with 0 +++
9824  +++ exited with 0 +++
9823  +++ exited with 0 +++
9203  <... waitid resumed>{si_signo=SIGCHLD, si_code=CLD_EXITED, si_pid=9823, si_uid=1001, si_status=0, si_utime=0, si_stime=0}, WEXITED, {ru_utime={tv_sec=0, tv_usec=424278}, ru_stime={tv_sec=0, tv_usec=59743}, ...}) = 0
9199  --- SIGCHLD {si_signo=SIGCHLD, si_code=CLD_EXITED, si_pid=9823, si_uid=1001, si_status=0, si_utime=41 /* 0.41 s */, si_stime=5 /* 0.05 s */} ---
9198  tgkill(9197, 9199, SIGURG)        = 0
9199  --- SIGURG {si_signo=SIGURG, si_code=SI_TKILL, si_pid=9197, si_uid=1001} ---
9199  clone(child_stack=NULL, flags=CLONE_VM|CLONE_PIDFD|CLONE_VFORK|SIGCHLD <unfinished ...>
9203  clone(child_stack=NULL, flags=CLONE_VM|CLONE_PIDFD|CLONE_VFORK|SIGCHLD <unfinished ...>
9829  execve("/opt/hostedtoolcache/go/1.27.0/arm64/pkg/tool/linux_arm64/compile", ["/opt/hostedtoolcache/go/1.27.0/a"..., "-o", "/tmp/go-build1496978431/b002/_pk"..., "-trimpath", "/tmp/go-build1496978431/b002=>", "-p", "fmt", "-lang=go1.27", "-std", "-complete", "-buildid", "whCcI_TTDhGKC2tXq26h/whCcI_TTDhG"..., "-goversion", "go1.27.0", "-c=4", "-nolocalimports", "-importcfg", "/tmp/go-build1496978431/b002/imp"..., "-pack", "/opt/hostedtoolcache/go/1.27.0/a"..., "/opt/hostedtoolcache/go/1.27.0/a"..., "/opt/hostedtoolcache/go/1.27.0/a"..., "/opt/hostedtoolcache/go/1.27.0/a"..., "/opt/hostedtoolcache/go/1.27.0/a"...], 0x115fd7eead88 /* 140 vars */ <unfinished ...>
9830  execve("/opt/hostedtoolcache/go/1.27.0/arm64/pkg/tool/linux_arm64/compile", ["/opt/hostedtoolcache/go/1.27.0/a"..., "-o", "/tmp/go-build1496978431/b068/_pk"..., "-trimpath", "/tmp/go-build1496978431/b068=>", "-p", "path/filepath", "-lang=go1.27", "-std", "-complete", "-buildid", "KRq8P8x4qi54BVYr6wAc/KRq8P8x4qi5"..., "-goversion", "go1.27.0", "-c=4", "-nolocalimports", "-importcfg", "/tmp/go-build1496978431/b068/imp"..., "-pack", "/opt/hostedtoolcache/go/1.27.0/a"..., "/opt/hostedtoolcache/go/1.27.0/a"..., "/opt/hostedtoolcache/go/1.27.0/a"..., "/opt/hostedtoolcache/go/1.27.0/a"..., "/opt/hostedtoolcache/go/1.27.0/a"...], 0x115fd7dbd208 /* 140 vars */ <unfinished ...>
9203  <... clone resumed>, parent_tid=[18]) = 9830
9199  <... clone resumed>, parent_tid=[17]) = 9829
9829  <... execve resumed>)             = 0
9830  <... execve resumed>)             = 0
9199  waitid(P_PIDFD, 17,  <unfinished ...>
9203  waitid(P_PIDFD, 18,  <unfinished ...>
9829  clone(child_stack=0x52303a65c000, flags=CLONE_VM|CLONE_FS|CLONE_FILES|CLONE_SIGHAND|CLONE_THREAD|CLONE_SYSVSEM) = 9831
9830  clone(child_stack=0x7d33e2b76000, flags=CLONE_VM|CLONE_FS|CLONE_FILES|CLONE_SIGHAND|CLONE_THREAD|CLONE_SYSVSEM) = 9832
9829  clone(child_stack=0x52303a698000, flags=CLONE_VM|CLONE_FS|CLONE_FILES|CLONE_SIGHAND|CLONE_THREAD|CLONE_SYSVSEM) = 9833
9830  clone(child_stack=0x7d33e2bae000, flags=CLONE_VM|CLONE_FS|CLONE_FILES|CLONE_SIGHAND|CLONE_THREAD|CLONE_SYSVSEM <unfinished ...>
9831  tgkill(9829, 9829, SIGURG <unfinished ...>
9832  tgkill(9830, 9830, SIGURG <unfinished ...>
9831  <... tgkill resumed>)             = 0
9829  clone(child_stack=0x52303a694000, flags=CLONE_VM|CLONE_FS|CLONE_FILES|CLONE_SIGHAND|CLONE_THREAD|CLONE_SYSVSEM <unfinished ...>
9832  <... tgkill resumed>)             = 0
9830  <... clone resumed>)              = 9834
9829  <... clone resumed>)              = 9835
9830  --- SIGURG {si_signo=SIGURG, si_code=SI_TKILL, si_pid=9830, si_uid=1001} ---
9829  --- SIGURG {si_signo=SIGURG, si_code=SI_TKILL, si_pid=9829, si_uid=1001} ---
9832  tgkill(9830, 9830, SIGURG)        = 0
9830  clone(child_stack=0x7d33e2baa000, flags=CLONE_VM|CLONE_FS|CLONE_FILES|CLONE_SIGHAND|CLONE_THREAD|CLONE_SYSVSEM <unfinished ...>
9833  clone(child_stack=0x52303a6c0000, flags=CLONE_VM|CLONE_FS|CLONE_FILES|CLONE_SIGHAND|CLONE_THREAD|CLONE_SYSVSEM <unfinished ...>
9830  <... clone resumed>)              = 9836
9833  <... clone resumed>)              = 9837
9830  --- SIGURG {si_signo=SIGURG, si_code=SI_TKILL, si_pid=9830, si_uid=1001} ---
9834  clone(child_stack=0x7d33e2c18000, flags=CLONE_VM|CLONE_FS|CLONE_FILES|CLONE_SIGHAND|CLONE_THREAD|CLONE_SYSVSEM) = 9838
9831  clone(child_stack=0x52303aaa6000, flags=CLONE_VM|CLONE_FS|CLONE_FILES|CLONE_SIGHAND|CLONE_THREAD|CLONE_SYSVSEM <unfinished ...>
9832  clone(child_stack=0x7d33e301c000, flags=CLONE_VM|CLONE_FS|CLONE_FILES|CLONE_SIGHAND|CLONE_THREAD|CLONE_SYSVSEM <unfinished ...>
9831  <... clone resumed>)              = 9839
9832  <... clone resumed>)              = 9840
9832  tgkill(9830, 9834, SIGURG <unfinished ...>
9834  --- SIGURG {si_signo=SIGURG, si_code=SI_TKILL, si_pid=9830, si_uid=1001} ---
9832  <... tgkill resumed>)             = 0
9831  tgkill(9829, 9837, SIGURG <unfinished ...>
9837  --- SIGURG {si_signo=SIGURG, si_code=SI_TKILL, si_pid=9829, si_uid=1001} ---
9831  <... tgkill resumed>)             = 0
9832  tgkill(9830, 9838, SIGURG)        = 0
9838  --- SIGURG {si_signo=SIGURG, si_code=SI_TKILL, si_pid=9830, si_uid=1001} ---
9831  tgkill(9829, 9829, SIGURG)        = 0
9829  --- SIGURG {si_signo=SIGURG, si_code=SI_TKILL, si_pid=9829, si_uid=1001} ---
9832  tgkill(9830, 9838, SIGURG)        = 0
9838  --- SIGURG {si_signo=SIGURG, si_code=SI_TKILL, si_pid=9830, si_uid=1001} ---
9831  tgkill(9829, 9837, SIGURG <unfinished ...>
9837  --- SIGURG {si_signo=SIGURG, si_code=SI_TKILL, si_pid=9829, si_uid=1001} ---
9831  <... tgkill resumed>)             = 0
9834  exit_group(0)                     = ?
9840  +++ exited with 0 +++
9838  +++ exited with 0 +++
9834  +++ exited with 0 +++
9832  +++ exited with 0 +++
9836  +++ exited with 0 +++
9830  +++ exited with 0 +++
9202  --- SIGCHLD {si_signo=SIGCHLD, si_code=CLD_EXITED, si_pid=9830, si_uid=1001, si_status=0, si_utime=6 /* 0.06 s */, si_stime=1 /* 0.01 s */} ---
9203  <... waitid resumed>{si_signo=SIGCHLD, si_code=CLD_EXITED, si_pid=9830, si_uid=1001, si_status=0, si_utime=0, si_stime=0}, WEXITED, {ru_utime={tv_sec=0, tv_usec=62279}, ru_stime={tv_sec=0, tv_usec=19721}, ...}) = 0
9202  clone(child_stack=NULL, flags=CLONE_VM|CLONE_PIDFD|CLONE_VFORK|SIGCHLD <unfinished ...>
9841  execve("/opt/hostedtoolcache/go/1.27.0/arm64/pkg/tool/linux_arm64/compile", ["/opt/hostedtoolcache/go/1.27.0/a"..., "-o", "/tmp/go-build1496978431/b064/_pk"..., "-trimpath", "/tmp/go-build1496978431/b064=>", "-p", "os/exec", "-lang=go1.27", "-std", "-complete", "-buildid", "WGXMEnifNKtpl8907z7B/WGXMEnifNKt"..., "-goversion", "go1.27.0", "-c=4", "-nolocalimports", "-importcfg", "/tmp/go-build1496978431/b064/imp"..., "-pack", "/opt/hostedtoolcache/go/1.27.0/a"..., "/opt/hostedtoolcache/go/1.27.0/a"..., "/opt/hostedtoolcache/go/1.27.0/a"..., "/opt/hostedtoolcache/go/1.27.0/a"...], 0x115fd7dbd688 /* 140 vars */ <unfinished ...>
9202  <... clone resumed>, parent_tid=[13]) = 9841
9841  <... execve resumed>)             = 0
9202  waitid(P_PIDFD, 13,  <unfinished ...>
9831  tgkill(9829, 9829, SIGURG)        = 0
9829  --- SIGURG {si_signo=SIGURG, si_code=SI_TKILL, si_pid=9829, si_uid=1001} ---
9841  clone(child_stack=0x1ff2523be000, flags=CLONE_VM|CLONE_FS|CLONE_FILES|CLONE_SIGHAND|CLONE_THREAD|CLONE_SYSVSEM) = 9842
9841  clone(child_stack=0x1ff2523f6000, flags=CLONE_VM|CLONE_FS|CLONE_FILES|CLONE_SIGHAND|CLONE_THREAD|CLONE_SYSVSEM) = 9843
9841  clone(child_stack=0x1ff2523f2000, flags=CLONE_VM|CLONE_FS|CLONE_FILES|CLONE_SIGHAND|CLONE_THREAD|CLONE_SYSVSEM) = 9844
9842  tgkill(9841, 9844, SIGURG)        = 0
9841  clone(child_stack=0x1ff252492000, flags=CLONE_VM|CLONE_FS|CLONE_FILES|CLONE_SIGHAND|CLONE_THREAD|CLONE_SYSVSEM <unfinished ...>
9843  clone(child_stack=0x1ff25248e000, flags=CLONE_VM|CLONE_FS|CLONE_FILES|CLONE_SIGHAND|CLONE_THREAD|CLONE_SYSVSEM <unfinished ...>
9841  <... clone resumed>)              = 9845
9843  <... clone resumed>)              = 9846
9844  --- SIGURG {si_signo=SIGURG, si_code=SI_TKILL, si_pid=9841, si_uid=1001} ---
9831  tgkill(9829, 9829, SIGURG)        = 0
9829  --- SIGURG {si_signo=SIGURG, si_code=SI_TKILL, si_pid=9829, si_uid=1001} ---
9831  tgkill(9829, 9839, SIGURG <unfinished ...>
9839  --- SIGURG {si_signo=SIGURG, si_code=SI_TKILL, si_pid=9829, si_uid=1001} ---
9831  <... tgkill resumed>)             = 0
9831  tgkill(9829, 9837, SIGURG)        = 0
9831  tgkill(9829, 9833, SIGURG <unfinished ...>
9833  --- SIGURG {si_signo=SIGURG, si_code=SI_TKILL, si_pid=9829, si_uid=1001} ---
9831  <... tgkill resumed>)             = 0
9837  --- SIGURG {si_signo=SIGURG, si_code=SI_TKILL, si_pid=9829, si_uid=1001} ---
9842  tgkill(9841, 9844, SIGURG <unfinished ...>
9844  --- SIGURG {si_signo=SIGURG, si_code=SI_TKILL, si_pid=9841, si_uid=1001} ---
9842  <... tgkill resumed>)             = 0
9831  tgkill(9829, 9829, SIGURG)        = 0
9829  --- SIGURG {si_signo=SIGURG, si_code=SI_TKILL, si_pid=9829, si_uid=1001} ---
9831  tgkill(9829, 9839, SIGURG <unfinished ...>
9839  --- SIGURG {si_signo=SIGURG, si_code=SI_TKILL, si_pid=9829, si_uid=1001} ---
9831  <... tgkill resumed>)             = 0
9831  tgkill(9829, 9837, SIGURG <unfinished ...>
9837  --- SIGURG {si_signo=SIGURG, si_code=SI_TKILL, si_pid=9829, si_uid=1001} ---
9831  <... tgkill resumed>)             = 0
9831  tgkill(9829, 9833, SIGURG)        = 0
9833  --- SIGURG {si_signo=SIGURG, si_code=SI_TKILL, si_pid=9829, si_uid=1001} ---
9842  tgkill(9841, 9844, SIGURG)        = 0
9844  --- SIGURG {si_signo=SIGURG, si_code=SI_TKILL, si_pid=9841, si_uid=1001} ---
9842  tgkill(9841, 9845, SIGURG)        = 0
9845  --- SIGURG {si_signo=SIGURG, si_code=SI_TKILL, si_pid=9841, si_uid=1001} ---
9829  exit_group(0)                     = ?
9839  +++ exited with 0 +++
9835  +++ exited with 0 +++
9833  +++ exited with 0 +++
9831  +++ exited with 0 +++
9837  +++ exited with 0 +++
9829  +++ exited with 0 +++
9205  --- SIGCHLD {si_signo=SIGCHLD, si_code=CLD_EXITED, si_pid=9829, si_uid=1001, si_status=0, si_utime=22 /* 0.22 s */, si_stime=4 /* 0.04 s */} ---
9199  <... waitid resumed>{si_signo=SIGCHLD, si_code=CLD_EXITED, si_pid=9829, si_uid=1001, si_status=0, si_utime=0, si_stime=0}, WEXITED, {ru_utime={tv_sec=0, tv_usec=208877}, ru_stime={tv_sec=0, tv_usec=45488}, ...}) = 0
9842  tgkill(9841, 9846, SIGURG)        = 0
9846  --- SIGURG {si_signo=SIGURG, si_code=SI_TKILL, si_pid=9841, si_uid=1001} ---
9842  tgkill(9841, 9844, SIGURG <unfinished ...>
9198  tgkill(9197, 9205, SIGURG <unfinished ...>
9842  <... tgkill resumed>)             = 0
9844  --- SIGURG {si_signo=SIGURG, si_code=SI_TKILL, si_pid=9841, si_uid=1001} ---
9198  <... tgkill resumed>)             = 0
9205  --- SIGURG {si_signo=SIGURG, si_code=SI_TKILL, si_pid=9197, si_uid=1001} ---
9842  tgkill(9841, 9845, SIGURG <unfinished ...>
9845  --- SIGURG {si_signo=SIGURG, si_code=SI_TKILL, si_pid=9841, si_uid=1001} ---
9842  <... tgkill resumed>)             = 0
9842  tgkill(9841, 9841, SIGURG)        = 0
9841  --- SIGURG {si_signo=SIGURG, si_code=SI_TKILL, si_pid=9841, si_uid=1001} ---
9845  exit_group(0)                     = ?
9845  +++ exited with 0 +++
9844  +++ exited with 0 +++
9843  +++ exited with 0 +++
9842  +++ exited with 0 +++
9846  +++ exited with 0 +++
9841  +++ exited with 0 +++
9202  <... waitid resumed>{si_signo=SIGCHLD, si_code=CLD_EXITED, si_pid=9841, si_uid=1001, si_status=0, si_utime=0, si_stime=0}, WEXITED, {ru_utime={tv_sec=0, tv_usec=87689}, ru_stime={tv_sec=0, tv_usec=18179}, ...}) = 0
9199  --- SIGCHLD {si_signo=SIGCHLD, si_code=CLD_EXITED, si_pid=9841, si_uid=1001, si_status=0, si_utime=8 /* 0.08 s */, si_stime=1 /* 0.01 s */} ---
9199  clone(child_stack=NULL, flags=CLONE_VM|CLONE_PIDFD|CLONE_VFORK|SIGCHLD <unfinished ...>
9847  execve("/opt/hostedtoolcache/go/1.27.0/arm64/pkg/tool/linux_arm64/compile", ["/opt/hostedtoolcache/go/1.27.0/a"..., "-o", "/tmp/go-build1496978431/b061/_pk"..., "-trimpath", "/tmp/go-build1496978431/b061=>", "-p", "github.com/type-rb/type-rb-nativ"..., "-lang=go1.27", "-complete", "-buildid", "YNd_bXNXt8ZjALUZ-pX7/YNd_bXNXt8Z"..., "-goversion", "go1.27.0", "-c=4", "-nolocalimports", "-importcfg", "/tmp/go-build1496978431/b061/imp"..., "-pack", "/tmp/trb-build-1469095837/trb/st"...], 0x115fd7e60488 /* 140 vars */ <unfinished ...>
9199  <... clone resumed>, parent_tid=[12]) = 9847
9847  <... execve resumed>)             = 0
9199  waitid(P_PIDFD, 12,  <unfinished ...>
9847  clone(child_stack=0x5191ccffa000, flags=CLONE_VM|CLONE_FS|CLONE_FILES|CLONE_SIGHAND|CLONE_THREAD|CLONE_SYSVSEM) = 9848
9847  clone(child_stack=0x5191cd032000, flags=CLONE_VM|CLONE_FS|CLONE_FILES|CLONE_SIGHAND|CLONE_THREAD|CLONE_SYSVSEM) = 9849
9848  tgkill(9847, 9847, SIGURG)        = 0
9847  clone(child_stack=0x5191cd02e000, flags=CLONE_VM|CLONE_FS|CLONE_FILES|CLONE_SIGHAND|CLONE_THREAD|CLONE_SYSVSEM) = 9850
9847  --- SIGURG {si_signo=SIGURG, si_code=SI_TKILL, si_pid=9847, si_uid=1001} ---
9849  clone(child_stack=0x5191cd098000, flags=CLONE_VM|CLONE_FS|CLONE_FILES|CLONE_SIGHAND|CLONE_THREAD|CLONE_SYSVSEM) = 9851
9848  tgkill(9847, 9847, SIGURG)        = 0
9847  --- SIGURG {si_signo=SIGURG, si_code=SI_TKILL, si_pid=9847, si_uid=1001} ---
9851  exit_group(0)                     = ?
9851  +++ exited with 0 +++
9850  +++ exited with 0 +++
9849  +++ exited with 0 +++
9848  +++ exited with 0 +++
9847  +++ exited with 0 +++
9202  --- SIGCHLD {si_signo=SIGCHLD, si_code=CLD_EXITED, si_pid=9847, si_uid=1001, si_status=0, si_utime=1 /* 0.01 s */, si_stime=1 /* 0.01 s */} ---
9199  <... waitid resumed>{si_signo=SIGCHLD, si_code=CLD_EXITED, si_pid=9847, si_uid=1001, si_status=0, si_utime=0, si_stime=0}, WEXITED, {ru_utime={tv_sec=0, tv_usec=18939}, ru_stime={tv_sec=0, tv_usec=13955}, ...}) = 0
9202  clone(child_stack=NULL, flags=CLONE_VM|CLONE_PIDFD|CLONE_VFORK|SIGCHLD <unfinished ...>
9852  execve("/opt/hostedtoolcache/go/1.27.0/arm64/pkg/tool/linux_arm64/compile", ["/opt/hostedtoolcache/go/1.27.0/a"..., "-o", "/tmp/go-build1496978431/b001/_pk"..., "-trimpath", "/tmp/go-build1496978431/b001=>", "-p", "main", "-lang=go1.27", "-complete", "-buildid", "c0vWKymfi3gxJ0kNxjIm/c0vWKymfi3g"..., "-goversion", "go1.27.0", "-c=4", "-nolocalimports", "-importcfg", "/tmp/go-build1496978431/b001/imp"..., "-pack", "/tmp/trb-build-1469095837/main.g"...], 0x115fd7dbdb08 /* 140 vars */ <unfinished ...>
9202  <... clone resumed>, parent_tid=[12]) = 9852
9852  <... execve resumed>)             = 0
9202  waitid(P_PIDFD, 12,  <unfinished ...>
9852  clone(child_stack=0x4cc317e54000, flags=CLONE_VM|CLONE_FS|CLONE_FILES|CLONE_SIGHAND|CLONE_THREAD|CLONE_SYSVSEM) = 9853
9852  clone(child_stack=0x4cc317e90000, flags=CLONE_VM|CLONE_FS|CLONE_FILES|CLONE_SIGHAND|CLONE_THREAD|CLONE_SYSVSEM) = 9854
9853  tgkill(9852, 9852, SIGURG <unfinished ...>
9852  clone(child_stack=0x4cc317e8c000, flags=CLONE_VM|CLONE_FS|CLONE_FILES|CLONE_SIGHAND|CLONE_THREAD|CLONE_SYSVSEM <unfinished ...>
9853  <... tgkill resumed>)             = 0
9852  <... clone resumed>)              = 9855
9852  --- SIGURG {si_signo=SIGURG, si_code=SI_TKILL, si_pid=9852, si_uid=1001} ---
9854  clone(child_stack=0x4cc317eb0000, flags=CLONE_VM|CLONE_FS|CLONE_FILES|CLONE_SIGHAND|CLONE_THREAD|CLONE_SYSVSEM) = 9856
9853  tgkill(9852, 9852, SIGURG)        = 0
9852  --- SIGURG {si_signo=SIGURG, si_code=SI_TKILL, si_pid=9852, si_uid=1001} ---
9852  exit_group(0)                     = ?
9855  +++ exited with 0 +++
9854  +++ exited with 0 +++
9853  +++ exited with 0 +++
9856  +++ exited with 0 +++
9852  +++ exited with 0 +++
9199  --- SIGCHLD {si_signo=SIGCHLD, si_code=CLD_EXITED, si_pid=9852, si_uid=1001, si_status=0, si_utime=2 /* 0.02 s */, si_stime=1 /* 0.01 s */} ---
9202  <... waitid resumed>{si_signo=SIGCHLD, si_code=CLD_EXITED, si_pid=9852, si_uid=1001, si_status=0, si_utime=0, si_stime=0}, WEXITED, {ru_utime={tv_sec=0, tv_usec=25580}, ru_stime={tv_sec=0, tv_usec=12278}, ...}) = 0
9199  clone(child_stack=NULL, flags=CLONE_VM|CLONE_PIDFD|CLONE_VFORK|SIGCHLD <unfinished ...>
9857  execve("/opt/hostedtoolcache/go/1.27.0/arm64/pkg/tool/linux_arm64/link", ["/opt/hostedtoolcache/go/1.27.0/a"..., "-V=full"], 0x115fd7e60908 /* 139 vars */ <unfinished ...>
9199  <... clone resumed>, parent_tid=[14]) = 9857
9199  waitid(P_PIDFD, 14,  <unfinished ...>
9857  <... execve resumed>)             = 0
9857  clone(child_stack=0x3aa93cede000, flags=CLONE_VM|CLONE_FS|CLONE_FILES|CLONE_SIGHAND|CLONE_THREAD|CLONE_SYSVSEM) = 9858
9858  tgkill(9857, 9857, SIGURG)        = 0
9857  --- SIGURG {si_signo=SIGURG, si_code=SI_TKILL, si_pid=9857, si_uid=1001} ---
9857  clone(child_stack=0x3aa93cf18000, flags=CLONE_VM|CLONE_FS|CLONE_FILES|CLONE_SIGHAND|CLONE_THREAD|CLONE_SYSVSEM) = 9859
9857  clone(child_stack=0x3aa93cf14000, flags=CLONE_VM|CLONE_FS|CLONE_FILES|CLONE_SIGHAND|CLONE_THREAD|CLONE_SYSVSEM) = 9860
9859  clone(child_stack=0x3aa93cf38000, flags=CLONE_VM|CLONE_FS|CLONE_FILES|CLONE_SIGHAND|CLONE_THREAD|CLONE_SYSVSEM) = 9861
9857  exit_group(0)                     = ?
9861  +++ exited with 0 +++
9860  +++ exited with 0 +++
9859  +++ exited with 0 +++
9858  +++ exited with 0 +++
9857  +++ exited with 0 +++
9202  --- SIGCHLD {si_signo=SIGCHLD, si_code=CLD_EXITED, si_pid=9857, si_uid=1001, si_status=0, si_utime=0, si_stime=0} ---
9199  <... waitid resumed>{si_signo=SIGCHLD, si_code=CLD_EXITED, si_pid=9857, si_uid=1001, si_status=0, si_utime=0, si_stime=0}, WEXITED, {ru_utime={tv_sec=0, tv_usec=778}, ru_stime={tv_sec=0, tv_usec=6224}, ...}) = 0
9202  clone(child_stack=NULL, flags=CLONE_VM|CLONE_PIDFD|CLONE_VFORK|SIGCHLD <unfinished ...>
9862  execve("/opt/hostedtoolcache/go/1.27.0/arm64/pkg/tool/linux_arm64/link", ["/opt/hostedtoolcache/go/1.27.0/a"..., "-o", "/tmp/go-build1496978431/b001/exe"..., "-importcfg", "/tmp/go-build1496978431/b001/imp"..., "-buildmode=exe", "-buildid=dX_AqnBhtBsxTONp6BKf/c0"..., "-extld=gcc", "/tmp/go-build1496978431/b001/_pk"...], 0x115fd7eeb208 /* 140 vars */ <unfinished ...>
9202  <... clone resumed>, parent_tid=[12]) = 9862
9862  <... execve resumed>)             = 0
9202  waitid(P_PIDFD, 12,  <unfinished ...>
9862  clone(child_stack=0x33819fcee000, flags=CLONE_VM|CLONE_FS|CLONE_FILES|CLONE_SIGHAND|CLONE_THREAD|CLONE_SYSVSEM) = 9863
9862  clone(child_stack=0x33819fd26000, flags=CLONE_VM|CLONE_FS|CLONE_FILES|CLONE_SIGHAND|CLONE_THREAD|CLONE_SYSVSEM) = 9864
9862  clone(child_stack=0x33819fd22000, flags=CLONE_VM|CLONE_FS|CLONE_FILES|CLONE_SIGHAND|CLONE_THREAD|CLONE_SYSVSEM) = 9865
9864  clone(child_stack=0x33819fd98000, flags=CLONE_VM|CLONE_FS|CLONE_FILES|CLONE_SIGHAND|CLONE_THREAD|CLONE_SYSVSEM <unfinished ...>
9863  tgkill(9862, 9865, SIGURG)        = 0
9865  --- SIGURG {si_signo=SIGURG, si_code=SI_TKILL, si_pid=9862, si_uid=1001} ---
9864  <... clone resumed>)              = 9866
9864  tgkill(9862, 9862, SIGURG)        = 0
9862  --- SIGURG {si_signo=SIGURG, si_code=SI_TKILL, si_pid=9862, si_uid=1001} ---
9864  tgkill(9862, 9862, SIGURG)        = 0
9862  --- SIGURG {si_signo=SIGURG, si_code=SI_TKILL, si_pid=9862, si_uid=1001} ---
9864  tgkill(9862, 9866, SIGURG)        = 0
9866  --- SIGURG {si_signo=SIGURG, si_code=SI_TKILL, si_pid=9862, si_uid=1001} ---
9864  tgkill(9862, 9866, SIGURG)        = 0
9866  --- SIGURG {si_signo=SIGURG, si_code=SI_TKILL, si_pid=9862, si_uid=1001} ---
9864  tgkill(9862, 9866, SIGURG)        = 0
9866  --- SIGURG {si_signo=SIGURG, si_code=SI_TKILL, si_pid=9862, si_uid=1001} ---
9864  tgkill(9862, 9866, SIGURG)        = 0
9866  --- SIGURG {si_signo=SIGURG, si_code=SI_TKILL, si_pid=9862, si_uid=1001} ---
9864  tgkill(9862, 9866, SIGURG)        = 0
9866  --- SIGURG {si_signo=SIGURG, si_code=SI_TKILL, si_pid=9862, si_uid=1001} ---
9863  tgkill(9862, 9866, SIGURG)        = 0
9866  --- SIGURG {si_signo=SIGURG, si_code=SI_TKILL, si_pid=9862, si_uid=1001} ---
9865  tgkill(9862, 9862, SIGURG)        = 0
9862  --- SIGURG {si_signo=SIGURG, si_code=SI_TKILL, si_pid=9862, si_uid=1001} ---
9865  tgkill(9862, 9866, SIGURG)        = 0
9866  --- SIGURG {si_signo=SIGURG, si_code=SI_TKILL, si_pid=9862, si_uid=1001} ---
9865  tgkill(9862, 9866, SIGURG)        = 0
9866  --- SIGURG {si_signo=SIGURG, si_code=SI_TKILL, si_pid=9862, si_uid=1001} ---
9865  tgkill(9862, 9866, SIGURG)        = 0
9866  --- SIGURG {si_signo=SIGURG, si_code=SI_TKILL, si_pid=9862, si_uid=1001} ---
9863  tgkill(9862, 9866, SIGURG)        = 0
9866  --- SIGURG {si_signo=SIGURG, si_code=SI_TKILL, si_pid=9862, si_uid=1001} ---
9863  tgkill(9862, 9865, SIGURG)        = 0
9865  --- SIGURG {si_signo=SIGURG, si_code=SI_TKILL, si_pid=9862, si_uid=1001} ---
9864  tgkill(9862, 9865, SIGURG)        = 0
9865  --- SIGURG {si_signo=SIGURG, si_code=SI_TKILL, si_pid=9862, si_uid=1001} ---
9864  tgkill(9862, 9866, SIGURG)        = 0
9866  --- SIGURG {si_signo=SIGURG, si_code=SI_TKILL, si_pid=9862, si_uid=1001} ---
9864  tgkill(9862, 9866, SIGURG)        = 0
9866  --- SIGURG {si_signo=SIGURG, si_code=SI_TKILL, si_pid=9862, si_uid=1001} ---
9864  tgkill(9862, 9866, SIGURG)        = 0
9866  --- SIGURG {si_signo=SIGURG, si_code=SI_TKILL, si_pid=9862, si_uid=1001} ---
9864  tgkill(9862, 9866, SIGURG)        = 0
9866  --- SIGURG {si_signo=SIGURG, si_code=SI_TKILL, si_pid=9862, si_uid=1001} ---
9864  tgkill(9862, 9862, SIGURG)        = 0
9862  --- SIGURG {si_signo=SIGURG, si_code=SI_TKILL, si_pid=9862, si_uid=1001} ---
9866  tgkill(9862, 9864, SIGURG)        = 0
9864  --- SIGURG {si_signo=SIGURG, si_code=SI_TKILL, si_pid=9862, si_uid=1001} ---
9865  tgkill(9862, 9864, SIGURG)        = 0
9864  --- SIGURG {si_signo=SIGURG, si_code=SI_TKILL, si_pid=9862, si_uid=1001} ---
9865  tgkill(9862, 9862, SIGURG)        = 0
9862  --- SIGURG {si_signo=SIGURG, si_code=SI_TKILL, si_pid=9862, si_uid=1001} ---
9865  tgkill(9862, 9864, SIGURG)        = 0
9864  --- SIGURG {si_signo=SIGURG, si_code=SI_TKILL, si_pid=9862, si_uid=1001} ---
9865  tgkill(9862, 9862, SIGURG)        = 0
9862  --- SIGURG {si_signo=SIGURG, si_code=SI_TKILL, si_pid=9862, si_uid=1001} ---
9865  tgkill(9862, 9864, SIGURG)        = 0
9864  --- SIGURG {si_signo=SIGURG, si_code=SI_TKILL, si_pid=9862, si_uid=1001} ---
9865  tgkill(9862, 9862, SIGURG)        = 0
9862  --- SIGURG {si_signo=SIGURG, si_code=SI_TKILL, si_pid=9862, si_uid=1001} ---
9865  tgkill(9862, 9864, SIGURG)        = 0
9864  --- SIGURG {si_signo=SIGURG, si_code=SI_TKILL, si_pid=9862, si_uid=1001} ---
9865  tgkill(9862, 9862, SIGURG)        = 0
9862  --- SIGURG {si_signo=SIGURG, si_code=SI_TKILL, si_pid=9862, si_uid=1001} ---
9865  tgkill(9862, 9862, SIGURG)        = 0
9862  --- SIGURG {si_signo=SIGURG, si_code=SI_TKILL, si_pid=9862, si_uid=1001} ---
9865  tgkill(9862, 9866, SIGURG <unfinished ...>
9866  --- SIGURG {si_signo=SIGURG, si_code=SI_TKILL, si_pid=9862, si_uid=1001} ---
9865  <... tgkill resumed>)             = 0
9866  tgkill(9862, 9862, SIGURG)        = 0
9862  --- SIGURG {si_signo=SIGURG, si_code=SI_TKILL, si_pid=9862, si_uid=1001} ---
9866  tgkill(9862, 9862, SIGURG)        = 0
9862  --- SIGURG {si_signo=SIGURG, si_code=SI_TKILL, si_pid=9862, si_uid=1001} ---
9864  exit_group(0)                     = ?
9866  +++ exited with 0 +++
9865  +++ exited with 0 +++
9864  +++ exited with 0 +++
9863  +++ exited with 0 +++
9862  +++ exited with 0 +++
9202  <... waitid resumed>{si_signo=SIGCHLD, si_code=CLD_EXITED, si_pid=9862, si_uid=1001, si_status=0, si_utime=0, si_stime=0}, WEXITED, {ru_utime={tv_sec=0, tv_usec=89933}, ru_stime={tv_sec=0, tv_usec=50831}, ...}) = 0
9203  --- SIGCHLD {si_signo=SIGCHLD, si_code=CLD_EXITED, si_pid=9862, si_uid=1001, si_status=0, si_utime=9 /* 0.09 s */, si_stime=5 /* 0.05 s */} ---
9198  tgkill(9197, 9202, SIGURG <unfinished ...>
9202  --- SIGURG {si_signo=SIGURG, si_code=SI_TKILL, si_pid=9197, si_uid=1001} ---
9198  <... tgkill resumed>)             = 0
9198  tgkill(9197, 9205, SIGURG)        = 0
9205  --- SIGURG {si_signo=SIGURG, si_code=SI_TKILL, si_pid=9197, si_uid=1001} ---
9198  tgkill(9197, 9205, SIGURG)        = 0
9205  --- SIGURG {si_signo=SIGURG, si_code=SI_TKILL, si_pid=9197, si_uid=1001} ---
9198  tgkill(9197, 9205, SIGURG <unfinished ...>
9205  --- SIGURG {si_signo=SIGURG, si_code=SI_TKILL, si_pid=9197, si_uid=1001} ---
9198  <... tgkill resumed>)             = 0
9198  tgkill(9197, 9199, SIGURG)        = 0
9205  exit_group(0 <unfinished ...>
9203  ???( <unfinished ...>
9199  --- SIGURG {si_signo=SIGURG, si_code=SI_TKILL, si_pid=9197, si_uid=1001} ---
9198  ???( <unfinished ...>
9205  <... exit_group resumed>)         = ?
9198  <... ??? resumed>)                = ?
9367  +++ exited with 0 +++
9205  +++ exited with 0 +++
9204  +++ exited with 0 +++
9203  +++ exited with 0 +++
9202  +++ exited with 0 +++
9200  +++ exited with 0 +++
9199  +++ exited with 0 +++
9198  +++ exited with 0 +++
9201  +++ exited with 0 +++
9197  +++ exited with 0 +++
9194  <... waitid resumed>{si_signo=SIGCHLD, si_code=CLD_EXITED, si_pid=9197, si_uid=1001, si_status=0, si_utime=0, si_stime=0}, WEXITED, {ru_utime={tv_sec=9, tv_usec=102485}, ru_stime={tv_sec=2, tv_usec=332981}, ...}) = 0
9194  --- SIGCHLD {si_signo=SIGCHLD, si_code=CLD_EXITED, si_pid=9197, si_uid=1001, si_status=0, si_utime=23 /* 0.23 s */, si_stime=62 /* 0.62 s */} ---
9194  clone3({flags=CLONE_VM|CLONE_FS|CLONE_FILES|CLONE_SIGHAND|CLONE_THREAD|CLONE_SYSVSEM|CLONE_SETTLS|CLONE_PARENT_SETTID|CLONE_CHILD_CLEARTID, child_tid=0xffd63a5ef250, parent_tid=0xffd63a5ef250, exit_signal=0, stack=0xffd6395e0000, stack_size=0x100ea40, tls=0xffd63a5ef8c0} => {parent_tid=[9867]}, 88) = 9867
9194  exit_group(0)                     = ?
9195  +++ exited with 0 +++
9194  +++ exited with 0 +++
9193  +++ exited with 0 +++
9192  +++ exited with 0 +++
9191  +++ exited with 0 +++
9867  +++ exited with 0 +++
9190  +++ exited with 0 +++
