10652 execve("/home/runner/work/_temp/trb", ["/home/runner/work/_temp/trb", "build", "--compile", "--config", "/home/runner/work/type-rb-native"..., "--outfile", "/home/runner/work/_temp/build-wo"...], 0xffffe7bee7c8 /* 116 vars */) = 0
10652 clone3({flags=CLONE_VM|CLONE_FS|CLONE_FILES|CLONE_SIGHAND|CLONE_THREAD|CLONE_SYSVSEM|CLONE_SETTLS|CLONE_PARENT_SETTID|CLONE_CHILD_CLEARTID, child_tid=0xff127aa4f250, parent_tid=0xff127aa4f250, exit_signal=0, stack=0xff1279a40000, stack_size=0x100ea40, tls=0xff127aa4f8c0} => {parent_tid=[10653]}, 88) = 10653
10652 clone3({flags=CLONE_VM|CLONE_FS|CLONE_FILES|CLONE_SIGHAND|CLONE_THREAD|CLONE_SYSVSEM|CLONE_SETTLS|CLONE_PARENT_SETTID|CLONE_CHILD_CLEARTID, child_tid=0xff12719ff250, parent_tid=0xff12719ff250, exit_signal=0, stack=0xff12709f0000, stack_size=0x100ea40, tls=0xff12719ff8c0} => {parent_tid=[10654]}, 88) = 10654
10652 clone3({flags=CLONE_VM|CLONE_FS|CLONE_FILES|CLONE_SIGHAND|CLONE_THREAD|CLONE_SYSVSEM|CLONE_SETTLS|CLONE_PARENT_SETTID|CLONE_CHILD_CLEARTID, child_tid=0xff1279a3f250, parent_tid=0xff1279a3f250, exit_signal=0, stack=0xff1278a30000, stack_size=0x100ea40, tls=0xff1279a3f8c0} => {parent_tid=[10655]}, 88) = 10655
10654 clone3({flags=CLONE_VM|CLONE_FS|CLONE_FILES|CLONE_SIGHAND|CLONE_THREAD|CLONE_SYSVSEM|CLONE_SETTLS|CLONE_PARENT_SETTID|CLONE_CHILD_CLEARTID, child_tid=0xff1273fff250, parent_tid=0xff1273fff250, exit_signal=0, stack=0xff1272ff0000, stack_size=0x100ea40, tls=0xff1273fff8c0} => {parent_tid=[10656]}, 88) = 10656
10652 clone3({flags=CLONE_VM|CLONE_FS|CLONE_FILES|CLONE_SIGHAND|CLONE_THREAD|CLONE_SYSVSEM|CLONE_SETTLS|CLONE_PARENT_SETTID|CLONE_CHILD_CLEARTID, child_tid=0xff1272fef250, parent_tid=0xff1272fef250, exit_signal=0, stack=0xff1271fe0000, stack_size=0x100ea40, tls=0xff1272fef8c0} => {parent_tid=[10657]}, 88) = 10657
10653 tgkill(10652, 10652, SIGURG <unfinished ...>
10652 --- SIGURG {si_signo=SIGURG, si_code=SI_TKILL, si_pid=10652, si_uid=1001} ---
10653 <... tgkill resumed>)             = 0
10655 tgkill(10652, 10652, SIGURG)      = 0
10652 --- SIGURG {si_signo=SIGURG, si_code=SI_TKILL, si_pid=10652, si_uid=1001} ---
10656 tgkill(10652, 10652, SIGURG <unfinished ...>
10652 --- SIGURG {si_signo=SIGURG, si_code=SI_TKILL, si_pid=10652, si_uid=1001} ---
10656 <... tgkill resumed>)             = 0
10656 tgkill(10652, 10652, SIGURG)      = 0
10652 --- SIGURG {si_signo=SIGURG, si_code=SI_TKILL, si_pid=10652, si_uid=1001} ---
10656 tgkill(10652, 10652, SIGURG)      = 0
10652 --- SIGURG {si_signo=SIGURG, si_code=SI_TKILL, si_pid=10652, si_uid=1001} ---
10656 tgkill(10652, 10655, SIGURG)      = 0
10655 --- SIGURG {si_signo=SIGURG, si_code=SI_TKILL, si_pid=10652, si_uid=1001} ---
10655 waitid(P_PIDFD, 7, 0x2c039c81ef98, WEXITED, NULL) = -1 ECHILD (No child processes)
10655 pidfd_send_signal(7, 0, NULL, 0)  = 0
10655 clone(child_stack=NULL, flags=CLONE_VM|CLONE_PIDFD|CLONE_VFORK <unfinished ...>
10658 exit_group(0)                     = ?
10655 <... clone resumed>, parent_tid=[8]) = 10658
10658 +++ exited with 0 +++
10655 waitid(P_PIDFD, 8, {si_signo=SIGCHLD, si_code=CLD_EXITED, si_pid=10658, si_uid=1001, si_status=0, si_utime=0, si_stime=0}, WEXITED|__WCLONE, NULL) = 0
10655 clone(child_stack=NULL, flags=CLONE_VM|CLONE_PIDFD|CLONE_VFORK|SIGCHLD <unfinished ...>
10659 execve("/opt/hostedtoolcache/go/1.27.1/arm64/bin/go", ["go", "build", "-mod=mod", "-o", "/home/runner/work/_temp/build-wo"..., "."], 0x2c039c3cf008 /* 116 vars */ <unfinished ...>
10655 <... clone resumed>, parent_tid=[9]) = 10659
10659 <... execve resumed>)             = 0
10655 waitid(P_PIDFD, 9,  <unfinished ...>
10659 clone(child_stack=0x4a564867a000, flags=CLONE_VM|CLONE_FS|CLONE_FILES|CLONE_SIGHAND|CLONE_THREAD|CLONE_SYSVSEM) = 10660
10659 clone(child_stack=0x4a56486b0000, flags=CLONE_VM|CLONE_FS|CLONE_FILES|CLONE_SIGHAND|CLONE_THREAD|CLONE_SYSVSEM) = 10661
10660 tgkill(10659, 10659, SIGURG)      = 0
10661 clone(child_stack=0x4a56486ac000, flags=CLONE_VM|CLONE_FS|CLONE_FILES|CLONE_SIGHAND|CLONE_THREAD|CLONE_SYSVSEM <unfinished ...>
10659 --- SIGURG {si_signo=SIGURG, si_code=SI_TKILL, si_pid=10659, si_uid=1001} ---
10661 <... clone resumed>)              = 10662
10659 clone(child_stack=0x4a56486c0000, flags=CLONE_VM|CLONE_FS|CLONE_FILES|CLONE_SIGHAND|CLONE_THREAD|CLONE_SYSVSEM) = 10663
10660 tgkill(10659, 10659, SIGURG)      = 0
10659 --- SIGURG {si_signo=SIGURG, si_code=SI_TKILL, si_pid=10659, si_uid=1001} ---
10660 tgkill(10659, 10663, SIGURG)      = 0
10663 --- SIGURG {si_signo=SIGURG, si_code=SI_TKILL, si_pid=10659, si_uid=1001} ---
10660 clone(child_stack=0x4a56487ac000, flags=CLONE_VM|CLONE_FS|CLONE_FILES|CLONE_SIGHAND|CLONE_THREAD|CLONE_SYSVSEM) = 10664
10660 tgkill(10659, 10661, SIGURG <unfinished ...>
10661 --- SIGURG {si_signo=SIGURG, si_code=SI_TKILL, si_pid=10659, si_uid=1001} ---
10660 <... tgkill resumed>)             = 0
10661 tgkill(10659, 10663, SIGURG)      = 0
10663 --- SIGURG {si_signo=SIGURG, si_code=SI_TKILL, si_pid=10659, si_uid=1001} ---
10661 tgkill(10659, 10659, SIGURG)      = 0
10659 --- SIGURG {si_signo=SIGURG, si_code=SI_TKILL, si_pid=10659, si_uid=1001} ---
10663 tgkill(10659, 10662, SIGURG)      = 0
10662 --- SIGURG {si_signo=SIGURG, si_code=SI_TKILL, si_pid=10659, si_uid=1001} ---
10663 tgkill(10659, 10659, SIGURG)      = 0
10659 --- SIGURG {si_signo=SIGURG, si_code=SI_TKILL, si_pid=10659, si_uid=1001} ---
10662 clone(child_stack=0x4a5648b98000, flags=CLONE_VM|CLONE_FS|CLONE_FILES|CLONE_SIGHAND|CLONE_THREAD|CLONE_SYSVSEM) = 10665
10662 tgkill(10659, 10665, SIGURG)      = 0
10665 --- SIGURG {si_signo=SIGURG, si_code=SI_TKILL, si_pid=10659, si_uid=1001} ---
10662 tgkill(10659, 10665, SIGURG)      = 0
10665 --- SIGURG {si_signo=SIGURG, si_code=SI_TKILL, si_pid=10659, si_uid=1001} ---
10661 tgkill(10659, 10663, SIGURG)      = 0
10663 --- SIGURG {si_signo=SIGURG, si_code=SI_TKILL, si_pid=10659, si_uid=1001} ---
10661 tgkill(10659, 10662, SIGURG)      = 0
10662 --- SIGURG {si_signo=SIGURG, si_code=SI_TKILL, si_pid=10659, si_uid=1001} ---
10665 tgkill(10659, 10659, SIGURG)      = 0
10659 --- SIGURG {si_signo=SIGURG, si_code=SI_TKILL, si_pid=10659, si_uid=1001} ---
10665 tgkill(10659, 10664, SIGURG)      = 0
10664 --- SIGURG {si_signo=SIGURG, si_code=SI_TKILL, si_pid=10659, si_uid=1001} ---
10665 tgkill(10659, 10664, SIGURG)      = 0
10664 --- SIGURG {si_signo=SIGURG, si_code=SI_TKILL, si_pid=10659, si_uid=1001} ---
10661 tgkill(10659, 10659, SIGURG)      = 0
10659 --- SIGURG {si_signo=SIGURG, si_code=SI_TKILL, si_pid=10659, si_uid=1001} ---
10661 tgkill(10659, 10665, SIGURG)      = 0
10665 --- SIGURG {si_signo=SIGURG, si_code=SI_TKILL, si_pid=10659, si_uid=1001} ---
10665 tgkill(10659, 10664, SIGURG)      = 0
10664 --- SIGURG {si_signo=SIGURG, si_code=SI_TKILL, si_pid=10659, si_uid=1001} ---
10665 tgkill(10659, 10664, SIGURG)      = 0
10664 --- SIGURG {si_signo=SIGURG, si_code=SI_TKILL, si_pid=10659, si_uid=1001} ---
10665 tgkill(10659, 10664, SIGURG)      = 0
10664 --- SIGURG {si_signo=SIGURG, si_code=SI_TKILL, si_pid=10659, si_uid=1001} ---
10665 tgkill(10659, 10664, SIGURG)      = 0
10664 --- SIGURG {si_signo=SIGURG, si_code=SI_TKILL, si_pid=10659, si_uid=1001} ---
10665 tgkill(10659, 10661, SIGURG)      = 0
10661 --- SIGURG {si_signo=SIGURG, si_code=SI_TKILL, si_pid=10659, si_uid=1001} ---
10665 tgkill(10659, 10664, SIGURG)      = 0
10664 --- SIGURG {si_signo=SIGURG, si_code=SI_TKILL, si_pid=10659, si_uid=1001} ---
10661 tgkill(10659, 10664, SIGURG)      = 0
10664 --- SIGURG {si_signo=SIGURG, si_code=SI_TKILL, si_pid=10659, si_uid=1001} ---
10661 tgkill(10659, 10665, SIGURG)      = 0
10665 --- SIGURG {si_signo=SIGURG, si_code=SI_TKILL, si_pid=10659, si_uid=1001} ---
10661 tgkill(10659, 10664, SIGURG)      = 0
10664 --- SIGURG {si_signo=SIGURG, si_code=SI_TKILL, si_pid=10659, si_uid=1001} ---
10661 tgkill(10659, 10664, SIGURG)      = 0
10664 --- SIGURG {si_signo=SIGURG, si_code=SI_TKILL, si_pid=10659, si_uid=1001} ---
10659 tgkill(10659, 10662, SIGURG)      = 0
10662 --- SIGURG {si_signo=SIGURG, si_code=SI_TKILL, si_pid=10659, si_uid=1001} ---
10659 tgkill(10659, 10664, SIGURG)      = 0
10664 --- SIGURG {si_signo=SIGURG, si_code=SI_TKILL, si_pid=10659, si_uid=1001} ---
10661 tgkill(10659, 10665, SIGURG)      = 0
10665 --- SIGURG {si_signo=SIGURG, si_code=SI_TKILL, si_pid=10659, si_uid=1001} ---
10660 clone(child_stack=0x4a5648b94000, flags=CLONE_VM|CLONE_FS|CLONE_FILES|CLONE_SIGHAND|CLONE_THREAD|CLONE_SYSVSEM) = 10666
10666 tgkill(10659, 10665, SIGURG)      = 0
10665 --- SIGURG {si_signo=SIGURG, si_code=SI_TKILL, si_pid=10659, si_uid=1001} ---
10666 tgkill(10659, 10665, SIGURG)      = 0
10665 --- SIGURG {si_signo=SIGURG, si_code=SI_TKILL, si_pid=10659, si_uid=1001} ---
10666 tgkill(10659, 10664, SIGURG)      = 0
10664 --- SIGURG {si_signo=SIGURG, si_code=SI_TKILL, si_pid=10659, si_uid=1001} ---
10666 tgkill(10659, 10665, SIGURG)      = 0
10665 --- SIGURG {si_signo=SIGURG, si_code=SI_TKILL, si_pid=10659, si_uid=1001} ---
10666 tgkill(10659, 10659, SIGURG)      = 0
10659 --- SIGURG {si_signo=SIGURG, si_code=SI_TKILL, si_pid=10659, si_uid=1001} ---
10666 tgkill(10659, 10659, SIGURG)      = 0
10659 --- SIGURG {si_signo=SIGURG, si_code=SI_TKILL, si_pid=10659, si_uid=1001} ---
10666 tgkill(10659, 10665, SIGURG)      = 0
10665 --- SIGURG {si_signo=SIGURG, si_code=SI_TKILL, si_pid=10659, si_uid=1001} ---
10666 tgkill(10659, 10664, SIGURG)      = 0
10664 --- SIGURG {si_signo=SIGURG, si_code=SI_TKILL, si_pid=10659, si_uid=1001} ---
10666 tgkill(10659, 10659, SIGURG)      = 0
10659 --- SIGURG {si_signo=SIGURG, si_code=SI_TKILL, si_pid=10659, si_uid=1001} ---
10666 tgkill(10659, 10665, SIGURG)      = 0
10665 --- SIGURG {si_signo=SIGURG, si_code=SI_TKILL, si_pid=10659, si_uid=1001} ---
10659 tgkill(10659, 10664, SIGURG)      = 0
10664 --- SIGURG {si_signo=SIGURG, si_code=SI_TKILL, si_pid=10659, si_uid=1001} ---
10659 tgkill(10659, 10662, SIGURG)      = 0
10662 --- SIGURG {si_signo=SIGURG, si_code=SI_TKILL, si_pid=10659, si_uid=1001} ---
10659 tgkill(10659, 10661, SIGURG)      = 0
10661 --- SIGURG {si_signo=SIGURG, si_code=SI_TKILL, si_pid=10659, si_uid=1001} ---
10661 tgkill(10659, 10659, SIGURG)      = 0
10659 --- SIGURG {si_signo=SIGURG, si_code=SI_TKILL, si_pid=10659, si_uid=1001} ---
10661 tgkill(10659, 10662, SIGURG)      = 0
10662 --- SIGURG {si_signo=SIGURG, si_code=SI_TKILL, si_pid=10659, si_uid=1001} ---
10661 tgkill(10659, 10659, SIGURG)      = 0
10659 --- SIGURG {si_signo=SIGURG, si_code=SI_TKILL, si_pid=10659, si_uid=1001} ---
10661 tgkill(10659, 10662, SIGURG)      = 0
10662 --- SIGURG {si_signo=SIGURG, si_code=SI_TKILL, si_pid=10659, si_uid=1001} ---
10665 tgkill(10659, 10661, SIGURG)      = 0
10661 --- SIGURG {si_signo=SIGURG, si_code=SI_TKILL, si_pid=10659, si_uid=1001} ---
10665 tgkill(10659, 10662, SIGURG)      = 0
10662 --- SIGURG {si_signo=SIGURG, si_code=SI_TKILL, si_pid=10659, si_uid=1001} ---
10665 tgkill(10659, 10666, SIGURG)      = 0
10666 --- SIGURG {si_signo=SIGURG, si_code=SI_TKILL, si_pid=10659, si_uid=1001} ---
10664 tgkill(10659, 10659, SIGURG)      = 0
10659 --- SIGURG {si_signo=SIGURG, si_code=SI_TKILL, si_pid=10659, si_uid=1001} ---
10664 tgkill(10659, 10665, SIGURG <unfinished ...>
10665 --- SIGURG {si_signo=SIGURG, si_code=SI_TKILL, si_pid=10659, si_uid=1001} ---
10664 <... tgkill resumed>)             = 0
10662 tgkill(10659, 10664, SIGURG)      = 0
10664 --- SIGURG {si_signo=SIGURG, si_code=SI_TKILL, si_pid=10659, si_uid=1001} ---
10665 tgkill(10659, 10661, SIGURG)      = 0
10661 --- SIGURG {si_signo=SIGURG, si_code=SI_TKILL, si_pid=10659, si_uid=1001} ---
10659 tgkill(10659, 10665, SIGURG)      = 0
10665 --- SIGURG {si_signo=SIGURG, si_code=SI_TKILL, si_pid=10659, si_uid=1001} ---
10659 tgkill(10659, 10661, SIGURG)      = 0
10661 --- SIGURG {si_signo=SIGURG, si_code=SI_TKILL, si_pid=10659, si_uid=1001} ---
10659 tgkill(10659, 10664, SIGURG)      = 0
10664 --- SIGURG {si_signo=SIGURG, si_code=SI_TKILL, si_pid=10659, si_uid=1001} ---
10664 tgkill(10659, 10659, SIGURG)      = 0
10659 --- SIGURG {si_signo=SIGURG, si_code=SI_TKILL, si_pid=10659, si_uid=1001} ---
10664 tgkill(10659, 10661, SIGURG)      = 0
10661 --- SIGURG {si_signo=SIGURG, si_code=SI_TKILL, si_pid=10659, si_uid=1001} ---
10659 tgkill(10659, 10662, SIGURG)      = 0
10662 --- SIGURG {si_signo=SIGURG, si_code=SI_TKILL, si_pid=10659, si_uid=1001} ---
10659 tgkill(10659, 10661, SIGURG)      = 0
10661 --- SIGURG {si_signo=SIGURG, si_code=SI_TKILL, si_pid=10659, si_uid=1001} ---
10659 tgkill(10659, 10664, SIGURG)      = 0
10664 --- SIGURG {si_signo=SIGURG, si_code=SI_TKILL, si_pid=10659, si_uid=1001} ---
10660 tgkill(10659, 10659, SIGURG)      = 0
10659 --- SIGURG {si_signo=SIGURG, si_code=SI_TKILL, si_pid=10659, si_uid=1001} ---
10661 tgkill(10659, 10659, SIGURG)      = 0
10659 --- SIGURG {si_signo=SIGURG, si_code=SI_TKILL, si_pid=10659, si_uid=1001} ---
10661 tgkill(10659, 10662, SIGURG)      = 0
10662 --- SIGURG {si_signo=SIGURG, si_code=SI_TKILL, si_pid=10659, si_uid=1001} ---
10661 tgkill(10659, 10662, SIGURG)      = 0
10662 --- SIGURG {si_signo=SIGURG, si_code=SI_TKILL, si_pid=10659, si_uid=1001} ---
10661 tgkill(10659, 10659, SIGURG)      = 0
10659 --- SIGURG {si_signo=SIGURG, si_code=SI_TKILL, si_pid=10659, si_uid=1001} ---
10660 tgkill(10659, 10659, SIGURG)      = 0
10659 --- SIGURG {si_signo=SIGURG, si_code=SI_TKILL, si_pid=10659, si_uid=1001} ---
10660 tgkill(10659, 10661, SIGURG)      = 0
10661 --- SIGURG {si_signo=SIGURG, si_code=SI_TKILL, si_pid=10659, si_uid=1001} ---
10664 tgkill(10659, 10661, SIGURG)      = 0
10661 --- SIGURG {si_signo=SIGURG, si_code=SI_TKILL, si_pid=10659, si_uid=1001} ---
10660 tgkill(10659, 10659, SIGURG)      = 0
10659 --- SIGURG {si_signo=SIGURG, si_code=SI_TKILL, si_pid=10659, si_uid=1001} ---
10660 tgkill(10659, 10659, SIGURG)      = 0
10659 --- SIGURG {si_signo=SIGURG, si_code=SI_TKILL, si_pid=10659, si_uid=1001} ---
10660 tgkill(10659, 10661, SIGURG)      = 0
10661 --- SIGURG {si_signo=SIGURG, si_code=SI_TKILL, si_pid=10659, si_uid=1001} ---
10660 tgkill(10659, 10661, SIGURG)      = 0
10661 --- SIGURG {si_signo=SIGURG, si_code=SI_TKILL, si_pid=10659, si_uid=1001} ---
10660 tgkill(10659, 10661, SIGURG)      = 0
10661 --- SIGURG {si_signo=SIGURG, si_code=SI_TKILL, si_pid=10659, si_uid=1001} ---
10659 tgkill(10659, 10661, SIGURG)      = 0
10661 --- SIGURG {si_signo=SIGURG, si_code=SI_TKILL, si_pid=10659, si_uid=1001} ---
10660 tgkill(10659, 10664, SIGURG)      = 0
10664 --- SIGURG {si_signo=SIGURG, si_code=SI_TKILL, si_pid=10659, si_uid=1001} ---
10665 tgkill(10659, 10661, SIGURG)      = 0
10661 --- SIGURG {si_signo=SIGURG, si_code=SI_TKILL, si_pid=10659, si_uid=1001} ---
10665 tgkill(10659, 10662, SIGURG)      = 0
10662 --- SIGURG {si_signo=SIGURG, si_code=SI_TKILL, si_pid=10659, si_uid=1001} ---
10662 tgkill(10659, 10659, SIGURG)      = 0
10659 --- SIGURG {si_signo=SIGURG, si_code=SI_TKILL, si_pid=10659, si_uid=1001} ---
10660 tgkill(10659, 10659, SIGURG)      = 0
10659 --- SIGURG {si_signo=SIGURG, si_code=SI_TKILL, si_pid=10659, si_uid=1001} ---
10661 tgkill(10659, 10662, SIGURG)      = 0
10662 --- SIGURG {si_signo=SIGURG, si_code=SI_TKILL, si_pid=10659, si_uid=1001} ---
10661 tgkill(10659, 10665, SIGURG)      = 0
10665 --- SIGURG {si_signo=SIGURG, si_code=SI_TKILL, si_pid=10659, si_uid=1001} ---
10665 tgkill(10659, 10661, SIGURG)      = 0
10661 --- SIGURG {si_signo=SIGURG, si_code=SI_TKILL, si_pid=10659, si_uid=1001} ---
10659 tgkill(10659, 10662, SIGURG)      = 0
10662 --- SIGURG {si_signo=SIGURG, si_code=SI_TKILL, si_pid=10659, si_uid=1001} ---
10662 tgkill(10659, 10661, SIGURG)      = 0
10661 --- SIGURG {si_signo=SIGURG, si_code=SI_TKILL, si_pid=10659, si_uid=1001} ---
10662 tgkill(10659, 10659, SIGURG)      = 0
10659 --- SIGURG {si_signo=SIGURG, si_code=SI_TKILL, si_pid=10659, si_uid=1001} ---
10665 tgkill(10659, 10662, SIGURG)      = 0
10662 --- SIGURG {si_signo=SIGURG, si_code=SI_TKILL, si_pid=10659, si_uid=1001} ---
10665 tgkill(10659, 10661, SIGURG)      = 0
10661 --- SIGURG {si_signo=SIGURG, si_code=SI_TKILL, si_pid=10659, si_uid=1001} ---
10659 waitid(P_PIDFD, 12, 0x4a56487471c8, WEXITED, NULL) = -1 ECHILD (No child processes)
10659 pidfd_send_signal(12, 0, NULL, 0) = 0
10659 clone(child_stack=NULL, flags=CLONE_VM|CLONE_PIDFD|CLONE_VFORK <unfinished ...>
10667 exit_group(0)                     = ?
10659 <... clone resumed>, parent_tid=[13]) = 10667
10667 +++ exited with 0 +++
10659 waitid(P_PIDFD, 13, {si_signo=SIGCHLD, si_code=CLD_EXITED, si_pid=10667, si_uid=1001, si_status=0, si_utime=0, si_stime=0}, WEXITED|__WCLONE, NULL) = 0
10659 clone(child_stack=NULL, flags=CLONE_VM|CLONE_PIDFD|CLONE_VFORK|SIGCHLD <unfinished ...>
10668 execve("/opt/hostedtoolcache/go/1.27.1/arm64/pkg/tool/linux_arm64/compile", ["/opt/hostedtoolcache/go/1.27.1/a"..., "-V=full"], 0x4a56488ae008 /* 139 vars */ <unfinished ...>
10659 <... clone resumed>, parent_tid=[14]) = 10668
10668 <... execve resumed>)             = 0
10659 waitid(P_PIDFD, 14,  <unfinished ...>
10668 clone(child_stack=0x288dfcd78000, flags=CLONE_VM|CLONE_FS|CLONE_FILES|CLONE_SIGHAND|CLONE_THREAD|CLONE_SYSVSEM) = 10669
10669 tgkill(10668, 10668, SIGURG)      = 0
10668 --- SIGURG {si_signo=SIGURG, si_code=SI_TKILL, si_pid=10668, si_uid=1001} ---
10669 tgkill(10668, 10668, SIGURG)      = 0
10668 --- SIGURG {si_signo=SIGURG, si_code=SI_TKILL, si_pid=10668, si_uid=1001} ---
10668 clone(child_stack=0x288dfcdae000, flags=CLONE_VM|CLONE_FS|CLONE_FILES|CLONE_SIGHAND|CLONE_THREAD|CLONE_SYSVSEM) = 10670
10668 clone(child_stack=0x288dfcdaa000, flags=CLONE_VM|CLONE_FS|CLONE_FILES|CLONE_SIGHAND|CLONE_THREAD|CLONE_SYSVSEM) = 10671
10670 clone(child_stack=0x288dfce18000, flags=CLONE_VM|CLONE_FS|CLONE_FILES|CLONE_SIGHAND|CLONE_THREAD|CLONE_SYSVSEM) = 10672
10672 clone(child_stack=0x288dfce14000, flags=CLONE_VM|CLONE_FS|CLONE_FILES|CLONE_SIGHAND|CLONE_THREAD|CLONE_SYSVSEM) = 10673
10669 tgkill(10668, 10668, SIGURG)      = 0
10668 --- SIGURG {si_signo=SIGURG, si_code=SI_TKILL, si_pid=10668, si_uid=1001} ---
10668 exit_group(0)                     = ?
10673 +++ exited with 0 +++
10670 +++ exited with 0 +++
10672 +++ exited with 0 +++
10669 +++ exited with 0 +++
10671 +++ exited with 0 +++
10668 +++ exited with 0 +++
10659 <... waitid resumed>{si_signo=SIGCHLD, si_code=CLD_EXITED, si_pid=10668, si_uid=1001, si_status=0, si_utime=0, si_stime=0}, WEXITED, {ru_utime={tv_sec=0, tv_usec=675}, ru_stime={tv_sec=0, tv_usec=9451}, ...}) = 0
10663 --- SIGCHLD {si_signo=SIGCHLD, si_code=CLD_EXITED, si_pid=10668, si_uid=1001, si_status=0, si_utime=0, si_stime=1 /* 0.01 s */} ---
10663 tgkill(10659, 10661, SIGURG <unfinished ...>
10661 clone(child_stack=NULL, flags=CLONE_VM|CLONE_PIDFD|CLONE_VFORK|SIGCHLD <unfinished ...>
10663 <... tgkill resumed>)             = 0
10674 execve("/opt/hostedtoolcache/go/1.27.1/arm64/pkg/tool/linux_arm64/asm", ["/opt/hostedtoolcache/go/1.27.1/a"..., "-V=full"], 0x4a5648bb4008 /* 139 vars */ <unfinished ...>
10659 clone(child_stack=NULL, flags=CLONE_VM|CLONE_PIDFD|CLONE_VFORK|SIGCHLD <unfinished ...>
10665 clone(child_stack=NULL, flags=CLONE_VM|CLONE_PIDFD|CLONE_VFORK|SIGCHLD <unfinished ...>
10661 <... clone resumed>, parent_tid=[16]) = 10674
10661 --- SIGURG {si_signo=SIGURG, si_code=SI_TKILL, si_pid=10659, si_uid=1001} ---
10663 tgkill(10659, 10661, SIGURG)      = 0
10661 --- SIGURG {si_signo=SIGURG, si_code=SI_TKILL, si_pid=10659, si_uid=1001} ---
10663 tgkill(10659, 10665, SIGURG)      = 0
10674 <... execve resumed>)             = 0
10676 execve("/opt/hostedtoolcache/go/1.27.1/arm64/pkg/tool/linux_arm64/compile", ["/opt/hostedtoolcache/go/1.27.1/a"..., "-o", "/tmp/go-build1442187625/b006/_pk"..., "-trimpath", "/tmp/go-build1442187625/b006=>", "-p", "internal/goarch", "-lang=go1.27", "-std", "-complete", "-buildid", "Nvi4zq8qLTsFtYkfLyRL/Nvi4zq8qLTs"..., "-goversion", "go1.27.1", "-c=4", "-nolocalimports", "-importcfg", "/tmp/go-build1442187625/b006/imp"..., "-pack", "/opt/hostedtoolcache/go/1.27.1/a"..., "/opt/hostedtoolcache/go/1.27.1/a"..., "/opt/hostedtoolcache/go/1.27.1/a"...], 0x4a56488f8008 /* 140 vars */ <unfinished ...>
10665 <... clone resumed>, parent_tid=[27]) = 10676
10676 <... execve resumed>)             = 0
10665 --- SIGURG {si_signo=SIGURG, si_code=SI_TKILL, si_pid=10659, si_uid=1001} ---
10675 execve("/opt/hostedtoolcache/go/1.27.1/arm64/pkg/tool/linux_arm64/compile", ["/opt/hostedtoolcache/go/1.27.1/a"..., "-o", "/tmp/go-build1442187625/b012/_pk"..., "-trimpath", "/tmp/go-build1442187625/b012=>", "-p", "internal/byteorder", "-lang=go1.27", "-std", "-complete", "-buildid", "-h5owEDwHj1jNIZSNaNO/-h5owEDwHj1"..., "-goversion", "go1.27.1", "-c=4", "-nolocalimports", "-importcfg", "/tmp/go-build1442187625/b012/imp"..., "-pack", "/opt/hostedtoolcache/go/1.27.1/a"...], 0x4a56488ae488 /* 140 vars */ <unfinished ...>
10659 <... clone resumed>, parent_tid=[26]) = 10675
10663 tgkill(10659, 10665, SIGURG <unfinished ...>
10675 <... execve resumed>)             = 0
10663 <... tgkill resumed>)             = 0
10665 --- SIGURG {si_signo=SIGURG, si_code=SI_TKILL, si_pid=10659, si_uid=1001} ---
10663 tgkill(10659, 10661, SIGURG)      = 0
10661 --- SIGURG {si_signo=SIGURG, si_code=SI_TKILL, si_pid=10659, si_uid=1001} ---
10663 tgkill(10659, 10659, SIGURG)      = 0
10659 --- SIGURG {si_signo=SIGURG, si_code=SI_TKILL, si_pid=10659, si_uid=1001} ---
10663 tgkill(10659, 10661, SIGURG <unfinished ...>
10661 clone(child_stack=NULL, flags=CLONE_VM|CLONE_PIDFD|CLONE_VFORK|SIGCHLD <unfinished ...>
10663 <... tgkill resumed>)             = 0
10662 waitid(P_PIDFD, 26,  <unfinished ...>
10665 waitid(P_PIDFD, 16,  <unfinished ...>
10677 execve("/opt/hostedtoolcache/go/1.27.1/arm64/pkg/tool/linux_arm64/compile", ["/opt/hostedtoolcache/go/1.27.1/a"..., "-o", "/tmp/go-build1442187625/b008/_pk"..., "-trimpath", "/tmp/go-build1442187625/b008=>", "-p", "internal/unsafeheader", "-lang=go1.27", "-std", "-complete", "-buildid", "qC3NJ6-dytwpwDuYJchb/qC3NJ6-dytw"..., "-goversion", "go1.27.1", "-c=4", "-nolocalimports", "-importcfg", "/tmp/go-build1442187625/b008/imp"..., "-pack", "/opt/hostedtoolcache/go/1.27.1/a"...], 0x4a5648bb4488 /* 140 vars */ <unfinished ...>
10661 <... clone resumed>, parent_tid=[9]) = 10677
10677 <... execve resumed>)             = 0
10661 --- SIGURG {si_signo=SIGURG, si_code=SI_TKILL, si_pid=10659, si_uid=1001} ---
10663 tgkill(10659, 10661, SIGURG)      = 0
10661 --- SIGURG {si_signo=SIGURG, si_code=SI_TKILL, si_pid=10659, si_uid=1001} ---
10663 tgkill(10659, 10661, SIGURG)      = 0
10661 --- SIGURG {si_signo=SIGURG, si_code=SI_TKILL, si_pid=10659, si_uid=1001} ---
10663 tgkill(10659, 10661, SIGURG)      = 0
10661 --- SIGURG {si_signo=SIGURG, si_code=SI_TKILL, si_pid=10659, si_uid=1001} ---
10663 tgkill(10659, 10664, SIGURG)      = 0
10664 --- SIGURG {si_signo=SIGURG, si_code=SI_TKILL, si_pid=10659, si_uid=1001} ---
10661 waitid(P_PIDFD, 9,  <unfinished ...>
10664 waitid(P_PIDFD, 27,  <unfinished ...>
10676 clone(child_stack=0x22fc12a9c000, flags=CLONE_VM|CLONE_FS|CLONE_FILES|CLONE_SIGHAND|CLONE_THREAD|CLONE_SYSVSEM) = 10678
10676 clone(child_stack=0x22fc12ad4000, flags=CLONE_VM|CLONE_FS|CLONE_FILES|CLONE_SIGHAND|CLONE_THREAD|CLONE_SYSVSEM) = 10679
10676 clone(child_stack=0x22fc12ad0000, flags=CLONE_VM|CLONE_FS|CLONE_FILES|CLONE_SIGHAND|CLONE_THREAD|CLONE_SYSVSEM) = 10680
10679 clone(child_stack=0x22fc12b18000, flags=CLONE_VM|CLONE_FS|CLONE_FILES|CLONE_SIGHAND|CLONE_THREAD|CLONE_SYSVSEM) = 10681
10675 clone(child_stack=0x1d782796000, flags=CLONE_VM|CLONE_FS|CLONE_FILES|CLONE_SIGHAND|CLONE_THREAD|CLONE_SYSVSEM) = 10682
10675 clone(child_stack=0x1d7827ce000, flags=CLONE_VM|CLONE_FS|CLONE_FILES|CLONE_SIGHAND|CLONE_THREAD|CLONE_SYSVSEM) = 10683
10682 tgkill(10675, 10675, SIGURG)      = 0
10675 clone(child_stack=0x1d7827ca000, flags=CLONE_VM|CLONE_FS|CLONE_FILES|CLONE_SIGHAND|CLONE_THREAD|CLONE_SYSVSEM) = 10684
10675 --- SIGURG {si_signo=SIGURG, si_code=SI_TKILL, si_pid=10675, si_uid=1001} ---
10683 clone(child_stack=0x1d782818000, flags=CLONE_VM|CLONE_FS|CLONE_FILES|CLONE_SIGHAND|CLONE_THREAD|CLONE_SYSVSEM) = 10685
10677 clone(child_stack=0x61df6332c000, flags=CLONE_VM|CLONE_FS|CLONE_FILES|CLONE_SIGHAND|CLONE_THREAD|CLONE_SYSVSEM) = 10686
10677 clone(child_stack=0x61df63364000, flags=CLONE_VM|CLONE_FS|CLONE_FILES|CLONE_SIGHAND|CLONE_THREAD|CLONE_SYSVSEM) = 10687
10677 clone(child_stack=0x61df63360000, flags=CLONE_VM|CLONE_FS|CLONE_FILES|CLONE_SIGHAND|CLONE_THREAD|CLONE_SYSVSEM) = 10688
10677 clone(child_stack=0x61df63408000, flags=CLONE_VM|CLONE_FS|CLONE_FILES|CLONE_SIGHAND|CLONE_THREAD|CLONE_SYSVSEM <unfinished ...>
10687 clone(child_stack=0x61df63404000, flags=CLONE_VM|CLONE_FS|CLONE_FILES|CLONE_SIGHAND|CLONE_THREAD|CLONE_SYSVSEM <unfinished ...>
10677 <... clone resumed>)              = 10689
10687 <... clone resumed>)              = 10690
10674 clone(child_stack=0x7be58f198000, flags=CLONE_VM|CLONE_FS|CLONE_FILES|CLONE_SIGHAND|CLONE_THREAD|CLONE_SYSVSEM) = 10691
10674 clone(child_stack=0x7be58f1ce000, flags=CLONE_VM|CLONE_FS|CLONE_FILES|CLONE_SIGHAND|CLONE_THREAD|CLONE_SYSVSEM) = 10692
10691 tgkill(10674, 10674, SIGURG)      = 0
10674 --- SIGURG {si_signo=SIGURG, si_code=SI_TKILL, si_pid=10674, si_uid=1001} ---
10691 tgkill(10674, 10674, SIGURG)      = 0
10674 clone(child_stack=0x7be58f1ca000, flags=CLONE_VM|CLONE_FS|CLONE_FILES|CLONE_SIGHAND|CLONE_THREAD|CLONE_SYSVSEM) = 10693
10674 --- SIGURG {si_signo=SIGURG, si_code=SI_TKILL, si_pid=10674, si_uid=1001} ---
10692 clone(child_stack=0x7be58f218000, flags=CLONE_VM|CLONE_FS|CLONE_FILES|CLONE_SIGHAND|CLONE_THREAD|CLONE_SYSVSEM) = 10694
10682 tgkill(10675, 10675, SIGURG)      = 0
10675 --- SIGURG {si_signo=SIGURG, si_code=SI_TKILL, si_pid=10675, si_uid=1001} ---
10677 exit_group(0)                     = ?
10686 +++ exited with 0 +++
10688 +++ exited with 0 +++
10690 +++ exited with 0 +++
10689 +++ exited with 0 +++
10687 +++ exited with 0 +++
10677 +++ exited with 0 +++
10661 <... waitid resumed>{si_signo=SIGCHLD, si_code=CLD_EXITED, si_pid=10677, si_uid=1001, si_status=0, si_utime=0, si_stime=0}, WEXITED, {ru_utime={tv_sec=0, tv_usec=3866}, ru_stime={tv_sec=0, tv_usec=7732}, ...}) = 0
10659 --- SIGCHLD {si_signo=SIGCHLD, si_code=CLD_EXITED, si_pid=10677, si_uid=1001, si_status=0, si_utime=0, si_stime=0} ---
10660 tgkill(10659, 10661, SIGURG)      = 0
10661 --- SIGURG {si_signo=SIGURG, si_code=SI_TKILL, si_pid=10659, si_uid=1001} ---
10680 exit_group(0)                     = ?
10679 +++ exited with 0 +++
10678 +++ exited with 0 +++
10681 +++ exited with 0 +++
10680 +++ exited with 0 +++
10674 exit_group(0)                     = ?
10693 +++ exited with 0 +++
10692 +++ exited with 0 +++
10691 +++ exited with 0 +++
10694 +++ exited with 0 +++
10674 +++ exited with 0 +++
10660 --- SIGCHLD {si_signo=SIGCHLD, si_code=CLD_EXITED, si_pid=10674, si_uid=1001, si_status=0, si_utime=0, si_stime=1 /* 0.01 s */} ---
10665 <... waitid resumed>{si_signo=SIGCHLD, si_code=CLD_EXITED, si_pid=10674, si_uid=1001, si_status=0, si_utime=0, si_stime=0}, WEXITED, {ru_utime={tv_sec=0, tv_usec=0}, ru_stime={tv_sec=0, tv_usec=7966}, ...}) = 0
10676 +++ exited with 0 +++
10659 --- SIGCHLD {si_signo=SIGCHLD, si_code=CLD_EXITED, si_pid=10676, si_uid=1001, si_status=0, si_utime=0, si_stime=0} ---
10664 <... waitid resumed>{si_signo=SIGCHLD, si_code=CLD_EXITED, si_pid=10676, si_uid=1001, si_status=0, si_utime=0, si_stime=0}, WEXITED, {ru_utime={tv_sec=0, tv_usec=4490}, ru_stime={tv_sec=0, tv_usec=8980}, ...}) = 0
10661 clone(child_stack=NULL, flags=CLONE_VM|CLONE_PIDFD|CLONE_VFORK|SIGCHLD <unfinished ...>
10659 clone(child_stack=NULL, flags=CLONE_VM|CLONE_PIDFD|CLONE_VFORK|SIGCHLD <unfinished ...>
10695 execve("/opt/hostedtoolcache/go/1.27.1/arm64/pkg/tool/linux_arm64/compile", ["/opt/hostedtoolcache/go/1.27.1/a"..., "-o", "/tmp/go-build1442187625/b014/_pk"..., "-trimpath", "/tmp/go-build1442187625/b014=>", "-p", "internal/coverage/rtcov", "-lang=go1.27", "-std", "-complete", "-buildid", "GpkACqX8jwItV_Qu4uVJ/GpkACqX8jwI"..., "-goversion", "go1.27.1", "-c=4", "-nolocalimports", "-importcfg", "/tmp/go-build1442187625/b014/imp"..., "-pack", "/opt/hostedtoolcache/go/1.27.1/a"...], 0x4a5648bb4008 /* 140 vars */ <unfinished ...>
10661 <... clone resumed>, parent_tid=[14]) = 10695
10695 <... execve resumed>)             = 0
10696 execve("/opt/hostedtoolcache/go/1.27.1/arm64/pkg/tool/linux_arm64/asm", ["/opt/hostedtoolcache/go/1.27.1/a"..., "-p", "internal/cpu", "-trimpath", "/tmp/go-build1442187625/b011=>", "-I", "/tmp/go-build1442187625/b011/", "-I", "/opt/hostedtoolcache/go/1.27.1/a"..., "-D", "GOOS_linux", "-D", "GOARCH_arm64", "-std", "-gensymabis", "-o", "/tmp/go-build1442187625/b011/sym"..., "/opt/hostedtoolcache/go/1.27.1/a"..., "/opt/hostedtoolcache/go/1.27.1/a"...], 0x4a56488f8488 /* 140 vars */ <unfinished ...>
10659 <... clone resumed>, parent_tid=[20]) = 10696
10696 <... execve resumed>)             = 0
10661 waitid(P_PIDFD, 14,  <unfinished ...>
10659 waitid(P_PIDFD, 20,  <unfinished ...>
10682 tgkill(10675, 10683, SIGURG)      = 0
10683 --- SIGURG {si_signo=SIGURG, si_code=SI_TKILL, si_pid=10675, si_uid=1001} ---
10664 clone(child_stack=NULL, flags=CLONE_VM|CLONE_PIDFD|CLONE_VFORK|SIGCHLD <unfinished ...>
10684 exit_group(0)                     = ?
10685 +++ exited with 0 +++
10684 +++ exited with 0 +++
10683 +++ exited with 0 +++
10660 tgkill(10659, 10664, SIGURG)      = 0
10695 clone(child_stack=0x42e6a2b30000, flags=CLONE_VM|CLONE_FS|CLONE_FILES|CLONE_SIGHAND|CLONE_THREAD|CLONE_SYSVSEM) = 10698
10682 +++ exited with 0 +++
10675 +++ exited with 0 +++
10659 <... waitid resumed>0x4a564874b168, WEXITED, 0x4a564892c090) = ? ERESTARTSYS (To be restarted if SA_RESTART is set)
10662 <... waitid resumed>{si_signo=SIGCHLD, si_code=CLD_EXITED, si_pid=10675, si_uid=1001, si_status=0, si_utime=0, si_stime=0}, WEXITED, {ru_utime={tv_sec=0, tv_usec=15530}, ru_stime={tv_sec=0, tv_usec=11875}, ...}) = 0
10659 --- SIGCHLD {si_signo=SIGCHLD, si_code=CLD_EXITED, si_pid=10675, si_uid=1001, si_status=0, si_utime=1 /* 0.01 s */, si_stime=1 /* 0.01 s */} ---
10659 waitid(P_PIDFD, 20,  <unfinished ...>
10695 clone(child_stack=0x42e6a2b68000, flags=CLONE_VM|CLONE_FS|CLONE_FILES|CLONE_SIGHAND|CLONE_THREAD|CLONE_SYSVSEM) = 10699
10698 tgkill(10695, 10695, SIGURG)      = 0
10695 clone(child_stack=0x42e6a2b64000, flags=CLONE_VM|CLONE_FS|CLONE_FILES|CLONE_SIGHAND|CLONE_THREAD|CLONE_SYSVSEM) = 10700
10697 execve("/opt/hostedtoolcache/go/1.27.1/arm64/pkg/tool/linux_arm64/asm", ["/opt/hostedtoolcache/go/1.27.1/a"..., "-p", "internal/abi", "-trimpath", "/tmp/go-build1442187625/b005=>", "-I", "/tmp/go-build1442187625/b005/", "-I", "/opt/hostedtoolcache/go/1.27.1/a"..., "-D", "GOOS_linux", "-D", "GOARCH_arm64", "-std", "-gensymabis", "-o", "/tmp/go-build1442187625/b005/sym"..., "/opt/hostedtoolcache/go/1.27.1/a"..., "/opt/hostedtoolcache/go/1.27.1/a"...], 0x4a56488ae008 /* 140 vars */ <unfinished ...>
10695 --- SIGURG {si_signo=SIGURG, si_code=SI_TKILL, si_pid=10695, si_uid=1001} ---
10699 clone(child_stack=0x42e6a2b98000, flags=CLONE_VM|CLONE_FS|CLONE_FILES|CLONE_SIGHAND|CLONE_THREAD|CLONE_SYSVSEM <unfinished ...>
10664 <... clone resumed>, parent_tid=[13]) = 10697
10699 <... clone resumed>)              = 10701
10664 --- SIGURG {si_signo=SIGURG, si_code=SI_TKILL, si_pid=10659, si_uid=1001} ---
10697 <... execve resumed>)             = 0
10665 tgkill(10659, 10664, SIGURG)      = 0
10664 --- SIGURG {si_signo=SIGURG, si_code=SI_TKILL, si_pid=10659, si_uid=1001} ---
10662 tgkill(10659, 10665, SIGURG)      = 0
10665 --- SIGURG {si_signo=SIGURG, si_code=SI_TKILL, si_pid=10659, si_uid=1001} ---
10664 waitid(P_PIDFD, 13,  <unfinished ...>
10696 clone(child_stack=0x6cc2b94aa000, flags=CLONE_VM|CLONE_FS|CLONE_FILES|CLONE_SIGHAND|CLONE_THREAD|CLONE_SYSVSEM) = 10702
10666 tgkill(10659, 10665, SIGURG <unfinished ...>
10696 clone(child_stack=0x6cc2b94e2000, flags=CLONE_VM|CLONE_FS|CLONE_FILES|CLONE_SIGHAND|CLONE_THREAD|CLONE_SYSVSEM <unfinished ...>
10666 <... tgkill resumed>)             = 0
10665 --- SIGURG {si_signo=SIGURG, si_code=SI_TKILL, si_pid=10659, si_uid=1001} ---
10696 <... clone resumed>)              = 10703
10696 clone(child_stack=0x6cc2b94de000, flags=CLONE_VM|CLONE_FS|CLONE_FILES|CLONE_SIGHAND|CLONE_THREAD|CLONE_SYSVSEM) = 10704
10703 clone(child_stack=0x6cc2b9518000, flags=CLONE_VM|CLONE_FS|CLONE_FILES|CLONE_SIGHAND|CLONE_THREAD|CLONE_SYSVSEM) = 10705
10697 clone(child_stack=0x3f1a9398c000, flags=CLONE_VM|CLONE_FS|CLONE_FILES|CLONE_SIGHAND|CLONE_THREAD|CLONE_SYSVSEM) = 10706
10697 clone(child_stack=0x3f1a939c4000, flags=CLONE_VM|CLONE_FS|CLONE_FILES|CLONE_SIGHAND|CLONE_THREAD|CLONE_SYSVSEM) = 10707
10706 tgkill(10697, 10697, SIGURG)      = 0
10697 --- SIGURG {si_signo=SIGURG, si_code=SI_TKILL, si_pid=10697, si_uid=1001} ---
10706 tgkill(10697, 10697, SIGURG)      = 0
10697 --- SIGURG {si_signo=SIGURG, si_code=SI_TKILL, si_pid=10697, si_uid=1001} ---
10696 exit_group(0 <unfinished ...>
10707 clone(child_stack=0x3f1a93a18000, flags=CLONE_VM|CLONE_FS|CLONE_FILES|CLONE_SIGHAND|CLONE_THREAD|CLONE_SYSVSEM <unfinished ...>
10696 <... exit_group resumed>)         = ?
10697 clone(child_stack=0x3f1a939c0000, flags=CLONE_VM|CLONE_FS|CLONE_FILES|CLONE_SIGHAND|CLONE_THREAD|CLONE_SYSVSEM <unfinished ...>
10705 +++ exited with 0 +++
10704 +++ exited with 0 +++
10703 +++ exited with 0 +++
10702 +++ exited with 0 +++
10707 <... clone resumed>)              = 10708
10696 +++ exited with 0 +++
10697 <... clone resumed>)              = 10709
10663 --- SIGCHLD {si_signo=SIGCHLD, si_code=CLD_EXITED, si_pid=10696, si_uid=1001, si_status=0, si_utime=0, si_stime=0} ---
10659 <... waitid resumed>{si_signo=SIGCHLD, si_code=CLD_EXITED, si_pid=10696, si_uid=1001, si_status=0, si_utime=0, si_stime=0}, WEXITED, {ru_utime={tv_sec=0, tv_usec=2305}, ru_stime={tv_sec=0, tv_usec=4610}, ...}) = 0
10663 clone(child_stack=NULL, flags=CLONE_VM|CLONE_PIDFD|CLONE_VFORK|SIGCHLD <unfinished ...>
10708 clone(child_stack=0x3f1a93a14000, flags=CLONE_VM|CLONE_FS|CLONE_FILES|CLONE_SIGHAND|CLONE_THREAD|CLONE_SYSVSEM) = 10711
10662 clone(child_stack=NULL, flags=CLONE_VM|CLONE_PIDFD|CLONE_VFORK|SIGCHLD <unfinished ...>
10710 execve("/opt/hostedtoolcache/go/1.27.1/arm64/pkg/tool/linux_arm64/compile", ["/opt/hostedtoolcache/go/1.27.1/a"..., "-o", "/tmp/go-build1442187625/b015/_pk"..., "-trimpath", "/tmp/go-build1442187625/b015=>", "-p", "internal/godebugs", "-lang=go1.27", "-std", "-complete", "-buildid", "DiwIAZNpjOlvplyqLAtU/DiwIAZNpjOl"..., "-goversion", "go1.27.1", "-c=4", "-nolocalimports", "-importcfg", "/tmp/go-build1442187625/b015/imp"..., "-pack", "/opt/hostedtoolcache/go/1.27.1/a"...], 0x4a56488e4488 /* 140 vars */ <unfinished ...>
10663 <... clone resumed>, parent_tid=[15]) = 10710
10710 <... execve resumed>)             = 0
10712 execve("/opt/hostedtoolcache/go/1.27.1/arm64/pkg/tool/linux_arm64/compile", ["/opt/hostedtoolcache/go/1.27.1/a"..., "-o", "/tmp/go-build1442187625/b011/_pk"..., "-trimpath", "/tmp/go-build1442187625/b011=>", "-p", "internal/cpu", "-lang=go1.27", "-std", "-buildid", "_9NbpE8j_2wExIzHPspY/_9NbpE8j_2w"..., "-goversion", "go1.27.1", "-symabis", "/tmp/go-build1442187625/b011/sym"..., "-c=4", "-nolocalimports", "-importcfg", "/tmp/go-build1442187625/b011/imp"..., "-pack", "-asmhdr", "/tmp/go-build1442187625/b011/go_"..., "/opt/hostedtoolcache/go/1.27.1/a"..., "/opt/hostedtoolcache/go/1.27.1/a"..., "/opt/hostedtoolcache/go/1.27.1/a"..., "/opt/hostedtoolcache/go/1.27.1/a"..., "/opt/hostedtoolcache/go/1.27.1/a"..., "/opt/hostedtoolcache/go/1.27.1/a"...], 0x4a56489f0d88 /* 140 vars */ <unfinished ...>
10662 <... clone resumed>, parent_tid=[22]) = 10712
10712 <... execve resumed>)             = 0
10701 exit_group(0)                     = ?
10701 +++ exited with 0 +++
10700 +++ exited with 0 +++
10699 +++ exited with 0 +++
10662 waitid(P_PIDFD, 22,  <unfinished ...>
10663 waitid(P_PIDFD, 15,  <unfinished ...>
10698 +++ exited with 0 +++
10695 +++ exited with 0 +++
10665 --- SIGCHLD {si_signo=SIGCHLD, si_code=CLD_EXITED, si_pid=10695, si_uid=1001, si_status=0, si_utime=1 /* 0.01 s */, si_stime=0} ---
10661 <... waitid resumed>{si_signo=SIGCHLD, si_code=CLD_EXITED, si_pid=10695, si_uid=1001, si_status=0, si_utime=0, si_stime=0}, WEXITED, {ru_utime={tv_sec=0, tv_usec=10273}, ru_stime={tv_sec=0, tv_usec=5136}, ...}) = 0
10697 exit_group(0 <unfinished ...>
10706 ???( <unfinished ...>
10697 <... exit_group resumed>)         = ?
10711 +++ exited with 0 +++
10707 +++ exited with 0 +++
10709 +++ exited with 0 +++
10706 +++ exited with 0 +++
10708 +++ exited with 0 +++
10697 +++ exited with 0 +++
10664 <... waitid resumed>{si_signo=SIGCHLD, si_code=CLD_EXITED, si_pid=10697, si_uid=1001, si_status=0, si_utime=0, si_stime=0}, WEXITED, {ru_utime={tv_sec=0, tv_usec=0}, ru_stime={tv_sec=0, tv_usec=6953}, ...}) = 0
10661 --- SIGCHLD {si_signo=SIGCHLD, si_code=CLD_EXITED, si_pid=10697, si_uid=1001, si_status=0, si_utime=0, si_stime=0} ---
10661 clone(child_stack=NULL, flags=CLONE_VM|CLONE_PIDFD|CLONE_VFORK|SIGCHLD <unfinished ...>
10713 execve("/opt/hostedtoolcache/go/1.27.1/arm64/pkg/tool/linux_arm64/compile", ["/opt/hostedtoolcache/go/1.27.1/a"..., "-o", "/tmp/go-build1442187625/b005/_pk"..., "-trimpath", "/tmp/go-build1442187625/b005=>", "-p", "internal/abi", "-lang=go1.27", "-std", "-buildid", "YHO54Q_mbJHGKbmcyT0p/YHO54Q_mbJH"..., "-goversion", "go1.27.1", "-symabis", "/tmp/go-build1442187625/b005/sym"..., "-c=4", "-nolocalimports", "-importcfg", "/tmp/go-build1442187625/b005/imp"..., "-pack", "-asmhdr", "/tmp/go-build1442187625/b005/go_"..., "/opt/hostedtoolcache/go/1.27.1/a"..., "/opt/hostedtoolcache/go/1.27.1/a"..., "/opt/hostedtoolcache/go/1.27.1/a"..., "/opt/hostedtoolcache/go/1.27.1/a"..., "/opt/hostedtoolcache/go/1.27.1/a"..., "/opt/hostedtoolcache/go/1.27.1/a"..., "/opt/hostedtoolcache/go/1.27.1/a"..., "/opt/hostedtoolcache/go/1.27.1/a"..., "/opt/hostedtoolcache/go/1.27.1/a"..., "/opt/hostedtoolcache/go/1.27.1/a"..., ...], 0x4a5648b9e488 /* 140 vars */ <unfinished ...>
10661 <... clone resumed>, parent_tid=[16]) = 10713
10713 <... execve resumed>)             = 0
10710 clone(child_stack=0x53809a368000, flags=CLONE_VM|CLONE_FS|CLONE_FILES|CLONE_SIGHAND|CLONE_THREAD|CLONE_SYSVSEM <unfinished ...>
10661 waitid(P_PIDFD, 16,  <unfinished ...>
10710 <... clone resumed>)              = 10714
10710 clone(child_stack=0x53809a3a0000, flags=CLONE_VM|CLONE_FS|CLONE_FILES|CLONE_SIGHAND|CLONE_THREAD|CLONE_SYSVSEM) = 10715
10714 tgkill(10710, 10710, SIGURG)      = 0
10710 --- SIGURG {si_signo=SIGURG, si_code=SI_TKILL, si_pid=10710, si_uid=1001} ---
10712 clone(child_stack=0x41cfab8a2000, flags=CLONE_VM|CLONE_FS|CLONE_FILES|CLONE_SIGHAND|CLONE_THREAD|CLONE_SYSVSEM <unfinished ...>
10710 clone(child_stack=0x53809a39c000, flags=CLONE_VM|CLONE_FS|CLONE_FILES|CLONE_SIGHAND|CLONE_THREAD|CLONE_SYSVSEM <unfinished ...>
10712 <... clone resumed>)              = 10716
10710 <... clone resumed>)              = 10717
10715 clone(child_stack=0x53809a418000, flags=CLONE_VM|CLONE_FS|CLONE_FILES|CLONE_SIGHAND|CLONE_THREAD|CLONE_SYSVSEM) = 10718
10712 clone(child_stack=0x41cfab8da000, flags=CLONE_VM|CLONE_FS|CLONE_FILES|CLONE_SIGHAND|CLONE_THREAD|CLONE_SYSVSEM) = 10719
10712 clone(child_stack=0x41cfab8d6000, flags=CLONE_VM|CLONE_FS|CLONE_FILES|CLONE_SIGHAND|CLONE_THREAD|CLONE_SYSVSEM) = 10720
10719 clone(child_stack=0x41cfab918000, flags=CLONE_VM|CLONE_FS|CLONE_FILES|CLONE_SIGHAND|CLONE_THREAD|CLONE_SYSVSEM) = 10721
10716 clone(child_stack=0x41cfab900000, flags=CLONE_VM|CLONE_FS|CLONE_FILES|CLONE_SIGHAND|CLONE_THREAD|CLONE_SYSVSEM) = 10722
10660 clone(child_stack=0x4a56487b0000, flags=CLONE_VM|CLONE_FS|CLONE_FILES|CLONE_SIGHAND|CLONE_THREAD|CLONE_SYSVSEM) = 10723
10666 clone(child_stack=0x4a56486bc000, flags=CLONE_VM|CLONE_FS|CLONE_FILES|CLONE_SIGHAND|CLONE_THREAD|CLONE_SYSVSEM) = 10724
10665 tgkill(10659, 10666, SIGURG)      = 0
10666 --- SIGURG {si_signo=SIGURG, si_code=SI_TKILL, si_pid=10659, si_uid=1001} ---
10713 clone(child_stack=0x298f49e0000, flags=CLONE_VM|CLONE_FS|CLONE_FILES|CLONE_SIGHAND|CLONE_THREAD|CLONE_SYSVSEM <unfinished ...>
10665 tgkill(10659, 10666, SIGURG)      = 0
10666 --- SIGURG {si_signo=SIGURG, si_code=SI_TKILL, si_pid=10659, si_uid=1001} ---
10713 <... clone resumed>)              = 10725
10665 tgkill(10659, 10666, SIGURG)      = 0
10666 --- SIGURG {si_signo=SIGURG, si_code=SI_TKILL, si_pid=10659, si_uid=1001} ---
10713 clone(child_stack=0x298f4a18000, flags=CLONE_VM|CLONE_FS|CLONE_FILES|CLONE_SIGHAND|CLONE_THREAD|CLONE_SYSVSEM) = 10726
10725 tgkill(10713, 10713, SIGURG)      = 0
10713 clone(child_stack=0x298f4a14000, flags=CLONE_VM|CLONE_FS|CLONE_FILES|CLONE_SIGHAND|CLONE_THREAD|CLONE_SYSVSEM) = 10727
10713 --- SIGURG {si_signo=SIGURG, si_code=SI_TKILL, si_pid=10713, si_uid=1001} ---
10726 clone(child_stack=0x298f4a98000, flags=CLONE_VM|CLONE_FS|CLONE_FILES|CLONE_SIGHAND|CLONE_THREAD|CLONE_SYSVSEM) = 10728
10665 tgkill(10659, 10724, SIGURG)      = 0
10724 --- SIGURG {si_signo=SIGURG, si_code=SI_TKILL, si_pid=10659, si_uid=1001} ---
10665 tgkill(10659, 10724, SIGURG)      = 0
10724 --- SIGURG {si_signo=SIGURG, si_code=SI_TKILL, si_pid=10659, si_uid=1001} ---
10714 tgkill(10710, 10710, SIGURG)      = 0
10710 --- SIGURG {si_signo=SIGURG, si_code=SI_TKILL, si_pid=10710, si_uid=1001} ---
10665 tgkill(10659, 10724, SIGURG)      = 0
10724 clone(child_stack=NULL, flags=CLONE_VM|CLONE_PIDFD|CLONE_VFORK|SIGCHLD <unfinished ...>
10665 tgkill(10659, 10664, SIGURG)      = 0
10664 --- SIGURG {si_signo=SIGURG, si_code=SI_TKILL, si_pid=10659, si_uid=1001} ---
10729 execve("/opt/hostedtoolcache/go/1.27.1/arm64/pkg/tool/linux_arm64/compile", ["/opt/hostedtoolcache/go/1.27.1/a"..., "-o", "/tmp/go-build1442187625/b016/_pk"..., "-trimpath", "/tmp/go-build1442187625/b016=>", "-p", "internal/goexperiment", "-lang=go1.27", "-std", "-complete", "-buildid", "piFHDpzZ2FHPsIijhque/piFHDpzZ2FH"..., "-goversion", "go1.27.1", "-c=4", "-nolocalimports", "-importcfg", "/tmp/go-build1442187625/b016/imp"..., "-pack", "/opt/hostedtoolcache/go/1.27.1/a"..., "/opt/hostedtoolcache/go/1.27.1/a"..., "/opt/hostedtoolcache/go/1.27.1/a"..., "/opt/hostedtoolcache/go/1.27.1/a"..., "/opt/hostedtoolcache/go/1.27.1/a"..., "/opt/hostedtoolcache/go/1.27.1/a"..., "/opt/hostedtoolcache/go/1.27.1/a"..., "/opt/hostedtoolcache/go/1.27.1/a"..., "/opt/hostedtoolcache/go/1.27.1/a"..., "/opt/hostedtoolcache/go/1.27.1/a"..., "/opt/hostedtoolcache/go/1.27.1/a"..., "/opt/hostedtoolcache/go/1.27.1/a"..., "/opt/hostedtoolcache/go/1.27.1/a"..., ...], 0x4a5648b9fb08 /* 140 vars */ <unfinished ...>
10724 <... clone resumed>, parent_tid=[14]) = 10729
10724 --- SIGURG {si_signo=SIGURG, si_code=SI_TKILL, si_pid=10659, si_uid=1001} ---
10729 <... execve resumed>)             = 0
10723 waitid(P_PIDFD, 14,  <unfinished ...>
10725 clone(child_stack=0x298f4f16000, flags=CLONE_VM|CLONE_FS|CLONE_FILES|CLONE_SIGHAND|CLONE_THREAD|CLONE_SYSVSEM) = 10730
10716 tgkill(10712, 10721, SIGURG <unfinished ...>
10721 --- SIGURG {si_signo=SIGURG, si_code=SI_TKILL, si_pid=10712, si_uid=1001} ---
10716 <... tgkill resumed>)             = 0
10715 exit_group(0)                     = ?
10714 +++ exited with 0 +++
10717 +++ exited with 0 +++
10715 +++ exited with 0 +++
10718 +++ exited with 0 +++
10710 +++ exited with 0 +++
10663 <... waitid resumed>{si_signo=SIGCHLD, si_code=CLD_EXITED, si_pid=10710, si_uid=1001, si_status=0, si_utime=0, si_stime=0}, WEXITED, {ru_utime={tv_sec=0, tv_usec=4648}, ru_stime={tv_sec=0, tv_usec=12087}, ...}) = 0
10660 --- SIGCHLD {si_signo=SIGCHLD, si_code=CLD_EXITED, si_pid=10710, si_uid=1001, si_status=0, si_utime=0, si_stime=1 /* 0.01 s */} ---
10729 clone(child_stack=0x6b535e2ac000, flags=CLONE_VM|CLONE_FS|CLONE_FILES|CLONE_SIGHAND|CLONE_THREAD|CLONE_SYSVSEM) = 10731
10729 clone(child_stack=0x6b535e2e4000, flags=CLONE_VM|CLONE_FS|CLONE_FILES|CLONE_SIGHAND|CLONE_THREAD|CLONE_SYSVSEM) = 10732
10729 clone(child_stack=0x6b535e2e0000, flags=CLONE_VM|CLONE_FS|CLONE_FILES|CLONE_SIGHAND|CLONE_THREAD|CLONE_SYSVSEM) = 10733
10732 clone(child_stack=0x6b535e318000, flags=CLONE_VM|CLONE_FS|CLONE_FILES|CLONE_SIGHAND|CLONE_THREAD|CLONE_SYSVSEM) = 10734
10720 exit_group(0)                     = ?
10721 +++ exited with 0 +++
10716 +++ exited with 0 +++
10720 +++ exited with 0 +++
10719 +++ exited with 0 +++
10725 tgkill(10713, 10728, SIGURG <unfinished ...>
10728 --- SIGURG {si_signo=SIGURG, si_code=SI_TKILL, si_pid=10713, si_uid=1001} ---
10725 <... tgkill resumed>)             = 0
10722 +++ exited with 0 +++
10712 +++ exited with 0 +++
10663 --- SIGCHLD {si_signo=SIGCHLD, si_code=CLD_EXITED, si_pid=10712, si_uid=1001, si_status=0, si_utime=1 /* 0.01 s */, si_stime=0} ---
10662 <... waitid resumed>{si_signo=SIGCHLD, si_code=CLD_EXITED, si_pid=10712, si_uid=1001, si_status=0, si_utime=0, si_stime=0}, WEXITED, {ru_utime={tv_sec=0, tv_usec=21504}, ru_stime={tv_sec=0, tv_usec=7922}, ...}) = 0
10663 clone(child_stack=NULL, flags=CLONE_VM|CLONE_PIDFD|CLONE_VFORK|SIGCHLD <unfinished ...>
10735 execve("/opt/hostedtoolcache/go/1.27.1/arm64/pkg/tool/linux_arm64/asm", ["/opt/hostedtoolcache/go/1.27.1/a"..., "-p", "internal/cpu", "-trimpath", "/tmp/go-build1442187625/b011=>", "-I", "/tmp/go-build1442187625/b011/", "-I", "/opt/hostedtoolcache/go/1.27.1/a"..., "-D", "GOOS_linux", "-D", "GOARCH_arm64", "-std", "-o", "/tmp/go-build1442187625/b011/cpu"..., "/opt/hostedtoolcache/go/1.27.1/a"...], 0x4a56488e4488 /* 140 vars */ <unfinished ...>
10663 <... clone resumed>, parent_tid=[17]) = 10735
10735 <... execve resumed>)             = 0
10731 clone(child_stack=0x6b535e334000, flags=CLONE_VM|CLONE_FS|CLONE_FILES|CLONE_SIGHAND|CLONE_THREAD|CLONE_SYSVSEM <unfinished ...>
10663 waitid(P_PIDFD, 17,  <unfinished ...>
10731 <... clone resumed>)              = 10736
10665 clone(child_stack=NULL, flags=CLONE_VM|CLONE_PIDFD|CLONE_VFORK|SIGCHLD <unfinished ...>
10660 tgkill(10659, 10665, SIGURG)      = 0
10737 execve("/opt/hostedtoolcache/go/1.27.1/arm64/pkg/tool/linux_arm64/compile", ["/opt/hostedtoolcache/go/1.27.1/a"..., "-o", "/tmp/go-build1442187625/b017/_pk"..., "-trimpath", "/tmp/go-build1442187625/b017=>", "-p", "internal/goos", "-lang=go1.27", "-std", "-complete", "-buildid", "8grbmGBdhXMXjQ34vIss/8grbmGBdhXM"..., "-goversion", "go1.27.1", "-c=4", "-nolocalimports", "-importcfg", "/tmp/go-build1442187625/b017/imp"..., "-pack", "/opt/hostedtoolcache/go/1.27.1/a"..., "/opt/hostedtoolcache/go/1.27.1/a"..., "/opt/hostedtoolcache/go/1.27.1/a"...], 0x4a56489f0d88 /* 140 vars */ <unfinished ...>
10665 <... clone resumed>, parent_tid=[18]) = 10737
10737 <... execve resumed>)             = 0
10665 --- SIGURG {si_signo=SIGURG, si_code=SI_TKILL, si_pid=10659, si_uid=1001} ---
10665 waitid(P_PIDFD, 18,  <unfinished ...>
10725 tgkill(10713, 10730, SIGURG <unfinished ...>
10730 --- SIGURG {si_signo=SIGURG, si_code=SI_TKILL, si_pid=10713, si_uid=1001} ---
10725 <... tgkill resumed>)             = 0
10733 exit_group(0)                     = ?
10734 +++ exited with 0 +++
10736 +++ exited with 0 +++
10732 +++ exited with 0 +++
10731 +++ exited with 0 +++
10733 +++ exited with 0 +++
10729 +++ exited with 0 +++
10662 --- SIGCHLD {si_signo=SIGCHLD, si_code=CLD_EXITED, si_pid=10729, si_uid=1001, si_status=0, si_utime=0, si_stime=0} ---
10723 <... waitid resumed>{si_signo=SIGCHLD, si_code=CLD_EXITED, si_pid=10729, si_uid=1001, si_status=0, si_utime=0, si_stime=0}, WEXITED, {ru_utime={tv_sec=0, tv_usec=8743}, ru_stime={tv_sec=0, tv_usec=6800}, ...}) = 0
10735 clone(child_stack=0x16a8ed6dc000, flags=CLONE_VM|CLONE_FS|CLONE_FILES|CLONE_SIGHAND|CLONE_THREAD|CLONE_SYSVSEM) = 10738
10735 clone(child_stack=0x16a8ed718000, flags=CLONE_VM|CLONE_FS|CLONE_FILES|CLONE_SIGHAND|CLONE_THREAD|CLONE_SYSVSEM) = 10739
10735 clone(child_stack=0x16a8ed714000, flags=CLONE_VM|CLONE_FS|CLONE_FILES|CLONE_SIGHAND|CLONE_THREAD|CLONE_SYSVSEM) = 10740
10739 clone(child_stack=0x16a8ed740000, flags=CLONE_VM|CLONE_FS|CLONE_FILES|CLONE_SIGHAND|CLONE_THREAD|CLONE_SYSVSEM) = 10741
10737 clone(child_stack=0x6292924da000, flags=CLONE_VM|CLONE_FS|CLONE_FILES|CLONE_SIGHAND|CLONE_THREAD|CLONE_SYSVSEM) = 10742
10737 clone(child_stack=0x629292512000, flags=CLONE_VM|CLONE_FS|CLONE_FILES|CLONE_SIGHAND|CLONE_THREAD|CLONE_SYSVSEM) = 10743
10742 tgkill(10737, 10737, SIGURG <unfinished ...>
10737 clone(child_stack=0x62929250e000, flags=CLONE_VM|CLONE_FS|CLONE_FILES|CLONE_SIGHAND|CLONE_THREAD|CLONE_SYSVSEM) = 10744
10742 <... tgkill resumed>)             = 0
10737 --- SIGURG {si_signo=SIGURG, si_code=SI_TKILL, si_pid=10737, si_uid=1001} ---
10743 clone(child_stack=0x629292598000, flags=CLONE_VM|CLONE_FS|CLONE_FILES|CLONE_SIGHAND|CLONE_THREAD|CLONE_SYSVSEM) = 10745
10735 exit_group(0)                     = ?
10741 +++ exited with 0 +++
10738 +++ exited with 0 +++
10739 +++ exited with 0 +++
10740 +++ exited with 0 +++
10735 +++ exited with 0 +++
10723 --- SIGCHLD {si_signo=SIGCHLD, si_code=CLD_EXITED, si_pid=10735, si_uid=1001, si_status=0, si_utime=0, si_stime=0} ---
10663 <... waitid resumed>{si_signo=SIGCHLD, si_code=CLD_EXITED, si_pid=10735, si_uid=1001, si_status=0, si_utime=0, si_stime=0}, WEXITED, {ru_utime={tv_sec=0, tv_usec=0}, ru_stime={tv_sec=0, tv_usec=5880}, ...}) = 0
10723 clone(child_stack=NULL, flags=CLONE_VM|CLONE_PIDFD|CLONE_VFORK|SIGCHLD <unfinished ...>
10662 clone(child_stack=NULL, flags=CLONE_VM|CLONE_PIDFD|CLONE_VFORK|SIGCHLD <unfinished ...>
10746 execve("/opt/hostedtoolcache/go/1.27.1/arm64/pkg/tool/linux_arm64/asm", ["/opt/hostedtoolcache/go/1.27.1/a"..., "-p", "internal/cpu", "-trimpath", "/tmp/go-build1442187625/b011=>", "-I", "/tmp/go-build1442187625/b011/", "-I", "/opt/hostedtoolcache/go/1.27.1/a"..., "-D", "GOOS_linux", "-D", "GOARCH_arm64", "-std", "-o", "/tmp/go-build1442187625/b011/cpu"..., "/opt/hostedtoolcache/go/1.27.1/a"...], 0x4a5648997208 /* 140 vars */ <unfinished ...>
10723 <... clone resumed>, parent_tid=[15]) = 10746
10746 <... execve resumed>)             = 0
10747 execve("/opt/hostedtoolcache/go/1.27.1/arm64/pkg/tool/linux_arm64/compile", ["/opt/hostedtoolcache/go/1.27.1/a"..., "-o", "/tmp/go-build1442187625/b018/_pk"..., "-trimpath", "/tmp/go-build1442187625/b018=>", "-p", "internal/profilerecord", "-lang=go1.27", "-std", "-complete", "-buildid", "ExOs1EpfrMZ2Xg6CTQK0/ExOs1EpfrMZ"..., "-goversion", "go1.27.1", "-c=4", "-nolocalimports", "-importcfg", "/tmp/go-build1442187625/b018/imp"..., "-pack", "/opt/hostedtoolcache/go/1.27.1/a"...], 0x4a5648816488 /* 140 vars */ <unfinished ...>
10662 <... clone resumed>, parent_tid=[22]) = 10747
10747 <... execve resumed>)             = 0
10723 waitid(P_PIDFD, 15,  <unfinished ...>
10662 waitid(P_PIDFD, 22,  <unfinished ...>
10745 exit_group(0)                     = ?
10743 +++ exited with 0 +++
10744 +++ exited with 0 +++
10745 +++ exited with 0 +++
10742 +++ exited with 0 +++
10737 +++ exited with 0 +++
10665 <... waitid resumed>{si_signo=SIGCHLD, si_code=CLD_EXITED, si_pid=10737, si_uid=1001, si_status=0, si_utime=0, si_stime=0}, WEXITED, {ru_utime={tv_sec=0, tv_usec=6780}, ru_stime={tv_sec=0, tv_usec=5424}, ...}) = 0
10663 --- SIGCHLD {si_signo=SIGCHLD, si_code=CLD_EXITED, si_pid=10737, si_uid=1001, si_status=0, si_utime=0, si_stime=0} ---
10746 clone(child_stack=0x24acde498000, flags=CLONE_VM|CLONE_FS|CLONE_FILES|CLONE_SIGHAND|CLONE_THREAD|CLONE_SYSVSEM) = 10748
10746 clone(child_stack=0x24acde4d0000, flags=CLONE_VM|CLONE_FS|CLONE_FILES|CLONE_SIGHAND|CLONE_THREAD|CLONE_SYSVSEM) = 10749
10748 tgkill(10746, 10746, SIGURG)      = 0
10746 clone(child_stack=0x24acde4cc000, flags=CLONE_VM|CLONE_FS|CLONE_FILES|CLONE_SIGHAND|CLONE_THREAD|CLONE_SYSVSEM) = 10750
10746 --- SIGURG {si_signo=SIGURG, si_code=SI_TKILL, si_pid=10746, si_uid=1001} ---
10749 clone(child_stack=0x24acde518000, flags=CLONE_VM|CLONE_FS|CLONE_FILES|CLONE_SIGHAND|CLONE_THREAD|CLONE_SYSVSEM) = 10751
10749 clone(child_stack=0x24acde514000, flags=CLONE_VM|CLONE_FS|CLONE_FILES|CLONE_SIGHAND|CLONE_THREAD|CLONE_SYSVSEM) = 10752
10747 clone(child_stack=0x34c88486e000, flags=CLONE_VM|CLONE_FS|CLONE_FILES|CLONE_SIGHAND|CLONE_THREAD|CLONE_SYSVSEM) = 10753
10747 clone(child_stack=0x34c8848a6000, flags=CLONE_VM|CLONE_FS|CLONE_FILES|CLONE_SIGHAND|CLONE_THREAD|CLONE_SYSVSEM <unfinished ...>
10753 tgkill(10747, 10747, SIGURG)      = 0
10747 <... clone resumed>)              = 10754
10725 tgkill(10713, 10730, SIGURG)      = 0
10730 --- SIGURG {si_signo=SIGURG, si_code=SI_TKILL, si_pid=10713, si_uid=1001} ---
10747 --- SIGURG {si_signo=SIGURG, si_code=SI_TKILL, si_pid=10747, si_uid=1001} ---
10753 tgkill(10747, 10747, SIGURG)      = 0
10754 clone(child_stack=0x34c8848a2000, flags=CLONE_VM|CLONE_FS|CLONE_FILES|CLONE_SIGHAND|CLONE_THREAD|CLONE_SYSVSEM) = 10755
10747 --- SIGURG {si_signo=SIGURG, si_code=SI_TKILL, si_pid=10747, si_uid=1001} ---
10753 tgkill(10747, 10747, SIGURG)      = 0
10747 --- SIGURG {si_signo=SIGURG, si_code=SI_TKILL, si_pid=10747, si_uid=1001} ---
10755 clone(child_stack=0x34c884998000, flags=CLONE_VM|CLONE_FS|CLONE_FILES|CLONE_SIGHAND|CLONE_THREAD|CLONE_SYSVSEM) = 10756
10746 exit_group(0)                     = ?
10750 +++ exited with 0 +++
10752 +++ exited with 0 +++
10748 +++ exited with 0 +++
10749 +++ exited with 0 +++
10751 +++ exited with 0 +++
10746 +++ exited with 0 +++
10665 --- SIGCHLD {si_signo=SIGCHLD, si_code=CLD_EXITED, si_pid=10746, si_uid=1001, si_status=0, si_utime=0, si_stime=0} ---
10723 <... waitid resumed>{si_signo=SIGCHLD, si_code=CLD_EXITED, si_pid=10746, si_uid=1001, si_status=0, si_utime=0, si_stime=0}, WEXITED, {ru_utime={tv_sec=0, tv_usec=2270}, ru_stime={tv_sec=0, tv_usec=4540}, ...}) = 0
10663 clone(child_stack=NULL, flags=CLONE_VM|CLONE_PIDFD|CLONE_VFORK|SIGCHLD <unfinished ...>
10660 tgkill(10659, 10663, SIGURG)      = 0
10757 execve("/opt/hostedtoolcache/go/1.27.1/arm64/pkg/tool/linux_arm64/asm", ["/opt/hostedtoolcache/go/1.27.1/a"..., "-p", "internal/runtime/syscall/linux", "-trimpath", "/tmp/go-build1442187625/b021=>", "-I", "/tmp/go-build1442187625/b021/", "-I", "/opt/hostedtoolcache/go/1.27.1/a"..., "-D", "GOOS_linux", "-D", "GOARCH_arm64", "-std", "-gensymabis", "-o", "/tmp/go-build1442187625/b021/sym"..., "/opt/hostedtoolcache/go/1.27.1/a"...], 0x4a56489f1208 /* 140 vars */ <unfinished ...>
10663 <... clone resumed>, parent_tid=[15]) = 10757
10757 <... execve resumed>)             = 0
10663 --- SIGURG {si_signo=SIGURG, si_code=SI_TKILL, si_pid=10659, si_uid=1001} ---
10660 tgkill(10659, 10663, SIGURG)      = 0
10663 --- SIGURG {si_signo=SIGURG, si_code=SI_TKILL, si_pid=10659, si_uid=1001} ---
10723 waitid(P_PIDFD, 15,  <unfinished ...>
10754 exit_group(0)                     = ?
10756 +++ exited with 0 +++
10755 +++ exited with 0 +++
10753 +++ exited with 0 +++
10754 +++ exited with 0 +++
10747 +++ exited with 0 +++
10665 --- SIGCHLD {si_signo=SIGCHLD, si_code=CLD_EXITED, si_pid=10747, si_uid=1001, si_status=0, si_utime=0, si_stime=0} ---
10662 <... waitid resumed>{si_signo=SIGCHLD, si_code=CLD_EXITED, si_pid=10747, si_uid=1001, si_status=0, si_utime=0, si_stime=0}, WEXITED, {ru_utime={tv_sec=0, tv_usec=6591}, ru_stime={tv_sec=0, tv_usec=6591}, ...}) = 0
10757 clone(child_stack=0x6a9c84f62000, flags=CLONE_VM|CLONE_FS|CLONE_FILES|CLONE_SIGHAND|CLONE_THREAD|CLONE_SYSVSEM) = 10758
10757 clone(child_stack=0x6a9c84f9a000, flags=CLONE_VM|CLONE_FS|CLONE_FILES|CLONE_SIGHAND|CLONE_THREAD|CLONE_SYSVSEM) = 10759
10757 clone(child_stack=0x6a9c84f96000, flags=CLONE_VM|CLONE_FS|CLONE_FILES|CLONE_SIGHAND|CLONE_THREAD|CLONE_SYSVSEM) = 10760
10757 clone(child_stack=0x6a9c84fbe000, flags=CLONE_VM|CLONE_FS|CLONE_FILES|CLONE_SIGHAND|CLONE_THREAD|CLONE_SYSVSEM) = 10761
10759 clone(child_stack=0x6a9c84fba000, flags=CLONE_VM|CLONE_FS|CLONE_FILES|CLONE_SIGHAND|CLONE_THREAD|CLONE_SYSVSEM) = 10762
10664 clone(child_stack=NULL, flags=CLONE_VM|CLONE_PIDFD|CLONE_VFORK|SIGCHLD <unfinished ...>
10665 clone(child_stack=NULL, flags=CLONE_VM|CLONE_PIDFD|CLONE_VFORK|SIGCHLD <unfinished ...>
10725 tgkill(10713, 10728, SIGURG <unfinished ...>
10660 tgkill(10659, 10665, SIGURG <unfinished ...>
10725 <... tgkill resumed>)             = 0
10660 <... tgkill resumed>)             = 0
10728 --- SIGURG {si_signo=SIGURG, si_code=SI_TKILL, si_pid=10713, si_uid=1001} ---
10725 tgkill(10713, 10726, SIGURG)      = 0
10726 --- SIGURG {si_signo=SIGURG, si_code=SI_TKILL, si_pid=10713, si_uid=1001} ---
10725 tgkill(10713, 10730, SIGURG)      = 0
10730 --- SIGURG {si_signo=SIGURG, si_code=SI_TKILL, si_pid=10713, si_uid=1001} ---
10763 execve("/opt/hostedtoolcache/go/1.27.1/arm64/pkg/tool/linux_arm64/asm", ["/opt/hostedtoolcache/go/1.27.1/a"..., "-p", "internal/chacha8rand", "-trimpath", "/tmp/go-build1442187625/b013=>", "-I", "/tmp/go-build1442187625/b013/", "-I", "/opt/hostedtoolcache/go/1.27.1/a"..., "-D", "GOOS_linux", "-D", "GOARCH_arm64", "-std", "-gensymabis", "-o", "/tmp/go-build1442187625/b013/sym"..., "/opt/hostedtoolcache/go/1.27.1/a"...], 0x4a56489f0d88 /* 140 vars */ <unfinished ...>
10764 execve("/opt/hostedtoolcache/go/1.27.1/arm64/pkg/tool/linux_arm64/asm", ["/opt/hostedtoolcache/go/1.27.1/a"..., "-p", "internal/bytealg", "-trimpath", "/tmp/go-build1442187625/b010=>", "-I", "/tmp/go-build1442187625/b010/", "-I", "/opt/hostedtoolcache/go/1.27.1/a"..., "-D", "GOOS_linux", "-D", "GOARCH_arm64", "-std", "-gensymabis", "-o", "/tmp/go-build1442187625/b010/sym"..., "/opt/hostedtoolcache/go/1.27.1/a"..., "/opt/hostedtoolcache/go/1.27.1/a"..., "/opt/hostedtoolcache/go/1.27.1/a"..., "/opt/hostedtoolcache/go/1.27.1/a"..., "/opt/hostedtoolcache/go/1.27.1/a"...], 0x4a5648997208 /* 140 vars */ <unfinished ...>
10665 <... clone resumed>, parent_tid=[22]) = 10764
10764 <... execve resumed>)             = 0
10665 --- SIGURG {si_signo=SIGURG, si_code=SI_TKILL, si_pid=10659, si_uid=1001} ---
10664 <... clone resumed>, parent_tid=[19]) = 10763
10763 <... execve resumed>)             = 0
10664 waitid(P_PIDFD, 19,  <unfinished ...>
10758 tgkill(10757, 10757, SIGURG)      = 0
10757 --- SIGURG {si_signo=SIGURG, si_code=SI_TKILL, si_pid=10757, si_uid=1001} ---
10665 waitid(P_PIDFD, 22,  <unfinished ...>
10758 tgkill(10757, 10761, SIGURG)      = 0
10725 tgkill(10713, 10727, SIGURG)      = 0
10727 --- SIGURG {si_signo=SIGURG, si_code=SI_TKILL, si_pid=10713, si_uid=1001} ---
10761 --- SIGURG {si_signo=SIGURG, si_code=SI_TKILL, si_pid=10757, si_uid=1001} ---
10757 exit_group(0)                     = ?
10762 +++ exited with 0 +++
10758 +++ exited with 0 +++
10761 +++ exited with 0 +++
10760 +++ exited with 0 +++
10759 +++ exited with 0 +++
10757 +++ exited with 0 +++
10661 <... waitid resumed>0x4a5648746fb8, WEXITED, 0x4a564892c000) = ? ERESTARTSYS (To be restarted if SA_RESTART is set)
10660 --- SIGCHLD {si_signo=SIGCHLD, si_code=CLD_EXITED, si_pid=10757, si_uid=1001, si_status=0, si_utime=0, si_stime=0} ---
10723 <... waitid resumed>{si_signo=SIGCHLD, si_code=CLD_EXITED, si_pid=10757, si_uid=1001, si_status=0, si_utime=0, si_stime=0}, WEXITED, {ru_utime={tv_sec=0, tv_usec=1850}, ru_stime={tv_sec=0, tv_usec=7403}, ...}) = 0
10764 clone(child_stack=0x4b14611de000, flags=CLONE_VM|CLONE_FS|CLONE_FILES|CLONE_SIGHAND|CLONE_THREAD|CLONE_SYSVSEM) = 10765
10661 waitid(P_PIDFD, 16,  <unfinished ...>
10725 tgkill(10713, 10728, SIGURG)      = 0
10728 --- SIGURG {si_signo=SIGURG, si_code=SI_TKILL, si_pid=10713, si_uid=1001} ---
10725 tgkill(10713, 10726, SIGURG <unfinished ...>
10723 clone(child_stack=NULL, flags=CLONE_VM|CLONE_PIDFD|CLONE_VFORK|SIGCHLD <unfinished ...>
10765 tgkill(10764, 10764, SIGURG)      = 0
10764 --- SIGURG {si_signo=SIGURG, si_code=SI_TKILL, si_pid=10764, si_uid=1001} ---
10765 tgkill(10764, 10764, SIGURG)      = 0
10764 --- SIGURG {si_signo=SIGURG, si_code=SI_TKILL, si_pid=10764, si_uid=1001} ---
10764 clone(child_stack=0x4b1461218000, flags=CLONE_VM|CLONE_FS|CLONE_FILES|CLONE_SIGHAND|CLONE_THREAD|CLONE_SYSVSEM <unfinished ...>
10765 tgkill(10764, 10764, SIGURG)      = 0
10764 <... clone resumed>)              = 10767
10726 --- SIGURG {si_signo=SIGURG, si_code=SI_TKILL, si_pid=10713, si_uid=1001} ---
10725 <... tgkill resumed>)             = 0
10764 --- SIGURG {si_signo=SIGURG, si_code=SI_TKILL, si_pid=10764, si_uid=1001} ---
10725 tgkill(10713, 10730, SIGURG <unfinished ...>
10730 --- SIGURG {si_signo=SIGURG, si_code=SI_TKILL, si_pid=10713, si_uid=1001} ---
10725 <... tgkill resumed>)             = 0
10764 clone(child_stack=0x4b1461214000, flags=CLONE_VM|CLONE_FS|CLONE_FILES|CLONE_SIGHAND|CLONE_THREAD|CLONE_SYSVSEM <unfinished ...>
10763 clone(child_stack=0x618ee99ca000, flags=CLONE_VM|CLONE_FS|CLONE_FILES|CLONE_SIGHAND|CLONE_THREAD|CLONE_SYSVSEM <unfinished ...>
10767 clone(child_stack=0x4b1461238000, flags=CLONE_VM|CLONE_FS|CLONE_FILES|CLONE_SIGHAND|CLONE_THREAD|CLONE_SYSVSEM) = 10769
10763 <... clone resumed>)              = 10768
10660 tgkill(10659, 10723, SIGURG)      = 0
10763 clone(child_stack=0x618ee9a08000, flags=CLONE_VM|CLONE_FS|CLONE_FILES|CLONE_SIGHAND|CLONE_THREAD|CLONE_SYSVSEM) = 10770
10764 <... clone resumed>)              = 10771
10768 tgkill(10763, 10763, SIGURG)      = 0
10763 clone(child_stack=0x618ee9a04000, flags=CLONE_VM|CLONE_FS|CLONE_FILES|CLONE_SIGHAND|CLONE_THREAD|CLONE_SYSVSEM) = 10772
10763 --- SIGURG {si_signo=SIGURG, si_code=SI_TKILL, si_pid=10763, si_uid=1001} ---
10770 clone(child_stack=0x618ee9a28000, flags=CLONE_VM|CLONE_FS|CLONE_FILES|CLONE_SIGHAND|CLONE_THREAD|CLONE_SYSVSEM) = 10773
10769 clone(child_stack=0x4b1461234000, flags=CLONE_VM|CLONE_FS|CLONE_FILES|CLONE_SIGHAND|CLONE_THREAD|CLONE_SYSVSEM) = 10774
10766 execve("/opt/hostedtoolcache/go/1.27.1/arm64/pkg/tool/linux_arm64/compile", ["/opt/hostedtoolcache/go/1.27.1/a"..., "-o", "/tmp/go-build1442187625/b021/_pk"..., "-trimpath", "/tmp/go-build1442187625/b021=>", "-p", "internal/runtime/syscall/linux", "-lang=go1.27", "-std", "-buildid", "wrxSQa6ZjW_K_LdgH8xm/wrxSQa6ZjW_"..., "-goversion", "go1.27.1", "-symabis", "/tmp/go-build1442187625/b021/sym"..., "-c=4", "-nolocalimports", "-importcfg", "/tmp/go-build1442187625/b021/imp"..., "-pack", "-asmhdr", "/tmp/go-build1442187625/b021/go_"..., "/opt/hostedtoolcache/go/1.27.1/a"..., "/opt/hostedtoolcache/go/1.27.1/a"..., "/opt/hostedtoolcache/go/1.27.1/a"...], 0x4a56489f1208 /* 140 vars */ <unfinished ...>
10723 <... clone resumed>, parent_tid=[15]) = 10766
10723 --- SIGURG {si_signo=SIGURG, si_code=SI_TKILL, si_pid=10659, si_uid=1001} ---
10766 <... execve resumed>)             = 0
10660 tgkill(10659, 10723, SIGURG)      = 0
10723 --- SIGURG {si_signo=SIGURG, si_code=SI_TKILL, si_pid=10659, si_uid=1001} ---
10660 tgkill(10659, 10723, SIGURG)      = 0
10723 --- SIGURG {si_signo=SIGURG, si_code=SI_TKILL, si_pid=10659, si_uid=1001} ---
10662 waitid(P_PIDFD, 15,  <unfinished ...>
10660 tgkill(10659, 10723, SIGURG)      = 0
10723 --- SIGURG {si_signo=SIGURG, si_code=SI_TKILL, si_pid=10659, si_uid=1001} ---
10725 tgkill(10713, 10727, SIGURG <unfinished ...>
10727 --- SIGURG {si_signo=SIGURG, si_code=SI_TKILL, si_pid=10713, si_uid=1001} ---
10725 <... tgkill resumed>)             = 0
10766 clone(child_stack=0x896ca28c000, flags=CLONE_VM|CLONE_FS|CLONE_FILES|CLONE_SIGHAND|CLONE_THREAD|CLONE_SYSVSEM) = 10775
10766 clone(child_stack=0x896ca2c4000, flags=CLONE_VM|CLONE_FS|CLONE_FILES|CLONE_SIGHAND|CLONE_THREAD|CLONE_SYSVSEM) = 10776
10766 clone(child_stack=0x896ca2c0000, flags=CLONE_VM|CLONE_FS|CLONE_FILES|CLONE_SIGHAND|CLONE_THREAD|CLONE_SYSVSEM) = 10777
10763 exit_group(0)                     = ?
10770 +++ exited with 0 +++
10768 +++ exited with 0 +++
10773 +++ exited with 0 +++
10772 +++ exited with 0 +++
10763 +++ exited with 0 +++
10664 <... waitid resumed>{si_signo=SIGCHLD, si_code=CLD_EXITED, si_pid=10763, si_uid=1001, si_status=0, si_utime=0, si_stime=0}, WEXITED, {ru_utime={tv_sec=0, tv_usec=2836}, ru_stime={tv_sec=0, tv_usec=5673}, ...}) = 0
10664 --- SIGCHLD {si_signo=SIGCHLD, si_code=CLD_EXITED, si_pid=10763, si_uid=1001, si_status=0, si_utime=0, si_stime=0} ---
10776 clone(child_stack=0x896ca318000, flags=CLONE_VM|CLONE_FS|CLONE_FILES|CLONE_SIGHAND|CLONE_THREAD|CLONE_SYSVSEM) = 10778
10775 tgkill(10766, 10766, SIGURG)      = 0
10766 --- SIGURG {si_signo=SIGURG, si_code=SI_TKILL, si_pid=10766, si_uid=1001} ---
10663 clone(child_stack=NULL, flags=CLONE_VM|CLONE_PIDFD|CLONE_VFORK|SIGCHLD <unfinished ...>
10779 execve("/opt/hostedtoolcache/go/1.27.1/arm64/pkg/tool/linux_arm64/compile", ["/opt/hostedtoolcache/go/1.27.1/a"..., "-o", "/tmp/go-build1442187625/b013/_pk"..., "-trimpath", "/tmp/go-build1442187625/b013=>", "-p", "internal/chacha8rand", "-lang=go1.27", "-std", "-buildid", "AbtP_dvRHon_4T8hwPZW/AbtP_dvRHon"..., "-goversion", "go1.27.1", "-symabis", "/tmp/go-build1442187625/b013/sym"..., "-c=4", "-nolocalimports", "-importcfg", "/tmp/go-build1442187625/b013/imp"..., "-pack", "-asmhdr", "/tmp/go-build1442187625/b013/go_"..., "/opt/hostedtoolcache/go/1.27.1/a"..., "/opt/hostedtoolcache/go/1.27.1/a"...], 0x4a5648816488 /* 140 vars */ <unfinished ...>
10663 <... clone resumed>, parent_tid=[17]) = 10779
10779 <... execve resumed>)             = 0
10663 waitid(P_PIDFD, 17,  <unfinished ...>
10764 exit_group(0)                     = ?
10769 +++ exited with 0 +++
10774 +++ exited with 0 +++
10771 +++ exited with 0 +++
10767 +++ exited with 0 +++
10765 +++ exited with 0 +++
10764 +++ exited with 0 +++
10664 --- SIGCHLD {si_signo=SIGCHLD, si_code=CLD_EXITED, si_pid=10764, si_uid=1001, si_status=0, si_utime=0, si_stime=0} ---
10665 <... waitid resumed>{si_signo=SIGCHLD, si_code=CLD_EXITED, si_pid=10764, si_uid=1001, si_status=0, si_utime=0, si_stime=0}, WEXITED, {ru_utime={tv_sec=0, tv_usec=3014}, ru_stime={tv_sec=0, tv_usec=9043}, ...}) = 0
10664 clone(child_stack=NULL, flags=CLONE_VM|CLONE_PIDFD|CLONE_VFORK|SIGCHLD <unfinished ...>
10780 execve("/opt/hostedtoolcache/go/1.27.1/arm64/pkg/tool/linux_arm64/compile", ["/opt/hostedtoolcache/go/1.27.1/a"..., "-o", "/tmp/go-build1442187625/b010/_pk"..., "-trimpath", "/tmp/go-build1442187625/b010=>", "-p", "internal/bytealg", "-lang=go1.27", "-std", "-buildid", "WXxliEaw6GJNuYmN6A_V/WXxliEaw6GJ"..., "-goversion", "go1.27.1", "-symabis", "/tmp/go-build1442187625/b010/sym"..., "-c=4", "-nolocalimports", "-importcfg", "/tmp/go-build1442187625/b010/imp"..., "-pack", "-asmhdr", "/tmp/go-build1442187625/b010/go_"..., "/opt/hostedtoolcache/go/1.27.1/a"..., "/opt/hostedtoolcache/go/1.27.1/a"..., "/opt/hostedtoolcache/go/1.27.1/a"..., "/opt/hostedtoolcache/go/1.27.1/a"..., "/opt/hostedtoolcache/go/1.27.1/a"..., "/opt/hostedtoolcache/go/1.27.1/a"..., "/opt/hostedtoolcache/go/1.27.1/a"..., "/opt/hostedtoolcache/go/1.27.1/a"..., "/opt/hostedtoolcache/go/1.27.1/a"...], 0x4a56489f1688 /* 140 vars */ <unfinished ...>
10664 <... clone resumed>, parent_tid=[18]) = 10780
10780 <... execve resumed>)             = 0
10775 tgkill(10766, 10766, SIGURG)      = 0
10766 --- SIGURG {si_signo=SIGURG, si_code=SI_TKILL, si_pid=10766, si_uid=1001} ---
10664 waitid(P_PIDFD, 18,  <unfinished ...>
10779 clone(child_stack=0x7c9528416000, flags=CLONE_VM|CLONE_FS|CLONE_FILES|CLONE_SIGHAND|CLONE_THREAD|CLONE_SYSVSEM) = 10781
10781 tgkill(10779, 10779, SIGURG)      = 0
10779 --- SIGURG {si_signo=SIGURG, si_code=SI_TKILL, si_pid=10779, si_uid=1001} ---
10781 tgkill(10779, 10779, SIGURG)      = 0
10779 --- SIGURG {si_signo=SIGURG, si_code=SI_TKILL, si_pid=10779, si_uid=1001} ---
10781 tgkill(10779, 10779, SIGURG)      = 0
10779 clone(child_stack=0x7c952844e000, flags=CLONE_VM|CLONE_FS|CLONE_FILES|CLONE_SIGHAND|CLONE_THREAD|CLONE_SYSVSEM) = 10782
10779 --- SIGURG {si_signo=SIGURG, si_code=SI_TKILL, si_pid=10779, si_uid=1001} ---
10781 tgkill(10779, 10779, SIGURG)      = 0
10779 --- SIGURG {si_signo=SIGURG, si_code=SI_TKILL, si_pid=10779, si_uid=1001} ---
10779 clone(child_stack=0x7c952844a000, flags=CLONE_VM|CLONE_FS|CLONE_FILES|CLONE_SIGHAND|CLONE_THREAD|CLONE_SYSVSEM <unfinished ...>
10782 clone(child_stack=0x7c9528498000, flags=CLONE_VM|CLONE_FS|CLONE_FILES|CLONE_SIGHAND|CLONE_THREAD|CLONE_SYSVSEM <unfinished ...>
10777 exit_group(0 <unfinished ...>
10779 <... clone resumed>)              = 10783
10782 <... clone resumed>)              = 10784
10777 <... exit_group resumed>)         = ?
10777 +++ exited with 0 +++
10776 +++ exited with 0 +++
10775 +++ exited with 0 +++
10778 +++ exited with 0 +++
10766 +++ exited with 0 +++
10662 <... waitid resumed>{si_signo=SIGCHLD, si_code=CLD_EXITED, si_pid=10766, si_uid=1001, si_status=0, si_utime=0, si_stime=0}, WEXITED, {ru_utime={tv_sec=0, tv_usec=14382}, ru_stime={tv_sec=0, tv_usec=5136}, ...}) = 0
10665 --- SIGCHLD {si_signo=SIGCHLD, si_code=CLD_EXITED, si_pid=10766, si_uid=1001, si_status=0, si_utime=1 /* 0.01 s */, si_stime=0} ---
10665 clone(child_stack=NULL, flags=CLONE_VM|CLONE_PIDFD|CLONE_VFORK|SIGCHLD <unfinished ...>
10780 clone(child_stack=0x2b522d588000, flags=CLONE_VM|CLONE_FS|CLONE_FILES|CLONE_SIGHAND|CLONE_THREAD|CLONE_SYSVSEM) = 10786
10780 clone(child_stack=0x2b522d5c0000, flags=CLONE_VM|CLONE_FS|CLONE_FILES|CLONE_SIGHAND|CLONE_THREAD|CLONE_SYSVSEM) = 10787
10786 tgkill(10780, 10780, SIGURG)      = 0
10780 --- SIGURG {si_signo=SIGURG, si_code=SI_TKILL, si_pid=10780, si_uid=1001} ---
10786 tgkill(10780, 10780, SIGURG)      = 0
10780 clone(child_stack=0x2b522d5bc000, flags=CLONE_VM|CLONE_FS|CLONE_FILES|CLONE_SIGHAND|CLONE_THREAD|CLONE_SYSVSEM) = 10788
10780 --- SIGURG {si_signo=SIGURG, si_code=SI_TKILL, si_pid=10780, si_uid=1001} ---
10787 clone(child_stack=0x2b522d618000, flags=CLONE_VM|CLONE_FS|CLONE_FILES|CLONE_SIGHAND|CLONE_THREAD|CLONE_SYSVSEM) = 10789
10785 execve("/opt/hostedtoolcache/go/1.27.1/arm64/pkg/tool/linux_arm64/asm", ["/opt/hostedtoolcache/go/1.27.1/a"..., "-p", "internal/runtime/syscall/linux", "-trimpath", "/tmp/go-build1442187625/b021=>", "-I", "/tmp/go-build1442187625/b021/", "-I", "/opt/hostedtoolcache/go/1.27.1/a"..., "-D", "GOOS_linux", "-D", "GOARCH_arm64", "-std", "-o", "/tmp/go-build1442187625/b021/asm"..., "/opt/hostedtoolcache/go/1.27.1/a"...], 0x4a56489f1b08 /* 140 vars */ <unfinished ...>
10665 <... clone resumed>, parent_tid=[15]) = 10785
10785 <... execve resumed>)             = 0
10665 waitid(P_PIDFD, 15,  <unfinished ...>
10727 exit_group(0)                     = ?
10728 +++ exited with 0 +++
10725 +++ exited with 0 +++
10730 +++ exited with 0 +++
10727 +++ exited with 0 +++
10781 tgkill(10779, 10779, SIGURG)      = 0
10779 --- SIGURG {si_signo=SIGURG, si_code=SI_TKILL, si_pid=10779, si_uid=1001} ---
10726 +++ exited with 0 +++
10713 +++ exited with 0 +++
10661 <... waitid resumed>{si_signo=SIGCHLD, si_code=CLD_EXITED, si_pid=10713, si_uid=1001, si_status=0, si_utime=0, si_stime=0}, WEXITED, {ru_utime={tv_sec=0, tv_usec=186477}, ru_stime={tv_sec=0, tv_usec=33734}, ...}) = 0
10662 --- SIGCHLD {si_signo=SIGCHLD, si_code=CLD_EXITED, si_pid=10713, si_uid=1001, si_status=0, si_utime=19 /* 0.19 s */, si_stime=3 /* 0.03 s */} ---
10662 clone(child_stack=NULL, flags=CLONE_VM|CLONE_PIDFD|CLONE_VFORK|SIGCHLD <unfinished ...>
10785 clone(child_stack=0x139550918000, flags=CLONE_VM|CLONE_FS|CLONE_FILES|CLONE_SIGHAND|CLONE_THREAD|CLONE_SYSVSEM) = 10791
10785 clone(child_stack=0x139550950000, flags=CLONE_VM|CLONE_FS|CLONE_FILES|CLONE_SIGHAND|CLONE_THREAD|CLONE_SYSVSEM) = 10792
10785 clone(child_stack=0x13955094c000, flags=CLONE_VM|CLONE_FS|CLONE_FILES|CLONE_SIGHAND|CLONE_THREAD|CLONE_SYSVSEM) = 10793
10792 clone(child_stack=0x139550998000, flags=CLONE_VM|CLONE_FS|CLONE_FILES|CLONE_SIGHAND|CLONE_THREAD|CLONE_SYSVSEM) = 10794
10790 execve("/opt/hostedtoolcache/go/1.27.1/arm64/pkg/tool/linux_arm64/asm", ["/opt/hostedtoolcache/go/1.27.1/a"..., "-p", "internal/abi", "-trimpath", "/tmp/go-build1442187625/b005=>", "-I", "/tmp/go-build1442187625/b005/", "-I", "/opt/hostedtoolcache/go/1.27.1/a"..., "-D", "GOOS_linux", "-D", "GOARCH_arm64", "-std", "-o", "/tmp/go-build1442187625/b005/abi"..., "/opt/hostedtoolcache/go/1.27.1/a"...], 0x4a56488e4488 /* 140 vars */ <unfinished ...>
10662 <... clone resumed>, parent_tid=[16]) = 10790
10790 <... execve resumed>)             = 0
10662 waitid(P_PIDFD, 16,  <unfinished ...>
10789 exit_group(0)                     = ?
10789 +++ exited with 0 +++
10788 +++ exited with 0 +++
10786 +++ exited with 0 +++
10787 +++ exited with 0 +++
10780 +++ exited with 0 +++
10660 --- SIGCHLD {si_signo=SIGCHLD, si_code=CLD_EXITED, si_pid=10780, si_uid=1001, si_status=0, si_utime=0, si_stime=0} ---
10664 <... waitid resumed>{si_signo=SIGCHLD, si_code=CLD_EXITED, si_pid=10780, si_uid=1001, si_status=0, si_utime=0, si_stime=0}, WEXITED, {ru_utime={tv_sec=0, tv_usec=10905}, ru_stime={tv_sec=0, tv_usec=9542}, ...}) = 0
10660 tgkill(10659, 10664, SIGURG)      = 0
10664 --- SIGURG {si_signo=SIGURG, si_code=SI_TKILL, si_pid=10659, si_uid=1001} ---
10661 clone(child_stack=NULL, flags=CLONE_VM|CLONE_PIDFD|CLONE_VFORK|SIGCHLD <unfinished ...>
10791 tgkill(10785, 10785, SIGURG)      = 0
10785 --- SIGURG {si_signo=SIGURG, si_code=SI_TKILL, si_pid=10785, si_uid=1001} ---
10793 exit_group(0)                     = ?
10794 +++ exited with 0 +++
10792 +++ exited with 0 +++
10793 +++ exited with 0 +++
10791 +++ exited with 0 +++
10785 +++ exited with 0 +++
10665 <... waitid resumed>{si_signo=SIGCHLD, si_code=CLD_EXITED, si_pid=10785, si_uid=1001, si_status=0, si_utime=0, si_stime=0}, WEXITED, {ru_utime={tv_sec=0, tv_usec=2159}, ru_stime={tv_sec=0, tv_usec=5758}, ...}) = 0
10660 --- SIGCHLD {si_signo=SIGCHLD, si_code=CLD_EXITED, si_pid=10785, si_uid=1001, si_status=0, si_utime=0, si_stime=0} ---
10782 exit_group(0)                     = ?
10782 +++ exited with 0 +++
10781 +++ exited with 0 +++
10784 +++ exited with 0 +++
10783 +++ exited with 0 +++
10795 execve("/opt/hostedtoolcache/go/1.27.1/arm64/pkg/tool/linux_arm64/asm", ["/opt/hostedtoolcache/go/1.27.1/a"..., "-p", "internal/bytealg", "-trimpath", "/tmp/go-build1442187625/b010=>", "-I", "/tmp/go-build1442187625/b010/", "-I", "/opt/hostedtoolcache/go/1.27.1/a"..., "-D", "GOOS_linux", "-D", "GOARCH_arm64", "-std", "-o", "/tmp/go-build1442187625/b010/com"..., "/opt/hostedtoolcache/go/1.27.1/a"...], 0x4a5648b9e488 /* 140 vars */ <unfinished ...>
10661 <... clone resumed>, parent_tid=[18]) = 10795
10795 <... execve resumed>)             = 0
10661 waitid(P_PIDFD, 18,  <unfinished ...>
10779 +++ exited with 0 +++
10663 <... waitid resumed>{si_signo=SIGCHLD, si_code=CLD_EXITED, si_pid=10779, si_uid=1001, si_status=0, si_utime=0, si_stime=0}, WEXITED, {ru_utime={tv_sec=0, tv_usec=22066}, ru_stime={tv_sec=0, tv_usec=9194}, ...}) = 0
10660 --- SIGCHLD {si_signo=SIGCHLD, si_code=CLD_EXITED, si_pid=10779, si_uid=1001, si_status=0, si_utime=2 /* 0.02 s */, si_stime=1 /* 0.01 s */} ---
10790 clone(child_stack=0x4e09b3e4c000, flags=CLONE_VM|CLONE_FS|CLONE_FILES|CLONE_SIGHAND|CLONE_THREAD|CLONE_SYSVSEM) = 10796
10665 tgkill(10659, 10724, SIGURG)      = 0
10724 --- SIGURG {si_signo=SIGURG, si_code=SI_TKILL, si_pid=10659, si_uid=1001} ---
10790 clone(child_stack=0x4e09b3e88000, flags=CLONE_VM|CLONE_FS|CLONE_FILES|CLONE_SIGHAND|CLONE_THREAD|CLONE_SYSVSEM) = 10797
10790 clone(child_stack=0x4e09b3e84000, flags=CLONE_VM|CLONE_FS|CLONE_FILES|CLONE_SIGHAND|CLONE_THREAD|CLONE_SYSVSEM) = 10798
10797 clone(child_stack=0x4e09b3eb0000, flags=CLONE_VM|CLONE_FS|CLONE_FILES|CLONE_SIGHAND|CLONE_THREAD|CLONE_SYSVSEM) = 10799
10790 clone(child_stack=0x4e09b3eac000, flags=CLONE_VM|CLONE_FS|CLONE_FILES|CLONE_SIGHAND|CLONE_THREAD|CLONE_SYSVSEM) = 10800
10723 clone(child_stack=NULL, flags=CLONE_VM|CLONE_PIDFD|CLONE_VFORK|SIGCHLD <unfinished ...>
10664 tgkill(10659, 10723, SIGURG)      = 0
10664 tgkill(10659, 10724, SIGURG)      = 0
10724 --- SIGURG {si_signo=SIGURG, si_code=SI_TKILL, si_pid=10659, si_uid=1001} ---
10664 tgkill(10659, 10724, SIGURG)      = 0
10724 --- SIGURG {si_signo=SIGURG, si_code=SI_TKILL, si_pid=10659, si_uid=1001} ---
10801 execve("/opt/hostedtoolcache/go/1.27.1/arm64/pkg/tool/linux_arm64/asm", ["/opt/hostedtoolcache/go/1.27.1/a"..., "-p", "internal/chacha8rand", "-trimpath", "/tmp/go-build1442187625/b013=>", "-I", "/tmp/go-build1442187625/b013/", "-I", "/opt/hostedtoolcache/go/1.27.1/a"..., "-D", "GOOS_linux", "-D", "GOARCH_arm64", "-std", "-o", "/tmp/go-build1442187625/b013/cha"..., "/opt/hostedtoolcache/go/1.27.1/a"...], 0x4a5648b9ed88 /* 140 vars */ <unfinished ...>
10723 <... clone resumed>, parent_tid=[15]) = 10801
10801 <... execve resumed>)             = 0
10723 --- SIGURG {si_signo=SIGURG, si_code=SI_TKILL, si_pid=10659, si_uid=1001} ---
10664 tgkill(10659, 10724, SIGURG)      = 0
10724 --- SIGURG {si_signo=SIGURG, si_code=SI_TKILL, si_pid=10659, si_uid=1001} ---
10664 tgkill(10659, 10723, SIGURG)      = 0
10723 --- SIGURG {si_signo=SIGURG, si_code=SI_TKILL, si_pid=10659, si_uid=1001} ---
10723 waitid(P_PIDFD, 15,  <unfinished ...>
10795 clone(child_stack=0x57449c32c000, flags=CLONE_VM|CLONE_FS|CLONE_FILES|CLONE_SIGHAND|CLONE_THREAD|CLONE_SYSVSEM) = 10802
10795 clone(child_stack=0x57449c364000, flags=CLONE_VM|CLONE_FS|CLONE_FILES|CLONE_SIGHAND|CLONE_THREAD|CLONE_SYSVSEM) = 10803
10802 tgkill(10795, 10795, SIGURG)      = 0
10795 clone(child_stack=0x57449c360000, flags=CLONE_VM|CLONE_FS|CLONE_FILES|CLONE_SIGHAND|CLONE_THREAD|CLONE_SYSVSEM) = 10804
10795 --- SIGURG {si_signo=SIGURG, si_code=SI_TKILL, si_pid=10795, si_uid=1001} ---
10803 clone(child_stack=0x57449c398000, flags=CLONE_VM|CLONE_FS|CLONE_FILES|CLONE_SIGHAND|CLONE_THREAD|CLONE_SYSVSEM <unfinished ...>
10790 exit_group(0)                     = ?
10803 <... clone resumed>)              = 10805
10799 +++ exited with 0 +++
10798 +++ exited with 0 +++
10797 +++ exited with 0 +++
10796 +++ exited with 0 +++
10800 +++ exited with 0 +++
10790 +++ exited with 0 +++
10665 --- SIGCHLD {si_signo=SIGCHLD, si_code=CLD_EXITED, si_pid=10790, si_uid=1001, si_status=0, si_utime=0, si_stime=0} ---
10662 <... waitid resumed>{si_signo=SIGCHLD, si_code=CLD_EXITED, si_pid=10790, si_uid=1001, si_status=0, si_utime=0, si_stime=0}, WEXITED, {ru_utime={tv_sec=0, tv_usec=3035}, ru_stime={tv_sec=0, tv_usec=4553}, ...}) = 0
10665 clone(child_stack=NULL, flags=CLONE_VM|CLONE_PIDFD|CLONE_VFORK|SIGCHLD <unfinished ...>
10801 clone(child_stack=0x489daf8fe000, flags=CLONE_VM|CLONE_FS|CLONE_FILES|CLONE_SIGHAND|CLONE_THREAD|CLONE_SYSVSEM) = 10807
10801 clone(child_stack=0x489daf936000, flags=CLONE_VM|CLONE_FS|CLONE_FILES|CLONE_SIGHAND|CLONE_THREAD|CLONE_SYSVSEM) = 10808
10807 tgkill(10801, 10801, SIGURG)      = 0
10801 --- SIGURG {si_signo=SIGURG, si_code=SI_TKILL, si_pid=10801, si_uid=1001} ---
10801 clone(child_stack=0x489daf932000, flags=CLONE_VM|CLONE_FS|CLONE_FILES|CLONE_SIGHAND|CLONE_THREAD|CLONE_SYSVSEM <unfinished ...>
10808 clone(child_stack=0x489daf998000, flags=CLONE_VM|CLONE_FS|CLONE_FILES|CLONE_SIGHAND|CLONE_THREAD|CLONE_SYSVSEM <unfinished ...>
10801 <... clone resumed>)              = 10809
10808 <... clone resumed>)              = 10810
10801 clone(child_stack=0x489daf994000, flags=CLONE_VM|CLONE_FS|CLONE_FILES|CLONE_SIGHAND|CLONE_THREAD|CLONE_SYSVSEM) = 10811
10806 execve("/opt/hostedtoolcache/go/1.27.1/arm64/pkg/tool/linux_arm64/asm", ["/opt/hostedtoolcache/go/1.27.1/a"..., "-p", "internal/abi", "-trimpath", "/tmp/go-build1442187625/b005=>", "-I", "/tmp/go-build1442187625/b005/", "-I", "/opt/hostedtoolcache/go/1.27.1/a"..., "-D", "GOOS_linux", "-D", "GOARCH_arm64", "-std", "-o", "/tmp/go-build1442187625/b005/stu"..., "/opt/hostedtoolcache/go/1.27.1/a"...], 0x4a56488e4488 /* 140 vars */ <unfinished ...>
10724 clone(child_stack=NULL, flags=CLONE_VM|CLONE_PIDFD|CLONE_VFORK|SIGCHLD <unfinished ...>
10665 <... clone resumed>, parent_tid=[16]) = 10806
10806 <... execve resumed>)             = 0
10812 execve("/opt/hostedtoolcache/go/1.27.1/arm64/pkg/tool/linux_arm64/asm", ["/opt/hostedtoolcache/go/1.27.1/a"..., "-p", "internal/runtime/atomic", "-trimpath", "/tmp/go-build1442187625/b019=>", "-I", "/tmp/go-build1442187625/b019/", "-I", "/opt/hostedtoolcache/go/1.27.1/a"..., "-D", "GOOS_linux", "-D", "GOARCH_arm64", "-std", "-gensymabis", "-o", "/tmp/go-build1442187625/b019/sym"..., "/opt/hostedtoolcache/go/1.27.1/a"...], 0x4a5648816488 /* 140 vars */ <unfinished ...>
10724 <... clone resumed>, parent_tid=[22]) = 10812
10812 <... execve resumed>)             = 0
10665 waitid(P_PIDFD, 16,  <unfinished ...>
10724 waitid(P_PIDFD, 22,  <unfinished ...>
10795 exit_group(0)                     = ?
10804 +++ exited with 0 +++
10802 +++ exited with 0 +++
10805 +++ exited with 0 +++
10803 +++ exited with 0 +++
10795 +++ exited with 0 +++
10661 <... waitid resumed>{si_signo=SIGCHLD, si_code=CLD_EXITED, si_pid=10795, si_uid=1001, si_status=0, si_utime=0, si_stime=0}, WEXITED, {ru_utime={tv_sec=0, tv_usec=1961}, ru_stime={tv_sec=0, tv_usec=5884}, ...}) = 0
10662 --- SIGCHLD {si_signo=SIGCHLD, si_code=CLD_EXITED, si_pid=10795, si_uid=1001, si_status=0, si_utime=0, si_stime=0} ---
10662 clone(child_stack=NULL, flags=CLONE_VM|CLONE_PIDFD|CLONE_VFORK|SIGCHLD <unfinished ...>
10801 exit_group(0)                     = ?
10809 +++ exited with 0 +++
10810 +++ exited with 0 +++
10811 +++ exited with 0 +++
10808 +++ exited with 0 +++
10807 +++ exited with 0 +++
10801 +++ exited with 0 +++
10723 <... waitid resumed>{si_signo=SIGCHLD, si_code=CLD_EXITED, si_pid=10801, si_uid=1001, si_status=0, si_utime=0, si_stime=0}, WEXITED, {ru_utime={tv_sec=0, tv_usec=2517}, ru_stime={tv_sec=0, tv_usec=5034}, ...}) = 0
10661 --- SIGCHLD {si_signo=SIGCHLD, si_code=CLD_EXITED, si_pid=10801, si_uid=1001, si_status=0, si_utime=0, si_stime=0} ---
10813 execve("/opt/hostedtoolcache/go/1.27.1/arm64/pkg/tool/linux_arm64/asm", ["/opt/hostedtoolcache/go/1.27.1/a"..., "-p", "internal/bytealg", "-trimpath", "/tmp/go-build1442187625/b010=>", "-I", "/tmp/go-build1442187625/b010/", "-I", "/opt/hostedtoolcache/go/1.27.1/a"..., "-D", "GOOS_linux", "-D", "GOARCH_arm64", "-std", "-o", "/tmp/go-build1442187625/b010/cou"..., "/opt/hostedtoolcache/go/1.27.1/a"...], 0x4a5648b9e008 /* 140 vars */ <unfinished ...>
10806 clone(child_stack=0x383bf06f8000, flags=CLONE_VM|CLONE_FS|CLONE_FILES|CLONE_SIGHAND|CLONE_THREAD|CLONE_SYSVSEM) = 10814
10662 <... clone resumed>, parent_tid=[14]) = 10813
10813 <... execve resumed>)             = 0
10806 clone(child_stack=0x383bf0730000, flags=CLONE_VM|CLONE_FS|CLONE_FILES|CLONE_SIGHAND|CLONE_THREAD|CLONE_SYSVSEM) = 10815
10814 tgkill(10806, 10806, SIGURG)      = 0
10806 --- SIGURG {si_signo=SIGURG, si_code=SI_TKILL, si_pid=10806, si_uid=1001} ---
10662 waitid(P_PIDFD, 14,  <unfinished ...>
10814 tgkill(10806, 10806, SIGURG)      = 0
10806 clone(child_stack=0x383bf072c000, flags=CLONE_VM|CLONE_FS|CLONE_FILES|CLONE_SIGHAND|CLONE_THREAD|CLONE_SYSVSEM) = 10816
10815 clone(child_stack=0x383bf0798000, flags=CLONE_VM|CLONE_FS|CLONE_FILES|CLONE_SIGHAND|CLONE_THREAD|CLONE_SYSVSEM <unfinished ...>
10806 --- SIGURG {si_signo=SIGURG, si_code=SI_TKILL, si_pid=10806, si_uid=1001} ---
10815 <... clone resumed>)              = 10817
10812 clone(child_stack=0x65db2a916000, flags=CLONE_VM|CLONE_FS|CLONE_FILES|CLONE_SIGHAND|CLONE_THREAD|CLONE_SYSVSEM) = 10818
10812 clone(child_stack=0x65db2a94e000, flags=CLONE_VM|CLONE_FS|CLONE_FILES|CLONE_SIGHAND|CLONE_THREAD|CLONE_SYSVSEM) = 10819
10818 tgkill(10812, 10812, SIGURG)      = 0
10812 --- SIGURG {si_signo=SIGURG, si_code=SI_TKILL, si_pid=10812, si_uid=1001} ---
10812 clone(child_stack=0x65db2a94a000, flags=CLONE_VM|CLONE_FS|CLONE_FILES|CLONE_SIGHAND|CLONE_THREAD|CLONE_SYSVSEM) = 10820
10819 clone(child_stack=0x65db2a998000, flags=CLONE_VM|CLONE_FS|CLONE_FILES|CLONE_SIGHAND|CLONE_THREAD|CLONE_SYSVSEM) = 10821
10806 exit_group(0)                     = ?
10817 +++ exited with 0 +++
10815 +++ exited with 0 +++
10814 +++ exited with 0 +++
10816 +++ exited with 0 +++
10806 +++ exited with 0 +++
10723 --- SIGCHLD {si_signo=SIGCHLD, si_code=CLD_EXITED, si_pid=10806, si_uid=1001, si_status=0, si_utime=0, si_stime=0} ---
10665 <... waitid resumed>{si_signo=SIGCHLD, si_code=CLD_EXITED, si_pid=10806, si_uid=1001, si_status=0, si_utime=0, si_stime=0}, WEXITED, {ru_utime={tv_sec=0, tv_usec=0}, ru_stime={tv_sec=0, tv_usec=6261}, ...}) = 0
10813 clone(child_stack=0x17ac4fbe2000, flags=CLONE_VM|CLONE_FS|CLONE_FILES|CLONE_SIGHAND|CLONE_THREAD|CLONE_SYSVSEM) = 10822
10813 clone(child_stack=0x17ac4fc1a000, flags=CLONE_VM|CLONE_FS|CLONE_FILES|CLONE_SIGHAND|CLONE_THREAD|CLONE_SYSVSEM) = 10823
10822 tgkill(10813, 10813, SIGURG <unfinished ...>
10813 clone(child_stack=0x17ac4fc16000, flags=CLONE_VM|CLONE_FS|CLONE_FILES|CLONE_SIGHAND|CLONE_THREAD|CLONE_SYSVSEM <unfinished ...>
10822 <... tgkill resumed>)             = 0
10813 <... clone resumed>)              = 10824
10813 --- SIGURG {si_signo=SIGURG, si_code=SI_TKILL, si_pid=10813, si_uid=1001} ---
10823 clone(child_stack=0x17ac4fc98000, flags=CLONE_VM|CLONE_FS|CLONE_FILES|CLONE_SIGHAND|CLONE_THREAD|CLONE_SYSVSEM) = 10825
10812 exit_group(0)                     = ?
10820 +++ exited with 0 +++
10821 +++ exited with 0 +++
10819 +++ exited with 0 +++
10818 +++ exited with 0 +++
10660 tgkill(10659, 10661, SIGURG)      = 0
10661 --- SIGURG {si_signo=SIGURG, si_code=SI_TKILL, si_pid=10659, si_uid=1001} ---
10812 +++ exited with 0 +++
10723 --- SIGCHLD {si_signo=SIGCHLD, si_code=CLD_EXITED, si_pid=10812, si_uid=1001, si_status=0, si_utime=0, si_stime=0} ---
10724 <... waitid resumed>{si_signo=SIGCHLD, si_code=CLD_EXITED, si_pid=10812, si_uid=1001, si_status=0, si_utime=0, si_stime=0}, WEXITED, {ru_utime={tv_sec=0, tv_usec=1471}, ru_stime={tv_sec=0, tv_usec=5887}, ...}) = 0
10664 clone(child_stack=NULL, flags=CLONE_VM|CLONE_PIDFD|CLONE_VFORK|SIGCHLD <unfinished ...>
10665 clone(child_stack=NULL, flags=CLONE_VM|CLONE_PIDFD|CLONE_VFORK|SIGCHLD <unfinished ...>
10826 execve("/opt/hostedtoolcache/go/1.27.1/arm64/pkg/tool/linux_arm64/compile", ["/opt/hostedtoolcache/go/1.27.1/a"..., "-o", "/tmp/go-build1442187625/b023/_pk"..., "-trimpath", "/tmp/go-build1442187625/b023=>", "-p", "math/bits", "-lang=go1.27", "-std", "-complete", "-buildid", "Zc0PQLlaIx_MgfGvKr9G/Zc0PQLlaIx_"..., "-goversion", "go1.27.1", "-c=4", "-nolocalimports", "-importcfg", "/tmp/go-build1442187625/b023/imp"..., "-pack", "/opt/hostedtoolcache/go/1.27.1/a"..., "/opt/hostedtoolcache/go/1.27.1/a"..., "/opt/hostedtoolcache/go/1.27.1/a"...], 0x4a5648816908 /* 140 vars */ <unfinished ...>
10664 <... clone resumed>, parent_tid=[16]) = 10826
10826 <... execve resumed>)             = 0
10827 execve("/opt/hostedtoolcache/go/1.27.1/arm64/pkg/tool/linux_arm64/compile", ["/opt/hostedtoolcache/go/1.27.1/a"..., "-o", "/tmp/go-build1442187625/b019/_pk"..., "-trimpath", "/tmp/go-build1442187625/b019=>", "-p", "internal/runtime/atomic", "-lang=go1.27", "-std", "-buildid", "JLvm72GCidsaQcYveEya/JLvm72GCids"..., "-goversion", "go1.27.1", "-symabis", "/tmp/go-build1442187625/b019/sym"..., "-c=4", "-nolocalimports", "-importcfg", "/tmp/go-build1442187625/b019/imp"..., "-pack", "-asmhdr", "/tmp/go-build1442187625/b019/go_"..., "/opt/hostedtoolcache/go/1.27.1/a"..., "/opt/hostedtoolcache/go/1.27.1/a"..., "/opt/hostedtoolcache/go/1.27.1/a"..., "/opt/hostedtoolcache/go/1.27.1/a"..., "/opt/hostedtoolcache/go/1.27.1/a"..., "/opt/hostedtoolcache/go/1.27.1/a"..., "/opt/hostedtoolcache/go/1.27.1/a"..., "/opt/hostedtoolcache/go/1.27.1/a"...], 0x4a5648b9e488 /* 140 vars */ <unfinished ...>
10665 <... clone resumed>, parent_tid=[21]) = 10827
10827 <... execve resumed>)             = 0
10813 exit_group(0 <unfinished ...>
10664 waitid(P_PIDFD, 16,  <unfinished ...>
10813 <... exit_group resumed>)         = ?
10825 +++ exited with 0 +++
10823 +++ exited with 0 +++
10824 +++ exited with 0 +++
10822 +++ exited with 0 +++
10813 +++ exited with 0 +++
10665 --- SIGCHLD {si_signo=SIGCHLD, si_code=CLD_EXITED, si_pid=10813, si_uid=1001, si_status=0, si_utime=0, si_stime=0} ---
10662 <... waitid resumed>{si_signo=SIGCHLD, si_code=CLD_EXITED, si_pid=10813, si_uid=1001, si_status=0, si_utime=0, si_stime=0}, WEXITED, {ru_utime={tv_sec=0, tv_usec=0}, ru_stime={tv_sec=0, tv_usec=7582}, ...}) = 0
10665 waitid(P_PIDFD, 21,  <unfinished ...>
10724 clone(child_stack=NULL, flags=CLONE_VM|CLONE_PIDFD|CLONE_VFORK|SIGCHLD <unfinished ...>
10828 execve("/opt/hostedtoolcache/go/1.27.1/arm64/pkg/tool/linux_arm64/asm", ["/opt/hostedtoolcache/go/1.27.1/a"..., "-p", "internal/bytealg", "-trimpath", "/tmp/go-build1442187625/b010=>", "-I", "/tmp/go-build1442187625/b010/", "-I", "/opt/hostedtoolcache/go/1.27.1/a"..., "-D", "GOOS_linux", "-D", "GOARCH_arm64", "-std", "-o", "/tmp/go-build1442187625/b010/equ"..., "/opt/hostedtoolcache/go/1.27.1/a"...], 0x4a5648816d88 /* 140 vars */ <unfinished ...>
10724 <... clone resumed>, parent_tid=[15]) = 10828
10828 <... execve resumed>)             = 0
10724 waitid(P_PIDFD, 15,  <unfinished ...>
10827 clone(child_stack=0x226ea82ca000, flags=CLONE_VM|CLONE_FS|CLONE_FILES|CLONE_SIGHAND|CLONE_THREAD|CLONE_SYSVSEM) = 10829
10826 clone(child_stack=0x6acb799d8000, flags=CLONE_VM|CLONE_FS|CLONE_FILES|CLONE_SIGHAND|CLONE_THREAD|CLONE_SYSVSEM) = 10830
10827 clone(child_stack=0x226ea8308000, flags=CLONE_VM|CLONE_FS|CLONE_FILES|CLONE_SIGHAND|CLONE_THREAD|CLONE_SYSVSEM) = 10831
10827 clone(child_stack=0x226ea8304000, flags=CLONE_VM|CLONE_FS|CLONE_FILES|CLONE_SIGHAND|CLONE_THREAD|CLONE_SYSVSEM <unfinished ...>
10826 clone(child_stack=0x6acb79a10000, flags=CLONE_VM|CLONE_FS|CLONE_FILES|CLONE_SIGHAND|CLONE_THREAD|CLONE_SYSVSEM <unfinished ...>
10827 <... clone resumed>)              = 10832
10826 <... clone resumed>)              = 10833
10830 tgkill(10826, 10826, SIGURG)      = 0
10826 clone(child_stack=0x6acb79a0c000, flags=CLONE_VM|CLONE_FS|CLONE_FILES|CLONE_SIGHAND|CLONE_THREAD|CLONE_SYSVSEM <unfinished ...>
10831 clone(child_stack=0x226ea8330000, flags=CLONE_VM|CLONE_FS|CLONE_FILES|CLONE_SIGHAND|CLONE_THREAD|CLONE_SYSVSEM <unfinished ...>
10826 <... clone resumed>)              = 10834
10831 <... clone resumed>)              = 10835
10826 --- SIGURG {si_signo=SIGURG, si_code=SI_TKILL, si_pid=10826, si_uid=1001} ---
10833 clone(child_stack=0x6acb79a98000, flags=CLONE_VM|CLONE_FS|CLONE_FILES|CLONE_SIGHAND|CLONE_THREAD|CLONE_SYSVSEM) = 10836
10660 tgkill(10659, 10663, SIGURG)      = 0
10663 --- SIGURG {si_signo=SIGURG, si_code=SI_TKILL, si_pid=10659, si_uid=1001} ---
10663 clone(child_stack=NULL, flags=CLONE_VM|CLONE_PIDFD|CLONE_VFORK|SIGCHLD <unfinished ...>
10828 clone(child_stack=0x7ca778718000, flags=CLONE_VM|CLONE_FS|CLONE_FILES|CLONE_SIGHAND|CLONE_THREAD|CLONE_SYSVSEM) = 10838
10828 clone(child_stack=0x7ca778750000, flags=CLONE_VM|CLONE_FS|CLONE_FILES|CLONE_SIGHAND|CLONE_THREAD|CLONE_SYSVSEM) = 10839
10828 clone(child_stack=0x7ca77874c000, flags=CLONE_VM|CLONE_FS|CLONE_FILES|CLONE_SIGHAND|CLONE_THREAD|CLONE_SYSVSEM) = 10840
10829 clone(child_stack=0x226ea8810000, flags=CLONE_VM|CLONE_FS|CLONE_FILES|CLONE_SIGHAND|CLONE_THREAD|CLONE_SYSVSEM) = 10841
10839 clone(child_stack=0x7ca778798000, flags=CLONE_VM|CLONE_FS|CLONE_FILES|CLONE_SIGHAND|CLONE_THREAD|CLONE_SYSVSEM) = 10842
10837 execve("/opt/hostedtoolcache/go/1.27.1/arm64/pkg/tool/linux_arm64/compile", ["/opt/hostedtoolcache/go/1.27.1/a"..., "-o", "/tmp/go-build1442187625/b025/_pk"..., "-trimpath", "/tmp/go-build1442187625/b025=>", "-p", "internal/runtime/gc", "-lang=go1.27", "-std", "-complete", "-buildid", "Pfv26tI2_f6sVbQDUcl5/Pfv26tI2_f6"..., "-goversion", "go1.27.1", "-c=4", "-nolocalimports", "-importcfg", "/tmp/go-build1442187625/b025/imp"..., "-pack", "/opt/hostedtoolcache/go/1.27.1/a"..., "/opt/hostedtoolcache/go/1.27.1/a"..., "/opt/hostedtoolcache/go/1.27.1/a"...], 0x4a56488e4908 /* 140 vars */ <unfinished ...>
10663 <... clone resumed>, parent_tid=[17]) = 10837
10837 <... execve resumed>)             = 0
10663 waitid(P_PIDFD, 17,  <unfinished ...>
10830 tgkill(10826, 10836, SIGURG)      = 0
10836 --- SIGURG {si_signo=SIGURG, si_code=SI_TKILL, si_pid=10826, si_uid=1001} ---
10828 exit_group(0)                     = ?
10842 +++ exited with 0 +++
10840 +++ exited with 0 +++
10838 +++ exited with 0 +++
10829 tgkill(10827, 10832, SIGURG <unfinished ...>
10832 --- SIGURG {si_signo=SIGURG, si_code=SI_TKILL, si_pid=10827, si_uid=1001} ---
10829 <... tgkill resumed>)             = 0
10839 +++ exited with 0 +++
10828 +++ exited with 0 +++
10662 --- SIGCHLD {si_signo=SIGCHLD, si_code=CLD_EXITED, si_pid=10828, si_uid=1001, si_status=0, si_utime=0, si_stime=0} ---
10724 <... waitid resumed>{si_signo=SIGCHLD, si_code=CLD_EXITED, si_pid=10828, si_uid=1001, si_status=0, si_utime=0, si_stime=0}, WEXITED, {ru_utime={tv_sec=0, tv_usec=1129}, ru_stime={tv_sec=0, tv_usec=6776}, ...}) = 0
10837 clone(child_stack=0x368a86cd8000, flags=CLONE_VM|CLONE_FS|CLONE_FILES|CLONE_SIGHAND|CLONE_THREAD|CLONE_SYSVSEM) = 10843
10837 clone(child_stack=0x368a86d10000, flags=CLONE_VM|CLONE_FS|CLONE_FILES|CLONE_SIGHAND|CLONE_THREAD|CLONE_SYSVSEM) = 10844
10837 clone(child_stack=0x368a86d0c000, flags=CLONE_VM|CLONE_FS|CLONE_FILES|CLONE_SIGHAND|CLONE_THREAD|CLONE_SYSVSEM) = 10845
10662 clone(child_stack=NULL, flags=CLONE_VM|CLONE_PIDFD|CLONE_VFORK|SIGCHLD <unfinished ...>
10844 clone(child_stack=0x368a86d98000, flags=CLONE_VM|CLONE_FS|CLONE_FILES|CLONE_SIGHAND|CLONE_THREAD|CLONE_SYSVSEM) = 10847
10660 tgkill(10659, 10662, SIGURG)      = 0
10826 exit_group(0)                     = ?
10834 +++ exited with 0 +++
10833 +++ exited with 0 +++
10830 +++ exited with 0 +++
10846 execve("/opt/hostedtoolcache/go/1.27.1/arm64/pkg/tool/linux_arm64/asm", ["/opt/hostedtoolcache/go/1.27.1/a"..., "-p", "internal/bytealg", "-trimpath", "/tmp/go-build1442187625/b010=>", "-I", "/tmp/go-build1442187625/b010/", "-I", "/opt/hostedtoolcache/go/1.27.1/a"..., "-D", "GOOS_linux", "-D", "GOARCH_arm64", "-std", "-o", "/tmp/go-build1442187625/b010/ind"..., "/opt/hostedtoolcache/go/1.27.1/a"...], 0x4a5648817208 /* 140 vars */ <unfinished ...>
10662 <... clone resumed>, parent_tid=[15]) = 10846
10662 --- SIGURG {si_signo=SIGURG, si_code=SI_TKILL, si_pid=10659, si_uid=1001} ---
10846 <... execve resumed>)             = 0
10836 +++ exited with 0 +++
10826 +++ exited with 0 +++
10661 --- SIGCHLD {si_signo=SIGCHLD, si_code=CLD_EXITED, si_pid=10826, si_uid=1001, si_status=0, si_utime=2 /* 0.02 s */, si_stime=1 /* 0.01 s */} ---
10664 <... waitid resumed>{si_signo=SIGCHLD, si_code=CLD_EXITED, si_pid=10826, si_uid=1001, si_status=0, si_utime=0, si_stime=0}, WEXITED, {ru_utime={tv_sec=0, tv_usec=20555}, ru_stime={tv_sec=0, tv_usec=10277}, ...}) = 0
10660 tgkill(10659, 10664, SIGURG <unfinished ...>
10723 waitid(P_PIDFD, 15,  <unfinished ...>
10660 <... tgkill resumed>)             = 0
10664 --- SIGURG {si_signo=SIGURG, si_code=SI_TKILL, si_pid=10659, si_uid=1001} ---
10835 exit_group(0)                     = ?
10835 +++ exited with 0 +++
10829 +++ exited with 0 +++
10831 +++ exited with 0 +++
10841 +++ exited with 0 +++
10832 +++ exited with 0 +++
10827 +++ exited with 0 +++
10724 --- SIGCHLD {si_signo=SIGCHLD, si_code=CLD_EXITED, si_pid=10827, si_uid=1001, si_status=0, si_utime=3 /* 0.03 s */, si_stime=1 /* 0.01 s */} ---
10665 <... waitid resumed>{si_signo=SIGCHLD, si_code=CLD_EXITED, si_pid=10827, si_uid=1001, si_status=0, si_utime=0, si_stime=0}, WEXITED, {ru_utime={tv_sec=0, tv_usec=31649}, ru_stime={tv_sec=0, tv_usec=14386}, ...}) = 0
10724 clone(child_stack=NULL, flags=CLONE_VM|CLONE_PIDFD|CLONE_VFORK|SIGCHLD <unfinished ...>
10846 clone(child_stack=0x64c432a2c000, flags=CLONE_VM|CLONE_FS|CLONE_FILES|CLONE_SIGHAND|CLONE_THREAD|CLONE_SYSVSEM) = 10849
10849 tgkill(10846, 10846, SIGURG)      = 0
10846 clone(child_stack=0x64c432a64000, flags=CLONE_VM|CLONE_FS|CLONE_FILES|CLONE_SIGHAND|CLONE_THREAD|CLONE_SYSVSEM) = 10850
10846 --- SIGURG {si_signo=SIGURG, si_code=SI_TKILL, si_pid=10846, si_uid=1001} ---
10846 clone(child_stack=0x64c432a60000, flags=CLONE_VM|CLONE_FS|CLONE_FILES|CLONE_SIGHAND|CLONE_THREAD|CLONE_SYSVSEM) = 10851
10850 clone(child_stack=0x64c432a98000, flags=CLONE_VM|CLONE_FS|CLONE_FILES|CLONE_SIGHAND|CLONE_THREAD|CLONE_SYSVSEM) = 10852
10848 execve("/opt/hostedtoolcache/go/1.27.1/arm64/pkg/tool/linux_arm64/asm", ["/opt/hostedtoolcache/go/1.27.1/a"..., "-p", "internal/runtime/atomic", "-trimpath", "/tmp/go-build1442187625/b019=>", "-I", "/tmp/go-build1442187625/b019/", "-I", "/opt/hostedtoolcache/go/1.27.1/a"..., "-D", "GOOS_linux", "-D", "GOARCH_arm64", "-std", "-o", "/tmp/go-build1442187625/b019/ato"..., "/opt/hostedtoolcache/go/1.27.1/a"...], 0x4a5648b9fb08 /* 140 vars */) = 0
10724 <... clone resumed>, parent_tid=[16]) = 10848
10666 waitid(P_PIDFD, 16,  <unfinished ...>
10847 exit_group(0)                     = ?
10845 +++ exited with 0 +++
10844 +++ exited with 0 +++
10847 +++ exited with 0 +++
10843 +++ exited with 0 +++
10837 +++ exited with 0 +++
10662 --- SIGCHLD {si_signo=SIGCHLD, si_code=CLD_EXITED, si_pid=10837, si_uid=1001, si_status=0, si_utime=0, si_stime=0} ---
10663 <... waitid resumed>{si_signo=SIGCHLD, si_code=CLD_EXITED, si_pid=10837, si_uid=1001, si_status=0, si_utime=0, si_stime=0}, WEXITED, {ru_utime={tv_sec=0, tv_usec=8754}, ru_stime={tv_sec=0, tv_usec=7660}, ...}) = 0
10664 clone(child_stack=NULL, flags=CLONE_VM|CLONE_PIDFD|CLONE_VFORK|SIGCHLD <unfinished ...>
10853 execve("/opt/hostedtoolcache/go/1.27.1/arm64/pkg/tool/linux_arm64/compile", ["/opt/hostedtoolcache/go/1.27.1/a"..., "-o", "/tmp/go-build1442187625/b022/_pk"..., "-trimpath", "/tmp/go-build1442187625/b022=>", "-p", "internal/strconv", "-lang=go1.27", "-std", "-complete", "-buildid", "p5miu0k1RXZEa3AC8Xsr/p5miu0k1RXZ"..., "-goversion", "go1.27.1", "-c=4", "-nolocalimports", "-importcfg", "/tmp/go-build1442187625/b022/imp"..., "-pack", "/opt/hostedtoolcache/go/1.27.1/a"..., "/opt/hostedtoolcache/go/1.27.1/a"..., "/opt/hostedtoolcache/go/1.27.1/a"..., "/opt/hostedtoolcache/go/1.27.1/a"..., "/opt/hostedtoolcache/go/1.27.1/a"..., "/opt/hostedtoolcache/go/1.27.1/a"..., "/opt/hostedtoolcache/go/1.27.1/a"..., "/opt/hostedtoolcache/go/1.27.1/a"..., "/opt/hostedtoolcache/go/1.27.1/a"..., "/opt/hostedtoolcache/go/1.27.1/a"..., "/opt/hostedtoolcache/go/1.27.1/a"...], 0x4a56488e4488 /* 140 vars */ <unfinished ...>
10846 exit_group(0)                     = ?
10852 +++ exited with 0 +++
10851 +++ exited with 0 +++
10850 +++ exited with 0 +++
10664 <... clone resumed>, parent_tid=[17]) = 10853
10853 <... execve resumed>)             = 0
10849 +++ exited with 0 +++
10846 +++ exited with 0 +++
10723 <... waitid resumed>{si_signo=SIGCHLD, si_code=CLD_EXITED, si_pid=10846, si_uid=1001, si_status=0, si_utime=0, si_stime=0}, WEXITED, {ru_utime={tv_sec=0, tv_usec=1277}, ru_stime={tv_sec=0, tv_usec=6387}, ...}) = 0
10665 --- SIGCHLD {si_signo=SIGCHLD, si_code=CLD_EXITED, si_pid=10846, si_uid=1001, si_status=0, si_utime=0, si_stime=0} ---
10664 waitid(P_PIDFD, 17,  <unfinished ...>
10848 clone(child_stack=0x2cc10fd2000, flags=CLONE_VM|CLONE_FS|CLONE_FILES|CLONE_SIGHAND|CLONE_THREAD|CLONE_SYSVSEM) = 10854
10848 clone(child_stack=0x2cc1100a000, flags=CLONE_VM|CLONE_FS|CLONE_FILES|CLONE_SIGHAND|CLONE_THREAD|CLONE_SYSVSEM <unfinished ...>
10854 tgkill(10848, 10848, SIGURG <unfinished ...>
10848 <... clone resumed>)              = 10855
10854 <... tgkill resumed>)             = 0
10848 --- SIGURG {si_signo=SIGURG, si_code=SI_TKILL, si_pid=10848, si_uid=1001} ---
10848 clone(child_stack=0x2cc11006000, flags=CLONE_VM|CLONE_FS|CLONE_FILES|CLONE_SIGHAND|CLONE_THREAD|CLONE_SYSVSEM <unfinished ...>
10663 clone(child_stack=NULL, flags=CLONE_VM|CLONE_PIDFD|CLONE_VFORK|SIGCHLD <unfinished ...>
10848 <... clone resumed>)              = 10856
10855 clone(child_stack=0x2cc11098000, flags=CLONE_VM|CLONE_FS|CLONE_FILES|CLONE_SIGHAND|CLONE_THREAD|CLONE_SYSVSEM) = 10858
10858 clone(child_stack=0x2cc11094000, flags=CLONE_VM|CLONE_FS|CLONE_FILES|CLONE_SIGHAND|CLONE_THREAD|CLONE_SYSVSEM) = 10859
10857 execve("/opt/hostedtoolcache/go/1.27.1/arm64/pkg/tool/linux_arm64/asm", ["/opt/hostedtoolcache/go/1.27.1/a"..., "-p", "internal/bytealg", "-trimpath", "/tmp/go-build1442187625/b010=>", "-I", "/tmp/go-build1442187625/b010/", "-I", "/opt/hostedtoolcache/go/1.27.1/a"..., "-D", "GOOS_linux", "-D", "GOARCH_arm64", "-std", "-o", "/tmp/go-build1442187625/b010/ind"..., "/opt/hostedtoolcache/go/1.27.1/a"...], 0x4a5648b9e008 /* 140 vars */ <unfinished ...>
10663 <... clone resumed>, parent_tid=[15]) = 10857
10857 <... execve resumed>)             = 0
10663 waitid(P_PIDFD, 15,  <unfinished ...>
10665 clone(child_stack=NULL, flags=CLONE_VM|CLONE_PIDFD|CLONE_VFORK|SIGCHLD <unfinished ...>
10860 execve("/opt/hostedtoolcache/go/1.27.1/arm64/pkg/tool/linux_arm64/asm", ["/opt/hostedtoolcache/go/1.27.1/a"..., "-p", "internal/runtime/sys", "-trimpath", "/tmp/go-build1442187625/b027=>", "-I", "/tmp/go-build1442187625/b027/", "-I", "/opt/hostedtoolcache/go/1.27.1/a"..., "-D", "GOOS_linux", "-D", "GOARCH_arm64", "-std", "-gensymabis", "-o", "/tmp/go-build1442187625/b027/sym"..., "/opt/hostedtoolcache/go/1.27.1/a"..., "/opt/hostedtoolcache/go/1.27.1/a"...], 0x4a5648816488 /* 140 vars */ <unfinished ...>
10665 <... clone resumed>, parent_tid=[18]) = 10860
10860 <... execve resumed>)             = 0
10857 clone(child_stack=0x3c8caefa0000, flags=CLONE_VM|CLONE_FS|CLONE_FILES|CLONE_SIGHAND|CLONE_THREAD|CLONE_SYSVSEM <unfinished ...>
10665 waitid(P_PIDFD, 18,  <unfinished ...>
10857 <... clone resumed>)              = 10861
10857 clone(child_stack=0x3c8caefd8000, flags=CLONE_VM|CLONE_FS|CLONE_FILES|CLONE_SIGHAND|CLONE_THREAD|CLONE_SYSVSEM) = 10862
10857 clone(child_stack=0x3c8caefd4000, flags=CLONE_VM|CLONE_FS|CLONE_FILES|CLONE_SIGHAND|CLONE_THREAD|CLONE_SYSVSEM) = 10863
10862 clone(child_stack=0x3c8caf018000, flags=CLONE_VM|CLONE_FS|CLONE_FILES|CLONE_SIGHAND|CLONE_THREAD|CLONE_SYSVSEM) = 10864
10853 clone(child_stack=0x1fda649e000, flags=CLONE_VM|CLONE_FS|CLONE_FILES|CLONE_SIGHAND|CLONE_THREAD|CLONE_SYSVSEM) = 10865
10848 exit_group(0)                     = ?
10859 +++ exited with 0 +++
10858 +++ exited with 0 +++
10854 +++ exited with 0 +++
10855 +++ exited with 0 +++
10853 clone(child_stack=0x1fda64d6000, flags=CLONE_VM|CLONE_FS|CLONE_FILES|CLONE_SIGHAND|CLONE_THREAD|CLONE_SYSVSEM) = 10866
10865 tgkill(10853, 10853, SIGURG)      = 0
10853 clone(child_stack=0x1fda64d2000, flags=CLONE_VM|CLONE_FS|CLONE_FILES|CLONE_SIGHAND|CLONE_THREAD|CLONE_SYSVSEM) = 10867
10856 +++ exited with 0 +++
10848 +++ exited with 0 +++
10666 <... waitid resumed>{si_signo=SIGCHLD, si_code=CLD_EXITED, si_pid=10848, si_uid=1001, si_status=0, si_utime=0, si_stime=0}, WEXITED, {ru_utime={tv_sec=0, tv_usec=5503}, ru_stime={tv_sec=0, tv_usec=2751}, ...}) = 0
10724 --- SIGCHLD {si_signo=SIGCHLD, si_code=CLD_EXITED, si_pid=10848, si_uid=1001, si_status=0, si_utime=0, si_stime=0} ---
10853 --- SIGURG {si_signo=SIGURG, si_code=SI_TKILL, si_pid=10853, si_uid=1001} ---
10866 clone(child_stack=0x1fda6518000, flags=CLONE_VM|CLONE_FS|CLONE_FILES|CLONE_SIGHAND|CLONE_THREAD|CLONE_SYSVSEM) = 10868
10867 clone(child_stack=0x1fda6514000, flags=CLONE_VM|CLONE_FS|CLONE_FILES|CLONE_SIGHAND|CLONE_THREAD|CLONE_SYSVSEM) = 10869
10857 exit_group(0)                     = ?
10863 +++ exited with 0 +++
10861 +++ exited with 0 +++
10864 +++ exited with 0 +++
10862 +++ exited with 0 +++
10857 +++ exited with 0 +++
10666 --- SIGCHLD {si_signo=SIGCHLD, si_code=CLD_EXITED, si_pid=10857, si_uid=1001, si_status=0, si_utime=0, si_stime=0} ---
10663 <... waitid resumed>{si_signo=SIGCHLD, si_code=CLD_EXITED, si_pid=10857, si_uid=1001, si_status=0, si_utime=0, si_stime=0}, WEXITED, {ru_utime={tv_sec=0, tv_usec=0}, ru_stime={tv_sec=0, tv_usec=6130}, ...}) = 0
10860 clone(child_stack=0x4e1dafec000, flags=CLONE_VM|CLONE_FS|CLONE_FILES|CLONE_SIGHAND|CLONE_THREAD|CLONE_SYSVSEM) = 10870
10860 clone(child_stack=0x4e1db024000, flags=CLONE_VM|CLONE_FS|CLONE_FILES|CLONE_SIGHAND|CLONE_THREAD|CLONE_SYSVSEM) = 10871
10860 clone(child_stack=0x4e1db020000, flags=CLONE_VM|CLONE_FS|CLONE_FILES|CLONE_SIGHAND|CLONE_THREAD|CLONE_SYSVSEM) = 10872
10871 clone(child_stack=0x4e1db098000, flags=CLONE_VM|CLONE_FS|CLONE_FILES|CLONE_SIGHAND|CLONE_THREAD|CLONE_SYSVSEM) = 10873
10660 tgkill(10659, 10662, SIGURG)      = 0
10662 --- SIGURG {si_signo=SIGURG, si_code=SI_TKILL, si_pid=10659, si_uid=1001} ---
10723 clone(child_stack=NULL, flags=CLONE_VM|CLONE_PIDFD|CLONE_VFORK|SIGCHLD <unfinished ...>
10874 execve("/opt/hostedtoolcache/go/1.27.1/arm64/pkg/tool/linux_arm64/compile", ["/opt/hostedtoolcache/go/1.27.1/a"..., "-o", "/tmp/go-build1442187625/b024/_pk"..., "-trimpath", "/tmp/go-build1442187625/b024=>", "-p", "internal/runtime/exithook", "-lang=go1.27", "-std", "-complete", "-buildid", "ELhzkZa6ztmAEW3uupdT/ELhzkZa6ztm"..., "-goversion", "go1.27.1", "-c=4", "-nolocalimports", "-importcfg", "/tmp/go-build1442187625/b024/imp"..., "-pack", "/opt/hostedtoolcache/go/1.27.1/a"...], 0x4a5648b9e488 /* 140 vars */ <unfinished ...>
10723 <... clone resumed>, parent_tid=[15]) = 10874
10874 <... execve resumed>)             = 0
10860 exit_group(0)                     = ?
10870 +++ exited with 0 +++
10872 +++ exited with 0 +++
10871 +++ exited with 0 +++
10723 waitid(P_PIDFD, 15,  <unfinished ...>
10873 +++ exited with 0 +++
10860 +++ exited with 0 +++
10665 <... waitid resumed>{si_signo=SIGCHLD, si_code=CLD_EXITED, si_pid=10860, si_uid=1001, si_status=0, si_utime=0, si_stime=0}, WEXITED, {ru_utime={tv_sec=0, tv_usec=1721}, ru_stime={tv_sec=0, tv_usec=5163}, ...}) = 0
10663 --- SIGCHLD {si_signo=SIGCHLD, si_code=CLD_EXITED, si_pid=10860, si_uid=1001, si_status=0, si_utime=0, si_stime=0} ---
10663 clone(child_stack=NULL, flags=CLONE_VM|CLONE_PIDFD|CLONE_VFORK|SIGCHLD <unfinished ...>
10666 clone(child_stack=NULL, flags=CLONE_VM|CLONE_PIDFD|CLONE_VFORK|SIGCHLD <unfinished ...>
10875 execve("/opt/hostedtoolcache/go/1.27.1/arm64/pkg/tool/linux_arm64/compile", ["/opt/hostedtoolcache/go/1.27.1/a"..., "-o", "/tmp/go-build1442187625/b027/_pk"..., "-trimpath", "/tmp/go-build1442187625/b027=>", "-p", "internal/runtime/sys", "-lang=go1.27", "-std", "-buildid", "7kGJrNa8U6ho9hzPEuBq/7kGJrNa8U6h"..., "-goversion", "go1.27.1", "-symabis", "/tmp/go-build1442187625/b027/sym"..., "-c=4", "-nolocalimports", "-importcfg", "/tmp/go-build1442187625/b027/imp"..., "-pack", "-asmhdr", "/tmp/go-build1442187625/b027/go_"..., "/opt/hostedtoolcache/go/1.27.1/a"..., "/opt/hostedtoolcache/go/1.27.1/a"..., "/opt/hostedtoolcache/go/1.27.1/a"..., "/opt/hostedtoolcache/go/1.27.1/a"..., "/opt/hostedtoolcache/go/1.27.1/a"..., "/opt/hostedtoolcache/go/1.27.1/a"..., "/opt/hostedtoolcache/go/1.27.1/a"...], 0x4a5648816908 /* 140 vars */ <unfinished ...>
10876 execve("/opt/hostedtoolcache/go/1.27.1/arm64/pkg/tool/linux_arm64/compile", ["/opt/hostedtoolcache/go/1.27.1/a"..., "-o", "/tmp/go-build1442187625/b029/_pk"..., "-trimpath", "/tmp/go-build1442187625/b029=>", "-p", "internal/asan", "-lang=go1.27", "-std", "-complete", "-buildid", "ql10FtP9oAow50ExWstg/ql10FtP9oAo"..., "-goversion", "go1.27.1", "-c=4", "-nolocalimports", "-importcfg", "/tmp/go-build1442187625/b029/imp"..., "-pack", "/opt/hostedtoolcache/go/1.27.1/a"..., "/opt/hostedtoolcache/go/1.27.1/a"...], 0x4a56488e4908 /* 140 vars */ <unfinished ...>
10663 <... clone resumed>, parent_tid=[19]) = 10875
10666 <... clone resumed>, parent_tid=[22]) = 10876
10875 <... execve resumed>)             = 0
10876 <... execve resumed>)             = 0
10663 waitid(P_PIDFD, 19,  <unfinished ...>
10666 waitid(P_PIDFD, 22,  <unfinished ...>
10874 clone(child_stack=0x3c87302b2000, flags=CLONE_VM|CLONE_FS|CLONE_FILES|CLONE_SIGHAND|CLONE_THREAD|CLONE_SYSVSEM) = 10877
10877 tgkill(10874, 10874, SIGURG)      = 0
10874 clone(child_stack=0x3c87302ea000, flags=CLONE_VM|CLONE_FS|CLONE_FILES|CLONE_SIGHAND|CLONE_THREAD|CLONE_SYSVSEM) = 10878
10874 --- SIGURG {si_signo=SIGURG, si_code=SI_TKILL, si_pid=10874, si_uid=1001} ---
10877 tgkill(10874, 10874, SIGURG)      = 0
10874 clone(child_stack=0x3c87302e6000, flags=CLONE_VM|CLONE_FS|CLONE_FILES|CLONE_SIGHAND|CLONE_THREAD|CLONE_SYSVSEM) = 10879
10878 clone(child_stack=0x3c8730318000, flags=CLONE_VM|CLONE_FS|CLONE_FILES|CLONE_SIGHAND|CLONE_THREAD|CLONE_SYSVSEM) = 10880
10874 --- SIGURG {si_signo=SIGURG, si_code=SI_TKILL, si_pid=10874, si_uid=1001} ---
10880 clone(child_stack=0x3c8730314000, flags=CLONE_VM|CLONE_FS|CLONE_FILES|CLONE_SIGHAND|CLONE_THREAD|CLONE_SYSVSEM) = 10881
10875 clone(child_stack=0xddb515d6000, flags=CLONE_VM|CLONE_FS|CLONE_FILES|CLONE_SIGHAND|CLONE_THREAD|CLONE_SYSVSEM) = 10882
10865 tgkill(10853, 10853, SIGURG)      = 0
10853 --- SIGURG {si_signo=SIGURG, si_code=SI_TKILL, si_pid=10853, si_uid=1001} ---
10875 clone(child_stack=0xddb51610000, flags=CLONE_VM|CLONE_FS|CLONE_FILES|CLONE_SIGHAND|CLONE_THREAD|CLONE_SYSVSEM) = 10883
10882 tgkill(10875, 10875, SIGURG)      = 0
10875 clone(child_stack=0xddb5160c000, flags=CLONE_VM|CLONE_FS|CLONE_FILES|CLONE_SIGHAND|CLONE_THREAD|CLONE_SYSVSEM) = 10884
10875 --- SIGURG {si_signo=SIGURG, si_code=SI_TKILL, si_pid=10875, si_uid=1001} ---
10883 clone(child_stack=0xddb51630000, flags=CLONE_VM|CLONE_FS|CLONE_FILES|CLONE_SIGHAND|CLONE_THREAD|CLONE_SYSVSEM) = 10885
10876 clone(child_stack=0x3171e94c2000, flags=CLONE_VM|CLONE_FS|CLONE_FILES|CLONE_SIGHAND|CLONE_THREAD|CLONE_SYSVSEM) = 10886
10876 clone(child_stack=0x3171e94fa000, flags=CLONE_VM|CLONE_FS|CLONE_FILES|CLONE_SIGHAND|CLONE_THREAD|CLONE_SYSVSEM) = 10887
10886 tgkill(10876, 10876, SIGURG)      = 0
10876 --- SIGURG {si_signo=SIGURG, si_code=SI_TKILL, si_pid=10876, si_uid=1001} ---
10886 tgkill(10876, 10876, SIGURG)      = 0
10876 --- SIGURG {si_signo=SIGURG, si_code=SI_TKILL, si_pid=10876, si_uid=1001} ---
10887 clone(child_stack=0x3171e94f6000, flags=CLONE_VM|CLONE_FS|CLONE_FILES|CLONE_SIGHAND|CLONE_THREAD|CLONE_SYSVSEM) = 10888
10882 clone(child_stack=0xddb51a90000, flags=CLONE_VM|CLONE_FS|CLONE_FILES|CLONE_SIGHAND|CLONE_THREAD|CLONE_SYSVSEM) = 10889
10888 clone(child_stack=0x3171e9604000, flags=CLONE_VM|CLONE_FS|CLONE_FILES|CLONE_SIGHAND|CLONE_THREAD|CLONE_SYSVSEM <unfinished ...>
10876 clone(child_stack=0x3171e9608000, flags=CLONE_VM|CLONE_FS|CLONE_FILES|CLONE_SIGHAND|CLONE_THREAD|CLONE_SYSVSEM) = 10890
10888 <... clone resumed>)              = 10891
10874 exit_group(0)                     = ?
10879 +++ exited with 0 +++
10881 +++ exited with 0 +++
10877 +++ exited with 0 +++
10878 +++ exited with 0 +++
10880 +++ exited with 0 +++
10874 +++ exited with 0 +++
10723 <... waitid resumed>{si_signo=SIGCHLD, si_code=CLD_EXITED, si_pid=10874, si_uid=1001, si_status=0, si_utime=0, si_stime=0}, WEXITED, {ru_utime={tv_sec=0, tv_usec=9000}, ru_stime={tv_sec=0, tv_usec=7875}, ...}) = 0
10723 --- SIGCHLD {si_signo=SIGCHLD, si_code=CLD_EXITED, si_pid=10874, si_uid=1001, si_status=0, si_utime=0, si_stime=0} ---
10885 exit_group(0)                     = ?
10889 +++ exited with 0 +++
10885 +++ exited with 0 +++
10884 +++ exited with 0 +++
10883 +++ exited with 0 +++
10882 +++ exited with 0 +++
10865 tgkill(10853, 10853, SIGURG)      = 0
10853 --- SIGURG {si_signo=SIGURG, si_code=SI_TKILL, si_pid=10853, si_uid=1001} ---
10876 exit_group(0)                     = ?
10890 +++ exited with 0 +++
10888 +++ exited with 0 +++
10887 +++ exited with 0 +++
10875 +++ exited with 0 +++
10663 <... waitid resumed>{si_signo=SIGCHLD, si_code=CLD_EXITED, si_pid=10875, si_uid=1001, si_status=0, si_utime=0, si_stime=0}, WEXITED, {ru_utime={tv_sec=0, tv_usec=11111}, ru_stime={tv_sec=0, tv_usec=9402}, ...}) = 0
10723 --- SIGCHLD {si_signo=SIGCHLD, si_code=CLD_EXITED, si_pid=10875, si_uid=1001, si_status=0, si_utime=1 /* 0.01 s */, si_stime=1 /* 0.01 s */} ---
10723 clone(child_stack=NULL, flags=CLONE_VM|CLONE_PIDFD|CLONE_VFORK|SIGCHLD <unfinished ...>
10886 +++ exited with 0 +++
10891 +++ exited with 0 +++
10876 +++ exited with 0 +++
10663 --- SIGCHLD {si_signo=SIGCHLD, si_code=CLD_EXITED, si_pid=10876, si_uid=1001, si_status=0, si_utime=0, si_stime=0} ---
10666 <... waitid resumed>{si_signo=SIGCHLD, si_code=CLD_EXITED, si_pid=10876, si_uid=1001, si_status=0, si_utime=0, si_stime=0}, WEXITED, {ru_utime={tv_sec=0, tv_usec=8620}, ru_stime={tv_sec=0, tv_usec=4789}, ...}) = 0
10892 execve("/opt/hostedtoolcache/go/1.27.1/arm64/pkg/tool/linux_arm64/asm", ["/opt/hostedtoolcache/go/1.27.1/a"..., "-p", "internal/runtime/sys", "-trimpath", "/tmp/go-build1442187625/b027=>", "-I", "/tmp/go-build1442187625/b027/", "-I", "/opt/hostedtoolcache/go/1.27.1/a"..., "-D", "GOOS_linux", "-D", "GOARCH_arm64", "-std", "-o", "/tmp/go-build1442187625/b027/dit"..., "/opt/hostedtoolcache/go/1.27.1/a"...], 0x4a5648816d88 /* 140 vars */ <unfinished ...>
10723 <... clone resumed>, parent_tid=[15]) = 10892
10892 <... execve resumed>)             = 0
10723 waitid(P_PIDFD, 15,  <unfinished ...>
10665 clone(child_stack=NULL, flags=CLONE_VM|CLONE_PIDFD|CLONE_VFORK|SIGCHLD <unfinished ...>
10666 tgkill(10659, 10665, SIGURG)      = 0
10893 execve("/opt/hostedtoolcache/go/1.27.1/arm64/pkg/tool/linux_arm64/compile", ["/opt/hostedtoolcache/go/1.27.1/a"..., "-o", "/tmp/go-build1442187625/b030/_pk"..., "-trimpath", "/tmp/go-build1442187625/b030=>", "-p", "internal/msan", "-lang=go1.27", "-std", "-complete", "-buildid", "PU3gMVcPpa3dEyJZ9q--/PU3gMVcPpa3"..., "-goversion", "go1.27.1", "-c=4", "-nolocalimports", "-importcfg", "/tmp/go-build1442187625/b030/imp"..., "-pack", "/opt/hostedtoolcache/go/1.27.1/a"..., "/opt/hostedtoolcache/go/1.27.1/a"...], 0x4a5648b9ed88 /* 140 vars */ <unfinished ...>
10665 <... clone resumed>, parent_tid=[16]) = 10893
10893 <... execve resumed>)             = 0
10665 --- SIGURG {si_signo=SIGURG, si_code=SI_TKILL, si_pid=10659, si_uid=1001} ---
10665 waitid(P_PIDFD, 16,  <unfinished ...>
10662 tgkill(10659, 10666, SIGURG)      = 0
10666 --- SIGURG {si_signo=SIGURG, si_code=SI_TKILL, si_pid=10659, si_uid=1001} ---
10662 tgkill(10659, 10661, SIGURG)      = 0
10661 --- SIGURG {si_signo=SIGURG, si_code=SI_TKILL, si_pid=10659, si_uid=1001} ---
10892 clone(child_stack=0xeb35f814000, flags=CLONE_VM|CLONE_FS|CLONE_FILES|CLONE_SIGHAND|CLONE_THREAD|CLONE_SYSVSEM) = 10894
10660 tgkill(10659, 10662, SIGURG)      = 0
10662 --- SIGURG {si_signo=SIGURG, si_code=SI_TKILL, si_pid=10659, si_uid=1001} ---
10892 clone(child_stack=0xeb35f84c000, flags=CLONE_VM|CLONE_FS|CLONE_FILES|CLONE_SIGHAND|CLONE_THREAD|CLONE_SYSVSEM <unfinished ...>
10660 tgkill(10659, 10662, SIGURG <unfinished ...>
10892 <... clone resumed>)              = 10895
10660 <... tgkill resumed>)             = 0
10892 clone(child_stack=0xeb35f848000, flags=CLONE_VM|CLONE_FS|CLONE_FILES|CLONE_SIGHAND|CLONE_THREAD|CLONE_SYSVSEM) = 10896
10662 --- SIGURG {si_signo=SIGURG, si_code=SI_TKILL, si_pid=10659, si_uid=1001} ---
10666 clone(child_stack=NULL, flags=CLONE_VM|CLONE_PIDFD|CLONE_VFORK|SIGCHLD <unfinished ...>
10893 clone(child_stack=0x25213a316000, flags=CLONE_VM|CLONE_FS|CLONE_FILES|CLONE_SIGHAND|CLONE_THREAD|CLONE_SYSVSEM) = 10898
10898 tgkill(10893, 10893, SIGURG)      = 0
10893 --- SIGURG {si_signo=SIGURG, si_code=SI_TKILL, si_pid=10893, si_uid=1001} ---
10893 clone(child_stack=0x25213a34e000, flags=CLONE_VM|CLONE_FS|CLONE_FILES|CLONE_SIGHAND|CLONE_THREAD|CLONE_SYSVSEM <unfinished ...>
10898 tgkill(10893, 10893, SIGURG)      = 0
10660 tgkill(10659, 10666, SIGURG <unfinished ...>
10893 <... clone resumed>)              = 10899
10660 <... tgkill resumed>)             = 0
10893 --- SIGURG {si_signo=SIGURG, si_code=SI_TKILL, si_pid=10893, si_uid=1001} ---
10898 tgkill(10893, 10893, SIGURG)      = 0
10893 clone(child_stack=0x25213a34a000, flags=CLONE_VM|CLONE_FS|CLONE_FILES|CLONE_SIGHAND|CLONE_THREAD|CLONE_SYSVSEM) = 10900
10893 --- SIGURG {si_signo=SIGURG, si_code=SI_TKILL, si_pid=10893, si_uid=1001} ---
10865 tgkill(10853, 10853, SIGURG)      = 0
10865 tgkill(10853, 10869, SIGURG <unfinished ...>
10869 --- SIGURG {si_signo=SIGURG, si_code=SI_TKILL, si_pid=10853, si_uid=1001} ---
10865 <... tgkill resumed>)             = 0
10853 --- SIGURG {si_signo=SIGURG, si_code=SI_TKILL, si_pid=10853, si_uid=1001} ---
10865 tgkill(10853, 10866, SIGURG <unfinished ...>
10866 --- SIGURG {si_signo=SIGURG, si_code=SI_TKILL, si_pid=10853, si_uid=1001} ---
10865 <... tgkill resumed>)             = 0
10892 exit_group(0)                     = ?
10896 +++ exited with 0 +++
10894 +++ exited with 0 +++
10895 +++ exited with 0 +++
10892 +++ exited with 0 +++
10723 <... waitid resumed>{si_signo=SIGCHLD, si_code=CLD_EXITED, si_pid=10892, si_uid=1001, si_status=0, si_utime=0, si_stime=0}, WEXITED, {ru_utime={tv_sec=0, tv_usec=2272}, ru_stime={tv_sec=0, tv_usec=4545}, ...}) = 0
10663 --- SIGCHLD {si_signo=SIGCHLD, si_code=CLD_EXITED, si_pid=10892, si_uid=1001, si_status=0, si_utime=0, si_stime=0} ---
10897 execve("/opt/hostedtoolcache/go/1.27.1/arm64/pkg/tool/linux_arm64/compile", ["/opt/hostedtoolcache/go/1.27.1/a"..., "-o", "/tmp/go-build1442187625/b031/_pk"..., "-trimpath", "/tmp/go-build1442187625/b031=>", "-p", "internal/race", "-lang=go1.27", "-std", "-complete", "-buildid", "xma0VFSWFMNq2-bIgxtC/xma0VFSWFMN"..., "-goversion", "go1.27.1", "-c=4", "-nolocalimports", "-importcfg", "/tmp/go-build1442187625/b031/imp"..., "-pack", "/opt/hostedtoolcache/go/1.27.1/a"..., "/opt/hostedtoolcache/go/1.27.1/a"...], 0x4a56488e4488 /* 140 vars */ <unfinished ...>
10666 <... clone resumed>, parent_tid=[18]) = 10897
10897 <... execve resumed>)             = 0
10666 --- SIGURG {si_signo=SIGURG, si_code=SI_TKILL, si_pid=10659, si_uid=1001} ---
10660 tgkill(10659, 10666, SIGURG)      = 0
10666 --- SIGURG {si_signo=SIGURG, si_code=SI_TKILL, si_pid=10659, si_uid=1001} ---
10660 tgkill(10659, 10666, SIGURG)      = 0
10666 --- SIGURG {si_signo=SIGURG, si_code=SI_TKILL, si_pid=10659, si_uid=1001} ---
10666 waitid(P_PIDFD, 18,  <unfinished ...>
10899 clone(child_stack=0x25213a398000, flags=CLONE_VM|CLONE_FS|CLONE_FILES|CLONE_SIGHAND|CLONE_THREAD|CLONE_SYSVSEM) = 10901
10897 clone(child_stack=0xba8c4580000, flags=CLONE_VM|CLONE_FS|CLONE_FILES|CLONE_SIGHAND|CLONE_THREAD|CLONE_SYSVSEM) = 10902
10897 clone(child_stack=0xba8c45b8000, flags=CLONE_VM|CLONE_FS|CLONE_FILES|CLONE_SIGHAND|CLONE_THREAD|CLONE_SYSVSEM) = 10903
10897 clone(child_stack=0xba8c45b4000, flags=CLONE_VM|CLONE_FS|CLONE_FILES|CLONE_SIGHAND|CLONE_THREAD|CLONE_SYSVSEM) = 10904
10865 tgkill(10853, 10867, SIGURG)      = 0
10867 --- SIGURG {si_signo=SIGURG, si_code=SI_TKILL, si_pid=10853, si_uid=1001} ---
10663 clone(child_stack=NULL, flags=CLONE_VM|CLONE_PIDFD|CLONE_VFORK|SIGCHLD <unfinished ...>
10903 clone(child_stack=0xba8c4618000, flags=CLONE_VM|CLONE_FS|CLONE_FILES|CLONE_SIGHAND|CLONE_THREAD|CLONE_SYSVSEM) = 10906
10660 tgkill(10659, 10663, SIGURG)      = 0
10905 execve("/opt/hostedtoolcache/go/1.27.1/arm64/pkg/tool/linux_arm64/asm", ["/opt/hostedtoolcache/go/1.27.1/a"..., "-p", "internal/runtime/sys", "-trimpath", "/tmp/go-build1442187625/b027=>", "-I", "/tmp/go-build1442187625/b027/", "-I", "/opt/hostedtoolcache/go/1.27.1/a"..., "-D", "GOOS_linux", "-D", "GOARCH_arm64", "-std", "-o", "/tmp/go-build1442187625/b027/emp"..., "/opt/hostedtoolcache/go/1.27.1/a"...], 0x4a5648816488 /* 140 vars */ <unfinished ...>
10663 <... clone resumed>, parent_tid=[13]) = 10905
10905 <... execve resumed>)             = 0
10663 --- SIGURG {si_signo=SIGURG, si_code=SI_TKILL, si_pid=10659, si_uid=1001} ---
10663 waitid(P_PIDFD, 13,  <unfinished ...>
10899 exit_group(0)                     = ?
10898 +++ exited with 0 +++
10901 +++ exited with 0 +++
10900 +++ exited with 0 +++
10899 +++ exited with 0 +++
10893 +++ exited with 0 +++
10723 --- SIGCHLD {si_signo=SIGCHLD, si_code=CLD_EXITED, si_pid=10893, si_uid=1001, si_status=0, si_utime=0, si_stime=0} ---
10665 <... waitid resumed>{si_signo=SIGCHLD, si_code=CLD_EXITED, si_pid=10893, si_uid=1001, si_status=0, si_utime=0, si_stime=0}, WEXITED, {ru_utime={tv_sec=0, tv_usec=6831}, ru_stime={tv_sec=0, tv_usec=6831}, ...}) = 0
10905 clone(child_stack=0x33f097e5a000, flags=CLONE_VM|CLONE_FS|CLONE_FILES|CLONE_SIGHAND|CLONE_THREAD|CLONE_SYSVSEM) = 10907
10905 clone(child_stack=0x33f097e92000, flags=CLONE_VM|CLONE_FS|CLONE_FILES|CLONE_SIGHAND|CLONE_THREAD|CLONE_SYSVSEM) = 10908
10907 tgkill(10905, 10905, SIGURG)      = 0
10905 clone(child_stack=0x33f097e8e000, flags=CLONE_VM|CLONE_FS|CLONE_FILES|CLONE_SIGHAND|CLONE_THREAD|CLONE_SYSVSEM) = 10909
10905 --- SIGURG {si_signo=SIGURG, si_code=SI_TKILL, si_pid=10905, si_uid=1001} ---
10908 clone(child_stack=0x33f097f18000, flags=CLONE_VM|CLONE_FS|CLONE_FILES|CLONE_SIGHAND|CLONE_THREAD|CLONE_SYSVSEM) = 10910
10865 tgkill(10853, 10869, SIGURG)      = 0
10869 --- SIGURG {si_signo=SIGURG, si_code=SI_TKILL, si_pid=10853, si_uid=1001} ---
10902 tgkill(10897, 10897, SIGURG)      = 0
10897 --- SIGURG {si_signo=SIGURG, si_code=SI_TKILL, si_pid=10897, si_uid=1001} ---
10866 exit_group(0)                     = ?
10867 +++ exited with 0 +++
10866 +++ exited with 0 +++
10869 +++ exited with 0 +++
10868 +++ exited with 0 +++
10723 clone(child_stack=NULL, flags=CLONE_VM|CLONE_PIDFD|CLONE_VFORK|SIGCHLD <unfinished ...>
10865 +++ exited with 0 +++
10853 +++ exited with 0 +++
10665 --- SIGCHLD {si_signo=SIGCHLD, si_code=CLD_EXITED, si_pid=10853, si_uid=1001, si_status=0, si_utime=11 /* 0.11 s */, si_stime=2 /* 0.02 s */} ---
10664 <... waitid resumed>{si_signo=SIGCHLD, si_code=CLD_EXITED, si_pid=10853, si_uid=1001, si_status=0, si_utime=0, si_stime=0}, WEXITED, {ru_utime={tv_sec=0, tv_usec=109297}, ru_stime={tv_sec=0, tv_usec=25834}, ...}) = 0
10905 exit_group(0)                     = ?
10908 +++ exited with 0 +++
10910 +++ exited with 0 +++
10909 +++ exited with 0 +++
10907 +++ exited with 0 +++
10905 +++ exited with 0 +++
10724 --- SIGCHLD {si_signo=SIGCHLD, si_code=CLD_EXITED, si_pid=10905, si_uid=1001, si_status=0, si_utime=0, si_stime=0} ---
10663 <... waitid resumed>{si_signo=SIGCHLD, si_code=CLD_EXITED, si_pid=10905, si_uid=1001, si_status=0, si_utime=0, si_stime=0}, WEXITED, {ru_utime={tv_sec=0, tv_usec=653}, ru_stime={tv_sec=0, tv_usec=5881}, ...}) = 0
10897 exit_group(0)                     = ?
10906 +++ exited with 0 +++
10902 +++ exited with 0 +++
10904 +++ exited with 0 +++
10911 execve("/opt/hostedtoolcache/go/1.27.1/arm64/pkg/tool/linux_arm64/compile", ["/opt/hostedtoolcache/go/1.27.1/a"..., "-o", "/tmp/go-build1442187625/b032/_pk"..., "-trimpath", "/tmp/go-build1442187625/b032=>", "-p", "internal/runtime/math", "-lang=go1.27", "-std", "-complete", "-buildid", "jRxvbwZ8ow1SscA-eUn1/jRxvbwZ8ow1"..., "-goversion", "go1.27.1", "-c=4", "-nolocalimports", "-importcfg", "/tmp/go-build1442187625/b032/imp"..., "-pack", "/opt/hostedtoolcache/go/1.27.1/a"...], 0x4a56488e4908 /* 140 vars */ <unfinished ...>
10660 tgkill(10659, 10723, SIGURG)      = 0
10723 <... clone resumed>, parent_tid=[16]) = 10911
10911 <... execve resumed>)             = 0
10723 --- SIGURG {si_signo=SIGURG, si_code=SI_TKILL, si_pid=10659, si_uid=1001} ---
10903 +++ exited with 0 +++
10897 +++ exited with 0 +++
10664 --- SIGCHLD {si_signo=SIGCHLD, si_code=CLD_EXITED, si_pid=10897, si_uid=1001, si_status=0, si_utime=0, si_stime=0} ---
10666 <... waitid resumed>{si_signo=SIGCHLD, si_code=CLD_EXITED, si_pid=10897, si_uid=1001, si_status=0, si_utime=0, si_stime=0}, WEXITED, {ru_utime={tv_sec=0, tv_usec=9740}, ru_stime={tv_sec=0, tv_usec=7575}, ...}) = 0
10664 waitid(P_PIDFD, 16,  <unfinished ...>
10911 clone(child_stack=0x3abaa79d4000, flags=CLONE_VM|CLONE_FS|CLONE_FILES|CLONE_SIGHAND|CLONE_THREAD|CLONE_SYSVSEM) = 10912
10911 clone(child_stack=0x3abaa7a10000, flags=CLONE_VM|CLONE_FS|CLONE_FILES|CLONE_SIGHAND|CLONE_THREAD|CLONE_SYSVSEM) = 10913
10723 clone(child_stack=NULL, flags=CLONE_VM|CLONE_PIDFD|CLONE_VFORK|SIGCHLD <unfinished ...>
10912 tgkill(10911, 10911, SIGURG)      = 0
10911 clone(child_stack=0x3abaa7a0c000, flags=CLONE_VM|CLONE_FS|CLONE_FILES|CLONE_SIGHAND|CLONE_THREAD|CLONE_SYSVSEM) = 10915
10911 --- SIGURG {si_signo=SIGURG, si_code=SI_TKILL, si_pid=10911, si_uid=1001} ---
10913 clone(child_stack=0x3abaa7a30000, flags=CLONE_VM|CLONE_FS|CLONE_FILES|CLONE_SIGHAND|CLONE_THREAD|CLONE_SYSVSEM) = 10916
10724 clone(child_stack=NULL, flags=CLONE_VM|CLONE_PIDFD|CLONE_VFORK|SIGCHLD <unfinished ...>
10914 execve("/opt/hostedtoolcache/go/1.27.1/arm64/pkg/tool/linux_arm64/compile", ["/opt/hostedtoolcache/go/1.27.1/a"..., "-o", "/tmp/go-build1442187625/b033/_pk"..., "-trimpath", "/tmp/go-build1442187625/b033=>", "-p", "internal/runtime/pprof/label", "-lang=go1.27", "-std", "-complete", "-buildid", "Adj_DJVn5Gvf5WdIBJyc/Adj_DJVn5Gv"..., "-goversion", "go1.27.1", "-c=4", "-nolocalimports", "-importcfg", "/tmp/go-build1442187625/b033/imp"..., "-pack", "/opt/hostedtoolcache/go/1.27.1/a"...], 0x4a5648997208 /* 140 vars */ <unfinished ...>
10723 <... clone resumed>, parent_tid=[14]) = 10914
10914 <... execve resumed>)             = 0
10665 clone(child_stack=NULL, flags=CLONE_VM|CLONE_PIDFD|CLONE_VFORK|SIGCHLD <unfinished ...>
10660 tgkill(10659, 10665, SIGURG)      = 0
10660 tgkill(10659, 10724, SIGURG)      = 0
10917 execve("/opt/hostedtoolcache/go/1.27.1/arm64/pkg/tool/linux_arm64/compile", ["/opt/hostedtoolcache/go/1.27.1/a"..., "-o", "/tmp/go-build1442187625/b026/_pk"..., "-trimpath", "/tmp/go-build1442187625/b026=>", "-p", "internal/runtime/gc/scan", "-lang=go1.27", "-std", "-complete", "-buildid", "zkpOBZqegb5IqM6Y0vM2/zkpOBZqegb5"..., "-goversion", "go1.27.1", "-c=4", "-nolocalimports", "-importcfg", "/tmp/go-build1442187625/b026/imp"..., "-pack", "/opt/hostedtoolcache/go/1.27.1/a"..., "/opt/hostedtoolcache/go/1.27.1/a"..., "/opt/hostedtoolcache/go/1.27.1/a"..., "/opt/hostedtoolcache/go/1.27.1/a"..., "/opt/hostedtoolcache/go/1.27.1/a"...], 0x4a56489f0d88 /* 140 vars */ <unfinished ...>
10724 <... clone resumed>, parent_tid=[8]) = 10917
10724 --- SIGURG {si_signo=SIGURG, si_code=SI_TKILL, si_pid=10659, si_uid=1001} ---
10917 <... execve resumed>)             = 0
10660 tgkill(10659, 10724, SIGURG <unfinished ...>
10724 --- SIGURG {si_signo=SIGURG, si_code=SI_TKILL, si_pid=10659, si_uid=1001} ---
10660 <... tgkill resumed>)             = 0
10723 waitid(P_PIDFD, 14,  <unfinished ...>
10918 execve("/opt/hostedtoolcache/go/1.27.1/arm64/pkg/tool/linux_arm64/compile", ["/opt/hostedtoolcache/go/1.27.1/a"..., "-o", "/tmp/go-build1442187625/b020/_pk"..., "-trimpath", "/tmp/go-build1442187625/b020=>", "-p", "internal/runtime/cgroup", "-lang=go1.27", "-std", "-complete", "-buildid", "fPWrLBcDwSFlp2xROnqL/fPWrLBcDwSF"..., "-goversion", "go1.27.1", "-c=4", "-nolocalimports", "-importcfg", "/tmp/go-build1442187625/b020/imp"..., "-pack", "/opt/hostedtoolcache/go/1.27.1/a"..., "/opt/hostedtoolcache/go/1.27.1/a"..., "/opt/hostedtoolcache/go/1.27.1/a"..., "/opt/hostedtoolcache/go/1.27.1/a"...], 0x4a56487e0d88 /* 140 vars */ <unfinished ...>
10665 <... clone resumed>, parent_tid=[13]) = 10918
10665 --- SIGURG {si_signo=SIGURG, si_code=SI_TKILL, si_pid=10659, si_uid=1001} ---
10918 <... execve resumed>)             = 0
10724 waitid(P_PIDFD, 8,  <unfinished ...>
10665 waitid(P_PIDFD, 13,  <unfinished ...>
10914 clone(child_stack=0x4f28fd0e0000, flags=CLONE_VM|CLONE_FS|CLONE_FILES|CLONE_SIGHAND|CLONE_THREAD|CLONE_SYSVSEM) = 10919
10914 clone(child_stack=0x4f28fd118000, flags=CLONE_VM|CLONE_FS|CLONE_FILES|CLONE_SIGHAND|CLONE_THREAD|CLONE_SYSVSEM) = 10920
10919 tgkill(10914, 10914, SIGURG)      = 0
10914 clone(child_stack=0x4f28fd114000, flags=CLONE_VM|CLONE_FS|CLONE_FILES|CLONE_SIGHAND|CLONE_THREAD|CLONE_SYSVSEM) = 10921
10914 --- SIGURG {si_signo=SIGURG, si_code=SI_TKILL, si_pid=10914, si_uid=1001} ---
10920 clone(child_stack=0x4f28fd198000, flags=CLONE_VM|CLONE_FS|CLONE_FILES|CLONE_SIGHAND|CLONE_THREAD|CLONE_SYSVSEM) = 10922
10922 clone(child_stack=0x4f28fd194000, flags=CLONE_VM|CLONE_FS|CLONE_FILES|CLONE_SIGHAND|CLONE_THREAD|CLONE_SYSVSEM <unfinished ...>
10918 clone(child_stack=0x54c18d070000, flags=CLONE_VM|CLONE_FS|CLONE_FILES|CLONE_SIGHAND|CLONE_THREAD|CLONE_SYSVSEM <unfinished ...>
10922 <... clone resumed>)              = 10923
10918 <... clone resumed>)              = 10924
10918 clone(child_stack=0x54c18d0a8000, flags=CLONE_VM|CLONE_FS|CLONE_FILES|CLONE_SIGHAND|CLONE_THREAD|CLONE_SYSVSEM) = 10925
10918 clone(child_stack=0x54c18d0a4000, flags=CLONE_VM|CLONE_FS|CLONE_FILES|CLONE_SIGHAND|CLONE_THREAD|CLONE_SYSVSEM) = 10926
10925 clone(child_stack=0x54c18d118000, flags=CLONE_VM|CLONE_FS|CLONE_FILES|CLONE_SIGHAND|CLONE_THREAD|CLONE_SYSVSEM) = 10927
10912 tgkill(10911, 10911, SIGURG)      = 0
10911 --- SIGURG {si_signo=SIGURG, si_code=SI_TKILL, si_pid=10911, si_uid=1001} ---
10917 clone(child_stack=0x733129ec2000, flags=CLONE_VM|CLONE_FS|CLONE_FILES|CLONE_SIGHAND|CLONE_THREAD|CLONE_SYSVSEM) = 10928
10928 tgkill(10917, 10917, SIGURG)      = 0
10917 clone(child_stack=0x733129efa000, flags=CLONE_VM|CLONE_FS|CLONE_FILES|CLONE_SIGHAND|CLONE_THREAD|CLONE_SYSVSEM) = 10929
10917 --- SIGURG {si_signo=SIGURG, si_code=SI_TKILL, si_pid=10917, si_uid=1001} ---
10929 clone(child_stack=0x733129ef6000, flags=CLONE_VM|CLONE_FS|CLONE_FILES|CLONE_SIGHAND|CLONE_THREAD|CLONE_SYSVSEM) = 10930
10917 clone(child_stack=0x733129f90000, flags=CLONE_VM|CLONE_FS|CLONE_FILES|CLONE_SIGHAND|CLONE_THREAD|CLONE_SYSVSEM) = 10931
10924 clone(child_stack=0x54c18d49c000, flags=CLONE_VM|CLONE_FS|CLONE_FILES|CLONE_SIGHAND|CLONE_THREAD|CLONE_SYSVSEM) = 10932
10916 exit_group(0)                     = ?
10916 +++ exited with 0 +++
10915 +++ exited with 0 +++
10913 +++ exited with 0 +++
10912 +++ exited with 0 +++
10911 +++ exited with 0 +++
10723 <... waitid resumed>0x4a564874afb8, WEXITED, 0x4a564892c120) = ? ERESTARTSYS (To be restarted if SA_RESTART is set)
10664 <... waitid resumed>{si_signo=SIGCHLD, si_code=CLD_EXITED, si_pid=10911, si_uid=1001, si_status=0, si_utime=0, si_stime=0}, WEXITED, {ru_utime={tv_sec=0, tv_usec=6315}, ru_stime={tv_sec=0, tv_usec=8420}, ...}) = 0
10723 --- SIGCHLD {si_signo=SIGCHLD, si_code=CLD_EXITED, si_pid=10911, si_uid=1001, si_status=0, si_utime=0, si_stime=0} ---
10723 waitid(P_PIDFD, 14,  <unfinished ...>
10919 tgkill(10914, 10914, SIGURG)      = 0
10914 --- SIGURG {si_signo=SIGURG, si_code=SI_TKILL, si_pid=10914, si_uid=1001} ---
10922 exit_group(0)                     = ?
10920 +++ exited with 0 +++
10921 +++ exited with 0 +++
10919 +++ exited with 0 +++
10922 +++ exited with 0 +++
10923 +++ exited with 0 +++
10914 +++ exited with 0 +++
10723 <... waitid resumed>{si_signo=SIGCHLD, si_code=CLD_EXITED, si_pid=10914, si_uid=1001, si_status=0, si_utime=0, si_stime=0}, WEXITED, {ru_utime={tv_sec=0, tv_usec=9142}, ru_stime={tv_sec=0, tv_usec=4571}, ...}) = 0
10664 --- SIGCHLD {si_signo=SIGCHLD, si_code=CLD_EXITED, si_pid=10914, si_uid=1001, si_status=0, si_utime=0, si_stime=0} ---
10662 tgkill(10659, 10664, SIGURG)      = 0
10664 --- SIGURG {si_signo=SIGURG, si_code=SI_TKILL, si_pid=10659, si_uid=1001} ---
10662 tgkill(10659, 10723, SIGURG)      = 0
10723 --- SIGURG {si_signo=SIGURG, si_code=SI_TKILL, si_pid=10659, si_uid=1001} ---
10662 tgkill(10659, 10663, SIGURG)      = 0
10663 --- SIGURG {si_signo=SIGURG, si_code=SI_TKILL, si_pid=10659, si_uid=1001} ---
10924 tgkill(10918, 10918, SIGURG)      = 0
10918 --- SIGURG {si_signo=SIGURG, si_code=SI_TKILL, si_pid=10918, si_uid=1001} ---
10924 tgkill(10918, 10926, SIGURG)      = 0
10926 --- SIGURG {si_signo=SIGURG, si_code=SI_TKILL, si_pid=10918, si_uid=1001} ---
10660 tgkill(10659, 10723, SIGURG)      = 0
10723 --- SIGURG {si_signo=SIGURG, si_code=SI_TKILL, si_pid=10659, si_uid=1001} ---
10930 exit_group(0)                     = ?
10928 +++ exited with 0 +++
10931 +++ exited with 0 +++
10930 +++ exited with 0 +++
10660 tgkill(10659, 10663, SIGURG)      = 0
10663 --- SIGURG {si_signo=SIGURG, si_code=SI_TKILL, si_pid=10659, si_uid=1001} ---
10660 tgkill(10659, 10663, SIGURG)      = 0
10663 --- SIGURG {si_signo=SIGURG, si_code=SI_TKILL, si_pid=10659, si_uid=1001} ---
10929 +++ exited with 0 +++
10917 +++ exited with 0 +++
10723 --- SIGCHLD {si_signo=SIGCHLD, si_code=CLD_EXITED, si_pid=10917, si_uid=1001, si_status=0, si_utime=1 /* 0.01 s */, si_stime=0} ---
10724 <... waitid resumed>{si_signo=SIGCHLD, si_code=CLD_EXITED, si_pid=10917, si_uid=1001, si_status=0, si_utime=0, si_stime=0}, WEXITED, {ru_utime={tv_sec=0, tv_usec=16083}, ru_stime={tv_sec=0, tv_usec=8514}, ...}) = 0
10723 clone(child_stack=NULL, flags=CLONE_VM|CLONE_PIDFD|CLONE_VFORK|SIGCHLD <unfinished ...>
10663 clone(child_stack=NULL, flags=CLONE_VM|CLONE_PIDFD|CLONE_VFORK|SIGCHLD <unfinished ...>
10934 execve("/opt/hostedtoolcache/go/1.27.1/arm64/pkg/tool/linux_arm64/compile", ["/opt/hostedtoolcache/go/1.27.1/a"..., "-o", "/tmp/go-build1442187625/b034/_pk"..., "-trimpath", "/tmp/go-build1442187625/b034=>", "-p", "internal/stringslite", "-lang=go1.27", "-std", "-complete", "-buildid", "nh9V4i7_c_-njGoAxDGl/nh9V4i7_c_-"..., "-goversion", "go1.27.1", "-c=4", "-nolocalimports", "-importcfg", "/tmp/go-build1442187625/b034/imp"..., "-pack", "/opt/hostedtoolcache/go/1.27.1/a"...], 0x4a56487e0d88 /* 140 vars */ <unfinished ...>
10933 execve("/opt/hostedtoolcache/go/1.27.1/arm64/pkg/tool/linux_arm64/asm", ["/opt/hostedtoolcache/go/1.27.1/a"..., "-p", "internal/runtime/maps", "-trimpath", "/tmp/go-build1442187625/b028=>", "-I", "/tmp/go-build1442187625/b028/", "-I", "/opt/hostedtoolcache/go/1.27.1/a"..., "-D", "GOOS_linux", "-D", "GOARCH_arm64", "-std", "-gensymabis", "-o", "/tmp/go-build1442187625/b028/sym"..., "/opt/hostedtoolcache/go/1.27.1/a"...], 0x4a5648816488 /* 140 vars */ <unfinished ...>
10723 <... clone resumed>, parent_tid=[19]) = 10933
10663 <... clone resumed>, parent_tid=[20]) = 10934
10934 <... execve resumed>)             = 0
10933 <... execve resumed>)             = 0
10663 waitid(P_PIDFD, 20,  <unfinished ...>
10723 waitid(P_PIDFD, 19,  <unfinished ...>
10661 clone(child_stack=NULL, flags=CLONE_VM|CLONE_PIDFD|CLONE_VFORK|SIGCHLD <unfinished ...>
10926 exit_group(0)                     = ?
10932 +++ exited with 0 +++
10927 +++ exited with 0 +++
10926 +++ exited with 0 +++
10925 +++ exited with 0 +++
10924 +++ exited with 0 +++
10935 execve("/opt/hostedtoolcache/go/1.27.1/arm64/pkg/tool/linux_arm64/compile", ["/opt/hostedtoolcache/go/1.27.1/a"..., "-o", "/tmp/go-build1442187625/b035/_pk"..., "-trimpath", "/tmp/go-build1442187625/b035=>", "-p", "internal/trace/tracev2", "-lang=go1.27", "-std", "-complete", "-buildid", "aU_jM6nXvPz_haFRjyVo/aU_jM6nXvPz"..., "-goversion", "go1.27.1", "-c=4", "-nolocalimports", "-importcfg", "/tmp/go-build1442187625/b035/imp"..., "-pack", "/opt/hostedtoolcache/go/1.27.1/a"..., "/opt/hostedtoolcache/go/1.27.1/a"..., "/opt/hostedtoolcache/go/1.27.1/a"...], 0x4a5648997208 /* 140 vars */ <unfinished ...>
10918 +++ exited with 0 +++
10661 <... clone resumed>, parent_tid=[15]) = 10935
10935 <... execve resumed>)             = 0
10724 --- SIGCHLD {si_signo=SIGCHLD, si_code=CLD_EXITED, si_pid=10918, si_uid=1001, si_status=0, si_utime=3 /* 0.03 s */, si_stime=1 /* 0.01 s */} ---
10665 <... waitid resumed>{si_signo=SIGCHLD, si_code=CLD_EXITED, si_pid=10918, si_uid=1001, si_status=0, si_utime=0, si_stime=0}, WEXITED, {ru_utime={tv_sec=0, tv_usec=31766}, ru_stime={tv_sec=0, tv_usec=12514}, ...}) = 0
10934 clone(child_stack=0x4d08245c6000, flags=CLONE_VM|CLONE_FS|CLONE_FILES|CLONE_SIGHAND|CLONE_THREAD|CLONE_SYSVSEM) = 10936
10661 waitid(P_PIDFD, 15,  <unfinished ...>
10934 clone(child_stack=0x4d08245fe000, flags=CLONE_VM|CLONE_FS|CLONE_FILES|CLONE_SIGHAND|CLONE_THREAD|CLONE_SYSVSEM) = 10937
10936 tgkill(10934, 10934, SIGURG)      = 0
10934 --- SIGURG {si_signo=SIGURG, si_code=SI_TKILL, si_pid=10934, si_uid=1001} ---
10934 clone(child_stack=0x4d08245fa000, flags=CLONE_VM|CLONE_FS|CLONE_FILES|CLONE_SIGHAND|CLONE_THREAD|CLONE_SYSVSEM) = 10938
10937 clone(child_stack=0x4d0824620000, flags=CLONE_VM|CLONE_FS|CLONE_FILES|CLONE_SIGHAND|CLONE_THREAD|CLONE_SYSVSEM) = 10939
10938 clone(child_stack=0x4d082461c000, flags=CLONE_VM|CLONE_FS|CLONE_FILES|CLONE_SIGHAND|CLONE_THREAD|CLONE_SYSVSEM) = 10940
10933 clone(child_stack=0x60b334dd6000, flags=CLONE_VM|CLONE_FS|CLONE_FILES|CLONE_SIGHAND|CLONE_THREAD|CLONE_SYSVSEM) = 10941
10933 clone(child_stack=0x60b334e10000, flags=CLONE_VM|CLONE_FS|CLONE_FILES|CLONE_SIGHAND|CLONE_THREAD|CLONE_SYSVSEM) = 10942
10933 clone(child_stack=0x60b334e0c000, flags=CLONE_VM|CLONE_FS|CLONE_FILES|CLONE_SIGHAND|CLONE_THREAD|CLONE_SYSVSEM) = 10943
10942 clone(child_stack=0x60b334e98000, flags=CLONE_VM|CLONE_FS|CLONE_FILES|CLONE_SIGHAND|CLONE_THREAD|CLONE_SYSVSEM) = 10944
10941 tgkill(10933, 10943, SIGURG)      = 0
10943 --- SIGURG {si_signo=SIGURG, si_code=SI_TKILL, si_pid=10933, si_uid=1001} ---
10935 clone(child_stack=0x7feb2a926000, flags=CLONE_VM|CLONE_FS|CLONE_FILES|CLONE_SIGHAND|CLONE_THREAD|CLONE_SYSVSEM) = 10945
10935 clone(child_stack=0x7feb2a95e000, flags=CLONE_VM|CLONE_FS|CLONE_FILES|CLONE_SIGHAND|CLONE_THREAD|CLONE_SYSVSEM <unfinished ...>
10945 tgkill(10935, 10935, SIGURG <unfinished ...>
10935 <... clone resumed>)              = 10946
10945 <... tgkill resumed>)             = 0
10935 --- SIGURG {si_signo=SIGURG, si_code=SI_TKILL, si_pid=10935, si_uid=1001} ---
10935 clone(child_stack=0x7feb2a95a000, flags=CLONE_VM|CLONE_FS|CLONE_FILES|CLONE_SIGHAND|CLONE_THREAD|CLONE_SYSVSEM) = 10947
10724 clone(child_stack=NULL, flags=CLONE_VM|CLONE_PIDFD|CLONE_VFORK|SIGCHLD <unfinished ...>
10946 clone(child_stack=0x7feb2a998000, flags=CLONE_VM|CLONE_FS|CLONE_FILES|CLONE_SIGHAND|CLONE_THREAD|CLONE_SYSVSEM) = 10949
10933 exit_group(0)                     = ?
10943 +++ exited with 0 +++
10941 +++ exited with 0 +++
10942 +++ exited with 0 +++
10944 +++ exited with 0 +++
10933 +++ exited with 0 +++
10723 <... waitid resumed>{si_signo=SIGCHLD, si_code=CLD_EXITED, si_pid=10933, si_uid=1001, si_status=0, si_utime=0, si_stime=0}, WEXITED, {ru_utime={tv_sec=0, tv_usec=1450}, ru_stime={tv_sec=0, tv_usec=5802}, ...}) = 0
10665 --- SIGCHLD {si_signo=SIGCHLD, si_code=CLD_EXITED, si_pid=10933, si_uid=1001, si_status=0, si_utime=0, si_stime=0} ---
10660 tgkill(10659, 10724, SIGURG)      = 0
10936 tgkill(10934, 10934, SIGURG)      = 0
10934 --- SIGURG {si_signo=SIGURG, si_code=SI_TKILL, si_pid=10934, si_uid=1001} ---
10948 execve("/opt/hostedtoolcache/go/1.27.1/arm64/pkg/tool/linux_arm64/compile", ["/opt/hostedtoolcache/go/1.27.1/a"..., "-o", "/tmp/go-build1442187625/b037/_pk"..., "-trimpath", "/tmp/go-build1442187625/b037=>", "-p", "cmp", "-lang=go1.27", "-std", "-complete", "-buildid", "Z3JmRfg9H-Z-PQxOBQlM/Z3JmRfg9H-Z"..., "-goversion", "go1.27.1", "-c=4", "-nolocalimports", "-importcfg", "/tmp/go-build1442187625/b037/imp"..., "-pack", "/opt/hostedtoolcache/go/1.27.1/a"...], 0x4a56489f0d88 /* 140 vars */ <unfinished ...>
10665 clone(child_stack=NULL, flags=CLONE_VM|CLONE_PIDFD|CLONE_VFORK|SIGCHLD <unfinished ...>
10724 <... clone resumed>, parent_tid=[16]) = 10948
10724 --- SIGURG {si_signo=SIGURG, si_code=SI_TKILL, si_pid=10659, si_uid=1001} ---
10948 <... execve resumed>)             = 0
10660 tgkill(10659, 10724, SIGURG)      = 0
10724 --- SIGURG {si_signo=SIGURG, si_code=SI_TKILL, si_pid=10659, si_uid=1001} ---
10945 tgkill(10935, 10949, SIGURG)      = 0
10949 --- SIGURG {si_signo=SIGURG, si_code=SI_TKILL, si_pid=10935, si_uid=1001} ---
10950 execve("/opt/hostedtoolcache/go/1.27.1/arm64/pkg/tool/linux_arm64/compile", ["/opt/hostedtoolcache/go/1.27.1/a"..., "-o", "/tmp/go-build1442187625/b028/_pk"..., "-trimpath", "/tmp/go-build1442187625/b028=>", "-p", "internal/runtime/maps", "-lang=go1.27", "-std", "-buildid", "CQsqIBuTjDIlU_tISVn6/CQsqIBuTjDI"..., "-goversion", "go1.27.1", "-symabis", "/tmp/go-build1442187625/b028/sym"..., "-c=4", "-nolocalimports", "-importcfg", "/tmp/go-build1442187625/b028/imp"..., "-pack", "-asmhdr", "/tmp/go-build1442187625/b028/go_"..., "/opt/hostedtoolcache/go/1.27.1/a"..., "/opt/hostedtoolcache/go/1.27.1/a"..., "/opt/hostedtoolcache/go/1.27.1/a"..., "/opt/hostedtoolcache/go/1.27.1/a"..., "/opt/hostedtoolcache/go/1.27.1/a"..., "/opt/hostedtoolcache/go/1.27.1/a"..., "/opt/hostedtoolcache/go/1.27.1/a"..., "/opt/hostedtoolcache/go/1.27.1/a"..., "/opt/hostedtoolcache/go/1.27.1/a"..., "/opt/hostedtoolcache/go/1.27.1/a"..., ...], 0x4a56488e4908 /* 140 vars */ <unfinished ...>
10665 <... clone resumed>, parent_tid=[22]) = 10950
10950 <... execve resumed>)             = 0
10724 waitid(P_PIDFD, 16,  <unfinished ...>
10665 waitid(P_PIDFD, 22,  <unfinished ...>
10934 exit_group(0)                     = ?
10940 +++ exited with 0 +++
10938 +++ exited with 0 +++
10936 +++ exited with 0 +++
10939 +++ exited with 0 +++
10937 +++ exited with 0 +++
10934 +++ exited with 0 +++
10660 --- SIGCHLD {si_signo=SIGCHLD, si_code=CLD_EXITED, si_pid=10934, si_uid=1001, si_status=0, si_utime=1 /* 0.01 s */, si_stime=0} ---
10663 <... waitid resumed>{si_signo=SIGCHLD, si_code=CLD_EXITED, si_pid=10934, si_uid=1001, si_status=0, si_utime=0, si_stime=0}, WEXITED, {ru_utime={tv_sec=0, tv_usec=14679}, ru_stime={tv_sec=0, tv_usec=8807}, ...}) = 0
10948 clone(child_stack=0x2d725ff98000, flags=CLONE_VM|CLONE_FS|CLONE_FILES|CLONE_SIGHAND|CLONE_THREAD|CLONE_SYSVSEM) = 10951
10948 clone(child_stack=0x2d725ffd0000, flags=CLONE_VM|CLONE_FS|CLONE_FILES|CLONE_SIGHAND|CLONE_THREAD|CLONE_SYSVSEM) = 10952
10948 clone(child_stack=0x2d725ffcc000, flags=CLONE_VM|CLONE_FS|CLONE_FILES|CLONE_SIGHAND|CLONE_THREAD|CLONE_SYSVSEM) = 10953
10952 clone(child_stack=0x2d7260018000, flags=CLONE_VM|CLONE_FS|CLONE_FILES|CLONE_SIGHAND|CLONE_THREAD|CLONE_SYSVSEM) = 10954
10945 tgkill(10935, 10935, SIGURG)      = 0
10935 --- SIGURG {si_signo=SIGURG, si_code=SI_TKILL, si_pid=10935, si_uid=1001} ---
10950 clone(child_stack=0x2182d6b4c000, flags=CLONE_VM|CLONE_FS|CLONE_FILES|CLONE_SIGHAND|CLONE_THREAD|CLONE_SYSVSEM) = 10955
10950 clone(child_stack=0x2182d6b88000, flags=CLONE_VM|CLONE_FS|CLONE_FILES|CLONE_SIGHAND|CLONE_THREAD|CLONE_SYSVSEM <unfinished ...>
10955 tgkill(10950, 10950, SIGURG)      = 0
10950 <... clone resumed>)              = 10956
10950 --- SIGURG {si_signo=SIGURG, si_code=SI_TKILL, si_pid=10950, si_uid=1001} ---
10955 tgkill(10950, 10950, SIGURG)      = 0
10950 clone(child_stack=0x2182d6b84000, flags=CLONE_VM|CLONE_FS|CLONE_FILES|CLONE_SIGHAND|CLONE_THREAD|CLONE_SYSVSEM) = 10957
10950 --- SIGURG {si_signo=SIGURG, si_code=SI_TKILL, si_pid=10950, si_uid=1001} ---
10956 clone(child_stack=0x2182d6ba8000, flags=CLONE_VM|CLONE_FS|CLONE_FILES|CLONE_SIGHAND|CLONE_THREAD|CLONE_SYSVSEM) = 10958
10660 tgkill(10659, 10723, SIGURG)      = 0
10723 --- SIGURG {si_signo=SIGURG, si_code=SI_TKILL, si_pid=10659, si_uid=1001} ---
10949 exit_group(0)                     = ?
10949 +++ exited with 0 +++
10946 +++ exited with 0 +++
10945 +++ exited with 0 +++
10947 +++ exited with 0 +++
10935 +++ exited with 0 +++
10660 --- SIGCHLD {si_signo=SIGCHLD, si_code=CLD_EXITED, si_pid=10935, si_uid=1001, si_status=0, si_utime=1 /* 0.01 s */, si_stime=1 /* 0.01 s */} ---
10661 <... waitid resumed>{si_signo=SIGCHLD, si_code=CLD_EXITED, si_pid=10935, si_uid=1001, si_status=0, si_utime=0, si_stime=0}, WEXITED, {ru_utime={tv_sec=0, tv_usec=14108}, ru_stime={tv_sec=0, tv_usec=10077}, ...}) = 0
10660 tgkill(10659, 10663, SIGURG)      = 0
10663 --- SIGURG {si_signo=SIGURG, si_code=SI_TKILL, si_pid=10659, si_uid=1001} ---
10662 tgkill(10659, 10661, SIGURG)      = 0
10661 --- SIGURG {si_signo=SIGURG, si_code=SI_TKILL, si_pid=10659, si_uid=1001} ---
10723 tgkill(10659, 10662, SIGURG)      = 0
10662 --- SIGURG {si_signo=SIGURG, si_code=SI_TKILL, si_pid=10659, si_uid=1001} ---
10948 exit_group(0)                     = ?
10954 +++ exited with 0 +++
10952 +++ exited with 0 +++
10951 +++ exited with 0 +++
10723 tgkill(10659, 10662, SIGURG)      = 0
10662 --- SIGURG {si_signo=SIGURG, si_code=SI_TKILL, si_pid=10659, si_uid=1001} ---
10955 clone(child_stack=0x2182d7032000, flags=CLONE_VM|CLONE_FS|CLONE_FILES|CLONE_SIGHAND|CLONE_THREAD|CLONE_SYSVSEM) = 10959
10953 +++ exited with 0 +++
10948 +++ exited with 0 +++
10662 --- SIGCHLD {si_signo=SIGCHLD, si_code=CLD_EXITED, si_pid=10948, si_uid=1001, si_status=0, si_utime=0, si_stime=1 /* 0.01 s */} ---
10724 <... waitid resumed>{si_signo=SIGCHLD, si_code=CLD_EXITED, si_pid=10948, si_uid=1001, si_status=0, si_utime=0, si_stime=0}, WEXITED, {ru_utime={tv_sec=0, tv_usec=3048}, ru_stime={tv_sec=0, tv_usec=9909}, ...}) = 0
10662 tgkill(10659, 10661, SIGURG)      = 0
10661 --- SIGURG {si_signo=SIGURG, si_code=SI_TKILL, si_pid=10659, si_uid=1001} ---
10666 clone(child_stack=NULL, flags=CLONE_VM|CLONE_PIDFD|CLONE_VFORK|SIGCHLD <unfinished ...>
10960 execve("/opt/hostedtoolcache/go/1.27.1/arm64/pkg/tool/linux_arm64/compile", ["/opt/hostedtoolcache/go/1.27.1/a"..., "-o", "/tmp/go-build1442187625/b042/_pk"..., "-trimpath", "/tmp/go-build1442187625/b042=>", "-p", "unicode/utf8", "-lang=go1.27", "-std", "-complete", "-buildid", "s1yLYlbI-aHsaTN15vbA/s1yLYlbI-aH"..., "-goversion", "go1.27.1", "-c=4", "-nolocalimports", "-importcfg", "/tmp/go-build1442187625/b042/imp"..., "-pack", "/opt/hostedtoolcache/go/1.27.1/a"...], 0x4a56489f0d88 /* 140 vars */ <unfinished ...>
10666 <... clone resumed>, parent_tid=[14]) = 10960
10960 <... execve resumed>)             = 0
10666 waitid(P_PIDFD, 14,  <unfinished ...>
10661 clone(child_stack=NULL, flags=CLONE_VM|CLONE_PIDFD|CLONE_VFORK|SIGCHLD <unfinished ...>
10961 execve("/opt/hostedtoolcache/go/1.27.1/arm64/pkg/tool/linux_arm64/asm", ["/opt/hostedtoolcache/go/1.27.1/a"..., "-p", "sync/atomic", "-trimpath", "/tmp/go-build1442187625/b045=>", "-I", "/tmp/go-build1442187625/b045/", "-I", "/opt/hostedtoolcache/go/1.27.1/a"..., "-D", "GOOS_linux", "-D", "GOARCH_arm64", "-std", "-gensymabis", "-o", "/tmp/go-build1442187625/b045/sym"..., "/opt/hostedtoolcache/go/1.27.1/a"...], 0x4a56487e0d88 /* 140 vars */ <unfinished ...>
10661 <... clone resumed>, parent_tid=[15]) = 10961
10961 <... execve resumed>)             = 0
10661 waitid(P_PIDFD, 15,  <unfinished ...>
10955 tgkill(10950, 10959, SIGURG <unfinished ...>
10960 clone(child_stack=0x62bc0e57e000, flags=CLONE_VM|CLONE_FS|CLONE_FILES|CLONE_SIGHAND|CLONE_THREAD|CLONE_SYSVSEM) = 10962
10960 clone(child_stack=0x62bc0e5b6000, flags=CLONE_VM|CLONE_FS|CLONE_FILES|CLONE_SIGHAND|CLONE_THREAD|CLONE_SYSVSEM <unfinished ...>
10962 tgkill(10960, 10960, SIGURG <unfinished ...>
10960 <... clone resumed>)              = 10963
10962 <... tgkill resumed>)             = 0
10960 --- SIGURG {si_signo=SIGURG, si_code=SI_TKILL, si_pid=10960, si_uid=1001} ---
10962 tgkill(10960, 10960, SIGURG)      = 0
10960 clone(child_stack=0x62bc0e5b2000, flags=CLONE_VM|CLONE_FS|CLONE_FILES|CLONE_SIGHAND|CLONE_THREAD|CLONE_SYSVSEM) = 10964
10960 --- SIGURG {si_signo=SIGURG, si_code=SI_TKILL, si_pid=10960, si_uid=1001} ---
10963 clone(child_stack=0x62bc0e618000, flags=CLONE_VM|CLONE_FS|CLONE_FILES|CLONE_SIGHAND|CLONE_THREAD|CLONE_SYSVSEM) = 10965
10955 <... tgkill resumed>)             = 0
10959 --- SIGURG {si_signo=SIGURG, si_code=SI_TKILL, si_pid=10950, si_uid=1001} ---
10961 clone(child_stack=0x39380edee000, flags=CLONE_VM|CLONE_FS|CLONE_FILES|CLONE_SIGHAND|CLONE_THREAD|CLONE_SYSVSEM) = 10966
10662 clone(child_stack=NULL, flags=CLONE_VM|CLONE_PIDFD|CLONE_VFORK|SIGCHLD <unfinished ...>
10961 clone(child_stack=0x39380ee26000, flags=CLONE_VM|CLONE_FS|CLONE_FILES|CLONE_SIGHAND|CLONE_THREAD|CLONE_SYSVSEM) = 10968
10961 clone(child_stack=0x39380ee22000, flags=CLONE_VM|CLONE_FS|CLONE_FILES|CLONE_SIGHAND|CLONE_THREAD|CLONE_SYSVSEM) = 10969
10968 clone(child_stack=0x39380ee98000, flags=CLONE_VM|CLONE_FS|CLONE_FILES|CLONE_SIGHAND|CLONE_THREAD|CLONE_SYSVSEM) = 10970
10660 tgkill(10659, 10662, SIGURG)      = 0
10967 execve("/opt/hostedtoolcache/go/1.27.1/arm64/pkg/tool/linux_arm64/asm", ["/opt/hostedtoolcache/go/1.27.1/a"..., "-p", "math", "-trimpath", "/tmp/go-build1442187625/b040=>", "-I", "/tmp/go-build1442187625/b040/", "-I", "/opt/hostedtoolcache/go/1.27.1/a"..., "-D", "GOOS_linux", "-D", "GOARCH_arm64", "-std", "-gensymabis", "-o", "/tmp/go-build1442187625/b040/sym"..., "/opt/hostedtoolcache/go/1.27.1/a"..., "/opt/hostedtoolcache/go/1.27.1/a"..., "/opt/hostedtoolcache/go/1.27.1/a"...], 0x4a5648816488 /* 140 vars */ <unfinished ...>
10662 <... clone resumed>, parent_tid=[16]) = 10967
10967 <... execve resumed>)             = 0
10662 --- SIGURG {si_signo=SIGURG, si_code=SI_TKILL, si_pid=10659, si_uid=1001} ---
10662 waitid(P_PIDFD, 16,  <unfinished ...>
10961 exit_group(0)                     = ?
10970 +++ exited with 0 +++
10969 +++ exited with 0 +++
10968 +++ exited with 0 +++
10966 +++ exited with 0 +++
10961 +++ exited with 0 +++
10724 --- SIGCHLD {si_signo=SIGCHLD, si_code=CLD_EXITED, si_pid=10961, si_uid=1001, si_status=0, si_utime=0, si_stime=0} ---
10661 <... waitid resumed>{si_signo=SIGCHLD, si_code=CLD_EXITED, si_pid=10961, si_uid=1001, si_status=0, si_utime=0, si_stime=0}, WEXITED, {ru_utime={tv_sec=0, tv_usec=672}, ru_stime={tv_sec=0, tv_usec=4710}, ...}) = 0
10661 clone(child_stack=NULL, flags=CLONE_VM|CLONE_PIDFD|CLONE_VFORK|SIGCHLD <unfinished ...>
10962 tgkill(10960, 10960, SIGURG)      = 0
10960 --- SIGURG {si_signo=SIGURG, si_code=SI_TKILL, si_pid=10960, si_uid=1001} ---
10967 clone(child_stack=0x1df07faf0000, flags=CLONE_VM|CLONE_FS|CLONE_FILES|CLONE_SIGHAND|CLONE_THREAD|CLONE_SYSVSEM) = 10972
10967 clone(child_stack=0x1df07fb28000, flags=CLONE_VM|CLONE_FS|CLONE_FILES|CLONE_SIGHAND|CLONE_THREAD|CLONE_SYSVSEM <unfinished ...>
10971 execve("/opt/hostedtoolcache/go/1.27.1/arm64/pkg/tool/linux_arm64/compile", ["/opt/hostedtoolcache/go/1.27.1/a"..., "-o", "/tmp/go-build1442187625/b045/_pk"..., "-trimpath", "/tmp/go-build1442187625/b045=>", "-p", "sync/atomic", "-lang=go1.27", "-std", "-buildid", "JGUF4K_ysLjx-Ruoda01/JGUF4K_ysLj"..., "-goversion", "go1.27.1", "-symabis", "/tmp/go-build1442187625/b045/sym"..., "-c=4", "-nolocalimports", "-importcfg", "/tmp/go-build1442187625/b045/imp"..., "-pack", "-asmhdr", "/tmp/go-build1442187625/b045/go_"..., "/opt/hostedtoolcache/go/1.27.1/a"..., "/opt/hostedtoolcache/go/1.27.1/a"..., "/opt/hostedtoolcache/go/1.27.1/a"..., "/opt/hostedtoolcache/go/1.27.1/a"...], 0x4a56489f1208 /* 140 vars */ <unfinished ...>
10967 <... clone resumed>)              = 10973
10661 <... clone resumed>, parent_tid=[15]) = 10971
10967 clone(child_stack=0x1df07fb24000, flags=CLONE_VM|CLONE_FS|CLONE_FILES|CLONE_SIGHAND|CLONE_THREAD|CLONE_SYSVSEM) = 10974
10971 <... execve resumed>)             = 0
10973 clone(child_stack=0x1df07fb98000, flags=CLONE_VM|CLONE_FS|CLONE_FILES|CLONE_SIGHAND|CLONE_THREAD|CLONE_SYSVSEM) = 10975
10661 waitid(P_PIDFD, 15,  <unfinished ...>
10955 tgkill(10950, 10959, SIGURG)      = 0
10959 --- SIGURG {si_signo=SIGURG, si_code=SI_TKILL, si_pid=10950, si_uid=1001} ---
10971 clone(child_stack=0x44591897a000, flags=CLONE_VM|CLONE_FS|CLONE_FILES|CLONE_SIGHAND|CLONE_THREAD|CLONE_SYSVSEM) = 10976
10971 clone(child_stack=0x4459189b2000, flags=CLONE_VM|CLONE_FS|CLONE_FILES|CLONE_SIGHAND|CLONE_THREAD|CLONE_SYSVSEM) = 10977
10976 tgkill(10971, 10971, SIGURG)      = 0
10971 clone(child_stack=0x4459189ae000, flags=CLONE_VM|CLONE_FS|CLONE_FILES|CLONE_SIGHAND|CLONE_THREAD|CLONE_SYSVSEM) = 10978
10971 --- SIGURG {si_signo=SIGURG, si_code=SI_TKILL, si_pid=10971, si_uid=1001} ---
10977 clone(child_stack=0x445918a18000, flags=CLONE_VM|CLONE_FS|CLONE_FILES|CLONE_SIGHAND|CLONE_THREAD|CLONE_SYSVSEM) = 10979
10967 exit_group(0 <unfinished ...>
10976 clone(child_stack=0x445918e40000, flags=CLONE_VM|CLONE_FS|CLONE_FILES|CLONE_SIGHAND|CLONE_THREAD|CLONE_SYSVSEM <unfinished ...>
10967 <... exit_group resumed>)         = ?
10975 +++ exited with 0 +++
10974 +++ exited with 0 +++
10972 +++ exited with 0 +++
10976 <... clone resumed>)              = 10980
10973 +++ exited with 0 +++
10967 +++ exited with 0 +++
10662 <... waitid resumed>{si_signo=SIGCHLD, si_code=CLD_EXITED, si_pid=10967, si_uid=1001, si_status=0, si_utime=0, si_stime=0}, WEXITED, {ru_utime={tv_sec=0, tv_usec=1381}, ru_stime={tv_sec=0, tv_usec=5525}, ...}) = 0
10724 --- SIGCHLD {si_signo=SIGCHLD, si_code=CLD_EXITED, si_pid=10967, si_uid=1001, si_status=0, si_utime=0, si_stime=0} ---
10962 tgkill(10960, 10960, SIGURG)      = 0
10960 --- SIGURG {si_signo=SIGURG, si_code=SI_TKILL, si_pid=10960, si_uid=1001} ---
10663 tgkill(10659, 10724, SIGURG)      = 0
10724 --- SIGURG {si_signo=SIGURG, si_code=SI_TKILL, si_pid=10659, si_uid=1001} ---
10723 clone(child_stack=NULL, flags=CLONE_VM|CLONE_PIDFD|CLONE_VFORK|SIGCHLD <unfinished ...>
10663 tgkill(10659, 10723, SIGURG)      = 0
10981 execve("/opt/hostedtoolcache/go/1.27.1/arm64/pkg/tool/linux_arm64/compile", ["/opt/hostedtoolcache/go/1.27.1/a"..., "-o", "/tmp/go-build1442187625/b040/_pk"..., "-trimpath", "/tmp/go-build1442187625/b040=>", "-p", "math", "-lang=go1.27", "-std", "-buildid", "8X5WVBTqImLjj3PxSZIw/8X5WVBTqImL"..., "-goversion", "go1.27.1", "-symabis", "/tmp/go-build1442187625/b040/sym"..., "-c=4", "-nolocalimports", "-importcfg", "/tmp/go-build1442187625/b040/imp"..., "-pack", "-asmhdr", "/tmp/go-build1442187625/b040/go_"..., "/opt/hostedtoolcache/go/1.27.1/a"..., "/opt/hostedtoolcache/go/1.27.1/a"..., "/opt/hostedtoolcache/go/1.27.1/a"..., "/opt/hostedtoolcache/go/1.27.1/a"..., "/opt/hostedtoolcache/go/1.27.1/a"..., "/opt/hostedtoolcache/go/1.27.1/a"..., "/opt/hostedtoolcache/go/1.27.1/a"..., "/opt/hostedtoolcache/go/1.27.1/a"..., "/opt/hostedtoolcache/go/1.27.1/a"..., "/opt/hostedtoolcache/go/1.27.1/a"..., ...], 0x4a5648817208 /* 140 vars */ <unfinished ...>
10723 <... clone resumed>, parent_tid=[16]) = 10981
10723 --- SIGURG {si_signo=SIGURG, si_code=SI_TKILL, si_pid=10659, si_uid=1001} ---
10981 <... execve resumed>)             = 0
10976 tgkill(10971, 10979, SIGURG)      = 0
10662 waitid(P_PIDFD, 16,  <unfinished ...>
10960 exit_group(0 <unfinished ...>
10663 tgkill(10659, 10723, SIGURG <unfinished ...>
10960 <... exit_group resumed>)         = ?
10979 --- SIGURG {si_signo=SIGURG, si_code=SI_TKILL, si_pid=10971, si_uid=1001} ---
10964 +++ exited with 0 +++
10963 +++ exited with 0 +++
10962 +++ exited with 0 +++
10663 <... tgkill resumed>)             = 0
10965 +++ exited with 0 +++
10723 --- SIGURG {si_signo=SIGURG, si_code=SI_TKILL, si_pid=10659, si_uid=1001} ---
10955 tgkill(10950, 10959, SIGURG)      = 0
10960 +++ exited with 0 +++
10666 <... waitid resumed>{si_signo=SIGCHLD, si_code=CLD_EXITED, si_pid=10960, si_uid=1001, si_status=0, si_utime=0, si_stime=0}, WEXITED, {ru_utime={tv_sec=0, tv_usec=31894}, ru_stime={tv_sec=0, tv_usec=7698}, ...}) = 0
10666 --- SIGCHLD {si_signo=SIGCHLD, si_code=CLD_EXITED, si_pid=10960, si_uid=1001, si_status=0, si_utime=2 /* 0.02 s */, si_stime=0} ---
10959 --- SIGURG {si_signo=SIGURG, si_code=SI_TKILL, si_pid=10950, si_uid=1001} ---
10976 tgkill(10971, 10980, SIGURG)      = 0
10980 --- SIGURG {si_signo=SIGURG, si_code=SI_TKILL, si_pid=10971, si_uid=1001} ---
10981 clone(child_stack=0x484b8da4e000, flags=CLONE_VM|CLONE_FS|CLONE_FILES|CLONE_SIGHAND|CLONE_THREAD|CLONE_SYSVSEM) = 10982
10981 clone(child_stack=0x484b8da88000, flags=CLONE_VM|CLONE_FS|CLONE_FILES|CLONE_SIGHAND|CLONE_THREAD|CLONE_SYSVSEM) = 10983
10955 tgkill(10950, 10957, SIGURG <unfinished ...>
10981 clone(child_stack=0x484b8da84000, flags=CLONE_VM|CLONE_FS|CLONE_FILES|CLONE_SIGHAND|CLONE_THREAD|CLONE_SYSVSEM <unfinished ...>
10957 --- SIGURG {si_signo=SIGURG, si_code=SI_TKILL, si_pid=10950, si_uid=1001} ---
10955 <... tgkill resumed>)             = 0
10981 <... clone resumed>)              = 10984
10660 tgkill(10659, 10724, SIGURG)      = 0
10983 clone(child_stack=0x484b8daa6000, flags=CLONE_VM|CLONE_FS|CLONE_FILES|CLONE_SIGHAND|CLONE_THREAD|CLONE_SYSVSEM <unfinished ...>
10981 clone(child_stack=0x484b8daaa000, flags=CLONE_VM|CLONE_FS|CLONE_FILES|CLONE_SIGHAND|CLONE_THREAD|CLONE_SYSVSEM) = 10985
10983 <... clone resumed>)              = 10986
10724 --- SIGURG {si_signo=SIGURG, si_code=SI_TKILL, si_pid=10659, si_uid=1001} ---
10980 exit_group(0)                     = ?
10979 +++ exited with 0 +++
10978 +++ exited with 0 +++
10976 +++ exited with 0 +++
10977 +++ exited with 0 +++
10980 +++ exited with 0 +++
10971 +++ exited with 0 +++
10661 <... waitid resumed>{si_signo=SIGCHLD, si_code=CLD_EXITED, si_pid=10971, si_uid=1001, si_status=0, si_utime=0, si_stime=0}, WEXITED, {ru_utime={tv_sec=0, tv_usec=33324}, ru_stime={tv_sec=0, tv_usec=11708}, ...}) = 0
10664 --- SIGCHLD {si_signo=SIGCHLD, si_code=CLD_EXITED, si_pid=10971, si_uid=1001, si_status=0, si_utime=3 /* 0.03 s */, si_stime=1 /* 0.01 s */} ---
10982 clone(child_stack=0x484b8dac6000, flags=CLONE_VM|CLONE_FS|CLONE_FILES|CLONE_SIGHAND|CLONE_THREAD|CLONE_SYSVSEM) = 10987
10666 clone(child_stack=NULL, flags=CLONE_VM|CLONE_PIDFD|CLONE_VFORK|SIGCHLD <unfinished ...>
10664 clone(child_stack=NULL, flags=CLONE_VM|CLONE_PIDFD|CLONE_VFORK|SIGCHLD <unfinished ...>
10660 tgkill(10659, 10666, SIGURG)      = 0
10989 execve("/opt/hostedtoolcache/go/1.27.1/arm64/pkg/tool/linux_arm64/asm", ["/opt/hostedtoolcache/go/1.27.1/a"..., "-p", "sync/atomic", "-trimpath", "/tmp/go-build1442187625/b045=>", "-I", "/tmp/go-build1442187625/b045/", "-I", "/opt/hostedtoolcache/go/1.27.1/a"..., "-D", "GOOS_linux", "-D", "GOARCH_arm64", "-std", "-o", "/tmp/go-build1442187625/b045/asm"..., "/opt/hostedtoolcache/go/1.27.1/a"...], 0x4a56487e0d88 /* 140 vars */ <unfinished ...>
10982 tgkill(10981, 10984, SIGURG)      = 0
10984 --- SIGURG {si_signo=SIGURG, si_code=SI_TKILL, si_pid=10981, si_uid=1001} ---
10664 <... clone resumed>, parent_tid=[21]) = 10989
10989 <... execve resumed>)             = 0
10664 waitid(P_PIDFD, 21,  <unfinished ...>
10988 execve("/opt/hostedtoolcache/go/1.27.1/arm64/pkg/tool/linux_arm64/compile", ["/opt/hostedtoolcache/go/1.27.1/a"..., "-o", "/tmp/go-build1442187625/b046/_pk"..., "-trimpath", "/tmp/go-build1442187625/b046=>", "-p", "internal/synctest", "-lang=go1.27", "-std", "-complete", "-buildid", "4eWvoqUiOB6E0SbY6umh/4eWvoqUiOB6"..., "-goversion", "go1.27.1", "-c=4", "-nolocalimports", "-importcfg", "/tmp/go-build1442187625/b046/imp"..., "-pack", "/opt/hostedtoolcache/go/1.27.1/a"...], 0x4a5648816488 /* 140 vars */ <unfinished ...>
10666 <... clone resumed>, parent_tid=[13]) = 10988
10988 <... execve resumed>)             = 0
10666 --- SIGURG {si_signo=SIGURG, si_code=SI_TKILL, si_pid=10659, si_uid=1001} ---
10666 waitid(P_PIDFD, 13,  <unfinished ...>
10955 tgkill(10950, 10956, SIGURG)      = 0
10956 --- SIGURG {si_signo=SIGURG, si_code=SI_TKILL, si_pid=10950, si_uid=1001} ---
10955 tgkill(10950, 10958, SIGURG)      = 0
10958 --- SIGURG {si_signo=SIGURG, si_code=SI_TKILL, si_pid=10950, si_uid=1001} ---
10955 tgkill(10950, 10959, SIGURG <unfinished ...>
10959 --- SIGURG {si_signo=SIGURG, si_code=SI_TKILL, si_pid=10950, si_uid=1001} ---
10955 <... tgkill resumed>)             = 0
10982 tgkill(10981, 10984, SIGURG <unfinished ...>
10984 --- SIGURG {si_signo=SIGURG, si_code=SI_TKILL, si_pid=10981, si_uid=1001} ---
10982 <... tgkill resumed>)             = 0
10955 tgkill(10950, 10957, SIGURG)      = 0
10957 --- SIGURG {si_signo=SIGURG, si_code=SI_TKILL, si_pid=10950, si_uid=1001} ---
10982 tgkill(10981, 10984, SIGURG)      = 0
10984 --- SIGURG {si_signo=SIGURG, si_code=SI_TKILL, si_pid=10981, si_uid=1001} ---
10989 clone(child_stack=0x212163fa6000, flags=CLONE_VM|CLONE_FS|CLONE_FILES|CLONE_SIGHAND|CLONE_THREAD|CLONE_SYSVSEM) = 10990
10990 tgkill(10989, 10989, SIGURG)      = 0
10989 clone(child_stack=0x212163fde000, flags=CLONE_VM|CLONE_FS|CLONE_FILES|CLONE_SIGHAND|CLONE_THREAD|CLONE_SYSVSEM) = 10991
10989 --- SIGURG {si_signo=SIGURG, si_code=SI_TKILL, si_pid=10989, si_uid=1001} ---
10955 tgkill(10950, 10956, SIGURG <unfinished ...>
10956 --- SIGURG {si_signo=SIGURG, si_code=SI_TKILL, si_pid=10950, si_uid=1001} ---
10955 <... tgkill resumed>)             = 0
10990 tgkill(10989, 10989, SIGURG)      = 0
10989 clone(child_stack=0x212163fda000, flags=CLONE_VM|CLONE_FS|CLONE_FILES|CLONE_SIGHAND|CLONE_THREAD|CLONE_SYSVSEM <unfinished ...>
10955 tgkill(10950, 10958, SIGURG)      = 0
10958 --- SIGURG {si_signo=SIGURG, si_code=SI_TKILL, si_pid=10950, si_uid=1001} ---
10988 clone(child_stack=0x4a2709834000, flags=CLONE_VM|CLONE_FS|CLONE_FILES|CLONE_SIGHAND|CLONE_THREAD|CLONE_SYSVSEM <unfinished ...>
10991 clone(child_stack=0x212164018000, flags=CLONE_VM|CLONE_FS|CLONE_FILES|CLONE_SIGHAND|CLONE_THREAD|CLONE_SYSVSEM) = 10992
10988 <... clone resumed>)              = 10993
10989 <... clone resumed>)              = 10994
10989 --- SIGURG {si_signo=SIGURG, si_code=SI_TKILL, si_pid=10989, si_uid=1001} ---
10993 tgkill(10988, 10988, SIGURG <unfinished ...>
10988 clone(child_stack=0x4a270986c000, flags=CLONE_VM|CLONE_FS|CLONE_FILES|CLONE_SIGHAND|CLONE_THREAD|CLONE_SYSVSEM <unfinished ...>
10993 <... tgkill resumed>)             = 0
10988 <... clone resumed>)              = 10995
10988 --- SIGURG {si_signo=SIGURG, si_code=SI_TKILL, si_pid=10988, si_uid=1001} ---
10993 tgkill(10988, 10988, SIGURG)      = 0
10988 --- SIGURG {si_signo=SIGURG, si_code=SI_TKILL, si_pid=10988, si_uid=1001} ---
10988 clone(child_stack=0x4a2709868000, flags=CLONE_VM|CLONE_FS|CLONE_FILES|CLONE_SIGHAND|CLONE_THREAD|CLONE_SYSVSEM) = 10996
10995 clone(child_stack=0x4a2709898000, flags=CLONE_VM|CLONE_FS|CLONE_FILES|CLONE_SIGHAND|CLONE_THREAD|CLONE_SYSVSEM) = 10997
10955 tgkill(10950, 10959, SIGURG <unfinished ...>
10959 --- SIGURG {si_signo=SIGURG, si_code=SI_TKILL, si_pid=10950, si_uid=1001} ---
10955 <... tgkill resumed>)             = 0
10982 tgkill(10981, 10984, SIGURG)      = 0
10984 --- SIGURG {si_signo=SIGURG, si_code=SI_TKILL, si_pid=10981, si_uid=1001} ---
10989 exit_group(0)                     = ?
10991 +++ exited with 0 +++
10992 +++ exited with 0 +++
10994 +++ exited with 0 +++
10990 +++ exited with 0 +++
10989 +++ exited with 0 +++
10661 --- SIGCHLD {si_signo=SIGCHLD, si_code=CLD_EXITED, si_pid=10989, si_uid=1001, si_status=0, si_utime=0, si_stime=0} ---
10664 <... waitid resumed>{si_signo=SIGCHLD, si_code=CLD_EXITED, si_pid=10989, si_uid=1001, si_status=0, si_utime=0, si_stime=0}, WEXITED, {ru_utime={tv_sec=0, tv_usec=1073}, ru_stime={tv_sec=0, tv_usec=7517}, ...}) = 0
10993 tgkill(10988, 10988, SIGURG)      = 0
10988 --- SIGURG {si_signo=SIGURG, si_code=SI_TKILL, si_pid=10988, si_uid=1001} ---
10959 exit_group(0)                     = ?
10959 +++ exited with 0 +++
10958 +++ exited with 0 +++
10956 +++ exited with 0 +++
10955 +++ exited with 0 +++
10996 exit_group(0)                     = ?
10997 +++ exited with 0 +++
10995 +++ exited with 0 +++
10996 +++ exited with 0 +++
10993 +++ exited with 0 +++
10988 +++ exited with 0 +++
10666 <... waitid resumed>{si_signo=SIGCHLD, si_code=CLD_EXITED, si_pid=10988, si_uid=1001, si_status=0, si_utime=0, si_stime=0}, WEXITED, {ru_utime={tv_sec=0, tv_usec=9100}, ru_stime={tv_sec=0, tv_usec=8190}, ...}) = 0
10664 --- SIGCHLD {si_signo=SIGCHLD, si_code=CLD_EXITED, si_pid=10988, si_uid=1001, si_status=0, si_utime=1 /* 0.01 s */, si_stime=0} ---
10660 tgkill(10659, 10661, SIGURG)      = 0
10661 --- SIGURG {si_signo=SIGURG, si_code=SI_TKILL, si_pid=10659, si_uid=1001} ---
10957 +++ exited with 0 +++
10950 +++ exited with 0 +++
10666 --- SIGCHLD {si_signo=SIGCHLD, si_code=CLD_EXITED, si_pid=10950, si_uid=1001, si_status=0, si_utime=16 /* 0.16 s */, si_stime=4 /* 0.04 s */} ---
10665 <... waitid resumed>{si_signo=SIGCHLD, si_code=CLD_EXITED, si_pid=10950, si_uid=1001, si_status=0, si_utime=0, si_stime=0}, WEXITED, {ru_utime={tv_sec=0, tv_usec=165768}, ru_stime={tv_sec=0, tv_usec=41442}, ...}) = 0
10666 clone(child_stack=NULL, flags=CLONE_VM|CLONE_PIDFD|CLONE_VFORK|SIGCHLD <unfinished ...>
10998 execve("/opt/hostedtoolcache/go/1.27.1/arm64/pkg/tool/linux_arm64/asm", ["/opt/hostedtoolcache/go/1.27.1/a"..., "-p", "internal/runtime/maps", "-trimpath", "/tmp/go-build1442187625/b028=>", "-I", "/tmp/go-build1442187625/b028/", "-I", "/opt/hostedtoolcache/go/1.27.1/a"..., "-D", "GOOS_linux", "-D", "GOARCH_arm64", "-std", "-o", "/tmp/go-build1442187625/b028/mem"..., "/opt/hostedtoolcache/go/1.27.1/a"...], 0x4a5648816908 /* 140 vars */ <unfinished ...>
10666 <... clone resumed>, parent_tid=[17]) = 10998
10998 <... execve resumed>)             = 0
10666 waitid(P_PIDFD, 17,  <unfinished ...>
10660 tgkill(10659, 10663, SIGURG)      = 0
10663 --- SIGURG {si_signo=SIGURG, si_code=SI_TKILL, si_pid=10659, si_uid=1001} ---
10664 clone(child_stack=NULL, flags=CLONE_VM|CLONE_PIDFD|CLONE_VFORK|SIGCHLD <unfinished ...>
10982 tgkill(10981, 10983, SIGURG)      = 0
10983 --- SIGURG {si_signo=SIGURG, si_code=SI_TKILL, si_pid=10981, si_uid=1001} ---
10660 tgkill(10659, 10664, SIGURG)      = 0
10999 execve("/opt/hostedtoolcache/go/1.27.1/arm64/pkg/tool/linux_arm64/compile", ["/opt/hostedtoolcache/go/1.27.1/a"..., "-o", "/tmp/go-build1442187625/b047/_pk"..., "-trimpath", "/tmp/go-build1442187625/b047=>", "-p", "unicode", "-lang=go1.27", "-std", "-complete", "-buildid", "FIy725AIl71QC_77HXYb/FIy725AIl71"..., "-goversion", "go1.27.1", "-c=4", "-nolocalimports", "-importcfg", "/tmp/go-build1442187625/b047/imp"..., "-pack", "/opt/hostedtoolcache/go/1.27.1/a"..., "/opt/hostedtoolcache/go/1.27.1/a"..., "/opt/hostedtoolcache/go/1.27.1/a"..., "/opt/hostedtoolcache/go/1.27.1/a"..., "/opt/hostedtoolcache/go/1.27.1/a"...], 0x4a56489f0d88 /* 140 vars */ <unfinished ...>
10664 <... clone resumed>, parent_tid=[11]) = 10999
10664 --- SIGURG {si_signo=SIGURG, si_code=SI_TKILL, si_pid=10659, si_uid=1001} ---
10999 <... execve resumed>)             = 0
10664 waitid(P_PIDFD, 11,  <unfinished ...>
10661 clone(child_stack=NULL, flags=CLONE_VM|CLONE_PIDFD|CLONE_VFORK|SIGCHLD <unfinished ...>
11000 execve("/opt/hostedtoolcache/go/1.27.1/arm64/pkg/tool/linux_arm64/compile", ["/opt/hostedtoolcache/go/1.27.1/a"..., "-o", "/tmp/go-build1442187625/b044/_pk"..., "-trimpath", "/tmp/go-build1442187625/b044=>", "-p", "internal/sync", "-lang=go1.27", "-std", "-complete", "-buildid", "yNvcDl_12QHRYk5Wvj76/yNvcDl_12QH"..., "-goversion", "go1.27.1", "-c=4", "-nolocalimports", "-importcfg", "/tmp/go-build1442187625/b044/imp"..., "-pack", "/opt/hostedtoolcache/go/1.27.1/a"..., "/opt/hostedtoolcache/go/1.27.1/a"..., "/opt/hostedtoolcache/go/1.27.1/a"...], 0x4a56487e1b08 /* 140 vars */) = 0
10660 tgkill(10659, 10661, SIGURG)      = 0
10661 <... clone resumed>, parent_tid=[10]) = 11000
10661 --- SIGURG {si_signo=SIGURG, si_code=SI_TKILL, si_pid=10659, si_uid=1001} ---
10663 waitid(P_PIDFD, 10,  <unfinished ...>
11000 clone(child_stack=0x62189546a000, flags=CLONE_VM|CLONE_FS|CLONE_FILES|CLONE_SIGHAND|CLONE_THREAD|CLONE_SYSVSEM) = 11001
11000 clone(child_stack=0x6218954a2000, flags=CLONE_VM|CLONE_FS|CLONE_FILES|CLONE_SIGHAND|CLONE_THREAD|CLONE_SYSVSEM) = 11002
11001 tgkill(11000, 11000, SIGURG)      = 0
11000 clone(child_stack=0x62189549e000, flags=CLONE_VM|CLONE_FS|CLONE_FILES|CLONE_SIGHAND|CLONE_THREAD|CLONE_SYSVSEM) = 11003
11000 --- SIGURG {si_signo=SIGURG, si_code=SI_TKILL, si_pid=11000, si_uid=1001} ---
11002 clone(child_stack=0x621895518000, flags=CLONE_VM|CLONE_FS|CLONE_FILES|CLONE_SIGHAND|CLONE_THREAD|CLONE_SYSVSEM) = 11004
10982 tgkill(10981, 10984, SIGURG <unfinished ...>
10984 --- SIGURG {si_signo=SIGURG, si_code=SI_TKILL, si_pid=10981, si_uid=1001} ---
10982 <... tgkill resumed>)             = 0
10998 clone(child_stack=0x791459e8e000, flags=CLONE_VM|CLONE_FS|CLONE_FILES|CLONE_SIGHAND|CLONE_THREAD|CLONE_SYSVSEM <unfinished ...>
10982 tgkill(10981, 10987, SIGURG)      = 0
10987 --- SIGURG {si_signo=SIGURG, si_code=SI_TKILL, si_pid=10981, si_uid=1001} ---
10998 <... clone resumed>)              = 11005
10982 tgkill(10981, 10986, SIGURG)      = 0
10986 --- SIGURG {si_signo=SIGURG, si_code=SI_TKILL, si_pid=10981, si_uid=1001} ---
10998 clone(child_stack=0x791459ec6000, flags=CLONE_VM|CLONE_FS|CLONE_FILES|CLONE_SIGHAND|CLONE_THREAD|CLONE_SYSVSEM) = 11006
10998 clone(child_stack=0x791459ec2000, flags=CLONE_VM|CLONE_FS|CLONE_FILES|CLONE_SIGHAND|CLONE_THREAD|CLONE_SYSVSEM) = 11007
11006 clone(child_stack=0x791459f18000, flags=CLONE_VM|CLONE_FS|CLONE_FILES|CLONE_SIGHAND|CLONE_THREAD|CLONE_SYSVSEM) = 11008
11001 tgkill(11000, 11004, SIGURG)      = 0
11004 --- SIGURG {si_signo=SIGURG, si_code=SI_TKILL, si_pid=11000, si_uid=1001} ---
10982 tgkill(10981, 10983, SIGURG)      = 0
10983 --- SIGURG {si_signo=SIGURG, si_code=SI_TKILL, si_pid=10981, si_uid=1001} ---
10999 clone(child_stack=0x63ce696ae000, flags=CLONE_VM|CLONE_FS|CLONE_FILES|CLONE_SIGHAND|CLONE_THREAD|CLONE_SYSVSEM) = 11009
10999 clone(child_stack=0x63ce696e6000, flags=CLONE_VM|CLONE_FS|CLONE_FILES|CLONE_SIGHAND|CLONE_THREAD|CLONE_SYSVSEM) = 11010
10999 clone(child_stack=0x63ce696e2000, flags=CLONE_VM|CLONE_FS|CLONE_FILES|CLONE_SIGHAND|CLONE_THREAD|CLONE_SYSVSEM) = 11011
11010 clone(child_stack=0x63ce69718000, flags=CLONE_VM|CLONE_FS|CLONE_FILES|CLONE_SIGHAND|CLONE_THREAD|CLONE_SYSVSEM) = 11012
11005 tgkill(10998, 10998, SIGURG)      = 0
10998 --- SIGURG {si_signo=SIGURG, si_code=SI_TKILL, si_pid=10998, si_uid=1001} ---
11000 exit_group(0)                     = ?
11004 +++ exited with 0 +++
11003 +++ exited with 0 +++
11002 +++ exited with 0 +++
11001 +++ exited with 0 +++
11000 +++ exited with 0 +++
10663 <... waitid resumed>{si_signo=SIGCHLD, si_code=CLD_EXITED, si_pid=11000, si_uid=1001, si_status=0, si_utime=0, si_stime=0}, WEXITED, {ru_utime={tv_sec=0, tv_usec=14020}, ru_stime={tv_sec=0, tv_usec=10515}, ...}) = 0
10665 --- SIGCHLD {si_signo=SIGCHLD, si_code=CLD_EXITED, si_pid=11000, si_uid=1001, si_status=0, si_utime=1 /* 0.01 s */, si_stime=1 /* 0.01 s */} ---
11008 exit_group(0)                     = ?
11007 +++ exited with 0 +++
11006 +++ exited with 0 +++
11008 +++ exited with 0 +++
11005 +++ exited with 0 +++
10998 +++ exited with 0 +++
10666 <... waitid resumed>{si_signo=SIGCHLD, si_code=CLD_EXITED, si_pid=10998, si_uid=1001, si_status=0, si_utime=0, si_stime=0}, WEXITED, {ru_utime={tv_sec=0, tv_usec=2104}, ru_stime={tv_sec=0, tv_usec=8419}, ...}) = 0
10660 --- SIGCHLD {si_signo=SIGCHLD, si_code=CLD_EXITED, si_pid=10998, si_uid=1001, si_status=0, si_utime=0, si_stime=0} ---
11009 clone(child_stack=0x63ce69ace000, flags=CLONE_VM|CLONE_FS|CLONE_FILES|CLONE_SIGHAND|CLONE_THREAD|CLONE_SYSVSEM) = 11013
10987 exit_group(0)                     = ?
10987 +++ exited with 0 +++
10986 +++ exited with 0 +++
10985 +++ exited with 0 +++
10984 +++ exited with 0 +++
10983 +++ exited with 0 +++
10665 clone(child_stack=NULL, flags=CLONE_VM|CLONE_PIDFD|CLONE_VFORK|SIGCHLD <unfinished ...>
11009 tgkill(10999, 10999, SIGURG)      = 0
10999 --- SIGURG {si_signo=SIGURG, si_code=SI_TKILL, si_pid=10999, si_uid=1001} ---
10660 tgkill(10659, 10665, SIGURG)      = 0
10982 +++ exited with 0 +++
10981 +++ exited with 0 +++
10666 --- SIGCHLD {si_signo=SIGCHLD, si_code=CLD_EXITED, si_pid=10981, si_uid=1001, si_status=0, si_utime=12 /* 0.12 s */, si_stime=3 /* 0.03 s */} ---
10662 <... waitid resumed>{si_signo=SIGCHLD, si_code=CLD_EXITED, si_pid=10981, si_uid=1001, si_status=0, si_utime=0, si_stime=0}, WEXITED, {ru_utime={tv_sec=0, tv_usec=120125}, ru_stime={tv_sec=0, tv_usec=33205}, ...}) = 0
11014 execve("/opt/hostedtoolcache/go/1.27.1/arm64/pkg/tool/linux_arm64/compile", ["/opt/hostedtoolcache/go/1.27.1/a"..., "-o", "/tmp/go-build1442187625/b063/_pk"..., "-trimpath", "/tmp/go-build1442187625/b063=>", "-p", "github.com/type-rb/type-rb-nativ"..., "-lang=go1.27", "-complete", "-buildid", "qLhKEa475NarzCDIPUjP/qLhKEa475Na"..., "-goversion", "go1.27.1", "-c=4", "-nolocalimports", "-importcfg", "/tmp/go-build1442187625/b063/imp"..., "-pack", "/tmp/trb-build-1913421921/trb/st"...], 0x4a56489f1208 /* 140 vars */ <unfinished ...>
10665 <... clone resumed>, parent_tid=[17]) = 11014
11014 <... execve resumed>)             = 0
10666 clone(child_stack=NULL, flags=CLONE_VM|CLONE_PIDFD|CLONE_VFORK|SIGCHLD <unfinished ...>
10665 --- SIGURG {si_signo=SIGURG, si_code=SI_TKILL, si_pid=10659, si_uid=1001} ---
11015 execve("/opt/hostedtoolcache/go/1.27.1/arm64/pkg/tool/linux_arm64/asm", ["/opt/hostedtoolcache/go/1.27.1/a"..., "-p", "math", "-trimpath", "/tmp/go-build1442187625/b040=>", "-I", "/tmp/go-build1442187625/b040/", "-I", "/opt/hostedtoolcache/go/1.27.1/a"..., "-D", "GOOS_linux", "-D", "GOARCH_arm64", "-std", "-o", "/tmp/go-build1442187625/b040/dim"..., "/opt/hostedtoolcache/go/1.27.1/a"...], 0x4a56488e4908 /* 140 vars */ <unfinished ...>
10666 <... clone resumed>, parent_tid=[22]) = 11015
11015 <... execve resumed>)             = 0
10724 waitid(P_PIDFD, 17,  <unfinished ...>
10666 waitid(P_PIDFD, 22,  <unfinished ...>
10665 tgkill(10659, 10663, SIGURG)      = 0
10663 --- SIGURG {si_signo=SIGURG, si_code=SI_TKILL, si_pid=10659, si_uid=1001} ---
11014 clone(child_stack=0x24dd4b964000, flags=CLONE_VM|CLONE_FS|CLONE_FILES|CLONE_SIGHAND|CLONE_THREAD|CLONE_SYSVSEM) = 11016
11014 clone(child_stack=0x24dd4b99c000, flags=CLONE_VM|CLONE_FS|CLONE_FILES|CLONE_SIGHAND|CLONE_THREAD|CLONE_SYSVSEM <unfinished ...>
11016 tgkill(11014, 11014, SIGURG <unfinished ...>
11014 <... clone resumed>)              = 11017
11016 <... tgkill resumed>)             = 0
11014 --- SIGURG {si_signo=SIGURG, si_code=SI_TKILL, si_pid=11014, si_uid=1001} ---
11014 clone(child_stack=0x24dd4b998000, flags=CLONE_VM|CLONE_FS|CLONE_FILES|CLONE_SIGHAND|CLONE_THREAD|CLONE_SYSVSEM <unfinished ...>
11015 clone(child_stack=0x191de98b8000, flags=CLONE_VM|CLONE_FS|CLONE_FILES|CLONE_SIGHAND|CLONE_THREAD|CLONE_SYSVSEM) = 11019
11014 <... clone resumed>)              = 11018
11017 clone(child_stack=0x24dd4ba18000, flags=CLONE_VM|CLONE_FS|CLONE_FILES|CLONE_SIGHAND|CLONE_THREAD|CLONE_SYSVSEM <unfinished ...>
11015 clone(child_stack=0x191de98f0000, flags=CLONE_VM|CLONE_FS|CLONE_FILES|CLONE_SIGHAND|CLONE_THREAD|CLONE_SYSVSEM) = 11020
11017 <... clone resumed>)              = 11021
11015 clone(child_stack=0x191de98ec000, flags=CLONE_VM|CLONE_FS|CLONE_FILES|CLONE_SIGHAND|CLONE_THREAD|CLONE_SYSVSEM) = 11022
11017 clone(child_stack=0x24dd4ba14000, flags=CLONE_VM|CLONE_FS|CLONE_FILES|CLONE_SIGHAND|CLONE_THREAD|CLONE_SYSVSEM) = 11023
11020 clone(child_stack=0x191de9920000, flags=CLONE_VM|CLONE_FS|CLONE_FILES|CLONE_SIGHAND|CLONE_THREAD|CLONE_SYSVSEM) = 11024
11009 tgkill(10999, 10999, SIGURG)      = 0
10999 --- SIGURG {si_signo=SIGURG, si_code=SI_TKILL, si_pid=10999, si_uid=1001} ---
11015 exit_group(0)                     = ?
11020 +++ exited with 0 +++
11024 +++ exited with 0 +++
11019 +++ exited with 0 +++
11022 +++ exited with 0 +++
11015 +++ exited with 0 +++
10666 <... waitid resumed>{si_signo=SIGCHLD, si_code=CLD_EXITED, si_pid=11015, si_uid=1001, si_status=0, si_utime=0, si_stime=0}, WEXITED, {ru_utime={tv_sec=0, tv_usec=0}, ru_stime={tv_sec=0, tv_usec=6654}, ...}) = 0
10662 --- SIGCHLD {si_signo=SIGCHLD, si_code=CLD_EXITED, si_pid=11015, si_uid=1001, si_status=0, si_utime=0, si_stime=0} ---
10660 tgkill(10659, 10663, SIGURG)      = 0
10663 --- SIGURG {si_signo=SIGURG, si_code=SI_TKILL, si_pid=10659, si_uid=1001} ---
10662 clone(child_stack=NULL, flags=CLONE_VM|CLONE_PIDFD|CLONE_VFORK|SIGCHLD <unfinished ...>
11025 execve("/opt/hostedtoolcache/go/1.27.1/arm64/pkg/tool/linux_arm64/asm", ["/opt/hostedtoolcache/go/1.27.1/a"..., "-p", "math", "-trimpath", "/tmp/go-build1442187625/b040=>", "-I", "/tmp/go-build1442187625/b040/", "-I", "/opt/hostedtoolcache/go/1.27.1/a"..., "-D", "GOOS_linux", "-D", "GOARCH_arm64", "-std", "-o", "/tmp/go-build1442187625/b040/exp"..., "/opt/hostedtoolcache/go/1.27.1/a"...], 0x4a5648816488 /* 140 vars */ <unfinished ...>
10662 <... clone resumed>, parent_tid=[7]) = 11025
11025 <... execve resumed>)             = 0
10662 waitid(P_PIDFD, 7,  <unfinished ...>
11014 exit_group(0)                     = ?
11023 +++ exited with 0 +++
11018 +++ exited with 0 +++
11017 +++ exited with 0 +++
11016 +++ exited with 0 +++
11021 +++ exited with 0 +++
11014 +++ exited with 0 +++
10724 <... waitid resumed>{si_signo=SIGCHLD, si_code=CLD_EXITED, si_pid=11014, si_uid=1001, si_status=0, si_utime=0, si_stime=0}, WEXITED, {ru_utime={tv_sec=0, tv_usec=7083}, ru_stime={tv_sec=0, tv_usec=5312}, ...}) = 0
10666 --- SIGCHLD {si_signo=SIGCHLD, si_code=CLD_EXITED, si_pid=11014, si_uid=1001, si_status=0, si_utime=0, si_stime=0} ---
11025 clone(child_stack=0xb4e096f2000, flags=CLONE_VM|CLONE_FS|CLONE_FILES|CLONE_SIGHAND|CLONE_THREAD|CLONE_SYSVSEM) = 11026
11025 clone(child_stack=0xb4e0972a000, flags=CLONE_VM|CLONE_FS|CLONE_FILES|CLONE_SIGHAND|CLONE_THREAD|CLONE_SYSVSEM) = 11027
11026 tgkill(11025, 11025, SIGURG)      = 0
11025 clone(child_stack=0xb4e09726000, flags=CLONE_VM|CLONE_FS|CLONE_FILES|CLONE_SIGHAND|CLONE_THREAD|CLONE_SYSVSEM) = 11028
11025 --- SIGURG {si_signo=SIGURG, si_code=SI_TKILL, si_pid=11025, si_uid=1001} ---
11027 clone(child_stack=0xb4e09798000, flags=CLONE_VM|CLONE_FS|CLONE_FILES|CLONE_SIGHAND|CLONE_THREAD|CLONE_SYSVSEM) = 11029
11029 clone(child_stack=0xb4e09794000, flags=CLONE_VM|CLONE_FS|CLONE_FILES|CLONE_SIGHAND|CLONE_THREAD|CLONE_SYSVSEM) = 11030
10663 tgkill(10659, 10666, SIGURG)      = 0
10666 --- SIGURG {si_signo=SIGURG, si_code=SI_TKILL, si_pid=10659, si_uid=1001} ---
11025 exit_group(0)                     = ?
11029 +++ exited with 0 +++
11027 +++ exited with 0 +++
11026 +++ exited with 0 +++
11030 +++ exited with 0 +++
11028 +++ exited with 0 +++
11025 +++ exited with 0 +++
10661 --- SIGCHLD {si_signo=SIGCHLD, si_code=CLD_EXITED, si_pid=11025, si_uid=1001, si_status=0, si_utime=0, si_stime=0} ---
10662 <... waitid resumed>{si_signo=SIGCHLD, si_code=CLD_EXITED, si_pid=11025, si_uid=1001, si_status=0, si_utime=0, si_stime=0}, WEXITED, {ru_utime={tv_sec=0, tv_usec=1800}, ru_stime={tv_sec=0, tv_usec=5402}, ...}) = 0
11009 tgkill(10999, 11012, SIGURG <unfinished ...>
11012 --- SIGURG {si_signo=SIGURG, si_code=SI_TKILL, si_pid=10999, si_uid=1001} ---
11009 <... tgkill resumed>)             = 0
10724 clone(child_stack=NULL, flags=CLONE_VM|CLONE_PIDFD|CLONE_VFORK|SIGCHLD <unfinished ...>
11031 execve("/opt/hostedtoolcache/go/1.27.1/arm64/pkg/tool/linux_arm64/asm", ["/opt/hostedtoolcache/go/1.27.1/a"..., "-p", "math", "-trimpath", "/tmp/go-build1442187625/b040=>", "-I", "/tmp/go-build1442187625/b040/", "-I", "/opt/hostedtoolcache/go/1.27.1/a"..., "-D", "GOOS_linux", "-D", "GOARCH_arm64", "-std", "-o", "/tmp/go-build1442187625/b040/flo"..., "/opt/hostedtoolcache/go/1.27.1/a"...], 0x4a5648816488 /* 140 vars */ <unfinished ...>
10724 <... clone resumed>, parent_tid=[9]) = 11031
11031 <... execve resumed>)             = 0
10724 waitid(P_PIDFD, 9,  <unfinished ...>
10660 tgkill(10659, 10661, SIGURG)      = 0
10661 --- SIGURG {si_signo=SIGURG, si_code=SI_TKILL, si_pid=10659, si_uid=1001} ---
11031 clone(child_stack=0x61566d4e2000, flags=CLONE_VM|CLONE_FS|CLONE_FILES|CLONE_SIGHAND|CLONE_THREAD|CLONE_SYSVSEM) = 11032
11031 clone(child_stack=0x61566d51a000, flags=CLONE_VM|CLONE_FS|CLONE_FILES|CLONE_SIGHAND|CLONE_THREAD|CLONE_SYSVSEM) = 11033
11031 clone(child_stack=0x61566d516000, flags=CLONE_VM|CLONE_FS|CLONE_FILES|CLONE_SIGHAND|CLONE_THREAD|CLONE_SYSVSEM) = 11034
11033 clone(child_stack=0x61566d598000, flags=CLONE_VM|CLONE_FS|CLONE_FILES|CLONE_SIGHAND|CLONE_THREAD|CLONE_SYSVSEM) = 11035
11031 exit_group(0)                     = ?
11033 +++ exited with 0 +++
11035 +++ exited with 0 +++
11032 +++ exited with 0 +++
11034 +++ exited with 0 +++
11031 +++ exited with 0 +++
10666 --- SIGCHLD {si_signo=SIGCHLD, si_code=CLD_EXITED, si_pid=11031, si_uid=1001, si_status=0, si_utime=0, si_stime=0} ---
10724 <... waitid resumed>{si_signo=SIGCHLD, si_code=CLD_EXITED, si_pid=11031, si_uid=1001, si_status=0, si_utime=0, si_stime=0}, WEXITED, {ru_utime={tv_sec=0, tv_usec=702}, ru_stime={tv_sec=0, tv_usec=5618}, ...}) = 0
11009 tgkill(10999, 11012, SIGURG)      = 0
11012 --- SIGURG {si_signo=SIGURG, si_code=SI_TKILL, si_pid=10999, si_uid=1001} ---
10660 tgkill(10659, 10661, SIGURG)      = 0
10661 --- SIGURG {si_signo=SIGURG, si_code=SI_TKILL, si_pid=10659, si_uid=1001} ---
11009 tgkill(10999, 11011, SIGURG)      = 0
11011 --- SIGURG {si_signo=SIGURG, si_code=SI_TKILL, si_pid=10999, si_uid=1001} ---
10660 tgkill(10659, 10661, SIGURG)      = 0
10661 --- SIGURG {si_signo=SIGURG, si_code=SI_TKILL, si_pid=10659, si_uid=1001} ---
11011 exit_group(0)                     = ?
11012 +++ exited with 0 +++
11011 +++ exited with 0 +++
11010 +++ exited with 0 +++
11009 +++ exited with 0 +++
10661 clone(child_stack=NULL, flags=CLONE_VM|CLONE_PIDFD|CLONE_VFORK|SIGCHLD <unfinished ...>
11013 +++ exited with 0 +++
10999 +++ exited with 0 +++
10664 <... waitid resumed>{si_signo=SIGCHLD, si_code=CLD_EXITED, si_pid=10999, si_uid=1001, si_status=0, si_utime=0, si_stime=0}, WEXITED, {ru_utime={tv_sec=0, tv_usec=97127}, ru_stime={tv_sec=0, tv_usec=30109}, ...}) = 0
10664 --- SIGCHLD {si_signo=SIGCHLD, si_code=CLD_EXITED, si_pid=10999, si_uid=1001, si_status=0, si_utime=10 /* 0.10 s */, si_stime=3 /* 0.03 s */} ---
11036 execve("/opt/hostedtoolcache/go/1.27.1/arm64/pkg/tool/linux_arm64/asm", ["/opt/hostedtoolcache/go/1.27.1/a"..., "-p", "runtime", "-trimpath", "/tmp/go-build1442187625/b009=>", "-I", "/tmp/go-build1442187625/b009/", "-I", "/opt/hostedtoolcache/go/1.27.1/a"..., "-D", "GOOS_linux", "-D", "GOARCH_arm64", "-std", "-gensymabis", "-o", "/tmp/go-build1442187625/b009/sym"..., "/opt/hostedtoolcache/go/1.27.1/a"..., "/opt/hostedtoolcache/go/1.27.1/a"..., "/opt/hostedtoolcache/go/1.27.1/a"..., "/opt/hostedtoolcache/go/1.27.1/a"..., "/opt/hostedtoolcache/go/1.27.1/a"..., "/opt/hostedtoolcache/go/1.27.1/a"..., "/opt/hostedtoolcache/go/1.27.1/a"..., "/opt/hostedtoolcache/go/1.27.1/a"..., "/opt/hostedtoolcache/go/1.27.1/a"..., "/opt/hostedtoolcache/go/1.27.1/a"..., "/opt/hostedtoolcache/go/1.27.1/a"...], 0x4a5648816488 /* 140 vars */ <unfinished ...>
10661 <... clone resumed>, parent_tid=[14]) = 11036
11036 <... execve resumed>)             = 0
10661 waitid(P_PIDFD, 14,  <unfinished ...>
11036 clone(child_stack=0x33631e4d0000, flags=CLONE_VM|CLONE_FS|CLONE_FILES|CLONE_SIGHAND|CLONE_THREAD|CLONE_SYSVSEM) = 11037
11036 clone(child_stack=0x33631e508000, flags=CLONE_VM|CLONE_FS|CLONE_FILES|CLONE_SIGHAND|CLONE_THREAD|CLONE_SYSVSEM) = 11038
11037 tgkill(11036, 11036, SIGURG)      = 0
11036 clone(child_stack=0x33631e504000, flags=CLONE_VM|CLONE_FS|CLONE_FILES|CLONE_SIGHAND|CLONE_THREAD|CLONE_SYSVSEM) = 11039
11036 --- SIGURG {si_signo=SIGURG, si_code=SI_TKILL, si_pid=11036, si_uid=1001} ---
11038 clone(child_stack=0x33631e598000, flags=CLONE_VM|CLONE_FS|CLONE_FILES|CLONE_SIGHAND|CLONE_THREAD|CLONE_SYSVSEM) = 11040
11037 tgkill(11036, 11036, SIGURG)      = 0
11036 --- SIGURG {si_signo=SIGURG, si_code=SI_TKILL, si_pid=11036, si_uid=1001} ---
11037 tgkill(11036, 11039, SIGURG)      = 0
11039 --- SIGURG {si_signo=SIGURG, si_code=SI_TKILL, si_pid=11036, si_uid=1001} ---
11036 exit_group(0)                     = ?
11040 +++ exited with 0 +++
11039 +++ exited with 0 +++
11038 +++ exited with 0 +++
11037 +++ exited with 0 +++
11036 +++ exited with 0 +++
10661 <... waitid resumed>{si_signo=SIGCHLD, si_code=CLD_EXITED, si_pid=11036, si_uid=1001, si_status=0, si_utime=0, si_stime=0}, WEXITED, {ru_utime={tv_sec=0, tv_usec=3464}, ru_stime={tv_sec=0, tv_usec=16165}, ...}) = 0
10724 --- SIGCHLD {si_signo=SIGCHLD, si_code=CLD_EXITED, si_pid=11036, si_uid=1001, si_status=0, si_utime=0, si_stime=1 /* 0.01 s */} ---
10724 clone(child_stack=NULL, flags=CLONE_VM|CLONE_PIDFD|CLONE_VFORK|SIGCHLD <unfinished ...>
11041 execve("/opt/hostedtoolcache/go/1.27.1/arm64/pkg/tool/linux_arm64/compile", ["/opt/hostedtoolcache/go/1.27.1/a"..., "-o", "/tmp/go-build1442187625/b009/_pk"..., "-trimpath", "/tmp/go-build1442187625/b009=>", "-p", "runtime", "-lang=go1.27", "-std", "-buildid", "MLVzQWnOxD5-8U6ingaq/MLVzQWnOxD5"..., "-goversion", "go1.27.1", "-symabis", "/tmp/go-build1442187625/b009/sym"..., "-c=4", "-nolocalimports", "-importcfg", "/tmp/go-build1442187625/b009/imp"..., "-pack", "-asmhdr", "/tmp/go-build1442187625/b009/go_"..., "/opt/hostedtoolcache/go/1.27.1/a"..., "/opt/hostedtoolcache/go/1.27.1/a"..., "/opt/hostedtoolcache/go/1.27.1/a"..., "/opt/hostedtoolcache/go/1.27.1/a"..., "/opt/hostedtoolcache/go/1.27.1/a"..., "/opt/hostedtoolcache/go/1.27.1/a"..., "/opt/hostedtoolcache/go/1.27.1/a"..., "/opt/hostedtoolcache/go/1.27.1/a"..., "/opt/hostedtoolcache/go/1.27.1/a"..., "/opt/hostedtoolcache/go/1.27.1/a"..., ...], 0x4a5648817208 /* 140 vars */ <unfinished ...>
10724 <... clone resumed>, parent_tid=[12]) = 11041
11041 <... execve resumed>)             = 0
10724 waitid(P_PIDFD, 12,  <unfinished ...>
11041 clone(child_stack=0x6f5296df2000, flags=CLONE_VM|CLONE_FS|CLONE_FILES|CLONE_SIGHAND|CLONE_THREAD|CLONE_SYSVSEM) = 11042
11041 clone(child_stack=0x6f5296e2a000, flags=CLONE_VM|CLONE_FS|CLONE_FILES|CLONE_SIGHAND|CLONE_THREAD|CLONE_SYSVSEM) = 11043
11042 tgkill(11041, 11041, SIGURG)      = 0
11041 clone(child_stack=0x6f5296e26000, flags=CLONE_VM|CLONE_FS|CLONE_FILES|CLONE_SIGHAND|CLONE_THREAD|CLONE_SYSVSEM) = 11044
11041 --- SIGURG {si_signo=SIGURG, si_code=SI_TKILL, si_pid=11041, si_uid=1001} ---
11043 clone(child_stack=0x6f5296e98000, flags=CLONE_VM|CLONE_FS|CLONE_FILES|CLONE_SIGHAND|CLONE_THREAD|CLONE_SYSVSEM) = 11045
11042 clone(child_stack=0x6f529729c000, flags=CLONE_VM|CLONE_FS|CLONE_FILES|CLONE_SIGHAND|CLONE_THREAD|CLONE_SYSVSEM) = 11046
11042 tgkill(11041, 11046, SIGURG)      = 0
11046 --- SIGURG {si_signo=SIGURG, si_code=SI_TKILL, si_pid=11041, si_uid=1001} ---
11042 tgkill(11041, 11045, SIGURG)      = 0
11045 --- SIGURG {si_signo=SIGURG, si_code=SI_TKILL, si_pid=11041, si_uid=1001} ---
11042 tgkill(11041, 11043, SIGURG)      = 0
11043 --- SIGURG {si_signo=SIGURG, si_code=SI_TKILL, si_pid=11041, si_uid=1001} ---
11042 clone(child_stack=0x6f529733c000, flags=CLONE_VM|CLONE_FS|CLONE_FILES|CLONE_SIGHAND|CLONE_THREAD|CLONE_SYSVSEM) = 11047
11042 tgkill(11041, 11046, SIGURG)      = 0
11046 --- SIGURG {si_signo=SIGURG, si_code=SI_TKILL, si_pid=11041, si_uid=1001} ---
11042 tgkill(11041, 11047, SIGURG)      = 0
11047 --- SIGURG {si_signo=SIGURG, si_code=SI_TKILL, si_pid=11041, si_uid=1001} ---
11042 tgkill(11041, 11041, SIGURG)      = 0
11041 --- SIGURG {si_signo=SIGURG, si_code=SI_TKILL, si_pid=11041, si_uid=1001} ---
11042 tgkill(11041, 11044, SIGURG)      = 0
11044 --- SIGURG {si_signo=SIGURG, si_code=SI_TKILL, si_pid=11041, si_uid=1001} ---
11042 tgkill(11041, 11041, SIGURG)      = 0
11041 --- SIGURG {si_signo=SIGURG, si_code=SI_TKILL, si_pid=11041, si_uid=1001} ---
11042 tgkill(11041, 11044, SIGURG <unfinished ...>
11044 --- SIGURG {si_signo=SIGURG, si_code=SI_TKILL, si_pid=11041, si_uid=1001} ---
11042 <... tgkill resumed>)             = 0
11042 tgkill(11041, 11044, SIGURG <unfinished ...>
11044 --- SIGURG {si_signo=SIGURG, si_code=SI_TKILL, si_pid=11041, si_uid=1001} ---
11042 <... tgkill resumed>)             = 0
11042 tgkill(11041, 11041, SIGURG)      = 0
11041 --- SIGURG {si_signo=SIGURG, si_code=SI_TKILL, si_pid=11041, si_uid=1001} ---
11046 tgkill(11041, 11044, SIGURG)      = 0
11044 --- SIGURG {si_signo=SIGURG, si_code=SI_TKILL, si_pid=11041, si_uid=1001} ---
11043 tgkill(11041, 11046, SIGURG)      = 0
11046 --- SIGURG {si_signo=SIGURG, si_code=SI_TKILL, si_pid=11041, si_uid=1001} ---
11046 tgkill(11041, 11044, SIGURG)      = 0
11044 --- SIGURG {si_signo=SIGURG, si_code=SI_TKILL, si_pid=11041, si_uid=1001} ---
11046 tgkill(11041, 11044, SIGURG)      = 0
11044 --- SIGURG {si_signo=SIGURG, si_code=SI_TKILL, si_pid=11041, si_uid=1001} ---
11046 tgkill(11041, 11044, SIGURG)      = 0
11044 --- SIGURG {si_signo=SIGURG, si_code=SI_TKILL, si_pid=11041, si_uid=1001} ---
11042 tgkill(11041, 11044, SIGURG <unfinished ...>
11044 --- SIGURG {si_signo=SIGURG, si_code=SI_TKILL, si_pid=11041, si_uid=1001} ---
11042 <... tgkill resumed>)             = 0
11042 tgkill(11041, 11046, SIGURG)      = 0
11046 --- SIGURG {si_signo=SIGURG, si_code=SI_TKILL, si_pid=11041, si_uid=1001} ---
11042 tgkill(11041, 11044, SIGURG <unfinished ...>
11044 --- SIGURG {si_signo=SIGURG, si_code=SI_TKILL, si_pid=11041, si_uid=1001} ---
11042 <... tgkill resumed>)             = 0
11042 tgkill(11041, 11044, SIGURG <unfinished ...>
11044 --- SIGURG {si_signo=SIGURG, si_code=SI_TKILL, si_pid=11041, si_uid=1001} ---
11042 <... tgkill resumed>)             = 0
11042 tgkill(11041, 11044, SIGURG <unfinished ...>
11044 --- SIGURG {si_signo=SIGURG, si_code=SI_TKILL, si_pid=11041, si_uid=1001} ---
11042 <... tgkill resumed>)             = 0
11042 tgkill(11041, 11044, SIGURG)      = 0
11044 --- SIGURG {si_signo=SIGURG, si_code=SI_TKILL, si_pid=11041, si_uid=1001} ---
11042 tgkill(11041, 11041, SIGURG)      = 0
11041 --- SIGURG {si_signo=SIGURG, si_code=SI_TKILL, si_pid=11041, si_uid=1001} ---
11041 tgkill(11041, 11044, SIGURG)      = 0
11044 --- SIGURG {si_signo=SIGURG, si_code=SI_TKILL, si_pid=11041, si_uid=1001} ---
11043 tgkill(11041, 11046, SIGURG)      = 0
11046 --- SIGURG {si_signo=SIGURG, si_code=SI_TKILL, si_pid=11041, si_uid=1001} ---
11043 tgkill(11041, 11044, SIGURG)      = 0
11044 --- SIGURG {si_signo=SIGURG, si_code=SI_TKILL, si_pid=11041, si_uid=1001} ---
11043 tgkill(11041, 11044, SIGURG)      = 0
11044 --- SIGURG {si_signo=SIGURG, si_code=SI_TKILL, si_pid=11041, si_uid=1001} ---
11043 tgkill(11041, 11044, SIGURG)      = 0
11044 --- SIGURG {si_signo=SIGURG, si_code=SI_TKILL, si_pid=11041, si_uid=1001} ---
11042 tgkill(11041, 11044, SIGURG)      = 0
11044 --- SIGURG {si_signo=SIGURG, si_code=SI_TKILL, si_pid=11041, si_uid=1001} ---
11042 tgkill(11041, 11043, SIGURG)      = 0
11043 --- SIGURG {si_signo=SIGURG, si_code=SI_TKILL, si_pid=11041, si_uid=1001} ---
11042 tgkill(11041, 11041, SIGURG)      = 0
11041 --- SIGURG {si_signo=SIGURG, si_code=SI_TKILL, si_pid=11041, si_uid=1001} ---
11046 tgkill(11041, 11043, SIGURG)      = 0
11043 --- SIGURG {si_signo=SIGURG, si_code=SI_TKILL, si_pid=11041, si_uid=1001} ---
11041 tgkill(11041, 11046, SIGURG)      = 0
11046 --- SIGURG {si_signo=SIGURG, si_code=SI_TKILL, si_pid=11041, si_uid=1001} ---
11044 tgkill(11041, 11046, SIGURG)      = 0
11046 --- SIGURG {si_signo=SIGURG, si_code=SI_TKILL, si_pid=11041, si_uid=1001} ---
11044 tgkill(11041, 11041, SIGURG)      = 0
11041 --- SIGURG {si_signo=SIGURG, si_code=SI_TKILL, si_pid=11041, si_uid=1001} ---
11044 tgkill(11041, 11046, SIGURG)      = 0
11046 --- SIGURG {si_signo=SIGURG, si_code=SI_TKILL, si_pid=11041, si_uid=1001} ---
11044 tgkill(11041, 11046, SIGURG)      = 0
11046 --- SIGURG {si_signo=SIGURG, si_code=SI_TKILL, si_pid=11041, si_uid=1001} ---
11042 tgkill(11041, 11046, SIGURG <unfinished ...>
11046 --- SIGURG {si_signo=SIGURG, si_code=SI_TKILL, si_pid=11041, si_uid=1001} ---
11042 <... tgkill resumed>)             = 0
11042 tgkill(11041, 11046, SIGURG <unfinished ...>
11046 --- SIGURG {si_signo=SIGURG, si_code=SI_TKILL, si_pid=11041, si_uid=1001} ---
11042 <... tgkill resumed>)             = 0
11046 tgkill(11041, 11043, SIGURG <unfinished ...>
11047 tgkill(11041, 11046, SIGURG <unfinished ...>
11046 <... tgkill resumed>)             = 0
11043 --- SIGURG {si_signo=SIGURG, si_code=SI_TKILL, si_pid=11041, si_uid=1001} ---
11047 <... tgkill resumed>)             = 0
11046 --- SIGURG {si_signo=SIGURG, si_code=SI_TKILL, si_pid=11041, si_uid=1001} ---
11043 tgkill(11041, 11047, SIGURG)      = 0
11047 --- SIGURG {si_signo=SIGURG, si_code=SI_TKILL, si_pid=11041, si_uid=1001} ---
11043 tgkill(11041, 11041, SIGURG)      = 0
11041 --- SIGURG {si_signo=SIGURG, si_code=SI_TKILL, si_pid=11041, si_uid=1001} ---
11043 tgkill(11041, 11046, SIGURG)      = 0
11046 --- SIGURG {si_signo=SIGURG, si_code=SI_TKILL, si_pid=11041, si_uid=1001} ---
11043 tgkill(11041, 11041, SIGURG)      = 0
11041 --- SIGURG {si_signo=SIGURG, si_code=SI_TKILL, si_pid=11041, si_uid=1001} ---
11043 tgkill(11041, 11041, SIGURG)      = 0
11041 --- SIGURG {si_signo=SIGURG, si_code=SI_TKILL, si_pid=11041, si_uid=1001} ---
11042 tgkill(11041, 11041, SIGURG)      = 0
11041 --- SIGURG {si_signo=SIGURG, si_code=SI_TKILL, si_pid=11041, si_uid=1001} ---
11042 tgkill(11041, 11043, SIGURG <unfinished ...>
11043 --- SIGURG {si_signo=SIGURG, si_code=SI_TKILL, si_pid=11041, si_uid=1001} ---
11042 <... tgkill resumed>)             = 0
11042 tgkill(11041, 11043, SIGURG <unfinished ...>
11043 --- SIGURG {si_signo=SIGURG, si_code=SI_TKILL, si_pid=11041, si_uid=1001} ---
11042 <... tgkill resumed>)             = 0
11047 tgkill(11041, 11043, SIGURG)      = 0
11043 --- SIGURG {si_signo=SIGURG, si_code=SI_TKILL, si_pid=11041, si_uid=1001} ---
11041 tgkill(11041, 11046, SIGURG <unfinished ...>
11046 --- SIGURG {si_signo=SIGURG, si_code=SI_TKILL, si_pid=11041, si_uid=1001} ---
11041 <... tgkill resumed>)             = 0
11041 tgkill(11041, 11047, SIGURG <unfinished ...>
11042 tgkill(11041, 11041, SIGURG <unfinished ...>
11041 <... tgkill resumed>)             = 0
11047 --- SIGURG {si_signo=SIGURG, si_code=SI_TKILL, si_pid=11041, si_uid=1001} ---
11042 <... tgkill resumed>)             = 0
11041 --- SIGURG {si_signo=SIGURG, si_code=SI_TKILL, si_pid=11041, si_uid=1001} ---
11041 tgkill(11041, 11046, SIGURG)      = 0
11046 --- SIGURG {si_signo=SIGURG, si_code=SI_TKILL, si_pid=11041, si_uid=1001} ---
11041 tgkill(11041, 11046, SIGURG)      = 0
11046 --- SIGURG {si_signo=SIGURG, si_code=SI_TKILL, si_pid=11041, si_uid=1001} ---
11041 tgkill(11041, 11043, SIGURG <unfinished ...>
11043 --- SIGURG {si_signo=SIGURG, si_code=SI_TKILL, si_pid=11041, si_uid=1001} ---
11041 <... tgkill resumed>)             = 0
11046 tgkill(11041, 11043, SIGURG)      = 0
11043 --- SIGURG {si_signo=SIGURG, si_code=SI_TKILL, si_pid=11041, si_uid=1001} ---
11046 tgkill(11041, 11047, SIGURG)      = 0
11047 --- SIGURG {si_signo=SIGURG, si_code=SI_TKILL, si_pid=11041, si_uid=1001} ---
11046 tgkill(11041, 11047, SIGURG)      = 0
11047 --- SIGURG {si_signo=SIGURG, si_code=SI_TKILL, si_pid=11041, si_uid=1001} ---
11046 tgkill(11041, 11047, SIGURG)      = 0
11047 --- SIGURG {si_signo=SIGURG, si_code=SI_TKILL, si_pid=11041, si_uid=1001} ---
11046 tgkill(11041, 11047, SIGURG)      = 0
11047 --- SIGURG {si_signo=SIGURG, si_code=SI_TKILL, si_pid=11041, si_uid=1001} ---
11042 tgkill(11041, 11047, SIGURG)      = 0
11047 --- SIGURG {si_signo=SIGURG, si_code=SI_TKILL, si_pid=11041, si_uid=1001} ---
11042 tgkill(11041, 11046, SIGURG)      = 0
11046 --- SIGURG {si_signo=SIGURG, si_code=SI_TKILL, si_pid=11041, si_uid=1001} ---
11042 tgkill(11041, 11041, SIGURG)      = 0
11041 --- SIGURG {si_signo=SIGURG, si_code=SI_TKILL, si_pid=11041, si_uid=1001} ---
11042 tgkill(11041, 11044, SIGURG <unfinished ...>
11044 --- SIGURG {si_signo=SIGURG, si_code=SI_TKILL, si_pid=11041, si_uid=1001} ---
11042 <... tgkill resumed>)             = 0
11042 tgkill(11041, 11044, SIGURG)      = 0
11044 --- SIGURG {si_signo=SIGURG, si_code=SI_TKILL, si_pid=11041, si_uid=1001} ---
11043 tgkill(11041, 11041, SIGURG)      = 0
11041 --- SIGURG {si_signo=SIGURG, si_code=SI_TKILL, si_pid=11041, si_uid=1001} ---
11041 tgkill(11041, 11046, SIGURG <unfinished ...>
11046 --- SIGURG {si_signo=SIGURG, si_code=SI_TKILL, si_pid=11041, si_uid=1001} ---
11041 <... tgkill resumed>)             = 0
11042 tgkill(11041, 11044, SIGURG)      = 0
11044 --- SIGURG {si_signo=SIGURG, si_code=SI_TKILL, si_pid=11041, si_uid=1001} ---
11042 tgkill(11041, 11043, SIGURG <unfinished ...>
11043 --- SIGURG {si_signo=SIGURG, si_code=SI_TKILL, si_pid=11041, si_uid=1001} ---
11042 <... tgkill resumed>)             = 0
11042 tgkill(11041, 11046, SIGURG <unfinished ...>
11046 --- SIGURG {si_signo=SIGURG, si_code=SI_TKILL, si_pid=11041, si_uid=1001} ---
11042 <... tgkill resumed>)             = 0
11044 tgkill(11041, 11043, SIGURG)      = 0
11043 --- SIGURG {si_signo=SIGURG, si_code=SI_TKILL, si_pid=11041, si_uid=1001} ---
11047 tgkill(11041, 11043, SIGURG)      = 0
11043 --- SIGURG {si_signo=SIGURG, si_code=SI_TKILL, si_pid=11041, si_uid=1001} ---
11047 tgkill(11041, 11044, SIGURG)      = 0
11044 --- SIGURG {si_signo=SIGURG, si_code=SI_TKILL, si_pid=11041, si_uid=1001} ---
11047 tgkill(11041, 11041, SIGURG)      = 0
11041 --- SIGURG {si_signo=SIGURG, si_code=SI_TKILL, si_pid=11041, si_uid=1001} ---
11042 tgkill(11041, 11041, SIGURG)      = 0
11041 --- SIGURG {si_signo=SIGURG, si_code=SI_TKILL, si_pid=11041, si_uid=1001} ---
11042 tgkill(11041, 11047, SIGURG)      = 0
11047 --- SIGURG {si_signo=SIGURG, si_code=SI_TKILL, si_pid=11041, si_uid=1001} ---
11042 tgkill(11041, 11041, SIGURG)      = 0
11041 --- SIGURG {si_signo=SIGURG, si_code=SI_TKILL, si_pid=11041, si_uid=1001} ---
11042 tgkill(11041, 11047, SIGURG)      = 0
11047 --- SIGURG {si_signo=SIGURG, si_code=SI_TKILL, si_pid=11041, si_uid=1001} ---
11042 tgkill(11041, 11041, SIGURG)      = 0
11041 --- SIGURG {si_signo=SIGURG, si_code=SI_TKILL, si_pid=11041, si_uid=1001} ---
11042 tgkill(11041, 11047, SIGURG)      = 0
11047 --- SIGURG {si_signo=SIGURG, si_code=SI_TKILL, si_pid=11041, si_uid=1001} ---
11042 tgkill(11041, 11046, SIGURG)      = 0
11046 --- SIGURG {si_signo=SIGURG, si_code=SI_TKILL, si_pid=11041, si_uid=1001} ---
11042 tgkill(11041, 11047, SIGURG <unfinished ...>
11047 --- SIGURG {si_signo=SIGURG, si_code=SI_TKILL, si_pid=11041, si_uid=1001} ---
11042 <... tgkill resumed>)             = 0
11047 tgkill(11041, 11046, SIGURG)      = 0
11046 --- SIGURG {si_signo=SIGURG, si_code=SI_TKILL, si_pid=11041, si_uid=1001} ---
11042 tgkill(11041, 11047, SIGURG)      = 0
11047 --- SIGURG {si_signo=SIGURG, si_code=SI_TKILL, si_pid=11041, si_uid=1001} ---
11042 tgkill(11041, 11043, SIGURG)      = 0
11043 --- SIGURG {si_signo=SIGURG, si_code=SI_TKILL, si_pid=11041, si_uid=1001} ---
11042 tgkill(11041, 11046, SIGURG)      = 0
11046 --- SIGURG {si_signo=SIGURG, si_code=SI_TKILL, si_pid=11041, si_uid=1001} ---
11043 tgkill(11041, 11041, SIGURG)      = 0
11041 --- SIGURG {si_signo=SIGURG, si_code=SI_TKILL, si_pid=11041, si_uid=1001} ---
11043 tgkill(11041, 11046, SIGURG)      = 0
11046 --- SIGURG {si_signo=SIGURG, si_code=SI_TKILL, si_pid=11041, si_uid=1001} ---
11043 tgkill(11041, 11047, SIGURG)      = 0
11047 --- SIGURG {si_signo=SIGURG, si_code=SI_TKILL, si_pid=11041, si_uid=1001} ---
11043 tgkill(11041, 11047, SIGURG)      = 0
11047 --- SIGURG {si_signo=SIGURG, si_code=SI_TKILL, si_pid=11041, si_uid=1001} ---
11043 tgkill(11041, 11047, SIGURG)      = 0
11047 --- SIGURG {si_signo=SIGURG, si_code=SI_TKILL, si_pid=11041, si_uid=1001} ---
11042 tgkill(11041, 11047, SIGURG)      = 0
11047 --- SIGURG {si_signo=SIGURG, si_code=SI_TKILL, si_pid=11041, si_uid=1001} ---
11042 tgkill(11041, 11043, SIGURG <unfinished ...>
11043 --- SIGURG {si_signo=SIGURG, si_code=SI_TKILL, si_pid=11041, si_uid=1001} ---
11042 <... tgkill resumed>)             = 0
11042 tgkill(11041, 11043, SIGURG)      = 0
11043 --- SIGURG {si_signo=SIGURG, si_code=SI_TKILL, si_pid=11041, si_uid=1001} ---
11042 tgkill(11041, 11047, SIGURG)      = 0
11047 --- SIGURG {si_signo=SIGURG, si_code=SI_TKILL, si_pid=11041, si_uid=1001} ---
11042 tgkill(11041, 11043, SIGURG <unfinished ...>
11043 --- SIGURG {si_signo=SIGURG, si_code=SI_TKILL, si_pid=11041, si_uid=1001} ---
11042 <... tgkill resumed>)             = 0
11042 tgkill(11041, 11047, SIGURG)      = 0
11047 --- SIGURG {si_signo=SIGURG, si_code=SI_TKILL, si_pid=11041, si_uid=1001} ---
11042 tgkill(11041, 11043, SIGURG)      = 0
11043 --- SIGURG {si_signo=SIGURG, si_code=SI_TKILL, si_pid=11041, si_uid=1001} ---
11046 tgkill(11041, 11047, SIGURG <unfinished ...>
11047 --- SIGURG {si_signo=SIGURG, si_code=SI_TKILL, si_pid=11041, si_uid=1001} ---
11046 <... tgkill resumed>)             = 0
11042 tgkill(11041, 11047, SIGURG)      = 0
11047 --- SIGURG {si_signo=SIGURG, si_code=SI_TKILL, si_pid=11041, si_uid=1001} ---
11042 tgkill(11041, 11046, SIGURG)      = 0
11046 --- SIGURG {si_signo=SIGURG, si_code=SI_TKILL, si_pid=11041, si_uid=1001} ---
11042 tgkill(11041, 11041, SIGURG)      = 0
11041 --- SIGURG {si_signo=SIGURG, si_code=SI_TKILL, si_pid=11041, si_uid=1001} ---
11041 tgkill(11041, 11043, SIGURG)      = 0
11043 --- SIGURG {si_signo=SIGURG, si_code=SI_TKILL, si_pid=11041, si_uid=1001} ---
11043 tgkill(11041, 11047, SIGURG)      = 0
11047 --- SIGURG {si_signo=SIGURG, si_code=SI_TKILL, si_pid=11041, si_uid=1001} ---
11043 tgkill(11041, 11047, SIGURG)      = 0
11047 --- SIGURG {si_signo=SIGURG, si_code=SI_TKILL, si_pid=11041, si_uid=1001} ---
11043 tgkill(11041, 11047, SIGURG)      = 0
11047 --- SIGURG {si_signo=SIGURG, si_code=SI_TKILL, si_pid=11041, si_uid=1001} ---
11042 tgkill(11041, 11047, SIGURG)      = 0
11047 --- SIGURG {si_signo=SIGURG, si_code=SI_TKILL, si_pid=11041, si_uid=1001} ---
11042 tgkill(11041, 11043, SIGURG)      = 0
11043 --- SIGURG {si_signo=SIGURG, si_code=SI_TKILL, si_pid=11041, si_uid=1001} ---
11042 tgkill(11041, 11046, SIGURG)      = 0
11046 --- SIGURG {si_signo=SIGURG, si_code=SI_TKILL, si_pid=11041, si_uid=1001} ---
11042 tgkill(11041, 11047, SIGURG <unfinished ...>
11047 --- SIGURG {si_signo=SIGURG, si_code=SI_TKILL, si_pid=11041, si_uid=1001} ---
11042 <... tgkill resumed>)             = 0
11042 tgkill(11041, 11041, SIGURG)      = 0
11041 --- SIGURG {si_signo=SIGURG, si_code=SI_TKILL, si_pid=11041, si_uid=1001} ---
11042 tgkill(11041, 11043, SIGURG <unfinished ...>
11043 --- SIGURG {si_signo=SIGURG, si_code=SI_TKILL, si_pid=11041, si_uid=1001} ---
11042 <... tgkill resumed>)             = 0
11042 tgkill(11041, 11047, SIGURG)      = 0
11042 tgkill(11041, 11041, SIGURG)      = 0
11042 tgkill(11041, 11043, SIGURG)      = 0
11043 --- SIGURG {si_signo=SIGURG, si_code=SI_TKILL, si_pid=11041, si_uid=1001} ---
11041 --- SIGURG {si_signo=SIGURG, si_code=SI_TKILL, si_pid=11041, si_uid=1001} ---
11047 --- SIGURG {si_signo=SIGURG, si_code=SI_TKILL, si_pid=11041, si_uid=1001} ---
11043 tgkill(11041, 11047, SIGURG)      = 0
11047 --- SIGURG {si_signo=SIGURG, si_code=SI_TKILL, si_pid=11041, si_uid=1001} ---
11043 tgkill(11041, 11041, SIGURG)      = 0
11041 --- SIGURG {si_signo=SIGURG, si_code=SI_TKILL, si_pid=11041, si_uid=1001} ---
11046 tgkill(11041, 11047, SIGURG)      = 0
11047 --- SIGURG {si_signo=SIGURG, si_code=SI_TKILL, si_pid=11041, si_uid=1001} ---
11046 tgkill(11041, 11043, SIGURG <unfinished ...>
11047 tgkill(11041, 11041, SIGURG <unfinished ...>
11046 <... tgkill resumed>)             = 0
11043 --- SIGURG {si_signo=SIGURG, si_code=SI_TKILL, si_pid=11041, si_uid=1001} ---
11047 <... tgkill resumed>)             = 0
11041 --- SIGURG {si_signo=SIGURG, si_code=SI_TKILL, si_pid=11041, si_uid=1001} ---
11042 tgkill(11041, 11043, SIGURG <unfinished ...>
11043 --- SIGURG {si_signo=SIGURG, si_code=SI_TKILL, si_pid=11041, si_uid=1001} ---
11042 <... tgkill resumed>)             = 0
11042 tgkill(11041, 11046, SIGURG)      = 0
11046 --- SIGURG {si_signo=SIGURG, si_code=SI_TKILL, si_pid=11041, si_uid=1001} ---
11042 tgkill(11041, 11041, SIGURG)      = 0
11041 --- SIGURG {si_signo=SIGURG, si_code=SI_TKILL, si_pid=11041, si_uid=1001} ---
11042 tgkill(11041, 11046, SIGURG)      = 0
11046 --- SIGURG {si_signo=SIGURG, si_code=SI_TKILL, si_pid=11041, si_uid=1001} ---
11042 tgkill(11041, 11047, SIGURG <unfinished ...>
11047 --- SIGURG {si_signo=SIGURG, si_code=SI_TKILL, si_pid=11041, si_uid=1001} ---
11042 <... tgkill resumed>)             = 0
11042 tgkill(11041, 11043, SIGURG)      = 0
11043 --- SIGURG {si_signo=SIGURG, si_code=SI_TKILL, si_pid=11041, si_uid=1001} ---
11042 tgkill(11041, 11046, SIGURG)      = 0
11046 --- SIGURG {si_signo=SIGURG, si_code=SI_TKILL, si_pid=11041, si_uid=1001} ---
11042 tgkill(11041, 11047, SIGURG <unfinished ...>
11047 --- SIGURG {si_signo=SIGURG, si_code=SI_TKILL, si_pid=11041, si_uid=1001} ---
11042 <... tgkill resumed>)             = 0
11042 tgkill(11041, 11041, SIGURG)      = 0
11041 --- SIGURG {si_signo=SIGURG, si_code=SI_TKILL, si_pid=11041, si_uid=1001} ---
11042 tgkill(11041, 11046, SIGURG)      = 0
11046 --- SIGURG {si_signo=SIGURG, si_code=SI_TKILL, si_pid=11041, si_uid=1001} ---
11042 tgkill(11041, 11043, SIGURG)      = 0
11043 --- SIGURG {si_signo=SIGURG, si_code=SI_TKILL, si_pid=11041, si_uid=1001} ---
11042 tgkill(11041, 11046, SIGURG <unfinished ...>
11046 --- SIGURG {si_signo=SIGURG, si_code=SI_TKILL, si_pid=11041, si_uid=1001} ---
11042 <... tgkill resumed>)             = 0
11042 tgkill(11041, 11047, SIGURG <unfinished ...>
11047 --- SIGURG {si_signo=SIGURG, si_code=SI_TKILL, si_pid=11041, si_uid=1001} ---
11042 <... tgkill resumed>)             = 0
11042 tgkill(11041, 11041, SIGURG)      = 0
11041 --- SIGURG {si_signo=SIGURG, si_code=SI_TKILL, si_pid=11041, si_uid=1001} ---
11042 tgkill(11041, 11046, SIGURG <unfinished ...>
11046 --- SIGURG {si_signo=SIGURG, si_code=SI_TKILL, si_pid=11041, si_uid=1001} ---
11042 <... tgkill resumed>)             = 0
11042 tgkill(11041, 11043, SIGURG)      = 0
11043 --- SIGURG {si_signo=SIGURG, si_code=SI_TKILL, si_pid=11041, si_uid=1001} ---
11047 tgkill(11041, 11046, SIGURG)      = 0
11046 --- SIGURG {si_signo=SIGURG, si_code=SI_TKILL, si_pid=11041, si_uid=1001} ---
11047 tgkill(11041, 11041, SIGURG)      = 0
11047 tgkill(11041, 11043, SIGURG)      = 0
11043 --- SIGURG {si_signo=SIGURG, si_code=SI_TKILL, si_pid=11041, si_uid=1001} ---
11041 --- SIGURG {si_signo=SIGURG, si_code=SI_TKILL, si_pid=11041, si_uid=1001} ---
11043 tgkill(11041, 11046, SIGURG)      = 0
11046 --- SIGURG {si_signo=SIGURG, si_code=SI_TKILL, si_pid=11041, si_uid=1001} ---
11043 tgkill(11041, 11047, SIGURG)      = 0
11047 --- SIGURG {si_signo=SIGURG, si_code=SI_TKILL, si_pid=11041, si_uid=1001} ---
11043 tgkill(11041, 11041, SIGURG)      = 0
11041 --- SIGURG {si_signo=SIGURG, si_code=SI_TKILL, si_pid=11041, si_uid=1001} ---
11043 tgkill(11041, 11046, SIGURG)      = 0
11046 --- SIGURG {si_signo=SIGURG, si_code=SI_TKILL, si_pid=11041, si_uid=1001} ---
11043 tgkill(11041, 11047, SIGURG)      = 0
11047 --- SIGURG {si_signo=SIGURG, si_code=SI_TKILL, si_pid=11041, si_uid=1001} ---
11043 tgkill(11041, 11041, SIGURG)      = 0
11041 --- SIGURG {si_signo=SIGURG, si_code=SI_TKILL, si_pid=11041, si_uid=1001} ---
11043 tgkill(11041, 11046, SIGURG)      = 0
11046 --- SIGURG {si_signo=SIGURG, si_code=SI_TKILL, si_pid=11041, si_uid=1001} ---
11043 tgkill(11041, 11047, SIGURG)      = 0
11047 --- SIGURG {si_signo=SIGURG, si_code=SI_TKILL, si_pid=11041, si_uid=1001} ---
11043 tgkill(11041, 11041, SIGURG)      = 0
11041 --- SIGURG {si_signo=SIGURG, si_code=SI_TKILL, si_pid=11041, si_uid=1001} ---
11043 tgkill(11041, 11046, SIGURG)      = 0
11046 --- SIGURG {si_signo=SIGURG, si_code=SI_TKILL, si_pid=11041, si_uid=1001} ---
11043 tgkill(11041, 11047, SIGURG)      = 0
11047 --- SIGURG {si_signo=SIGURG, si_code=SI_TKILL, si_pid=11041, si_uid=1001} ---
11042 tgkill(11041, 11041, SIGURG)      = 0
11041 --- SIGURG {si_signo=SIGURG, si_code=SI_TKILL, si_pid=11041, si_uid=1001} ---
11042 tgkill(11041, 11046, SIGURG)      = 0
11046 --- SIGURG {si_signo=SIGURG, si_code=SI_TKILL, si_pid=11041, si_uid=1001} ---
11042 tgkill(11041, 11047, SIGURG <unfinished ...>
11047 --- SIGURG {si_signo=SIGURG, si_code=SI_TKILL, si_pid=11041, si_uid=1001} ---
11042 <... tgkill resumed>)             = 0
11042 tgkill(11041, 11043, SIGURG <unfinished ...>
11043 --- SIGURG {si_signo=SIGURG, si_code=SI_TKILL, si_pid=11041, si_uid=1001} ---
11042 <... tgkill resumed>)             = 0
11042 tgkill(11041, 11046, SIGURG)      = 0
11046 --- SIGURG {si_signo=SIGURG, si_code=SI_TKILL, si_pid=11041, si_uid=1001} ---
11042 tgkill(11041, 11047, SIGURG <unfinished ...>
11047 --- SIGURG {si_signo=SIGURG, si_code=SI_TKILL, si_pid=11041, si_uid=1001} ---
11042 <... tgkill resumed>)             = 0
11042 tgkill(11041, 11041, SIGURG)      = 0
11041 --- SIGURG {si_signo=SIGURG, si_code=SI_TKILL, si_pid=11041, si_uid=1001} ---
11042 tgkill(11041, 11041, SIGURG)      = 0
11041 --- SIGURG {si_signo=SIGURG, si_code=SI_TKILL, si_pid=11041, si_uid=1001} ---
11042 tgkill(11041, 11043, SIGURG)      = 0
11043 --- SIGURG {si_signo=SIGURG, si_code=SI_TKILL, si_pid=11041, si_uid=1001} ---
11042 tgkill(11041, 11044, SIGURG)      = 0
11044 --- SIGURG {si_signo=SIGURG, si_code=SI_TKILL, si_pid=11041, si_uid=1001} ---
11042 tgkill(11041, 11047, SIGURG <unfinished ...>
11047 --- SIGURG {si_signo=SIGURG, si_code=SI_TKILL, si_pid=11041, si_uid=1001} ---
11042 <... tgkill resumed>)             = 0
11042 tgkill(11041, 11041, SIGURG)      = 0
11041 --- SIGURG {si_signo=SIGURG, si_code=SI_TKILL, si_pid=11041, si_uid=1001} ---
11042 tgkill(11041, 11043, SIGURG)      = 0
11043 --- SIGURG {si_signo=SIGURG, si_code=SI_TKILL, si_pid=11041, si_uid=1001} ---
11042 tgkill(11041, 11044, SIGURG)      = 0
11044 --- SIGURG {si_signo=SIGURG, si_code=SI_TKILL, si_pid=11041, si_uid=1001} ---
11042 tgkill(11041, 11047, SIGURG <unfinished ...>
11047 --- SIGURG {si_signo=SIGURG, si_code=SI_TKILL, si_pid=11041, si_uid=1001} ---
11042 <... tgkill resumed>)             = 0
11042 tgkill(11041, 11043, SIGURG <unfinished ...>
11043 --- SIGURG {si_signo=SIGURG, si_code=SI_TKILL, si_pid=11041, si_uid=1001} ---
11042 <... tgkill resumed>)             = 0
11042 tgkill(11041, 11047, SIGURG)      = 0
11047 --- SIGURG {si_signo=SIGURG, si_code=SI_TKILL, si_pid=11041, si_uid=1001} ---
11043 tgkill(11041, 11044, SIGURG)      = 0
11044 --- SIGURG {si_signo=SIGURG, si_code=SI_TKILL, si_pid=11041, si_uid=1001} ---
11041 tgkill(11041, 11043, SIGURG <unfinished ...>
11043 --- SIGURG {si_signo=SIGURG, si_code=SI_TKILL, si_pid=11041, si_uid=1001} ---
11041 <... tgkill resumed>)             = 0
11041 tgkill(11041, 11044, SIGURG)      = 0
11044 --- SIGURG {si_signo=SIGURG, si_code=SI_TKILL, si_pid=11041, si_uid=1001} ---
11042 tgkill(11041, 11043, SIGURG)      = 0
11043 --- SIGURG {si_signo=SIGURG, si_code=SI_TKILL, si_pid=11041, si_uid=1001} ---
11042 tgkill(11041, 11041, SIGURG)      = 0
11041 --- SIGURG {si_signo=SIGURG, si_code=SI_TKILL, si_pid=11041, si_uid=1001} ---
11042 tgkill(11041, 11044, SIGURG)      = 0
11044 --- SIGURG {si_signo=SIGURG, si_code=SI_TKILL, si_pid=11041, si_uid=1001} ---
11042 tgkill(11041, 11041, SIGURG)      = 0
11041 --- SIGURG {si_signo=SIGURG, si_code=SI_TKILL, si_pid=11041, si_uid=1001} ---
11042 tgkill(11041, 11047, SIGURG)      = 0
11047 --- SIGURG {si_signo=SIGURG, si_code=SI_TKILL, si_pid=11041, si_uid=1001} ---
11042 tgkill(11041, 11043, SIGURG <unfinished ...>
11043 --- SIGURG {si_signo=SIGURG, si_code=SI_TKILL, si_pid=11041, si_uid=1001} ---
11042 <... tgkill resumed>)             = 0
11042 tgkill(11041, 11044, SIGURG)      = 0
11044 --- SIGURG {si_signo=SIGURG, si_code=SI_TKILL, si_pid=11041, si_uid=1001} ---
11042 tgkill(11041, 11041, SIGURG)      = 0
11041 --- SIGURG {si_signo=SIGURG, si_code=SI_TKILL, si_pid=11041, si_uid=1001} ---
11042 tgkill(11041, 11041, SIGURG)      = 0
11041 --- SIGURG {si_signo=SIGURG, si_code=SI_TKILL, si_pid=11041, si_uid=1001} ---
11042 tgkill(11041, 11047, SIGURG)      = 0
11047 --- SIGURG {si_signo=SIGURG, si_code=SI_TKILL, si_pid=11041, si_uid=1001} ---
11042 tgkill(11041, 11043, SIGURG <unfinished ...>
11043 --- SIGURG {si_signo=SIGURG, si_code=SI_TKILL, si_pid=11041, si_uid=1001} ---
11042 <... tgkill resumed>)             = 0
11042 tgkill(11041, 11044, SIGURG)      = 0
11044 --- SIGURG {si_signo=SIGURG, si_code=SI_TKILL, si_pid=11041, si_uid=1001} ---
11042 tgkill(11041, 11041, SIGURG)      = 0
11041 --- SIGURG {si_signo=SIGURG, si_code=SI_TKILL, si_pid=11041, si_uid=1001} ---
11042 tgkill(11041, 11041, SIGURG)      = 0
11041 --- SIGURG {si_signo=SIGURG, si_code=SI_TKILL, si_pid=11041, si_uid=1001} ---
11042 tgkill(11041, 11043, SIGURG <unfinished ...>
11043 --- SIGURG {si_signo=SIGURG, si_code=SI_TKILL, si_pid=11041, si_uid=1001} ---
11042 <... tgkill resumed>)             = 0
11042 tgkill(11041, 11044, SIGURG <unfinished ...>
11044 --- SIGURG {si_signo=SIGURG, si_code=SI_TKILL, si_pid=11041, si_uid=1001} ---
11042 <... tgkill resumed>)             = 0
11042 tgkill(11041, 11041, SIGURG)      = 0
11041 --- SIGURG {si_signo=SIGURG, si_code=SI_TKILL, si_pid=11041, si_uid=1001} ---
11042 tgkill(11041, 11047, SIGURG)      = 0
11047 --- SIGURG {si_signo=SIGURG, si_code=SI_TKILL, si_pid=11041, si_uid=1001} ---
11042 tgkill(11041, 11044, SIGURG <unfinished ...>
11044 --- SIGURG {si_signo=SIGURG, si_code=SI_TKILL, si_pid=11041, si_uid=1001} ---
11042 <... tgkill resumed>)             = 0
11042 tgkill(11041, 11041, SIGURG)      = 0
11041 --- SIGURG {si_signo=SIGURG, si_code=SI_TKILL, si_pid=11041, si_uid=1001} ---
11042 tgkill(11041, 11043, SIGURG <unfinished ...>
11043 --- SIGURG {si_signo=SIGURG, si_code=SI_TKILL, si_pid=11041, si_uid=1001} ---
11042 <... tgkill resumed>)             = 0
11042 tgkill(11041, 11041, SIGURG)      = 0
11041 --- SIGURG {si_signo=SIGURG, si_code=SI_TKILL, si_pid=11041, si_uid=1001} ---
11042 tgkill(11041, 11047, SIGURG <unfinished ...>
11047 --- SIGURG {si_signo=SIGURG, si_code=SI_TKILL, si_pid=11041, si_uid=1001} ---
11042 <... tgkill resumed>)             = 0
11042 tgkill(11041, 11044, SIGURG <unfinished ...>
11044 --- SIGURG {si_signo=SIGURG, si_code=SI_TKILL, si_pid=11041, si_uid=1001} ---
11042 <... tgkill resumed>)             = 0
11042 tgkill(11041, 11043, SIGURG)      = 0
11043 --- SIGURG {si_signo=SIGURG, si_code=SI_TKILL, si_pid=11041, si_uid=1001} ---
11044 tgkill(11041, 11041, SIGURG)      = 0
11041 --- SIGURG {si_signo=SIGURG, si_code=SI_TKILL, si_pid=11041, si_uid=1001} ---
11044 tgkill(11041, 11047, SIGURG)      = 0
11047 --- SIGURG {si_signo=SIGURG, si_code=SI_TKILL, si_pid=11041, si_uid=1001} ---
11044 tgkill(11041, 11043, SIGURG)      = 0
11043 --- SIGURG {si_signo=SIGURG, si_code=SI_TKILL, si_pid=11041, si_uid=1001} ---
11047 tgkill(11041, 11044, SIGURG)      = 0
11044 --- SIGURG {si_signo=SIGURG, si_code=SI_TKILL, si_pid=11041, si_uid=1001} ---
11047 tgkill(11041, 11041, SIGURG)      = 0
11041 --- SIGURG {si_signo=SIGURG, si_code=SI_TKILL, si_pid=11041, si_uid=1001} ---
11047 tgkill(11041, 11043, SIGURG)      = 0
11043 --- SIGURG {si_signo=SIGURG, si_code=SI_TKILL, si_pid=11041, si_uid=1001} ---
11043 tgkill(11041, 11044, SIGURG)      = 0
11044 --- SIGURG {si_signo=SIGURG, si_code=SI_TKILL, si_pid=11041, si_uid=1001} ---
11043 tgkill(11041, 11041, SIGURG)      = 0
11041 --- SIGURG {si_signo=SIGURG, si_code=SI_TKILL, si_pid=11041, si_uid=1001} ---
11043 tgkill(11041, 11047, SIGURG)      = 0
11047 --- SIGURG {si_signo=SIGURG, si_code=SI_TKILL, si_pid=11041, si_uid=1001} ---
11043 tgkill(11041, 11044, SIGURG)      = 0
11044 --- SIGURG {si_signo=SIGURG, si_code=SI_TKILL, si_pid=11041, si_uid=1001} ---
11043 tgkill(11041, 11041, SIGURG)      = 0
11041 --- SIGURG {si_signo=SIGURG, si_code=SI_TKILL, si_pid=11041, si_uid=1001} ---
11043 tgkill(11041, 11047, SIGURG)      = 0
11047 --- SIGURG {si_signo=SIGURG, si_code=SI_TKILL, si_pid=11041, si_uid=1001} ---
11042 tgkill(11041, 11044, SIGURG)      = 0
11044 --- SIGURG {si_signo=SIGURG, si_code=SI_TKILL, si_pid=11041, si_uid=1001} ---
11042 tgkill(11041, 11047, SIGURG <unfinished ...>
11047 --- SIGURG {si_signo=SIGURG, si_code=SI_TKILL, si_pid=11041, si_uid=1001} ---
11042 <... tgkill resumed>)             = 0
11042 tgkill(11041, 11041, SIGURG)      = 0
11041 --- SIGURG {si_signo=SIGURG, si_code=SI_TKILL, si_pid=11041, si_uid=1001} ---
11042 tgkill(11041, 11043, SIGURG)      = 0
11043 --- SIGURG {si_signo=SIGURG, si_code=SI_TKILL, si_pid=11041, si_uid=1001} ---
11042 tgkill(11041, 11047, SIGURG)      = 0
11047 --- SIGURG {si_signo=SIGURG, si_code=SI_TKILL, si_pid=11041, si_uid=1001} ---
11042 tgkill(11041, 11047, SIGURG)      = 0
11047 --- SIGURG {si_signo=SIGURG, si_code=SI_TKILL, si_pid=11041, si_uid=1001} ---
11042 tgkill(11041, 11046, SIGURG <unfinished ...>
11046 --- SIGURG {si_signo=SIGURG, si_code=SI_TKILL, si_pid=11041, si_uid=1001} ---
11042 <... tgkill resumed>)             = 0
11042 tgkill(11041, 11044, SIGURG)      = 0
11044 --- SIGURG {si_signo=SIGURG, si_code=SI_TKILL, si_pid=11041, si_uid=1001} ---
11042 tgkill(11041, 11041, SIGURG)      = 0
11041 --- SIGURG {si_signo=SIGURG, si_code=SI_TKILL, si_pid=11041, si_uid=1001} ---
11042 tgkill(11041, 11047, SIGURG)      = 0
11047 --- SIGURG {si_signo=SIGURG, si_code=SI_TKILL, si_pid=11041, si_uid=1001} ---
11042 tgkill(11041, 11046, SIGURG)      = 0
11046 --- SIGURG {si_signo=SIGURG, si_code=SI_TKILL, si_pid=11041, si_uid=1001} ---
11042 tgkill(11041, 11041, SIGURG)      = 0
11041 --- SIGURG {si_signo=SIGURG, si_code=SI_TKILL, si_pid=11041, si_uid=1001} ---
11042 tgkill(11041, 11047, SIGURG)      = 0
11047 --- SIGURG {si_signo=SIGURG, si_code=SI_TKILL, si_pid=11041, si_uid=1001} ---
11042 tgkill(11041, 11041, SIGURG)      = 0
11041 --- SIGURG {si_signo=SIGURG, si_code=SI_TKILL, si_pid=11041, si_uid=1001} ---
11042 tgkill(11041, 11046, SIGURG <unfinished ...>
11046 --- SIGURG {si_signo=SIGURG, si_code=SI_TKILL, si_pid=11041, si_uid=1001} ---
11042 <... tgkill resumed>)             = 0
11042 tgkill(11041, 11044, SIGURG)      = 0
11044 --- SIGURG {si_signo=SIGURG, si_code=SI_TKILL, si_pid=11041, si_uid=1001} ---
11042 tgkill(11041, 11047, SIGURG)      = 0
11047 --- SIGURG {si_signo=SIGURG, si_code=SI_TKILL, si_pid=11041, si_uid=1001} ---
11042 tgkill(11041, 11041, SIGURG)      = 0
11041 --- SIGURG {si_signo=SIGURG, si_code=SI_TKILL, si_pid=11041, si_uid=1001} ---
11042 tgkill(11041, 11046, SIGURG <unfinished ...>
11046 --- SIGURG {si_signo=SIGURG, si_code=SI_TKILL, si_pid=11041, si_uid=1001} ---
11042 <... tgkill resumed>)             = 0
11042 tgkill(11041, 11044, SIGURG <unfinished ...>
11044 --- SIGURG {si_signo=SIGURG, si_code=SI_TKILL, si_pid=11041, si_uid=1001} ---
11042 <... tgkill resumed>)             = 0
11042 tgkill(11041, 11047, SIGURG)      = 0
11047 --- SIGURG {si_signo=SIGURG, si_code=SI_TKILL, si_pid=11041, si_uid=1001} ---
11042 tgkill(11041, 11041, SIGURG)      = 0
11041 --- SIGURG {si_signo=SIGURG, si_code=SI_TKILL, si_pid=11041, si_uid=1001} ---
11042 tgkill(11041, 11046, SIGURG)      = 0
11046 --- SIGURG {si_signo=SIGURG, si_code=SI_TKILL, si_pid=11041, si_uid=1001} ---
11042 tgkill(11041, 11041, SIGURG)      = 0
11041 --- SIGURG {si_signo=SIGURG, si_code=SI_TKILL, si_pid=11041, si_uid=1001} ---
11042 tgkill(11041, 11047, SIGURG <unfinished ...>
11046 tgkill(11041, 11044, SIGURG <unfinished ...>
11042 <... tgkill resumed>)             = 0
11047 --- SIGURG {si_signo=SIGURG, si_code=SI_TKILL, si_pid=11041, si_uid=1001} ---
11046 <... tgkill resumed>)             = 0
11044 --- SIGURG {si_signo=SIGURG, si_code=SI_TKILL, si_pid=11041, si_uid=1001} ---
11046 tgkill(11041, 11041, SIGURG)      = 0
11041 --- SIGURG {si_signo=SIGURG, si_code=SI_TKILL, si_pid=11041, si_uid=1001} ---
11046 tgkill(11041, 11047, SIGURG)      = 0
11047 --- SIGURG {si_signo=SIGURG, si_code=SI_TKILL, si_pid=11041, si_uid=1001} ---
11044 tgkill(11041, 11041, SIGURG)      = 0
11041 --- SIGURG {si_signo=SIGURG, si_code=SI_TKILL, si_pid=11041, si_uid=1001} ---
11044 tgkill(11041, 11041, SIGURG)      = 0
11041 --- SIGURG {si_signo=SIGURG, si_code=SI_TKILL, si_pid=11041, si_uid=1001} ---
11044 tgkill(11041, 11041, SIGURG)      = 0
11041 --- SIGURG {si_signo=SIGURG, si_code=SI_TKILL, si_pid=11041, si_uid=1001} ---
11044 tgkill(11041, 11041, SIGURG)      = 0
11041 --- SIGURG {si_signo=SIGURG, si_code=SI_TKILL, si_pid=11041, si_uid=1001} ---
11044 tgkill(11041, 11046, SIGURG)      = 0
11046 --- SIGURG {si_signo=SIGURG, si_code=SI_TKILL, si_pid=11041, si_uid=1001} ---
11042 tgkill(11041, 11044, SIGURG <unfinished ...>
11044 --- SIGURG {si_signo=SIGURG, si_code=SI_TKILL, si_pid=11041, si_uid=1001} ---
11042 <... tgkill resumed>)             = 0
11042 tgkill(11041, 11041, SIGURG)      = 0
11041 --- SIGURG {si_signo=SIGURG, si_code=SI_TKILL, si_pid=11041, si_uid=1001} ---
11042 tgkill(11041, 11046, SIGURG <unfinished ...>
11046 --- SIGURG {si_signo=SIGURG, si_code=SI_TKILL, si_pid=11041, si_uid=1001} ---
11042 <... tgkill resumed>)             = 0
11042 tgkill(11041, 11044, SIGURG <unfinished ...>
11044 --- SIGURG {si_signo=SIGURG, si_code=SI_TKILL, si_pid=11041, si_uid=1001} ---
11042 <... tgkill resumed>)             = 0
11042 tgkill(11041, 11047, SIGURG)      = 0
11047 --- SIGURG {si_signo=SIGURG, si_code=SI_TKILL, si_pid=11041, si_uid=1001} ---
11042 tgkill(11041, 11046, SIGURG <unfinished ...>
11046 --- SIGURG {si_signo=SIGURG, si_code=SI_TKILL, si_pid=11041, si_uid=1001} ---
11042 <... tgkill resumed>)             = 0
11042 tgkill(11041, 11044, SIGURG <unfinished ...>
11044 --- SIGURG {si_signo=SIGURG, si_code=SI_TKILL, si_pid=11041, si_uid=1001} ---
11042 <... tgkill resumed>)             = 0
11042 tgkill(11041, 11041, SIGURG)      = 0
11041 --- SIGURG {si_signo=SIGURG, si_code=SI_TKILL, si_pid=11041, si_uid=1001} ---
11042 tgkill(11041, 11044, SIGURG <unfinished ...>
11044 --- SIGURG {si_signo=SIGURG, si_code=SI_TKILL, si_pid=11041, si_uid=1001} ---
11042 <... tgkill resumed>)             = 0
11042 tgkill(11041, 11047, SIGURG)      = 0
11047 --- SIGURG {si_signo=SIGURG, si_code=SI_TKILL, si_pid=11041, si_uid=1001} ---
11042 tgkill(11041, 11046, SIGURG <unfinished ...>
11046 --- SIGURG {si_signo=SIGURG, si_code=SI_TKILL, si_pid=11041, si_uid=1001} ---
11042 <... tgkill resumed>)             = 0
11042 tgkill(11041, 11044, SIGURG <unfinished ...>
11044 --- SIGURG {si_signo=SIGURG, si_code=SI_TKILL, si_pid=11041, si_uid=1001} ---
11042 <... tgkill resumed>)             = 0
11042 tgkill(11041, 11041, SIGURG)      = 0
11041 --- SIGURG {si_signo=SIGURG, si_code=SI_TKILL, si_pid=11041, si_uid=1001} ---
11042 tgkill(11041, 11044, SIGURG <unfinished ...>
11044 --- SIGURG {si_signo=SIGURG, si_code=SI_TKILL, si_pid=11041, si_uid=1001} ---
11042 <... tgkill resumed>)             = 0
11042 tgkill(11041, 11047, SIGURG)      = 0
11047 --- SIGURG {si_signo=SIGURG, si_code=SI_TKILL, si_pid=11041, si_uid=1001} ---
11042 tgkill(11041, 11046, SIGURG <unfinished ...>
11046 --- SIGURG {si_signo=SIGURG, si_code=SI_TKILL, si_pid=11041, si_uid=1001} ---
11042 <... tgkill resumed>)             = 0
11042 tgkill(11041, 11044, SIGURG <unfinished ...>
11044 --- SIGURG {si_signo=SIGURG, si_code=SI_TKILL, si_pid=11041, si_uid=1001} ---
11042 <... tgkill resumed>)             = 0
11042 tgkill(11041, 11041, SIGURG)      = 0
11041 --- SIGURG {si_signo=SIGURG, si_code=SI_TKILL, si_pid=11041, si_uid=1001} ---
11042 tgkill(11041, 11046, SIGURG <unfinished ...>
11046 --- SIGURG {si_signo=SIGURG, si_code=SI_TKILL, si_pid=11041, si_uid=1001} ---
11042 <... tgkill resumed>)             = 0
11042 tgkill(11041, 11044, SIGURG <unfinished ...>
11044 --- SIGURG {si_signo=SIGURG, si_code=SI_TKILL, si_pid=11041, si_uid=1001} ---
11042 <... tgkill resumed>)             = 0
11042 tgkill(11041, 11044, SIGURG <unfinished ...>
11044 --- SIGURG {si_signo=SIGURG, si_code=SI_TKILL, si_pid=11041, si_uid=1001} ---
11042 <... tgkill resumed>)             = 0
11042 tgkill(11041, 11041, SIGURG)      = 0
11041 --- SIGURG {si_signo=SIGURG, si_code=SI_TKILL, si_pid=11041, si_uid=1001} ---
11042 tgkill(11041, 11047, SIGURG)      = 0
11047 --- SIGURG {si_signo=SIGURG, si_code=SI_TKILL, si_pid=11041, si_uid=1001} ---
11042 tgkill(11041, 11046, SIGURG <unfinished ...>
11046 --- SIGURG {si_signo=SIGURG, si_code=SI_TKILL, si_pid=11041, si_uid=1001} ---
11042 <... tgkill resumed>)             = 0
11046 tgkill(11041, 11041, SIGURG)      = 0
11041 --- SIGURG {si_signo=SIGURG, si_code=SI_TKILL, si_pid=11041, si_uid=1001} ---
11044 tgkill(11041, 11047, SIGURG)      = 0
11047 --- SIGURG {si_signo=SIGURG, si_code=SI_TKILL, si_pid=11041, si_uid=1001} ---
11044 tgkill(11041, 11047, SIGURG)      = 0
11047 --- SIGURG {si_signo=SIGURG, si_code=SI_TKILL, si_pid=11041, si_uid=1001} ---
11042 tgkill(11041, 11047, SIGURG <unfinished ...>
11047 --- SIGURG {si_signo=SIGURG, si_code=SI_TKILL, si_pid=11041, si_uid=1001} ---
11042 <... tgkill resumed>)             = 0
11042 tgkill(11041, 11044, SIGURG)      = 0
11044 --- SIGURG {si_signo=SIGURG, si_code=SI_TKILL, si_pid=11041, si_uid=1001} ---
11042 tgkill(11041, 11047, SIGURG <unfinished ...>
11047 --- SIGURG {si_signo=SIGURG, si_code=SI_TKILL, si_pid=11041, si_uid=1001} ---
11042 <... tgkill resumed>)             = 0
11042 tgkill(11041, 11047, SIGURG <unfinished ...>
11047 --- SIGURG {si_signo=SIGURG, si_code=SI_TKILL, si_pid=11041, si_uid=1001} ---
11042 <... tgkill resumed>)             = 0
11042 tgkill(11041, 11047, SIGURG)      = 0
11047 --- SIGURG {si_signo=SIGURG, si_code=SI_TKILL, si_pid=11041, si_uid=1001} ---
11042 tgkill(11041, 11044, SIGURG)      = 0
11044 --- SIGURG {si_signo=SIGURG, si_code=SI_TKILL, si_pid=11041, si_uid=1001} ---
11042 tgkill(11041, 11046, SIGURG)      = 0
11046 --- SIGURG {si_signo=SIGURG, si_code=SI_TKILL, si_pid=11041, si_uid=1001} ---
11042 tgkill(11041, 11047, SIGURG)      = 0
11047 --- SIGURG {si_signo=SIGURG, si_code=SI_TKILL, si_pid=11041, si_uid=1001} ---
11042 tgkill(11041, 11047, SIGURG <unfinished ...>
11047 --- SIGURG {si_signo=SIGURG, si_code=SI_TKILL, si_pid=11041, si_uid=1001} ---
11042 <... tgkill resumed>)             = 0
11042 tgkill(11041, 11047, SIGURG <unfinished ...>
11047 --- SIGURG {si_signo=SIGURG, si_code=SI_TKILL, si_pid=11041, si_uid=1001} ---
11042 <... tgkill resumed>)             = 0
11042 tgkill(11041, 11047, SIGURG <unfinished ...>
11047 --- SIGURG {si_signo=SIGURG, si_code=SI_TKILL, si_pid=11041, si_uid=1001} ---
11042 <... tgkill resumed>)             = 0
11042 tgkill(11041, 11047, SIGURG)      = 0
11047 --- SIGURG {si_signo=SIGURG, si_code=SI_TKILL, si_pid=11041, si_uid=1001} ---
11042 tgkill(11041, 11047, SIGURG <unfinished ...>
11047 --- SIGURG {si_signo=SIGURG, si_code=SI_TKILL, si_pid=11041, si_uid=1001} ---
11042 <... tgkill resumed>)             = 0
11042 tgkill(11041, 11047, SIGURG)      = 0
11047 --- SIGURG {si_signo=SIGURG, si_code=SI_TKILL, si_pid=11041, si_uid=1001} ---
11042 tgkill(11041, 11044, SIGURG <unfinished ...>
11044 --- SIGURG {si_signo=SIGURG, si_code=SI_TKILL, si_pid=11041, si_uid=1001} ---
11042 <... tgkill resumed>)             = 0
11042 tgkill(11041, 11044, SIGURG)      = 0
11044 --- SIGURG {si_signo=SIGURG, si_code=SI_TKILL, si_pid=11041, si_uid=1001} ---
11046 exit_group(0)                     = ?
11047 +++ exited with 0 +++
11046 +++ exited with 0 +++
11045 +++ exited with 0 +++
11043 +++ exited with 0 +++
11042 +++ exited with 0 +++
11044 +++ exited with 0 +++
11041 +++ exited with 0 +++
10724 <... waitid resumed>{si_signo=SIGCHLD, si_code=CLD_EXITED, si_pid=11041, si_uid=1001, si_status=0, si_utime=0, si_stime=0}, WEXITED, {ru_utime={tv_sec=4, tv_usec=239605}, ru_stime={tv_sec=0, tv_usec=255036}, ...}) = 0
10724 --- SIGCHLD {si_signo=SIGCHLD, si_code=CLD_EXITED, si_pid=11041, si_uid=1001, si_status=0, si_utime=423 /* 4.23 s */, si_stime=25 /* 0.25 s */} ---
10661 clone(child_stack=NULL, flags=CLONE_VM|CLONE_PIDFD|CLONE_VFORK|SIGCHLD <unfinished ...>
11049 execve("/opt/hostedtoolcache/go/1.27.1/arm64/pkg/tool/linux_arm64/asm", ["/opt/hostedtoolcache/go/1.27.1/a"..., "-p", "runtime", "-trimpath", "/tmp/go-build1442187625/b009=>", "-I", "/tmp/go-build1442187625/b009/", "-I", "/opt/hostedtoolcache/go/1.27.1/a"..., "-D", "GOOS_linux", "-D", "GOARCH_arm64", "-std", "-o", "/tmp/go-build1442187625/b009/asm"..., "/opt/hostedtoolcache/go/1.27.1/a"...], 0x4a56488e4488 /* 140 vars */ <unfinished ...>
10661 <... clone resumed>, parent_tid=[12]) = 11049
11049 <... execve resumed>)             = 0
10661 waitid(P_PIDFD, 12,  <unfinished ...>
11049 clone(child_stack=0x12b89491a000, flags=CLONE_VM|CLONE_FS|CLONE_FILES|CLONE_SIGHAND|CLONE_THREAD|CLONE_SYSVSEM) = 11050
11049 clone(child_stack=0x12b894952000, flags=CLONE_VM|CLONE_FS|CLONE_FILES|CLONE_SIGHAND|CLONE_THREAD|CLONE_SYSVSEM) = 11051
11050 tgkill(11049, 11049, SIGURG)      = 0
11049 clone(child_stack=0x12b89494e000, flags=CLONE_VM|CLONE_FS|CLONE_FILES|CLONE_SIGHAND|CLONE_THREAD|CLONE_SYSVSEM) = 11052
11051 clone(child_stack=0x12b894998000, flags=CLONE_VM|CLONE_FS|CLONE_FILES|CLONE_SIGHAND|CLONE_THREAD|CLONE_SYSVSEM <unfinished ...>
11049 --- SIGURG {si_signo=SIGURG, si_code=SI_TKILL, si_pid=11049, si_uid=1001} ---
11051 <... clone resumed>)              = 11053
11050 tgkill(11049, 11052, SIGURG)      = 0
11052 --- SIGURG {si_signo=SIGURG, si_code=SI_TKILL, si_pid=11049, si_uid=1001} ---
11049 exit_group(0)                     = ?
11052 +++ exited with 0 +++
11053 +++ exited with 0 +++
11051 +++ exited with 0 +++
11050 +++ exited with 0 +++
11049 +++ exited with 0 +++
10724 --- SIGCHLD {si_signo=SIGCHLD, si_code=CLD_EXITED, si_pid=11049, si_uid=1001, si_status=0, si_utime=0, si_stime=0} ---
10661 <... waitid resumed>{si_signo=SIGCHLD, si_code=CLD_EXITED, si_pid=11049, si_uid=1001, si_status=0, si_utime=0, si_stime=0}, WEXITED, {ru_utime={tv_sec=0, tv_usec=0}, ru_stime={tv_sec=0, tv_usec=6659}, ...}) = 0
10724 clone(child_stack=NULL, flags=CLONE_VM|CLONE_PIDFD|CLONE_VFORK|SIGCHLD <unfinished ...>
11054 execve("/opt/hostedtoolcache/go/1.27.1/arm64/pkg/tool/linux_arm64/asm", ["/opt/hostedtoolcache/go/1.27.1/a"..., "-p", "runtime", "-trimpath", "/tmp/go-build1442187625/b009=>", "-I", "/tmp/go-build1442187625/b009/", "-I", "/opt/hostedtoolcache/go/1.27.1/a"..., "-D", "GOOS_linux", "-D", "GOARCH_arm64", "-std", "-o", "/tmp/go-build1442187625/b009/asm"..., "/opt/hostedtoolcache/go/1.27.1/a"...], 0x4a56489f0d88 /* 140 vars */ <unfinished ...>
10724 <... clone resumed>, parent_tid=[12]) = 11054
11054 <... execve resumed>)             = 0
10724 waitid(P_PIDFD, 12,  <unfinished ...>
11054 clone(child_stack=0x16c49537e000, flags=CLONE_VM|CLONE_FS|CLONE_FILES|CLONE_SIGHAND|CLONE_THREAD|CLONE_SYSVSEM) = 11055
11054 clone(child_stack=0x16c4953b6000, flags=CLONE_VM|CLONE_FS|CLONE_FILES|CLONE_SIGHAND|CLONE_THREAD|CLONE_SYSVSEM) = 11056
11054 clone(child_stack=0x16c4953b2000, flags=CLONE_VM|CLONE_FS|CLONE_FILES|CLONE_SIGHAND|CLONE_THREAD|CLONE_SYSVSEM) = 11057
11056 clone(child_stack=0x16c495418000, flags=CLONE_VM|CLONE_FS|CLONE_FILES|CLONE_SIGHAND|CLONE_THREAD|CLONE_SYSVSEM) = 11058
11054 exit_group(0)                     = ?
11057 +++ exited with 0 +++
11056 +++ exited with 0 +++
11055 +++ exited with 0 +++
11058 +++ exited with 0 +++
11054 +++ exited with 0 +++
10661 --- SIGCHLD {si_signo=SIGCHLD, si_code=CLD_EXITED, si_pid=11054, si_uid=1001, si_status=0, si_utime=0, si_stime=0} ---
10724 <... waitid resumed>{si_signo=SIGCHLD, si_code=CLD_EXITED, si_pid=11054, si_uid=1001, si_status=0, si_utime=0, si_stime=0}, WEXITED, {ru_utime={tv_sec=0, tv_usec=7227}, ru_stime={tv_sec=0, tv_usec=7227}, ...}) = 0
10661 clone(child_stack=NULL, flags=CLONE_VM|CLONE_PIDFD|CLONE_VFORK|SIGCHLD <unfinished ...>
11059 execve("/opt/hostedtoolcache/go/1.27.1/arm64/pkg/tool/linux_arm64/asm", ["/opt/hostedtoolcache/go/1.27.1/a"..., "-p", "runtime", "-trimpath", "/tmp/go-build1442187625/b009=>", "-I", "/tmp/go-build1442187625/b009/", "-I", "/opt/hostedtoolcache/go/1.27.1/a"..., "-D", "GOOS_linux", "-D", "GOARCH_arm64", "-std", "-o", "/tmp/go-build1442187625/b009/ato"..., "/opt/hostedtoolcache/go/1.27.1/a"...], 0x4a56488e4908 /* 140 vars */ <unfinished ...>
10661 <... clone resumed>, parent_tid=[12]) = 11059
11059 <... execve resumed>)             = 0
10661 waitid(P_PIDFD, 12,  <unfinished ...>
11059 clone(child_stack=0x1c2849b6000, flags=CLONE_VM|CLONE_FS|CLONE_FILES|CLONE_SIGHAND|CLONE_THREAD|CLONE_SYSVSEM) = 11060
11059 clone(child_stack=0x1c2849ee000, flags=CLONE_VM|CLONE_FS|CLONE_FILES|CLONE_SIGHAND|CLONE_THREAD|CLONE_SYSVSEM) = 11061
11059 clone(child_stack=0x1c2849ea000, flags=CLONE_VM|CLONE_FS|CLONE_FILES|CLONE_SIGHAND|CLONE_THREAD|CLONE_SYSVSEM) = 11062
11061 clone(child_stack=0x1c284a18000, flags=CLONE_VM|CLONE_FS|CLONE_FILES|CLONE_SIGHAND|CLONE_THREAD|CLONE_SYSVSEM) = 11063
11060 tgkill(11059, 11062, SIGURG)      = 0
11062 --- SIGURG {si_signo=SIGURG, si_code=SI_TKILL, si_pid=11059, si_uid=1001} ---
11059 exit_group(0)                     = ?
11063 +++ exited with 0 +++
11062 +++ exited with 0 +++
11061 +++ exited with 0 +++
11060 +++ exited with 0 +++
11059 +++ exited with 0 +++
10724 --- SIGCHLD {si_signo=SIGCHLD, si_code=CLD_EXITED, si_pid=11059, si_uid=1001, si_status=0, si_utime=0, si_stime=0} ---
10661 <... waitid resumed>{si_signo=SIGCHLD, si_code=CLD_EXITED, si_pid=11059, si_uid=1001, si_status=0, si_utime=0, si_stime=0}, WEXITED, {ru_utime={tv_sec=0, tv_usec=2724}, ru_stime={tv_sec=0, tv_usec=4086}, ...}) = 0
10724 clone(child_stack=NULL, flags=CLONE_VM|CLONE_PIDFD|CLONE_VFORK|SIGCHLD <unfinished ...>
11064 execve("/opt/hostedtoolcache/go/1.27.1/arm64/pkg/tool/linux_arm64/asm", ["/opt/hostedtoolcache/go/1.27.1/a"..., "-p", "runtime", "-trimpath", "/tmp/go-build1442187625/b009=>", "-I", "/tmp/go-build1442187625/b009/", "-I", "/opt/hostedtoolcache/go/1.27.1/a"..., "-D", "GOOS_linux", "-D", "GOARCH_arm64", "-std", "-o", "/tmp/go-build1442187625/b009/int"..., "/opt/hostedtoolcache/go/1.27.1/a"...], 0x4a56489f1208 /* 140 vars */ <unfinished ...>
10724 <... clone resumed>, parent_tid=[12]) = 11064
11064 <... execve resumed>)             = 0
10724 waitid(P_PIDFD, 12,  <unfinished ...>
11064 clone(child_stack=0x2f765dfee000, flags=CLONE_VM|CLONE_FS|CLONE_FILES|CLONE_SIGHAND|CLONE_THREAD|CLONE_SYSVSEM) = 11065
11064 clone(child_stack=0x2f765e026000, flags=CLONE_VM|CLONE_FS|CLONE_FILES|CLONE_SIGHAND|CLONE_THREAD|CLONE_SYSVSEM) = 11066
11064 clone(child_stack=0x2f765e022000, flags=CLONE_VM|CLONE_FS|CLONE_FILES|CLONE_SIGHAND|CLONE_THREAD|CLONE_SYSVSEM) = 11067
11066 clone(child_stack=0x2f765e098000, flags=CLONE_VM|CLONE_FS|CLONE_FILES|CLONE_SIGHAND|CLONE_THREAD|CLONE_SYSVSEM) = 11068
11065 tgkill(11064, 11067, SIGURG)      = 0
11067 --- SIGURG {si_signo=SIGURG, si_code=SI_TKILL, si_pid=11064, si_uid=1001} ---
11064 exit_group(0)                     = ?
11067 +++ exited with 0 +++
11068 +++ exited with 0 +++
11066 +++ exited with 0 +++
11065 +++ exited with 0 +++
11064 +++ exited with 0 +++
10724 <... waitid resumed>{si_signo=SIGCHLD, si_code=CLD_EXITED, si_pid=11064, si_uid=1001, si_status=0, si_utime=0, si_stime=0}, WEXITED, {ru_utime={tv_sec=0, tv_usec=3066}, ru_stime={tv_sec=0, tv_usec=4088}, ...}) = 0
10661 --- SIGCHLD {si_signo=SIGCHLD, si_code=CLD_EXITED, si_pid=11064, si_uid=1001, si_status=0, si_utime=0, si_stime=0} ---
10661 clone(child_stack=NULL, flags=CLONE_VM|CLONE_PIDFD|CLONE_VFORK|SIGCHLD <unfinished ...>
11069 execve("/opt/hostedtoolcache/go/1.27.1/arm64/pkg/tool/linux_arm64/asm", ["/opt/hostedtoolcache/go/1.27.1/a"..., "-p", "runtime", "-trimpath", "/tmp/go-build1442187625/b009=>", "-I", "/tmp/go-build1442187625/b009/", "-I", "/opt/hostedtoolcache/go/1.27.1/a"..., "-D", "GOOS_linux", "-D", "GOARCH_arm64", "-std", "-o", "/tmp/go-build1442187625/b009/mem"..., "/opt/hostedtoolcache/go/1.27.1/a"...], 0x4a56487e0d88 /* 140 vars */ <unfinished ...>
10661 <... clone resumed>, parent_tid=[12]) = 11069
11069 <... execve resumed>)             = 0
10661 waitid(P_PIDFD, 12,  <unfinished ...>
11069 clone(child_stack=0x42faf3948000, flags=CLONE_VM|CLONE_FS|CLONE_FILES|CLONE_SIGHAND|CLONE_THREAD|CLONE_SYSVSEM) = 11070
11069 clone(child_stack=0x42faf3980000, flags=CLONE_VM|CLONE_FS|CLONE_FILES|CLONE_SIGHAND|CLONE_THREAD|CLONE_SYSVSEM) = 11071
11069 clone(child_stack=0x42faf397c000, flags=CLONE_VM|CLONE_FS|CLONE_FILES|CLONE_SIGHAND|CLONE_THREAD|CLONE_SYSVSEM) = 11072
11071 clone(child_stack=0x42faf3a18000, flags=CLONE_VM|CLONE_FS|CLONE_FILES|CLONE_SIGHAND|CLONE_THREAD|CLONE_SYSVSEM) = 11073
11069 exit_group(0)                     = ?
11073 +++ exited with 0 +++
11072 +++ exited with 0 +++
11071 +++ exited with 0 +++
11070 +++ exited with 0 +++
11069 +++ exited with 0 +++
10724 --- SIGCHLD {si_signo=SIGCHLD, si_code=CLD_EXITED, si_pid=11069, si_uid=1001, si_status=0, si_utime=0, si_stime=0} ---
10661 <... waitid resumed>{si_signo=SIGCHLD, si_code=CLD_EXITED, si_pid=11069, si_uid=1001, si_status=0, si_utime=0, si_stime=0}, WEXITED, {ru_utime={tv_sec=0, tv_usec=0}, ru_stime={tv_sec=0, tv_usec=6787}, ...}) = 0
10724 clone(child_stack=NULL, flags=CLONE_VM|CLONE_PIDFD|CLONE_VFORK|SIGCHLD <unfinished ...>
11074 execve("/opt/hostedtoolcache/go/1.27.1/arm64/pkg/tool/linux_arm64/asm", ["/opt/hostedtoolcache/go/1.27.1/a"..., "-p", "runtime", "-trimpath", "/tmp/go-build1442187625/b009=>", "-I", "/tmp/go-build1442187625/b009/", "-I", "/opt/hostedtoolcache/go/1.27.1/a"..., "-D", "GOOS_linux", "-D", "GOARCH_arm64", "-std", "-o", "/tmp/go-build1442187625/b009/mem"..., "/opt/hostedtoolcache/go/1.27.1/a"...], 0x4a56489f1688 /* 140 vars */ <unfinished ...>
10724 <... clone resumed>, parent_tid=[12]) = 11074
11074 <... execve resumed>)             = 0
10724 waitid(P_PIDFD, 12,  <unfinished ...>
11074 clone(child_stack=0x474a54b04000, flags=CLONE_VM|CLONE_FS|CLONE_FILES|CLONE_SIGHAND|CLONE_THREAD|CLONE_SYSVSEM) = 11075
11074 clone(child_stack=0x474a54b3c000, flags=CLONE_VM|CLONE_FS|CLONE_FILES|CLONE_SIGHAND|CLONE_THREAD|CLONE_SYSVSEM) = 11076
11074 clone(child_stack=0x474a54b38000, flags=CLONE_VM|CLONE_FS|CLONE_FILES|CLONE_SIGHAND|CLONE_THREAD|CLONE_SYSVSEM) = 11077
11076 clone(child_stack=0x474a54b98000, flags=CLONE_VM|CLONE_FS|CLONE_FILES|CLONE_SIGHAND|CLONE_THREAD|CLONE_SYSVSEM) = 11078
11075 tgkill(11074, 11077, SIGURG)      = 0
11077 --- SIGURG {si_signo=SIGURG, si_code=SI_TKILL, si_pid=11074, si_uid=1001} ---
11074 exit_group(0)                     = ?
11077 +++ exited with 0 +++
11076 +++ exited with 0 +++
11075 +++ exited with 0 +++
11078 +++ exited with 0 +++
11074 +++ exited with 0 +++
10661 --- SIGCHLD {si_signo=SIGCHLD, si_code=CLD_EXITED, si_pid=11074, si_uid=1001, si_status=0, si_utime=0, si_stime=0} ---
10724 <... waitid resumed>{si_signo=SIGCHLD, si_code=CLD_EXITED, si_pid=11074, si_uid=1001, si_status=0, si_utime=0, si_stime=0}, WEXITED, {ru_utime={tv_sec=0, tv_usec=0}, ru_stime={tv_sec=0, tv_usec=6948}, ...}) = 0
10661 clone(child_stack=NULL, flags=CLONE_VM|CLONE_PIDFD|CLONE_VFORK|SIGCHLD <unfinished ...>
11079 execve("/opt/hostedtoolcache/go/1.27.1/arm64/pkg/tool/linux_arm64/asm", ["/opt/hostedtoolcache/go/1.27.1/a"..., "-p", "runtime", "-trimpath", "/tmp/go-build1442187625/b009=>", "-I", "/tmp/go-build1442187625/b009/", "-I", "/opt/hostedtoolcache/go/1.27.1/a"..., "-D", "GOOS_linux", "-D", "GOARCH_arm64", "-std", "-o", "/tmp/go-build1442187625/b009/pre"..., "/opt/hostedtoolcache/go/1.27.1/a"...], 0x4a56487e1b08 /* 140 vars */ <unfinished ...>
10661 <... clone resumed>, parent_tid=[12]) = 11079
11079 <... execve resumed>)             = 0
10661 waitid(P_PIDFD, 12,  <unfinished ...>
11079 clone(child_stack=0x66490b9f6000, flags=CLONE_VM|CLONE_FS|CLONE_FILES|CLONE_SIGHAND|CLONE_THREAD|CLONE_SYSVSEM) = 11080
11079 clone(child_stack=0x66490ba2e000, flags=CLONE_VM|CLONE_FS|CLONE_FILES|CLONE_SIGHAND|CLONE_THREAD|CLONE_SYSVSEM) = 11081
11080 tgkill(11079, 11079, SIGURG)      = 0
11079 clone(child_stack=0x66490ba2a000, flags=CLONE_VM|CLONE_FS|CLONE_FILES|CLONE_SIGHAND|CLONE_THREAD|CLONE_SYSVSEM) = 11082
11079 --- SIGURG {si_signo=SIGURG, si_code=SI_TKILL, si_pid=11079, si_uid=1001} ---
11081 clone(child_stack=0x66490ba98000, flags=CLONE_VM|CLONE_FS|CLONE_FILES|CLONE_SIGHAND|CLONE_THREAD|CLONE_SYSVSEM) = 11083
11080 tgkill(11079, 11082, SIGURG)      = 0
11082 --- SIGURG {si_signo=SIGURG, si_code=SI_TKILL, si_pid=11079, si_uid=1001} ---
11079 exit_group(0)                     = ?
11083 +++ exited with 0 +++
11082 +++ exited with 0 +++
11081 +++ exited with 0 +++
11080 +++ exited with 0 +++
11079 +++ exited with 0 +++
10663 --- SIGCHLD {si_signo=SIGCHLD, si_code=CLD_EXITED, si_pid=11079, si_uid=1001, si_status=0, si_utime=0, si_stime=0} ---
10661 <... waitid resumed>{si_signo=SIGCHLD, si_code=CLD_EXITED, si_pid=11079, si_uid=1001, si_status=0, si_utime=0, si_stime=0}, WEXITED, {ru_utime={tv_sec=0, tv_usec=2361}, ru_stime={tv_sec=0, tv_usec=7085}, ...}) = 0
10663 clone(child_stack=NULL, flags=CLONE_VM|CLONE_PIDFD|CLONE_VFORK|SIGCHLD <unfinished ...>
11084 execve("/opt/hostedtoolcache/go/1.27.1/arm64/pkg/tool/linux_arm64/asm", ["/opt/hostedtoolcache/go/1.27.1/a"..., "-p", "runtime", "-trimpath", "/tmp/go-build1442187625/b009=>", "-I", "/tmp/go-build1442187625/b009/", "-I", "/opt/hostedtoolcache/go/1.27.1/a"..., "-D", "GOOS_linux", "-D", "GOARCH_arm64", "-std", "-o", "/tmp/go-build1442187625/b009/rt0"..., "/opt/hostedtoolcache/go/1.27.1/a"...], 0x4a56489f1b08 /* 140 vars */ <unfinished ...>
10663 <... clone resumed>, parent_tid=[12]) = 11084
11084 <... execve resumed>)             = 0
10663 waitid(P_PIDFD, 12,  <unfinished ...>
11084 clone(child_stack=0x3a0319e02000, flags=CLONE_VM|CLONE_FS|CLONE_FILES|CLONE_SIGHAND|CLONE_THREAD|CLONE_SYSVSEM) = 11085
11084 clone(child_stack=0x3a0319e3a000, flags=CLONE_VM|CLONE_FS|CLONE_FILES|CLONE_SIGHAND|CLONE_THREAD|CLONE_SYSVSEM) = 11086
11084 clone(child_stack=0x3a0319e36000, flags=CLONE_VM|CLONE_FS|CLONE_FILES|CLONE_SIGHAND|CLONE_THREAD|CLONE_SYSVSEM) = 11087
11086 clone(child_stack=0x3a0319e98000, flags=CLONE_VM|CLONE_FS|CLONE_FILES|CLONE_SIGHAND|CLONE_THREAD|CLONE_SYSVSEM) = 11088
11084 exit_group(0)                     = ?
11088 +++ exited with 0 +++
11087 +++ exited with 0 +++
11086 +++ exited with 0 +++
11085 +++ exited with 0 +++
11084 +++ exited with 0 +++
10663 <... waitid resumed>{si_signo=SIGCHLD, si_code=CLD_EXITED, si_pid=11084, si_uid=1001, si_status=0, si_utime=0, si_stime=0}, WEXITED, {ru_utime={tv_sec=0, tv_usec=1511}, ru_stime={tv_sec=0, tv_usec=5291}, ...}) = 0
10661 --- SIGCHLD {si_signo=SIGCHLD, si_code=CLD_EXITED, si_pid=11084, si_uid=1001, si_status=0, si_utime=0, si_stime=0} ---
10661 clone(child_stack=NULL, flags=CLONE_VM|CLONE_PIDFD|CLONE_VFORK|SIGCHLD <unfinished ...>
11089 execve("/opt/hostedtoolcache/go/1.27.1/arm64/pkg/tool/linux_arm64/asm", ["/opt/hostedtoolcache/go/1.27.1/a"..., "-p", "runtime", "-trimpath", "/tmp/go-build1442187625/b009=>", "-I", "/tmp/go-build1442187625/b009/", "-I", "/opt/hostedtoolcache/go/1.27.1/a"..., "-D", "GOOS_linux", "-D", "GOARCH_arm64", "-std", "-o", "/tmp/go-build1442187625/b009/sec"..., "/opt/hostedtoolcache/go/1.27.1/a"...], 0x4a5648997208 /* 140 vars */ <unfinished ...>
10661 <... clone resumed>, parent_tid=[12]) = 11089
11089 <... execve resumed>)             = 0
10661 waitid(P_PIDFD, 12,  <unfinished ...>
11089 clone(child_stack=0x7abb4cff0000, flags=CLONE_VM|CLONE_FS|CLONE_FILES|CLONE_SIGHAND|CLONE_THREAD|CLONE_SYSVSEM) = 11090
11089 clone(child_stack=0x7abb4d028000, flags=CLONE_VM|CLONE_FS|CLONE_FILES|CLONE_SIGHAND|CLONE_THREAD|CLONE_SYSVSEM) = 11091
11089 clone(child_stack=0x7abb4d024000, flags=CLONE_VM|CLONE_FS|CLONE_FILES|CLONE_SIGHAND|CLONE_THREAD|CLONE_SYSVSEM) = 11092
11091 clone(child_stack=0x7abb4d098000, flags=CLONE_VM|CLONE_FS|CLONE_FILES|CLONE_SIGHAND|CLONE_THREAD|CLONE_SYSVSEM) = 11093
11090 tgkill(11089, 11092, SIGURG)      = 0
11092 --- SIGURG {si_signo=SIGURG, si_code=SI_TKILL, si_pid=11089, si_uid=1001} ---
11089 exit_group(0)                     = ?
11093 +++ exited with 0 +++
11092 +++ exited with 0 +++
11091 +++ exited with 0 +++
11090 +++ exited with 0 +++
11089 +++ exited with 0 +++
10663 --- SIGCHLD {si_signo=SIGCHLD, si_code=CLD_EXITED, si_pid=11089, si_uid=1001, si_status=0, si_utime=0, si_stime=0} ---
10661 <... waitid resumed>{si_signo=SIGCHLD, si_code=CLD_EXITED, si_pid=11089, si_uid=1001, si_status=0, si_utime=0, si_stime=0}, WEXITED, {ru_utime={tv_sec=0, tv_usec=5697}, ru_stime={tv_sec=0, tv_usec=3798}, ...}) = 0
10663 clone(child_stack=NULL, flags=CLONE_VM|CLONE_PIDFD|CLONE_VFORK|SIGCHLD <unfinished ...>
11094 execve("/opt/hostedtoolcache/go/1.27.1/arm64/pkg/tool/linux_arm64/asm", ["/opt/hostedtoolcache/go/1.27.1/a"..., "-p", "runtime", "-trimpath", "/tmp/go-build1442187625/b009=>", "-I", "/tmp/go-build1442187625/b009/", "-I", "/opt/hostedtoolcache/go/1.27.1/a"..., "-D", "GOOS_linux", "-D", "GOARCH_arm64", "-std", "-o", "/tmp/go-build1442187625/b009/sys"..., "/opt/hostedtoolcache/go/1.27.1/a"...], 0x4a5648940008 /* 140 vars */ <unfinished ...>
10663 <... clone resumed>, parent_tid=[12]) = 11094
11094 <... execve resumed>)             = 0
10663 waitid(P_PIDFD, 12,  <unfinished ...>
11094 clone(child_stack=0x7091df2b8000, flags=CLONE_VM|CLONE_FS|CLONE_FILES|CLONE_SIGHAND|CLONE_THREAD|CLONE_SYSVSEM) = 11095
11094 clone(child_stack=0x7091df2f0000, flags=CLONE_VM|CLONE_FS|CLONE_FILES|CLONE_SIGHAND|CLONE_THREAD|CLONE_SYSVSEM) = 11096
11094 clone(child_stack=0x7091df2ec000, flags=CLONE_VM|CLONE_FS|CLONE_FILES|CLONE_SIGHAND|CLONE_THREAD|CLONE_SYSVSEM) = 11097
11096 clone(child_stack=0x7091df320000, flags=CLONE_VM|CLONE_FS|CLONE_FILES|CLONE_SIGHAND|CLONE_THREAD|CLONE_SYSVSEM) = 11098
11095 tgkill(11094, 11094, SIGURG)      = 0
11094 --- SIGURG {si_signo=SIGURG, si_code=SI_TKILL, si_pid=11094, si_uid=1001} ---
11094 exit_group(0)                     = ?
11098 +++ exited with 0 +++
11097 +++ exited with 0 +++
11096 +++ exited with 0 +++
11095 +++ exited with 0 +++
11094 +++ exited with 0 +++
10663 <... waitid resumed>{si_signo=SIGCHLD, si_code=CLD_EXITED, si_pid=11094, si_uid=1001, si_status=0, si_utime=0, si_stime=0}, WEXITED, {ru_utime={tv_sec=0, tv_usec=5185}, ru_stime={tv_sec=0, tv_usec=6049}, ...}) = 0
10661 --- SIGCHLD {si_signo=SIGCHLD, si_code=CLD_EXITED, si_pid=11094, si_uid=1001, si_status=0, si_utime=0, si_stime=0} ---
10661 clone(child_stack=NULL, flags=CLONE_VM|CLONE_PIDFD|CLONE_VFORK|SIGCHLD <unfinished ...>
11099 execve("/opt/hostedtoolcache/go/1.27.1/arm64/pkg/tool/linux_arm64/asm", ["/opt/hostedtoolcache/go/1.27.1/a"..., "-p", "runtime", "-trimpath", "/tmp/go-build1442187625/b009=>", "-I", "/tmp/go-build1442187625/b009/", "-I", "/opt/hostedtoolcache/go/1.27.1/a"..., "-D", "GOOS_linux", "-D", "GOARCH_arm64", "-std", "-o", "/tmp/go-build1442187625/b009/tls"..., "/opt/hostedtoolcache/go/1.27.1/a"...], 0x4a56487e8008 /* 140 vars */ <unfinished ...>
10661 <... clone resumed>, parent_tid=[12]) = 11099
11099 <... execve resumed>)             = 0
10661 waitid(P_PIDFD, 12,  <unfinished ...>
11099 clone(child_stack=0x22658c1ce000, flags=CLONE_VM|CLONE_FS|CLONE_FILES|CLONE_SIGHAND|CLONE_THREAD|CLONE_SYSVSEM) = 11100
11099 clone(child_stack=0x22658c208000, flags=CLONE_VM|CLONE_FS|CLONE_FILES|CLONE_SIGHAND|CLONE_THREAD|CLONE_SYSVSEM) = 11101
11100 tgkill(11099, 11099, SIGURG)      = 0
11099 clone(child_stack=0x22658c204000, flags=CLONE_VM|CLONE_FS|CLONE_FILES|CLONE_SIGHAND|CLONE_THREAD|CLONE_SYSVSEM) = 11102
11099 --- SIGURG {si_signo=SIGURG, si_code=SI_TKILL, si_pid=11099, si_uid=1001} ---
11101 clone(child_stack=0x22658c298000, flags=CLONE_VM|CLONE_FS|CLONE_FILES|CLONE_SIGHAND|CLONE_THREAD|CLONE_SYSVSEM) = 11103
11099 exit_group(0)                     = ?
11103 +++ exited with 0 +++
11102 +++ exited with 0 +++
11101 +++ exited with 0 +++
11100 +++ exited with 0 +++
11099 +++ exited with 0 +++
10663 --- SIGCHLD {si_signo=SIGCHLD, si_code=CLD_EXITED, si_pid=11099, si_uid=1001, si_status=0, si_utime=0, si_stime=0} ---
10661 <... waitid resumed>{si_signo=SIGCHLD, si_code=CLD_EXITED, si_pid=11099, si_uid=1001, si_status=0, si_utime=0, si_stime=0}, WEXITED, {ru_utime={tv_sec=0, tv_usec=3185}, ru_stime={tv_sec=0, tv_usec=6370}, ...}) = 0
10660 tgkill(10659, 10663, SIGURG)      = 0
10663 --- SIGURG {si_signo=SIGURG, si_code=SI_TKILL, si_pid=10659, si_uid=1001} ---
10660 tgkill(10659, 10663, SIGURG)      = 0
10663 --- SIGURG {si_signo=SIGURG, si_code=SI_TKILL, si_pid=10659, si_uid=1001} ---
10660 tgkill(10659, 10661, SIGURG)      = 0
10661 --- SIGURG {si_signo=SIGURG, si_code=SI_TKILL, si_pid=10659, si_uid=1001} ---
10661 tgkill(10659, 10724, SIGURG)      = 0
10724 --- SIGURG {si_signo=SIGURG, si_code=SI_TKILL, si_pid=10659, si_uid=1001} ---
10663 tgkill(10659, 10661, SIGURG)      = 0
10724 clone(child_stack=NULL, flags=CLONE_VM|CLONE_PIDFD|CLONE_VFORK|SIGCHLD <unfinished ...>
10661 --- SIGURG {si_signo=SIGURG, si_code=SI_TKILL, si_pid=10659, si_uid=1001} ---
10663 tgkill(10659, 10661, SIGURG)      = 0
10661 --- SIGURG {si_signo=SIGURG, si_code=SI_TKILL, si_pid=10659, si_uid=1001} ---
10663 tgkill(10659, 10724, SIGURG)      = 0
11104 execve("/opt/hostedtoolcache/go/1.27.1/arm64/pkg/tool/linux_arm64/compile", ["/opt/hostedtoolcache/go/1.27.1/a"..., "-o", "/tmp/go-build1442187625/b039/_pk"..., "-trimpath", "/tmp/go-build1442187625/b039=>", "-p", "iter", "-lang=go1.27", "-std", "-complete", "-buildid", "DgyyIOKHmH8ZE3UWz1ON/DgyyIOKHmH8"..., "-goversion", "go1.27.1", "-c=4", "-nolocalimports", "-importcfg", "/tmp/go-build1442187625/b039/imp"..., "-pack", "/opt/hostedtoolcache/go/1.27.1/a"...], 0x4a5648940488 /* 140 vars */ <unfinished ...>
10724 <... clone resumed>, parent_tid=[14]) = 11104
10724 --- SIGURG {si_signo=SIGURG, si_code=SI_TKILL, si_pid=10659, si_uid=1001} ---
11104 <... execve resumed>)             = 0
10724 tgkill(10659, 10663, SIGURG)      = 0
10663 --- SIGURG {si_signo=SIGURG, si_code=SI_TKILL, si_pid=10659, si_uid=1001} ---
10724 tgkill(10659, 10663, SIGURG)      = 0
10724 tgkill(10659, 10664, SIGURG <unfinished ...>
10663 --- SIGURG {si_signo=SIGURG, si_code=SI_TKILL, si_pid=10659, si_uid=1001} ---
10724 <... tgkill resumed>)             = 0
10664 --- SIGURG {si_signo=SIGURG, si_code=SI_TKILL, si_pid=10659, si_uid=1001} ---
10661 waitid(P_PIDFD, 14,  <unfinished ...>
10662 clone(child_stack=NULL, flags=CLONE_VM|CLONE_PIDFD|CLONE_VFORK|SIGCHLD <unfinished ...>
11105 execve("/opt/hostedtoolcache/go/1.27.1/arm64/pkg/tool/linux_arm64/asm", ["/opt/hostedtoolcache/go/1.27.1/a"..., "-p", "internal/reflectlite", "-trimpath", "/tmp/go-build1442187625/b004=>", "-I", "/tmp/go-build1442187625/b004/", "-I", "/opt/hostedtoolcache/go/1.27.1/a"..., "-D", "GOOS_linux", "-D", "GOARCH_arm64", "-std", "-gensymabis", "-o", "/tmp/go-build1442187625/b004/sym"..., "/opt/hostedtoolcache/go/1.27.1/a"...], 0x4a5648940008 /* 140 vars */ <unfinished ...>
10662 <... clone resumed>, parent_tid=[13]) = 11105
11105 <... execve resumed>)             = 0
10664 clone(child_stack=NULL, flags=CLONE_VM|CLONE_PIDFD|CLONE_VFORK|SIGCHLD <unfinished ...>
10662 waitid(P_PIDFD, 13,  <unfinished ...>
11104 clone(child_stack=0xc12776dc000, flags=CLONE_VM|CLONE_FS|CLONE_FILES|CLONE_SIGHAND|CLONE_THREAD|CLONE_SYSVSEM) = 11107
11104 clone(child_stack=0xc1277718000, flags=CLONE_VM|CLONE_FS|CLONE_FILES|CLONE_SIGHAND|CLONE_THREAD|CLONE_SYSVSEM) = 11108
11107 tgkill(11104, 11104, SIGURG)      = 0
11104 clone(child_stack=0xc1277714000, flags=CLONE_VM|CLONE_FS|CLONE_FILES|CLONE_SIGHAND|CLONE_THREAD|CLONE_SYSVSEM) = 11109
11104 --- SIGURG {si_signo=SIGURG, si_code=SI_TKILL, si_pid=11104, si_uid=1001} ---
11106 execve("/opt/hostedtoolcache/go/1.27.1/arm64/pkg/tool/linux_arm64/compile", ["/opt/hostedtoolcache/go/1.27.1/a"..., "-o", "/tmp/go-build1442187625/b043/_pk"..., "-trimpath", "/tmp/go-build1442187625/b043=>", "-p", "sync", "-lang=go1.27", "-std", "-buildid", "tibdbErV-S0NeGN1bvWt/tibdbErV-S0"..., "-goversion", "go1.27.1", "-c=4", "-nolocalimports", "-importcfg", "/tmp/go-build1442187625/b043/imp"..., "-pack", "/opt/hostedtoolcache/go/1.27.1/a"..., "/opt/hostedtoolcache/go/1.27.1/a"..., "/opt/hostedtoolcache/go/1.27.1/a"..., "/opt/hostedtoolcache/go/1.27.1/a"..., "/opt/hostedtoolcache/go/1.27.1/a"..., "/opt/hostedtoolcache/go/1.27.1/a"..., "/opt/hostedtoolcache/go/1.27.1/a"..., "/opt/hostedtoolcache/go/1.27.1/a"..., "/opt/hostedtoolcache/go/1.27.1/a"..., "/opt/hostedtoolcache/go/1.27.1/a"..., "/opt/hostedtoolcache/go/1.27.1/a"...], 0x4a56487e8008 /* 140 vars */ <unfinished ...>
10664 <... clone resumed>, parent_tid=[7]) = 11106
11108 clone(child_stack=0xc1277738000, flags=CLONE_VM|CLONE_FS|CLONE_FILES|CLONE_SIGHAND|CLONE_THREAD|CLONE_SYSVSEM <unfinished ...>
11106 <... execve resumed>)             = 0
11108 <... clone resumed>)              = 11110
10664 waitid(P_PIDFD, 7,  <unfinished ...>
11105 clone(child_stack=0x7e5cdafa6000, flags=CLONE_VM|CLONE_FS|CLONE_FILES|CLONE_SIGHAND|CLONE_THREAD|CLONE_SYSVSEM) = 11111
11105 clone(child_stack=0x7e5cdafde000, flags=CLONE_VM|CLONE_FS|CLONE_FILES|CLONE_SIGHAND|CLONE_THREAD|CLONE_SYSVSEM) = 11112
11111 tgkill(11105, 11105, SIGURG)      = 0
11105 clone(child_stack=0x7e5cdafda000, flags=CLONE_VM|CLONE_FS|CLONE_FILES|CLONE_SIGHAND|CLONE_THREAD|CLONE_SYSVSEM <unfinished ...>
11112 clone(child_stack=0x7e5cdb018000, flags=CLONE_VM|CLONE_FS|CLONE_FILES|CLONE_SIGHAND|CLONE_THREAD|CLONE_SYSVSEM <unfinished ...>
11105 <... clone resumed>)              = 11113
11112 <... clone resumed>)              = 11114
11105 --- SIGURG {si_signo=SIGURG, si_code=SI_TKILL, si_pid=11105, si_uid=1001} ---
11106 clone(child_stack=0x49b916a82000, flags=CLONE_VM|CLONE_FS|CLONE_FILES|CLONE_SIGHAND|CLONE_THREAD|CLONE_SYSVSEM) = 11115
11106 clone(child_stack=0x49b916aba000, flags=CLONE_VM|CLONE_FS|CLONE_FILES|CLONE_SIGHAND|CLONE_THREAD|CLONE_SYSVSEM <unfinished ...>
11115 tgkill(11106, 11106, SIGURG)      = 0
11106 <... clone resumed>)              = 11116
11106 --- SIGURG {si_signo=SIGURG, si_code=SI_TKILL, si_pid=11106, si_uid=1001} ---
11115 tgkill(11106, 11106, SIGURG)      = 0
11106 clone(child_stack=0x49b916ab6000, flags=CLONE_VM|CLONE_FS|CLONE_FILES|CLONE_SIGHAND|CLONE_THREAD|CLONE_SYSVSEM) = 11117
11106 --- SIGURG {si_signo=SIGURG, si_code=SI_TKILL, si_pid=11106, si_uid=1001} ---
11116 clone(child_stack=0x49b916b18000, flags=CLONE_VM|CLONE_FS|CLONE_FILES|CLONE_SIGHAND|CLONE_THREAD|CLONE_SYSVSEM) = 11118
11118 clone(child_stack=0x49b916b14000, flags=CLONE_VM|CLONE_FS|CLONE_FILES|CLONE_SIGHAND|CLONE_THREAD|CLONE_SYSVSEM) = 11119
11105 exit_group(0)                     = ?
11114 +++ exited with 0 +++
11111 +++ exited with 0 +++
11113 +++ exited with 0 +++
11112 +++ exited with 0 +++
11105 +++ exited with 0 +++
10724 --- SIGCHLD {si_signo=SIGCHLD, si_code=CLD_EXITED, si_pid=11105, si_uid=1001, si_status=0, si_utime=0, si_stime=0} ---
10662 <... waitid resumed>{si_signo=SIGCHLD, si_code=CLD_EXITED, si_pid=11105, si_uid=1001, si_status=0, si_utime=0, si_stime=0}, WEXITED, {ru_utime={tv_sec=0, tv_usec=0}, ru_stime={tv_sec=0, tv_usec=6059}, ...}) = 0
11107 tgkill(11104, 11104, SIGURG)      = 0
11104 --- SIGURG {si_signo=SIGURG, si_code=SI_TKILL, si_pid=11104, si_uid=1001} ---
10724 clone(child_stack=NULL, flags=CLONE_VM|CLONE_PIDFD|CLONE_VFORK|SIGCHLD <unfinished ...>
11104 exit_group(0)                     = ?
11107 +++ exited with 0 +++
11109 +++ exited with 0 +++
11108 +++ exited with 0 +++
11110 +++ exited with 0 +++
11104 +++ exited with 0 +++
11120 execve("/opt/hostedtoolcache/go/1.27.1/arm64/pkg/tool/linux_arm64/compile", ["/opt/hostedtoolcache/go/1.27.1/a"..., "-o", "/tmp/go-build1442187625/b004/_pk"..., "-trimpath", "/tmp/go-build1442187625/b004=>", "-p", "internal/reflectlite", "-lang=go1.27", "-std", "-buildid", "kVUm_RCEslAPuimKqqBo/kVUm_RCEslA"..., "-goversion", "go1.27.1", "-symabis", "/tmp/go-build1442187625/b004/sym"..., "-c=4", "-nolocalimports", "-importcfg", "/tmp/go-build1442187625/b004/imp"..., "-pack", "-asmhdr", "/tmp/go-build1442187625/b004/go_"..., "/opt/hostedtoolcache/go/1.27.1/a"..., "/opt/hostedtoolcache/go/1.27.1/a"..., "/opt/hostedtoolcache/go/1.27.1/a"...], 0x4a5648816488 /* 140 vars */ <unfinished ...>
10661 <... waitid resumed>{si_signo=SIGCHLD, si_code=CLD_EXITED, si_pid=11104, si_uid=1001, si_status=0, si_utime=0, si_stime=0}, WEXITED, {ru_utime={tv_sec=0, tv_usec=4917}, ru_stime={tv_sec=0, tv_usec=10654}, ...}) = 0
10662 --- SIGCHLD {si_signo=SIGCHLD, si_code=CLD_EXITED, si_pid=11104, si_uid=1001, si_status=0, si_utime=0, si_stime=1 /* 0.01 s */} ---
11120 <... execve resumed>)             = 0
10724 <... clone resumed>, parent_tid=[15]) = 11120
10724 waitid(P_PIDFD, 15,  <unfinished ...>
11120 clone(child_stack=0x2b9700a0000, flags=CLONE_VM|CLONE_FS|CLONE_FILES|CLONE_SIGHAND|CLONE_THREAD|CLONE_SYSVSEM) = 11121
11120 clone(child_stack=0x2b9700d8000, flags=CLONE_VM|CLONE_FS|CLONE_FILES|CLONE_SIGHAND|CLONE_THREAD|CLONE_SYSVSEM) = 11122
11121 tgkill(11120, 11120, SIGURG)      = 0
11120 --- SIGURG {si_signo=SIGURG, si_code=SI_TKILL, si_pid=11120, si_uid=1001} ---
11120 clone(child_stack=0x2b9700d4000, flags=CLONE_VM|CLONE_FS|CLONE_FILES|CLONE_SIGHAND|CLONE_THREAD|CLONE_SYSVSEM) = 11123
11122 clone(child_stack=0x2b970118000, flags=CLONE_VM|CLONE_FS|CLONE_FILES|CLONE_SIGHAND|CLONE_THREAD|CLONE_SYSVSEM) = 11124
11124 clone(child_stack=0x2b970114000, flags=CLONE_VM|CLONE_FS|CLONE_FILES|CLONE_SIGHAND|CLONE_THREAD|CLONE_SYSVSEM) = 11125
10662 clone(child_stack=NULL, flags=CLONE_VM|CLONE_PIDFD|CLONE_VFORK|SIGCHLD <unfinished ...>
11126 execve("/opt/hostedtoolcache/go/1.27.1/arm64/pkg/tool/linux_arm64/compile", ["/opt/hostedtoolcache/go/1.27.1/a"..., "-o", "/tmp/go-build1442187625/b048/_pk"..., "-trimpath", "/tmp/go-build1442187625/b048=>", "-p", "slices", "-lang=go1.27", "-std", "-complete", "-buildid", "xv4P1bxveEn0ulXBTz8R/xv4P1bxveEn"..., "-goversion", "go1.27.1", "-c=4", "-nolocalimports", "-importcfg", "/tmp/go-build1442187625/b048/imp"..., "-pack", "/opt/hostedtoolcache/go/1.27.1/a"..., "/opt/hostedtoolcache/go/1.27.1/a"..., "/opt/hostedtoolcache/go/1.27.1/a"..., "/opt/hostedtoolcache/go/1.27.1/a"..., "/opt/hostedtoolcache/go/1.27.1/a"...], 0x4a5648941688 /* 140 vars */ <unfinished ...>
10662 <... clone resumed>, parent_tid=[14]) = 11126
11126 <... execve resumed>)             = 0
10662 waitid(P_PIDFD, 14,  <unfinished ...>
11115 tgkill(11106, 11106, SIGURG)      = 0
11106 --- SIGURG {si_signo=SIGURG, si_code=SI_TKILL, si_pid=11106, si_uid=1001} ---
11126 clone(child_stack=0x5faea2592000, flags=CLONE_VM|CLONE_FS|CLONE_FILES|CLONE_SIGHAND|CLONE_THREAD|CLONE_SYSVSEM) = 11127
11126 clone(child_stack=0x5faea25ca000, flags=CLONE_VM|CLONE_FS|CLONE_FILES|CLONE_SIGHAND|CLONE_THREAD|CLONE_SYSVSEM) = 11128
11127 tgkill(11126, 11126, SIGURG)      = 0
11126 clone(child_stack=0x5faea25c6000, flags=CLONE_VM|CLONE_FS|CLONE_FILES|CLONE_SIGHAND|CLONE_THREAD|CLONE_SYSVSEM) = 11129
11126 --- SIGURG {si_signo=SIGURG, si_code=SI_TKILL, si_pid=11126, si_uid=1001} ---
11128 clone(child_stack=0x5faea2618000, flags=CLONE_VM|CLONE_FS|CLONE_FILES|CLONE_SIGHAND|CLONE_THREAD|CLONE_SYSVSEM) = 11130
11127 clone(child_stack=0x5faea25e4000, flags=CLONE_VM|CLONE_FS|CLONE_FILES|CLONE_SIGHAND|CLONE_THREAD|CLONE_SYSVSEM) = 11131
11121 tgkill(11120, 11124, SIGURG <unfinished ...>
11124 --- SIGURG {si_signo=SIGURG, si_code=SI_TKILL, si_pid=11120, si_uid=1001} ---
11121 <... tgkill resumed>)             = 0
11115 tgkill(11106, 11106, SIGURG)      = 0
11106 --- SIGURG {si_signo=SIGURG, si_code=SI_TKILL, si_pid=11106, si_uid=1001} ---
11127 tgkill(11126, 11130, SIGURG <unfinished ...>
11130 --- SIGURG {si_signo=SIGURG, si_code=SI_TKILL, si_pid=11126, si_uid=1001} ---
11127 <... tgkill resumed>)             = 0
11121 tgkill(11120, 11124, SIGURG)      = 0
11124 --- SIGURG {si_signo=SIGURG, si_code=SI_TKILL, si_pid=11120, si_uid=1001} ---
11131 exit_group(0)                     = ?
11129 +++ exited with 0 +++
11130 +++ exited with 0 +++
11128 +++ exited with 0 +++
11127 +++ exited with 0 +++
11115 tgkill(11106, 11119, SIGURG)      = 0
11119 --- SIGURG {si_signo=SIGURG, si_code=SI_TKILL, si_pid=11106, si_uid=1001} ---
11131 +++ exited with 0 +++
11126 +++ exited with 0 +++
10662 <... waitid resumed>{si_signo=SIGCHLD, si_code=CLD_EXITED, si_pid=11126, si_uid=1001, si_status=0, si_utime=0, si_stime=0}, WEXITED, {ru_utime={tv_sec=0, tv_usec=12353}, ru_stime={tv_sec=0, tv_usec=14253}, ...}) = 0
10662 --- SIGCHLD {si_signo=SIGCHLD, si_code=CLD_EXITED, si_pid=11126, si_uid=1001, si_status=0, si_utime=1 /* 0.01 s */, si_stime=1 /* 0.01 s */} ---
11121 tgkill(11120, 11123, SIGURG <unfinished ...>
11115 tgkill(11106, 11116, SIGURG <unfinished ...>
11121 <... tgkill resumed>)             = 0
11115 <... tgkill resumed>)             = 0
11121 tgkill(11120, 11125, SIGURG <unfinished ...>
11116 --- SIGURG {si_signo=SIGURG, si_code=SI_TKILL, si_pid=11106, si_uid=1001} ---
11115 tgkill(11106, 11106, SIGURG <unfinished ...>
11121 <... tgkill resumed>)             = 0
11115 <... tgkill resumed>)             = 0
11106 --- SIGURG {si_signo=SIGURG, si_code=SI_TKILL, si_pid=11106, si_uid=1001} ---
11121 tgkill(11120, 11120, SIGURG)      = 0
11120 --- SIGURG {si_signo=SIGURG, si_code=SI_TKILL, si_pid=11120, si_uid=1001} ---
11115 tgkill(11106, 11118, SIGURG)      = 0
11125 --- SIGURG {si_signo=SIGURG, si_code=SI_TKILL, si_pid=11120, si_uid=1001} ---
11118 --- SIGURG {si_signo=SIGURG, si_code=SI_TKILL, si_pid=11106, si_uid=1001} ---
11123 --- SIGURG {si_signo=SIGURG, si_code=SI_TKILL, si_pid=11120, si_uid=1001} ---
11121 tgkill(11120, 11124, SIGURG)      = 0
11115 tgkill(11106, 11119, SIGURG <unfinished ...>
11124 --- SIGURG {si_signo=SIGURG, si_code=SI_TKILL, si_pid=11120, si_uid=1001} ---
11119 --- SIGURG {si_signo=SIGURG, si_code=SI_TKILL, si_pid=11106, si_uid=1001} ---
11115 <... tgkill resumed>)             = 0
11115 tgkill(11106, 11116, SIGURG)      = 0
11116 --- SIGURG {si_signo=SIGURG, si_code=SI_TKILL, si_pid=11106, si_uid=1001} ---
11115 tgkill(11106, 11106, SIGURG)      = 0
11106 --- SIGURG {si_signo=SIGURG, si_code=SI_TKILL, si_pid=11106, si_uid=1001} ---
11115 tgkill(11106, 11118, SIGURG)      = 0
11121 tgkill(11120, 11120, SIGURG)      = 0
11120 --- SIGURG {si_signo=SIGURG, si_code=SI_TKILL, si_pid=11120, si_uid=1001} ---
11118 --- SIGURG {si_signo=SIGURG, si_code=SI_TKILL, si_pid=11106, si_uid=1001} ---
11120 exit_group(0)                     = ?
11125 +++ exited with 0 +++
11121 +++ exited with 0 +++
11124 +++ exited with 0 +++
11123 +++ exited with 0 +++
11122 +++ exited with 0 +++
11120 +++ exited with 0 +++
10724 <... waitid resumed>{si_signo=SIGCHLD, si_code=CLD_EXITED, si_pid=11120, si_uid=1001, si_status=0, si_utime=0, si_stime=0}, WEXITED, {ru_utime={tv_sec=0, tv_usec=98477}, ru_stime={tv_sec=0, tv_usec=25121}, ...}) = 0
10662 --- SIGCHLD {si_signo=SIGCHLD, si_code=CLD_EXITED, si_pid=11120, si_uid=1001, si_status=0, si_utime=9 /* 0.09 s */, si_stime=2 /* 0.02 s */} ---
10660 tgkill(10659, 10724, SIGURG)      = 0
10724 --- SIGURG {si_signo=SIGURG, si_code=SI_TKILL, si_pid=10659, si_uid=1001} ---
10724 clone(child_stack=NULL, flags=CLONE_VM|CLONE_PIDFD|CLONE_VFORK|SIGCHLD <unfinished ...>
11132 execve("/opt/hostedtoolcache/go/1.27.1/arm64/pkg/tool/linux_arm64/asm", ["/opt/hostedtoolcache/go/1.27.1/a"..., "-p", "internal/reflectlite", "-trimpath", "/tmp/go-build1442187625/b004=>", "-I", "/tmp/go-build1442187625/b004/", "-I", "/opt/hostedtoolcache/go/1.27.1/a"..., "-D", "GOOS_linux", "-D", "GOARCH_arm64", "-std", "-o", "/tmp/go-build1442187625/b004/asm"..., "/opt/hostedtoolcache/go/1.27.1/a"...], 0x4a5648816908 /* 140 vars */ <unfinished ...>
10724 <... clone resumed>, parent_tid=[13]) = 11132
11132 <... execve resumed>)             = 0
10724 waitid(P_PIDFD, 13,  <unfinished ...>
11132 clone(child_stack=0x704a86d0c000, flags=CLONE_VM|CLONE_FS|CLONE_FILES|CLONE_SIGHAND|CLONE_THREAD|CLONE_SYSVSEM) = 11133
11132 clone(child_stack=0x704a86d44000, flags=CLONE_VM|CLONE_FS|CLONE_FILES|CLONE_SIGHAND|CLONE_THREAD|CLONE_SYSVSEM) = 11134
11133 tgkill(11132, 11132, SIGURG <unfinished ...>
11132 clone(child_stack=0x704a86d40000, flags=CLONE_VM|CLONE_FS|CLONE_FILES|CLONE_SIGHAND|CLONE_THREAD|CLONE_SYSVSEM <unfinished ...>
11133 <... tgkill resumed>)             = 0
11132 <... clone resumed>)              = 11135
11132 --- SIGURG {si_signo=SIGURG, si_code=SI_TKILL, si_pid=11132, si_uid=1001} ---
11134 clone(child_stack=0x704a86d98000, flags=CLONE_VM|CLONE_FS|CLONE_FILES|CLONE_SIGHAND|CLONE_THREAD|CLONE_SYSVSEM) = 11136
11119 exit_group(0)                     = ?
11117 +++ exited with 0 +++
11118 +++ exited with 0 +++
11116 +++ exited with 0 +++
11115 +++ exited with 0 +++
11132 exit_group(0)                     = ?
11136 +++ exited with 0 +++
11135 +++ exited with 0 +++
11134 +++ exited with 0 +++
11133 +++ exited with 0 +++
11132 +++ exited with 0 +++
10661 --- SIGCHLD {si_signo=SIGCHLD, si_code=CLD_EXITED, si_pid=11132, si_uid=1001, si_status=0, si_utime=0, si_stime=0} ---
10724 <... waitid resumed>{si_signo=SIGCHLD, si_code=CLD_EXITED, si_pid=11132, si_uid=1001, si_status=0, si_utime=0, si_stime=0}, WEXITED, {ru_utime={tv_sec=0, tv_usec=1236}, ru_stime={tv_sec=0, tv_usec=4947}, ...}) = 0
11119 +++ exited with 0 +++
11106 +++ exited with 0 +++
10664 <... waitid resumed>{si_signo=SIGCHLD, si_code=CLD_EXITED, si_pid=11106, si_uid=1001, si_status=0, si_utime=0, si_stime=0}, WEXITED, {ru_utime={tv_sec=0, tv_usec=122921}, ru_stime={tv_sec=0, tv_usec=29980}, ...}) = 0
10661 --- SIGCHLD {si_signo=SIGCHLD, si_code=CLD_EXITED, si_pid=11106, si_uid=1001, si_status=0, si_utime=12 /* 0.12 s */, si_stime=3 /* 0.03 s */} ---
10661 clone(child_stack=NULL, flags=CLONE_VM|CLONE_PIDFD|CLONE_VFORK|SIGCHLD <unfinished ...>
10664 clone(child_stack=NULL, flags=CLONE_VM|CLONE_PIDFD|CLONE_VFORK|SIGCHLD <unfinished ...>
10724 tgkill(10659, 10661, SIGURG)      = 0
10724 tgkill(10659, 10664, SIGURG)      = 0
10724 tgkill(10659, 10662, SIGURG)      = 0
10662 --- SIGURG {si_signo=SIGURG, si_code=SI_TKILL, si_pid=10659, si_uid=1001} ---
11137 execve("/opt/hostedtoolcache/go/1.27.1/arm64/pkg/tool/linux_arm64/compile", ["/opt/hostedtoolcache/go/1.27.1/a"..., "-o", "/tmp/go-build1442187625/b003/_pk"..., "-trimpath", "/tmp/go-build1442187625/b003=>", "-p", "errors", "-lang=go1.27", "-std", "-complete", "-buildid", "f1_hzBZfxMizDR-k9vV5/f1_hzBZfxMi"..., "-goversion", "go1.27.1", "-c=4", "-nolocalimports", "-importcfg", "/tmp/go-build1442187625/b003/imp"..., "-pack", "/opt/hostedtoolcache/go/1.27.1/a"..., "/opt/hostedtoolcache/go/1.27.1/a"..., "/opt/hostedtoolcache/go/1.27.1/a"...], 0x4a56487e8488 /* 140 vars */ <unfinished ...>
10661 <... clone resumed>, parent_tid=[17]) = 11137
10661 --- SIGURG {si_signo=SIGURG, si_code=SI_TKILL, si_pid=10659, si_uid=1001} ---
11137 <... execve resumed>)             = 0
11138 execve("/opt/hostedtoolcache/go/1.27.1/arm64/pkg/tool/linux_arm64/compile", ["/opt/hostedtoolcache/go/1.27.1/a"..., "-o", "/tmp/go-build1442187625/b072/_pk"..., "-trimpath", "/tmp/go-build1442187625/b072=>", "-p", "sort", "-lang=go1.27", "-std", "-complete", "-buildid", "2TLhRIbnJYjcFdkLaMp8/2TLhRIbnJYj"..., "-goversion", "go1.27.1", "-c=4", "-nolocalimports", "-importcfg", "/tmp/go-build1442187625/b072/imp"..., "-pack", "/opt/hostedtoolcache/go/1.27.1/a"..., "/opt/hostedtoolcache/go/1.27.1/a"..., "/opt/hostedtoolcache/go/1.27.1/a"..., "/opt/hostedtoolcache/go/1.27.1/a"..., "/opt/hostedtoolcache/go/1.27.1/a"...], 0x4a56488e4488 /* 140 vars */ <unfinished ...>
10664 <... clone resumed>, parent_tid=[19]) = 11138
10664 --- SIGURG {si_signo=SIGURG, si_code=SI_TKILL, si_pid=10659, si_uid=1001} ---
11138 <... execve resumed>)             = 0
10660 tgkill(10659, 10724, SIGURG)      = 0
10724 --- SIGURG {si_signo=SIGURG, si_code=SI_TKILL, si_pid=10659, si_uid=1001} ---
10660 tgkill(10659, 10724, SIGURG <unfinished ...>
10662 waitid(P_PIDFD, 17,  <unfinished ...>
10661 clone(child_stack=NULL, flags=CLONE_VM|CLONE_PIDFD|CLONE_VFORK|SIGCHLD <unfinished ...>
10660 <... tgkill resumed>)             = 0
10724 --- SIGURG {si_signo=SIGURG, si_code=SI_TKILL, si_pid=10659, si_uid=1001} ---
10664 tgkill(10659, 10661, SIGURG)      = 0
10664 tgkill(10659, 10666, SIGURG <unfinished ...>
10666 --- SIGURG {si_signo=SIGURG, si_code=SI_TKILL, si_pid=10659, si_uid=1001} ---
10664 <... tgkill resumed>)             = 0
10666 waitid(P_PIDFD, 19,  <unfinished ...>
10663 clone(child_stack=NULL, flags=CLONE_VM|CLONE_PIDFD|CLONE_VFORK|SIGCHLD <unfinished ...>
10664 tgkill(10659, 10663, SIGURG)      = 0
11139 execve("/opt/hostedtoolcache/go/1.27.1/arm64/pkg/tool/linux_arm64/compile", ["/opt/hostedtoolcache/go/1.27.1/a"..., "-o", "/tmp/go-build1442187625/b067/_pk"..., "-trimpath", "/tmp/go-build1442187625/b067=>", "-p", "internal/bisect", "-lang=go1.27", "-std", "-complete", "-buildid", "ku8fypSFdx02E07a4rd-/ku8fypSFdx0"..., "-goversion", "go1.27.1", "-c=4", "-nolocalimports", "-importcfg", "/tmp/go-build1442187625/b067/imp"..., "-pack", "/opt/hostedtoolcache/go/1.27.1/a"...], 0x4a56487e0d88 /* 140 vars */ <unfinished ...>
10661 <... clone resumed>, parent_tid=[8]) = 11139
10661 --- SIGURG {si_signo=SIGURG, si_code=SI_TKILL, si_pid=10659, si_uid=1001} ---
11139 <... execve resumed>)             = 0
10664 tgkill(10659, 10661, SIGURG)      = 0
10661 --- SIGURG {si_signo=SIGURG, si_code=SI_TKILL, si_pid=10659, si_uid=1001} ---
11140 execve("/opt/hostedtoolcache/go/1.27.1/arm64/pkg/tool/linux_arm64/compile", ["/opt/hostedtoolcache/go/1.27.1/a"..., "-o", "/tmp/go-build1442187625/b060/_pk"..., "-trimpath", "/tmp/go-build1442187625/b060=>", "-p", "internal/testlog", "-lang=go1.27", "-std", "-complete", "-buildid", "My4uYhanPKvKwpRUWpH7/My4uYhanPKv"..., "-goversion", "go1.27.1", "-c=4", "-nolocalimports", "-importcfg", "/tmp/go-build1442187625/b060/imp"..., "-pack", "/opt/hostedtoolcache/go/1.27.1/a"..., "/opt/hostedtoolcache/go/1.27.1/a"...], 0x4a56488e4908 /* 140 vars */ <unfinished ...>
10663 <... clone resumed>, parent_tid=[14]) = 11140
10663 --- SIGURG {si_signo=SIGURG, si_code=SI_TKILL, si_pid=10659, si_uid=1001} ---
11140 <... execve resumed>)             = 0
10664 tgkill(10659, 10663, SIGURG)      = 0
10663 --- SIGURG {si_signo=SIGURG, si_code=SI_TKILL, si_pid=10659, si_uid=1001} ---
10664 tgkill(10659, 10723, SIGURG)      = 0
10723 --- SIGURG {si_signo=SIGURG, si_code=SI_TKILL, si_pid=10659, si_uid=1001} ---
10664 tgkill(10659, 10723, SIGURG)      = 0
10723 --- SIGURG {si_signo=SIGURG, si_code=SI_TKILL, si_pid=10659, si_uid=1001} ---
10664 tgkill(10659, 10663, SIGURG)      = 0
10663 --- SIGURG {si_signo=SIGURG, si_code=SI_TKILL, si_pid=10659, si_uid=1001} ---
10664 tgkill(10659, 10661, SIGURG)      = 0
10661 --- SIGURG {si_signo=SIGURG, si_code=SI_TKILL, si_pid=10659, si_uid=1001} ---
10661 waitid(P_PIDFD, 14,  <unfinished ...>
10723 waitid(P_PIDFD, 8,  <unfinished ...>
11138 clone(child_stack=0x76c9a2f4c000, flags=CLONE_VM|CLONE_FS|CLONE_FILES|CLONE_SIGHAND|CLONE_THREAD|CLONE_SYSVSEM) = 11141
11137 clone(child_stack=0x7883164ee000, flags=CLONE_VM|CLONE_FS|CLONE_FILES|CLONE_SIGHAND|CLONE_THREAD|CLONE_SYSVSEM) = 11142
11138 clone(child_stack=0x76c9a2f88000, flags=CLONE_VM|CLONE_FS|CLONE_FILES|CLONE_SIGHAND|CLONE_THREAD|CLONE_SYSVSEM) = 11143
11137 clone(child_stack=0x788316526000, flags=CLONE_VM|CLONE_FS|CLONE_FILES|CLONE_SIGHAND|CLONE_THREAD|CLONE_SYSVSEM <unfinished ...>
11138 clone(child_stack=0x76c9a2f84000, flags=CLONE_VM|CLONE_FS|CLONE_FILES|CLONE_SIGHAND|CLONE_THREAD|CLONE_SYSVSEM <unfinished ...>
11137 <... clone resumed>)              = 11144
11142 tgkill(11137, 11137, SIGURG <unfinished ...>
11138 <... clone resumed>)              = 11145
11142 <... tgkill resumed>)             = 0
11137 clone(child_stack=0x788316522000, flags=CLONE_VM|CLONE_FS|CLONE_FILES|CLONE_SIGHAND|CLONE_THREAD|CLONE_SYSVSEM) = 11146
11137 --- SIGURG {si_signo=SIGURG, si_code=SI_TKILL, si_pid=11137, si_uid=1001} ---
11143 clone(child_stack=0x76c9a2fb0000, flags=CLONE_VM|CLONE_FS|CLONE_FILES|CLONE_SIGHAND|CLONE_THREAD|CLONE_SYSVSEM) = 11147
11144 clone(child_stack=0x788316598000, flags=CLONE_VM|CLONE_FS|CLONE_FILES|CLONE_SIGHAND|CLONE_THREAD|CLONE_SYSVSEM) = 11148
11139 clone(child_stack=0x2f8e449aa000, flags=CLONE_VM|CLONE_FS|CLONE_FILES|CLONE_SIGHAND|CLONE_THREAD|CLONE_SYSVSEM) = 11149
11139 clone(child_stack=0x2f8e449e2000, flags=CLONE_VM|CLONE_FS|CLONE_FILES|CLONE_SIGHAND|CLONE_THREAD|CLONE_SYSVSEM) = 11150
11149 tgkill(11139, 11139, SIGURG)      = 0
11139 clone(child_stack=0x2f8e449de000, flags=CLONE_VM|CLONE_FS|CLONE_FILES|CLONE_SIGHAND|CLONE_THREAD|CLONE_SYSVSEM) = 11151
11139 --- SIGURG {si_signo=SIGURG, si_code=SI_TKILL, si_pid=11139, si_uid=1001} ---
11150 clone(child_stack=0x2f8e44a18000, flags=CLONE_VM|CLONE_FS|CLONE_FILES|CLONE_SIGHAND|CLONE_THREAD|CLONE_SYSVSEM) = 11152
11140 clone(child_stack=0x191ea8c8a000, flags=CLONE_VM|CLONE_FS|CLONE_FILES|CLONE_SIGHAND|CLONE_THREAD|CLONE_SYSVSEM) = 11153
11153 tgkill(11140, 11140, SIGURG)      = 0
11140 --- SIGURG {si_signo=SIGURG, si_code=SI_TKILL, si_pid=11140, si_uid=1001} ---
11153 tgkill(11140, 11140, SIGURG)      = 0
11140 clone(child_stack=0x191ea8cc2000, flags=CLONE_VM|CLONE_FS|CLONE_FILES|CLONE_SIGHAND|CLONE_THREAD|CLONE_SYSVSEM) = 11154
11140 --- SIGURG {si_signo=SIGURG, si_code=SI_TKILL, si_pid=11140, si_uid=1001} ---
11140 clone(child_stack=0x191ea8cbe000, flags=CLONE_VM|CLONE_FS|CLONE_FILES|CLONE_SIGHAND|CLONE_THREAD|CLONE_SYSVSEM) = 11155
11154 clone(child_stack=0x191ea8d18000, flags=CLONE_VM|CLONE_FS|CLONE_FILES|CLONE_SIGHAND|CLONE_THREAD|CLONE_SYSVSEM) = 11156
11156 clone(child_stack=0x191ea8d14000, flags=CLONE_VM|CLONE_FS|CLONE_FILES|CLONE_SIGHAND|CLONE_THREAD|CLONE_SYSVSEM) = 11157
11142 tgkill(11137, 11144, SIGURG)      = 0
11144 --- SIGURG {si_signo=SIGURG, si_code=SI_TKILL, si_pid=11137, si_uid=1001} ---
11149 tgkill(11139, 11139, SIGURG)      = 0
11139 --- SIGURG {si_signo=SIGURG, si_code=SI_TKILL, si_pid=11139, si_uid=1001} ---
11153 tgkill(11140, 11140, SIGURG)      = 0
11141 tgkill(11138, 11145, SIGURG)      = 0
11140 --- SIGURG {si_signo=SIGURG, si_code=SI_TKILL, si_pid=11140, si_uid=1001} ---
11145 --- SIGURG {si_signo=SIGURG, si_code=SI_TKILL, si_pid=11138, si_uid=1001} ---
11142 tgkill(11137, 11148, SIGURG <unfinished ...>
11148 --- SIGURG {si_signo=SIGURG, si_code=SI_TKILL, si_pid=11137, si_uid=1001} ---
11142 <... tgkill resumed>)             = 0
11149 tgkill(11139, 11139, SIGURG)      = 0
11139 --- SIGURG {si_signo=SIGURG, si_code=SI_TKILL, si_pid=11139, si_uid=1001} ---
11142 tgkill(11137, 11148, SIGURG)      = 0
11155 exit_group(0)                     = ?
11141 tgkill(11138, 11145, SIGURG <unfinished ...>
11156 +++ exited with 0 +++
11141 <... tgkill resumed>)             = 0
11154 +++ exited with 0 +++
11155 +++ exited with 0 +++
11148 --- SIGURG {si_signo=SIGURG, si_code=SI_TKILL, si_pid=11137, si_uid=1001} ---
11157 +++ exited with 0 +++
11153 +++ exited with 0 +++
11140 +++ exited with 0 +++
10724 --- SIGCHLD {si_signo=SIGCHLD, si_code=CLD_EXITED, si_pid=11140, si_uid=1001, si_status=0, si_utime=1 /* 0.01 s */, si_stime=0} ---
10661 <... waitid resumed>{si_signo=SIGCHLD, si_code=CLD_EXITED, si_pid=11140, si_uid=1001, si_status=0, si_utime=0, si_stime=0}, WEXITED, {ru_utime={tv_sec=0, tv_usec=15308}, ru_stime={tv_sec=0, tv_usec=9841}, ...}) = 0
11145 --- SIGURG {si_signo=SIGURG, si_code=SI_TKILL, si_pid=11138, si_uid=1001} ---
11141 tgkill(11138, 11138, SIGURG)      = 0
11138 --- SIGURG {si_signo=SIGURG, si_code=SI_TKILL, si_pid=11138, si_uid=1001} ---
11137 exit_group(0)                     = ?
11142 +++ exited with 0 +++
11148 +++ exited with 0 +++
11146 +++ exited with 0 +++
11144 +++ exited with 0 +++
11137 +++ exited with 0 +++
10660 --- SIGCHLD {si_signo=SIGCHLD, si_code=CLD_EXITED, si_pid=11137, si_uid=1001, si_status=0, si_utime=2 /* 0.02 s */, si_stime=1 /* 0.01 s */} ---
10662 <... waitid resumed>{si_signo=SIGCHLD, si_code=CLD_EXITED, si_pid=11137, si_uid=1001, si_status=0, si_utime=0, si_stime=0}, WEXITED, {ru_utime={tv_sec=0, tv_usec=24082}, ru_stime={tv_sec=0, tv_usec=10034}, ...}) = 0
11149 tgkill(11139, 11139, SIGURG)      = 0
11139 --- SIGURG {si_signo=SIGURG, si_code=SI_TKILL, si_pid=11139, si_uid=1001} ---
10660 tgkill(10659, 10661, SIGURG)      = 0
10661 --- SIGURG {si_signo=SIGURG, si_code=SI_TKILL, si_pid=10659, si_uid=1001} ---
11139 exit_group(0)                     = ?
11149 +++ exited with 0 +++
11152 +++ exited with 0 +++
11151 +++ exited with 0 +++
10660 tgkill(10659, 10662, SIGURG)      = 0
10662 --- SIGURG {si_signo=SIGURG, si_code=SI_TKILL, si_pid=10659, si_uid=1001} ---
11141 tgkill(11138, 11143, SIGURG)      = 0
11143 --- SIGURG {si_signo=SIGURG, si_code=SI_TKILL, si_pid=11138, si_uid=1001} ---
11150 +++ exited with 0 +++
11139 +++ exited with 0 +++
11141 tgkill(11138, 11145, SIGURG <unfinished ...>
10724 --- SIGCHLD {si_signo=SIGCHLD, si_code=CLD_EXITED, si_pid=11139, si_uid=1001, si_status=0, si_utime=4 /* 0.04 s */, si_stime=1 /* 0.01 s */} ---
11145 --- SIGURG {si_signo=SIGURG, si_code=SI_TKILL, si_pid=11138, si_uid=1001} ---
11141 <... tgkill resumed>)             = 0
10723 <... waitid resumed>{si_signo=SIGCHLD, si_code=CLD_EXITED, si_pid=11139, si_uid=1001, si_status=0, si_utime=0, si_stime=0}, WEXITED, {ru_utime={tv_sec=0, tv_usec=46818}, ru_stime={tv_sec=0, tv_usec=13525}, ...}) = 0
11141 tgkill(11138, 11147, SIGURG)      = 0
11141 tgkill(11138, 11138, SIGURG)      = 0
11138 --- SIGURG {si_signo=SIGURG, si_code=SI_TKILL, si_pid=11138, si_uid=1001} ---
11147 --- SIGURG {si_signo=SIGURG, si_code=SI_TKILL, si_pid=11138, si_uid=1001} ---
10660 tgkill(10659, 10723, SIGURG)      = 0
10723 --- SIGURG {si_signo=SIGURG, si_code=SI_TKILL, si_pid=10659, si_uid=1001} ---
10724 clone(child_stack=NULL, flags=CLONE_VM|CLONE_PIDFD|CLONE_VFORK|SIGCHLD <unfinished ...>
10663 clone(child_stack=NULL, flags=CLONE_VM|CLONE_PIDFD|CLONE_VFORK|SIGCHLD <unfinished ...>
11159 execve("/opt/hostedtoolcache/go/1.27.1/arm64/pkg/tool/linux_arm64/compile", ["/opt/hostedtoolcache/go/1.27.1/a"..., "-o", "/tmp/go-build1442187625/b041/_pk"..., "-trimpath", "/tmp/go-build1442187625/b041=>", "-p", "strconv", "-lang=go1.27", "-std", "-complete", "-buildid", "NyZXFdhg5v1SMtUl8cVU/NyZXFdhg5v1"..., "-goversion", "go1.27.1", "-c=4", "-nolocalimports", "-importcfg", "/tmp/go-build1442187625/b041/imp"..., "-pack", "/opt/hostedtoolcache/go/1.27.1/a"..., "/opt/hostedtoolcache/go/1.27.1/a"..., "/opt/hostedtoolcache/go/1.27.1/a"..., "/opt/hostedtoolcache/go/1.27.1/a"..., "/opt/hostedtoolcache/go/1.27.1/a"...], 0x4a56487e8008 /* 140 vars */ <unfinished ...>
10724 <... clone resumed>, parent_tid=[15]) = 11159
11159 <... execve resumed>)             = 0
11160 execve("/opt/hostedtoolcache/go/1.27.1/arm64/pkg/tool/linux_arm64/compile", ["/opt/hostedtoolcache/go/1.27.1/a"..., "-o", "/tmp/go-build1442187625/b049/_pk"..., "-trimpath", "/tmp/go-build1442187625/b049=>", "-p", "io", "-lang=go1.27", "-std", "-complete", "-buildid", "vb-tkFhHqbw1WJG6-7qe/vb-tkFhHqbw"..., "-goversion", "go1.27.1", "-c=4", "-nolocalimports", "-importcfg", "/tmp/go-build1442187625/b049/imp"..., "-pack", "/opt/hostedtoolcache/go/1.27.1/a"..., "/opt/hostedtoolcache/go/1.27.1/a"..., "/opt/hostedtoolcache/go/1.27.1/a"...], 0x4a5648816488 /* 140 vars */ <unfinished ...>
10663 <... clone resumed>, parent_tid=[16]) = 11160
10662 clone(child_stack=NULL, flags=CLONE_VM|CLONE_PIDFD|CLONE_VFORK|SIGCHLD <unfinished ...>
10660 tgkill(10659, 10663, SIGURG <unfinished ...>
11160 <... execve resumed>)             = 0
10663 --- SIGURG {si_signo=SIGURG, si_code=SI_TKILL, si_pid=10659, si_uid=1001} ---
10660 <... tgkill resumed>)             = 0
10724 waitid(P_PIDFD, 15,  <unfinished ...>
10663 waitid(P_PIDFD, 16,  <unfinished ...>
10660 tgkill(10659, 10662, SIGURG)      = 0
11161 execve("/opt/hostedtoolcache/go/1.27.1/arm64/pkg/tool/linux_arm64/compile", ["/opt/hostedtoolcache/go/1.27.1/a"..., "-o", "/tmp/go-build1442187625/b053/_pk"..., "-trimpath", "/tmp/go-build1442187625/b053=>", "-p", "internal/oserror", "-lang=go1.27", "-std", "-complete", "-buildid", "4lkCAtkFbBeGx0yS4A6y/4lkCAtkFbBe"..., "-goversion", "go1.27.1", "-c=4", "-nolocalimports", "-importcfg", "/tmp/go-build1442187625/b053/imp"..., "-pack", "/opt/hostedtoolcache/go/1.27.1/a"...], 0x4a56488e4488 /* 140 vars */ <unfinished ...>
10662 <... clone resumed>, parent_tid=[21]) = 11161
11161 <... execve resumed>)             = 0
10662 --- SIGURG {si_signo=SIGURG, si_code=SI_TKILL, si_pid=10659, si_uid=1001} ---
10662 waitid(P_PIDFD, 21,  <unfinished ...>
11141 tgkill(11138, 11143, SIGURG)      = 0
11143 --- SIGURG {si_signo=SIGURG, si_code=SI_TKILL, si_pid=11138, si_uid=1001} ---
11159 clone(child_stack=0x4de61b8a000, flags=CLONE_VM|CLONE_FS|CLONE_FILES|CLONE_SIGHAND|CLONE_THREAD|CLONE_SYSVSEM) = 11162
11159 clone(child_stack=0x4de61bc2000, flags=CLONE_VM|CLONE_FS|CLONE_FILES|CLONE_SIGHAND|CLONE_THREAD|CLONE_SYSVSEM) = 11163
11159 clone(child_stack=0x4de61bbe000, flags=CLONE_VM|CLONE_FS|CLONE_FILES|CLONE_SIGHAND|CLONE_THREAD|CLONE_SYSVSEM) = 11164
11163 clone(child_stack=0x4de61c18000, flags=CLONE_VM|CLONE_FS|CLONE_FILES|CLONE_SIGHAND|CLONE_THREAD|CLONE_SYSVSEM) = 11165
11160 clone(child_stack=0x2183dd7fe000, flags=CLONE_VM|CLONE_FS|CLONE_FILES|CLONE_SIGHAND|CLONE_THREAD|CLONE_SYSVSEM <unfinished ...>
11161 clone(child_stack=0x28858f526000, flags=CLONE_VM|CLONE_FS|CLONE_FILES|CLONE_SIGHAND|CLONE_THREAD|CLONE_SYSVSEM <unfinished ...>
11160 <... clone resumed>)              = 11166
11161 <... clone resumed>)              = 11167
11161 clone(child_stack=0x28858f55e000, flags=CLONE_VM|CLONE_FS|CLONE_FILES|CLONE_SIGHAND|CLONE_THREAD|CLONE_SYSVSEM <unfinished ...>
11160 clone(child_stack=0x2183dd836000, flags=CLONE_VM|CLONE_FS|CLONE_FILES|CLONE_SIGHAND|CLONE_THREAD|CLONE_SYSVSEM <unfinished ...>
11161 <... clone resumed>)              = 11168
11160 <... clone resumed>)              = 11169
11167 tgkill(11161, 11161, SIGURG <unfinished ...>
11166 tgkill(11160, 11160, SIGURG <unfinished ...>
11167 <... tgkill resumed>)             = 0
11166 <... tgkill resumed>)             = 0
11161 --- SIGURG {si_signo=SIGURG, si_code=SI_TKILL, si_pid=11161, si_uid=1001} ---
11160 --- SIGURG {si_signo=SIGURG, si_code=SI_TKILL, si_pid=11160, si_uid=1001} ---
11161 clone(child_stack=0x28858f55a000, flags=CLONE_VM|CLONE_FS|CLONE_FILES|CLONE_SIGHAND|CLONE_THREAD|CLONE_SYSVSEM <unfinished ...>
11160 clone(child_stack=0x2183dd832000, flags=CLONE_VM|CLONE_FS|CLONE_FILES|CLONE_SIGHAND|CLONE_THREAD|CLONE_SYSVSEM <unfinished ...>
11161 <... clone resumed>)              = 11170
11160 <... clone resumed>)              = 11171
11169 clone(child_stack=0x2183dd898000, flags=CLONE_VM|CLONE_FS|CLONE_FILES|CLONE_SIGHAND|CLONE_THREAD|CLONE_SYSVSEM <unfinished ...>
11168 clone(child_stack=0x28858f598000, flags=CLONE_VM|CLONE_FS|CLONE_FILES|CLONE_SIGHAND|CLONE_THREAD|CLONE_SYSVSEM <unfinished ...>
11169 <... clone resumed>)              = 11172
11168 <... clone resumed>)              = 11173
11172 clone(child_stack=0x2183dd894000, flags=CLONE_VM|CLONE_FS|CLONE_FILES|CLONE_SIGHAND|CLONE_THREAD|CLONE_SYSVSEM) = 11174
11162 clone(child_stack=0x4de62088000, flags=CLONE_VM|CLONE_FS|CLONE_FILES|CLONE_SIGHAND|CLONE_THREAD|CLONE_SYSVSEM) = 11175
11143 exit_group(0)                     = ?
11147 +++ exited with 0 +++
11143 +++ exited with 0 +++
11145 +++ exited with 0 +++
11141 +++ exited with 0 +++
11138 +++ exited with 0 +++
10664 --- SIGCHLD {si_signo=SIGCHLD, si_code=CLD_EXITED, si_pid=11138, si_uid=1001, si_status=0, si_utime=12 /* 0.12 s */, si_stime=3 /* 0.03 s */} ---
11161 exit_group(0)                     = ?
11168 +++ exited with 0 +++
11167 +++ exited with 0 +++
10666 <... waitid resumed>{si_signo=SIGCHLD, si_code=CLD_EXITED, si_pid=11138, si_uid=1001, si_status=0, si_utime=0, si_stime=0}, WEXITED, {ru_utime={tv_sec=0, tv_usec=112499}, ru_stime={tv_sec=0, tv_usec=30182}, ...}) = 0
11173 +++ exited with 0 +++
11162 tgkill(11159, 11163, SIGURG <unfinished ...>
11163 --- SIGURG {si_signo=SIGURG, si_code=SI_TKILL, si_pid=11159, si_uid=1001} ---
11162 <... tgkill resumed>)             = 0
11170 +++ exited with 0 +++
11161 +++ exited with 0 +++
10662 <... waitid resumed>{si_signo=SIGCHLD, si_code=CLD_EXITED, si_pid=11161, si_uid=1001, si_status=0, si_utime=0, si_stime=0}, WEXITED, {ru_utime={tv_sec=0, tv_usec=8193}, ru_stime={tv_sec=0, tv_usec=5462}, ...}) = 0
10661 --- SIGCHLD {si_signo=SIGCHLD, si_code=CLD_EXITED, si_pid=11161, si_uid=1001, si_status=0, si_utime=0, si_stime=0} ---
10660 tgkill(10659, 10666, SIGURG)      = 0
10666 --- SIGURG {si_signo=SIGURG, si_code=SI_TKILL, si_pid=10659, si_uid=1001} ---
11166 tgkill(11160, 11172, SIGURG)      = 0
11172 --- SIGURG {si_signo=SIGURG, si_code=SI_TKILL, si_pid=11160, si_uid=1001} ---
10661 clone(child_stack=NULL, flags=CLONE_VM|CLONE_PIDFD|CLONE_VFORK|SIGCHLD <unfinished ...>
11176 execve("/opt/hostedtoolcache/go/1.27.1/arm64/pkg/tool/linux_arm64/compile", ["/opt/hostedtoolcache/go/1.27.1/a"..., "-o", "/tmp/go-build1442187625/b054/_pk"..., "-trimpath", "/tmp/go-build1442187625/b054=>", "-p", "path", "-lang=go1.27", "-std", "-complete", "-buildid", "DchoOOYhij6MSqL0A8V7/DchoOOYhij6"..., "-goversion", "go1.27.1", "-c=4", "-nolocalimports", "-importcfg", "/tmp/go-build1442187625/b054/imp"..., "-pack", "/opt/hostedtoolcache/go/1.27.1/a"..., "/opt/hostedtoolcache/go/1.27.1/a"...], 0x4a56487e1b08 /* 140 vars */ <unfinished ...>
10661 <... clone resumed>, parent_tid=[7]) = 11176
11176 <... execve resumed>)             = 0
10661 waitid(P_PIDFD, 7,  <unfinished ...>
11162 tgkill(11159, 11164, SIGURG)      = 0
11164 --- SIGURG {si_signo=SIGURG, si_code=SI_TKILL, si_pid=11159, si_uid=1001} ---
11176 clone(child_stack=0x1edc72452000, flags=CLONE_VM|CLONE_FS|CLONE_FILES|CLONE_SIGHAND|CLONE_THREAD|CLONE_SYSVSEM) = 11177
11176 clone(child_stack=0x1edc7248a000, flags=CLONE_VM|CLONE_FS|CLONE_FILES|CLONE_SIGHAND|CLONE_THREAD|CLONE_SYSVSEM) = 11178
11176 clone(child_stack=0x1edc72486000, flags=CLONE_VM|CLONE_FS|CLONE_FILES|CLONE_SIGHAND|CLONE_THREAD|CLONE_SYSVSEM) = 11179
11178 clone(child_stack=0x1edc72518000, flags=CLONE_VM|CLONE_FS|CLONE_FILES|CLONE_SIGHAND|CLONE_THREAD|CLONE_SYSVSEM <unfinished ...>
11166 tgkill(11160, 11172, SIGURG <unfinished ...>
11172 --- SIGURG {si_signo=SIGURG, si_code=SI_TKILL, si_pid=11160, si_uid=1001} ---
11166 <... tgkill resumed>)             = 0
11178 <... clone resumed>)              = 11180
11180 clone(child_stack=0x1edc72514000, flags=CLONE_VM|CLONE_FS|CLONE_FILES|CLONE_SIGHAND|CLONE_THREAD|CLONE_SYSVSEM) = 11181
11162 tgkill(11159, 11175, SIGURG)      = 0
11162 tgkill(11159, 11165, SIGURG)      = 0
11162 tgkill(11159, 11163, SIGURG)      = 0
11163 --- SIGURG {si_signo=SIGURG, si_code=SI_TKILL, si_pid=11159, si_uid=1001} ---
10660 tgkill(10659, 10723, SIGURG <unfinished ...>
11175 --- SIGURG {si_signo=SIGURG, si_code=SI_TKILL, si_pid=11159, si_uid=1001} ---
10660 <... tgkill resumed>)             = 0
10723 --- SIGURG {si_signo=SIGURG, si_code=SI_TKILL, si_pid=10659, si_uid=1001} ---
11166 tgkill(11160, 11171, SIGURG <unfinished ...>
11171 --- SIGURG {si_signo=SIGURG, si_code=SI_TKILL, si_pid=11160, si_uid=1001} ---
11166 <... tgkill resumed>)             = 0
11166 tgkill(11160, 11160, SIGURG)      = 0
11166 tgkill(11160, 11174, SIGURG)      = 0
11174 --- SIGURG {si_signo=SIGURG, si_code=SI_TKILL, si_pid=11160, si_uid=1001} ---
11165 --- SIGURG {si_signo=SIGURG, si_code=SI_TKILL, si_pid=11159, si_uid=1001} ---
11160 --- SIGURG {si_signo=SIGURG, si_code=SI_TKILL, si_pid=11160, si_uid=1001} ---
11162 tgkill(11159, 11164, SIGURG)      = 0
10664 clone(child_stack=NULL, flags=CLONE_VM|CLONE_PIDFD|CLONE_VFORK|SIGCHLD <unfinished ...>
11164 --- SIGURG {si_signo=SIGURG, si_code=SI_TKILL, si_pid=11159, si_uid=1001} ---
11177 tgkill(11176, 11176, SIGURG)      = 0
11176 --- SIGURG {si_signo=SIGURG, si_code=SI_TKILL, si_pid=11176, si_uid=1001} ---
11183 execve("/opt/hostedtoolcache/go/1.27.1/arm64/pkg/tool/linux_arm64/asm", ["/opt/hostedtoolcache/go/1.27.1/a"..., "-p", "syscall", "-trimpath", "/tmp/go-build1442187625/b056=>", "-I", "/tmp/go-build1442187625/b056/", "-I", "/opt/hostedtoolcache/go/1.27.1/a"..., "-D", "GOOS_linux", "-D", "GOARCH_arm64", "-std", "-gensymabis", "-o", "/tmp/go-build1442187625/b056/sym"..., "/opt/hostedtoolcache/go/1.27.1/a"...], 0x4a5648816488 /* 140 vars */ <unfinished ...>
10664 <... clone resumed>, parent_tid=[18]) = 11183
11183 <... execve resumed>)             = 0
10664 waitid(P_PIDFD, 18,  <unfinished ...>
11163 exit_group(0)                     = ?
11175 +++ exited with 0 +++
11164 +++ exited with 0 +++
11163 +++ exited with 0 +++
11162 +++ exited with 0 +++
11165 +++ exited with 0 +++
11159 +++ exited with 0 +++
10724 <... waitid resumed>{si_signo=SIGCHLD, si_code=CLD_EXITED, si_pid=11159, si_uid=1001, si_status=0, si_utime=0, si_stime=0}, WEXITED, {ru_utime={tv_sec=0, tv_usec=52660}, ru_stime={tv_sec=0, tv_usec=18585}, ...}) = 0
10724 --- SIGCHLD {si_signo=SIGCHLD, si_code=CLD_EXITED, si_pid=11159, si_uid=1001, si_status=0, si_utime=5 /* 0.05 s */, si_stime=1 /* 0.01 s */} ---
11174 exit_group(0)                     = ?
11171 +++ exited with 0 +++
11169 +++ exited with 0 +++
11174 +++ exited with 0 +++
11172 +++ exited with 0 +++
11166 +++ exited with 0 +++
11183 clone(child_stack=0x5c12bb8e2000, flags=CLONE_VM|CLONE_FS|CLONE_FILES|CLONE_SIGHAND|CLONE_THREAD|CLONE_SYSVSEM) = 11184
11183 clone(child_stack=0x5c12bb91a000, flags=CLONE_VM|CLONE_FS|CLONE_FILES|CLONE_SIGHAND|CLONE_THREAD|CLONE_SYSVSEM) = 11185
11184 tgkill(11183, 11183, SIGURG)      = 0
11183 --- SIGURG {si_signo=SIGURG, si_code=SI_TKILL, si_pid=11183, si_uid=1001} ---
11183 clone(child_stack=0x5c12bb916000, flags=CLONE_VM|CLONE_FS|CLONE_FILES|CLONE_SIGHAND|CLONE_THREAD|CLONE_SYSVSEM <unfinished ...>
11160 +++ exited with 0 +++
10663 <... waitid resumed>{si_signo=SIGCHLD, si_code=CLD_EXITED, si_pid=11160, si_uid=1001, si_status=0, si_utime=0, si_stime=0}, WEXITED, {ru_utime={tv_sec=0, tv_usec=67821}, ru_stime={tv_sec=0, tv_usec=18220}, ...}) = 0
10724 --- SIGCHLD {si_signo=SIGCHLD, si_code=CLD_EXITED, si_pid=11160, si_uid=1001, si_status=0, si_utime=6 /* 0.06 s */, si_stime=1 /* 0.01 s */} ---
11183 <... clone resumed>)              = 11186
10660 tgkill(10659, 10662, SIGURG)      = 0
10662 --- SIGURG {si_signo=SIGURG, si_code=SI_TKILL, si_pid=10659, si_uid=1001} ---
11185 clone(child_stack=0x5c12bb998000, flags=CLONE_VM|CLONE_FS|CLONE_FILES|CLONE_SIGHAND|CLONE_THREAD|CLONE_SYSVSEM) = 11187
11177 tgkill(11176, 11179, SIGURG)      = 0
11179 --- SIGURG {si_signo=SIGURG, si_code=SI_TKILL, si_pid=11176, si_uid=1001} ---
11183 exit_group(0)                     = ?
11179 exit_group(0 <unfinished ...>
11187 +++ exited with 0 +++
11186 +++ exited with 0 +++
11185 +++ exited with 0 +++
11179 <... exit_group resumed>)         = ?
11181 +++ exited with 0 +++
11180 +++ exited with 0 +++
11179 +++ exited with 0 +++
11178 +++ exited with 0 +++
11184 +++ exited with 0 +++
11183 +++ exited with 0 +++
10664 <... waitid resumed>{si_signo=SIGCHLD, si_code=CLD_EXITED, si_pid=11183, si_uid=1001, si_status=0, si_utime=0, si_stime=0}, WEXITED, {ru_utime={tv_sec=0, tv_usec=1955}, ru_stime={tv_sec=0, tv_usec=5865}, ...}) = 0
10724 --- SIGCHLD {si_signo=SIGCHLD, si_code=CLD_EXITED, si_pid=11183, si_uid=1001, si_status=0, si_utime=0, si_stime=0} ---
10660 tgkill(10659, 10662, SIGURG)      = 0
10662 --- SIGURG {si_signo=SIGURG, si_code=SI_TKILL, si_pid=10659, si_uid=1001} ---
10660 tgkill(10659, 10724, SIGURG)      = 0
10724 --- SIGURG {si_signo=SIGURG, si_code=SI_TKILL, si_pid=10659, si_uid=1001} ---
11177 +++ exited with 0 +++
11176 +++ exited with 0 +++
10665 --- SIGCHLD {si_signo=SIGCHLD, si_code=CLD_EXITED, si_pid=11176, si_uid=1001, si_status=0, si_utime=2 /* 0.02 s */, si_stime=1 /* 0.01 s */} ---
10661 <... waitid resumed>{si_signo=SIGCHLD, si_code=CLD_EXITED, si_pid=11176, si_uid=1001, si_status=0, si_utime=0, si_stime=0}, WEXITED, {ru_utime={tv_sec=0, tv_usec=24216}, ru_stime={tv_sec=0, tv_usec=14309}, ...}) = 0
10665 clone(child_stack=NULL, flags=CLONE_VM|CLONE_PIDFD|CLONE_VFORK|SIGCHLD <unfinished ...>
11188 execve("/opt/hostedtoolcache/go/1.27.1/arm64/pkg/tool/linux_arm64/compile", ["/opt/hostedtoolcache/go/1.27.1/a"..., "-o", "/tmp/go-build1442187625/b056/_pk"..., "-trimpath", "/tmp/go-build1442187625/b056=>", "-p", "syscall", "-lang=go1.27", "-std", "-buildid", "zs5N9es5ms9dZL5ayXwS/zs5N9es5ms9"..., "-goversion", "go1.27.1", "-symabis", "/tmp/go-build1442187625/b056/sym"..., "-c=4", "-nolocalimports", "-importcfg", "/tmp/go-build1442187625/b056/imp"..., "-pack", "-asmhdr", "/tmp/go-build1442187625/b056/go_"..., "/opt/hostedtoolcache/go/1.27.1/a"..., "/opt/hostedtoolcache/go/1.27.1/a"..., "/opt/hostedtoolcache/go/1.27.1/a"..., "/opt/hostedtoolcache/go/1.27.1/a"..., "/opt/hostedtoolcache/go/1.27.1/a"..., "/opt/hostedtoolcache/go/1.27.1/a"..., "/opt/hostedtoolcache/go/1.27.1/a"..., "/opt/hostedtoolcache/go/1.27.1/a"..., "/opt/hostedtoolcache/go/1.27.1/a"..., "/opt/hostedtoolcache/go/1.27.1/a"..., ...], 0x4a56487e8d88 /* 140 vars */ <unfinished ...>
10665 <... clone resumed>, parent_tid=[16]) = 11188
11188 <... execve resumed>)             = 0
10665 waitid(P_PIDFD, 16,  <unfinished ...>
10663 clone(child_stack=NULL, flags=CLONE_VM|CLONE_PIDFD|CLONE_VFORK|SIGCHLD <unfinished ...>
10724 clone(child_stack=NULL, flags=CLONE_VM|CLONE_PIDFD|CLONE_VFORK|SIGCHLD <unfinished ...>
11189 execve("/opt/hostedtoolcache/go/1.27.1/arm64/pkg/tool/linux_arm64/asm", ["/opt/hostedtoolcache/go/1.27.1/a"..., "-p", "reflect", "-trimpath", "/tmp/go-build1442187625/b038=>", "-I", "/tmp/go-build1442187625/b038/", "-I", "/opt/hostedtoolcache/go/1.27.1/a"..., "-D", "GOOS_linux", "-D", "GOARCH_arm64", "-std", "-gensymabis", "-o", "/tmp/go-build1442187625/b038/sym"..., "/opt/hostedtoolcache/go/1.27.1/a"...], 0x4a5648816908 /* 140 vars */ <unfinished ...>
10663 <... clone resumed>, parent_tid=[9]) = 11189
11189 <... execve resumed>)             = 0
11190 execve("/opt/hostedtoolcache/go/1.27.1/arm64/pkg/tool/linux_arm64/compile", ["/opt/hostedtoolcache/go/1.27.1/a"..., "-o", "/tmp/go-build1442187625/b062/_pk"..., "-trimpath", "/tmp/go-build1442187625/b062=>", "-p", "bytes", "-lang=go1.27", "-std", "-buildid", "9a-pxARELbG-USgPnnhT/9a-pxARELbG"..., "-goversion", "go1.27.1", "-c=4", "-nolocalimports", "-importcfg", "/tmp/go-build1442187625/b062/imp"..., "-pack", "/opt/hostedtoolcache/go/1.27.1/a"..., "/opt/hostedtoolcache/go/1.27.1/a"..., "/opt/hostedtoolcache/go/1.27.1/a"..., "/opt/hostedtoolcache/go/1.27.1/a"...], 0x4a56487e0d88 /* 140 vars */ <unfinished ...>
10724 <... clone resumed>, parent_tid=[20]) = 11190
11190 <... execve resumed>)             = 0
10724 waitid(P_PIDFD, 20,  <unfinished ...>
10663 waitid(P_PIDFD, 9,  <unfinished ...>
10662 clone(child_stack=NULL, flags=CLONE_VM|CLONE_PIDFD|CLONE_VFORK|SIGCHLD <unfinished ...>
11191 execve("/opt/hostedtoolcache/go/1.27.1/arm64/pkg/tool/linux_arm64/compile", ["/opt/hostedtoolcache/go/1.27.1/a"..., "-o", "/tmp/go-build1442187625/b066/_pk"..., "-trimpath", "/tmp/go-build1442187625/b066=>", "-p", "internal/godebug", "-lang=go1.27", "-std", "-complete", "-buildid", "cmX-blzkMHhwUEosj4ox/cmX-blzkMHh"..., "-goversion", "go1.27.1", "-c=4", "-nolocalimports", "-importcfg", "/tmp/go-build1442187625/b066/imp"..., "-pack", "/opt/hostedtoolcache/go/1.27.1/a"...], 0x4a56488e4488 /* 140 vars */ <unfinished ...>
10662 <... clone resumed>, parent_tid=[14]) = 11191
11191 <... execve resumed>)             = 0
11188 clone(child_stack=0x2916df894000, flags=CLONE_VM|CLONE_FS|CLONE_FILES|CLONE_SIGHAND|CLONE_THREAD|CLONE_SYSVSEM) = 11192
10662 waitid(P_PIDFD, 14,  <unfinished ...>
11188 clone(child_stack=0x2916df8cc000, flags=CLONE_VM|CLONE_FS|CLONE_FILES|CLONE_SIGHAND|CLONE_THREAD|CLONE_SYSVSEM) = 11193
11192 tgkill(11188, 11188, SIGURG)      = 0
11188 --- SIGURG {si_signo=SIGURG, si_code=SI_TKILL, si_pid=11188, si_uid=1001} ---
11188 clone(child_stack=0x2916df8c8000, flags=CLONE_VM|CLONE_FS|CLONE_FILES|CLONE_SIGHAND|CLONE_THREAD|CLONE_SYSVSEM) = 11194
11193 clone(child_stack=0x2916df918000, flags=CLONE_VM|CLONE_FS|CLONE_FILES|CLONE_SIGHAND|CLONE_THREAD|CLONE_SYSVSEM) = 11195
11189 clone(child_stack=0x49d5acb7e000, flags=CLONE_VM|CLONE_FS|CLONE_FILES|CLONE_SIGHAND|CLONE_THREAD|CLONE_SYSVSEM) = 11196
11196 tgkill(11189, 11189, SIGURG <unfinished ...>
11189 clone(child_stack=0x49d5acbb6000, flags=CLONE_VM|CLONE_FS|CLONE_FILES|CLONE_SIGHAND|CLONE_THREAD|CLONE_SYSVSEM <unfinished ...>
11196 <... tgkill resumed>)             = 0
11189 <... clone resumed>)              = 11197
11189 --- SIGURG {si_signo=SIGURG, si_code=SI_TKILL, si_pid=11189, si_uid=1001} ---
11196 tgkill(11189, 11189, SIGURG)      = 0
11189 clone(child_stack=0x49d5acbb2000, flags=CLONE_VM|CLONE_FS|CLONE_FILES|CLONE_SIGHAND|CLONE_THREAD|CLONE_SYSVSEM) = 11198
11189 --- SIGURG {si_signo=SIGURG, si_code=SI_TKILL, si_pid=11189, si_uid=1001} ---
11197 clone(child_stack=0x49d5acc18000, flags=CLONE_VM|CLONE_FS|CLONE_FILES|CLONE_SIGHAND|CLONE_THREAD|CLONE_SYSVSEM) = 11199
11199 clone(child_stack=0x49d5acc14000, flags=CLONE_VM|CLONE_FS|CLONE_FILES|CLONE_SIGHAND|CLONE_THREAD|CLONE_SYSVSEM) = 11200
11190 clone(child_stack=0x28ccf4da2000, flags=CLONE_VM|CLONE_FS|CLONE_FILES|CLONE_SIGHAND|CLONE_THREAD|CLONE_SYSVSEM) = 11201
11190 clone(child_stack=0x28ccf4dda000, flags=CLONE_VM|CLONE_FS|CLONE_FILES|CLONE_SIGHAND|CLONE_THREAD|CLONE_SYSVSEM) = 11202
11201 tgkill(11190, 11190, SIGURG)      = 0
11190 clone(child_stack=0x28ccf4dd6000, flags=CLONE_VM|CLONE_FS|CLONE_FILES|CLONE_SIGHAND|CLONE_THREAD|CLONE_SYSVSEM) = 11203
11190 --- SIGURG {si_signo=SIGURG, si_code=SI_TKILL, si_pid=11190, si_uid=1001} ---
11202 clone(child_stack=0x28ccf4e18000, flags=CLONE_VM|CLONE_FS|CLONE_FILES|CLONE_SIGHAND|CLONE_THREAD|CLONE_SYSVSEM) = 11204
11192 clone(child_stack=0x2916dfd92000, flags=CLONE_VM|CLONE_FS|CLONE_FILES|CLONE_SIGHAND|CLONE_THREAD|CLONE_SYSVSEM) = 11205
11191 clone(child_stack=0x67195d756000, flags=CLONE_VM|CLONE_FS|CLONE_FILES|CLONE_SIGHAND|CLONE_THREAD|CLONE_SYSVSEM) = 11206
11206 tgkill(11191, 11191, SIGURG)      = 0
11191 clone(child_stack=0x67195d790000, flags=CLONE_VM|CLONE_FS|CLONE_FILES|CLONE_SIGHAND|CLONE_THREAD|CLONE_SYSVSEM) = 11207
11191 --- SIGURG {si_signo=SIGURG, si_code=SI_TKILL, si_pid=11191, si_uid=1001} ---
11191 clone(child_stack=0x67195d78c000, flags=CLONE_VM|CLONE_FS|CLONE_FILES|CLONE_SIGHAND|CLONE_THREAD|CLONE_SYSVSEM) = 11208
11207 clone(child_stack=0x67195d7b0000, flags=CLONE_VM|CLONE_FS|CLONE_FILES|CLONE_SIGHAND|CLONE_THREAD|CLONE_SYSVSEM) = 11209
11201 clone(child_stack=0x28ccf51a4000, flags=CLONE_VM|CLONE_FS|CLONE_FILES|CLONE_SIGHAND|CLONE_THREAD|CLONE_SYSVSEM) = 11210
11189 exit_group(0)                     = ?
11199 +++ exited with 0 +++
11198 +++ exited with 0 +++
11200 +++ exited with 0 +++
11197 +++ exited with 0 +++
11196 +++ exited with 0 +++
11189 +++ exited with 0 +++
10663 <... waitid resumed>{si_signo=SIGCHLD, si_code=CLD_EXITED, si_pid=11189, si_uid=1001, si_status=0, si_utime=0, si_stime=0}, WEXITED, {ru_utime={tv_sec=0, tv_usec=0}, ru_stime={tv_sec=0, tv_usec=8059}, ...}) = 0
10661 --- SIGCHLD {si_signo=SIGCHLD, si_code=CLD_EXITED, si_pid=11189, si_uid=1001, si_status=0, si_utime=0, si_stime=0} ---
10661 clone(child_stack=NULL, flags=CLONE_VM|CLONE_PIDFD|CLONE_VFORK|SIGCHLD <unfinished ...>
11211 execve("/opt/hostedtoolcache/go/1.27.1/arm64/pkg/tool/linux_arm64/compile", ["/opt/hostedtoolcache/go/1.27.1/a"..., "-o", "/tmp/go-build1442187625/b038/_pk"..., "-trimpath", "/tmp/go-build1442187625/b038=>", "-p", "reflect", "-lang=go1.27", "-std", "-buildid", "vgM9dhPYLOoocTWEATuP/vgM9dhPYLOo"..., "-goversion", "go1.27.1", "-symabis", "/tmp/go-build1442187625/b038/sym"..., "-c=4", "-nolocalimports", "-importcfg", "/tmp/go-build1442187625/b038/imp"..., "-pack", "-asmhdr", "/tmp/go-build1442187625/b038/go_"..., "/opt/hostedtoolcache/go/1.27.1/a"..., "/opt/hostedtoolcache/go/1.27.1/a"..., "/opt/hostedtoolcache/go/1.27.1/a"..., "/opt/hostedtoolcache/go/1.27.1/a"..., "/opt/hostedtoolcache/go/1.27.1/a"..., "/opt/hostedtoolcache/go/1.27.1/a"..., "/opt/hostedtoolcache/go/1.27.1/a"..., "/opt/hostedtoolcache/go/1.27.1/a"..., "/opt/hostedtoolcache/go/1.27.1/a"..., "/opt/hostedtoolcache/go/1.27.1/a"..., ...], 0x4a5648817208 /* 140 vars */ <unfinished ...>
10661 <... clone resumed>, parent_tid=[15]) = 11211
11211 <... execve resumed>)             = 0
10661 waitid(P_PIDFD, 15,  <unfinished ...>
11192 tgkill(11188, 11193, SIGURG)      = 0
11193 --- SIGURG {si_signo=SIGURG, si_code=SI_TKILL, si_pid=11188, si_uid=1001} ---
11206 tgkill(11191, 11191, SIGURG)      = 0
11191 --- SIGURG {si_signo=SIGURG, si_code=SI_TKILL, si_pid=11191, si_uid=1001} ---
11201 tgkill(11190, 11190, SIGURG)      = 0
11190 --- SIGURG {si_signo=SIGURG, si_code=SI_TKILL, si_pid=11190, si_uid=1001} ---
11211 clone(child_stack=0x5c1d1d3d4000, flags=CLONE_VM|CLONE_FS|CLONE_FILES|CLONE_SIGHAND|CLONE_THREAD|CLONE_SYSVSEM) = 11212
11211 clone(child_stack=0x5c1d1d410000, flags=CLONE_VM|CLONE_FS|CLONE_FILES|CLONE_SIGHAND|CLONE_THREAD|CLONE_SYSVSEM) = 11213
11211 clone(child_stack=0x5c1d1d40c000, flags=CLONE_VM|CLONE_FS|CLONE_FILES|CLONE_SIGHAND|CLONE_THREAD|CLONE_SYSVSEM <unfinished ...>
11213 clone(child_stack=0x5c1d1d430000, flags=CLONE_VM|CLONE_FS|CLONE_FILES|CLONE_SIGHAND|CLONE_THREAD|CLONE_SYSVSEM <unfinished ...>
11211 <... clone resumed>)              = 11214
11213 <... clone resumed>)              = 11215
11212 clone(child_stack=0x5c1d1d7ca000, flags=CLONE_VM|CLONE_FS|CLONE_FILES|CLONE_SIGHAND|CLONE_THREAD|CLONE_SYSVSEM) = 11216
11212 clone(child_stack=0x5c1d1d7c6000, flags=CLONE_VM|CLONE_FS|CLONE_FILES|CLONE_SIGHAND|CLONE_THREAD|CLONE_SYSVSEM) = 11217
11192 tgkill(11188, 11194, SIGURG)      = 0
11194 --- SIGURG {si_signo=SIGURG, si_code=SI_TKILL, si_pid=11188, si_uid=1001} ---
11206 tgkill(11191, 11207, SIGURG <unfinished ...>
11207 --- SIGURG {si_signo=SIGURG, si_code=SI_TKILL, si_pid=11191, si_uid=1001} ---
11206 <... tgkill resumed>)             = 0
11201 tgkill(11190, 11204, SIGURG)      = 0
11204 --- SIGURG {si_signo=SIGURG, si_code=SI_TKILL, si_pid=11190, si_uid=1001} ---
11212 tgkill(11211, 11216, SIGURG)      = 0
11216 --- SIGURG {si_signo=SIGURG, si_code=SI_TKILL, si_pid=11211, si_uid=1001} ---
11201 tgkill(11190, 11210, SIGURG)      = 0
11210 --- SIGURG {si_signo=SIGURG, si_code=SI_TKILL, si_pid=11190, si_uid=1001} ---
11206 tgkill(11191, 11209, SIGURG)      = 0
11209 --- SIGURG {si_signo=SIGURG, si_code=SI_TKILL, si_pid=11191, si_uid=1001} ---
11212 tgkill(11211, 11216, SIGURG)      = 0
11216 --- SIGURG {si_signo=SIGURG, si_code=SI_TKILL, si_pid=11211, si_uid=1001} ---
11201 tgkill(11190, 11203, SIGURG)      = 0
11201 tgkill(11190, 11204, SIGURG)      = 0
11201 tgkill(11190, 11190, SIGURG)      = 0
11190 --- SIGURG {si_signo=SIGURG, si_code=SI_TKILL, si_pid=11190, si_uid=1001} ---
11204 --- SIGURG {si_signo=SIGURG, si_code=SI_TKILL, si_pid=11190, si_uid=1001} ---
11203 --- SIGURG {si_signo=SIGURG, si_code=SI_TKILL, si_pid=11190, si_uid=1001} ---
11206 tgkill(11191, 11191, SIGURG)      = 0
11191 --- SIGURG {si_signo=SIGURG, si_code=SI_TKILL, si_pid=11191, si_uid=1001} ---
11192 tgkill(11188, 11205, SIGURG)      = 0
11205 --- SIGURG {si_signo=SIGURG, si_code=SI_TKILL, si_pid=11188, si_uid=1001} ---
11206 tgkill(11191, 11208, SIGURG)      = 0
11208 --- SIGURG {si_signo=SIGURG, si_code=SI_TKILL, si_pid=11191, si_uid=1001} ---
11206 tgkill(11191, 11207, SIGURG)      = 0
11207 --- SIGURG {si_signo=SIGURG, si_code=SI_TKILL, si_pid=11191, si_uid=1001} ---
11201 tgkill(11190, 11210, SIGURG)      = 0
11210 --- SIGURG {si_signo=SIGURG, si_code=SI_TKILL, si_pid=11190, si_uid=1001} ---
11212 tgkill(11211, 11216, SIGURG)      = 0
11216 --- SIGURG {si_signo=SIGURG, si_code=SI_TKILL, si_pid=11211, si_uid=1001} ---
11201 tgkill(11190, 11203, SIGURG <unfinished ...>
11206 tgkill(11191, 11207, SIGURG)      = 0
11201 <... tgkill resumed>)             = 0
11207 --- SIGURG {si_signo=SIGURG, si_code=SI_TKILL, si_pid=11191, si_uid=1001} ---
11201 tgkill(11190, 11204, SIGURG)      = 0
11201 tgkill(11190, 11190, SIGURG)      = 0
11190 --- SIGURG {si_signo=SIGURG, si_code=SI_TKILL, si_pid=11190, si_uid=1001} ---
11204 --- SIGURG {si_signo=SIGURG, si_code=SI_TKILL, si_pid=11190, si_uid=1001} ---
11203 --- SIGURG {si_signo=SIGURG, si_code=SI_TKILL, si_pid=11190, si_uid=1001} ---
11192 tgkill(11188, 11194, SIGURG)      = 0
11194 --- SIGURG {si_signo=SIGURG, si_code=SI_TKILL, si_pid=11188, si_uid=1001} ---
11201 tgkill(11190, 11210, SIGURG)      = 0
11210 --- SIGURG {si_signo=SIGURG, si_code=SI_TKILL, si_pid=11190, si_uid=1001} ---
11212 tgkill(11211, 11216, SIGURG)      = 0
11216 --- SIGURG {si_signo=SIGURG, si_code=SI_TKILL, si_pid=11211, si_uid=1001} ---
11206 tgkill(11191, 11208, SIGURG)      = 0
11208 --- SIGURG {si_signo=SIGURG, si_code=SI_TKILL, si_pid=11191, si_uid=1001} ---
11201 tgkill(11190, 11204, SIGURG)      = 0
11204 --- SIGURG {si_signo=SIGURG, si_code=SI_TKILL, si_pid=11190, si_uid=1001} ---
11192 tgkill(11188, 11205, SIGURG)      = 0
11205 --- SIGURG {si_signo=SIGURG, si_code=SI_TKILL, si_pid=11188, si_uid=1001} ---
11212 tgkill(11211, 11211, SIGURG)      = 0
11211 --- SIGURG {si_signo=SIGURG, si_code=SI_TKILL, si_pid=11211, si_uid=1001} ---
11201 tgkill(11190, 11203, SIGURG)      = 0
11203 --- SIGURG {si_signo=SIGURG, si_code=SI_TKILL, si_pid=11190, si_uid=1001} ---
11207 exit_group(0)                     = ?
11209 +++ exited with 0 +++
11208 +++ exited with 0 +++
11207 +++ exited with 0 +++
11206 +++ exited with 0 +++
11191 +++ exited with 0 +++
10663 --- SIGCHLD {si_signo=SIGCHLD, si_code=CLD_EXITED, si_pid=11191, si_uid=1001, si_status=0, si_utime=8 /* 0.08 s */, si_stime=2 /* 0.02 s */} ---
10662 <... waitid resumed>{si_signo=SIGCHLD, si_code=CLD_EXITED, si_pid=11191, si_uid=1001, si_status=0, si_utime=0, si_stime=0}, WEXITED, {ru_utime={tv_sec=0, tv_usec=89697}, ru_stime={tv_sec=0, tv_usec=22682}, ...}) = 0
10660 tgkill(10659, 10662, SIGURG)      = 0
10662 --- SIGURG {si_signo=SIGURG, si_code=SI_TKILL, si_pid=10659, si_uid=1001} ---
11190 exit_group(0)                     = ?
11210 +++ exited with 0 +++
11201 +++ exited with 0 +++
11203 +++ exited with 0 +++
11204 +++ exited with 0 +++
11192 tgkill(11188, 11193, SIGURG)      = 0
10664 tgkill(10659, 10723, SIGURG)      = 0
10723 --- SIGURG {si_signo=SIGURG, si_code=SI_TKILL, si_pid=10659, si_uid=1001} ---
11193 --- SIGURG {si_signo=SIGURG, si_code=SI_TKILL, si_pid=11188, si_uid=1001} ---
11202 +++ exited with 0 +++
11190 +++ exited with 0 +++
10724 <... waitid resumed>{si_signo=SIGCHLD, si_code=CLD_EXITED, si_pid=11190, si_uid=1001, si_status=0, si_utime=0, si_stime=0}, WEXITED, {ru_utime={tv_sec=0, tv_usec=115934}, ru_stime={tv_sec=0, tv_usec=19005}, ...}) = 0
10666 --- SIGCHLD {si_signo=SIGCHLD, si_code=CLD_EXITED, si_pid=11190, si_uid=1001, si_status=0, si_utime=12 /* 0.12 s */, si_stime=2 /* 0.02 s */} ---
11212 tgkill(11211, 11215, SIGURG)      = 0
11215 --- SIGURG {si_signo=SIGURG, si_code=SI_TKILL, si_pid=11211, si_uid=1001} ---
10663 clone(child_stack=NULL, flags=CLONE_VM|CLONE_PIDFD|CLONE_VFORK|SIGCHLD <unfinished ...>
10660 tgkill(10659, 10663, SIGURG)      = 0
11218 execve("/opt/hostedtoolcache/go/1.27.1/arm64/pkg/tool/linux_arm64/compile", ["/opt/hostedtoolcache/go/1.27.1/a"..., "-o", "/tmp/go-build1442187625/b069/_pk"..., "-trimpath", "/tmp/go-build1442187625/b069=>", "-p", "strings", "-lang=go1.27", "-std", "-complete", "-buildid", "bvkjzTh519L6xzbeU7R3/bvkjzTh519L"..., "-goversion", "go1.27.1", "-c=4", "-nolocalimports", "-importcfg", "/tmp/go-build1442187625/b069/imp"..., "-pack", "/opt/hostedtoolcache/go/1.27.1/a"..., "/opt/hostedtoolcache/go/1.27.1/a"..., "/opt/hostedtoolcache/go/1.27.1/a"..., "/opt/hostedtoolcache/go/1.27.1/a"..., "/opt/hostedtoolcache/go/1.27.1/a"..., "/opt/hostedtoolcache/go/1.27.1/a"..., "/opt/hostedtoolcache/go/1.27.1/a"..., "/opt/hostedtoolcache/go/1.27.1/a"...], 0x4a56487e8008 /* 140 vars */ <unfinished ...>
10663 <... clone resumed>, parent_tid=[14]) = 11218
11218 <... execve resumed>)             = 0
10663 --- SIGURG {si_signo=SIGURG, si_code=SI_TKILL, si_pid=10659, si_uid=1001} ---
10663 waitid(P_PIDFD, 14,  <unfinished ...>
11192 tgkill(11188, 11193, SIGURG <unfinished ...>
11193 --- SIGURG {si_signo=SIGURG, si_code=SI_TKILL, si_pid=11188, si_uid=1001} ---
11192 <... tgkill resumed>)             = 0
11212 tgkill(11211, 11215, SIGURG)      = 0
11215 --- SIGURG {si_signo=SIGURG, si_code=SI_TKILL, si_pid=11211, si_uid=1001} ---
11218 clone(child_stack=0x69382806a000, flags=CLONE_VM|CLONE_FS|CLONE_FILES|CLONE_SIGHAND|CLONE_THREAD|CLONE_SYSVSEM) = 11219
11218 clone(child_stack=0x6938280a2000, flags=CLONE_VM|CLONE_FS|CLONE_FILES|CLONE_SIGHAND|CLONE_THREAD|CLONE_SYSVSEM) = 11220
11218 clone(child_stack=0x69382809e000, flags=CLONE_VM|CLONE_FS|CLONE_FILES|CLONE_SIGHAND|CLONE_THREAD|CLONE_SYSVSEM) = 11221
11220 clone(child_stack=0x693828118000, flags=CLONE_VM|CLONE_FS|CLONE_FILES|CLONE_SIGHAND|CLONE_THREAD|CLONE_SYSVSEM) = 11222
11192 tgkill(11188, 11205, SIGURG)      = 0
11205 --- SIGURG {si_signo=SIGURG, si_code=SI_TKILL, si_pid=11188, si_uid=1001} ---
11192 tgkill(11188, 11193, SIGURG <unfinished ...>
11193 --- SIGURG {si_signo=SIGURG, si_code=SI_TKILL, si_pid=11188, si_uid=1001} ---
11192 <... tgkill resumed>)             = 0
11192 tgkill(11188, 11194, SIGURG)      = 0
11194 --- SIGURG {si_signo=SIGURG, si_code=SI_TKILL, si_pid=11188, si_uid=1001} ---
11212 tgkill(11211, 11216, SIGURG)      = 0
11219 tgkill(11218, 11218, SIGURG)      = 0
11194 tgkill(11188, 11205, SIGURG <unfinished ...>
11218 --- SIGURG {si_signo=SIGURG, si_code=SI_TKILL, si_pid=11218, si_uid=1001} ---
11205 --- SIGURG {si_signo=SIGURG, si_code=SI_TKILL, si_pid=11188, si_uid=1001} ---
11194 <... tgkill resumed>)             = 0
11194 tgkill(11188, 11193, SIGURG)      = 0
11216 --- SIGURG {si_signo=SIGURG, si_code=SI_TKILL, si_pid=11211, si_uid=1001} ---
11193 --- SIGURG {si_signo=SIGURG, si_code=SI_TKILL, si_pid=11188, si_uid=1001} ---
11188 tgkill(11188, 11205, SIGURG)      = 0
11205 --- SIGURG {si_signo=SIGURG, si_code=SI_TKILL, si_pid=11188, si_uid=1001} ---
11188 tgkill(11188, 11205, SIGURG)      = 0
11205 --- SIGURG {si_signo=SIGURG, si_code=SI_TKILL, si_pid=11188, si_uid=1001} ---
11188 tgkill(11188, 11194, SIGURG <unfinished ...>
11205 tgkill(11188, 11193, SIGURG)      = 0
11188 <... tgkill resumed>)             = 0
11193 --- SIGURG {si_signo=SIGURG, si_code=SI_TKILL, si_pid=11188, si_uid=1001} ---
11194 --- SIGURG {si_signo=SIGURG, si_code=SI_TKILL, si_pid=11188, si_uid=1001} ---
11194 tgkill(11188, 11205, SIGURG)      = 0
11205 --- SIGURG {si_signo=SIGURG, si_code=SI_TKILL, si_pid=11188, si_uid=1001} ---
11194 tgkill(11188, 11193, SIGURG)      = 0
11193 --- SIGURG {si_signo=SIGURG, si_code=SI_TKILL, si_pid=11188, si_uid=1001} ---
11194 tgkill(11188, 11193, SIGURG)      = 0
11193 --- SIGURG {si_signo=SIGURG, si_code=SI_TKILL, si_pid=11188, si_uid=1001} ---
11192 tgkill(11188, 11205, SIGURG)      = 0
11205 --- SIGURG {si_signo=SIGURG, si_code=SI_TKILL, si_pid=11188, si_uid=1001} ---
11192 tgkill(11188, 11188, SIGURG)      = 0
11188 --- SIGURG {si_signo=SIGURG, si_code=SI_TKILL, si_pid=11188, si_uid=1001} ---
11219 tgkill(11218, 11221, SIGURG)      = 0
11221 --- SIGURG {si_signo=SIGURG, si_code=SI_TKILL, si_pid=11218, si_uid=1001} ---
11212 tgkill(11211, 11211, SIGURG)      = 0
11211 --- SIGURG {si_signo=SIGURG, si_code=SI_TKILL, si_pid=11211, si_uid=1001} ---
11205 tgkill(11188, 11193, SIGURG)      = 0
11193 --- SIGURG {si_signo=SIGURG, si_code=SI_TKILL, si_pid=11188, si_uid=1001} ---
11205 tgkill(11188, 11188, SIGURG)      = 0
11188 --- SIGURG {si_signo=SIGURG, si_code=SI_TKILL, si_pid=11188, si_uid=1001} ---
11205 tgkill(11188, 11194, SIGURG)      = 0
11194 --- SIGURG {si_signo=SIGURG, si_code=SI_TKILL, si_pid=11188, si_uid=1001} ---
11205 tgkill(11188, 11193, SIGURG)      = 0
11193 --- SIGURG {si_signo=SIGURG, si_code=SI_TKILL, si_pid=11188, si_uid=1001} ---
11205 tgkill(11188, 11188, SIGURG)      = 0
11188 --- SIGURG {si_signo=SIGURG, si_code=SI_TKILL, si_pid=11188, si_uid=1001} ---
11205 tgkill(11188, 11194, SIGURG)      = 0
11194 --- SIGURG {si_signo=SIGURG, si_code=SI_TKILL, si_pid=11188, si_uid=1001} ---
11205 tgkill(11188, 11188, SIGURG)      = 0
11188 --- SIGURG {si_signo=SIGURG, si_code=SI_TKILL, si_pid=11188, si_uid=1001} ---
11205 tgkill(11188, 11194, SIGURG)      = 0
11205 tgkill(11188, 11193, SIGURG)      = 0
11193 --- SIGURG {si_signo=SIGURG, si_code=SI_TKILL, si_pid=11188, si_uid=1001} ---
11205 tgkill(11188, 11188, SIGURG)      = 0
11188 --- SIGURG {si_signo=SIGURG, si_code=SI_TKILL, si_pid=11188, si_uid=1001} ---
11194 --- SIGURG {si_signo=SIGURG, si_code=SI_TKILL, si_pid=11188, si_uid=1001} ---
11205 tgkill(11188, 11193, SIGURG)      = 0
11193 --- SIGURG {si_signo=SIGURG, si_code=SI_TKILL, si_pid=11188, si_uid=1001} ---
11205 tgkill(11188, 11194, SIGURG)      = 0
11205 tgkill(11188, 11193, SIGURG)      = 0
11193 --- SIGURG {si_signo=SIGURG, si_code=SI_TKILL, si_pid=11188, si_uid=1001} ---
11205 tgkill(11188, 11188, SIGURG)      = 0
11188 --- SIGURG {si_signo=SIGURG, si_code=SI_TKILL, si_pid=11188, si_uid=1001} ---
11194 --- SIGURG {si_signo=SIGURG, si_code=SI_TKILL, si_pid=11188, si_uid=1001} ---
11205 tgkill(11188, 11193, SIGURG)      = 0
11193 --- SIGURG {si_signo=SIGURG, si_code=SI_TKILL, si_pid=11188, si_uid=1001} ---
11205 tgkill(11188, 11194, SIGURG)      = 0
11194 --- SIGURG {si_signo=SIGURG, si_code=SI_TKILL, si_pid=11188, si_uid=1001} ---
11219 tgkill(11218, 11220, SIGURG)      = 0
11220 --- SIGURG {si_signo=SIGURG, si_code=SI_TKILL, si_pid=11218, si_uid=1001} ---
11212 tgkill(11211, 11216, SIGURG)      = 0
11216 --- SIGURG {si_signo=SIGURG, si_code=SI_TKILL, si_pid=11211, si_uid=1001} ---
11192 tgkill(11188, 11205, SIGURG)      = 0
11192 tgkill(11188, 11193, SIGURG)      = 0
11193 --- SIGURG {si_signo=SIGURG, si_code=SI_TKILL, si_pid=11188, si_uid=1001} ---
11192 tgkill(11188, 11188, SIGURG)      = 0
11188 --- SIGURG {si_signo=SIGURG, si_code=SI_TKILL, si_pid=11188, si_uid=1001} ---
11192 tgkill(11188, 11194, SIGURG)      = 0
11205 --- SIGURG {si_signo=SIGURG, si_code=SI_TKILL, si_pid=11188, si_uid=1001} ---
11194 --- SIGURG {si_signo=SIGURG, si_code=SI_TKILL, si_pid=11188, si_uid=1001} ---
11219 tgkill(11218, 11221, SIGURG)      = 0
11221 --- SIGURG {si_signo=SIGURG, si_code=SI_TKILL, si_pid=11218, si_uid=1001} ---
11211 tgkill(11211, 11216, SIGURG)      = 0
11216 --- SIGURG {si_signo=SIGURG, si_code=SI_TKILL, si_pid=11211, si_uid=1001} ---
11192 tgkill(11188, 11205, SIGURG)      = 0
11205 --- SIGURG {si_signo=SIGURG, si_code=SI_TKILL, si_pid=11188, si_uid=1001} ---
11212 tgkill(11211, 11211, SIGURG)      = 0
11211 --- SIGURG {si_signo=SIGURG, si_code=SI_TKILL, si_pid=11211, si_uid=1001} ---
11219 tgkill(11218, 11220, SIGURG)      = 0
11220 --- SIGURG {si_signo=SIGURG, si_code=SI_TKILL, si_pid=11218, si_uid=1001} ---
11211 tgkill(11211, 11217, SIGURG)      = 0
11217 --- SIGURG {si_signo=SIGURG, si_code=SI_TKILL, si_pid=11211, si_uid=1001} ---
11219 tgkill(11218, 11218, SIGURG)      = 0
11218 --- SIGURG {si_signo=SIGURG, si_code=SI_TKILL, si_pid=11218, si_uid=1001} ---
11219 tgkill(11218, 11221, SIGURG)      = 0
11221 --- SIGURG {si_signo=SIGURG, si_code=SI_TKILL, si_pid=11218, si_uid=1001} ---
11219 tgkill(11218, 11222, SIGURG)      = 0
11222 --- SIGURG {si_signo=SIGURG, si_code=SI_TKILL, si_pid=11218, si_uid=1001} ---
11211 tgkill(11211, 11216, SIGURG)      = 0
11216 --- SIGURG {si_signo=SIGURG, si_code=SI_TKILL, si_pid=11211, si_uid=1001} ---
11192 tgkill(11188, 11193, SIGURG <unfinished ...>
11193 --- SIGURG {si_signo=SIGURG, si_code=SI_TKILL, si_pid=11188, si_uid=1001} ---
11192 <... tgkill resumed>)             = 0
11211 tgkill(11211, 11216, SIGURG)      = 0
11216 --- SIGURG {si_signo=SIGURG, si_code=SI_TKILL, si_pid=11211, si_uid=1001} ---
11211 tgkill(11211, 11216, SIGURG)      = 0
11216 --- SIGURG {si_signo=SIGURG, si_code=SI_TKILL, si_pid=11211, si_uid=1001} ---
11211 tgkill(11211, 11216, SIGURG)      = 0
11216 --- SIGURG {si_signo=SIGURG, si_code=SI_TKILL, si_pid=11211, si_uid=1001} ---
11219 tgkill(11218, 11220, SIGURG <unfinished ...>
11220 --- SIGURG {si_signo=SIGURG, si_code=SI_TKILL, si_pid=11218, si_uid=1001} ---
11219 <... tgkill resumed>)             = 0
11212 tgkill(11211, 11211, SIGURG)      = 0
11211 --- SIGURG {si_signo=SIGURG, si_code=SI_TKILL, si_pid=11211, si_uid=1001} ---
11192 tgkill(11188, 11205, SIGURG)      = 0
11205 --- SIGURG {si_signo=SIGURG, si_code=SI_TKILL, si_pid=11188, si_uid=1001} ---
11205 exit_group(0)                     = ?
11194 +++ exited with 0 +++
11192 +++ exited with 0 +++
11205 +++ exited with 0 +++
11195 +++ exited with 0 +++
11212 tgkill(11211, 11216, SIGURG)      = 0
11216 --- SIGURG {si_signo=SIGURG, si_code=SI_TKILL, si_pid=11211, si_uid=1001} ---
11219 tgkill(11218, 11218, SIGURG)      = 0
11218 --- SIGURG {si_signo=SIGURG, si_code=SI_TKILL, si_pid=11218, si_uid=1001} ---
11219 tgkill(11218, 11221, SIGURG)      = 0
11221 --- SIGURG {si_signo=SIGURG, si_code=SI_TKILL, si_pid=11218, si_uid=1001} ---
11219 tgkill(11218, 11222, SIGURG)      = 0
11222 --- SIGURG {si_signo=SIGURG, si_code=SI_TKILL, si_pid=11218, si_uid=1001} ---
11193 +++ exited with 0 +++
11188 +++ exited with 0 +++
10724 --- SIGCHLD {si_signo=SIGCHLD, si_code=CLD_EXITED, si_pid=11188, si_uid=1001, si_status=0, si_utime=36 /* 0.36 s */, si_stime=5 /* 0.05 s */} ---
10665 <... waitid resumed>{si_signo=SIGCHLD, si_code=CLD_EXITED, si_pid=11188, si_uid=1001, si_status=0, si_utime=0, si_stime=0}, WEXITED, {ru_utime={tv_sec=0, tv_usec=362892}, ru_stime={tv_sec=0, tv_usec=53130}, ...}) = 0
10724 clone(child_stack=NULL, flags=CLONE_VM|CLONE_PIDFD|CLONE_VFORK|SIGCHLD <unfinished ...>
11223 execve("/opt/hostedtoolcache/go/1.27.1/arm64/pkg/tool/linux_arm64/asm", ["/opt/hostedtoolcache/go/1.27.1/a"..., "-p", "syscall", "-trimpath", "/tmp/go-build1442187625/b056=>", "-I", "/tmp/go-build1442187625/b056/", "-I", "/opt/hostedtoolcache/go/1.27.1/a"..., "-D", "GOOS_linux", "-D", "GOARCH_arm64", "-std", "-o", "/tmp/go-build1442187625/b056/asm"..., "/opt/hostedtoolcache/go/1.27.1/a"...], 0x4a56487e8d88 /* 140 vars */ <unfinished ...>
10724 <... clone resumed>, parent_tid=[16]) = 11223
11223 <... execve resumed>)             = 0
10724 waitid(P_PIDFD, 16,  <unfinished ...>
11212 tgkill(11211, 11216, SIGURG)      = 0
11216 --- SIGURG {si_signo=SIGURG, si_code=SI_TKILL, si_pid=11211, si_uid=1001} ---
11223 clone(child_stack=0x6aa7322d8000, flags=CLONE_VM|CLONE_FS|CLONE_FILES|CLONE_SIGHAND|CLONE_THREAD|CLONE_SYSVSEM) = 11224
11223 clone(child_stack=0x6aa732310000, flags=CLONE_VM|CLONE_FS|CLONE_FILES|CLONE_SIGHAND|CLONE_THREAD|CLONE_SYSVSEM) = 11225
11224 tgkill(11223, 11223, SIGURG)      = 0
11223 clone(child_stack=0x6aa73230c000, flags=CLONE_VM|CLONE_FS|CLONE_FILES|CLONE_SIGHAND|CLONE_THREAD|CLONE_SYSVSEM) = 11226
11223 --- SIGURG {si_signo=SIGURG, si_code=SI_TKILL, si_pid=11223, si_uid=1001} ---
11225 clone(child_stack=0x6aa732398000, flags=CLONE_VM|CLONE_FS|CLONE_FILES|CLONE_SIGHAND|CLONE_THREAD|CLONE_SYSVSEM) = 11227
11218 exit_group(0)                     = ?
11222 +++ exited with 0 +++
11221 +++ exited with 0 +++
11220 +++ exited with 0 +++
11219 +++ exited with 0 +++
11218 +++ exited with 0 +++
10663 <... waitid resumed>{si_signo=SIGCHLD, si_code=CLD_EXITED, si_pid=11218, si_uid=1001, si_status=0, si_utime=0, si_stime=0}, WEXITED, {ru_utime={tv_sec=0, tv_usec=136759}, ru_stime={tv_sec=0, tv_usec=25580}, ...}) = 0
10665 --- SIGCHLD {si_signo=SIGCHLD, si_code=CLD_EXITED, si_pid=11218, si_uid=1001, si_status=0, si_utime=13 /* 0.13 s */, si_stime=2 /* 0.02 s */} ---
11223 exit_group(0)                     = ?
11226 +++ exited with 0 +++
11225 +++ exited with 0 +++
11224 +++ exited with 0 +++
11227 +++ exited with 0 +++
11223 +++ exited with 0 +++
10724 <... waitid resumed>{si_signo=SIGCHLD, si_code=CLD_EXITED, si_pid=11223, si_uid=1001, si_status=0, si_utime=0, si_stime=0}, WEXITED, {ru_utime={tv_sec=0, tv_usec=0}, ru_stime={tv_sec=0, tv_usec=7458}, ...}) = 0
10663 --- SIGCHLD {si_signo=SIGCHLD, si_code=CLD_EXITED, si_pid=11223, si_uid=1001, si_status=0, si_utime=0, si_stime=0} ---
10660 tgkill(10659, 10666, SIGURG <unfinished ...>
10666 --- SIGURG {si_signo=SIGURG, si_code=SI_TKILL, si_pid=10659, si_uid=1001} ---
10660 <... tgkill resumed>)             = 0
10665 clone(child_stack=NULL, flags=CLONE_VM|CLONE_PIDFD|CLONE_VFORK|SIGCHLD <unfinished ...>
10666 tgkill(10659, 10665, SIGURG)      = 0
10666 tgkill(10659, 10663, SIGURG)      = 0
10663 --- SIGURG {si_signo=SIGURG, si_code=SI_TKILL, si_pid=10659, si_uid=1001} ---
11228 execve("/opt/hostedtoolcache/go/1.27.1/arm64/pkg/tool/linux_arm64/compile", ["/opt/hostedtoolcache/go/1.27.1/a"..., "-o", "/tmp/go-build1442187625/b071/_pk"..., "-trimpath", "/tmp/go-build1442187625/b071=>", "-p", "regexp/syntax", "-lang=go1.27", "-std", "-complete", "-buildid", "1347f9jNZYWeZsu9p2wx/1347f9jNZYW"..., "-goversion", "go1.27.1", "-c=4", "-nolocalimports", "-importcfg", "/tmp/go-build1442187625/b071/imp"..., "-pack", "/opt/hostedtoolcache/go/1.27.1/a"..., "/opt/hostedtoolcache/go/1.27.1/a"..., "/opt/hostedtoolcache/go/1.27.1/a"..., "/opt/hostedtoolcache/go/1.27.1/a"..., "/opt/hostedtoolcache/go/1.27.1/a"..., "/opt/hostedtoolcache/go/1.27.1/a"..., "/opt/hostedtoolcache/go/1.27.1/a"..., "/opt/hostedtoolcache/go/1.27.1/a"...], 0x4a5648816488 /* 140 vars */ <unfinished ...>
10665 <... clone resumed>, parent_tid=[9]) = 11228
10665 --- SIGURG {si_signo=SIGURG, si_code=SI_TKILL, si_pid=10659, si_uid=1001} ---
11228 <... execve resumed>)             = 0
10665 tgkill(10659, 10666, SIGURG)      = 0
10666 --- SIGURG {si_signo=SIGURG, si_code=SI_TKILL, si_pid=10659, si_uid=1001} ---
10666 waitid(P_PIDFD, 9,  <unfinished ...>
11212 tgkill(11211, 11216, SIGURG)      = 0
11216 --- SIGURG {si_signo=SIGURG, si_code=SI_TKILL, si_pid=11211, si_uid=1001} ---
10663 clone(child_stack=NULL, flags=CLONE_VM|CLONE_PIDFD|CLONE_VFORK|SIGCHLD <unfinished ...>
11229 execve("/opt/hostedtoolcache/go/1.27.1/arm64/pkg/tool/linux_arm64/compile", ["/opt/hostedtoolcache/go/1.27.1/a"..., "-o", "/tmp/go-build1442187625/b055/_pk"..., "-trimpath", "/tmp/go-build1442187625/b055=>", "-p", "time", "-lang=go1.27", "-std", "-buildid", "ugVlUXPBEcvi7OU42Lt6/ugVlUXPBEcv"..., "-goversion", "go1.27.1", "-c=4", "-nolocalimports", "-importcfg", "/tmp/go-build1442187625/b055/imp"..., "-pack", "/opt/hostedtoolcache/go/1.27.1/a"..., "/opt/hostedtoolcache/go/1.27.1/a"..., "/opt/hostedtoolcache/go/1.27.1/a"..., "/opt/hostedtoolcache/go/1.27.1/a"..., "/opt/hostedtoolcache/go/1.27.1/a"..., "/opt/hostedtoolcache/go/1.27.1/a"..., "/opt/hostedtoolcache/go/1.27.1/a"..., "/opt/hostedtoolcache/go/1.27.1/a"..., "/opt/hostedtoolcache/go/1.27.1/a"..., "/opt/hostedtoolcache/go/1.27.1/a"...], 0x4a56487e8008 /* 140 vars */ <unfinished ...>
10662 clone(child_stack=NULL, flags=CLONE_VM|CLONE_PIDFD|CLONE_VFORK|SIGCHLD <unfinished ...>
10663 <... clone resumed>, parent_tid=[16]) = 11229
11228 clone(child_stack=0x706a0f656000, flags=CLONE_VM|CLONE_FS|CLONE_FILES|CLONE_SIGHAND|CLONE_THREAD|CLONE_SYSVSEM) = 11231
11228 clone(child_stack=0x706a0f690000, flags=CLONE_VM|CLONE_FS|CLONE_FILES|CLONE_SIGHAND|CLONE_THREAD|CLONE_SYSVSEM) = 11232
11228 clone(child_stack=0x706a0f68c000, flags=CLONE_VM|CLONE_FS|CLONE_FILES|CLONE_SIGHAND|CLONE_THREAD|CLONE_SYSVSEM) = 11233
11229 <... execve resumed>)             = 0
10660 tgkill(10659, 10662, SIGURG)      = 0
11230 execve("/opt/hostedtoolcache/go/1.27.1/arm64/pkg/tool/linux_arm64/compile", ["/opt/hostedtoolcache/go/1.27.1/a"..., "-o", "/tmp/go-build1442187625/b058/_pk"..., "-trimpath", "/tmp/go-build1442187625/b058=>", "-p", "internal/syscall/unix", "-lang=go1.27", "-std", "-complete", "-buildid", "nnYyJ-9iTKAoHsDLa8XG/nnYyJ-9iTKA"..., "-goversion", "go1.27.1", "-c=4", "-nolocalimports", "-importcfg", "/tmp/go-build1442187625/b058/imp"..., "-pack", "/opt/hostedtoolcache/go/1.27.1/a"..., "/opt/hostedtoolcache/go/1.27.1/a"..., "/opt/hostedtoolcache/go/1.27.1/a"..., "/opt/hostedtoolcache/go/1.27.1/a"..., "/opt/hostedtoolcache/go/1.27.1/a"..., "/opt/hostedtoolcache/go/1.27.1/a"..., "/opt/hostedtoolcache/go/1.27.1/a"..., "/opt/hostedtoolcache/go/1.27.1/a"..., "/opt/hostedtoolcache/go/1.27.1/a"..., "/opt/hostedtoolcache/go/1.27.1/a"..., "/opt/hostedtoolcache/go/1.27.1/a"..., "/opt/hostedtoolcache/go/1.27.1/a"..., "/opt/hostedtoolcache/go/1.27.1/a"..., ...], 0x4a5648817208 /* 140 vars */ <unfinished ...>
11232 clone(child_stack=0x706a0f6dc000, flags=CLONE_VM|CLONE_FS|CLONE_FILES|CLONE_SIGHAND|CLONE_THREAD|CLONE_SYSVSEM) = 11234
10662 <... clone resumed>, parent_tid=[22]) = 11230
10662 --- SIGURG {si_signo=SIGURG, si_code=SI_TKILL, si_pid=10659, si_uid=1001} ---
11230 <... execve resumed>)             = 0
10664 waitid(P_PIDFD, 16,  <unfinished ...>
11212 tgkill(11211, 11211, SIGURG)      = 0
11211 --- SIGURG {si_signo=SIGURG, si_code=SI_TKILL, si_pid=11211, si_uid=1001} ---
10660 tgkill(10659, 10663, SIGURG <unfinished ...>
11212 tgkill(11211, 11217, SIGURG <unfinished ...>
10660 <... tgkill resumed>)             = 0
11217 --- SIGURG {si_signo=SIGURG, si_code=SI_TKILL, si_pid=11211, si_uid=1001} ---
11212 <... tgkill resumed>)             = 0
10663 --- SIGURG {si_signo=SIGURG, si_code=SI_TKILL, si_pid=10659, si_uid=1001} ---
11212 tgkill(11211, 11215, SIGURG <unfinished ...>
11215 --- SIGURG {si_signo=SIGURG, si_code=SI_TKILL, si_pid=11211, si_uid=1001} ---
11212 <... tgkill resumed>)             = 0
10662 waitid(P_PIDFD, 22,  <unfinished ...>
11229 clone(child_stack=0x650e06d48000, flags=CLONE_VM|CLONE_FS|CLONE_FILES|CLONE_SIGHAND|CLONE_THREAD|CLONE_SYSVSEM) = 11235
11229 clone(child_stack=0x650e06d80000, flags=CLONE_VM|CLONE_FS|CLONE_FILES|CLONE_SIGHAND|CLONE_THREAD|CLONE_SYSVSEM) = 11236
11229 clone(child_stack=0x650e06d7c000, flags=CLONE_VM|CLONE_FS|CLONE_FILES|CLONE_SIGHAND|CLONE_THREAD|CLONE_SYSVSEM) = 11237
11236 clone(child_stack=0x650e06e18000, flags=CLONE_VM|CLONE_FS|CLONE_FILES|CLONE_SIGHAND|CLONE_THREAD|CLONE_SYSVSEM) = 11238
11235 tgkill(11229, 11229, SIGURG)      = 0
11229 --- SIGURG {si_signo=SIGURG, si_code=SI_TKILL, si_pid=11229, si_uid=1001} ---
11235 tgkill(11229, 11229, SIGURG)      = 0
11229 --- SIGURG {si_signo=SIGURG, si_code=SI_TKILL, si_pid=11229, si_uid=1001} ---
11235 tgkill(11229, 11236, SIGURG)      = 0
11236 --- SIGURG {si_signo=SIGURG, si_code=SI_TKILL, si_pid=11229, si_uid=1001} ---
11235 tgkill(11229, 11236, SIGURG)      = 0
11236 --- SIGURG {si_signo=SIGURG, si_code=SI_TKILL, si_pid=11229, si_uid=1001} ---
11235 tgkill(11229, 11236, SIGURG)      = 0
11212 tgkill(11211, 11216, SIGURG)      = 0
11212 tgkill(11211, 11211, SIGURG)      = 0
11211 --- SIGURG {si_signo=SIGURG, si_code=SI_TKILL, si_pid=11211, si_uid=1001} ---
11212 tgkill(11211, 11217, SIGURG)      = 0
11236 --- SIGURG {si_signo=SIGURG, si_code=SI_TKILL, si_pid=11229, si_uid=1001} ---
11212 tgkill(11211, 11215, SIGURG <unfinished ...>
11217 --- SIGURG {si_signo=SIGURG, si_code=SI_TKILL, si_pid=11211, si_uid=1001} ---
11215 --- SIGURG {si_signo=SIGURG, si_code=SI_TKILL, si_pid=11211, si_uid=1001} ---
11212 <... tgkill resumed>)             = 0
11216 --- SIGURG {si_signo=SIGURG, si_code=SI_TKILL, si_pid=11211, si_uid=1001} ---
11231 tgkill(11228, 11232, SIGURG <unfinished ...>
11235 clone(child_stack=0x650e07234000, flags=CLONE_VM|CLONE_FS|CLONE_FILES|CLONE_SIGHAND|CLONE_THREAD|CLONE_SYSVSEM) = 11239
11235 clone(child_stack=0x650e071c2000, flags=CLONE_VM|CLONE_FS|CLONE_FILES|CLONE_SIGHAND|CLONE_THREAD|CLONE_SYSVSEM) = 11240
11235 clone(child_stack=0x650e071be000, flags=CLONE_VM|CLONE_FS|CLONE_FILES|CLONE_SIGHAND|CLONE_THREAD|CLONE_SYSVSEM) = 11241
11230 clone(child_stack=0x2fd4691ae000, flags=CLONE_VM|CLONE_FS|CLONE_FILES|CLONE_SIGHAND|CLONE_THREAD|CLONE_SYSVSEM) = 11242
11230 clone(child_stack=0x2fd4691e6000, flags=CLONE_VM|CLONE_FS|CLONE_FILES|CLONE_SIGHAND|CLONE_THREAD|CLONE_SYSVSEM) = 11243
11231 <... tgkill resumed>)             = 0
11232 --- SIGURG {si_signo=SIGURG, si_code=SI_TKILL, si_pid=11228, si_uid=1001} ---
11230 clone(child_stack=0x2fd4691e2000, flags=CLONE_VM|CLONE_FS|CLONE_FILES|CLONE_SIGHAND|CLONE_THREAD|CLONE_SYSVSEM) = 11244
11242 tgkill(11230, 11244, SIGURG)      = 0
11244 --- SIGURG {si_signo=SIGURG, si_code=SI_TKILL, si_pid=11230, si_uid=1001} ---
11230 clone(child_stack=0x2fd469290000, flags=CLONE_VM|CLONE_FS|CLONE_FILES|CLONE_SIGHAND|CLONE_THREAD|CLONE_SYSVSEM <unfinished ...>
11243 clone(child_stack=0x2fd46928c000, flags=CLONE_VM|CLONE_FS|CLONE_FILES|CLONE_SIGHAND|CLONE_THREAD|CLONE_SYSVSEM <unfinished ...>
11230 <... clone resumed>)              = 11245
11243 <... clone resumed>)              = 11246
11212 tgkill(11211, 11216, SIGURG)      = 0
11216 --- SIGURG {si_signo=SIGURG, si_code=SI_TKILL, si_pid=11211, si_uid=1001} ---
11212 tgkill(11211, 11211, SIGURG)      = 0
11211 --- SIGURG {si_signo=SIGURG, si_code=SI_TKILL, si_pid=11211, si_uid=1001} ---
11235 tgkill(11229, 11236, SIGURG)      = 0
11236 --- SIGURG {si_signo=SIGURG, si_code=SI_TKILL, si_pid=11229, si_uid=1001} ---
11242 tgkill(11230, 11244, SIGURG)      = 0
11244 --- SIGURG {si_signo=SIGURG, si_code=SI_TKILL, si_pid=11230, si_uid=1001} ---
11231 tgkill(11228, 11228, SIGURG)      = 0
11228 --- SIGURG {si_signo=SIGURG, si_code=SI_TKILL, si_pid=11228, si_uid=1001} ---
11212 tgkill(11211, 11217, SIGURG)      = 0
11212 tgkill(11211, 11215, SIGURG)      = 0
11215 --- SIGURG {si_signo=SIGURG, si_code=SI_TKILL, si_pid=11211, si_uid=1001} ---
11217 --- SIGURG {si_signo=SIGURG, si_code=SI_TKILL, si_pid=11211, si_uid=1001} ---
11242 tgkill(11230, 11246, SIGURG)      = 0
11246 --- SIGURG {si_signo=SIGURG, si_code=SI_TKILL, si_pid=11230, si_uid=1001} ---
11212 tgkill(11211, 11216, SIGURG)      = 0
11216 --- SIGURG {si_signo=SIGURG, si_code=SI_TKILL, si_pid=11211, si_uid=1001} ---
11212 tgkill(11211, 11211, SIGURG)      = 0
11211 --- SIGURG {si_signo=SIGURG, si_code=SI_TKILL, si_pid=11211, si_uid=1001} ---
11231 tgkill(11228, 11232, SIGURG)      = 0
11232 --- SIGURG {si_signo=SIGURG, si_code=SI_TKILL, si_pid=11228, si_uid=1001} ---
11235 tgkill(11229, 11239, SIGURG <unfinished ...>
11239 --- SIGURG {si_signo=SIGURG, si_code=SI_TKILL, si_pid=11229, si_uid=1001} ---
11235 <... tgkill resumed>)             = 0
11245 exit_group(0)                     = ?
11246 +++ exited with 0 +++
11242 +++ exited with 0 +++
11244 +++ exited with 0 +++
11243 +++ exited with 0 +++
11212 tgkill(11211, 11217, SIGURG)      = 0
11217 --- SIGURG {si_signo=SIGURG, si_code=SI_TKILL, si_pid=11211, si_uid=1001} ---
11212 tgkill(11211, 11215, SIGURG)      = 0
11215 --- SIGURG {si_signo=SIGURG, si_code=SI_TKILL, si_pid=11211, si_uid=1001} ---
11245 +++ exited with 0 +++
11230 +++ exited with 0 +++
10724 --- SIGCHLD {si_signo=SIGCHLD, si_code=CLD_EXITED, si_pid=11230, si_uid=1001, si_status=0, si_utime=2 /* 0.02 s */, si_stime=1 /* 0.01 s */} ---
10662 <... waitid resumed>{si_signo=SIGCHLD, si_code=CLD_EXITED, si_pid=11230, si_uid=1001, si_status=0, si_utime=0, si_stime=0}, WEXITED, {ru_utime={tv_sec=0, tv_usec=25916}, ru_stime={tv_sec=0, tv_usec=18237}, ...}) = 0
10660 tgkill(10659, 10662, SIGURG)      = 0
10662 --- SIGURG {si_signo=SIGURG, si_code=SI_TKILL, si_pid=10659, si_uid=1001} ---
10663 clone(child_stack=NULL, flags=CLONE_VM|CLONE_PIDFD|CLONE_VFORK|SIGCHLD <unfinished ...>
11212 tgkill(11211, 11216, SIGURG <unfinished ...>
11216 --- SIGURG {si_signo=SIGURG, si_code=SI_TKILL, si_pid=11211, si_uid=1001} ---
11212 <... tgkill resumed>)             = 0
11212 tgkill(11211, 11211, SIGURG)      = 0
11211 --- SIGURG {si_signo=SIGURG, si_code=SI_TKILL, si_pid=11211, si_uid=1001} ---
11231 tgkill(11228, 11234, SIGURG)      = 0
10660 tgkill(10659, 10663, SIGURG)      = 0
11247 execve("/opt/hostedtoolcache/go/1.27.1/arm64/pkg/tool/linux_arm64/compile", ["/opt/hostedtoolcache/go/1.27.1/a"..., "-o", "/tmp/go-build1442187625/b059/_pk"..., "-trimpath", "/tmp/go-build1442187625/b059=>", "-p", "internal/syscall/execenv", "-lang=go1.27", "-std", "-complete", "-buildid", "_slFfpwp5FkRttF8-o80/_slFfpwp5Fk"..., "-goversion", "go1.27.1", "-c=4", "-nolocalimports", "-importcfg", "/tmp/go-build1442187625/b059/imp"..., "-pack", "/opt/hostedtoolcache/go/1.27.1/a"...], 0x4a56487e0d88 /* 140 vars */) = 0
10663 <... clone resumed>, parent_tid=[18]) = 11247
10663 --- SIGURG {si_signo=SIGURG, si_code=SI_TKILL, si_pid=10659, si_uid=1001} ---
11234 --- SIGURG {si_signo=SIGURG, si_code=SI_TKILL, si_pid=11228, si_uid=1001} ---
10662 waitid(P_PIDFD, 18,  <unfinished ...>
11235 tgkill(11229, 11239, SIGURG)      = 0
11239 --- SIGURG {si_signo=SIGURG, si_code=SI_TKILL, si_pid=11229, si_uid=1001} ---
11212 tgkill(11211, 11215, SIGURG)      = 0
11215 --- SIGURG {si_signo=SIGURG, si_code=SI_TKILL, si_pid=11211, si_uid=1001} ---
11212 tgkill(11211, 11216, SIGURG)      = 0
11216 --- SIGURG {si_signo=SIGURG, si_code=SI_TKILL, si_pid=11211, si_uid=1001} ---
11212 tgkill(11211, 11211, SIGURG)      = 0
11212 tgkill(11211, 11215, SIGURG)      = 0
11215 --- SIGURG {si_signo=SIGURG, si_code=SI_TKILL, si_pid=11211, si_uid=1001} ---
11211 --- SIGURG {si_signo=SIGURG, si_code=SI_TKILL, si_pid=11211, si_uid=1001} ---
11235 tgkill(11229, 11236, SIGURG)      = 0
11231 tgkill(11228, 11232, SIGURG)      = 0
11247 clone(child_stack=0x7ea4773b4000, flags=CLONE_VM|CLONE_FS|CLONE_FILES|CLONE_SIGHAND|CLONE_THREAD|CLONE_SYSVSEM) = 11248
11236 --- SIGURG {si_signo=SIGURG, si_code=SI_TKILL, si_pid=11229, si_uid=1001} ---
11212 tgkill(11211, 11217, SIGURG)      = 0
11217 --- SIGURG {si_signo=SIGURG, si_code=SI_TKILL, si_pid=11211, si_uid=1001} ---
11247 clone(child_stack=0x7ea4773ec000, flags=CLONE_VM|CLONE_FS|CLONE_FILES|CLONE_SIGHAND|CLONE_THREAD|CLONE_SYSVSEM) = 11249
11248 tgkill(11247, 11247, SIGURG)      = 0
11247 --- SIGURG {si_signo=SIGURG, si_code=SI_TKILL, si_pid=11247, si_uid=1001} ---
11248 tgkill(11247, 11247, SIGURG)      = 0
11249 clone(child_stack=0x7ea4773e8000, flags=CLONE_VM|CLONE_FS|CLONE_FILES|CLONE_SIGHAND|CLONE_THREAD|CLONE_SYSVSEM) = 11250
11232 --- SIGURG {si_signo=SIGURG, si_code=SI_TKILL, si_pid=11228, si_uid=1001} ---
11215 tgkill(11211, 11216, SIGURG)      = 0
11215 tgkill(11211, 11211, SIGURG)      = 0
11211 --- SIGURG {si_signo=SIGURG, si_code=SI_TKILL, si_pid=11211, si_uid=1001} ---
11215 tgkill(11211, 11217, SIGURG)      = 0
11217 --- SIGURG {si_signo=SIGURG, si_code=SI_TKILL, si_pid=11211, si_uid=1001} ---
11247 --- SIGURG {si_signo=SIGURG, si_code=SI_TKILL, si_pid=11247, si_uid=1001} ---
11215 tgkill(11211, 11217, SIGURG <unfinished ...>
11248 tgkill(11247, 11247, SIGURG <unfinished ...>
11215 <... tgkill resumed>)             = 0
11248 <... tgkill resumed>)             = 0
11217 --- SIGURG {si_signo=SIGURG, si_code=SI_TKILL, si_pid=11211, si_uid=1001} ---
11247 --- SIGURG {si_signo=SIGURG, si_code=SI_TKILL, si_pid=11247, si_uid=1001} ---
11250 clone(child_stack=0x7ea477420000, flags=CLONE_VM|CLONE_FS|CLONE_FILES|CLONE_SIGHAND|CLONE_THREAD|CLONE_SYSVSEM) = 11251
11216 --- SIGURG {si_signo=SIGURG, si_code=SI_TKILL, si_pid=11211, si_uid=1001} ---
11216 tgkill(11211, 11211, SIGURG)      = 0
11216 tgkill(11211, 11215, SIGURG)      = 0
11215 --- SIGURG {si_signo=SIGURG, si_code=SI_TKILL, si_pid=11211, si_uid=1001} ---
11216 tgkill(11211, 11217, SIGURG)      = 0
11217 --- SIGURG {si_signo=SIGURG, si_code=SI_TKILL, si_pid=11211, si_uid=1001} ---
11216 tgkill(11211, 11215, SIGURG)      = 0
11215 --- SIGURG {si_signo=SIGURG, si_code=SI_TKILL, si_pid=11211, si_uid=1001} ---
11211 --- SIGURG {si_signo=SIGURG, si_code=SI_TKILL, si_pid=11211, si_uid=1001} ---
11248 tgkill(11247, 11247, SIGURG)      = 0
11247 --- SIGURG {si_signo=SIGURG, si_code=SI_TKILL, si_pid=11247, si_uid=1001} ---
11231 tgkill(11228, 11228, SIGURG)      = 0
11228 --- SIGURG {si_signo=SIGURG, si_code=SI_TKILL, si_pid=11228, si_uid=1001} ---
11212 tgkill(11211, 11216, SIGURG)      = 0
11212 tgkill(11211, 11211, SIGURG)      = 0
11211 --- SIGURG {si_signo=SIGURG, si_code=SI_TKILL, si_pid=11211, si_uid=1001} ---
11212 tgkill(11211, 11217, SIGURG <unfinished ...>
11235 tgkill(11229, 11237, SIGURG)      = 0
11212 <... tgkill resumed>)             = 0
11237 --- SIGURG {si_signo=SIGURG, si_code=SI_TKILL, si_pid=11229, si_uid=1001} ---
11212 tgkill(11211, 11215, SIGURG)      = 0
11215 --- SIGURG {si_signo=SIGURG, si_code=SI_TKILL, si_pid=11211, si_uid=1001} ---
11216 --- SIGURG {si_signo=SIGURG, si_code=SI_TKILL, si_pid=11211, si_uid=1001} ---
11217 --- SIGURG {si_signo=SIGURG, si_code=SI_TKILL, si_pid=11211, si_uid=1001} ---
11212 tgkill(11211, 11216, SIGURG)      = 0
11247 exit_group(0)                     = ?
11248 +++ exited with 0 +++
11250 +++ exited with 0 +++
11251 +++ exited with 0 +++
11249 +++ exited with 0 +++
11247 +++ exited with 0 +++
11216 --- SIGURG {si_signo=SIGURG, si_code=SI_TKILL, si_pid=11211, si_uid=1001} ---
10724 --- SIGCHLD {si_signo=SIGCHLD, si_code=CLD_EXITED, si_pid=11247, si_uid=1001, si_status=0, si_utime=1 /* 0.01 s */, si_stime=0} ---
10662 <... waitid resumed>{si_signo=SIGCHLD, si_code=CLD_EXITED, si_pid=11247, si_uid=1001, si_status=0, si_utime=0, si_stime=0}, WEXITED, {ru_utime={tv_sec=0, tv_usec=11944}, ru_stime={tv_sec=0, tv_usec=7166}, ...}) = 0
11231 tgkill(11228, 11228, SIGURG)      = 0
11228 --- SIGURG {si_signo=SIGURG, si_code=SI_TKILL, si_pid=11228, si_uid=1001} ---
11231 tgkill(11228, 11233, SIGURG)      = 0
11233 --- SIGURG {si_signo=SIGURG, si_code=SI_TKILL, si_pid=11228, si_uid=1001} ---
11231 tgkill(11228, 11234, SIGURG <unfinished ...>
11234 --- SIGURG {si_signo=SIGURG, si_code=SI_TKILL, si_pid=11228, si_uid=1001} ---
11231 <... tgkill resumed>)             = 0
11231 tgkill(11228, 11232, SIGURG)      = 0
11235 tgkill(11229, 11237, SIGURG)      = 0
11237 --- SIGURG {si_signo=SIGURG, si_code=SI_TKILL, si_pid=11229, si_uid=1001} ---
11232 --- SIGURG {si_signo=SIGURG, si_code=SI_TKILL, si_pid=11228, si_uid=1001} ---
11212 tgkill(11211, 11216, SIGURG)      = 0
11212 tgkill(11211, 11211, SIGURG)      = 0
11211 --- SIGURG {si_signo=SIGURG, si_code=SI_TKILL, si_pid=11211, si_uid=1001} ---
11212 tgkill(11211, 11217, SIGURG <unfinished ...>
11216 --- SIGURG {si_signo=SIGURG, si_code=SI_TKILL, si_pid=11211, si_uid=1001} ---
11212 <... tgkill resumed>)             = 0
11212 tgkill(11211, 11215, SIGURG <unfinished ...>
11215 --- SIGURG {si_signo=SIGURG, si_code=SI_TKILL, si_pid=11211, si_uid=1001} ---
11212 <... tgkill resumed>)             = 0
11217 --- SIGURG {si_signo=SIGURG, si_code=SI_TKILL, si_pid=11211, si_uid=1001} ---
11217 tgkill(11211, 11216, SIGURG)      = 0
10660 tgkill(10659, 10724, SIGURG)      = 0
10724 --- SIGURG {si_signo=SIGURG, si_code=SI_TKILL, si_pid=10659, si_uid=1001} ---
11216 --- SIGURG {si_signo=SIGURG, si_code=SI_TKILL, si_pid=11211, si_uid=1001} ---
11235 tgkill(11229, 11237, SIGURG)      = 0
11237 --- SIGURG {si_signo=SIGURG, si_code=SI_TKILL, si_pid=11229, si_uid=1001} ---
11231 tgkill(11228, 11228, SIGURG)      = 0
11228 --- SIGURG {si_signo=SIGURG, si_code=SI_TKILL, si_pid=11228, si_uid=1001} ---
11231 tgkill(11228, 11233, SIGURG)      = 0
11233 --- SIGURG {si_signo=SIGURG, si_code=SI_TKILL, si_pid=11228, si_uid=1001} ---
11231 tgkill(11228, 11234, SIGURG <unfinished ...>
11234 --- SIGURG {si_signo=SIGURG, si_code=SI_TKILL, si_pid=11228, si_uid=1001} ---
11231 <... tgkill resumed>)             = 0
11231 tgkill(11228, 11232, SIGURG)      = 0
11212 tgkill(11211, 11217, SIGURG <unfinished ...>
11217 --- SIGURG {si_signo=SIGURG, si_code=SI_TKILL, si_pid=11211, si_uid=1001} ---
11212 <... tgkill resumed>)             = 0
11212 tgkill(11211, 11216, SIGURG <unfinished ...>
11216 --- SIGURG {si_signo=SIGURG, si_code=SI_TKILL, si_pid=11211, si_uid=1001} ---
11212 <... tgkill resumed>)             = 0
11232 --- SIGURG {si_signo=SIGURG, si_code=SI_TKILL, si_pid=11228, si_uid=1001} ---
11212 tgkill(11211, 11215, SIGURG)      = 0
11215 --- SIGURG {si_signo=SIGURG, si_code=SI_TKILL, si_pid=11211, si_uid=1001} ---
11235 tgkill(11229, 11236, SIGURG <unfinished ...>
11231 tgkill(11228, 11228, SIGURG)      = 0
11231 tgkill(11228, 11233, SIGURG)      = 0
11231 tgkill(11228, 11234, SIGURG)      = 0
11231 tgkill(11228, 11232, SIGURG)      = 0
11232 --- SIGURG {si_signo=SIGURG, si_code=SI_TKILL, si_pid=11228, si_uid=1001} ---
11235 <... tgkill resumed>)             = 0
11228 --- SIGURG {si_signo=SIGURG, si_code=SI_TKILL, si_pid=11228, si_uid=1001} ---
11236 --- SIGURG {si_signo=SIGURG, si_code=SI_TKILL, si_pid=11229, si_uid=1001} ---
11233 --- SIGURG {si_signo=SIGURG, si_code=SI_TKILL, si_pid=11228, si_uid=1001} ---
11234 --- SIGURG {si_signo=SIGURG, si_code=SI_TKILL, si_pid=11228, si_uid=1001} ---
11212 tgkill(11211, 11211, SIGURG)      = 0
11211 --- SIGURG {si_signo=SIGURG, si_code=SI_TKILL, si_pid=11211, si_uid=1001} ---
11212 tgkill(11211, 11217, SIGURG)      = 0
11212 tgkill(11211, 11216, SIGURG <unfinished ...>
11231 tgkill(11228, 11228, SIGURG <unfinished ...>
11212 <... tgkill resumed>)             = 0
11231 <... tgkill resumed>)             = 0
11231 tgkill(11228, 11233, SIGURG)      = 0
11231 tgkill(11228, 11234, SIGURG)      = 0
11234 --- SIGURG {si_signo=SIGURG, si_code=SI_TKILL, si_pid=11228, si_uid=1001} ---
11217 --- SIGURG {si_signo=SIGURG, si_code=SI_TKILL, si_pid=11211, si_uid=1001} ---
11231 tgkill(11228, 11232, SIGURG)      = 0
11228 --- SIGURG {si_signo=SIGURG, si_code=SI_TKILL, si_pid=11228, si_uid=1001} ---
11216 --- SIGURG {si_signo=SIGURG, si_code=SI_TKILL, si_pid=11211, si_uid=1001} ---
11233 --- SIGURG {si_signo=SIGURG, si_code=SI_TKILL, si_pid=11228, si_uid=1001} ---
11232 --- SIGURG {si_signo=SIGURG, si_code=SI_TKILL, si_pid=11228, si_uid=1001} ---
11235 tgkill(11229, 11236, SIGURG)      = 0
11236 --- SIGURG {si_signo=SIGURG, si_code=SI_TKILL, si_pid=11229, si_uid=1001} ---
11235 tgkill(11229, 11239, SIGURG)      = 0
11239 --- SIGURG {si_signo=SIGURG, si_code=SI_TKILL, si_pid=11229, si_uid=1001} ---
11235 tgkill(11229, 11237, SIGURG)      = 0
11212 tgkill(11211, 11215, SIGURG <unfinished ...>
11215 --- SIGURG {si_signo=SIGURG, si_code=SI_TKILL, si_pid=11211, si_uid=1001} ---
11212 <... tgkill resumed>)             = 0
11237 --- SIGURG {si_signo=SIGURG, si_code=SI_TKILL, si_pid=11229, si_uid=1001} ---
11231 tgkill(11228, 11228, SIGURG)      = 0
11231 tgkill(11228, 11233, SIGURG)      = 0
11231 tgkill(11228, 11234, SIGURG)      = 0
11231 tgkill(11228, 11232, SIGURG)      = 0
11232 --- SIGURG {si_signo=SIGURG, si_code=SI_TKILL, si_pid=11228, si_uid=1001} ---
11234 --- SIGURG {si_signo=SIGURG, si_code=SI_TKILL, si_pid=11228, si_uid=1001} ---
11233 --- SIGURG {si_signo=SIGURG, si_code=SI_TKILL, si_pid=11228, si_uid=1001} ---
11228 --- SIGURG {si_signo=SIGURG, si_code=SI_TKILL, si_pid=11228, si_uid=1001} ---
11212 tgkill(11211, 11217, SIGURG)      = 0
11212 tgkill(11211, 11216, SIGURG)      = 0
11216 --- SIGURG {si_signo=SIGURG, si_code=SI_TKILL, si_pid=11211, si_uid=1001} ---
11235 tgkill(11229, 11241, SIGURG <unfinished ...>
11217 --- SIGURG {si_signo=SIGURG, si_code=SI_TKILL, si_pid=11211, si_uid=1001} ---
11235 <... tgkill resumed>)             = 0
11241 --- SIGURG {si_signo=SIGURG, si_code=SI_TKILL, si_pid=11229, si_uid=1001} ---
11235 tgkill(11229, 11236, SIGURG <unfinished ...>
11212 tgkill(11211, 11215, SIGURG <unfinished ...>
11235 <... tgkill resumed>)             = 0
11212 <... tgkill resumed>)             = 0
11235 tgkill(11229, 11239, SIGURG)      = 0
11235 tgkill(11229, 11237, SIGURG)      = 0
11237 --- SIGURG {si_signo=SIGURG, si_code=SI_TKILL, si_pid=11229, si_uid=1001} ---
11215 --- SIGURG {si_signo=SIGURG, si_code=SI_TKILL, si_pid=11211, si_uid=1001} ---
11236 --- SIGURG {si_signo=SIGURG, si_code=SI_TKILL, si_pid=11229, si_uid=1001} ---
11239 --- SIGURG {si_signo=SIGURG, si_code=SI_TKILL, si_pid=11229, si_uid=1001} ---
11231 tgkill(11228, 11233, SIGURG)      = 0
11233 --- SIGURG {si_signo=SIGURG, si_code=SI_TKILL, si_pid=11228, si_uid=1001} ---
11212 tgkill(11211, 11211, SIGURG <unfinished ...>
11235 tgkill(11229, 11241, SIGURG <unfinished ...>
11212 <... tgkill resumed>)             = 0
11235 <... tgkill resumed>)             = 0
11211 --- SIGURG {si_signo=SIGURG, si_code=SI_TKILL, si_pid=11211, si_uid=1001} ---
11241 --- SIGURG {si_signo=SIGURG, si_code=SI_TKILL, si_pid=11229, si_uid=1001} ---
11232 exit_group(0)                     = ?
11233 +++ exited with 0 +++
11231 +++ exited with 0 +++
11232 +++ exited with 0 +++
11235 tgkill(11229, 11236, SIGURG)      = 0
11235 tgkill(11229, 11239, SIGURG)      = 0
11239 --- SIGURG {si_signo=SIGURG, si_code=SI_TKILL, si_pid=11229, si_uid=1001} ---
11235 tgkill(11229, 11237, SIGURG)      = 0
11236 --- SIGURG {si_signo=SIGURG, si_code=SI_TKILL, si_pid=11229, si_uid=1001} ---
11237 --- SIGURG {si_signo=SIGURG, si_code=SI_TKILL, si_pid=11229, si_uid=1001} ---
11234 +++ exited with 0 +++
11228 +++ exited with 0 +++
10666 <... waitid resumed>{si_signo=SIGCHLD, si_code=CLD_EXITED, si_pid=11228, si_uid=1001, si_status=0, si_utime=0, si_stime=0}, WEXITED, {ru_utime={tv_sec=0, tv_usec=231649}, ru_stime={tv_sec=0, tv_usec=29857}, ...}) = 0
10665 --- SIGCHLD {si_signo=SIGCHLD, si_code=CLD_EXITED, si_pid=11228, si_uid=1001, si_status=0, si_utime=22 /* 0.22 s */, si_stime=2 /* 0.02 s */} ---
11235 tgkill(11229, 11241, SIGURG)      = 0
11241 --- SIGURG {si_signo=SIGURG, si_code=SI_TKILL, si_pid=11229, si_uid=1001} ---
11212 tgkill(11211, 11216, SIGURG)      = 0
11216 --- SIGURG {si_signo=SIGURG, si_code=SI_TKILL, si_pid=11211, si_uid=1001} ---
11235 tgkill(11229, 11236, SIGURG)      = 0
11235 tgkill(11229, 11239, SIGURG <unfinished ...>
11236 --- SIGURG {si_signo=SIGURG, si_code=SI_TKILL, si_pid=11229, si_uid=1001} ---
11235 <... tgkill resumed>)             = 0
11239 --- SIGURG {si_signo=SIGURG, si_code=SI_TKILL, si_pid=11229, si_uid=1001} ---
10660 tgkill(10659, 10662, SIGURG)      = 0
10662 --- SIGURG {si_signo=SIGURG, si_code=SI_TKILL, si_pid=10659, si_uid=1001} ---
11237 tgkill(11229, 11241, SIGURG)      = 0
11241 --- SIGURG {si_signo=SIGURG, si_code=SI_TKILL, si_pid=11229, si_uid=1001} ---
11236 tgkill(11229, 11241, SIGURG)      = 0
11241 --- SIGURG {si_signo=SIGURG, si_code=SI_TKILL, si_pid=11229, si_uid=1001} ---
11236 tgkill(11229, 11237, SIGURG <unfinished ...>
11237 --- SIGURG {si_signo=SIGURG, si_code=SI_TKILL, si_pid=11229, si_uid=1001} ---
11236 <... tgkill resumed>)             = 0
11236 tgkill(11229, 11241, SIGURG)      = 0
11241 --- SIGURG {si_signo=SIGURG, si_code=SI_TKILL, si_pid=11229, si_uid=1001} ---
10662 clone(child_stack=NULL, flags=CLONE_VM|CLONE_PIDFD|CLONE_VFORK|SIGCHLD <unfinished ...>
11252 execve("/opt/hostedtoolcache/go/1.27.1/arm64/pkg/tool/linux_arm64/compile", ["/opt/hostedtoolcache/go/1.27.1/a"..., "-o", "/tmp/go-build1442187625/b070/_pk"..., "-trimpath", "/tmp/go-build1442187625/b070=>", "-p", "regexp", "-lang=go1.27", "-std", "-complete", "-buildid", "Brb8s6QPGttxmhx85YD5/Brb8s6QPGtt"..., "-goversion", "go1.27.1", "-c=4", "-nolocalimports", "-importcfg", "/tmp/go-build1442187625/b070/imp"..., "-pack", "/opt/hostedtoolcache/go/1.27.1/a"..., "/opt/hostedtoolcache/go/1.27.1/a"..., "/opt/hostedtoolcache/go/1.27.1/a"..., "/opt/hostedtoolcache/go/1.27.1/a"...], 0x4a56488e4488 /* 140 vars */ <unfinished ...>
10662 <... clone resumed>, parent_tid=[14]) = 11252
11252 <... execve resumed>)             = 0
10662 waitid(P_PIDFD, 14,  <unfinished ...>
11212 tgkill(11211, 11215, SIGURG <unfinished ...>
11215 --- SIGURG {si_signo=SIGURG, si_code=SI_TKILL, si_pid=11211, si_uid=1001} ---
11212 <... tgkill resumed>)             = 0
11252 clone(child_stack=0x7e3242544000, flags=CLONE_VM|CLONE_FS|CLONE_FILES|CLONE_SIGHAND|CLONE_THREAD|CLONE_SYSVSEM) = 11253
11253 tgkill(11252, 11252, SIGURG)      = 0
11252 clone(child_stack=0x7e324257c000, flags=CLONE_VM|CLONE_FS|CLONE_FILES|CLONE_SIGHAND|CLONE_THREAD|CLONE_SYSVSEM) = 11254
11252 --- SIGURG {si_signo=SIGURG, si_code=SI_TKILL, si_pid=11252, si_uid=1001} ---
11252 clone(child_stack=0x7e3242578000, flags=CLONE_VM|CLONE_FS|CLONE_FILES|CLONE_SIGHAND|CLONE_THREAD|CLONE_SYSVSEM) = 11255
11252 clone(child_stack=0x7e32425a0000, flags=CLONE_VM|CLONE_FS|CLONE_FILES|CLONE_SIGHAND|CLONE_THREAD|CLONE_SYSVSEM <unfinished ...>
11236 tgkill(11229, 11241, SIGURG <unfinished ...>
11252 <... clone resumed>)              = 11256
11236 <... tgkill resumed>)             = 0
11241 --- SIGURG {si_signo=SIGURG, si_code=SI_TKILL, si_pid=11229, si_uid=1001} ---
11236 tgkill(11229, 11239, SIGURG)      = 0
11236 tgkill(11229, 11237, SIGURG <unfinished ...>
11239 --- SIGURG {si_signo=SIGURG, si_code=SI_TKILL, si_pid=11229, si_uid=1001} ---
11236 <... tgkill resumed>)             = 0
11237 --- SIGURG {si_signo=SIGURG, si_code=SI_TKILL, si_pid=11229, si_uid=1001} ---
11255 clone(child_stack=0x7e324259c000, flags=CLONE_VM|CLONE_FS|CLONE_FILES|CLONE_SIGHAND|CLONE_THREAD|CLONE_SYSVSEM) = 11257
11235 tgkill(11229, 11236, SIGURG)      = 0
11236 --- SIGURG {si_signo=SIGURG, si_code=SI_TKILL, si_pid=11229, si_uid=1001} ---
11237 tgkill(11229, 11241, SIGURG)      = 0
11241 --- SIGURG {si_signo=SIGURG, si_code=SI_TKILL, si_pid=11229, si_uid=1001} ---
11237 tgkill(11229, 11236, SIGURG)      = 0
11236 --- SIGURG {si_signo=SIGURG, si_code=SI_TKILL, si_pid=11229, si_uid=1001} ---
11237 tgkill(11229, 11239, SIGURG)      = 0
11239 --- SIGURG {si_signo=SIGURG, si_code=SI_TKILL, si_pid=11229, si_uid=1001} ---
11237 tgkill(11229, 11241, SIGURG)      = 0
11241 --- SIGURG {si_signo=SIGURG, si_code=SI_TKILL, si_pid=11229, si_uid=1001} ---
11212 tgkill(11211, 11215, SIGURG)      = 0
11215 --- SIGURG {si_signo=SIGURG, si_code=SI_TKILL, si_pid=11211, si_uid=1001} ---
11237 tgkill(11229, 11236, SIGURG)      = 0
11236 --- SIGURG {si_signo=SIGURG, si_code=SI_TKILL, si_pid=11229, si_uid=1001} ---
11237 tgkill(11229, 11239, SIGURG)      = 0
11239 --- SIGURG {si_signo=SIGURG, si_code=SI_TKILL, si_pid=11229, si_uid=1001} ---
11237 tgkill(11229, 11236, SIGURG)      = 0
11236 --- SIGURG {si_signo=SIGURG, si_code=SI_TKILL, si_pid=11229, si_uid=1001} ---
11237 tgkill(11229, 11239, SIGURG)      = 0
11239 --- SIGURG {si_signo=SIGURG, si_code=SI_TKILL, si_pid=11229, si_uid=1001} ---
11235 tgkill(11229, 11237, SIGURG <unfinished ...>
11237 --- SIGURG {si_signo=SIGURG, si_code=SI_TKILL, si_pid=11229, si_uid=1001} ---
11235 <... tgkill resumed>)             = 0
11253 tgkill(11252, 11255, SIGURG)      = 0
11255 --- SIGURG {si_signo=SIGURG, si_code=SI_TKILL, si_pid=11252, si_uid=1001} ---
11253 tgkill(11252, 11255, SIGURG)      = 0
11255 --- SIGURG {si_signo=SIGURG, si_code=SI_TKILL, si_pid=11252, si_uid=1001} ---
11236 tgkill(11229, 11241, SIGURG)      = 0
11235 tgkill(11229, 11236, SIGURG <unfinished ...>
11236 tgkill(11229, 11239, SIGURG)      = 0
11239 --- SIGURG {si_signo=SIGURG, si_code=SI_TKILL, si_pid=11229, si_uid=1001} ---
11236 tgkill(11229, 11237, SIGURG)      = 0
11237 --- SIGURG {si_signo=SIGURG, si_code=SI_TKILL, si_pid=11229, si_uid=1001} ---
11235 <... tgkill resumed>)             = 0
11241 --- SIGURG {si_signo=SIGURG, si_code=SI_TKILL, si_pid=11229, si_uid=1001} ---
11236 --- SIGURG {si_signo=SIGURG, si_code=SI_TKILL, si_pid=11229, si_uid=1001} ---
11236 tgkill(11229, 11239, SIGURG)      = 0
11239 --- SIGURG {si_signo=SIGURG, si_code=SI_TKILL, si_pid=11229, si_uid=1001} ---
11236 tgkill(11229, 11237, SIGURG <unfinished ...>
11237 --- SIGURG {si_signo=SIGURG, si_code=SI_TKILL, si_pid=11229, si_uid=1001} ---
11236 <... tgkill resumed>)             = 0
11236 tgkill(11229, 11241, SIGURG)      = 0
11241 --- SIGURG {si_signo=SIGURG, si_code=SI_TKILL, si_pid=11229, si_uid=1001} ---
11236 tgkill(11229, 11239, SIGURG)      = 0
11239 --- SIGURG {si_signo=SIGURG, si_code=SI_TKILL, si_pid=11229, si_uid=1001} ---
11236 tgkill(11229, 11241, SIGURG)      = 0
11241 --- SIGURG {si_signo=SIGURG, si_code=SI_TKILL, si_pid=11229, si_uid=1001} ---
11236 tgkill(11229, 11237, SIGURG)      = 0
11237 --- SIGURG {si_signo=SIGURG, si_code=SI_TKILL, si_pid=11229, si_uid=1001} ---
11236 tgkill(11229, 11241, SIGURG)      = 0
11241 --- SIGURG {si_signo=SIGURG, si_code=SI_TKILL, si_pid=11229, si_uid=1001} ---
11236 tgkill(11229, 11237, SIGURG <unfinished ...>
11237 --- SIGURG {si_signo=SIGURG, si_code=SI_TKILL, si_pid=11229, si_uid=1001} ---
11236 <... tgkill resumed>)             = 0
11236 tgkill(11229, 11241, SIGURG)      = 0
11241 --- SIGURG {si_signo=SIGURG, si_code=SI_TKILL, si_pid=11229, si_uid=1001} ---
11236 tgkill(11229, 11237, SIGURG <unfinished ...>
11237 --- SIGURG {si_signo=SIGURG, si_code=SI_TKILL, si_pid=11229, si_uid=1001} ---
11236 <... tgkill resumed>)             = 0
11236 tgkill(11229, 11241, SIGURG)      = 0
11241 --- SIGURG {si_signo=SIGURG, si_code=SI_TKILL, si_pid=11229, si_uid=1001} ---
11236 tgkill(11229, 11237, SIGURG)      = 0
11237 --- SIGURG {si_signo=SIGURG, si_code=SI_TKILL, si_pid=11229, si_uid=1001} ---
11236 tgkill(11229, 11241, SIGURG)      = 0
11241 --- SIGURG {si_signo=SIGURG, si_code=SI_TKILL, si_pid=11229, si_uid=1001} ---
11236 tgkill(11229, 11237, SIGURG)      = 0
11237 --- SIGURG {si_signo=SIGURG, si_code=SI_TKILL, si_pid=11229, si_uid=1001} ---
11212 tgkill(11211, 11215, SIGURG)      = 0
11215 --- SIGURG {si_signo=SIGURG, si_code=SI_TKILL, si_pid=11211, si_uid=1001} ---
11253 tgkill(11252, 11255, SIGURG)      = 0
11255 --- SIGURG {si_signo=SIGURG, si_code=SI_TKILL, si_pid=11252, si_uid=1001} ---
11235 tgkill(11229, 11239, SIGURG <unfinished ...>
11239 --- SIGURG {si_signo=SIGURG, si_code=SI_TKILL, si_pid=11229, si_uid=1001} ---
11235 <... tgkill resumed>)             = 0
11216 exit_group(0)                     = ?
11217 +++ exited with 0 +++
11215 +++ exited with 0 +++
11214 +++ exited with 0 +++
11216 +++ exited with 0 +++
11212 +++ exited with 0 +++
11241 exit_group(0)                     = ?
11241 +++ exited with 0 +++
11240 +++ exited with 0 +++
11239 +++ exited with 0 +++
11238 +++ exited with 0 +++
11237 +++ exited with 0 +++
11235 +++ exited with 0 +++
11253 tgkill(11252, 11252, SIGURG)      = 0
11252 --- SIGURG {si_signo=SIGURG, si_code=SI_TKILL, si_pid=11252, si_uid=1001} ---
11236 +++ exited with 0 +++
11229 +++ exited with 0 +++
10663 --- SIGCHLD {si_signo=SIGCHLD, si_code=CLD_EXITED, si_pid=11229, si_uid=1001, si_status=0, si_utime=37 /* 0.37 s */, si_stime=5 /* 0.05 s */} ---
10664 <... waitid resumed>{si_signo=SIGCHLD, si_code=CLD_EXITED, si_pid=11229, si_uid=1001, si_status=0, si_utime=0, si_stime=0}, WEXITED, {ru_utime={tv_sec=0, tv_usec=368008}, ru_stime={tv_sec=0, tv_usec=56317}, ...}) = 0
11213 +++ exited with 0 +++
11211 +++ exited with 0 +++
10661 <... waitid resumed>{si_signo=SIGCHLD, si_code=CLD_EXITED, si_pid=11211, si_uid=1001, si_status=0, si_utime=0, si_stime=0}, WEXITED, {ru_utime={tv_sec=0, tv_usec=878453}, ru_stime={tv_sec=0, tv_usec=67573}, ...}) = 0
10664 --- SIGCHLD {si_signo=SIGCHLD, si_code=CLD_EXITED, si_pid=11211, si_uid=1001, si_status=0, si_utime=91 /* 0.91 s */, si_stime=7 /* 0.07 s */} ---
10666 clone(child_stack=NULL, flags=CLONE_VM|CLONE_PIDFD|CLONE_VFORK|SIGCHLD <unfinished ...>
11258 execve("/opt/hostedtoolcache/go/1.27.1/arm64/pkg/tool/linux_arm64/asm", ["/opt/hostedtoolcache/go/1.27.1/a"..., "-p", "reflect", "-trimpath", "/tmp/go-build1442187625/b038=>", "-I", "/tmp/go-build1442187625/b038/", "-I", "/opt/hostedtoolcache/go/1.27.1/a"..., "-D", "GOOS_linux", "-D", "GOARCH_arm64", "-std", "-o", "/tmp/go-build1442187625/b038/asm"..., "/opt/hostedtoolcache/go/1.27.1/a"...], 0x4a5648940008 /* 140 vars */ <unfinished ...>
10666 <... clone resumed>, parent_tid=[15]) = 11258
11258 <... execve resumed>)             = 0
10666 waitid(P_PIDFD, 15,  <unfinished ...>
11258 clone(child_stack=0x65123e362000, flags=CLONE_VM|CLONE_FS|CLONE_FILES|CLONE_SIGHAND|CLONE_THREAD|CLONE_SYSVSEM) = 11259
11258 clone(child_stack=0x65123e39a000, flags=CLONE_VM|CLONE_FS|CLONE_FILES|CLONE_SIGHAND|CLONE_THREAD|CLONE_SYSVSEM) = 11260
11258 clone(child_stack=0x65123e396000, flags=CLONE_VM|CLONE_FS|CLONE_FILES|CLONE_SIGHAND|CLONE_THREAD|CLONE_SYSVSEM) = 11261
11260 clone(child_stack=0x65123e418000, flags=CLONE_VM|CLONE_FS|CLONE_FILES|CLONE_SIGHAND|CLONE_THREAD|CLONE_SYSVSEM) = 11262
10724 clone(child_stack=NULL, flags=CLONE_VM|CLONE_PIDFD|CLONE_VFORK|SIGCHLD <unfinished ...>
11253 tgkill(11252, 11257, SIGURG <unfinished ...>
11257 --- SIGURG {si_signo=SIGURG, si_code=SI_TKILL, si_pid=11252, si_uid=1001} ---
11253 <... tgkill resumed>)             = 0
11258 exit_group(0)                     = ?
11261 +++ exited with 0 +++
11262 +++ exited with 0 +++
11259 +++ exited with 0 +++
11260 +++ exited with 0 +++
11258 +++ exited with 0 +++
10666 <... waitid resumed>{si_signo=SIGCHLD, si_code=CLD_EXITED, si_pid=11258, si_uid=1001, si_status=0, si_utime=0, si_stime=0}, WEXITED, {ru_utime={tv_sec=0, tv_usec=3935}, ru_stime={tv_sec=0, tv_usec=3935}, ...}) = 0
10661 --- SIGCHLD {si_signo=SIGCHLD, si_code=CLD_EXITED, si_pid=11258, si_uid=1001, si_status=0, si_utime=0, si_stime=0} ---
11263 execve("/opt/hostedtoolcache/go/1.27.1/arm64/pkg/tool/linux_arm64/compile", ["/opt/hostedtoolcache/go/1.27.1/a"..., "-o", "/tmp/go-build1442187625/b052/_pk"..., "-trimpath", "/tmp/go-build1442187625/b052=>", "-p", "io/fs", "-lang=go1.27", "-std", "-complete", "-buildid", "lJ0_dQnfUG_B1hTjCBKl/lJ0_dQnfUG_"..., "-goversion", "go1.27.1", "-c=4", "-nolocalimports", "-importcfg", "/tmp/go-build1442187625/b052/imp"..., "-pack", "/opt/hostedtoolcache/go/1.27.1/a"..., "/opt/hostedtoolcache/go/1.27.1/a"..., "/opt/hostedtoolcache/go/1.27.1/a"..., "/opt/hostedtoolcache/go/1.27.1/a"..., "/opt/hostedtoolcache/go/1.27.1/a"..., "/opt/hostedtoolcache/go/1.27.1/a"..., "/opt/hostedtoolcache/go/1.27.1/a"..., "/opt/hostedtoolcache/go/1.27.1/a"..., "/opt/hostedtoolcache/go/1.27.1/a"...], 0x4a5648940008 /* 140 vars */ <unfinished ...>
10724 <... clone resumed>, parent_tid=[17]) = 11263
11263 <... execve resumed>)             = 0
10724 waitid(P_PIDFD, 17,  <unfinished ...>
10665 clone(child_stack=NULL, flags=CLONE_VM|CLONE_PIDFD|CLONE_VFORK|SIGCHLD <unfinished ...>
11264 execve("/opt/hostedtoolcache/go/1.27.1/arm64/pkg/tool/linux_arm64/compile", ["/opt/hostedtoolcache/go/1.27.1/a"..., "-o", "/tmp/go-build1442187625/b057/_pk"..., "-trimpath", "/tmp/go-build1442187625/b057=>", "-p", "internal/poll", "-lang=go1.27", "-std", "-buildid", "bwo4KAWR9J1EysRAzp75/bwo4KAWR9J1"..., "-goversion", "go1.27.1", "-c=4", "-nolocalimports", "-importcfg", "/tmp/go-build1442187625/b057/imp"..., "-pack", "/opt/hostedtoolcache/go/1.27.1/a"..., "/opt/hostedtoolcache/go/1.27.1/a"..., "/opt/hostedtoolcache/go/1.27.1/a"..., "/opt/hostedtoolcache/go/1.27.1/a"..., "/opt/hostedtoolcache/go/1.27.1/a"..., "/opt/hostedtoolcache/go/1.27.1/a"..., "/opt/hostedtoolcache/go/1.27.1/a"..., "/opt/hostedtoolcache/go/1.27.1/a"..., "/opt/hostedtoolcache/go/1.27.1/a"..., "/opt/hostedtoolcache/go/1.27.1/a"..., "/opt/hostedtoolcache/go/1.27.1/a"..., "/opt/hostedtoolcache/go/1.27.1/a"..., "/opt/hostedtoolcache/go/1.27.1/a"..., "/opt/hostedtoolcache/go/1.27.1/a"..., ...], 0x4a56487e8d88 /* 140 vars */ <unfinished ...>
10665 <... clone resumed>, parent_tid=[16]) = 11264
11264 <... execve resumed>)             = 0
10665 waitid(P_PIDFD, 16,  <unfinished ...>
11263 clone(child_stack=0x65186f1c4000, flags=CLONE_VM|CLONE_FS|CLONE_FILES|CLONE_SIGHAND|CLONE_THREAD|CLONE_SYSVSEM) = 11265
11263 clone(child_stack=0x65186f1fc000, flags=CLONE_VM|CLONE_FS|CLONE_FILES|CLONE_SIGHAND|CLONE_THREAD|CLONE_SYSVSEM) = 11266
11265 tgkill(11263, 11263, SIGURG)      = 0
11263 clone(child_stack=0x65186f1f8000, flags=CLONE_VM|CLONE_FS|CLONE_FILES|CLONE_SIGHAND|CLONE_THREAD|CLONE_SYSVSEM) = 11267
11263 --- SIGURG {si_signo=SIGURG, si_code=SI_TKILL, si_pid=11263, si_uid=1001} ---
11266 clone(child_stack=0x65186f220000, flags=CLONE_VM|CLONE_FS|CLONE_FILES|CLONE_SIGHAND|CLONE_THREAD|CLONE_SYSVSEM) = 11268
11268 clone(child_stack=0x65186f21c000, flags=CLONE_VM|CLONE_FS|CLONE_FILES|CLONE_SIGHAND|CLONE_THREAD|CLONE_SYSVSEM) = 11269
11265 clone(child_stack=0x65186f2f4000, flags=CLONE_VM|CLONE_FS|CLONE_FILES|CLONE_SIGHAND|CLONE_THREAD|CLONE_SYSVSEM) = 11270
11264 clone(child_stack=0xa8ad74ac000, flags=CLONE_VM|CLONE_FS|CLONE_FILES|CLONE_SIGHAND|CLONE_THREAD|CLONE_SYSVSEM) = 11271
11264 clone(child_stack=0xa8ad74e4000, flags=CLONE_VM|CLONE_FS|CLONE_FILES|CLONE_SIGHAND|CLONE_THREAD|CLONE_SYSVSEM) = 11272
11271 tgkill(11264, 11264, SIGURG)      = 0
11264 clone(child_stack=0xa8ad74e0000, flags=CLONE_VM|CLONE_FS|CLONE_FILES|CLONE_SIGHAND|CLONE_THREAD|CLONE_SYSVSEM) = 11273
11264 --- SIGURG {si_signo=SIGURG, si_code=SI_TKILL, si_pid=11264, si_uid=1001} ---
11272 clone(child_stack=0xa8ad7518000, flags=CLONE_VM|CLONE_FS|CLONE_FILES|CLONE_SIGHAND|CLONE_THREAD|CLONE_SYSVSEM) = 11274
11272 clone(child_stack=0xa8ad7514000, flags=CLONE_VM|CLONE_FS|CLONE_FILES|CLONE_SIGHAND|CLONE_THREAD|CLONE_SYSVSEM) = 11275
11253 tgkill(11252, 11257, SIGURG)      = 0
11257 --- SIGURG {si_signo=SIGURG, si_code=SI_TKILL, si_pid=11252, si_uid=1001} ---
10660 tgkill(10659, 10661, SIGURG)      = 0
10661 --- SIGURG {si_signo=SIGURG, si_code=SI_TKILL, si_pid=10659, si_uid=1001} ---
11271 clone(child_stack=0xa8ad753c000, flags=CLONE_VM|CLONE_FS|CLONE_FILES|CLONE_SIGHAND|CLONE_THREAD|CLONE_SYSVSEM) = 11276
11271 clone(child_stack=0xa8ad7538000, flags=CLONE_VM|CLONE_FS|CLONE_FILES|CLONE_SIGHAND|CLONE_THREAD|CLONE_SYSVSEM) = 11277
11265 tgkill(11263, 11263, SIGURG)      = 0
11263 --- SIGURG {si_signo=SIGURG, si_code=SI_TKILL, si_pid=11263, si_uid=1001} ---
11253 tgkill(11252, 11255, SIGURG)      = 0
11255 --- SIGURG {si_signo=SIGURG, si_code=SI_TKILL, si_pid=11252, si_uid=1001} ---
10660 tgkill(10659, 10666, SIGURG)      = 0
10666 --- SIGURG {si_signo=SIGURG, si_code=SI_TKILL, si_pid=10659, si_uid=1001} ---
11253 tgkill(11252, 11257, SIGURG)      = 0
11257 --- SIGURG {si_signo=SIGURG, si_code=SI_TKILL, si_pid=11252, si_uid=1001} ---
11271 tgkill(11264, 11274, SIGURG)      = 0
11274 --- SIGURG {si_signo=SIGURG, si_code=SI_TKILL, si_pid=11264, si_uid=1001} ---
11265 tgkill(11263, 11267, SIGURG)      = 0
11267 --- SIGURG {si_signo=SIGURG, si_code=SI_TKILL, si_pid=11263, si_uid=1001} ---
11253 tgkill(11252, 11257, SIGURG)      = 0
11257 --- SIGURG {si_signo=SIGURG, si_code=SI_TKILL, si_pid=11252, si_uid=1001} ---
11253 tgkill(11252, 11252, SIGURG)      = 0
11252 --- SIGURG {si_signo=SIGURG, si_code=SI_TKILL, si_pid=11252, si_uid=1001} ---
11271 tgkill(11264, 11273, SIGURG)      = 0
11253 tgkill(11252, 11255, SIGURG)      = 0
11273 --- SIGURG {si_signo=SIGURG, si_code=SI_TKILL, si_pid=11264, si_uid=1001} ---
11253 tgkill(11252, 11256, SIGURG <unfinished ...>
10660 tgkill(10659, 10661, SIGURG)      = 0
10661 --- SIGURG {si_signo=SIGURG, si_code=SI_TKILL, si_pid=10659, si_uid=1001} ---
11253 <... tgkill resumed>)             = 0
11255 --- SIGURG {si_signo=SIGURG, si_code=SI_TKILL, si_pid=11252, si_uid=1001} ---
11256 --- SIGURG {si_signo=SIGURG, si_code=SI_TKILL, si_pid=11252, si_uid=1001} ---
11265 tgkill(11263, 11269, SIGURG)      = 0
11269 --- SIGURG {si_signo=SIGURG, si_code=SI_TKILL, si_pid=11263, si_uid=1001} ---
11265 tgkill(11263, 11270, SIGURG)      = 0
11270 --- SIGURG {si_signo=SIGURG, si_code=SI_TKILL, si_pid=11263, si_uid=1001} ---
11265 tgkill(11263, 11267, SIGURG)      = 0
11265 tgkill(11263, 11263, SIGURG)      = 0
11267 --- SIGURG {si_signo=SIGURG, si_code=SI_TKILL, si_pid=11263, si_uid=1001} ---
11263 --- SIGURG {si_signo=SIGURG, si_code=SI_TKILL, si_pid=11263, si_uid=1001} ---
11271 tgkill(11264, 11274, SIGURG)      = 0
11253 tgkill(11252, 11252, SIGURG)      = 0
11252 --- SIGURG {si_signo=SIGURG, si_code=SI_TKILL, si_pid=11252, si_uid=1001} ---
11274 --- SIGURG {si_signo=SIGURG, si_code=SI_TKILL, si_pid=11264, si_uid=1001} ---
10661 clone(child_stack=NULL, flags=CLONE_VM|CLONE_PIDFD|CLONE_VFORK|SIGCHLD <unfinished ...>
10660 tgkill(10659, 10661, SIGURG)      = 0
11278 execve("/opt/hostedtoolcache/go/1.27.1/arm64/pkg/tool/linux_arm64/compile", ["/opt/hostedtoolcache/go/1.27.1/a"..., "-o", "/tmp/go-build1442187625/b036/_pk"..., "-trimpath", "/tmp/go-build1442187625/b036=>", "-p", "internal/fmtsort", "-lang=go1.27", "-std", "-complete", "-buildid", "SoauNJMtg-FT5Tveei3e/SoauNJMtg-F"..., "-goversion", "go1.27.1", "-c=4", "-nolocalimports", "-importcfg", "/tmp/go-build1442187625/b036/imp"..., "-pack", "/opt/hostedtoolcache/go/1.27.1/a"...], 0x4a56488e4488 /* 140 vars */ <unfinished ...>
10661 <... clone resumed>, parent_tid=[18]) = 11278
10661 --- SIGURG {si_signo=SIGURG, si_code=SI_TKILL, si_pid=10659, si_uid=1001} ---
10666 waitid(P_PIDFD, 18,  <unfinished ...>
11253 tgkill(11252, 11255, SIGURG)      = 0
11255 --- SIGURG {si_signo=SIGURG, si_code=SI_TKILL, si_pid=11252, si_uid=1001} ---
11253 tgkill(11252, 11257, SIGURG)      = 0
11253 tgkill(11252, 11256, SIGURG)      = 0
11256 --- SIGURG {si_signo=SIGURG, si_code=SI_TKILL, si_pid=11252, si_uid=1001} ---
11278 <... execve resumed>)             = 0
11257 --- SIGURG {si_signo=SIGURG, si_code=SI_TKILL, si_pid=11252, si_uid=1001} ---
11253 tgkill(11252, 11252, SIGURG <unfinished ...>
11271 tgkill(11264, 11274, SIGURG <unfinished ...>
11253 <... tgkill resumed>)             = 0
11271 <... tgkill resumed>)             = 0
11274 --- SIGURG {si_signo=SIGURG, si_code=SI_TKILL, si_pid=11264, si_uid=1001} ---
11252 --- SIGURG {si_signo=SIGURG, si_code=SI_TKILL, si_pid=11252, si_uid=1001} ---
11265 tgkill(11263, 11267, SIGURG)      = 0
11267 --- SIGURG {si_signo=SIGURG, si_code=SI_TKILL, si_pid=11263, si_uid=1001} ---
11269 exit_group(0)                     = ?
11270 +++ exited with 0 +++
11266 +++ exited with 0 +++
11268 +++ exited with 0 +++
11267 +++ exited with 0 +++
11265 +++ exited with 0 +++
11278 clone(child_stack=0x21f04d614000, flags=CLONE_VM|CLONE_FS|CLONE_FILES|CLONE_SIGHAND|CLONE_THREAD|CLONE_SYSVSEM) = 11279
11278 clone(child_stack=0x21f04d64c000, flags=CLONE_VM|CLONE_FS|CLONE_FILES|CLONE_SIGHAND|CLONE_THREAD|CLONE_SYSVSEM) = 11280
11279 tgkill(11278, 11278, SIGURG)      = 0
11278 --- SIGURG {si_signo=SIGURG, si_code=SI_TKILL, si_pid=11278, si_uid=1001} ---
11278 clone(child_stack=0x21f04d648000, flags=CLONE_VM|CLONE_FS|CLONE_FILES|CLONE_SIGHAND|CLONE_THREAD|CLONE_SYSVSEM) = 11281
11280 clone(child_stack=0x21f04d698000, flags=CLONE_VM|CLONE_FS|CLONE_FILES|CLONE_SIGHAND|CLONE_THREAD|CLONE_SYSVSEM) = 11282
11282 clone(child_stack=0x21f04d694000, flags=CLONE_VM|CLONE_FS|CLONE_FILES|CLONE_SIGHAND|CLONE_THREAD|CLONE_SYSVSEM) = 11283
11253 tgkill(11252, 11257, SIGURG <unfinished ...>
11269 +++ exited with 0 +++
11263 +++ exited with 0 +++
11253 <... tgkill resumed>)             = 0
11257 --- SIGURG {si_signo=SIGURG, si_code=SI_TKILL, si_pid=11252, si_uid=1001} ---
10724 <... waitid resumed>{si_signo=SIGCHLD, si_code=CLD_EXITED, si_pid=11263, si_uid=1001, si_status=0, si_utime=0, si_stime=0}, WEXITED, {ru_utime={tv_sec=0, tv_usec=79268}, ru_stime={tv_sec=0, tv_usec=24938}, ...}) = 0
11253 tgkill(11252, 11256, SIGURG)      = 0
10723 --- SIGCHLD {si_signo=SIGCHLD, si_code=CLD_EXITED, si_pid=11263, si_uid=1001, si_status=0, si_utime=8 /* 0.08 s */, si_stime=2 /* 0.02 s */} ---
11256 --- SIGURG {si_signo=SIGURG, si_code=SI_TKILL, si_pid=11252, si_uid=1001} ---
10660 tgkill(10659, 10724, SIGURG)      = 0
10724 --- SIGURG {si_signo=SIGURG, si_code=SI_TKILL, si_pid=10659, si_uid=1001} ---
11271 tgkill(11264, 11272, SIGURG)      = 0
11253 tgkill(11252, 11255, SIGURG)      = 0
11255 --- SIGURG {si_signo=SIGURG, si_code=SI_TKILL, si_pid=11252, si_uid=1001} ---
11272 --- SIGURG {si_signo=SIGURG, si_code=SI_TKILL, si_pid=11264, si_uid=1001} ---
11255 tgkill(11252, 11256, SIGURG <unfinished ...>
11279 tgkill(11278, 11278, SIGURG <unfinished ...>
11255 <... tgkill resumed>)             = 0
11279 <... tgkill resumed>)             = 0
11256 --- SIGURG {si_signo=SIGURG, si_code=SI_TKILL, si_pid=11252, si_uid=1001} ---
11278 --- SIGURG {si_signo=SIGURG, si_code=SI_TKILL, si_pid=11278, si_uid=1001} ---
10664 clone(child_stack=NULL, flags=CLONE_VM|CLONE_PIDFD|CLONE_VFORK|SIGCHLD <unfinished ...>
10660 tgkill(10659, 10664, SIGURG)      = 0
11253 tgkill(11252, 11255, SIGURG)      = 0
11255 --- SIGURG {si_signo=SIGURG, si_code=SI_TKILL, si_pid=11252, si_uid=1001} ---
11271 tgkill(11264, 11273, SIGURG <unfinished ...>
11273 --- SIGURG {si_signo=SIGURG, si_code=SI_TKILL, si_pid=11264, si_uid=1001} ---
11271 <... tgkill resumed>)             = 0
11284 execve("/opt/hostedtoolcache/go/1.27.1/arm64/pkg/tool/linux_arm64/compile", ["/opt/hostedtoolcache/go/1.27.1/a"..., "-o", "/tmp/go-build1442187625/b051/_pk"..., "-trimpath", "/tmp/go-build1442187625/b051=>", "-p", "internal/filepathlite", "-lang=go1.27", "-std", "-complete", "-buildid", "oDbma4U_lMUFNCMLk_Kk/oDbma4U_lMU"..., "-goversion", "go1.27.1", "-c=4", "-nolocalimports", "-importcfg", "/tmp/go-build1442187625/b051/imp"..., "-pack", "/opt/hostedtoolcache/go/1.27.1/a"..., "/opt/hostedtoolcache/go/1.27.1/a"..., "/opt/hostedtoolcache/go/1.27.1/a"...], 0x4a5648940488 /* 140 vars */ <unfinished ...>
10664 <... clone resumed>, parent_tid=[17]) = 11284
11284 <... execve resumed>)             = 0
10664 --- SIGURG {si_signo=SIGURG, si_code=SI_TKILL, si_pid=10659, si_uid=1001} ---
10660 tgkill(10659, 10664, SIGURG)      = 0
10664 --- SIGURG {si_signo=SIGURG, si_code=SI_TKILL, si_pid=10659, si_uid=1001} ---
10724 waitid(P_PIDFD, 17,  <unfinished ...>
11279 tgkill(11278, 11281, SIGURG)      = 0
11279 tgkill(11278, 11282, SIGURG)      = 0
11282 --- SIGURG {si_signo=SIGURG, si_code=SI_TKILL, si_pid=11278, si_uid=1001} ---
11279 tgkill(11278, 11278, SIGURG <unfinished ...>
11281 --- SIGURG {si_signo=SIGURG, si_code=SI_TKILL, si_pid=11278, si_uid=1001} ---
11279 <... tgkill resumed>)             = 0
11278 --- SIGURG {si_signo=SIGURG, si_code=SI_TKILL, si_pid=11278, si_uid=1001} ---
11284 clone(child_stack=0xdaf8d3f2000, flags=CLONE_VM|CLONE_FS|CLONE_FILES|CLONE_SIGHAND|CLONE_THREAD|CLONE_SYSVSEM) = 11285
11284 clone(child_stack=0xdaf8d42a000, flags=CLONE_VM|CLONE_FS|CLONE_FILES|CLONE_SIGHAND|CLONE_THREAD|CLONE_SYSVSEM) = 11286
11285 tgkill(11284, 11284, SIGURG <unfinished ...>
11284 clone(child_stack=0xdaf8d426000, flags=CLONE_VM|CLONE_FS|CLONE_FILES|CLONE_SIGHAND|CLONE_THREAD|CLONE_SYSVSEM <unfinished ...>
11285 <... tgkill resumed>)             = 0
11284 <... clone resumed>)              = 11287
11284 --- SIGURG {si_signo=SIGURG, si_code=SI_TKILL, si_pid=11284, si_uid=1001} ---
11284 clone(child_stack=0xdaf8d44e000, flags=CLONE_VM|CLONE_FS|CLONE_FILES|CLONE_SIGHAND|CLONE_THREAD|CLONE_SYSVSEM) = 11288
11286 clone(child_stack=0xdaf8d44a000, flags=CLONE_VM|CLONE_FS|CLONE_FILES|CLONE_SIGHAND|CLONE_THREAD|CLONE_SYSVSEM) = 11289
11282 exit_group(0)                     = ?
11283 +++ exited with 0 +++
11279 +++ exited with 0 +++
11280 +++ exited with 0 +++
11282 +++ exited with 0 +++
11281 +++ exited with 0 +++
11271 tgkill(11264, 11272, SIGURG)      = 0
11278 +++ exited with 0 +++
10666 <... waitid resumed>{si_signo=SIGCHLD, si_code=CLD_EXITED, si_pid=11278, si_uid=1001, si_status=0, si_utime=0, si_stime=0}, WEXITED, {ru_utime={tv_sec=0, tv_usec=55127}, ru_stime={tv_sec=0, tv_usec=15902}, ...}) = 0
10666 --- SIGCHLD {si_signo=SIGCHLD, si_code=CLD_EXITED, si_pid=11278, si_uid=1001, si_status=0, si_utime=5 /* 0.05 s */, si_stime=1 /* 0.01 s */} ---
10660 tgkill(10659, 10723, SIGURG)      = 0
10723 --- SIGURG {si_signo=SIGURG, si_code=SI_TKILL, si_pid=10659, si_uid=1001} ---
11272 --- SIGURG {si_signo=SIGURG, si_code=SI_TKILL, si_pid=11264, si_uid=1001} ---
11253 tgkill(11252, 11252, SIGURG)      = 0
11252 --- SIGURG {si_signo=SIGURG, si_code=SI_TKILL, si_pid=11252, si_uid=1001} ---
11285 tgkill(11284, 11288, SIGURG)      = 0
11288 --- SIGURG {si_signo=SIGURG, si_code=SI_TKILL, si_pid=11284, si_uid=1001} ---
11271 tgkill(11264, 11274, SIGURG)      = 0
11271 tgkill(11264, 11273, SIGURG)      = 0
11255 exit_group(0)                     = ?
11256 +++ exited with 0 +++
11255 +++ exited with 0 +++
11253 +++ exited with 0 +++
11254 +++ exited with 0 +++
11274 --- SIGURG {si_signo=SIGURG, si_code=SI_TKILL, si_pid=11264, si_uid=1001} ---
11273 --- SIGURG {si_signo=SIGURG, si_code=SI_TKILL, si_pid=11264, si_uid=1001} ---
11257 +++ exited with 0 +++
11252 +++ exited with 0 +++
10662 <... waitid resumed>{si_signo=SIGCHLD, si_code=CLD_EXITED, si_pid=11252, si_uid=1001, si_status=0, si_utime=0, si_stime=0}, WEXITED, {ru_utime={tv_sec=0, tv_usec=305179}, ru_stime={tv_sec=0, tv_usec=54932}, ...}) = 0
10661 --- SIGCHLD {si_signo=SIGCHLD, si_code=CLD_EXITED, si_pid=11252, si_uid=1001, si_status=0, si_utime=30 /* 0.30 s */, si_stime=5 /* 0.05 s */} ---
10661 clone(child_stack=NULL, flags=CLONE_VM|CLONE_PIDFD|CLONE_VFORK|SIGCHLD <unfinished ...>
10660 tgkill(10659, 10661, SIGURG)      = 0
11271 tgkill(11264, 11272, SIGURG)      = 0
11272 --- SIGURG {si_signo=SIGURG, si_code=SI_TKILL, si_pid=11264, si_uid=1001} ---
11271 tgkill(11264, 11276, SIGURG)      = 0
11276 --- SIGURG {si_signo=SIGURG, si_code=SI_TKILL, si_pid=11264, si_uid=1001} ---
11290 execve("/opt/hostedtoolcache/go/1.27.1/arm64/pkg/tool/linux_arm64/compile", ["/opt/hostedtoolcache/go/1.27.1/a"..., "-o", "/tmp/go-build1442187625/b065/_pk"..., "-trimpath", "/tmp/go-build1442187625/b065=>", "-p", "context", "-lang=go1.27", "-std", "-complete", "-buildid", "jYM-d33LGuQrJx-DCmJb/jYM-d33LGuQ"..., "-goversion", "go1.27.1", "-c=4", "-nolocalimports", "-importcfg", "/tmp/go-build1442187625/b065/imp"..., "-pack", "/opt/hostedtoolcache/go/1.27.1/a"...], 0x4a56487e9208 /* 140 vars */ <unfinished ...>
10661 <... clone resumed>, parent_tid=[15]) = 11290
10661 --- SIGURG {si_signo=SIGURG, si_code=SI_TKILL, si_pid=10659, si_uid=1001} ---
10664 waitid(P_PIDFD, 15,  <unfinished ...>
11290 <... execve resumed>)             = 0
11284 exit_group(0)                     = ?
11287 +++ exited with 0 +++
11288 +++ exited with 0 +++
11286 +++ exited with 0 +++
11290 clone(child_stack=0x6003da6ac000, flags=CLONE_VM|CLONE_FS|CLONE_FILES|CLONE_SIGHAND|CLONE_THREAD|CLONE_SYSVSEM) = 11291
11290 clone(child_stack=0x6003da6e4000, flags=CLONE_VM|CLONE_FS|CLONE_FILES|CLONE_SIGHAND|CLONE_THREAD|CLONE_SYSVSEM) = 11292
11290 clone(child_stack=0x6003da6e0000, flags=CLONE_VM|CLONE_FS|CLONE_FILES|CLONE_SIGHAND|CLONE_THREAD|CLONE_SYSVSEM) = 11293
11285 +++ exited with 0 +++
11292 clone(child_stack=0x6003da718000, flags=CLONE_VM|CLONE_FS|CLONE_FILES|CLONE_SIGHAND|CLONE_THREAD|CLONE_SYSVSEM) = 11294
11289 +++ exited with 0 +++
11284 +++ exited with 0 +++
10664 <... waitid resumed>0x4a5648a6afb8, WEXITED, 0x4a564866e240) = ? ERESTARTSYS (To be restarted if SA_RESTART is set)
10724 <... waitid resumed>{si_signo=SIGCHLD, si_code=CLD_EXITED, si_pid=11284, si_uid=1001, si_status=0, si_utime=0, si_stime=0}, WEXITED, {ru_utime={tv_sec=0, tv_usec=29944}, ru_stime={tv_sec=0, tv_usec=13100}, ...}) = 0
10664 --- SIGCHLD {si_signo=SIGCHLD, si_code=CLD_EXITED, si_pid=11284, si_uid=1001, si_status=0, si_utime=3 /* 0.03 s */, si_stime=1 /* 0.01 s */} ---
10664 waitid(P_PIDFD, 15,  <unfinished ...>
10660 tgkill(10659, 10662, SIGURG)      = 0
10662 --- SIGURG {si_signo=SIGURG, si_code=SI_TKILL, si_pid=10659, si_uid=1001} ---
11271 tgkill(11264, 11274, SIGURG)      = 0
11274 --- SIGURG {si_signo=SIGURG, si_code=SI_TKILL, si_pid=11264, si_uid=1001} ---
11271 tgkill(11264, 11273, SIGURG <unfinished ...>
11273 --- SIGURG {si_signo=SIGURG, si_code=SI_TKILL, si_pid=11264, si_uid=1001} ---
11271 <... tgkill resumed>)             = 0
11291 tgkill(11290, 11290, SIGURG)      = 0
11290 --- SIGURG {si_signo=SIGURG, si_code=SI_TKILL, si_pid=11290, si_uid=1001} ---
10660 tgkill(10659, 10666, SIGURG)      = 0
10666 --- SIGURG {si_signo=SIGURG, si_code=SI_TKILL, si_pid=10659, si_uid=1001} ---
11271 tgkill(11264, 11272, SIGURG <unfinished ...>
11272 --- SIGURG {si_signo=SIGURG, si_code=SI_TKILL, si_pid=11264, si_uid=1001} ---
11271 <... tgkill resumed>)             = 0
11271 tgkill(11264, 11276, SIGURG)      = 0
11276 --- SIGURG {si_signo=SIGURG, si_code=SI_TKILL, si_pid=11264, si_uid=1001} ---
11291 tgkill(11290, 11292, SIGURG <unfinished ...>
11292 --- SIGURG {si_signo=SIGURG, si_code=SI_TKILL, si_pid=11290, si_uid=1001} ---
11291 <... tgkill resumed>)             = 0
11271 tgkill(11264, 11274, SIGURG <unfinished ...>
11274 --- SIGURG {si_signo=SIGURG, si_code=SI_TKILL, si_pid=11264, si_uid=1001} ---
11271 <... tgkill resumed>)             = 0
11271 tgkill(11264, 11272, SIGURG <unfinished ...>
11272 --- SIGURG {si_signo=SIGURG, si_code=SI_TKILL, si_pid=11264, si_uid=1001} ---
11271 <... tgkill resumed>)             = 0
11272 exit_group(0)                     = ?
11276 +++ exited with 0 +++
11275 +++ exited with 0 +++
11274 +++ exited with 0 +++
11273 +++ exited with 0 +++
11271 +++ exited with 0 +++
11272 +++ exited with 0 +++
11277 +++ exited with 0 +++
11264 +++ exited with 0 +++
10665 <... waitid resumed>{si_signo=SIGCHLD, si_code=CLD_EXITED, si_pid=11264, si_uid=1001, si_status=0, si_utime=0, si_stime=0}, WEXITED, {ru_utime={tv_sec=0, tv_usec=171482}, ru_stime={tv_sec=0, tv_usec=39722}, ...}) = 0
10724 --- SIGCHLD {si_signo=SIGCHLD, si_code=CLD_EXITED, si_pid=11264, si_uid=1001, si_status=0, si_utime=17 /* 0.17 s */, si_stime=4 /* 0.04 s */} ---
10660 tgkill(10659, 10665, SIGURG)      = 0
10665 --- SIGURG {si_signo=SIGURG, si_code=SI_TKILL, si_pid=10659, si_uid=1001} ---
11291 tgkill(11290, 11292, SIGURG)      = 0
11292 --- SIGURG {si_signo=SIGURG, si_code=SI_TKILL, si_pid=11290, si_uid=1001} ---
11293 exit_group(0)                     = ?
11293 +++ exited with 0 +++
11292 +++ exited with 0 +++
11291 +++ exited with 0 +++
11294 +++ exited with 0 +++
11290 +++ exited with 0 +++
10664 <... waitid resumed>{si_signo=SIGCHLD, si_code=CLD_EXITED, si_pid=11290, si_uid=1001, si_status=0, si_utime=0, si_stime=0}, WEXITED, {ru_utime={tv_sec=0, tv_usec=58732}, ru_stime={tv_sec=0, tv_usec=17918}, ...}) = 0
10666 --- SIGCHLD {si_signo=SIGCHLD, si_code=CLD_EXITED, si_pid=11290, si_uid=1001, si_status=0, si_utime=5 /* 0.05 s */, si_stime=1 /* 0.01 s */} ---
10665 clone(child_stack=NULL, flags=CLONE_VM|CLONE_PIDFD|CLONE_VFORK|SIGCHLD <unfinished ...>
11295 execve("/opt/hostedtoolcache/go/1.27.1/arm64/pkg/tool/linux_arm64/compile", ["/opt/hostedtoolcache/go/1.27.1/a"..., "-o", "/tmp/go-build1442187625/b050/_pk"..., "-trimpath", "/tmp/go-build1442187625/b050=>", "-p", "os", "-lang=go1.27", "-std", "-buildid", "wkBUzxEx6pS53N6viuzd/wkBUzxEx6pS"..., "-goversion", "go1.27.1", "-c=4", "-nolocalimports", "-importcfg", "/tmp/go-build1442187625/b050/imp"..., "-pack", "/opt/hostedtoolcache/go/1.27.1/a"..., "/opt/hostedtoolcache/go/1.27.1/a"..., "/opt/hostedtoolcache/go/1.27.1/a"..., "/opt/hostedtoolcache/go/1.27.1/a"..., "/opt/hostedtoolcache/go/1.27.1/a"..., "/opt/hostedtoolcache/go/1.27.1/a"..., "/opt/hostedtoolcache/go/1.27.1/a"..., "/opt/hostedtoolcache/go/1.27.1/a"..., "/opt/hostedtoolcache/go/1.27.1/a"..., "/opt/hostedtoolcache/go/1.27.1/a"..., "/opt/hostedtoolcache/go/1.27.1/a"..., "/opt/hostedtoolcache/go/1.27.1/a"..., "/opt/hostedtoolcache/go/1.27.1/a"..., "/opt/hostedtoolcache/go/1.27.1/a"..., ...], 0x4a5648940008 /* 140 vars */ <unfinished ...>
10665 <... clone resumed>, parent_tid=[12]) = 11295
11295 <... execve resumed>)             = 0
10665 waitid(P_PIDFD, 12,  <unfinished ...>
11295 clone(child_stack=0x4f55da174000, flags=CLONE_VM|CLONE_FS|CLONE_FILES|CLONE_SIGHAND|CLONE_THREAD|CLONE_SYSVSEM) = 11296
11295 clone(child_stack=0x4f55da1ac000, flags=CLONE_VM|CLONE_FS|CLONE_FILES|CLONE_SIGHAND|CLONE_THREAD|CLONE_SYSVSEM) = 11297
11296 tgkill(11295, 11295, SIGURG)      = 0
11295 clone(child_stack=0x4f55da1a8000, flags=CLONE_VM|CLONE_FS|CLONE_FILES|CLONE_SIGHAND|CLONE_THREAD|CLONE_SYSVSEM) = 11298
11295 --- SIGURG {si_signo=SIGURG, si_code=SI_TKILL, si_pid=11295, si_uid=1001} ---
11297 clone(child_stack=0x4f55da218000, flags=CLONE_VM|CLONE_FS|CLONE_FILES|CLONE_SIGHAND|CLONE_THREAD|CLONE_SYSVSEM) = 11299
11296 clone(child_stack=0x4f55da61c000, flags=CLONE_VM|CLONE_FS|CLONE_FILES|CLONE_SIGHAND|CLONE_THREAD|CLONE_SYSVSEM) = 11300
11296 tgkill(11295, 11299, SIGURG <unfinished ...>
11299 --- SIGURG {si_signo=SIGURG, si_code=SI_TKILL, si_pid=11295, si_uid=1001} ---
11296 <... tgkill resumed>)             = 0
11296 tgkill(11295, 11299, SIGURG)      = 0
11299 --- SIGURG {si_signo=SIGURG, si_code=SI_TKILL, si_pid=11295, si_uid=1001} ---
11296 tgkill(11295, 11300, SIGURG <unfinished ...>
11300 --- SIGURG {si_signo=SIGURG, si_code=SI_TKILL, si_pid=11295, si_uid=1001} ---
11296 <... tgkill resumed>)             = 0
11296 tgkill(11295, 11300, SIGURG <unfinished ...>
11300 --- SIGURG {si_signo=SIGURG, si_code=SI_TKILL, si_pid=11295, si_uid=1001} ---
11296 <... tgkill resumed>)             = 0
11296 tgkill(11295, 11299, SIGURG <unfinished ...>
11299 --- SIGURG {si_signo=SIGURG, si_code=SI_TKILL, si_pid=11295, si_uid=1001} ---
11296 <... tgkill resumed>)             = 0
11296 tgkill(11295, 11299, SIGURG)      = 0
11299 --- SIGURG {si_signo=SIGURG, si_code=SI_TKILL, si_pid=11295, si_uid=1001} ---
11296 tgkill(11295, 11295, SIGURG)      = 0
11295 --- SIGURG {si_signo=SIGURG, si_code=SI_TKILL, si_pid=11295, si_uid=1001} ---
11296 tgkill(11295, 11300, SIGURG)      = 0
11300 --- SIGURG {si_signo=SIGURG, si_code=SI_TKILL, si_pid=11295, si_uid=1001} ---
11300 tgkill(11295, 11295, SIGURG)      = 0
11295 --- SIGURG {si_signo=SIGURG, si_code=SI_TKILL, si_pid=11295, si_uid=1001} ---
11297 tgkill(11295, 11295, SIGURG)      = 0
11295 --- SIGURG {si_signo=SIGURG, si_code=SI_TKILL, si_pid=11295, si_uid=1001} ---
11297 tgkill(11295, 11295, SIGURG)      = 0
11295 --- SIGURG {si_signo=SIGURG, si_code=SI_TKILL, si_pid=11295, si_uid=1001} ---
11297 tgkill(11295, 11299, SIGURG <unfinished ...>
11299 --- SIGURG {si_signo=SIGURG, si_code=SI_TKILL, si_pid=11295, si_uid=1001} ---
11297 <... tgkill resumed>)             = 0
11297 tgkill(11295, 11295, SIGURG)      = 0
11297 tgkill(11295, 11300, SIGURG <unfinished ...>
11295 --- SIGURG {si_signo=SIGURG, si_code=SI_TKILL, si_pid=11295, si_uid=1001} ---
11297 <... tgkill resumed>)             = 0
11300 --- SIGURG {si_signo=SIGURG, si_code=SI_TKILL, si_pid=11295, si_uid=1001} ---
11297 tgkill(11295, 11299, SIGURG)      = 0
11299 --- SIGURG {si_signo=SIGURG, si_code=SI_TKILL, si_pid=11295, si_uid=1001} ---
11299 tgkill(11295, 11295, SIGURG)      = 0
11295 --- SIGURG {si_signo=SIGURG, si_code=SI_TKILL, si_pid=11295, si_uid=1001} ---
11299 tgkill(11295, 11300, SIGURG)      = 0
11300 --- SIGURG {si_signo=SIGURG, si_code=SI_TKILL, si_pid=11295, si_uid=1001} ---
11299 tgkill(11295, 11297, SIGURG)      = 0
11297 --- SIGURG {si_signo=SIGURG, si_code=SI_TKILL, si_pid=11295, si_uid=1001} ---
11299 tgkill(11295, 11295, SIGURG)      = 0
11295 --- SIGURG {si_signo=SIGURG, si_code=SI_TKILL, si_pid=11295, si_uid=1001} ---
11299 tgkill(11295, 11300, SIGURG)      = 0
11300 --- SIGURG {si_signo=SIGURG, si_code=SI_TKILL, si_pid=11295, si_uid=1001} ---
11299 tgkill(11295, 11297, SIGURG)      = 0
11297 --- SIGURG {si_signo=SIGURG, si_code=SI_TKILL, si_pid=11295, si_uid=1001} ---
11299 tgkill(11295, 11295, SIGURG)      = 0
11295 --- SIGURG {si_signo=SIGURG, si_code=SI_TKILL, si_pid=11295, si_uid=1001} ---
11299 tgkill(11295, 11300, SIGURG)      = 0
11300 --- SIGURG {si_signo=SIGURG, si_code=SI_TKILL, si_pid=11295, si_uid=1001} ---
11299 tgkill(11295, 11297, SIGURG)      = 0
11297 --- SIGURG {si_signo=SIGURG, si_code=SI_TKILL, si_pid=11295, si_uid=1001} ---
11296 tgkill(11295, 11295, SIGURG)      = 0
11295 --- SIGURG {si_signo=SIGURG, si_code=SI_TKILL, si_pid=11295, si_uid=1001} ---
11296 tgkill(11295, 11300, SIGURG)      = 0
11300 --- SIGURG {si_signo=SIGURG, si_code=SI_TKILL, si_pid=11295, si_uid=1001} ---
11296 tgkill(11295, 11299, SIGURG <unfinished ...>
11299 --- SIGURG {si_signo=SIGURG, si_code=SI_TKILL, si_pid=11295, si_uid=1001} ---
11296 <... tgkill resumed>)             = 0
11296 tgkill(11295, 11295, SIGURG)      = 0
11295 --- SIGURG {si_signo=SIGURG, si_code=SI_TKILL, si_pid=11295, si_uid=1001} ---
11296 tgkill(11295, 11300, SIGURG)      = 0
11300 --- SIGURG {si_signo=SIGURG, si_code=SI_TKILL, si_pid=11295, si_uid=1001} ---
11296 tgkill(11295, 11297, SIGURG <unfinished ...>
11297 --- SIGURG {si_signo=SIGURG, si_code=SI_TKILL, si_pid=11295, si_uid=1001} ---
11296 <... tgkill resumed>)             = 0
11296 tgkill(11295, 11299, SIGURG)      = 0
11299 --- SIGURG {si_signo=SIGURG, si_code=SI_TKILL, si_pid=11295, si_uid=1001} ---
11296 tgkill(11295, 11299, SIGURG)      = 0
11299 --- SIGURG {si_signo=SIGURG, si_code=SI_TKILL, si_pid=11295, si_uid=1001} ---
11296 tgkill(11295, 11300, SIGURG <unfinished ...>
11300 --- SIGURG {si_signo=SIGURG, si_code=SI_TKILL, si_pid=11295, si_uid=1001} ---
11296 <... tgkill resumed>)             = 0
11296 tgkill(11295, 11300, SIGURG)      = 0
11300 --- SIGURG {si_signo=SIGURG, si_code=SI_TKILL, si_pid=11295, si_uid=1001} ---
11300 exit_group(0)                     = ?
11300 +++ exited with 0 +++
11299 +++ exited with 0 +++
11298 +++ exited with 0 +++
11297 +++ exited with 0 +++
11296 +++ exited with 0 +++
11295 +++ exited with 0 +++
10665 <... waitid resumed>{si_signo=SIGCHLD, si_code=CLD_EXITED, si_pid=11295, si_uid=1001, si_status=0, si_utime=0, si_stime=0}, WEXITED, {ru_utime={tv_sec=0, tv_usec=490369}, ru_stime={tv_sec=0, tv_usec=56695}, ...}) = 0
10664 --- SIGCHLD {si_signo=SIGCHLD, si_code=CLD_EXITED, si_pid=11295, si_uid=1001, si_status=0, si_utime=49 /* 0.49 s */, si_stime=5 /* 0.05 s */} ---
10665 clone(child_stack=NULL, flags=CLONE_VM|CLONE_PIDFD|CLONE_VFORK|SIGCHLD <unfinished ...>
10664 clone(child_stack=NULL, flags=CLONE_VM|CLONE_PIDFD|CLONE_VFORK|SIGCHLD <unfinished ...>
11301 execve("/opt/hostedtoolcache/go/1.27.1/arm64/pkg/tool/linux_arm64/compile", ["/opt/hostedtoolcache/go/1.27.1/a"..., "-o", "/tmp/go-build1442187625/b068/_pk"..., "-trimpath", "/tmp/go-build1442187625/b068=>", "-p", "path/filepath", "-lang=go1.27", "-std", "-complete", "-buildid", "RnW1z7tg97nNJI8do1zG/RnW1z7tg97n"..., "-goversion", "go1.27.1", "-c=4", "-nolocalimports", "-importcfg", "/tmp/go-build1442187625/b068/imp"..., "-pack", "/opt/hostedtoolcache/go/1.27.1/a"..., "/opt/hostedtoolcache/go/1.27.1/a"..., "/opt/hostedtoolcache/go/1.27.1/a"..., "/opt/hostedtoolcache/go/1.27.1/a"..., "/opt/hostedtoolcache/go/1.27.1/a"...], 0x4a56487e8008 /* 140 vars */ <unfinished ...>
10665 <... clone resumed>, parent_tid=[15]) = 11301
11301 <... execve resumed>)             = 0
11302 execve("/opt/hostedtoolcache/go/1.27.1/arm64/pkg/tool/linux_arm64/compile", ["/opt/hostedtoolcache/go/1.27.1/a"..., "-o", "/tmp/go-build1442187625/b002/_pk"..., "-trimpath", "/tmp/go-build1442187625/b002=>", "-p", "fmt", "-lang=go1.27", "-std", "-complete", "-buildid", "DF8lkC6O5o-h6VRhS6vl/DF8lkC6O5o-"..., "-goversion", "go1.27.1", "-c=4", "-nolocalimports", "-importcfg", "/tmp/go-build1442187625/b002/imp"..., "-pack", "/opt/hostedtoolcache/go/1.27.1/a"..., "/opt/hostedtoolcache/go/1.27.1/a"..., "/opt/hostedtoolcache/go/1.27.1/a"..., "/opt/hostedtoolcache/go/1.27.1/a"..., "/opt/hostedtoolcache/go/1.27.1/a"...], 0x4a5648940488 /* 140 vars */ <unfinished ...>
10664 <... clone resumed>, parent_tid=[18]) = 11302
11302 <... execve resumed>)             = 0
10664 waitid(P_PIDFD, 18,  <unfinished ...>
10665 waitid(P_PIDFD, 15,  <unfinished ...>
11301 clone(child_stack=0x6c8cf91f0000, flags=CLONE_VM|CLONE_FS|CLONE_FILES|CLONE_SIGHAND|CLONE_THREAD|CLONE_SYSVSEM <unfinished ...>
11302 clone(child_stack=0x492dc132e000, flags=CLONE_VM|CLONE_FS|CLONE_FILES|CLONE_SIGHAND|CLONE_THREAD|CLONE_SYSVSEM <unfinished ...>
11301 <... clone resumed>)              = 11303
11302 <... clone resumed>)              = 11304
11301 clone(child_stack=0x6c8cf9228000, flags=CLONE_VM|CLONE_FS|CLONE_FILES|CLONE_SIGHAND|CLONE_THREAD|CLONE_SYSVSEM <unfinished ...>
11302 clone(child_stack=0x492dc1366000, flags=CLONE_VM|CLONE_FS|CLONE_FILES|CLONE_SIGHAND|CLONE_THREAD|CLONE_SYSVSEM <unfinished ...>
11301 <... clone resumed>)              = 11305
11302 <... clone resumed>)              = 11306
11304 tgkill(11302, 11302, SIGURG)      = 0
11303 tgkill(11301, 11301, SIGURG <unfinished ...>
11302 clone(child_stack=0x492dc1362000, flags=CLONE_VM|CLONE_FS|CLONE_FILES|CLONE_SIGHAND|CLONE_THREAD|CLONE_SYSVSEM <unfinished ...>
11303 <... tgkill resumed>)             = 0
11301 clone(child_stack=0x6c8cf9224000, flags=CLONE_VM|CLONE_FS|CLONE_FILES|CLONE_SIGHAND|CLONE_THREAD|CLONE_SYSVSEM <unfinished ...>
11302 <... clone resumed>)              = 11307
11301 <... clone resumed>)              = 11308
11302 --- SIGURG {si_signo=SIGURG, si_code=SI_TKILL, si_pid=11302, si_uid=1001} ---
11301 --- SIGURG {si_signo=SIGURG, si_code=SI_TKILL, si_pid=11301, si_uid=1001} ---
11305 clone(child_stack=0x6c8cf9298000, flags=CLONE_VM|CLONE_FS|CLONE_FILES|CLONE_SIGHAND|CLONE_THREAD|CLONE_SYSVSEM <unfinished ...>
11306 clone(child_stack=0x492dc1398000, flags=CLONE_VM|CLONE_FS|CLONE_FILES|CLONE_SIGHAND|CLONE_THREAD|CLONE_SYSVSEM <unfinished ...>
11305 <... clone resumed>)              = 11309
11306 <... clone resumed>)              = 11310
11304 clone(child_stack=0x492dc1724000, flags=CLONE_VM|CLONE_FS|CLONE_FILES|CLONE_SIGHAND|CLONE_THREAD|CLONE_SYSVSEM) = 11311
11303 clone(child_stack=0x6c8cf969c000, flags=CLONE_VM|CLONE_FS|CLONE_FILES|CLONE_SIGHAND|CLONE_THREAD|CLONE_SYSVSEM) = 11312
11304 tgkill(11302, 11302, SIGURG)      = 0
11302 --- SIGURG {si_signo=SIGURG, si_code=SI_TKILL, si_pid=11302, si_uid=1001} ---
11304 tgkill(11302, 11302, SIGURG)      = 0
11302 --- SIGURG {si_signo=SIGURG, si_code=SI_TKILL, si_pid=11302, si_uid=1001} ---
11303 tgkill(11301, 11309, SIGURG)      = 0
11309 --- SIGURG {si_signo=SIGURG, si_code=SI_TKILL, si_pid=11301, si_uid=1001} ---
11304 tgkill(11302, 11302, SIGURG)      = 0
11302 --- SIGURG {si_signo=SIGURG, si_code=SI_TKILL, si_pid=11302, si_uid=1001} ---
11303 tgkill(11301, 11305, SIGURG)      = 0
11305 --- SIGURG {si_signo=SIGURG, si_code=SI_TKILL, si_pid=11301, si_uid=1001} ---
11304 tgkill(11302, 11311, SIGURG)      = 0
11311 --- SIGURG {si_signo=SIGURG, si_code=SI_TKILL, si_pid=11302, si_uid=1001} ---
11303 tgkill(11301, 11309, SIGURG)      = 0
11309 --- SIGURG {si_signo=SIGURG, si_code=SI_TKILL, si_pid=11301, si_uid=1001} ---
11303 tgkill(11301, 11312, SIGURG)      = 0
11312 --- SIGURG {si_signo=SIGURG, si_code=SI_TKILL, si_pid=11301, si_uid=1001} ---
11301 exit_group(0)                     = ?
11312 +++ exited with 0 +++
11309 +++ exited with 0 +++
11308 +++ exited with 0 +++
11305 +++ exited with 0 +++
11303 +++ exited with 0 +++
11301 +++ exited with 0 +++
10666 --- SIGCHLD {si_signo=SIGCHLD, si_code=CLD_EXITED, si_pid=11301, si_uid=1001, si_status=0, si_utime=6 /* 0.06 s */, si_stime=2 /* 0.02 s */} ---
10665 <... waitid resumed>{si_signo=SIGCHLD, si_code=CLD_EXITED, si_pid=11301, si_uid=1001, si_status=0, si_utime=0, si_stime=0}, WEXITED, {ru_utime={tv_sec=0, tv_usec=67341}, ru_stime={tv_sec=0, tv_usec=23516}, ...}) = 0
10660 tgkill(10659, 10665, SIGURG)      = 0
10665 --- SIGURG {si_signo=SIGURG, si_code=SI_TKILL, si_pid=10659, si_uid=1001} ---
10666 tgkill(10659, 10665, SIGURG)      = 0
10665 --- SIGURG {si_signo=SIGURG, si_code=SI_TKILL, si_pid=10659, si_uid=1001} ---
10665 tgkill(10659, 10661, SIGURG)      = 0
10661 --- SIGURG {si_signo=SIGURG, si_code=SI_TKILL, si_pid=10659, si_uid=1001} ---
11304 tgkill(11302, 11311, SIGURG <unfinished ...>
11311 --- SIGURG {si_signo=SIGURG, si_code=SI_TKILL, si_pid=11302, si_uid=1001} ---
11304 <... tgkill resumed>)             = 0
10662 clone(child_stack=NULL, flags=CLONE_VM|CLONE_PIDFD|CLONE_VFORK|SIGCHLD <unfinished ...>
11313 execve("/opt/hostedtoolcache/go/1.27.1/arm64/pkg/tool/linux_arm64/compile", ["/opt/hostedtoolcache/go/1.27.1/a"..., "-o", "/tmp/go-build1442187625/b064/_pk"..., "-trimpath", "/tmp/go-build1442187625/b064=>", "-p", "os/exec", "-lang=go1.27", "-std", "-complete", "-buildid", "uOkOmIumLBCnVGqhQBLT/uOkOmIumLBC"..., "-goversion", "go1.27.1", "-c=4", "-nolocalimports", "-importcfg", "/tmp/go-build1442187625/b064/imp"..., "-pack", "/opt/hostedtoolcache/go/1.27.1/a"..., "/opt/hostedtoolcache/go/1.27.1/a"..., "/opt/hostedtoolcache/go/1.27.1/a"..., "/opt/hostedtoolcache/go/1.27.1/a"...], 0x4a5648940008 /* 140 vars */ <unfinished ...>
10662 <... clone resumed>, parent_tid=[12]) = 11313
11313 <... execve resumed>)             = 0
10662 waitid(P_PIDFD, 12,  <unfinished ...>
11313 clone(child_stack=0x4d6f180a4000, flags=CLONE_VM|CLONE_FS|CLONE_FILES|CLONE_SIGHAND|CLONE_THREAD|CLONE_SYSVSEM) = 11314
11313 clone(child_stack=0x4d6f180dc000, flags=CLONE_VM|CLONE_FS|CLONE_FILES|CLONE_SIGHAND|CLONE_THREAD|CLONE_SYSVSEM) = 11315
11314 tgkill(11313, 11313, SIGURG)      = 0
11313 clone(child_stack=0x4d6f180d8000, flags=CLONE_VM|CLONE_FS|CLONE_FILES|CLONE_SIGHAND|CLONE_THREAD|CLONE_SYSVSEM) = 11316
11313 --- SIGURG {si_signo=SIGURG, si_code=SI_TKILL, si_pid=11313, si_uid=1001} ---
11315 clone(child_stack=0x4d6f18118000, flags=CLONE_VM|CLONE_FS|CLONE_FILES|CLONE_SIGHAND|CLONE_THREAD|CLONE_SYSVSEM) = 11317
11304 tgkill(11302, 11306, SIGURG)      = 0
11306 --- SIGURG {si_signo=SIGURG, si_code=SI_TKILL, si_pid=11302, si_uid=1001} ---
11304 tgkill(11302, 11310, SIGURG)      = 0
11310 --- SIGURG {si_signo=SIGURG, si_code=SI_TKILL, si_pid=11302, si_uid=1001} ---
11304 tgkill(11302, 11302, SIGURG)      = 0
11302 --- SIGURG {si_signo=SIGURG, si_code=SI_TKILL, si_pid=11302, si_uid=1001} ---
11314 clone(child_stack=0x4d6f1825a000, flags=CLONE_VM|CLONE_FS|CLONE_FILES|CLONE_SIGHAND|CLONE_THREAD|CLONE_SYSVSEM) = 11318
11314 tgkill(11313, 11313, SIGURG)      = 0
11313 --- SIGURG {si_signo=SIGURG, si_code=SI_TKILL, si_pid=11313, si_uid=1001} ---
11304 tgkill(11302, 11306, SIGURG)      = 0
11306 --- SIGURG {si_signo=SIGURG, si_code=SI_TKILL, si_pid=11302, si_uid=1001} ---
11304 tgkill(11302, 11311, SIGURG)      = 0
11311 --- SIGURG {si_signo=SIGURG, si_code=SI_TKILL, si_pid=11302, si_uid=1001} ---
11314 tgkill(11313, 11313, SIGURG)      = 0
11313 --- SIGURG {si_signo=SIGURG, si_code=SI_TKILL, si_pid=11313, si_uid=1001} ---
11304 tgkill(11302, 11310, SIGURG)      = 0
11310 --- SIGURG {si_signo=SIGURG, si_code=SI_TKILL, si_pid=11302, si_uid=1001} ---
11304 tgkill(11302, 11302, SIGURG)      = 0
11302 --- SIGURG {si_signo=SIGURG, si_code=SI_TKILL, si_pid=11302, si_uid=1001} ---
11314 tgkill(11313, 11313, SIGURG)      = 0
11313 --- SIGURG {si_signo=SIGURG, si_code=SI_TKILL, si_pid=11313, si_uid=1001} ---
11304 tgkill(11302, 11311, SIGURG <unfinished ...>
11311 --- SIGURG {si_signo=SIGURG, si_code=SI_TKILL, si_pid=11302, si_uid=1001} ---
11304 <... tgkill resumed>)             = 0
11314 tgkill(11313, 11318, SIGURG)      = 0
11318 --- SIGURG {si_signo=SIGURG, si_code=SI_TKILL, si_pid=11313, si_uid=1001} ---
11311 exit_group(0)                     = ?
11311 +++ exited with 0 +++
11307 +++ exited with 0 +++
11306 +++ exited with 0 +++
11304 +++ exited with 0 +++
11314 tgkill(11313, 11313, SIGURG)      = 0
11313 --- SIGURG {si_signo=SIGURG, si_code=SI_TKILL, si_pid=11313, si_uid=1001} ---
11310 +++ exited with 0 +++
11302 +++ exited with 0 +++
10664 <... waitid resumed>{si_signo=SIGCHLD, si_code=CLD_EXITED, si_pid=11302, si_uid=1001, si_status=0, si_utime=0, si_stime=0}, WEXITED, {ru_utime={tv_sec=0, tv_usec=239428}, ru_stime={tv_sec=0, tv_usec=46500}, ...}) = 0
10724 --- SIGCHLD {si_signo=SIGCHLD, si_code=CLD_EXITED, si_pid=11302, si_uid=1001, si_status=0, si_utime=24 /* 0.24 s */, si_stime=4 /* 0.04 s */} ---
11314 tgkill(11313, 11318, SIGURG)      = 0
11318 --- SIGURG {si_signo=SIGURG, si_code=SI_TKILL, si_pid=11313, si_uid=1001} ---
11314 tgkill(11313, 11315, SIGURG)      = 0
11315 --- SIGURG {si_signo=SIGURG, si_code=SI_TKILL, si_pid=11313, si_uid=1001} ---
11314 tgkill(11313, 11316, SIGURG)      = 0
11316 --- SIGURG {si_signo=SIGURG, si_code=SI_TKILL, si_pid=11313, si_uid=1001} ---
10660 tgkill(10659, 10724, SIGURG)      = 0
10724 --- SIGURG {si_signo=SIGURG, si_code=SI_TKILL, si_pid=10659, si_uid=1001} ---
11318 exit_group(0)                     = ?
11318 +++ exited with 0 +++
11317 +++ exited with 0 +++
11316 +++ exited with 0 +++
11315 +++ exited with 0 +++
11314 +++ exited with 0 +++
11313 +++ exited with 0 +++
10662 <... waitid resumed>{si_signo=SIGCHLD, si_code=CLD_EXITED, si_pid=11313, si_uid=1001, si_status=0, si_utime=0, si_stime=0}, WEXITED, {ru_utime={tv_sec=0, tv_usec=91825}, ru_stime={tv_sec=0, tv_usec=27130}, ...}) = 0
10664 --- SIGCHLD {si_signo=SIGCHLD, si_code=CLD_EXITED, si_pid=11313, si_uid=1001, si_status=0, si_utime=8 /* 0.08 s */, si_stime=2 /* 0.02 s */} ---
10664 clone(child_stack=NULL, flags=CLONE_VM|CLONE_PIDFD|CLONE_VFORK|SIGCHLD <unfinished ...>
11319 execve("/opt/hostedtoolcache/go/1.27.1/arm64/pkg/tool/linux_arm64/compile", ["/opt/hostedtoolcache/go/1.27.1/a"..., "-o", "/tmp/go-build1442187625/b061/_pk"..., "-trimpath", "/tmp/go-build1442187625/b061=>", "-p", "github.com/type-rb/type-rb-nativ"..., "-lang=go1.27", "-complete", "-buildid", "ouRsBmfsr-E6w9XMpnbQ/ouRsBmfsr-E"..., "-goversion", "go1.27.1", "-c=4", "-nolocalimports", "-importcfg", "/tmp/go-build1442187625/b061/imp"..., "-pack", "/tmp/trb-build-1913421921/trb/st"...], 0x4a56487e8008 /* 140 vars */ <unfinished ...>
10664 <... clone resumed>, parent_tid=[12]) = 11319
11319 <... execve resumed>)             = 0
10664 waitid(P_PIDFD, 12,  <unfinished ...>
11319 clone(child_stack=0x6a57b8678000, flags=CLONE_VM|CLONE_FS|CLONE_FILES|CLONE_SIGHAND|CLONE_THREAD|CLONE_SYSVSEM) = 11320
11319 clone(child_stack=0x6a57b86b0000, flags=CLONE_VM|CLONE_FS|CLONE_FILES|CLONE_SIGHAND|CLONE_THREAD|CLONE_SYSVSEM) = 11321
11320 tgkill(11319, 11319, SIGURG <unfinished ...>
11319 clone(child_stack=0x6a57b86ac000, flags=CLONE_VM|CLONE_FS|CLONE_FILES|CLONE_SIGHAND|CLONE_THREAD|CLONE_SYSVSEM <unfinished ...>
11320 <... tgkill resumed>)             = 0
11319 <... clone resumed>)              = 11322
11319 --- SIGURG {si_signo=SIGURG, si_code=SI_TKILL, si_pid=11319, si_uid=1001} ---
11321 clone(child_stack=0x6a57b8718000, flags=CLONE_VM|CLONE_FS|CLONE_FILES|CLONE_SIGHAND|CLONE_THREAD|CLONE_SYSVSEM) = 11323
11320 tgkill(11319, 11319, SIGURG)      = 0
11319 --- SIGURG {si_signo=SIGURG, si_code=SI_TKILL, si_pid=11319, si_uid=1001} ---
11323 exit_group(0)                     = ?
11323 +++ exited with 0 +++
11322 +++ exited with 0 +++
11321 +++ exited with 0 +++
11320 +++ exited with 0 +++
11319 +++ exited with 0 +++
10664 <... waitid resumed>{si_signo=SIGCHLD, si_code=CLD_EXITED, si_pid=11319, si_uid=1001, si_status=0, si_utime=0, si_stime=0}, WEXITED, {ru_utime={tv_sec=0, tv_usec=21911}, ru_stime={tv_sec=0, tv_usec=14242}, ...}) = 0
10662 --- SIGCHLD {si_signo=SIGCHLD, si_code=CLD_EXITED, si_pid=11319, si_uid=1001, si_status=0, si_utime=2 /* 0.02 s */, si_stime=1 /* 0.01 s */} ---
10662 clone(child_stack=NULL, flags=CLONE_VM|CLONE_PIDFD|CLONE_VFORK|SIGCHLD <unfinished ...>
11324 execve("/opt/hostedtoolcache/go/1.27.1/arm64/pkg/tool/linux_arm64/compile", ["/opt/hostedtoolcache/go/1.27.1/a"..., "-o", "/tmp/go-build1442187625/b001/_pk"..., "-trimpath", "/tmp/go-build1442187625/b001=>", "-p", "main", "-lang=go1.27", "-complete", "-buildid", "IkjkC9j9btQSKKREVQ3S/IkjkC9j9btQ"..., "-goversion", "go1.27.1", "-c=4", "-nolocalimports", "-importcfg", "/tmp/go-build1442187625/b001/imp"..., "-pack", "/tmp/trb-build-1913421921/main.g"...], 0x4a5648940488 /* 140 vars */ <unfinished ...>
10662 <... clone resumed>, parent_tid=[12]) = 11324
11324 <... execve resumed>)             = 0
10662 waitid(P_PIDFD, 12,  <unfinished ...>
11324 clone(child_stack=0x61bf81204000, flags=CLONE_VM|CLONE_FS|CLONE_FILES|CLONE_SIGHAND|CLONE_THREAD|CLONE_SYSVSEM) = 11325
11324 clone(child_stack=0x61bf8123c000, flags=CLONE_VM|CLONE_FS|CLONE_FILES|CLONE_SIGHAND|CLONE_THREAD|CLONE_SYSVSEM) = 11326
11325 tgkill(11324, 11324, SIGURG)      = 0
11324 clone(child_stack=0x61bf81238000, flags=CLONE_VM|CLONE_FS|CLONE_FILES|CLONE_SIGHAND|CLONE_THREAD|CLONE_SYSVSEM) = 11327
11324 --- SIGURG {si_signo=SIGURG, si_code=SI_TKILL, si_pid=11324, si_uid=1001} ---
11326 clone(child_stack=0x61bf81298000, flags=CLONE_VM|CLONE_FS|CLONE_FILES|CLONE_SIGHAND|CLONE_THREAD|CLONE_SYSVSEM) = 11328
11325 tgkill(11324, 11324, SIGURG)      = 0
11324 --- SIGURG {si_signo=SIGURG, si_code=SI_TKILL, si_pid=11324, si_uid=1001} ---
11328 exit_group(0)                     = ?
11328 +++ exited with 0 +++
11327 +++ exited with 0 +++
11326 +++ exited with 0 +++
11325 +++ exited with 0 +++
11324 +++ exited with 0 +++
10664 --- SIGCHLD {si_signo=SIGCHLD, si_code=CLD_EXITED, si_pid=11324, si_uid=1001, si_status=0, si_utime=3 /* 0.03 s */, si_stime=1 /* 0.01 s */} ---
10662 <... waitid resumed>{si_signo=SIGCHLD, si_code=CLD_EXITED, si_pid=11324, si_uid=1001, si_status=0, si_utime=0, si_stime=0}, WEXITED, {ru_utime={tv_sec=0, tv_usec=29386}, ru_stime={tv_sec=0, tv_usec=11754}, ...}) = 0
10664 clone(child_stack=NULL, flags=CLONE_VM|CLONE_PIDFD|CLONE_VFORK|SIGCHLD <unfinished ...>
11329 execve("/opt/hostedtoolcache/go/1.27.1/arm64/pkg/tool/linux_arm64/link", ["/opt/hostedtoolcache/go/1.27.1/a"..., "-V=full"], 0x4a56487e8488 /* 139 vars */ <unfinished ...>
10664 <... clone resumed>, parent_tid=[14]) = 11329
10664 waitid(P_PIDFD, 14,  <unfinished ...>
11329 <... execve resumed>)             = 0
11329 clone(child_stack=0x7c61fb6b0000, flags=CLONE_VM|CLONE_FS|CLONE_FILES|CLONE_SIGHAND|CLONE_THREAD|CLONE_SYSVSEM) = 11330
11330 tgkill(11329, 11329, SIGURG)      = 0
11329 --- SIGURG {si_signo=SIGURG, si_code=SI_TKILL, si_pid=11329, si_uid=1001} ---
11330 tgkill(11329, 11329, SIGURG)      = 0
11329 --- SIGURG {si_signo=SIGURG, si_code=SI_TKILL, si_pid=11329, si_uid=1001} ---
11329 clone(child_stack=0x7c61fb6e6000, flags=CLONE_VM|CLONE_FS|CLONE_FILES|CLONE_SIGHAND|CLONE_THREAD|CLONE_SYSVSEM) = 11331
11329 clone(child_stack=0x7c61fb6e2000, flags=CLONE_VM|CLONE_FS|CLONE_FILES|CLONE_SIGHAND|CLONE_THREAD|CLONE_SYSVSEM) = 11332
11331 clone(child_stack=0x7c61fb718000, flags=CLONE_VM|CLONE_FS|CLONE_FILES|CLONE_SIGHAND|CLONE_THREAD|CLONE_SYSVSEM) = 11333
11329 exit_group(0)                     = ?
11333 +++ exited with 0 +++
11332 +++ exited with 0 +++
11331 +++ exited with 0 +++
11330 +++ exited with 0 +++
11329 +++ exited with 0 +++
10662 --- SIGCHLD {si_signo=SIGCHLD, si_code=CLD_EXITED, si_pid=11329, si_uid=1001, si_status=0, si_utime=0, si_stime=0} ---
10664 <... waitid resumed>{si_signo=SIGCHLD, si_code=CLD_EXITED, si_pid=11329, si_uid=1001, si_status=0, si_utime=0, si_stime=0}, WEXITED, {ru_utime={tv_sec=0, tv_usec=810}, ru_stime={tv_sec=0, tv_usec=6487}, ...}) = 0
10662 clone(child_stack=NULL, flags=CLONE_VM|CLONE_PIDFD|CLONE_VFORK|SIGCHLD <unfinished ...>
11334 execve("/opt/hostedtoolcache/go/1.27.1/arm64/pkg/tool/linux_arm64/link", ["/opt/hostedtoolcache/go/1.27.1/a"..., "-o", "/tmp/go-build1442187625/b001/exe"..., "-importcfg", "/tmp/go-build1442187625/b001/imp"..., "-buildmode=exe", "-buildid=rJoTUnhmtpGmx2FE3lOx/Ik"..., "-extld=gcc", "/tmp/go-build1442187625/b001/_pk"...], 0x4a56488e4488 /* 140 vars */ <unfinished ...>
10662 <... clone resumed>, parent_tid=[12]) = 11334
11334 <... execve resumed>)             = 0
10662 waitid(P_PIDFD, 12,  <unfinished ...>
11334 clone(child_stack=0x52543e856000, flags=CLONE_VM|CLONE_FS|CLONE_FILES|CLONE_SIGHAND|CLONE_THREAD|CLONE_SYSVSEM) = 11335
11334 clone(child_stack=0x52543e890000, flags=CLONE_VM|CLONE_FS|CLONE_FILES|CLONE_SIGHAND|CLONE_THREAD|CLONE_SYSVSEM) = 11336
11335 tgkill(11334, 11334, SIGURG)      = 0
11334 clone(child_stack=0x52543e88c000, flags=CLONE_VM|CLONE_FS|CLONE_FILES|CLONE_SIGHAND|CLONE_THREAD|CLONE_SYSVSEM) = 11337
11334 --- SIGURG {si_signo=SIGURG, si_code=SI_TKILL, si_pid=11334, si_uid=1001} ---
11336 clone(child_stack=0x52543e918000, flags=CLONE_VM|CLONE_FS|CLONE_FILES|CLONE_SIGHAND|CLONE_THREAD|CLONE_SYSVSEM <unfinished ...>
11335 tgkill(11334, 11337, SIGURG)      = 0
11337 --- SIGURG {si_signo=SIGURG, si_code=SI_TKILL, si_pid=11334, si_uid=1001} ---
11336 <... clone resumed>)              = 11338
11338 tgkill(11334, 11334, SIGURG)      = 0
11334 --- SIGURG {si_signo=SIGURG, si_code=SI_TKILL, si_pid=11334, si_uid=1001} ---
11338 tgkill(11334, 11337, SIGURG)      = 0
11337 --- SIGURG {si_signo=SIGURG, si_code=SI_TKILL, si_pid=11334, si_uid=1001} ---
11338 tgkill(11334, 11337, SIGURG)      = 0
11337 --- SIGURG {si_signo=SIGURG, si_code=SI_TKILL, si_pid=11334, si_uid=1001} ---
11338 tgkill(11334, 11337, SIGURG)      = 0
11337 --- SIGURG {si_signo=SIGURG, si_code=SI_TKILL, si_pid=11334, si_uid=1001} ---
11335 tgkill(11334, 11337, SIGURG)      = 0
11337 --- SIGURG {si_signo=SIGURG, si_code=SI_TKILL, si_pid=11334, si_uid=1001} ---
11338 tgkill(11334, 11337, SIGURG)      = 0
11337 --- SIGURG {si_signo=SIGURG, si_code=SI_TKILL, si_pid=11334, si_uid=1001} ---
11338 tgkill(11334, 11334, SIGURG)      = 0
11334 --- SIGURG {si_signo=SIGURG, si_code=SI_TKILL, si_pid=11334, si_uid=1001} ---
11338 tgkill(11334, 11334, SIGURG)      = 0
11334 --- SIGURG {si_signo=SIGURG, si_code=SI_TKILL, si_pid=11334, si_uid=1001} ---
11338 tgkill(11334, 11336, SIGURG)      = 0
11336 --- SIGURG {si_signo=SIGURG, si_code=SI_TKILL, si_pid=11334, si_uid=1001} ---
11338 tgkill(11334, 11337, SIGURG)      = 0
11337 --- SIGURG {si_signo=SIGURG, si_code=SI_TKILL, si_pid=11334, si_uid=1001} ---
11338 tgkill(11334, 11337, SIGURG)      = 0
11337 --- SIGURG {si_signo=SIGURG, si_code=SI_TKILL, si_pid=11334, si_uid=1001} ---
11335 tgkill(11334, 11337, SIGURG)      = 0
11337 --- SIGURG {si_signo=SIGURG, si_code=SI_TKILL, si_pid=11334, si_uid=1001} ---
11336 tgkill(11334, 11338, SIGURG <unfinished ...>
11338 --- SIGURG {si_signo=SIGURG, si_code=SI_TKILL, si_pid=11334, si_uid=1001} ---
11336 <... tgkill resumed>)             = 0
11334 tgkill(11334, 11336, SIGURG)      = 0
11336 --- SIGURG {si_signo=SIGURG, si_code=SI_TKILL, si_pid=11334, si_uid=1001} ---
11334 tgkill(11334, 11337, SIGURG)      = 0
11337 --- SIGURG {si_signo=SIGURG, si_code=SI_TKILL, si_pid=11334, si_uid=1001} ---
11334 tgkill(11334, 11338, SIGURG)      = 0
11338 --- SIGURG {si_signo=SIGURG, si_code=SI_TKILL, si_pid=11334, si_uid=1001} ---
11334 tgkill(11334, 11336, SIGURG)      = 0
11336 --- SIGURG {si_signo=SIGURG, si_code=SI_TKILL, si_pid=11334, si_uid=1001} ---
11334 tgkill(11334, 11336, SIGURG)      = 0
11336 --- SIGURG {si_signo=SIGURG, si_code=SI_TKILL, si_pid=11334, si_uid=1001} ---
11335 tgkill(11334, 11336, SIGURG)      = 0
11336 --- SIGURG {si_signo=SIGURG, si_code=SI_TKILL, si_pid=11334, si_uid=1001} ---
11336 tgkill(11334, 11334, SIGURG)      = 0
11334 --- SIGURG {si_signo=SIGURG, si_code=SI_TKILL, si_pid=11334, si_uid=1001} ---
11334 tgkill(11334, 11338, SIGURG)      = 0
11338 --- SIGURG {si_signo=SIGURG, si_code=SI_TKILL, si_pid=11334, si_uid=1001} ---
11334 tgkill(11334, 11336, SIGURG <unfinished ...>
11336 --- SIGURG {si_signo=SIGURG, si_code=SI_TKILL, si_pid=11334, si_uid=1001} ---
11334 <... tgkill resumed>)             = 0
11334 tgkill(11334, 11336, SIGURG)      = 0
11336 --- SIGURG {si_signo=SIGURG, si_code=SI_TKILL, si_pid=11334, si_uid=1001} ---
11334 tgkill(11334, 11337, SIGURG)      = 0
11337 --- SIGURG {si_signo=SIGURG, si_code=SI_TKILL, si_pid=11334, si_uid=1001} ---
11334 tgkill(11334, 11338, SIGURG)      = 0
11338 --- SIGURG {si_signo=SIGURG, si_code=SI_TKILL, si_pid=11334, si_uid=1001} ---
11334 tgkill(11334, 11338, SIGURG)      = 0
11338 --- SIGURG {si_signo=SIGURG, si_code=SI_TKILL, si_pid=11334, si_uid=1001} ---
11336 tgkill(11334, 11334, SIGURG)      = 0
11334 --- SIGURG {si_signo=SIGURG, si_code=SI_TKILL, si_pid=11334, si_uid=1001} ---
11336 tgkill(11334, 11337, SIGURG)      = 0
11337 --- SIGURG {si_signo=SIGURG, si_code=SI_TKILL, si_pid=11334, si_uid=1001} ---
11338 tgkill(11334, 11337, SIGURG)      = 0
11337 --- SIGURG {si_signo=SIGURG, si_code=SI_TKILL, si_pid=11334, si_uid=1001} ---
11337 tgkill(11334, 11334, SIGURG)      = 0
11334 --- SIGURG {si_signo=SIGURG, si_code=SI_TKILL, si_pid=11334, si_uid=1001} ---
11334 tgkill(11334, 11336, SIGURG)      = 0
11336 --- SIGURG {si_signo=SIGURG, si_code=SI_TKILL, si_pid=11334, si_uid=1001} ---
11334 tgkill(11334, 11336, SIGURG)      = 0
11336 --- SIGURG {si_signo=SIGURG, si_code=SI_TKILL, si_pid=11334, si_uid=1001} ---
11337 tgkill(11334, 11334, SIGURG)      = 0
11334 --- SIGURG {si_signo=SIGURG, si_code=SI_TKILL, si_pid=11334, si_uid=1001} ---
11337 tgkill(11334, 11336, SIGURG)      = 0
11336 --- SIGURG {si_signo=SIGURG, si_code=SI_TKILL, si_pid=11334, si_uid=1001} ---
11337 tgkill(11334, 11334, SIGURG)      = 0
11334 --- SIGURG {si_signo=SIGURG, si_code=SI_TKILL, si_pid=11334, si_uid=1001} ---
11337 tgkill(11334, 11338, SIGURG)      = 0
11338 --- SIGURG {si_signo=SIGURG, si_code=SI_TKILL, si_pid=11334, si_uid=1001} ---
11337 tgkill(11334, 11334, SIGURG)      = 0
11334 --- SIGURG {si_signo=SIGURG, si_code=SI_TKILL, si_pid=11334, si_uid=1001} ---
11337 tgkill(11334, 11334, SIGURG)      = 0
11334 --- SIGURG {si_signo=SIGURG, si_code=SI_TKILL, si_pid=11334, si_uid=1001} ---
11337 exit_group(0)                     = ?
11338 +++ exited with 0 +++
11337 +++ exited with 0 +++
11335 +++ exited with 0 +++
11336 +++ exited with 0 +++
11334 +++ exited with 0 +++
10662 <... waitid resumed>{si_signo=SIGCHLD, si_code=CLD_EXITED, si_pid=11334, si_uid=1001, si_status=0, si_utime=0, si_stime=0}, WEXITED, {ru_utime={tv_sec=0, tv_usec=99567}, ru_stime={tv_sec=0, tv_usec=54402}, ...}) = 0
10724 --- SIGCHLD {si_signo=SIGCHLD, si_code=CLD_EXITED, si_pid=11334, si_uid=1001, si_status=0, si_utime=9 /* 0.09 s */, si_stime=5 /* 0.05 s */} ---
10660 tgkill(10659, 10662, SIGURG)      = 0
10662 --- SIGURG {si_signo=SIGURG, si_code=SI_TKILL, si_pid=10659, si_uid=1001} ---
10660 tgkill(10659, 10664, SIGURG)      = 0
10664 --- SIGURG {si_signo=SIGURG, si_code=SI_TKILL, si_pid=10659, si_uid=1001} ---
10660 tgkill(10659, 10724, SIGURG <unfinished ...>
10724 --- SIGURG {si_signo=SIGURG, si_code=SI_TKILL, si_pid=10659, si_uid=1001} ---
10660 <... tgkill resumed>)             = 0
10664 exit_group(0)                     = ?
10723 +++ exited with 0 +++
10666 +++ exited with 0 +++
10663 +++ exited with 0 +++
10665 +++ exited with 0 +++
10662 +++ exited with 0 +++
10661 +++ exited with 0 +++
10724 +++ exited with 0 +++
10660 +++ exited with 0 +++
10664 +++ exited with 0 +++
10659 +++ exited with 0 +++
10655 <... waitid resumed>{si_signo=SIGCHLD, si_code=CLD_EXITED, si_pid=10659, si_uid=1001, si_status=0, si_utime=0, si_stime=0}, WEXITED, {ru_utime={tv_sec=10, tv_usec=330794}, ru_stime={tv_sec=2, tv_usec=605421}, ...}) = 0
10655 --- SIGCHLD {si_signo=SIGCHLD, si_code=CLD_EXITED, si_pid=10659, si_uid=1001, si_status=0, si_utime=29 /* 0.29 s */, si_stime=60 /* 0.60 s */} ---
10654 clone3({flags=CLONE_VM|CLONE_FS|CLONE_FILES|CLONE_SIGHAND|CLONE_THREAD|CLONE_SYSVSEM|CLONE_SETTLS|CLONE_PARENT_SETTID|CLONE_CHILD_CLEARTID, child_tid=0xff1263fff250, parent_tid=0xff1263fff250, exit_signal=0, stack=0xff1262ff0000, stack_size=0x100ea40, tls=0xff1263fff8c0} => {parent_tid=[11339]}, 88) = 11339
10654 exit_group(0)                     = ?
10655 +++ exited with 0 +++
10657 +++ exited with 0 +++
11339 +++ exited with 0 +++
10654 +++ exited with 0 +++
10653 +++ exited with 0 +++
10656 +++ exited with 0 +++
10652 +++ exited with 0 +++
