8392  execve("/home/runner/work/_temp/trb", ["/home/runner/work/_temp/trb", "build", "--compile", "--config", "/home/runner/work/type-rb-native"..., "--outfile", "/home/runner/work/_temp/build-wo"...], 0xffffec631938 /* 116 vars */) = 0
8392  clone3({flags=CLONE_VM|CLONE_FS|CLONE_FILES|CLONE_SIGHAND|CLONE_THREAD|CLONE_SYSVSEM|CLONE_SETTLS|CLONE_PARENT_SETTID|CLONE_CHILD_CLEARTID, child_tid=0xff4e04e3f250, parent_tid=0xff4e04e3f250, exit_signal=0, stack=0xff4e03e30000, stack_size=0x100ea40, tls=0xff4e04e3f8c0} => {parent_tid=[8393]}, 88) = 8393
8392  clone3({flags=CLONE_VM|CLONE_FS|CLONE_FILES|CLONE_SIGHAND|CLONE_THREAD|CLONE_SYSVSEM|CLONE_SETTLS|CLONE_PARENT_SETTID|CLONE_CHILD_CLEARTID, child_tid=0xff4dfbdff250, parent_tid=0xff4dfbdff250, exit_signal=0, stack=0xff4dfadf0000, stack_size=0x100ea40, tls=0xff4dfbdff8c0} => {parent_tid=[8394]}, 88) = 8394
8392  clone3({flags=CLONE_VM|CLONE_FS|CLONE_FILES|CLONE_SIGHAND|CLONE_THREAD|CLONE_SYSVSEM|CLONE_SETTLS|CLONE_PARENT_SETTID|CLONE_CHILD_CLEARTID, child_tid=0xff4e03e2f250, parent_tid=0xff4e03e2f250, exit_signal=0, stack=0xff4e02e20000, stack_size=0x100ea40, tls=0xff4e03e2f8c0} => {parent_tid=[8395]}, 88) = 8395
8394  clone3({flags=CLONE_VM|CLONE_FS|CLONE_FILES|CLONE_SIGHAND|CLONE_THREAD|CLONE_SYSVSEM|CLONE_SETTLS|CLONE_PARENT_SETTID|CLONE_CHILD_CLEARTID, child_tid=0xff4e02ddf250, parent_tid=0xff4e02ddf250, exit_signal=0, stack=0xff4e01dd0000, stack_size=0x100ea40, tls=0xff4e02ddf8c0} => {parent_tid=[8396]}, 88) = 8396
8392  clone3({flags=CLONE_VM|CLONE_FS|CLONE_FILES|CLONE_SIGHAND|CLONE_THREAD|CLONE_SYSVSEM|CLONE_SETTLS|CLONE_PARENT_SETTID|CLONE_CHILD_CLEARTID, child_tid=0xff4e01dcf250, parent_tid=0xff4e01dcf250, exit_signal=0, stack=0xff4e00dc0000, stack_size=0x100ea40, tls=0xff4e01dcf8c0} => {parent_tid=[8397]}, 88) = 8397
8393  tgkill(8392, 8392, SIGURG)        = 0
8392  --- SIGURG {si_signo=SIGURG, si_code=SI_TKILL, si_pid=8392, si_uid=1001} ---
8396  tgkill(8392, 8392, SIGURG)        = 0
8392  --- SIGURG {si_signo=SIGURG, si_code=SI_TKILL, si_pid=8392, si_uid=1001} ---
8396  clone3({flags=CLONE_VM|CLONE_FS|CLONE_FILES|CLONE_SIGHAND|CLONE_THREAD|CLONE_SYSVSEM|CLONE_SETTLS|CLONE_PARENT_SETTID|CLONE_CHILD_CLEARTID, child_tid=0xff4dfadef250, parent_tid=0xff4dfadef250, exit_signal=0, stack=0xff4df9de0000, stack_size=0x100ea40, tls=0xff4dfadef8c0} => {parent_tid=[8398]}, 88) = 8398
8396  waitid(P_PIDFD, 7, 0x4120ef31ef98, WEXITED, NULL) = -1 ECHILD (No child processes)
8396  pidfd_send_signal(7, 0, NULL, 0)  = 0
8396  clone(child_stack=NULL, flags=CLONE_VM|CLONE_PIDFD|CLONE_VFORK <unfinished ...>
8399  exit_group(0)                     = ?
8399  +++ exited with 0 +++
8396  <... clone resumed>, parent_tid=[8]) = 8399
8396  waitid(P_PIDFD, 8, {si_signo=SIGCHLD, si_code=CLD_EXITED, si_pid=8399, si_uid=1001, si_status=0, si_utime=0, si_stime=0}, WEXITED|__WCLONE, NULL) = 0
8396  clone(child_stack=NULL, flags=CLONE_VM|CLONE_PIDFD|CLONE_VFORK|SIGCHLD <unfinished ...>
8400  execve("/opt/hostedtoolcache/go/1.27.0/arm64/bin/go", ["go", "build", "-mod=mod", "-o", "/home/runner/work/_temp/build-wo"..., "."], 0x4120ef358808 /* 116 vars */ <unfinished ...>
8396  <... clone resumed>, parent_tid=[9]) = 8400
8400  <... execve resumed>)             = 0
8396  waitid(P_PIDFD, 9,  <unfinished ...>
8400  clone(child_stack=0x727b41020000, flags=CLONE_VM|CLONE_FS|CLONE_FILES|CLONE_SIGHAND|CLONE_THREAD|CLONE_SYSVSEM) = 8401
8400  clone(child_stack=0x727b41056000, flags=CLONE_VM|CLONE_FS|CLONE_FILES|CLONE_SIGHAND|CLONE_THREAD|CLONE_SYSVSEM) = 8402
8401  tgkill(8400, 8400, SIGURG)        = 0
8400  --- SIGURG {si_signo=SIGURG, si_code=SI_TKILL, si_pid=8400, si_uid=1001} ---
8402  clone(child_stack=0x727b41052000, flags=CLONE_VM|CLONE_FS|CLONE_FILES|CLONE_SIGHAND|CLONE_THREAD|CLONE_SYSVSEM <unfinished ...>
8400  clone(child_stack=0x727b41066000, flags=CLONE_VM|CLONE_FS|CLONE_FILES|CLONE_SIGHAND|CLONE_THREAD|CLONE_SYSVSEM <unfinished ...>
8402  <... clone resumed>)              = 8403
8400  <... clone resumed>)              = 8404
8401  tgkill(8400, 8404, SIGURG)        = 0
8404  --- SIGURG {si_signo=SIGURG, si_code=SI_TKILL, si_pid=8400, si_uid=1001} ---
8401  tgkill(8400, 8404, SIGURG)        = 0
8404  --- SIGURG {si_signo=SIGURG, si_code=SI_TKILL, si_pid=8400, si_uid=1001} ---
8401  tgkill(8400, 8404, SIGURG)        = 0
8404  --- SIGURG {si_signo=SIGURG, si_code=SI_TKILL, si_pid=8400, si_uid=1001} ---
8401  tgkill(8400, 8404, SIGURG)        = 0
8404  --- SIGURG {si_signo=SIGURG, si_code=SI_TKILL, si_pid=8400, si_uid=1001} ---
8401  tgkill(8400, 8404, SIGURG)        = 0
8404  --- SIGURG {si_signo=SIGURG, si_code=SI_TKILL, si_pid=8400, si_uid=1001} ---
8401  tgkill(8400, 8404, SIGURG)        = 0
8404  --- SIGURG {si_signo=SIGURG, si_code=SI_TKILL, si_pid=8400, si_uid=1001} ---
8401  tgkill(8400, 8404, SIGURG)        = 0
8404  --- SIGURG {si_signo=SIGURG, si_code=SI_TKILL, si_pid=8400, si_uid=1001} ---
8401  tgkill(8400, 8400, SIGURG)        = 0
8400  --- SIGURG {si_signo=SIGURG, si_code=SI_TKILL, si_pid=8400, si_uid=1001} ---
8401  tgkill(8400, 8400, SIGURG)        = 0
8400  --- SIGURG {si_signo=SIGURG, si_code=SI_TKILL, si_pid=8400, si_uid=1001} ---
8401  tgkill(8400, 8400, SIGURG)        = 0
8400  --- SIGURG {si_signo=SIGURG, si_code=SI_TKILL, si_pid=8400, si_uid=1001} ---
8401  clone(child_stack=0x727b411ac000, flags=CLONE_VM|CLONE_FS|CLONE_FILES|CLONE_SIGHAND|CLONE_THREAD|CLONE_SYSVSEM) = 8405
8404  tgkill(8400, 8400, SIGURG)        = 0
8400  --- SIGURG {si_signo=SIGURG, si_code=SI_TKILL, si_pid=8400, si_uid=1001} ---
8405  tgkill(8400, 8404, SIGURG)        = 0
8404  --- SIGURG {si_signo=SIGURG, si_code=SI_TKILL, si_pid=8400, si_uid=1001} ---
8405  tgkill(8400, 8400, SIGURG)        = 0
8400  --- SIGURG {si_signo=SIGURG, si_code=SI_TKILL, si_pid=8400, si_uid=1001} ---
8405  tgkill(8400, 8402, SIGURG)        = 0
8402  --- SIGURG {si_signo=SIGURG, si_code=SI_TKILL, si_pid=8400, si_uid=1001} ---
8405  tgkill(8400, 8400, SIGURG)        = 0
8400  --- SIGURG {si_signo=SIGURG, si_code=SI_TKILL, si_pid=8400, si_uid=1001} ---
8405  tgkill(8400, 8402, SIGURG)        = 0
8402  --- SIGURG {si_signo=SIGURG, si_code=SI_TKILL, si_pid=8400, si_uid=1001} ---
8405  tgkill(8400, 8403, SIGURG)        = 0
8403  --- SIGURG {si_signo=SIGURG, si_code=SI_TKILL, si_pid=8400, si_uid=1001} ---
8404  tgkill(8400, 8402, SIGURG)        = 0
8402  --- SIGURG {si_signo=SIGURG, si_code=SI_TKILL, si_pid=8400, si_uid=1001} ---
8400  tgkill(8400, 8403, SIGURG)        = 0
8403  --- SIGURG {si_signo=SIGURG, si_code=SI_TKILL, si_pid=8400, si_uid=1001} ---
8400  tgkill(8400, 8404, SIGURG)        = 0
8404  --- SIGURG {si_signo=SIGURG, si_code=SI_TKILL, si_pid=8400, si_uid=1001} ---
8400  tgkill(8400, 8405, SIGURG)        = 0
8405  --- SIGURG {si_signo=SIGURG, si_code=SI_TKILL, si_pid=8400, si_uid=1001} ---
8400  tgkill(8400, 8403, SIGURG)        = 0
8403  --- SIGURG {si_signo=SIGURG, si_code=SI_TKILL, si_pid=8400, si_uid=1001} ---
8400  tgkill(8400, 8404, SIGURG <unfinished ...>
8404  --- SIGURG {si_signo=SIGURG, si_code=SI_TKILL, si_pid=8400, si_uid=1001} ---
8400  <... tgkill resumed>)             = 0
8400  tgkill(8400, 8405, SIGURG)        = 0
8405  --- SIGURG {si_signo=SIGURG, si_code=SI_TKILL, si_pid=8400, si_uid=1001} ---
8401  clone(child_stack=0x727b4156a000, flags=CLONE_VM|CLONE_FS|CLONE_FILES|CLONE_SIGHAND|CLONE_THREAD|CLONE_SYSVSEM) = 8406
8402  clone(child_stack=0x727b41566000, flags=CLONE_VM|CLONE_FS|CLONE_FILES|CLONE_SIGHAND|CLONE_THREAD|CLONE_SYSVSEM) = 8407
8402  tgkill(8400, 8407, SIGURG)        = 0
8407  --- SIGURG {si_signo=SIGURG, si_code=SI_TKILL, si_pid=8400, si_uid=1001} ---
8402  tgkill(8400, 8406, SIGURG)        = 0
8406  --- SIGURG {si_signo=SIGURG, si_code=SI_TKILL, si_pid=8400, si_uid=1001} ---
8402  tgkill(8400, 8404, SIGURG)        = 0
8404  --- SIGURG {si_signo=SIGURG, si_code=SI_TKILL, si_pid=8400, si_uid=1001} ---
8402  tgkill(8400, 8406, SIGURG)        = 0
8406  --- SIGURG {si_signo=SIGURG, si_code=SI_TKILL, si_pid=8400, si_uid=1001} ---
8402  tgkill(8400, 8403, SIGURG)        = 0
8403  --- SIGURG {si_signo=SIGURG, si_code=SI_TKILL, si_pid=8400, si_uid=1001} ---
8402  tgkill(8400, 8406, SIGURG <unfinished ...>
8406  --- SIGURG {si_signo=SIGURG, si_code=SI_TKILL, si_pid=8400, si_uid=1001} ---
8402  <... tgkill resumed>)             = 0
8402  tgkill(8400, 8404, SIGURG)        = 0
8404  --- SIGURG {si_signo=SIGURG, si_code=SI_TKILL, si_pid=8400, si_uid=1001} ---
8402  tgkill(8400, 8406, SIGURG)        = 0
8406  --- SIGURG {si_signo=SIGURG, si_code=SI_TKILL, si_pid=8400, si_uid=1001} ---
8402  tgkill(8400, 8407, SIGURG)        = 0
8407  --- SIGURG {si_signo=SIGURG, si_code=SI_TKILL, si_pid=8400, si_uid=1001} ---
8402  tgkill(8400, 8407, SIGURG)        = 0
8407  --- SIGURG {si_signo=SIGURG, si_code=SI_TKILL, si_pid=8400, si_uid=1001} ---
8402  tgkill(8400, 8407, SIGURG)        = 0
8407  --- SIGURG {si_signo=SIGURG, si_code=SI_TKILL, si_pid=8400, si_uid=1001} ---
8404  tgkill(8400, 8407, SIGURG)        = 0
8407  --- SIGURG {si_signo=SIGURG, si_code=SI_TKILL, si_pid=8400, si_uid=1001} ---
8404  tgkill(8400, 8403, SIGURG)        = 0
8403  --- SIGURG {si_signo=SIGURG, si_code=SI_TKILL, si_pid=8400, si_uid=1001} ---
8404  tgkill(8400, 8407, SIGURG)        = 0
8407  --- SIGURG {si_signo=SIGURG, si_code=SI_TKILL, si_pid=8400, si_uid=1001} ---
8404  tgkill(8400, 8402, SIGURG)        = 0
8402  --- SIGURG {si_signo=SIGURG, si_code=SI_TKILL, si_pid=8400, si_uid=1001} ---
8404  tgkill(8400, 8406, SIGURG)        = 0
8406  --- SIGURG {si_signo=SIGURG, si_code=SI_TKILL, si_pid=8400, si_uid=1001} ---
8404  tgkill(8400, 8402, SIGURG)        = 0
8402  --- SIGURG {si_signo=SIGURG, si_code=SI_TKILL, si_pid=8400, si_uid=1001} ---
8404  tgkill(8400, 8403, SIGURG)        = 0
8403  --- SIGURG {si_signo=SIGURG, si_code=SI_TKILL, si_pid=8400, si_uid=1001} ---
8401  tgkill(8400, 8404, SIGURG)        = 0
8404  --- SIGURG {si_signo=SIGURG, si_code=SI_TKILL, si_pid=8400, si_uid=1001} ---
8406  tgkill(8400, 8403, SIGURG)        = 0
8403  --- SIGURG {si_signo=SIGURG, si_code=SI_TKILL, si_pid=8400, si_uid=1001} ---
8406  tgkill(8400, 8402, SIGURG)        = 0
8402  --- SIGURG {si_signo=SIGURG, si_code=SI_TKILL, si_pid=8400, si_uid=1001} ---
8402  tgkill(8400, 8406, SIGURG)        = 0
8406  --- SIGURG {si_signo=SIGURG, si_code=SI_TKILL, si_pid=8400, si_uid=1001} ---
8402  tgkill(8400, 8400, SIGURG)        = 0
8400  --- SIGURG {si_signo=SIGURG, si_code=SI_TKILL, si_pid=8400, si_uid=1001} ---
8402  tgkill(8400, 8407, SIGURG <unfinished ...>
8407  --- SIGURG {si_signo=SIGURG, si_code=SI_TKILL, si_pid=8400, si_uid=1001} ---
8402  <... tgkill resumed>)             = 0
8402  tgkill(8400, 8406, SIGURG)        = 0
8406  --- SIGURG {si_signo=SIGURG, si_code=SI_TKILL, si_pid=8400, si_uid=1001} ---
8400  tgkill(8400, 8407, SIGURG)        = 0
8407  --- SIGURG {si_signo=SIGURG, si_code=SI_TKILL, si_pid=8400, si_uid=1001} ---
8400  tgkill(8400, 8403, SIGURG)        = 0
8403  --- SIGURG {si_signo=SIGURG, si_code=SI_TKILL, si_pid=8400, si_uid=1001} ---
8403  tgkill(8400, 8400, SIGURG)        = 0
8400  --- SIGURG {si_signo=SIGURG, si_code=SI_TKILL, si_pid=8400, si_uid=1001} ---
8403  tgkill(8400, 8407, SIGURG)        = 0
8407  --- SIGURG {si_signo=SIGURG, si_code=SI_TKILL, si_pid=8400, si_uid=1001} ---
8403  tgkill(8400, 8407, SIGURG)        = 0
8407  --- SIGURG {si_signo=SIGURG, si_code=SI_TKILL, si_pid=8400, si_uid=1001} ---
8402  tgkill(8400, 8403, SIGURG)        = 0
8403  --- SIGURG {si_signo=SIGURG, si_code=SI_TKILL, si_pid=8400, si_uid=1001} ---
8402  tgkill(8400, 8407, SIGURG)        = 0
8407  --- SIGURG {si_signo=SIGURG, si_code=SI_TKILL, si_pid=8400, si_uid=1001} ---
8403  tgkill(8400, 8402, SIGURG)        = 0
8402  --- SIGURG {si_signo=SIGURG, si_code=SI_TKILL, si_pid=8400, si_uid=1001} ---
8400  tgkill(8400, 8406, SIGURG)        = 0
8406  --- SIGURG {si_signo=SIGURG, si_code=SI_TKILL, si_pid=8400, si_uid=1001} ---
8400  tgkill(8400, 8404, SIGURG)        = 0
8404  --- SIGURG {si_signo=SIGURG, si_code=SI_TKILL, si_pid=8400, si_uid=1001} ---
8400  tgkill(8400, 8402, SIGURG)        = 0
8402  --- SIGURG {si_signo=SIGURG, si_code=SI_TKILL, si_pid=8400, si_uid=1001} ---
8400  tgkill(8400, 8402, SIGURG)        = 0
8402  --- SIGURG {si_signo=SIGURG, si_code=SI_TKILL, si_pid=8400, si_uid=1001} ---
8400  tgkill(8400, 8406, SIGURG)        = 0
8406  --- SIGURG {si_signo=SIGURG, si_code=SI_TKILL, si_pid=8400, si_uid=1001} ---
8400  tgkill(8400, 8402, SIGURG)        = 0
8402  --- SIGURG {si_signo=SIGURG, si_code=SI_TKILL, si_pid=8400, si_uid=1001} ---
8401  tgkill(8400, 8402, SIGURG)        = 0
8402  --- SIGURG {si_signo=SIGURG, si_code=SI_TKILL, si_pid=8400, si_uid=1001} ---
8406  tgkill(8400, 8403, SIGURG)        = 0
8403  --- SIGURG {si_signo=SIGURG, si_code=SI_TKILL, si_pid=8400, si_uid=1001} ---
8406  tgkill(8400, 8407, SIGURG)        = 0
8407  --- SIGURG {si_signo=SIGURG, si_code=SI_TKILL, si_pid=8400, si_uid=1001} ---
8406  tgkill(8400, 8404, SIGURG)        = 0
8404  --- SIGURG {si_signo=SIGURG, si_code=SI_TKILL, si_pid=8400, si_uid=1001} ---
8406  tgkill(8400, 8403, SIGURG)        = 0
8403  --- SIGURG {si_signo=SIGURG, si_code=SI_TKILL, si_pid=8400, si_uid=1001} ---
8406  tgkill(8400, 8407, SIGURG)        = 0
8407  --- SIGURG {si_signo=SIGURG, si_code=SI_TKILL, si_pid=8400, si_uid=1001} ---
8401  tgkill(8400, 8402, SIGURG)        = 0
8402  --- SIGURG {si_signo=SIGURG, si_code=SI_TKILL, si_pid=8400, si_uid=1001} ---
8401  tgkill(8400, 8404, SIGURG)        = 0
8404  --- SIGURG {si_signo=SIGURG, si_code=SI_TKILL, si_pid=8400, si_uid=1001} ---
8407  tgkill(8400, 8404, SIGURG)        = 0
8404  --- SIGURG {si_signo=SIGURG, si_code=SI_TKILL, si_pid=8400, si_uid=1001} ---
8402  tgkill(8400, 8403, SIGURG)        = 0
8403  --- SIGURG {si_signo=SIGURG, si_code=SI_TKILL, si_pid=8400, si_uid=1001} ---
8402  tgkill(8400, 8407, SIGURG <unfinished ...>
8407  --- SIGURG {si_signo=SIGURG, si_code=SI_TKILL, si_pid=8400, si_uid=1001} ---
8402  <... tgkill resumed>)             = 0
8402  tgkill(8400, 8404, SIGURG <unfinished ...>
8404  --- SIGURG {si_signo=SIGURG, si_code=SI_TKILL, si_pid=8400, si_uid=1001} ---
8402  <... tgkill resumed>)             = 0
8401  tgkill(8400, 8403, SIGURG)        = 0
8403  --- SIGURG {si_signo=SIGURG, si_code=SI_TKILL, si_pid=8400, si_uid=1001} ---
8401  tgkill(8400, 8407, SIGURG <unfinished ...>
8407  --- SIGURG {si_signo=SIGURG, si_code=SI_TKILL, si_pid=8400, si_uid=1001} ---
8401  <... tgkill resumed>)             = 0
8401  tgkill(8400, 8403, SIGURG <unfinished ...>
8403  --- SIGURG {si_signo=SIGURG, si_code=SI_TKILL, si_pid=8400, si_uid=1001} ---
8401  <... tgkill resumed>)             = 0
8401  tgkill(8400, 8403, SIGURG)        = 0
8403  --- SIGURG {si_signo=SIGURG, si_code=SI_TKILL, si_pid=8400, si_uid=1001} ---
8404  tgkill(8400, 8407, SIGURG)        = 0
8407  --- SIGURG {si_signo=SIGURG, si_code=SI_TKILL, si_pid=8400, si_uid=1001} ---
8401  tgkill(8400, 8407, SIGURG <unfinished ...>
8407  --- SIGURG {si_signo=SIGURG, si_code=SI_TKILL, si_pid=8400, si_uid=1001} ---
8401  <... tgkill resumed>)             = 0
8401  tgkill(8400, 8407, SIGURG <unfinished ...>
8407  --- SIGURG {si_signo=SIGURG, si_code=SI_TKILL, si_pid=8400, si_uid=1001} ---
8401  <... tgkill resumed>)             = 0
8401  tgkill(8400, 8407, SIGURG)        = 0
8407  --- SIGURG {si_signo=SIGURG, si_code=SI_TKILL, si_pid=8400, si_uid=1001} ---
8401  tgkill(8400, 8407, SIGURG)        = 0
8407  --- SIGURG {si_signo=SIGURG, si_code=SI_TKILL, si_pid=8400, si_uid=1001} ---
8404  tgkill(8400, 8407, SIGURG)        = 0
8407  --- SIGURG {si_signo=SIGURG, si_code=SI_TKILL, si_pid=8400, si_uid=1001} ---
8400  tgkill(8400, 8407, SIGURG)        = 0
8407  --- SIGURG {si_signo=SIGURG, si_code=SI_TKILL, si_pid=8400, si_uid=1001} ---
8400  tgkill(8400, 8406, SIGURG)        = 0
8406  --- SIGURG {si_signo=SIGURG, si_code=SI_TKILL, si_pid=8400, si_uid=1001} ---
8400  tgkill(8400, 8404, SIGURG)        = 0
8404  --- SIGURG {si_signo=SIGURG, si_code=SI_TKILL, si_pid=8400, si_uid=1001} ---
8400  tgkill(8400, 8404, SIGURG)        = 0
8404  --- SIGURG {si_signo=SIGURG, si_code=SI_TKILL, si_pid=8400, si_uid=1001} ---
8400  tgkill(8400, 8404, SIGURG)        = 0
8404  --- SIGURG {si_signo=SIGURG, si_code=SI_TKILL, si_pid=8400, si_uid=1001} ---
8404  tgkill(8400, 8400, SIGURG)        = 0
8400  --- SIGURG {si_signo=SIGURG, si_code=SI_TKILL, si_pid=8400, si_uid=1001} ---
8407  tgkill(8400, 8404, SIGURG)        = 0
8400  tgkill(8400, 8407, SIGURG <unfinished ...>
8404  --- SIGURG {si_signo=SIGURG, si_code=SI_TKILL, si_pid=8400, si_uid=1001} ---
8400  <... tgkill resumed>)             = 0
8407  --- SIGURG {si_signo=SIGURG, si_code=SI_TKILL, si_pid=8400, si_uid=1001} ---
8400  tgkill(8400, 8404, SIGURG)        = 0
8404  --- SIGURG {si_signo=SIGURG, si_code=SI_TKILL, si_pid=8400, si_uid=1001} ---
8400  tgkill(8400, 8406, SIGURG)        = 0
8406  --- SIGURG {si_signo=SIGURG, si_code=SI_TKILL, si_pid=8400, si_uid=1001} ---
8404  waitid(P_PIDFD, 12, 0x727b4120d1c8, WEXITED, NULL) = -1 ECHILD (No child processes)
8404  pidfd_send_signal(12, 0, NULL, 0) = 0
8404  clone(child_stack=NULL, flags=CLONE_VM|CLONE_PIDFD|CLONE_VFORK <unfinished ...>
8408  exit_group(0)                     = ?
8404  <... clone resumed>, parent_tid=[13]) = 8408
8408  +++ exited with 0 +++
8404  waitid(P_PIDFD, 13, {si_signo=SIGCHLD, si_code=CLD_EXITED, si_pid=8408, si_uid=1001, si_status=0, si_utime=0, si_stime=0}, WEXITED|__WCLONE, NULL) = 0
8404  clone(child_stack=NULL, flags=CLONE_VM|CLONE_PIDFD|CLONE_VFORK|SIGCHLD <unfinished ...>
8409  execve("/opt/hostedtoolcache/go/1.27.0/arm64/pkg/tool/linux_arm64/compile", ["/opt/hostedtoolcache/go/1.27.0/a"..., "-V=full"], 0x727b411c0488 /* 139 vars */ <unfinished ...>
8404  <... clone resumed>, parent_tid=[14]) = 8409
8409  <... execve resumed>)             = 0
8404  waitid(P_PIDFD, 14,  <unfinished ...>
8409  clone(child_stack=0xa21d1768000, flags=CLONE_VM|CLONE_FS|CLONE_FILES|CLONE_SIGHAND|CLONE_THREAD|CLONE_SYSVSEM) = 8410
8410  tgkill(8409, 8409, SIGURG)        = 0
8409  --- SIGURG {si_signo=SIGURG, si_code=SI_TKILL, si_pid=8409, si_uid=1001} ---
8409  clone(child_stack=0xa21d17a0000, flags=CLONE_VM|CLONE_FS|CLONE_FILES|CLONE_SIGHAND|CLONE_THREAD|CLONE_SYSVSEM) = 8411
8409  clone(child_stack=0xa21d179c000, flags=CLONE_VM|CLONE_FS|CLONE_FILES|CLONE_SIGHAND|CLONE_THREAD|CLONE_SYSVSEM) = 8412
8411  clone(child_stack=0xa21d17c0000, flags=CLONE_VM|CLONE_FS|CLONE_FILES|CLONE_SIGHAND|CLONE_THREAD|CLONE_SYSVSEM) = 8413
8410  tgkill(8409, 8409, SIGURG)        = 0
8409  --- SIGURG {si_signo=SIGURG, si_code=SI_TKILL, si_pid=8409, si_uid=1001} ---
8409  exit_group(0)                     = ?
8413  +++ exited with 0 +++
8412  +++ exited with 0 +++
8411  +++ exited with 0 +++
8410  +++ exited with 0 +++
8409  +++ exited with 0 +++
8401  --- SIGCHLD {si_signo=SIGCHLD, si_code=CLD_EXITED, si_pid=8409, si_uid=1001, si_status=0, si_utime=0, si_stime=1 /* 0.01 s */} ---
8404  <... waitid resumed>{si_signo=SIGCHLD, si_code=CLD_EXITED, si_pid=8409, si_uid=1001, si_status=0, si_utime=0, si_stime=0}, WEXITED, {ru_utime={tv_sec=0, tv_usec=864}, ru_stime={tv_sec=0, tv_usec=8640}, ...}) = 0
8405  tgkill(8400, 8406, SIGURG)        = 0
8406  --- SIGURG {si_signo=SIGURG, si_code=SI_TKILL, si_pid=8400, si_uid=1001} ---
8405  tgkill(8400, 8404, SIGURG)        = 0
8404  --- SIGURG {si_signo=SIGURG, si_code=SI_TKILL, si_pid=8400, si_uid=1001} ---
8407  tgkill(8400, 8405, SIGURG)        = 0
8405  --- SIGURG {si_signo=SIGURG, si_code=SI_TKILL, si_pid=8400, si_uid=1001} ---
8407  tgkill(8400, 8405, SIGURG)        = 0
8405  --- SIGURG {si_signo=SIGURG, si_code=SI_TKILL, si_pid=8400, si_uid=1001} ---
8407  tgkill(8400, 8405, SIGURG)        = 0
8405  --- SIGURG {si_signo=SIGURG, si_code=SI_TKILL, si_pid=8400, si_uid=1001} ---
8407  tgkill(8400, 8406, SIGURG <unfinished ...>
8406  clone(child_stack=NULL, flags=CLONE_VM|CLONE_PIDFD|CLONE_VFORK|SIGCHLD <unfinished ...>
8407  <... tgkill resumed>)             = 0
8407  tgkill(8400, 8404, SIGURG)        = 0
8404  --- SIGURG {si_signo=SIGURG, si_code=SI_TKILL, si_pid=8400, si_uid=1001} ---
8407  tgkill(8400, 8405, SIGURG)        = 0
8405  --- SIGURG {si_signo=SIGURG, si_code=SI_TKILL, si_pid=8400, si_uid=1001} ---
8407  tgkill(8400, 8404, SIGURG)        = 0
8404  --- SIGURG {si_signo=SIGURG, si_code=SI_TKILL, si_pid=8400, si_uid=1001} ---
8405  clone(child_stack=NULL, flags=CLONE_VM|CLONE_PIDFD|CLONE_VFORK|SIGCHLD <unfinished ...>
8407  tgkill(8400, 8404, SIGURG)        = 0
8404  --- SIGURG {si_signo=SIGURG, si_code=SI_TKILL, si_pid=8400, si_uid=1001} ---
8407  tgkill(8400, 8405, SIGURG)        = 0
8404  clone(child_stack=NULL, flags=CLONE_VM|CLONE_PIDFD|CLONE_VFORK|SIGCHLD <unfinished ...>
8414  execve("/opt/hostedtoolcache/go/1.27.0/arm64/pkg/tool/linux_arm64/asm", ["/opt/hostedtoolcache/go/1.27.0/a"..., "-V=full"], 0x727b4152e488 /* 139 vars */ <unfinished ...>
8407  tgkill(8400, 8404, SIGURG)        = 0
8406  <... clone resumed>, parent_tid=[17]) = 8414
8406  --- SIGURG {si_signo=SIGURG, si_code=SI_TKILL, si_pid=8400, si_uid=1001} ---
8407  tgkill(8400, 8406, SIGURG)        = 0
8406  --- SIGURG {si_signo=SIGURG, si_code=SI_TKILL, si_pid=8400, si_uid=1001} ---
8414  <... execve resumed>)             = 0
8415  execve("/opt/hostedtoolcache/go/1.27.0/arm64/pkg/tool/linux_arm64/compile", ["/opt/hostedtoolcache/go/1.27.0/a"..., "-o", "/tmp/go-build1141159733/b008/_pk"..., "-trimpath", "/tmp/go-build1141159733/b008=>", "-p", "internal/unsafeheader", "-lang=go1.27", "-std", "-complete", "-buildid", "WrJZ74nSHq-5UnI1-5s6/WrJZ74nSHq-"..., "-goversion", "go1.27.0", "-c=4", "-nolocalimports", "-importcfg", "/tmp/go-build1141159733/b008/imp"..., "-pack", "/opt/hostedtoolcache/go/1.27.0/a"...], 0x727b411c0908 /* 140 vars */ <unfinished ...>
8405  <... clone resumed>, parent_tid=[24]) = 8415
8415  <... execve resumed>)             = 0
8405  --- SIGURG {si_signo=SIGURG, si_code=SI_TKILL, si_pid=8400, si_uid=1001} ---
8406  tgkill(8400, 8407, SIGURG)        = 0
8407  --- SIGURG {si_signo=SIGURG, si_code=SI_TKILL, si_pid=8400, si_uid=1001} ---
8416  execve("/opt/hostedtoolcache/go/1.27.0/arm64/pkg/tool/linux_arm64/compile", ["/opt/hostedtoolcache/go/1.27.0/a"..., "-o", "/tmp/go-build1141159733/b012/_pk"..., "-trimpath", "/tmp/go-build1141159733/b012=>", "-p", "internal/byteorder", "-lang=go1.27", "-std", "-complete", "-buildid", "Q_t7NcJgPQWAgtg1_-bz/Q_t7NcJgPQW"..., "-goversion", "go1.27.0", "-c=4", "-nolocalimports", "-importcfg", "/tmp/go-build1141159733/b012/imp"..., "-pack", "/opt/hostedtoolcache/go/1.27.0/a"...], 0x727b4123a008 /* 140 vars */ <unfinished ...>
8404  <... clone resumed>, parent_tid=[27]) = 8416
8416  <... execve resumed>)             = 0
8404  --- SIGURG {si_signo=SIGURG, si_code=SI_TKILL, si_pid=8400, si_uid=1001} ---
8405  waitid(P_PIDFD, 24,  <unfinished ...>
8406  tgkill(8400, 8403, SIGURG)        = 0
8403  --- SIGURG {si_signo=SIGURG, si_code=SI_TKILL, si_pid=8400, si_uid=1001} ---
8406  tgkill(8400, 8404, SIGURG)        = 0
8404  --- SIGURG {si_signo=SIGURG, si_code=SI_TKILL, si_pid=8400, si_uid=1001} ---
8406  tgkill(8400, 8404, SIGURG)        = 0
8404  --- SIGURG {si_signo=SIGURG, si_code=SI_TKILL, si_pid=8400, si_uid=1001} ---
8407  waitid(P_PIDFD, 17,  <unfinished ...>
8404  waitid(P_PIDFD, 27,  <unfinished ...>
8406  clone(child_stack=NULL, flags=CLONE_VM|CLONE_PIDFD|CLONE_VFORK|SIGCHLD <unfinished ...>
8417  execve("/opt/hostedtoolcache/go/1.27.0/arm64/pkg/tool/linux_arm64/compile", ["/opt/hostedtoolcache/go/1.27.0/a"..., "-o", "/tmp/go-build1141159733/b006/_pk"..., "-trimpath", "/tmp/go-build1141159733/b006=>", "-p", "internal/goarch", "-lang=go1.27", "-std", "-complete", "-buildid", "JZ-e4VmH0x5g7AsedM47/JZ-e4VmH0x5"..., "-goversion", "go1.27.0", "-c=4", "-nolocalimports", "-importcfg", "/tmp/go-build1141159733/b006/imp"..., "-pack", "/opt/hostedtoolcache/go/1.27.0/a"..., "/opt/hostedtoolcache/go/1.27.0/a"..., "/opt/hostedtoolcache/go/1.27.0/a"...], 0x727b4152e008 /* 140 vars */ <unfinished ...>
8406  <... clone resumed>, parent_tid=[14]) = 8417
8417  <... execve resumed>)             = 0
8406  waitid(P_PIDFD, 14,  <unfinished ...>
8416  clone(child_stack=0x1c8cbd1e2000, flags=CLONE_VM|CLONE_FS|CLONE_FILES|CLONE_SIGHAND|CLONE_THREAD|CLONE_SYSVSEM) = 8418
8415  clone(child_stack=0x51817fd8a000, flags=CLONE_VM|CLONE_FS|CLONE_FILES|CLONE_SIGHAND|CLONE_THREAD|CLONE_SYSVSEM <unfinished ...>
8416  clone(child_stack=0x1c8cbd21a000, flags=CLONE_VM|CLONE_FS|CLONE_FILES|CLONE_SIGHAND|CLONE_THREAD|CLONE_SYSVSEM) = 8420
8415  <... clone resumed>)              = 8419
8418  tgkill(8416, 8416, SIGURG)        = 0
8416  clone(child_stack=0x1c8cbd216000, flags=CLONE_VM|CLONE_FS|CLONE_FILES|CLONE_SIGHAND|CLONE_THREAD|CLONE_SYSVSEM) = 8421
8416  --- SIGURG {si_signo=SIGURG, si_code=SI_TKILL, si_pid=8416, si_uid=1001} ---
8415  clone(child_stack=0x51817fdc2000, flags=CLONE_VM|CLONE_FS|CLONE_FILES|CLONE_SIGHAND|CLONE_THREAD|CLONE_SYSVSEM) = 8422
8420  clone(child_stack=0x1c8cbd298000, flags=CLONE_VM|CLONE_FS|CLONE_FILES|CLONE_SIGHAND|CLONE_THREAD|CLONE_SYSVSEM <unfinished ...>
8419  tgkill(8415, 8415, SIGURG)        = 0
8420  <... clone resumed>)              = 8423
8415  clone(child_stack=0x51817fdbe000, flags=CLONE_VM|CLONE_FS|CLONE_FILES|CLONE_SIGHAND|CLONE_THREAD|CLONE_SYSVSEM) = 8424
8415  --- SIGURG {si_signo=SIGURG, si_code=SI_TKILL, si_pid=8415, si_uid=1001} ---
8422  clone(child_stack=0x51817fe18000, flags=CLONE_VM|CLONE_FS|CLONE_FILES|CLONE_SIGHAND|CLONE_THREAD|CLONE_SYSVSEM) = 8425
8414  clone(child_stack=0x7de5638c0000, flags=CLONE_VM|CLONE_FS|CLONE_FILES|CLONE_SIGHAND|CLONE_THREAD|CLONE_SYSVSEM) = 8426
8414  clone(child_stack=0x7de5638f6000, flags=CLONE_VM|CLONE_FS|CLONE_FILES|CLONE_SIGHAND|CLONE_THREAD|CLONE_SYSVSEM) = 8427
8417  clone(child_stack=0x6183c7a0000, flags=CLONE_VM|CLONE_FS|CLONE_FILES|CLONE_SIGHAND|CLONE_THREAD|CLONE_SYSVSEM <unfinished ...>
8426  tgkill(8414, 8414, SIGURG <unfinished ...>
8417  <... clone resumed>)              = 8428
8427  clone(child_stack=0x7de5638f2000, flags=CLONE_VM|CLONE_FS|CLONE_FILES|CLONE_SIGHAND|CLONE_THREAD|CLONE_SYSVSEM) = 8429
8426  <... tgkill resumed>)             = 0
8417  clone(child_stack=0x6183c7d8000, flags=CLONE_VM|CLONE_FS|CLONE_FILES|CLONE_SIGHAND|CLONE_THREAD|CLONE_SYSVSEM <unfinished ...>
8414  clone(child_stack=0x7de563990000, flags=CLONE_VM|CLONE_FS|CLONE_FILES|CLONE_SIGHAND|CLONE_THREAD|CLONE_SYSVSEM <unfinished ...>
8417  <... clone resumed>)              = 8430
8414  <... clone resumed>)              = 8431
8428  tgkill(8417, 8417, SIGURG)        = 0
8414  --- SIGURG {si_signo=SIGURG, si_code=SI_TKILL, si_pid=8414, si_uid=1001} ---
8417  clone(child_stack=0x6183c7d4000, flags=CLONE_VM|CLONE_FS|CLONE_FILES|CLONE_SIGHAND|CLONE_THREAD|CLONE_SYSVSEM) = 8432
8417  --- SIGURG {si_signo=SIGURG, si_code=SI_TKILL, si_pid=8417, si_uid=1001} ---
8430  clone(child_stack=0x6183c828000, flags=CLONE_VM|CLONE_FS|CLONE_FILES|CLONE_SIGHAND|CLONE_THREAD|CLONE_SYSVSEM) = 8433
8418  tgkill(8416, 8416, SIGURG)        = 0
8416  --- SIGURG {si_signo=SIGURG, si_code=SI_TKILL, si_pid=8416, si_uid=1001} ---
8419  tgkill(8415, 8415, SIGURG)        = 0
8415  --- SIGURG {si_signo=SIGURG, si_code=SI_TKILL, si_pid=8415, si_uid=1001} ---
8415  exit_group(0)                     = ?
8419  +++ exited with 0 +++
8422  +++ exited with 0 +++
8424  +++ exited with 0 +++
8425  +++ exited with 0 +++
8415  +++ exited with 0 +++
8405  <... waitid resumed>{si_signo=SIGCHLD, si_code=CLD_EXITED, si_pid=8415, si_uid=1001, si_status=0, si_utime=0, si_stime=0}, WEXITED, {ru_utime={tv_sec=0, tv_usec=3291}, ru_stime={tv_sec=0, tv_usec=8776}, ...}) = 0
8400  --- SIGCHLD {si_signo=SIGCHLD, si_code=CLD_EXITED, si_pid=8415, si_uid=1001, si_status=0, si_utime=0, si_stime=0} ---
8426  tgkill(8414, 8414, SIGURG)        = 0
8428  tgkill(8417, 8417, SIGURG <unfinished ...>
8414  --- SIGURG {si_signo=SIGURG, si_code=SI_TKILL, si_pid=8414, si_uid=1001} ---
8428  <... tgkill resumed>)             = 0
8417  --- SIGURG {si_signo=SIGURG, si_code=SI_TKILL, si_pid=8417, si_uid=1001} ---
8414  exit_group(0)                     = ?
8427  +++ exited with 0 +++
8431  +++ exited with 0 +++
8426  +++ exited with 0 +++
8429  +++ exited with 0 +++
8414  +++ exited with 0 +++
8406  <... waitid resumed>0x727b4120cfb8, WEXITED, 0x727b4117a090) = ? ERESTARTSYS (To be restarted if SA_RESTART is set)
8407  <... waitid resumed>{si_signo=SIGCHLD, si_code=CLD_EXITED, si_pid=8414, si_uid=1001, si_status=0, si_utime=0, si_stime=0}, WEXITED, {ru_utime={tv_sec=0, tv_usec=2147}, ru_stime={tv_sec=0, tv_usec=5369}, ...}) = 0
8405  --- SIGCHLD {si_signo=SIGCHLD, si_code=CLD_EXITED, si_pid=8414, si_uid=1001, si_status=0, si_utime=0, si_stime=0} ---
8406  waitid(P_PIDFD, 14,  <unfinished ...>
8417  exit_group(0)                     = ?
8432  +++ exited with 0 +++
8428  +++ exited with 0 +++
8430  +++ exited with 0 +++
8433  +++ exited with 0 +++
8417  +++ exited with 0 +++
8406  <... waitid resumed>{si_signo=SIGCHLD, si_code=CLD_EXITED, si_pid=8417, si_uid=1001, si_status=0, si_utime=0, si_stime=0}, WEXITED, {ru_utime={tv_sec=0, tv_usec=5794}, ru_stime={tv_sec=0, tv_usec=6953}, ...}) = 0
8403  --- SIGCHLD {si_signo=SIGCHLD, si_code=CLD_EXITED, si_pid=8417, si_uid=1001, si_status=0, si_utime=0, si_stime=0} ---
8400  clone(child_stack=NULL, flags=CLONE_VM|CLONE_PIDFD|CLONE_VFORK|SIGCHLD <unfinished ...>
8407  clone(child_stack=NULL, flags=CLONE_VM|CLONE_PIDFD|CLONE_VFORK|SIGCHLD <unfinished ...>
8401  tgkill(8400, 8400, SIGURG)        = 0
8418  tgkill(8416, 8420, SIGURG)        = 0
8420  --- SIGURG {si_signo=SIGURG, si_code=SI_TKILL, si_pid=8416, si_uid=1001} ---
8434  execve("/opt/hostedtoolcache/go/1.27.0/arm64/pkg/tool/linux_arm64/compile", ["/opt/hostedtoolcache/go/1.27.0/a"..., "-o", "/tmp/go-build1141159733/b014/_pk"..., "-trimpath", "/tmp/go-build1141159733/b014=>", "-p", "internal/coverage/rtcov", "-lang=go1.27", "-std", "-complete", "-buildid", "47O9QmEu_j9iqi2dbWOi/47O9QmEu_j9"..., "-goversion", "go1.27.0", "-c=4", "-nolocalimports", "-importcfg", "/tmp/go-build1141159733/b014/imp"..., "-pack", "/opt/hostedtoolcache/go/1.27.0/a"...], 0x727b411c0488 /* 140 vars */ <unfinished ...>
8400  <... clone resumed>, parent_tid=[14]) = 8434
8434  <... execve resumed>)             = 0
8400  --- SIGURG {si_signo=SIGURG, si_code=SI_TKILL, si_pid=8400, si_uid=1001} ---
8435  execve("/opt/hostedtoolcache/go/1.27.0/arm64/pkg/tool/linux_arm64/asm", ["/opt/hostedtoolcache/go/1.27.0/a"..., "-p", "internal/cpu", "-trimpath", "/tmp/go-build1141159733/b011=>", "-I", "/tmp/go-build1141159733/b011/", "-I", "/opt/hostedtoolcache/go/1.27.0/a"..., "-D", "GOOS_linux", "-D", "GOARCH_arm64", "-std", "-gensymabis", "-o", "/tmp/go-build1141159733/b011/sym"..., "/opt/hostedtoolcache/go/1.27.0/a"..., "/opt/hostedtoolcache/go/1.27.0/a"...], 0x727b412a4488 /* 140 vars */) = 0
8407  <... clone resumed>, parent_tid=[19]) = 8435
8401  tgkill(8400, 8407, SIGURG)        = 0
8407  --- SIGURG {si_signo=SIGURG, si_code=SI_TKILL, si_pid=8400, si_uid=1001} ---
8400  waitid(P_PIDFD, 14,  <unfinished ...>
8407  waitid(P_PIDFD, 19,  <unfinished ...>
8420  exit_group(0)                     = ?
8421  +++ exited with 0 +++
8423  +++ exited with 0 +++
8420  +++ exited with 0 +++
8418  +++ exited with 0 +++
8416  +++ exited with 0 +++
8406  --- SIGCHLD {si_signo=SIGCHLD, si_code=CLD_EXITED, si_pid=8416, si_uid=1001, si_status=0, si_utime=1 /* 0.01 s */, si_stime=1 /* 0.01 s */} ---
8404  <... waitid resumed>{si_signo=SIGCHLD, si_code=CLD_EXITED, si_pid=8416, si_uid=1001, si_status=0, si_utime=0, si_stime=0}, WEXITED, {ru_utime={tv_sec=0, tv_usec=13916}, ru_stime={tv_sec=0, tv_usec=11133}, ...}) = 0
8401  tgkill(8400, 8403, SIGURG)        = 0
8403  --- SIGURG {si_signo=SIGURG, si_code=SI_TKILL, si_pid=8400, si_uid=1001} ---
8434  clone(child_stack=0x7e6d5046e000, flags=CLONE_VM|CLONE_FS|CLONE_FILES|CLONE_SIGHAND|CLONE_THREAD|CLONE_SYSVSEM) = 8436
8434  clone(child_stack=0x7e6d504a6000, flags=CLONE_VM|CLONE_FS|CLONE_FILES|CLONE_SIGHAND|CLONE_THREAD|CLONE_SYSVSEM) = 8437
8436  tgkill(8434, 8434, SIGURG)        = 0
8434  clone(child_stack=0x7e6d504a2000, flags=CLONE_VM|CLONE_FS|CLONE_FILES|CLONE_SIGHAND|CLONE_THREAD|CLONE_SYSVSEM <unfinished ...>
8435  clone(child_stack=0x34abd47c0000, flags=CLONE_VM|CLONE_FS|CLONE_FILES|CLONE_SIGHAND|CLONE_THREAD|CLONE_SYSVSEM <unfinished ...>
8434  <... clone resumed>)              = 8438
8435  <... clone resumed>)              = 8439
8434  --- SIGURG {si_signo=SIGURG, si_code=SI_TKILL, si_pid=8434, si_uid=1001} ---
8435  clone(child_stack=0x34abd47f8000, flags=CLONE_VM|CLONE_FS|CLONE_FILES|CLONE_SIGHAND|CLONE_THREAD|CLONE_SYSVSEM <unfinished ...>
8437  clone(child_stack=0x7e6d50518000, flags=CLONE_VM|CLONE_FS|CLONE_FILES|CLONE_SIGHAND|CLONE_THREAD|CLONE_SYSVSEM) = 8441
8435  <... clone resumed>)              = 8440
8439  tgkill(8435, 8435, SIGURG <unfinished ...>
8435  clone(child_stack=0x34abd47f4000, flags=CLONE_VM|CLONE_FS|CLONE_FILES|CLONE_SIGHAND|CLONE_THREAD|CLONE_SYSVSEM) = 8442
8439  <... tgkill resumed>)             = 0
8435  --- SIGURG {si_signo=SIGURG, si_code=SI_TKILL, si_pid=8435, si_uid=1001} ---
8440  clone(child_stack=0x34abd4818000, flags=CLONE_VM|CLONE_FS|CLONE_FILES|CLONE_SIGHAND|CLONE_THREAD|CLONE_SYSVSEM) = 8443
8401  tgkill(8400, 8405, SIGURG)        = 0
8405  --- SIGURG {si_signo=SIGURG, si_code=SI_TKILL, si_pid=8400, si_uid=1001} ---
8403  tgkill(8400, 8404, SIGURG)        = 0
8404  --- SIGURG {si_signo=SIGURG, si_code=SI_TKILL, si_pid=8400, si_uid=1001} ---
8403  tgkill(8400, 8402, SIGURG)        = 0
8402  --- SIGURG {si_signo=SIGURG, si_code=SI_TKILL, si_pid=8400, si_uid=1001} ---
8403  tgkill(8400, 8402, SIGURG)        = 0
8402  --- SIGURG {si_signo=SIGURG, si_code=SI_TKILL, si_pid=8400, si_uid=1001} ---
8403  tgkill(8400, 8402, SIGURG)        = 0
8402  --- SIGURG {si_signo=SIGURG, si_code=SI_TKILL, si_pid=8400, si_uid=1001} ---
8403  tgkill(8400, 8402, SIGURG <unfinished ...>
8402  clone(child_stack=NULL, flags=CLONE_VM|CLONE_PIDFD|CLONE_VFORK|SIGCHLD <unfinished ...>
8403  <... tgkill resumed>)             = 0
8403  tgkill(8400, 8405, SIGURG)        = 0
8405  --- SIGURG {si_signo=SIGURG, si_code=SI_TKILL, si_pid=8400, si_uid=1001} ---
8403  tgkill(8400, 8404, SIGURG <unfinished ...>
8404  --- SIGURG {si_signo=SIGURG, si_code=SI_TKILL, si_pid=8400, si_uid=1001} ---
8403  <... tgkill resumed>)             = 0
8403  tgkill(8400, 8405, SIGURG)        = 0
8405  clone(child_stack=NULL, flags=CLONE_VM|CLONE_PIDFD|CLONE_VFORK|SIGCHLD <unfinished ...>
8444  execve("/opt/hostedtoolcache/go/1.27.0/arm64/pkg/tool/linux_arm64/asm", ["/opt/hostedtoolcache/go/1.27.0/a"..., "-p", "internal/abi", "-trimpath", "/tmp/go-build1141159733/b005=>", "-I", "/tmp/go-build1141159733/b005/", "-I", "/opt/hostedtoolcache/go/1.27.0/a"..., "-D", "GOOS_linux", "-D", "GOARCH_arm64", "-std", "-gensymabis", "-o", "/tmp/go-build1141159733/b005/sym"..., "/opt/hostedtoolcache/go/1.27.0/a"..., "/opt/hostedtoolcache/go/1.27.0/a"...], 0x727b412a4908 /* 140 vars */ <unfinished ...>
8403  tgkill(8400, 8404, SIGURG <unfinished ...>
8445  execve("/opt/hostedtoolcache/go/1.27.0/arm64/pkg/tool/linux_arm64/compile", ["/opt/hostedtoolcache/go/1.27.0/a"..., "-o", "/tmp/go-build1141159733/b015/_pk"..., "-trimpath", "/tmp/go-build1141159733/b015=>", "-p", "internal/godebugs", "-lang=go1.27", "-std", "-complete", "-buildid", "L3n_n0Y9n7xGzmoyRJNG/L3n_n0Y9n7x"..., "-goversion", "go1.27.0", "-c=4", "-nolocalimports", "-importcfg", "/tmp/go-build1141159733/b015/imp"..., "-pack", "/opt/hostedtoolcache/go/1.27.0/a"...], 0x727b411c0488 /* 140 vars */ <unfinished ...>
8404  --- SIGURG {si_signo=SIGURG, si_code=SI_TKILL, si_pid=8400, si_uid=1001} ---
8403  <... tgkill resumed>)             = 0
8435  exit_group(0)                     = ?
8443  +++ exited with 0 +++
8442  +++ exited with 0 +++
8439  +++ exited with 0 +++
8405  <... clone resumed>, parent_tid=[22]) = 8445
8405  --- SIGURG {si_signo=SIGURG, si_code=SI_TKILL, si_pid=8400, si_uid=1001} ---
8445  <... execve resumed>)             = 0
8405  waitid(P_PIDFD, 22,  <unfinished ...>
8440  +++ exited with 0 +++
8435  +++ exited with 0 +++
8407  <... waitid resumed>{si_signo=SIGCHLD, si_code=CLD_EXITED, si_pid=8435, si_uid=1001, si_status=0, si_utime=0, si_stime=0}, WEXITED, {ru_utime={tv_sec=0, tv_usec=1157}, ru_stime={tv_sec=0, tv_usec=5785}, ...}) = 0
8403  --- SIGCHLD {si_signo=SIGCHLD, si_code=CLD_EXITED, si_pid=8435, si_uid=1001, si_status=0, si_utime=0, si_stime=0} ---
8402  <... clone resumed>, parent_tid=[18]) = 8444
8403  tgkill(8400, 8404, SIGURG <unfinished ...>
8402  --- SIGURG {si_signo=SIGURG, si_code=SI_TKILL, si_pid=8400, si_uid=1001} ---
8404  --- SIGURG {si_signo=SIGURG, si_code=SI_TKILL, si_pid=8400, si_uid=1001} ---
8403  <... tgkill resumed>)             = 0
8444  <... execve resumed>)             = 0
8402  waitid(P_PIDFD, 18,  <unfinished ...>
8407  clone(child_stack=NULL, flags=CLONE_VM|CLONE_PIDFD|CLONE_VFORK|SIGCHLD <unfinished ...>
8446  execve("/opt/hostedtoolcache/go/1.27.0/arm64/pkg/tool/linux_arm64/compile", ["/opt/hostedtoolcache/go/1.27.0/a"..., "-o", "/tmp/go-build1141159733/b011/_pk"..., "-trimpath", "/tmp/go-build1141159733/b011=>", "-p", "internal/cpu", "-lang=go1.27", "-std", "-buildid", "MWxa_COY7_dbImCNGszP/MWxa_COY7_d"..., "-goversion", "go1.27.0", "-symabis", "/tmp/go-build1141159733/b011/sym"..., "-c=4", "-nolocalimports", "-importcfg", "/tmp/go-build1141159733/b011/imp"..., "-pack", "-asmhdr", "/tmp/go-build1141159733/b011/go_"..., "/opt/hostedtoolcache/go/1.27.0/a"..., "/opt/hostedtoolcache/go/1.27.0/a"..., "/opt/hostedtoolcache/go/1.27.0/a"..., "/opt/hostedtoolcache/go/1.27.0/a"..., "/opt/hostedtoolcache/go/1.27.0/a"..., "/opt/hostedtoolcache/go/1.27.0/a"...], 0x727b411c0908 /* 140 vars */ <unfinished ...>
8407  <... clone resumed>, parent_tid=[16]) = 8446
8446  <... execve resumed>)             = 0
8407  waitid(P_PIDFD, 16,  <unfinished ...>
8441  exit_group(0)                     = ?
8441  +++ exited with 0 +++
8438  +++ exited with 0 +++
8437  +++ exited with 0 +++
8436  +++ exited with 0 +++
8434  +++ exited with 0 +++
8400  <... waitid resumed>{si_signo=SIGCHLD, si_code=CLD_EXITED, si_pid=8434, si_uid=1001, si_status=0, si_utime=0, si_stime=0}, WEXITED, {ru_utime={tv_sec=0, tv_usec=7057}, ru_stime={tv_sec=0, tv_usec=8065}, ...}) = 0
8403  --- SIGCHLD {si_signo=SIGCHLD, si_code=CLD_EXITED, si_pid=8434, si_uid=1001, si_status=0, si_utime=0, si_stime=0} ---
8445  clone(child_stack=0x56147d51a000, flags=CLONE_VM|CLONE_FS|CLONE_FILES|CLONE_SIGHAND|CLONE_THREAD|CLONE_SYSVSEM) = 8447
8445  clone(child_stack=0x56147d552000, flags=CLONE_VM|CLONE_FS|CLONE_FILES|CLONE_SIGHAND|CLONE_THREAD|CLONE_SYSVSEM) = 8448
8447  tgkill(8445, 8445, SIGURG)        = 0
8445  clone(child_stack=0x56147d54e000, flags=CLONE_VM|CLONE_FS|CLONE_FILES|CLONE_SIGHAND|CLONE_THREAD|CLONE_SYSVSEM) = 8449
8445  --- SIGURG {si_signo=SIGURG, si_code=SI_TKILL, si_pid=8445, si_uid=1001} ---
8448  clone(child_stack=0x56147d598000, flags=CLONE_VM|CLONE_FS|CLONE_FILES|CLONE_SIGHAND|CLONE_THREAD|CLONE_SYSVSEM) = 8450
8444  clone(child_stack=0x2e8d250fc000, flags=CLONE_VM|CLONE_FS|CLONE_FILES|CLONE_SIGHAND|CLONE_THREAD|CLONE_SYSVSEM) = 8451
8451  tgkill(8444, 8444, SIGURG)        = 0
8444  --- SIGURG {si_signo=SIGURG, si_code=SI_TKILL, si_pid=8444, si_uid=1001} ---
8444  clone(child_stack=0x2e8d25134000, flags=CLONE_VM|CLONE_FS|CLONE_FILES|CLONE_SIGHAND|CLONE_THREAD|CLONE_SYSVSEM) = 8452
8444  clone(child_stack=0x2e8d25130000, flags=CLONE_VM|CLONE_FS|CLONE_FILES|CLONE_SIGHAND|CLONE_THREAD|CLONE_SYSVSEM) = 8453
8452  clone(child_stack=0x2e8d25198000, flags=CLONE_VM|CLONE_FS|CLONE_FILES|CLONE_SIGHAND|CLONE_THREAD|CLONE_SYSVSEM) = 8454
8452  clone(child_stack=0x2e8d25194000, flags=CLONE_VM|CLONE_FS|CLONE_FILES|CLONE_SIGHAND|CLONE_THREAD|CLONE_SYSVSEM) = 8455
8446  clone(child_stack=0x7b22a997c000, flags=CLONE_VM|CLONE_FS|CLONE_FILES|CLONE_SIGHAND|CLONE_THREAD|CLONE_SYSVSEM) = 8456
8446  clone(child_stack=0x7b22a99b4000, flags=CLONE_VM|CLONE_FS|CLONE_FILES|CLONE_SIGHAND|CLONE_THREAD|CLONE_SYSVSEM) = 8457
8456  tgkill(8446, 8446, SIGURG)        = 0
8446  clone(child_stack=0x7b22a99b0000, flags=CLONE_VM|CLONE_FS|CLONE_FILES|CLONE_SIGHAND|CLONE_THREAD|CLONE_SYSVSEM) = 8458
8446  --- SIGURG {si_signo=SIGURG, si_code=SI_TKILL, si_pid=8446, si_uid=1001} ---
8457  clone(child_stack=0x7b22a9a18000, flags=CLONE_VM|CLONE_FS|CLONE_FILES|CLONE_SIGHAND|CLONE_THREAD|CLONE_SYSVSEM) = 8459
8458  clone(child_stack=0x7b22a9a14000, flags=CLONE_VM|CLONE_FS|CLONE_FILES|CLONE_SIGHAND|CLONE_THREAD|CLONE_SYSVSEM) = 8460
8444  exit_group(0)                     = ?
8455  +++ exited with 0 +++
8454  +++ exited with 0 +++
8452  +++ exited with 0 +++
8451  +++ exited with 0 +++
8401  tgkill(8400, 8403, SIGURG)        = 0
8403  --- SIGURG {si_signo=SIGURG, si_code=SI_TKILL, si_pid=8400, si_uid=1001} ---
8453  +++ exited with 0 +++
8444  +++ exited with 0 +++
8401  --- SIGCHLD {si_signo=SIGCHLD, si_code=CLD_EXITED, si_pid=8444, si_uid=1001, si_status=0, si_utime=0, si_stime=0} ---
8402  <... waitid resumed>{si_signo=SIGCHLD, si_code=CLD_EXITED, si_pid=8444, si_uid=1001, si_status=0, si_utime=0, si_stime=0}, WEXITED, {ru_utime={tv_sec=0, tv_usec=2613}, ru_stime={tv_sec=0, tv_usec=3484}, ...}) = 0
8402  clone(child_stack=NULL, flags=CLONE_VM|CLONE_PIDFD|CLONE_VFORK|SIGCHLD <unfinished ...>
8447  tgkill(8445, 8445, SIGURG)        = 0
8445  --- SIGURG {si_signo=SIGURG, si_code=SI_TKILL, si_pid=8445, si_uid=1001} ---
8461  execve("/opt/hostedtoolcache/go/1.27.0/arm64/pkg/tool/linux_arm64/compile", ["/opt/hostedtoolcache/go/1.27.0/a"..., "-o", "/tmp/go-build1141159733/b005/_pk"..., "-trimpath", "/tmp/go-build1141159733/b005=>", "-p", "internal/abi", "-lang=go1.27", "-std", "-buildid", "qFh3qy3NhGFK4Dx1fuvv/qFh3qy3NhGF"..., "-goversion", "go1.27.0", "-symabis", "/tmp/go-build1141159733/b005/sym"..., "-c=4", "-nolocalimports", "-importcfg", "/tmp/go-build1141159733/b005/imp"..., "-pack", "-asmhdr", "/tmp/go-build1141159733/b005/go_"..., "/opt/hostedtoolcache/go/1.27.0/a"..., "/opt/hostedtoolcache/go/1.27.0/a"..., "/opt/hostedtoolcache/go/1.27.0/a"..., "/opt/hostedtoolcache/go/1.27.0/a"..., "/opt/hostedtoolcache/go/1.27.0/a"..., "/opt/hostedtoolcache/go/1.27.0/a"..., "/opt/hostedtoolcache/go/1.27.0/a"..., "/opt/hostedtoolcache/go/1.27.0/a"..., "/opt/hostedtoolcache/go/1.27.0/a"..., "/opt/hostedtoolcache/go/1.27.0/a"..., ...], 0x727b412f4908 /* 140 vars */) = 0
8402  <... clone resumed>, parent_tid=[14]) = 8461
8404  clone(child_stack=NULL, flags=CLONE_VM|CLONE_PIDFD|CLONE_VFORK|SIGCHLD <unfinished ...>
8402  waitid(P_PIDFD, 14,  <unfinished ...>
8462  execve("/opt/hostedtoolcache/go/1.27.0/arm64/pkg/tool/linux_arm64/compile", ["/opt/hostedtoolcache/go/1.27.0/a"..., "-o", "/tmp/go-build1141159733/b016/_pk"..., "-trimpath", "/tmp/go-build1141159733/b016=>", "-p", "internal/goexperiment", "-lang=go1.27", "-std", "-complete", "-buildid", "ditnq-oacrxe1kRNA4co/ditnq-oacrx"..., "-goversion", "go1.27.0", "-c=4", "-nolocalimports", "-importcfg", "/tmp/go-build1141159733/b016/imp"..., "-pack", "/opt/hostedtoolcache/go/1.27.0/a"..., "/opt/hostedtoolcache/go/1.27.0/a"..., "/opt/hostedtoolcache/go/1.27.0/a"..., "/opt/hostedtoolcache/go/1.27.0/a"..., "/opt/hostedtoolcache/go/1.27.0/a"..., "/opt/hostedtoolcache/go/1.27.0/a"..., "/opt/hostedtoolcache/go/1.27.0/a"..., "/opt/hostedtoolcache/go/1.27.0/a"..., "/opt/hostedtoolcache/go/1.27.0/a"..., "/opt/hostedtoolcache/go/1.27.0/a"..., "/opt/hostedtoolcache/go/1.27.0/a"..., "/opt/hostedtoolcache/go/1.27.0/a"..., "/opt/hostedtoolcache/go/1.27.0/a"..., ...], 0x727b411c1688 /* 140 vars */ <unfinished ...>
8404  <... clone resumed>, parent_tid=[13]) = 8462
8462  <... execve resumed>)             = 0
8448  exit_group(0)                     = ?
8448  +++ exited with 0 +++
8447  +++ exited with 0 +++
8450  +++ exited with 0 +++
8404  waitid(P_PIDFD, 13,  <unfinished ...>
8449  +++ exited with 0 +++
8445  +++ exited with 0 +++
8405  <... waitid resumed>{si_signo=SIGCHLD, si_code=CLD_EXITED, si_pid=8445, si_uid=1001, si_status=0, si_utime=0, si_stime=0}, WEXITED, {ru_utime={tv_sec=0, tv_usec=6441}, ru_stime={tv_sec=0, tv_usec=9661}, ...}) = 0
8400  --- SIGCHLD {si_signo=SIGCHLD, si_code=CLD_EXITED, si_pid=8445, si_uid=1001, si_status=0, si_utime=0, si_stime=0} ---
8461  clone(child_stack=0x1bd0ddda6000, flags=CLONE_VM|CLONE_FS|CLONE_FILES|CLONE_SIGHAND|CLONE_THREAD|CLONE_SYSVSEM) = 8463
8461  clone(child_stack=0x1bd0dddde000, flags=CLONE_VM|CLONE_FS|CLONE_FILES|CLONE_SIGHAND|CLONE_THREAD|CLONE_SYSVSEM <unfinished ...>
8463  tgkill(8461, 8461, SIGURG)        = 0
8461  <... clone resumed>)              = 8464
8461  --- SIGURG {si_signo=SIGURG, si_code=SI_TKILL, si_pid=8461, si_uid=1001} ---
8461  clone(child_stack=0x1bd0dddda000, flags=CLONE_VM|CLONE_FS|CLONE_FILES|CLONE_SIGHAND|CLONE_THREAD|CLONE_SYSVSEM) = 8465
8464  clone(child_stack=0x1bd0dde18000, flags=CLONE_VM|CLONE_FS|CLONE_FILES|CLONE_SIGHAND|CLONE_THREAD|CLONE_SYSVSEM) = 8466
8462  clone(child_stack=0x24e018c16000, flags=CLONE_VM|CLONE_FS|CLONE_FILES|CLONE_SIGHAND|CLONE_THREAD|CLONE_SYSVSEM) = 8467
8467  tgkill(8462, 8462, SIGURG)        = 0
8462  --- SIGURG {si_signo=SIGURG, si_code=SI_TKILL, si_pid=8462, si_uid=1001} ---
8462  clone(child_stack=0x24e018c4e000, flags=CLONE_VM|CLONE_FS|CLONE_FILES|CLONE_SIGHAND|CLONE_THREAD|CLONE_SYSVSEM) = 8468
8462  clone(child_stack=0x24e018c4a000, flags=CLONE_VM|CLONE_FS|CLONE_FILES|CLONE_SIGHAND|CLONE_THREAD|CLONE_SYSVSEM) = 8469
8468  clone(child_stack=0x24e018c98000, flags=CLONE_VM|CLONE_FS|CLONE_FILES|CLONE_SIGHAND|CLONE_THREAD|CLONE_SYSVSEM) = 8470
8446  exit_group(0)                     = ?
8460  +++ exited with 0 +++
8459  +++ exited with 0 +++
8457  +++ exited with 0 +++
8456  +++ exited with 0 +++
8458  +++ exited with 0 +++
8446  +++ exited with 0 +++
8407  <... waitid resumed>{si_signo=SIGCHLD, si_code=CLD_EXITED, si_pid=8446, si_uid=1001, si_status=0, si_utime=0, si_stime=0}, WEXITED, {ru_utime={tv_sec=0, tv_usec=15455}, ru_stime={tv_sec=0, tv_usec=11888}, ...}) = 0
8405  --- SIGCHLD {si_signo=SIGCHLD, si_code=CLD_EXITED, si_pid=8446, si_uid=1001, si_status=0, si_utime=1 /* 0.01 s */, si_stime=1 /* 0.01 s */} ---
8405  clone(child_stack=NULL, flags=CLONE_VM|CLONE_PIDFD|CLONE_VFORK|SIGCHLD <unfinished ...>
8400  clone(child_stack=NULL, flags=CLONE_VM|CLONE_PIDFD|CLONE_VFORK|SIGCHLD <unfinished ...>
8472  execve("/opt/hostedtoolcache/go/1.27.0/arm64/pkg/tool/linux_arm64/compile", ["/opt/hostedtoolcache/go/1.27.0/a"..., "-o", "/tmp/go-build1141159733/b017/_pk"..., "-trimpath", "/tmp/go-build1141159733/b017=>", "-p", "internal/goos", "-lang=go1.27", "-std", "-complete", "-buildid", "dcJxc7frSRM0mDc23OE5/dcJxc7frSRM"..., "-goversion", "go1.27.0", "-c=4", "-nolocalimports", "-importcfg", "/tmp/go-build1141159733/b017/imp"..., "-pack", "/opt/hostedtoolcache/go/1.27.0/a"..., "/opt/hostedtoolcache/go/1.27.0/a"..., "/opt/hostedtoolcache/go/1.27.0/a"...], 0x727b411f4488 /* 140 vars */ <unfinished ...>
8470  clone(child_stack=0x24e019098000, flags=CLONE_VM|CLONE_FS|CLONE_FILES|CLONE_SIGHAND|CLONE_THREAD|CLONE_SYSVSEM <unfinished ...>
8400  <... clone resumed>, parent_tid=[22]) = 8472
8472  <... execve resumed>)             = 0
8470  <... clone resumed>)              = 8473
8471  execve("/opt/hostedtoolcache/go/1.27.0/arm64/pkg/tool/linux_arm64/asm", ["/opt/hostedtoolcache/go/1.27.0/a"..., "-p", "internal/cpu", "-trimpath", "/tmp/go-build1141159733/b011=>", "-I", "/tmp/go-build1141159733/b011/", "-I", "/opt/hostedtoolcache/go/1.27.0/a"..., "-D", "GOOS_linux", "-D", "GOARCH_arm64", "-std", "-o", "/tmp/go-build1141159733/b011/cpu"..., "/opt/hostedtoolcache/go/1.27.0/a"...], 0x727b411c1b08 /* 140 vars */ <unfinished ...>
8405  <... clone resumed>, parent_tid=[21]) = 8471
8471  <... execve resumed>)             = 0
8400  waitid(P_PIDFD, 22,  <unfinished ...>
8405  waitid(P_PIDFD, 21,  <unfinished ...>
8472  clone(child_stack=0x4a52eeaba000, flags=CLONE_VM|CLONE_FS|CLONE_FILES|CLONE_SIGHAND|CLONE_THREAD|CLONE_SYSVSEM) = 8474
8472  clone(child_stack=0x4a52eeaf2000, flags=CLONE_VM|CLONE_FS|CLONE_FILES|CLONE_SIGHAND|CLONE_THREAD|CLONE_SYSVSEM) = 8475
8472  clone(child_stack=0x4a52eeaee000, flags=CLONE_VM|CLONE_FS|CLONE_FILES|CLONE_SIGHAND|CLONE_THREAD|CLONE_SYSVSEM) = 8476
8475  clone(child_stack=0x4a52eeb20000, flags=CLONE_VM|CLONE_FS|CLONE_FILES|CLONE_SIGHAND|CLONE_THREAD|CLONE_SYSVSEM) = 8477
8468  exit_group(0)                     = ?
8473  +++ exited with 0 +++
8467  +++ exited with 0 +++
8470  +++ exited with 0 +++
8468  +++ exited with 0 +++
8469  +++ exited with 0 +++
8462  +++ exited with 0 +++
8401  --- SIGCHLD {si_signo=SIGCHLD, si_code=CLD_EXITED, si_pid=8462, si_uid=1001, si_status=0, si_utime=0, si_stime=1 /* 0.01 s */} ---
8404  <... waitid resumed>{si_signo=SIGCHLD, si_code=CLD_EXITED, si_pid=8462, si_uid=1001, si_status=0, si_utime=0, si_stime=0}, WEXITED, {ru_utime={tv_sec=0, tv_usec=4498}, ru_stime={tv_sec=0, tv_usec=10796}, ...}) = 0
8471  clone(child_stack=0x669ce13aa000, flags=CLONE_VM|CLONE_FS|CLONE_FILES|CLONE_SIGHAND|CLONE_THREAD|CLONE_SYSVSEM) = 8478
8471  clone(child_stack=0x669ce13e2000, flags=CLONE_VM|CLONE_FS|CLONE_FILES|CLONE_SIGHAND|CLONE_THREAD|CLONE_SYSVSEM) = 8479
8471  clone(child_stack=0x669ce13de000, flags=CLONE_VM|CLONE_FS|CLONE_FILES|CLONE_SIGHAND|CLONE_THREAD|CLONE_SYSVSEM <unfinished ...>
8479  clone(child_stack=0x669ce1418000, flags=CLONE_VM|CLONE_FS|CLONE_FILES|CLONE_SIGHAND|CLONE_THREAD|CLONE_SYSVSEM <unfinished ...>
8471  <... clone resumed>)              = 8480
8479  <... clone resumed>)              = 8481
8406  clone(child_stack=0x727b41062000, flags=CLONE_VM|CLONE_FS|CLONE_FILES|CLONE_SIGHAND|CLONE_THREAD|CLONE_SYSVSEM) = 8482
8403  tgkill(8400, 8406, SIGURG <unfinished ...>
8406  --- SIGURG {si_signo=SIGURG, si_code=SI_TKILL, si_pid=8400, si_uid=1001} ---
8403  <... tgkill resumed>)             = 0
8406  tgkill(8400, 8403, SIGURG)        = 0
8403  --- SIGURG {si_signo=SIGURG, si_code=SI_TKILL, si_pid=8400, si_uid=1001} ---
8406  clone(child_stack=0x727b411b0000, flags=CLONE_VM|CLONE_FS|CLONE_FILES|CLONE_SIGHAND|CLONE_THREAD|CLONE_SYSVSEM) = 8483
8406  tgkill(8400, 8482, SIGURG <unfinished ...>
8471  exit_group(0)                     = ?
8480  +++ exited with 0 +++
8406  <... tgkill resumed>)             = 0
8479  +++ exited with 0 +++
8481  +++ exited with 0 +++
8478  +++ exited with 0 +++
8471  +++ exited with 0 +++
8482  --- SIGURG {si_signo=SIGURG, si_code=SI_TKILL, si_pid=8400, si_uid=1001} ---
8406  --- SIGCHLD {si_signo=SIGCHLD, si_code=CLD_EXITED, si_pid=8471, si_uid=1001, si_status=0, si_utime=0, si_stime=0} ---
8405  <... waitid resumed>{si_signo=SIGCHLD, si_code=CLD_EXITED, si_pid=8471, si_uid=1001, si_status=0, si_utime=0, si_stime=0}, WEXITED, {ru_utime={tv_sec=0, tv_usec=1157}, ru_stime={tv_sec=0, tv_usec=4628}, ...}) = 0
8463  tgkill(8461, 8461, SIGURG)        = 0
8475  exit_group(0)                     = ?
8477  +++ exited with 0 +++
8476  +++ exited with 0 +++
8475  +++ exited with 0 +++
8474  +++ exited with 0 +++
8472  +++ exited with 0 +++
8482  --- SIGCHLD {si_signo=SIGCHLD, si_code=CLD_EXITED, si_pid=8472, si_uid=1001, si_status=0, si_utime=0, si_stime=0} ---
8400  <... waitid resumed>{si_signo=SIGCHLD, si_code=CLD_EXITED, si_pid=8472, si_uid=1001, si_status=0, si_utime=0, si_stime=0}, WEXITED, {ru_utime={tv_sec=0, tv_usec=4633}, ru_stime={tv_sec=0, tv_usec=6949}, ...}) = 0
8461  --- SIGURG {si_signo=SIGURG, si_code=SI_TKILL, si_pid=8461, si_uid=1001} ---
8405  clone(child_stack=NULL, flags=CLONE_VM|CLONE_PIDFD|CLONE_VFORK|SIGCHLD <unfinished ...>
8484  execve("/opt/hostedtoolcache/go/1.27.0/arm64/pkg/tool/linux_arm64/asm", ["/opt/hostedtoolcache/go/1.27.0/a"..., "-p", "internal/cpu", "-trimpath", "/tmp/go-build1141159733/b011=>", "-I", "/tmp/go-build1141159733/b011/", "-I", "/opt/hostedtoolcache/go/1.27.0/a"..., "-D", "GOOS_linux", "-D", "GOARCH_arm64", "-std", "-o", "/tmp/go-build1141159733/b011/cpu"..., "/opt/hostedtoolcache/go/1.27.0/a"...], 0x727b411f4488 /* 140 vars */ <unfinished ...>
8405  <... clone resumed>, parent_tid=[16]) = 8484
8484  <... execve resumed>)             = 0
8405  waitid(P_PIDFD, 16,  <unfinished ...>
8482  clone(child_stack=NULL, flags=CLONE_VM|CLONE_PIDFD|CLONE_VFORK|SIGCHLD <unfinished ...>
8485  execve("/opt/hostedtoolcache/go/1.27.0/arm64/pkg/tool/linux_arm64/compile", ["/opt/hostedtoolcache/go/1.27.0/a"..., "-o", "/tmp/go-build1141159733/b018/_pk"..., "-trimpath", "/tmp/go-build1141159733/b018=>", "-p", "internal/profilerecord", "-lang=go1.27", "-std", "-complete", "-buildid", "48AYbUNoxCjXOqTOk5OK/48AYbUNoxCj"..., "-goversion", "go1.27.0", "-c=4", "-nolocalimports", "-importcfg", "/tmp/go-build1141159733/b018/imp"..., "-pack", "/opt/hostedtoolcache/go/1.27.0/a"...], 0x727b412f4908 /* 140 vars */ <unfinished ...>
8482  <... clone resumed>, parent_tid=[13]) = 8485
8485  <... execve resumed>)             = 0
8482  waitid(P_PIDFD, 13,  <unfinished ...>
8404  clone(child_stack=NULL, flags=CLONE_VM|CLONE_PIDFD|CLONE_VFORK|SIGCHLD <unfinished ...>
8486  execve("/opt/hostedtoolcache/go/1.27.0/arm64/pkg/tool/linux_arm64/asm", ["/opt/hostedtoolcache/go/1.27.0/a"..., "-p", "internal/runtime/syscall/linux", "-trimpath", "/tmp/go-build1141159733/b021=>", "-I", "/tmp/go-build1141159733/b021/", "-I", "/opt/hostedtoolcache/go/1.27.0/a"..., "-D", "GOOS_linux", "-D", "GOARCH_arm64", "-std", "-gensymabis", "-o", "/tmp/go-build1141159733/b021/sym"..., "/opt/hostedtoolcache/go/1.27.0/a"...], 0x727b411c0488 /* 140 vars */ <unfinished ...>
8463  tgkill(8461, 8465, SIGURG <unfinished ...>
8465  --- SIGURG {si_signo=SIGURG, si_code=SI_TKILL, si_pid=8461, si_uid=1001} ---
8463  <... tgkill resumed>)             = 0
8404  <... clone resumed>, parent_tid=[18]) = 8486
8486  <... execve resumed>)             = 0
8404  waitid(P_PIDFD, 18,  <unfinished ...>
8484  clone(child_stack=0x72cedde5c000, flags=CLONE_VM|CLONE_FS|CLONE_FILES|CLONE_SIGHAND|CLONE_THREAD|CLONE_SYSVSEM) = 8487
8484  clone(child_stack=0x72cedde98000, flags=CLONE_VM|CLONE_FS|CLONE_FILES|CLONE_SIGHAND|CLONE_THREAD|CLONE_SYSVSEM) = 8488
8487  tgkill(8484, 8484, SIGURG <unfinished ...>
8484  clone(child_stack=0x72cedde94000, flags=CLONE_VM|CLONE_FS|CLONE_FILES|CLONE_SIGHAND|CLONE_THREAD|CLONE_SYSVSEM <unfinished ...>
8487  <... tgkill resumed>)             = 0
8484  <... clone resumed>)              = 8489
8484  --- SIGURG {si_signo=SIGURG, si_code=SI_TKILL, si_pid=8484, si_uid=1001} ---
8488  clone(child_stack=0x72ceddeb8000, flags=CLONE_VM|CLONE_FS|CLONE_FILES|CLONE_SIGHAND|CLONE_THREAD|CLONE_SYSVSEM) = 8490
8488  clone(child_stack=0x72ceddeb4000, flags=CLONE_VM|CLONE_FS|CLONE_FILES|CLONE_SIGHAND|CLONE_THREAD|CLONE_SYSVSEM) = 8491
8485  clone(child_stack=0x3feb010f4000, flags=CLONE_VM|CLONE_FS|CLONE_FILES|CLONE_SIGHAND|CLONE_THREAD|CLONE_SYSVSEM) = 8492
8485  clone(child_stack=0x3feb0112c000, flags=CLONE_VM|CLONE_FS|CLONE_FILES|CLONE_SIGHAND|CLONE_THREAD|CLONE_SYSVSEM) = 8493
8492  tgkill(8485, 8485, SIGURG)        = 0
8485  clone(child_stack=0x3feb01128000, flags=CLONE_VM|CLONE_FS|CLONE_FILES|CLONE_SIGHAND|CLONE_THREAD|CLONE_SYSVSEM) = 8494
8485  --- SIGURG {si_signo=SIGURG, si_code=SI_TKILL, si_pid=8485, si_uid=1001} ---
8493  clone(child_stack=0x3feb01198000, flags=CLONE_VM|CLONE_FS|CLONE_FILES|CLONE_SIGHAND|CLONE_THREAD|CLONE_SYSVSEM) = 8495
8486  clone(child_stack=0x71cebc28000, flags=CLONE_VM|CLONE_FS|CLONE_FILES|CLONE_SIGHAND|CLONE_THREAD|CLONE_SYSVSEM) = 8496
8486  clone(child_stack=0x71cebc60000, flags=CLONE_VM|CLONE_FS|CLONE_FILES|CLONE_SIGHAND|CLONE_THREAD|CLONE_SYSVSEM) = 8497
8486  clone(child_stack=0x71cebc5c000, flags=CLONE_VM|CLONE_FS|CLONE_FILES|CLONE_SIGHAND|CLONE_THREAD|CLONE_SYSVSEM) = 8498
8497  clone(child_stack=0x71cebc98000, flags=CLONE_VM|CLONE_FS|CLONE_FILES|CLONE_SIGHAND|CLONE_THREAD|CLONE_SYSVSEM) = 8499
8484  exit_group(0)                     = ?
8490  +++ exited with 0 +++
8488  +++ exited with 0 +++
8489  +++ exited with 0 +++
8487  +++ exited with 0 +++
8491  +++ exited with 0 +++
8484  +++ exited with 0 +++
8400  --- SIGCHLD {si_signo=SIGCHLD, si_code=CLD_EXITED, si_pid=8484, si_uid=1001, si_status=0, si_utime=0, si_stime=0} ---
8405  <... waitid resumed>{si_signo=SIGCHLD, si_code=CLD_EXITED, si_pid=8484, si_uid=1001, si_status=0, si_utime=0, si_stime=0}, WEXITED, {ru_utime={tv_sec=0, tv_usec=0}, ru_stime={tv_sec=0, tv_usec=6405}, ...}) = 0
8494  exit_group(0)                     = ?
8495  +++ exited with 0 +++
8493  +++ exited with 0 +++
8492  +++ exited with 0 +++
8494  +++ exited with 0 +++
8485  +++ exited with 0 +++
8400  --- SIGCHLD {si_signo=SIGCHLD, si_code=CLD_EXITED, si_pid=8485, si_uid=1001, si_status=0, si_utime=0, si_stime=0} ---
8482  <... waitid resumed>{si_signo=SIGCHLD, si_code=CLD_EXITED, si_pid=8485, si_uid=1001, si_status=0, si_utime=0, si_stime=0}, WEXITED, {ru_utime={tv_sec=0, tv_usec=6840}, ru_stime={tv_sec=0, tv_usec=6840}, ...}) = 0
8401  tgkill(8400, 8405, SIGURG)        = 0
8405  --- SIGURG {si_signo=SIGURG, si_code=SI_TKILL, si_pid=8400, si_uid=1001} ---
8486  exit_group(0)                     = ?
8498  +++ exited with 0 +++
8499  +++ exited with 0 +++
8496  +++ exited with 0 +++
8497  +++ exited with 0 +++
8486  +++ exited with 0 +++
8400  --- SIGCHLD {si_signo=SIGCHLD, si_code=CLD_EXITED, si_pid=8486, si_uid=1001, si_status=0, si_utime=0, si_stime=0} ---
8404  <... waitid resumed>{si_signo=SIGCHLD, si_code=CLD_EXITED, si_pid=8486, si_uid=1001, si_status=0, si_utime=0, si_stime=0}, WEXITED, {ru_utime={tv_sec=0, tv_usec=1782}, ru_stime={tv_sec=0, tv_usec=5346}, ...}) = 0
8482  clone(child_stack=NULL, flags=CLONE_VM|CLONE_PIDFD|CLONE_VFORK|SIGCHLD <unfinished ...>
8463  tgkill(8461, 8466, SIGURG)        = 0
8466  --- SIGURG {si_signo=SIGURG, si_code=SI_TKILL, si_pid=8461, si_uid=1001} ---
8500  execve("/opt/hostedtoolcache/go/1.27.0/arm64/pkg/tool/linux_arm64/compile", ["/opt/hostedtoolcache/go/1.27.0/a"..., "-o", "/tmp/go-build1141159733/b021/_pk"..., "-trimpath", "/tmp/go-build1141159733/b021=>", "-p", "internal/runtime/syscall/linux", "-lang=go1.27", "-std", "-buildid", "xWP8wMAnQbt9WPQ_vqr8/xWP8wMAnQbt"..., "-goversion", "go1.27.0", "-symabis", "/tmp/go-build1141159733/b021/sym"..., "-c=4", "-nolocalimports", "-importcfg", "/tmp/go-build1141159733/b021/imp"..., "-pack", "-asmhdr", "/tmp/go-build1141159733/b021/go_"..., "/opt/hostedtoolcache/go/1.27.0/a"..., "/opt/hostedtoolcache/go/1.27.0/a"..., "/opt/hostedtoolcache/go/1.27.0/a"...], 0x727b412a4908 /* 140 vars */ <unfinished ...>
8482  <... clone resumed>, parent_tid=[17]) = 8500
8500  <... execve resumed>)             = 0
8482  waitid(P_PIDFD, 17,  <unfinished ...>
8405  clone(child_stack=NULL, flags=CLONE_VM|CLONE_PIDFD|CLONE_VFORK|SIGCHLD <unfinished ...>
8501  execve("/opt/hostedtoolcache/go/1.27.0/arm64/pkg/tool/linux_arm64/asm", ["/opt/hostedtoolcache/go/1.27.0/a"..., "-p", "internal/bytealg", "-trimpath", "/tmp/go-build1141159733/b010=>", "-I", "/tmp/go-build1141159733/b010/", "-I", "/opt/hostedtoolcache/go/1.27.0/a"..., "-D", "GOOS_linux", "-D", "GOARCH_arm64", "-std", "-gensymabis", "-o", "/tmp/go-build1141159733/b010/sym"..., "/opt/hostedtoolcache/go/1.27.0/a"..., "/opt/hostedtoolcache/go/1.27.0/a"..., "/opt/hostedtoolcache/go/1.27.0/a"..., "/opt/hostedtoolcache/go/1.27.0/a"..., "/opt/hostedtoolcache/go/1.27.0/a"...], 0x727b411c0488 /* 140 vars */ <unfinished ...>
8405  <... clone resumed>, parent_tid=[19]) = 8501
8501  <... execve resumed>)             = 0
8405  waitid(P_PIDFD, 19,  <unfinished ...>
8401  tgkill(8400, 8400, SIGURG)        = 0
8400  --- SIGURG {si_signo=SIGURG, si_code=SI_TKILL, si_pid=8400, si_uid=1001} ---
8403  clone(child_stack=NULL, flags=CLONE_VM|CLONE_PIDFD|CLONE_VFORK|SIGCHLD <unfinished ...>
8500  clone(child_stack=0xa4d74ed8000, flags=CLONE_VM|CLONE_FS|CLONE_FILES|CLONE_SIGHAND|CLONE_THREAD|CLONE_SYSVSEM) = 8503
8501  clone(child_stack=0x2d0b4566e000, flags=CLONE_VM|CLONE_FS|CLONE_FILES|CLONE_SIGHAND|CLONE_THREAD|CLONE_SYSVSEM) = 8504
8500  clone(child_stack=0xa4d74f10000, flags=CLONE_VM|CLONE_FS|CLONE_FILES|CLONE_SIGHAND|CLONE_THREAD|CLONE_SYSVSEM <unfinished ...>
8501  clone(child_stack=0x2d0b456a6000, flags=CLONE_VM|CLONE_FS|CLONE_FILES|CLONE_SIGHAND|CLONE_THREAD|CLONE_SYSVSEM) = 8505
8500  <... clone resumed>)              = 8506
8501  clone(child_stack=0x2d0b456a2000, flags=CLONE_VM|CLONE_FS|CLONE_FILES|CLONE_SIGHAND|CLONE_THREAD|CLONE_SYSVSEM <unfinished ...>
8500  clone(child_stack=0xa4d74f0c000, flags=CLONE_VM|CLONE_FS|CLONE_FILES|CLONE_SIGHAND|CLONE_THREAD|CLONE_SYSVSEM <unfinished ...>
8501  <... clone resumed>)              = 8507
8500  <... clone resumed>)              = 8508
8506  clone(child_stack=0xa4d74f98000, flags=CLONE_VM|CLONE_FS|CLONE_FILES|CLONE_SIGHAND|CLONE_THREAD|CLONE_SYSVSEM) = 8509
8463  tgkill(8461, 8466, SIGURG)        = 0
8466  --- SIGURG {si_signo=SIGURG, si_code=SI_TKILL, si_pid=8461, si_uid=1001} ---
8463  tgkill(8461, 8464, SIGURG)        = 0
8464  --- SIGURG {si_signo=SIGURG, si_code=SI_TKILL, si_pid=8461, si_uid=1001} ---
8463  tgkill(8461, 8465, SIGURG)        = 0
8465  --- SIGURG {si_signo=SIGURG, si_code=SI_TKILL, si_pid=8461, si_uid=1001} ---
8505  clone(child_stack=0x2d0b456e8000, flags=CLONE_VM|CLONE_FS|CLONE_FILES|CLONE_SIGHAND|CLONE_THREAD|CLONE_SYSVSEM) = 8510
8502  execve("/opt/hostedtoolcache/go/1.27.0/arm64/pkg/tool/linux_arm64/asm", ["/opt/hostedtoolcache/go/1.27.0/a"..., "-p", "internal/chacha8rand", "-trimpath", "/tmp/go-build1141159733/b013=>", "-I", "/tmp/go-build1141159733/b013/", "-I", "/opt/hostedtoolcache/go/1.27.0/a"..., "-D", "GOOS_linux", "-D", "GOARCH_arm64", "-std", "-gensymabis", "-o", "/tmp/go-build1141159733/b013/sym"..., "/opt/hostedtoolcache/go/1.27.0/a"...], 0x727b412f4908 /* 140 vars */ <unfinished ...>
8403  <... clone resumed>, parent_tid=[16]) = 8502
8502  <... execve resumed>)             = 0
8403  waitid(P_PIDFD, 16,  <unfinished ...>
8502  clone(child_stack=0x5ddd2de30000, flags=CLONE_VM|CLONE_FS|CLONE_FILES|CLONE_SIGHAND|CLONE_THREAD|CLONE_SYSVSEM) = 8511
8502  clone(child_stack=0x5ddd2de68000, flags=CLONE_VM|CLONE_FS|CLONE_FILES|CLONE_SIGHAND|CLONE_THREAD|CLONE_SYSVSEM) = 8512
8502  clone(child_stack=0x5ddd2de64000, flags=CLONE_VM|CLONE_FS|CLONE_FILES|CLONE_SIGHAND|CLONE_THREAD|CLONE_SYSVSEM) = 8513
8512  clone(child_stack=0x5ddd2de98000, flags=CLONE_VM|CLONE_FS|CLONE_FILES|CLONE_SIGHAND|CLONE_THREAD|CLONE_SYSVSEM) = 8514
8463  tgkill(8461, 8461, SIGURG)        = 0
8461  --- SIGURG {si_signo=SIGURG, si_code=SI_TKILL, si_pid=8461, si_uid=1001} ---
8502  exit_group(0)                     = ?
8514  +++ exited with 0 +++
8513  +++ exited with 0 +++
8511  +++ exited with 0 +++
8512  +++ exited with 0 +++
8502  +++ exited with 0 +++
8403  <... waitid resumed>{si_signo=SIGCHLD, si_code=CLD_EXITED, si_pid=8502, si_uid=1001, si_status=0, si_utime=0, si_stime=0}, WEXITED, {ru_utime={tv_sec=0, tv_usec=901}, ru_stime={tv_sec=0, tv_usec=4508}, ...}) = 0
8401  --- SIGCHLD {si_signo=SIGCHLD, si_code=CLD_EXITED, si_pid=8502, si_uid=1001, si_status=0, si_utime=0, si_stime=0} ---
8503  tgkill(8500, 8500, SIGURG)        = 0
8500  --- SIGURG {si_signo=SIGURG, si_code=SI_TKILL, si_pid=8500, si_uid=1001} ---
8400  clone(child_stack=NULL, flags=CLONE_VM|CLONE_PIDFD|CLONE_VFORK|SIGCHLD <unfinished ...>
8515  execve("/opt/hostedtoolcache/go/1.27.0/arm64/pkg/tool/linux_arm64/compile", ["/opt/hostedtoolcache/go/1.27.0/a"..., "-o", "/tmp/go-build1141159733/b013/_pk"..., "-trimpath", "/tmp/go-build1141159733/b013=>", "-p", "internal/chacha8rand", "-lang=go1.27", "-std", "-buildid", "C2rz4QeNLPvtyrrU3exc/C2rz4QeNLPv"..., "-goversion", "go1.27.0", "-symabis", "/tmp/go-build1141159733/b013/sym"..., "-c=4", "-nolocalimports", "-importcfg", "/tmp/go-build1141159733/b013/imp"..., "-pack", "-asmhdr", "/tmp/go-build1141159733/b013/go_"..., "/opt/hostedtoolcache/go/1.27.0/a"..., "/opt/hostedtoolcache/go/1.27.0/a"...], 0x727b411f4488 /* 140 vars */ <unfinished ...>
8400  <... clone resumed>, parent_tid=[16]) = 8515
8515  <... execve resumed>)             = 0
8504  tgkill(8501, 8501, SIGURG)        = 0
8501  --- SIGURG {si_signo=SIGURG, si_code=SI_TKILL, si_pid=8501, si_uid=1001} ---
8400  waitid(P_PIDFD, 16,  <unfinished ...>
8515  clone(child_stack=0x29b581682000, flags=CLONE_VM|CLONE_FS|CLONE_FILES|CLONE_SIGHAND|CLONE_THREAD|CLONE_SYSVSEM) = 8516
8515  clone(child_stack=0x29b5816ba000, flags=CLONE_VM|CLONE_FS|CLONE_FILES|CLONE_SIGHAND|CLONE_THREAD|CLONE_SYSVSEM) = 8517
8516  tgkill(8515, 8515, SIGURG)        = 0
8515  clone(child_stack=0x29b5816b6000, flags=CLONE_VM|CLONE_FS|CLONE_FILES|CLONE_SIGHAND|CLONE_THREAD|CLONE_SYSVSEM) = 8518
8515  --- SIGURG {si_signo=SIGURG, si_code=SI_TKILL, si_pid=8515, si_uid=1001} ---
8515  clone(child_stack=0x29b5816de000, flags=CLONE_VM|CLONE_FS|CLONE_FILES|CLONE_SIGHAND|CLONE_THREAD|CLONE_SYSVSEM) = 8519
8503  tgkill(8500, 8506, SIGURG)        = 0
8506  --- SIGURG {si_signo=SIGURG, si_code=SI_TKILL, si_pid=8500, si_uid=1001} ---
8463  tgkill(8461, 8466, SIGURG)        = 0
8466  --- SIGURG {si_signo=SIGURG, si_code=SI_TKILL, si_pid=8461, si_uid=1001} ---
8463  tgkill(8461, 8464, SIGURG <unfinished ...>
8464  --- SIGURG {si_signo=SIGURG, si_code=SI_TKILL, si_pid=8461, si_uid=1001} ---
8463  <... tgkill resumed>)             = 0
8463  tgkill(8461, 8465, SIGURG <unfinished ...>
8465  --- SIGURG {si_signo=SIGURG, si_code=SI_TKILL, si_pid=8461, si_uid=1001} ---
8463  <... tgkill resumed>)             = 0
8463  tgkill(8461, 8461, SIGURG)        = 0
8461  --- SIGURG {si_signo=SIGURG, si_code=SI_TKILL, si_pid=8461, si_uid=1001} ---
8516  tgkill(8515, 8515, SIGURG)        = 0
8515  --- SIGURG {si_signo=SIGURG, si_code=SI_TKILL, si_pid=8515, si_uid=1001} ---
8504  tgkill(8501, 8510, SIGURG <unfinished ...>
8510  --- SIGURG {si_signo=SIGURG, si_code=SI_TKILL, si_pid=8501, si_uid=1001} ---
8504  <... tgkill resumed>)             = 0
8506  exit_group(0)                     = ?
8509  +++ exited with 0 +++
8506  +++ exited with 0 +++
8503  +++ exited with 0 +++
8508  +++ exited with 0 +++
8500  +++ exited with 0 +++
8482  <... waitid resumed>{si_signo=SIGCHLD, si_code=CLD_EXITED, si_pid=8500, si_uid=1001, si_status=0, si_utime=0, si_stime=0}, WEXITED, {ru_utime={tv_sec=0, tv_usec=10156}, ru_stime={tv_sec=0, tv_usec=11425}, ...}) = 0
8482  --- SIGCHLD {si_signo=SIGCHLD, si_code=CLD_EXITED, si_pid=8500, si_uid=1001, si_status=0, si_utime=0, si_stime=0} ---
8403  clone(child_stack=NULL, flags=CLONE_VM|CLONE_PIDFD|CLONE_VFORK|SIGCHLD <unfinished ...>
8510  exit_group(0)                     = ?
8510  +++ exited with 0 +++
8505  +++ exited with 0 +++
8504  +++ exited with 0 +++
8507  +++ exited with 0 +++
8501  +++ exited with 0 +++
8405  <... waitid resumed>{si_signo=SIGCHLD, si_code=CLD_EXITED, si_pid=8501, si_uid=1001, si_status=0, si_utime=0, si_stime=0}, WEXITED, {ru_utime={tv_sec=0, tv_usec=3137}, ru_stime={tv_sec=0, tv_usec=9411}, ...}) = 0
8482  --- SIGCHLD {si_signo=SIGCHLD, si_code=CLD_EXITED, si_pid=8501, si_uid=1001, si_status=0, si_utime=0, si_stime=0} ---
8519  exit_group(0)                     = ?
8519  +++ exited with 0 +++
8518  +++ exited with 0 +++
8516  +++ exited with 0 +++
8520  execve("/opt/hostedtoolcache/go/1.27.0/arm64/pkg/tool/linux_arm64/asm", ["/opt/hostedtoolcache/go/1.27.0/a"..., "-p", "internal/runtime/syscall/linux", "-trimpath", "/tmp/go-build1141159733/b021=>", "-I", "/tmp/go-build1141159733/b021/", "-I", "/opt/hostedtoolcache/go/1.27.0/a"..., "-D", "GOOS_linux", "-D", "GOARCH_arm64", "-std", "-o", "/tmp/go-build1141159733/b021/asm"..., "/opt/hostedtoolcache/go/1.27.0/a"...], 0x727b412a4908 /* 140 vars */ <unfinished ...>
8403  <... clone resumed>, parent_tid=[17]) = 8520
8520  <... execve resumed>)             = 0
8403  waitid(P_PIDFD, 17,  <unfinished ...>
8517  +++ exited with 0 +++
8515  +++ exited with 0 +++
8482  --- SIGCHLD {si_signo=SIGCHLD, si_code=CLD_EXITED, si_pid=8515, si_uid=1001, si_status=0, si_utime=2 /* 0.02 s */, si_stime=0} ---
8400  <... waitid resumed>{si_signo=SIGCHLD, si_code=CLD_EXITED, si_pid=8515, si_uid=1001, si_status=0, si_utime=0, si_stime=0}, WEXITED, {ru_utime={tv_sec=0, tv_usec=21636}, ru_stime={tv_sec=0, tv_usec=4703}, ...}) = 0
8482  clone(child_stack=NULL, flags=CLONE_VM|CLONE_PIDFD|CLONE_VFORK|SIGCHLD <unfinished ...>
8405  clone(child_stack=NULL, flags=CLONE_VM|CLONE_PIDFD|CLONE_VFORK|SIGCHLD <unfinished ...>
8521  execve("/opt/hostedtoolcache/go/1.27.0/arm64/pkg/tool/linux_arm64/compile", ["/opt/hostedtoolcache/go/1.27.0/a"..., "-o", "/tmp/go-build1141159733/b010/_pk"..., "-trimpath", "/tmp/go-build1141159733/b010=>", "-p", "internal/bytealg", "-lang=go1.27", "-std", "-buildid", "U6BM55AOtxu179LXuNlF/U6BM55AOtxu"..., "-goversion", "go1.27.0", "-symabis", "/tmp/go-build1141159733/b010/sym"..., "-c=4", "-nolocalimports", "-importcfg", "/tmp/go-build1141159733/b010/imp"..., "-pack", "-asmhdr", "/tmp/go-build1141159733/b010/go_"..., "/opt/hostedtoolcache/go/1.27.0/a"..., "/opt/hostedtoolcache/go/1.27.0/a"..., "/opt/hostedtoolcache/go/1.27.0/a"..., "/opt/hostedtoolcache/go/1.27.0/a"..., "/opt/hostedtoolcache/go/1.27.0/a"..., "/opt/hostedtoolcache/go/1.27.0/a"..., "/opt/hostedtoolcache/go/1.27.0/a"..., "/opt/hostedtoolcache/go/1.27.0/a"..., "/opt/hostedtoolcache/go/1.27.0/a"...], 0x727b411c0908 /* 140 vars */ <unfinished ...>
8482  <... clone resumed>, parent_tid=[19]) = 8521
8521  <... execve resumed>)             = 0
8522  execve("/opt/hostedtoolcache/go/1.27.0/arm64/pkg/tool/linux_arm64/asm", ["/opt/hostedtoolcache/go/1.27.0/a"..., "-p", "internal/chacha8rand", "-trimpath", "/tmp/go-build1141159733/b013=>", "-I", "/tmp/go-build1141159733/b013/", "-I", "/opt/hostedtoolcache/go/1.27.0/a"..., "-D", "GOOS_linux", "-D", "GOARCH_arm64", "-std", "-o", "/tmp/go-build1141159733/b013/cha"..., "/opt/hostedtoolcache/go/1.27.0/a"...], 0x727b41416908 /* 140 vars */ <unfinished ...>
8405  <... clone resumed>, parent_tid=[22]) = 8522
8522  <... execve resumed>)             = 0
8482  waitid(P_PIDFD, 19,  <unfinished ...>
8405  waitid(P_PIDFD, 22,  <unfinished ...>
8520  clone(child_stack=0x1ace0bd0e000, flags=CLONE_VM|CLONE_FS|CLONE_FILES|CLONE_SIGHAND|CLONE_THREAD|CLONE_SYSVSEM) = 8523
8520  clone(child_stack=0x1ace0bd46000, flags=CLONE_VM|CLONE_FS|CLONE_FILES|CLONE_SIGHAND|CLONE_THREAD|CLONE_SYSVSEM <unfinished ...>
8523  tgkill(8520, 8520, SIGURG <unfinished ...>
8520  <... clone resumed>)              = 8524
8523  <... tgkill resumed>)             = 0
8520  --- SIGURG {si_signo=SIGURG, si_code=SI_TKILL, si_pid=8520, si_uid=1001} ---
8523  tgkill(8520, 8520, SIGURG)        = 0
8520  clone(child_stack=0x1ace0bd42000, flags=CLONE_VM|CLONE_FS|CLONE_FILES|CLONE_SIGHAND|CLONE_THREAD|CLONE_SYSVSEM) = 8525
8524  clone(child_stack=0x1ace0bd98000, flags=CLONE_VM|CLONE_FS|CLONE_FILES|CLONE_SIGHAND|CLONE_THREAD|CLONE_SYSVSEM <unfinished ...>
8520  --- SIGURG {si_signo=SIGURG, si_code=SI_TKILL, si_pid=8520, si_uid=1001} ---
8524  <... clone resumed>)              = 8526
8525  clone(child_stack=0x1ace0bd94000, flags=CLONE_VM|CLONE_FS|CLONE_FILES|CLONE_SIGHAND|CLONE_THREAD|CLONE_SYSVSEM) = 8527
8466  exit_group(0)                     = ?
8466  +++ exited with 0 +++
8465  +++ exited with 0 +++
8464  +++ exited with 0 +++
8522  clone(child_stack=0x6db1f4472000, flags=CLONE_VM|CLONE_FS|CLONE_FILES|CLONE_SIGHAND|CLONE_THREAD|CLONE_SYSVSEM) = 8528
8521  clone(child_stack=0x6f1ad4d0e000, flags=CLONE_VM|CLONE_FS|CLONE_FILES|CLONE_SIGHAND|CLONE_THREAD|CLONE_SYSVSEM) = 8529
8522  clone(child_stack=0x6db1f44aa000, flags=CLONE_VM|CLONE_FS|CLONE_FILES|CLONE_SIGHAND|CLONE_THREAD|CLONE_SYSVSEM) = 8530
8528  tgkill(8522, 8522, SIGURG)        = 0
8522  clone(child_stack=0x6db1f44a6000, flags=CLONE_VM|CLONE_FS|CLONE_FILES|CLONE_SIGHAND|CLONE_THREAD|CLONE_SYSVSEM) = 8531
8522  --- SIGURG {si_signo=SIGURG, si_code=SI_TKILL, si_pid=8522, si_uid=1001} ---
8521  clone(child_stack=0x6f1ad4d46000, flags=CLONE_VM|CLONE_FS|CLONE_FILES|CLONE_SIGHAND|CLONE_THREAD|CLONE_SYSVSEM <unfinished ...>
8529  tgkill(8521, 8521, SIGURG <unfinished ...>
8521  <... clone resumed>)              = 8532
8529  <... tgkill resumed>)             = 0
8522  clone(child_stack=0x6db1f44ce000, flags=CLONE_VM|CLONE_FS|CLONE_FILES|CLONE_SIGHAND|CLONE_THREAD|CLONE_SYSVSEM <unfinished ...>
8521  --- SIGURG {si_signo=SIGURG, si_code=SI_TKILL, si_pid=8521, si_uid=1001} ---
8522  <... clone resumed>)              = 8533
8530  clone(child_stack=0x6db1f44ca000, flags=CLONE_VM|CLONE_FS|CLONE_FILES|CLONE_SIGHAND|CLONE_THREAD|CLONE_SYSVSEM) = 8534
8529  tgkill(8521, 8521, SIGURG <unfinished ...>
8521  clone(child_stack=0x6f1ad4d42000, flags=CLONE_VM|CLONE_FS|CLONE_FILES|CLONE_SIGHAND|CLONE_THREAD|CLONE_SYSVSEM <unfinished ...>
8529  <... tgkill resumed>)             = 0
8521  <... clone resumed>)              = 8535
8521  --- SIGURG {si_signo=SIGURG, si_code=SI_TKILL, si_pid=8521, si_uid=1001} ---
8532  clone(child_stack=0x6f1ad4d98000, flags=CLONE_VM|CLONE_FS|CLONE_FILES|CLONE_SIGHAND|CLONE_THREAD|CLONE_SYSVSEM) = 8536
8463  +++ exited with 0 +++
8461  +++ exited with 0 +++
8402  <... waitid resumed>{si_signo=SIGCHLD, si_code=CLD_EXITED, si_pid=8461, si_uid=1001, si_status=0, si_utime=0, si_stime=0}, WEXITED, {ru_utime={tv_sec=0, tv_usec=158752}, ru_stime={tv_sec=0, tv_usec=33471}, ...}) = 0
8406  --- SIGCHLD {si_signo=SIGCHLD, si_code=CLD_EXITED, si_pid=8461, si_uid=1001, si_status=0, si_utime=16 /* 0.16 s */, si_stime=3 /* 0.03 s */} ---
8406  clone(child_stack=NULL, flags=CLONE_VM|CLONE_PIDFD|CLONE_VFORK|SIGCHLD <unfinished ...>
8520  exit_group(0)                     = ?
8524  +++ exited with 0 +++
8527  +++ exited with 0 +++
8526  +++ exited with 0 +++
8525  +++ exited with 0 +++
8537  execve("/opt/hostedtoolcache/go/1.27.0/arm64/pkg/tool/linux_arm64/asm", ["/opt/hostedtoolcache/go/1.27.0/a"..., "-p", "internal/abi", "-trimpath", "/tmp/go-build1141159733/b005=>", "-I", "/tmp/go-build1141159733/b005/", "-I", "/opt/hostedtoolcache/go/1.27.0/a"..., "-D", "GOOS_linux", "-D", "GOARCH_arm64", "-std", "-o", "/tmp/go-build1141159733/b005/abi"..., "/opt/hostedtoolcache/go/1.27.0/a"...], 0x727b414f2008 /* 140 vars */ <unfinished ...>
8406  <... clone resumed>, parent_tid=[14]) = 8537
8537  <... execve resumed>)             = 0
8523  +++ exited with 0 +++
8520  +++ exited with 0 +++
8403  <... waitid resumed>{si_signo=SIGCHLD, si_code=CLD_EXITED, si_pid=8520, si_uid=1001, si_status=0, si_utime=0, si_stime=0}, WEXITED, {ru_utime={tv_sec=0, tv_usec=2279}, ru_stime={tv_sec=0, tv_usec=4558}, ...}) = 0
8402  --- SIGCHLD {si_signo=SIGCHLD, si_code=CLD_EXITED, si_pid=8520, si_uid=1001, si_status=0, si_utime=0, si_stime=0} ---
8406  waitid(P_PIDFD, 14,  <unfinished ...>
8529  clone(child_stack=0x6f1ad512c000, flags=CLONE_VM|CLONE_FS|CLONE_FILES|CLONE_SIGHAND|CLONE_THREAD|CLONE_SYSVSEM) = 8538
8522  exit_group(0)                     = ?
8534  +++ exited with 0 +++
8533  +++ exited with 0 +++
8531  +++ exited with 0 +++
8528  +++ exited with 0 +++
8530  +++ exited with 0 +++
8522  +++ exited with 0 +++
8405  <... waitid resumed>{si_signo=SIGCHLD, si_code=CLD_EXITED, si_pid=8522, si_uid=1001, si_status=0, si_utime=0, si_stime=0}, WEXITED, {ru_utime={tv_sec=0, tv_usec=2392}, ru_stime={tv_sec=0, tv_usec=4785}, ...}) = 0
8402  --- SIGCHLD {si_signo=SIGCHLD, si_code=CLD_EXITED, si_pid=8522, si_uid=1001, si_status=0, si_utime=0, si_stime=0} ---
8537  clone(child_stack=0x6e699c4ac000, flags=CLONE_VM|CLONE_FS|CLONE_FILES|CLONE_SIGHAND|CLONE_THREAD|CLONE_SYSVSEM) = 8539
8537  clone(child_stack=0x6e699c4e4000, flags=CLONE_VM|CLONE_FS|CLONE_FILES|CLONE_SIGHAND|CLONE_THREAD|CLONE_SYSVSEM) = 8540
8539  tgkill(8537, 8537, SIGURG)        = 0
8537  clone(child_stack=0x6e699c4e0000, flags=CLONE_VM|CLONE_FS|CLONE_FILES|CLONE_SIGHAND|CLONE_THREAD|CLONE_SYSVSEM) = 8541
8540  clone(child_stack=0x6e699c518000, flags=CLONE_VM|CLONE_FS|CLONE_FILES|CLONE_SIGHAND|CLONE_THREAD|CLONE_SYSVSEM <unfinished ...>
8537  --- SIGURG {si_signo=SIGURG, si_code=SI_TKILL, si_pid=8537, si_uid=1001} ---
8540  <... clone resumed>)              = 8542
8532  exit_group(0)                     = ?
8538  +++ exited with 0 +++
8536  +++ exited with 0 +++
8535  +++ exited with 0 +++
8529  +++ exited with 0 +++
8405  clone(child_stack=NULL, flags=CLONE_VM|CLONE_PIDFD|CLONE_VFORK|SIGCHLD <unfinished ...>
8537  exit_group(0 <unfinished ...>
8539  ???( <unfinished ...>
8537  <... exit_group resumed>)         = ?
8542  +++ exited with 0 +++
8540  +++ exited with 0 +++
8539  +++ exited with 0 +++
8532  +++ exited with 0 +++
8521  +++ exited with 0 +++
8403  --- SIGCHLD {si_signo=SIGCHLD, si_code=CLD_EXITED, si_pid=8521, si_uid=1001, si_status=0, si_utime=1 /* 0.01 s */, si_stime=0} ---
8482  <... waitid resumed>{si_signo=SIGCHLD, si_code=CLD_EXITED, si_pid=8521, si_uid=1001, si_status=0, si_utime=0, si_stime=0}, WEXITED, {ru_utime={tv_sec=0, tv_usec=13749}, ru_stime={tv_sec=0, tv_usec=5729}, ...}) = 0
8541  +++ exited with 0 +++
8537  +++ exited with 0 +++
8406  <... waitid resumed>{si_signo=SIGCHLD, si_code=CLD_EXITED, si_pid=8537, si_uid=1001, si_status=0, si_utime=0, si_stime=0}, WEXITED, {ru_utime={tv_sec=0, tv_usec=1081}, ru_stime={tv_sec=0, tv_usec=5406}, ...}) = 0
8403  --- SIGCHLD {si_signo=SIGCHLD, si_code=CLD_EXITED, si_pid=8537, si_uid=1001, si_status=0, si_utime=0, si_stime=0} ---
8403  clone(child_stack=NULL, flags=CLONE_VM|CLONE_PIDFD|CLONE_VFORK|SIGCHLD <unfinished ...>
8402  clone(child_stack=NULL, flags=CLONE_VM|CLONE_PIDFD|CLONE_VFORK|SIGCHLD <unfinished ...>
8400  clone(child_stack=NULL, flags=CLONE_VM|CLONE_PIDFD|CLONE_VFORK|SIGCHLD <unfinished ...>
8401  tgkill(8400, 8405, SIGURG <unfinished ...>
8543  execve("/opt/hostedtoolcache/go/1.27.0/arm64/pkg/tool/linux_arm64/compile", ["/opt/hostedtoolcache/go/1.27.0/a"..., "-o", "/tmp/go-build1141159733/b023/_pk"..., "-trimpath", "/tmp/go-build1141159733/b023=>", "-p", "math/bits", "-lang=go1.27", "-std", "-complete", "-buildid", "yBJkprfDw2tqyO_7YvPl/yBJkprfDw2t"..., "-goversion", "go1.27.0", "-c=4", "-nolocalimports", "-importcfg", "/tmp/go-build1141159733/b023/imp"..., "-pack", "/opt/hostedtoolcache/go/1.27.0/a"..., "/opt/hostedtoolcache/go/1.27.0/a"..., "/opt/hostedtoolcache/go/1.27.0/a"...], 0x727b41417688 /* 140 vars */ <unfinished ...>
8401  <... tgkill resumed>)             = 0
8401  tgkill(8400, 8403, SIGURG)        = 0
8405  <... clone resumed>, parent_tid=[18]) = 8543
8405  --- SIGURG {si_signo=SIGURG, si_code=SI_TKILL, si_pid=8400, si_uid=1001} ---
8543  <... execve resumed>)             = 0
8544  execve("/opt/hostedtoolcache/go/1.27.0/arm64/pkg/tool/linux_arm64/asm", ["/opt/hostedtoolcache/go/1.27.0/a"..., "-p", "internal/runtime/atomic", "-trimpath", "/tmp/go-build1141159733/b019=>", "-I", "/tmp/go-build1141159733/b019/", "-I", "/opt/hostedtoolcache/go/1.27.0/a"..., "-D", "GOOS_linux", "-D", "GOARCH_arm64", "-std", "-gensymabis", "-o", "/tmp/go-build1141159733/b019/sym"..., "/opt/hostedtoolcache/go/1.27.0/a"...], 0x727b41258008 /* 140 vars */ <unfinished ...>
8403  <... clone resumed>, parent_tid=[10]) = 8544
8544  <... execve resumed>)             = 0
8403  --- SIGURG {si_signo=SIGURG, si_code=SI_TKILL, si_pid=8400, si_uid=1001} ---
8545  execve("/opt/hostedtoolcache/go/1.27.0/arm64/pkg/tool/linux_arm64/asm", ["/opt/hostedtoolcache/go/1.27.0/a"..., "-p", "internal/bytealg", "-trimpath", "/tmp/go-build1141159733/b010=>", "-I", "/tmp/go-build1141159733/b010/", "-I", "/opt/hostedtoolcache/go/1.27.0/a"..., "-D", "GOOS_linux", "-D", "GOARCH_arm64", "-std", "-o", "/tmp/go-build1141159733/b010/com"..., "/opt/hostedtoolcache/go/1.27.0/a"...], 0x727b411c0d88 /* 140 vars */ <unfinished ...>
8402  <... clone resumed>, parent_tid=[27]) = 8545
8545  <... execve resumed>)             = 0
8546  execve("/opt/hostedtoolcache/go/1.27.0/arm64/pkg/tool/linux_arm64/asm", ["/opt/hostedtoolcache/go/1.27.0/a"..., "-p", "internal/abi", "-trimpath", "/tmp/go-build1141159733/b005=>", "-I", "/tmp/go-build1141159733/b005/", "-I", "/opt/hostedtoolcache/go/1.27.0/a"..., "-D", "GOOS_linux", "-D", "GOARCH_arm64", "-std", "-o", "/tmp/go-build1141159733/b005/stu"..., "/opt/hostedtoolcache/go/1.27.0/a"...], 0x727b414f2488 /* 140 vars */ <unfinished ...>
8400  <... clone resumed>, parent_tid=[30]) = 8546
8546  <... execve resumed>)             = 0
8402  waitid(P_PIDFD, 27,  <unfinished ...>
8400  waitid(P_PIDFD, 30,  <unfinished ...>
8406  waitid(P_PIDFD, 10,  <unfinished ...>
8403  waitid(P_PIDFD, 18,  <unfinished ...>
8546  clone(child_stack=0x2699fabca000, flags=CLONE_VM|CLONE_FS|CLONE_FILES|CLONE_SIGHAND|CLONE_THREAD|CLONE_SYSVSEM) = 8547
8546  clone(child_stack=0x2699fac08000, flags=CLONE_VM|CLONE_FS|CLONE_FILES|CLONE_SIGHAND|CLONE_THREAD|CLONE_SYSVSEM) = 8548
8545  clone(child_stack=0x38efb858a000, flags=CLONE_VM|CLONE_FS|CLONE_FILES|CLONE_SIGHAND|CLONE_THREAD|CLONE_SYSVSEM <unfinished ...>
8547  tgkill(8546, 8546, SIGURG)        = 0
8546  --- SIGURG {si_signo=SIGURG, si_code=SI_TKILL, si_pid=8546, si_uid=1001} ---
8545  <... clone resumed>)              = 8549
8546  clone(child_stack=0x2699fac04000, flags=CLONE_VM|CLONE_FS|CLONE_FILES|CLONE_SIGHAND|CLONE_THREAD|CLONE_SYSVSEM) = 8550
8545  clone(child_stack=0x38efb85c2000, flags=CLONE_VM|CLONE_FS|CLONE_FILES|CLONE_SIGHAND|CLONE_THREAD|CLONE_SYSVSEM <unfinished ...>
8548  clone(child_stack=0x2699fac28000, flags=CLONE_VM|CLONE_FS|CLONE_FILES|CLONE_SIGHAND|CLONE_THREAD|CLONE_SYSVSEM <unfinished ...>
8544  clone(child_stack=0x30cca98ae000, flags=CLONE_VM|CLONE_FS|CLONE_FILES|CLONE_SIGHAND|CLONE_THREAD|CLONE_SYSVSEM <unfinished ...>
8545  <... clone resumed>)              = 8551
8548  <... clone resumed>)              = 8552
8544  <... clone resumed>)              = 8553
8549  tgkill(8545, 8545, SIGURG <unfinished ...>
8545  clone(child_stack=0x38efb85be000, flags=CLONE_VM|CLONE_FS|CLONE_FILES|CLONE_SIGHAND|CLONE_THREAD|CLONE_SYSVSEM <unfinished ...>
8549  <... tgkill resumed>)             = 0
8545  <... clone resumed>)              = 8554
8543  clone(child_stack=0x2f403c80000, flags=CLONE_VM|CLONE_FS|CLONE_FILES|CLONE_SIGHAND|CLONE_THREAD|CLONE_SYSVSEM <unfinished ...>
8545  --- SIGURG {si_signo=SIGURG, si_code=SI_TKILL, si_pid=8545, si_uid=1001} ---
8543  <... clone resumed>)              = 8555
8551  clone(child_stack=0x38efb8618000, flags=CLONE_VM|CLONE_FS|CLONE_FILES|CLONE_SIGHAND|CLONE_THREAD|CLONE_SYSVSEM <unfinished ...>
8544  clone(child_stack=0x30cca98e6000, flags=CLONE_VM|CLONE_FS|CLONE_FILES|CLONE_SIGHAND|CLONE_THREAD|CLONE_SYSVSEM <unfinished ...>
8551  <... clone resumed>)              = 8556
8544  <... clone resumed>)              = 8557
8553  tgkill(8544, 8544, SIGURG)        = 0
8544  --- SIGURG {si_signo=SIGURG, si_code=SI_TKILL, si_pid=8544, si_uid=1001} ---
8543  clone(child_stack=0x2f403cb8000, flags=CLONE_VM|CLONE_FS|CLONE_FILES|CLONE_SIGHAND|CLONE_THREAD|CLONE_SYSVSEM <unfinished ...>
8553  tgkill(8544, 8544, SIGURG)        = 0
8544  clone(child_stack=0x30cca98e2000, flags=CLONE_VM|CLONE_FS|CLONE_FILES|CLONE_SIGHAND|CLONE_THREAD|CLONE_SYSVSEM <unfinished ...>
8543  <... clone resumed>)              = 8558
8544  <... clone resumed>)              = 8559
8555  tgkill(8543, 8543, SIGURG)        = 0
8543  --- SIGURG {si_signo=SIGURG, si_code=SI_TKILL, si_pid=8543, si_uid=1001} ---
8557  clone(child_stack=0x30cca9918000, flags=CLONE_VM|CLONE_FS|CLONE_FILES|CLONE_SIGHAND|CLONE_THREAD|CLONE_SYSVSEM <unfinished ...>
8544  --- SIGURG {si_signo=SIGURG, si_code=SI_TKILL, si_pid=8544, si_uid=1001} ---
8557  <... clone resumed>)              = 8560
8543  clone(child_stack=0x2f403cb4000, flags=CLONE_VM|CLONE_FS|CLONE_FILES|CLONE_SIGHAND|CLONE_THREAD|CLONE_SYSVSEM) = 8561
8558  clone(child_stack=0x2f403d18000, flags=CLONE_VM|CLONE_FS|CLONE_FILES|CLONE_SIGHAND|CLONE_THREAD|CLONE_SYSVSEM) = 8562
8546  exit_group(0)                     = ?
8550  +++ exited with 0 +++
8548  +++ exited with 0 +++
8552  +++ exited with 0 +++
8547  +++ exited with 0 +++
8546  +++ exited with 0 +++
8404  --- SIGCHLD {si_signo=SIGCHLD, si_code=CLD_EXITED, si_pid=8546, si_uid=1001, si_status=0, si_utime=0, si_stime=0} ---
8400  <... waitid resumed>{si_signo=SIGCHLD, si_code=CLD_EXITED, si_pid=8546, si_uid=1001, si_status=0, si_utime=0, si_stime=0}, WEXITED, {ru_utime={tv_sec=0, tv_usec=0}, ru_stime={tv_sec=0, tv_usec=5676}, ...}) = 0
8545  exit_group(0)                     = ?
8556  +++ exited with 0 +++
8554  +++ exited with 0 +++
8549  +++ exited with 0 +++
8544  exit_group(0 <unfinished ...>
8551  +++ exited with 0 +++
8545  +++ exited with 0 +++
8544  <... exit_group resumed>)         = ?
8559  +++ exited with 0 +++
8553  +++ exited with 0 +++
8402  <... waitid resumed>{si_signo=SIGCHLD, si_code=CLD_EXITED, si_pid=8545, si_uid=1001, si_status=0, si_utime=0, si_stime=0}, WEXITED, {ru_utime={tv_sec=0, tv_usec=3320}, ru_stime={tv_sec=0, tv_usec=3320}, ...}) = 0
8401  --- SIGCHLD {si_signo=SIGCHLD, si_code=CLD_EXITED, si_pid=8545, si_uid=1001, si_status=0, si_utime=0, si_stime=0} ---
8560  +++ exited with 0 +++
8557  +++ exited with 0 +++
8544  +++ exited with 0 +++
8400  --- SIGCHLD {si_signo=SIGCHLD, si_code=CLD_EXITED, si_pid=8544, si_uid=1001, si_status=0, si_utime=0, si_stime=0} ---
8403  <... waitid resumed>0x727b41360fb8, WEXITED, 0x727b41382090) = ? ERESTARTSYS (To be restarted if SA_RESTART is set)
8406  <... waitid resumed>{si_signo=SIGCHLD, si_code=CLD_EXITED, si_pid=8544, si_uid=1001, si_status=0, si_utime=0, si_stime=0}, WEXITED, {ru_utime={tv_sec=0, tv_usec=0}, ru_stime={tv_sec=0, tv_usec=6488}, ...}) = 0
8403  waitid(P_PIDFD, 18,  <unfinished ...>
8400  clone(child_stack=NULL, flags=CLONE_VM|CLONE_PIDFD|CLONE_VFORK|SIGCHLD <unfinished ...>
8405  clone(child_stack=NULL, flags=CLONE_VM|CLONE_PIDFD|CLONE_VFORK|SIGCHLD <unfinished ...>
8563  execve("/opt/hostedtoolcache/go/1.27.0/arm64/pkg/tool/linux_arm64/asm", ["/opt/hostedtoolcache/go/1.27.0/a"..., "-p", "internal/bytealg", "-trimpath", "/tmp/go-build1141159733/b010=>", "-I", "/tmp/go-build1141159733/b010/", "-I", "/opt/hostedtoolcache/go/1.27.0/a"..., "-D", "GOOS_linux", "-D", "GOARCH_arm64", "-std", "-o", "/tmp/go-build1141159733/b010/cou"..., "/opt/hostedtoolcache/go/1.27.0/a"...], 0x727b414f2908 /* 140 vars */ <unfinished ...>
8400  <... clone resumed>, parent_tid=[17]) = 8563
8563  <... execve resumed>)             = 0
8564  execve("/opt/hostedtoolcache/go/1.27.0/arm64/pkg/tool/linux_arm64/compile", ["/opt/hostedtoolcache/go/1.27.0/a"..., "-o", "/tmp/go-build1141159733/b019/_pk"..., "-trimpath", "/tmp/go-build1141159733/b019=>", "-p", "internal/runtime/atomic", "-lang=go1.27", "-std", "-buildid", "rF-DhOCNNsAU_MwFGB8i/rF-DhOCNNsA"..., "-goversion", "go1.27.0", "-symabis", "/tmp/go-build1141159733/b019/sym"..., "-c=4", "-nolocalimports", "-importcfg", "/tmp/go-build1141159733/b019/imp"..., "-pack", "-asmhdr", "/tmp/go-build1141159733/b019/go_"..., "/opt/hostedtoolcache/go/1.27.0/a"..., "/opt/hostedtoolcache/go/1.27.0/a"..., "/opt/hostedtoolcache/go/1.27.0/a"..., "/opt/hostedtoolcache/go/1.27.0/a"..., "/opt/hostedtoolcache/go/1.27.0/a"..., "/opt/hostedtoolcache/go/1.27.0/a"..., "/opt/hostedtoolcache/go/1.27.0/a"..., "/opt/hostedtoolcache/go/1.27.0/a"...], 0x727b411c1208 /* 140 vars */ <unfinished ...>
8405  <... clone resumed>, parent_tid=[21]) = 8564
8564  <... execve resumed>)             = 0
8400  waitid(P_PIDFD, 17,  <unfinished ...>
8405  waitid(P_PIDFD, 21,  <unfinished ...>
8555  tgkill(8543, 8558, SIGURG)        = 0
8558  --- SIGURG {si_signo=SIGURG, si_code=SI_TKILL, si_pid=8543, si_uid=1001} ---
8482  tgkill(8400, 8404, SIGURG)        = 0
8404  --- SIGURG {si_signo=SIGURG, si_code=SI_TKILL, si_pid=8400, si_uid=1001} ---
8563  clone(child_stack=0x2ebd26cb4000, flags=CLONE_VM|CLONE_FS|CLONE_FILES|CLONE_SIGHAND|CLONE_THREAD|CLONE_SYSVSEM) = 8565
8558  exit_group(0 <unfinished ...>
8563  clone(child_stack=0x2ebd26cec000, flags=CLONE_VM|CLONE_FS|CLONE_FILES|CLONE_SIGHAND|CLONE_THREAD|CLONE_SYSVSEM <unfinished ...>
8558  <... exit_group resumed>)         = ?
8562  +++ exited with 0 +++
8561  +++ exited with 0 +++
8558  +++ exited with 0 +++
8555  +++ exited with 0 +++
8563  <... clone resumed>)              = 8566
8565  tgkill(8563, 8563, SIGURG)        = 0
8563  clone(child_stack=0x2ebd26ce8000, flags=CLONE_VM|CLONE_FS|CLONE_FILES|CLONE_SIGHAND|CLONE_THREAD|CLONE_SYSVSEM) = 8567
8563  --- SIGURG {si_signo=SIGURG, si_code=SI_TKILL, si_pid=8563, si_uid=1001} ---
8566  clone(child_stack=0x2ebd26d18000, flags=CLONE_VM|CLONE_FS|CLONE_FILES|CLONE_SIGHAND|CLONE_THREAD|CLONE_SYSVSEM) = 8568
8564  clone(child_stack=0x453a984e4000, flags=CLONE_VM|CLONE_FS|CLONE_FILES|CLONE_SIGHAND|CLONE_THREAD|CLONE_SYSVSEM) = 8569
8543  +++ exited with 0 +++
8405  <... waitid resumed>0x727b414aefb8, WEXITED, 0x727b410dc2d0) = ? ERESTARTSYS (To be restarted if SA_RESTART is set)
8405  --- SIGCHLD {si_signo=SIGCHLD, si_code=CLD_EXITED, si_pid=8543, si_uid=1001, si_status=0, si_utime=1 /* 0.01 s */, si_stime=1 /* 0.01 s */} ---
8403  <... waitid resumed>{si_signo=SIGCHLD, si_code=CLD_EXITED, si_pid=8543, si_uid=1001, si_status=0, si_utime=0, si_stime=0}, WEXITED, {ru_utime={tv_sec=0, tv_usec=13331}, ru_stime={tv_sec=0, tv_usec=15553}, ...}) = 0
8405  waitid(P_PIDFD, 21,  <unfinished ...>
8569  tgkill(8564, 8564, SIGURG)        = 0
8564  --- SIGURG {si_signo=SIGURG, si_code=SI_TKILL, si_pid=8564, si_uid=1001} ---
8569  tgkill(8564, 8564, SIGURG <unfinished ...>
8564  clone(child_stack=0x453a9851c000, flags=CLONE_VM|CLONE_FS|CLONE_FILES|CLONE_SIGHAND|CLONE_THREAD|CLONE_SYSVSEM <unfinished ...>
8569  <... tgkill resumed>)             = 0
8564  <... clone resumed>)              = 8570
8564  --- SIGURG {si_signo=SIGURG, si_code=SI_TKILL, si_pid=8564, si_uid=1001} ---
8564  clone(child_stack=0x453a98518000, flags=CLONE_VM|CLONE_FS|CLONE_FILES|CLONE_SIGHAND|CLONE_THREAD|CLONE_SYSVSEM) = 8571
8570  clone(child_stack=0x453a98598000, flags=CLONE_VM|CLONE_FS|CLONE_FILES|CLONE_SIGHAND|CLONE_THREAD|CLONE_SYSVSEM) = 8572
8571  clone(child_stack=0x453a98594000, flags=CLONE_VM|CLONE_FS|CLONE_FILES|CLONE_SIGHAND|CLONE_THREAD|CLONE_SYSVSEM) = 8573
8404  clone(child_stack=NULL, flags=CLONE_VM|CLONE_PIDFD|CLONE_VFORK|SIGCHLD <unfinished ...>
8574  execve("/opt/hostedtoolcache/go/1.27.0/arm64/pkg/tool/linux_arm64/compile", ["/opt/hostedtoolcache/go/1.27.0/a"..., "-o", "/tmp/go-build1141159733/b025/_pk"..., "-trimpath", "/tmp/go-build1141159733/b025=>", "-p", "internal/runtime/gc", "-lang=go1.27", "-std", "-complete", "-buildid", "Bb01YDdiUWvcfiEQ46UM/Bb01YDdiUWv"..., "-goversion", "go1.27.0", "-c=4", "-nolocalimports", "-importcfg", "/tmp/go-build1141159733/b025/imp"..., "-pack", "/opt/hostedtoolcache/go/1.27.0/a"..., "/opt/hostedtoolcache/go/1.27.0/a"..., "/opt/hostedtoolcache/go/1.27.0/a"...], 0x727b411c0488 /* 140 vars */ <unfinished ...>
8404  <... clone resumed>, parent_tid=[15]) = 8574
8574  <... execve resumed>)             = 0
8563  exit_group(0)                     = ?
8568  +++ exited with 0 +++
8567  +++ exited with 0 +++
8565  +++ exited with 0 +++
8404  waitid(P_PIDFD, 15,  <unfinished ...>
8566  +++ exited with 0 +++
8563  +++ exited with 0 +++
8483  --- SIGCHLD {si_signo=SIGCHLD, si_code=CLD_EXITED, si_pid=8563, si_uid=1001, si_status=0, si_utime=0, si_stime=0} ---
8400  <... waitid resumed>{si_signo=SIGCHLD, si_code=CLD_EXITED, si_pid=8563, si_uid=1001, si_status=0, si_utime=0, si_stime=0}, WEXITED, {ru_utime={tv_sec=0, tv_usec=838}, ru_stime={tv_sec=0, tv_usec=6710}, ...}) = 0
8483  clone(child_stack=NULL, flags=CLONE_VM|CLONE_PIDFD|CLONE_VFORK|SIGCHLD <unfinished ...>
8406  clone(child_stack=NULL, flags=CLONE_VM|CLONE_PIDFD|CLONE_VFORK|SIGCHLD <unfinished ...>
8575  execve("/opt/hostedtoolcache/go/1.27.0/arm64/pkg/tool/linux_arm64/asm", ["/opt/hostedtoolcache/go/1.27.0/a"..., "-p", "internal/bytealg", "-trimpath", "/tmp/go-build1141159733/b010=>", "-I", "/tmp/go-build1141159733/b010/", "-I", "/opt/hostedtoolcache/go/1.27.0/a"..., "-D", "GOOS_linux", "-D", "GOARCH_arm64", "-std", "-o", "/tmp/go-build1141159733/b010/equ"..., "/opt/hostedtoolcache/go/1.27.0/a"...], 0x727b414f2008 /* 140 vars */ <unfinished ...>
8483  <... clone resumed>, parent_tid=[16]) = 8575
8575  <... execve resumed>)             = 0
8576  execve("/opt/hostedtoolcache/go/1.27.0/arm64/pkg/tool/linux_arm64/compile", ["/opt/hostedtoolcache/go/1.27.0/a"..., "-o", "/tmp/go-build1141159733/b022/_pk"..., "-trimpath", "/tmp/go-build1141159733/b022=>", "-p", "internal/strconv", "-lang=go1.27", "-std", "-complete", "-buildid", "f_fG663AouQm87VJrElI/f_fG663AouQ"..., "-goversion", "go1.27.0", "-c=4", "-nolocalimports", "-importcfg", "/tmp/go-build1141159733/b022/imp"..., "-pack", "/opt/hostedtoolcache/go/1.27.0/a"..., "/opt/hostedtoolcache/go/1.27.0/a"..., "/opt/hostedtoolcache/go/1.27.0/a"..., "/opt/hostedtoolcache/go/1.27.0/a"..., "/opt/hostedtoolcache/go/1.27.0/a"..., "/opt/hostedtoolcache/go/1.27.0/a"..., "/opt/hostedtoolcache/go/1.27.0/a"..., "/opt/hostedtoolcache/go/1.27.0/a"..., "/opt/hostedtoolcache/go/1.27.0/a"..., "/opt/hostedtoolcache/go/1.27.0/a"..., "/opt/hostedtoolcache/go/1.27.0/a"...], 0x727b41416908 /* 140 vars */ <unfinished ...>
8406  <... clone resumed>, parent_tid=[22]) = 8576
8576  <... execve resumed>)             = 0
8406  waitid(P_PIDFD, 22,  <unfinished ...>
8483  waitid(P_PIDFD, 16,  <unfinished ...>
8574  clone(child_stack=0x479cc8db2000, flags=CLONE_VM|CLONE_FS|CLONE_FILES|CLONE_SIGHAND|CLONE_THREAD|CLONE_SYSVSEM) = 8577
8574  clone(child_stack=0x479cc8dea000, flags=CLONE_VM|CLONE_FS|CLONE_FILES|CLONE_SIGHAND|CLONE_THREAD|CLONE_SYSVSEM) = 8578
8577  tgkill(8574, 8574, SIGURG)        = 0
8574  clone(child_stack=0x479cc8de6000, flags=CLONE_VM|CLONE_FS|CLONE_FILES|CLONE_SIGHAND|CLONE_THREAD|CLONE_SYSVSEM) = 8579
8574  --- SIGURG {si_signo=SIGURG, si_code=SI_TKILL, si_pid=8574, si_uid=1001} ---
8578  clone(child_stack=0x479cc8e18000, flags=CLONE_VM|CLONE_FS|CLONE_FILES|CLONE_SIGHAND|CLONE_THREAD|CLONE_SYSVSEM) = 8580
8569  tgkill(8564, 8570, SIGURG <unfinished ...>
8570  --- SIGURG {si_signo=SIGURG, si_code=SI_TKILL, si_pid=8564, si_uid=1001} ---
8569  <... tgkill resumed>)             = 0
8575  clone(child_stack=0x3ad797e48000, flags=CLONE_VM|CLONE_FS|CLONE_FILES|CLONE_SIGHAND|CLONE_THREAD|CLONE_SYSVSEM) = 8581
8575  clone(child_stack=0x3ad797e80000, flags=CLONE_VM|CLONE_FS|CLONE_FILES|CLONE_SIGHAND|CLONE_THREAD|CLONE_SYSVSEM) = 8582
8575  clone(child_stack=0x3ad797e7c000, flags=CLONE_VM|CLONE_FS|CLONE_FILES|CLONE_SIGHAND|CLONE_THREAD|CLONE_SYSVSEM) = 8583
8576  clone(child_stack=0x4d56340d2000, flags=CLONE_VM|CLONE_FS|CLONE_FILES|CLONE_SIGHAND|CLONE_THREAD|CLONE_SYSVSEM) = 8584
8582  clone(child_stack=0x3ad797f18000, flags=CLONE_VM|CLONE_FS|CLONE_FILES|CLONE_SIGHAND|CLONE_THREAD|CLONE_SYSVSEM) = 8585
8576  clone(child_stack=0x4d563410a000, flags=CLONE_VM|CLONE_FS|CLONE_FILES|CLONE_SIGHAND|CLONE_THREAD|CLONE_SYSVSEM <unfinished ...>
8584  tgkill(8576, 8576, SIGURG)        = 0
8576  <... clone resumed>)              = 8586
8576  --- SIGURG {si_signo=SIGURG, si_code=SI_TKILL, si_pid=8576, si_uid=1001} ---
8576  clone(child_stack=0x4d5634106000, flags=CLONE_VM|CLONE_FS|CLONE_FILES|CLONE_SIGHAND|CLONE_THREAD|CLONE_SYSVSEM) = 8587
8586  clone(child_stack=0x4d5634198000, flags=CLONE_VM|CLONE_FS|CLONE_FILES|CLONE_SIGHAND|CLONE_THREAD|CLONE_SYSVSEM <unfinished ...>
8581  tgkill(8575, 8575, SIGURG)        = 0
8586  <... clone resumed>)              = 8588
8575  --- SIGURG {si_signo=SIGURG, si_code=SI_TKILL, si_pid=8575, si_uid=1001} ---
8585  exit_group(0)                     = ?
8585  +++ exited with 0 +++
8583  +++ exited with 0 +++
8581  +++ exited with 0 +++
8582  +++ exited with 0 +++
8575  +++ exited with 0 +++
8400  --- SIGCHLD {si_signo=SIGCHLD, si_code=CLD_EXITED, si_pid=8575, si_uid=1001, si_status=0, si_utime=0, si_stime=0} ---
8483  <... waitid resumed>{si_signo=SIGCHLD, si_code=CLD_EXITED, si_pid=8575, si_uid=1001, si_status=0, si_utime=0, si_stime=0}, WEXITED, {ru_utime={tv_sec=0, tv_usec=1768}, ru_stime={tv_sec=0, tv_usec=5305}, ...}) = 0
8483  clone(child_stack=NULL, flags=CLONE_VM|CLONE_PIDFD|CLONE_VFORK|SIGCHLD <unfinished ...>
8579  exit_group(0)                     = ?
8580  +++ exited with 0 +++
8579  +++ exited with 0 +++
8577  +++ exited with 0 +++
8578  +++ exited with 0 +++
8574  +++ exited with 0 +++
8404  <... waitid resumed>{si_signo=SIGCHLD, si_code=CLD_EXITED, si_pid=8574, si_uid=1001, si_status=0, si_utime=0, si_stime=0}, WEXITED, {ru_utime={tv_sec=0, tv_usec=7329}, ru_stime={tv_sec=0, tv_usec=6413}, ...}) = 0
8400  --- SIGCHLD {si_signo=SIGCHLD, si_code=CLD_EXITED, si_pid=8574, si_uid=1001, si_status=0, si_utime=0, si_stime=0} ---
8564  exit_group(0)                     = ?
8570  +++ exited with 0 +++
8572  +++ exited with 0 +++
8571  +++ exited with 0 +++
8569  +++ exited with 0 +++
8589  execve("/opt/hostedtoolcache/go/1.27.0/arm64/pkg/tool/linux_arm64/asm", ["/opt/hostedtoolcache/go/1.27.0/a"..., "-p", "internal/bytealg", "-trimpath", "/tmp/go-build1141159733/b010=>", "-I", "/tmp/go-build1141159733/b010/", "-I", "/opt/hostedtoolcache/go/1.27.0/a"..., "-D", "GOOS_linux", "-D", "GOARCH_arm64", "-std", "-o", "/tmp/go-build1141159733/b010/ind"..., "/opt/hostedtoolcache/go/1.27.0/a"...], 0x727b414f2488 /* 140 vars */ <unfinished ...>
8573  +++ exited with 0 +++
8564  +++ exited with 0 +++
8400  --- SIGCHLD {si_signo=SIGCHLD, si_code=CLD_EXITED, si_pid=8564, si_uid=1001, si_status=0, si_utime=3 /* 0.03 s */, si_stime=0} ---
8405  <... waitid resumed>{si_signo=SIGCHLD, si_code=CLD_EXITED, si_pid=8564, si_uid=1001, si_status=0, si_utime=0, si_stime=0}, WEXITED, {ru_utime={tv_sec=0, tv_usec=32875}, ru_stime={tv_sec=0, tv_usec=7423}, ...}) = 0
8483  <... clone resumed>, parent_tid=[14]) = 8589
8589  <... execve resumed>)             = 0
8483  waitid(P_PIDFD, 14,  <unfinished ...>
8405  clone(child_stack=NULL, flags=CLONE_VM|CLONE_PIDFD|CLONE_VFORK|SIGCHLD <unfinished ...>
8590  execve("/opt/hostedtoolcache/go/1.27.0/arm64/pkg/tool/linux_arm64/asm", ["/opt/hostedtoolcache/go/1.27.0/a"..., "-p", "internal/runtime/atomic", "-trimpath", "/tmp/go-build1141159733/b019=>", "-I", "/tmp/go-build1141159733/b019/", "-I", "/opt/hostedtoolcache/go/1.27.0/a"..., "-D", "GOOS_linux", "-D", "GOARCH_arm64", "-std", "-o", "/tmp/go-build1141159733/b019/ato"..., "/opt/hostedtoolcache/go/1.27.0/a"...], 0x727b411c0908 /* 140 vars */ <unfinished ...>
8405  <... clone resumed>, parent_tid=[16]) = 8590
8590  <... execve resumed>)             = 0
8405  waitid(P_PIDFD, 16,  <unfinished ...>
8589  clone(child_stack=0xdca8162e000, flags=CLONE_VM|CLONE_FS|CLONE_FILES|CLONE_SIGHAND|CLONE_THREAD|CLONE_SYSVSEM) = 8591
8589  clone(child_stack=0xdca81666000, flags=CLONE_VM|CLONE_FS|CLONE_FILES|CLONE_SIGHAND|CLONE_THREAD|CLONE_SYSVSEM) = 8592
8591  tgkill(8589, 8589, SIGURG)        = 0
8589  --- SIGURG {si_signo=SIGURG, si_code=SI_TKILL, si_pid=8589, si_uid=1001} ---
8591  tgkill(8589, 8589, SIGURG)        = 0
8589  clone(child_stack=0xdca81662000, flags=CLONE_VM|CLONE_FS|CLONE_FILES|CLONE_SIGHAND|CLONE_THREAD|CLONE_SYSVSEM) = 8593
8400  clone(child_stack=NULL, flags=CLONE_VM|CLONE_PIDFD|CLONE_VFORK|SIGCHLD <unfinished ...>
8589  --- SIGURG {si_signo=SIGURG, si_code=SI_TKILL, si_pid=8589, si_uid=1001} ---
8592  clone(child_stack=0xdca81698000, flags=CLONE_VM|CLONE_FS|CLONE_FILES|CLONE_SIGHAND|CLONE_THREAD|CLONE_SYSVSEM) = 8595
8590  clone(child_stack=0x660215156000, flags=CLONE_VM|CLONE_FS|CLONE_FILES|CLONE_SIGHAND|CLONE_THREAD|CLONE_SYSVSEM) = 8596
8594  execve("/opt/hostedtoolcache/go/1.27.0/arm64/pkg/tool/linux_arm64/asm", ["/opt/hostedtoolcache/go/1.27.0/a"..., "-p", "internal/runtime/sys", "-trimpath", "/tmp/go-build1141159733/b027=>", "-I", "/tmp/go-build1141159733/b027/", "-I", "/opt/hostedtoolcache/go/1.27.0/a"..., "-D", "GOOS_linux", "-D", "GOARCH_arm64", "-std", "-gensymabis", "-o", "/tmp/go-build1141159733/b027/sym"..., "/opt/hostedtoolcache/go/1.27.0/a"..., "/opt/hostedtoolcache/go/1.27.0/a"...], 0x727b41417688 /* 140 vars */ <unfinished ...>
8590  clone(child_stack=0x660215190000, flags=CLONE_VM|CLONE_FS|CLONE_FILES|CLONE_SIGHAND|CLONE_THREAD|CLONE_SYSVSEM) = 8597
8400  <... clone resumed>, parent_tid=[15]) = 8594
8594  <... execve resumed>)             = 0
8590  clone(child_stack=0x66021518c000, flags=CLONE_VM|CLONE_FS|CLONE_FILES|CLONE_SIGHAND|CLONE_THREAD|CLONE_SYSVSEM <unfinished ...>
8596  tgkill(8590, 8590, SIGURG)        = 0
8590  <... clone resumed>)              = 8598
8590  --- SIGURG {si_signo=SIGURG, si_code=SI_TKILL, si_pid=8590, si_uid=1001} ---
8400  waitid(P_PIDFD, 15,  <unfinished ...>
8597  clone(child_stack=0x660215218000, flags=CLONE_VM|CLONE_FS|CLONE_FILES|CLONE_SIGHAND|CLONE_THREAD|CLONE_SYSVSEM) = 8599
8584  tgkill(8576, 8586, SIGURG)        = 0
8586  --- SIGURG {si_signo=SIGURG, si_code=SI_TKILL, si_pid=8576, si_uid=1001} ---
8590  exit_group(0)                     = ?
8589  exit_group(0 <unfinished ...>
8598  +++ exited with 0 +++
8599  +++ exited with 0 +++
8597  +++ exited with 0 +++
8596  +++ exited with 0 +++
8589  <... exit_group resumed>)         = ?
8595  +++ exited with 0 +++
8591  +++ exited with 0 +++
8592  +++ exited with 0 +++
8590  +++ exited with 0 +++
8404  --- SIGCHLD {si_signo=SIGCHLD, si_code=CLD_EXITED, si_pid=8590, si_uid=1001, si_status=0, si_utime=0, si_stime=0} ---
8593  +++ exited with 0 +++
8589  +++ exited with 0 +++
8483  <... waitid resumed>{si_signo=SIGCHLD, si_code=CLD_EXITED, si_pid=8589, si_uid=1001, si_status=0, si_utime=0, si_stime=0}, WEXITED, {ru_utime={tv_sec=0, tv_usec=1969}, ru_stime={tv_sec=0, tv_usec=5907}, ...}) = 0
8404  --- SIGCHLD {si_signo=SIGCHLD, si_code=CLD_EXITED, si_pid=8589, si_uid=1001, si_status=0, si_utime=0, si_stime=0} ---
8405  <... waitid resumed>{si_signo=SIGCHLD, si_code=CLD_EXITED, si_pid=8590, si_uid=1001, si_status=0, si_utime=0, si_stime=0}, WEXITED, {ru_utime={tv_sec=0, tv_usec=4756}, ru_stime={tv_sec=0, tv_usec=2378}, ...}) = 0
8594  clone(child_stack=0x5766b2312000, flags=CLONE_VM|CLONE_FS|CLONE_FILES|CLONE_SIGHAND|CLONE_THREAD|CLONE_SYSVSEM) = 8600
8594  clone(child_stack=0x5766b234a000, flags=CLONE_VM|CLONE_FS|CLONE_FILES|CLONE_SIGHAND|CLONE_THREAD|CLONE_SYSVSEM) = 8601
8594  clone(child_stack=0x5766b2346000, flags=CLONE_VM|CLONE_FS|CLONE_FILES|CLONE_SIGHAND|CLONE_THREAD|CLONE_SYSVSEM) = 8602
8601  clone(child_stack=0x5766b2398000, flags=CLONE_VM|CLONE_FS|CLONE_FILES|CLONE_SIGHAND|CLONE_THREAD|CLONE_SYSVSEM <unfinished ...>
8483  clone(child_stack=NULL, flags=CLONE_VM|CLONE_PIDFD|CLONE_VFORK|SIGCHLD <unfinished ...>
8601  <... clone resumed>)              = 8603
8600  tgkill(8594, 8594, SIGURG)        = 0
8594  --- SIGURG {si_signo=SIGURG, si_code=SI_TKILL, si_pid=8594, si_uid=1001} ---
8604  execve("/opt/hostedtoolcache/go/1.27.0/arm64/pkg/tool/linux_arm64/asm", ["/opt/hostedtoolcache/go/1.27.0/a"..., "-p", "internal/bytealg", "-trimpath", "/tmp/go-build1141159733/b010=>", "-I", "/tmp/go-build1141159733/b010/", "-I", "/opt/hostedtoolcache/go/1.27.0/a"..., "-D", "GOOS_linux", "-D", "GOARCH_arm64", "-std", "-o", "/tmp/go-build1141159733/b010/ind"..., "/opt/hostedtoolcache/go/1.27.0/a"...], 0x727b414f2908 /* 140 vars */ <unfinished ...>
8483  <... clone resumed>, parent_tid=[16]) = 8604
8604  <... execve resumed>)             = 0
8483  waitid(P_PIDFD, 16,  <unfinished ...>
8405  tgkill(8400, 8403, SIGURG)        = 0
8403  --- SIGURG {si_signo=SIGURG, si_code=SI_TKILL, si_pid=8400, si_uid=1001} ---
8405  tgkill(8400, 8402, SIGURG)        = 0
8402  --- SIGURG {si_signo=SIGURG, si_code=SI_TKILL, si_pid=8400, si_uid=1001} ---
8405  tgkill(8400, 8404, SIGURG)        = 0
8404  --- SIGURG {si_signo=SIGURG, si_code=SI_TKILL, si_pid=8400, si_uid=1001} ---
8594  exit_group(0)                     = ?
8600  +++ exited with 0 +++
8603  +++ exited with 0 +++
8602  +++ exited with 0 +++
8601  +++ exited with 0 +++
8594  +++ exited with 0 +++
8404  --- SIGCHLD {si_signo=SIGCHLD, si_code=CLD_EXITED, si_pid=8594, si_uid=1001, si_status=0, si_utime=0, si_stime=0} ---
8400  <... waitid resumed>{si_signo=SIGCHLD, si_code=CLD_EXITED, si_pid=8594, si_uid=1001, si_status=0, si_utime=0, si_stime=0}, WEXITED, {ru_utime={tv_sec=0, tv_usec=0}, ru_stime={tv_sec=0, tv_usec=6454}, ...}) = 0
8405  tgkill(8400, 8404, SIGURG)        = 0
8404  --- SIGURG {si_signo=SIGURG, si_code=SI_TKILL, si_pid=8400, si_uid=1001} ---
8405  tgkill(8400, 8404, SIGURG)        = 0
8404  --- SIGURG {si_signo=SIGURG, si_code=SI_TKILL, si_pid=8400, si_uid=1001} ---
8404  clone(child_stack=NULL, flags=CLONE_VM|CLONE_PIDFD|CLONE_VFORK|SIGCHLD <unfinished ...>
8604  clone(child_stack=0x2b2346e40000, flags=CLONE_VM|CLONE_FS|CLONE_FILES|CLONE_SIGHAND|CLONE_THREAD|CLONE_SYSVSEM) = 8606
8604  clone(child_stack=0x2b2346e78000, flags=CLONE_VM|CLONE_FS|CLONE_FILES|CLONE_SIGHAND|CLONE_THREAD|CLONE_SYSVSEM) = 8607
8604  clone(child_stack=0x2b2346e74000, flags=CLONE_VM|CLONE_FS|CLONE_FILES|CLONE_SIGHAND|CLONE_THREAD|CLONE_SYSVSEM) = 8608
8607  clone(child_stack=0x2b2346f18000, flags=CLONE_VM|CLONE_FS|CLONE_FILES|CLONE_SIGHAND|CLONE_THREAD|CLONE_SYSVSEM) = 8609
8400  clone(child_stack=NULL, flags=CLONE_VM|CLONE_PIDFD|CLONE_VFORK|SIGCHLD <unfinished ...>
8605  execve("/opt/hostedtoolcache/go/1.27.0/arm64/pkg/tool/linux_arm64/compile", ["/opt/hostedtoolcache/go/1.27.0/a"..., "-o", "/tmp/go-build1141159733/b027/_pk"..., "-trimpath", "/tmp/go-build1141159733/b027=>", "-p", "internal/runtime/sys", "-lang=go1.27", "-std", "-buildid", "hb5lYIXQrhdvyuACA4Zm/hb5lYIXQrhd"..., "-goversion", "go1.27.0", "-symabis", "/tmp/go-build1141159733/b027/sym"..., "-c=4", "-nolocalimports", "-importcfg", "/tmp/go-build1141159733/b027/imp"..., "-pack", "-asmhdr", "/tmp/go-build1141159733/b027/go_"..., "/opt/hostedtoolcache/go/1.27.0/a"..., "/opt/hostedtoolcache/go/1.27.0/a"..., "/opt/hostedtoolcache/go/1.27.0/a"..., "/opt/hostedtoolcache/go/1.27.0/a"..., "/opt/hostedtoolcache/go/1.27.0/a"..., "/opt/hostedtoolcache/go/1.27.0/a"..., "/opt/hostedtoolcache/go/1.27.0/a"...], 0x727b411c0488 /* 140 vars */ <unfinished ...>
8404  <... clone resumed>, parent_tid=[14]) = 8605
8605  <... execve resumed>)             = 0
8610  execve("/opt/hostedtoolcache/go/1.27.0/arm64/pkg/tool/linux_arm64/compile", ["/opt/hostedtoolcache/go/1.27.0/a"..., "-o", "/tmp/go-build1141159733/b024/_pk"..., "-trimpath", "/tmp/go-build1141159733/b024=>", "-p", "internal/runtime/exithook", "-lang=go1.27", "-std", "-complete", "-buildid", "L-6vrqnwTTLYdhpnv_4g/L-6vrqnwTTL"..., "-goversion", "go1.27.0", "-c=4", "-nolocalimports", "-importcfg", "/tmp/go-build1141159733/b024/imp"..., "-pack", "/opt/hostedtoolcache/go/1.27.0/a"...], 0x727b414f2008 /* 140 vars */ <unfinished ...>
8400  <... clone resumed>, parent_tid=[21]) = 8610
8610  <... execve resumed>)             = 0
8404  waitid(P_PIDFD, 14,  <unfinished ...>
8400  waitid(P_PIDFD, 21,  <unfinished ...>
8584  tgkill(8576, 8586, SIGURG)        = 0
8586  --- SIGURG {si_signo=SIGURG, si_code=SI_TKILL, si_pid=8576, si_uid=1001} ---
8604  exit_group(0)                     = ?
8609  +++ exited with 0 +++
8608  +++ exited with 0 +++
8606  +++ exited with 0 +++
8607  +++ exited with 0 +++
8604  +++ exited with 0 +++
8482  --- SIGCHLD {si_signo=SIGCHLD, si_code=CLD_EXITED, si_pid=8604, si_uid=1001, si_status=0, si_utime=0, si_stime=0} ---
8483  <... waitid resumed>{si_signo=SIGCHLD, si_code=CLD_EXITED, si_pid=8604, si_uid=1001, si_status=0, si_utime=0, si_stime=0}, WEXITED, {ru_utime={tv_sec=0, tv_usec=673}, ru_stime={tv_sec=0, tv_usec=6057}, ...}) = 0
8610  clone(child_stack=0x71c0106a8000, flags=CLONE_VM|CLONE_FS|CLONE_FILES|CLONE_SIGHAND|CLONE_THREAD|CLONE_SYSVSEM) = 8611
8611  tgkill(8610, 8610, SIGURG)        = 0
8605  clone(child_stack=0x46bcb699a000, flags=CLONE_VM|CLONE_FS|CLONE_FILES|CLONE_SIGHAND|CLONE_THREAD|CLONE_SYSVSEM) = 8612
8605  clone(child_stack=0x46bcb69d2000, flags=CLONE_VM|CLONE_FS|CLONE_FILES|CLONE_SIGHAND|CLONE_THREAD|CLONE_SYSVSEM <unfinished ...>
8612  tgkill(8605, 8605, SIGURG)        = 0
8610  clone(child_stack=0x71c0106e0000, flags=CLONE_VM|CLONE_FS|CLONE_FILES|CLONE_SIGHAND|CLONE_THREAD|CLONE_SYSVSEM) = 8614
8610  --- SIGURG {si_signo=SIGURG, si_code=SI_TKILL, si_pid=8610, si_uid=1001} ---
8610  clone(child_stack=0x71c0106dc000, flags=CLONE_VM|CLONE_FS|CLONE_FILES|CLONE_SIGHAND|CLONE_THREAD|CLONE_SYSVSEM) = 8615
8605  <... clone resumed>)              = 8613
8613  clone(child_stack=0x46bcb69ce000, flags=CLONE_VM|CLONE_FS|CLONE_FILES|CLONE_SIGHAND|CLONE_THREAD|CLONE_SYSVSEM) = 8616
8605  --- SIGURG {si_signo=SIGURG, si_code=SI_TKILL, si_pid=8605, si_uid=1001} ---
8605  clone(child_stack=0x46bcb69ee000, flags=CLONE_VM|CLONE_FS|CLONE_FILES|CLONE_SIGHAND|CLONE_THREAD|CLONE_SYSVSEM) = 8617
8584  tgkill(8576, 8576, SIGURG)        = 0
8614  clone(child_stack=0x71c010718000, flags=CLONE_VM|CLONE_FS|CLONE_FILES|CLONE_SIGHAND|CLONE_THREAD|CLONE_SYSVSEM) = 8618
8401  tgkill(8400, 8483, SIGURG)        = 0
8483  --- SIGURG {si_signo=SIGURG, si_code=SI_TKILL, si_pid=8400, si_uid=1001} ---
8405  clone(child_stack=NULL, flags=CLONE_VM|CLONE_PIDFD|CLONE_VFORK|SIGCHLD <unfinished ...>
8576  --- SIGURG {si_signo=SIGURG, si_code=SI_TKILL, si_pid=8576, si_uid=1001} ---
8619  execve("/opt/hostedtoolcache/go/1.27.0/arm64/pkg/tool/linux_arm64/compile", ["/opt/hostedtoolcache/go/1.27.0/a"..., "-o", "/tmp/go-build1141159733/b029/_pk"..., "-trimpath", "/tmp/go-build1141159733/b029=>", "-p", "internal/asan", "-lang=go1.27", "-std", "-complete", "-buildid", "Snahoii3H7aBXR6VnsVl/Snahoii3H7a"..., "-goversion", "go1.27.0", "-c=4", "-nolocalimports", "-importcfg", "/tmp/go-build1141159733/b029/imp"..., "-pack", "/opt/hostedtoolcache/go/1.27.0/a"..., "/opt/hostedtoolcache/go/1.27.0/a"...], 0x727b411c0908 /* 140 vars */ <unfinished ...>
8405  <... clone resumed>, parent_tid=[13]) = 8619
8619  <... execve resumed>)             = 0
8405  waitid(P_PIDFD, 13,  <unfinished ...>
8619  clone(child_stack=0x7b4685c12000, flags=CLONE_VM|CLONE_FS|CLONE_FILES|CLONE_SIGHAND|CLONE_THREAD|CLONE_SYSVSEM) = 8620
8619  clone(child_stack=0x7b4685c4a000, flags=CLONE_VM|CLONE_FS|CLONE_FILES|CLONE_SIGHAND|CLONE_THREAD|CLONE_SYSVSEM) = 8621
8619  clone(child_stack=0x7b4685c46000, flags=CLONE_VM|CLONE_FS|CLONE_FILES|CLONE_SIGHAND|CLONE_THREAD|CLONE_SYSVSEM) = 8622
8584  tgkill(8576, 8588, SIGURG)        = 0
8588  --- SIGURG {si_signo=SIGURG, si_code=SI_TKILL, si_pid=8576, si_uid=1001} ---
8584  tgkill(8576, 8586, SIGURG)        = 0
8586  --- SIGURG {si_signo=SIGURG, si_code=SI_TKILL, si_pid=8576, si_uid=1001} ---
8584  tgkill(8576, 8587, SIGURG)        = 0
8587  --- SIGURG {si_signo=SIGURG, si_code=SI_TKILL, si_pid=8576, si_uid=1001} ---
8619  clone(child_stack=0x7b4685c98000, flags=CLONE_VM|CLONE_FS|CLONE_FILES|CLONE_SIGHAND|CLONE_THREAD|CLONE_SYSVSEM) = 8623
8611  tgkill(8610, 8610, SIGURG)        = 0
8610  --- SIGURG {si_signo=SIGURG, si_code=SI_TKILL, si_pid=8610, si_uid=1001} ---
8584  tgkill(8576, 8576, SIGURG)        = 0
8576  --- SIGURG {si_signo=SIGURG, si_code=SI_TKILL, si_pid=8576, si_uid=1001} ---
8612  tgkill(8605, 8613, SIGURG)        = 0
8613  --- SIGURG {si_signo=SIGURG, si_code=SI_TKILL, si_pid=8605, si_uid=1001} ---
8612  tgkill(8605, 8613, SIGURG)        = 0
8613  --- SIGURG {si_signo=SIGURG, si_code=SI_TKILL, si_pid=8605, si_uid=1001} ---
8621  exit_group(0)                     = ?
8623  +++ exited with 0 +++
8620  +++ exited with 0 +++
8622  +++ exited with 0 +++
8621  +++ exited with 0 +++
8619  +++ exited with 0 +++
8405  <... waitid resumed>{si_signo=SIGCHLD, si_code=CLD_EXITED, si_pid=8619, si_uid=1001, si_status=0, si_utime=0, si_stime=0}, WEXITED, {ru_utime={tv_sec=0, tv_usec=5627}, ru_stime={tv_sec=0, tv_usec=4823}, ...}) = 0
8405  --- SIGCHLD {si_signo=SIGCHLD, si_code=CLD_EXITED, si_pid=8619, si_uid=1001, si_status=0, si_utime=0, si_stime=0} ---
8614  exit_group(0)                     = ?
8618  +++ exited with 0 +++
8615  +++ exited with 0 +++
8614  +++ exited with 0 +++
8611  +++ exited with 0 +++
8605  exit_group(0)                     = ?
8616  +++ exited with 0 +++
8612  +++ exited with 0 +++
8617  +++ exited with 0 +++
8613  +++ exited with 0 +++
8610  +++ exited with 0 +++
8400  <... waitid resumed>{si_signo=SIGCHLD, si_code=CLD_EXITED, si_pid=8610, si_uid=1001, si_status=0, si_utime=0, si_stime=0}, WEXITED, {ru_utime={tv_sec=0, tv_usec=5196}, ru_stime={tv_sec=0, tv_usec=11431}, ...}) = 0
8405  --- SIGCHLD {si_signo=SIGCHLD, si_code=CLD_EXITED, si_pid=8610, si_uid=1001, si_status=0, si_utime=0, si_stime=1 /* 0.01 s */} ---
8605  +++ exited with 0 +++
8405  --- SIGCHLD {si_signo=SIGCHLD, si_code=CLD_EXITED, si_pid=8605, si_uid=1001, si_status=0, si_utime=0, si_stime=0} ---
8404  <... waitid resumed>{si_signo=SIGCHLD, si_code=CLD_EXITED, si_pid=8605, si_uid=1001, si_status=0, si_utime=0, si_stime=0}, WEXITED, {ru_utime={tv_sec=0, tv_usec=9919}, ru_stime={tv_sec=0, tv_usec=11336}, ...}) = 0
8400  clone(child_stack=NULL, flags=CLONE_VM|CLONE_PIDFD|CLONE_VFORK|SIGCHLD <unfinished ...>
8588  exit_group(0)                     = ?
8588  +++ exited with 0 +++
8584  +++ exited with 0 +++
8587  +++ exited with 0 +++
8624  execve("/opt/hostedtoolcache/go/1.27.0/arm64/pkg/tool/linux_arm64/asm", ["/opt/hostedtoolcache/go/1.27.0/a"..., "-p", "internal/runtime/sys", "-trimpath", "/tmp/go-build1141159733/b027=>", "-I", "/tmp/go-build1141159733/b027/", "-I", "/opt/hostedtoolcache/go/1.27.0/a"..., "-D", "GOOS_linux", "-D", "GOARCH_arm64", "-std", "-o", "/tmp/go-build1141159733/b027/dit"..., "/opt/hostedtoolcache/go/1.27.0/a"...], 0x727b414f2488 /* 140 vars */ <unfinished ...>
8400  <... clone resumed>, parent_tid=[14]) = 8624
8624  <... execve resumed>)             = 0
8400  waitid(P_PIDFD, 14,  <unfinished ...>
8482  clone(child_stack=NULL, flags=CLONE_VM|CLONE_PIDFD|CLONE_VFORK|SIGCHLD <unfinished ...>
8625  execve("/opt/hostedtoolcache/go/1.27.0/arm64/pkg/tool/linux_arm64/compile", ["/opt/hostedtoolcache/go/1.27.0/a"..., "-o", "/tmp/go-build1141159733/b030/_pk"..., "-trimpath", "/tmp/go-build1141159733/b030=>", "-p", "internal/msan", "-lang=go1.27", "-std", "-complete", "-buildid", "SalpvnYs6FblIFmlJqe1/SalpvnYs6Fb"..., "-goversion", "go1.27.0", "-c=4", "-nolocalimports", "-importcfg", "/tmp/go-build1141159733/b030/imp"..., "-pack", "/opt/hostedtoolcache/go/1.27.0/a"..., "/opt/hostedtoolcache/go/1.27.0/a"...], 0x727b41416908 /* 140 vars */ <unfinished ...>
8482  <... clone resumed>, parent_tid=[12]) = 8625
8625  <... execve resumed>)             = 0
8482  waitid(P_PIDFD, 12,  <unfinished ...>
8586  +++ exited with 0 +++
8576  +++ exited with 0 +++
8406  <... waitid resumed>{si_signo=SIGCHLD, si_code=CLD_EXITED, si_pid=8576, si_uid=1001, si_status=0, si_utime=0, si_stime=0}, WEXITED, {ru_utime={tv_sec=0, tv_usec=99625}, ru_stime={tv_sec=0, tv_usec=25139}, ...}) = 0
8404  --- SIGCHLD {si_signo=SIGCHLD, si_code=CLD_EXITED, si_pid=8576, si_uid=1001, si_status=0, si_utime=10 /* 0.10 s */, si_stime=2 /* 0.02 s */} ---
8405  clone(child_stack=NULL, flags=CLONE_VM|CLONE_PIDFD|CLONE_VFORK|SIGCHLD <unfinished ...>
8626  execve("/opt/hostedtoolcache/go/1.27.0/arm64/pkg/tool/linux_arm64/compile", ["/opt/hostedtoolcache/go/1.27.0/a"..., "-o", "/tmp/go-build1141159733/b031/_pk"..., "-trimpath", "/tmp/go-build1141159733/b031=>", "-p", "internal/race", "-lang=go1.27", "-std", "-complete", "-buildid", "LM_jpfbmgh_qCeAVD4lm/LM_jpfbmgh_"..., "-goversion", "go1.27.0", "-c=4", "-nolocalimports", "-importcfg", "/tmp/go-build1141159733/b031/imp"..., "-pack", "/opt/hostedtoolcache/go/1.27.0/a"..., "/opt/hostedtoolcache/go/1.27.0/a"...], 0x727b412f4908 /* 140 vars */ <unfinished ...>
8405  <... clone resumed>, parent_tid=[17]) = 8626
8626  <... execve resumed>)             = 0
8405  waitid(P_PIDFD, 17,  <unfinished ...>
8624  clone(child_stack=0x7320d71fa000, flags=CLONE_VM|CLONE_FS|CLONE_FILES|CLONE_SIGHAND|CLONE_THREAD|CLONE_SYSVSEM) = 8627
8624  clone(child_stack=0x7320d7232000, flags=CLONE_VM|CLONE_FS|CLONE_FILES|CLONE_SIGHAND|CLONE_THREAD|CLONE_SYSVSEM <unfinished ...>
8627  tgkill(8624, 8624, SIGURG)        = 0
8624  <... clone resumed>)              = 8628
8624  --- SIGURG {si_signo=SIGURG, si_code=SI_TKILL, si_pid=8624, si_uid=1001} ---
8627  tgkill(8624, 8624, SIGURG)        = 0
8624  --- SIGURG {si_signo=SIGURG, si_code=SI_TKILL, si_pid=8624, si_uid=1001} ---
8624  clone(child_stack=0x7320d722e000, flags=CLONE_VM|CLONE_FS|CLONE_FILES|CLONE_SIGHAND|CLONE_THREAD|CLONE_SYSVSEM) = 8629
8628  clone(child_stack=0x7320d7298000, flags=CLONE_VM|CLONE_FS|CLONE_FILES|CLONE_SIGHAND|CLONE_THREAD|CLONE_SYSVSEM) = 8630
8628  clone(child_stack=0x7320d7294000, flags=CLONE_VM|CLONE_FS|CLONE_FILES|CLONE_SIGHAND|CLONE_THREAD|CLONE_SYSVSEM) = 8631
8625  clone(child_stack=0x45a00ceb4000, flags=CLONE_VM|CLONE_FS|CLONE_FILES|CLONE_SIGHAND|CLONE_THREAD|CLONE_SYSVSEM) = 8632
8625  clone(child_stack=0x45a00ceec000, flags=CLONE_VM|CLONE_FS|CLONE_FILES|CLONE_SIGHAND|CLONE_THREAD|CLONE_SYSVSEM) = 8633
8632  tgkill(8625, 8625, SIGURG <unfinished ...>
8625  clone(child_stack=0x45a00cee8000, flags=CLONE_VM|CLONE_FS|CLONE_FILES|CLONE_SIGHAND|CLONE_THREAD|CLONE_SYSVSEM <unfinished ...>
8632  <... tgkill resumed>)             = 0
8625  <... clone resumed>)              = 8634
8625  --- SIGURG {si_signo=SIGURG, si_code=SI_TKILL, si_pid=8625, si_uid=1001} ---
8633  clone(child_stack=0x45a00cf18000, flags=CLONE_VM|CLONE_FS|CLONE_FILES|CLONE_SIGHAND|CLONE_THREAD|CLONE_SYSVSEM) = 8635
8633  clone(child_stack=0x45a00cf14000, flags=CLONE_VM|CLONE_FS|CLONE_FILES|CLONE_SIGHAND|CLONE_THREAD|CLONE_SYSVSEM) = 8636
8626  clone(child_stack=0x160d65b9c000, flags=CLONE_VM|CLONE_FS|CLONE_FILES|CLONE_SIGHAND|CLONE_THREAD|CLONE_SYSVSEM <unfinished ...>
8624  exit_group(0)                     = ?
8630  +++ exited with 0 +++
8628  +++ exited with 0 +++
8626  <... clone resumed>)              = 8637
8631  +++ exited with 0 +++
8626  clone(child_stack=0x160d65bd4000, flags=CLONE_VM|CLONE_FS|CLONE_FILES|CLONE_SIGHAND|CLONE_THREAD|CLONE_SYSVSEM) = 8638
8629  +++ exited with 0 +++
8627  +++ exited with 0 +++
8624  +++ exited with 0 +++
8406  --- SIGCHLD {si_signo=SIGCHLD, si_code=CLD_EXITED, si_pid=8624, si_uid=1001, si_status=0, si_utime=0, si_stime=0} ---
8637  tgkill(8626, 8626, SIGURG <unfinished ...>
8400  <... waitid resumed>{si_signo=SIGCHLD, si_code=CLD_EXITED, si_pid=8624, si_uid=1001, si_status=0, si_utime=0, si_stime=0}, WEXITED, {ru_utime={tv_sec=0, tv_usec=2500}, ru_stime={tv_sec=0, tv_usec=4166}, ...}) = 0
8637  <... tgkill resumed>)             = 0
8626  clone(child_stack=0x160d65bd0000, flags=CLONE_VM|CLONE_FS|CLONE_FILES|CLONE_SIGHAND|CLONE_THREAD|CLONE_SYSVSEM) = 8639
8626  --- SIGURG {si_signo=SIGURG, si_code=SI_TKILL, si_pid=8626, si_uid=1001} ---
8404  clone(child_stack=NULL, flags=CLONE_VM|CLONE_PIDFD|CLONE_VFORK|SIGCHLD <unfinished ...>
8638  clone(child_stack=0x160d65c18000, flags=CLONE_VM|CLONE_FS|CLONE_FILES|CLONE_SIGHAND|CLONE_THREAD|CLONE_SYSVSEM) = 8641
8626  clone(child_stack=0x160d65c14000, flags=CLONE_VM|CLONE_FS|CLONE_FILES|CLONE_SIGHAND|CLONE_THREAD|CLONE_SYSVSEM) = 8642
8406  clone(child_stack=NULL, flags=CLONE_VM|CLONE_PIDFD|CLONE_VFORK|SIGCHLD <unfinished ...>
8643  execve("/opt/hostedtoolcache/go/1.27.0/arm64/pkg/tool/linux_arm64/asm", ["/opt/hostedtoolcache/go/1.27.0/a"..., "-p", "internal/runtime/sys", "-trimpath", "/tmp/go-build1141159733/b027=>", "-I", "/tmp/go-build1141159733/b027/", "-I", "/opt/hostedtoolcache/go/1.27.0/a"..., "-D", "GOOS_linux", "-D", "GOARCH_arm64", "-std", "-o", "/tmp/go-build1141159733/b027/emp"..., "/opt/hostedtoolcache/go/1.27.0/a"...], 0x727b41416908 /* 140 vars */ <unfinished ...>
8406  <... clone resumed>, parent_tid=[22]) = 8643
8643  <... execve resumed>)             = 0
8406  waitid(P_PIDFD, 22,  <unfinished ...>
8640  execve("/opt/hostedtoolcache/go/1.27.0/arm64/pkg/tool/linux_arm64/compile", ["/opt/hostedtoolcache/go/1.27.0/a"..., "-o", "/tmp/go-build1141159733/b020/_pk"..., "-trimpath", "/tmp/go-build1141159733/b020=>", "-p", "internal/runtime/cgroup", "-lang=go1.27", "-std", "-complete", "-buildid", "-5oXMvpvNUitWArimBbV/-5oXMvpvNUi"..., "-goversion", "go1.27.0", "-c=4", "-nolocalimports", "-importcfg", "/tmp/go-build1141159733/b020/imp"..., "-pack", "/opt/hostedtoolcache/go/1.27.0/a"..., "/opt/hostedtoolcache/go/1.27.0/a"..., "/opt/hostedtoolcache/go/1.27.0/a"..., "/opt/hostedtoolcache/go/1.27.0/a"...], 0x727b414f2008 /* 140 vars */) = 0
8404  <... clone resumed>, parent_tid=[15]) = 8640
8404  waitid(P_PIDFD, 15,  <unfinished ...>
8633  exit_group(0)                     = ?
8635  +++ exited with 0 +++
8633  +++ exited with 0 +++
8632  +++ exited with 0 +++
8634  +++ exited with 0 +++
8643  clone(child_stack=0x7e0c897f0000, flags=CLONE_VM|CLONE_FS|CLONE_FILES|CLONE_SIGHAND|CLONE_THREAD|CLONE_SYSVSEM) = 8644
8643  clone(child_stack=0x7e0c89828000, flags=CLONE_VM|CLONE_FS|CLONE_FILES|CLONE_SIGHAND|CLONE_THREAD|CLONE_SYSVSEM) = 8645
8643  clone(child_stack=0x7e0c89824000, flags=CLONE_VM|CLONE_FS|CLONE_FILES|CLONE_SIGHAND|CLONE_THREAD|CLONE_SYSVSEM) = 8646
8645  clone(child_stack=0x7e0c89898000, flags=CLONE_VM|CLONE_FS|CLONE_FILES|CLONE_SIGHAND|CLONE_THREAD|CLONE_SYSVSEM <unfinished ...>
8636  +++ exited with 0 +++
8625  +++ exited with 0 +++
8482  <... waitid resumed>{si_signo=SIGCHLD, si_code=CLD_EXITED, si_pid=8625, si_uid=1001, si_status=0, si_utime=0, si_stime=0}, WEXITED, {ru_utime={tv_sec=0, tv_usec=5778}, ru_stime={tv_sec=0, tv_usec=7705}, ...}) = 0
8645  <... clone resumed>)              = 8647
8482  --- SIGCHLD {si_signo=SIGCHLD, si_code=CLD_EXITED, si_pid=8625, si_uid=1001, si_status=0, si_utime=0, si_stime=0} ---
8640  clone(child_stack=0x1cf90790a000, flags=CLONE_VM|CLONE_FS|CLONE_FILES|CLONE_SIGHAND|CLONE_THREAD|CLONE_SYSVSEM) = 8648
8648  tgkill(8640, 8640, SIGURG)        = 0
8640  --- SIGURG {si_signo=SIGURG, si_code=SI_TKILL, si_pid=8640, si_uid=1001} ---
8640  clone(child_stack=0x1cf907942000, flags=CLONE_VM|CLONE_FS|CLONE_FILES|CLONE_SIGHAND|CLONE_THREAD|CLONE_SYSVSEM) = 8649
8640  clone(child_stack=0x1cf90793e000, flags=CLONE_VM|CLONE_FS|CLONE_FILES|CLONE_SIGHAND|CLONE_THREAD|CLONE_SYSVSEM) = 8650
8649  clone(child_stack=0x1cf907998000, flags=CLONE_VM|CLONE_FS|CLONE_FILES|CLONE_SIGHAND|CLONE_THREAD|CLONE_SYSVSEM) = 8651
8651  clone(child_stack=0x1cf907994000, flags=CLONE_VM|CLONE_FS|CLONE_FILES|CLONE_SIGHAND|CLONE_THREAD|CLONE_SYSVSEM) = 8652
8643  exit_group(0)                     = ?
8647  +++ exited with 0 +++
8646  +++ exited with 0 +++
8644  +++ exited with 0 +++
8639  exit_group(0)                     = ?
8639  +++ exited with 0 +++
8638  +++ exited with 0 +++
8642  +++ exited with 0 +++
8637  +++ exited with 0 +++
8645  +++ exited with 0 +++
8643  +++ exited with 0 +++
8406  <... waitid resumed>{si_signo=SIGCHLD, si_code=CLD_EXITED, si_pid=8643, si_uid=1001, si_status=0, si_utime=0, si_stime=0}, WEXITED, {ru_utime={tv_sec=0, tv_usec=2032}, ru_stime={tv_sec=0, tv_usec=3388}, ...}) = 0
8482  --- SIGCHLD {si_signo=SIGCHLD, si_code=CLD_EXITED, si_pid=8643, si_uid=1001, si_status=0, si_utime=0, si_stime=0} ---
8641  +++ exited with 0 +++
8626  +++ exited with 0 +++
8405  <... waitid resumed>{si_signo=SIGCHLD, si_code=CLD_EXITED, si_pid=8626, si_uid=1001, si_status=0, si_utime=0, si_stime=0}, WEXITED, {ru_utime={tv_sec=0, tv_usec=9187}, ru_stime={tv_sec=0, tv_usec=5512}, ...}) = 0
8400  --- SIGCHLD {si_signo=SIGCHLD, si_code=CLD_EXITED, si_pid=8626, si_uid=1001, si_status=0, si_utime=1 /* 0.01 s */, si_stime=0} ---
8400  clone(child_stack=NULL, flags=CLONE_VM|CLONE_PIDFD|CLONE_VFORK|SIGCHLD <unfinished ...>
8653  execve("/opt/hostedtoolcache/go/1.27.0/arm64/pkg/tool/linux_arm64/compile", ["/opt/hostedtoolcache/go/1.27.0/a"..., "-o", "/tmp/go-build1141159733/b032/_pk"..., "-trimpath", "/tmp/go-build1141159733/b032=>", "-p", "internal/runtime/math", "-lang=go1.27", "-std", "-complete", "-buildid", "Rl5bQFERfBHM5Kv1jXzG/Rl5bQFERfBH"..., "-goversion", "go1.27.0", "-c=4", "-nolocalimports", "-importcfg", "/tmp/go-build1141159733/b032/imp"..., "-pack", "/opt/hostedtoolcache/go/1.27.0/a"...], 0x727b414f2488 /* 140 vars */ <unfinished ...>
8400  <... clone resumed>, parent_tid=[17]) = 8653
8653  <... execve resumed>)             = 0
8400  waitid(P_PIDFD, 17,  <unfinished ...>
8406  clone(child_stack=NULL, flags=CLONE_VM|CLONE_PIDFD|CLONE_VFORK|SIGCHLD <unfinished ...>
8654  execve("/opt/hostedtoolcache/go/1.27.0/arm64/pkg/tool/linux_arm64/compile", ["/opt/hostedtoolcache/go/1.27.0/a"..., "-o", "/tmp/go-build1141159733/b033/_pk"..., "-trimpath", "/tmp/go-build1141159733/b033=>", "-p", "internal/runtime/pprof/label", "-lang=go1.27", "-std", "-complete", "-buildid", "Eg8N_MxFqku91gGqShHx/Eg8N_MxFqku"..., "-goversion", "go1.27.0", "-c=4", "-nolocalimports", "-importcfg", "/tmp/go-build1141159733/b033/imp"..., "-pack", "/opt/hostedtoolcache/go/1.27.0/a"...], 0x727b412f4908 /* 140 vars */ <unfinished ...>
8406  <... clone resumed>, parent_tid=[16]) = 8654
8654  <... execve resumed>)             = 0
8406  waitid(P_PIDFD, 16,  <unfinished ...>
8482  clone(child_stack=NULL, flags=CLONE_VM|CLONE_PIDFD|CLONE_VFORK|SIGCHLD <unfinished ...>
8653  clone(child_stack=0x6917dba6a000, flags=CLONE_VM|CLONE_FS|CLONE_FILES|CLONE_SIGHAND|CLONE_THREAD|CLONE_SYSVSEM) = 8656
8653  clone(child_stack=0x6917dbaa2000, flags=CLONE_VM|CLONE_FS|CLONE_FILES|CLONE_SIGHAND|CLONE_THREAD|CLONE_SYSVSEM) = 8657
8653  clone(child_stack=0x6917dba9e000, flags=CLONE_VM|CLONE_FS|CLONE_FILES|CLONE_SIGHAND|CLONE_THREAD|CLONE_SYSVSEM) = 8658
8656  tgkill(8653, 8653, SIGURG)        = 0
8648  tgkill(8640, 8651, SIGURG <unfinished ...>
8653  --- SIGURG {si_signo=SIGURG, si_code=SI_TKILL, si_pid=8653, si_uid=1001} ---
8651  --- SIGURG {si_signo=SIGURG, si_code=SI_TKILL, si_pid=8640, si_uid=1001} ---
8648  <... tgkill resumed>)             = 0
8657  clone(child_stack=0x6917dbb18000, flags=CLONE_VM|CLONE_FS|CLONE_FILES|CLONE_SIGHAND|CLONE_THREAD|CLONE_SYSVSEM) = 8659
8655  execve("/opt/hostedtoolcache/go/1.27.0/arm64/pkg/tool/linux_arm64/compile", ["/opt/hostedtoolcache/go/1.27.0/a"..., "-o", "/tmp/go-build1141159733/b026/_pk"..., "-trimpath", "/tmp/go-build1141159733/b026=>", "-p", "internal/runtime/gc/scan", "-lang=go1.27", "-std", "-complete", "-buildid", "7N6iVycJuk80ivyeeBlj/7N6iVycJuk8"..., "-goversion", "go1.27.0", "-c=4", "-nolocalimports", "-importcfg", "/tmp/go-build1141159733/b026/imp"..., "-pack", "/opt/hostedtoolcache/go/1.27.0/a"..., "/opt/hostedtoolcache/go/1.27.0/a"..., "/opt/hostedtoolcache/go/1.27.0/a"..., "/opt/hostedtoolcache/go/1.27.0/a"..., "/opt/hostedtoolcache/go/1.27.0/a"...], 0x727b41417688 /* 140 vars */ <unfinished ...>
8482  <... clone resumed>, parent_tid=[18]) = 8655
8655  <... execve resumed>)             = 0
8482  waitid(P_PIDFD, 18,  <unfinished ...>
8654  clone(child_stack=0x3443a560000, flags=CLONE_VM|CLONE_FS|CLONE_FILES|CLONE_SIGHAND|CLONE_THREAD|CLONE_SYSVSEM <unfinished ...>
8656  tgkill(8653, 8653, SIGURG)        = 0
8653  --- SIGURG {si_signo=SIGURG, si_code=SI_TKILL, si_pid=8653, si_uid=1001} ---
8654  <... clone resumed>)              = 8660
8654  clone(child_stack=0x3443a598000, flags=CLONE_VM|CLONE_FS|CLONE_FILES|CLONE_SIGHAND|CLONE_THREAD|CLONE_SYSVSEM) = 8661
8660  tgkill(8654, 8654, SIGURG)        = 0
8654  --- SIGURG {si_signo=SIGURG, si_code=SI_TKILL, si_pid=8654, si_uid=1001} ---
8654  clone(child_stack=0x3443a594000, flags=CLONE_VM|CLONE_FS|CLONE_FILES|CLONE_SIGHAND|CLONE_THREAD|CLONE_SYSVSEM) = 8662
8661  clone(child_stack=0x3443a618000, flags=CLONE_VM|CLONE_FS|CLONE_FILES|CLONE_SIGHAND|CLONE_THREAD|CLONE_SYSVSEM) = 8663
8653  exit_group(0 <unfinished ...>
8656  ???( <unfinished ...>
8653  <... exit_group resumed>)         = ?
8659  +++ exited with 0 +++
8658  +++ exited with 0 +++
8657  +++ exited with 0 +++
8656  +++ exited with 0 +++
8653  +++ exited with 0 +++
8400  <... waitid resumed>{si_signo=SIGCHLD, si_code=CLD_EXITED, si_pid=8653, si_uid=1001, si_status=0, si_utime=0, si_stime=0}, WEXITED, {ru_utime={tv_sec=0, tv_usec=4254}, ru_stime={tv_sec=0, tv_usec=8508}, ...}) = 0
8405  --- SIGCHLD {si_signo=SIGCHLD, si_code=CLD_EXITED, si_pid=8653, si_uid=1001, si_status=0, si_utime=0, si_stime=0} ---
8650  exit_group(0)                     = ?
8651  +++ exited with 0 +++
8648  +++ exited with 0 +++
8650  +++ exited with 0 +++
8649  +++ exited with 0 +++
8652  +++ exited with 0 +++
8640  +++ exited with 0 +++
8400  --- SIGCHLD {si_signo=SIGCHLD, si_code=CLD_EXITED, si_pid=8640, si_uid=1001, si_status=0, si_utime=3 /* 0.03 s */, si_stime=1 /* 0.01 s */} ---
8404  <... waitid resumed>{si_signo=SIGCHLD, si_code=CLD_EXITED, si_pid=8640, si_uid=1001, si_status=0, si_utime=0, si_stime=0}, WEXITED, {ru_utime={tv_sec=0, tv_usec=29149}, ru_stime={tv_sec=0, tv_usec=12631}, ...}) = 0
8655  clone(child_stack=0x76f479f8c000, flags=CLONE_VM|CLONE_FS|CLONE_FILES|CLONE_SIGHAND|CLONE_THREAD|CLONE_SYSVSEM) = 8664
8655  clone(child_stack=0x76f479fc4000, flags=CLONE_VM|CLONE_FS|CLONE_FILES|CLONE_SIGHAND|CLONE_THREAD|CLONE_SYSVSEM) = 8665
8664  tgkill(8655, 8655, SIGURG)        = 0
8655  clone(child_stack=0x76f479fc0000, flags=CLONE_VM|CLONE_FS|CLONE_FILES|CLONE_SIGHAND|CLONE_THREAD|CLONE_SYSVSEM) = 8666
8655  --- SIGURG {si_signo=SIGURG, si_code=SI_TKILL, si_pid=8655, si_uid=1001} ---
8665  clone(child_stack=0x76f47a018000, flags=CLONE_VM|CLONE_FS|CLONE_FILES|CLONE_SIGHAND|CLONE_THREAD|CLONE_SYSVSEM) = 8667
8660  tgkill(8654, 8654, SIGURG)        = 0
8654  --- SIGURG {si_signo=SIGURG, si_code=SI_TKILL, si_pid=8654, si_uid=1001} ---
8664  clone(child_stack=0x76f479fde000, flags=CLONE_VM|CLONE_FS|CLONE_FILES|CLONE_SIGHAND|CLONE_THREAD|CLONE_SYSVSEM) = 8668
8663  exit_group(0)                     = ?
8663  +++ exited with 0 +++
8661  +++ exited with 0 +++
8662  +++ exited with 0 +++
8660  +++ exited with 0 +++
8654  +++ exited with 0 +++
8406  <... waitid resumed>{si_signo=SIGCHLD, si_code=CLD_EXITED, si_pid=8654, si_uid=1001, si_status=0, si_utime=0, si_stime=0}, WEXITED, {ru_utime={tv_sec=0, tv_usec=5810}, ru_stime={tv_sec=0, tv_usec=6972}, ...}) = 0
8404  --- SIGCHLD {si_signo=SIGCHLD, si_code=CLD_EXITED, si_pid=8654, si_uid=1001, si_status=0, si_utime=0, si_stime=0} ---
8400  clone(child_stack=NULL, flags=CLONE_VM|CLONE_PIDFD|CLONE_VFORK|SIGCHLD <unfinished ...>
8669  execve("/opt/hostedtoolcache/go/1.27.0/arm64/pkg/tool/linux_arm64/compile", ["/opt/hostedtoolcache/go/1.27.0/a"..., "-o", "/tmp/go-build1141159733/b034/_pk"..., "-trimpath", "/tmp/go-build1141159733/b034=>", "-p", "internal/stringslite", "-lang=go1.27", "-std", "-complete", "-buildid", "0N5wFt4fbj0ov3472Cb5/0N5wFt4fbj0"..., "-goversion", "go1.27.0", "-c=4", "-nolocalimports", "-importcfg", "/tmp/go-build1141159733/b034/imp"..., "-pack", "/opt/hostedtoolcache/go/1.27.0/a"...], 0x727b41416908 /* 140 vars */ <unfinished ...>
8400  <... clone resumed>, parent_tid=[11]) = 8669
8669  <... execve resumed>)             = 0
8403  clone(child_stack=NULL, flags=CLONE_VM|CLONE_PIDFD|CLONE_VFORK|SIGCHLD <unfinished ...>
8400  waitid(P_PIDFD, 11,  <unfinished ...>
8670  execve("/opt/hostedtoolcache/go/1.27.0/arm64/pkg/tool/linux_arm64/asm", ["/opt/hostedtoolcache/go/1.27.0/a"..., "-p", "internal/runtime/maps", "-trimpath", "/tmp/go-build1141159733/b028=>", "-I", "/tmp/go-build1141159733/b028/", "-I", "/opt/hostedtoolcache/go/1.27.0/a"..., "-D", "GOOS_linux", "-D", "GOARCH_arm64", "-std", "-gensymabis", "-o", "/tmp/go-build1141159733/b028/sym"..., "/opt/hostedtoolcache/go/1.27.0/a"...], 0x727b414f2008 /* 140 vars */ <unfinished ...>
8403  <... clone resumed>, parent_tid=[13]) = 8670
8670  <... execve resumed>)             = 0
8403  waitid(P_PIDFD, 13,  <unfinished ...>
8404  clone(child_stack=NULL, flags=CLONE_VM|CLONE_PIDFD|CLONE_VFORK|SIGCHLD <unfinished ...>
8667  exit_group(0)                     = ?
8667  +++ exited with 0 +++
8666  +++ exited with 0 +++
8665  +++ exited with 0 +++
8668  +++ exited with 0 +++
8671  execve("/opt/hostedtoolcache/go/1.27.0/arm64/pkg/tool/linux_arm64/compile", ["/opt/hostedtoolcache/go/1.27.0/a"..., "-o", "/tmp/go-build1141159733/b035/_pk"..., "-trimpath", "/tmp/go-build1141159733/b035=>", "-p", "internal/trace/tracev2", "-lang=go1.27", "-std", "-complete", "-buildid", "9X1Bi1Su5X82KuPg6t5X/9X1Bi1Su5X8"..., "-goversion", "go1.27.0", "-c=4", "-nolocalimports", "-importcfg", "/tmp/go-build1141159733/b035/imp"..., "-pack", "/opt/hostedtoolcache/go/1.27.0/a"..., "/opt/hostedtoolcache/go/1.27.0/a"..., "/opt/hostedtoolcache/go/1.27.0/a"...], 0x727b412f4908 /* 140 vars */ <unfinished ...>
8664  +++ exited with 0 +++
8655  +++ exited with 0 +++
8404  <... clone resumed>, parent_tid=[16]) = 8671
8671  <... execve resumed>)             = 0
8482  <... waitid resumed>{si_signo=SIGCHLD, si_code=CLD_EXITED, si_pid=8655, si_uid=1001, si_status=0, si_utime=0, si_stime=0}, WEXITED, {ru_utime={tv_sec=0, tv_usec=13971}, ru_stime={tv_sec=0, tv_usec=9605}, ...}) = 0
8406  --- SIGCHLD {si_signo=SIGCHLD, si_code=CLD_EXITED, si_pid=8655, si_uid=1001, si_status=0, si_utime=1 /* 0.01 s */, si_stime=1 /* 0.01 s */} ---
8404  waitid(P_PIDFD, 16,  <unfinished ...>
8669  clone(child_stack=0x6afd88aac000, flags=CLONE_VM|CLONE_FS|CLONE_FILES|CLONE_SIGHAND|CLONE_THREAD|CLONE_SYSVSEM) = 8672
8669  clone(child_stack=0x6afd88ae4000, flags=CLONE_VM|CLONE_FS|CLONE_FILES|CLONE_SIGHAND|CLONE_THREAD|CLONE_SYSVSEM) = 8673
8672  tgkill(8669, 8669, SIGURG)        = 0
8669  --- SIGURG {si_signo=SIGURG, si_code=SI_TKILL, si_pid=8669, si_uid=1001} ---
8672  tgkill(8669, 8669, SIGURG)        = 0
8669  --- SIGURG {si_signo=SIGURG, si_code=SI_TKILL, si_pid=8669, si_uid=1001} ---
8669  clone(child_stack=0x6afd88ae0000, flags=CLONE_VM|CLONE_FS|CLONE_FILES|CLONE_SIGHAND|CLONE_THREAD|CLONE_SYSVSEM <unfinished ...>
8673  clone(child_stack=0x6afd88b18000, flags=CLONE_VM|CLONE_FS|CLONE_FILES|CLONE_SIGHAND|CLONE_THREAD|CLONE_SYSVSEM <unfinished ...>
8669  <... clone resumed>)              = 8674
8673  <... clone resumed>)              = 8675
8670  clone(child_stack=0x26dc93236000, flags=CLONE_VM|CLONE_FS|CLONE_FILES|CLONE_SIGHAND|CLONE_THREAD|CLONE_SYSVSEM) = 8676
8670  clone(child_stack=0x26dc9326e000, flags=CLONE_VM|CLONE_FS|CLONE_FILES|CLONE_SIGHAND|CLONE_THREAD|CLONE_SYSVSEM) = 8677
8676  tgkill(8670, 8670, SIGURG)        = 0
8670  clone(child_stack=0x26dc9326a000, flags=CLONE_VM|CLONE_FS|CLONE_FILES|CLONE_SIGHAND|CLONE_THREAD|CLONE_SYSVSEM) = 8678
8670  --- SIGURG {si_signo=SIGURG, si_code=SI_TKILL, si_pid=8670, si_uid=1001} ---
8677  clone(child_stack=0x26dc93298000, flags=CLONE_VM|CLONE_FS|CLONE_FILES|CLONE_SIGHAND|CLONE_THREAD|CLONE_SYSVSEM) = 8679
8671  clone(child_stack=0x5dd08c66c000, flags=CLONE_VM|CLONE_FS|CLONE_FILES|CLONE_SIGHAND|CLONE_THREAD|CLONE_SYSVSEM) = 8680
8671  clone(child_stack=0x5dd08c6a4000, flags=CLONE_VM|CLONE_FS|CLONE_FILES|CLONE_SIGHAND|CLONE_THREAD|CLONE_SYSVSEM) = 8681
8680  tgkill(8671, 8671, SIGURG)        = 0
8671  --- SIGURG {si_signo=SIGURG, si_code=SI_TKILL, si_pid=8671, si_uid=1001} ---
8671  clone(child_stack=0x5dd08c6a0000, flags=CLONE_VM|CLONE_FS|CLONE_FILES|CLONE_SIGHAND|CLONE_THREAD|CLONE_SYSVSEM) = 8682
8681  clone(child_stack=0x5dd08c718000, flags=CLONE_VM|CLONE_FS|CLONE_FILES|CLONE_SIGHAND|CLONE_THREAD|CLONE_SYSVSEM) = 8683
8406  clone(child_stack=NULL, flags=CLONE_VM|CLONE_PIDFD|CLONE_VFORK|SIGCHLD <unfinished ...>
8401  tgkill(8400, 8406, SIGURG)        = 0
8684  execve("/opt/hostedtoolcache/go/1.27.0/arm64/pkg/tool/linux_arm64/compile", ["/opt/hostedtoolcache/go/1.27.0/a"..., "-o", "/tmp/go-build1141159733/b037/_pk"..., "-trimpath", "/tmp/go-build1141159733/b037=>", "-p", "cmp", "-lang=go1.27", "-std", "-complete", "-buildid", "QFGCIvdatxTPzcM_mdIj/QFGCIvdatxT"..., "-goversion", "go1.27.0", "-c=4", "-nolocalimports", "-importcfg", "/tmp/go-build1141159733/b037/imp"..., "-pack", "/opt/hostedtoolcache/go/1.27.0/a"...], 0x727b411c0488 /* 140 vars */ <unfinished ...>
8406  <... clone resumed>, parent_tid=[18]) = 8684
8684  <... execve resumed>)             = 0
8406  --- SIGURG {si_signo=SIGURG, si_code=SI_TKILL, si_pid=8400, si_uid=1001} ---
8670  exit_group(0)                     = ?
8678  +++ exited with 0 +++
8676  +++ exited with 0 +++
8677  +++ exited with 0 +++
8679  +++ exited with 0 +++
8670  +++ exited with 0 +++
8483  --- SIGCHLD {si_signo=SIGCHLD, si_code=CLD_EXITED, si_pid=8670, si_uid=1001, si_status=0, si_utime=0, si_stime=0} ---
8403  <... waitid resumed>{si_signo=SIGCHLD, si_code=CLD_EXITED, si_pid=8670, si_uid=1001, si_status=0, si_utime=0, si_stime=0}, WEXITED, {ru_utime={tv_sec=0, tv_usec=3105}, ru_stime={tv_sec=0, tv_usec=4140}, ...}) = 0
8405  waitid(P_PIDFD, 18,  <unfinished ...>
8672  tgkill(8669, 8669, SIGURG)        = 0
8669  --- SIGURG {si_signo=SIGURG, si_code=SI_TKILL, si_pid=8669, si_uid=1001} ---
8482  clone(child_stack=NULL, flags=CLONE_VM|CLONE_PIDFD|CLONE_VFORK|SIGCHLD <unfinished ...>
8680  tgkill(8671, 8671, SIGURG)        = 0
8671  --- SIGURG {si_signo=SIGURG, si_code=SI_TKILL, si_pid=8671, si_uid=1001} ---
8685  execve("/opt/hostedtoolcache/go/1.27.0/arm64/pkg/tool/linux_arm64/compile", ["/opt/hostedtoolcache/go/1.27.0/a"..., "-o", "/tmp/go-build1141159733/b028/_pk"..., "-trimpath", "/tmp/go-build1141159733/b028=>", "-p", "internal/runtime/maps", "-lang=go1.27", "-std", "-buildid", "VWf-lF96smOc6_-4t8NZ/VWf-lF96smO"..., "-goversion", "go1.27.0", "-symabis", "/tmp/go-build1141159733/b028/sym"..., "-c=4", "-nolocalimports", "-importcfg", "/tmp/go-build1141159733/b028/imp"..., "-pack", "-asmhdr", "/tmp/go-build1141159733/b028/go_"..., "/opt/hostedtoolcache/go/1.27.0/a"..., "/opt/hostedtoolcache/go/1.27.0/a"..., "/opt/hostedtoolcache/go/1.27.0/a"..., "/opt/hostedtoolcache/go/1.27.0/a"..., "/opt/hostedtoolcache/go/1.27.0/a"..., "/opt/hostedtoolcache/go/1.27.0/a"..., "/opt/hostedtoolcache/go/1.27.0/a"..., "/opt/hostedtoolcache/go/1.27.0/a"..., "/opt/hostedtoolcache/go/1.27.0/a"..., "/opt/hostedtoolcache/go/1.27.0/a"..., ...], 0x727b411c0d88 /* 140 vars */ <unfinished ...>
8482  <... clone resumed>, parent_tid=[17]) = 8685
8685  <... execve resumed>)             = 0
8675  exit_group(0)                     = ?
8675  +++ exited with 0 +++
8673  +++ exited with 0 +++
8672  +++ exited with 0 +++
8674  +++ exited with 0 +++
8669  +++ exited with 0 +++
8400  <... waitid resumed>{si_signo=SIGCHLD, si_code=CLD_EXITED, si_pid=8669, si_uid=1001, si_status=0, si_utime=0, si_stime=0}, WEXITED, {ru_utime={tv_sec=0, tv_usec=17854}, ru_stime={tv_sec=0, tv_usec=4761}, ...}) = 0
8482  --- SIGCHLD {si_signo=SIGCHLD, si_code=CLD_EXITED, si_pid=8669, si_uid=1001, si_status=0, si_utime=1 /* 0.01 s */, si_stime=0} ---
8482  waitid(P_PIDFD, 17,  <unfinished ...>
8684  clone(child_stack=0x132dca988000, flags=CLONE_VM|CLONE_FS|CLONE_FILES|CLONE_SIGHAND|CLONE_THREAD|CLONE_SYSVSEM) = 8686
8684  clone(child_stack=0x132dca9c0000, flags=CLONE_VM|CLONE_FS|CLONE_FILES|CLONE_SIGHAND|CLONE_THREAD|CLONE_SYSVSEM) = 8687
8684  clone(child_stack=0x132dca9bc000, flags=CLONE_VM|CLONE_FS|CLONE_FILES|CLONE_SIGHAND|CLONE_THREAD|CLONE_SYSVSEM) = 8688
8687  clone(child_stack=0x132dcaa18000, flags=CLONE_VM|CLONE_FS|CLONE_FILES|CLONE_SIGHAND|CLONE_THREAD|CLONE_SYSVSEM) = 8689
8685  clone(child_stack=0x365ddfd2000, flags=CLONE_VM|CLONE_FS|CLONE_FILES|CLONE_SIGHAND|CLONE_THREAD|CLONE_SYSVSEM) = 8690
8690  tgkill(8685, 8685, SIGURG)        = 0
8685  clone(child_stack=0x365de00a000, flags=CLONE_VM|CLONE_FS|CLONE_FILES|CLONE_SIGHAND|CLONE_THREAD|CLONE_SYSVSEM) = 8691
8685  --- SIGURG {si_signo=SIGURG, si_code=SI_TKILL, si_pid=8685, si_uid=1001} ---
8685  clone(child_stack=0x365de006000, flags=CLONE_VM|CLONE_FS|CLONE_FILES|CLONE_SIGHAND|CLONE_THREAD|CLONE_SYSVSEM) = 8692
8691  clone(child_stack=0x365de098000, flags=CLONE_VM|CLONE_FS|CLONE_FILES|CLONE_SIGHAND|CLONE_THREAD|CLONE_SYSVSEM) = 8693
8671  exit_group(0)                     = ?
8683  +++ exited with 0 +++
8682  +++ exited with 0 +++
8680  +++ exited with 0 +++
8681  +++ exited with 0 +++
8671  +++ exited with 0 +++
8404  <... waitid resumed>{si_signo=SIGCHLD, si_code=CLD_EXITED, si_pid=8671, si_uid=1001, si_status=0, si_utime=0, si_stime=0}, WEXITED, {ru_utime={tv_sec=0, tv_usec=11732}, ru_stime={tv_sec=0, tv_usec=10429}, ...}) = 0
8400  --- SIGCHLD {si_signo=SIGCHLD, si_code=CLD_EXITED, si_pid=8671, si_uid=1001, si_status=0, si_utime=0, si_stime=0} ---
8684  exit_group(0)                     = ?
8687  +++ exited with 0 +++
8686  +++ exited with 0 +++
8403  tgkill(8400, 8400, SIGURG)        = 0
8400  --- SIGURG {si_signo=SIGURG, si_code=SI_TKILL, si_pid=8400, si_uid=1001} ---
8403  tgkill(8400, 8483, SIGURG <unfinished ...>
8688  +++ exited with 0 +++
8403  <... tgkill resumed>)             = 0
8483  --- SIGURG {si_signo=SIGURG, si_code=SI_TKILL, si_pid=8400, si_uid=1001} ---
8689  +++ exited with 0 +++
8684  +++ exited with 0 +++
8483  --- SIGCHLD {si_signo=SIGCHLD, si_code=CLD_EXITED, si_pid=8684, si_uid=1001, si_status=0, si_utime=0, si_stime=0} ---
8405  <... waitid resumed>{si_signo=SIGCHLD, si_code=CLD_EXITED, si_pid=8684, si_uid=1001, si_status=0, si_utime=0, si_stime=0}, WEXITED, {ru_utime={tv_sec=0, tv_usec=4150}, ru_stime={tv_sec=0, tv_usec=7263}, ...}) = 0
8402  clone(child_stack=NULL, flags=CLONE_VM|CLONE_PIDFD|CLONE_VFORK|SIGCHLD <unfinished ...>
8403  clone(child_stack=NULL, flags=CLONE_VM|CLONE_PIDFD|CLONE_VFORK|SIGCHLD <unfinished ...>
8694  execve("/opt/hostedtoolcache/go/1.27.0/arm64/pkg/tool/linux_arm64/compile", ["/opt/hostedtoolcache/go/1.27.0/a"..., "-o", "/tmp/go-build1141159733/b042/_pk"..., "-trimpath", "/tmp/go-build1141159733/b042=>", "-p", "unicode/utf8", "-lang=go1.27", "-std", "-complete", "-buildid", "sPxOZI8mvJlFH6SPYQTK/sPxOZI8mvJl"..., "-goversion", "go1.27.0", "-c=4", "-nolocalimports", "-importcfg", "/tmp/go-build1141159733/b042/imp"..., "-pack", "/opt/hostedtoolcache/go/1.27.0/a"...], 0x727b411c0488 /* 140 vars */ <unfinished ...>
8402  <... clone resumed>, parent_tid=[7]) = 8694
8694  <... execve resumed>)             = 0
8401  tgkill(8400, 8403, SIGURG)        = 0
8695  execve("/opt/hostedtoolcache/go/1.27.0/arm64/pkg/tool/linux_arm64/asm", ["/opt/hostedtoolcache/go/1.27.0/a"..., "-p", "sync/atomic", "-trimpath", "/tmp/go-build1141159733/b045=>", "-I", "/tmp/go-build1141159733/b045/", "-I", "/opt/hostedtoolcache/go/1.27.0/a"..., "-D", "GOOS_linux", "-D", "GOARCH_arm64", "-std", "-gensymabis", "-o", "/tmp/go-build1141159733/b045/sym"..., "/opt/hostedtoolcache/go/1.27.0/a"...], 0x727b412f4908 /* 140 vars */ <unfinished ...>
8403  <... clone resumed>, parent_tid=[8]) = 8695
8695  <... execve resumed>)             = 0
8403  --- SIGURG {si_signo=SIGURG, si_code=SI_TKILL, si_pid=8400, si_uid=1001} ---
8402  waitid(P_PIDFD, 7,  <unfinished ...>
8403  waitid(P_PIDFD, 8,  <unfinished ...>
8694  clone(child_stack=0x54a1895ae000, flags=CLONE_VM|CLONE_FS|CLONE_FILES|CLONE_SIGHAND|CLONE_THREAD|CLONE_SYSVSEM) = 8696
8694  clone(child_stack=0x54a1895e6000, flags=CLONE_VM|CLONE_FS|CLONE_FILES|CLONE_SIGHAND|CLONE_THREAD|CLONE_SYSVSEM) = 8697
8694  clone(child_stack=0x54a1895e2000, flags=CLONE_VM|CLONE_FS|CLONE_FILES|CLONE_SIGHAND|CLONE_THREAD|CLONE_SYSVSEM) = 8698
8697  clone(child_stack=0x54a189618000, flags=CLONE_VM|CLONE_FS|CLONE_FILES|CLONE_SIGHAND|CLONE_THREAD|CLONE_SYSVSEM) = 8699
8695  clone(child_stack=0x7cf2af3de000, flags=CLONE_VM|CLONE_FS|CLONE_FILES|CLONE_SIGHAND|CLONE_THREAD|CLONE_SYSVSEM) = 8700
8695  clone(child_stack=0x7cf2af418000, flags=CLONE_VM|CLONE_FS|CLONE_FILES|CLONE_SIGHAND|CLONE_THREAD|CLONE_SYSVSEM) = 8701
8401  tgkill(8400, 8400, SIGURG)        = 0
8400  --- SIGURG {si_signo=SIGURG, si_code=SI_TKILL, si_pid=8400, si_uid=1001} ---
8695  clone(child_stack=0x7cf2af414000, flags=CLONE_VM|CLONE_FS|CLONE_FILES|CLONE_SIGHAND|CLONE_THREAD|CLONE_SYSVSEM) = 8702
8702  clone(child_stack=0x7cf2af458000, flags=CLONE_VM|CLONE_FS|CLONE_FILES|CLONE_SIGHAND|CLONE_THREAD|CLONE_SYSVSEM) = 8703
8483  clone(child_stack=NULL, flags=CLONE_VM|CLONE_PIDFD|CLONE_VFORK|SIGCHLD <unfinished ...>
8690  tgkill(8685, 8693, SIGURG)        = 0
8693  --- SIGURG {si_signo=SIGURG, si_code=SI_TKILL, si_pid=8685, si_uid=1001} ---
8704  execve("/opt/hostedtoolcache/go/1.27.0/arm64/pkg/tool/linux_arm64/asm", ["/opt/hostedtoolcache/go/1.27.0/a"..., "-p", "math", "-trimpath", "/tmp/go-build1141159733/b040=>", "-I", "/tmp/go-build1141159733/b040/", "-I", "/opt/hostedtoolcache/go/1.27.0/a"..., "-D", "GOOS_linux", "-D", "GOARCH_arm64", "-std", "-gensymabis", "-o", "/tmp/go-build1141159733/b040/sym"..., "/opt/hostedtoolcache/go/1.27.0/a"..., "/opt/hostedtoolcache/go/1.27.0/a"..., "/opt/hostedtoolcache/go/1.27.0/a"...], 0x727b411c0d88 /* 140 vars */ <unfinished ...>
8483  <... clone resumed>, parent_tid=[18]) = 8704
8704  <... execve resumed>)             = 0
8483  waitid(P_PIDFD, 18,  <unfinished ...>
8695  exit_group(0)                     = ?
8702  +++ exited with 0 +++
8701  +++ exited with 0 +++
8703  +++ exited with 0 +++
8700  +++ exited with 0 +++
8695  +++ exited with 0 +++
8401  --- SIGCHLD {si_signo=SIGCHLD, si_code=CLD_EXITED, si_pid=8695, si_uid=1001, si_status=0, si_utime=0, si_stime=1 /* 0.01 s */} ---
8403  <... waitid resumed>{si_signo=SIGCHLD, si_code=CLD_EXITED, si_pid=8695, si_uid=1001, si_status=0, si_utime=0, si_stime=0}, WEXITED, {ru_utime={tv_sec=0, tv_usec=0}, ru_stime={tv_sec=0, tv_usec=6311}, ...}) = 0
8696  tgkill(8694, 8694, SIGURG)        = 0
8694  --- SIGURG {si_signo=SIGURG, si_code=SI_TKILL, si_pid=8694, si_uid=1001} ---
8400  tgkill(8400, 8403, SIGURG)        = 0
8403  --- SIGURG {si_signo=SIGURG, si_code=SI_TKILL, si_pid=8400, si_uid=1001} ---
8704  clone(child_stack=0xdbffeb14000, flags=CLONE_VM|CLONE_FS|CLONE_FILES|CLONE_SIGHAND|CLONE_THREAD|CLONE_SYSVSEM) = 8705
8704  clone(child_stack=0xdbffeb4c000, flags=CLONE_VM|CLONE_FS|CLONE_FILES|CLONE_SIGHAND|CLONE_THREAD|CLONE_SYSVSEM <unfinished ...>
8705  tgkill(8704, 8704, SIGURG)        = 0
8704  <... clone resumed>)              = 8706
8704  --- SIGURG {si_signo=SIGURG, si_code=SI_TKILL, si_pid=8704, si_uid=1001} ---
8704  clone(child_stack=0xdbffeb48000, flags=CLONE_VM|CLONE_FS|CLONE_FILES|CLONE_SIGHAND|CLONE_THREAD|CLONE_SYSVSEM <unfinished ...>
8705  tgkill(8704, 8704, SIGURG)        = 0
8704  <... clone resumed>)              = 8707
8704  --- SIGURG {si_signo=SIGURG, si_code=SI_TKILL, si_pid=8704, si_uid=1001} ---
8406  clone(child_stack=NULL, flags=CLONE_VM|CLONE_PIDFD|CLONE_VFORK|SIGCHLD <unfinished ...>
8400  tgkill(8400, 8406, SIGURG)        = 0
8706  clone(child_stack=0xdbffeb98000, flags=CLONE_VM|CLONE_FS|CLONE_FILES|CLONE_SIGHAND|CLONE_THREAD|CLONE_SYSVSEM) = 8709
8708  execve("/opt/hostedtoolcache/go/1.27.0/arm64/pkg/tool/linux_arm64/compile", ["/opt/hostedtoolcache/go/1.27.0/a"..., "-o", "/tmp/go-build1141159733/b045/_pk"..., "-trimpath", "/tmp/go-build1141159733/b045=>", "-p", "sync/atomic", "-lang=go1.27", "-std", "-buildid", "dFZnyoPPoouU29xo2DJD/dFZnyoPPoou"..., "-goversion", "go1.27.0", "-symabis", "/tmp/go-build1141159733/b045/sym"..., "-c=4", "-nolocalimports", "-importcfg", "/tmp/go-build1141159733/b045/imp"..., "-pack", "-asmhdr", "/tmp/go-build1141159733/b045/go_"..., "/opt/hostedtoolcache/go/1.27.0/a"..., "/opt/hostedtoolcache/go/1.27.0/a"..., "/opt/hostedtoolcache/go/1.27.0/a"..., "/opt/hostedtoolcache/go/1.27.0/a"...], 0x727b411c1208 /* 140 vars */ <unfinished ...>
8406  <... clone resumed>, parent_tid=[16]) = 8708
8708  <... execve resumed>)             = 0
8406  --- SIGURG {si_signo=SIGURG, si_code=SI_TKILL, si_pid=8400, si_uid=1001} ---
8704  exit_group(0)                     = ?
8707  +++ exited with 0 +++
8706  +++ exited with 0 +++
8709  +++ exited with 0 +++
8705  +++ exited with 0 +++
8704  +++ exited with 0 +++
8405  --- SIGCHLD {si_signo=SIGCHLD, si_code=CLD_EXITED, si_pid=8704, si_uid=1001, si_status=0, si_utime=0, si_stime=0} ---
8483  <... waitid resumed>{si_signo=SIGCHLD, si_code=CLD_EXITED, si_pid=8704, si_uid=1001, si_status=0, si_utime=0, si_stime=0}, WEXITED, {ru_utime={tv_sec=0, tv_usec=1762}, ru_stime={tv_sec=0, tv_usec=4405}, ...}) = 0
8400  tgkill(8400, 8483, SIGURG)        = 0
8483  --- SIGURG {si_signo=SIGURG, si_code=SI_TKILL, si_pid=8400, si_uid=1001} ---
8400  tgkill(8400, 8403, SIGURG)        = 0
8403  --- SIGURG {si_signo=SIGURG, si_code=SI_TKILL, si_pid=8400, si_uid=1001} ---
8400  tgkill(8400, 8403, SIGURG <unfinished ...>
8403  --- SIGURG {si_signo=SIGURG, si_code=SI_TKILL, si_pid=8400, si_uid=1001} ---
8400  <... tgkill resumed>)             = 0
8406  waitid(P_PIDFD, 16,  <unfinished ...>
8401  tgkill(8400, 8400, SIGURG)        = 0
8708  clone(child_stack=0x4fd73119c000, flags=CLONE_VM|CLONE_FS|CLONE_FILES|CLONE_SIGHAND|CLONE_THREAD|CLONE_SYSVSEM) = 8710
8403  clone(child_stack=NULL, flags=CLONE_VM|CLONE_PIDFD|CLONE_VFORK|SIGCHLD <unfinished ...>
8708  clone(child_stack=0x4fd7311d4000, flags=CLONE_VM|CLONE_FS|CLONE_FILES|CLONE_SIGHAND|CLONE_THREAD|CLONE_SYSVSEM) = 8712
8400  --- SIGURG {si_signo=SIGURG, si_code=SI_TKILL, si_pid=8400, si_uid=1001} ---
8708  clone(child_stack=0x4fd7311d0000, flags=CLONE_VM|CLONE_FS|CLONE_FILES|CLONE_SIGHAND|CLONE_THREAD|CLONE_SYSVSEM) = 8713
8405  tgkill(8400, 8403, SIGURG)        = 0
8708  clone(child_stack=0x4fd7311f8000, flags=CLONE_VM|CLONE_FS|CLONE_FILES|CLONE_SIGHAND|CLONE_THREAD|CLONE_SYSVSEM) = 8714
8690  tgkill(8685, 8693, SIGURG <unfinished ...>
8712  clone(child_stack=0x4fd7311f4000, flags=CLONE_VM|CLONE_FS|CLONE_FILES|CLONE_SIGHAND|CLONE_THREAD|CLONE_SYSVSEM <unfinished ...>
8693  --- SIGURG {si_signo=SIGURG, si_code=SI_TKILL, si_pid=8685, si_uid=1001} ---
8690  <... tgkill resumed>)             = 0
8712  <... clone resumed>)              = 8715
8711  execve("/opt/hostedtoolcache/go/1.27.0/arm64/pkg/tool/linux_arm64/compile", ["/opt/hostedtoolcache/go/1.27.0/a"..., "-o", "/tmp/go-build1141159733/b040/_pk"..., "-trimpath", "/tmp/go-build1141159733/b040=>", "-p", "math", "-lang=go1.27", "-std", "-buildid", "XxnkyBnDjsRy3C3znD9Z/XxnkyBnDjsR"..., "-goversion", "go1.27.0", "-symabis", "/tmp/go-build1141159733/b040/sym"..., "-c=4", "-nolocalimports", "-importcfg", "/tmp/go-build1141159733/b040/imp"..., "-pack", "-asmhdr", "/tmp/go-build1141159733/b040/go_"..., "/opt/hostedtoolcache/go/1.27.0/a"..., "/opt/hostedtoolcache/go/1.27.0/a"..., "/opt/hostedtoolcache/go/1.27.0/a"..., "/opt/hostedtoolcache/go/1.27.0/a"..., "/opt/hostedtoolcache/go/1.27.0/a"..., "/opt/hostedtoolcache/go/1.27.0/a"..., "/opt/hostedtoolcache/go/1.27.0/a"..., "/opt/hostedtoolcache/go/1.27.0/a"..., "/opt/hostedtoolcache/go/1.27.0/a"..., "/opt/hostedtoolcache/go/1.27.0/a"..., ...], 0x727b414f2008 /* 140 vars */ <unfinished ...>
8403  <... clone resumed>, parent_tid=[8]) = 8711
8711  <... execve resumed>)             = 0
8403  --- SIGURG {si_signo=SIGURG, si_code=SI_TKILL, si_pid=8400, si_uid=1001} ---
8403  waitid(P_PIDFD, 8,  <unfinished ...>
8698  exit_group(0)                     = ?
8699  +++ exited with 0 +++
8698  +++ exited with 0 +++
8697  +++ exited with 0 +++
8696  +++ exited with 0 +++
8694  +++ exited with 0 +++
8402  <... waitid resumed>{si_signo=SIGCHLD, si_code=CLD_EXITED, si_pid=8694, si_uid=1001, si_status=0, si_utime=0, si_stime=0}, WEXITED, {ru_utime={tv_sec=0, tv_usec=29214}, ru_stime={tv_sec=0, tv_usec=8764}, ...}) = 0
8483  --- SIGCHLD {si_signo=SIGCHLD, si_code=CLD_EXITED, si_pid=8694, si_uid=1001, si_status=0, si_utime=3 /* 0.03 s */, si_stime=0} ---
8711  clone(child_stack=0x7eb1b6da000, flags=CLONE_VM|CLONE_FS|CLONE_FILES|CLONE_SIGHAND|CLONE_THREAD|CLONE_SYSVSEM) = 8716
8711  clone(child_stack=0x7eb1b712000, flags=CLONE_VM|CLONE_FS|CLONE_FILES|CLONE_SIGHAND|CLONE_THREAD|CLONE_SYSVSEM) = 8717
8711  clone(child_stack=0x7eb1b70e000, flags=CLONE_VM|CLONE_FS|CLONE_FILES|CLONE_SIGHAND|CLONE_THREAD|CLONE_SYSVSEM) = 8718
8711  clone(child_stack=0x7eb1b736000, flags=CLONE_VM|CLONE_FS|CLONE_FILES|CLONE_SIGHAND|CLONE_THREAD|CLONE_SYSVSEM) = 8719
8717  clone(child_stack=0x7eb1b732000, flags=CLONE_VM|CLONE_FS|CLONE_FILES|CLONE_SIGHAND|CLONE_THREAD|CLONE_SYSVSEM) = 8720
8483  clone(child_stack=NULL, flags=CLONE_VM|CLONE_PIDFD|CLONE_VFORK|SIGCHLD <unfinished ...>
8721  execve("/opt/hostedtoolcache/go/1.27.0/arm64/pkg/tool/linux_arm64/compile", ["/opt/hostedtoolcache/go/1.27.0/a"..., "-o", "/tmp/go-build1141159733/b046/_pk"..., "-trimpath", "/tmp/go-build1141159733/b046=>", "-p", "internal/synctest", "-lang=go1.27", "-std", "-complete", "-buildid", "3aWHADC-mzY1BOg9tLGN/3aWHADC-mzY"..., "-goversion", "go1.27.0", "-c=4", "-nolocalimports", "-importcfg", "/tmp/go-build1141159733/b046/imp"..., "-pack", "/opt/hostedtoolcache/go/1.27.0/a"...], 0x727b414f2488 /* 140 vars */ <unfinished ...>
8710  tgkill(8708, 8713, SIGURG)        = 0
8713  --- SIGURG {si_signo=SIGURG, si_code=SI_TKILL, si_pid=8708, si_uid=1001} ---
8483  <... clone resumed>, parent_tid=[15]) = 8721
8721  <... execve resumed>)             = 0
8483  waitid(P_PIDFD, 15,  <unfinished ...>
8716  clone(child_stack=0x7eb1bb9c000, flags=CLONE_VM|CLONE_FS|CLONE_FILES|CLONE_SIGHAND|CLONE_THREAD|CLONE_SYSVSEM) = 8722
8690  tgkill(8685, 8693, SIGURG)        = 0
8693  --- SIGURG {si_signo=SIGURG, si_code=SI_TKILL, si_pid=8685, si_uid=1001} ---
8721  clone(child_stack=0x3b6633078000, flags=CLONE_VM|CLONE_FS|CLONE_FILES|CLONE_SIGHAND|CLONE_THREAD|CLONE_SYSVSEM) = 8723
8721  clone(child_stack=0x3b66330b0000, flags=CLONE_VM|CLONE_FS|CLONE_FILES|CLONE_SIGHAND|CLONE_THREAD|CLONE_SYSVSEM) = 8724
8721  clone(child_stack=0x3b66330ac000, flags=CLONE_VM|CLONE_FS|CLONE_FILES|CLONE_SIGHAND|CLONE_THREAD|CLONE_SYSVSEM) = 8725
8721  clone(child_stack=0x3b66330d4000, flags=CLONE_VM|CLONE_FS|CLONE_FILES|CLONE_SIGHAND|CLONE_THREAD|CLONE_SYSVSEM) = 8726
8716  tgkill(8711, 8717, SIGURG)        = 0
8717  --- SIGURG {si_signo=SIGURG, si_code=SI_TKILL, si_pid=8711, si_uid=1001} ---
8690  tgkill(8685, 8691, SIGURG)        = 0
8691  --- SIGURG {si_signo=SIGURG, si_code=SI_TKILL, si_pid=8685, si_uid=1001} ---
8713  exit_group(0)                     = ?
8715  +++ exited with 0 +++
8714  +++ exited with 0 +++
8712  +++ exited with 0 +++
8710  +++ exited with 0 +++
8713  +++ exited with 0 +++
8708  +++ exited with 0 +++
8406  <... waitid resumed>{si_signo=SIGCHLD, si_code=CLD_EXITED, si_pid=8708, si_uid=1001, si_status=0, si_utime=0, si_stime=0}, WEXITED, {ru_utime={tv_sec=0, tv_usec=27584}, ru_stime={tv_sec=0, tv_usec=12365}, ...}) = 0
8406  --- SIGCHLD {si_signo=SIGCHLD, si_code=CLD_EXITED, si_pid=8708, si_uid=1001, si_status=0, si_utime=2 /* 0.02 s */, si_stime=1 /* 0.01 s */} ---
8402  clone(child_stack=NULL, flags=CLONE_VM|CLONE_PIDFD|CLONE_VFORK|SIGCHLD <unfinished ...>
8690  tgkill(8685, 8693, SIGURG)        = 0
8693  --- SIGURG {si_signo=SIGURG, si_code=SI_TKILL, si_pid=8685, si_uid=1001} ---
8690  tgkill(8685, 8692, SIGURG <unfinished ...>
8692  --- SIGURG {si_signo=SIGURG, si_code=SI_TKILL, si_pid=8685, si_uid=1001} ---
8690  <... tgkill resumed>)             = 0
8690  tgkill(8685, 8685, SIGURG)        = 0
8685  --- SIGURG {si_signo=SIGURG, si_code=SI_TKILL, si_pid=8685, si_uid=1001} ---
8716  tgkill(8711, 8718, SIGURG)        = 0
8401  tgkill(8400, 8402, SIGURG)        = 0
8718  --- SIGURG {si_signo=SIGURG, si_code=SI_TKILL, si_pid=8711, si_uid=1001} ---
8723  tgkill(8721, 8721, SIGURG)        = 0
8721  --- SIGURG {si_signo=SIGURG, si_code=SI_TKILL, si_pid=8721, si_uid=1001} ---
8727  execve("/opt/hostedtoolcache/go/1.27.0/arm64/pkg/tool/linux_arm64/asm", ["/opt/hostedtoolcache/go/1.27.0/a"..., "-p", "sync/atomic", "-trimpath", "/tmp/go-build1141159733/b045=>", "-I", "/tmp/go-build1141159733/b045/", "-I", "/opt/hostedtoolcache/go/1.27.0/a"..., "-D", "GOOS_linux", "-D", "GOARCH_arm64", "-std", "-o", "/tmp/go-build1141159733/b045/asm"..., "/opt/hostedtoolcache/go/1.27.0/a"...], 0x727b411c0488 /* 140 vars */ <unfinished ...>
8402  <... clone resumed>, parent_tid=[16]) = 8727
8402  --- SIGURG {si_signo=SIGURG, si_code=SI_TKILL, si_pid=8400, si_uid=1001} ---
8727  <... execve resumed>)             = 0
8405  waitid(P_PIDFD, 16,  <unfinished ...>
8690  tgkill(8685, 8691, SIGURG)        = 0
8691  --- SIGURG {si_signo=SIGURG, si_code=SI_TKILL, si_pid=8685, si_uid=1001} ---
8690  tgkill(8685, 8693, SIGURG)        = 0
8693  --- SIGURG {si_signo=SIGURG, si_code=SI_TKILL, si_pid=8685, si_uid=1001} ---
8690  tgkill(8685, 8692, SIGURG)        = 0
8692  --- SIGURG {si_signo=SIGURG, si_code=SI_TKILL, si_pid=8685, si_uid=1001} ---
8690  tgkill(8685, 8685, SIGURG)        = 0
8685  --- SIGURG {si_signo=SIGURG, si_code=SI_TKILL, si_pid=8685, si_uid=1001} ---
8723  tgkill(8721, 8721, SIGURG)        = 0
8721  --- SIGURG {si_signo=SIGURG, si_code=SI_TKILL, si_pid=8721, si_uid=1001} ---
8716  tgkill(8711, 8711, SIGURG)        = 0
8711  --- SIGURG {si_signo=SIGURG, si_code=SI_TKILL, si_pid=8711, si_uid=1001} ---
8725  exit_group(0)                     = ?
8726  +++ exited with 0 +++
8725  +++ exited with 0 +++
8724  +++ exited with 0 +++
8723  +++ exited with 0 +++
8721  +++ exited with 0 +++
8406  --- SIGCHLD {si_signo=SIGCHLD, si_code=CLD_EXITED, si_pid=8721, si_uid=1001, si_status=0, si_utime=0, si_stime=0} ---
8483  <... waitid resumed>{si_signo=SIGCHLD, si_code=CLD_EXITED, si_pid=8721, si_uid=1001, si_status=0, si_utime=0, si_stime=0}, WEXITED, {ru_utime={tv_sec=0, tv_usec=6862}, ru_stime={tv_sec=0, tv_usec=10293}, ...}) = 0
8727  clone(child_stack=0x2f792eec0000, flags=CLONE_VM|CLONE_FS|CLONE_FILES|CLONE_SIGHAND|CLONE_THREAD|CLONE_SYSVSEM) = 8728
8727  clone(child_stack=0x2f792eef8000, flags=CLONE_VM|CLONE_FS|CLONE_FILES|CLONE_SIGHAND|CLONE_THREAD|CLONE_SYSVSEM) = 8729
8727  clone(child_stack=0x2f792eef4000, flags=CLONE_VM|CLONE_FS|CLONE_FILES|CLONE_SIGHAND|CLONE_THREAD|CLONE_SYSVSEM) = 8730
8729  clone(child_stack=0x2f792ef98000, flags=CLONE_VM|CLONE_FS|CLONE_FILES|CLONE_SIGHAND|CLONE_THREAD|CLONE_SYSVSEM) = 8731
8727  exit_group(0)                     = ?
8731  +++ exited with 0 +++
8730  +++ exited with 0 +++
8728  +++ exited with 0 +++
8729  +++ exited with 0 +++
8727  +++ exited with 0 +++
8405  <... waitid resumed>{si_signo=SIGCHLD, si_code=CLD_EXITED, si_pid=8727, si_uid=1001, si_status=0, si_utime=0, si_stime=0}, WEXITED, {ru_utime={tv_sec=0, tv_usec=1842}, ru_stime={tv_sec=0, tv_usec=5527}, ...}) = 0
8405  --- SIGCHLD {si_signo=SIGCHLD, si_code=CLD_EXITED, si_pid=8727, si_uid=1001, si_status=0, si_utime=0, si_stime=0} ---
8691  exit_group(0)                     = ?
8691  +++ exited with 0 +++
8693  +++ exited with 0 +++
8692  +++ exited with 0 +++
8690  +++ exited with 0 +++
8483  clone(child_stack=NULL, flags=CLONE_VM|CLONE_PIDFD|CLONE_VFORK|SIGCHLD <unfinished ...>
8732  execve("/opt/hostedtoolcache/go/1.27.0/arm64/pkg/tool/linux_arm64/compile", ["/opt/hostedtoolcache/go/1.27.0/a"..., "-o", "/tmp/go-build1141159733/b047/_pk"..., "-trimpath", "/tmp/go-build1141159733/b047=>", "-p", "unicode", "-lang=go1.27", "-std", "-complete", "-buildid", "-DIhXWRMQ687XwM1JZ6Q/-DIhXWRMQ68"..., "-goversion", "go1.27.0", "-c=4", "-nolocalimports", "-importcfg", "/tmp/go-build1141159733/b047/imp"..., "-pack", "/opt/hostedtoolcache/go/1.27.0/a"..., "/opt/hostedtoolcache/go/1.27.0/a"..., "/opt/hostedtoolcache/go/1.27.0/a"..., "/opt/hostedtoolcache/go/1.27.0/a"..., "/opt/hostedtoolcache/go/1.27.0/a"...], 0x727b414f2908 /* 140 vars */ <unfinished ...>
8401  tgkill(8400, 8483, SIGURG)        = 0
8483  <... clone resumed>, parent_tid=[15]) = 8732
8483  --- SIGURG {si_signo=SIGURG, si_code=SI_TKILL, si_pid=8400, si_uid=1001} ---
8732  <... execve resumed>)             = 0
8685  +++ exited with 0 +++
8406  --- SIGCHLD {si_signo=SIGCHLD, si_code=CLD_EXITED, si_pid=8685, si_uid=1001, si_status=0, si_utime=15 /* 0.15 s */, si_stime=4 /* 0.04 s */} ---
8482  <... waitid resumed>{si_signo=SIGCHLD, si_code=CLD_EXITED, si_pid=8685, si_uid=1001, si_status=0, si_utime=0, si_stime=0}, WEXITED, {ru_utime={tv_sec=0, tv_usec=148530}, ru_stime={tv_sec=0, tv_usec=38542}, ...}) = 0
8405  waitid(P_PIDFD, 15,  <unfinished ...>
8402  clone(child_stack=NULL, flags=CLONE_VM|CLONE_PIDFD|CLONE_VFORK|SIGCHLD <unfinished ...>
8716  tgkill(8711, 8718, SIGURG)        = 0
8718  --- SIGURG {si_signo=SIGURG, si_code=SI_TKILL, si_pid=8711, si_uid=1001} ---
8733  execve("/opt/hostedtoolcache/go/1.27.0/arm64/pkg/tool/linux_arm64/asm", ["/opt/hostedtoolcache/go/1.27.0/a"..., "-p", "internal/runtime/maps", "-trimpath", "/tmp/go-build1141159733/b028=>", "-I", "/tmp/go-build1141159733/b028/", "-I", "/opt/hostedtoolcache/go/1.27.0/a"..., "-D", "GOOS_linux", "-D", "GOARCH_arm64", "-std", "-o", "/tmp/go-build1141159733/b028/mem"..., "/opt/hostedtoolcache/go/1.27.0/a"...], 0x727b412f4908 /* 140 vars */ <unfinished ...>
8402  <... clone resumed>, parent_tid=[16]) = 8733
8733  <... execve resumed>)             = 0
8402  waitid(P_PIDFD, 16,  <unfinished ...>
8406  clone(child_stack=NULL, flags=CLONE_VM|CLONE_PIDFD|CLONE_VFORK|SIGCHLD <unfinished ...>
8401  tgkill(8400, 8406, SIGURG)        = 0
8734  execve("/opt/hostedtoolcache/go/1.27.0/arm64/pkg/tool/linux_arm64/compile", ["/opt/hostedtoolcache/go/1.27.0/a"..., "-o", "/tmp/go-build1141159733/b044/_pk"..., "-trimpath", "/tmp/go-build1141159733/b044=>", "-p", "internal/sync", "-lang=go1.27", "-std", "-complete", "-buildid", "btWE74ZEOj8X9DgFHmzJ/btWE74ZEOj8"..., "-goversion", "go1.27.0", "-c=4", "-nolocalimports", "-importcfg", "/tmp/go-build1141159733/b044/imp"..., "-pack", "/opt/hostedtoolcache/go/1.27.0/a"..., "/opt/hostedtoolcache/go/1.27.0/a"..., "/opt/hostedtoolcache/go/1.27.0/a"...], 0x727b411c0d88 /* 140 vars */ <unfinished ...>
8406  <... clone resumed>, parent_tid=[13]) = 8734
8734  <... execve resumed>)             = 0
8406  --- SIGURG {si_signo=SIGURG, si_code=SI_TKILL, si_pid=8400, si_uid=1001} ---
8482  waitid(P_PIDFD, 13,  <unfinished ...>
8732  clone(child_stack=0x467729a6a000, flags=CLONE_VM|CLONE_FS|CLONE_FILES|CLONE_SIGHAND|CLONE_THREAD|CLONE_SYSVSEM) = 8735
8732  clone(child_stack=0x467729aa2000, flags=CLONE_VM|CLONE_FS|CLONE_FILES|CLONE_SIGHAND|CLONE_THREAD|CLONE_SYSVSEM) = 8736
8735  tgkill(8732, 8732, SIGURG <unfinished ...>
8732  clone(child_stack=0x467729a9e000, flags=CLONE_VM|CLONE_FS|CLONE_FILES|CLONE_SIGHAND|CLONE_THREAD|CLONE_SYSVSEM <unfinished ...>
8735  <... tgkill resumed>)             = 0
8732  <... clone resumed>)              = 8737
8732  --- SIGURG {si_signo=SIGURG, si_code=SI_TKILL, si_pid=8732, si_uid=1001} ---
8736  clone(child_stack=0x467729b18000, flags=CLONE_VM|CLONE_FS|CLONE_FILES|CLONE_SIGHAND|CLONE_THREAD|CLONE_SYSVSEM) = 8738
8736  clone(child_stack=0x467729b14000, flags=CLONE_VM|CLONE_FS|CLONE_FILES|CLONE_SIGHAND|CLONE_THREAD|CLONE_SYSVSEM) = 8739
8716  tgkill(8711, 8717, SIGURG <unfinished ...>
8717  --- SIGURG {si_signo=SIGURG, si_code=SI_TKILL, si_pid=8711, si_uid=1001} ---
8716  <... tgkill resumed>)             = 0
8735  clone(child_stack=0x467729be6000, flags=CLONE_VM|CLONE_FS|CLONE_FILES|CLONE_SIGHAND|CLONE_THREAD|CLONE_SYSVSEM) = 8740
8733  clone(child_stack=0x296de064e000, flags=CLONE_VM|CLONE_FS|CLONE_FILES|CLONE_SIGHAND|CLONE_THREAD|CLONE_SYSVSEM) = 8741
8733  clone(child_stack=0x296de0688000, flags=CLONE_VM|CLONE_FS|CLONE_FILES|CLONE_SIGHAND|CLONE_THREAD|CLONE_SYSVSEM <unfinished ...>
8741  tgkill(8733, 8733, SIGURG)        = 0
8733  <... clone resumed>)              = 8742
8733  --- SIGURG {si_signo=SIGURG, si_code=SI_TKILL, si_pid=8733, si_uid=1001} ---
8733  clone(child_stack=0x296de0684000, flags=CLONE_VM|CLONE_FS|CLONE_FILES|CLONE_SIGHAND|CLONE_THREAD|CLONE_SYSVSEM) = 8743
8742  clone(child_stack=0x296de06a8000, flags=CLONE_VM|CLONE_FS|CLONE_FILES|CLONE_SIGHAND|CLONE_THREAD|CLONE_SYSVSEM) = 8744
8733  clone(child_stack=0x296de06a4000, flags=CLONE_VM|CLONE_FS|CLONE_FILES|CLONE_SIGHAND|CLONE_THREAD|CLONE_SYSVSEM) = 8745
8716  tgkill(8711, 8720, SIGURG <unfinished ...>
8720  --- SIGURG {si_signo=SIGURG, si_code=SI_TKILL, si_pid=8711, si_uid=1001} ---
8716  <... tgkill resumed>)             = 0
8716  tgkill(8711, 8711, SIGURG)        = 0
8711  --- SIGURG {si_signo=SIGURG, si_code=SI_TKILL, si_pid=8711, si_uid=1001} ---
8716  tgkill(8711, 8718, SIGURG)        = 0
8718  --- SIGURG {si_signo=SIGURG, si_code=SI_TKILL, si_pid=8711, si_uid=1001} ---
8735  tgkill(8732, 8739, SIGURG)        = 0
8739  --- SIGURG {si_signo=SIGURG, si_code=SI_TKILL, si_pid=8732, si_uid=1001} ---
8716  tgkill(8711, 8717, SIGURG <unfinished ...>
8717  --- SIGURG {si_signo=SIGURG, si_code=SI_TKILL, si_pid=8711, si_uid=1001} ---
8716  <... tgkill resumed>)             = 0
8734  clone(child_stack=0x28eee54fc000, flags=CLONE_VM|CLONE_FS|CLONE_FILES|CLONE_SIGHAND|CLONE_THREAD|CLONE_SYSVSEM) = 8746
8734  clone(child_stack=0x28eee5534000, flags=CLONE_VM|CLONE_FS|CLONE_FILES|CLONE_SIGHAND|CLONE_THREAD|CLONE_SYSVSEM) = 8747
8734  clone(child_stack=0x28eee5530000, flags=CLONE_VM|CLONE_FS|CLONE_FILES|CLONE_SIGHAND|CLONE_THREAD|CLONE_SYSVSEM) = 8748
8747  clone(child_stack=0x28eee5598000, flags=CLONE_VM|CLONE_FS|CLONE_FILES|CLONE_SIGHAND|CLONE_THREAD|CLONE_SYSVSEM) = 8749
8735  tgkill(8732, 8739, SIGURG <unfinished ...>
8739  --- SIGURG {si_signo=SIGURG, si_code=SI_TKILL, si_pid=8732, si_uid=1001} ---
8735  <... tgkill resumed>)             = 0
8733  exit_group(0)                     = ?
8743  +++ exited with 0 +++
8744  +++ exited with 0 +++
8745  +++ exited with 0 +++
8742  +++ exited with 0 +++
8741  +++ exited with 0 +++
8733  +++ exited with 0 +++
8483  --- SIGCHLD {si_signo=SIGCHLD, si_code=CLD_EXITED, si_pid=8733, si_uid=1001, si_status=0, si_utime=0, si_stime=0} ---
8402  <... waitid resumed>{si_signo=SIGCHLD, si_code=CLD_EXITED, si_pid=8733, si_uid=1001, si_status=0, si_utime=0, si_stime=0}, WEXITED, {ru_utime={tv_sec=0, tv_usec=4779}, ru_stime={tv_sec=0, tv_usec=3584}, ...}) = 0
8716  tgkill(8711, 8720, SIGURG)        = 0
8720  --- SIGURG {si_signo=SIGURG, si_code=SI_TKILL, si_pid=8711, si_uid=1001} ---
8401  tgkill(8400, 8402, SIGURG)        = 0
8402  --- SIGURG {si_signo=SIGURG, si_code=SI_TKILL, si_pid=8400, si_uid=1001} ---
8711  exit_group(0)                     = ?
8722  +++ exited with 0 +++
8717  +++ exited with 0 +++
8716  +++ exited with 0 +++
8720  +++ exited with 0 +++
8718  +++ exited with 0 +++
8746  tgkill(8734, 8747, SIGURG <unfinished ...>
8747  --- SIGURG {si_signo=SIGURG, si_code=SI_TKILL, si_pid=8734, si_uid=1001} ---
8746  <... tgkill resumed>)             = 0
8719  +++ exited with 0 +++
8711  +++ exited with 0 +++
8406  --- SIGCHLD {si_signo=SIGCHLD, si_code=CLD_EXITED, si_pid=8711, si_uid=1001, si_status=0, si_utime=10 /* 0.10 s */, si_stime=3 /* 0.03 s */} ---
8403  <... waitid resumed>{si_signo=SIGCHLD, si_code=CLD_EXITED, si_pid=8711, si_uid=1001, si_status=0, si_utime=0, si_stime=0}, WEXITED, {ru_utime={tv_sec=0, tv_usec=104049}, ru_stime={tv_sec=0, tv_usec=32392}, ...}) = 0
8404  clone(child_stack=NULL, flags=CLONE_VM|CLONE_PIDFD|CLONE_VFORK|SIGCHLD <unfinished ...>
8735  tgkill(8732, 8739, SIGURG <unfinished ...>
8739  --- SIGURG {si_signo=SIGURG, si_code=SI_TKILL, si_pid=8732, si_uid=1001} ---
8735  <... tgkill resumed>)             = 0
8749  exit_group(0)                     = ?
8747  +++ exited with 0 +++
8749  +++ exited with 0 +++
8748  +++ exited with 0 +++
8750  execve("/opt/hostedtoolcache/go/1.27.0/arm64/pkg/tool/linux_arm64/asm", ["/opt/hostedtoolcache/go/1.27.0/a"..., "-p", "math", "-trimpath", "/tmp/go-build1141159733/b040=>", "-I", "/tmp/go-build1141159733/b040/", "-I", "/opt/hostedtoolcache/go/1.27.0/a"..., "-D", "GOOS_linux", "-D", "GOARCH_arm64", "-std", "-o", "/tmp/go-build1141159733/b040/dim"..., "/opt/hostedtoolcache/go/1.27.0/a"...], 0x727b414f2008 /* 140 vars */ <unfinished ...>
8404  <... clone resumed>, parent_tid=[16]) = 8750
8750  <... execve resumed>)             = 0
8746  +++ exited with 0 +++
8734  +++ exited with 0 +++
8482  <... waitid resumed>{si_signo=SIGCHLD, si_code=CLD_EXITED, si_pid=8734, si_uid=1001, si_status=0, si_utime=0, si_stime=0}, WEXITED, {ru_utime={tv_sec=0, tv_usec=13103}, ru_stime={tv_sec=0, tv_usec=9530}, ...}) = 0
8406  --- SIGCHLD {si_signo=SIGCHLD, si_code=CLD_EXITED, si_pid=8734, si_uid=1001, si_status=0, si_utime=1 /* 0.01 s */, si_stime=0} ---
8404  waitid(P_PIDFD, 16,  <unfinished ...>
8750  clone(child_stack=0x979de092000, flags=CLONE_VM|CLONE_FS|CLONE_FILES|CLONE_SIGHAND|CLONE_THREAD|CLONE_SYSVSEM) = 8751
8750  clone(child_stack=0x979de0ca000, flags=CLONE_VM|CLONE_FS|CLONE_FILES|CLONE_SIGHAND|CLONE_THREAD|CLONE_SYSVSEM) = 8752
8750  clone(child_stack=0x979de0c6000, flags=CLONE_VM|CLONE_FS|CLONE_FILES|CLONE_SIGHAND|CLONE_THREAD|CLONE_SYSVSEM) = 8753
8752  clone(child_stack=0x979de118000, flags=CLONE_VM|CLONE_FS|CLONE_FILES|CLONE_SIGHAND|CLONE_THREAD|CLONE_SYSVSEM) = 8754
8403  clone(child_stack=NULL, flags=CLONE_VM|CLONE_PIDFD|CLONE_VFORK|SIGCHLD <unfinished ...>
8755  execve("/opt/hostedtoolcache/go/1.27.0/arm64/pkg/tool/linux_arm64/compile", ["/opt/hostedtoolcache/go/1.27.0/a"..., "-o", "/tmp/go-build1141159733/b063/_pk"..., "-trimpath", "/tmp/go-build1141159733/b063=>", "-p", "github.com/type-rb/type-rb-nativ"..., "-lang=go1.27", "-complete", "-buildid", "1Lv6L_pKHKvpkbzMZk0k/1Lv6L_pKHKv"..., "-goversion", "go1.27.0", "-c=4", "-nolocalimports", "-importcfg", "/tmp/go-build1141159733/b063/imp"..., "-pack", "/tmp/trb-build-645220853/trb/std"...], 0x727b412f4908 /* 140 vars */ <unfinished ...>
8403  <... clone resumed>, parent_tid=[17]) = 8755
8755  <... execve resumed>)             = 0
8750  exit_group(0 <unfinished ...>
8403  waitid(P_PIDFD, 17,  <unfinished ...>
8750  <... exit_group resumed>)         = ?
8754  +++ exited with 0 +++
8753  +++ exited with 0 +++
8752  +++ exited with 0 +++
8751  +++ exited with 0 +++
8750  +++ exited with 0 +++
8483  --- SIGCHLD {si_signo=SIGCHLD, si_code=CLD_EXITED, si_pid=8750, si_uid=1001, si_status=0, si_utime=0, si_stime=0} ---
8404  <... waitid resumed>{si_signo=SIGCHLD, si_code=CLD_EXITED, si_pid=8750, si_uid=1001, si_status=0, si_utime=0, si_stime=0}, WEXITED, {ru_utime={tv_sec=0, tv_usec=2214}, ru_stime={tv_sec=0, tv_usec=3321}, ...}) = 0
8483  clone(child_stack=NULL, flags=CLONE_VM|CLONE_PIDFD|CLONE_VFORK|SIGCHLD <unfinished ...>
8756  execve("/opt/hostedtoolcache/go/1.27.0/arm64/pkg/tool/linux_arm64/asm", ["/opt/hostedtoolcache/go/1.27.0/a"..., "-p", "math", "-trimpath", "/tmp/go-build1141159733/b040=>", "-I", "/tmp/go-build1141159733/b040/", "-I", "/opt/hostedtoolcache/go/1.27.0/a"..., "-D", "GOOS_linux", "-D", "GOARCH_arm64", "-std", "-o", "/tmp/go-build1141159733/b040/exp"..., "/opt/hostedtoolcache/go/1.27.0/a"...], 0x727b411c0488 /* 140 vars */ <unfinished ...>
8483  <... clone resumed>, parent_tid=[16]) = 8756
8756  <... execve resumed>)             = 0
8483  waitid(P_PIDFD, 16,  <unfinished ...>
8400  tgkill(8400, 8406, SIGURG)        = 0
8406  --- SIGURG {si_signo=SIGURG, si_code=SI_TKILL, si_pid=8400, si_uid=1001} ---
8755  clone(child_stack=0x388b5c4da000, flags=CLONE_VM|CLONE_FS|CLONE_FILES|CLONE_SIGHAND|CLONE_THREAD|CLONE_SYSVSEM) = 8757
8755  clone(child_stack=0x388b5c512000, flags=CLONE_VM|CLONE_FS|CLONE_FILES|CLONE_SIGHAND|CLONE_THREAD|CLONE_SYSVSEM <unfinished ...>
8757  tgkill(8755, 8755, SIGURG)        = 0
8755  <... clone resumed>)              = 8758
8755  --- SIGURG {si_signo=SIGURG, si_code=SI_TKILL, si_pid=8755, si_uid=1001} ---
8757  tgkill(8755, 8755, SIGURG)        = 0
8755  --- SIGURG {si_signo=SIGURG, si_code=SI_TKILL, si_pid=8755, si_uid=1001} ---
8755  clone(child_stack=0x388b5c50e000, flags=CLONE_VM|CLONE_FS|CLONE_FILES|CLONE_SIGHAND|CLONE_THREAD|CLONE_SYSVSEM) = 8759
8758  clone(child_stack=0x388b5c598000, flags=CLONE_VM|CLONE_FS|CLONE_FILES|CLONE_SIGHAND|CLONE_THREAD|CLONE_SYSVSEM <unfinished ...>
8735  tgkill(8732, 8739, SIGURG <unfinished ...>
8758  <... clone resumed>)              = 8760
8735  <... tgkill resumed>)             = 0
8739  --- SIGURG {si_signo=SIGURG, si_code=SI_TKILL, si_pid=8732, si_uid=1001} ---
8756  clone(child_stack=0x3e74f80c000, flags=CLONE_VM|CLONE_FS|CLONE_FILES|CLONE_SIGHAND|CLONE_THREAD|CLONE_SYSVSEM) = 8761
8756  clone(child_stack=0x3e74f844000, flags=CLONE_VM|CLONE_FS|CLONE_FILES|CLONE_SIGHAND|CLONE_THREAD|CLONE_SYSVSEM) = 8762
8756  clone(child_stack=0x3e74f840000, flags=CLONE_VM|CLONE_FS|CLONE_FILES|CLONE_SIGHAND|CLONE_THREAD|CLONE_SYSVSEM) = 8763
8762  clone(child_stack=0x3e74f898000, flags=CLONE_VM|CLONE_FS|CLONE_FILES|CLONE_SIGHAND|CLONE_THREAD|CLONE_SYSVSEM <unfinished ...>
8756  clone(child_stack=0x3e74f894000, flags=CLONE_VM|CLONE_FS|CLONE_FILES|CLONE_SIGHAND|CLONE_THREAD|CLONE_SYSVSEM) = 8764
8762  <... clone resumed>)              = 8765
8756  exit_group(0)                     = ?
8762  +++ exited with 0 +++
8764  +++ exited with 0 +++
8763  +++ exited with 0 +++
8765  +++ exited with 0 +++
8761  +++ exited with 0 +++
8756  +++ exited with 0 +++
8483  <... waitid resumed>{si_signo=SIGCHLD, si_code=CLD_EXITED, si_pid=8756, si_uid=1001, si_status=0, si_utime=0, si_stime=0}, WEXITED, {ru_utime={tv_sec=0, tv_usec=874}, ru_stime={tv_sec=0, tv_usec=5247}, ...}) = 0
8404  --- SIGCHLD {si_signo=SIGCHLD, si_code=CLD_EXITED, si_pid=8756, si_uid=1001, si_status=0, si_utime=0, si_stime=0} ---
8755  exit_group(0)                     = ?
8758  +++ exited with 0 +++
8759  +++ exited with 0 +++
8760  +++ exited with 0 +++
8757  +++ exited with 0 +++
8755  +++ exited with 0 +++
8404  --- SIGCHLD {si_signo=SIGCHLD, si_code=CLD_EXITED, si_pid=8755, si_uid=1001, si_status=0, si_utime=0, si_stime=0} ---
8403  <... waitid resumed>{si_signo=SIGCHLD, si_code=CLD_EXITED, si_pid=8755, si_uid=1001, si_status=0, si_utime=0, si_stime=0}, WEXITED, {ru_utime={tv_sec=0, tv_usec=3323}, ru_stime={tv_sec=0, tv_usec=7478}, ...}) = 0
8404  clone(child_stack=NULL, flags=CLONE_VM|CLONE_PIDFD|CLONE_VFORK|SIGCHLD <unfinished ...>
8766  execve("/opt/hostedtoolcache/go/1.27.0/arm64/pkg/tool/linux_arm64/asm", ["/opt/hostedtoolcache/go/1.27.0/a"..., "-p", "math", "-trimpath", "/tmp/go-build1141159733/b040=>", "-I", "/tmp/go-build1141159733/b040/", "-I", "/opt/hostedtoolcache/go/1.27.0/a"..., "-D", "GOOS_linux", "-D", "GOARCH_arm64", "-std", "-o", "/tmp/go-build1141159733/b040/flo"..., "/opt/hostedtoolcache/go/1.27.0/a"...], 0x727b412f4908 /* 140 vars */ <unfinished ...>
8404  <... clone resumed>, parent_tid=[16]) = 8766
8766  <... execve resumed>)             = 0
8404  waitid(P_PIDFD, 16,  <unfinished ...>
8401  tgkill(8400, 8400, SIGURG)        = 0
8400  --- SIGURG {si_signo=SIGURG, si_code=SI_TKILL, si_pid=8400, si_uid=1001} ---
8766  clone(child_stack=0x567bdc41c000, flags=CLONE_VM|CLONE_FS|CLONE_FILES|CLONE_SIGHAND|CLONE_THREAD|CLONE_SYSVSEM) = 8767
8766  clone(child_stack=0x567bdc454000, flags=CLONE_VM|CLONE_FS|CLONE_FILES|CLONE_SIGHAND|CLONE_THREAD|CLONE_SYSVSEM) = 8768
8767  tgkill(8766, 8766, SIGURG)        = 0
8766  clone(child_stack=0x567bdc450000, flags=CLONE_VM|CLONE_FS|CLONE_FILES|CLONE_SIGHAND|CLONE_THREAD|CLONE_SYSVSEM) = 8769
8766  --- SIGURG {si_signo=SIGURG, si_code=SI_TKILL, si_pid=8766, si_uid=1001} ---
8768  clone(child_stack=0x567bdc498000, flags=CLONE_VM|CLONE_FS|CLONE_FILES|CLONE_SIGHAND|CLONE_THREAD|CLONE_SYSVSEM) = 8770
8735  tgkill(8732, 8736, SIGURG <unfinished ...>
8736  --- SIGURG {si_signo=SIGURG, si_code=SI_TKILL, si_pid=8732, si_uid=1001} ---
8735  <... tgkill resumed>)             = 0
8766  exit_group(0)                     = ?
8769  +++ exited with 0 +++
8770  +++ exited with 0 +++
8767  +++ exited with 0 +++
8768  +++ exited with 0 +++
8766  +++ exited with 0 +++
8401  --- SIGCHLD {si_signo=SIGCHLD, si_code=CLD_EXITED, si_pid=8766, si_uid=1001, si_status=0, si_utime=0, si_stime=0} ---
8404  <... waitid resumed>{si_signo=SIGCHLD, si_code=CLD_EXITED, si_pid=8766, si_uid=1001, si_status=0, si_utime=0, si_stime=0}, WEXITED, {ru_utime={tv_sec=0, tv_usec=0}, ru_stime={tv_sec=0, tv_usec=5495}, ...}) = 0
8401  tgkill(8400, 8483, SIGURG)        = 0
8483  --- SIGURG {si_signo=SIGURG, si_code=SI_TKILL, si_pid=8400, si_uid=1001} ---
8736  exit_group(0)                     = ?
8739  +++ exited with 0 +++
8738  +++ exited with 0 +++
8737  +++ exited with 0 +++
8735  +++ exited with 0 +++
8740  +++ exited with 0 +++
8736  +++ exited with 0 +++
8732  +++ exited with 0 +++
8405  <... waitid resumed>{si_signo=SIGCHLD, si_code=CLD_EXITED, si_pid=8732, si_uid=1001, si_status=0, si_utime=0, si_stime=0}, WEXITED, {ru_utime={tv_sec=0, tv_usec=94417}, ru_stime={tv_sec=0, tv_usec=22578}, ...}) = 0
8400  --- SIGCHLD {si_signo=SIGCHLD, si_code=CLD_EXITED, si_pid=8732, si_uid=1001, si_status=0, si_utime=9 /* 0.09 s */, si_stime=2 /* 0.02 s */} ---
8403  clone(child_stack=NULL, flags=CLONE_VM|CLONE_PIDFD|CLONE_VFORK|SIGCHLD <unfinished ...>
8771  execve("/opt/hostedtoolcache/go/1.27.0/arm64/pkg/tool/linux_arm64/asm", ["/opt/hostedtoolcache/go/1.27.0/a"..., "-p", "runtime", "-trimpath", "/tmp/go-build1141159733/b009=>", "-I", "/tmp/go-build1141159733/b009/", "-I", "/opt/hostedtoolcache/go/1.27.0/a"..., "-D", "GOOS_linux", "-D", "GOARCH_arm64", "-std", "-gensymabis", "-o", "/tmp/go-build1141159733/b009/sym"..., "/opt/hostedtoolcache/go/1.27.0/a"..., "/opt/hostedtoolcache/go/1.27.0/a"..., "/opt/hostedtoolcache/go/1.27.0/a"..., "/opt/hostedtoolcache/go/1.27.0/a"..., "/opt/hostedtoolcache/go/1.27.0/a"..., "/opt/hostedtoolcache/go/1.27.0/a"..., "/opt/hostedtoolcache/go/1.27.0/a"..., "/opt/hostedtoolcache/go/1.27.0/a"..., "/opt/hostedtoolcache/go/1.27.0/a"..., "/opt/hostedtoolcache/go/1.27.0/a"..., "/opt/hostedtoolcache/go/1.27.0/a"...], 0x727b412f4908 /* 140 vars */ <unfinished ...>
8403  <... clone resumed>, parent_tid=[12]) = 8771
8771  <... execve resumed>)             = 0
8403  waitid(P_PIDFD, 12,  <unfinished ...>
8771  clone(child_stack=0x4d4b66202000, flags=CLONE_VM|CLONE_FS|CLONE_FILES|CLONE_SIGHAND|CLONE_THREAD|CLONE_SYSVSEM) = 8772
8771  clone(child_stack=0x4d4b6623a000, flags=CLONE_VM|CLONE_FS|CLONE_FILES|CLONE_SIGHAND|CLONE_THREAD|CLONE_SYSVSEM) = 8773
8771  clone(child_stack=0x4d4b66236000, flags=CLONE_VM|CLONE_FS|CLONE_FILES|CLONE_SIGHAND|CLONE_THREAD|CLONE_SYSVSEM) = 8774
8773  clone(child_stack=0x4d4b66298000, flags=CLONE_VM|CLONE_FS|CLONE_FILES|CLONE_SIGHAND|CLONE_THREAD|CLONE_SYSVSEM) = 8775
8772  tgkill(8771, 8774, SIGURG <unfinished ...>
8774  --- SIGURG {si_signo=SIGURG, si_code=SI_TKILL, si_pid=8771, si_uid=1001} ---
8772  <... tgkill resumed>)             = 0
8772  tgkill(8771, 8771, SIGURG)        = 0
8771  --- SIGURG {si_signo=SIGURG, si_code=SI_TKILL, si_pid=8771, si_uid=1001} ---
8772  tgkill(8771, 8771, SIGURG)        = 0
8771  --- SIGURG {si_signo=SIGURG, si_code=SI_TKILL, si_pid=8771, si_uid=1001} ---
8771  exit_group(0)                     = ?
8775  +++ exited with 0 +++
8774  +++ exited with 0 +++
8773  +++ exited with 0 +++
8772  +++ exited with 0 +++
8771  +++ exited with 0 +++
8400  --- SIGCHLD {si_signo=SIGCHLD, si_code=CLD_EXITED, si_pid=8771, si_uid=1001, si_status=0, si_utime=0, si_stime=1 /* 0.01 s */} ---
8403  <... waitid resumed>{si_signo=SIGCHLD, si_code=CLD_EXITED, si_pid=8771, si_uid=1001, si_status=0, si_utime=0, si_stime=0}, WEXITED, {ru_utime={tv_sec=0, tv_usec=7868}, ru_stime={tv_sec=0, tv_usec=10819}, ...}) = 0
8400  clone(child_stack=NULL, flags=CLONE_VM|CLONE_PIDFD|CLONE_VFORK|SIGCHLD <unfinished ...>
8776  execve("/opt/hostedtoolcache/go/1.27.0/arm64/pkg/tool/linux_arm64/compile", ["/opt/hostedtoolcache/go/1.27.0/a"..., "-o", "/tmp/go-build1141159733/b009/_pk"..., "-trimpath", "/tmp/go-build1141159733/b009=>", "-p", "runtime", "-lang=go1.27", "-std", "-buildid", "xmW05mk35rkWv81vNyJF/xmW05mk35rk"..., "-goversion", "go1.27.0", "-symabis", "/tmp/go-build1141159733/b009/sym"..., "-c=4", "-nolocalimports", "-importcfg", "/tmp/go-build1141159733/b009/imp"..., "-pack", "-asmhdr", "/tmp/go-build1141159733/b009/go_"..., "/opt/hostedtoolcache/go/1.27.0/a"..., "/opt/hostedtoolcache/go/1.27.0/a"..., "/opt/hostedtoolcache/go/1.27.0/a"..., "/opt/hostedtoolcache/go/1.27.0/a"..., "/opt/hostedtoolcache/go/1.27.0/a"..., "/opt/hostedtoolcache/go/1.27.0/a"..., "/opt/hostedtoolcache/go/1.27.0/a"..., "/opt/hostedtoolcache/go/1.27.0/a"..., "/opt/hostedtoolcache/go/1.27.0/a"..., "/opt/hostedtoolcache/go/1.27.0/a"..., ...], 0x727b411c0d88 /* 140 vars */ <unfinished ...>
8400  <... clone resumed>, parent_tid=[12]) = 8776
8776  <... execve resumed>)             = 0
8400  waitid(P_PIDFD, 12,  <unfinished ...>
8776  clone(child_stack=0x17642e8be000, flags=CLONE_VM|CLONE_FS|CLONE_FILES|CLONE_SIGHAND|CLONE_THREAD|CLONE_SYSVSEM) = 8777
8776  clone(child_stack=0x17642e8f6000, flags=CLONE_VM|CLONE_FS|CLONE_FILES|CLONE_SIGHAND|CLONE_THREAD|CLONE_SYSVSEM) = 8778
8777  tgkill(8776, 8776, SIGURG)        = 0
8776  clone(child_stack=0x17642e8f2000, flags=CLONE_VM|CLONE_FS|CLONE_FILES|CLONE_SIGHAND|CLONE_THREAD|CLONE_SYSVSEM) = 8779
8776  --- SIGURG {si_signo=SIGURG, si_code=SI_TKILL, si_pid=8776, si_uid=1001} ---
8778  clone(child_stack=0x17642e998000, flags=CLONE_VM|CLONE_FS|CLONE_FILES|CLONE_SIGHAND|CLONE_THREAD|CLONE_SYSVSEM) = 8780
8776  clone(child_stack=0x17642e994000, flags=CLONE_VM|CLONE_FS|CLONE_FILES|CLONE_SIGHAND|CLONE_THREAD|CLONE_SYSVSEM) = 8781
8777  tgkill(8776, 8779, SIGURG)        = 0
8779  --- SIGURG {si_signo=SIGURG, si_code=SI_TKILL, si_pid=8776, si_uid=1001} ---
8777  tgkill(8776, 8781, SIGURG <unfinished ...>
8781  --- SIGURG {si_signo=SIGURG, si_code=SI_TKILL, si_pid=8776, si_uid=1001} ---
8777  <... tgkill resumed>)             = 0
8777  clone(child_stack=0x17642f6f4000, flags=CLONE_VM|CLONE_FS|CLONE_FILES|CLONE_SIGHAND|CLONE_THREAD|CLONE_SYSVSEM) = 8782
8777  tgkill(8776, 8780, SIGURG <unfinished ...>
8780  --- SIGURG {si_signo=SIGURG, si_code=SI_TKILL, si_pid=8776, si_uid=1001} ---
8777  <... tgkill resumed>)             = 0
8777  tgkill(8776, 8780, SIGURG <unfinished ...>
8780  --- SIGURG {si_signo=SIGURG, si_code=SI_TKILL, si_pid=8776, si_uid=1001} ---
8777  <... tgkill resumed>)             = 0
8777  tgkill(8776, 8776, SIGURG)        = 0
8776  --- SIGURG {si_signo=SIGURG, si_code=SI_TKILL, si_pid=8776, si_uid=1001} ---
8777  tgkill(8776, 8780, SIGURG <unfinished ...>
8780  --- SIGURG {si_signo=SIGURG, si_code=SI_TKILL, si_pid=8776, si_uid=1001} ---
8777  <... tgkill resumed>)             = 0
8777  tgkill(8776, 8776, SIGURG)        = 0
8776  --- SIGURG {si_signo=SIGURG, si_code=SI_TKILL, si_pid=8776, si_uid=1001} ---
8776  tgkill(8776, 8780, SIGURG <unfinished ...>
8780  --- SIGURG {si_signo=SIGURG, si_code=SI_TKILL, si_pid=8776, si_uid=1001} ---
8776  <... tgkill resumed>)             = 0
8781  tgkill(8776, 8780, SIGURG)        = 0
8780  --- SIGURG {si_signo=SIGURG, si_code=SI_TKILL, si_pid=8776, si_uid=1001} ---
8782  tgkill(8776, 8776, SIGURG)        = 0
8776  --- SIGURG {si_signo=SIGURG, si_code=SI_TKILL, si_pid=8776, si_uid=1001} ---
8782  tgkill(8776, 8780, SIGURG)        = 0
8780  --- SIGURG {si_signo=SIGURG, si_code=SI_TKILL, si_pid=8776, si_uid=1001} ---
8782  tgkill(8776, 8780, SIGURG)        = 0
8780  --- SIGURG {si_signo=SIGURG, si_code=SI_TKILL, si_pid=8776, si_uid=1001} ---
8777  tgkill(8776, 8780, SIGURG)        = 0
8780  --- SIGURG {si_signo=SIGURG, si_code=SI_TKILL, si_pid=8776, si_uid=1001} ---
8777  tgkill(8776, 8781, SIGURG <unfinished ...>
8781  --- SIGURG {si_signo=SIGURG, si_code=SI_TKILL, si_pid=8776, si_uid=1001} ---
8777  <... tgkill resumed>)             = 0
8777  tgkill(8776, 8781, SIGURG)        = 0
8781  --- SIGURG {si_signo=SIGURG, si_code=SI_TKILL, si_pid=8776, si_uid=1001} ---
8777  tgkill(8776, 8782, SIGURG <unfinished ...>
8782  --- SIGURG {si_signo=SIGURG, si_code=SI_TKILL, si_pid=8776, si_uid=1001} ---
8777  <... tgkill resumed>)             = 0
8777  tgkill(8776, 8782, SIGURG)        = 0
8782  --- SIGURG {si_signo=SIGURG, si_code=SI_TKILL, si_pid=8776, si_uid=1001} ---
8777  tgkill(8776, 8781, SIGURG)        = 0
8781  --- SIGURG {si_signo=SIGURG, si_code=SI_TKILL, si_pid=8776, si_uid=1001} ---
8777  tgkill(8776, 8782, SIGURG <unfinished ...>
8782  --- SIGURG {si_signo=SIGURG, si_code=SI_TKILL, si_pid=8776, si_uid=1001} ---
8777  <... tgkill resumed>)             = 0
8780  tgkill(8776, 8782, SIGURG <unfinished ...>
8782  --- SIGURG {si_signo=SIGURG, si_code=SI_TKILL, si_pid=8776, si_uid=1001} ---
8780  <... tgkill resumed>)             = 0
8781  tgkill(8776, 8780, SIGURG)        = 0
8780  --- SIGURG {si_signo=SIGURG, si_code=SI_TKILL, si_pid=8776, si_uid=1001} ---
8782  tgkill(8776, 8776, SIGURG)        = 0
8776  --- SIGURG {si_signo=SIGURG, si_code=SI_TKILL, si_pid=8776, si_uid=1001} ---
8780  tgkill(8776, 8776, SIGURG)        = 0
8776  --- SIGURG {si_signo=SIGURG, si_code=SI_TKILL, si_pid=8776, si_uid=1001} ---
8780  tgkill(8776, 8776, SIGURG)        = 0
8776  --- SIGURG {si_signo=SIGURG, si_code=SI_TKILL, si_pid=8776, si_uid=1001} ---
8780  tgkill(8776, 8781, SIGURG)        = 0
8781  --- SIGURG {si_signo=SIGURG, si_code=SI_TKILL, si_pid=8776, si_uid=1001} ---
8780  tgkill(8776, 8782, SIGURG)        = 0
8782  --- SIGURG {si_signo=SIGURG, si_code=SI_TKILL, si_pid=8776, si_uid=1001} ---
8777  tgkill(8776, 8782, SIGURG)        = 0
8782  --- SIGURG {si_signo=SIGURG, si_code=SI_TKILL, si_pid=8776, si_uid=1001} ---
8777  tgkill(8776, 8780, SIGURG <unfinished ...>
8780  --- SIGURG {si_signo=SIGURG, si_code=SI_TKILL, si_pid=8776, si_uid=1001} ---
8777  <... tgkill resumed>)             = 0
8777  tgkill(8776, 8780, SIGURG <unfinished ...>
8780  --- SIGURG {si_signo=SIGURG, si_code=SI_TKILL, si_pid=8776, si_uid=1001} ---
8777  <... tgkill resumed>)             = 0
8781  tgkill(8776, 8782, SIGURG)        = 0
8782  --- SIGURG {si_signo=SIGURG, si_code=SI_TKILL, si_pid=8776, si_uid=1001} ---
8781  tgkill(8776, 8776, SIGURG)        = 0
8776  --- SIGURG {si_signo=SIGURG, si_code=SI_TKILL, si_pid=8776, si_uid=1001} ---
8781  tgkill(8776, 8780, SIGURG)        = 0
8780  --- SIGURG {si_signo=SIGURG, si_code=SI_TKILL, si_pid=8776, si_uid=1001} ---
8777  tgkill(8776, 8780, SIGURG <unfinished ...>
8780  --- SIGURG {si_signo=SIGURG, si_code=SI_TKILL, si_pid=8776, si_uid=1001} ---
8777  <... tgkill resumed>)             = 0
8780  tgkill(8776, 8776, SIGURG)        = 0
8776  --- SIGURG {si_signo=SIGURG, si_code=SI_TKILL, si_pid=8776, si_uid=1001} ---
8779  tgkill(8776, 8780, SIGURG)        = 0
8780  --- SIGURG {si_signo=SIGURG, si_code=SI_TKILL, si_pid=8776, si_uid=1001} ---
8776  tgkill(8776, 8779, SIGURG)        = 0
8779  --- SIGURG {si_signo=SIGURG, si_code=SI_TKILL, si_pid=8776, si_uid=1001} ---
8776  tgkill(8776, 8781, SIGURG <unfinished ...>
8781  --- SIGURG {si_signo=SIGURG, si_code=SI_TKILL, si_pid=8776, si_uid=1001} ---
8776  <... tgkill resumed>)             = 0
8776  tgkill(8776, 8781, SIGURG)        = 0
8781  --- SIGURG {si_signo=SIGURG, si_code=SI_TKILL, si_pid=8776, si_uid=1001} ---
8776  tgkill(8776, 8781, SIGURG)        = 0
8781  --- SIGURG {si_signo=SIGURG, si_code=SI_TKILL, si_pid=8776, si_uid=1001} ---
8776  tgkill(8776, 8781, SIGURG)        = 0
8781  --- SIGURG {si_signo=SIGURG, si_code=SI_TKILL, si_pid=8776, si_uid=1001} ---
8777  tgkill(8776, 8781, SIGURG)        = 0
8781  --- SIGURG {si_signo=SIGURG, si_code=SI_TKILL, si_pid=8776, si_uid=1001} ---
8777  tgkill(8776, 8780, SIGURG <unfinished ...>
8780  --- SIGURG {si_signo=SIGURG, si_code=SI_TKILL, si_pid=8776, si_uid=1001} ---
8777  <... tgkill resumed>)             = 0
8777  tgkill(8776, 8776, SIGURG)        = 0
8776  --- SIGURG {si_signo=SIGURG, si_code=SI_TKILL, si_pid=8776, si_uid=1001} ---
8776  tgkill(8776, 8780, SIGURG)        = 0
8780  --- SIGURG {si_signo=SIGURG, si_code=SI_TKILL, si_pid=8776, si_uid=1001} ---
8781  tgkill(8776, 8779, SIGURG)        = 0
8779  --- SIGURG {si_signo=SIGURG, si_code=SI_TKILL, si_pid=8776, si_uid=1001} ---
8781  tgkill(8776, 8779, SIGURG)        = 0
8779  --- SIGURG {si_signo=SIGURG, si_code=SI_TKILL, si_pid=8776, si_uid=1001} ---
8779  tgkill(8776, 8780, SIGURG)        = 0
8780  --- SIGURG {si_signo=SIGURG, si_code=SI_TKILL, si_pid=8776, si_uid=1001} ---
8779  tgkill(8776, 8776, SIGURG)        = 0
8776  --- SIGURG {si_signo=SIGURG, si_code=SI_TKILL, si_pid=8776, si_uid=1001} ---
8779  tgkill(8776, 8776, SIGURG)        = 0
8776  --- SIGURG {si_signo=SIGURG, si_code=SI_TKILL, si_pid=8776, si_uid=1001} ---
8779  tgkill(8776, 8776, SIGURG)        = 0
8776  --- SIGURG {si_signo=SIGURG, si_code=SI_TKILL, si_pid=8776, si_uid=1001} ---
8777  tgkill(8776, 8776, SIGURG)        = 0
8776  --- SIGURG {si_signo=SIGURG, si_code=SI_TKILL, si_pid=8776, si_uid=1001} ---
8777  tgkill(8776, 8780, SIGURG)        = 0
8780  --- SIGURG {si_signo=SIGURG, si_code=SI_TKILL, si_pid=8776, si_uid=1001} ---
8777  tgkill(8776, 8776, SIGURG)        = 0
8776  --- SIGURG {si_signo=SIGURG, si_code=SI_TKILL, si_pid=8776, si_uid=1001} ---
8776  tgkill(8776, 8780, SIGURG <unfinished ...>
8780  tgkill(8776, 8781, SIGURG)        = 0
8781  --- SIGURG {si_signo=SIGURG, si_code=SI_TKILL, si_pid=8776, si_uid=1001} ---
8776  <... tgkill resumed>)             = 0
8780  --- SIGURG {si_signo=SIGURG, si_code=SI_TKILL, si_pid=8776, si_uid=1001} ---
8779  tgkill(8776, 8780, SIGURG <unfinished ...>
8780  --- SIGURG {si_signo=SIGURG, si_code=SI_TKILL, si_pid=8776, si_uid=1001} ---
8779  <... tgkill resumed>)             = 0
8780  tgkill(8776, 8781, SIGURG)        = 0
8781  --- SIGURG {si_signo=SIGURG, si_code=SI_TKILL, si_pid=8776, si_uid=1001} ---
8780  tgkill(8776, 8781, SIGURG)        = 0
8781  --- SIGURG {si_signo=SIGURG, si_code=SI_TKILL, si_pid=8776, si_uid=1001} ---
8780  tgkill(8776, 8779, SIGURG)        = 0
8779  --- SIGURG {si_signo=SIGURG, si_code=SI_TKILL, si_pid=8776, si_uid=1001} ---
8780  tgkill(8776, 8779, SIGURG)        = 0
8779  --- SIGURG {si_signo=SIGURG, si_code=SI_TKILL, si_pid=8776, si_uid=1001} ---
8777  tgkill(8776, 8779, SIGURG <unfinished ...>
8779  --- SIGURG {si_signo=SIGURG, si_code=SI_TKILL, si_pid=8776, si_uid=1001} ---
8777  <... tgkill resumed>)             = 0
8777  tgkill(8776, 8779, SIGURG)        = 0
8779  --- SIGURG {si_signo=SIGURG, si_code=SI_TKILL, si_pid=8776, si_uid=1001} ---
8777  tgkill(8776, 8780, SIGURG <unfinished ...>
8780  --- SIGURG {si_signo=SIGURG, si_code=SI_TKILL, si_pid=8776, si_uid=1001} ---
8777  <... tgkill resumed>)             = 0
8777  tgkill(8776, 8780, SIGURG <unfinished ...>
8780  --- SIGURG {si_signo=SIGURG, si_code=SI_TKILL, si_pid=8776, si_uid=1001} ---
8777  <... tgkill resumed>)             = 0
8777  tgkill(8776, 8780, SIGURG)        = 0
8780  --- SIGURG {si_signo=SIGURG, si_code=SI_TKILL, si_pid=8776, si_uid=1001} ---
8777  tgkill(8776, 8779, SIGURG)        = 0
8779  --- SIGURG {si_signo=SIGURG, si_code=SI_TKILL, si_pid=8776, si_uid=1001} ---
8781  tgkill(8776, 8780, SIGURG)        = 0
8780  --- SIGURG {si_signo=SIGURG, si_code=SI_TKILL, si_pid=8776, si_uid=1001} ---
8780  tgkill(8776, 8781, SIGURG)        = 0
8781  --- SIGURG {si_signo=SIGURG, si_code=SI_TKILL, si_pid=8776, si_uid=1001} ---
8780  tgkill(8776, 8779, SIGURG)        = 0
8779  --- SIGURG {si_signo=SIGURG, si_code=SI_TKILL, si_pid=8776, si_uid=1001} ---
8780  tgkill(8776, 8781, SIGURG)        = 0
8781  --- SIGURG {si_signo=SIGURG, si_code=SI_TKILL, si_pid=8776, si_uid=1001} ---
8780  tgkill(8776, 8781, SIGURG)        = 0
8781  --- SIGURG {si_signo=SIGURG, si_code=SI_TKILL, si_pid=8776, si_uid=1001} ---
8780  tgkill(8776, 8781, SIGURG)        = 0
8781  --- SIGURG {si_signo=SIGURG, si_code=SI_TKILL, si_pid=8776, si_uid=1001} ---
8777  tgkill(8776, 8781, SIGURG <unfinished ...>
8781  --- SIGURG {si_signo=SIGURG, si_code=SI_TKILL, si_pid=8776, si_uid=1001} ---
8777  <... tgkill resumed>)             = 0
8777  tgkill(8776, 8780, SIGURG)        = 0
8780  --- SIGURG {si_signo=SIGURG, si_code=SI_TKILL, si_pid=8776, si_uid=1001} ---
8777  tgkill(8776, 8781, SIGURG)        = 0
8781  --- SIGURG {si_signo=SIGURG, si_code=SI_TKILL, si_pid=8776, si_uid=1001} ---
8777  tgkill(8776, 8780, SIGURG)        = 0
8780  --- SIGURG {si_signo=SIGURG, si_code=SI_TKILL, si_pid=8776, si_uid=1001} ---
8777  tgkill(8776, 8779, SIGURG)        = 0
8779  --- SIGURG {si_signo=SIGURG, si_code=SI_TKILL, si_pid=8776, si_uid=1001} ---
8781  tgkill(8776, 8780, SIGURG)        = 0
8780  --- SIGURG {si_signo=SIGURG, si_code=SI_TKILL, si_pid=8776, si_uid=1001} ---
8777  tgkill(8776, 8779, SIGURG <unfinished ...>
8779  --- SIGURG {si_signo=SIGURG, si_code=SI_TKILL, si_pid=8776, si_uid=1001} ---
8777  <... tgkill resumed>)             = 0
8777  tgkill(8776, 8776, SIGURG)        = 0
8776  --- SIGURG {si_signo=SIGURG, si_code=SI_TKILL, si_pid=8776, si_uid=1001} ---
8777  tgkill(8776, 8781, SIGURG <unfinished ...>
8781  --- SIGURG {si_signo=SIGURG, si_code=SI_TKILL, si_pid=8776, si_uid=1001} ---
8777  <... tgkill resumed>)             = 0
8777  tgkill(8776, 8780, SIGURG <unfinished ...>
8780  --- SIGURG {si_signo=SIGURG, si_code=SI_TKILL, si_pid=8776, si_uid=1001} ---
8777  <... tgkill resumed>)             = 0
8776  tgkill(8776, 8781, SIGURG)        = 0
8781  --- SIGURG {si_signo=SIGURG, si_code=SI_TKILL, si_pid=8776, si_uid=1001} ---
8779  tgkill(8776, 8780, SIGURG)        = 0
8780  --- SIGURG {si_signo=SIGURG, si_code=SI_TKILL, si_pid=8776, si_uid=1001} ---
8779  tgkill(8776, 8781, SIGURG)        = 0
8781  --- SIGURG {si_signo=SIGURG, si_code=SI_TKILL, si_pid=8776, si_uid=1001} ---
8779  tgkill(8776, 8781, SIGURG)        = 0
8781  --- SIGURG {si_signo=SIGURG, si_code=SI_TKILL, si_pid=8776, si_uid=1001} ---
8777  tgkill(8776, 8781, SIGURG)        = 0
8781  --- SIGURG {si_signo=SIGURG, si_code=SI_TKILL, si_pid=8776, si_uid=1001} ---
8777  tgkill(8776, 8779, SIGURG)        = 0
8779  --- SIGURG {si_signo=SIGURG, si_code=SI_TKILL, si_pid=8776, si_uid=1001} ---
8777  tgkill(8776, 8776, SIGURG)        = 0
8776  --- SIGURG {si_signo=SIGURG, si_code=SI_TKILL, si_pid=8776, si_uid=1001} ---
8777  tgkill(8776, 8779, SIGURG)        = 0
8779  --- SIGURG {si_signo=SIGURG, si_code=SI_TKILL, si_pid=8776, si_uid=1001} ---
8777  tgkill(8776, 8781, SIGURG <unfinished ...>
8781  --- SIGURG {si_signo=SIGURG, si_code=SI_TKILL, si_pid=8776, si_uid=1001} ---
8777  <... tgkill resumed>)             = 0
8777  tgkill(8776, 8776, SIGURG)        = 0
8776  --- SIGURG {si_signo=SIGURG, si_code=SI_TKILL, si_pid=8776, si_uid=1001} ---
8777  tgkill(8776, 8780, SIGURG)        = 0
8780  --- SIGURG {si_signo=SIGURG, si_code=SI_TKILL, si_pid=8776, si_uid=1001} ---
8776  tgkill(8776, 8779, SIGURG)        = 0
8779  --- SIGURG {si_signo=SIGURG, si_code=SI_TKILL, si_pid=8776, si_uid=1001} ---
8781  tgkill(8776, 8776, SIGURG)        = 0
8776  --- SIGURG {si_signo=SIGURG, si_code=SI_TKILL, si_pid=8776, si_uid=1001} ---
8777  tgkill(8776, 8776, SIGURG)        = 0
8776  --- SIGURG {si_signo=SIGURG, si_code=SI_TKILL, si_pid=8776, si_uid=1001} ---
8777  tgkill(8776, 8779, SIGURG)        = 0
8779  --- SIGURG {si_signo=SIGURG, si_code=SI_TKILL, si_pid=8776, si_uid=1001} ---
8777  tgkill(8776, 8781, SIGURG <unfinished ...>
8781  --- SIGURG {si_signo=SIGURG, si_code=SI_TKILL, si_pid=8776, si_uid=1001} ---
8777  <... tgkill resumed>)             = 0
8777  tgkill(8776, 8776, SIGURG)        = 0
8776  --- SIGURG {si_signo=SIGURG, si_code=SI_TKILL, si_pid=8776, si_uid=1001} ---
8777  tgkill(8776, 8781, SIGURG)        = 0
8781  --- SIGURG {si_signo=SIGURG, si_code=SI_TKILL, si_pid=8776, si_uid=1001} ---
8777  tgkill(8776, 8780, SIGURG)        = 0
8780  --- SIGURG {si_signo=SIGURG, si_code=SI_TKILL, si_pid=8776, si_uid=1001} ---
8777  tgkill(8776, 8779, SIGURG <unfinished ...>
8779  --- SIGURG {si_signo=SIGURG, si_code=SI_TKILL, si_pid=8776, si_uid=1001} ---
8777  <... tgkill resumed>)             = 0
8777  tgkill(8776, 8776, SIGURG)        = 0
8779  tgkill(8776, 8781, SIGURG <unfinished ...>
8776  --- SIGURG {si_signo=SIGURG, si_code=SI_TKILL, si_pid=8776, si_uid=1001} ---
8779  <... tgkill resumed>)             = 0
8781  --- SIGURG {si_signo=SIGURG, si_code=SI_TKILL, si_pid=8776, si_uid=1001} ---
8779  tgkill(8776, 8780, SIGURG)        = 0
8780  --- SIGURG {si_signo=SIGURG, si_code=SI_TKILL, si_pid=8776, si_uid=1001} ---
8779  tgkill(8776, 8776, SIGURG)        = 0
8776  --- SIGURG {si_signo=SIGURG, si_code=SI_TKILL, si_pid=8776, si_uid=1001} ---
8776  tgkill(8776, 8779, SIGURG)        = 0
8779  --- SIGURG {si_signo=SIGURG, si_code=SI_TKILL, si_pid=8776, si_uid=1001} ---
8776  tgkill(8776, 8781, SIGURG)        = 0
8781  --- SIGURG {si_signo=SIGURG, si_code=SI_TKILL, si_pid=8776, si_uid=1001} ---
8776  tgkill(8776, 8780, SIGURG)        = 0
8780  --- SIGURG {si_signo=SIGURG, si_code=SI_TKILL, si_pid=8776, si_uid=1001} ---
8781  tgkill(8776, 8779, SIGURG)        = 0
8781  tgkill(8776, 8780, SIGURG <unfinished ...>
8779  --- SIGURG {si_signo=SIGURG, si_code=SI_TKILL, si_pid=8776, si_uid=1001} ---
8781  <... tgkill resumed>)             = 0
8780  --- SIGURG {si_signo=SIGURG, si_code=SI_TKILL, si_pid=8776, si_uid=1001} ---
8781  tgkill(8776, 8776, SIGURG)        = 0
8776  --- SIGURG {si_signo=SIGURG, si_code=SI_TKILL, si_pid=8776, si_uid=1001} ---
8781  tgkill(8776, 8779, SIGURG)        = 0
8779  --- SIGURG {si_signo=SIGURG, si_code=SI_TKILL, si_pid=8776, si_uid=1001} ---
8781  tgkill(8776, 8780, SIGURG)        = 0
8780  --- SIGURG {si_signo=SIGURG, si_code=SI_TKILL, si_pid=8776, si_uid=1001} ---
8781  tgkill(8776, 8779, SIGURG)        = 0
8779  --- SIGURG {si_signo=SIGURG, si_code=SI_TKILL, si_pid=8776, si_uid=1001} ---
8777  tgkill(8776, 8780, SIGURG)        = 0
8780  --- SIGURG {si_signo=SIGURG, si_code=SI_TKILL, si_pid=8776, si_uid=1001} ---
8777  tgkill(8776, 8779, SIGURG <unfinished ...>
8779  --- SIGURG {si_signo=SIGURG, si_code=SI_TKILL, si_pid=8776, si_uid=1001} ---
8777  <... tgkill resumed>)             = 0
8777  tgkill(8776, 8776, SIGURG)        = 0
8776  --- SIGURG {si_signo=SIGURG, si_code=SI_TKILL, si_pid=8776, si_uid=1001} ---
8777  tgkill(8776, 8781, SIGURG)        = 0
8781  --- SIGURG {si_signo=SIGURG, si_code=SI_TKILL, si_pid=8776, si_uid=1001} ---
8777  tgkill(8776, 8780, SIGURG)        = 0
8780  --- SIGURG {si_signo=SIGURG, si_code=SI_TKILL, si_pid=8776, si_uid=1001} ---
8777  tgkill(8776, 8779, SIGURG <unfinished ...>
8779  --- SIGURG {si_signo=SIGURG, si_code=SI_TKILL, si_pid=8776, si_uid=1001} ---
8777  <... tgkill resumed>)             = 0
8777  tgkill(8776, 8781, SIGURG <unfinished ...>
8781  --- SIGURG {si_signo=SIGURG, si_code=SI_TKILL, si_pid=8776, si_uid=1001} ---
8777  <... tgkill resumed>)             = 0
8777  tgkill(8776, 8780, SIGURG)        = 0
8780  --- SIGURG {si_signo=SIGURG, si_code=SI_TKILL, si_pid=8776, si_uid=1001} ---
8777  tgkill(8776, 8776, SIGURG)        = 0
8776  --- SIGURG {si_signo=SIGURG, si_code=SI_TKILL, si_pid=8776, si_uid=1001} ---
8777  tgkill(8776, 8779, SIGURG <unfinished ...>
8779  --- SIGURG {si_signo=SIGURG, si_code=SI_TKILL, si_pid=8776, si_uid=1001} ---
8777  <... tgkill resumed>)             = 0
8777  tgkill(8776, 8781, SIGURG <unfinished ...>
8781  --- SIGURG {si_signo=SIGURG, si_code=SI_TKILL, si_pid=8776, si_uid=1001} ---
8777  <... tgkill resumed>)             = 0
8777  tgkill(8776, 8780, SIGURG)        = 0
8780  --- SIGURG {si_signo=SIGURG, si_code=SI_TKILL, si_pid=8776, si_uid=1001} ---
8777  tgkill(8776, 8776, SIGURG)        = 0
8776  --- SIGURG {si_signo=SIGURG, si_code=SI_TKILL, si_pid=8776, si_uid=1001} ---
8777  tgkill(8776, 8779, SIGURG <unfinished ...>
8779  --- SIGURG {si_signo=SIGURG, si_code=SI_TKILL, si_pid=8776, si_uid=1001} ---
8777  <... tgkill resumed>)             = 0
8777  tgkill(8776, 8781, SIGURG <unfinished ...>
8781  --- SIGURG {si_signo=SIGURG, si_code=SI_TKILL, si_pid=8776, si_uid=1001} ---
8777  <... tgkill resumed>)             = 0
8777  tgkill(8776, 8780, SIGURG)        = 0
8780  --- SIGURG {si_signo=SIGURG, si_code=SI_TKILL, si_pid=8776, si_uid=1001} ---
8777  tgkill(8776, 8776, SIGURG)        = 0
8776  --- SIGURG {si_signo=SIGURG, si_code=SI_TKILL, si_pid=8776, si_uid=1001} ---
8777  tgkill(8776, 8779, SIGURG)        = 0
8779  --- SIGURG {si_signo=SIGURG, si_code=SI_TKILL, si_pid=8776, si_uid=1001} ---
8777  tgkill(8776, 8781, SIGURG <unfinished ...>
8781  --- SIGURG {si_signo=SIGURG, si_code=SI_TKILL, si_pid=8776, si_uid=1001} ---
8777  <... tgkill resumed>)             = 0
8777  tgkill(8776, 8780, SIGURG <unfinished ...>
8780  --- SIGURG {si_signo=SIGURG, si_code=SI_TKILL, si_pid=8776, si_uid=1001} ---
8777  <... tgkill resumed>)             = 0
8776  tgkill(8776, 8779, SIGURG)        = 0
8779  --- SIGURG {si_signo=SIGURG, si_code=SI_TKILL, si_pid=8776, si_uid=1001} ---
8776  tgkill(8776, 8780, SIGURG)        = 0
8780  --- SIGURG {si_signo=SIGURG, si_code=SI_TKILL, si_pid=8776, si_uid=1001} ---
8781  tgkill(8776, 8779, SIGURG)        = 0
8779  --- SIGURG {si_signo=SIGURG, si_code=SI_TKILL, si_pid=8776, si_uid=1001} ---
8781  tgkill(8776, 8776, SIGURG)        = 0
8776  --- SIGURG {si_signo=SIGURG, si_code=SI_TKILL, si_pid=8776, si_uid=1001} ---
8780  tgkill(8776, 8779, SIGURG)        = 0
8779  --- SIGURG {si_signo=SIGURG, si_code=SI_TKILL, si_pid=8776, si_uid=1001} ---
8777  tgkill(8776, 8776, SIGURG)        = 0
8776  --- SIGURG {si_signo=SIGURG, si_code=SI_TKILL, si_pid=8776, si_uid=1001} ---
8777  tgkill(8776, 8779, SIGURG)        = 0
8779  --- SIGURG {si_signo=SIGURG, si_code=SI_TKILL, si_pid=8776, si_uid=1001} ---
8777  tgkill(8776, 8781, SIGURG <unfinished ...>
8781  --- SIGURG {si_signo=SIGURG, si_code=SI_TKILL, si_pid=8776, si_uid=1001} ---
8777  <... tgkill resumed>)             = 0
8777  tgkill(8776, 8780, SIGURG <unfinished ...>
8780  --- SIGURG {si_signo=SIGURG, si_code=SI_TKILL, si_pid=8776, si_uid=1001} ---
8777  <... tgkill resumed>)             = 0
8777  tgkill(8776, 8781, SIGURG <unfinished ...>
8781  --- SIGURG {si_signo=SIGURG, si_code=SI_TKILL, si_pid=8776, si_uid=1001} ---
8777  <... tgkill resumed>)             = 0
8777  tgkill(8776, 8776, SIGURG)        = 0
8776  --- SIGURG {si_signo=SIGURG, si_code=SI_TKILL, si_pid=8776, si_uid=1001} ---
8777  tgkill(8776, 8779, SIGURG)        = 0
8779  --- SIGURG {si_signo=SIGURG, si_code=SI_TKILL, si_pid=8776, si_uid=1001} ---
8777  tgkill(8776, 8781, SIGURG <unfinished ...>
8781  --- SIGURG {si_signo=SIGURG, si_code=SI_TKILL, si_pid=8776, si_uid=1001} ---
8777  <... tgkill resumed>)             = 0
8777  tgkill(8776, 8780, SIGURG)        = 0
8780  --- SIGURG {si_signo=SIGURG, si_code=SI_TKILL, si_pid=8776, si_uid=1001} ---
8777  tgkill(8776, 8781, SIGURG <unfinished ...>
8781  --- SIGURG {si_signo=SIGURG, si_code=SI_TKILL, si_pid=8776, si_uid=1001} ---
8777  <... tgkill resumed>)             = 0
8777  tgkill(8776, 8776, SIGURG)        = 0
8776  --- SIGURG {si_signo=SIGURG, si_code=SI_TKILL, si_pid=8776, si_uid=1001} ---
8777  tgkill(8776, 8779, SIGURG <unfinished ...>
8779  --- SIGURG {si_signo=SIGURG, si_code=SI_TKILL, si_pid=8776, si_uid=1001} ---
8777  <... tgkill resumed>)             = 0
8777  tgkill(8776, 8781, SIGURG)        = 0
8781  --- SIGURG {si_signo=SIGURG, si_code=SI_TKILL, si_pid=8776, si_uid=1001} ---
8777  tgkill(8776, 8780, SIGURG <unfinished ...>
8780  --- SIGURG {si_signo=SIGURG, si_code=SI_TKILL, si_pid=8776, si_uid=1001} ---
8777  <... tgkill resumed>)             = 0
8777  tgkill(8776, 8776, SIGURG)        = 0
8776  --- SIGURG {si_signo=SIGURG, si_code=SI_TKILL, si_pid=8776, si_uid=1001} ---
8776  tgkill(8776, 8779, SIGURG)        = 0
8779  --- SIGURG {si_signo=SIGURG, si_code=SI_TKILL, si_pid=8776, si_uid=1001} ---
8776  tgkill(8776, 8781, SIGURG)        = 0
8781  --- SIGURG {si_signo=SIGURG, si_code=SI_TKILL, si_pid=8776, si_uid=1001} ---
8776  tgkill(8776, 8780, SIGURG)        = 0
8780  --- SIGURG {si_signo=SIGURG, si_code=SI_TKILL, si_pid=8776, si_uid=1001} ---
8780  tgkill(8776, 8779, SIGURG)        = 0
8779  --- SIGURG {si_signo=SIGURG, si_code=SI_TKILL, si_pid=8776, si_uid=1001} ---
8780  tgkill(8776, 8781, SIGURG)        = 0
8781  --- SIGURG {si_signo=SIGURG, si_code=SI_TKILL, si_pid=8776, si_uid=1001} ---
8780  tgkill(8776, 8776, SIGURG)        = 0
8776  --- SIGURG {si_signo=SIGURG, si_code=SI_TKILL, si_pid=8776, si_uid=1001} ---
8780  tgkill(8776, 8779, SIGURG)        = 0
8779  --- SIGURG {si_signo=SIGURG, si_code=SI_TKILL, si_pid=8776, si_uid=1001} ---
8780  tgkill(8776, 8781, SIGURG)        = 0
8781  --- SIGURG {si_signo=SIGURG, si_code=SI_TKILL, si_pid=8776, si_uid=1001} ---
8780  tgkill(8776, 8776, SIGURG)        = 0
8776  --- SIGURG {si_signo=SIGURG, si_code=SI_TKILL, si_pid=8776, si_uid=1001} ---
8780  tgkill(8776, 8779, SIGURG)        = 0
8779  --- SIGURG {si_signo=SIGURG, si_code=SI_TKILL, si_pid=8776, si_uid=1001} ---
8780  tgkill(8776, 8781, SIGURG)        = 0
8781  --- SIGURG {si_signo=SIGURG, si_code=SI_TKILL, si_pid=8776, si_uid=1001} ---
8780  tgkill(8776, 8776, SIGURG)        = 0
8776  --- SIGURG {si_signo=SIGURG, si_code=SI_TKILL, si_pid=8776, si_uid=1001} ---
8780  tgkill(8776, 8779, SIGURG)        = 0
8779  --- SIGURG {si_signo=SIGURG, si_code=SI_TKILL, si_pid=8776, si_uid=1001} ---
8780  tgkill(8776, 8781, SIGURG)        = 0
8781  --- SIGURG {si_signo=SIGURG, si_code=SI_TKILL, si_pid=8776, si_uid=1001} ---
8780  tgkill(8776, 8776, SIGURG)        = 0
8776  --- SIGURG {si_signo=SIGURG, si_code=SI_TKILL, si_pid=8776, si_uid=1001} ---
8777  tgkill(8776, 8779, SIGURG)        = 0
8779  --- SIGURG {si_signo=SIGURG, si_code=SI_TKILL, si_pid=8776, si_uid=1001} ---
8777  tgkill(8776, 8776, SIGURG)        = 0
8776  --- SIGURG {si_signo=SIGURG, si_code=SI_TKILL, si_pid=8776, si_uid=1001} ---
8777  tgkill(8776, 8781, SIGURG)        = 0
8781  --- SIGURG {si_signo=SIGURG, si_code=SI_TKILL, si_pid=8776, si_uid=1001} ---
8777  tgkill(8776, 8780, SIGURG <unfinished ...>
8780  --- SIGURG {si_signo=SIGURG, si_code=SI_TKILL, si_pid=8776, si_uid=1001} ---
8777  <... tgkill resumed>)             = 0
8777  tgkill(8776, 8779, SIGURG)        = 0
8779  --- SIGURG {si_signo=SIGURG, si_code=SI_TKILL, si_pid=8776, si_uid=1001} ---
8777  tgkill(8776, 8781, SIGURG)        = 0
8781  --- SIGURG {si_signo=SIGURG, si_code=SI_TKILL, si_pid=8776, si_uid=1001} ---
8777  tgkill(8776, 8780, SIGURG <unfinished ...>
8780  --- SIGURG {si_signo=SIGURG, si_code=SI_TKILL, si_pid=8776, si_uid=1001} ---
8777  <... tgkill resumed>)             = 0
8777  tgkill(8776, 8776, SIGURG)        = 0
8776  --- SIGURG {si_signo=SIGURG, si_code=SI_TKILL, si_pid=8776, si_uid=1001} ---
8777  tgkill(8776, 8779, SIGURG)        = 0
8779  --- SIGURG {si_signo=SIGURG, si_code=SI_TKILL, si_pid=8776, si_uid=1001} ---
8777  tgkill(8776, 8781, SIGURG)        = 0
8781  --- SIGURG {si_signo=SIGURG, si_code=SI_TKILL, si_pid=8776, si_uid=1001} ---
8777  tgkill(8776, 8780, SIGURG <unfinished ...>
8780  --- SIGURG {si_signo=SIGURG, si_code=SI_TKILL, si_pid=8776, si_uid=1001} ---
8777  <... tgkill resumed>)             = 0
8777  tgkill(8776, 8776, SIGURG)        = 0
8776  --- SIGURG {si_signo=SIGURG, si_code=SI_TKILL, si_pid=8776, si_uid=1001} ---
8777  tgkill(8776, 8779, SIGURG)        = 0
8779  --- SIGURG {si_signo=SIGURG, si_code=SI_TKILL, si_pid=8776, si_uid=1001} ---
8777  tgkill(8776, 8776, SIGURG)        = 0
8776  --- SIGURG {si_signo=SIGURG, si_code=SI_TKILL, si_pid=8776, si_uid=1001} ---
8777  tgkill(8776, 8779, SIGURG)        = 0
8779  --- SIGURG {si_signo=SIGURG, si_code=SI_TKILL, si_pid=8776, si_uid=1001} ---
8777  tgkill(8776, 8781, SIGURG)        = 0
8781  --- SIGURG {si_signo=SIGURG, si_code=SI_TKILL, si_pid=8776, si_uid=1001} ---
8777  tgkill(8776, 8776, SIGURG)        = 0
8776  --- SIGURG {si_signo=SIGURG, si_code=SI_TKILL, si_pid=8776, si_uid=1001} ---
8777  tgkill(8776, 8780, SIGURG <unfinished ...>
8780  --- SIGURG {si_signo=SIGURG, si_code=SI_TKILL, si_pid=8776, si_uid=1001} ---
8777  <... tgkill resumed>)             = 0
8777  tgkill(8776, 8779, SIGURG <unfinished ...>
8779  --- SIGURG {si_signo=SIGURG, si_code=SI_TKILL, si_pid=8776, si_uid=1001} ---
8777  <... tgkill resumed>)             = 0
8777  tgkill(8776, 8781, SIGURG)        = 0
8781  --- SIGURG {si_signo=SIGURG, si_code=SI_TKILL, si_pid=8776, si_uid=1001} ---
8777  tgkill(8776, 8776, SIGURG)        = 0
8776  --- SIGURG {si_signo=SIGURG, si_code=SI_TKILL, si_pid=8776, si_uid=1001} ---
8776  tgkill(8776, 8779, SIGURG)        = 0
8779  --- SIGURG {si_signo=SIGURG, si_code=SI_TKILL, si_pid=8776, si_uid=1001} ---
8780  tgkill(8776, 8776, SIGURG)        = 0
8776  --- SIGURG {si_signo=SIGURG, si_code=SI_TKILL, si_pid=8776, si_uid=1001} ---
8780  tgkill(8776, 8779, SIGURG)        = 0
8779  --- SIGURG {si_signo=SIGURG, si_code=SI_TKILL, si_pid=8776, si_uid=1001} ---
8780  tgkill(8776, 8779, SIGURG)        = 0
8779  --- SIGURG {si_signo=SIGURG, si_code=SI_TKILL, si_pid=8776, si_uid=1001} ---
8780  tgkill(8776, 8781, SIGURG)        = 0
8781  --- SIGURG {si_signo=SIGURG, si_code=SI_TKILL, si_pid=8776, si_uid=1001} ---
8777  tgkill(8776, 8779, SIGURG)        = 0
8779  --- SIGURG {si_signo=SIGURG, si_code=SI_TKILL, si_pid=8776, si_uid=1001} ---
8777  tgkill(8776, 8780, SIGURG <unfinished ...>
8780  --- SIGURG {si_signo=SIGURG, si_code=SI_TKILL, si_pid=8776, si_uid=1001} ---
8777  <... tgkill resumed>)             = 0
8777  tgkill(8776, 8781, SIGURG <unfinished ...>
8781  --- SIGURG {si_signo=SIGURG, si_code=SI_TKILL, si_pid=8776, si_uid=1001} ---
8777  <... tgkill resumed>)             = 0
8777  tgkill(8776, 8776, SIGURG)        = 0
8776  --- SIGURG {si_signo=SIGURG, si_code=SI_TKILL, si_pid=8776, si_uid=1001} ---
8777  tgkill(8776, 8780, SIGURG <unfinished ...>
8780  --- SIGURG {si_signo=SIGURG, si_code=SI_TKILL, si_pid=8776, si_uid=1001} ---
8777  <... tgkill resumed>)             = 0
8777  tgkill(8776, 8779, SIGURG <unfinished ...>
8779  --- SIGURG {si_signo=SIGURG, si_code=SI_TKILL, si_pid=8776, si_uid=1001} ---
8777  <... tgkill resumed>)             = 0
8777  tgkill(8776, 8780, SIGURG <unfinished ...>
8780  --- SIGURG {si_signo=SIGURG, si_code=SI_TKILL, si_pid=8776, si_uid=1001} ---
8777  <... tgkill resumed>)             = 0
8777  tgkill(8776, 8781, SIGURG <unfinished ...>
8781  --- SIGURG {si_signo=SIGURG, si_code=SI_TKILL, si_pid=8776, si_uid=1001} ---
8777  <... tgkill resumed>)             = 0
8777  tgkill(8776, 8776, SIGURG)        = 0
8776  --- SIGURG {si_signo=SIGURG, si_code=SI_TKILL, si_pid=8776, si_uid=1001} ---
8777  tgkill(8776, 8780, SIGURG)        = 0
8780  --- SIGURG {si_signo=SIGURG, si_code=SI_TKILL, si_pid=8776, si_uid=1001} ---
8777  tgkill(8776, 8779, SIGURG <unfinished ...>
8779  --- SIGURG {si_signo=SIGURG, si_code=SI_TKILL, si_pid=8776, si_uid=1001} ---
8777  <... tgkill resumed>)             = 0
8777  tgkill(8776, 8780, SIGURG)        = 0
8780  --- SIGURG {si_signo=SIGURG, si_code=SI_TKILL, si_pid=8776, si_uid=1001} ---
8777  tgkill(8776, 8780, SIGURG <unfinished ...>
8780  --- SIGURG {si_signo=SIGURG, si_code=SI_TKILL, si_pid=8776, si_uid=1001} ---
8777  <... tgkill resumed>)             = 0
8777  tgkill(8776, 8781, SIGURG <unfinished ...>
8781  --- SIGURG {si_signo=SIGURG, si_code=SI_TKILL, si_pid=8776, si_uid=1001} ---
8777  <... tgkill resumed>)             = 0
8777  tgkill(8776, 8776, SIGURG)        = 0
8776  --- SIGURG {si_signo=SIGURG, si_code=SI_TKILL, si_pid=8776, si_uid=1001} ---
8780  tgkill(8776, 8779, SIGURG)        = 0
8779  --- SIGURG {si_signo=SIGURG, si_code=SI_TKILL, si_pid=8776, si_uid=1001} ---
8780  tgkill(8776, 8781, SIGURG)        = 0
8781  --- SIGURG {si_signo=SIGURG, si_code=SI_TKILL, si_pid=8776, si_uid=1001} ---
8780  tgkill(8776, 8776, SIGURG)        = 0
8776  --- SIGURG {si_signo=SIGURG, si_code=SI_TKILL, si_pid=8776, si_uid=1001} ---
8781  tgkill(8776, 8779, SIGURG)        = 0
8779  --- SIGURG {si_signo=SIGURG, si_code=SI_TKILL, si_pid=8776, si_uid=1001} ---
8781  tgkill(8776, 8780, SIGURG)        = 0
8780  --- SIGURG {si_signo=SIGURG, si_code=SI_TKILL, si_pid=8776, si_uid=1001} ---
8781  tgkill(8776, 8776, SIGURG)        = 0
8776  --- SIGURG {si_signo=SIGURG, si_code=SI_TKILL, si_pid=8776, si_uid=1001} ---
8781  tgkill(8776, 8779, SIGURG)        = 0
8781  tgkill(8776, 8780, SIGURG <unfinished ...>
8779  --- SIGURG {si_signo=SIGURG, si_code=SI_TKILL, si_pid=8776, si_uid=1001} ---
8781  <... tgkill resumed>)             = 0
8780  --- SIGURG {si_signo=SIGURG, si_code=SI_TKILL, si_pid=8776, si_uid=1001} ---
8781  tgkill(8776, 8776, SIGURG)        = 0
8776  --- SIGURG {si_signo=SIGURG, si_code=SI_TKILL, si_pid=8776, si_uid=1001} ---
8781  tgkill(8776, 8779, SIGURG)        = 0
8779  --- SIGURG {si_signo=SIGURG, si_code=SI_TKILL, si_pid=8776, si_uid=1001} ---
8781  tgkill(8776, 8780, SIGURG)        = 0
8780  --- SIGURG {si_signo=SIGURG, si_code=SI_TKILL, si_pid=8776, si_uid=1001} ---
8781  tgkill(8776, 8776, SIGURG)        = 0
8776  --- SIGURG {si_signo=SIGURG, si_code=SI_TKILL, si_pid=8776, si_uid=1001} ---
8777  tgkill(8776, 8780, SIGURG)        = 0
8780  --- SIGURG {si_signo=SIGURG, si_code=SI_TKILL, si_pid=8776, si_uid=1001} ---
8777  tgkill(8776, 8779, SIGURG <unfinished ...>
8779  --- SIGURG {si_signo=SIGURG, si_code=SI_TKILL, si_pid=8776, si_uid=1001} ---
8777  <... tgkill resumed>)             = 0
8777  tgkill(8776, 8781, SIGURG <unfinished ...>
8781  --- SIGURG {si_signo=SIGURG, si_code=SI_TKILL, si_pid=8776, si_uid=1001} ---
8777  <... tgkill resumed>)             = 0
8777  tgkill(8776, 8779, SIGURG)        = 0
8779  --- SIGURG {si_signo=SIGURG, si_code=SI_TKILL, si_pid=8776, si_uid=1001} ---
8777  tgkill(8776, 8776, SIGURG)        = 0
8776  --- SIGURG {si_signo=SIGURG, si_code=SI_TKILL, si_pid=8776, si_uid=1001} ---
8777  tgkill(8776, 8776, SIGURG)        = 0
8776  --- SIGURG {si_signo=SIGURG, si_code=SI_TKILL, si_pid=8776, si_uid=1001} ---
8777  tgkill(8776, 8780, SIGURG <unfinished ...>
8780  --- SIGURG {si_signo=SIGURG, si_code=SI_TKILL, si_pid=8776, si_uid=1001} ---
8777  <... tgkill resumed>)             = 0
8777  tgkill(8776, 8776, SIGURG)        = 0
8776  --- SIGURG {si_signo=SIGURG, si_code=SI_TKILL, si_pid=8776, si_uid=1001} ---
8777  tgkill(8776, 8776, SIGURG)        = 0
8776  --- SIGURG {si_signo=SIGURG, si_code=SI_TKILL, si_pid=8776, si_uid=1001} ---
8777  tgkill(8776, 8776, SIGURG)        = 0
8776  --- SIGURG {si_signo=SIGURG, si_code=SI_TKILL, si_pid=8776, si_uid=1001} ---
8777  tgkill(8776, 8776, SIGURG)        = 0
8776  --- SIGURG {si_signo=SIGURG, si_code=SI_TKILL, si_pid=8776, si_uid=1001} ---
8777  tgkill(8776, 8776, SIGURG)        = 0
8776  --- SIGURG {si_signo=SIGURG, si_code=SI_TKILL, si_pid=8776, si_uid=1001} ---
8777  tgkill(8776, 8776, SIGURG)        = 0
8776  --- SIGURG {si_signo=SIGURG, si_code=SI_TKILL, si_pid=8776, si_uid=1001} ---
8777  tgkill(8776, 8776, SIGURG)        = 0
8776  --- SIGURG {si_signo=SIGURG, si_code=SI_TKILL, si_pid=8776, si_uid=1001} ---
8777  tgkill(8776, 8780, SIGURG)        = 0
8780  --- SIGURG {si_signo=SIGURG, si_code=SI_TKILL, si_pid=8776, si_uid=1001} ---
8780  exit_group(0)                     = ?
8782  +++ exited with 0 +++
8781  +++ exited with 0 +++
8780  +++ exited with 0 +++
8779  +++ exited with 0 +++
8778  +++ exited with 0 +++
8777  +++ exited with 0 +++
8776  +++ exited with 0 +++
8402  --- SIGCHLD {si_signo=SIGCHLD, si_code=CLD_EXITED, si_pid=8776, si_uid=1001, si_status=0, si_utime=357 /* 3.57 s */, si_stime=21 /* 0.21 s */} ---
8400  <... waitid resumed>{si_signo=SIGCHLD, si_code=CLD_EXITED, si_pid=8776, si_uid=1001, si_status=0, si_utime=0, si_stime=0}, WEXITED, {ru_utime={tv_sec=3, tv_usec=583206}, ru_stime={tv_sec=0, tv_usec=210364}, ...}) = 0
8402  clone(child_stack=NULL, flags=CLONE_VM|CLONE_PIDFD|CLONE_VFORK|SIGCHLD <unfinished ...>
8783  execve("/opt/hostedtoolcache/go/1.27.0/arm64/pkg/tool/linux_arm64/asm", ["/opt/hostedtoolcache/go/1.27.0/a"..., "-p", "runtime", "-trimpath", "/tmp/go-build1141159733/b009=>", "-I", "/tmp/go-build1141159733/b009/", "-I", "/opt/hostedtoolcache/go/1.27.0/a"..., "-D", "GOOS_linux", "-D", "GOARCH_arm64", "-std", "-o", "/tmp/go-build1141159733/b009/asm"..., "/opt/hostedtoolcache/go/1.27.0/a"...], 0x727b414f2008 /* 140 vars */ <unfinished ...>
8402  <... clone resumed>, parent_tid=[12]) = 8783
8783  <... execve resumed>)             = 0
8402  waitid(P_PIDFD, 12,  <unfinished ...>
8783  clone(child_stack=0x36f726170000, flags=CLONE_VM|CLONE_FS|CLONE_FILES|CLONE_SIGHAND|CLONE_THREAD|CLONE_SYSVSEM) = 8784
8783  clone(child_stack=0x36f7261a8000, flags=CLONE_VM|CLONE_FS|CLONE_FILES|CLONE_SIGHAND|CLONE_THREAD|CLONE_SYSVSEM) = 8785
8783  clone(child_stack=0x36f7261a4000, flags=CLONE_VM|CLONE_FS|CLONE_FILES|CLONE_SIGHAND|CLONE_THREAD|CLONE_SYSVSEM) = 8786
8785  clone(child_stack=0x36f726218000, flags=CLONE_VM|CLONE_FS|CLONE_FILES|CLONE_SIGHAND|CLONE_THREAD|CLONE_SYSVSEM) = 8787
8783  exit_group(0)                     = ?
8784  +++ exited with 0 +++
8786  +++ exited with 0 +++
8785  +++ exited with 0 +++
8787  +++ exited with 0 +++
8783  +++ exited with 0 +++
8402  <... waitid resumed>{si_signo=SIGCHLD, si_code=CLD_EXITED, si_pid=8783, si_uid=1001, si_status=0, si_utime=0, si_stime=0}, WEXITED, {ru_utime={tv_sec=0, tv_usec=0}, ru_stime={tv_sec=0, tv_usec=6375}, ...}) = 0
8400  --- SIGCHLD {si_signo=SIGCHLD, si_code=CLD_EXITED, si_pid=8783, si_uid=1001, si_status=0, si_utime=0, si_stime=0} ---
8400  clone(child_stack=NULL, flags=CLONE_VM|CLONE_PIDFD|CLONE_VFORK|SIGCHLD <unfinished ...>
8788  execve("/opt/hostedtoolcache/go/1.27.0/arm64/pkg/tool/linux_arm64/asm", ["/opt/hostedtoolcache/go/1.27.0/a"..., "-p", "runtime", "-trimpath", "/tmp/go-build1141159733/b009=>", "-I", "/tmp/go-build1141159733/b009/", "-I", "/opt/hostedtoolcache/go/1.27.0/a"..., "-D", "GOOS_linux", "-D", "GOARCH_arm64", "-std", "-o", "/tmp/go-build1141159733/b009/asm"..., "/opt/hostedtoolcache/go/1.27.0/a"...], 0x727b414f2488 /* 140 vars */ <unfinished ...>
8400  <... clone resumed>, parent_tid=[12]) = 8788
8788  <... execve resumed>)             = 0
8400  waitid(P_PIDFD, 12,  <unfinished ...>
8788  clone(child_stack=0x6177a38f6000, flags=CLONE_VM|CLONE_FS|CLONE_FILES|CLONE_SIGHAND|CLONE_THREAD|CLONE_SYSVSEM) = 8789
8788  clone(child_stack=0x6177a392e000, flags=CLONE_VM|CLONE_FS|CLONE_FILES|CLONE_SIGHAND|CLONE_THREAD|CLONE_SYSVSEM) = 8790
8788  clone(child_stack=0x6177a392a000, flags=CLONE_VM|CLONE_FS|CLONE_FILES|CLONE_SIGHAND|CLONE_THREAD|CLONE_SYSVSEM) = 8791
8790  clone(child_stack=0x6177a3998000, flags=CLONE_VM|CLONE_FS|CLONE_FILES|CLONE_SIGHAND|CLONE_THREAD|CLONE_SYSVSEM) = 8792
8788  exit_group(0)                     = ?
8792  +++ exited with 0 +++
8791  +++ exited with 0 +++
8790  +++ exited with 0 +++
8789  +++ exited with 0 +++
8788  +++ exited with 0 +++
8402  --- SIGCHLD {si_signo=SIGCHLD, si_code=CLD_EXITED, si_pid=8788, si_uid=1001, si_status=0, si_utime=0, si_stime=0} ---
8400  <... waitid resumed>{si_signo=SIGCHLD, si_code=CLD_EXITED, si_pid=8788, si_uid=1001, si_status=0, si_utime=0, si_stime=0}, WEXITED, {ru_utime={tv_sec=0, tv_usec=2742}, ru_stime={tv_sec=0, tv_usec=10970}, ...}) = 0
8402  clone(child_stack=NULL, flags=CLONE_VM|CLONE_PIDFD|CLONE_VFORK|SIGCHLD <unfinished ...>
8793  execve("/opt/hostedtoolcache/go/1.27.0/arm64/pkg/tool/linux_arm64/asm", ["/opt/hostedtoolcache/go/1.27.0/a"..., "-p", "runtime", "-trimpath", "/tmp/go-build1141159733/b009=>", "-I", "/tmp/go-build1141159733/b009/", "-I", "/opt/hostedtoolcache/go/1.27.0/a"..., "-D", "GOOS_linux", "-D", "GOARCH_arm64", "-std", "-o", "/tmp/go-build1141159733/b009/ato"..., "/opt/hostedtoolcache/go/1.27.0/a"...], 0x727b411c1208 /* 140 vars */ <unfinished ...>
8402  <... clone resumed>, parent_tid=[12]) = 8793
8793  <... execve resumed>)             = 0
8402  waitid(P_PIDFD, 12,  <unfinished ...>
8793  clone(child_stack=0x1192ffb0c000, flags=CLONE_VM|CLONE_FS|CLONE_FILES|CLONE_SIGHAND|CLONE_THREAD|CLONE_SYSVSEM) = 8794
8793  clone(child_stack=0x1192ffb44000, flags=CLONE_VM|CLONE_FS|CLONE_FILES|CLONE_SIGHAND|CLONE_THREAD|CLONE_SYSVSEM) = 8795
8793  clone(child_stack=0x1192ffb40000, flags=CLONE_VM|CLONE_FS|CLONE_FILES|CLONE_SIGHAND|CLONE_THREAD|CLONE_SYSVSEM) = 8796
8795  clone(child_stack=0x1192ffb98000, flags=CLONE_VM|CLONE_FS|CLONE_FILES|CLONE_SIGHAND|CLONE_THREAD|CLONE_SYSVSEM) = 8797
8793  exit_group(0)                     = ?
8797  +++ exited with 0 +++
8796  +++ exited with 0 +++
8795  +++ exited with 0 +++
8794  +++ exited with 0 +++
8793  +++ exited with 0 +++
8402  <... waitid resumed>{si_signo=SIGCHLD, si_code=CLD_EXITED, si_pid=8793, si_uid=1001, si_status=0, si_utime=0, si_stime=0}, WEXITED, {ru_utime={tv_sec=0, tv_usec=1801}, ru_stime={tv_sec=0, tv_usec=4504}, ...}) = 0
8400  --- SIGCHLD {si_signo=SIGCHLD, si_code=CLD_EXITED, si_pid=8793, si_uid=1001, si_status=0, si_utime=0, si_stime=0} ---
8400  clone(child_stack=NULL, flags=CLONE_VM|CLONE_PIDFD|CLONE_VFORK|SIGCHLD <unfinished ...>
8798  execve("/opt/hostedtoolcache/go/1.27.0/arm64/pkg/tool/linux_arm64/asm", ["/opt/hostedtoolcache/go/1.27.0/a"..., "-p", "runtime", "-trimpath", "/tmp/go-build1141159733/b009=>", "-I", "/tmp/go-build1141159733/b009/", "-I", "/opt/hostedtoolcache/go/1.27.0/a"..., "-D", "GOOS_linux", "-D", "GOARCH_arm64", "-std", "-o", "/tmp/go-build1141159733/b009/int"..., "/opt/hostedtoolcache/go/1.27.0/a"...], 0x727b414f2908 /* 140 vars */ <unfinished ...>
8400  <... clone resumed>, parent_tid=[12]) = 8798
8798  <... execve resumed>)             = 0
8400  waitid(P_PIDFD, 12,  <unfinished ...>
8798  clone(child_stack=0x59d5035e2000, flags=CLONE_VM|CLONE_FS|CLONE_FILES|CLONE_SIGHAND|CLONE_THREAD|CLONE_SYSVSEM) = 8799
8798  clone(child_stack=0x59d50361a000, flags=CLONE_VM|CLONE_FS|CLONE_FILES|CLONE_SIGHAND|CLONE_THREAD|CLONE_SYSVSEM) = 8800
8798  clone(child_stack=0x59d503616000, flags=CLONE_VM|CLONE_FS|CLONE_FILES|CLONE_SIGHAND|CLONE_THREAD|CLONE_SYSVSEM) = 8801
8800  clone(child_stack=0x59d503698000, flags=CLONE_VM|CLONE_FS|CLONE_FILES|CLONE_SIGHAND|CLONE_THREAD|CLONE_SYSVSEM) = 8802
8798  exit_group(0)                     = ?
8802  +++ exited with 0 +++
8801  +++ exited with 0 +++
8800  +++ exited with 0 +++
8799  +++ exited with 0 +++
8798  +++ exited with 0 +++
8400  <... waitid resumed>{si_signo=SIGCHLD, si_code=CLD_EXITED, si_pid=8798, si_uid=1001, si_status=0, si_utime=0, si_stime=0}, WEXITED, {ru_utime={tv_sec=0, tv_usec=924}, ru_stime={tv_sec=0, tv_usec=5544}, ...}) = 0
8402  --- SIGCHLD {si_signo=SIGCHLD, si_code=CLD_EXITED, si_pid=8798, si_uid=1001, si_status=0, si_utime=0, si_stime=0} ---
8402  clone(child_stack=NULL, flags=CLONE_VM|CLONE_PIDFD|CLONE_VFORK|SIGCHLD <unfinished ...>
8803  execve("/opt/hostedtoolcache/go/1.27.0/arm64/pkg/tool/linux_arm64/asm", ["/opt/hostedtoolcache/go/1.27.0/a"..., "-p", "runtime", "-trimpath", "/tmp/go-build1141159733/b009=>", "-I", "/tmp/go-build1141159733/b009/", "-I", "/opt/hostedtoolcache/go/1.27.0/a"..., "-D", "GOOS_linux", "-D", "GOARCH_arm64", "-std", "-o", "/tmp/go-build1141159733/b009/mem"..., "/opt/hostedtoolcache/go/1.27.0/a"...], 0x727b411c1688 /* 140 vars */ <unfinished ...>
8402  <... clone resumed>, parent_tid=[12]) = 8803
8803  <... execve resumed>)             = 0
8402  waitid(P_PIDFD, 12,  <unfinished ...>
8803  clone(child_stack=0x607e8b762000, flags=CLONE_VM|CLONE_FS|CLONE_FILES|CLONE_SIGHAND|CLONE_THREAD|CLONE_SYSVSEM) = 8804
8803  clone(child_stack=0x607e8b79a000, flags=CLONE_VM|CLONE_FS|CLONE_FILES|CLONE_SIGHAND|CLONE_THREAD|CLONE_SYSVSEM) = 8805
8803  clone(child_stack=0x607e8b796000, flags=CLONE_VM|CLONE_FS|CLONE_FILES|CLONE_SIGHAND|CLONE_THREAD|CLONE_SYSVSEM) = 8806
8805  clone(child_stack=0x607e8b818000, flags=CLONE_VM|CLONE_FS|CLONE_FILES|CLONE_SIGHAND|CLONE_THREAD|CLONE_SYSVSEM) = 8807
8803  exit_group(0)                     = ?
8806  +++ exited with 0 +++
8805  +++ exited with 0 +++
8804  +++ exited with 0 +++
8807  +++ exited with 0 +++
8803  +++ exited with 0 +++
8400  --- SIGCHLD {si_signo=SIGCHLD, si_code=CLD_EXITED, si_pid=8803, si_uid=1001, si_status=0, si_utime=0, si_stime=0} ---
8402  <... waitid resumed>{si_signo=SIGCHLD, si_code=CLD_EXITED, si_pid=8803, si_uid=1001, si_status=0, si_utime=0, si_stime=0}, WEXITED, {ru_utime={tv_sec=0, tv_usec=2477}, ru_stime={tv_sec=0, tv_usec=3715}, ...}) = 0
8400  clone(child_stack=NULL, flags=CLONE_VM|CLONE_PIDFD|CLONE_VFORK|SIGCHLD <unfinished ...>
8808  execve("/opt/hostedtoolcache/go/1.27.0/arm64/pkg/tool/linux_arm64/asm", ["/opt/hostedtoolcache/go/1.27.0/a"..., "-p", "runtime", "-trimpath", "/tmp/go-build1141159733/b009=>", "-I", "/tmp/go-build1141159733/b009/", "-I", "/opt/hostedtoolcache/go/1.27.0/a"..., "-D", "GOOS_linux", "-D", "GOARCH_arm64", "-std", "-o", "/tmp/go-build1141159733/b009/mem"..., "/opt/hostedtoolcache/go/1.27.0/a"...], 0x727b414f3208 /* 140 vars */ <unfinished ...>
8400  <... clone resumed>, parent_tid=[12]) = 8808
8808  <... execve resumed>)             = 0
8400  waitid(P_PIDFD, 12,  <unfinished ...>
8808  clone(child_stack=0x48b495c2c000, flags=CLONE_VM|CLONE_FS|CLONE_FILES|CLONE_SIGHAND|CLONE_THREAD|CLONE_SYSVSEM) = 8809
8808  clone(child_stack=0x48b495c64000, flags=CLONE_VM|CLONE_FS|CLONE_FILES|CLONE_SIGHAND|CLONE_THREAD|CLONE_SYSVSEM) = 8810
8808  clone(child_stack=0x48b495c60000, flags=CLONE_VM|CLONE_FS|CLONE_FILES|CLONE_SIGHAND|CLONE_THREAD|CLONE_SYSVSEM) = 8811
8810  clone(child_stack=0x48b495c98000, flags=CLONE_VM|CLONE_FS|CLONE_FILES|CLONE_SIGHAND|CLONE_THREAD|CLONE_SYSVSEM) = 8812
8809  tgkill(8808, 8811, SIGURG)        = 0
8811  --- SIGURG {si_signo=SIGURG, si_code=SI_TKILL, si_pid=8808, si_uid=1001} ---
8808  exit_group(0)                     = ?
8812  +++ exited with 0 +++
8811  +++ exited with 0 +++
8810  +++ exited with 0 +++
8809  +++ exited with 0 +++
8808  +++ exited with 0 +++
8402  --- SIGCHLD {si_signo=SIGCHLD, si_code=CLD_EXITED, si_pid=8808, si_uid=1001, si_status=0, si_utime=0, si_stime=0} ---
8400  <... waitid resumed>{si_signo=SIGCHLD, si_code=CLD_EXITED, si_pid=8808, si_uid=1001, si_status=0, si_utime=0, si_stime=0}, WEXITED, {ru_utime={tv_sec=0, tv_usec=1567}, ru_stime={tv_sec=0, tv_usec=4703}, ...}) = 0
8402  clone(child_stack=NULL, flags=CLONE_VM|CLONE_PIDFD|CLONE_VFORK|SIGCHLD <unfinished ...>
8813  execve("/opt/hostedtoolcache/go/1.27.0/arm64/pkg/tool/linux_arm64/asm", ["/opt/hostedtoolcache/go/1.27.0/a"..., "-p", "runtime", "-trimpath", "/tmp/go-build1141159733/b009=>", "-I", "/tmp/go-build1141159733/b009/", "-I", "/opt/hostedtoolcache/go/1.27.0/a"..., "-D", "GOOS_linux", "-D", "GOARCH_arm64", "-std", "-o", "/tmp/go-build1141159733/b009/pre"..., "/opt/hostedtoolcache/go/1.27.0/a"...], 0x727b411c1b08 /* 140 vars */ <unfinished ...>
8402  <... clone resumed>, parent_tid=[12]) = 8813
8813  <... execve resumed>)             = 0
8402  waitid(P_PIDFD, 12,  <unfinished ...>
8813  clone(child_stack=0x1f9f9337a000, flags=CLONE_VM|CLONE_FS|CLONE_FILES|CLONE_SIGHAND|CLONE_THREAD|CLONE_SYSVSEM) = 8814
8813  clone(child_stack=0x1f9f933b2000, flags=CLONE_VM|CLONE_FS|CLONE_FILES|CLONE_SIGHAND|CLONE_THREAD|CLONE_SYSVSEM) = 8815
8813  clone(child_stack=0x1f9f933ae000, flags=CLONE_VM|CLONE_FS|CLONE_FILES|CLONE_SIGHAND|CLONE_THREAD|CLONE_SYSVSEM) = 8816
8815  clone(child_stack=0x1f9f93418000, flags=CLONE_VM|CLONE_FS|CLONE_FILES|CLONE_SIGHAND|CLONE_THREAD|CLONE_SYSVSEM) = 8817
8813  exit_group(0)                     = ?
8817  +++ exited with 0 +++
8816  +++ exited with 0 +++
8815  +++ exited with 0 +++
8814  +++ exited with 0 +++
8813  +++ exited with 0 +++
8402  <... waitid resumed>{si_signo=SIGCHLD, si_code=CLD_EXITED, si_pid=8813, si_uid=1001, si_status=0, si_utime=0, si_stime=0}, WEXITED, {ru_utime={tv_sec=0, tv_usec=2095}, ru_stime={tv_sec=0, tv_usec=6286}, ...}) = 0
8400  --- SIGCHLD {si_signo=SIGCHLD, si_code=CLD_EXITED, si_pid=8813, si_uid=1001, si_status=0, si_utime=0, si_stime=0} ---
8400  clone(child_stack=NULL, flags=CLONE_VM|CLONE_PIDFD|CLONE_VFORK|SIGCHLD <unfinished ...>
8818  execve("/opt/hostedtoolcache/go/1.27.0/arm64/pkg/tool/linux_arm64/asm", ["/opt/hostedtoolcache/go/1.27.0/a"..., "-p", "runtime", "-trimpath", "/tmp/go-build1141159733/b009=>", "-I", "/tmp/go-build1141159733/b009/", "-I", "/opt/hostedtoolcache/go/1.27.0/a"..., "-D", "GOOS_linux", "-D", "GOARCH_arm64", "-std", "-o", "/tmp/go-build1141159733/b009/rt0"..., "/opt/hostedtoolcache/go/1.27.0/a"...], 0x727b41416908 /* 140 vars */ <unfinished ...>
8400  <... clone resumed>, parent_tid=[12]) = 8818
8818  <... execve resumed>)             = 0
8400  waitid(P_PIDFD, 12,  <unfinished ...>
8818  clone(child_stack=0x20c89a690000, flags=CLONE_VM|CLONE_FS|CLONE_FILES|CLONE_SIGHAND|CLONE_THREAD|CLONE_SYSVSEM) = 8819
8818  clone(child_stack=0x20c89a6c8000, flags=CLONE_VM|CLONE_FS|CLONE_FILES|CLONE_SIGHAND|CLONE_THREAD|CLONE_SYSVSEM) = 8820
8818  clone(child_stack=0x20c89a6c4000, flags=CLONE_VM|CLONE_FS|CLONE_FILES|CLONE_SIGHAND|CLONE_THREAD|CLONE_SYSVSEM) = 8821
8820  clone(child_stack=0x20c89a718000, flags=CLONE_VM|CLONE_FS|CLONE_FILES|CLONE_SIGHAND|CLONE_THREAD|CLONE_SYSVSEM) = 8822
8818  exit_group(0)                     = ?
8822  +++ exited with 0 +++
8821  +++ exited with 0 +++
8820  +++ exited with 0 +++
8819  +++ exited with 0 +++
8818  +++ exited with 0 +++
8402  --- SIGCHLD {si_signo=SIGCHLD, si_code=CLD_EXITED, si_pid=8818, si_uid=1001, si_status=0, si_utime=0, si_stime=0} ---
8400  <... waitid resumed>{si_signo=SIGCHLD, si_code=CLD_EXITED, si_pid=8818, si_uid=1001, si_status=0, si_utime=0, si_stime=0}, WEXITED, {ru_utime={tv_sec=0, tv_usec=1991}, ru_stime={tv_sec=0, tv_usec=3982}, ...}) = 0
8402  clone(child_stack=NULL, flags=CLONE_VM|CLONE_PIDFD|CLONE_VFORK|SIGCHLD <unfinished ...>
8823  execve("/opt/hostedtoolcache/go/1.27.0/arm64/pkg/tool/linux_arm64/asm", ["/opt/hostedtoolcache/go/1.27.0/a"..., "-p", "runtime", "-trimpath", "/tmp/go-build1141159733/b009=>", "-I", "/tmp/go-build1141159733/b009/", "-I", "/opt/hostedtoolcache/go/1.27.0/a"..., "-D", "GOOS_linux", "-D", "GOARCH_arm64", "-std", "-o", "/tmp/go-build1141159733/b009/sec"..., "/opt/hostedtoolcache/go/1.27.0/a"...], 0x727b414f3688 /* 140 vars */ <unfinished ...>
8402  <... clone resumed>, parent_tid=[12]) = 8823
8823  <... execve resumed>)             = 0
8402  waitid(P_PIDFD, 12,  <unfinished ...>
8823  clone(child_stack=0x6c1ce663e000, flags=CLONE_VM|CLONE_FS|CLONE_FILES|CLONE_SIGHAND|CLONE_THREAD|CLONE_SYSVSEM) = 8824
8823  clone(child_stack=0x6c1ce6676000, flags=CLONE_VM|CLONE_FS|CLONE_FILES|CLONE_SIGHAND|CLONE_THREAD|CLONE_SYSVSEM) = 8825
8823  clone(child_stack=0x6c1ce6672000, flags=CLONE_VM|CLONE_FS|CLONE_FILES|CLONE_SIGHAND|CLONE_THREAD|CLONE_SYSVSEM) = 8826
8825  clone(child_stack=0x6c1ce6718000, flags=CLONE_VM|CLONE_FS|CLONE_FILES|CLONE_SIGHAND|CLONE_THREAD|CLONE_SYSVSEM) = 8827
8823  exit_group(0)                     = ?
8827  +++ exited with 0 +++
8826  +++ exited with 0 +++
8825  +++ exited with 0 +++
8824  +++ exited with 0 +++
8823  +++ exited with 0 +++
8400  --- SIGCHLD {si_signo=SIGCHLD, si_code=CLD_EXITED, si_pid=8823, si_uid=1001, si_status=0, si_utime=0, si_stime=0} ---
8402  <... waitid resumed>{si_signo=SIGCHLD, si_code=CLD_EXITED, si_pid=8823, si_uid=1001, si_status=0, si_utime=0, si_stime=0}, WEXITED, {ru_utime={tv_sec=0, tv_usec=956}, ru_stime={tv_sec=0, tv_usec=7654}, ...}) = 0
8400  clone(child_stack=NULL, flags=CLONE_VM|CLONE_PIDFD|CLONE_VFORK|SIGCHLD <unfinished ...>
8828  execve("/opt/hostedtoolcache/go/1.27.0/arm64/pkg/tool/linux_arm64/asm", ["/opt/hostedtoolcache/go/1.27.0/a"..., "-p", "runtime", "-trimpath", "/tmp/go-build1141159733/b009=>", "-I", "/tmp/go-build1141159733/b009/", "-I", "/opt/hostedtoolcache/go/1.27.0/a"..., "-D", "GOOS_linux", "-D", "GOARCH_arm64", "-std", "-o", "/tmp/go-build1141159733/b009/sys"..., "/opt/hostedtoolcache/go/1.27.0/a"...], 0x727b41417688 /* 140 vars */ <unfinished ...>
8400  <... clone resumed>, parent_tid=[12]) = 8828
8828  <... execve resumed>)             = 0
8400  waitid(P_PIDFD, 12,  <unfinished ...>
8828  clone(child_stack=0x39ee3a12a000, flags=CLONE_VM|CLONE_FS|CLONE_FILES|CLONE_SIGHAND|CLONE_THREAD|CLONE_SYSVSEM) = 8829
8828  clone(child_stack=0x39ee3a162000, flags=CLONE_VM|CLONE_FS|CLONE_FILES|CLONE_SIGHAND|CLONE_THREAD|CLONE_SYSVSEM) = 8830
8828  clone(child_stack=0x39ee3a15e000, flags=CLONE_VM|CLONE_FS|CLONE_FILES|CLONE_SIGHAND|CLONE_THREAD|CLONE_SYSVSEM) = 8831
8830  clone(child_stack=0x39ee3a198000, flags=CLONE_VM|CLONE_FS|CLONE_FILES|CLONE_SIGHAND|CLONE_THREAD|CLONE_SYSVSEM) = 8832
8829  tgkill(8828, 8828, SIGURG)        = 0
8828  --- SIGURG {si_signo=SIGURG, si_code=SI_TKILL, si_pid=8828, si_uid=1001} ---
8831  exit_group(0)                     = ?
8832  +++ exited with 0 +++
8831  +++ exited with 0 +++
8830  +++ exited with 0 +++
8829  +++ exited with 0 +++
8828  +++ exited with 0 +++
8402  --- SIGCHLD {si_signo=SIGCHLD, si_code=CLD_EXITED, si_pid=8828, si_uid=1001, si_status=0, si_utime=0, si_stime=0} ---
8400  <... waitid resumed>{si_signo=SIGCHLD, si_code=CLD_EXITED, si_pid=8828, si_uid=1001, si_status=0, si_utime=0, si_stime=0}, WEXITED, {ru_utime={tv_sec=0, tv_usec=6242}, ru_stime={tv_sec=0, tv_usec=4161}, ...}) = 0
8402  clone(child_stack=NULL, flags=CLONE_VM|CLONE_PIDFD|CLONE_VFORK|SIGCHLD <unfinished ...>
8833  execve("/opt/hostedtoolcache/go/1.27.0/arm64/pkg/tool/linux_arm64/asm", ["/opt/hostedtoolcache/go/1.27.0/a"..., "-p", "runtime", "-trimpath", "/tmp/go-build1141159733/b009=>", "-I", "/tmp/go-build1141159733/b009/", "-I", "/opt/hostedtoolcache/go/1.27.0/a"..., "-D", "GOOS_linux", "-D", "GOARCH_arm64", "-std", "-o", "/tmp/go-build1141159733/b009/tls"..., "/opt/hostedtoolcache/go/1.27.0/a"...], 0x727b411f4488 /* 140 vars */ <unfinished ...>
8402  <... clone resumed>, parent_tid=[12]) = 8833
8833  <... execve resumed>)             = 0
8402  waitid(P_PIDFD, 12,  <unfinished ...>
8833  clone(child_stack=0x5ce118d8000, flags=CLONE_VM|CLONE_FS|CLONE_FILES|CLONE_SIGHAND|CLONE_THREAD|CLONE_SYSVSEM) = 8834
8833  clone(child_stack=0x5ce11910000, flags=CLONE_VM|CLONE_FS|CLONE_FILES|CLONE_SIGHAND|CLONE_THREAD|CLONE_SYSVSEM) = 8835
8833  clone(child_stack=0x5ce1190c000, flags=CLONE_VM|CLONE_FS|CLONE_FILES|CLONE_SIGHAND|CLONE_THREAD|CLONE_SYSVSEM) = 8836
8835  clone(child_stack=0x5ce11998000, flags=CLONE_VM|CLONE_FS|CLONE_FILES|CLONE_SIGHAND|CLONE_THREAD|CLONE_SYSVSEM) = 8837
8834  tgkill(8833, 8836, SIGURG)        = 0
8836  --- SIGURG {si_signo=SIGURG, si_code=SI_TKILL, si_pid=8833, si_uid=1001} ---
8833  exit_group(0)                     = ?
8837  +++ exited with 0 +++
8836  +++ exited with 0 +++
8835  +++ exited with 0 +++
8834  +++ exited with 0 +++
8833  +++ exited with 0 +++
8402  <... waitid resumed>{si_signo=SIGCHLD, si_code=CLD_EXITED, si_pid=8833, si_uid=1001, si_status=0, si_utime=0, si_stime=0}, WEXITED, {ru_utime={tv_sec=0, tv_usec=1970}, ru_stime={tv_sec=0, tv_usec=6898}, ...}) = 0
8400  --- SIGCHLD {si_signo=SIGCHLD, si_code=CLD_EXITED, si_pid=8833, si_uid=1001, si_status=0, si_utime=0, si_stime=0} ---
8401  tgkill(8400, 8400, SIGURG)        = 0
8400  --- SIGURG {si_signo=SIGURG, si_code=SI_TKILL, si_pid=8400, si_uid=1001} ---
8401  tgkill(8400, 8400, SIGURG)        = 0
8400  --- SIGURG {si_signo=SIGURG, si_code=SI_TKILL, si_pid=8400, si_uid=1001} ---
8401  tgkill(8400, 8402, SIGURG)        = 0
8402  --- SIGURG {si_signo=SIGURG, si_code=SI_TKILL, si_pid=8400, si_uid=1001} ---
8401  tgkill(8400, 8402, SIGURG)        = 0
8402  --- SIGURG {si_signo=SIGURG, si_code=SI_TKILL, si_pid=8400, si_uid=1001} ---
8401  tgkill(8400, 8402, SIGURG)        = 0
8402  --- SIGURG {si_signo=SIGURG, si_code=SI_TKILL, si_pid=8400, si_uid=1001} ---
8403  tgkill(8400, 8400, SIGURG)        = 0
8400  --- SIGURG {si_signo=SIGURG, si_code=SI_TKILL, si_pid=8400, si_uid=1001} ---
8403  tgkill(8400, 8402, SIGURG)        = 0
8402  --- SIGURG {si_signo=SIGURG, si_code=SI_TKILL, si_pid=8400, si_uid=1001} ---
8400  clone(child_stack=NULL, flags=CLONE_VM|CLONE_PIDFD|CLONE_VFORK|SIGCHLD <unfinished ...>
8402  tgkill(8400, 8400, SIGURG)        = 0
8402  tgkill(8400, 8403, SIGURG)        = 0
8403  --- SIGURG {si_signo=SIGURG, si_code=SI_TKILL, si_pid=8400, si_uid=1001} ---
8402  tgkill(8400, 8403, SIGURG)        = 0
8403  --- SIGURG {si_signo=SIGURG, si_code=SI_TKILL, si_pid=8400, si_uid=1001} ---
8838  execve("/opt/hostedtoolcache/go/1.27.0/arm64/pkg/tool/linux_arm64/compile", ["/opt/hostedtoolcache/go/1.27.0/a"..., "-o", "/tmp/go-build1141159733/b039/_pk"..., "-trimpath", "/tmp/go-build1141159733/b039=>", "-p", "iter", "-lang=go1.27", "-std", "-complete", "-buildid", "uClfDxJB1d5rn3Krtbai/uClfDxJB1d5"..., "-goversion", "go1.27.0", "-c=4", "-nolocalimports", "-importcfg", "/tmp/go-build1141159733/b039/imp"..., "-pack", "/opt/hostedtoolcache/go/1.27.0/a"...], 0x727b412a4488 /* 140 vars */ <unfinished ...>
8400  <... clone resumed>, parent_tid=[13]) = 8838
8400  --- SIGURG {si_signo=SIGURG, si_code=SI_TKILL, si_pid=8400, si_uid=1001} ---
8838  <... execve resumed>)             = 0
8405  waitid(P_PIDFD, 13,  <unfinished ...>
8400  tgkill(8400, 8483, SIGURG <unfinished ...>
8483  --- SIGURG {si_signo=SIGURG, si_code=SI_TKILL, si_pid=8400, si_uid=1001} ---
8400  <... tgkill resumed>)             = 0
8400  tgkill(8400, 8403, SIGURG)        = 0
8403  --- SIGURG {si_signo=SIGURG, si_code=SI_TKILL, si_pid=8400, si_uid=1001} ---
8402  clone(child_stack=NULL, flags=CLONE_VM|CLONE_PIDFD|CLONE_VFORK|SIGCHLD <unfinished ...>
8839  execve("/opt/hostedtoolcache/go/1.27.0/arm64/pkg/tool/linux_arm64/asm", ["/opt/hostedtoolcache/go/1.27.0/a"..., "-p", "internal/reflectlite", "-trimpath", "/tmp/go-build1141159733/b004=>", "-I", "/tmp/go-build1141159733/b004/", "-I", "/opt/hostedtoolcache/go/1.27.0/a"..., "-D", "GOOS_linux", "-D", "GOARCH_arm64", "-std", "-gensymabis", "-o", "/tmp/go-build1141159733/b004/sym"..., "/opt/hostedtoolcache/go/1.27.0/a"...], 0x727b412a4908 /* 140 vars */ <unfinished ...>
8402  <... clone resumed>, parent_tid=[14]) = 8839
8839  <... execve resumed>)             = 0
8483  clone(child_stack=NULL, flags=CLONE_VM|CLONE_PIDFD|CLONE_VFORK|SIGCHLD <unfinished ...>
8402  waitid(P_PIDFD, 14,  <unfinished ...>
8840  execve("/opt/hostedtoolcache/go/1.27.0/arm64/pkg/tool/linux_arm64/compile", ["/opt/hostedtoolcache/go/1.27.0/a"..., "-o", "/tmp/go-build1141159733/b043/_pk"..., "-trimpath", "/tmp/go-build1141159733/b043=>", "-p", "sync", "-lang=go1.27", "-std", "-buildid", "sXZpFnMXYj6FkZv37Ni0/sXZpFnMXYj6"..., "-goversion", "go1.27.0", "-c=4", "-nolocalimports", "-importcfg", "/tmp/go-build1141159733/b043/imp"..., "-pack", "/opt/hostedtoolcache/go/1.27.0/a"..., "/opt/hostedtoolcache/go/1.27.0/a"..., "/opt/hostedtoolcache/go/1.27.0/a"..., "/opt/hostedtoolcache/go/1.27.0/a"..., "/opt/hostedtoolcache/go/1.27.0/a"..., "/opt/hostedtoolcache/go/1.27.0/a"..., "/opt/hostedtoolcache/go/1.27.0/a"..., "/opt/hostedtoolcache/go/1.27.0/a"..., "/opt/hostedtoolcache/go/1.27.0/a"..., "/opt/hostedtoolcache/go/1.27.0/a"..., "/opt/hostedtoolcache/go/1.27.0/a"...], 0x727b414f2008 /* 140 vars */ <unfinished ...>
8483  <... clone resumed>, parent_tid=[7]) = 8840
8840  <... execve resumed>)             = 0
8483  waitid(P_PIDFD, 7,  <unfinished ...>
8838  clone(child_stack=0x637e731a000, flags=CLONE_VM|CLONE_FS|CLONE_FILES|CLONE_SIGHAND|CLONE_THREAD|CLONE_SYSVSEM) = 8841
8838  clone(child_stack=0x637e7352000, flags=CLONE_VM|CLONE_FS|CLONE_FILES|CLONE_SIGHAND|CLONE_THREAD|CLONE_SYSVSEM) = 8842
8841  tgkill(8838, 8838, SIGURG)        = 0
8838  --- SIGURG {si_signo=SIGURG, si_code=SI_TKILL, si_pid=8838, si_uid=1001} ---
8838  clone(child_stack=0x637e734e000, flags=CLONE_VM|CLONE_FS|CLONE_FILES|CLONE_SIGHAND|CLONE_THREAD|CLONE_SYSVSEM) = 8843
8842  clone(child_stack=0x637e7398000, flags=CLONE_VM|CLONE_FS|CLONE_FILES|CLONE_SIGHAND|CLONE_THREAD|CLONE_SYSVSEM) = 8844
8844  clone(child_stack=0x637e7394000, flags=CLONE_VM|CLONE_FS|CLONE_FILES|CLONE_SIGHAND|CLONE_THREAD|CLONE_SYSVSEM) = 8845
8839  clone(child_stack=0x4267d302e000, flags=CLONE_VM|CLONE_FS|CLONE_FILES|CLONE_SIGHAND|CLONE_THREAD|CLONE_SYSVSEM) = 8846
8839  clone(child_stack=0x4267d3066000, flags=CLONE_VM|CLONE_FS|CLONE_FILES|CLONE_SIGHAND|CLONE_THREAD|CLONE_SYSVSEM) = 8847
8846  tgkill(8839, 8839, SIGURG <unfinished ...>
8839  clone(child_stack=0x4267d3062000, flags=CLONE_VM|CLONE_FS|CLONE_FILES|CLONE_SIGHAND|CLONE_THREAD|CLONE_SYSVSEM <unfinished ...>
8846  <... tgkill resumed>)             = 0
8839  <... clone resumed>)              = 8848
8839  --- SIGURG {si_signo=SIGURG, si_code=SI_TKILL, si_pid=8839, si_uid=1001} ---
8847  clone(child_stack=0x4267d3098000, flags=CLONE_VM|CLONE_FS|CLONE_FILES|CLONE_SIGHAND|CLONE_THREAD|CLONE_SYSVSEM) = 8849
8840  clone(child_stack=0x5a8f5cd66000, flags=CLONE_VM|CLONE_FS|CLONE_FILES|CLONE_SIGHAND|CLONE_THREAD|CLONE_SYSVSEM) = 8850
8840  clone(child_stack=0x5a8f5cda0000, flags=CLONE_VM|CLONE_FS|CLONE_FILES|CLONE_SIGHAND|CLONE_THREAD|CLONE_SYSVSEM) = 8851
8850  tgkill(8840, 8840, SIGURG)        = 0
8840  clone(child_stack=0x5a8f5cd9c000, flags=CLONE_VM|CLONE_FS|CLONE_FILES|CLONE_SIGHAND|CLONE_THREAD|CLONE_SYSVSEM) = 8852
8840  --- SIGURG {si_signo=SIGURG, si_code=SI_TKILL, si_pid=8840, si_uid=1001} ---
8850  tgkill(8840, 8852, SIGURG)        = 0
8852  --- SIGURG {si_signo=SIGURG, si_code=SI_TKILL, si_pid=8840, si_uid=1001} ---
8851  clone(child_stack=0x5a8f5ce18000, flags=CLONE_VM|CLONE_FS|CLONE_FILES|CLONE_SIGHAND|CLONE_THREAD|CLONE_SYSVSEM) = 8853
8839  exit_group(0)                     = ?
8847  +++ exited with 0 +++
8846  +++ exited with 0 +++
8848  +++ exited with 0 +++
8849  +++ exited with 0 +++
8839  +++ exited with 0 +++
8403  --- SIGCHLD {si_signo=SIGCHLD, si_code=CLD_EXITED, si_pid=8839, si_uid=1001, si_status=0, si_utime=0, si_stime=0} ---
8402  <... waitid resumed>{si_signo=SIGCHLD, si_code=CLD_EXITED, si_pid=8839, si_uid=1001, si_status=0, si_utime=0, si_stime=0}, WEXITED, {ru_utime={tv_sec=0, tv_usec=0}, ru_stime={tv_sec=0, tv_usec=5235}, ...}) = 0
8403  clone(child_stack=NULL, flags=CLONE_VM|CLONE_PIDFD|CLONE_VFORK|SIGCHLD <unfinished ...>
8850  clone(child_stack=0x5a8f5ce2c000, flags=CLONE_VM|CLONE_FS|CLONE_FILES|CLONE_SIGHAND|CLONE_THREAD|CLONE_SYSVSEM) = 8855
8854  execve("/opt/hostedtoolcache/go/1.27.0/arm64/pkg/tool/linux_arm64/compile", ["/opt/hostedtoolcache/go/1.27.0/a"..., "-o", "/tmp/go-build1141159733/b004/_pk"..., "-trimpath", "/tmp/go-build1141159733/b004=>", "-p", "internal/reflectlite", "-lang=go1.27", "-std", "-buildid", "PjwVM48CAnHb1-eiQSvm/PjwVM48CAnH"..., "-goversion", "go1.27.0", "-symabis", "/tmp/go-build1141159733/b004/sym"..., "-c=4", "-nolocalimports", "-importcfg", "/tmp/go-build1141159733/b004/imp"..., "-pack", "-asmhdr", "/tmp/go-build1141159733/b004/go_"..., "/opt/hostedtoolcache/go/1.27.0/a"..., "/opt/hostedtoolcache/go/1.27.0/a"..., "/opt/hostedtoolcache/go/1.27.0/a"...], 0x727b411f4488 /* 140 vars */ <unfinished ...>
8403  <... clone resumed>, parent_tid=[15]) = 8854
8854  <... execve resumed>)             = 0
8403  waitid(P_PIDFD, 15,  <unfinished ...>
8841  tgkill(8838, 8838, SIGURG)        = 0
8838  --- SIGURG {si_signo=SIGURG, si_code=SI_TKILL, si_pid=8838, si_uid=1001} ---
8845  exit_group(0)                     = ?
8844  +++ exited with 0 +++
8842  +++ exited with 0 +++
8841  +++ exited with 0 +++
8843  +++ exited with 0 +++
8845  +++ exited with 0 +++
8838  +++ exited with 0 +++
8400  --- SIGCHLD {si_signo=SIGCHLD, si_code=CLD_EXITED, si_pid=8838, si_uid=1001, si_status=0, si_utime=0, si_stime=0} ---
8405  <... waitid resumed>{si_signo=SIGCHLD, si_code=CLD_EXITED, si_pid=8838, si_uid=1001, si_status=0, si_utime=0, si_stime=0}, WEXITED, {ru_utime={tv_sec=0, tv_usec=12066}, ru_stime={tv_sec=0, tv_usec=3016}, ...}) = 0
8854  clone(child_stack=0x1153bfbd0000, flags=CLONE_VM|CLONE_FS|CLONE_FILES|CLONE_SIGHAND|CLONE_THREAD|CLONE_SYSVSEM) = 8856
8854  clone(child_stack=0x1153bfc08000, flags=CLONE_VM|CLONE_FS|CLONE_FILES|CLONE_SIGHAND|CLONE_THREAD|CLONE_SYSVSEM) = 8857
8856  tgkill(8854, 8854, SIGURG)        = 0
8854  --- SIGURG {si_signo=SIGURG, si_code=SI_TKILL, si_pid=8854, si_uid=1001} ---
8854  clone(child_stack=0x1153bfc04000, flags=CLONE_VM|CLONE_FS|CLONE_FILES|CLONE_SIGHAND|CLONE_THREAD|CLONE_SYSVSEM) = 8858
8857  clone(child_stack=0x1153bfc98000, flags=CLONE_VM|CLONE_FS|CLONE_FILES|CLONE_SIGHAND|CLONE_THREAD|CLONE_SYSVSEM) = 8859
8850  tgkill(8840, 8840, SIGURG)        = 0
8840  --- SIGURG {si_signo=SIGURG, si_code=SI_TKILL, si_pid=8840, si_uid=1001} ---
8401  tgkill(8400, 8405, SIGURG)        = 0
8405  --- SIGURG {si_signo=SIGURG, si_code=SI_TKILL, si_pid=8400, si_uid=1001} ---
8402  clone(child_stack=NULL, flags=CLONE_VM|CLONE_PIDFD|CLONE_VFORK|SIGCHLD <unfinished ...>
8860  execve("/opt/hostedtoolcache/go/1.27.0/arm64/pkg/tool/linux_arm64/compile", ["/opt/hostedtoolcache/go/1.27.0/a"..., "-o", "/tmp/go-build1141159733/b048/_pk"..., "-trimpath", "/tmp/go-build1141159733/b048=>", "-p", "slices", "-lang=go1.27", "-std", "-complete", "-buildid", "bHfVjtEuol23wLK7s-73/bHfVjtEuol2"..., "-goversion", "go1.27.0", "-c=4", "-nolocalimports", "-importcfg", "/tmp/go-build1141159733/b048/imp"..., "-pack", "/opt/hostedtoolcache/go/1.27.0/a"..., "/opt/hostedtoolcache/go/1.27.0/a"..., "/opt/hostedtoolcache/go/1.27.0/a"..., "/opt/hostedtoolcache/go/1.27.0/a"..., "/opt/hostedtoolcache/go/1.27.0/a"...], 0x727b412f4908 /* 140 vars */ <unfinished ...>
8402  <... clone resumed>, parent_tid=[14]) = 8860
8860  <... execve resumed>)             = 0
8402  waitid(P_PIDFD, 14,  <unfinished ...>
8856  tgkill(8854, 8854, SIGURG)        = 0
8854  --- SIGURG {si_signo=SIGURG, si_code=SI_TKILL, si_pid=8854, si_uid=1001} ---
8860  clone(child_stack=0x5b0c89bf8000, flags=CLONE_VM|CLONE_FS|CLONE_FILES|CLONE_SIGHAND|CLONE_THREAD|CLONE_SYSVSEM) = 8861
8860  clone(child_stack=0x5b0c89c30000, flags=CLONE_VM|CLONE_FS|CLONE_FILES|CLONE_SIGHAND|CLONE_THREAD|CLONE_SYSVSEM) = 8862
8860  clone(child_stack=0x5b0c89c2c000, flags=CLONE_VM|CLONE_FS|CLONE_FILES|CLONE_SIGHAND|CLONE_THREAD|CLONE_SYSVSEM) = 8863
8862  clone(child_stack=0x5b0c89c98000, flags=CLONE_VM|CLONE_FS|CLONE_FILES|CLONE_SIGHAND|CLONE_THREAD|CLONE_SYSVSEM) = 8864
8860  clone(child_stack=0x5b0c89c94000, flags=CLONE_VM|CLONE_FS|CLONE_FILES|CLONE_SIGHAND|CLONE_THREAD|CLONE_SYSVSEM) = 8865
8850  tgkill(8840, 8840, SIGURG)        = 0
8840  --- SIGURG {si_signo=SIGURG, si_code=SI_TKILL, si_pid=8840, si_uid=1001} ---
8856  tgkill(8854, 8857, SIGURG <unfinished ...>
8857  --- SIGURG {si_signo=SIGURG, si_code=SI_TKILL, si_pid=8854, si_uid=1001} ---
8856  <... tgkill resumed>)             = 0
8861  tgkill(8860, 8862, SIGURG)        = 0
8862  --- SIGURG {si_signo=SIGURG, si_code=SI_TKILL, si_pid=8860, si_uid=1001} ---
8850  tgkill(8840, 8853, SIGURG)        = 0
8853  --- SIGURG {si_signo=SIGURG, si_code=SI_TKILL, si_pid=8840, si_uid=1001} ---
8864  exit_group(0)                     = ?
8862  +++ exited with 0 +++
8863  +++ exited with 0 +++
8865  +++ exited with 0 +++
8861  +++ exited with 0 +++
8864  +++ exited with 0 +++
8860  +++ exited with 0 +++
8402  <... waitid resumed>{si_signo=SIGCHLD, si_code=CLD_EXITED, si_pid=8860, si_uid=1001, si_status=0, si_utime=0, si_stime=0}, WEXITED, {ru_utime={tv_sec=0, tv_usec=13551}, ru_stime={tv_sec=0, tv_usec=9034}, ...}) = 0
8402  --- SIGCHLD {si_signo=SIGCHLD, si_code=CLD_EXITED, si_pid=8860, si_uid=1001, si_status=0, si_utime=1 /* 0.01 s */, si_stime=0} ---
8856  tgkill(8854, 8857, SIGURG)        = 0
8857  --- SIGURG {si_signo=SIGURG, si_code=SI_TKILL, si_pid=8854, si_uid=1001} ---
8850  tgkill(8840, 8852, SIGURG)        = 0
8852  --- SIGURG {si_signo=SIGURG, si_code=SI_TKILL, si_pid=8840, si_uid=1001} ---
8850  tgkill(8840, 8840, SIGURG)        = 0
8850  tgkill(8840, 8855, SIGURG)        = 0
8855  --- SIGURG {si_signo=SIGURG, si_code=SI_TKILL, si_pid=8840, si_uid=1001} ---
8840  --- SIGURG {si_signo=SIGURG, si_code=SI_TKILL, si_pid=8840, si_uid=1001} ---
8856  tgkill(8854, 8854, SIGURG)        = 0
8850  tgkill(8840, 8853, SIGURG)        = 0
8853  --- SIGURG {si_signo=SIGURG, si_code=SI_TKILL, si_pid=8840, si_uid=1001} ---
8856  tgkill(8854, 8859, SIGURG <unfinished ...>
8854  --- SIGURG {si_signo=SIGURG, si_code=SI_TKILL, si_pid=8854, si_uid=1001} ---
8856  <... tgkill resumed>)             = 0
8859  --- SIGURG {si_signo=SIGURG, si_code=SI_TKILL, si_pid=8854, si_uid=1001} ---
8850  tgkill(8840, 8855, SIGURG)        = 0
8855  --- SIGURG {si_signo=SIGURG, si_code=SI_TKILL, si_pid=8840, si_uid=1001} ---
8854  exit_group(0)                     = ?
8859  +++ exited with 0 +++
8858  +++ exited with 0 +++
8857  +++ exited with 0 +++
8856  +++ exited with 0 +++
8854  +++ exited with 0 +++
8402  --- SIGCHLD {si_signo=SIGCHLD, si_code=CLD_EXITED, si_pid=8854, si_uid=1001, si_status=0, si_utime=8 /* 0.08 s */, si_stime=2 /* 0.02 s */} ---
8403  <... waitid resumed>{si_signo=SIGCHLD, si_code=CLD_EXITED, si_pid=8854, si_uid=1001, si_status=0, si_utime=0, si_stime=0}, WEXITED, {ru_utime={tv_sec=0, tv_usec=87827}, ru_stime={tv_sec=0, tv_usec=20190}, ...}) = 0
8855  exit_group(0)                     = ?
8855  +++ exited with 0 +++
8853  +++ exited with 0 +++
8852  +++ exited with 0 +++
8850  +++ exited with 0 +++
8402  clone(child_stack=NULL, flags=CLONE_VM|CLONE_PIDFD|CLONE_VFORK|SIGCHLD <unfinished ...>
8851  +++ exited with 0 +++
8840  +++ exited with 0 +++
8400  --- SIGCHLD {si_signo=SIGCHLD, si_code=CLD_EXITED, si_pid=8840, si_uid=1001, si_status=0, si_utime=10 /* 0.10 s */, si_stime=2 /* 0.02 s */} ---
8483  <... waitid resumed>{si_signo=SIGCHLD, si_code=CLD_EXITED, si_pid=8840, si_uid=1001, si_status=0, si_utime=0, si_stime=0}, WEXITED, {ru_utime={tv_sec=0, tv_usec=105195}, ru_stime={tv_sec=0, tv_usec=21657}, ...}) = 0
8866  execve("/opt/hostedtoolcache/go/1.27.0/arm64/pkg/tool/linux_arm64/asm", ["/opt/hostedtoolcache/go/1.27.0/a"..., "-p", "internal/reflectlite", "-trimpath", "/tmp/go-build1141159733/b004=>", "-I", "/tmp/go-build1141159733/b004/", "-I", "/opt/hostedtoolcache/go/1.27.0/a"..., "-D", "GOOS_linux", "-D", "GOARCH_arm64", "-std", "-o", "/tmp/go-build1141159733/b004/asm"..., "/opt/hostedtoolcache/go/1.27.0/a"...], 0x727b414f2488 /* 140 vars */ <unfinished ...>
8402  <... clone resumed>, parent_tid=[13]) = 8866
8866  <... execve resumed>)             = 0
8402  waitid(P_PIDFD, 13,  <unfinished ...>
8866  clone(child_stack=0x342710aea000, flags=CLONE_VM|CLONE_FS|CLONE_FILES|CLONE_SIGHAND|CLONE_THREAD|CLONE_SYSVSEM) = 8867
8866  clone(child_stack=0x342710b22000, flags=CLONE_VM|CLONE_FS|CLONE_FILES|CLONE_SIGHAND|CLONE_THREAD|CLONE_SYSVSEM) = 8868
8866  clone(child_stack=0x342710b1e000, flags=CLONE_VM|CLONE_FS|CLONE_FILES|CLONE_SIGHAND|CLONE_THREAD|CLONE_SYSVSEM) = 8869
8868  clone(child_stack=0x342710b98000, flags=CLONE_VM|CLONE_FS|CLONE_FILES|CLONE_SIGHAND|CLONE_THREAD|CLONE_SYSVSEM) = 8870
8403  clone(child_stack=NULL, flags=CLONE_VM|CLONE_PIDFD|CLONE_VFORK|SIGCHLD <unfinished ...>
8866  exit_group(0)                     = ?
8870  +++ exited with 0 +++
8869  +++ exited with 0 +++
8868  +++ exited with 0 +++
8867  +++ exited with 0 +++
8400  clone(child_stack=NULL, flags=CLONE_VM|CLONE_PIDFD|CLONE_VFORK|SIGCHLD <unfinished ...>
8866  +++ exited with 0 +++
8483  --- SIGCHLD {si_signo=SIGCHLD, si_code=CLD_EXITED, si_pid=8866, si_uid=1001, si_status=0, si_utime=0, si_stime=0} ---
8402  <... waitid resumed>{si_signo=SIGCHLD, si_code=CLD_EXITED, si_pid=8866, si_uid=1001, si_status=0, si_utime=0, si_stime=0}, WEXITED, {ru_utime={tv_sec=0, tv_usec=1819}, ru_stime={tv_sec=0, tv_usec=3638}, ...}) = 0
8871  execve("/opt/hostedtoolcache/go/1.27.0/arm64/pkg/tool/linux_arm64/compile", ["/opt/hostedtoolcache/go/1.27.0/a"..., "-o", "/tmp/go-build1141159733/b067/_pk"..., "-trimpath", "/tmp/go-build1141159733/b067=>", "-p", "internal/bisect", "-lang=go1.27", "-std", "-complete", "-buildid", "0mAloux1h2J8s02rfUs4/0mAloux1h2J"..., "-goversion", "go1.27.0", "-c=4", "-nolocalimports", "-importcfg", "/tmp/go-build1141159733/b067/imp"..., "-pack", "/opt/hostedtoolcache/go/1.27.0/a"...], 0x727b411c0488 /* 140 vars */ <unfinished ...>
8403  <... clone resumed>, parent_tid=[17]) = 8871
8871  <... execve resumed>)             = 0
8872  execve("/opt/hostedtoolcache/go/1.27.0/arm64/pkg/tool/linux_arm64/compile", ["/opt/hostedtoolcache/go/1.27.0/a"..., "-o", "/tmp/go-build1141159733/b060/_pk"..., "-trimpath", "/tmp/go-build1141159733/b060=>", "-p", "internal/testlog", "-lang=go1.27", "-std", "-complete", "-buildid", "27UNtftAwL_icUDWbBfY/27UNtftAwL_"..., "-goversion", "go1.27.0", "-c=4", "-nolocalimports", "-importcfg", "/tmp/go-build1141159733/b060/imp"..., "-pack", "/opt/hostedtoolcache/go/1.27.0/a"..., "/opt/hostedtoolcache/go/1.27.0/a"...], 0x727b41416908 /* 140 vars */ <unfinished ...>
8400  <... clone resumed>, parent_tid=[20]) = 8872
8872  <... execve resumed>)             = 0
8403  waitid(P_PIDFD, 17,  <unfinished ...>
8400  waitid(P_PIDFD, 20,  <unfinished ...>
8872  clone(child_stack=0x1f958a79c000, flags=CLONE_VM|CLONE_FS|CLONE_FILES|CLONE_SIGHAND|CLONE_THREAD|CLONE_SYSVSEM) = 8873
8871  clone(child_stack=0x78cbf9f54000, flags=CLONE_VM|CLONE_FS|CLONE_FILES|CLONE_SIGHAND|CLONE_THREAD|CLONE_SYSVSEM) = 8874
8872  clone(child_stack=0x1f958a7d4000, flags=CLONE_VM|CLONE_FS|CLONE_FILES|CLONE_SIGHAND|CLONE_THREAD|CLONE_SYSVSEM) = 8875
8873  tgkill(8872, 8872, SIGURG)        = 0
8872  clone(child_stack=0x1f958a7d0000, flags=CLONE_VM|CLONE_FS|CLONE_FILES|CLONE_SIGHAND|CLONE_THREAD|CLONE_SYSVSEM <unfinished ...>
8871  clone(child_stack=0x78cbf9f90000, flags=CLONE_VM|CLONE_FS|CLONE_FILES|CLONE_SIGHAND|CLONE_THREAD|CLONE_SYSVSEM <unfinished ...>
8872  <... clone resumed>)              = 8876
8871  <... clone resumed>)              = 8877
8872  --- SIGURG {si_signo=SIGURG, si_code=SI_TKILL, si_pid=8872, si_uid=1001} ---
8874  tgkill(8871, 8871, SIGURG)        = 0
8871  --- SIGURG {si_signo=SIGURG, si_code=SI_TKILL, si_pid=8871, si_uid=1001} ---
8871  clone(child_stack=0x78cbf9f8c000, flags=CLONE_VM|CLONE_FS|CLONE_FILES|CLONE_SIGHAND|CLONE_THREAD|CLONE_SYSVSEM) = 8878
8875  clone(child_stack=0x1f958a818000, flags=CLONE_VM|CLONE_FS|CLONE_FILES|CLONE_SIGHAND|CLONE_THREAD|CLONE_SYSVSEM <unfinished ...>
8877  clone(child_stack=0x78cbf9fb0000, flags=CLONE_VM|CLONE_FS|CLONE_FILES|CLONE_SIGHAND|CLONE_THREAD|CLONE_SYSVSEM <unfinished ...>
8875  <... clone resumed>)              = 8879
8877  <... clone resumed>)              = 8880
8483  clone(child_stack=NULL, flags=CLONE_VM|CLONE_PIDFD|CLONE_VFORK|SIGCHLD <unfinished ...>
8881  execve("/opt/hostedtoolcache/go/1.27.0/arm64/pkg/tool/linux_arm64/compile", ["/opt/hostedtoolcache/go/1.27.0/a"..., "-o", "/tmp/go-build1141159733/b003/_pk"..., "-trimpath", "/tmp/go-build1141159733/b003=>", "-p", "errors", "-lang=go1.27", "-std", "-complete", "-buildid", "4LF70XTbcy7WxOwUaIyZ/4LF70XTbcy7"..., "-goversion", "go1.27.0", "-c=4", "-nolocalimports", "-importcfg", "/tmp/go-build1141159733/b003/imp"..., "-pack", "/opt/hostedtoolcache/go/1.27.0/a"..., "/opt/hostedtoolcache/go/1.27.0/a"..., "/opt/hostedtoolcache/go/1.27.0/a"...], 0x727b412be008 /* 140 vars */ <unfinished ...>
8483  <... clone resumed>, parent_tid=[14]) = 8881
8881  <... execve resumed>)             = 0
8483  waitid(P_PIDFD, 14,  <unfinished ...>
8405  clone(child_stack=NULL, flags=CLONE_VM|CLONE_PIDFD|CLONE_VFORK|SIGCHLD <unfinished ...>
8882  execve("/opt/hostedtoolcache/go/1.27.0/arm64/pkg/tool/linux_arm64/compile", ["/opt/hostedtoolcache/go/1.27.0/a"..., "-o", "/tmp/go-build1141159733/b072/_pk"..., "-trimpath", "/tmp/go-build1141159733/b072=>", "-p", "sort", "-lang=go1.27", "-std", "-complete", "-buildid", "7Nd7W-9A7TehAmYPq50Y/7Nd7W-9A7Te"..., "-goversion", "go1.27.0", "-c=4", "-nolocalimports", "-importcfg", "/tmp/go-build1141159733/b072/imp"..., "-pack", "/opt/hostedtoolcache/go/1.27.0/a"..., "/opt/hostedtoolcache/go/1.27.0/a"..., "/opt/hostedtoolcache/go/1.27.0/a"..., "/opt/hostedtoolcache/go/1.27.0/a"..., "/opt/hostedtoolcache/go/1.27.0/a"...], 0x727b414f2908 /* 140 vars */) = 0
8405  <... clone resumed>, parent_tid=[16]) = 8882
8405  waitid(P_PIDFD, 16,  <unfinished ...>
8873  tgkill(8872, 8875, SIGURG)        = 0
8875  --- SIGURG {si_signo=SIGURG, si_code=SI_TKILL, si_pid=8872, si_uid=1001} ---
8874  tgkill(8871, 8871, SIGURG)        = 0
8871  --- SIGURG {si_signo=SIGURG, si_code=SI_TKILL, si_pid=8871, si_uid=1001} ---
8881  clone(child_stack=0x31f9bc9f4000, flags=CLONE_VM|CLONE_FS|CLONE_FILES|CLONE_SIGHAND|CLONE_THREAD|CLONE_SYSVSEM) = 8883
8881  clone(child_stack=0x31f9bca2c000, flags=CLONE_VM|CLONE_FS|CLONE_FILES|CLONE_SIGHAND|CLONE_THREAD|CLONE_SYSVSEM) = 8884
8883  tgkill(8881, 8881, SIGURG <unfinished ...>
8881  clone(child_stack=0x31f9bca28000, flags=CLONE_VM|CLONE_FS|CLONE_FILES|CLONE_SIGHAND|CLONE_THREAD|CLONE_SYSVSEM <unfinished ...>
8883  <... tgkill resumed>)             = 0
8881  <... clone resumed>)              = 8885
8881  --- SIGURG {si_signo=SIGURG, si_code=SI_TKILL, si_pid=8881, si_uid=1001} ---
8884  clone(child_stack=0x31f9bca98000, flags=CLONE_VM|CLONE_FS|CLONE_FILES|CLONE_SIGHAND|CLONE_THREAD|CLONE_SYSVSEM) = 8886
8882  clone(child_stack=0x5f627599a000, flags=CLONE_VM|CLONE_FS|CLONE_FILES|CLONE_SIGHAND|CLONE_THREAD|CLONE_SYSVSEM) = 8887
8882  clone(child_stack=0x5f62759d2000, flags=CLONE_VM|CLONE_FS|CLONE_FILES|CLONE_SIGHAND|CLONE_THREAD|CLONE_SYSVSEM) = 8888
8882  clone(child_stack=0x5f62759ce000, flags=CLONE_VM|CLONE_FS|CLONE_FILES|CLONE_SIGHAND|CLONE_THREAD|CLONE_SYSVSEM) = 8889
8888  clone(child_stack=0x5f6275a18000, flags=CLONE_VM|CLONE_FS|CLONE_FILES|CLONE_SIGHAND|CLONE_THREAD|CLONE_SYSVSEM) = 8890
8883  tgkill(8881, 8881, SIGURG)        = 0
8881  --- SIGURG {si_signo=SIGURG, si_code=SI_TKILL, si_pid=8881, si_uid=1001} ---
8874  tgkill(8871, 8880, SIGURG)        = 0
8887  clone(child_stack=0x5f6275e90000, flags=CLONE_VM|CLONE_FS|CLONE_FILES|CLONE_SIGHAND|CLONE_THREAD|CLONE_SYSVSEM) = 8891
8880  --- SIGURG {si_signo=SIGURG, si_code=SI_TKILL, si_pid=8871, si_uid=1001} ---
8873  tgkill(8872, 8872, SIGURG)        = 0
8872  --- SIGURG {si_signo=SIGURG, si_code=SI_TKILL, si_pid=8872, si_uid=1001} ---
8876  exit_group(0)                     = ?
8879  +++ exited with 0 +++
8875  +++ exited with 0 +++
8873  +++ exited with 0 +++
8876  +++ exited with 0 +++
8872  +++ exited with 0 +++
8400  <... waitid resumed>{si_signo=SIGCHLD, si_code=CLD_EXITED, si_pid=8872, si_uid=1001, si_status=0, si_utime=0, si_stime=0}, WEXITED, {ru_utime={tv_sec=0, tv_usec=15381}, ru_stime={tv_sec=0, tv_usec=6591}, ...}) = 0
8402  --- SIGCHLD {si_signo=SIGCHLD, si_code=CLD_EXITED, si_pid=8872, si_uid=1001, si_status=0, si_utime=1 /* 0.01 s */, si_stime=0} ---
8886  exit_group(0)                     = ?
8886  +++ exited with 0 +++
8885  +++ exited with 0 +++
8884  +++ exited with 0 +++
8883  +++ exited with 0 +++
8874  tgkill(8871, 8877, SIGURG)        = 0
8877  --- SIGURG {si_signo=SIGURG, si_code=SI_TKILL, si_pid=8871, si_uid=1001} ---
8874  tgkill(8871, 8880, SIGURG <unfinished ...>
8880  --- SIGURG {si_signo=SIGURG, si_code=SI_TKILL, si_pid=8871, si_uid=1001} ---
8874  <... tgkill resumed>)             = 0
8881  +++ exited with 0 +++
8400  --- SIGCHLD {si_signo=SIGCHLD, si_code=CLD_EXITED, si_pid=8881, si_uid=1001, si_status=0, si_utime=1 /* 0.01 s */, si_stime=0} ---
8483  <... waitid resumed>{si_signo=SIGCHLD, si_code=CLD_EXITED, si_pid=8881, si_uid=1001, si_status=0, si_utime=0, si_stime=0}, WEXITED, {ru_utime={tv_sec=0, tv_usec=18436}, ru_stime={tv_sec=0, tv_usec=8676}, ...}) = 0
8887  tgkill(8882, 8888, SIGURG <unfinished ...>
8888  --- SIGURG {si_signo=SIGURG, si_code=SI_TKILL, si_pid=8882, si_uid=1001} ---
8887  <... tgkill resumed>)             = 0
8880  exit_group(0)                     = ?
8878  +++ exited with 0 +++
8877  +++ exited with 0 +++
8874  +++ exited with 0 +++
8880  +++ exited with 0 +++
8402  tgkill(8400, 8406, SIGURG)        = 0
8406  --- SIGURG {si_signo=SIGURG, si_code=SI_TKILL, si_pid=8400, si_uid=1001} ---
8871  +++ exited with 0 +++
8403  <... waitid resumed>{si_signo=SIGCHLD, si_code=CLD_EXITED, si_pid=8871, si_uid=1001, si_status=0, si_utime=0, si_stime=0}, WEXITED, {ru_utime={tv_sec=0, tv_usec=37183}, ru_stime={tv_sec=0, tv_usec=13699}, ...}) = 0
8401  --- SIGCHLD {si_signo=SIGCHLD, si_code=CLD_EXITED, si_pid=8871, si_uid=1001, si_status=0, si_utime=3 /* 0.03 s */, si_stime=1 /* 0.01 s */} ---
8482  clone(child_stack=NULL, flags=CLONE_VM|CLONE_PIDFD|CLONE_VFORK|SIGCHLD <unfinished ...>
8406  clone(child_stack=NULL, flags=CLONE_VM|CLONE_PIDFD|CLONE_VFORK|SIGCHLD <unfinished ...>
8892  execve("/opt/hostedtoolcache/go/1.27.0/arm64/pkg/tool/linux_arm64/compile", ["/opt/hostedtoolcache/go/1.27.0/a"..., "-o", "/tmp/go-build1141159733/b049/_pk"..., "-trimpath", "/tmp/go-build1141159733/b049=>", "-p", "io", "-lang=go1.27", "-std", "-complete", "-buildid", "oAK5zUl3-psiFmMeS3QH/oAK5zUl3-ps"..., "-goversion", "go1.27.0", "-c=4", "-nolocalimports", "-importcfg", "/tmp/go-build1141159733/b049/imp"..., "-pack", "/opt/hostedtoolcache/go/1.27.0/a"..., "/opt/hostedtoolcache/go/1.27.0/a"..., "/opt/hostedtoolcache/go/1.27.0/a"...], 0x727b411c0488 /* 140 vars */ <unfinished ...>
8482  <... clone resumed>, parent_tid=[15]) = 8892
8892  <... execve resumed>)             = 0
8893  execve("/opt/hostedtoolcache/go/1.27.0/arm64/pkg/tool/linux_arm64/compile", ["/opt/hostedtoolcache/go/1.27.0/a"..., "-o", "/tmp/go-build1141159733/b041/_pk"..., "-trimpath", "/tmp/go-build1141159733/b041=>", "-p", "strconv", "-lang=go1.27", "-std", "-complete", "-buildid", "YiTj2gFZTn2hr11Zvhfe/YiTj2gFZTn2"..., "-goversion", "go1.27.0", "-c=4", "-nolocalimports", "-importcfg", "/tmp/go-build1141159733/b041/imp"..., "-pack", "/opt/hostedtoolcache/go/1.27.0/a"..., "/opt/hostedtoolcache/go/1.27.0/a"..., "/opt/hostedtoolcache/go/1.27.0/a"..., "/opt/hostedtoolcache/go/1.27.0/a"..., "/opt/hostedtoolcache/go/1.27.0/a"...], 0x727b41416908 /* 140 vars */) = 0
8406  <... clone resumed>, parent_tid=[22]) = 8893
8482  waitid(P_PIDFD, 15,  <unfinished ...>
8406  waitid(P_PIDFD, 22,  <unfinished ...>
8403  clone(child_stack=NULL, flags=CLONE_VM|CLONE_PIDFD|CLONE_VFORK|SIGCHLD <unfinished ...>
8894  execve("/opt/hostedtoolcache/go/1.27.0/arm64/pkg/tool/linux_arm64/compile", ["/opt/hostedtoolcache/go/1.27.0/a"..., "-o", "/tmp/go-build1141159733/b053/_pk"..., "-trimpath", "/tmp/go-build1141159733/b053=>", "-p", "internal/oserror", "-lang=go1.27", "-std", "-complete", "-buildid", "6-LCFKnLee-UmSlUlu7Z/6-LCFKnLee-"..., "-goversion", "go1.27.0", "-c=4", "-nolocalimports", "-importcfg", "/tmp/go-build1141159733/b053/imp"..., "-pack", "/opt/hostedtoolcache/go/1.27.0/a"...], 0x727b414f2008 /* 140 vars */ <unfinished ...>
8403  <... clone resumed>, parent_tid=[14]) = 8894
8894  <... execve resumed>)             = 0
8892  clone(child_stack=0x22368bfb6000, flags=CLONE_VM|CLONE_FS|CLONE_FILES|CLONE_SIGHAND|CLONE_THREAD|CLONE_SYSVSEM <unfinished ...>
8403  waitid(P_PIDFD, 14,  <unfinished ...>
8892  <... clone resumed>)              = 8895
8892  clone(child_stack=0x22368bfee000, flags=CLONE_VM|CLONE_FS|CLONE_FILES|CLONE_SIGHAND|CLONE_THREAD|CLONE_SYSVSEM) = 8896
8893  clone(child_stack=0x6ad883660000, flags=CLONE_VM|CLONE_FS|CLONE_FILES|CLONE_SIGHAND|CLONE_THREAD|CLONE_SYSVSEM) = 8897
8892  clone(child_stack=0x22368bfea000, flags=CLONE_VM|CLONE_FS|CLONE_FILES|CLONE_SIGHAND|CLONE_THREAD|CLONE_SYSVSEM) = 8898
8893  clone(child_stack=0x6ad883698000, flags=CLONE_VM|CLONE_FS|CLONE_FILES|CLONE_SIGHAND|CLONE_THREAD|CLONE_SYSVSEM <unfinished ...>
8895  tgkill(8892, 8898, SIGURG <unfinished ...>
8893  <... clone resumed>)              = 8899
8895  <... tgkill resumed>)             = 0
8896  clone(child_stack=0x22368c018000, flags=CLONE_VM|CLONE_FS|CLONE_FILES|CLONE_SIGHAND|CLONE_THREAD|CLONE_SYSVSEM) = 8900
8893  clone(child_stack=0x6ad883694000, flags=CLONE_VM|CLONE_FS|CLONE_FILES|CLONE_SIGHAND|CLONE_THREAD|CLONE_SYSVSEM) = 8901
8899  clone(child_stack=0x6ad883718000, flags=CLONE_VM|CLONE_FS|CLONE_FILES|CLONE_SIGHAND|CLONE_THREAD|CLONE_SYSVSEM) = 8902
8887  tgkill(8882, 8888, SIGURG)        = 0
8888  --- SIGURG {si_signo=SIGURG, si_code=SI_TKILL, si_pid=8882, si_uid=1001} ---
8898  --- SIGURG {si_signo=SIGURG, si_code=SI_TKILL, si_pid=8892, si_uid=1001} ---
8897  clone(child_stack=0x6ad883734000, flags=CLONE_VM|CLONE_FS|CLONE_FILES|CLONE_SIGHAND|CLONE_THREAD|CLONE_SYSVSEM) = 8903
8894  clone(child_stack=0x5750af1ea000, flags=CLONE_VM|CLONE_FS|CLONE_FILES|CLONE_SIGHAND|CLONE_THREAD|CLONE_SYSVSEM) = 8904
8894  clone(child_stack=0x5750af222000, flags=CLONE_VM|CLONE_FS|CLONE_FILES|CLONE_SIGHAND|CLONE_THREAD|CLONE_SYSVSEM) = 8905
8894  clone(child_stack=0x5750af21e000, flags=CLONE_VM|CLONE_FS|CLONE_FILES|CLONE_SIGHAND|CLONE_THREAD|CLONE_SYSVSEM) = 8906
8905  clone(child_stack=0x5750af298000, flags=CLONE_VM|CLONE_FS|CLONE_FILES|CLONE_SIGHAND|CLONE_THREAD|CLONE_SYSVSEM) = 8907
8897  tgkill(8893, 8903, SIGURG <unfinished ...>
8903  --- SIGURG {si_signo=SIGURG, si_code=SI_TKILL, si_pid=8893, si_uid=1001} ---
8897  <... tgkill resumed>)             = 0
8895  tgkill(8892, 8900, SIGURG <unfinished ...>
8900  --- SIGURG {si_signo=SIGURG, si_code=SI_TKILL, si_pid=8892, si_uid=1001} ---
8895  <... tgkill resumed>)             = 0
8887  tgkill(8882, 8891, SIGURG)        = 0
8891  --- SIGURG {si_signo=SIGURG, si_code=SI_TKILL, si_pid=8882, si_uid=1001} ---
8887  tgkill(8882, 8882, SIGURG)        = 0
8882  --- SIGURG {si_signo=SIGURG, si_code=SI_TKILL, si_pid=8882, si_uid=1001} ---
8887  tgkill(8882, 8890, SIGURG)        = 0
8890  --- SIGURG {si_signo=SIGURG, si_code=SI_TKILL, si_pid=8882, si_uid=1001} ---
8887  tgkill(8882, 8888, SIGURG)        = 0
8888  --- SIGURG {si_signo=SIGURG, si_code=SI_TKILL, si_pid=8882, si_uid=1001} ---
8897  tgkill(8893, 8903, SIGURG)        = 0
8903  --- SIGURG {si_signo=SIGURG, si_code=SI_TKILL, si_pid=8893, si_uid=1001} ---
8897  tgkill(8893, 8902, SIGURG)        = 0
8897  tgkill(8893, 8893, SIGURG)        = 0
8902  --- SIGURG {si_signo=SIGURG, si_code=SI_TKILL, si_pid=8893, si_uid=1001} ---
8895  tgkill(8892, 8896, SIGURG)        = 0
8904  tgkill(8894, 8894, SIGURG)        = 0
8894  --- SIGURG {si_signo=SIGURG, si_code=SI_TKILL, si_pid=8894, si_uid=1001} ---
8895  tgkill(8892, 8898, SIGURG)        = 0
8895  tgkill(8892, 8892, SIGURG)        = 0
8892  --- SIGURG {si_signo=SIGURG, si_code=SI_TKILL, si_pid=8892, si_uid=1001} ---
8893  --- SIGURG {si_signo=SIGURG, si_code=SI_TKILL, si_pid=8893, si_uid=1001} ---
8895  tgkill(8892, 8900, SIGURG)        = 0
8900  --- SIGURG {si_signo=SIGURG, si_code=SI_TKILL, si_pid=8892, si_uid=1001} ---
8898  --- SIGURG {si_signo=SIGURG, si_code=SI_TKILL, si_pid=8892, si_uid=1001} ---
8896  --- SIGURG {si_signo=SIGURG, si_code=SI_TKILL, si_pid=8892, si_uid=1001} ---
8887  tgkill(8882, 8891, SIGURG)        = 0
8887  tgkill(8882, 8882, SIGURG)        = 0
8882  --- SIGURG {si_signo=SIGURG, si_code=SI_TKILL, si_pid=8882, si_uid=1001} ---
8891  --- SIGURG {si_signo=SIGURG, si_code=SI_TKILL, si_pid=8882, si_uid=1001} ---
8887  tgkill(8882, 8890, SIGURG <unfinished ...>
8890  --- SIGURG {si_signo=SIGURG, si_code=SI_TKILL, si_pid=8882, si_uid=1001} ---
8887  <... tgkill resumed>)             = 0
8887  tgkill(8882, 8888, SIGURG <unfinished ...>
8888  --- SIGURG {si_signo=SIGURG, si_code=SI_TKILL, si_pid=8882, si_uid=1001} ---
8887  <... tgkill resumed>)             = 0
8897  tgkill(8893, 8901, SIGURG)        = 0
8901  --- SIGURG {si_signo=SIGURG, si_code=SI_TKILL, si_pid=8893, si_uid=1001} ---
8897  tgkill(8893, 8903, SIGURG)        = 0
8903  --- SIGURG {si_signo=SIGURG, si_code=SI_TKILL, si_pid=8893, si_uid=1001} ---
8907  exit_group(0)                     = ?
8905  +++ exited with 0 +++
8904  +++ exited with 0 +++
8906  +++ exited with 0 +++
8907  +++ exited with 0 +++
8894  +++ exited with 0 +++
8483  --- SIGCHLD {si_signo=SIGCHLD, si_code=CLD_EXITED, si_pid=8894, si_uid=1001, si_status=0, si_utime=0, si_stime=0} ---
8403  <... waitid resumed>{si_signo=SIGCHLD, si_code=CLD_EXITED, si_pid=8894, si_uid=1001, si_status=0, si_utime=0, si_stime=0}, WEXITED, {ru_utime={tv_sec=0, tv_usec=9154}, ru_stime={tv_sec=0, tv_usec=5721}, ...}) = 0
8895  tgkill(8892, 8896, SIGURG)        = 0
8896  --- SIGURG {si_signo=SIGURG, si_code=SI_TKILL, si_pid=8892, si_uid=1001} ---
8901  exit_group(0)                     = ?
8903  +++ exited with 0 +++
8902  +++ exited with 0 +++
8901  +++ exited with 0 +++
8899  +++ exited with 0 +++
8897  +++ exited with 0 +++
8893  +++ exited with 0 +++
8401  --- SIGCHLD {si_signo=SIGCHLD, si_code=CLD_EXITED, si_pid=8893, si_uid=1001, si_status=0, si_utime=5 /* 0.05 s */, si_stime=1 /* 0.01 s */} ---
8406  <... waitid resumed>{si_signo=SIGCHLD, si_code=CLD_EXITED, si_pid=8893, si_uid=1001, si_status=0, si_utime=0, si_stime=0}, WEXITED, {ru_utime={tv_sec=0, tv_usec=48724}, ru_stime={tv_sec=0, tv_usec=15286}, ...}) = 0
8900  exit_group(0)                     = ?
8900  +++ exited with 0 +++
8898  +++ exited with 0 +++
8895  +++ exited with 0 +++
8483  clone(child_stack=NULL, flags=CLONE_VM|CLONE_PIDFD|CLONE_VFORK|SIGCHLD <unfinished ...>
8896  +++ exited with 0 +++
8892  +++ exited with 0 +++
8890  exit_group(0 <unfinished ...>
8402  --- SIGCHLD {si_signo=SIGCHLD, si_code=CLD_EXITED, si_pid=8892, si_uid=1001, si_status=0, si_utime=5 /* 0.05 s */, si_stime=1 /* 0.01 s */} ---
8482  <... waitid resumed>{si_signo=SIGCHLD, si_code=CLD_EXITED, si_pid=8892, si_uid=1001, si_status=0, si_utime=0, si_stime=0}, WEXITED, {ru_utime={tv_sec=0, tv_usec=53045}, ru_stime={tv_sec=0, tv_usec=18324}, ...}) = 0
8890  <... exit_group resumed>)         = ?
8891  +++ exited with 0 +++
8890  +++ exited with 0 +++
8889  +++ exited with 0 +++
8888  +++ exited with 0 +++
8887  +++ exited with 0 +++
8908  execve("/opt/hostedtoolcache/go/1.27.0/arm64/pkg/tool/linux_arm64/compile", ["/opt/hostedtoolcache/go/1.27.0/a"..., "-o", "/tmp/go-build1141159733/b054/_pk"..., "-trimpath", "/tmp/go-build1141159733/b054=>", "-p", "path", "-lang=go1.27", "-std", "-complete", "-buildid", "S1bYbusOYAhhdRiywHCG/S1bYbusOYAh"..., "-goversion", "go1.27.0", "-c=4", "-nolocalimports", "-importcfg", "/tmp/go-build1141159733/b054/imp"..., "-pack", "/opt/hostedtoolcache/go/1.27.0/a"..., "/opt/hostedtoolcache/go/1.27.0/a"...], 0x727b411c0908 /* 140 vars */ <unfinished ...>
8483  <... clone resumed>, parent_tid=[17]) = 8908
8908  <... execve resumed>)             = 0
8483  waitid(P_PIDFD, 17,  <unfinished ...>
8882  +++ exited with 0 +++
8402  --- SIGCHLD {si_signo=SIGCHLD, si_code=CLD_EXITED, si_pid=8882, si_uid=1001, si_status=0, si_utime=10 /* 0.10 s */, si_stime=1 /* 0.01 s */} ---
8405  <... waitid resumed>{si_signo=SIGCHLD, si_code=CLD_EXITED, si_pid=8882, si_uid=1001, si_status=0, si_utime=0, si_stime=0}, WEXITED, {ru_utime={tv_sec=0, tv_usec=103624}, ru_stime={tv_sec=0, tv_usec=19115}, ...}) = 0
8401  tgkill(8400, 8406, SIGURG)        = 0
8406  --- SIGURG {si_signo=SIGURG, si_code=SI_TKILL, si_pid=8400, si_uid=1001} ---
8908  clone(child_stack=0x3dddc8fea000, flags=CLONE_VM|CLONE_FS|CLONE_FILES|CLONE_SIGHAND|CLONE_THREAD|CLONE_SYSVSEM) = 8909
8908  clone(child_stack=0x3dddc9022000, flags=CLONE_VM|CLONE_FS|CLONE_FILES|CLONE_SIGHAND|CLONE_THREAD|CLONE_SYSVSEM) = 8910
8909  tgkill(8908, 8908, SIGURG <unfinished ...>
8908  clone(child_stack=0x3dddc901e000, flags=CLONE_VM|CLONE_FS|CLONE_FILES|CLONE_SIGHAND|CLONE_THREAD|CLONE_SYSVSEM <unfinished ...>
8909  <... tgkill resumed>)             = 0
8908  <... clone resumed>)              = 8911
8908  --- SIGURG {si_signo=SIGURG, si_code=SI_TKILL, si_pid=8908, si_uid=1001} ---
8406  tgkill(8400, 8402, SIGURG)        = 0
8402  --- SIGURG {si_signo=SIGURG, si_code=SI_TKILL, si_pid=8400, si_uid=1001} ---
8406  tgkill(8400, 8403, SIGURG)        = 0
8910  clone(child_stack=0x3dddc9098000, flags=CLONE_VM|CLONE_FS|CLONE_FILES|CLONE_SIGHAND|CLONE_THREAD|CLONE_SYSVSEM <unfinished ...>
8403  --- SIGURG {si_signo=SIGURG, si_code=SI_TKILL, si_pid=8400, si_uid=1001} ---
8406  tgkill(8400, 8482, SIGURG)        = 0
8910  <... clone resumed>)              = 8912
8482  --- SIGURG {si_signo=SIGURG, si_code=SI_TKILL, si_pid=8400, si_uid=1001} ---
8403  clone(child_stack=NULL, flags=CLONE_VM|CLONE_PIDFD|CLONE_VFORK|SIGCHLD <unfinished ...>
8913  execve("/opt/hostedtoolcache/go/1.27.0/arm64/pkg/tool/linux_arm64/asm", ["/opt/hostedtoolcache/go/1.27.0/a"..., "-p", "reflect", "-trimpath", "/tmp/go-build1141159733/b038=>", "-I", "/tmp/go-build1141159733/b038/", "-I", "/opt/hostedtoolcache/go/1.27.0/a"..., "-D", "GOOS_linux", "-D", "GOARCH_arm64", "-std", "-gensymabis", "-o", "/tmp/go-build1141159733/b038/sym"..., "/opt/hostedtoolcache/go/1.27.0/a"...], 0x727b411c0488 /* 140 vars */ <unfinished ...>
8403  <... clone resumed>, parent_tid=[7]) = 8913
8913  <... execve resumed>)             = 0
8482  clone(child_stack=NULL, flags=CLONE_VM|CLONE_PIDFD|CLONE_VFORK|SIGCHLD <unfinished ...>
8403  waitid(P_PIDFD, 7,  <unfinished ...>
8914  execve("/opt/hostedtoolcache/go/1.27.0/arm64/pkg/tool/linux_arm64/compile", ["/opt/hostedtoolcache/go/1.27.0/a"..., "-o", "/tmp/go-build1141159733/b062/_pk"..., "-trimpath", "/tmp/go-build1141159733/b062=>", "-p", "bytes", "-lang=go1.27", "-std", "-buildid", "blK9KMS4gUGBvi1BV96E/blK9KMS4gUG"..., "-goversion", "go1.27.0", "-c=4", "-nolocalimports", "-importcfg", "/tmp/go-build1141159733/b062/imp"..., "-pack", "/opt/hostedtoolcache/go/1.27.0/a"..., "/opt/hostedtoolcache/go/1.27.0/a"..., "/opt/hostedtoolcache/go/1.27.0/a"..., "/opt/hostedtoolcache/go/1.27.0/a"...], 0x727b414f2008 /* 140 vars */ <unfinished ...>
8482  <... clone resumed>, parent_tid=[9]) = 8914
8914  <... execve resumed>)             = 0
8482  waitid(P_PIDFD, 9,  <unfinished ...>
8913  clone(child_stack=0x5c5264a0a000, flags=CLONE_VM|CLONE_FS|CLONE_FILES|CLONE_SIGHAND|CLONE_THREAD|CLONE_SYSVSEM) = 8915
8913  clone(child_stack=0x5c5264a42000, flags=CLONE_VM|CLONE_FS|CLONE_FILES|CLONE_SIGHAND|CLONE_THREAD|CLONE_SYSVSEM) = 8916
8915  tgkill(8913, 8913, SIGURG)        = 0
8913  clone(child_stack=0x5c5264a3e000, flags=CLONE_VM|CLONE_FS|CLONE_FILES|CLONE_SIGHAND|CLONE_THREAD|CLONE_SYSVSEM) = 8917
8913  --- SIGURG {si_signo=SIGURG, si_code=SI_TKILL, si_pid=8913, si_uid=1001} ---
8916  clone(child_stack=0x5c5264a98000, flags=CLONE_VM|CLONE_FS|CLONE_FILES|CLONE_SIGHAND|CLONE_THREAD|CLONE_SYSVSEM) = 8918
8401  tgkill(8400, 8406, SIGURG)        = 0
8914  clone(child_stack=0x1167d3a00000, flags=CLONE_VM|CLONE_FS|CLONE_FILES|CLONE_SIGHAND|CLONE_THREAD|CLONE_SYSVSEM <unfinished ...>
8406  --- SIGURG {si_signo=SIGURG, si_code=SI_TKILL, si_pid=8400, si_uid=1001} ---
8914  <... clone resumed>)              = 8919
8402  clone(child_stack=NULL, flags=CLONE_VM|CLONE_PIDFD|CLONE_VFORK|SIGCHLD <unfinished ...>
8914  clone(child_stack=0x1167d3a38000, flags=CLONE_VM|CLONE_FS|CLONE_FILES|CLONE_SIGHAND|CLONE_THREAD|CLONE_SYSVSEM) = 8921
8914  clone(child_stack=0x1167d3a34000, flags=CLONE_VM|CLONE_FS|CLONE_FILES|CLONE_SIGHAND|CLONE_THREAD|CLONE_SYSVSEM) = 8922
8920  execve("/opt/hostedtoolcache/go/1.27.0/arm64/pkg/tool/linux_arm64/asm", ["/opt/hostedtoolcache/go/1.27.0/a"..., "-p", "syscall", "-trimpath", "/tmp/go-build1141159733/b056=>", "-I", "/tmp/go-build1141159733/b056/", "-I", "/opt/hostedtoolcache/go/1.27.0/a"..., "-D", "GOOS_linux", "-D", "GOARCH_arm64", "-std", "-gensymabis", "-o", "/tmp/go-build1141159733/b056/sym"..., "/opt/hostedtoolcache/go/1.27.0/a"...], 0x727b41416908 /* 140 vars */ <unfinished ...>
8919  tgkill(8914, 8914, SIGURG)        = 0
8914  --- SIGURG {si_signo=SIGURG, si_code=SI_TKILL, si_pid=8914, si_uid=1001} ---
8919  tgkill(8914, 8914, SIGURG)        = 0
8914  --- SIGURG {si_signo=SIGURG, si_code=SI_TKILL, si_pid=8914, si_uid=1001} ---
8402  <... clone resumed>, parent_tid=[18]) = 8920
8920  <... execve resumed>)             = 0
8909  tgkill(8908, 8912, SIGURG)        = 0
8402  waitid(P_PIDFD, 18,  <unfinished ...>
8912  --- SIGURG {si_signo=SIGURG, si_code=SI_TKILL, si_pid=8908, si_uid=1001} ---
8921  clone(child_stack=0x1167d3a86000, flags=CLONE_VM|CLONE_FS|CLONE_FILES|CLONE_SIGHAND|CLONE_THREAD|CLONE_SYSVSEM) = 8923
8913  exit_group(0)                     = ?
8916  +++ exited with 0 +++
8918  +++ exited with 0 +++
8917  +++ exited with 0 +++
8915  +++ exited with 0 +++
8913  +++ exited with 0 +++
8403  <... waitid resumed>{si_signo=SIGCHLD, si_code=CLD_EXITED, si_pid=8913, si_uid=1001, si_status=0, si_utime=0, si_stime=0}, WEXITED, {ru_utime={tv_sec=0, tv_usec=815}, ru_stime={tv_sec=0, tv_usec=5711}, ...}) = 0
8403  --- SIGCHLD {si_signo=SIGCHLD, si_code=CLD_EXITED, si_pid=8913, si_uid=1001, si_status=0, si_utime=0, si_stime=0} ---
8405  clone(child_stack=NULL, flags=CLONE_VM|CLONE_PIDFD|CLONE_VFORK|SIGCHLD <unfinished ...>
8924  execve("/opt/hostedtoolcache/go/1.27.0/arm64/pkg/tool/linux_arm64/compile", ["/opt/hostedtoolcache/go/1.27.0/a"..., "-o", "/tmp/go-build1141159733/b038/_pk"..., "-trimpath", "/tmp/go-build1141159733/b038=>", "-p", "reflect", "-lang=go1.27", "-std", "-buildid", "e78q8zsgz7SKwSDJ3S4Y/e78q8zsgz7S"..., "-goversion", "go1.27.0", "-symabis", "/tmp/go-build1141159733/b038/sym"..., "-c=4", "-nolocalimports", "-importcfg", "/tmp/go-build1141159733/b038/imp"..., "-pack", "-asmhdr", "/tmp/go-build1141159733/b038/go_"..., "/opt/hostedtoolcache/go/1.27.0/a"..., "/opt/hostedtoolcache/go/1.27.0/a"..., "/opt/hostedtoolcache/go/1.27.0/a"..., "/opt/hostedtoolcache/go/1.27.0/a"..., "/opt/hostedtoolcache/go/1.27.0/a"..., "/opt/hostedtoolcache/go/1.27.0/a"..., "/opt/hostedtoolcache/go/1.27.0/a"..., "/opt/hostedtoolcache/go/1.27.0/a"..., "/opt/hostedtoolcache/go/1.27.0/a"..., "/opt/hostedtoolcache/go/1.27.0/a"..., ...], 0x727b411c0d88 /* 140 vars */ <unfinished ...>
8405  <... clone resumed>, parent_tid=[15]) = 8924
8924  <... execve resumed>)             = 0
8911  exit_group(0)                     = ?
8912  +++ exited with 0 +++
8909  +++ exited with 0 +++
8910  +++ exited with 0 +++
8405  waitid(P_PIDFD, 15,  <unfinished ...>
8911  +++ exited with 0 +++
8908  +++ exited with 0 +++
8406  --- SIGCHLD {si_signo=SIGCHLD, si_code=CLD_EXITED, si_pid=8908, si_uid=1001, si_status=0, si_utime=2 /* 0.02 s */, si_stime=1 /* 0.01 s */} ---
8483  <... waitid resumed>{si_signo=SIGCHLD, si_code=CLD_EXITED, si_pid=8908, si_uid=1001, si_status=0, si_utime=0, si_stime=0}, WEXITED, {ru_utime={tv_sec=0, tv_usec=22697}, ru_stime={tv_sec=0, tv_usec=11802}, ...}) = 0
8920  clone(child_stack=0x7377bdde2000, flags=CLONE_VM|CLONE_FS|CLONE_FILES|CLONE_SIGHAND|CLONE_THREAD|CLONE_SYSVSEM) = 8925
8920  clone(child_stack=0x7377bde1a000, flags=CLONE_VM|CLONE_FS|CLONE_FILES|CLONE_SIGHAND|CLONE_THREAD|CLONE_SYSVSEM) = 8926
8925  tgkill(8920, 8920, SIGURG)        = 0
8920  clone(child_stack=0x7377bde16000, flags=CLONE_VM|CLONE_FS|CLONE_FILES|CLONE_SIGHAND|CLONE_THREAD|CLONE_SYSVSEM) = 8927
8920  --- SIGURG {si_signo=SIGURG, si_code=SI_TKILL, si_pid=8920, si_uid=1001} ---
8926  clone(child_stack=0x7377bde98000, flags=CLONE_VM|CLONE_FS|CLONE_FILES|CLONE_SIGHAND|CLONE_THREAD|CLONE_SYSVSEM) = 8928
8924  clone(child_stack=0x4dd0753ba000, flags=CLONE_VM|CLONE_FS|CLONE_FILES|CLONE_SIGHAND|CLONE_THREAD|CLONE_SYSVSEM) = 8929
8924  clone(child_stack=0x4dd0753f2000, flags=CLONE_VM|CLONE_FS|CLONE_FILES|CLONE_SIGHAND|CLONE_THREAD|CLONE_SYSVSEM) = 8930
8929  tgkill(8924, 8924, SIGURG <unfinished ...>
8924  clone(child_stack=0x4dd0753ee000, flags=CLONE_VM|CLONE_FS|CLONE_FILES|CLONE_SIGHAND|CLONE_THREAD|CLONE_SYSVSEM <unfinished ...>
8929  <... tgkill resumed>)             = 0
8924  <... clone resumed>)              = 8931
8924  --- SIGURG {si_signo=SIGURG, si_code=SI_TKILL, si_pid=8924, si_uid=1001} ---
8406  clone(child_stack=NULL, flags=CLONE_VM|CLONE_PIDFD|CLONE_VFORK|SIGCHLD <unfinished ...>
8919  tgkill(8914, 8923, SIGURG <unfinished ...>
8923  --- SIGURG {si_signo=SIGURG, si_code=SI_TKILL, si_pid=8914, si_uid=1001} ---
8919  <... tgkill resumed>)             = 0
8930  clone(child_stack=0x4dd075418000, flags=CLONE_VM|CLONE_FS|CLONE_FILES|CLONE_SIGHAND|CLONE_THREAD|CLONE_SYSVSEM) = 8933
8932  execve("/opt/hostedtoolcache/go/1.27.0/arm64/pkg/tool/linux_arm64/compile", ["/opt/hostedtoolcache/go/1.27.0/a"..., "-o", "/tmp/go-build1141159733/b066/_pk"..., "-trimpath", "/tmp/go-build1141159733/b066=>", "-p", "internal/godebug", "-lang=go1.27", "-std", "-complete", "-buildid", "AcY4XHJEUplJW9BfMhAj/AcY4XHJEUpl"..., "-goversion", "go1.27.0", "-c=4", "-nolocalimports", "-importcfg", "/tmp/go-build1141159733/b066/imp"..., "-pack", "/opt/hostedtoolcache/go/1.27.0/a"...], 0x727b41417688 /* 140 vars */ <unfinished ...>
8406  <... clone resumed>, parent_tid=[17]) = 8932
8932  <... execve resumed>)             = 0
8406  waitid(P_PIDFD, 17,  <unfinished ...>
8920  exit_group(0)                     = ?
8928  +++ exited with 0 +++
8925  +++ exited with 0 +++
8927  +++ exited with 0 +++
8926  +++ exited with 0 +++
8920  +++ exited with 0 +++
8402  <... waitid resumed>{si_signo=SIGCHLD, si_code=CLD_EXITED, si_pid=8920, si_uid=1001, si_status=0, si_utime=0, si_stime=0}, WEXITED, {ru_utime={tv_sec=0, tv_usec=0}, ru_stime={tv_sec=0, tv_usec=6591}, ...}) = 0
8483  --- SIGCHLD {si_signo=SIGCHLD, si_code=CLD_EXITED, si_pid=8920, si_uid=1001, si_status=0, si_utime=0, si_stime=0} ---
8929  clone(child_stack=0x4dd0758a2000, flags=CLONE_VM|CLONE_FS|CLONE_FILES|CLONE_SIGHAND|CLONE_THREAD|CLONE_SYSVSEM) = 8934
8483  clone(child_stack=NULL, flags=CLONE_VM|CLONE_PIDFD|CLONE_VFORK|SIGCHLD <unfinished ...>
8935  execve("/opt/hostedtoolcache/go/1.27.0/arm64/pkg/tool/linux_arm64/compile", ["/opt/hostedtoolcache/go/1.27.0/a"..., "-o", "/tmp/go-build1141159733/b056/_pk"..., "-trimpath", "/tmp/go-build1141159733/b056=>", "-p", "syscall", "-lang=go1.27", "-std", "-buildid", "rOVCdQL1gJVJsHO2NeEB/rOVCdQL1gJV"..., "-goversion", "go1.27.0", "-symabis", "/tmp/go-build1141159733/b056/sym"..., "-c=4", "-nolocalimports", "-importcfg", "/tmp/go-build1141159733/b056/imp"..., "-pack", "-asmhdr", "/tmp/go-build1141159733/b056/go_"..., "/opt/hostedtoolcache/go/1.27.0/a"..., "/opt/hostedtoolcache/go/1.27.0/a"..., "/opt/hostedtoolcache/go/1.27.0/a"..., "/opt/hostedtoolcache/go/1.27.0/a"..., "/opt/hostedtoolcache/go/1.27.0/a"..., "/opt/hostedtoolcache/go/1.27.0/a"..., "/opt/hostedtoolcache/go/1.27.0/a"..., "/opt/hostedtoolcache/go/1.27.0/a"..., "/opt/hostedtoolcache/go/1.27.0/a"..., "/opt/hostedtoolcache/go/1.27.0/a"..., ...], 0x727b414f3208 /* 140 vars */ <unfinished ...>
8483  <... clone resumed>, parent_tid=[18]) = 8935
8935  <... execve resumed>)             = 0
8483  waitid(P_PIDFD, 18,  <unfinished ...>
8932  clone(child_stack=0x426ae6762000, flags=CLONE_VM|CLONE_FS|CLONE_FILES|CLONE_SIGHAND|CLONE_THREAD|CLONE_SYSVSEM) = 8936
8932  clone(child_stack=0x426ae679a000, flags=CLONE_VM|CLONE_FS|CLONE_FILES|CLONE_SIGHAND|CLONE_THREAD|CLONE_SYSVSEM) = 8937
8936  tgkill(8932, 8932, SIGURG)        = 0
8932  --- SIGURG {si_signo=SIGURG, si_code=SI_TKILL, si_pid=8932, si_uid=1001} ---
8932  clone(child_stack=0x426ae6796000, flags=CLONE_VM|CLONE_FS|CLONE_FILES|CLONE_SIGHAND|CLONE_THREAD|CLONE_SYSVSEM) = 8938
8937  clone(child_stack=0x426ae6818000, flags=CLONE_VM|CLONE_FS|CLONE_FILES|CLONE_SIGHAND|CLONE_THREAD|CLONE_SYSVSEM) = 8939
8935  clone(child_stack=0x47e8303a0000, flags=CLONE_VM|CLONE_FS|CLONE_FILES|CLONE_SIGHAND|CLONE_THREAD|CLONE_SYSVSEM) = 8940
8935  clone(child_stack=0x47e8303d8000, flags=CLONE_VM|CLONE_FS|CLONE_FILES|CLONE_SIGHAND|CLONE_THREAD|CLONE_SYSVSEM) = 8941
8935  clone(child_stack=0x47e8303d4000, flags=CLONE_VM|CLONE_FS|CLONE_FILES|CLONE_SIGHAND|CLONE_THREAD|CLONE_SYSVSEM) = 8942
8941  clone(child_stack=0x47e830418000, flags=CLONE_VM|CLONE_FS|CLONE_FILES|CLONE_SIGHAND|CLONE_THREAD|CLONE_SYSVSEM) = 8943
8940  tgkill(8935, 8942, SIGURG)        = 0
8942  --- SIGURG {si_signo=SIGURG, si_code=SI_TKILL, si_pid=8935, si_uid=1001} ---
8929  tgkill(8924, 8930, SIGURG)        = 0
8930  --- SIGURG {si_signo=SIGURG, si_code=SI_TKILL, si_pid=8924, si_uid=1001} ---
8919  tgkill(8914, 8923, SIGURG)        = 0
8923  --- SIGURG {si_signo=SIGURG, si_code=SI_TKILL, si_pid=8914, si_uid=1001} ---
8936  tgkill(8932, 8932, SIGURG)        = 0
8932  --- SIGURG {si_signo=SIGURG, si_code=SI_TKILL, si_pid=8932, si_uid=1001} ---
8940  tgkill(8935, 8935, SIGURG)        = 0
8935  --- SIGURG {si_signo=SIGURG, si_code=SI_TKILL, si_pid=8935, si_uid=1001} ---
8919  tgkill(8914, 8922, SIGURG)        = 0
8919  tgkill(8914, 8914, SIGURG <unfinished ...>
8929  tgkill(8924, 8930, SIGURG <unfinished ...>
8919  <... tgkill resumed>)             = 0
8929  <... tgkill resumed>)             = 0
8914  --- SIGURG {si_signo=SIGURG, si_code=SI_TKILL, si_pid=8914, si_uid=1001} ---
8936  tgkill(8932, 8938, SIGURG <unfinished ...>
8930  --- SIGURG {si_signo=SIGURG, si_code=SI_TKILL, si_pid=8924, si_uid=1001} ---
8919  tgkill(8914, 8921, SIGURG <unfinished ...>
8936  <... tgkill resumed>)             = 0
8921  --- SIGURG {si_signo=SIGURG, si_code=SI_TKILL, si_pid=8914, si_uid=1001} ---
8919  <... tgkill resumed>)             = 0
8938  --- SIGURG {si_signo=SIGURG, si_code=SI_TKILL, si_pid=8932, si_uid=1001} ---
8922  --- SIGURG {si_signo=SIGURG, si_code=SI_TKILL, si_pid=8914, si_uid=1001} ---
8940  clone(child_stack=0x47e8307a2000, flags=CLONE_VM|CLONE_FS|CLONE_FILES|CLONE_SIGHAND|CLONE_THREAD|CLONE_SYSVSEM) = 8944
8940  clone(child_stack=0x47e83085a000, flags=CLONE_VM|CLONE_FS|CLONE_FILES|CLONE_SIGHAND|CLONE_THREAD|CLONE_SYSVSEM) = 8945
8919  tgkill(8914, 8923, SIGURG)        = 0
8923  --- SIGURG {si_signo=SIGURG, si_code=SI_TKILL, si_pid=8914, si_uid=1001} ---
8929  tgkill(8924, 8930, SIGURG <unfinished ...>
8930  --- SIGURG {si_signo=SIGURG, si_code=SI_TKILL, si_pid=8924, si_uid=1001} ---
8929  <... tgkill resumed>)             = 0
8936  tgkill(8932, 8938, SIGURG)        = 0
8938  --- SIGURG {si_signo=SIGURG, si_code=SI_TKILL, si_pid=8932, si_uid=1001} ---
8940  tgkill(8935, 8935, SIGURG)        = 0
8935  --- SIGURG {si_signo=SIGURG, si_code=SI_TKILL, si_pid=8935, si_uid=1001} ---
8923  exit_group(0)                     = ?
8923  +++ exited with 0 +++
8922  +++ exited with 0 +++
8921  +++ exited with 0 +++
8919  +++ exited with 0 +++
8914  +++ exited with 0 +++
8482  <... waitid resumed>{si_signo=SIGCHLD, si_code=CLD_EXITED, si_pid=8914, si_uid=1001, si_status=0, si_utime=0, si_stime=0}, WEXITED, {ru_utime={tv_sec=0, tv_usec=100780}, ru_stime={tv_sec=0, tv_usec=18236}, ...}) = 0
8482  --- SIGCHLD {si_signo=SIGCHLD, si_code=CLD_EXITED, si_pid=8914, si_uid=1001, si_status=0, si_utime=10 /* 0.10 s */, si_stime=1 /* 0.01 s */} ---
8940  tgkill(8935, 8935, SIGURG)        = 0
8935  --- SIGURG {si_signo=SIGURG, si_code=SI_TKILL, si_pid=8935, si_uid=1001} ---
8929  tgkill(8924, 8930, SIGURG)        = 0
8936  tgkill(8932, 8939, SIGURG)        = 0
8930  --- SIGURG {si_signo=SIGURG, si_code=SI_TKILL, si_pid=8924, si_uid=1001} ---
8939  --- SIGURG {si_signo=SIGURG, si_code=SI_TKILL, si_pid=8932, si_uid=1001} ---
8401  tgkill(8400, 8482, SIGURG)        = 0
8482  --- SIGURG {si_signo=SIGURG, si_code=SI_TKILL, si_pid=8400, si_uid=1001} ---
8936  tgkill(8932, 8937, SIGURG <unfinished ...>
8937  --- SIGURG {si_signo=SIGURG, si_code=SI_TKILL, si_pid=8932, si_uid=1001} ---
8936  <... tgkill resumed>)             = 0
8936  tgkill(8932, 8932, SIGURG)        = 0
8932  --- SIGURG {si_signo=SIGURG, si_code=SI_TKILL, si_pid=8932, si_uid=1001} ---
8936  tgkill(8932, 8938, SIGURG)        = 0
8938  --- SIGURG {si_signo=SIGURG, si_code=SI_TKILL, si_pid=8932, si_uid=1001} ---
8940  tgkill(8935, 8935, SIGURG)        = 0
8935  --- SIGURG {si_signo=SIGURG, si_code=SI_TKILL, si_pid=8935, si_uid=1001} ---
8929  tgkill(8924, 8933, SIGURG <unfinished ...>
8933  --- SIGURG {si_signo=SIGURG, si_code=SI_TKILL, si_pid=8924, si_uid=1001} ---
8929  <... tgkill resumed>)             = 0
8403  clone(child_stack=NULL, flags=CLONE_VM|CLONE_PIDFD|CLONE_VFORK|SIGCHLD <unfinished ...>
8946  execve("/opt/hostedtoolcache/go/1.27.0/arm64/pkg/tool/linux_arm64/compile", ["/opt/hostedtoolcache/go/1.27.0/a"..., "-o", "/tmp/go-build1141159733/b069/_pk"..., "-trimpath", "/tmp/go-build1141159733/b069=>", "-p", "strings", "-lang=go1.27", "-std", "-complete", "-buildid", "igBtOvwyoA-kNaTEpR-Y/igBtOvwyoA-"..., "-goversion", "go1.27.0", "-c=4", "-nolocalimports", "-importcfg", "/tmp/go-build1141159733/b069/imp"..., "-pack", "/opt/hostedtoolcache/go/1.27.0/a"..., "/opt/hostedtoolcache/go/1.27.0/a"..., "/opt/hostedtoolcache/go/1.27.0/a"..., "/opt/hostedtoolcache/go/1.27.0/a"..., "/opt/hostedtoolcache/go/1.27.0/a"..., "/opt/hostedtoolcache/go/1.27.0/a"..., "/opt/hostedtoolcache/go/1.27.0/a"..., "/opt/hostedtoolcache/go/1.27.0/a"...], 0x727b414f2008 /* 140 vars */ <unfinished ...>
8403  <... clone resumed>, parent_tid=[16]) = 8946
8946  <... execve resumed>)             = 0
8403  waitid(P_PIDFD, 16,  <unfinished ...>
8946  clone(child_stack=0x243e80508000, flags=CLONE_VM|CLONE_FS|CLONE_FILES|CLONE_SIGHAND|CLONE_THREAD|CLONE_SYSVSEM) = 8947
8946  clone(child_stack=0x243e80540000, flags=CLONE_VM|CLONE_FS|CLONE_FILES|CLONE_SIGHAND|CLONE_THREAD|CLONE_SYSVSEM) = 8948
8946  clone(child_stack=0x243e8053c000, flags=CLONE_VM|CLONE_FS|CLONE_FILES|CLONE_SIGHAND|CLONE_THREAD|CLONE_SYSVSEM) = 8949
8948  clone(child_stack=0x243e80598000, flags=CLONE_VM|CLONE_FS|CLONE_FILES|CLONE_SIGHAND|CLONE_THREAD|CLONE_SYSVSEM) = 8950
8932  exit_group(0)                     = ?
8938  +++ exited with 0 +++
8936  +++ exited with 0 +++
8939  +++ exited with 0 +++
8937  +++ exited with 0 +++
8932  +++ exited with 0 +++
8402  --- SIGCHLD {si_signo=SIGCHLD, si_code=CLD_EXITED, si_pid=8932, si_uid=1001, si_status=0, si_utime=7 /* 0.07 s */, si_stime=2 /* 0.02 s */} ---
8406  <... waitid resumed>{si_signo=SIGCHLD, si_code=CLD_EXITED, si_pid=8932, si_uid=1001, si_status=0, si_utime=0, si_stime=0}, WEXITED, {ru_utime={tv_sec=0, tv_usec=77848}, ru_stime={tv_sec=0, tv_usec=22092}, ...}) = 0
8940  tgkill(8935, 8944, SIGURG)        = 0
8944  --- SIGURG {si_signo=SIGURG, si_code=SI_TKILL, si_pid=8935, si_uid=1001} ---
8929  tgkill(8924, 8933, SIGURG)        = 0
8933  --- SIGURG {si_signo=SIGURG, si_code=SI_TKILL, si_pid=8924, si_uid=1001} ---
8947  tgkill(8946, 8946, SIGURG)        = 0
8946  --- SIGURG {si_signo=SIGURG, si_code=SI_TKILL, si_pid=8946, si_uid=1001} ---
8947  tgkill(8946, 8949, SIGURG)        = 0
8949  --- SIGURG {si_signo=SIGURG, si_code=SI_TKILL, si_pid=8946, si_uid=1001} ---
8940  tgkill(8935, 8944, SIGURG)        = 0
8944  --- SIGURG {si_signo=SIGURG, si_code=SI_TKILL, si_pid=8935, si_uid=1001} ---
8929  tgkill(8924, 8934, SIGURG)        = 0
8934  --- SIGURG {si_signo=SIGURG, si_code=SI_TKILL, si_pid=8924, si_uid=1001} ---
8940  tgkill(8935, 8945, SIGURG)        = 0
8929  tgkill(8924, 8933, SIGURG)        = 0
8945  --- SIGURG {si_signo=SIGURG, si_code=SI_TKILL, si_pid=8935, si_uid=1001} ---
8947  tgkill(8946, 8946, SIGURG <unfinished ...>
8933  --- SIGURG {si_signo=SIGURG, si_code=SI_TKILL, si_pid=8924, si_uid=1001} ---
8947  <... tgkill resumed>)             = 0
8946  --- SIGURG {si_signo=SIGURG, si_code=SI_TKILL, si_pid=8946, si_uid=1001} ---
8947  tgkill(8946, 8949, SIGURG <unfinished ...>
8949  --- SIGURG {si_signo=SIGURG, si_code=SI_TKILL, si_pid=8946, si_uid=1001} ---
8947  <... tgkill resumed>)             = 0
8947  tgkill(8946, 8948, SIGURG)        = 0
8948  --- SIGURG {si_signo=SIGURG, si_code=SI_TKILL, si_pid=8946, si_uid=1001} ---
8940  tgkill(8935, 8944, SIGURG)        = 0
8944  --- SIGURG {si_signo=SIGURG, si_code=SI_TKILL, si_pid=8935, si_uid=1001} ---
8940  tgkill(8935, 8943, SIGURG)        = 0
8940  tgkill(8935, 8935, SIGURG)        = 0
8935  --- SIGURG {si_signo=SIGURG, si_code=SI_TKILL, si_pid=8935, si_uid=1001} ---
8943  --- SIGURG {si_signo=SIGURG, si_code=SI_TKILL, si_pid=8935, si_uid=1001} ---
8947  tgkill(8946, 8950, SIGURG)        = 0
8947  tgkill(8946, 8946, SIGURG)        = 0
8946  --- SIGURG {si_signo=SIGURG, si_code=SI_TKILL, si_pid=8946, si_uid=1001} ---
8950  --- SIGURG {si_signo=SIGURG, si_code=SI_TKILL, si_pid=8946, si_uid=1001} ---
8929  tgkill(8924, 8933, SIGURG)        = 0
8933  --- SIGURG {si_signo=SIGURG, si_code=SI_TKILL, si_pid=8924, si_uid=1001} ---
8940  tgkill(8935, 8945, SIGURG)        = 0
8947  tgkill(8946, 8949, SIGURG <unfinished ...>
8949  --- SIGURG {si_signo=SIGURG, si_code=SI_TKILL, si_pid=8946, si_uid=1001} ---
8947  <... tgkill resumed>)             = 0
8947  tgkill(8946, 8948, SIGURG <unfinished ...>
8948  --- SIGURG {si_signo=SIGURG, si_code=SI_TKILL, si_pid=8946, si_uid=1001} ---
8947  <... tgkill resumed>)             = 0
8945  --- SIGURG {si_signo=SIGURG, si_code=SI_TKILL, si_pid=8935, si_uid=1001} ---
8935  tgkill(8935, 8943, SIGURG)        = 0
8943  --- SIGURG {si_signo=SIGURG, si_code=SI_TKILL, si_pid=8935, si_uid=1001} ---
8944  tgkill(8935, 8945, SIGURG)        = 0
8945  --- SIGURG {si_signo=SIGURG, si_code=SI_TKILL, si_pid=8935, si_uid=1001} ---
8944  tgkill(8935, 8935, SIGURG)        = 0
8935  --- SIGURG {si_signo=SIGURG, si_code=SI_TKILL, si_pid=8935, si_uid=1001} ---
8929  tgkill(8924, 8934, SIGURG)        = 0
8934  --- SIGURG {si_signo=SIGURG, si_code=SI_TKILL, si_pid=8924, si_uid=1001} ---
8947  tgkill(8946, 8950, SIGURG <unfinished ...>
8950  --- SIGURG {si_signo=SIGURG, si_code=SI_TKILL, si_pid=8946, si_uid=1001} ---
8947  <... tgkill resumed>)             = 0
8944  tgkill(8935, 8945, SIGURG)        = 0
8945  --- SIGURG {si_signo=SIGURG, si_code=SI_TKILL, si_pid=8935, si_uid=1001} ---
8944  tgkill(8935, 8943, SIGURG)        = 0
8943  --- SIGURG {si_signo=SIGURG, si_code=SI_TKILL, si_pid=8935, si_uid=1001} ---
8944  tgkill(8935, 8945, SIGURG)        = 0
8944  tgkill(8935, 8943, SIGURG)        = 0
8943  --- SIGURG {si_signo=SIGURG, si_code=SI_TKILL, si_pid=8935, si_uid=1001} ---
8944  tgkill(8935, 8935, SIGURG)        = 0
8935  --- SIGURG {si_signo=SIGURG, si_code=SI_TKILL, si_pid=8935, si_uid=1001} ---
8944  tgkill(8935, 8935, SIGURG)        = 0
8935  --- SIGURG {si_signo=SIGURG, si_code=SI_TKILL, si_pid=8935, si_uid=1001} ---
8945  --- SIGURG {si_signo=SIGURG, si_code=SI_TKILL, si_pid=8935, si_uid=1001} ---
8944  tgkill(8935, 8945, SIGURG)        = 0
8940  tgkill(8935, 8944, SIGURG <unfinished ...>
8945  --- SIGURG {si_signo=SIGURG, si_code=SI_TKILL, si_pid=8935, si_uid=1001} ---
8940  <... tgkill resumed>)             = 0
8944  --- SIGURG {si_signo=SIGURG, si_code=SI_TKILL, si_pid=8935, si_uid=1001} ---
8944  tgkill(8935, 8943, SIGURG)        = 0
8943  --- SIGURG {si_signo=SIGURG, si_code=SI_TKILL, si_pid=8935, si_uid=1001} ---
8944  tgkill(8935, 8935, SIGURG)        = 0
8935  --- SIGURG {si_signo=SIGURG, si_code=SI_TKILL, si_pid=8935, si_uid=1001} ---
8950  exit_group(0)                     = ?
8949  +++ exited with 0 +++
8948  +++ exited with 0 +++
8947  +++ exited with 0 +++
8929  tgkill(8924, 8930, SIGURG <unfinished ...>
8930  --- SIGURG {si_signo=SIGURG, si_code=SI_TKILL, si_pid=8924, si_uid=1001} ---
8929  <... tgkill resumed>)             = 0
8933  tgkill(8924, 8930, SIGURG)        = 0
8930  --- SIGURG {si_signo=SIGURG, si_code=SI_TKILL, si_pid=8924, si_uid=1001} ---
8933  tgkill(8924, 8930, SIGURG <unfinished ...>
8940  tgkill(8935, 8943, SIGURG <unfinished ...>
8950  +++ exited with 0 +++
8946  +++ exited with 0 +++
8940  <... tgkill resumed>)             = 0
8406  --- SIGCHLD {si_signo=SIGCHLD, si_code=CLD_EXITED, si_pid=8946, si_uid=1001, si_status=0, si_utime=11 /* 0.11 s */, si_stime=2 /* 0.02 s */} ---
8403  <... waitid resumed>{si_signo=SIGCHLD, si_code=CLD_EXITED, si_pid=8946, si_uid=1001, si_status=0, si_utime=0, si_stime=0}, WEXITED, {ru_utime={tv_sec=0, tv_usec=114085}, ru_stime={tv_sec=0, tv_usec=26484}, ...}) = 0
8931  tgkill(8924, 8933, SIGURG)        = 0
8943  --- SIGURG {si_signo=SIGURG, si_code=SI_TKILL, si_pid=8935, si_uid=1001} ---
8933  <... tgkill resumed>)             = 0
8933  --- SIGURG {si_signo=SIGURG, si_code=SI_TKILL, si_pid=8924, si_uid=1001} ---
8930  --- SIGURG {si_signo=SIGURG, si_code=SI_TKILL, si_pid=8924, si_uid=1001} ---
8929  tgkill(8924, 8931, SIGURG <unfinished ...>
8931  --- SIGURG {si_signo=SIGURG, si_code=SI_TKILL, si_pid=8924, si_uid=1001} ---
8929  <... tgkill resumed>)             = 0
8929  tgkill(8924, 8933, SIGURG)        = 0
8933  --- SIGURG {si_signo=SIGURG, si_code=SI_TKILL, si_pid=8924, si_uid=1001} ---
8943  tgkill(8935, 8944, SIGURG)        = 0
8944  --- SIGURG {si_signo=SIGURG, si_code=SI_TKILL, si_pid=8935, si_uid=1001} ---
8943  tgkill(8935, 8945, SIGURG)        = 0
8945  --- SIGURG {si_signo=SIGURG, si_code=SI_TKILL, si_pid=8935, si_uid=1001} ---
8943  tgkill(8935, 8935, SIGURG)        = 0
8935  --- SIGURG {si_signo=SIGURG, si_code=SI_TKILL, si_pid=8935, si_uid=1001} ---
8943  tgkill(8935, 8945, SIGURG <unfinished ...>
8933  tgkill(8924, 8934, SIGURG <unfinished ...>
8945  --- SIGURG {si_signo=SIGURG, si_code=SI_TKILL, si_pid=8935, si_uid=1001} ---
8943  <... tgkill resumed>)             = 0
8933  <... tgkill resumed>)             = 0
8401  tgkill(8400, 8406, SIGURG <unfinished ...>
8943  tgkill(8935, 8935, SIGURG <unfinished ...>
8934  --- SIGURG {si_signo=SIGURG, si_code=SI_TKILL, si_pid=8924, si_uid=1001} ---
8401  <... tgkill resumed>)             = 0
8943  <... tgkill resumed>)             = 0
8406  --- SIGURG {si_signo=SIGURG, si_code=SI_TKILL, si_pid=8400, si_uid=1001} ---
8935  --- SIGURG {si_signo=SIGURG, si_code=SI_TKILL, si_pid=8935, si_uid=1001} ---
8943  tgkill(8935, 8944, SIGURG)        = 0
8943  tgkill(8935, 8945, SIGURG)        = 0
8944  --- SIGURG {si_signo=SIGURG, si_code=SI_TKILL, si_pid=8935, si_uid=1001} ---
8945  --- SIGURG {si_signo=SIGURG, si_code=SI_TKILL, si_pid=8935, si_uid=1001} ---
8943  tgkill(8935, 8935, SIGURG)        = 0
8935  --- SIGURG {si_signo=SIGURG, si_code=SI_TKILL, si_pid=8935, si_uid=1001} ---
8943  tgkill(8935, 8944, SIGURG <unfinished ...>
8944  --- SIGURG {si_signo=SIGURG, si_code=SI_TKILL, si_pid=8935, si_uid=1001} ---
8943  <... tgkill resumed>)             = 0
8943  tgkill(8935, 8935, SIGURG)        = 0
8935  --- SIGURG {si_signo=SIGURG, si_code=SI_TKILL, si_pid=8935, si_uid=1001} ---
8943  tgkill(8935, 8944, SIGURG)        = 0
8944  --- SIGURG {si_signo=SIGURG, si_code=SI_TKILL, si_pid=8935, si_uid=1001} ---
8943  tgkill(8935, 8935, SIGURG)        = 0
8933  tgkill(8924, 8934, SIGURG)        = 0
8934  --- SIGURG {si_signo=SIGURG, si_code=SI_TKILL, si_pid=8924, si_uid=1001} ---
8935  --- SIGURG {si_signo=SIGURG, si_code=SI_TKILL, si_pid=8935, si_uid=1001} ---
8943  tgkill(8935, 8944, SIGURG <unfinished ...>
8933  tgkill(8924, 8934, SIGURG <unfinished ...>
8943  <... tgkill resumed>)             = 0
8933  <... tgkill resumed>)             = 0
8934  --- SIGURG {si_signo=SIGURG, si_code=SI_TKILL, si_pid=8924, si_uid=1001} ---
8944  --- SIGURG {si_signo=SIGURG, si_code=SI_TKILL, si_pid=8935, si_uid=1001} ---
8943  tgkill(8935, 8944, SIGURG)        = 0
8944  --- SIGURG {si_signo=SIGURG, si_code=SI_TKILL, si_pid=8935, si_uid=1001} ---
8943  tgkill(8935, 8945, SIGURG)        = 0
8945  --- SIGURG {si_signo=SIGURG, si_code=SI_TKILL, si_pid=8935, si_uid=1001} ---
8943  tgkill(8935, 8935, SIGURG)        = 0
8935  --- SIGURG {si_signo=SIGURG, si_code=SI_TKILL, si_pid=8935, si_uid=1001} ---
8943  tgkill(8935, 8944, SIGURG)        = 0
8933  tgkill(8924, 8934, SIGURG)        = 0
8944  --- SIGURG {si_signo=SIGURG, si_code=SI_TKILL, si_pid=8935, si_uid=1001} ---
8943  tgkill(8935, 8945, SIGURG <unfinished ...>
8934  --- SIGURG {si_signo=SIGURG, si_code=SI_TKILL, si_pid=8924, si_uid=1001} ---
8943  <... tgkill resumed>)             = 0
8945  --- SIGURG {si_signo=SIGURG, si_code=SI_TKILL, si_pid=8935, si_uid=1001} ---
8943  tgkill(8935, 8935, SIGURG)        = 0
8935  --- SIGURG {si_signo=SIGURG, si_code=SI_TKILL, si_pid=8935, si_uid=1001} ---
8943  tgkill(8935, 8944, SIGURG)        = 0
8944  --- SIGURG {si_signo=SIGURG, si_code=SI_TKILL, si_pid=8935, si_uid=1001} ---
8943  tgkill(8935, 8945, SIGURG)        = 0
8945  --- SIGURG {si_signo=SIGURG, si_code=SI_TKILL, si_pid=8935, si_uid=1001} ---
8943  tgkill(8935, 8945, SIGURG)        = 0
8945  --- SIGURG {si_signo=SIGURG, si_code=SI_TKILL, si_pid=8935, si_uid=1001} ---
8401  tgkill(8400, 8402, SIGURG)        = 0
8402  --- SIGURG {si_signo=SIGURG, si_code=SI_TKILL, si_pid=8400, si_uid=1001} ---
8929  tgkill(8924, 8934, SIGURG)        = 0
8934  --- SIGURG {si_signo=SIGURG, si_code=SI_TKILL, si_pid=8924, si_uid=1001} ---
8940  tgkill(8935, 8945, SIGURG)        = 0
8945  --- SIGURG {si_signo=SIGURG, si_code=SI_TKILL, si_pid=8935, si_uid=1001} ---
8940  tgkill(8935, 8943, SIGURG)        = 0
8940  tgkill(8935, 8935, SIGURG)        = 0
8935  --- SIGURG {si_signo=SIGURG, si_code=SI_TKILL, si_pid=8935, si_uid=1001} ---
8943  --- SIGURG {si_signo=SIGURG, si_code=SI_TKILL, si_pid=8935, si_uid=1001} ---
8406  clone(child_stack=NULL, flags=CLONE_VM|CLONE_PIDFD|CLONE_VFORK|SIGCHLD <unfinished ...>
8940  tgkill(8935, 8944, SIGURG)        = 0
8944  --- SIGURG {si_signo=SIGURG, si_code=SI_TKILL, si_pid=8935, si_uid=1001} ---
8951  execve("/opt/hostedtoolcache/go/1.27.0/arm64/pkg/tool/linux_arm64/compile", ["/opt/hostedtoolcache/go/1.27.0/a"..., "-o", "/tmp/go-build1141159733/b071/_pk"..., "-trimpath", "/tmp/go-build1141159733/b071=>", "-p", "regexp/syntax", "-lang=go1.27", "-std", "-complete", "-buildid", "xEPQg2lpkiQK-vWos22W/xEPQg2lpkiQ"..., "-goversion", "go1.27.0", "-c=4", "-nolocalimports", "-importcfg", "/tmp/go-build1141159733/b071/imp"..., "-pack", "/opt/hostedtoolcache/go/1.27.0/a"..., "/opt/hostedtoolcache/go/1.27.0/a"..., "/opt/hostedtoolcache/go/1.27.0/a"..., "/opt/hostedtoolcache/go/1.27.0/a"..., "/opt/hostedtoolcache/go/1.27.0/a"..., "/opt/hostedtoolcache/go/1.27.0/a"..., "/opt/hostedtoolcache/go/1.27.0/a"..., "/opt/hostedtoolcache/go/1.27.0/a"...], 0x727b41416908 /* 140 vars */ <unfinished ...>
8406  <... clone resumed>, parent_tid=[14]) = 8951
8951  <... execve resumed>)             = 0
8406  waitid(P_PIDFD, 14,  <unfinished ...>
8929  tgkill(8924, 8930, SIGURG)        = 0
8930  --- SIGURG {si_signo=SIGURG, si_code=SI_TKILL, si_pid=8924, si_uid=1001} ---
8951  clone(child_stack=0x3de9ae30000, flags=CLONE_VM|CLONE_FS|CLONE_FILES|CLONE_SIGHAND|CLONE_THREAD|CLONE_SYSVSEM) = 8952
8951  clone(child_stack=0x3de9ae68000, flags=CLONE_VM|CLONE_FS|CLONE_FILES|CLONE_SIGHAND|CLONE_THREAD|CLONE_SYSVSEM) = 8953
8951  clone(child_stack=0x3de9ae64000, flags=CLONE_VM|CLONE_FS|CLONE_FILES|CLONE_SIGHAND|CLONE_THREAD|CLONE_SYSVSEM) = 8954
8953  clone(child_stack=0x3de9ae98000, flags=CLONE_VM|CLONE_FS|CLONE_FILES|CLONE_SIGHAND|CLONE_THREAD|CLONE_SYSVSEM) = 8955
8952  clone(child_stack=0x3de9b24e000, flags=CLONE_VM|CLONE_FS|CLONE_FILES|CLONE_SIGHAND|CLONE_THREAD|CLONE_SYSVSEM) = 8956
8952  tgkill(8951, 8953, SIGURG)        = 0
8953  --- SIGURG {si_signo=SIGURG, si_code=SI_TKILL, si_pid=8951, si_uid=1001} ---
8929  tgkill(8924, 8934, SIGURG)        = 0
8929  tgkill(8924, 8931, SIGURG <unfinished ...>
8931  --- SIGURG {si_signo=SIGURG, si_code=SI_TKILL, si_pid=8924, si_uid=1001} ---
8929  <... tgkill resumed>)             = 0
8934  --- SIGURG {si_signo=SIGURG, si_code=SI_TKILL, si_pid=8924, si_uid=1001} ---
8929  tgkill(8924, 8930, SIGURG <unfinished ...>
8930  --- SIGURG {si_signo=SIGURG, si_code=SI_TKILL, si_pid=8924, si_uid=1001} ---
8952  tgkill(8951, 8953, SIGURG <unfinished ...>
8929  <... tgkill resumed>)             = 0
8952  <... tgkill resumed>)             = 0
8953  --- SIGURG {si_signo=SIGURG, si_code=SI_TKILL, si_pid=8951, si_uid=1001} ---
8929  tgkill(8924, 8933, SIGURG)        = 0
8933  --- SIGURG {si_signo=SIGURG, si_code=SI_TKILL, si_pid=8924, si_uid=1001} ---
8940  tgkill(8935, 8944, SIGURG)        = 0
8944  --- SIGURG {si_signo=SIGURG, si_code=SI_TKILL, si_pid=8935, si_uid=1001} ---
8929  tgkill(8924, 8934, SIGURG)        = 0
8929  tgkill(8924, 8931, SIGURG)        = 0
8931  --- SIGURG {si_signo=SIGURG, si_code=SI_TKILL, si_pid=8924, si_uid=1001} ---
8934  --- SIGURG {si_signo=SIGURG, si_code=SI_TKILL, si_pid=8924, si_uid=1001} ---
8952  tgkill(8951, 8953, SIGURG)        = 0
8953  --- SIGURG {si_signo=SIGURG, si_code=SI_TKILL, si_pid=8951, si_uid=1001} ---
8940  tgkill(8935, 8944, SIGURG <unfinished ...>
8944  --- SIGURG {si_signo=SIGURG, si_code=SI_TKILL, si_pid=8935, si_uid=1001} ---
8940  <... tgkill resumed>)             = 0
8929  tgkill(8924, 8931, SIGURG)        = 0
8931  --- SIGURG {si_signo=SIGURG, si_code=SI_TKILL, si_pid=8924, si_uid=1001} ---
8929  tgkill(8924, 8933, SIGURG)        = 0
8933  --- SIGURG {si_signo=SIGURG, si_code=SI_TKILL, si_pid=8924, si_uid=1001} ---
8944  exit_group(0)                     = ?
8940  +++ exited with 0 +++
8942  +++ exited with 0 +++
8945  +++ exited with 0 +++
8941  +++ exited with 0 +++
8929  tgkill(8924, 8934, SIGURG)        = 0
8934  --- SIGURG {si_signo=SIGURG, si_code=SI_TKILL, si_pid=8924, si_uid=1001} ---
8944  +++ exited with 0 +++
8952  tgkill(8951, 8951, SIGURG)        = 0
8951  --- SIGURG {si_signo=SIGURG, si_code=SI_TKILL, si_pid=8951, si_uid=1001} ---
8929  tgkill(8924, 8931, SIGURG)        = 0
8929  tgkill(8924, 8933, SIGURG)        = 0
8933  --- SIGURG {si_signo=SIGURG, si_code=SI_TKILL, si_pid=8924, si_uid=1001} ---
8943  +++ exited with 0 +++
8935  +++ exited with 0 +++
8403  --- SIGCHLD {si_signo=SIGCHLD, si_code=CLD_EXITED, si_pid=8935, si_uid=1001, si_status=0, si_utime=32 /* 0.32 s */, si_stime=5 /* 0.05 s */} ---
8483  <... waitid resumed>{si_signo=SIGCHLD, si_code=CLD_EXITED, si_pid=8935, si_uid=1001, si_status=0, si_utime=0, si_stime=0}, WEXITED, {ru_utime={tv_sec=0, tv_usec=323076}, ru_stime={tv_sec=0, tv_usec=56187}, ...}) = 0
8931  --- SIGURG {si_signo=SIGURG, si_code=SI_TKILL, si_pid=8924, si_uid=1001} ---
8483  clone(child_stack=NULL, flags=CLONE_VM|CLONE_PIDFD|CLONE_VFORK|SIGCHLD <unfinished ...>
8929  tgkill(8924, 8934, SIGURG)        = 0
8934  --- SIGURG {si_signo=SIGURG, si_code=SI_TKILL, si_pid=8924, si_uid=1001} ---
8958  execve("/opt/hostedtoolcache/go/1.27.0/arm64/pkg/tool/linux_arm64/asm", ["/opt/hostedtoolcache/go/1.27.0/a"..., "-p", "syscall", "-trimpath", "/tmp/go-build1141159733/b056=>", "-I", "/tmp/go-build1141159733/b056/", "-I", "/opt/hostedtoolcache/go/1.27.0/a"..., "-D", "GOOS_linux", "-D", "GOARCH_arm64", "-std", "-o", "/tmp/go-build1141159733/b056/asm"..., "/opt/hostedtoolcache/go/1.27.0/a"...], 0x727b41417688 /* 140 vars */ <unfinished ...>
8952  tgkill(8951, 8953, SIGURG)        = 0
8953  --- SIGURG {si_signo=SIGURG, si_code=SI_TKILL, si_pid=8951, si_uid=1001} ---
8483  <... clone resumed>, parent_tid=[16]) = 8958
8401  tgkill(8400, 8483, SIGURG <unfinished ...>
8958  <... execve resumed>)             = 0
8401  <... tgkill resumed>)             = 0
8483  --- SIGURG {si_signo=SIGURG, si_code=SI_TKILL, si_pid=8400, si_uid=1001} ---
8483  waitid(P_PIDFD, 16,  <unfinished ...>
8929  tgkill(8924, 8930, SIGURG)        = 0
8930  --- SIGURG {si_signo=SIGURG, si_code=SI_TKILL, si_pid=8924, si_uid=1001} ---
8929  tgkill(8924, 8931, SIGURG)        = 0
8929  tgkill(8924, 8933, SIGURG)        = 0
8933  --- SIGURG {si_signo=SIGURG, si_code=SI_TKILL, si_pid=8924, si_uid=1001} ---
8931  --- SIGURG {si_signo=SIGURG, si_code=SI_TKILL, si_pid=8924, si_uid=1001} ---
8952  tgkill(8951, 8951, SIGURG)        = 0
8952  tgkill(8951, 8956, SIGURG)        = 0
8952  tgkill(8951, 8955, SIGURG)        = 0
8955  --- SIGURG {si_signo=SIGURG, si_code=SI_TKILL, si_pid=8951, si_uid=1001} ---
8956  --- SIGURG {si_signo=SIGURG, si_code=SI_TKILL, si_pid=8951, si_uid=1001} ---
8951  --- SIGURG {si_signo=SIGURG, si_code=SI_TKILL, si_pid=8951, si_uid=1001} ---
8929  tgkill(8924, 8934, SIGURG)        = 0
8934  --- SIGURG {si_signo=SIGURG, si_code=SI_TKILL, si_pid=8924, si_uid=1001} ---
8952  tgkill(8951, 8953, SIGURG)        = 0
8953  --- SIGURG {si_signo=SIGURG, si_code=SI_TKILL, si_pid=8951, si_uid=1001} ---
8929  tgkill(8924, 8930, SIGURG)        = 0
8930  --- SIGURG {si_signo=SIGURG, si_code=SI_TKILL, si_pid=8924, si_uid=1001} ---
8929  tgkill(8924, 8931, SIGURG)        = 0
8929  tgkill(8924, 8933, SIGURG)        = 0
8933  --- SIGURG {si_signo=SIGURG, si_code=SI_TKILL, si_pid=8924, si_uid=1001} ---
8958  clone(child_stack=0x3f27e3352000, flags=CLONE_VM|CLONE_FS|CLONE_FILES|CLONE_SIGHAND|CLONE_THREAD|CLONE_SYSVSEM <unfinished ...>
8931  --- SIGURG {si_signo=SIGURG, si_code=SI_TKILL, si_pid=8924, si_uid=1001} ---
8958  <... clone resumed>)              = 8959
8958  clone(child_stack=0x3f27e338a000, flags=CLONE_VM|CLONE_FS|CLONE_FILES|CLONE_SIGHAND|CLONE_THREAD|CLONE_SYSVSEM) = 8960
8958  clone(child_stack=0x3f27e3386000, flags=CLONE_VM|CLONE_FS|CLONE_FILES|CLONE_SIGHAND|CLONE_THREAD|CLONE_SYSVSEM) = 8961
8960  clone(child_stack=0x3f27e3418000, flags=CLONE_VM|CLONE_FS|CLONE_FILES|CLONE_SIGHAND|CLONE_THREAD|CLONE_SYSVSEM) = 8962
8952  tgkill(8951, 8951, SIGURG)        = 0
8952  tgkill(8951, 8956, SIGURG)        = 0
8956  --- SIGURG {si_signo=SIGURG, si_code=SI_TKILL, si_pid=8951, si_uid=1001} ---
8952  tgkill(8951, 8955, SIGURG)        = 0
8955  --- SIGURG {si_signo=SIGURG, si_code=SI_TKILL, si_pid=8951, si_uid=1001} ---
8951  --- SIGURG {si_signo=SIGURG, si_code=SI_TKILL, si_pid=8951, si_uid=1001} ---
8933  tgkill(8924, 8934, SIGURG)        = 0
8934  --- SIGURG {si_signo=SIGURG, si_code=SI_TKILL, si_pid=8924, si_uid=1001} ---
8930  tgkill(8924, 8933, SIGURG)        = 0
8933  --- SIGURG {si_signo=SIGURG, si_code=SI_TKILL, si_pid=8924, si_uid=1001} ---
8958  exit_group(0)                     = ?
8961  +++ exited with 0 +++
8960  +++ exited with 0 +++
8959  +++ exited with 0 +++
8952  tgkill(8951, 8953, SIGURG)        = 0
8962  +++ exited with 0 +++
8958  +++ exited with 0 +++
8483  <... waitid resumed>{si_signo=SIGCHLD, si_code=CLD_EXITED, si_pid=8958, si_uid=1001, si_status=0, si_utime=0, si_stime=0}, WEXITED, {ru_utime={tv_sec=0, tv_usec=2431}, ru_stime={tv_sec=0, tv_usec=6078}, ...}) = 0
8403  --- SIGCHLD {si_signo=SIGCHLD, si_code=CLD_EXITED, si_pid=8958, si_uid=1001, si_status=0, si_utime=0, si_stime=0} ---
8953  --- SIGURG {si_signo=SIGURG, si_code=SI_TKILL, si_pid=8951, si_uid=1001} ---
8929  tgkill(8924, 8934, SIGURG)        = 0
8929  tgkill(8924, 8930, SIGURG)        = 0
8929  tgkill(8924, 8933, SIGURG)        = 0
8933  --- SIGURG {si_signo=SIGURG, si_code=SI_TKILL, si_pid=8924, si_uid=1001} ---
8934  --- SIGURG {si_signo=SIGURG, si_code=SI_TKILL, si_pid=8924, si_uid=1001} ---
8929  tgkill(8924, 8931, SIGURG <unfinished ...>
8931  --- SIGURG {si_signo=SIGURG, si_code=SI_TKILL, si_pid=8924, si_uid=1001} ---
8929  <... tgkill resumed>)             = 0
8952  tgkill(8951, 8951, SIGURG)        = 0
8951  --- SIGURG {si_signo=SIGURG, si_code=SI_TKILL, si_pid=8951, si_uid=1001} ---
8930  --- SIGURG {si_signo=SIGURG, si_code=SI_TKILL, si_pid=8924, si_uid=1001} ---
8952  tgkill(8951, 8956, SIGURG)        = 0
8952  tgkill(8951, 8955, SIGURG)        = 0
8955  --- SIGURG {si_signo=SIGURG, si_code=SI_TKILL, si_pid=8951, si_uid=1001} ---
8929  tgkill(8924, 8930, SIGURG)        = 0
8930  --- SIGURG {si_signo=SIGURG, si_code=SI_TKILL, si_pid=8924, si_uid=1001} ---
8929  tgkill(8924, 8931, SIGURG)        = 0
8931  --- SIGURG {si_signo=SIGURG, si_code=SI_TKILL, si_pid=8924, si_uid=1001} ---
8956  --- SIGURG {si_signo=SIGURG, si_code=SI_TKILL, si_pid=8951, si_uid=1001} ---
8929  tgkill(8924, 8930, SIGURG)        = 0
8930  --- SIGURG {si_signo=SIGURG, si_code=SI_TKILL, si_pid=8924, si_uid=1001} ---
8952  tgkill(8951, 8953, SIGURG)        = 0
8953  --- SIGURG {si_signo=SIGURG, si_code=SI_TKILL, si_pid=8951, si_uid=1001} ---
8929  tgkill(8924, 8934, SIGURG)        = 0
8934  --- SIGURG {si_signo=SIGURG, si_code=SI_TKILL, si_pid=8924, si_uid=1001} ---
8929  tgkill(8924, 8930, SIGURG)        = 0
8930  --- SIGURG {si_signo=SIGURG, si_code=SI_TKILL, si_pid=8924, si_uid=1001} ---
8401  tgkill(8400, 8403, SIGURG <unfinished ...>
8403  --- SIGURG {si_signo=SIGURG, si_code=SI_TKILL, si_pid=8400, si_uid=1001} ---
8401  <... tgkill resumed>)             = 0
8952  tgkill(8951, 8951, SIGURG)        = 0
8952  tgkill(8951, 8956, SIGURG)        = 0
8952  tgkill(8951, 8955, SIGURG)        = 0
8955  --- SIGURG {si_signo=SIGURG, si_code=SI_TKILL, si_pid=8951, si_uid=1001} ---
8929  tgkill(8924, 8930, SIGURG <unfinished ...>
8930  --- SIGURG {si_signo=SIGURG, si_code=SI_TKILL, si_pid=8924, si_uid=1001} ---
8929  <... tgkill resumed>)             = 0
8929  tgkill(8924, 8931, SIGURG)        = 0
8931  --- SIGURG {si_signo=SIGURG, si_code=SI_TKILL, si_pid=8924, si_uid=1001} ---
8929  tgkill(8924, 8933, SIGURG)        = 0
8933  --- SIGURG {si_signo=SIGURG, si_code=SI_TKILL, si_pid=8924, si_uid=1001} ---
8931  tgkill(8924, 8930, SIGURG)        = 0
8930  --- SIGURG {si_signo=SIGURG, si_code=SI_TKILL, si_pid=8924, si_uid=1001} ---
8931  tgkill(8924, 8934, SIGURG)        = 0
8933  tgkill(8924, 8930, SIGURG)        = 0
8930  --- SIGURG {si_signo=SIGURG, si_code=SI_TKILL, si_pid=8924, si_uid=1001} ---
8933  tgkill(8924, 8930, SIGURG)        = 0
8930  --- SIGURG {si_signo=SIGURG, si_code=SI_TKILL, si_pid=8924, si_uid=1001} ---
8956  --- SIGURG {si_signo=SIGURG, si_code=SI_TKILL, si_pid=8951, si_uid=1001} ---
8951  --- SIGURG {si_signo=SIGURG, si_code=SI_TKILL, si_pid=8951, si_uid=1001} ---
8934  --- SIGURG {si_signo=SIGURG, si_code=SI_TKILL, si_pid=8924, si_uid=1001} ---
8931  tgkill(8924, 8933, SIGURG)        = 0
8933  --- SIGURG {si_signo=SIGURG, si_code=SI_TKILL, si_pid=8924, si_uid=1001} ---
8931  tgkill(8924, 8930, SIGURG)        = 0
8930  --- SIGURG {si_signo=SIGURG, si_code=SI_TKILL, si_pid=8924, si_uid=1001} ---
8934  tgkill(8924, 8931, SIGURG)        = 0
8931  --- SIGURG {si_signo=SIGURG, si_code=SI_TKILL, si_pid=8924, si_uid=1001} ---
8934  tgkill(8924, 8933, SIGURG)        = 0
8933  --- SIGURG {si_signo=SIGURG, si_code=SI_TKILL, si_pid=8924, si_uid=1001} ---
8482  tgkill(8400, 8402, SIGURG)        = 0
8402  --- SIGURG {si_signo=SIGURG, si_code=SI_TKILL, si_pid=8400, si_uid=1001} ---
8482  tgkill(8400, 8403, SIGURG)        = 0
8403  --- SIGURG {si_signo=SIGURG, si_code=SI_TKILL, si_pid=8400, si_uid=1001} ---
8952  tgkill(8951, 8951, SIGURG <unfinished ...>
8482  clone(child_stack=NULL, flags=CLONE_VM|CLONE_PIDFD|CLONE_VFORK|SIGCHLD <unfinished ...>
8402  tgkill(8400, 8404, SIGURG)        = 0
8952  <... tgkill resumed>)             = 0
8951  --- SIGURG {si_signo=SIGURG, si_code=SI_TKILL, si_pid=8951, si_uid=1001} ---
8402  tgkill(8400, 8482, SIGURG)        = 0
8963  execve("/opt/hostedtoolcache/go/1.27.0/arm64/pkg/tool/linux_arm64/compile", ["/opt/hostedtoolcache/go/1.27.0/a"..., "-o", "/tmp/go-build1141159733/b058/_pk"..., "-trimpath", "/tmp/go-build1141159733/b058=>", "-p", "internal/syscall/unix", "-lang=go1.27", "-std", "-complete", "-buildid", "S_UaMNGdYw1UseI9ihq9/S_UaMNGdYw1"..., "-goversion", "go1.27.0", "-c=4", "-nolocalimports", "-importcfg", "/tmp/go-build1141159733/b058/imp"..., "-pack", "/opt/hostedtoolcache/go/1.27.0/a"..., "/opt/hostedtoolcache/go/1.27.0/a"..., "/opt/hostedtoolcache/go/1.27.0/a"..., "/opt/hostedtoolcache/go/1.27.0/a"..., "/opt/hostedtoolcache/go/1.27.0/a"..., "/opt/hostedtoolcache/go/1.27.0/a"..., "/opt/hostedtoolcache/go/1.27.0/a"..., "/opt/hostedtoolcache/go/1.27.0/a"..., "/opt/hostedtoolcache/go/1.27.0/a"..., "/opt/hostedtoolcache/go/1.27.0/a"..., "/opt/hostedtoolcache/go/1.27.0/a"..., "/opt/hostedtoolcache/go/1.27.0/a"..., "/opt/hostedtoolcache/go/1.27.0/a"..., ...], 0x727b414f3688 /* 140 vars */ <unfinished ...>
8482  <... clone resumed>, parent_tid=[16]) = 8963
8482  --- SIGURG {si_signo=SIGURG, si_code=SI_TKILL, si_pid=8400, si_uid=1001} ---
8402  tgkill(8400, 8400, SIGURG)        = 0
8400  --- SIGURG {si_signo=SIGURG, si_code=SI_TKILL, si_pid=8400, si_uid=1001} ---
8400  waitid(P_PIDFD, 16,  <unfinished ...>
8963  <... execve resumed>)             = 0
8404  --- SIGURG {si_signo=SIGURG, si_code=SI_TKILL, si_pid=8400, si_uid=1001} ---
8402  tgkill(8400, 8404, SIGURG)        = 0
8404  --- SIGURG {si_signo=SIGURG, si_code=SI_TKILL, si_pid=8400, si_uid=1001} ---
8402  tgkill(8400, 8482, SIGURG)        = 0
8482  --- SIGURG {si_signo=SIGURG, si_code=SI_TKILL, si_pid=8400, si_uid=1001} ---
8402  tgkill(8400, 8403, SIGURG)        = 0
8403  --- SIGURG {si_signo=SIGURG, si_code=SI_TKILL, si_pid=8400, si_uid=1001} ---
8483  clone(child_stack=NULL, flags=CLONE_VM|CLONE_PIDFD|CLONE_VFORK|SIGCHLD <unfinished ...>
8402  tgkill(8400, 8483, SIGURG)        = 0
8963  clone(child_stack=0x67462505a000, flags=CLONE_VM|CLONE_FS|CLONE_FILES|CLONE_SIGHAND|CLONE_THREAD|CLONE_SYSVSEM) = 8965
8965  tgkill(8963, 8963, SIGURG)        = 0
8963  --- SIGURG {si_signo=SIGURG, si_code=SI_TKILL, si_pid=8963, si_uid=1001} ---
8965  tgkill(8963, 8963, SIGURG <unfinished ...>
8963  clone(child_stack=0x674625092000, flags=CLONE_VM|CLONE_FS|CLONE_FILES|CLONE_SIGHAND|CLONE_THREAD|CLONE_SYSVSEM <unfinished ...>
8965  <... tgkill resumed>)             = 0
8963  <... clone resumed>)              = 8966
8963  --- SIGURG {si_signo=SIGURG, si_code=SI_TKILL, si_pid=8963, si_uid=1001} ---
8963  clone(child_stack=0x67462508e000, flags=CLONE_VM|CLONE_FS|CLONE_FILES|CLONE_SIGHAND|CLONE_THREAD|CLONE_SYSVSEM) = 8967
8963  clone(child_stack=0x6746250b6000, flags=CLONE_VM|CLONE_FS|CLONE_FILES|CLONE_SIGHAND|CLONE_THREAD|CLONE_SYSVSEM) = 8968
8966  clone(child_stack=0x6746250b2000, flags=CLONE_VM|CLONE_FS|CLONE_FILES|CLONE_SIGHAND|CLONE_THREAD|CLONE_SYSVSEM) = 8969
8401  tgkill(8400, 8402, SIGURG)        = 0
8402  --- SIGURG {si_signo=SIGURG, si_code=SI_TKILL, si_pid=8400, si_uid=1001} ---
8401  tgkill(8400, 8402, SIGURG)        = 0
8402  --- SIGURG {si_signo=SIGURG, si_code=SI_TKILL, si_pid=8400, si_uid=1001} ---
8964  execve("/opt/hostedtoolcache/go/1.27.0/arm64/pkg/tool/linux_arm64/compile", ["/opt/hostedtoolcache/go/1.27.0/a"..., "-o", "/tmp/go-build1141159733/b055/_pk"..., "-trimpath", "/tmp/go-build1141159733/b055=>", "-p", "time", "-lang=go1.27", "-std", "-buildid", "0lrGNlG6S03YuyuCzuGd/0lrGNlG6S03"..., "-goversion", "go1.27.0", "-c=4", "-nolocalimports", "-importcfg", "/tmp/go-build1141159733/b055/imp"..., "-pack", "/opt/hostedtoolcache/go/1.27.0/a"..., "/opt/hostedtoolcache/go/1.27.0/a"..., "/opt/hostedtoolcache/go/1.27.0/a"..., "/opt/hostedtoolcache/go/1.27.0/a"..., "/opt/hostedtoolcache/go/1.27.0/a"..., "/opt/hostedtoolcache/go/1.27.0/a"..., "/opt/hostedtoolcache/go/1.27.0/a"..., "/opt/hostedtoolcache/go/1.27.0/a"..., "/opt/hostedtoolcache/go/1.27.0/a"..., "/opt/hostedtoolcache/go/1.27.0/a"...], 0x727b411c0488 /* 140 vars */ <unfinished ...>
8483  <... clone resumed>, parent_tid=[18]) = 8964
8964  <... execve resumed>)             = 0
8483  --- SIGURG {si_signo=SIGURG, si_code=SI_TKILL, si_pid=8400, si_uid=1001} ---
8401  tgkill(8400, 8402, SIGURG <unfinished ...>
8404  waitid(P_PIDFD, 18,  <unfinished ...>
8401  <... tgkill resumed>)             = 0
8402  --- SIGURG {si_signo=SIGURG, si_code=SI_TKILL, si_pid=8400, si_uid=1001} ---
8929  tgkill(8924, 8931, SIGURG)        = 0
8929  tgkill(8924, 8930, SIGURG <unfinished ...>
8931  --- SIGURG {si_signo=SIGURG, si_code=SI_TKILL, si_pid=8924, si_uid=1001} ---
8929  <... tgkill resumed>)             = 0
8929  tgkill(8924, 8933, SIGURG <unfinished ...>
8930  --- SIGURG {si_signo=SIGURG, si_code=SI_TKILL, si_pid=8924, si_uid=1001} ---
8933  --- SIGURG {si_signo=SIGURG, si_code=SI_TKILL, si_pid=8924, si_uid=1001} ---
8929  <... tgkill resumed>)             = 0
8965  clone(child_stack=0x67462516c000, flags=CLONE_VM|CLONE_FS|CLONE_FILES|CLONE_SIGHAND|CLONE_THREAD|CLONE_SYSVSEM) = 8970
8965  clone(child_stack=0x6746254be000, flags=CLONE_VM|CLONE_FS|CLONE_FILES|CLONE_SIGHAND|CLONE_THREAD|CLONE_SYSVSEM) = 8971
8964  clone(child_stack=0x5e120be8a000, flags=CLONE_VM|CLONE_FS|CLONE_FILES|CLONE_SIGHAND|CLONE_THREAD|CLONE_SYSVSEM) = 8972
8964  clone(child_stack=0x5e120bec2000, flags=CLONE_VM|CLONE_FS|CLONE_FILES|CLONE_SIGHAND|CLONE_THREAD|CLONE_SYSVSEM) = 8973
8964  clone(child_stack=0x5e120bebe000, flags=CLONE_VM|CLONE_FS|CLONE_FILES|CLONE_SIGHAND|CLONE_THREAD|CLONE_SYSVSEM) = 8974
8973  clone(child_stack=0x5e120bf18000, flags=CLONE_VM|CLONE_FS|CLONE_FILES|CLONE_SIGHAND|CLONE_THREAD|CLONE_SYSVSEM) = 8975
8952  tgkill(8951, 8951, SIGURG)        = 0
8951  --- SIGURG {si_signo=SIGURG, si_code=SI_TKILL, si_pid=8951, si_uid=1001} ---
8929  tgkill(8924, 8934, SIGURG)        = 0
8934  --- SIGURG {si_signo=SIGURG, si_code=SI_TKILL, si_pid=8924, si_uid=1001} ---
8965  tgkill(8963, 8969, SIGURG)        = 0
8969  --- SIGURG {si_signo=SIGURG, si_code=SI_TKILL, si_pid=8963, si_uid=1001} ---
8972  tgkill(8964, 8964, SIGURG)        = 0
8964  --- SIGURG {si_signo=SIGURG, si_code=SI_TKILL, si_pid=8964, si_uid=1001} ---
8929  tgkill(8924, 8931, SIGURG)        = 0
8929  tgkill(8924, 8930, SIGURG <unfinished ...>
8930  --- SIGURG {si_signo=SIGURG, si_code=SI_TKILL, si_pid=8924, si_uid=1001} ---
8929  <... tgkill resumed>)             = 0
8929  tgkill(8924, 8933, SIGURG <unfinished ...>
8931  --- SIGURG {si_signo=SIGURG, si_code=SI_TKILL, si_pid=8924, si_uid=1001} ---
8929  <... tgkill resumed>)             = 0
8952  tgkill(8951, 8955, SIGURG)        = 0
8955  --- SIGURG {si_signo=SIGURG, si_code=SI_TKILL, si_pid=8951, si_uid=1001} ---
8972  clone(child_stack=0x5e120c2f4000, flags=CLONE_VM|CLONE_FS|CLONE_FILES|CLONE_SIGHAND|CLONE_THREAD|CLONE_SYSVSEM) = 8976
8972  clone(child_stack=0x5e120c2f0000, flags=CLONE_VM|CLONE_FS|CLONE_FILES|CLONE_SIGHAND|CLONE_THREAD|CLONE_SYSVSEM) = 8977
8972  clone(child_stack=0x5e120bee6000, flags=CLONE_VM|CLONE_FS|CLONE_FILES|CLONE_SIGHAND|CLONE_THREAD|CLONE_SYSVSEM) = 8978
8933  --- SIGURG {si_signo=SIGURG, si_code=SI_TKILL, si_pid=8924, si_uid=1001} ---
8965  tgkill(8963, 8967, SIGURG)        = 0
8967  --- SIGURG {si_signo=SIGURG, si_code=SI_TKILL, si_pid=8963, si_uid=1001} ---
8929  tgkill(8924, 8934, SIGURG)        = 0
8934  --- SIGURG {si_signo=SIGURG, si_code=SI_TKILL, si_pid=8924, si_uid=1001} ---
8952  tgkill(8951, 8955, SIGURG)        = 0
8955  --- SIGURG {si_signo=SIGURG, si_code=SI_TKILL, si_pid=8951, si_uid=1001} ---
8972  tgkill(8964, 8975, SIGURG)        = 0
8975  --- SIGURG {si_signo=SIGURG, si_code=SI_TKILL, si_pid=8964, si_uid=1001} ---
8955  exit_group(0)                     = ?
8956  +++ exited with 0 +++
8953  +++ exited with 0 +++
8954  +++ exited with 0 +++
8955  +++ exited with 0 +++
8952  +++ exited with 0 +++
8951  +++ exited with 0 +++
8406  <... waitid resumed>{si_signo=SIGCHLD, si_code=CLD_EXITED, si_pid=8951, si_uid=1001, si_status=0, si_utime=0, si_stime=0}, WEXITED, {ru_utime={tv_sec=0, tv_usec=199332}, ru_stime={tv_sec=0, tv_usec=31366}, ...}) = 0
8406  --- SIGCHLD {si_signo=SIGCHLD, si_code=CLD_EXITED, si_pid=8951, si_uid=1001, si_status=0, si_utime=19 /* 0.19 s */, si_stime=3 /* 0.03 s */} ---
8968  exit_group(0)                     = ?
8971  +++ exited with 0 +++
8970  +++ exited with 0 +++
8969  +++ exited with 0 +++
8967  +++ exited with 0 +++
8968  +++ exited with 0 +++
8966  +++ exited with 0 +++
8965  +++ exited with 0 +++
8963  +++ exited with 0 +++
8407  --- SIGCHLD {si_signo=SIGCHLD, si_code=CLD_EXITED, si_pid=8963, si_uid=1001, si_status=0, si_utime=2 /* 0.02 s */, si_stime=0} ---
8400  <... waitid resumed>{si_signo=SIGCHLD, si_code=CLD_EXITED, si_pid=8963, si_uid=1001, si_status=0, si_utime=0, si_stime=0}, WEXITED, {ru_utime={tv_sec=0, tv_usec=27339}, ru_stime={tv_sec=0, tv_usec=9842}, ...}) = 0
8972  tgkill(8964, 8975, SIGURG <unfinished ...>
8975  --- SIGURG {si_signo=SIGURG, si_code=SI_TKILL, si_pid=8964, si_uid=1001} ---
8972  <... tgkill resumed>)             = 0
8929  tgkill(8924, 8934, SIGURG)        = 0
8934  --- SIGURG {si_signo=SIGURG, si_code=SI_TKILL, si_pid=8924, si_uid=1001} ---
8406  clone(child_stack=NULL, flags=CLONE_VM|CLONE_PIDFD|CLONE_VFORK|SIGCHLD <unfinished ...>
8401  tgkill(8400, 8406, SIGURG)        = 0
8979  execve("/opt/hostedtoolcache/go/1.27.0/arm64/pkg/tool/linux_arm64/compile", ["/opt/hostedtoolcache/go/1.27.0/a"..., "-o", "/tmp/go-build1141159733/b059/_pk"..., "-trimpath", "/tmp/go-build1141159733/b059=>", "-p", "internal/syscall/execenv", "-lang=go1.27", "-std", "-complete", "-buildid", "9L5tH2ougp61lvbBtl0x/9L5tH2ougp6"..., "-goversion", "go1.27.0", "-c=4", "-nolocalimports", "-importcfg", "/tmp/go-build1141159733/b059/imp"..., "-pack", "/opt/hostedtoolcache/go/1.27.0/a"...], 0x727b41416908 /* 140 vars */ <unfinished ...>
8406  <... clone resumed>, parent_tid=[16]) = 8979
8979  <... execve resumed>)             = 0
8406  --- SIGURG {si_signo=SIGURG, si_code=SI_TKILL, si_pid=8400, si_uid=1001} ---
8483  waitid(P_PIDFD, 16,  <unfinished ...>
8407  clone(child_stack=NULL, flags=CLONE_VM|CLONE_PIDFD|CLONE_VFORK|SIGCHLD <unfinished ...>
8401  tgkill(8400, 8407, SIGURG)        = 0
8980  execve("/opt/hostedtoolcache/go/1.27.0/arm64/pkg/tool/linux_arm64/compile", ["/opt/hostedtoolcache/go/1.27.0/a"..., "-o", "/tmp/go-build1141159733/b070/_pk"..., "-trimpath", "/tmp/go-build1141159733/b070=>", "-p", "regexp", "-lang=go1.27", "-std", "-complete", "-buildid", "PTcwWwY92WVMCunsAgMC/PTcwWwY92WV"..., "-goversion", "go1.27.0", "-c=4", "-nolocalimports", "-importcfg", "/tmp/go-build1141159733/b070/imp"..., "-pack", "/opt/hostedtoolcache/go/1.27.0/a"..., "/opt/hostedtoolcache/go/1.27.0/a"..., "/opt/hostedtoolcache/go/1.27.0/a"..., "/opt/hostedtoolcache/go/1.27.0/a"...], 0x727b411c0d88 /* 140 vars */ <unfinished ...>
8407  <... clone resumed>, parent_tid=[13]) = 8980
8407  --- SIGURG {si_signo=SIGURG, si_code=SI_TKILL, si_pid=8400, si_uid=1001} ---
8980  <... execve resumed>)             = 0
8402  waitid(P_PIDFD, 13,  <unfinished ...>
8979  clone(child_stack=0x2875a880000, flags=CLONE_VM|CLONE_FS|CLONE_FILES|CLONE_SIGHAND|CLONE_THREAD|CLONE_SYSVSEM) = 8981
8981  tgkill(8979, 8979, SIGURG)        = 0
8979  --- SIGURG {si_signo=SIGURG, si_code=SI_TKILL, si_pid=8979, si_uid=1001} ---
8981  tgkill(8979, 8979, SIGURG)        = 0
8979  --- SIGURG {si_signo=SIGURG, si_code=SI_TKILL, si_pid=8979, si_uid=1001} ---
8981  tgkill(8979, 8979, SIGURG)        = 0
8979  --- SIGURG {si_signo=SIGURG, si_code=SI_TKILL, si_pid=8979, si_uid=1001} ---
8981  tgkill(8979, 8979, SIGURG)        = 0
8979  clone(child_stack=0x2875a8b8000, flags=CLONE_VM|CLONE_FS|CLONE_FILES|CLONE_SIGHAND|CLONE_THREAD|CLONE_SYSVSEM) = 8982
8979  --- SIGURG {si_signo=SIGURG, si_code=SI_TKILL, si_pid=8979, si_uid=1001} ---
8981  tgkill(8979, 8979, SIGURG)        = 0
8979  clone(child_stack=0x2875a8b4000, flags=CLONE_VM|CLONE_FS|CLONE_FILES|CLONE_SIGHAND|CLONE_THREAD|CLONE_SYSVSEM) = 8983
8979  --- SIGURG {si_signo=SIGURG, si_code=SI_TKILL, si_pid=8979, si_uid=1001} ---
8982  clone(child_stack=0x2875a918000, flags=CLONE_VM|CLONE_FS|CLONE_FILES|CLONE_SIGHAND|CLONE_THREAD|CLONE_SYSVSEM) = 8984
8983  clone(child_stack=0x2875a914000, flags=CLONE_VM|CLONE_FS|CLONE_FILES|CLONE_SIGHAND|CLONE_THREAD|CLONE_SYSVSEM) = 8985
8980  clone(child_stack=0x57c7b6e52000, flags=CLONE_VM|CLONE_FS|CLONE_FILES|CLONE_SIGHAND|CLONE_THREAD|CLONE_SYSVSEM) = 8986
8980  clone(child_stack=0x57c7b6e8a000, flags=CLONE_VM|CLONE_FS|CLONE_FILES|CLONE_SIGHAND|CLONE_THREAD|CLONE_SYSVSEM) = 8987
8980  clone(child_stack=0x57c7b6e86000, flags=CLONE_VM|CLONE_FS|CLONE_FILES|CLONE_SIGHAND|CLONE_THREAD|CLONE_SYSVSEM) = 8988
8972  tgkill(8964, 8975, SIGURG)        = 0
8975  --- SIGURG {si_signo=SIGURG, si_code=SI_TKILL, si_pid=8964, si_uid=1001} ---
8987  clone(child_stack=0x57c7b6f18000, flags=CLONE_VM|CLONE_FS|CLONE_FILES|CLONE_SIGHAND|CLONE_THREAD|CLONE_SYSVSEM) = 8989
8981  tgkill(8979, 8979, SIGURG)        = 0
8979  --- SIGURG {si_signo=SIGURG, si_code=SI_TKILL, si_pid=8979, si_uid=1001} ---
8986  clone(child_stack=0x57c7b727c000, flags=CLONE_VM|CLONE_FS|CLONE_FILES|CLONE_SIGHAND|CLONE_THREAD|CLONE_SYSVSEM) = 8990
8929  tgkill(8924, 8934, SIGURG)        = 0
8934  --- SIGURG {si_signo=SIGURG, si_code=SI_TKILL, si_pid=8924, si_uid=1001} ---
8982  exit_group(0)                     = ?
8983  +++ exited with 0 +++
8984  +++ exited with 0 +++
8981  +++ exited with 0 +++
8985  +++ exited with 0 +++
8982  +++ exited with 0 +++
8979  +++ exited with 0 +++
8483  <... waitid resumed>{si_signo=SIGCHLD, si_code=CLD_EXITED, si_pid=8979, si_uid=1001, si_status=0, si_utime=0, si_stime=0}, WEXITED, {ru_utime={tv_sec=0, tv_usec=4632}, ru_stime={tv_sec=0, tv_usec=10190}, ...}) = 0
8406  --- SIGCHLD {si_signo=SIGCHLD, si_code=CLD_EXITED, si_pid=8979, si_uid=1001, si_status=0, si_utime=0, si_stime=1 /* 0.01 s */} ---
8986  tgkill(8980, 8989, SIGURG)        = 0
8989  --- SIGURG {si_signo=SIGURG, si_code=SI_TKILL, si_pid=8980, si_uid=1001} ---
8972  tgkill(8964, 8973, SIGURG)        = 0
8973  --- SIGURG {si_signo=SIGURG, si_code=SI_TKILL, si_pid=8964, si_uid=1001} ---
8931  exit_group(0)                     = ?
8933  +++ exited with 0 +++
8931  +++ exited with 0 +++
8930  +++ exited with 0 +++
8929  +++ exited with 0 +++
8986  tgkill(8980, 8990, SIGURG)        = 0
8990  --- SIGURG {si_signo=SIGURG, si_code=SI_TKILL, si_pid=8980, si_uid=1001} ---
8934  +++ exited with 0 +++
8924  +++ exited with 0 +++
8401  --- SIGCHLD {si_signo=SIGCHLD, si_code=CLD_EXITED, si_pid=8924, si_uid=1001, si_status=0, si_utime=76 /* 0.76 s */, si_stime=7 /* 0.07 s */} ---
8405  <... waitid resumed>{si_signo=SIGCHLD, si_code=CLD_EXITED, si_pid=8924, si_uid=1001, si_status=0, si_utime=0, si_stime=0}, WEXITED, {ru_utime={tv_sec=0, tv_usec=739388}, ru_stime={tv_sec=0, tv_usec=69498}, ...}) = 0
8400  clone(child_stack=NULL, flags=CLONE_VM|CLONE_PIDFD|CLONE_VFORK|SIGCHLD <unfinished ...>
8991  execve("/opt/hostedtoolcache/go/1.27.0/arm64/pkg/tool/linux_arm64/asm", ["/opt/hostedtoolcache/go/1.27.0/a"..., "-p", "reflect", "-trimpath", "/tmp/go-build1141159733/b038=>", "-I", "/tmp/go-build1141159733/b038/", "-I", "/opt/hostedtoolcache/go/1.27.0/a"..., "-D", "GOOS_linux", "-D", "GOARCH_arm64", "-std", "-o", "/tmp/go-build1141159733/b038/asm"..., "/opt/hostedtoolcache/go/1.27.0/a"...], 0x727b414f2008 /* 140 vars */ <unfinished ...>
8400  <... clone resumed>, parent_tid=[15]) = 8991
8991  <... execve resumed>)             = 0
8972  tgkill(8964, 8973, SIGURG)        = 0
8400  waitid(P_PIDFD, 15,  <unfinished ...>
8973  --- SIGURG {si_signo=SIGURG, si_code=SI_TKILL, si_pid=8964, si_uid=1001} ---
8986  tgkill(8980, 8989, SIGURG)        = 0
8989  --- SIGURG {si_signo=SIGURG, si_code=SI_TKILL, si_pid=8980, si_uid=1001} ---
8972  tgkill(8964, 8975, SIGURG)        = 0
8975  --- SIGURG {si_signo=SIGURG, si_code=SI_TKILL, si_pid=8964, si_uid=1001} ---
8972  tgkill(8964, 8976, SIGURG <unfinished ...>
8976  --- SIGURG {si_signo=SIGURG, si_code=SI_TKILL, si_pid=8964, si_uid=1001} ---
8972  <... tgkill resumed>)             = 0
8972  tgkill(8964, 8978, SIGURG <unfinished ...>
8978  --- SIGURG {si_signo=SIGURG, si_code=SI_TKILL, si_pid=8964, si_uid=1001} ---
8972  <... tgkill resumed>)             = 0
8991  clone(child_stack=0x228aff99c000, flags=CLONE_VM|CLONE_FS|CLONE_FILES|CLONE_SIGHAND|CLONE_THREAD|CLONE_SYSVSEM) = 8992
8991  clone(child_stack=0x228aff9d4000, flags=CLONE_VM|CLONE_FS|CLONE_FILES|CLONE_SIGHAND|CLONE_THREAD|CLONE_SYSVSEM) = 8993
8991  clone(child_stack=0x228aff9d0000, flags=CLONE_VM|CLONE_FS|CLONE_FILES|CLONE_SIGHAND|CLONE_THREAD|CLONE_SYSVSEM) = 8994
8993  clone(child_stack=0x228affa18000, flags=CLONE_VM|CLONE_FS|CLONE_FILES|CLONE_SIGHAND|CLONE_THREAD|CLONE_SYSVSEM) = 8995
8995  clone(child_stack=0x228affa14000, flags=CLONE_VM|CLONE_FS|CLONE_FILES|CLONE_SIGHAND|CLONE_THREAD|CLONE_SYSVSEM) = 8996
8972  tgkill(8964, 8973, SIGURG)        = 0
8973  --- SIGURG {si_signo=SIGURG, si_code=SI_TKILL, si_pid=8964, si_uid=1001} ---
8992  tgkill(8991, 8991, SIGURG)        = 0
8986  tgkill(8980, 8990, SIGURG)        = 0
8990  --- SIGURG {si_signo=SIGURG, si_code=SI_TKILL, si_pid=8980, si_uid=1001} ---
8991  --- SIGURG {si_signo=SIGURG, si_code=SI_TKILL, si_pid=8991, si_uid=1001} ---
8992  tgkill(8991, 8991, SIGURG)        = 0
8991  --- SIGURG {si_signo=SIGURG, si_code=SI_TKILL, si_pid=8991, si_uid=1001} ---
8972  tgkill(8964, 8975, SIGURG)        = 0
8975  --- SIGURG {si_signo=SIGURG, si_code=SI_TKILL, si_pid=8964, si_uid=1001} ---
8972  tgkill(8964, 8976, SIGURG)        = 0
8972  tgkill(8964, 8978, SIGURG)        = 0
8976  --- SIGURG {si_signo=SIGURG, si_code=SI_TKILL, si_pid=8964, si_uid=1001} ---
8978  --- SIGURG {si_signo=SIGURG, si_code=SI_TKILL, si_pid=8964, si_uid=1001} ---
8972  tgkill(8964, 8973, SIGURG)        = 0
8973  --- SIGURG {si_signo=SIGURG, si_code=SI_TKILL, si_pid=8964, si_uid=1001} ---
8992  tgkill(8991, 8993, SIGURG)        = 0
8993  --- SIGURG {si_signo=SIGURG, si_code=SI_TKILL, si_pid=8991, si_uid=1001} ---
8991  exit_group(0)                     = ?
8993  +++ exited with 0 +++
8994  +++ exited with 0 +++
8992  +++ exited with 0 +++
8995  +++ exited with 0 +++
8986  tgkill(8980, 8980, SIGURG)        = 0
8980  --- SIGURG {si_signo=SIGURG, si_code=SI_TKILL, si_pid=8980, si_uid=1001} ---
8978  tgkill(8964, 8973, SIGURG)        = 0
8973  --- SIGURG {si_signo=SIGURG, si_code=SI_TKILL, si_pid=8964, si_uid=1001} ---
8978  tgkill(8964, 8976, SIGURG)        = 0
8976  --- SIGURG {si_signo=SIGURG, si_code=SI_TKILL, si_pid=8964, si_uid=1001} ---
8996  +++ exited with 0 +++
8991  +++ exited with 0 +++
8400  <... waitid resumed>{si_signo=SIGCHLD, si_code=CLD_EXITED, si_pid=8991, si_uid=1001, si_status=0, si_utime=0, si_stime=0}, WEXITED, {ru_utime={tv_sec=0, tv_usec=0}, ru_stime={tv_sec=0, tv_usec=12419}, ...}) = 0
8986  tgkill(8980, 8988, SIGURG <unfinished ...>
8405  --- SIGCHLD {si_signo=SIGCHLD, si_code=CLD_EXITED, si_pid=8991, si_uid=1001, si_status=0, si_utime=0, si_stime=0} ---
8986  <... tgkill resumed>)             = 0
8986  tgkill(8980, 8990, SIGURG <unfinished ...>
8990  --- SIGURG {si_signo=SIGURG, si_code=SI_TKILL, si_pid=8980, si_uid=1001} ---
8986  <... tgkill resumed>)             = 0
8986  tgkill(8980, 8989, SIGURG)        = 0
8989  --- SIGURG {si_signo=SIGURG, si_code=SI_TKILL, si_pid=8980, si_uid=1001} ---
8988  --- SIGURG {si_signo=SIGURG, si_code=SI_TKILL, si_pid=8980, si_uid=1001} ---
8972  tgkill(8964, 8976, SIGURG)        = 0
8976  --- SIGURG {si_signo=SIGURG, si_code=SI_TKILL, si_pid=8964, si_uid=1001} ---
8972  tgkill(8964, 8978, SIGURG)        = 0
8978  --- SIGURG {si_signo=SIGURG, si_code=SI_TKILL, si_pid=8964, si_uid=1001} ---
8975  tgkill(8964, 8973, SIGURG)        = 0
8973  --- SIGURG {si_signo=SIGURG, si_code=SI_TKILL, si_pid=8964, si_uid=1001} ---
8975  tgkill(8964, 8976, SIGURG)        = 0
8976  --- SIGURG {si_signo=SIGURG, si_code=SI_TKILL, si_pid=8964, si_uid=1001} ---
8975  tgkill(8964, 8978, SIGURG)        = 0
8978  --- SIGURG {si_signo=SIGURG, si_code=SI_TKILL, si_pid=8964, si_uid=1001} ---
8972  tgkill(8964, 8975, SIGURG <unfinished ...>
8975  --- SIGURG {si_signo=SIGURG, si_code=SI_TKILL, si_pid=8964, si_uid=1001} ---
8972  <... tgkill resumed>)             = 0
8986  tgkill(8980, 8980, SIGURG)        = 0
8972  tgkill(8964, 8973, SIGURG)        = 0
8972  tgkill(8964, 8976, SIGURG <unfinished ...>
8976  --- SIGURG {si_signo=SIGURG, si_code=SI_TKILL, si_pid=8964, si_uid=1001} ---
8972  <... tgkill resumed>)             = 0
8972  tgkill(8964, 8978, SIGURG)        = 0
8978  --- SIGURG {si_signo=SIGURG, si_code=SI_TKILL, si_pid=8964, si_uid=1001} ---
8986  tgkill(8980, 8988, SIGURG)        = 0
8986  tgkill(8980, 8990, SIGURG)        = 0
8990  --- SIGURG {si_signo=SIGURG, si_code=SI_TKILL, si_pid=8980, si_uid=1001} ---
8973  --- SIGURG {si_signo=SIGURG, si_code=SI_TKILL, si_pid=8964, si_uid=1001} ---
8986  tgkill(8980, 8989, SIGURG)        = 0
8401  tgkill(8400, 8483, SIGURG)        = 0
8483  --- SIGURG {si_signo=SIGURG, si_code=SI_TKILL, si_pid=8400, si_uid=1001} ---
8989  --- SIGURG {si_signo=SIGURG, si_code=SI_TKILL, si_pid=8980, si_uid=1001} ---
8976  tgkill(8964, 8973, SIGURG)        = 0
8980  --- SIGURG {si_signo=SIGURG, si_code=SI_TKILL, si_pid=8980, si_uid=1001} ---
8988  --- SIGURG {si_signo=SIGURG, si_code=SI_TKILL, si_pid=8980, si_uid=1001} ---
8973  --- SIGURG {si_signo=SIGURG, si_code=SI_TKILL, si_pid=8964, si_uid=1001} ---
8976  tgkill(8964, 8975, SIGURG)        = 0
8976  tgkill(8964, 8978, SIGURG)        = 0
8978  --- SIGURG {si_signo=SIGURG, si_code=SI_TKILL, si_pid=8964, si_uid=1001} ---
8976  tgkill(8964, 8973, SIGURG)        = 0
8976  tgkill(8964, 8978, SIGURG)        = 0
8978  --- SIGURG {si_signo=SIGURG, si_code=SI_TKILL, si_pid=8964, si_uid=1001} ---
8975  --- SIGURG {si_signo=SIGURG, si_code=SI_TKILL, si_pid=8964, si_uid=1001} ---
8976  tgkill(8964, 8975, SIGURG)        = 0
8975  --- SIGURG {si_signo=SIGURG, si_code=SI_TKILL, si_pid=8964, si_uid=1001} ---
8976  tgkill(8964, 8978, SIGURG)        = 0
8978  --- SIGURG {si_signo=SIGURG, si_code=SI_TKILL, si_pid=8964, si_uid=1001} ---
8405  clone(child_stack=NULL, flags=CLONE_VM|CLONE_PIDFD|CLONE_VFORK|SIGCHLD <unfinished ...>
8973  --- SIGURG {si_signo=SIGURG, si_code=SI_TKILL, si_pid=8964, si_uid=1001} ---
8401  tgkill(8400, 8405, SIGURG)        = 0
8997  execve("/opt/hostedtoolcache/go/1.27.0/arm64/pkg/tool/linux_arm64/compile", ["/opt/hostedtoolcache/go/1.27.0/a"..., "-o", "/tmp/go-build1141159733/b036/_pk"..., "-trimpath", "/tmp/go-build1141159733/b036=>", "-p", "internal/fmtsort", "-lang=go1.27", "-std", "-complete", "-buildid", "bXJIl7xX0j8inw1Xh_kH/bXJIl7xX0j8"..., "-goversion", "go1.27.0", "-c=4", "-nolocalimports", "-importcfg", "/tmp/go-build1141159733/b036/imp"..., "-pack", "/opt/hostedtoolcache/go/1.27.0/a"...], 0x727b412a4488 /* 140 vars */) = 0
8405  <... clone resumed>, parent_tid=[15]) = 8997
8405  --- SIGURG {si_signo=SIGURG, si_code=SI_TKILL, si_pid=8400, si_uid=1001} ---
8483  waitid(P_PIDFD, 15,  <unfinished ...>
8986  tgkill(8980, 8980, SIGURG)        = 0
8986  tgkill(8980, 8988, SIGURG)        = 0
8986  tgkill(8980, 8989, SIGURG)        = 0
8989  --- SIGURG {si_signo=SIGURG, si_code=SI_TKILL, si_pid=8980, si_uid=1001} ---
8997  clone(child_stack=0x10522eaf2000, flags=CLONE_VM|CLONE_FS|CLONE_FILES|CLONE_SIGHAND|CLONE_THREAD|CLONE_SYSVSEM) = 8998
8997  clone(child_stack=0x10522eb2a000, flags=CLONE_VM|CLONE_FS|CLONE_FILES|CLONE_SIGHAND|CLONE_THREAD|CLONE_SYSVSEM) = 8999
8997  clone(child_stack=0x10522eb26000, flags=CLONE_VM|CLONE_FS|CLONE_FILES|CLONE_SIGHAND|CLONE_THREAD|CLONE_SYSVSEM) = 9000
8997  clone(child_stack=0x10522eb4e000, flags=CLONE_VM|CLONE_FS|CLONE_FILES|CLONE_SIGHAND|CLONE_THREAD|CLONE_SYSVSEM) = 9001
8988  --- SIGURG {si_signo=SIGURG, si_code=SI_TKILL, si_pid=8980, si_uid=1001} ---
8980  --- SIGURG {si_signo=SIGURG, si_code=SI_TKILL, si_pid=8980, si_uid=1001} ---
8972  tgkill(8964, 8973, SIGURG)        = 0
8972  tgkill(8964, 8975, SIGURG)        = 0
8973  --- SIGURG {si_signo=SIGURG, si_code=SI_TKILL, si_pid=8964, si_uid=1001} ---
8972  tgkill(8964, 8976, SIGURG)        = 0
8976  --- SIGURG {si_signo=SIGURG, si_code=SI_TKILL, si_pid=8964, si_uid=1001} ---
8976  tgkill(8964, 8978, SIGURG)        = 0
8978  --- SIGURG {si_signo=SIGURG, si_code=SI_TKILL, si_pid=8964, si_uid=1001} ---
8975  --- SIGURG {si_signo=SIGURG, si_code=SI_TKILL, si_pid=8964, si_uid=1001} ---
8976  tgkill(8964, 8975, SIGURG)        = 0
8986  tgkill(8980, 8990, SIGURG)        = 0
8976  tgkill(8964, 8978, SIGURG)        = 0
8990  --- SIGURG {si_signo=SIGURG, si_code=SI_TKILL, si_pid=8980, si_uid=1001} ---
8978  --- SIGURG {si_signo=SIGURG, si_code=SI_TKILL, si_pid=8964, si_uid=1001} ---
8976  tgkill(8964, 8973, SIGURG)        = 0
8976  tgkill(8964, 8978, SIGURG)        = 0
8978  --- SIGURG {si_signo=SIGURG, si_code=SI_TKILL, si_pid=8964, si_uid=1001} ---
8973  --- SIGURG {si_signo=SIGURG, si_code=SI_TKILL, si_pid=8964, si_uid=1001} ---
8975  --- SIGURG {si_signo=SIGURG, si_code=SI_TKILL, si_pid=8964, si_uid=1001} ---
8976  tgkill(8964, 8978, SIGURG)        = 0
8978  --- SIGURG {si_signo=SIGURG, si_code=SI_TKILL, si_pid=8964, si_uid=1001} ---
8976  tgkill(8964, 8973, SIGURG)        = 0
8976  tgkill(8964, 8975, SIGURG)        = 0
8975  --- SIGURG {si_signo=SIGURG, si_code=SI_TKILL, si_pid=8964, si_uid=1001} ---
8973  --- SIGURG {si_signo=SIGURG, si_code=SI_TKILL, si_pid=8964, si_uid=1001} ---
8976  tgkill(8964, 8978, SIGURG <unfinished ...>
8998  tgkill(8997, 8997, SIGURG <unfinished ...>
8976  <... tgkill resumed>)             = 0
8978  --- SIGURG {si_signo=SIGURG, si_code=SI_TKILL, si_pid=8964, si_uid=1001} ---
8998  <... tgkill resumed>)             = 0
8997  --- SIGURG {si_signo=SIGURG, si_code=SI_TKILL, si_pid=8997, si_uid=1001} ---
8986  tgkill(8980, 8980, SIGURG)        = 0
8980  --- SIGURG {si_signo=SIGURG, si_code=SI_TKILL, si_pid=8980, si_uid=1001} ---
8986  tgkill(8980, 8988, SIGURG)        = 0
8986  tgkill(8980, 8989, SIGURG)        = 0
8989  --- SIGURG {si_signo=SIGURG, si_code=SI_TKILL, si_pid=8980, si_uid=1001} ---
8988  --- SIGURG {si_signo=SIGURG, si_code=SI_TKILL, si_pid=8980, si_uid=1001} ---
8976  tgkill(8964, 8973, SIGURG)        = 0
8973  --- SIGURG {si_signo=SIGURG, si_code=SI_TKILL, si_pid=8964, si_uid=1001} ---
8998  tgkill(8997, 8999, SIGURG)        = 0
8999  --- SIGURG {si_signo=SIGURG, si_code=SI_TKILL, si_pid=8997, si_uid=1001} ---
8986  tgkill(8980, 8990, SIGURG <unfinished ...>
8990  --- SIGURG {si_signo=SIGURG, si_code=SI_TKILL, si_pid=8980, si_uid=1001} ---
8986  <... tgkill resumed>)             = 0
8972  tgkill(8964, 8975, SIGURG <unfinished ...>
8975  --- SIGURG {si_signo=SIGURG, si_code=SI_TKILL, si_pid=8964, si_uid=1001} ---
8972  <... tgkill resumed>)             = 0
8986  tgkill(8980, 8988, SIGURG)        = 0
8988  --- SIGURG {si_signo=SIGURG, si_code=SI_TKILL, si_pid=8980, si_uid=1001} ---
8988  tgkill(8980, 8989, SIGURG)        = 0
8989  --- SIGURG {si_signo=SIGURG, si_code=SI_TKILL, si_pid=8980, si_uid=1001} ---
8998  tgkill(8997, 8997, SIGURG <unfinished ...>
8986  tgkill(8980, 8988, SIGURG <unfinished ...>
8988  --- SIGURG {si_signo=SIGURG, si_code=SI_TKILL, si_pid=8980, si_uid=1001} ---
8986  <... tgkill resumed>)             = 0
8998  <... tgkill resumed>)             = 0
8997  --- SIGURG {si_signo=SIGURG, si_code=SI_TKILL, si_pid=8997, si_uid=1001} ---
8975  exit_group(0)                     = ?
8978  +++ exited with 0 +++
8976  +++ exited with 0 +++
8974  +++ exited with 0 +++
8973  +++ exited with 0 +++
8972  +++ exited with 0 +++
8975  +++ exited with 0 +++
8997  exit_group(0)                     = ?
9001  +++ exited with 0 +++
9000  +++ exited with 0 +++
8999  +++ exited with 0 +++
8977  +++ exited with 0 +++
8964  +++ exited with 0 +++
8483  <... waitid resumed>0x727b414aefb8, WEXITED, 0x727b412581b0) = ? ERESTARTSYS (To be restarted if SA_RESTART is set)
8404  <... waitid resumed>{si_signo=SIGCHLD, si_code=CLD_EXITED, si_pid=8964, si_uid=1001, si_status=0, si_utime=0, si_stime=0}, WEXITED, {ru_utime={tv_sec=0, tv_usec=310725}, ru_stime={tv_sec=0, tv_usec=60772}, ...}) = 0
8400  --- SIGCHLD {si_signo=SIGCHLD, si_code=CLD_EXITED, si_pid=8964, si_uid=1001, si_status=0, si_utime=31 /* 0.31 s */, si_stime=6 /* 0.06 s */} ---
8998  +++ exited with 0 +++
8997  +++ exited with 0 +++
8483  waitid(P_PIDFD, 15,  <unfinished ...>
8401  --- SIGCHLD {si_signo=SIGCHLD, si_code=CLD_EXITED, si_pid=8997, si_uid=1001, si_status=0, si_utime=4 /* 0.04 s */, si_stime=2 /* 0.02 s */} ---
8483  <... waitid resumed>{si_signo=SIGCHLD, si_code=CLD_EXITED, si_pid=8997, si_uid=1001, si_status=0, si_utime=0, si_stime=0}, WEXITED, {ru_utime={tv_sec=0, tv_usec=43140}, ru_stime={tv_sec=0, tv_usec=18488}, ...}) = 0
8980  exit_group(0)                     = ?
8986  +++ exited with 0 +++
8989  +++ exited with 0 +++
8988  +++ exited with 0 +++
8987  +++ exited with 0 +++
8990  +++ exited with 0 +++
8980  +++ exited with 0 +++
8407  --- SIGCHLD {si_signo=SIGCHLD, si_code=CLD_EXITED, si_pid=8980, si_uid=1001, si_status=0, si_utime=27 /* 0.27 s */, si_stime=3 /* 0.03 s */} ---
8402  <... waitid resumed>{si_signo=SIGCHLD, si_code=CLD_EXITED, si_pid=8980, si_uid=1001, si_status=0, si_utime=0, si_stime=0}, WEXITED, {ru_utime={tv_sec=0, tv_usec=274881}, ru_stime={tv_sec=0, tv_usec=37119}, ...}) = 0
8401  tgkill(8400, 8402, SIGURG)        = 0
8402  --- SIGURG {si_signo=SIGURG, si_code=SI_TKILL, si_pid=8400, si_uid=1001} ---
8404  tgkill(8400, 8402, SIGURG)        = 0
8402  --- SIGURG {si_signo=SIGURG, si_code=SI_TKILL, si_pid=8400, si_uid=1001} ---
8483  tgkill(8400, 8402, SIGURG)        = 0
8402  --- SIGURG {si_signo=SIGURG, si_code=SI_TKILL, si_pid=8400, si_uid=1001} ---
8483  tgkill(8400, 8402, SIGURG)        = 0
8402  --- SIGURG {si_signo=SIGURG, si_code=SI_TKILL, si_pid=8400, si_uid=1001} ---
8483  tgkill(8400, 8402, SIGURG)        = 0
8402  --- SIGURG {si_signo=SIGURG, si_code=SI_TKILL, si_pid=8400, si_uid=1001} ---
8400  tgkill(8400, 8402, SIGURG <unfinished ...>
8402  clone(child_stack=NULL, flags=CLONE_VM|CLONE_PIDFD|CLONE_VFORK|SIGCHLD <unfinished ...>
8400  <... tgkill resumed>)             = 0
8400  tgkill(8400, 8404, SIGURG)        = 0
8404  --- SIGURG {si_signo=SIGURG, si_code=SI_TKILL, si_pid=8400, si_uid=1001} ---
8400  tgkill(8400, 8404, SIGURG)        = 0
8404  --- SIGURG {si_signo=SIGURG, si_code=SI_TKILL, si_pid=8400, si_uid=1001} ---
8400  tgkill(8400, 8483, SIGURG)        = 0
8483  --- SIGURG {si_signo=SIGURG, si_code=SI_TKILL, si_pid=8400, si_uid=1001} ---
9002  execve("/opt/hostedtoolcache/go/1.27.0/arm64/pkg/tool/linux_arm64/compile", ["/opt/hostedtoolcache/go/1.27.0/a"..., "-o", "/tmp/go-build1141159733/b065/_pk"..., "-trimpath", "/tmp/go-build1141159733/b065=>", "-p", "context", "-lang=go1.27", "-std", "-complete", "-buildid", "neroyEtyU2F73bcI4fxH/neroyEtyU2F"..., "-goversion", "go1.27.0", "-c=4", "-nolocalimports", "-importcfg", "/tmp/go-build1141159733/b065/imp"..., "-pack", "/opt/hostedtoolcache/go/1.27.0/a"...], 0x727b412a4908 /* 140 vars */ <unfinished ...>
8402  <... clone resumed>, parent_tid=[14]) = 9002
8402  --- SIGURG {si_signo=SIGURG, si_code=SI_TKILL, si_pid=8400, si_uid=1001} ---
9002  <... execve resumed>)             = 0
8400  tgkill(8400, 8404, SIGURG)        = 0
8404  --- SIGURG {si_signo=SIGURG, si_code=SI_TKILL, si_pid=8400, si_uid=1001} ---
8400  tgkill(8400, 8402, SIGURG)        = 0
8402  --- SIGURG {si_signo=SIGURG, si_code=SI_TKILL, si_pid=8400, si_uid=1001} ---
8400  tgkill(8400, 8404, SIGURG)        = 0
8404  --- SIGURG {si_signo=SIGURG, si_code=SI_TKILL, si_pid=8400, si_uid=1001} ---
8400  waitid(P_PIDFD, 14,  <unfinished ...>
8404  clone(child_stack=NULL, flags=CLONE_VM|CLONE_PIDFD|CLONE_VFORK|SIGCHLD <unfinished ...>
9003  execve("/opt/hostedtoolcache/go/1.27.0/arm64/pkg/tool/linux_arm64/compile", ["/opt/hostedtoolcache/go/1.27.0/a"..., "-o", "/tmp/go-build1141159733/b052/_pk"..., "-trimpath", "/tmp/go-build1141159733/b052=>", "-p", "io/fs", "-lang=go1.27", "-std", "-complete", "-buildid", "XfXyk1EAE5wtdjKCVuO_/XfXyk1EAE5w"..., "-goversion", "go1.27.0", "-c=4", "-nolocalimports", "-importcfg", "/tmp/go-build1141159733/b052/imp"..., "-pack", "/opt/hostedtoolcache/go/1.27.0/a"..., "/opt/hostedtoolcache/go/1.27.0/a"..., "/opt/hostedtoolcache/go/1.27.0/a"..., "/opt/hostedtoolcache/go/1.27.0/a"..., "/opt/hostedtoolcache/go/1.27.0/a"..., "/opt/hostedtoolcache/go/1.27.0/a"..., "/opt/hostedtoolcache/go/1.27.0/a"..., "/opt/hostedtoolcache/go/1.27.0/a"..., "/opt/hostedtoolcache/go/1.27.0/a"...], 0x727b41416908 /* 140 vars */ <unfinished ...>
8404  <... clone resumed>, parent_tid=[7]) = 9003
9003  <... execve resumed>)             = 0
8404  waitid(P_PIDFD, 7,  <unfinished ...>
9002  clone(child_stack=0x7f4242b36000, flags=CLONE_VM|CLONE_FS|CLONE_FILES|CLONE_SIGHAND|CLONE_THREAD|CLONE_SYSVSEM) = 9004
9002  clone(child_stack=0x7f4242b6e000, flags=CLONE_VM|CLONE_FS|CLONE_FILES|CLONE_SIGHAND|CLONE_THREAD|CLONE_SYSVSEM) = 9005
9004  tgkill(9002, 9002, SIGURG)        = 0
9002  --- SIGURG {si_signo=SIGURG, si_code=SI_TKILL, si_pid=9002, si_uid=1001} ---
9002  clone(child_stack=0x7f4242b6a000, flags=CLONE_VM|CLONE_FS|CLONE_FILES|CLONE_SIGHAND|CLONE_THREAD|CLONE_SYSVSEM) = 9006
9005  clone(child_stack=0x7f4242b98000, flags=CLONE_VM|CLONE_FS|CLONE_FILES|CLONE_SIGHAND|CLONE_THREAD|CLONE_SYSVSEM) = 9007
8483  clone(child_stack=NULL, flags=CLONE_VM|CLONE_PIDFD|CLONE_VFORK|SIGCHLD <unfinished ...>
9007  clone(child_stack=0x7f4242b94000, flags=CLONE_VM|CLONE_FS|CLONE_FILES|CLONE_SIGHAND|CLONE_THREAD|CLONE_SYSVSEM) = 9009
9008  execve("/opt/hostedtoolcache/go/1.27.0/arm64/pkg/tool/linux_arm64/compile", ["/opt/hostedtoolcache/go/1.27.0/a"..., "-o", "/tmp/go-build1141159733/b057/_pk"..., "-trimpath", "/tmp/go-build1141159733/b057=>", "-p", "internal/poll", "-lang=go1.27", "-std", "-buildid", "We0-VzKM63obpJks_FOe/We0-VzKM63o"..., "-goversion", "go1.27.0", "-c=4", "-nolocalimports", "-importcfg", "/tmp/go-build1141159733/b057/imp"..., "-pack", "/opt/hostedtoolcache/go/1.27.0/a"..., "/opt/hostedtoolcache/go/1.27.0/a"..., "/opt/hostedtoolcache/go/1.27.0/a"..., "/opt/hostedtoolcache/go/1.27.0/a"..., "/opt/hostedtoolcache/go/1.27.0/a"..., "/opt/hostedtoolcache/go/1.27.0/a"..., "/opt/hostedtoolcache/go/1.27.0/a"..., "/opt/hostedtoolcache/go/1.27.0/a"..., "/opt/hostedtoolcache/go/1.27.0/a"..., "/opt/hostedtoolcache/go/1.27.0/a"..., "/opt/hostedtoolcache/go/1.27.0/a"..., "/opt/hostedtoolcache/go/1.27.0/a"..., "/opt/hostedtoolcache/go/1.27.0/a"..., "/opt/hostedtoolcache/go/1.27.0/a"..., ...], 0x727b411c0908 /* 140 vars */ <unfinished ...>
8483  <... clone resumed>, parent_tid=[13]) = 9008
9008  <... execve resumed>)             = 0
9003  clone(child_stack=0x63d71102000, flags=CLONE_VM|CLONE_FS|CLONE_FILES|CLONE_SIGHAND|CLONE_THREAD|CLONE_SYSVSEM) = 9010
9003  clone(child_stack=0x63d7113a000, flags=CLONE_VM|CLONE_FS|CLONE_FILES|CLONE_SIGHAND|CLONE_THREAD|CLONE_SYSVSEM <unfinished ...>
8483  waitid(P_PIDFD, 13,  <unfinished ...>
9003  <... clone resumed>)              = 9011
9003  clone(child_stack=0x63d71136000, flags=CLONE_VM|CLONE_FS|CLONE_FILES|CLONE_SIGHAND|CLONE_THREAD|CLONE_SYSVSEM) = 9012
9011  clone(child_stack=0x63d71198000, flags=CLONE_VM|CLONE_FS|CLONE_FILES|CLONE_SIGHAND|CLONE_THREAD|CLONE_SYSVSEM) = 9013
9003  clone(child_stack=0x63d71194000, flags=CLONE_VM|CLONE_FS|CLONE_FILES|CLONE_SIGHAND|CLONE_THREAD|CLONE_SYSVSEM) = 9014
9008  clone(child_stack=0x6a8304576000, flags=CLONE_VM|CLONE_FS|CLONE_FILES|CLONE_SIGHAND|CLONE_THREAD|CLONE_SYSVSEM) = 9015
9004  tgkill(9002, 9002, SIGURG)        = 0
9002  --- SIGURG {si_signo=SIGURG, si_code=SI_TKILL, si_pid=9002, si_uid=1001} ---
9008  clone(child_stack=0x6a83045ae000, flags=CLONE_VM|CLONE_FS|CLONE_FILES|CLONE_SIGHAND|CLONE_THREAD|CLONE_SYSVSEM) = 9016
9015  tgkill(9008, 9008, SIGURG)        = 0
9008  clone(child_stack=0x6a83045aa000, flags=CLONE_VM|CLONE_FS|CLONE_FILES|CLONE_SIGHAND|CLONE_THREAD|CLONE_SYSVSEM) = 9017
9008  --- SIGURG {si_signo=SIGURG, si_code=SI_TKILL, si_pid=9008, si_uid=1001} ---
9016  clone(child_stack=0x6a8304618000, flags=CLONE_VM|CLONE_FS|CLONE_FILES|CLONE_SIGHAND|CLONE_THREAD|CLONE_SYSVSEM) = 9018
9015  clone(child_stack=0x6a83045c8000, flags=CLONE_VM|CLONE_FS|CLONE_FILES|CLONE_SIGHAND|CLONE_THREAD|CLONE_SYSVSEM) = 9019
9010  tgkill(9003, 9011, SIGURG)        = 0
9011  --- SIGURG {si_signo=SIGURG, si_code=SI_TKILL, si_pid=9003, si_uid=1001} ---
9004  tgkill(9002, 9002, SIGURG)        = 0
9002  --- SIGURG {si_signo=SIGURG, si_code=SI_TKILL, si_pid=9002, si_uid=1001} ---
9015  tgkill(9008, 9016, SIGURG)        = 0
9016  --- SIGURG {si_signo=SIGURG, si_code=SI_TKILL, si_pid=9008, si_uid=1001} ---
9010  tgkill(9003, 9014, SIGURG <unfinished ...>
9014  --- SIGURG {si_signo=SIGURG, si_code=SI_TKILL, si_pid=9003, si_uid=1001} ---
9010  <... tgkill resumed>)             = 0
9004  tgkill(9002, 9009, SIGURG)        = 0
9004  tgkill(9002, 9006, SIGURG)        = 0
9004  tgkill(9002, 9002, SIGURG)        = 0
9006  --- SIGURG {si_signo=SIGURG, si_code=SI_TKILL, si_pid=9002, si_uid=1001} ---
9002  --- SIGURG {si_signo=SIGURG, si_code=SI_TKILL, si_pid=9002, si_uid=1001} ---
9009  --- SIGURG {si_signo=SIGURG, si_code=SI_TKILL, si_pid=9002, si_uid=1001} ---
9004  tgkill(9002, 9007, SIGURG)        = 0
9007  --- SIGURG {si_signo=SIGURG, si_code=SI_TKILL, si_pid=9002, si_uid=1001} ---
9010  tgkill(9003, 9011, SIGURG)        = 0
9010  tgkill(9003, 9012, SIGURG)        = 0
9010  tgkill(9003, 9003, SIGURG)        = 0
9012  --- SIGURG {si_signo=SIGURG, si_code=SI_TKILL, si_pid=9003, si_uid=1001} ---
9011  --- SIGURG {si_signo=SIGURG, si_code=SI_TKILL, si_pid=9003, si_uid=1001} ---
9003  --- SIGURG {si_signo=SIGURG, si_code=SI_TKILL, si_pid=9003, si_uid=1001} ---
9015  tgkill(9008, 9019, SIGURG)        = 0
9019  --- SIGURG {si_signo=SIGURG, si_code=SI_TKILL, si_pid=9008, si_uid=1001} ---
9007  exit_group(0)                     = ?
9009  +++ exited with 0 +++
9006  +++ exited with 0 +++
9005  +++ exited with 0 +++
9004  +++ exited with 0 +++
9012  exit_group(0)                     = ?
9014  +++ exited with 0 +++
9011  +++ exited with 0 +++
9010  +++ exited with 0 +++
9012  +++ exited with 0 +++
9007  +++ exited with 0 +++
9002  +++ exited with 0 +++
8402  --- SIGCHLD {si_signo=SIGCHLD, si_code=CLD_EXITED, si_pid=9002, si_uid=1001, si_status=0, si_utime=5 /* 0.05 s */, si_stime=1 /* 0.01 s */} ---
8400  <... waitid resumed>{si_signo=SIGCHLD, si_code=CLD_EXITED, si_pid=9002, si_uid=1001, si_status=0, si_utime=0, si_stime=0}, WEXITED, {ru_utime={tv_sec=0, tv_usec=55443}, ru_stime={tv_sec=0, tv_usec=13104}, ...}) = 0
9013  +++ exited with 0 +++
9003  +++ exited with 0 +++
8401  --- SIGCHLD {si_signo=SIGCHLD, si_code=CLD_EXITED, si_pid=9003, si_uid=1001, si_status=0, si_utime=7 /* 0.07 s */, si_stime=1 /* 0.01 s */} ---
8404  <... waitid resumed>{si_signo=SIGCHLD, si_code=CLD_EXITED, si_pid=9003, si_uid=1001, si_status=0, si_utime=0, si_stime=0}, WEXITED, {ru_utime={tv_sec=0, tv_usec=74390}, ru_stime={tv_sec=0, tv_usec=13431}, ...}) = 0
8400  clone(child_stack=NULL, flags=CLONE_VM|CLONE_PIDFD|CLONE_VFORK|SIGCHLD <unfinished ...>
9020  execve("/opt/hostedtoolcache/go/1.27.0/arm64/pkg/tool/linux_arm64/compile", ["/opt/hostedtoolcache/go/1.27.0/a"..., "-o", "/tmp/go-build1141159733/b051/_pk"..., "-trimpath", "/tmp/go-build1141159733/b051=>", "-p", "internal/filepathlite", "-lang=go1.27", "-std", "-complete", "-buildid", "ji6P444Xw9onfsTBz3lJ/ji6P444Xw9o"..., "-goversion", "go1.27.0", "-c=4", "-nolocalimports", "-importcfg", "/tmp/go-build1141159733/b051/imp"..., "-pack", "/opt/hostedtoolcache/go/1.27.0/a"..., "/opt/hostedtoolcache/go/1.27.0/a"..., "/opt/hostedtoolcache/go/1.27.0/a"...], 0x727b41417688 /* 140 vars */ <unfinished ...>
8400  <... clone resumed>, parent_tid=[14]) = 9020
9020  <... execve resumed>)             = 0
8400  waitid(P_PIDFD, 14,  <unfinished ...>
9015  tgkill(9008, 9019, SIGURG)        = 0
9019  --- SIGURG {si_signo=SIGURG, si_code=SI_TKILL, si_pid=9008, si_uid=1001} ---
9015  tgkill(9008, 9016, SIGURG)        = 0
9016  --- SIGURG {si_signo=SIGURG, si_code=SI_TKILL, si_pid=9008, si_uid=1001} ---
9015  tgkill(9008, 9018, SIGURG)        = 0
9018  --- SIGURG {si_signo=SIGURG, si_code=SI_TKILL, si_pid=9008, si_uid=1001} ---
9020  clone(child_stack=0x3bf0bdbb8000, flags=CLONE_VM|CLONE_FS|CLONE_FILES|CLONE_SIGHAND|CLONE_THREAD|CLONE_SYSVSEM) = 9021
9015  tgkill(9008, 9017, SIGURG)        = 0
9017  --- SIGURG {si_signo=SIGURG, si_code=SI_TKILL, si_pid=9008, si_uid=1001} ---
9020  clone(child_stack=0x3bf0bdbf0000, flags=CLONE_VM|CLONE_FS|CLONE_FILES|CLONE_SIGHAND|CLONE_THREAD|CLONE_SYSVSEM) = 9022
9020  clone(child_stack=0x3bf0bdbec000, flags=CLONE_VM|CLONE_FS|CLONE_FILES|CLONE_SIGHAND|CLONE_THREAD|CLONE_SYSVSEM) = 9023
9022  clone(child_stack=0x3bf0bdc20000, flags=CLONE_VM|CLONE_FS|CLONE_FILES|CLONE_SIGHAND|CLONE_THREAD|CLONE_SYSVSEM) = 9024
9021  tgkill(9020, 9020, SIGURG)        = 0
9020  --- SIGURG {si_signo=SIGURG, si_code=SI_TKILL, si_pid=9020, si_uid=1001} ---
9015  tgkill(9008, 9018, SIGURG <unfinished ...>
9018  --- SIGURG {si_signo=SIGURG, si_code=SI_TKILL, si_pid=9008, si_uid=1001} ---
9015  <... tgkill resumed>)             = 0
9021  tgkill(9020, 9022, SIGURG)        = 0
9022  --- SIGURG {si_signo=SIGURG, si_code=SI_TKILL, si_pid=9020, si_uid=1001} ---
9018  exit_group(0)                     = ?
9018  +++ exited with 0 +++
9017  +++ exited with 0 +++
9016  +++ exited with 0 +++
9015  +++ exited with 0 +++
9019  +++ exited with 0 +++
9008  +++ exited with 0 +++
8483  <... waitid resumed>{si_signo=SIGCHLD, si_code=CLD_EXITED, si_pid=9008, si_uid=1001, si_status=0, si_utime=0, si_stime=0}, WEXITED, {ru_utime={tv_sec=0, tv_usec=152772}, ru_stime={tv_sec=0, tv_usec=27420}, ...}) = 0
8404  --- SIGCHLD {si_signo=SIGCHLD, si_code=CLD_EXITED, si_pid=9008, si_uid=1001, si_status=0, si_utime=15 /* 0.15 s */, si_stime=2 /* 0.02 s */} ---
8401  tgkill(8400, 8483, SIGURG <unfinished ...>
8483  --- SIGURG {si_signo=SIGURG, si_code=SI_TKILL, si_pid=8400, si_uid=1001} ---
8401  <... tgkill resumed>)             = 0
9023  exit_group(0)                     = ?
9024  +++ exited with 0 +++
9023  +++ exited with 0 +++
9021  +++ exited with 0 +++
9022  +++ exited with 0 +++
9020  +++ exited with 0 +++
8404  --- SIGCHLD {si_signo=SIGCHLD, si_code=CLD_EXITED, si_pid=9020, si_uid=1001, si_status=0, si_utime=2 /* 0.02 s */, si_stime=1 /* 0.01 s */} ---
8400  <... waitid resumed>{si_signo=SIGCHLD, si_code=CLD_EXITED, si_pid=9020, si_uid=1001, si_status=0, si_utime=0, si_stime=0}, WEXITED, {ru_utime={tv_sec=0, tv_usec=29491}, ru_stime={tv_sec=0, tv_usec=11796}, ...}) = 0
8404  clone(child_stack=NULL, flags=CLONE_VM|CLONE_PIDFD|CLONE_VFORK|SIGCHLD <unfinished ...>
9025  execve("/opt/hostedtoolcache/go/1.27.0/arm64/pkg/tool/linux_arm64/compile", ["/opt/hostedtoolcache/go/1.27.0/a"..., "-o", "/tmp/go-build1141159733/b050/_pk"..., "-trimpath", "/tmp/go-build1141159733/b050=>", "-p", "os", "-lang=go1.27", "-std", "-buildid", "PXY6R2DVbnB3eGvhlze4/PXY6R2DVbnB"..., "-goversion", "go1.27.0", "-c=4", "-nolocalimports", "-importcfg", "/tmp/go-build1141159733/b050/imp"..., "-pack", "/opt/hostedtoolcache/go/1.27.0/a"..., "/opt/hostedtoolcache/go/1.27.0/a"..., "/opt/hostedtoolcache/go/1.27.0/a"..., "/opt/hostedtoolcache/go/1.27.0/a"..., "/opt/hostedtoolcache/go/1.27.0/a"..., "/opt/hostedtoolcache/go/1.27.0/a"..., "/opt/hostedtoolcache/go/1.27.0/a"..., "/opt/hostedtoolcache/go/1.27.0/a"..., "/opt/hostedtoolcache/go/1.27.0/a"..., "/opt/hostedtoolcache/go/1.27.0/a"..., "/opt/hostedtoolcache/go/1.27.0/a"..., "/opt/hostedtoolcache/go/1.27.0/a"..., "/opt/hostedtoolcache/go/1.27.0/a"..., "/opt/hostedtoolcache/go/1.27.0/a"..., ...], 0x727b411c0d88 /* 140 vars */ <unfinished ...>
8404  <... clone resumed>, parent_tid=[12]) = 9025
9025  <... execve resumed>)             = 0
8404  waitid(P_PIDFD, 12,  <unfinished ...>
9025  clone(child_stack=0x27236c29c000, flags=CLONE_VM|CLONE_FS|CLONE_FILES|CLONE_SIGHAND|CLONE_THREAD|CLONE_SYSVSEM) = 9026
9025  clone(child_stack=0x27236c2d4000, flags=CLONE_VM|CLONE_FS|CLONE_FILES|CLONE_SIGHAND|CLONE_THREAD|CLONE_SYSVSEM) = 9027
9026  tgkill(9025, 9025, SIGURG)        = 0
9025  clone(child_stack=0x27236c2d0000, flags=CLONE_VM|CLONE_FS|CLONE_FILES|CLONE_SIGHAND|CLONE_THREAD|CLONE_SYSVSEM) = 9028
9025  --- SIGURG {si_signo=SIGURG, si_code=SI_TKILL, si_pid=9025, si_uid=1001} ---
9027  clone(child_stack=0x27236c318000, flags=CLONE_VM|CLONE_FS|CLONE_FILES|CLONE_SIGHAND|CLONE_THREAD|CLONE_SYSVSEM) = 9029
9026  clone(child_stack=0x27236c6c0000, flags=CLONE_VM|CLONE_FS|CLONE_FILES|CLONE_SIGHAND|CLONE_THREAD|CLONE_SYSVSEM) = 9030
9026  tgkill(9025, 9025, SIGURG)        = 0
9025  --- SIGURG {si_signo=SIGURG, si_code=SI_TKILL, si_pid=9025, si_uid=1001} ---
9026  tgkill(9025, 9027, SIGURG <unfinished ...>
9027  --- SIGURG {si_signo=SIGURG, si_code=SI_TKILL, si_pid=9025, si_uid=1001} ---
9026  <... tgkill resumed>)             = 0
9026  tgkill(9025, 9027, SIGURG)        = 0
9027  --- SIGURG {si_signo=SIGURG, si_code=SI_TKILL, si_pid=9025, si_uid=1001} ---
9026  tgkill(9025, 9025, SIGURG)        = 0
9025  --- SIGURG {si_signo=SIGURG, si_code=SI_TKILL, si_pid=9025, si_uid=1001} ---
9026  tgkill(9025, 9025, SIGURG)        = 0
9025  --- SIGURG {si_signo=SIGURG, si_code=SI_TKILL, si_pid=9025, si_uid=1001} ---
9026  tgkill(9025, 9027, SIGURG)        = 0
9027  --- SIGURG {si_signo=SIGURG, si_code=SI_TKILL, si_pid=9025, si_uid=1001} ---
9026  tgkill(9025, 9025, SIGURG)        = 0
9026  tgkill(9025, 9030, SIGURG <unfinished ...>
9025  --- SIGURG {si_signo=SIGURG, si_code=SI_TKILL, si_pid=9025, si_uid=1001} ---
9030  --- SIGURG {si_signo=SIGURG, si_code=SI_TKILL, si_pid=9025, si_uid=1001} ---
9026  <... tgkill resumed>)             = 0
9028  tgkill(9025, 9030, SIGURG <unfinished ...>
9030  --- SIGURG {si_signo=SIGURG, si_code=SI_TKILL, si_pid=9025, si_uid=1001} ---
9028  <... tgkill resumed>)             = 0
9025  tgkill(9025, 9027, SIGURG)        = 0
9028  tgkill(9025, 9030, SIGURG <unfinished ...>
9030  --- SIGURG {si_signo=SIGURG, si_code=SI_TKILL, si_pid=9025, si_uid=1001} ---
9028  <... tgkill resumed>)             = 0
9027  --- SIGURG {si_signo=SIGURG, si_code=SI_TKILL, si_pid=9025, si_uid=1001} ---
9028  tgkill(9025, 9025, SIGURG)        = 0
9025  --- SIGURG {si_signo=SIGURG, si_code=SI_TKILL, si_pid=9025, si_uid=1001} ---
9028  tgkill(9025, 9030, SIGURG)        = 0
9030  --- SIGURG {si_signo=SIGURG, si_code=SI_TKILL, si_pid=9025, si_uid=1001} ---
9028  tgkill(9025, 9027, SIGURG)        = 0
9027  --- SIGURG {si_signo=SIGURG, si_code=SI_TKILL, si_pid=9025, si_uid=1001} ---
9027  tgkill(9025, 9028, SIGURG)        = 0
9028  --- SIGURG {si_signo=SIGURG, si_code=SI_TKILL, si_pid=9025, si_uid=1001} ---
9027  tgkill(9025, 9025, SIGURG)        = 0
9025  --- SIGURG {si_signo=SIGURG, si_code=SI_TKILL, si_pid=9025, si_uid=1001} ---
9027  tgkill(9025, 9030, SIGURG <unfinished ...>
9030  --- SIGURG {si_signo=SIGURG, si_code=SI_TKILL, si_pid=9025, si_uid=1001} ---
9027  <... tgkill resumed>)             = 0
9027  tgkill(9025, 9028, SIGURG)        = 0
9028  --- SIGURG {si_signo=SIGURG, si_code=SI_TKILL, si_pid=9025, si_uid=1001} ---
9027  tgkill(9025, 9025, SIGURG)        = 0
9025  --- SIGURG {si_signo=SIGURG, si_code=SI_TKILL, si_pid=9025, si_uid=1001} ---
9027  tgkill(9025, 9030, SIGURG)        = 0
9030  --- SIGURG {si_signo=SIGURG, si_code=SI_TKILL, si_pid=9025, si_uid=1001} ---
9027  tgkill(9025, 9028, SIGURG)        = 0
9028  --- SIGURG {si_signo=SIGURG, si_code=SI_TKILL, si_pid=9025, si_uid=1001} ---
9027  tgkill(9025, 9030, SIGURG)        = 0
9030  --- SIGURG {si_signo=SIGURG, si_code=SI_TKILL, si_pid=9025, si_uid=1001} ---
9027  tgkill(9025, 9028, SIGURG)        = 0
9028  --- SIGURG {si_signo=SIGURG, si_code=SI_TKILL, si_pid=9025, si_uid=1001} ---
9027  tgkill(9025, 9025, SIGURG)        = 0
9025  --- SIGURG {si_signo=SIGURG, si_code=SI_TKILL, si_pid=9025, si_uid=1001} ---
9027  tgkill(9025, 9030, SIGURG)        = 0
9030  --- SIGURG {si_signo=SIGURG, si_code=SI_TKILL, si_pid=9025, si_uid=1001} ---
9027  tgkill(9025, 9028, SIGURG)        = 0
9028  --- SIGURG {si_signo=SIGURG, si_code=SI_TKILL, si_pid=9025, si_uid=1001} ---
9027  tgkill(9025, 9025, SIGURG)        = 0
9025  --- SIGURG {si_signo=SIGURG, si_code=SI_TKILL, si_pid=9025, si_uid=1001} ---
9027  tgkill(9025, 9028, SIGURG)        = 0
9028  --- SIGURG {si_signo=SIGURG, si_code=SI_TKILL, si_pid=9025, si_uid=1001} ---
9027  tgkill(9025, 9025, SIGURG)        = 0
9025  --- SIGURG {si_signo=SIGURG, si_code=SI_TKILL, si_pid=9025, si_uid=1001} ---
9027  tgkill(9025, 9030, SIGURG)        = 0
9030  --- SIGURG {si_signo=SIGURG, si_code=SI_TKILL, si_pid=9025, si_uid=1001} ---
9026  tgkill(9025, 9028, SIGURG)        = 0
9028  --- SIGURG {si_signo=SIGURG, si_code=SI_TKILL, si_pid=9025, si_uid=1001} ---
9026  tgkill(9025, 9025, SIGURG)        = 0
9025  --- SIGURG {si_signo=SIGURG, si_code=SI_TKILL, si_pid=9025, si_uid=1001} ---
9026  tgkill(9025, 9030, SIGURG)        = 0
9030  --- SIGURG {si_signo=SIGURG, si_code=SI_TKILL, si_pid=9025, si_uid=1001} ---
9026  tgkill(9025, 9027, SIGURG)        = 0
9027  --- SIGURG {si_signo=SIGURG, si_code=SI_TKILL, si_pid=9025, si_uid=1001} ---
9026  tgkill(9025, 9028, SIGURG)        = 0
9028  --- SIGURG {si_signo=SIGURG, si_code=SI_TKILL, si_pid=9025, si_uid=1001} ---
9026  tgkill(9025, 9025, SIGURG)        = 0
9025  --- SIGURG {si_signo=SIGURG, si_code=SI_TKILL, si_pid=9025, si_uid=1001} ---
9026  tgkill(9025, 9027, SIGURG)        = 0
9027  --- SIGURG {si_signo=SIGURG, si_code=SI_TKILL, si_pid=9025, si_uid=1001} ---
9025  exit_group(0)                     = ?
9030  +++ exited with 0 +++
9029  +++ exited with 0 +++
9028  +++ exited with 0 +++
9027  +++ exited with 0 +++
9026  +++ exited with 0 +++
9025  +++ exited with 0 +++
8400  --- SIGCHLD {si_signo=SIGCHLD, si_code=CLD_EXITED, si_pid=9025, si_uid=1001, si_status=0, si_utime=41 /* 0.41 s */, si_stime=4 /* 0.04 s */} ---
8404  <... waitid resumed>{si_signo=SIGCHLD, si_code=CLD_EXITED, si_pid=9025, si_uid=1001, si_status=0, si_utime=0, si_stime=0}, WEXITED, {ru_utime={tv_sec=0, tv_usec=427213}, ru_stime={tv_sec=0, tv_usec=42925}, ...}) = 0
8404  clone(child_stack=NULL, flags=CLONE_VM|CLONE_PIDFD|CLONE_VFORK|SIGCHLD <unfinished ...>
8400  clone(child_stack=NULL, flags=CLONE_VM|CLONE_PIDFD|CLONE_VFORK|SIGCHLD <unfinished ...>
9031  execve("/opt/hostedtoolcache/go/1.27.0/arm64/pkg/tool/linux_arm64/compile", ["/opt/hostedtoolcache/go/1.27.0/a"..., "-o", "/tmp/go-build1141159733/b068/_pk"..., "-trimpath", "/tmp/go-build1141159733/b068=>", "-p", "path/filepath", "-lang=go1.27", "-std", "-complete", "-buildid", "KRq8P8x4qi54BVYr6wAc/KRq8P8x4qi5"..., "-goversion", "go1.27.0", "-c=4", "-nolocalimports", "-importcfg", "/tmp/go-build1141159733/b068/imp"..., "-pack", "/opt/hostedtoolcache/go/1.27.0/a"..., "/opt/hostedtoolcache/go/1.27.0/a"..., "/opt/hostedtoolcache/go/1.27.0/a"..., "/opt/hostedtoolcache/go/1.27.0/a"..., "/opt/hostedtoolcache/go/1.27.0/a"...], 0x727b411c1208 /* 140 vars */ <unfinished ...>
8404  <... clone resumed>, parent_tid=[13]) = 9031
9031  <... execve resumed>)             = 0
9032  execve("/opt/hostedtoolcache/go/1.27.0/arm64/pkg/tool/linux_arm64/compile", ["/opt/hostedtoolcache/go/1.27.0/a"..., "-o", "/tmp/go-build1141159733/b002/_pk"..., "-trimpath", "/tmp/go-build1141159733/b002=>", "-p", "fmt", "-lang=go1.27", "-std", "-complete", "-buildid", "whCcI_TTDhGKC2tXq26h/whCcI_TTDhG"..., "-goversion", "go1.27.0", "-c=4", "-nolocalimports", "-importcfg", "/tmp/go-build1141159733/b002/imp"..., "-pack", "/opt/hostedtoolcache/go/1.27.0/a"..., "/opt/hostedtoolcache/go/1.27.0/a"..., "/opt/hostedtoolcache/go/1.27.0/a"..., "/opt/hostedtoolcache/go/1.27.0/a"..., "/opt/hostedtoolcache/go/1.27.0/a"...], 0x727b41416908 /* 140 vars */ <unfinished ...>
8400  <... clone resumed>, parent_tid=[18]) = 9032
9032  <... execve resumed>)             = 0
8404  waitid(P_PIDFD, 13,  <unfinished ...>
8400  waitid(P_PIDFD, 18,  <unfinished ...>
9031  clone(child_stack=0x29eabc544000, flags=CLONE_VM|CLONE_FS|CLONE_FILES|CLONE_SIGHAND|CLONE_THREAD|CLONE_SYSVSEM <unfinished ...>
9032  clone(child_stack=0xfce2189a000, flags=CLONE_VM|CLONE_FS|CLONE_FILES|CLONE_SIGHAND|CLONE_THREAD|CLONE_SYSVSEM <unfinished ...>
9031  <... clone resumed>)              = 9033
9032  <... clone resumed>)              = 9034
9031  clone(child_stack=0x29eabc57c000, flags=CLONE_VM|CLONE_FS|CLONE_FILES|CLONE_SIGHAND|CLONE_THREAD|CLONE_SYSVSEM <unfinished ...>
9032  clone(child_stack=0xfce218d2000, flags=CLONE_VM|CLONE_FS|CLONE_FILES|CLONE_SIGHAND|CLONE_THREAD|CLONE_SYSVSEM <unfinished ...>
9031  <... clone resumed>)              = 9035
9032  <... clone resumed>)              = 9036
9033  tgkill(9031, 9031, SIGURG)        = 0
9034  tgkill(9032, 9032, SIGURG)        = 0
9031  clone(child_stack=0x29eabc578000, flags=CLONE_VM|CLONE_FS|CLONE_FILES|CLONE_SIGHAND|CLONE_THREAD|CLONE_SYSVSEM <unfinished ...>
9032  clone(child_stack=0xfce218ce000, flags=CLONE_VM|CLONE_FS|CLONE_FILES|CLONE_SIGHAND|CLONE_THREAD|CLONE_SYSVSEM <unfinished ...>
9031  <... clone resumed>)              = 9037
9032  <... clone resumed>)              = 9038
9031  --- SIGURG {si_signo=SIGURG, si_code=SI_TKILL, si_pid=9031, si_uid=1001} ---
9032  --- SIGURG {si_signo=SIGURG, si_code=SI_TKILL, si_pid=9032, si_uid=1001} ---
9036  clone(child_stack=0xfce21918000, flags=CLONE_VM|CLONE_FS|CLONE_FILES|CLONE_SIGHAND|CLONE_THREAD|CLONE_SYSVSEM) = 9039
9035  clone(child_stack=0x29eabc5a0000, flags=CLONE_VM|CLONE_FS|CLONE_FILES|CLONE_SIGHAND|CLONE_THREAD|CLONE_SYSVSEM) = 9040
9040  clone(child_stack=0x29eabc59c000, flags=CLONE_VM|CLONE_FS|CLONE_FILES|CLONE_SIGHAND|CLONE_THREAD|CLONE_SYSVSEM) = 9041
9034  clone(child_stack=0xfce21938000, flags=CLONE_VM|CLONE_FS|CLONE_FILES|CLONE_SIGHAND|CLONE_THREAD|CLONE_SYSVSEM) = 9042
9034  tgkill(9032, 9042, SIGURG <unfinished ...>
9033  tgkill(9031, 9035, SIGURG <unfinished ...>
9042  --- SIGURG {si_signo=SIGURG, si_code=SI_TKILL, si_pid=9032, si_uid=1001} ---
9035  --- SIGURG {si_signo=SIGURG, si_code=SI_TKILL, si_pid=9031, si_uid=1001} ---
9034  <... tgkill resumed>)             = 0
9033  <... tgkill resumed>)             = 0
9034  tgkill(9032, 9042, SIGURG)        = 0
9042  --- SIGURG {si_signo=SIGURG, si_code=SI_TKILL, si_pid=9032, si_uid=1001} ---
9033  tgkill(9031, 9037, SIGURG <unfinished ...>
9037  --- SIGURG {si_signo=SIGURG, si_code=SI_TKILL, si_pid=9031, si_uid=1001} ---
9033  <... tgkill resumed>)             = 0
9035  exit_group(0)                     = ?
9040  +++ exited with 0 +++
9041  +++ exited with 0 +++
9037  +++ exited with 0 +++
9035  +++ exited with 0 +++
9033  +++ exited with 0 +++
9034  tgkill(9032, 9042, SIGURG)        = 0
9031  +++ exited with 0 +++
8404  <... waitid resumed>{si_signo=SIGCHLD, si_code=CLD_EXITED, si_pid=9031, si_uid=1001, si_status=0, si_utime=0, si_stime=0}, WEXITED, {ru_utime={tv_sec=0, tv_usec=63424}, ru_stime={tv_sec=0, tv_usec=17390}, ...}) = 0
8483  --- SIGCHLD {si_signo=SIGCHLD, si_code=CLD_EXITED, si_pid=9031, si_uid=1001, si_status=0, si_utime=6 /* 0.06 s */, si_stime=1 /* 0.01 s */} ---
9042  --- SIGURG {si_signo=SIGURG, si_code=SI_TKILL, si_pid=9032, si_uid=1001} ---
8483  clone(child_stack=NULL, flags=CLONE_VM|CLONE_PIDFD|CLONE_VFORK|SIGCHLD <unfinished ...>
9043  execve("/opt/hostedtoolcache/go/1.27.0/arm64/pkg/tool/linux_arm64/compile", ["/opt/hostedtoolcache/go/1.27.0/a"..., "-o", "/tmp/go-build1141159733/b064/_pk"..., "-trimpath", "/tmp/go-build1141159733/b064=>", "-p", "os/exec", "-lang=go1.27", "-std", "-complete", "-buildid", "WGXMEnifNKtpl8907z7B/WGXMEnifNKt"..., "-goversion", "go1.27.0", "-c=4", "-nolocalimports", "-importcfg", "/tmp/go-build1141159733/b064/imp"..., "-pack", "/opt/hostedtoolcache/go/1.27.0/a"..., "/opt/hostedtoolcache/go/1.27.0/a"..., "/opt/hostedtoolcache/go/1.27.0/a"..., "/opt/hostedtoolcache/go/1.27.0/a"...], 0x727b41417688 /* 140 vars */ <unfinished ...>
8483  <... clone resumed>, parent_tid=[12]) = 9043
9043  <... execve resumed>)             = 0
8483  waitid(P_PIDFD, 12,  <unfinished ...>
9043  clone(child_stack=0x67d9e3ea8000, flags=CLONE_VM|CLONE_FS|CLONE_FILES|CLONE_SIGHAND|CLONE_THREAD|CLONE_SYSVSEM) = 9044
9043  clone(child_stack=0x67d9e3ee0000, flags=CLONE_VM|CLONE_FS|CLONE_FILES|CLONE_SIGHAND|CLONE_THREAD|CLONE_SYSVSEM) = 9045
9044  tgkill(9043, 9043, SIGURG)        = 0
9043  clone(child_stack=0x67d9e3edc000, flags=CLONE_VM|CLONE_FS|CLONE_FILES|CLONE_SIGHAND|CLONE_THREAD|CLONE_SYSVSEM) = 9046
9034  tgkill(9032, 9032, SIGURG)        = 0
9032  --- SIGURG {si_signo=SIGURG, si_code=SI_TKILL, si_pid=9032, si_uid=1001} ---
9043  --- SIGURG {si_signo=SIGURG, si_code=SI_TKILL, si_pid=9043, si_uid=1001} ---
9045  clone(child_stack=0x67d9e3f18000, flags=CLONE_VM|CLONE_FS|CLONE_FILES|CLONE_SIGHAND|CLONE_THREAD|CLONE_SYSVSEM) = 9047
9034  tgkill(9032, 9039, SIGURG)        = 0
9034  tgkill(9032, 9036, SIGURG)        = 0
9036  --- SIGURG {si_signo=SIGURG, si_code=SI_TKILL, si_pid=9032, si_uid=1001} ---
9039  --- SIGURG {si_signo=SIGURG, si_code=SI_TKILL, si_pid=9032, si_uid=1001} ---
9034  tgkill(9032, 9042, SIGURG)        = 0
9042  --- SIGURG {si_signo=SIGURG, si_code=SI_TKILL, si_pid=9032, si_uid=1001} ---
9044  clone(child_stack=0x67d9e3efa000, flags=CLONE_VM|CLONE_FS|CLONE_FILES|CLONE_SIGHAND|CLONE_THREAD|CLONE_SYSVSEM) = 9048
9034  tgkill(9032, 9032, SIGURG)        = 0
9032  --- SIGURG {si_signo=SIGURG, si_code=SI_TKILL, si_pid=9032, si_uid=1001} ---
9034  tgkill(9032, 9039, SIGURG <unfinished ...>
9039  --- SIGURG {si_signo=SIGURG, si_code=SI_TKILL, si_pid=9032, si_uid=1001} ---
9034  <... tgkill resumed>)             = 0
9034  tgkill(9032, 9036, SIGURG)        = 0
9034  tgkill(9032, 9042, SIGURG)        = 0
9042  --- SIGURG {si_signo=SIGURG, si_code=SI_TKILL, si_pid=9032, si_uid=1001} ---
9036  --- SIGURG {si_signo=SIGURG, si_code=SI_TKILL, si_pid=9032, si_uid=1001} ---
9044  tgkill(9043, 9048, SIGURG)        = 0
9048  --- SIGURG {si_signo=SIGURG, si_code=SI_TKILL, si_pid=9043, si_uid=1001} ---
9034  tgkill(9032, 9032, SIGURG)        = 0
9032  --- SIGURG {si_signo=SIGURG, si_code=SI_TKILL, si_pid=9032, si_uid=1001} ---
9034  tgkill(9032, 9036, SIGURG)        = 0
9036  --- SIGURG {si_signo=SIGURG, si_code=SI_TKILL, si_pid=9032, si_uid=1001} ---
9036  exit_group(0)                     = ?
9042  +++ exited with 0 +++
9039  +++ exited with 0 +++
9038  +++ exited with 0 +++
9034  +++ exited with 0 +++
9044  tgkill(9043, 9047, SIGURG <unfinished ...>
9047  --- SIGURG {si_signo=SIGURG, si_code=SI_TKILL, si_pid=9043, si_uid=1001} ---
9044  <... tgkill resumed>)             = 0
9036  +++ exited with 0 +++
9032  +++ exited with 0 +++
8400  <... waitid resumed>{si_signo=SIGCHLD, si_code=CLD_EXITED, si_pid=9032, si_uid=1001, si_status=0, si_utime=0, si_stime=0}, WEXITED, {ru_utime={tv_sec=0, tv_usec=207685}, ru_stime={tv_sec=0, tv_usec=42324}, ...}) = 0
8404  --- SIGCHLD {si_signo=SIGCHLD, si_code=CLD_EXITED, si_pid=9032, si_uid=1001, si_status=0, si_utime=21 /* 0.21 s */, si_stime=4 /* 0.04 s */} ---
9044  tgkill(9043, 9048, SIGURG <unfinished ...>
9048  --- SIGURG {si_signo=SIGURG, si_code=SI_TKILL, si_pid=9043, si_uid=1001} ---
9044  <... tgkill resumed>)             = 0
9044  tgkill(9043, 9047, SIGURG <unfinished ...>
9047  --- SIGURG {si_signo=SIGURG, si_code=SI_TKILL, si_pid=9043, si_uid=1001} ---
9044  <... tgkill resumed>)             = 0
9044  tgkill(9043, 9043, SIGURG)        = 0
9044  tgkill(9043, 9046, SIGURG)        = 0
9046  --- SIGURG {si_signo=SIGURG, si_code=SI_TKILL, si_pid=9043, si_uid=1001} ---
9043  --- SIGURG {si_signo=SIGURG, si_code=SI_TKILL, si_pid=9043, si_uid=1001} ---
9047  exit_group(0)                     = ?
9048  +++ exited with 0 +++
9047  +++ exited with 0 +++
9046  +++ exited with 0 +++
9044  +++ exited with 0 +++
9045  +++ exited with 0 +++
9043  +++ exited with 0 +++
8483  <... waitid resumed>{si_signo=SIGCHLD, si_code=CLD_EXITED, si_pid=9043, si_uid=1001, si_status=0, si_utime=0, si_stime=0}, WEXITED, {ru_utime={tv_sec=0, tv_usec=83986}, ru_stime={tv_sec=0, tv_usec=17626}, ...}) = 0
8400  --- SIGCHLD {si_signo=SIGCHLD, si_code=CLD_EXITED, si_pid=9043, si_uid=1001, si_status=0, si_utime=8 /* 0.08 s */, si_stime=1 /* 0.01 s */} ---
8400  clone(child_stack=NULL, flags=CLONE_VM|CLONE_PIDFD|CLONE_VFORK|SIGCHLD <unfinished ...>
9049  execve("/opt/hostedtoolcache/go/1.27.0/arm64/pkg/tool/linux_arm64/compile", ["/opt/hostedtoolcache/go/1.27.0/a"..., "-o", "/tmp/go-build1141159733/b061/_pk"..., "-trimpath", "/tmp/go-build1141159733/b061=>", "-p", "github.com/type-rb/type-rb-nativ"..., "-lang=go1.27", "-complete", "-buildid", "f63dE9bm1Sypd6mFVh4Z/f63dE9bm1Sy"..., "-goversion", "go1.27.0", "-c=4", "-nolocalimports", "-importcfg", "/tmp/go-build1141159733/b061/imp"..., "-pack", "/tmp/trb-build-645220853/trb/std"...], 0x727b41416908 /* 140 vars */ <unfinished ...>
8400  <... clone resumed>, parent_tid=[12]) = 9049
9049  <... execve resumed>)             = 0
8400  waitid(P_PIDFD, 12,  <unfinished ...>
9049  clone(child_stack=0x68f602c90000, flags=CLONE_VM|CLONE_FS|CLONE_FILES|CLONE_SIGHAND|CLONE_THREAD|CLONE_SYSVSEM) = 9050
9049  clone(child_stack=0x68f602cc8000, flags=CLONE_VM|CLONE_FS|CLONE_FILES|CLONE_SIGHAND|CLONE_THREAD|CLONE_SYSVSEM) = 9051
9050  tgkill(9049, 9049, SIGURG <unfinished ...>
9049  clone(child_stack=0x68f602cc4000, flags=CLONE_VM|CLONE_FS|CLONE_FILES|CLONE_SIGHAND|CLONE_THREAD|CLONE_SYSVSEM <unfinished ...>
9050  <... tgkill resumed>)             = 0
9049  <... clone resumed>)              = 9052
9049  --- SIGURG {si_signo=SIGURG, si_code=SI_TKILL, si_pid=9049, si_uid=1001} ---
9051  clone(child_stack=0x68f602d18000, flags=CLONE_VM|CLONE_FS|CLONE_FILES|CLONE_SIGHAND|CLONE_THREAD|CLONE_SYSVSEM) = 9053
9050  tgkill(9049, 9049, SIGURG)        = 0
9049  --- SIGURG {si_signo=SIGURG, si_code=SI_TKILL, si_pid=9049, si_uid=1001} ---
9052  exit_group(0)                     = ?
9053  +++ exited with 0 +++
9052  +++ exited with 0 +++
9051  +++ exited with 0 +++
9050  +++ exited with 0 +++
9049  +++ exited with 0 +++
8483  --- SIGCHLD {si_signo=SIGCHLD, si_code=CLD_EXITED, si_pid=9049, si_uid=1001, si_status=0, si_utime=2 /* 0.02 s */, si_stime=1 /* 0.01 s */} ---
8400  <... waitid resumed>{si_signo=SIGCHLD, si_code=CLD_EXITED, si_pid=9049, si_uid=1001, si_status=0, si_utime=0, si_stime=0}, WEXITED, {ru_utime={tv_sec=0, tv_usec=20615}, ru_stime={tv_sec=0, tv_usec=11338}, ...}) = 0
8483  clone(child_stack=NULL, flags=CLONE_VM|CLONE_PIDFD|CLONE_VFORK|SIGCHLD <unfinished ...>
9054  execve("/opt/hostedtoolcache/go/1.27.0/arm64/pkg/tool/linux_arm64/compile", ["/opt/hostedtoolcache/go/1.27.0/a"..., "-o", "/tmp/go-build1141159733/b001/_pk"..., "-trimpath", "/tmp/go-build1141159733/b001=>", "-p", "main", "-lang=go1.27", "-complete", "-buildid", "WhYbEpWnp3IAAobVY-kQ/WhYbEpWnp3I"..., "-goversion", "go1.27.0", "-c=4", "-nolocalimports", "-importcfg", "/tmp/go-build1141159733/b001/imp"..., "-pack", "/tmp/trb-build-645220853/main.go"], 0x727b411c0488 /* 140 vars */ <unfinished ...>
8483  <... clone resumed>, parent_tid=[12]) = 9054
9054  <... execve resumed>)             = 0
8483  waitid(P_PIDFD, 12,  <unfinished ...>
9054  clone(child_stack=0x1d9e8fd8e000, flags=CLONE_VM|CLONE_FS|CLONE_FILES|CLONE_SIGHAND|CLONE_THREAD|CLONE_SYSVSEM) = 9055
9054  clone(child_stack=0x1d9e8fdc6000, flags=CLONE_VM|CLONE_FS|CLONE_FILES|CLONE_SIGHAND|CLONE_THREAD|CLONE_SYSVSEM) = 9056
9055  tgkill(9054, 9054, SIGURG)        = 0
9054  clone(child_stack=0x1d9e8fdc2000, flags=CLONE_VM|CLONE_FS|CLONE_FILES|CLONE_SIGHAND|CLONE_THREAD|CLONE_SYSVSEM) = 9057
9054  --- SIGURG {si_signo=SIGURG, si_code=SI_TKILL, si_pid=9054, si_uid=1001} ---
9056  clone(child_stack=0x1d9e8fe18000, flags=CLONE_VM|CLONE_FS|CLONE_FILES|CLONE_SIGHAND|CLONE_THREAD|CLONE_SYSVSEM) = 9058
9055  tgkill(9054, 9054, SIGURG)        = 0
9054  --- SIGURG {si_signo=SIGURG, si_code=SI_TKILL, si_pid=9054, si_uid=1001} ---
9056  exit_group(0)                     = ?
9058  +++ exited with 0 +++
9057  +++ exited with 0 +++
9056  +++ exited with 0 +++
9055  +++ exited with 0 +++
9054  +++ exited with 0 +++
8483  <... waitid resumed>{si_signo=SIGCHLD, si_code=CLD_EXITED, si_pid=9054, si_uid=1001, si_status=0, si_utime=0, si_stime=0}, WEXITED, {ru_utime={tv_sec=0, tv_usec=27429}, ru_stime={tv_sec=0, tv_usec=9458}, ...}) = 0
8404  --- SIGCHLD {si_signo=SIGCHLD, si_code=CLD_EXITED, si_pid=9054, si_uid=1001, si_status=0, si_utime=2 /* 0.02 s */, si_stime=1 /* 0.01 s */} ---
8404  clone(child_stack=NULL, flags=CLONE_VM|CLONE_PIDFD|CLONE_VFORK|SIGCHLD <unfinished ...>
9059  execve("/opt/hostedtoolcache/go/1.27.0/arm64/pkg/tool/linux_arm64/link", ["/opt/hostedtoolcache/go/1.27.0/a"..., "-V=full"], 0x727b412a4488 /* 139 vars */ <unfinished ...>
8404  <... clone resumed>, parent_tid=[14]) = 9059
9059  <... execve resumed>)             = 0
8404  waitid(P_PIDFD, 14,  <unfinished ...>
9059  clone(child_stack=0x4a96f347c000, flags=CLONE_VM|CLONE_FS|CLONE_FILES|CLONE_SIGHAND|CLONE_THREAD|CLONE_SYSVSEM) = 9060
9060  tgkill(9059, 9059, SIGURG)        = 0
9059  --- SIGURG {si_signo=SIGURG, si_code=SI_TKILL, si_pid=9059, si_uid=1001} ---
9059  clone(child_stack=0x4a96f34b2000, flags=CLONE_VM|CLONE_FS|CLONE_FILES|CLONE_SIGHAND|CLONE_THREAD|CLONE_SYSVSEM) = 9061
9059  clone(child_stack=0x4a96f34ae000, flags=CLONE_VM|CLONE_FS|CLONE_FILES|CLONE_SIGHAND|CLONE_THREAD|CLONE_SYSVSEM) = 9062
9061  clone(child_stack=0x4a96f3518000, flags=CLONE_VM|CLONE_FS|CLONE_FILES|CLONE_SIGHAND|CLONE_THREAD|CLONE_SYSVSEM) = 9063
9059  exit_group(0)                     = ?
9060  +++ exited with 0 +++
9062  +++ exited with 0 +++
9061  +++ exited with 0 +++
9063  +++ exited with 0 +++
9059  +++ exited with 0 +++
8483  --- SIGCHLD {si_signo=SIGCHLD, si_code=CLD_EXITED, si_pid=9059, si_uid=1001, si_status=0, si_utime=0, si_stime=0} ---
8404  <... waitid resumed>{si_signo=SIGCHLD, si_code=CLD_EXITED, si_pid=9059, si_uid=1001, si_status=0, si_utime=0, si_stime=0}, WEXITED, {ru_utime={tv_sec=0, tv_usec=0}, ru_stime={tv_sec=0, tv_usec=6946}, ...}) = 0
8400  clone(child_stack=NULL, flags=CLONE_VM|CLONE_PIDFD|CLONE_VFORK|SIGCHLD <unfinished ...>
9064  execve("/opt/hostedtoolcache/go/1.27.0/arm64/pkg/tool/linux_arm64/link", ["/opt/hostedtoolcache/go/1.27.0/a"..., "-o", "/tmp/go-build1141159733/b001/exe"..., "-importcfg", "/tmp/go-build1141159733/b001/imp"..., "-buildmode=exe", "-buildid=PBfLePoYWhWxLWYbuivh/Wh"..., "-extld=gcc", "/tmp/go-build1141159733/b001/_pk"...], 0x727b411c0908 /* 140 vars */ <unfinished ...>
8400  <... clone resumed>, parent_tid=[12]) = 9064
9064  <... execve resumed>)             = 0
8400  waitid(P_PIDFD, 12,  <unfinished ...>
9064  clone(child_stack=0x5a00b9626000, flags=CLONE_VM|CLONE_FS|CLONE_FILES|CLONE_SIGHAND|CLONE_THREAD|CLONE_SYSVSEM) = 9065
9064  clone(child_stack=0x5a00b965e000, flags=CLONE_VM|CLONE_FS|CLONE_FILES|CLONE_SIGHAND|CLONE_THREAD|CLONE_SYSVSEM) = 9066
9064  clone(child_stack=0x5a00b965a000, flags=CLONE_VM|CLONE_FS|CLONE_FILES|CLONE_SIGHAND|CLONE_THREAD|CLONE_SYSVSEM) = 9067
9066  clone(child_stack=0x5a00b9698000, flags=CLONE_VM|CLONE_FS|CLONE_FILES|CLONE_SIGHAND|CLONE_THREAD|CLONE_SYSVSEM <unfinished ...>
9065  tgkill(9064, 9067, SIGURG)        = 0
9067  --- SIGURG {si_signo=SIGURG, si_code=SI_TKILL, si_pid=9064, si_uid=1001} ---
9066  <... clone resumed>)              = 9068
9068  tgkill(9064, 9064, SIGURG)        = 0
9064  --- SIGURG {si_signo=SIGURG, si_code=SI_TKILL, si_pid=9064, si_uid=1001} ---
9066  tgkill(9064, 9068, SIGURG)        = 0
9068  --- SIGURG {si_signo=SIGURG, si_code=SI_TKILL, si_pid=9064, si_uid=1001} ---
9066  tgkill(9064, 9064, SIGURG)        = 0
9064  --- SIGURG {si_signo=SIGURG, si_code=SI_TKILL, si_pid=9064, si_uid=1001} ---
9066  tgkill(9064, 9067, SIGURG <unfinished ...>
9067  --- SIGURG {si_signo=SIGURG, si_code=SI_TKILL, si_pid=9064, si_uid=1001} ---
9066  <... tgkill resumed>)             = 0
9066  tgkill(9064, 9067, SIGURG)        = 0
9067  --- SIGURG {si_signo=SIGURG, si_code=SI_TKILL, si_pid=9064, si_uid=1001} ---
9065  tgkill(9064, 9067, SIGURG)        = 0
9067  --- SIGURG {si_signo=SIGURG, si_code=SI_TKILL, si_pid=9064, si_uid=1001} ---
9066  tgkill(9064, 9068, SIGURG)        = 0
9068  --- SIGURG {si_signo=SIGURG, si_code=SI_TKILL, si_pid=9064, si_uid=1001} ---
9066  tgkill(9064, 9068, SIGURG)        = 0
9068  --- SIGURG {si_signo=SIGURG, si_code=SI_TKILL, si_pid=9064, si_uid=1001} ---
9066  tgkill(9064, 9067, SIGURG)        = 0
9067  --- SIGURG {si_signo=SIGURG, si_code=SI_TKILL, si_pid=9064, si_uid=1001} ---
9065  tgkill(9064, 9067, SIGURG <unfinished ...>
9067  --- SIGURG {si_signo=SIGURG, si_code=SI_TKILL, si_pid=9064, si_uid=1001} ---
9065  <... tgkill resumed>)             = 0
9066  tgkill(9064, 9064, SIGURG)        = 0
9064  --- SIGURG {si_signo=SIGURG, si_code=SI_TKILL, si_pid=9064, si_uid=1001} ---
9066  tgkill(9064, 9067, SIGURG)        = 0
9067  --- SIGURG {si_signo=SIGURG, si_code=SI_TKILL, si_pid=9064, si_uid=1001} ---
9066  tgkill(9064, 9068, SIGURG)        = 0
9068  --- SIGURG {si_signo=SIGURG, si_code=SI_TKILL, si_pid=9064, si_uid=1001} ---
9066  tgkill(9064, 9064, SIGURG)        = 0
9064  --- SIGURG {si_signo=SIGURG, si_code=SI_TKILL, si_pid=9064, si_uid=1001} ---
9066  tgkill(9064, 9067, SIGURG)        = 0
9067  --- SIGURG {si_signo=SIGURG, si_code=SI_TKILL, si_pid=9064, si_uid=1001} ---
9066  tgkill(9064, 9067, SIGURG)        = 0
9067  --- SIGURG {si_signo=SIGURG, si_code=SI_TKILL, si_pid=9064, si_uid=1001} ---
9065  tgkill(9064, 9067, SIGURG <unfinished ...>
9067  --- SIGURG {si_signo=SIGURG, si_code=SI_TKILL, si_pid=9064, si_uid=1001} ---
9065  <... tgkill resumed>)             = 0
9065  tgkill(9064, 9067, SIGURG)        = 0
9067  --- SIGURG {si_signo=SIGURG, si_code=SI_TKILL, si_pid=9064, si_uid=1001} ---
9064  tgkill(9064, 9066, SIGURG)        = 0
9066  --- SIGURG {si_signo=SIGURG, si_code=SI_TKILL, si_pid=9064, si_uid=1001} ---
9066  tgkill(9064, 9067, SIGURG)        = 0
9067  --- SIGURG {si_signo=SIGURG, si_code=SI_TKILL, si_pid=9064, si_uid=1001} ---
9066  tgkill(9064, 9067, SIGURG)        = 0
9067  --- SIGURG {si_signo=SIGURG, si_code=SI_TKILL, si_pid=9064, si_uid=1001} ---
9066  tgkill(9064, 9067, SIGURG)        = 0
9067  --- SIGURG {si_signo=SIGURG, si_code=SI_TKILL, si_pid=9064, si_uid=1001} ---
9066  tgkill(9064, 9067, SIGURG)        = 0
9067  --- SIGURG {si_signo=SIGURG, si_code=SI_TKILL, si_pid=9064, si_uid=1001} ---
9064  tgkill(9064, 9066, SIGURG)        = 0
9066  --- SIGURG {si_signo=SIGURG, si_code=SI_TKILL, si_pid=9064, si_uid=1001} ---
9064  tgkill(9064, 9067, SIGURG)        = 0
9067  --- SIGURG {si_signo=SIGURG, si_code=SI_TKILL, si_pid=9064, si_uid=1001} ---
9066  tgkill(9064, 9064, SIGURG)        = 0
9064  --- SIGURG {si_signo=SIGURG, si_code=SI_TKILL, si_pid=9064, si_uid=1001} ---
9067  tgkill(9064, 9064, SIGURG)        = 0
9064  --- SIGURG {si_signo=SIGURG, si_code=SI_TKILL, si_pid=9064, si_uid=1001} ---
9067  tgkill(9064, 9064, SIGURG)        = 0
9064  --- SIGURG {si_signo=SIGURG, si_code=SI_TKILL, si_pid=9064, si_uid=1001} ---
9066  exit_group(0)                     = ?
9068  +++ exited with 0 +++
9067  +++ exited with 0 +++
9066  +++ exited with 0 +++
9065  +++ exited with 0 +++
9064  +++ exited with 0 +++
8400  <... waitid resumed>{si_signo=SIGCHLD, si_code=CLD_EXITED, si_pid=9064, si_uid=1001, si_status=0, si_utime=0, si_stime=0}, WEXITED, {ru_utime={tv_sec=0, tv_usec=84167}, ru_stime={tv_sec=0, tv_usec=45590}, ...}) = 0
8483  --- SIGCHLD {si_signo=SIGCHLD, si_code=CLD_EXITED, si_pid=9064, si_uid=1001, si_status=0, si_utime=9 /* 0.09 s */, si_stime=5 /* 0.05 s */} ---
8401  tgkill(8400, 8400, SIGURG)        = 0
8400  --- SIGURG {si_signo=SIGURG, si_code=SI_TKILL, si_pid=8400, si_uid=1001} ---
8401  tgkill(8400, 8400, SIGURG)        = 0
8400  --- SIGURG {si_signo=SIGURG, si_code=SI_TKILL, si_pid=8400, si_uid=1001} ---
8401  tgkill(8400, 8404, SIGURG)        = 0
8404  --- SIGURG {si_signo=SIGURG, si_code=SI_TKILL, si_pid=8400, si_uid=1001} ---
8401  tgkill(8400, 8404, SIGURG)        = 0
8404  --- SIGURG {si_signo=SIGURG, si_code=SI_TKILL, si_pid=8400, si_uid=1001} ---
8401  tgkill(8400, 8404, SIGURG)        = 0
8404  --- SIGURG {si_signo=SIGURG, si_code=SI_TKILL, si_pid=8400, si_uid=1001} ---
8400  exit_group(0)                     = ?
8407  +++ exited with 0 +++
8483  +++ exited with 0 +++
8482  +++ exited with 0 +++
8405  +++ exited with 0 +++
8403  +++ exited with 0 +++
8401  +++ exited with 0 +++
8406  +++ exited with 0 +++
8404  +++ exited with 0 +++
8402  +++ exited with 0 +++
8400  +++ exited with 0 +++
8396  <... waitid resumed>{si_signo=SIGCHLD, si_code=CLD_EXITED, si_pid=8400, si_uid=1001, si_status=0, si_utime=0, si_stime=0}, WEXITED, {ru_utime={tv_sec=8, tv_usec=887018}, ru_stime={tv_sec=2, tv_usec=377404}, ...}) = 0
8396  --- SIGCHLD {si_signo=SIGCHLD, si_code=CLD_EXITED, si_pid=8400, si_uid=1001, si_status=0, si_utime=23 /* 0.23 s */, si_stime=59 /* 0.59 s */} ---
8394  exit_group(0)                     = ?
8398  +++ exited with 0 +++
8397  +++ exited with 0 +++
8396  +++ exited with 0 +++
8395  +++ exited with 0 +++
8394  +++ exited with 0 +++
8393  +++ exited with 0 +++
8392  +++ exited with 0 +++
