11215 execve("/home/runner/work/_temp/trb", ["/home/runner/work/_temp/trb", "build", "--compile", "--config", "/home/runner/work/type-rb-native"..., "--outfile", "/home/runner/work/_temp/build-wo"...], 0xfffff78293d8 /* 116 vars */) = 0
11215 clone3({flags=CLONE_VM|CLONE_FS|CLONE_FILES|CLONE_SIGHAND|CLONE_THREAD|CLONE_SYSVSEM|CLONE_SETTLS|CLONE_PARENT_SETTID|CLONE_CHILD_CLEARTID, child_tid=0xff561064f250, parent_tid=0xff561064f250, exit_signal=0, stack=0xff560f640000, stack_size=0x100ea40, tls=0xff561064f8c0} => {parent_tid=[11216]}, 88) = 11216
11215 clone3({flags=CLONE_VM|CLONE_FS|CLONE_FILES|CLONE_SIGHAND|CLONE_THREAD|CLONE_SYSVSEM|CLONE_SETTLS|CLONE_PARENT_SETTID|CLONE_CHILD_CLEARTID, child_tid=0xff56075ff250, parent_tid=0xff56075ff250, exit_signal=0, stack=0xff56065f0000, stack_size=0x100ea40, tls=0xff56075ff8c0} => {parent_tid=[11217]}, 88) = 11217
11215 clone3({flags=CLONE_VM|CLONE_FS|CLONE_FILES|CLONE_SIGHAND|CLONE_THREAD|CLONE_SYSVSEM|CLONE_SETTLS|CLONE_PARENT_SETTID|CLONE_CHILD_CLEARTID, child_tid=0xff560f63f250, parent_tid=0xff560f63f250, exit_signal=0, stack=0xff560e630000, stack_size=0x100ea40, tls=0xff560f63f8c0} => {parent_tid=[11218]}, 88) = 11218
11217 clone3({flags=CLONE_VM|CLONE_FS|CLONE_FILES|CLONE_SIGHAND|CLONE_THREAD|CLONE_SYSVSEM|CLONE_SETTLS|CLONE_PARENT_SETTID|CLONE_CHILD_CLEARTID, child_tid=0xff560e5ef250, parent_tid=0xff560e5ef250, exit_signal=0, stack=0xff560d5e0000, stack_size=0x100ea40, tls=0xff560e5ef8c0} => {parent_tid=[11219]}, 88) = 11219
11215 clone3({flags=CLONE_VM|CLONE_FS|CLONE_FILES|CLONE_SIGHAND|CLONE_THREAD|CLONE_SYSVSEM|CLONE_SETTLS|CLONE_PARENT_SETTID|CLONE_CHILD_CLEARTID, child_tid=0xff560d5df250, parent_tid=0xff560d5df250, exit_signal=0, stack=0xff560c5d0000, stack_size=0x100ea40, tls=0xff560d5df8c0} => {parent_tid=[11220]}, 88) = 11220
11216 tgkill(11215, 11215, SIGURG)      = 0
11215 --- SIGURG {si_signo=SIGURG, si_code=SI_TKILL, si_pid=11215, si_uid=1001} ---
11217 tgkill(11215, 11215, SIGURG)      = 0
11215 --- SIGURG {si_signo=SIGURG, si_code=SI_TKILL, si_pid=11215, si_uid=1001} ---
11217 tgkill(11215, 11218, SIGURG)      = 0
11218 --- SIGURG {si_signo=SIGURG, si_code=SI_TKILL, si_pid=11215, si_uid=1001} ---
11217 tgkill(11215, 11218, SIGURG <unfinished ...>
11218 --- SIGURG {si_signo=SIGURG, si_code=SI_TKILL, si_pid=11215, si_uid=1001} ---
11217 <... tgkill resumed>)             = 0
11219 tgkill(11215, 11218, SIGURG)      = 0
11218 --- SIGURG {si_signo=SIGURG, si_code=SI_TKILL, si_pid=11215, si_uid=1001} ---
11219 tgkill(11215, 11215, SIGURG)      = 0
11215 --- SIGURG {si_signo=SIGURG, si_code=SI_TKILL, si_pid=11215, si_uid=1001} ---
11219 tgkill(11215, 11215, SIGURG)      = 0
11215 --- SIGURG {si_signo=SIGURG, si_code=SI_TKILL, si_pid=11215, si_uid=1001} ---
11219 tgkill(11215, 11218, SIGURG)      = 0
11218 --- SIGURG {si_signo=SIGURG, si_code=SI_TKILL, si_pid=11215, si_uid=1001} ---
11216 clone3({flags=CLONE_VM|CLONE_FS|CLONE_FILES|CLONE_SIGHAND|CLONE_THREAD|CLONE_SYSVSEM|CLONE_SETTLS|CLONE_PARENT_SETTID|CLONE_CHILD_CLEARTID, child_tid=0xff56065ef250, parent_tid=0xff56065ef250, exit_signal=0, stack=0xff56055e0000, stack_size=0x100ea40, tls=0xff56065ef8c0} <unfinished ...>
11219 clone3({flags=CLONE_VM|CLONE_FS|CLONE_FILES|CLONE_SIGHAND|CLONE_THREAD|CLONE_SYSVSEM|CLONE_SETTLS|CLONE_PARENT_SETTID|CLONE_CHILD_CLEARTID, child_tid=0xff56055df250, parent_tid=0xff56055df250, exit_signal=0, stack=0xff56045d0000, stack_size=0x100ea40, tls=0xff56055df8c0} <unfinished ...>
11216 <... clone3 resumed> => {parent_tid=[11221]}, 88) = 11221
11219 <... clone3 resumed> => {parent_tid=[11222]}, 88) = 11222
11215 waitid(P_PIDFD, 7, 0x27e32161ef98, WEXITED, NULL) = -1 ECHILD (No child processes)
11215 pidfd_send_signal(7, 0, NULL, 0)  = 0
11215 clone(child_stack=NULL, flags=CLONE_VM|CLONE_PIDFD|CLONE_VFORK <unfinished ...>
11223 exit_group(0)                     = ?
11215 <... clone resumed>, parent_tid=[8]) = 11223
11223 +++ exited with 0 +++
11215 waitid(P_PIDFD, 8, {si_signo=SIGCHLD, si_code=CLD_EXITED, si_pid=11223, si_uid=1001, si_status=0, si_utime=0, si_stime=0}, WEXITED|__WCLONE, NULL) = 0
11215 clone(child_stack=NULL, flags=CLONE_VM|CLONE_PIDFD|CLONE_VFORK|SIGCHLD <unfinished ...>
11224 execve("/opt/hostedtoolcache/go/1.27.1/arm64/bin/go", ["go", "build", "-mod=mod", "-o", "/home/runner/work/_temp/build-wo"..., "."], 0x27e321136008 /* 116 vars */ <unfinished ...>
11215 <... clone resumed>, parent_tid=[9]) = 11224
11215 waitid(P_PIDFD, 9,  <unfinished ...>
11224 <... execve resumed>)             = 0
11224 clone(child_stack=0x1f50f22d0000, flags=CLONE_VM|CLONE_FS|CLONE_FILES|CLONE_SIGHAND|CLONE_THREAD|CLONE_SYSVSEM) = 11225
11224 clone(child_stack=0x1f50f2308000, flags=CLONE_VM|CLONE_FS|CLONE_FILES|CLONE_SIGHAND|CLONE_THREAD|CLONE_SYSVSEM) = 11226
11225 tgkill(11224, 11224, SIGURG)      = 0
11224 --- SIGURG {si_signo=SIGURG, si_code=SI_TKILL, si_pid=11224, si_uid=1001} ---
11226 clone(child_stack=0x1f50f2304000, flags=CLONE_VM|CLONE_FS|CLONE_FILES|CLONE_SIGHAND|CLONE_THREAD|CLONE_SYSVSEM <unfinished ...>
11224 clone(child_stack=0x1f50f2390000, flags=CLONE_VM|CLONE_FS|CLONE_FILES|CLONE_SIGHAND|CLONE_THREAD|CLONE_SYSVSEM <unfinished ...>
11226 <... clone resumed>)              = 11227
11224 <... clone resumed>)              = 11228
11225 tgkill(11224, 11228, SIGURG)      = 0
11228 --- SIGURG {si_signo=SIGURG, si_code=SI_TKILL, si_pid=11224, si_uid=1001} ---
11225 tgkill(11224, 11228, SIGURG)      = 0
11228 --- SIGURG {si_signo=SIGURG, si_code=SI_TKILL, si_pid=11224, si_uid=1001} ---
11225 tgkill(11224, 11228, SIGURG)      = 0
11228 --- SIGURG {si_signo=SIGURG, si_code=SI_TKILL, si_pid=11224, si_uid=1001} ---
11225 tgkill(11224, 11228, SIGURG)      = 0
11228 --- SIGURG {si_signo=SIGURG, si_code=SI_TKILL, si_pid=11224, si_uid=1001} ---
11225 tgkill(11224, 11228, SIGURG)      = 0
11228 --- SIGURG {si_signo=SIGURG, si_code=SI_TKILL, si_pid=11224, si_uid=1001} ---
11225 tgkill(11224, 11228, SIGURG)      = 0
11228 --- SIGURG {si_signo=SIGURG, si_code=SI_TKILL, si_pid=11224, si_uid=1001} ---
11225 tgkill(11224, 11224, SIGURG)      = 0
11224 --- SIGURG {si_signo=SIGURG, si_code=SI_TKILL, si_pid=11224, si_uid=1001} ---
11225 tgkill(11224, 11224, SIGURG)      = 0
11224 --- SIGURG {si_signo=SIGURG, si_code=SI_TKILL, si_pid=11224, si_uid=1001} ---
11225 tgkill(11224, 11224, SIGURG)      = 0
11224 --- SIGURG {si_signo=SIGURG, si_code=SI_TKILL, si_pid=11224, si_uid=1001} ---
11225 tgkill(11224, 11226, SIGURG)      = 0
11226 --- SIGURG {si_signo=SIGURG, si_code=SI_TKILL, si_pid=11224, si_uid=1001} ---
11224 clone(child_stack=0x1f50f2418000, flags=CLONE_VM|CLONE_FS|CLONE_FILES|CLONE_SIGHAND|CLONE_THREAD|CLONE_SYSVSEM) = 11229
11228 tgkill(11224, 11224, SIGURG)      = 0
11224 --- SIGURG {si_signo=SIGURG, si_code=SI_TKILL, si_pid=11224, si_uid=1001} ---
11227 tgkill(11224, 11226, SIGURG)      = 0
11226 --- SIGURG {si_signo=SIGURG, si_code=SI_TKILL, si_pid=11224, si_uid=1001} ---
11228 tgkill(11224, 11224, SIGURG)      = 0
11224 --- SIGURG {si_signo=SIGURG, si_code=SI_TKILL, si_pid=11224, si_uid=1001} ---
11224 tgkill(11224, 11228, SIGURG)      = 0
11228 --- SIGURG {si_signo=SIGURG, si_code=SI_TKILL, si_pid=11224, si_uid=1001} ---
11224 tgkill(11224, 11227, SIGURG)      = 0
11227 --- SIGURG {si_signo=SIGURG, si_code=SI_TKILL, si_pid=11224, si_uid=1001} ---
11224 tgkill(11224, 11227, SIGURG)      = 0
11227 --- SIGURG {si_signo=SIGURG, si_code=SI_TKILL, si_pid=11224, si_uid=1001} ---
11227 tgkill(11224, 11229, SIGURG)      = 0
11229 --- SIGURG {si_signo=SIGURG, si_code=SI_TKILL, si_pid=11224, si_uid=1001} ---
11224 tgkill(11224, 11228, SIGURG <unfinished ...>
11228 --- SIGURG {si_signo=SIGURG, si_code=SI_TKILL, si_pid=11224, si_uid=1001} ---
11224 <... tgkill resumed>)             = 0
11227 tgkill(11224, 11229, SIGURG)      = 0
11229 --- SIGURG {si_signo=SIGURG, si_code=SI_TKILL, si_pid=11224, si_uid=1001} ---
11224 clone(child_stack=0x1f50f2818000, flags=CLONE_VM|CLONE_FS|CLONE_FILES|CLONE_SIGHAND|CLONE_THREAD|CLONE_SYSVSEM) = 11230
11224 tgkill(11224, 11227, SIGURG)      = 0
11227 --- SIGURG {si_signo=SIGURG, si_code=SI_TKILL, si_pid=11224, si_uid=1001} ---
11224 tgkill(11224, 11229, SIGURG)      = 0
11229 --- SIGURG {si_signo=SIGURG, si_code=SI_TKILL, si_pid=11224, si_uid=1001} ---
11224 tgkill(11224, 11230, SIGURG)      = 0
11230 --- SIGURG {si_signo=SIGURG, si_code=SI_TKILL, si_pid=11224, si_uid=1001} ---
11229 tgkill(11224, 11230, SIGURG)      = 0
11230 --- SIGURG {si_signo=SIGURG, si_code=SI_TKILL, si_pid=11224, si_uid=1001} ---
11229 tgkill(11224, 11224, SIGURG)      = 0
11224 --- SIGURG {si_signo=SIGURG, si_code=SI_TKILL, si_pid=11224, si_uid=1001} ---
11229 tgkill(11224, 11227, SIGURG)      = 0
11227 --- SIGURG {si_signo=SIGURG, si_code=SI_TKILL, si_pid=11224, si_uid=1001} ---
11227 tgkill(11224, 11226, SIGURG)      = 0
11226 --- SIGURG {si_signo=SIGURG, si_code=SI_TKILL, si_pid=11224, si_uid=1001} ---
11227 tgkill(11224, 11224, SIGURG)      = 0
11224 --- SIGURG {si_signo=SIGURG, si_code=SI_TKILL, si_pid=11224, si_uid=1001} ---
11227 tgkill(11224, 11229, SIGURG)      = 0
11229 --- SIGURG {si_signo=SIGURG, si_code=SI_TKILL, si_pid=11224, si_uid=1001} ---
11226 tgkill(11224, 11230, SIGURG)      = 0
11230 --- SIGURG {si_signo=SIGURG, si_code=SI_TKILL, si_pid=11224, si_uid=1001} ---
11226 tgkill(11224, 11228, SIGURG)      = 0
11228 --- SIGURG {si_signo=SIGURG, si_code=SI_TKILL, si_pid=11224, si_uid=1001} ---
11226 tgkill(11224, 11229, SIGURG)      = 0
11229 --- SIGURG {si_signo=SIGURG, si_code=SI_TKILL, si_pid=11224, si_uid=1001} ---
11226 tgkill(11224, 11229, SIGURG)      = 0
11229 --- SIGURG {si_signo=SIGURG, si_code=SI_TKILL, si_pid=11224, si_uid=1001} ---
11229 tgkill(11224, 11228, SIGURG)      = 0
11228 --- SIGURG {si_signo=SIGURG, si_code=SI_TKILL, si_pid=11224, si_uid=1001} ---
11225 clone(child_stack=0x1f50f2814000, flags=CLONE_VM|CLONE_FS|CLONE_FILES|CLONE_SIGHAND|CLONE_THREAD|CLONE_SYSVSEM) = 11231
11231 tgkill(11224, 11226, SIGURG)      = 0
11226 --- SIGURG {si_signo=SIGURG, si_code=SI_TKILL, si_pid=11224, si_uid=1001} ---
11231 tgkill(11224, 11228, SIGURG)      = 0
11228 --- SIGURG {si_signo=SIGURG, si_code=SI_TKILL, si_pid=11224, si_uid=1001} ---
11231 tgkill(11224, 11228, SIGURG)      = 0
11228 --- SIGURG {si_signo=SIGURG, si_code=SI_TKILL, si_pid=11224, si_uid=1001} ---
11225 tgkill(11224, 11229, SIGURG <unfinished ...>
11229 --- SIGURG {si_signo=SIGURG, si_code=SI_TKILL, si_pid=11224, si_uid=1001} ---
11225 <... tgkill resumed>)             = 0
11224 tgkill(11224, 11226, SIGURG)      = 0
11226 --- SIGURG {si_signo=SIGURG, si_code=SI_TKILL, si_pid=11224, si_uid=1001} ---
11224 tgkill(11224, 11229, SIGURG)      = 0
11229 --- SIGURG {si_signo=SIGURG, si_code=SI_TKILL, si_pid=11224, si_uid=1001} ---
11224 tgkill(11224, 11226, SIGURG)      = 0
11226 --- SIGURG {si_signo=SIGURG, si_code=SI_TKILL, si_pid=11224, si_uid=1001} ---
11224 tgkill(11224, 11228, SIGURG)      = 0
11228 --- SIGURG {si_signo=SIGURG, si_code=SI_TKILL, si_pid=11224, si_uid=1001} ---
11224 tgkill(11224, 11229, SIGURG)      = 0
11229 --- SIGURG {si_signo=SIGURG, si_code=SI_TKILL, si_pid=11224, si_uid=1001} ---
11229 tgkill(11224, 11226, SIGURG)      = 0
11226 --- SIGURG {si_signo=SIGURG, si_code=SI_TKILL, si_pid=11224, si_uid=1001} ---
11229 tgkill(11224, 11228, SIGURG)      = 0
11228 --- SIGURG {si_signo=SIGURG, si_code=SI_TKILL, si_pid=11224, si_uid=1001} ---
11229 tgkill(11224, 11226, SIGURG)      = 0
11226 --- SIGURG {si_signo=SIGURG, si_code=SI_TKILL, si_pid=11224, si_uid=1001} ---
11229 tgkill(11224, 11224, SIGURG)      = 0
11224 --- SIGURG {si_signo=SIGURG, si_code=SI_TKILL, si_pid=11224, si_uid=1001} ---
11225 tgkill(11224, 11228, SIGURG)      = 0
11228 --- SIGURG {si_signo=SIGURG, si_code=SI_TKILL, si_pid=11224, si_uid=1001} ---
11228 tgkill(11224, 11226, SIGURG)      = 0
11226 --- SIGURG {si_signo=SIGURG, si_code=SI_TKILL, si_pid=11224, si_uid=1001} ---
11228 tgkill(11224, 11229, SIGURG)      = 0
11229 --- SIGURG {si_signo=SIGURG, si_code=SI_TKILL, si_pid=11224, si_uid=1001} ---
11228 tgkill(11224, 11224, SIGURG)      = 0
11224 --- SIGURG {si_signo=SIGURG, si_code=SI_TKILL, si_pid=11224, si_uid=1001} ---
11228 tgkill(11224, 11229, SIGURG)      = 0
11229 --- SIGURG {si_signo=SIGURG, si_code=SI_TKILL, si_pid=11224, si_uid=1001} ---
11228 tgkill(11224, 11227, SIGURG)      = 0
11227 --- SIGURG {si_signo=SIGURG, si_code=SI_TKILL, si_pid=11224, si_uid=1001} ---
11228 tgkill(11224, 11229, SIGURG)      = 0
11229 --- SIGURG {si_signo=SIGURG, si_code=SI_TKILL, si_pid=11224, si_uid=1001} ---
11228 tgkill(11224, 11231, SIGURG)      = 0
11231 --- SIGURG {si_signo=SIGURG, si_code=SI_TKILL, si_pid=11224, si_uid=1001} ---
11228 tgkill(11224, 11227, SIGURG)      = 0
11227 --- SIGURG {si_signo=SIGURG, si_code=SI_TKILL, si_pid=11224, si_uid=1001} ---
11224 tgkill(11224, 11231, SIGURG)      = 0
11231 --- SIGURG {si_signo=SIGURG, si_code=SI_TKILL, si_pid=11224, si_uid=1001} ---
11224 tgkill(11224, 11229, SIGURG)      = 0
11229 --- SIGURG {si_signo=SIGURG, si_code=SI_TKILL, si_pid=11224, si_uid=1001} ---
11224 tgkill(11224, 11226, SIGURG)      = 0
11226 --- SIGURG {si_signo=SIGURG, si_code=SI_TKILL, si_pid=11224, si_uid=1001} ---
11224 tgkill(11224, 11228, SIGURG)      = 0
11228 --- SIGURG {si_signo=SIGURG, si_code=SI_TKILL, si_pid=11224, si_uid=1001} ---
11229 tgkill(11224, 11231, SIGURG)      = 0
11231 --- SIGURG {si_signo=SIGURG, si_code=SI_TKILL, si_pid=11224, si_uid=1001} ---
11229 tgkill(11224, 11226, SIGURG)      = 0
11226 --- SIGURG {si_signo=SIGURG, si_code=SI_TKILL, si_pid=11224, si_uid=1001} ---
11229 tgkill(11224, 11228, SIGURG)      = 0
11228 --- SIGURG {si_signo=SIGURG, si_code=SI_TKILL, si_pid=11224, si_uid=1001} ---
11226 tgkill(11224, 11228, SIGURG)      = 0
11228 --- SIGURG {si_signo=SIGURG, si_code=SI_TKILL, si_pid=11224, si_uid=1001} ---
11226 tgkill(11224, 11229, SIGURG)      = 0
11229 --- SIGURG {si_signo=SIGURG, si_code=SI_TKILL, si_pid=11224, si_uid=1001} ---
11226 tgkill(11224, 11228, SIGURG)      = 0
11228 --- SIGURG {si_signo=SIGURG, si_code=SI_TKILL, si_pid=11224, si_uid=1001} ---
11226 tgkill(11224, 11228, SIGURG)      = 0
11228 --- SIGURG {si_signo=SIGURG, si_code=SI_TKILL, si_pid=11224, si_uid=1001} ---
11231 tgkill(11224, 11227, SIGURG)      = 0
11227 --- SIGURG {si_signo=SIGURG, si_code=SI_TKILL, si_pid=11224, si_uid=1001} ---
11224 tgkill(11224, 11227, SIGURG)      = 0
11227 --- SIGURG {si_signo=SIGURG, si_code=SI_TKILL, si_pid=11224, si_uid=1001} ---
11224 tgkill(11224, 11226, SIGURG)      = 0
11226 --- SIGURG {si_signo=SIGURG, si_code=SI_TKILL, si_pid=11224, si_uid=1001} ---
11224 tgkill(11224, 11228, SIGURG)      = 0
11228 --- SIGURG {si_signo=SIGURG, si_code=SI_TKILL, si_pid=11224, si_uid=1001} ---
11226 tgkill(11224, 11224, SIGURG)      = 0
11224 --- SIGURG {si_signo=SIGURG, si_code=SI_TKILL, si_pid=11224, si_uid=1001} ---
11229 tgkill(11224, 11231, SIGURG)      = 0
11231 --- SIGURG {si_signo=SIGURG, si_code=SI_TKILL, si_pid=11224, si_uid=1001} ---
11229 tgkill(11224, 11228, SIGURG)      = 0
11228 --- SIGURG {si_signo=SIGURG, si_code=SI_TKILL, si_pid=11224, si_uid=1001} ---
11229 tgkill(11224, 11226, SIGURG)      = 0
11226 --- SIGURG {si_signo=SIGURG, si_code=SI_TKILL, si_pid=11224, si_uid=1001} ---
11229 tgkill(11224, 11231, SIGURG)      = 0
11231 --- SIGURG {si_signo=SIGURG, si_code=SI_TKILL, si_pid=11224, si_uid=1001} ---
11229 tgkill(11224, 11224, SIGURG)      = 0
11224 --- SIGURG {si_signo=SIGURG, si_code=SI_TKILL, si_pid=11224, si_uid=1001} ---
11229 tgkill(11224, 11228, SIGURG)      = 0
11226 tgkill(11224, 11224, SIGURG)      = 0
11224 --- SIGURG {si_signo=SIGURG, si_code=SI_TKILL, si_pid=11224, si_uid=1001} ---
11228 --- SIGURG {si_signo=SIGURG, si_code=SI_TKILL, si_pid=11224, si_uid=1001} ---
11229 tgkill(11224, 11228, SIGURG)      = 0
11228 --- SIGURG {si_signo=SIGURG, si_code=SI_TKILL, si_pid=11224, si_uid=1001} ---
11229 tgkill(11224, 11228, SIGURG)      = 0
11228 --- SIGURG {si_signo=SIGURG, si_code=SI_TKILL, si_pid=11224, si_uid=1001} ---
11224 tgkill(11224, 11229, SIGURG)      = 0
11229 --- SIGURG {si_signo=SIGURG, si_code=SI_TKILL, si_pid=11224, si_uid=1001} ---
11224 tgkill(11224, 11226, SIGURG)      = 0
11226 --- SIGURG {si_signo=SIGURG, si_code=SI_TKILL, si_pid=11224, si_uid=1001} ---
11224 tgkill(11224, 11228, SIGURG)      = 0
11228 --- SIGURG {si_signo=SIGURG, si_code=SI_TKILL, si_pid=11224, si_uid=1001} ---
11224 tgkill(11224, 11229, SIGURG)      = 0
11229 --- SIGURG {si_signo=SIGURG, si_code=SI_TKILL, si_pid=11224, si_uid=1001} ---
11224 tgkill(11224, 11226, SIGURG)      = 0
11226 --- SIGURG {si_signo=SIGURG, si_code=SI_TKILL, si_pid=11224, si_uid=1001} ---
11225 tgkill(11224, 11224, SIGURG)      = 0
11224 --- SIGURG {si_signo=SIGURG, si_code=SI_TKILL, si_pid=11224, si_uid=1001} ---
11226 tgkill(11224, 11229, SIGURG)      = 0
11229 --- SIGURG {si_signo=SIGURG, si_code=SI_TKILL, si_pid=11224, si_uid=1001} ---
11229 tgkill(11224, 11226, SIGURG)      = 0
11226 --- SIGURG {si_signo=SIGURG, si_code=SI_TKILL, si_pid=11224, si_uid=1001} ---
11224 tgkill(11224, 11229, SIGURG)      = 0
11229 --- SIGURG {si_signo=SIGURG, si_code=SI_TKILL, si_pid=11224, si_uid=1001} ---
11224 tgkill(11224, 11228, SIGURG)      = 0
11228 --- SIGURG {si_signo=SIGURG, si_code=SI_TKILL, si_pid=11224, si_uid=1001} ---
11226 tgkill(11224, 11228, SIGURG)      = 0
11228 --- SIGURG {si_signo=SIGURG, si_code=SI_TKILL, si_pid=11224, si_uid=1001} ---
11225 tgkill(11224, 11228, SIGURG)      = 0
11228 --- SIGURG {si_signo=SIGURG, si_code=SI_TKILL, si_pid=11224, si_uid=1001} ---
11225 tgkill(11224, 11228, SIGURG)      = 0
11228 --- SIGURG {si_signo=SIGURG, si_code=SI_TKILL, si_pid=11224, si_uid=1001} ---
11225 tgkill(11224, 11228, SIGURG)      = 0
11228 --- SIGURG {si_signo=SIGURG, si_code=SI_TKILL, si_pid=11224, si_uid=1001} ---
11225 tgkill(11224, 11229, SIGURG <unfinished ...>
11229 --- SIGURG {si_signo=SIGURG, si_code=SI_TKILL, si_pid=11224, si_uid=1001} ---
11225 <... tgkill resumed>)             = 0
11225 tgkill(11224, 11228, SIGURG)      = 0
11228 --- SIGURG {si_signo=SIGURG, si_code=SI_TKILL, si_pid=11224, si_uid=1001} ---
11225 tgkill(11224, 11229, SIGURG)      = 0
11229 --- SIGURG {si_signo=SIGURG, si_code=SI_TKILL, si_pid=11224, si_uid=1001} ---
11225 tgkill(11224, 11224, SIGURG)      = 0
11224 --- SIGURG {si_signo=SIGURG, si_code=SI_TKILL, si_pid=11224, si_uid=1001} ---
11225 tgkill(11224, 11228, SIGURG <unfinished ...>
11228 --- SIGURG {si_signo=SIGURG, si_code=SI_TKILL, si_pid=11224, si_uid=1001} ---
11225 <... tgkill resumed>)             = 0
11226 tgkill(11224, 11224, SIGURG)      = 0
11224 --- SIGURG {si_signo=SIGURG, si_code=SI_TKILL, si_pid=11224, si_uid=1001} ---
11226 tgkill(11224, 11229, SIGURG)      = 0
11229 --- SIGURG {si_signo=SIGURG, si_code=SI_TKILL, si_pid=11224, si_uid=1001} ---
11226 tgkill(11224, 11228, SIGURG)      = 0
11228 --- SIGURG {si_signo=SIGURG, si_code=SI_TKILL, si_pid=11224, si_uid=1001} ---
11231 tgkill(11224, 11224, SIGURG)      = 0
11224 --- SIGURG {si_signo=SIGURG, si_code=SI_TKILL, si_pid=11224, si_uid=1001} ---
11231 tgkill(11224, 11226, SIGURG)      = 0
11226 --- SIGURG {si_signo=SIGURG, si_code=SI_TKILL, si_pid=11224, si_uid=1001} ---
11231 tgkill(11224, 11227, SIGURG)      = 0
11227 --- SIGURG {si_signo=SIGURG, si_code=SI_TKILL, si_pid=11224, si_uid=1001} ---
11231 tgkill(11224, 11230, SIGURG)      = 0
11230 --- SIGURG {si_signo=SIGURG, si_code=SI_TKILL, si_pid=11224, si_uid=1001} ---
11230 tgkill(11224, 11226, SIGURG <unfinished ...>
11227 tgkill(11224, 11231, SIGURG <unfinished ...>
11230 <... tgkill resumed>)             = 0
11227 <... tgkill resumed>)             = 0
11231 --- SIGURG {si_signo=SIGURG, si_code=SI_TKILL, si_pid=11224, si_uid=1001} ---
11226 --- SIGURG {si_signo=SIGURG, si_code=SI_TKILL, si_pid=11224, si_uid=1001} ---
11231 tgkill(11224, 11226, SIGURG)      = 0
11226 --- SIGURG {si_signo=SIGURG, si_code=SI_TKILL, si_pid=11224, si_uid=1001} ---
11231 tgkill(11224, 11227, SIGURG)      = 0
11227 --- SIGURG {si_signo=SIGURG, si_code=SI_TKILL, si_pid=11224, si_uid=1001} ---
11231 tgkill(11224, 11230, SIGURG)      = 0
11230 --- SIGURG {si_signo=SIGURG, si_code=SI_TKILL, si_pid=11224, si_uid=1001} ---
11230 tgkill(11224, 11231, SIGURG)      = 0
11231 --- SIGURG {si_signo=SIGURG, si_code=SI_TKILL, si_pid=11224, si_uid=1001} ---
11230 tgkill(11224, 11227, SIGURG)      = 0
11227 --- SIGURG {si_signo=SIGURG, si_code=SI_TKILL, si_pid=11224, si_uid=1001} ---
11227 waitid(P_PIDFD, 12, 0x1f50f26391c8, WEXITED, NULL) = -1 ECHILD (No child processes)
11227 pidfd_send_signal(12, 0, NULL, 0) = 0
11227 clone(child_stack=NULL, flags=CLONE_VM|CLONE_PIDFD|CLONE_VFORK <unfinished ...>
11232 exit_group(0)                     = ?
11232 +++ exited with 0 +++
11227 <... clone resumed>, parent_tid=[13]) = 11232
11227 waitid(P_PIDFD, 13, {si_signo=SIGCHLD, si_code=CLD_EXITED, si_pid=11232, si_uid=1001, si_status=0, si_utime=0, si_stime=0}, WEXITED|__WCLONE, NULL) = 0
11227 clone(child_stack=NULL, flags=CLONE_VM|CLONE_PIDFD|CLONE_VFORK|SIGCHLD <unfinished ...>
11233 execve("/opt/hostedtoolcache/go/1.27.1/arm64/pkg/tool/linux_arm64/compile", ["/opt/hostedtoolcache/go/1.27.1/a"..., "-V=full"], 0x1f50f245bb08 /* 139 vars */ <unfinished ...>
11227 <... clone resumed>, parent_tid=[14]) = 11233
11233 <... execve resumed>)             = 0
11227 waitid(P_PIDFD, 14,  <unfinished ...>
11233 clone(child_stack=0x5432c3a86000, flags=CLONE_VM|CLONE_FS|CLONE_FILES|CLONE_SIGHAND|CLONE_THREAD|CLONE_SYSVSEM) = 11234
11234 tgkill(11233, 11233, SIGURG)      = 0
11233 --- SIGURG {si_signo=SIGURG, si_code=SI_TKILL, si_pid=11233, si_uid=1001} ---
11233 clone(child_stack=0x5432c3abc000, flags=CLONE_VM|CLONE_FS|CLONE_FILES|CLONE_SIGHAND|CLONE_THREAD|CLONE_SYSVSEM) = 11235
11233 clone(child_stack=0x5432c3ab8000, flags=CLONE_VM|CLONE_FS|CLONE_FILES|CLONE_SIGHAND|CLONE_THREAD|CLONE_SYSVSEM) = 11236
11235 clone(child_stack=0x5432c3b18000, flags=CLONE_VM|CLONE_FS|CLONE_FILES|CLONE_SIGHAND|CLONE_THREAD|CLONE_SYSVSEM) = 11237
11234 tgkill(11233, 11233, SIGURG)      = 0
11233 --- SIGURG {si_signo=SIGURG, si_code=SI_TKILL, si_pid=11233, si_uid=1001} ---
11233 exit_group(0)                     = ?
11237 +++ exited with 0 +++
11236 +++ exited with 0 +++
11235 +++ exited with 0 +++
11234 +++ exited with 0 +++
11233 +++ exited with 0 +++
11230 --- SIGCHLD {si_signo=SIGCHLD, si_code=CLD_EXITED, si_pid=11233, si_uid=1001, si_status=0, si_utime=0, si_stime=0} ---
11227 <... waitid resumed>{si_signo=SIGCHLD, si_code=CLD_EXITED, si_pid=11233, si_uid=1001, si_status=0, si_utime=0, si_stime=0}, WEXITED, {ru_utime={tv_sec=0, tv_usec=2226}, ru_stime={tv_sec=0, tv_usec=6680}, ...}) = 0
11230 tgkill(11224, 11226, SIGURG)      = 0
11226 --- SIGURG {si_signo=SIGURG, si_code=SI_TKILL, si_pid=11224, si_uid=1001} ---
11224 tgkill(11224, 11231, SIGURG)      = 0
11231 --- SIGURG {si_signo=SIGURG, si_code=SI_TKILL, si_pid=11224, si_uid=1001} ---
11227 tgkill(11224, 11228, SIGURG)      = 0
11228 --- SIGURG {si_signo=SIGURG, si_code=SI_TKILL, si_pid=11224, si_uid=1001} ---
11227 tgkill(11224, 11224, SIGURG)      = 0
11224 --- SIGURG {si_signo=SIGURG, si_code=SI_TKILL, si_pid=11224, si_uid=1001} ---
11227 tgkill(11224, 11226, SIGURG)      = 0
11226 --- SIGURG {si_signo=SIGURG, si_code=SI_TKILL, si_pid=11224, si_uid=1001} ---
11224 clone(child_stack=NULL, flags=CLONE_VM|CLONE_PIDFD|CLONE_VFORK|SIGCHLD <unfinished ...>
11228 clone(child_stack=NULL, flags=CLONE_VM|CLONE_PIDFD|CLONE_VFORK|SIGCHLD <unfinished ...>
11227 clone(child_stack=NULL, flags=CLONE_VM|CLONE_PIDFD|CLONE_VFORK|SIGCHLD <unfinished ...>
11226 clone(child_stack=NULL, flags=CLONE_VM|CLONE_PIDFD|CLONE_VFORK|SIGCHLD <unfinished ...>
11238 execve("/opt/hostedtoolcache/go/1.27.1/arm64/pkg/tool/linux_arm64/asm", ["/opt/hostedtoolcache/go/1.27.1/a"..., "-V=full"], 0x1f50f245a008 /* 139 vars */ <unfinished ...>
11224 <... clone resumed>, parent_tid=[17]) = 11238
11238 <... execve resumed>)             = 0
11239 execve("/opt/hostedtoolcache/go/1.27.1/arm64/pkg/tool/linux_arm64/compile", ["/opt/hostedtoolcache/go/1.27.1/a"..., "-o", "/tmp/go-build180265811/b006/_pkg"..., "-trimpath", "/tmp/go-build180265811/b006=>", "-p", "internal/goarch", "-lang=go1.27", "-std", "-complete", "-buildid", "Nvi4zq8qLTsFtYkfLyRL/Nvi4zq8qLTs"..., "-goversion", "go1.27.1", "-c=4", "-nolocalimports", "-importcfg", "/tmp/go-build180265811/b006/impo"..., "-pack", "/opt/hostedtoolcache/go/1.27.1/a"..., "/opt/hostedtoolcache/go/1.27.1/a"..., "/opt/hostedtoolcache/go/1.27.1/a"...], 0x1f50f2806488 /* 140 vars */ <unfinished ...>
11228 <... clone resumed>, parent_tid=[26]) = 11239
11239 <... execve resumed>)             = 0
11241 execve("/opt/hostedtoolcache/go/1.27.1/arm64/pkg/tool/linux_arm64/compile", ["/opt/hostedtoolcache/go/1.27.1/a"..., "-o", "/tmp/go-build180265811/b012/_pkg"..., "-trimpath", "/tmp/go-build180265811/b012=>", "-p", "internal/byteorder", "-lang=go1.27", "-std", "-complete", "-buildid", "-h5owEDwHj1jNIZSNaNO/-h5owEDwHj1"..., "-goversion", "go1.27.1", "-c=4", "-nolocalimports", "-importcfg", "/tmp/go-build180265811/b012/impo"..., "-pack", "/opt/hostedtoolcache/go/1.27.1/a"...], 0x1f50f25d0488 /* 140 vars */ <unfinished ...>
11240 execve("/opt/hostedtoolcache/go/1.27.1/arm64/pkg/tool/linux_arm64/compile", ["/opt/hostedtoolcache/go/1.27.1/a"..., "-o", "/tmp/go-build180265811/b008/_pkg"..., "-trimpath", "/tmp/go-build180265811/b008=>", "-p", "internal/unsafeheader", "-lang=go1.27", "-std", "-complete", "-buildid", "qC3NJ6-dytwpwDuYJchb/qC3NJ6-dytw"..., "-goversion", "go1.27.1", "-c=4", "-nolocalimports", "-importcfg", "/tmp/go-build180265811/b008/impo"..., "-pack", "/opt/hostedtoolcache/go/1.27.1/a"...], 0x1f50f275d208 /* 140 vars */ <unfinished ...>
11226 <... clone resumed>, parent_tid=[32]) = 11241
11227 <... clone resumed>, parent_tid=[29]) = 11240
11241 <... execve resumed>)             = 0
11240 <... execve resumed>)             = 0
11228 waitid(P_PIDFD, 26,  <unfinished ...>
11226 waitid(P_PIDFD, 32,  <unfinished ...>
11227 waitid(P_PIDFD, 29,  <unfinished ...>
11224 waitid(P_PIDFD, 17,  <unfinished ...>
11241 clone(child_stack=0x104b8700e000, flags=CLONE_VM|CLONE_FS|CLONE_FILES|CLONE_SIGHAND|CLONE_THREAD|CLONE_SYSVSEM) = 11242
11241 clone(child_stack=0x104b87046000, flags=CLONE_VM|CLONE_FS|CLONE_FILES|CLONE_SIGHAND|CLONE_THREAD|CLONE_SYSVSEM) = 11243
11241 clone(child_stack=0x104b87042000, flags=CLONE_VM|CLONE_FS|CLONE_FILES|CLONE_SIGHAND|CLONE_THREAD|CLONE_SYSVSEM <unfinished ...>
11240 clone(child_stack=0x328f84b80000, flags=CLONE_VM|CLONE_FS|CLONE_FILES|CLONE_SIGHAND|CLONE_THREAD|CLONE_SYSVSEM <unfinished ...>
11241 <... clone resumed>)              = 11244
11240 <... clone resumed>)              = 11245
11243 clone(child_stack=0x104b87098000, flags=CLONE_VM|CLONE_FS|CLONE_FILES|CLONE_SIGHAND|CLONE_THREAD|CLONE_SYSVSEM) = 11246
11240 clone(child_stack=0x328f84bb8000, flags=CLONE_VM|CLONE_FS|CLONE_FILES|CLONE_SIGHAND|CLONE_THREAD|CLONE_SYSVSEM) = 11247
11245 tgkill(11240, 11240, SIGURG)      = 0
11240 --- SIGURG {si_signo=SIGURG, si_code=SI_TKILL, si_pid=11240, si_uid=1001} ---
11239 clone(child_stack=0x3132639c8000, flags=CLONE_VM|CLONE_FS|CLONE_FILES|CLONE_SIGHAND|CLONE_THREAD|CLONE_SYSVSEM <unfinished ...>
11247 clone(child_stack=0x328f84c18000, flags=CLONE_VM|CLONE_FS|CLONE_FILES|CLONE_SIGHAND|CLONE_THREAD|CLONE_SYSVSEM <unfinished ...>
11240 clone(child_stack=0x328f84bb4000, flags=CLONE_VM|CLONE_FS|CLONE_FILES|CLONE_SIGHAND|CLONE_THREAD|CLONE_SYSVSEM <unfinished ...>
11239 <... clone resumed>)              = 11248
11247 <... clone resumed>)              = 11249
11240 <... clone resumed>)              = 11250
11240 clone(child_stack=0x328f84c14000, flags=CLONE_VM|CLONE_FS|CLONE_FILES|CLONE_SIGHAND|CLONE_THREAD|CLONE_SYSVSEM) = 11251
11239 clone(child_stack=0x313263a00000, flags=CLONE_VM|CLONE_FS|CLONE_FILES|CLONE_SIGHAND|CLONE_THREAD|CLONE_SYSVSEM <unfinished ...>
11248 tgkill(11239, 11239, SIGURG)      = 0
11239 <... clone resumed>)              = 11252
11239 --- SIGURG {si_signo=SIGURG, si_code=SI_TKILL, si_pid=11239, si_uid=1001} ---
11248 tgkill(11239, 11239, SIGURG)      = 0
11239 clone(child_stack=0x3132639fc000, flags=CLONE_VM|CLONE_FS|CLONE_FILES|CLONE_SIGHAND|CLONE_THREAD|CLONE_SYSVSEM) = 11253
11239 --- SIGURG {si_signo=SIGURG, si_code=SI_TKILL, si_pid=11239, si_uid=1001} ---
11252 clone(child_stack=0x313263a98000, flags=CLONE_VM|CLONE_FS|CLONE_FILES|CLONE_SIGHAND|CLONE_THREAD|CLONE_SYSVSEM) = 11254
11238 clone(child_stack=0x737ba4128000, flags=CLONE_VM|CLONE_FS|CLONE_FILES|CLONE_SIGHAND|CLONE_THREAD|CLONE_SYSVSEM) = 11255
11255 tgkill(11238, 11238, SIGURG)      = 0
11238 clone(child_stack=0x737ba415e000, flags=CLONE_VM|CLONE_FS|CLONE_FILES|CLONE_SIGHAND|CLONE_THREAD|CLONE_SYSVSEM) = 11256
11238 --- SIGURG {si_signo=SIGURG, si_code=SI_TKILL, si_pid=11238, si_uid=1001} ---
11238 clone(child_stack=0x737ba415a000, flags=CLONE_VM|CLONE_FS|CLONE_FILES|CLONE_SIGHAND|CLONE_THREAD|CLONE_SYSVSEM <unfinished ...>
11256 clone(child_stack=0x737ba4198000, flags=CLONE_VM|CLONE_FS|CLONE_FILES|CLONE_SIGHAND|CLONE_THREAD|CLONE_SYSVSEM) = 11258
11238 <... clone resumed>)              = 11257
11257 clone(child_stack=0x737ba4194000, flags=CLONE_VM|CLONE_FS|CLONE_FILES|CLONE_SIGHAND|CLONE_THREAD|CLONE_SYSVSEM) = 11259
11242 tgkill(11241, 11241, SIGURG)      = 0
11241 --- SIGURG {si_signo=SIGURG, si_code=SI_TKILL, si_pid=11241, si_uid=1001} ---
11245 tgkill(11240, 11240, SIGURG)      = 0
11240 --- SIGURG {si_signo=SIGURG, si_code=SI_TKILL, si_pid=11240, si_uid=1001} ---
11240 exit_group(0)                     = ?
11250 +++ exited with 0 +++
11245 +++ exited with 0 +++
11249 +++ exited with 0 +++
11247 +++ exited with 0 +++
11251 +++ exited with 0 +++
11240 +++ exited with 0 +++
11231 --- SIGCHLD {si_signo=SIGCHLD, si_code=CLD_EXITED, si_pid=11240, si_uid=1001, si_status=0, si_utime=0, si_stime=0} ---
11227 <... waitid resumed>{si_signo=SIGCHLD, si_code=CLD_EXITED, si_pid=11240, si_uid=1001, si_status=0, si_utime=0, si_stime=0}, WEXITED, {ru_utime={tv_sec=0, tv_usec=4708}, ru_stime={tv_sec=0, tv_usec=6277}, ...}) = 0
11252 exit_group(0)                     = ?
11252 +++ exited with 0 +++
11253 +++ exited with 0 +++
11248 +++ exited with 0 +++
11254 +++ exited with 0 +++
11239 +++ exited with 0 +++
11228 <... waitid resumed>{si_signo=SIGCHLD, si_code=CLD_EXITED, si_pid=11239, si_uid=1001, si_status=0, si_utime=0, si_stime=0}, WEXITED, {ru_utime={tv_sec=0, tv_usec=7511}, ru_stime={tv_sec=0, tv_usec=5365}, ...}) = 0
11227 --- SIGCHLD {si_signo=SIGCHLD, si_code=CLD_EXITED, si_pid=11239, si_uid=1001, si_status=0, si_utime=0, si_stime=0} ---
11238 exit_group(0)                     = ?
11259 +++ exited with 0 +++
11258 +++ exited with 0 +++
11257 +++ exited with 0 +++
11255 +++ exited with 0 +++
11256 +++ exited with 0 +++
11238 +++ exited with 0 +++
11228 --- SIGCHLD {si_signo=SIGCHLD, si_code=CLD_EXITED, si_pid=11238, si_uid=1001, si_status=0, si_utime=0, si_stime=0} ---
11224 <... waitid resumed>{si_signo=SIGCHLD, si_code=CLD_EXITED, si_pid=11238, si_uid=1001, si_status=0, si_utime=0, si_stime=0}, WEXITED, {ru_utime={tv_sec=0, tv_usec=1048}, ru_stime={tv_sec=0, tv_usec=6293}, ...}) = 0
11227 clone(child_stack=NULL, flags=CLONE_VM|CLONE_PIDFD|CLONE_VFORK|SIGCHLD <unfinished ...>
11260 execve("/opt/hostedtoolcache/go/1.27.1/arm64/pkg/tool/linux_arm64/compile", ["/opt/hostedtoolcache/go/1.27.1/a"..., "-o", "/tmp/go-build180265811/b014/_pkg"..., "-trimpath", "/tmp/go-build180265811/b014=>", "-p", "internal/coverage/rtcov", "-lang=go1.27", "-std", "-complete", "-buildid", "GpkACqX8jwItV_Qu4uVJ/GpkACqX8jwI"..., "-goversion", "go1.27.1", "-c=4", "-nolocalimports", "-importcfg", "/tmp/go-build180265811/b014/impo"..., "-pack", "/opt/hostedtoolcache/go/1.27.1/a"...], 0x1f50f257bb08 /* 140 vars */ <unfinished ...>
11227 <... clone resumed>, parent_tid=[15]) = 11260
11260 <... execve resumed>)             = 0
11227 waitid(P_PIDFD, 15,  <unfinished ...>
11241 exit_group(0)                     = ?
11246 +++ exited with 0 +++
11244 +++ exited with 0 +++
11243 +++ exited with 0 +++
11228 clone(child_stack=NULL, flags=CLONE_VM|CLONE_PIDFD|CLONE_VFORK|SIGCHLD <unfinished ...>
11230 tgkill(11224, 11228, SIGURG)      = 0
11242 +++ exited with 0 +++
11241 +++ exited with 0 +++
11229 --- SIGCHLD {si_signo=SIGCHLD, si_code=CLD_EXITED, si_pid=11241, si_uid=1001, si_status=0, si_utime=1 /* 0.01 s */, si_stime=1 /* 0.01 s */} ---
11226 <... waitid resumed>{si_signo=SIGCHLD, si_code=CLD_EXITED, si_pid=11241, si_uid=1001, si_status=0, si_utime=0, si_stime=0}, WEXITED, {ru_utime={tv_sec=0, tv_usec=9512}, ru_stime={tv_sec=0, tv_usec=14268}, ...}) = 0
11261 execve("/opt/hostedtoolcache/go/1.27.1/arm64/pkg/tool/linux_arm64/asm", ["/opt/hostedtoolcache/go/1.27.1/a"..., "-p", "internal/cpu", "-trimpath", "/tmp/go-build180265811/b011=>", "-I", "/tmp/go-build180265811/b011/", "-I", "/opt/hostedtoolcache/go/1.27.1/a"..., "-D", "GOOS_linux", "-D", "GOARCH_arm64", "-std", "-gensymabis", "-o", "/tmp/go-build180265811/b011/syma"..., "/opt/hostedtoolcache/go/1.27.1/a"..., "/opt/hostedtoolcache/go/1.27.1/a"...], 0x1f50f2806908 /* 140 vars */ <unfinished ...>
11228 <... clone resumed>, parent_tid=[14]) = 11261
11261 <... execve resumed>)             = 0
11228 --- SIGURG {si_signo=SIGURG, si_code=SI_TKILL, si_pid=11224, si_uid=1001} ---
11225 tgkill(11224, 11230, SIGURG <unfinished ...>
11230 --- SIGURG {si_signo=SIGURG, si_code=SI_TKILL, si_pid=11224, si_uid=1001} ---
11225 <... tgkill resumed>)             = 0
11226 waitid(P_PIDFD, 14,  <unfinished ...>
11229 tgkill(11224, 11230, SIGURG)      = 0
11230 --- SIGURG {si_signo=SIGURG, si_code=SI_TKILL, si_pid=11224, si_uid=1001} ---
11229 tgkill(11224, 11224, SIGURG)      = 0
11224 --- SIGURG {si_signo=SIGURG, si_code=SI_TKILL, si_pid=11224, si_uid=1001} ---
11229 tgkill(11224, 11228, SIGURG)      = 0
11228 --- SIGURG {si_signo=SIGURG, si_code=SI_TKILL, si_pid=11224, si_uid=1001} ---
11231 tgkill(11224, 11228, SIGURG)      = 0
11228 --- SIGURG {si_signo=SIGURG, si_code=SI_TKILL, si_pid=11224, si_uid=1001} ---
11260 clone(child_stack=0x4906372e0000, flags=CLONE_VM|CLONE_FS|CLONE_FILES|CLONE_SIGHAND|CLONE_THREAD|CLONE_SYSVSEM) = 11262
11260 clone(child_stack=0x490637318000, flags=CLONE_VM|CLONE_FS|CLONE_FILES|CLONE_SIGHAND|CLONE_THREAD|CLONE_SYSVSEM) = 11263
11262 tgkill(11260, 11260, SIGURG)      = 0
11260 clone(child_stack=0x490637314000, flags=CLONE_VM|CLONE_FS|CLONE_FILES|CLONE_SIGHAND|CLONE_THREAD|CLONE_SYSVSEM) = 11264
11260 --- SIGURG {si_signo=SIGURG, si_code=SI_TKILL, si_pid=11260, si_uid=1001} ---
11263 clone(child_stack=0x490637398000, flags=CLONE_VM|CLONE_FS|CLONE_FILES|CLONE_SIGHAND|CLONE_THREAD|CLONE_SYSVSEM) = 11265
11261 clone(child_stack=0x5377d3290000, flags=CLONE_VM|CLONE_FS|CLONE_FILES|CLONE_SIGHAND|CLONE_THREAD|CLONE_SYSVSEM) = 11266
11261 clone(child_stack=0x5377d32c8000, flags=CLONE_VM|CLONE_FS|CLONE_FILES|CLONE_SIGHAND|CLONE_THREAD|CLONE_SYSVSEM) = 11267
11266 tgkill(11261, 11261, SIGURG)      = 0
11261 clone(child_stack=0x5377d32c4000, flags=CLONE_VM|CLONE_FS|CLONE_FILES|CLONE_SIGHAND|CLONE_THREAD|CLONE_SYSVSEM) = 11268
11261 --- SIGURG {si_signo=SIGURG, si_code=SI_TKILL, si_pid=11261, si_uid=1001} ---
11267 clone(child_stack=0x5377d3318000, flags=CLONE_VM|CLONE_FS|CLONE_FILES|CLONE_SIGHAND|CLONE_THREAD|CLONE_SYSVSEM) = 11269
11228 clone(child_stack=NULL, flags=CLONE_VM|CLONE_PIDFD|CLONE_VFORK|SIGCHLD <unfinished ...>
11224 clone(child_stack=NULL, flags=CLONE_VM|CLONE_PIDFD|CLONE_VFORK|SIGCHLD <unfinished ...>
11270 execve("/opt/hostedtoolcache/go/1.27.1/arm64/pkg/tool/linux_arm64/asm", ["/opt/hostedtoolcache/go/1.27.1/a"..., "-p", "internal/abi", "-trimpath", "/tmp/go-build180265811/b005=>", "-I", "/tmp/go-build180265811/b005/", "-I", "/opt/hostedtoolcache/go/1.27.1/a"..., "-D", "GOOS_linux", "-D", "GOARCH_arm64", "-std", "-gensymabis", "-o", "/tmp/go-build180265811/b005/syma"..., "/opt/hostedtoolcache/go/1.27.1/a"..., "/opt/hostedtoolcache/go/1.27.1/a"...], 0x1f50f245a008 /* 140 vars */ <unfinished ...>
11271 execve("/opt/hostedtoolcache/go/1.27.1/arm64/pkg/tool/linux_arm64/compile", ["/opt/hostedtoolcache/go/1.27.1/a"..., "-o", "/tmp/go-build180265811/b015/_pkg"..., "-trimpath", "/tmp/go-build180265811/b015=>", "-p", "internal/godebugs", "-lang=go1.27", "-std", "-complete", "-buildid", "DiwIAZNpjOlvplyqLAtU/DiwIAZNpjOl"..., "-goversion", "go1.27.1", "-c=4", "-nolocalimports", "-importcfg", "/tmp/go-build180265811/b015/impo"..., "-pack", "/opt/hostedtoolcache/go/1.27.1/a"...], 0x1f50f25d0488 /* 140 vars */ <unfinished ...>
11228 <... clone resumed>, parent_tid=[17]) = 11270
11270 <... execve resumed>)             = 0
11224 <... clone resumed>, parent_tid=[22]) = 11271
11271 <... execve resumed>)             = 0
11224 waitid(P_PIDFD, 22,  <unfinished ...>
11228 waitid(P_PIDFD, 17,  <unfinished ...>
11261 exit_group(0)                     = ?
11266 +++ exited with 0 +++
11267 +++ exited with 0 +++
11268 +++ exited with 0 +++
11269 +++ exited with 0 +++
11261 +++ exited with 0 +++
11228 <... waitid resumed>0x1f50f2639168, WEXITED, 0x1f50f2368120) = ? ERESTARTSYS (To be restarted if SA_RESTART is set)
11230 --- SIGCHLD {si_signo=SIGCHLD, si_code=CLD_EXITED, si_pid=11261, si_uid=1001, si_status=0, si_utime=0, si_stime=0} ---
11228 waitid(P_PIDFD, 17,  <unfinished ...>
11226 <... waitid resumed>{si_signo=SIGCHLD, si_code=CLD_EXITED, si_pid=11261, si_uid=1001, si_status=0, si_utime=0, si_stime=0}, WEXITED, {ru_utime={tv_sec=0, tv_usec=1580}, ru_stime={tv_sec=0, tv_usec=4741}, ...}) = 0
11230 clone(child_stack=NULL, flags=CLONE_VM|CLONE_PIDFD|CLONE_VFORK|SIGCHLD <unfinished ...>
11265 exit_group(0)                     = ?
11263 +++ exited with 0 +++
11264 +++ exited with 0 +++
11262 +++ exited with 0 +++
11271 clone(child_stack=0x1e660bdbe000, flags=CLONE_VM|CLONE_FS|CLONE_FILES|CLONE_SIGHAND|CLONE_THREAD|CLONE_SYSVSEM <unfinished ...>
11270 clone(child_stack=0x179cf3150000, flags=CLONE_VM|CLONE_FS|CLONE_FILES|CLONE_SIGHAND|CLONE_THREAD|CLONE_SYSVSEM <unfinished ...>
11271 <... clone resumed>)              = 11273
11270 <... clone resumed>)              = 11274
11272 execve("/opt/hostedtoolcache/go/1.27.1/arm64/pkg/tool/linux_arm64/compile", ["/opt/hostedtoolcache/go/1.27.1/a"..., "-o", "/tmp/go-build180265811/b011/_pkg"..., "-trimpath", "/tmp/go-build180265811/b011=>", "-p", "internal/cpu", "-lang=go1.27", "-std", "-buildid", "_9NbpE8j_2wExIzHPspY/_9NbpE8j_2w"..., "-goversion", "go1.27.1", "-symabis", "/tmp/go-build180265811/b011/syma"..., "-c=4", "-nolocalimports", "-importcfg", "/tmp/go-build180265811/b011/impo"..., "-pack", "-asmhdr", "/tmp/go-build180265811/b011/go_a"..., "/opt/hostedtoolcache/go/1.27.1/a"..., "/opt/hostedtoolcache/go/1.27.1/a"..., "/opt/hostedtoolcache/go/1.27.1/a"..., "/opt/hostedtoolcache/go/1.27.1/a"..., "/opt/hostedtoolcache/go/1.27.1/a"..., "/opt/hostedtoolcache/go/1.27.1/a"...], 0x1f50f2806488 /* 140 vars */ <unfinished ...>
11271 clone(child_stack=0x1e660bdf6000, flags=CLONE_VM|CLONE_FS|CLONE_FILES|CLONE_SIGHAND|CLONE_THREAD|CLONE_SYSVSEM <unfinished ...>
11230 <... clone resumed>, parent_tid=[14]) = 11272
11272 <... execve resumed>)             = 0
11271 <... clone resumed>)              = 11275
11274 tgkill(11270, 11270, SIGURG)      = 0
11271 clone(child_stack=0x1e660bdf2000, flags=CLONE_VM|CLONE_FS|CLONE_FILES|CLONE_SIGHAND|CLONE_THREAD|CLONE_SYSVSEM) = 11276
11265 +++ exited with 0 +++
11270 --- SIGURG {si_signo=SIGURG, si_code=SI_TKILL, si_pid=11270, si_uid=1001} ---
11260 +++ exited with 0 +++
11227 <... waitid resumed>{si_signo=SIGCHLD, si_code=CLD_EXITED, si_pid=11260, si_uid=1001, si_status=0, si_utime=0, si_stime=0}, WEXITED, {ru_utime={tv_sec=0, tv_usec=8133}, ru_stime={tv_sec=0, tv_usec=5809}, ...}) = 0
11226 --- SIGCHLD {si_signo=SIGCHLD, si_code=CLD_EXITED, si_pid=11260, si_uid=1001, si_status=0, si_utime=0, si_stime=0} ---
11274 tgkill(11270, 11270, SIGURG <unfinished ...>
11230 waitid(P_PIDFD, 14,  <unfinished ...>
11275 clone(child_stack=0x1e660be98000, flags=CLONE_VM|CLONE_FS|CLONE_FILES|CLONE_SIGHAND|CLONE_THREAD|CLONE_SYSVSEM <unfinished ...>
11274 <... tgkill resumed>)             = 0
11275 <... clone resumed>)              = 11277
11270 clone(child_stack=0x179cf3188000, flags=CLONE_VM|CLONE_FS|CLONE_FILES|CLONE_SIGHAND|CLONE_THREAD|CLONE_SYSVSEM) = 11278
11270 --- SIGURG {si_signo=SIGURG, si_code=SI_TKILL, si_pid=11270, si_uid=1001} ---
11270 clone(child_stack=0x179cf3184000, flags=CLONE_VM|CLONE_FS|CLONE_FILES|CLONE_SIGHAND|CLONE_THREAD|CLONE_SYSVSEM) = 11279
11278 clone(child_stack=0x179cf3218000, flags=CLONE_VM|CLONE_FS|CLONE_FILES|CLONE_SIGHAND|CLONE_THREAD|CLONE_SYSVSEM) = 11280
11274 tgkill(11270, 11270, SIGURG)      = 0
11270 --- SIGURG {si_signo=SIGURG, si_code=SI_TKILL, si_pid=11270, si_uid=1001} ---
11270 exit_group(0)                     = ?
11274 +++ exited with 0 +++
11278 +++ exited with 0 +++
11280 +++ exited with 0 +++
11279 +++ exited with 0 +++
11270 +++ exited with 0 +++
11229 --- SIGCHLD {si_signo=SIGCHLD, si_code=CLD_EXITED, si_pid=11270, si_uid=1001, si_status=0, si_utime=0, si_stime=0} ---
11228 <... waitid resumed>{si_signo=SIGCHLD, si_code=CLD_EXITED, si_pid=11270, si_uid=1001, si_status=0, si_utime=0, si_stime=0}, WEXITED, {ru_utime={tv_sec=0, tv_usec=0}, ru_stime={tv_sec=0, tv_usec=5898}, ...}) = 0
11226 clone(child_stack=NULL, flags=CLONE_VM|CLONE_PIDFD|CLONE_VFORK|SIGCHLD <unfinished ...>
11272 clone(child_stack=0x780f8960c000, flags=CLONE_VM|CLONE_FS|CLONE_FILES|CLONE_SIGHAND|CLONE_THREAD|CLONE_SYSVSEM) = 11282
11272 clone(child_stack=0x780f89644000, flags=CLONE_VM|CLONE_FS|CLONE_FILES|CLONE_SIGHAND|CLONE_THREAD|CLONE_SYSVSEM) = 11283
11282 tgkill(11272, 11272, SIGURG)      = 0
11272 clone(child_stack=0x780f89640000, flags=CLONE_VM|CLONE_FS|CLONE_FILES|CLONE_SIGHAND|CLONE_THREAD|CLONE_SYSVSEM <unfinished ...>
11281 execve("/opt/hostedtoolcache/go/1.27.1/arm64/pkg/tool/linux_arm64/compile", ["/opt/hostedtoolcache/go/1.27.1/a"..., "-o", "/tmp/go-build180265811/b005/_pkg"..., "-trimpath", "/tmp/go-build180265811/b005=>", "-p", "internal/abi", "-lang=go1.27", "-std", "-buildid", "YHO54Q_mbJHGKbmcyT0p/YHO54Q_mbJH"..., "-goversion", "go1.27.1", "-symabis", "/tmp/go-build180265811/b005/syma"..., "-c=4", "-nolocalimports", "-importcfg", "/tmp/go-build180265811/b005/impo"..., "-pack", "-asmhdr", "/tmp/go-build180265811/b005/go_a"..., "/opt/hostedtoolcache/go/1.27.1/a"..., "/opt/hostedtoolcache/go/1.27.1/a"..., "/opt/hostedtoolcache/go/1.27.1/a"..., "/opt/hostedtoolcache/go/1.27.1/a"..., "/opt/hostedtoolcache/go/1.27.1/a"..., "/opt/hostedtoolcache/go/1.27.1/a"..., "/opt/hostedtoolcache/go/1.27.1/a"..., "/opt/hostedtoolcache/go/1.27.1/a"..., "/opt/hostedtoolcache/go/1.27.1/a"..., "/opt/hostedtoolcache/go/1.27.1/a"..., ...], 0x1f50f245ad88 /* 140 vars */ <unfinished ...>
11272 <... clone resumed>)              = 11284
11272 --- SIGURG {si_signo=SIGURG, si_code=SI_TKILL, si_pid=11272, si_uid=1001} ---
11226 <... clone resumed>, parent_tid=[15]) = 11281
11281 <... execve resumed>)             = 0
11226 waitid(P_PIDFD, 15,  <unfinished ...>
11227 clone(child_stack=0x1f50f238c000, flags=CLONE_VM|CLONE_FS|CLONE_FILES|CLONE_SIGHAND|CLONE_THREAD|CLONE_SYSVSEM) = 11285
11285 clone(child_stack=0x1f50f241c000, flags=CLONE_VM|CLONE_FS|CLONE_FILES|CLONE_SIGHAND|CLONE_THREAD|CLONE_SYSVSEM) = 11286
11283 clone(child_stack=0x780f89692000, flags=CLONE_VM|CLONE_FS|CLONE_FILES|CLONE_SIGHAND|CLONE_THREAD|CLONE_SYSVSEM) = 11287
11282 clone(child_stack=0x780f89a9e000, flags=CLONE_VM|CLONE_FS|CLONE_FILES|CLONE_SIGHAND|CLONE_THREAD|CLONE_SYSVSEM) = 11288
11275 exit_group(0)                     = ?
11277 +++ exited with 0 +++
11276 +++ exited with 0 +++
11275 +++ exited with 0 +++
11273 +++ exited with 0 +++
11271 +++ exited with 0 +++
11224 <... waitid resumed>{si_signo=SIGCHLD, si_code=CLD_EXITED, si_pid=11271, si_uid=1001, si_status=0, si_utime=0, si_stime=0}, WEXITED, {ru_utime={tv_sec=0, tv_usec=8134}, ru_stime={tv_sec=0, tv_usec=7118}, ...}) = 0
11231 --- SIGCHLD {si_signo=SIGCHLD, si_code=CLD_EXITED, si_pid=11271, si_uid=1001, si_status=0, si_utime=0, si_stime=0} ---
11281 clone(child_stack=0x7cb941cae000, flags=CLONE_VM|CLONE_FS|CLONE_FILES|CLONE_SIGHAND|CLONE_THREAD|CLONE_SYSVSEM) = 11289
11281 clone(child_stack=0x7cb941ce6000, flags=CLONE_VM|CLONE_FS|CLONE_FILES|CLONE_SIGHAND|CLONE_THREAD|CLONE_SYSVSEM) = 11290
11289 tgkill(11281, 11281, SIGURG)      = 0
11281 clone(child_stack=0x7cb941ce2000, flags=CLONE_VM|CLONE_FS|CLONE_FILES|CLONE_SIGHAND|CLONE_THREAD|CLONE_SYSVSEM) = 11291
11281 --- SIGURG {si_signo=SIGURG, si_code=SI_TKILL, si_pid=11281, si_uid=1001} ---
11290 clone(child_stack=0x7cb941d18000, flags=CLONE_VM|CLONE_FS|CLONE_FILES|CLONE_SIGHAND|CLONE_THREAD|CLONE_SYSVSEM) = 11292
11229 clone(child_stack=NULL, flags=CLONE_VM|CLONE_PIDFD|CLONE_VFORK|SIGCHLD <unfinished ...>
11289 tgkill(11281, 11281, SIGURG)      = 0
11281 --- SIGURG {si_signo=SIGURG, si_code=SI_TKILL, si_pid=11281, si_uid=1001} ---
11293 execve("/opt/hostedtoolcache/go/1.27.1/arm64/pkg/tool/linux_arm64/compile", ["/opt/hostedtoolcache/go/1.27.1/a"..., "-o", "/tmp/go-build180265811/b016/_pkg"..., "-trimpath", "/tmp/go-build180265811/b016=>", "-p", "internal/goexperiment", "-lang=go1.27", "-std", "-complete", "-buildid", "piFHDpzZ2FHPsIijhque/piFHDpzZ2FH"..., "-goversion", "go1.27.1", "-c=4", "-nolocalimports", "-importcfg", "/tmp/go-build180265811/b016/impo"..., "-pack", "/opt/hostedtoolcache/go/1.27.1/a"..., "/opt/hostedtoolcache/go/1.27.1/a"..., "/opt/hostedtoolcache/go/1.27.1/a"..., "/opt/hostedtoolcache/go/1.27.1/a"..., "/opt/hostedtoolcache/go/1.27.1/a"..., "/opt/hostedtoolcache/go/1.27.1/a"..., "/opt/hostedtoolcache/go/1.27.1/a"..., "/opt/hostedtoolcache/go/1.27.1/a"..., "/opt/hostedtoolcache/go/1.27.1/a"..., "/opt/hostedtoolcache/go/1.27.1/a"..., "/opt/hostedtoolcache/go/1.27.1/a"..., "/opt/hostedtoolcache/go/1.27.1/a"..., "/opt/hostedtoolcache/go/1.27.1/a"..., ...], 0x1f50f2806d88 /* 140 vars */ <unfinished ...>
11229 <... clone resumed>, parent_tid=[18]) = 11293
11293 <... execve resumed>)             = 0
11229 waitid(P_PIDFD, 18,  <unfinished ...>
11282 tgkill(11272, 11283, SIGURG)      = 0
11283 --- SIGURG {si_signo=SIGURG, si_code=SI_TKILL, si_pid=11272, si_uid=1001} ---
11228 clone(child_stack=NULL, flags=CLONE_VM|CLONE_PIDFD|CLONE_VFORK|SIGCHLD <unfinished ...>
11294 execve("/opt/hostedtoolcache/go/1.27.1/arm64/pkg/tool/linux_arm64/compile", ["/opt/hostedtoolcache/go/1.27.1/a"..., "-o", "/tmp/go-build180265811/b017/_pkg"..., "-trimpath", "/tmp/go-build180265811/b017=>", "-p", "internal/goos", "-lang=go1.27", "-std", "-complete", "-buildid", "8grbmGBdhXMXjQ34vIss/8grbmGBdhXM"..., "-goversion", "go1.27.1", "-c=4", "-nolocalimports", "-importcfg", "/tmp/go-build180265811/b017/impo"..., "-pack", "/opt/hostedtoolcache/go/1.27.1/a"..., "/opt/hostedtoolcache/go/1.27.1/a"..., "/opt/hostedtoolcache/go/1.27.1/a"...], 0x1f50f25d0488 /* 140 vars */) = 0
11228 <... clone resumed>, parent_tid=[17]) = 11294
11293 clone(child_stack=0x562e2388c000, flags=CLONE_VM|CLONE_FS|CLONE_FILES|CLONE_SIGHAND|CLONE_THREAD|CLONE_SYSVSEM) = 11295
11293 clone(child_stack=0x562e238c4000, flags=CLONE_VM|CLONE_FS|CLONE_FILES|CLONE_SIGHAND|CLONE_THREAD|CLONE_SYSVSEM) = 11296
11293 clone(child_stack=0x562e238c0000, flags=CLONE_VM|CLONE_FS|CLONE_FILES|CLONE_SIGHAND|CLONE_THREAD|CLONE_SYSVSEM <unfinished ...>
11228 waitid(P_PIDFD, 17,  <unfinished ...>
11293 <... clone resumed>)              = 11297
11296 clone(child_stack=0x562e23918000, flags=CLONE_VM|CLONE_FS|CLONE_FILES|CLONE_SIGHAND|CLONE_THREAD|CLONE_SYSVSEM) = 11298
11284 exit_group(0)                     = ?
11288 +++ exited with 0 +++
11287 +++ exited with 0 +++
11284 +++ exited with 0 +++
11283 +++ exited with 0 +++
11282 +++ exited with 0 +++
11272 +++ exited with 0 +++
11230 <... waitid resumed>{si_signo=SIGCHLD, si_code=CLD_EXITED, si_pid=11272, si_uid=1001, si_status=0, si_utime=0, si_stime=0}, WEXITED, {ru_utime={tv_sec=0, tv_usec=15898}, ru_stime={tv_sec=0, tv_usec=10287}, ...}) = 0
11224 --- SIGCHLD {si_signo=SIGCHLD, si_code=CLD_EXITED, si_pid=11272, si_uid=1001, si_status=0, si_utime=1 /* 0.01 s */, si_stime=1 /* 0.01 s */} ---
11295 clone(child_stack=0x562e23ca4000, flags=CLONE_VM|CLONE_FS|CLONE_FILES|CLONE_SIGHAND|CLONE_THREAD|CLONE_SYSVSEM) = 11299
11224 clone(child_stack=NULL, flags=CLONE_VM|CLONE_PIDFD|CLONE_VFORK|SIGCHLD <unfinished ...>
11294 clone(child_stack=0x1ab475ea6000, flags=CLONE_VM|CLONE_FS|CLONE_FILES|CLONE_SIGHAND|CLONE_THREAD|CLONE_SYSVSEM) = 11301
11294 clone(child_stack=0x1ab475ede000, flags=CLONE_VM|CLONE_FS|CLONE_FILES|CLONE_SIGHAND|CLONE_THREAD|CLONE_SYSVSEM) = 11302
11294 clone(child_stack=0x1ab475eda000, flags=CLONE_VM|CLONE_FS|CLONE_FILES|CLONE_SIGHAND|CLONE_THREAD|CLONE_SYSVSEM) = 11303
11301 tgkill(11294, 11294, SIGURG)      = 0
11294 --- SIGURG {si_signo=SIGURG, si_code=SI_TKILL, si_pid=11294, si_uid=1001} ---
11289 tgkill(11281, 11291, SIGURG)      = 0
11300 execve("/opt/hostedtoolcache/go/1.27.1/arm64/pkg/tool/linux_arm64/asm", ["/opt/hostedtoolcache/go/1.27.1/a"..., "-p", "internal/cpu", "-trimpath", "/tmp/go-build180265811/b011=>", "-I", "/tmp/go-build180265811/b011/", "-I", "/opt/hostedtoolcache/go/1.27.1/a"..., "-D", "GOOS_linux", "-D", "GOARCH_arm64", "-std", "-o", "/tmp/go-build180265811/b011/cpu."..., "/opt/hostedtoolcache/go/1.27.1/a"...], 0x1f50f2807208 /* 140 vars */ <unfinished ...>
11224 <... clone resumed>, parent_tid=[16]) = 11300
11300 <... execve resumed>)             = 0
11224 waitid(P_PIDFD, 16,  <unfinished ...>
11291 --- SIGURG {si_signo=SIGURG, si_code=SI_TKILL, si_pid=11281, si_uid=1001} ---
11294 clone(child_stack=0x1ab475f2c000, flags=CLONE_VM|CLONE_FS|CLONE_FILES|CLONE_SIGHAND|CLONE_THREAD|CLONE_SYSVSEM) = 11304
11296 exit_group(0)                     = ?
11299 +++ exited with 0 +++
11298 +++ exited with 0 +++
11297 +++ exited with 0 +++
11295 +++ exited with 0 +++
11296 +++ exited with 0 +++
11293 +++ exited with 0 +++
11230 --- SIGCHLD {si_signo=SIGCHLD, si_code=CLD_EXITED, si_pid=11293, si_uid=1001, si_status=0, si_utime=0, si_stime=0} ---
11229 <... waitid resumed>{si_signo=SIGCHLD, si_code=CLD_EXITED, si_pid=11293, si_uid=1001, si_status=0, si_utime=0, si_stime=0}, WEXITED, {ru_utime={tv_sec=0, tv_usec=6165}, ru_stime={tv_sec=0, tv_usec=6165}, ...}) = 0
11300 clone(child_stack=0x33e004ba000, flags=CLONE_VM|CLONE_FS|CLONE_FILES|CLONE_SIGHAND|CLONE_THREAD|CLONE_SYSVSEM) = 11305
11300 clone(child_stack=0x33e004f2000, flags=CLONE_VM|CLONE_FS|CLONE_FILES|CLONE_SIGHAND|CLONE_THREAD|CLONE_SYSVSEM) = 11306
11305 tgkill(11300, 11300, SIGURG <unfinished ...>
11300 clone(child_stack=0x33e004ee000, flags=CLONE_VM|CLONE_FS|CLONE_FILES|CLONE_SIGHAND|CLONE_THREAD|CLONE_SYSVSEM <unfinished ...>
11305 <... tgkill resumed>)             = 0
11300 <... clone resumed>)              = 11307
11300 --- SIGURG {si_signo=SIGURG, si_code=SI_TKILL, si_pid=11300, si_uid=1001} ---
11306 clone(child_stack=0x33e00518000, flags=CLONE_VM|CLONE_FS|CLONE_FILES|CLONE_SIGHAND|CLONE_THREAD|CLONE_SYSVSEM) = 11308
11308 clone(child_stack=0x33e00514000, flags=CLONE_VM|CLONE_FS|CLONE_FILES|CLONE_SIGHAND|CLONE_THREAD|CLONE_SYSVSEM) = 11309
11294 exit_group(0)                     = ?
11304 +++ exited with 0 +++
11301 +++ exited with 0 +++
11303 +++ exited with 0 +++
11302 +++ exited with 0 +++
11225 tgkill(11224, 11229, SIGURG <unfinished ...>
11229 --- SIGURG {si_signo=SIGURG, si_code=SI_TKILL, si_pid=11224, si_uid=1001} ---
11225 <... tgkill resumed>)             = 0
11294 +++ exited with 0 +++
11229 --- SIGCHLD {si_signo=SIGCHLD, si_code=CLD_EXITED, si_pid=11294, si_uid=1001, si_status=0, si_utime=0, si_stime=0} ---
11228 <... waitid resumed>{si_signo=SIGCHLD, si_code=CLD_EXITED, si_pid=11294, si_uid=1001, si_status=0, si_utime=0, si_stime=0}, WEXITED, {ru_utime={tv_sec=0, tv_usec=5796}, ru_stime={tv_sec=0, tv_usec=4968}, ...}) = 0
11300 exit_group(0)                     = ?
11309 +++ exited with 0 +++
11307 +++ exited with 0 +++
11306 +++ exited with 0 +++
11308 +++ exited with 0 +++
11305 +++ exited with 0 +++
11300 +++ exited with 0 +++
11229 --- SIGCHLD {si_signo=SIGCHLD, si_code=CLD_EXITED, si_pid=11300, si_uid=1001, si_status=0, si_utime=0, si_stime=0} ---
11224 <... waitid resumed>{si_signo=SIGCHLD, si_code=CLD_EXITED, si_pid=11300, si_uid=1001, si_status=0, si_utime=0, si_stime=0}, WEXITED, {ru_utime={tv_sec=0, tv_usec=1169}, ru_stime={tv_sec=0, tv_usec=3509}, ...}) = 0
11228 clone(child_stack=NULL, flags=CLONE_VM|CLONE_PIDFD|CLONE_VFORK|SIGCHLD <unfinished ...>
11230 tgkill(11224, 11228, SIGURG)      = 0
11310 execve("/opt/hostedtoolcache/go/1.27.1/arm64/pkg/tool/linux_arm64/asm", ["/opt/hostedtoolcache/go/1.27.1/a"..., "-p", "internal/cpu", "-trimpath", "/tmp/go-build180265811/b011=>", "-I", "/tmp/go-build180265811/b011/", "-I", "/opt/hostedtoolcache/go/1.27.1/a"..., "-D", "GOOS_linux", "-D", "GOARCH_arm64", "-std", "-o", "/tmp/go-build180265811/b011/cpu_"..., "/opt/hostedtoolcache/go/1.27.1/a"...], 0x1f50f245a008 /* 140 vars */ <unfinished ...>
11228 <... clone resumed>, parent_tid=[10]) = 11310
11310 <... execve resumed>)             = 0
11228 --- SIGURG {si_signo=SIGURG, si_code=SI_TKILL, si_pid=11224, si_uid=1001} ---
11228 tgkill(11224, 11230, SIGURG)      = 0
11230 --- SIGURG {si_signo=SIGURG, si_code=SI_TKILL, si_pid=11224, si_uid=1001} ---
11229 waitid(P_PIDFD, 10,  <unfinished ...>
11230 clone(child_stack=NULL, flags=CLONE_VM|CLONE_PIDFD|CLONE_VFORK|SIGCHLD <unfinished ...>
11228 tgkill(11224, 11230, SIGURG)      = 0
11228 tgkill(11224, 11231, SIGURG)      = 0
11231 --- SIGURG {si_signo=SIGURG, si_code=SI_TKILL, si_pid=11224, si_uid=1001} ---
11311 execve("/opt/hostedtoolcache/go/1.27.1/arm64/pkg/tool/linux_arm64/compile", ["/opt/hostedtoolcache/go/1.27.1/a"..., "-o", "/tmp/go-build180265811/b018/_pkg"..., "-trimpath", "/tmp/go-build180265811/b018=>", "-p", "internal/profilerecord", "-lang=go1.27", "-std", "-complete", "-buildid", "ExOs1EpfrMZ2Xg6CTQK0/ExOs1EpfrMZ"..., "-goversion", "go1.27.1", "-c=4", "-nolocalimports", "-importcfg", "/tmp/go-build180265811/b018/impo"..., "-pack", "/opt/hostedtoolcache/go/1.27.1/a"...], 0x1f50f25d0908 /* 140 vars */ <unfinished ...>
11230 <... clone resumed>, parent_tid=[13]) = 11311
11311 <... execve resumed>)             = 0
11230 --- SIGURG {si_signo=SIGURG, si_code=SI_TKILL, si_pid=11224, si_uid=1001} ---
11228 tgkill(11224, 11230, SIGURG)      = 0
11230 --- SIGURG {si_signo=SIGURG, si_code=SI_TKILL, si_pid=11224, si_uid=1001} ---
11228 tgkill(11224, 11286, SIGURG)      = 0
11286 --- SIGURG {si_signo=SIGURG, si_code=SI_TKILL, si_pid=11224, si_uid=1001} ---
11285 waitid(P_PIDFD, 13,  <unfinished ...>
11286 clone(child_stack=NULL, flags=CLONE_VM|CLONE_PIDFD|CLONE_VFORK|SIGCHLD <unfinished ...>
11289 tgkill(11281, 11292, SIGURG)      = 0
11292 --- SIGURG {si_signo=SIGURG, si_code=SI_TKILL, si_pid=11281, si_uid=1001} ---
11312 execve("/opt/hostedtoolcache/go/1.27.1/arm64/pkg/tool/linux_arm64/asm", ["/opt/hostedtoolcache/go/1.27.1/a"..., "-p", "internal/runtime/syscall/linux", "-trimpath", "/tmp/go-build180265811/b021=>", "-I", "/tmp/go-build180265811/b021/", "-I", "/opt/hostedtoolcache/go/1.27.1/a"..., "-D", "GOOS_linux", "-D", "GOARCH_arm64", "-std", "-gensymabis", "-o", "/tmp/go-build180265811/b021/syma"..., "/opt/hostedtoolcache/go/1.27.1/a"...], 0x1f50f2806488 /* 140 vars */) = 0
11286 <... clone resumed>, parent_tid=[17]) = 11312
11286 waitid(P_PIDFD, 17,  <unfinished ...>
11310 clone(child_stack=0x6015cef38000, flags=CLONE_VM|CLONE_FS|CLONE_FILES|CLONE_SIGHAND|CLONE_THREAD|CLONE_SYSVSEM) = 11313
11310 clone(child_stack=0x6015cef70000, flags=CLONE_VM|CLONE_FS|CLONE_FILES|CLONE_SIGHAND|CLONE_THREAD|CLONE_SYSVSEM) = 11314
11313 tgkill(11310, 11310, SIGURG)      = 0
11310 clone(child_stack=0x6015cef6c000, flags=CLONE_VM|CLONE_FS|CLONE_FILES|CLONE_SIGHAND|CLONE_THREAD|CLONE_SYSVSEM) = 11315
11310 --- SIGURG {si_signo=SIGURG, si_code=SI_TKILL, si_pid=11310, si_uid=1001} ---
11314 clone(child_stack=0x6015cef98000, flags=CLONE_VM|CLONE_FS|CLONE_FILES|CLONE_SIGHAND|CLONE_THREAD|CLONE_SYSVSEM) = 11316
11316 clone(child_stack=0x6015cef94000, flags=CLONE_VM|CLONE_FS|CLONE_FILES|CLONE_SIGHAND|CLONE_THREAD|CLONE_SYSVSEM) = 11317
11311 clone(child_stack=0x7edacdff6000, flags=CLONE_VM|CLONE_FS|CLONE_FILES|CLONE_SIGHAND|CLONE_THREAD|CLONE_SYSVSEM) = 11318
11311 clone(child_stack=0x7edace02e000, flags=CLONE_VM|CLONE_FS|CLONE_FILES|CLONE_SIGHAND|CLONE_THREAD|CLONE_SYSVSEM) = 11319
11311 clone(child_stack=0x7edace02a000, flags=CLONE_VM|CLONE_FS|CLONE_FILES|CLONE_SIGHAND|CLONE_THREAD|CLONE_SYSVSEM) = 11320
11319 clone(child_stack=0x7edace098000, flags=CLONE_VM|CLONE_FS|CLONE_FILES|CLONE_SIGHAND|CLONE_THREAD|CLONE_SYSVSEM) = 11321
11312 clone(child_stack=0x50bbc966a000, flags=CLONE_VM|CLONE_FS|CLONE_FILES|CLONE_SIGHAND|CLONE_THREAD|CLONE_SYSVSEM) = 11322
11312 clone(child_stack=0x50bbc96a2000, flags=CLONE_VM|CLONE_FS|CLONE_FILES|CLONE_SIGHAND|CLONE_THREAD|CLONE_SYSVSEM) = 11323
11312 clone(child_stack=0x50bbc969e000, flags=CLONE_VM|CLONE_FS|CLONE_FILES|CLONE_SIGHAND|CLONE_THREAD|CLONE_SYSVSEM) = 11324
11323 clone(child_stack=0x50bbc9718000, flags=CLONE_VM|CLONE_FS|CLONE_FILES|CLONE_SIGHAND|CLONE_THREAD|CLONE_SYSVSEM) = 11325
11310 exit_group(0)                     = ?
11317 +++ exited with 0 +++
11314 +++ exited with 0 +++
11315 +++ exited with 0 +++
11313 +++ exited with 0 +++
11316 +++ exited with 0 +++
11310 +++ exited with 0 +++
11229 <... waitid resumed>{si_signo=SIGCHLD, si_code=CLD_EXITED, si_pid=11310, si_uid=1001, si_status=0, si_utime=0, si_stime=0}, WEXITED, {ru_utime={tv_sec=0, tv_usec=1510}, ru_stime={tv_sec=0, tv_usec=4530}, ...}) = 0
11224 --- SIGCHLD {si_signo=SIGCHLD, si_code=CLD_EXITED, si_pid=11310, si_uid=1001, si_status=0, si_utime=0, si_stime=0} ---
11312 exit_group(0)                     = ?
11323 +++ exited with 0 +++
11322 +++ exited with 0 +++
11324 +++ exited with 0 +++
11325 +++ exited with 0 +++
11312 +++ exited with 0 +++
11229 --- SIGCHLD {si_signo=SIGCHLD, si_code=CLD_EXITED, si_pid=11312, si_uid=1001, si_status=0, si_utime=0, si_stime=0} ---
11286 <... waitid resumed>{si_signo=SIGCHLD, si_code=CLD_EXITED, si_pid=11312, si_uid=1001, si_status=0, si_utime=0, si_stime=0}, WEXITED, {ru_utime={tv_sec=0, tv_usec=2034}, ru_stime={tv_sec=0, tv_usec=4069}, ...}) = 0
11311 exit_group(0)                     = ?
11320 +++ exited with 0 +++
11319 +++ exited with 0 +++
11318 +++ exited with 0 +++
11286 clone(child_stack=NULL, flags=CLONE_VM|CLONE_PIDFD|CLONE_VFORK|SIGCHLD <unfinished ...>
11321 +++ exited with 0 +++
11311 +++ exited with 0 +++
11229 --- SIGCHLD {si_signo=SIGCHLD, si_code=CLD_EXITED, si_pid=11311, si_uid=1001, si_status=0, si_utime=0, si_stime=0} ---
11285 <... waitid resumed>{si_signo=SIGCHLD, si_code=CLD_EXITED, si_pid=11311, si_uid=1001, si_status=0, si_utime=0, si_stime=0}, WEXITED, {ru_utime={tv_sec=0, tv_usec=4329}, ru_stime={tv_sec=0, tv_usec=7793}, ...}) = 0
11289 tgkill(11281, 11292, SIGURG <unfinished ...>
11292 --- SIGURG {si_signo=SIGURG, si_code=SI_TKILL, si_pid=11281, si_uid=1001} ---
11289 <... tgkill resumed>)             = 0
11326 execve("/opt/hostedtoolcache/go/1.27.1/arm64/pkg/tool/linux_arm64/compile", ["/opt/hostedtoolcache/go/1.27.1/a"..., "-o", "/tmp/go-build180265811/b021/_pkg"..., "-trimpath", "/tmp/go-build180265811/b021=>", "-p", "internal/runtime/syscall/linux", "-lang=go1.27", "-std", "-buildid", "wrxSQa6ZjW_K_LdgH8xm/wrxSQa6ZjW_"..., "-goversion", "go1.27.1", "-symabis", "/tmp/go-build180265811/b021/syma"..., "-c=4", "-nolocalimports", "-importcfg", "/tmp/go-build180265811/b021/impo"..., "-pack", "-asmhdr", "/tmp/go-build180265811/b021/go_a"..., "/opt/hostedtoolcache/go/1.27.1/a"..., "/opt/hostedtoolcache/go/1.27.1/a"..., "/opt/hostedtoolcache/go/1.27.1/a"...], 0x1f50f2806908 /* 140 vars */ <unfinished ...>
11286 <... clone resumed>, parent_tid=[8]) = 11326
11326 <... execve resumed>)             = 0
11286 waitid(P_PIDFD, 8,  <unfinished ...>
11289 tgkill(11281, 11291, SIGURG)      = 0
11291 --- SIGURG {si_signo=SIGURG, si_code=SI_TKILL, si_pid=11281, si_uid=1001} ---
11289 tgkill(11281, 11281, SIGURG)      = 0
11281 --- SIGURG {si_signo=SIGURG, si_code=SI_TKILL, si_pid=11281, si_uid=1001} ---
11289 tgkill(11281, 11290, SIGURG)      = 0
11290 --- SIGURG {si_signo=SIGURG, si_code=SI_TKILL, si_pid=11281, si_uid=1001} ---
11326 clone(child_stack=0x69f5f94b4000, flags=CLONE_VM|CLONE_FS|CLONE_FILES|CLONE_SIGHAND|CLONE_THREAD|CLONE_SYSVSEM) = 11327
11326 clone(child_stack=0x69f5f94ec000, flags=CLONE_VM|CLONE_FS|CLONE_FILES|CLONE_SIGHAND|CLONE_THREAD|CLONE_SYSVSEM) = 11328
11224 clone(child_stack=NULL, flags=CLONE_VM|CLONE_PIDFD|CLONE_VFORK|SIGCHLD <unfinished ...>
11326 clone(child_stack=0x69f5f94e8000, flags=CLONE_VM|CLONE_FS|CLONE_FILES|CLONE_SIGHAND|CLONE_THREAD|CLONE_SYSVSEM) = 11330
11327 tgkill(11326, 11330, SIGURG)      = 0
11330 --- SIGURG {si_signo=SIGURG, si_code=SI_TKILL, si_pid=11326, si_uid=1001} ---
11328 clone(child_stack=0x69f5f9518000, flags=CLONE_VM|CLONE_FS|CLONE_FILES|CLONE_SIGHAND|CLONE_THREAD|CLONE_SYSVSEM) = 11331
11225 tgkill(11224, 11224, SIGURG)      = 0
11225 tgkill(11224, 11285, SIGURG <unfinished ...>
11285 --- SIGURG {si_signo=SIGURG, si_code=SI_TKILL, si_pid=11224, si_uid=1001} ---
11225 <... tgkill resumed>)             = 0
11285 clone(child_stack=NULL, flags=CLONE_VM|CLONE_PIDFD|CLONE_VFORK|SIGCHLD <unfinished ...>
11329 execve("/opt/hostedtoolcache/go/1.27.1/arm64/pkg/tool/linux_arm64/asm", ["/opt/hostedtoolcache/go/1.27.1/a"..., "-p", "internal/bytealg", "-trimpath", "/tmp/go-build180265811/b010=>", "-I", "/tmp/go-build180265811/b010/", "-I", "/opt/hostedtoolcache/go/1.27.1/a"..., "-D", "GOOS_linux", "-D", "GOARCH_arm64", "-std", "-gensymabis", "-o", "/tmp/go-build180265811/b010/syma"..., "/opt/hostedtoolcache/go/1.27.1/a"..., "/opt/hostedtoolcache/go/1.27.1/a"..., "/opt/hostedtoolcache/go/1.27.1/a"..., "/opt/hostedtoolcache/go/1.27.1/a"..., "/opt/hostedtoolcache/go/1.27.1/a"...], 0x1f50f245a008 /* 140 vars */ <unfinished ...>
11224 <... clone resumed>, parent_tid=[17]) = 11329
11329 <... execve resumed>)             = 0
11224 --- SIGURG {si_signo=SIGURG, si_code=SI_TKILL, si_pid=11224, si_uid=1001} ---
11289 tgkill(11281, 11292, SIGURG)      = 0
11292 --- SIGURG {si_signo=SIGURG, si_code=SI_TKILL, si_pid=11281, si_uid=1001} ---
11332 execve("/opt/hostedtoolcache/go/1.27.1/arm64/pkg/tool/linux_arm64/asm", ["/opt/hostedtoolcache/go/1.27.1/a"..., "-p", "internal/chacha8rand", "-trimpath", "/tmp/go-build180265811/b013=>", "-I", "/tmp/go-build180265811/b013/", "-I", "/opt/hostedtoolcache/go/1.27.1/a"..., "-D", "GOOS_linux", "-D", "GOARCH_arm64", "-std", "-gensymabis", "-o", "/tmp/go-build180265811/b013/syma"..., "/opt/hostedtoolcache/go/1.27.1/a"...], 0x1f50f25d0488 /* 140 vars */ <unfinished ...>
11285 <... clone resumed>, parent_tid=[22]) = 11332
11332 <... execve resumed>)             = 0
11285 waitid(P_PIDFD, 22,  <unfinished ...>
11224 waitid(P_PIDFD, 17,  <unfinished ...>
11332 clone(child_stack=0x57efe35cc000, flags=CLONE_VM|CLONE_FS|CLONE_FILES|CLONE_SIGHAND|CLONE_THREAD|CLONE_SYSVSEM) = 11333
11332 clone(child_stack=0x57efe3608000, flags=CLONE_VM|CLONE_FS|CLONE_FILES|CLONE_SIGHAND|CLONE_THREAD|CLONE_SYSVSEM) = 11334
11332 clone(child_stack=0x57efe3604000, flags=CLONE_VM|CLONE_FS|CLONE_FILES|CLONE_SIGHAND|CLONE_THREAD|CLONE_SYSVSEM) = 11335
11334 clone(child_stack=0x57efe3630000, flags=CLONE_VM|CLONE_FS|CLONE_FILES|CLONE_SIGHAND|CLONE_THREAD|CLONE_SYSVSEM) = 11336
11336 clone(child_stack=0x57efe362c000, flags=CLONE_VM|CLONE_FS|CLONE_FILES|CLONE_SIGHAND|CLONE_THREAD|CLONE_SYSVSEM) = 11337
11289 tgkill(11281, 11291, SIGURG)      = 0
11291 --- SIGURG {si_signo=SIGURG, si_code=SI_TKILL, si_pid=11281, si_uid=1001} ---
11327 tgkill(11326, 11328, SIGURG)      = 0
11328 --- SIGURG {si_signo=SIGURG, si_code=SI_TKILL, si_pid=11326, si_uid=1001} ---
11289 tgkill(11281, 11281, SIGURG)      = 0
11281 --- SIGURG {si_signo=SIGURG, si_code=SI_TKILL, si_pid=11281, si_uid=1001} ---
11332 exit_group(0)                     = ?
11337 +++ exited with 0 +++
11336 +++ exited with 0 +++
11335 +++ exited with 0 +++
11334 +++ exited with 0 +++
11333 +++ exited with 0 +++
11332 +++ exited with 0 +++
11225 --- SIGCHLD {si_signo=SIGCHLD, si_code=CLD_EXITED, si_pid=11332, si_uid=1001, si_status=0, si_utime=0, si_stime=0} ---
11285 <... waitid resumed>{si_signo=SIGCHLD, si_code=CLD_EXITED, si_pid=11332, si_uid=1001, si_status=0, si_utime=0, si_stime=0}, WEXITED, {ru_utime={tv_sec=0, tv_usec=0}, ru_stime={tv_sec=0, tv_usec=6802}, ...}) = 0
11329 clone(child_stack=0x753ec7c2c000, flags=CLONE_VM|CLONE_FS|CLONE_FILES|CLONE_SIGHAND|CLONE_THREAD|CLONE_SYSVSEM) = 11338
11329 clone(child_stack=0x753ec7c64000, flags=CLONE_VM|CLONE_FS|CLONE_FILES|CLONE_SIGHAND|CLONE_THREAD|CLONE_SYSVSEM) = 11339
11329 clone(child_stack=0x753ec7c60000, flags=CLONE_VM|CLONE_FS|CLONE_FILES|CLONE_SIGHAND|CLONE_THREAD|CLONE_SYSVSEM) = 11340
11339 clone(child_stack=0x753ec7c98000, flags=CLONE_VM|CLONE_FS|CLONE_FILES|CLONE_SIGHAND|CLONE_THREAD|CLONE_SYSVSEM) = 11341
11330 exit_group(0)                     = ?
11330 +++ exited with 0 +++
11327 +++ exited with 0 +++
11328 +++ exited with 0 +++
11229 clone(child_stack=NULL, flags=CLONE_VM|CLONE_PIDFD|CLONE_VFORK|SIGCHLD <unfinished ...>
11331 +++ exited with 0 +++
11326 +++ exited with 0 +++
11286 <... waitid resumed>{si_signo=SIGCHLD, si_code=CLD_EXITED, si_pid=11326, si_uid=1001, si_status=0, si_utime=0, si_stime=0}, WEXITED, {ru_utime={tv_sec=0, tv_usec=7865}, ru_stime={tv_sec=0, tv_usec=10112}, ...}) = 0
11228 --- SIGCHLD {si_signo=SIGCHLD, si_code=CLD_EXITED, si_pid=11326, si_uid=1001, si_status=0, si_utime=0, si_stime=0} ---
11342 execve("/opt/hostedtoolcache/go/1.27.1/arm64/pkg/tool/linux_arm64/compile", ["/opt/hostedtoolcache/go/1.27.1/a"..., "-o", "/tmp/go-build180265811/b013/_pkg"..., "-trimpath", "/tmp/go-build180265811/b013=>", "-p", "internal/chacha8rand", "-lang=go1.27", "-std", "-buildid", "AbtP_dvRHon_4T8hwPZW/AbtP_dvRHon"..., "-goversion", "go1.27.1", "-symabis", "/tmp/go-build180265811/b013/syma"..., "-c=4", "-nolocalimports", "-importcfg", "/tmp/go-build180265811/b013/impo"..., "-pack", "-asmhdr", "/tmp/go-build180265811/b013/go_a"..., "/opt/hostedtoolcache/go/1.27.1/a"..., "/opt/hostedtoolcache/go/1.27.1/a"...], 0x1f50f245ad88 /* 140 vars */ <unfinished ...>
11229 <... clone resumed>, parent_tid=[18]) = 11342
11342 <... execve resumed>)             = 0
11228 clone(child_stack=NULL, flags=CLONE_VM|CLONE_PIDFD|CLONE_VFORK|SIGCHLD <unfinished ...>
11229 waitid(P_PIDFD, 18,  <unfinished ...>
11343 execve("/opt/hostedtoolcache/go/1.27.1/arm64/pkg/tool/linux_arm64/asm", ["/opt/hostedtoolcache/go/1.27.1/a"..., "-p", "internal/runtime/syscall/linux", "-trimpath", "/tmp/go-build180265811/b021=>", "-I", "/tmp/go-build180265811/b021/", "-I", "/opt/hostedtoolcache/go/1.27.1/a"..., "-D", "GOOS_linux", "-D", "GOARCH_arm64", "-std", "-o", "/tmp/go-build180265811/b021/asm_"..., "/opt/hostedtoolcache/go/1.27.1/a"...], 0x1f50f2806d88 /* 140 vars */ <unfinished ...>
11228 <... clone resumed>, parent_tid=[9]) = 11343
11343 <... execve resumed>)             = 0
11228 waitid(P_PIDFD, 9,  <unfinished ...>
11343 clone(child_stack=0xfb8d76e0000, flags=CLONE_VM|CLONE_FS|CLONE_FILES|CLONE_SIGHAND|CLONE_THREAD|CLONE_SYSVSEM) = 11344
11343 clone(child_stack=0xfb8d7718000, flags=CLONE_VM|CLONE_FS|CLONE_FILES|CLONE_SIGHAND|CLONE_THREAD|CLONE_SYSVSEM) = 11345
11344 tgkill(11343, 11343, SIGURG <unfinished ...>
11343 clone(child_stack=0xfb8d7714000, flags=CLONE_VM|CLONE_FS|CLONE_FILES|CLONE_SIGHAND|CLONE_THREAD|CLONE_SYSVSEM <unfinished ...>
11344 <... tgkill resumed>)             = 0
11343 <... clone resumed>)              = 11346
11343 --- SIGURG {si_signo=SIGURG, si_code=SI_TKILL, si_pid=11343, si_uid=1001} ---
11345 clone(child_stack=0xfb8d7798000, flags=CLONE_VM|CLONE_FS|CLONE_FILES|CLONE_SIGHAND|CLONE_THREAD|CLONE_SYSVSEM) = 11347
11342 clone(child_stack=0x439af59ea000, flags=CLONE_VM|CLONE_FS|CLONE_FILES|CLONE_SIGHAND|CLONE_THREAD|CLONE_SYSVSEM) = 11348
11342 clone(child_stack=0x439af5a22000, flags=CLONE_VM|CLONE_FS|CLONE_FILES|CLONE_SIGHAND|CLONE_THREAD|CLONE_SYSVSEM <unfinished ...>
11348 tgkill(11342, 11342, SIGURG)      = 0
11342 <... clone resumed>)              = 11349
11342 --- SIGURG {si_signo=SIGURG, si_code=SI_TKILL, si_pid=11342, si_uid=1001} ---
11342 clone(child_stack=0x439af5a1e000, flags=CLONE_VM|CLONE_FS|CLONE_FILES|CLONE_SIGHAND|CLONE_THREAD|CLONE_SYSVSEM) = 11350
11349 clone(child_stack=0x439af5a98000, flags=CLONE_VM|CLONE_FS|CLONE_FILES|CLONE_SIGHAND|CLONE_THREAD|CLONE_SYSVSEM) = 11351
11343 exit_group(0)                     = ?
11345 +++ exited with 0 +++
11344 +++ exited with 0 +++
11346 +++ exited with 0 +++
11347 +++ exited with 0 +++
11343 +++ exited with 0 +++
11228 <... waitid resumed>{si_signo=SIGCHLD, si_code=CLD_EXITED, si_pid=11343, si_uid=1001, si_status=0, si_utime=0, si_stime=0}, WEXITED, {ru_utime={tv_sec=0, tv_usec=0}, ru_stime={tv_sec=0, tv_usec=5950}, ...}) = 0
11286 --- SIGCHLD {si_signo=SIGCHLD, si_code=CLD_EXITED, si_pid=11343, si_uid=1001, si_status=0, si_utime=0, si_stime=0} ---
11289 tgkill(11281, 11292, SIGURG)      = 0
11292 --- SIGURG {si_signo=SIGURG, si_code=SI_TKILL, si_pid=11281, si_uid=1001} ---
11329 exit_group(0)                     = ?
11339 +++ exited with 0 +++
11341 +++ exited with 0 +++
11340 +++ exited with 0 +++
11338 +++ exited with 0 +++
11329 +++ exited with 0 +++
11228 --- SIGCHLD {si_signo=SIGCHLD, si_code=CLD_EXITED, si_pid=11329, si_uid=1001, si_status=0, si_utime=0, si_stime=0} ---
11224 <... waitid resumed>{si_signo=SIGCHLD, si_code=CLD_EXITED, si_pid=11329, si_uid=1001, si_status=0, si_utime=0, si_stime=0}, WEXITED, {ru_utime={tv_sec=0, tv_usec=1259}, ru_stime={tv_sec=0, tv_usec=8817}, ...}) = 0
11228 clone(child_stack=NULL, flags=CLONE_VM|CLONE_PIDFD|CLONE_VFORK|SIGCHLD <unfinished ...>
11352 execve("/opt/hostedtoolcache/go/1.27.1/arm64/pkg/tool/linux_arm64/compile", ["/opt/hostedtoolcache/go/1.27.1/a"..., "-o", "/tmp/go-build180265811/b010/_pkg"..., "-trimpath", "/tmp/go-build180265811/b010=>", "-p", "internal/bytealg", "-lang=go1.27", "-std", "-buildid", "WXxliEaw6GJNuYmN6A_V/WXxliEaw6GJ"..., "-goversion", "go1.27.1", "-symabis", "/tmp/go-build180265811/b010/syma"..., "-c=4", "-nolocalimports", "-importcfg", "/tmp/go-build180265811/b010/impo"..., "-pack", "-asmhdr", "/tmp/go-build180265811/b010/go_a"..., "/opt/hostedtoolcache/go/1.27.1/a"..., "/opt/hostedtoolcache/go/1.27.1/a"..., "/opt/hostedtoolcache/go/1.27.1/a"..., "/opt/hostedtoolcache/go/1.27.1/a"..., "/opt/hostedtoolcache/go/1.27.1/a"..., "/opt/hostedtoolcache/go/1.27.1/a"..., "/opt/hostedtoolcache/go/1.27.1/a"..., "/opt/hostedtoolcache/go/1.27.1/a"..., "/opt/hostedtoolcache/go/1.27.1/a"...], 0x1f50f25d0d88 /* 140 vars */ <unfinished ...>
11228 <... clone resumed>, parent_tid=[16]) = 11352
11352 <... execve resumed>)             = 0
11285 waitid(P_PIDFD, 16,  <unfinished ...>
11281 exit_group(0)                     = ?
11292 +++ exited with 0 +++
11291 +++ exited with 0 +++
11290 +++ exited with 0 +++
11289 +++ exited with 0 +++
11286 clone(child_stack=NULL, flags=CLONE_VM|CLONE_PIDFD|CLONE_VFORK|SIGCHLD <unfinished ...>
11281 +++ exited with 0 +++
11226 <... waitid resumed>{si_signo=SIGCHLD, si_code=CLD_EXITED, si_pid=11281, si_uid=1001, si_status=0, si_utime=0, si_stime=0}, WEXITED, {ru_utime={tv_sec=0, tv_usec=141752}, ru_stime={tv_sec=0, tv_usec=32130}, ...}) = 0
11224 --- SIGCHLD {si_signo=SIGCHLD, si_code=CLD_EXITED, si_pid=11281, si_uid=1001, si_status=0, si_utime=15 /* 0.15 s */, si_stime=3 /* 0.03 s */} ---
11224 clone(child_stack=NULL, flags=CLONE_VM|CLONE_PIDFD|CLONE_VFORK|SIGCHLD <unfinished ...>
11348 tgkill(11342, 11351, SIGURG)      = 0
11351 --- SIGURG {si_signo=SIGURG, si_code=SI_TKILL, si_pid=11342, si_uid=1001} ---
11352 clone(child_stack=0x11ac8e2b2000, flags=CLONE_VM|CLONE_FS|CLONE_FILES|CLONE_SIGHAND|CLONE_THREAD|CLONE_SYSVSEM) = 11355
11352 clone(child_stack=0x11ac8e2ea000, flags=CLONE_VM|CLONE_FS|CLONE_FILES|CLONE_SIGHAND|CLONE_THREAD|CLONE_SYSVSEM) = 11356
11355 tgkill(11352, 11352, SIGURG)      = 0
11352 clone(child_stack=0x11ac8e2e6000, flags=CLONE_VM|CLONE_FS|CLONE_FILES|CLONE_SIGHAND|CLONE_THREAD|CLONE_SYSVSEM) = 11357
11352 --- SIGURG {si_signo=SIGURG, si_code=SI_TKILL, si_pid=11352, si_uid=1001} ---
11356 clone(child_stack=0x11ac8e318000, flags=CLONE_VM|CLONE_FS|CLONE_FILES|CLONE_SIGHAND|CLONE_THREAD|CLONE_SYSVSEM) = 11358
11354 execve("/opt/hostedtoolcache/go/1.27.1/arm64/pkg/tool/linux_arm64/asm", ["/opt/hostedtoolcache/go/1.27.1/a"..., "-p", "internal/abi", "-trimpath", "/tmp/go-build180265811/b005=>", "-I", "/tmp/go-build180265811/b005/", "-I", "/opt/hostedtoolcache/go/1.27.1/a"..., "-D", "GOOS_linux", "-D", "GOARCH_arm64", "-std", "-o", "/tmp/go-build180265811/b005/abi_"..., "/opt/hostedtoolcache/go/1.27.1/a"...], 0x1f50f2806488 /* 140 vars */ <unfinished ...>
11353 execve("/opt/hostedtoolcache/go/1.27.1/arm64/pkg/tool/linux_arm64/asm", ["/opt/hostedtoolcache/go/1.27.1/a"..., "-p", "internal/runtime/atomic", "-trimpath", "/tmp/go-build180265811/b019=>", "-I", "/tmp/go-build180265811/b019/", "-I", "/opt/hostedtoolcache/go/1.27.1/a"..., "-D", "GOOS_linux", "-D", "GOARCH_arm64", "-std", "-gensymabis", "-o", "/tmp/go-build180265811/b019/syma"..., "/opt/hostedtoolcache/go/1.27.1/a"...], 0x1f50f25d0488 /* 140 vars */ <unfinished ...>
11286 <... clone resumed>, parent_tid=[17]) = 11353
11224 <... clone resumed>, parent_tid=[22]) = 11354
11354 <... execve resumed>)             = 0
11353 <... execve resumed>)             = 0
11286 waitid(P_PIDFD, 17,  <unfinished ...>
11224 waitid(P_PIDFD, 22,  <unfinished ...>
11342 exit_group(0)                     = ?
11351 +++ exited with 0 +++
11350 +++ exited with 0 +++
11348 +++ exited with 0 +++
11349 +++ exited with 0 +++
11342 +++ exited with 0 +++
11229 <... waitid resumed>{si_signo=SIGCHLD, si_code=CLD_EXITED, si_pid=11342, si_uid=1001, si_status=0, si_utime=0, si_stime=0}, WEXITED, {ru_utime={tv_sec=0, tv_usec=22393}, ru_stime={tv_sec=0, tv_usec=4714}, ...}) = 0
11228 --- SIGCHLD {si_signo=SIGCHLD, si_code=CLD_EXITED, si_pid=11342, si_uid=1001, si_status=0, si_utime=1 /* 0.01 s */, si_stime=0} ---
11355 clone(child_stack=0x11ac8e788000, flags=CLONE_VM|CLONE_FS|CLONE_FILES|CLONE_SIGHAND|CLONE_THREAD|CLONE_SYSVSEM) = 11359
11228 clone(child_stack=NULL, flags=CLONE_VM|CLONE_PIDFD|CLONE_VFORK|SIGCHLD <unfinished ...>
11360 execve("/opt/hostedtoolcache/go/1.27.1/arm64/pkg/tool/linux_arm64/asm", ["/opt/hostedtoolcache/go/1.27.1/a"..., "-p", "internal/chacha8rand", "-trimpath", "/tmp/go-build180265811/b013=>", "-I", "/tmp/go-build180265811/b013/", "-I", "/opt/hostedtoolcache/go/1.27.1/a"..., "-D", "GOOS_linux", "-D", "GOARCH_arm64", "-std", "-o", "/tmp/go-build180265811/b013/chac"..., "/opt/hostedtoolcache/go/1.27.1/a"...], 0x1f50f245a008 /* 140 vars */ <unfinished ...>
11228 <... clone resumed>, parent_tid=[14]) = 11360
11360 <... execve resumed>)             = 0
11228 waitid(P_PIDFD, 14,  <unfinished ...>
11354 clone(child_stack=0x5b4334706000, flags=CLONE_VM|CLONE_FS|CLONE_FILES|CLONE_SIGHAND|CLONE_THREAD|CLONE_SYSVSEM) = 11361
11353 clone(child_stack=0x479d5d250000, flags=CLONE_VM|CLONE_FS|CLONE_FILES|CLONE_SIGHAND|CLONE_THREAD|CLONE_SYSVSEM <unfinished ...>
11354 clone(child_stack=0x5b433473e000, flags=CLONE_VM|CLONE_FS|CLONE_FILES|CLONE_SIGHAND|CLONE_THREAD|CLONE_SYSVSEM <unfinished ...>
11353 <... clone resumed>)              = 11362
11354 <... clone resumed>)              = 11363
11354 clone(child_stack=0x5b433473a000, flags=CLONE_VM|CLONE_FS|CLONE_FILES|CLONE_SIGHAND|CLONE_THREAD|CLONE_SYSVSEM) = 11364
11353 clone(child_stack=0x479d5d288000, flags=CLONE_VM|CLONE_FS|CLONE_FILES|CLONE_SIGHAND|CLONE_THREAD|CLONE_SYSVSEM) = 11365
11363 clone(child_stack=0x5b4334798000, flags=CLONE_VM|CLONE_FS|CLONE_FILES|CLONE_SIGHAND|CLONE_THREAD|CLONE_SYSVSEM <unfinished ...>
11354 clone(child_stack=0x5b4334794000, flags=CLONE_VM|CLONE_FS|CLONE_FILES|CLONE_SIGHAND|CLONE_THREAD|CLONE_SYSVSEM <unfinished ...>
11362 tgkill(11353, 11353, SIGURG)      = 0
11353 clone(child_stack=0x479d5d284000, flags=CLONE_VM|CLONE_FS|CLONE_FILES|CLONE_SIGHAND|CLONE_THREAD|CLONE_SYSVSEM <unfinished ...>
11354 <... clone resumed>)              = 11367
11363 <... clone resumed>)              = 11366
11353 <... clone resumed>)              = 11368
11353 --- SIGURG {si_signo=SIGURG, si_code=SI_TKILL, si_pid=11353, si_uid=1001} ---
11365 clone(child_stack=0x479d5d318000, flags=CLONE_VM|CLONE_FS|CLONE_FILES|CLONE_SIGHAND|CLONE_THREAD|CLONE_SYSVSEM) = 11369
11365 clone(child_stack=0x479d5d314000, flags=CLONE_VM|CLONE_FS|CLONE_FILES|CLONE_SIGHAND|CLONE_THREAD|CLONE_SYSVSEM) = 11370
11354 exit_group(0)                     = ?
11367 +++ exited with 0 +++
11366 +++ exited with 0 +++
11364 +++ exited with 0 +++
11361 +++ exited with 0 +++
11363 +++ exited with 0 +++
11354 +++ exited with 0 +++
11224 <... waitid resumed>{si_signo=SIGCHLD, si_code=CLD_EXITED, si_pid=11354, si_uid=1001, si_status=0, si_utime=0, si_stime=0}, WEXITED, {ru_utime={tv_sec=0, tv_usec=2068}, ru_stime={tv_sec=0, tv_usec=4137}, ...}) = 0
11229 --- SIGCHLD {si_signo=SIGCHLD, si_code=CLD_EXITED, si_pid=11354, si_uid=1001, si_status=0, si_utime=0, si_stime=0} ---
11352 exit_group(0)                     = ?
11359 +++ exited with 0 +++
11357 +++ exited with 0 +++
11358 +++ exited with 0 +++
11356 +++ exited with 0 +++
11355 +++ exited with 0 +++
11360 clone(child_stack=0x79b82bdf4000, flags=CLONE_VM|CLONE_FS|CLONE_FILES|CLONE_SIGHAND|CLONE_THREAD|CLONE_SYSVSEM) = 11371
11229 clone(child_stack=NULL, flags=CLONE_VM|CLONE_PIDFD|CLONE_VFORK|SIGCHLD <unfinished ...>
11352 +++ exited with 0 +++
11228 <... waitid resumed>0x1f50f24a70d8, WEXITED, 0x1f50f23d2000) = ? ERESTARTSYS (To be restarted if SA_RESTART is set)
11285 <... waitid resumed>{si_signo=SIGCHLD, si_code=CLD_EXITED, si_pid=11352, si_uid=1001, si_status=0, si_utime=0, si_stime=0}, WEXITED, {ru_utime={tv_sec=0, tv_usec=11799}, ru_stime={tv_sec=0, tv_usec=6436}, ...}) = 0
11224 --- SIGCHLD {si_signo=SIGCHLD, si_code=CLD_EXITED, si_pid=11352, si_uid=1001, si_status=0, si_utime=1 /* 0.01 s */, si_stime=0} ---
11228 waitid(P_PIDFD, 14,  <unfinished ...>
11360 clone(child_stack=0x79b82be2c000, flags=CLONE_VM|CLONE_FS|CLONE_FILES|CLONE_SIGHAND|CLONE_THREAD|CLONE_SYSVSEM) = 11373
11371 tgkill(11360, 11360, SIGURG)      = 0
11360 --- SIGURG {si_signo=SIGURG, si_code=SI_TKILL, si_pid=11360, si_uid=1001} ---
11360 clone(child_stack=0x79b82be28000, flags=CLONE_VM|CLONE_FS|CLONE_FILES|CLONE_SIGHAND|CLONE_THREAD|CLONE_SYSVSEM <unfinished ...>
11353 exit_group(0 <unfinished ...>
11373 clone(child_stack=0x79b82be98000, flags=CLONE_VM|CLONE_FS|CLONE_FILES|CLONE_SIGHAND|CLONE_THREAD|CLONE_SYSVSEM <unfinished ...>
11360 <... clone resumed>)              = 11374
11353 <... exit_group resumed>)         = ?
11370 +++ exited with 0 +++
11369 +++ exited with 0 +++
11368 +++ exited with 0 +++
11365 +++ exited with 0 +++
11362 +++ exited with 0 +++
11373 <... clone resumed>)              = 11375
11353 +++ exited with 0 +++
11286 <... waitid resumed>{si_signo=SIGCHLD, si_code=CLD_EXITED, si_pid=11353, si_uid=1001, si_status=0, si_utime=0, si_stime=0}, WEXITED, {ru_utime={tv_sec=0, tv_usec=0}, ru_stime={tv_sec=0, tv_usec=6727}, ...}) = 0
11285 --- SIGCHLD {si_signo=SIGCHLD, si_code=CLD_EXITED, si_pid=11353, si_uid=1001, si_status=0, si_utime=0, si_stime=0} ---
11224 clone(child_stack=NULL, flags=CLONE_VM|CLONE_PIDFD|CLONE_VFORK|SIGCHLD <unfinished ...>
11372 execve("/opt/hostedtoolcache/go/1.27.1/arm64/pkg/tool/linux_arm64/asm", ["/opt/hostedtoolcache/go/1.27.1/a"..., "-p", "internal/abi", "-trimpath", "/tmp/go-build180265811/b005=>", "-I", "/tmp/go-build180265811/b005/", "-I", "/opt/hostedtoolcache/go/1.27.1/a"..., "-D", "GOOS_linux", "-D", "GOARCH_arm64", "-std", "-o", "/tmp/go-build180265811/b005/stub"..., "/opt/hostedtoolcache/go/1.27.1/a"...], 0x1f50f25d0908 /* 140 vars */ <unfinished ...>
11230 clone(child_stack=NULL, flags=CLONE_VM|CLONE_PIDFD|CLONE_VFORK|SIGCHLD <unfinished ...>
11229 <... clone resumed>, parent_tid=[18]) = 11372
11372 <... execve resumed>)             = 0
11376 execve("/opt/hostedtoolcache/go/1.27.1/arm64/pkg/tool/linux_arm64/asm", ["/opt/hostedtoolcache/go/1.27.1/a"..., "-p", "internal/bytealg", "-trimpath", "/tmp/go-build180265811/b010=>", "-I", "/tmp/go-build180265811/b010/", "-I", "/opt/hostedtoolcache/go/1.27.1/a"..., "-D", "GOOS_linux", "-D", "GOARCH_arm64", "-std", "-o", "/tmp/go-build180265811/b010/comp"..., "/opt/hostedtoolcache/go/1.27.1/a"...], 0x1f50f257bb08 /* 140 vars */ <unfinished ...>
11224 <... clone resumed>, parent_tid=[23]) = 11376
11376 <... execve resumed>)             = 0
11377 execve("/opt/hostedtoolcache/go/1.27.1/arm64/pkg/tool/linux_arm64/compile", ["/opt/hostedtoolcache/go/1.27.1/a"..., "-o", "/tmp/go-build180265811/b019/_pkg"..., "-trimpath", "/tmp/go-build180265811/b019=>", "-p", "internal/runtime/atomic", "-lang=go1.27", "-std", "-buildid", "JLvm72GCidsaQcYveEya/JLvm72GCids"..., "-goversion", "go1.27.1", "-symabis", "/tmp/go-build180265811/b019/syma"..., "-c=4", "-nolocalimports", "-importcfg", "/tmp/go-build180265811/b019/impo"..., "-pack", "-asmhdr", "/tmp/go-build180265811/b019/go_a"..., "/opt/hostedtoolcache/go/1.27.1/a"..., "/opt/hostedtoolcache/go/1.27.1/a"..., "/opt/hostedtoolcache/go/1.27.1/a"..., "/opt/hostedtoolcache/go/1.27.1/a"..., "/opt/hostedtoolcache/go/1.27.1/a"..., "/opt/hostedtoolcache/go/1.27.1/a"..., "/opt/hostedtoolcache/go/1.27.1/a"..., "/opt/hostedtoolcache/go/1.27.1/a"...], 0x1f50f2806908 /* 140 vars */ <unfinished ...>
11230 <... clone resumed>, parent_tid=[26]) = 11377
11377 <... execve resumed>)             = 0
11229 waitid(P_PIDFD, 18,  <unfinished ...>
11230 waitid(P_PIDFD, 26,  <unfinished ...>
11224 waitid(P_PIDFD, 23,  <unfinished ...>
11360 exit_group(0)                     = ?
11375 +++ exited with 0 +++
11374 +++ exited with 0 +++
11371 +++ exited with 0 +++
11373 +++ exited with 0 +++
11360 +++ exited with 0 +++
11286 --- SIGCHLD {si_signo=SIGCHLD, si_code=CLD_EXITED, si_pid=11360, si_uid=1001, si_status=0, si_utime=0, si_stime=0} ---
11228 <... waitid resumed>{si_signo=SIGCHLD, si_code=CLD_EXITED, si_pid=11360, si_uid=1001, si_status=0, si_utime=0, si_stime=0}, WEXITED, {ru_utime={tv_sec=0, tv_usec=1761}, ru_stime={tv_sec=0, tv_usec=5283}, ...}) = 0
11372 clone(child_stack=0x5de46b8da000, flags=CLONE_VM|CLONE_FS|CLONE_FILES|CLONE_SIGHAND|CLONE_THREAD|CLONE_SYSVSEM) = 11378
11372 clone(child_stack=0x5de46b912000, flags=CLONE_VM|CLONE_FS|CLONE_FILES|CLONE_SIGHAND|CLONE_THREAD|CLONE_SYSVSEM) = 11379
11378 tgkill(11372, 11372, SIGURG)      = 0
11372 clone(child_stack=0x5de46b90e000, flags=CLONE_VM|CLONE_FS|CLONE_FILES|CLONE_SIGHAND|CLONE_THREAD|CLONE_SYSVSEM) = 11380
11372 --- SIGURG {si_signo=SIGURG, si_code=SI_TKILL, si_pid=11372, si_uid=1001} ---
11379 clone(child_stack=0x5de46b998000, flags=CLONE_VM|CLONE_FS|CLONE_FILES|CLONE_SIGHAND|CLONE_THREAD|CLONE_SYSVSEM) = 11381
11377 clone(child_stack=0x63806d542000, flags=CLONE_VM|CLONE_FS|CLONE_FILES|CLONE_SIGHAND|CLONE_THREAD|CLONE_SYSVSEM) = 11382
11376 clone(child_stack=0x5f0c07e0000, flags=CLONE_VM|CLONE_FS|CLONE_FILES|CLONE_SIGHAND|CLONE_THREAD|CLONE_SYSVSEM) = 11383
11377 clone(child_stack=0x63806d57a000, flags=CLONE_VM|CLONE_FS|CLONE_FILES|CLONE_SIGHAND|CLONE_THREAD|CLONE_SYSVSEM) = 11384
11376 clone(child_stack=0x5f0c0818000, flags=CLONE_VM|CLONE_FS|CLONE_FILES|CLONE_SIGHAND|CLONE_THREAD|CLONE_SYSVSEM <unfinished ...>
11377 clone(child_stack=0x63806d576000, flags=CLONE_VM|CLONE_FS|CLONE_FILES|CLONE_SIGHAND|CLONE_THREAD|CLONE_SYSVSEM) = 11386
11376 <... clone resumed>)              = 11385
11383 tgkill(11376, 11376, SIGURG)      = 0
11376 clone(child_stack=0x5f0c0814000, flags=CLONE_VM|CLONE_FS|CLONE_FILES|CLONE_SIGHAND|CLONE_THREAD|CLONE_SYSVSEM) = 11387
11385 clone(child_stack=0x5f0c0898000, flags=CLONE_VM|CLONE_FS|CLONE_FILES|CLONE_SIGHAND|CLONE_THREAD|CLONE_SYSVSEM <unfinished ...>
11376 --- SIGURG {si_signo=SIGURG, si_code=SI_TKILL, si_pid=11376, si_uid=1001} ---
11384 clone(child_stack=0x63806d5a8000, flags=CLONE_VM|CLONE_FS|CLONE_FILES|CLONE_SIGHAND|CLONE_THREAD|CLONE_SYSVSEM <unfinished ...>
11385 <... clone resumed>)              = 11388
11384 <... clone resumed>)              = 11389
11372 exit_group(0)                     = ?
11381 +++ exited with 0 +++
11380 +++ exited with 0 +++
11379 +++ exited with 0 +++
11378 +++ exited with 0 +++
11372 +++ exited with 0 +++
11286 --- SIGCHLD {si_signo=SIGCHLD, si_code=CLD_EXITED, si_pid=11372, si_uid=1001, si_status=0, si_utime=0, si_stime=0} ---
11229 <... waitid resumed>{si_signo=SIGCHLD, si_code=CLD_EXITED, si_pid=11372, si_uid=1001, si_status=0, si_utime=0, si_stime=0}, WEXITED, {ru_utime={tv_sec=0, tv_usec=0}, ru_stime={tv_sec=0, tv_usec=5585}, ...}) = 0
11228 clone(child_stack=NULL, flags=CLONE_VM|CLONE_PIDFD|CLONE_VFORK|SIGCHLD <unfinished ...>
11225 tgkill(11224, 11286, SIGURG <unfinished ...>
11286 --- SIGURG {si_signo=SIGURG, si_code=SI_TKILL, si_pid=11224, si_uid=1001} ---
11225 <... tgkill resumed>)             = 0
11225 tgkill(11224, 11228, SIGURG)      = 0
11382 clone(child_stack=0x63806d5bc000, flags=CLONE_VM|CLONE_FS|CLONE_FILES|CLONE_SIGHAND|CLONE_THREAD|CLONE_SYSVSEM) = 11391
11390 execve("/opt/hostedtoolcache/go/1.27.1/arm64/pkg/tool/linux_arm64/compile", ["/opt/hostedtoolcache/go/1.27.1/a"..., "-o", "/tmp/go-build180265811/b023/_pkg"..., "-trimpath", "/tmp/go-build180265811/b023=>", "-p", "math/bits", "-lang=go1.27", "-std", "-complete", "-buildid", "Zc0PQLlaIx_MgfGvKr9G/Zc0PQLlaIx_"..., "-goversion", "go1.27.1", "-c=4", "-nolocalimports", "-importcfg", "/tmp/go-build180265811/b023/impo"..., "-pack", "/opt/hostedtoolcache/go/1.27.1/a"..., "/opt/hostedtoolcache/go/1.27.1/a"..., "/opt/hostedtoolcache/go/1.27.1/a"...], 0x1f50f245ad88 /* 140 vars */ <unfinished ...>
11228 <... clone resumed>, parent_tid=[10]) = 11390
11390 <... execve resumed>)             = 0
11228 --- SIGURG {si_signo=SIGURG, si_code=SI_TKILL, si_pid=11224, si_uid=1001} ---
11225 tgkill(11224, 11228, SIGURG)      = 0
11228 --- SIGURG {si_signo=SIGURG, si_code=SI_TKILL, si_pid=11224, si_uid=1001} ---
11226 waitid(P_PIDFD, 10,  <unfinished ...>
11376 exit_group(0)                     = ?
11387 +++ exited with 0 +++
11385 +++ exited with 0 +++
11388 +++ exited with 0 +++
11383 +++ exited with 0 +++
11376 +++ exited with 0 +++
11229 --- SIGCHLD {si_signo=SIGCHLD, si_code=CLD_EXITED, si_pid=11376, si_uid=1001, si_status=0, si_utime=0, si_stime=0} ---
11224 <... waitid resumed>{si_signo=SIGCHLD, si_code=CLD_EXITED, si_pid=11376, si_uid=1001, si_status=0, si_utime=0, si_stime=0}, WEXITED, {ru_utime={tv_sec=0, tv_usec=2110}, ru_stime={tv_sec=0, tv_usec=5629}, ...}) = 0
11229 clone(child_stack=NULL, flags=CLONE_VM|CLONE_PIDFD|CLONE_VFORK|SIGCHLD <unfinished ...>
11390 clone(child_stack=0x24161a1d2000, flags=CLONE_VM|CLONE_FS|CLONE_FILES|CLONE_SIGHAND|CLONE_THREAD|CLONE_SYSVSEM <unfinished ...>
11392 execve("/opt/hostedtoolcache/go/1.27.1/arm64/pkg/tool/linux_arm64/asm", ["/opt/hostedtoolcache/go/1.27.1/a"..., "-p", "internal/bytealg", "-trimpath", "/tmp/go-build180265811/b010=>", "-I", "/tmp/go-build180265811/b010/", "-I", "/opt/hostedtoolcache/go/1.27.1/a"..., "-D", "GOOS_linux", "-D", "GOARCH_arm64", "-std", "-o", "/tmp/go-build180265811/b010/coun"..., "/opt/hostedtoolcache/go/1.27.1/a"...], 0x1f50f245b208 /* 140 vars */ <unfinished ...>
11390 <... clone resumed>)              = 11393
11229 <... clone resumed>, parent_tid=[15]) = 11392
11392 <... execve resumed>)             = 0
11390 clone(child_stack=0x24161a20a000, flags=CLONE_VM|CLONE_FS|CLONE_FILES|CLONE_SIGHAND|CLONE_THREAD|CLONE_SYSVSEM) = 11394
11229 waitid(P_PIDFD, 15,  <unfinished ...>
11393 tgkill(11390, 11390, SIGURG)      = 0
11390 clone(child_stack=0x24161a206000, flags=CLONE_VM|CLONE_FS|CLONE_FILES|CLONE_SIGHAND|CLONE_THREAD|CLONE_SYSVSEM) = 11395
11390 --- SIGURG {si_signo=SIGURG, si_code=SI_TKILL, si_pid=11390, si_uid=1001} ---
11394 clone(child_stack=0x24161a298000, flags=CLONE_VM|CLONE_FS|CLONE_FILES|CLONE_SIGHAND|CLONE_THREAD|CLONE_SYSVSEM) = 11396
11382 tgkill(11377, 11377, SIGURG)      = 0
11377 --- SIGURG {si_signo=SIGURG, si_code=SI_TKILL, si_pid=11377, si_uid=1001} ---
11392 clone(child_stack=0xff40e2c2000, flags=CLONE_VM|CLONE_FS|CLONE_FILES|CLONE_SIGHAND|CLONE_THREAD|CLONE_SYSVSEM) = 11397
11392 clone(child_stack=0xff40e2fa000, flags=CLONE_VM|CLONE_FS|CLONE_FILES|CLONE_SIGHAND|CLONE_THREAD|CLONE_SYSVSEM) = 11398
11397 tgkill(11392, 11392, SIGURG)      = 0
11392 --- SIGURG {si_signo=SIGURG, si_code=SI_TKILL, si_pid=11392, si_uid=1001} ---
11392 clone(child_stack=0xff40e2f6000, flags=CLONE_VM|CLONE_FS|CLONE_FILES|CLONE_SIGHAND|CLONE_THREAD|CLONE_SYSVSEM <unfinished ...>
11398 clone(child_stack=0xff40e320000, flags=CLONE_VM|CLONE_FS|CLONE_FILES|CLONE_SIGHAND|CLONE_THREAD|CLONE_SYSVSEM) = 11400
11392 <... clone resumed>)              = 11399
11400 clone(child_stack=0xff40e31c000, flags=CLONE_VM|CLONE_FS|CLONE_FILES|CLONE_SIGHAND|CLONE_THREAD|CLONE_SYSVSEM) = 11401
11397 tgkill(11392, 11392, SIGURG)      = 0
11392 --- SIGURG {si_signo=SIGURG, si_code=SI_TKILL, si_pid=11392, si_uid=1001} ---
11285 clone(child_stack=NULL, flags=CLONE_VM|CLONE_PIDFD|CLONE_VFORK|SIGCHLD <unfinished ...>
11225 tgkill(11224, 11285, SIGURG)      = 0
11402 execve("/opt/hostedtoolcache/go/1.27.1/arm64/pkg/tool/linux_arm64/compile", ["/opt/hostedtoolcache/go/1.27.1/a"..., "-o", "/tmp/go-build180265811/b025/_pkg"..., "-trimpath", "/tmp/go-build180265811/b025=>", "-p", "internal/runtime/gc", "-lang=go1.27", "-std", "-complete", "-buildid", "Pfv26tI2_f6sVbQDUcl5/Pfv26tI2_f6"..., "-goversion", "go1.27.1", "-c=4", "-nolocalimports", "-importcfg", "/tmp/go-build180265811/b025/impo"..., "-pack", "/opt/hostedtoolcache/go/1.27.1/a"..., "/opt/hostedtoolcache/go/1.27.1/a"..., "/opt/hostedtoolcache/go/1.27.1/a"...], 0x1f50f25d0d88 /* 140 vars */ <unfinished ...>
11285 <... clone resumed>, parent_tid=[16]) = 11402
11285 --- SIGURG {si_signo=SIGURG, si_code=SI_TKILL, si_pid=11224, si_uid=1001} ---
11402 <... execve resumed>)             = 0
11225 tgkill(11224, 11285, SIGURG)      = 0
11285 --- SIGURG {si_signo=SIGURG, si_code=SI_TKILL, si_pid=11224, si_uid=1001} ---
11285 waitid(P_PIDFD, 16,  <unfinished ...>
11382 tgkill(11377, 11391, SIGURG <unfinished ...>
11391 --- SIGURG {si_signo=SIGURG, si_code=SI_TKILL, si_pid=11377, si_uid=1001} ---
11382 <... tgkill resumed>)             = 0
11391 exit_group(0)                     = ?
11389 +++ exited with 0 +++
11386 +++ exited with 0 +++
11384 +++ exited with 0 +++
11382 +++ exited with 0 +++
11391 +++ exited with 0 +++
11400 exit_group(0)                     = ?
11400 +++ exited with 0 +++
11398 +++ exited with 0 +++
11397 +++ exited with 0 +++
11399 +++ exited with 0 +++
11377 +++ exited with 0 +++
11230 <... waitid resumed>{si_signo=SIGCHLD, si_code=CLD_EXITED, si_pid=11377, si_uid=1001, si_status=0, si_utime=0, si_stime=0}, WEXITED, {ru_utime={tv_sec=0, tv_usec=23259}, ru_stime={tv_sec=0, tv_usec=15506}, ...}) = 0
11230 --- SIGCHLD {si_signo=SIGCHLD, si_code=CLD_EXITED, si_pid=11377, si_uid=1001, si_status=0, si_utime=2 /* 0.02 s */, si_stime=1 /* 0.01 s */} ---
11401 +++ exited with 0 +++
11392 +++ exited with 0 +++
11225 --- SIGCHLD {si_signo=SIGCHLD, si_code=CLD_EXITED, si_pid=11392, si_uid=1001, si_status=0, si_utime=0, si_stime=0} ---
11229 <... waitid resumed>{si_signo=SIGCHLD, si_code=CLD_EXITED, si_pid=11392, si_uid=1001, si_status=0, si_utime=0, si_stime=0}, WEXITED, {ru_utime={tv_sec=0, tv_usec=1751}, ru_stime={tv_sec=0, tv_usec=5255}, ...}) = 0
11230 clone(child_stack=NULL, flags=CLONE_VM|CLONE_PIDFD|CLONE_VFORK|SIGCHLD <unfinished ...>
11393 tgkill(11390, 11394, SIGURG <unfinished ...>
11224 clone(child_stack=NULL, flags=CLONE_VM|CLONE_PIDFD|CLONE_VFORK|SIGCHLD <unfinished ...>
11393 <... tgkill resumed>)             = 0
11394 --- SIGURG {si_signo=SIGURG, si_code=SI_TKILL, si_pid=11390, si_uid=1001} ---
11402 clone(child_stack=0x2aa500c82000, flags=CLONE_VM|CLONE_FS|CLONE_FILES|CLONE_SIGHAND|CLONE_THREAD|CLONE_SYSVSEM) = 11405
11405 tgkill(11402, 11402, SIGURG)      = 0
11402 clone(child_stack=0x2aa500cba000, flags=CLONE_VM|CLONE_FS|CLONE_FILES|CLONE_SIGHAND|CLONE_THREAD|CLONE_SYSVSEM) = 11406
11402 --- SIGURG {si_signo=SIGURG, si_code=SI_TKILL, si_pid=11402, si_uid=1001} ---
11402 clone(child_stack=0x2aa500cb6000, flags=CLONE_VM|CLONE_FS|CLONE_FILES|CLONE_SIGHAND|CLONE_THREAD|CLONE_SYSVSEM) = 11407
11406 clone(child_stack=0x2aa500d18000, flags=CLONE_VM|CLONE_FS|CLONE_FILES|CLONE_SIGHAND|CLONE_THREAD|CLONE_SYSVSEM) = 11408
11404 execve("/opt/hostedtoolcache/go/1.27.1/arm64/pkg/tool/linux_arm64/asm", ["/opt/hostedtoolcache/go/1.27.1/a"..., "-p", "internal/bytealg", "-trimpath", "/tmp/go-build180265811/b010=>", "-I", "/tmp/go-build180265811/b010/", "-I", "/opt/hostedtoolcache/go/1.27.1/a"..., "-D", "GOOS_linux", "-D", "GOARCH_arm64", "-std", "-o", "/tmp/go-build180265811/b010/equa"..., "/opt/hostedtoolcache/go/1.27.1/a"...], 0x1f50f245bb08 /* 140 vars */ <unfinished ...>
11224 <... clone resumed>, parent_tid=[22]) = 11404
11404 <... execve resumed>)             = 0
11403 execve("/opt/hostedtoolcache/go/1.27.1/arm64/pkg/tool/linux_arm64/asm", ["/opt/hostedtoolcache/go/1.27.1/a"..., "-p", "internal/runtime/atomic", "-trimpath", "/tmp/go-build180265811/b019=>", "-I", "/tmp/go-build180265811/b019/", "-I", "/opt/hostedtoolcache/go/1.27.1/a"..., "-D", "GOOS_linux", "-D", "GOARCH_arm64", "-std", "-o", "/tmp/go-build180265811/b019/atom"..., "/opt/hostedtoolcache/go/1.27.1/a"...], 0x1f50f275d208 /* 140 vars */ <unfinished ...>
11230 <... clone resumed>, parent_tid=[19]) = 11403
11224 waitid(P_PIDFD, 22,  <unfinished ...>
11403 <... execve resumed>)             = 0
11230 waitid(P_PIDFD, 19,  <unfinished ...>
11390 exit_group(0)                     = ?
11395 +++ exited with 0 +++
11393 +++ exited with 0 +++
11394 +++ exited with 0 +++
11396 +++ exited with 0 +++
11390 +++ exited with 0 +++
11226 <... waitid resumed>{si_signo=SIGCHLD, si_code=CLD_EXITED, si_pid=11390, si_uid=1001, si_status=0, si_utime=0, si_stime=0}, WEXITED, {ru_utime={tv_sec=0, tv_usec=20499}, ru_stime={tv_sec=0, tv_usec=7809}, ...}) = 0
11229 --- SIGCHLD {si_signo=SIGCHLD, si_code=CLD_EXITED, si_pid=11390, si_uid=1001, si_status=0, si_utime=2 /* 0.02 s */, si_stime=0} ---
11404 clone(child_stack=0x11927fe56000, flags=CLONE_VM|CLONE_FS|CLONE_FILES|CLONE_SIGHAND|CLONE_THREAD|CLONE_SYSVSEM) = 11409
11404 clone(child_stack=0x11927fe90000, flags=CLONE_VM|CLONE_FS|CLONE_FILES|CLONE_SIGHAND|CLONE_THREAD|CLONE_SYSVSEM) = 11410
11409 tgkill(11404, 11404, SIGURG <unfinished ...>
11404 clone(child_stack=0x11927fe8c000, flags=CLONE_VM|CLONE_FS|CLONE_FILES|CLONE_SIGHAND|CLONE_THREAD|CLONE_SYSVSEM <unfinished ...>
11409 <... tgkill resumed>)             = 0
11404 <... clone resumed>)              = 11411
11404 --- SIGURG {si_signo=SIGURG, si_code=SI_TKILL, si_pid=11404, si_uid=1001} ---
11410 clone(child_stack=0x11927ff18000, flags=CLONE_VM|CLONE_FS|CLONE_FILES|CLONE_SIGHAND|CLONE_THREAD|CLONE_SYSVSEM) = 11412
11403 clone(child_stack=0x5a65d6332000, flags=CLONE_VM|CLONE_FS|CLONE_FILES|CLONE_SIGHAND|CLONE_THREAD|CLONE_SYSVSEM) = 11413
11403 clone(child_stack=0x5a65d636a000, flags=CLONE_VM|CLONE_FS|CLONE_FILES|CLONE_SIGHAND|CLONE_THREAD|CLONE_SYSVSEM) = 11414
11413 tgkill(11403, 11403, SIGURG <unfinished ...>
11403 clone(child_stack=0x5a65d6366000, flags=CLONE_VM|CLONE_FS|CLONE_FILES|CLONE_SIGHAND|CLONE_THREAD|CLONE_SYSVSEM <unfinished ...>
11413 <... tgkill resumed>)             = 0
11403 <... clone resumed>)              = 11415
11403 --- SIGURG {si_signo=SIGURG, si_code=SI_TKILL, si_pid=11403, si_uid=1001} ---
11414 clone(child_stack=0x5a65d6398000, flags=CLONE_VM|CLONE_FS|CLONE_FILES|CLONE_SIGHAND|CLONE_THREAD|CLONE_SYSVSEM) = 11416
11402 exit_group(0)                     = ?
11408 +++ exited with 0 +++
11406 +++ exited with 0 +++
11405 +++ exited with 0 +++
11407 +++ exited with 0 +++
11402 +++ exited with 0 +++
11229 --- SIGCHLD {si_signo=SIGCHLD, si_code=CLD_EXITED, si_pid=11402, si_uid=1001, si_status=0, si_utime=0, si_stime=0} ---
11285 <... waitid resumed>{si_signo=SIGCHLD, si_code=CLD_EXITED, si_pid=11402, si_uid=1001, si_status=0, si_utime=0, si_stime=0}, WEXITED, {ru_utime={tv_sec=0, tv_usec=6788}, ru_stime={tv_sec=0, tv_usec=5818}, ...}) = 0
11404 exit_group(0)                     = ?
11409 +++ exited with 0 +++
11412 +++ exited with 0 +++
11411 +++ exited with 0 +++
11410 +++ exited with 0 +++
11404 +++ exited with 0 +++
11229 --- SIGCHLD {si_signo=SIGCHLD, si_code=CLD_EXITED, si_pid=11404, si_uid=1001, si_status=0, si_utime=0, si_stime=0} ---
11224 <... waitid resumed>{si_signo=SIGCHLD, si_code=CLD_EXITED, si_pid=11404, si_uid=1001, si_status=0, si_utime=0, si_stime=0}, WEXITED, {ru_utime={tv_sec=0, tv_usec=910}, ru_stime={tv_sec=0, tv_usec=5463}, ...}) = 0
11226 tgkill(11224, 11285, SIGURG <unfinished ...>
11285 --- SIGURG {si_signo=SIGURG, si_code=SI_TKILL, si_pid=11224, si_uid=1001} ---
11226 <... tgkill resumed>)             = 0
11229 tgkill(11224, 11224, SIGURG)      = 0
11229 tgkill(11224, 11285, SIGURG <unfinished ...>
11224 --- SIGURG {si_signo=SIGURG, si_code=SI_TKILL, si_pid=11224, si_uid=1001} ---
11229 <... tgkill resumed>)             = 0
11285 --- SIGURG {si_signo=SIGURG, si_code=SI_TKILL, si_pid=11224, si_uid=1001} ---
11229 tgkill(11224, 11226, SIGURG)      = 0
11226 --- SIGURG {si_signo=SIGURG, si_code=SI_TKILL, si_pid=11224, si_uid=1001} ---
11226 clone(child_stack=NULL, flags=CLONE_VM|CLONE_PIDFD|CLONE_VFORK|SIGCHLD <unfinished ...>
11229 tgkill(11224, 11224, SIGURG)      = 0
11224 --- SIGURG {si_signo=SIGURG, si_code=SI_TKILL, si_pid=11224, si_uid=1001} ---
11229 tgkill(11224, 11285, SIGURG)      = 0
11285 --- SIGURG {si_signo=SIGURG, si_code=SI_TKILL, si_pid=11224, si_uid=1001} ---
11229 tgkill(11224, 11226, SIGURG)      = 0
11224 clone(child_stack=NULL, flags=CLONE_VM|CLONE_PIDFD|CLONE_VFORK|SIGCHLD <unfinished ...>
11229 tgkill(11224, 11224, SIGURG)      = 0
11229 tgkill(11224, 11285, SIGURG)      = 0
11285 --- SIGURG {si_signo=SIGURG, si_code=SI_TKILL, si_pid=11224, si_uid=1001} ---
11229 tgkill(11224, 11285, SIGURG)      = 0
11285 --- SIGURG {si_signo=SIGURG, si_code=SI_TKILL, si_pid=11224, si_uid=1001} ---
11403 exit_group(0)                     = ?
11416 +++ exited with 0 +++
11414 +++ exited with 0 +++
11415 +++ exited with 0 +++
11417 execve("/opt/hostedtoolcache/go/1.27.1/arm64/pkg/tool/linux_arm64/asm", ["/opt/hostedtoolcache/go/1.27.1/a"..., "-p", "internal/bytealg", "-trimpath", "/tmp/go-build180265811/b010=>", "-I", "/tmp/go-build180265811/b010/", "-I", "/opt/hostedtoolcache/go/1.27.1/a"..., "-D", "GOOS_linux", "-D", "GOARCH_arm64", "-std", "-o", "/tmp/go-build180265811/b010/inde"..., "/opt/hostedtoolcache/go/1.27.1/a"...], 0x1f50f25d1208 /* 140 vars */ <unfinished ...>
11413 +++ exited with 0 +++
11403 +++ exited with 0 +++
11226 <... clone resumed>, parent_tid=[17]) = 11417
11230 <... waitid resumed>{si_signo=SIGCHLD, si_code=CLD_EXITED, si_pid=11403, si_uid=1001, si_status=0, si_utime=0, si_stime=0}, WEXITED, {ru_utime={tv_sec=0, tv_usec=2058}, ru_stime={tv_sec=0, tv_usec=5488}, ...}) = 0
11230 --- SIGCHLD {si_signo=SIGCHLD, si_code=CLD_EXITED, si_pid=11403, si_uid=1001, si_status=0, si_utime=0, si_stime=0} ---
11417 <... execve resumed>)             = 0
11226 --- SIGURG {si_signo=SIGURG, si_code=SI_TKILL, si_pid=11224, si_uid=1001} ---
11418 execve("/opt/hostedtoolcache/go/1.27.1/arm64/pkg/tool/linux_arm64/compile", ["/opt/hostedtoolcache/go/1.27.1/a"..., "-o", "/tmp/go-build180265811/b022/_pkg"..., "-trimpath", "/tmp/go-build180265811/b022=>", "-p", "internal/strconv", "-lang=go1.27", "-std", "-complete", "-buildid", "p5miu0k1RXZEa3AC8Xsr/p5miu0k1RXZ"..., "-goversion", "go1.27.1", "-c=4", "-nolocalimports", "-importcfg", "/tmp/go-build180265811/b022/impo"..., "-pack", "/opt/hostedtoolcache/go/1.27.1/a"..., "/opt/hostedtoolcache/go/1.27.1/a"..., "/opt/hostedtoolcache/go/1.27.1/a"..., "/opt/hostedtoolcache/go/1.27.1/a"..., "/opt/hostedtoolcache/go/1.27.1/a"..., "/opt/hostedtoolcache/go/1.27.1/a"..., "/opt/hostedtoolcache/go/1.27.1/a"..., "/opt/hostedtoolcache/go/1.27.1/a"..., "/opt/hostedtoolcache/go/1.27.1/a"..., "/opt/hostedtoolcache/go/1.27.1/a"..., "/opt/hostedtoolcache/go/1.27.1/a"...], 0x1f50f247a488 /* 140 vars */ <unfinished ...>
11229 tgkill(11224, 11285, SIGURG)      = 0
11285 --- SIGURG {si_signo=SIGURG, si_code=SI_TKILL, si_pid=11224, si_uid=1001} ---
11224 <... clone resumed>, parent_tid=[21]) = 11418
11224 --- SIGURG {si_signo=SIGURG, si_code=SI_TKILL, si_pid=11224, si_uid=1001} ---
11418 <... execve resumed>)             = 0
11229 tgkill(11224, 11226, SIGURG)      = 0
11226 --- SIGURG {si_signo=SIGURG, si_code=SI_TKILL, si_pid=11224, si_uid=1001} ---
11226 waitid(P_PIDFD, 17,  <unfinished ...>
11230 waitid(P_PIDFD, 21,  <unfinished ...>
11285 clone(child_stack=NULL, flags=CLONE_VM|CLONE_PIDFD|CLONE_VFORK|SIGCHLD <unfinished ...>
11418 clone(child_stack=0x72cfb9980000, flags=CLONE_VM|CLONE_FS|CLONE_FILES|CLONE_SIGHAND|CLONE_THREAD|CLONE_SYSVSEM) = 11420
11417 clone(child_stack=0x38e72ec50000, flags=CLONE_VM|CLONE_FS|CLONE_FILES|CLONE_SIGHAND|CLONE_THREAD|CLONE_SYSVSEM <unfinished ...>
11418 clone(child_stack=0x72cfb99b8000, flags=CLONE_VM|CLONE_FS|CLONE_FILES|CLONE_SIGHAND|CLONE_THREAD|CLONE_SYSVSEM <unfinished ...>
11417 <... clone resumed>)              = 11421
11418 <... clone resumed>)              = 11422
11418 clone(child_stack=0x72cfb99b4000, flags=CLONE_VM|CLONE_FS|CLONE_FILES|CLONE_SIGHAND|CLONE_THREAD|CLONE_SYSVSEM <unfinished ...>
11417 clone(child_stack=0x38e72ec88000, flags=CLONE_VM|CLONE_FS|CLONE_FILES|CLONE_SIGHAND|CLONE_THREAD|CLONE_SYSVSEM) = 11424
11418 <... clone resumed>)              = 11423
11421 tgkill(11417, 11417, SIGURG)      = 0
11417 clone(child_stack=0x38e72ec84000, flags=CLONE_VM|CLONE_FS|CLONE_FILES|CLONE_SIGHAND|CLONE_THREAD|CLONE_SYSVSEM <unfinished ...>
11422 clone(child_stack=0x72cfb9a18000, flags=CLONE_VM|CLONE_FS|CLONE_FILES|CLONE_SIGHAND|CLONE_THREAD|CLONE_SYSVSEM <unfinished ...>
11417 <... clone resumed>)              = 11425
11422 <... clone resumed>)              = 11426
11424 clone(child_stack=0x38e72ed18000, flags=CLONE_VM|CLONE_FS|CLONE_FILES|CLONE_SIGHAND|CLONE_THREAD|CLONE_SYSVSEM <unfinished ...>
11417 --- SIGURG {si_signo=SIGURG, si_code=SI_TKILL, si_pid=11417, si_uid=1001} ---
11424 <... clone resumed>)              = 11427
11424 clone(child_stack=0x38e72ed14000, flags=CLONE_VM|CLONE_FS|CLONE_FILES|CLONE_SIGHAND|CLONE_THREAD|CLONE_SYSVSEM) = 11428
11419 execve("/opt/hostedtoolcache/go/1.27.1/arm64/pkg/tool/linux_arm64/asm", ["/opt/hostedtoolcache/go/1.27.1/a"..., "-p", "internal/runtime/sys", "-trimpath", "/tmp/go-build180265811/b027=>", "-I", "/tmp/go-build180265811/b027/", "-I", "/opt/hostedtoolcache/go/1.27.1/a"..., "-D", "GOOS_linux", "-D", "GOARCH_arm64", "-std", "-gensymabis", "-o", "/tmp/go-build180265811/b027/syma"..., "/opt/hostedtoolcache/go/1.27.1/a"..., "/opt/hostedtoolcache/go/1.27.1/a"...], 0x1f50f275d208 /* 140 vars */) = 0
11285 <... clone resumed>, parent_tid=[16]) = 11419
11285 waitid(P_PIDFD, 16,  <unfinished ...>
11420 clone(child_stack=0x72cfb9d9c000, flags=CLONE_VM|CLONE_FS|CLONE_FILES|CLONE_SIGHAND|CLONE_THREAD|CLONE_SYSVSEM) = 11429
11229 clone(child_stack=NULL, flags=CLONE_VM|CLONE_PIDFD|CLONE_VFORK|SIGCHLD <unfinished ...>
11417 exit_group(0)                     = ?
11427 +++ exited with 0 +++
11425 +++ exited with 0 +++
11424 +++ exited with 0 +++
11421 +++ exited with 0 +++
11428 +++ exited with 0 +++
11417 +++ exited with 0 +++
11226 <... waitid resumed>{si_signo=SIGCHLD, si_code=CLD_EXITED, si_pid=11417, si_uid=1001, si_status=0, si_utime=0, si_stime=0}, WEXITED, {ru_utime={tv_sec=0, tv_usec=0}, ru_stime={tv_sec=0, tv_usec=6340}, ...}) = 0
11226 --- SIGCHLD {si_signo=SIGCHLD, si_code=CLD_EXITED, si_pid=11417, si_uid=1001, si_status=0, si_utime=0, si_stime=0} ---
11430 execve("/opt/hostedtoolcache/go/1.27.1/arm64/pkg/tool/linux_arm64/compile", ["/opt/hostedtoolcache/go/1.27.1/a"..., "-o", "/tmp/go-build180265811/b024/_pkg"..., "-trimpath", "/tmp/go-build180265811/b024=>", "-p", "internal/runtime/exithook", "-lang=go1.27", "-std", "-complete", "-buildid", "ELhzkZa6ztmAEW3uupdT/ELhzkZa6ztm"..., "-goversion", "go1.27.1", "-c=4", "-nolocalimports", "-importcfg", "/tmp/go-build180265811/b024/impo"..., "-pack", "/opt/hostedtoolcache/go/1.27.1/a"...], 0x1f50f247a908 /* 140 vars */ <unfinished ...>
11229 <... clone resumed>, parent_tid=[15]) = 11430
11430 <... execve resumed>)             = 0
11229 waitid(P_PIDFD, 15,  <unfinished ...>
11226 clone(child_stack=NULL, flags=CLONE_VM|CLONE_PIDFD|CLONE_VFORK|SIGCHLD <unfinished ...>
11431 execve("/opt/hostedtoolcache/go/1.27.1/arm64/pkg/tool/linux_arm64/asm", ["/opt/hostedtoolcache/go/1.27.1/a"..., "-p", "internal/bytealg", "-trimpath", "/tmp/go-build180265811/b010=>", "-I", "/tmp/go-build180265811/b010/", "-I", "/opt/hostedtoolcache/go/1.27.1/a"..., "-D", "GOOS_linux", "-D", "GOARCH_arm64", "-std", "-o", "/tmp/go-build180265811/b010/inde"..., "/opt/hostedtoolcache/go/1.27.1/a"...], 0x1f50f25d0488 /* 140 vars */ <unfinished ...>
11226 <... clone resumed>, parent_tid=[17]) = 11431
11431 <... execve resumed>)             = 0
11226 waitid(P_PIDFD, 17,  <unfinished ...>
11419 clone(child_stack=0x27897bc52000, flags=CLONE_VM|CLONE_FS|CLONE_FILES|CLONE_SIGHAND|CLONE_THREAD|CLONE_SYSVSEM) = 11432
11419 clone(child_stack=0x27897bc8a000, flags=CLONE_VM|CLONE_FS|CLONE_FILES|CLONE_SIGHAND|CLONE_THREAD|CLONE_SYSVSEM) = 11433
11432 tgkill(11419, 11419, SIGURG)      = 0
11419 --- SIGURG {si_signo=SIGURG, si_code=SI_TKILL, si_pid=11419, si_uid=1001} ---
11419 clone(child_stack=0x27897bc86000, flags=CLONE_VM|CLONE_FS|CLONE_FILES|CLONE_SIGHAND|CLONE_THREAD|CLONE_SYSVSEM <unfinished ...>
11433 clone(child_stack=0x27897bd18000, flags=CLONE_VM|CLONE_FS|CLONE_FILES|CLONE_SIGHAND|CLONE_THREAD|CLONE_SYSVSEM) = 11435
11419 <... clone resumed>)              = 11434
11430 clone(child_stack=0x5b56d5f50000, flags=CLONE_VM|CLONE_FS|CLONE_FILES|CLONE_SIGHAND|CLONE_THREAD|CLONE_SYSVSEM) = 11436
11430 clone(child_stack=0x5b56d5f88000, flags=CLONE_VM|CLONE_FS|CLONE_FILES|CLONE_SIGHAND|CLONE_THREAD|CLONE_SYSVSEM) = 11437
11430 clone(child_stack=0x5b56d5f84000, flags=CLONE_VM|CLONE_FS|CLONE_FILES|CLONE_SIGHAND|CLONE_THREAD|CLONE_SYSVSEM) = 11438
11430 clone(child_stack=0x5b56d5fac000, flags=CLONE_VM|CLONE_FS|CLONE_FILES|CLONE_SIGHAND|CLONE_THREAD|CLONE_SYSVSEM) = 11439
11437 clone(child_stack=0x5b56d5fa8000, flags=CLONE_VM|CLONE_FS|CLONE_FILES|CLONE_SIGHAND|CLONE_THREAD|CLONE_SYSVSEM) = 11440
11420 tgkill(11418, 11418, SIGURG)      = 0
11418 --- SIGURG {si_signo=SIGURG, si_code=SI_TKILL, si_pid=11418, si_uid=1001} ---
11431 clone(child_stack=0x1f02df8ea000, flags=CLONE_VM|CLONE_FS|CLONE_FILES|CLONE_SIGHAND|CLONE_THREAD|CLONE_SYSVSEM) = 11441
11419 exit_group(0)                     = ?
11435 +++ exited with 0 +++
11432 +++ exited with 0 +++
11434 +++ exited with 0 +++
11433 +++ exited with 0 +++
11441 tgkill(11431, 11431, SIGURG <unfinished ...>
11431 clone(child_stack=0x1f02df922000, flags=CLONE_VM|CLONE_FS|CLONE_FILES|CLONE_SIGHAND|CLONE_THREAD|CLONE_SYSVSEM <unfinished ...>
11441 <... tgkill resumed>)             = 0
11419 +++ exited with 0 +++
11431 <... clone resumed>)              = 11442
11231 --- SIGCHLD {si_signo=SIGCHLD, si_code=CLD_EXITED, si_pid=11419, si_uid=1001, si_status=0, si_utime=0, si_stime=0} ---
11431 --- SIGURG {si_signo=SIGURG, si_code=SI_TKILL, si_pid=11431, si_uid=1001} ---
11285 <... waitid resumed>{si_signo=SIGCHLD, si_code=CLD_EXITED, si_pid=11419, si_uid=1001, si_status=0, si_utime=0, si_stime=0}, WEXITED, {ru_utime={tv_sec=0, tv_usec=0}, ru_stime={tv_sec=0, tv_usec=5652}, ...}) = 0
11441 tgkill(11431, 11431, SIGURG)      = 0
11431 clone(child_stack=0x1f02df91e000, flags=CLONE_VM|CLONE_FS|CLONE_FILES|CLONE_SIGHAND|CLONE_THREAD|CLONE_SYSVSEM) = 11443
11431 --- SIGURG {si_signo=SIGURG, si_code=SI_TKILL, si_pid=11431, si_uid=1001} ---
11442 clone(child_stack=0x1f02df998000, flags=CLONE_VM|CLONE_FS|CLONE_FILES|CLONE_SIGHAND|CLONE_THREAD|CLONE_SYSVSEM) = 11444
11231 clone(child_stack=NULL, flags=CLONE_VM|CLONE_PIDFD|CLONE_VFORK|SIGCHLD <unfinished ...>
11444 clone(child_stack=0x1f02df994000, flags=CLONE_VM|CLONE_FS|CLONE_FILES|CLONE_SIGHAND|CLONE_THREAD|CLONE_SYSVSEM) = 11446
11445 execve("/opt/hostedtoolcache/go/1.27.1/arm64/pkg/tool/linux_arm64/compile", ["/opt/hostedtoolcache/go/1.27.1/a"..., "-o", "/tmp/go-build180265811/b027/_pkg"..., "-trimpath", "/tmp/go-build180265811/b027=>", "-p", "internal/runtime/sys", "-lang=go1.27", "-std", "-buildid", "7kGJrNa8U6ho9hzPEuBq/7kGJrNa8U6h"..., "-goversion", "go1.27.1", "-symabis", "/tmp/go-build180265811/b027/syma"..., "-c=4", "-nolocalimports", "-importcfg", "/tmp/go-build180265811/b027/impo"..., "-pack", "-asmhdr", "/tmp/go-build180265811/b027/go_a"..., "/opt/hostedtoolcache/go/1.27.1/a"..., "/opt/hostedtoolcache/go/1.27.1/a"..., "/opt/hostedtoolcache/go/1.27.1/a"..., "/opt/hostedtoolcache/go/1.27.1/a"..., "/opt/hostedtoolcache/go/1.27.1/a"..., "/opt/hostedtoolcache/go/1.27.1/a"..., "/opt/hostedtoolcache/go/1.27.1/a"...], 0x1f50f2806488 /* 140 vars */ <unfinished ...>
11231 <... clone resumed>, parent_tid=[16]) = 11445
11445 <... execve resumed>)             = 0
11231 waitid(P_PIDFD, 16,  <unfinished ...>
11431 exit_group(0)                     = ?
11446 +++ exited with 0 +++
11444 +++ exited with 0 +++
11443 +++ exited with 0 +++
11442 +++ exited with 0 +++
11441 +++ exited with 0 +++
11431 +++ exited with 0 +++
11225 --- SIGCHLD {si_signo=SIGCHLD, si_code=CLD_EXITED, si_pid=11431, si_uid=1001, si_status=0, si_utime=0, si_stime=0} ---
11226 <... waitid resumed>{si_signo=SIGCHLD, si_code=CLD_EXITED, si_pid=11431, si_uid=1001, si_status=0, si_utime=0, si_stime=0}, WEXITED, {ru_utime={tv_sec=0, tv_usec=2058}, ru_stime={tv_sec=0, tv_usec=4116}, ...}) = 0
11445 clone(child_stack=0x668a73892000, flags=CLONE_VM|CLONE_FS|CLONE_FILES|CLONE_SIGHAND|CLONE_THREAD|CLONE_SYSVSEM) = 11447
11445 clone(child_stack=0x668a738ca000, flags=CLONE_VM|CLONE_FS|CLONE_FILES|CLONE_SIGHAND|CLONE_THREAD|CLONE_SYSVSEM) = 11448
11436 tgkill(11430, 11430, SIGURG)      = 0
11430 --- SIGURG {si_signo=SIGURG, si_code=SI_TKILL, si_pid=11430, si_uid=1001} ---
11445 clone(child_stack=0x668a738c6000, flags=CLONE_VM|CLONE_FS|CLONE_FILES|CLONE_SIGHAND|CLONE_THREAD|CLONE_SYSVSEM) = 11449
11448 clone(child_stack=0x668a73918000, flags=CLONE_VM|CLONE_FS|CLONE_FILES|CLONE_SIGHAND|CLONE_THREAD|CLONE_SYSVSEM) = 11450
11440 exit_group(0)                     = ?
11440 +++ exited with 0 +++
11439 +++ exited with 0 +++
11437 +++ exited with 0 +++
11436 +++ exited with 0 +++
11438 +++ exited with 0 +++
11430 +++ exited with 0 +++
11285 --- SIGCHLD {si_signo=SIGCHLD, si_code=CLD_EXITED, si_pid=11430, si_uid=1001, si_status=0, si_utime=1 /* 0.01 s */, si_stime=0} ---
11229 <... waitid resumed>{si_signo=SIGCHLD, si_code=CLD_EXITED, si_pid=11430, si_uid=1001, si_status=0, si_utime=0, si_stime=0}, WEXITED, {ru_utime={tv_sec=0, tv_usec=11190}, ru_stime={tv_sec=0, tv_usec=4662}, ...}) = 0
11447 clone(child_stack=0x668a73d9c000, flags=CLONE_VM|CLONE_FS|CLONE_FILES|CLONE_SIGHAND|CLONE_THREAD|CLONE_SYSVSEM) = 11451
11226 clone(child_stack=NULL, flags=CLONE_VM|CLONE_PIDFD|CLONE_VFORK|SIGCHLD <unfinished ...>
11420 tgkill(11418, 11418, SIGURG)      = 0
11418 --- SIGURG {si_signo=SIGURG, si_code=SI_TKILL, si_pid=11418, si_uid=1001} ---
11225 tgkill(11224, 11226, SIGURG)      = 0
11225 tgkill(11224, 11229, SIGURG)      = 0
11229 --- SIGURG {si_signo=SIGURG, si_code=SI_TKILL, si_pid=11224, si_uid=1001} ---
11452 execve("/opt/hostedtoolcache/go/1.27.1/arm64/pkg/tool/linux_arm64/compile", ["/opt/hostedtoolcache/go/1.27.1/a"..., "-o", "/tmp/go-build180265811/b029/_pkg"..., "-trimpath", "/tmp/go-build180265811/b029=>", "-p", "internal/asan", "-lang=go1.27", "-std", "-complete", "-buildid", "ql10FtP9oAow50ExWstg/ql10FtP9oAo"..., "-goversion", "go1.27.1", "-c=4", "-nolocalimports", "-importcfg", "/tmp/go-build180265811/b029/impo"..., "-pack", "/opt/hostedtoolcache/go/1.27.1/a"..., "/opt/hostedtoolcache/go/1.27.1/a"...], 0x1f50f247ad88 /* 140 vars */ <unfinished ...>
11226 <... clone resumed>, parent_tid=[15]) = 11452
11226 --- SIGURG {si_signo=SIGURG, si_code=SI_TKILL, si_pid=11224, si_uid=1001} ---
11452 <... execve resumed>)             = 0
11225 tgkill(11224, 11226, SIGURG)      = 0
11226 --- SIGURG {si_signo=SIGURG, si_code=SI_TKILL, si_pid=11224, si_uid=1001} ---
11228 waitid(P_PIDFD, 15,  <unfinished ...>
11229 clone(child_stack=NULL, flags=CLONE_VM|CLONE_PIDFD|CLONE_VFORK|SIGCHLD <unfinished ...>
11447 tgkill(11445, 11451, SIGURG <unfinished ...>
11451 --- SIGURG {si_signo=SIGURG, si_code=SI_TKILL, si_pid=11445, si_uid=1001} ---
11447 <... tgkill resumed>)             = 0
11225 tgkill(11224, 11229, SIGURG)      = 0
11453 execve("/opt/hostedtoolcache/go/1.27.1/arm64/pkg/tool/linux_arm64/compile", ["/opt/hostedtoolcache/go/1.27.1/a"..., "-o", "/tmp/go-build180265811/b030/_pkg"..., "-trimpath", "/tmp/go-build180265811/b030=>", "-p", "internal/msan", "-lang=go1.27", "-std", "-complete", "-buildid", "PU3gMVcPpa3dEyJZ9q--/PU3gMVcPpa3"..., "-goversion", "go1.27.1", "-c=4", "-nolocalimports", "-importcfg", "/tmp/go-build180265811/b030/impo"..., "-pack", "/opt/hostedtoolcache/go/1.27.1/a"..., "/opt/hostedtoolcache/go/1.27.1/a"...], 0x1f50f25d0908 /* 140 vars */ <unfinished ...>
11229 <... clone resumed>, parent_tid=[17]) = 11453
11229 --- SIGURG {si_signo=SIGURG, si_code=SI_TKILL, si_pid=11224, si_uid=1001} ---
11453 <... execve resumed>)             = 0
11229 waitid(P_PIDFD, 17,  <unfinished ...>
11449 exit_group(0)                     = ?
11451 +++ exited with 0 +++
11450 +++ exited with 0 +++
11448 +++ exited with 0 +++
11447 +++ exited with 0 +++
11420 tgkill(11418, 11418, SIGURG)      = 0
11418 --- SIGURG {si_signo=SIGURG, si_code=SI_TKILL, si_pid=11418, si_uid=1001} ---
11420 tgkill(11418, 11423, SIGURG)      = 0
11423 --- SIGURG {si_signo=SIGURG, si_code=SI_TKILL, si_pid=11418, si_uid=1001} ---
11452 clone(child_stack=0x4da72ab38000, flags=CLONE_VM|CLONE_FS|CLONE_FILES|CLONE_SIGHAND|CLONE_THREAD|CLONE_SYSVSEM) = 11454
11449 +++ exited with 0 +++
11445 +++ exited with 0 +++
11231 <... waitid resumed>{si_signo=SIGCHLD, si_code=CLD_EXITED, si_pid=11445, si_uid=1001, si_status=0, si_utime=0, si_stime=0}, WEXITED, {ru_utime={tv_sec=0, tv_usec=10313}, ru_stime={tv_sec=0, tv_usec=7500}, ...}) = 0
11285 --- SIGCHLD {si_signo=SIGCHLD, si_code=CLD_EXITED, si_pid=11445, si_uid=1001, si_status=0, si_utime=1 /* 0.01 s */, si_stime=0} ---
11452 clone(child_stack=0x4da72ab70000, flags=CLONE_VM|CLONE_FS|CLONE_FILES|CLONE_SIGHAND|CLONE_THREAD|CLONE_SYSVSEM) = 11455
11452 clone(child_stack=0x4da72ab6c000, flags=CLONE_VM|CLONE_FS|CLONE_FILES|CLONE_SIGHAND|CLONE_THREAD|CLONE_SYSVSEM <unfinished ...>
11225 tgkill(11224, 11285, SIGURG <unfinished ...>
11452 <... clone resumed>)              = 11456
11225 <... tgkill resumed>)             = 0
11285 --- SIGURG {si_signo=SIGURG, si_code=SI_TKILL, si_pid=11224, si_uid=1001} ---
11455 clone(child_stack=0x4da72aba0000, flags=CLONE_VM|CLONE_FS|CLONE_FILES|CLONE_SIGHAND|CLONE_THREAD|CLONE_SYSVSEM) = 11457
11453 clone(child_stack=0x11f07a054000, flags=CLONE_VM|CLONE_FS|CLONE_FILES|CLONE_SIGHAND|CLONE_THREAD|CLONE_SYSVSEM) = 11458
11453 clone(child_stack=0x11f07a090000, flags=CLONE_VM|CLONE_FS|CLONE_FILES|CLONE_SIGHAND|CLONE_THREAD|CLONE_SYSVSEM) = 11459
11458 tgkill(11453, 11453, SIGURG)      = 0
11453 --- SIGURG {si_signo=SIGURG, si_code=SI_TKILL, si_pid=11453, si_uid=1001} ---
11420 tgkill(11418, 11426, SIGURG)      = 0
11426 --- SIGURG {si_signo=SIGURG, si_code=SI_TKILL, si_pid=11418, si_uid=1001} ---
11420 tgkill(11418, 11422, SIGURG <unfinished ...>
11422 --- SIGURG {si_signo=SIGURG, si_code=SI_TKILL, si_pid=11418, si_uid=1001} ---
11420 <... tgkill resumed>)             = 0
11453 clone(child_stack=0x11f07a08c000, flags=CLONE_VM|CLONE_FS|CLONE_FILES|CLONE_SIGHAND|CLONE_THREAD|CLONE_SYSVSEM) = 11460
11224 clone(child_stack=NULL, flags=CLONE_VM|CLONE_PIDFD|CLONE_VFORK|SIGCHLD <unfinished ...>
11459 clone(child_stack=0x11f07a0b0000, flags=CLONE_VM|CLONE_FS|CLONE_FILES|CLONE_SIGHAND|CLONE_THREAD|CLONE_SYSVSEM) = 11462
11225 tgkill(11224, 11224, SIGURG)      = 0
11461 execve("/opt/hostedtoolcache/go/1.27.1/arm64/pkg/tool/linux_arm64/asm", ["/opt/hostedtoolcache/go/1.27.1/a"..., "-p", "internal/runtime/sys", "-trimpath", "/tmp/go-build180265811/b027=>", "-I", "/tmp/go-build180265811/b027/", "-I", "/opt/hostedtoolcache/go/1.27.1/a"..., "-D", "GOOS_linux", "-D", "GOARCH_arm64", "-std", "-o", "/tmp/go-build180265811/b027/dit_"..., "/opt/hostedtoolcache/go/1.27.1/a"...], 0x1f50f2806908 /* 140 vars */ <unfinished ...>
11224 <... clone resumed>, parent_tid=[16]) = 11461
11224 --- SIGURG {si_signo=SIGURG, si_code=SI_TKILL, si_pid=11224, si_uid=1001} ---
11226 waitid(P_PIDFD, 16,  <unfinished ...>
11461 <... execve resumed>)             = 0
11420 tgkill(11418, 11423, SIGURG)      = 0
11423 --- SIGURG {si_signo=SIGURG, si_code=SI_TKILL, si_pid=11418, si_uid=1001} ---
11456 exit_group(0)                     = ?
11457 +++ exited with 0 +++
11456 +++ exited with 0 +++
11455 +++ exited with 0 +++
11454 +++ exited with 0 +++
11452 +++ exited with 0 +++
11231 --- SIGCHLD {si_signo=SIGCHLD, si_code=CLD_EXITED, si_pid=11452, si_uid=1001, si_status=0, si_utime=0, si_stime=0} ---
11226 <... waitid resumed>0x1f50f26390d8, WEXITED, 0x1f50f2434240) = ? ERESTARTSYS (To be restarted if SA_RESTART is set)
11228 <... waitid resumed>{si_signo=SIGCHLD, si_code=CLD_EXITED, si_pid=11452, si_uid=1001, si_status=0, si_utime=0, si_stime=0}, WEXITED, {ru_utime={tv_sec=0, tv_usec=2315}, ru_stime={tv_sec=0, tv_usec=10417}, ...}) = 0
11226 waitid(P_PIDFD, 16,  <unfinished ...>
11423 exit_group(0)                     = ?
11429 +++ exited with 0 +++
11423 +++ exited with 0 +++
11422 +++ exited with 0 +++
11426 +++ exited with 0 +++
11453 exit_group(0)                     = ?
11462 +++ exited with 0 +++
11460 +++ exited with 0 +++
11459 +++ exited with 0 +++
11458 +++ exited with 0 +++
11453 +++ exited with 0 +++
11420 +++ exited with 0 +++
11418 +++ exited with 0 +++
11229 <... waitid resumed>{si_signo=SIGCHLD, si_code=CLD_EXITED, si_pid=11453, si_uid=1001, si_status=0, si_utime=0, si_stime=0}, WEXITED, {ru_utime={tv_sec=0, tv_usec=5390}, ru_stime={tv_sec=0, tv_usec=6738}, ...}) = 0
11285 --- SIGCHLD {si_signo=SIGCHLD, si_code=CLD_EXITED, si_pid=11453, si_uid=1001, si_status=0, si_utime=0, si_stime=0} ---
11230 <... waitid resumed>{si_signo=SIGCHLD, si_code=CLD_EXITED, si_pid=11418, si_uid=1001, si_status=0, si_utime=0, si_stime=0}, WEXITED, {ru_utime={tv_sec=0, tv_usec=99752}, ru_stime={tv_sec=0, tv_usec=20142}, ...}) = 0
11461 clone(child_stack=0x16c12cf30000, flags=CLONE_VM|CLONE_FS|CLONE_FILES|CLONE_SIGHAND|CLONE_THREAD|CLONE_SYSVSEM) = 11463
11461 clone(child_stack=0x16c12cf68000, flags=CLONE_VM|CLONE_FS|CLONE_FILES|CLONE_SIGHAND|CLONE_THREAD|CLONE_SYSVSEM) = 11464
11461 clone(child_stack=0x16c12cf64000, flags=CLONE_VM|CLONE_FS|CLONE_FILES|CLONE_SIGHAND|CLONE_THREAD|CLONE_SYSVSEM) = 11465
11464 clone(child_stack=0x16c12cf98000, flags=CLONE_VM|CLONE_FS|CLONE_FILES|CLONE_SIGHAND|CLONE_THREAD|CLONE_SYSVSEM) = 11466
11225 tgkill(11224, 11231, SIGURG)      = 0
11231 --- SIGURG {si_signo=SIGURG, si_code=SI_TKILL, si_pid=11224, si_uid=1001} ---
11224 tgkill(11224, 11228, SIGURG)      = 0
11228 --- SIGURG {si_signo=SIGURG, si_code=SI_TKILL, si_pid=11224, si_uid=1001} ---
11224 tgkill(11224, 11285, SIGURG)      = 0
11285 --- SIGURG {si_signo=SIGURG, si_code=SI_TKILL, si_pid=11224, si_uid=1001} ---
11228 clone(child_stack=NULL, flags=CLONE_VM|CLONE_PIDFD|CLONE_VFORK|SIGCHLD <unfinished ...>
11461 exit_group(0)                     = ?
11465 +++ exited with 0 +++
11463 +++ exited with 0 +++
11464 +++ exited with 0 +++
11466 +++ exited with 0 +++
11461 +++ exited with 0 +++
11226 <... waitid resumed>{si_signo=SIGCHLD, si_code=CLD_EXITED, si_pid=11461, si_uid=1001, si_status=0, si_utime=0, si_stime=0}, WEXITED, {ru_utime={tv_sec=0, tv_usec=3117}, ru_stime={tv_sec=0, tv_usec=3117}, ...}) = 0
11225 --- SIGCHLD {si_signo=SIGCHLD, si_code=CLD_EXITED, si_pid=11461, si_uid=1001, si_status=0, si_utime=0, si_stime=0} ---
11467 execve("/opt/hostedtoolcache/go/1.27.1/arm64/pkg/tool/linux_arm64/compile", ["/opt/hostedtoolcache/go/1.27.1/a"..., "-o", "/tmp/go-build180265811/b031/_pkg"..., "-trimpath", "/tmp/go-build180265811/b031=>", "-p", "internal/race", "-lang=go1.27", "-std", "-complete", "-buildid", "xma0VFSWFMNq2-bIgxtC/xma0VFSWFMN"..., "-goversion", "go1.27.1", "-c=4", "-nolocalimports", "-importcfg", "/tmp/go-build180265811/b031/impo"..., "-pack", "/opt/hostedtoolcache/go/1.27.1/a"..., "/opt/hostedtoolcache/go/1.27.1/a"...], 0x1f50f2806488 /* 140 vars */ <unfinished ...>
11228 <... clone resumed>, parent_tid=[15]) = 11467
11467 <... execve resumed>)             = 0
11285 clone(child_stack=NULL, flags=CLONE_VM|CLONE_PIDFD|CLONE_VFORK|SIGCHLD <unfinished ...>
11224 clone(child_stack=NULL, flags=CLONE_VM|CLONE_PIDFD|CLONE_VFORK|SIGCHLD <unfinished ...>
11228 waitid(P_PIDFD, 15,  <unfinished ...>
11469 execve("/opt/hostedtoolcache/go/1.27.1/arm64/pkg/tool/linux_arm64/asm", ["/opt/hostedtoolcache/go/1.27.1/a"..., "-p", "internal/runtime/sys", "-trimpath", "/tmp/go-build180265811/b027=>", "-I", "/tmp/go-build180265811/b027/", "-I", "/opt/hostedtoolcache/go/1.27.1/a"..., "-D", "GOOS_linux", "-D", "GOARCH_arm64", "-std", "-o", "/tmp/go-build180265811/b027/empt"..., "/opt/hostedtoolcache/go/1.27.1/a"...], 0x1f50f247a488 /* 140 vars */ <unfinished ...>
11224 <... clone resumed>, parent_tid=[9]) = 11469
11469 <... execve resumed>)             = 0
11468 execve("/opt/hostedtoolcache/go/1.27.1/arm64/pkg/tool/linux_arm64/compile", ["/opt/hostedtoolcache/go/1.27.1/a"..., "-o", "/tmp/go-build180265811/b032/_pkg"..., "-trimpath", "/tmp/go-build180265811/b032=>", "-p", "internal/runtime/math", "-lang=go1.27", "-std", "-complete", "-buildid", "jRxvbwZ8ow1SscA-eUn1/jRxvbwZ8ow1"..., "-goversion", "go1.27.1", "-c=4", "-nolocalimports", "-importcfg", "/tmp/go-build180265811/b032/impo"..., "-pack", "/opt/hostedtoolcache/go/1.27.1/a"...], 0x1f50f275d208 /* 140 vars */ <unfinished ...>
11285 <... clone resumed>, parent_tid=[10]) = 11468
11468 <... execve resumed>)             = 0
11285 waitid(P_PIDFD, 10,  <unfinished ...>
11224 waitid(P_PIDFD, 9,  <unfinished ...>
11231 clone(child_stack=NULL, flags=CLONE_VM|CLONE_PIDFD|CLONE_VFORK|SIGCHLD <unfinished ...>
11470 execve("/opt/hostedtoolcache/go/1.27.1/arm64/pkg/tool/linux_arm64/compile", ["/opt/hostedtoolcache/go/1.27.1/a"..., "-o", "/tmp/go-build180265811/b020/_pkg"..., "-trimpath", "/tmp/go-build180265811/b020=>", "-p", "internal/runtime/cgroup", "-lang=go1.27", "-std", "-complete", "-buildid", "fPWrLBcDwSFlp2xROnqL/fPWrLBcDwSF"..., "-goversion", "go1.27.1", "-c=4", "-nolocalimports", "-importcfg", "/tmp/go-build180265811/b020/impo"..., "-pack", "/opt/hostedtoolcache/go/1.27.1/a"..., "/opt/hostedtoolcache/go/1.27.1/a"..., "/opt/hostedtoolcache/go/1.27.1/a"..., "/opt/hostedtoolcache/go/1.27.1/a"...], 0x1f50f25d0488 /* 140 vars */ <unfinished ...>
11231 <... clone resumed>, parent_tid=[16]) = 11470
11470 <... execve resumed>)             = 0
11231 waitid(P_PIDFD, 16,  <unfinished ...>
11467 clone(child_stack=0x3493b81f2000, flags=CLONE_VM|CLONE_FS|CLONE_FILES|CLONE_SIGHAND|CLONE_THREAD|CLONE_SYSVSEM) = 11471
11467 clone(child_stack=0x3493b822a000, flags=CLONE_VM|CLONE_FS|CLONE_FILES|CLONE_SIGHAND|CLONE_THREAD|CLONE_SYSVSEM <unfinished ...>
11471 tgkill(11467, 11467, SIGURG)      = 0
11467 <... clone resumed>)              = 11472
11467 --- SIGURG {si_signo=SIGURG, si_code=SI_TKILL, si_pid=11467, si_uid=1001} ---
11467 clone(child_stack=0x3493b8226000, flags=CLONE_VM|CLONE_FS|CLONE_FILES|CLONE_SIGHAND|CLONE_THREAD|CLONE_SYSVSEM) = 11473
11472 clone(child_stack=0x3493b8298000, flags=CLONE_VM|CLONE_FS|CLONE_FILES|CLONE_SIGHAND|CLONE_THREAD|CLONE_SYSVSEM) = 11474
11469 clone(child_stack=0x4fe88e88e000, flags=CLONE_VM|CLONE_FS|CLONE_FILES|CLONE_SIGHAND|CLONE_THREAD|CLONE_SYSVSEM) = 11475
11469 clone(child_stack=0x4fe88e8c6000, flags=CLONE_VM|CLONE_FS|CLONE_FILES|CLONE_SIGHAND|CLONE_THREAD|CLONE_SYSVSEM <unfinished ...>
11475 tgkill(11469, 11469, SIGURG)      = 0
11469 <... clone resumed>)              = 11476
11469 --- SIGURG {si_signo=SIGURG, si_code=SI_TKILL, si_pid=11469, si_uid=1001} ---
11469 clone(child_stack=0x4fe88e8c2000, flags=CLONE_VM|CLONE_FS|CLONE_FILES|CLONE_SIGHAND|CLONE_THREAD|CLONE_SYSVSEM) = 11477
11476 clone(child_stack=0x4fe88e918000, flags=CLONE_VM|CLONE_FS|CLONE_FILES|CLONE_SIGHAND|CLONE_THREAD|CLONE_SYSVSEM) = 11478
11468 clone(child_stack=0x326a1bc72000, flags=CLONE_VM|CLONE_FS|CLONE_FILES|CLONE_SIGHAND|CLONE_THREAD|CLONE_SYSVSEM) = 11479
11468 clone(child_stack=0x326a1bcaa000, flags=CLONE_VM|CLONE_FS|CLONE_FILES|CLONE_SIGHAND|CLONE_THREAD|CLONE_SYSVSEM) = 11480
11479 tgkill(11468, 11468, SIGURG)      = 0
11468 clone(child_stack=0x326a1bca6000, flags=CLONE_VM|CLONE_FS|CLONE_FILES|CLONE_SIGHAND|CLONE_THREAD|CLONE_SYSVSEM) = 11481
11468 --- SIGURG {si_signo=SIGURG, si_code=SI_TKILL, si_pid=11468, si_uid=1001} ---
11468 clone(child_stack=0x326a1bccc000, flags=CLONE_VM|CLONE_FS|CLONE_FILES|CLONE_SIGHAND|CLONE_THREAD|CLONE_SYSVSEM) = 11482
11481 clone(child_stack=0x326a1bcc8000, flags=CLONE_VM|CLONE_FS|CLONE_FILES|CLONE_SIGHAND|CLONE_THREAD|CLONE_SYSVSEM) = 11483
11469 exit_group(0)                     = ?
11476 +++ exited with 0 +++
11478 +++ exited with 0 +++
11475 +++ exited with 0 +++
11477 +++ exited with 0 +++
11469 +++ exited with 0 +++
11226 --- SIGCHLD {si_signo=SIGCHLD, si_code=CLD_EXITED, si_pid=11469, si_uid=1001, si_status=0, si_utime=0, si_stime=0} ---
11224 <... waitid resumed>{si_signo=SIGCHLD, si_code=CLD_EXITED, si_pid=11469, si_uid=1001, si_status=0, si_utime=0, si_stime=0}, WEXITED, {ru_utime={tv_sec=0, tv_usec=2408}, ru_stime={tv_sec=0, tv_usec=3210}, ...}) = 0
11225 tgkill(11224, 11224, SIGURG)      = 0
11224 --- SIGURG {si_signo=SIGURG, si_code=SI_TKILL, si_pid=11224, si_uid=1001} ---
11470 clone(child_stack=0x61bd9b584000, flags=CLONE_VM|CLONE_FS|CLONE_FILES|CLONE_SIGHAND|CLONE_THREAD|CLONE_SYSVSEM) = 11484
11470 clone(child_stack=0x61bd9b5bc000, flags=CLONE_VM|CLONE_FS|CLONE_FILES|CLONE_SIGHAND|CLONE_THREAD|CLONE_SYSVSEM) = 11485
11484 tgkill(11470, 11470, SIGURG)      = 0
11470 --- SIGURG {si_signo=SIGURG, si_code=SI_TKILL, si_pid=11470, si_uid=1001} ---
11470 clone(child_stack=0x61bd9b5b8000, flags=CLONE_VM|CLONE_FS|CLONE_FILES|CLONE_SIGHAND|CLONE_THREAD|CLONE_SYSVSEM) = 11486
11485 clone(child_stack=0x61bd9b618000, flags=CLONE_VM|CLONE_FS|CLONE_FILES|CLONE_SIGHAND|CLONE_THREAD|CLONE_SYSVSEM) = 11487
11226 clone(child_stack=NULL, flags=CLONE_VM|CLONE_PIDFD|CLONE_VFORK|SIGCHLD <unfinished ...>
11488 execve("/opt/hostedtoolcache/go/1.27.1/arm64/pkg/tool/linux_arm64/compile", ["/opt/hostedtoolcache/go/1.27.1/a"..., "-o", "/tmp/go-build180265811/b026/_pkg"..., "-trimpath", "/tmp/go-build180265811/b026=>", "-p", "internal/runtime/gc/scan", "-lang=go1.27", "-std", "-complete", "-buildid", "zkpOBZqegb5IqM6Y0vM2/zkpOBZqegb5"..., "-goversion", "go1.27.1", "-c=4", "-nolocalimports", "-importcfg", "/tmp/go-build180265811/b026/impo"..., "-pack", "/opt/hostedtoolcache/go/1.27.1/a"..., "/opt/hostedtoolcache/go/1.27.1/a"..., "/opt/hostedtoolcache/go/1.27.1/a"..., "/opt/hostedtoolcache/go/1.27.1/a"..., "/opt/hostedtoolcache/go/1.27.1/a"...], 0x1f50f2806908 /* 140 vars */ <unfinished ...>
11226 <... clone resumed>, parent_tid=[17]) = 11488
11488 <... execve resumed>)             = 0
11226 waitid(P_PIDFD, 17,  <unfinished ...>
11479 tgkill(11468, 11468, SIGURG)      = 0
11468 --- SIGURG {si_signo=SIGURG, si_code=SI_TKILL, si_pid=11468, si_uid=1001} ---
11473 exit_group(0)                     = ?
11473 +++ exited with 0 +++
11471 +++ exited with 0 +++
11474 +++ exited with 0 +++
11483 exit_group(0)                     = ?
11472 +++ exited with 0 +++
11467 +++ exited with 0 +++
11483 +++ exited with 0 +++
11482 +++ exited with 0 +++
11481 +++ exited with 0 +++
11480 +++ exited with 0 +++
11228 <... waitid resumed>{si_signo=SIGCHLD, si_code=CLD_EXITED, si_pid=11467, si_uid=1001, si_status=0, si_utime=0, si_stime=0}, WEXITED, {ru_utime={tv_sec=0, tv_usec=6311}, ru_stime={tv_sec=0, tv_usec=8414}, ...}) = 0
11225 --- SIGCHLD {si_signo=SIGCHLD, si_code=CLD_EXITED, si_pid=11467, si_uid=1001, si_status=0, si_utime=0, si_stime=0} ---
11479 +++ exited with 0 +++
11468 +++ exited with 0 +++
11285 <... waitid resumed>{si_signo=SIGCHLD, si_code=CLD_EXITED, si_pid=11468, si_uid=1001, si_status=0, si_utime=0, si_stime=0}, WEXITED, {ru_utime={tv_sec=0, tv_usec=8309}, ru_stime={tv_sec=0, tv_usec=4154}, ...}) = 0
11224 --- SIGCHLD {si_signo=SIGCHLD, si_code=CLD_EXITED, si_pid=11468, si_uid=1001, si_status=0, si_utime=0, si_stime=0} ---
11488 clone(child_stack=0x3407e9062000, flags=CLONE_VM|CLONE_FS|CLONE_FILES|CLONE_SIGHAND|CLONE_THREAD|CLONE_SYSVSEM) = 11489
11488 clone(child_stack=0x3407e909a000, flags=CLONE_VM|CLONE_FS|CLONE_FILES|CLONE_SIGHAND|CLONE_THREAD|CLONE_SYSVSEM) = 11490
11488 clone(child_stack=0x3407e9096000, flags=CLONE_VM|CLONE_FS|CLONE_FILES|CLONE_SIGHAND|CLONE_THREAD|CLONE_SYSVSEM) = 11491
11490 clone(child_stack=0x3407e9118000, flags=CLONE_VM|CLONE_FS|CLONE_FILES|CLONE_SIGHAND|CLONE_THREAD|CLONE_SYSVSEM) = 11492
11224 clone(child_stack=NULL, flags=CLONE_VM|CLONE_PIDFD|CLONE_VFORK|SIGCHLD <unfinished ...>
11489 clone(child_stack=0x3407e912c000, flags=CLONE_VM|CLONE_FS|CLONE_FILES|CLONE_SIGHAND|CLONE_THREAD|CLONE_SYSVSEM) = 11494
11484 tgkill(11470, 11487, SIGURG)      = 0
11487 --- SIGURG {si_signo=SIGURG, si_code=SI_TKILL, si_pid=11470, si_uid=1001} ---
11493 execve("/opt/hostedtoolcache/go/1.27.1/arm64/pkg/tool/linux_arm64/compile", ["/opt/hostedtoolcache/go/1.27.1/a"..., "-o", "/tmp/go-build180265811/b033/_pkg"..., "-trimpath", "/tmp/go-build180265811/b033=>", "-p", "internal/runtime/pprof/label", "-lang=go1.27", "-std", "-complete", "-buildid", "Adj_DJVn5Gvf5WdIBJyc/Adj_DJVn5Gv"..., "-goversion", "go1.27.1", "-c=4", "-nolocalimports", "-importcfg", "/tmp/go-build180265811/b033/impo"..., "-pack", "/opt/hostedtoolcache/go/1.27.1/a"...], 0x1f50f25d0908 /* 140 vars */) = 0
11224 <... clone resumed>, parent_tid=[15]) = 11493
11224 waitid(P_PIDFD, 15,  <unfinished ...>
11286 tgkill(11224, 11228, SIGURG)      = 0
11228 --- SIGURG {si_signo=SIGURG, si_code=SI_TKILL, si_pid=11224, si_uid=1001} ---
11286 tgkill(11224, 11228, SIGURG)      = 0
11228 --- SIGURG {si_signo=SIGURG, si_code=SI_TKILL, si_pid=11224, si_uid=1001} ---
11286 clone(child_stack=NULL, flags=CLONE_VM|CLONE_PIDFD|CLONE_VFORK|SIGCHLD <unfinished ...>
11495 execve("/opt/hostedtoolcache/go/1.27.1/arm64/pkg/tool/linux_arm64/asm", ["/opt/hostedtoolcache/go/1.27.1/a"..., "-p", "internal/runtime/maps", "-trimpath", "/tmp/go-build180265811/b028=>", "-I", "/tmp/go-build180265811/b028/", "-I", "/opt/hostedtoolcache/go/1.27.1/a"..., "-D", "GOOS_linux", "-D", "GOARCH_arm64", "-std", "-gensymabis", "-o", "/tmp/go-build180265811/b028/syma"..., "/opt/hostedtoolcache/go/1.27.1/a"...], 0x1f50f275d208 /* 140 vars */ <unfinished ...>
11286 <... clone resumed>, parent_tid=[18]) = 11495
11286 waitid(P_PIDFD, 18,  <unfinished ...>
11493 clone(child_stack=0x1b131d430000, flags=CLONE_VM|CLONE_FS|CLONE_FILES|CLONE_SIGHAND|CLONE_THREAD|CLONE_SYSVSEM) = 11496
11493 clone(child_stack=0x1b131d468000, flags=CLONE_VM|CLONE_FS|CLONE_FILES|CLONE_SIGHAND|CLONE_THREAD|CLONE_SYSVSEM) = 11497
11493 clone(child_stack=0x1b131d464000, flags=CLONE_VM|CLONE_FS|CLONE_FILES|CLONE_SIGHAND|CLONE_THREAD|CLONE_SYSVSEM) = 11498
11489 tgkill(11488, 11491, SIGURG)      = 0
11491 --- SIGURG {si_signo=SIGURG, si_code=SI_TKILL, si_pid=11488, si_uid=1001} ---
11497 clone(child_stack=0x1b131d498000, flags=CLONE_VM|CLONE_FS|CLONE_FILES|CLONE_SIGHAND|CLONE_THREAD|CLONE_SYSVSEM) = 11499
11495 <... execve resumed>)             = 0
11493 clone(child_stack=0x1b131d494000, flags=CLONE_VM|CLONE_FS|CLONE_FILES|CLONE_SIGHAND|CLONE_THREAD|CLONE_SYSVSEM) = 11500
11496 tgkill(11493, 11493, SIGURG)      = 0
11493 --- SIGURG {si_signo=SIGURG, si_code=SI_TKILL, si_pid=11493, si_uid=1001} ---
11484 tgkill(11470, 11485, SIGURG)      = 0
11485 --- SIGURG {si_signo=SIGURG, si_code=SI_TKILL, si_pid=11470, si_uid=1001} ---
11484 tgkill(11470, 11470, SIGURG)      = 0
11470 --- SIGURG {si_signo=SIGURG, si_code=SI_TKILL, si_pid=11470, si_uid=1001} ---
11492 exit_group(0)                     = ?
11494 +++ exited with 0 +++
11492 +++ exited with 0 +++
11491 +++ exited with 0 +++
11489 +++ exited with 0 +++
11490 +++ exited with 0 +++
11488 +++ exited with 0 +++
11226 <... waitid resumed>{si_signo=SIGCHLD, si_code=CLD_EXITED, si_pid=11488, si_uid=1001, si_status=0, si_utime=0, si_stime=0}, WEXITED, {ru_utime={tv_sec=0, tv_usec=16353}, ru_stime={tv_sec=0, tv_usec=5771}, ...}) = 0
11226 --- SIGCHLD {si_signo=SIGCHLD, si_code=CLD_EXITED, si_pid=11488, si_uid=1001, si_status=0, si_utime=1 /* 0.01 s */, si_stime=0} ---
11495 clone(child_stack=0x7eff363ec000, flags=CLONE_VM|CLONE_FS|CLONE_FILES|CLONE_SIGHAND|CLONE_THREAD|CLONE_SYSVSEM) = 11501
11495 clone(child_stack=0x7eff36424000, flags=CLONE_VM|CLONE_FS|CLONE_FILES|CLONE_SIGHAND|CLONE_THREAD|CLONE_SYSVSEM <unfinished ...>
11501 tgkill(11495, 11495, SIGURG)      = 0
11495 <... clone resumed>)              = 11502
11495 --- SIGURG {si_signo=SIGURG, si_code=SI_TKILL, si_pid=11495, si_uid=1001} ---
11495 clone(child_stack=0x7eff36420000, flags=CLONE_VM|CLONE_FS|CLONE_FILES|CLONE_SIGHAND|CLONE_THREAD|CLONE_SYSVSEM) = 11503
11502 clone(child_stack=0x7eff36498000, flags=CLONE_VM|CLONE_FS|CLONE_FILES|CLONE_SIGHAND|CLONE_THREAD|CLONE_SYSVSEM) = 11504
11493 exit_group(0)                     = ?
11500 +++ exited with 0 +++
11499 +++ exited with 0 +++
11498 +++ exited with 0 +++
11497 +++ exited with 0 +++
11496 +++ exited with 0 +++
11470 exit_group(0 <unfinished ...>
11503 clone(child_stack=0x7eff36494000, flags=CLONE_VM|CLONE_FS|CLONE_FILES|CLONE_SIGHAND|CLONE_THREAD|CLONE_SYSVSEM <unfinished ...>
11470 <... exit_group resumed>)         = ?
11485 +++ exited with 0 +++
11487 +++ exited with 0 +++
11503 <... clone resumed>)              = 11505
11484 +++ exited with 0 +++
11493 +++ exited with 0 +++
11224 <... waitid resumed>{si_signo=SIGCHLD, si_code=CLD_EXITED, si_pid=11493, si_uid=1001, si_status=0, si_utime=0, si_stime=0}, WEXITED, {ru_utime={tv_sec=0, tv_usec=4835}, ru_stime={tv_sec=0, tv_usec=6769}, ...}) = 0
11285 --- SIGCHLD {si_signo=SIGCHLD, si_code=CLD_EXITED, si_pid=11493, si_uid=1001, si_status=0, si_utime=0, si_stime=0} ---
11486 +++ exited with 0 +++
11470 +++ exited with 0 +++
11231 <... waitid resumed>{si_signo=SIGCHLD, si_code=CLD_EXITED, si_pid=11470, si_uid=1001, si_status=0, si_utime=0, si_stime=0}, WEXITED, {ru_utime={tv_sec=0, tv_usec=30970}, ru_stime={tv_sec=0, tv_usec=9954}, ...}) = 0
11224 --- SIGCHLD {si_signo=SIGCHLD, si_code=CLD_EXITED, si_pid=11470, si_uid=1001, si_status=0, si_utime=2 /* 0.02 s */, si_stime=0} ---
11285 clone(child_stack=NULL, flags=CLONE_VM|CLONE_PIDFD|CLONE_VFORK|SIGCHLD <unfinished ...>
11495 exit_group(0)                     = ?
11504 +++ exited with 0 +++
11505 +++ exited with 0 +++
11503 +++ exited with 0 +++
11502 +++ exited with 0 +++
11501 +++ exited with 0 +++
11495 +++ exited with 0 +++
11286 <... waitid resumed>{si_signo=SIGCHLD, si_code=CLD_EXITED, si_pid=11495, si_uid=1001, si_status=0, si_utime=0, si_stime=0}, WEXITED, {ru_utime={tv_sec=0, tv_usec=0}, ru_stime={tv_sec=0, tv_usec=6424}, ...}) = 0
11230 --- SIGCHLD {si_signo=SIGCHLD, si_code=CLD_EXITED, si_pid=11495, si_uid=1001, si_status=0, si_utime=0, si_stime=0} ---
11506 execve("/opt/hostedtoolcache/go/1.27.1/arm64/pkg/tool/linux_arm64/compile", ["/opt/hostedtoolcache/go/1.27.1/a"..., "-o", "/tmp/go-build180265811/b034/_pkg"..., "-trimpath", "/tmp/go-build180265811/b034=>", "-p", "internal/stringslite", "-lang=go1.27", "-std", "-complete", "-buildid", "nh9V4i7_c_-njGoAxDGl/nh9V4i7_c_-"..., "-goversion", "go1.27.1", "-c=4", "-nolocalimports", "-importcfg", "/tmp/go-build180265811/b034/impo"..., "-pack", "/opt/hostedtoolcache/go/1.27.1/a"...], 0x1f50f25d0488 /* 140 vars */ <unfinished ...>
11286 clone(child_stack=NULL, flags=CLONE_VM|CLONE_PIDFD|CLONE_VFORK|SIGCHLD <unfinished ...>
11285 <... clone resumed>, parent_tid=[7]) = 11506
11506 <... execve resumed>)             = 0
11231 clone(child_stack=NULL, flags=CLONE_VM|CLONE_PIDFD|CLONE_VFORK|SIGCHLD <unfinished ...>
11230 clone(child_stack=NULL, flags=CLONE_VM|CLONE_PIDFD|CLONE_VFORK|SIGCHLD <unfinished ...>
11507 execve("/opt/hostedtoolcache/go/1.27.1/arm64/pkg/tool/linux_arm64/compile", ["/opt/hostedtoolcache/go/1.27.1/a"..., "-o", "/tmp/go-build180265811/b028/_pkg"..., "-trimpath", "/tmp/go-build180265811/b028=>", "-p", "internal/runtime/maps", "-lang=go1.27", "-std", "-buildid", "CQsqIBuTjDIlU_tISVn6/CQsqIBuTjDI"..., "-goversion", "go1.27.1", "-symabis", "/tmp/go-build180265811/b028/syma"..., "-c=4", "-nolocalimports", "-importcfg", "/tmp/go-build180265811/b028/impo"..., "-pack", "-asmhdr", "/tmp/go-build180265811/b028/go_a"..., "/opt/hostedtoolcache/go/1.27.1/a"..., "/opt/hostedtoolcache/go/1.27.1/a"..., "/opt/hostedtoolcache/go/1.27.1/a"..., "/opt/hostedtoolcache/go/1.27.1/a"..., "/opt/hostedtoolcache/go/1.27.1/a"..., "/opt/hostedtoolcache/go/1.27.1/a"..., "/opt/hostedtoolcache/go/1.27.1/a"..., "/opt/hostedtoolcache/go/1.27.1/a"..., "/opt/hostedtoolcache/go/1.27.1/a"..., "/opt/hostedtoolcache/go/1.27.1/a"..., ...], 0x1f50f2806908 /* 140 vars */ <unfinished ...>
11286 <... clone resumed>, parent_tid=[8]) = 11507
11507 <... execve resumed>)             = 0
11285 waitid(P_PIDFD, 7,  <unfinished ...>
11509 execve("/opt/hostedtoolcache/go/1.27.1/arm64/pkg/tool/linux_arm64/compile", ["/opt/hostedtoolcache/go/1.27.1/a"..., "-o", "/tmp/go-build180265811/b037/_pkg"..., "-trimpath", "/tmp/go-build180265811/b037=>", "-p", "cmp", "-lang=go1.27", "-std", "-complete", "-buildid", "Z3JmRfg9H-Z-PQxOBQlM/Z3JmRfg9H-Z"..., "-goversion", "go1.27.1", "-c=4", "-nolocalimports", "-importcfg", "/tmp/go-build180265811/b037/impo"..., "-pack", "/opt/hostedtoolcache/go/1.27.1/a"...], 0x1f50f257bb08 /* 140 vars */ <unfinished ...>
11508 execve("/opt/hostedtoolcache/go/1.27.1/arm64/pkg/tool/linux_arm64/compile", ["/opt/hostedtoolcache/go/1.27.1/a"..., "-o", "/tmp/go-build180265811/b035/_pkg"..., "-trimpath", "/tmp/go-build180265811/b035=>", "-p", "internal/trace/tracev2", "-lang=go1.27", "-std", "-complete", "-buildid", "aU_jM6nXvPz_haFRjyVo/aU_jM6nXvPz"..., "-goversion", "go1.27.1", "-c=4", "-nolocalimports", "-importcfg", "/tmp/go-build180265811/b035/impo"..., "-pack", "/opt/hostedtoolcache/go/1.27.1/a"..., "/opt/hostedtoolcache/go/1.27.1/a"..., "/opt/hostedtoolcache/go/1.27.1/a"...], 0x1f50f247a488 /* 140 vars */ <unfinished ...>
11230 <... clone resumed>, parent_tid=[29]) = 11509
11509 <... execve resumed>)             = 0
11231 <... clone resumed>, parent_tid=[26]) = 11508
11508 <... execve resumed>)             = 0
11286 waitid(P_PIDFD, 8,  <unfinished ...>
11230 waitid(P_PIDFD, 29,  <unfinished ...>
11231 waitid(P_PIDFD, 26,  <unfinished ...>
11506 clone(child_stack=0x316680ec000, flags=CLONE_VM|CLONE_FS|CLONE_FILES|CLONE_SIGHAND|CLONE_THREAD|CLONE_SYSVSEM) = 11510
11506 clone(child_stack=0x31668124000, flags=CLONE_VM|CLONE_FS|CLONE_FILES|CLONE_SIGHAND|CLONE_THREAD|CLONE_SYSVSEM) = 11511
11510 tgkill(11506, 11506, SIGURG)      = 0
11506 --- SIGURG {si_signo=SIGURG, si_code=SI_TKILL, si_pid=11506, si_uid=1001} ---
11506 clone(child_stack=0x31668120000, flags=CLONE_VM|CLONE_FS|CLONE_FILES|CLONE_SIGHAND|CLONE_THREAD|CLONE_SYSVSEM) = 11512
11511 clone(child_stack=0x31668198000, flags=CLONE_VM|CLONE_FS|CLONE_FILES|CLONE_SIGHAND|CLONE_THREAD|CLONE_SYSVSEM) = 11513
11509 clone(child_stack=0x61aff1560000, flags=CLONE_VM|CLONE_FS|CLONE_FILES|CLONE_SIGHAND|CLONE_THREAD|CLONE_SYSVSEM) = 11514
11509 clone(child_stack=0x61aff1598000, flags=CLONE_VM|CLONE_FS|CLONE_FILES|CLONE_SIGHAND|CLONE_THREAD|CLONE_SYSVSEM) = 11515
11514 tgkill(11509, 11509, SIGURG)      = 0
11509 clone(child_stack=0x61aff1594000, flags=CLONE_VM|CLONE_FS|CLONE_FILES|CLONE_SIGHAND|CLONE_THREAD|CLONE_SYSVSEM) = 11516
11508 clone(child_stack=0x1b2e92a68000, flags=CLONE_VM|CLONE_FS|CLONE_FILES|CLONE_SIGHAND|CLONE_THREAD|CLONE_SYSVSEM) = 11517
11507 clone(child_stack=0x7fc0c6844000, flags=CLONE_VM|CLONE_FS|CLONE_FILES|CLONE_SIGHAND|CLONE_THREAD|CLONE_SYSVSEM) = 11518
11509 --- SIGURG {si_signo=SIGURG, si_code=SI_TKILL, si_pid=11509, si_uid=1001} ---
11508 clone(child_stack=0x1b2e92aa0000, flags=CLONE_VM|CLONE_FS|CLONE_FILES|CLONE_SIGHAND|CLONE_THREAD|CLONE_SYSVSEM <unfinished ...>
11515 clone(child_stack=0x61aff1618000, flags=CLONE_VM|CLONE_FS|CLONE_FILES|CLONE_SIGHAND|CLONE_THREAD|CLONE_SYSVSEM <unfinished ...>
11508 <... clone resumed>)              = 11519
11517 tgkill(11508, 11508, SIGURG <unfinished ...>
11507 clone(child_stack=0x7fc0c687c000, flags=CLONE_VM|CLONE_FS|CLONE_FILES|CLONE_SIGHAND|CLONE_THREAD|CLONE_SYSVSEM <unfinished ...>
11517 <... tgkill resumed>)             = 0
11515 <... clone resumed>)              = 11520
11508 --- SIGURG {si_signo=SIGURG, si_code=SI_TKILL, si_pid=11508, si_uid=1001} ---
11507 <... clone resumed>)              = 11521
11518 tgkill(11507, 11507, SIGURG)      = 0
11517 tgkill(11508, 11508, SIGURG <unfinished ...>
11507 --- SIGURG {si_signo=SIGURG, si_code=SI_TKILL, si_pid=11507, si_uid=1001} ---
11517 <... tgkill resumed>)             = 0
11508 clone(child_stack=0x1b2e92a9c000, flags=CLONE_VM|CLONE_FS|CLONE_FILES|CLONE_SIGHAND|CLONE_THREAD|CLONE_SYSVSEM) = 11522
11507 clone(child_stack=0x7fc0c6878000, flags=CLONE_VM|CLONE_FS|CLONE_FILES|CLONE_SIGHAND|CLONE_THREAD|CLONE_SYSVSEM <unfinished ...>
11508 --- SIGURG {si_signo=SIGURG, si_code=SI_TKILL, si_pid=11508, si_uid=1001} ---
11521 clone(child_stack=0x7fc0c6898000, flags=CLONE_VM|CLONE_FS|CLONE_FILES|CLONE_SIGHAND|CLONE_THREAD|CLONE_SYSVSEM <unfinished ...>
11507 <... clone resumed>)              = 11523
11519 clone(child_stack=0x1b2e92b18000, flags=CLONE_VM|CLONE_FS|CLONE_FILES|CLONE_SIGHAND|CLONE_THREAD|CLONE_SYSVSEM <unfinished ...>
11521 <... clone resumed>)              = 11524
11519 <... clone resumed>)              = 11525
11523 clone(child_stack=0x7fc0c6894000, flags=CLONE_VM|CLONE_FS|CLONE_FILES|CLONE_SIGHAND|CLONE_THREAD|CLONE_SYSVSEM) = 11526
11525 clone(child_stack=0x1b2e92b14000, flags=CLONE_VM|CLONE_FS|CLONE_FILES|CLONE_SIGHAND|CLONE_THREAD|CLONE_SYSVSEM) = 11527
11518 clone(child_stack=0x7fc0c697c000, flags=CLONE_VM|CLONE_FS|CLONE_FILES|CLONE_SIGHAND|CLONE_THREAD|CLONE_SYSVSEM) = 11528
11510 tgkill(11506, 11506, SIGURG)      = 0
11506 --- SIGURG {si_signo=SIGURG, si_code=SI_TKILL, si_pid=11506, si_uid=1001} ---
11509 exit_group(0)                     = ?
11514 +++ exited with 0 +++
11520 +++ exited with 0 +++
11516 +++ exited with 0 +++
11515 +++ exited with 0 +++
11509 +++ exited with 0 +++
11230 <... waitid resumed>{si_signo=SIGCHLD, si_code=CLD_EXITED, si_pid=11509, si_uid=1001, si_status=0, si_utime=0, si_stime=0}, WEXITED, {ru_utime={tv_sec=0, tv_usec=4685}, ru_stime={tv_sec=0, tv_usec=6246}, ...}) = 0
11224 --- SIGCHLD {si_signo=SIGCHLD, si_code=CLD_EXITED, si_pid=11509, si_uid=1001, si_status=0, si_utime=0, si_stime=0} ---
11225 tgkill(11224, 11224, SIGURG)      = 0
11224 --- SIGURG {si_signo=SIGURG, si_code=SI_TKILL, si_pid=11224, si_uid=1001} ---
11517 tgkill(11508, 11527, SIGURG <unfinished ...>
11527 --- SIGURG {si_signo=SIGURG, si_code=SI_TKILL, si_pid=11508, si_uid=1001} ---
11517 <... tgkill resumed>)             = 0
11518 tgkill(11507, 11524, SIGURG)      = 0
11524 --- SIGURG {si_signo=SIGURG, si_code=SI_TKILL, si_pid=11507, si_uid=1001} ---
11513 exit_group(0)                     = ?
11511 +++ exited with 0 +++
11225 tgkill(11224, 11229, SIGURG <unfinished ...>
11527 exit_group(0 <unfinished ...>
11513 +++ exited with 0 +++
11225 <... tgkill resumed>)             = 0
11229 --- SIGURG {si_signo=SIGURG, si_code=SI_TKILL, si_pid=11224, si_uid=1001} ---
11527 <... exit_group resumed>)         = ?
11525 +++ exited with 0 +++
11517 +++ exited with 0 +++
11522 +++ exited with 0 +++
11527 +++ exited with 0 +++
11510 +++ exited with 0 +++
11519 +++ exited with 0 +++
11508 +++ exited with 0 +++
11231 <... waitid resumed>{si_signo=SIGCHLD, si_code=CLD_EXITED, si_pid=11508, si_uid=1001, si_status=0, si_utime=0, si_stime=0}, WEXITED, {ru_utime={tv_sec=0, tv_usec=11689}, ru_stime={tv_sec=0, tv_usec=9091}, ...}) = 0
11229 --- SIGCHLD {si_signo=SIGCHLD, si_code=CLD_EXITED, si_pid=11508, si_uid=1001, si_status=0, si_utime=0, si_stime=0} ---
11512 +++ exited with 0 +++
11506 +++ exited with 0 +++
11285 <... waitid resumed>{si_signo=SIGCHLD, si_code=CLD_EXITED, si_pid=11506, si_uid=1001, si_status=0, si_utime=0, si_stime=0}, WEXITED, {ru_utime={tv_sec=0, tv_usec=15304}, ru_stime={tv_sec=0, tv_usec=6558}, ...}) = 0
11229 --- SIGCHLD {si_signo=SIGCHLD, si_code=CLD_EXITED, si_pid=11506, si_uid=1001, si_status=0, si_utime=1 /* 0.01 s */, si_stime=0} ---
11229 tgkill(11224, 11230, SIGURG)      = 0
11230 --- SIGURG {si_signo=SIGURG, si_code=SI_TKILL, si_pid=11224, si_uid=1001} ---
11230 clone(child_stack=NULL, flags=CLONE_VM|CLONE_PIDFD|CLONE_VFORK|SIGCHLD <unfinished ...>
11226 clone(child_stack=NULL, flags=CLONE_VM|CLONE_PIDFD|CLONE_VFORK|SIGCHLD <unfinished ...>
11529 execve("/opt/hostedtoolcache/go/1.27.1/arm64/pkg/tool/linux_arm64/compile", ["/opt/hostedtoolcache/go/1.27.1/a"..., "-o", "/tmp/go-build180265811/b042/_pkg"..., "-trimpath", "/tmp/go-build180265811/b042=>", "-p", "unicode/utf8", "-lang=go1.27", "-std", "-complete", "-buildid", "s1yLYlbI-aHsaTN15vbA/s1yLYlbI-aH"..., "-goversion", "go1.27.1", "-c=4", "-nolocalimports", "-importcfg", "/tmp/go-build180265811/b042/impo"..., "-pack", "/opt/hostedtoolcache/go/1.27.1/a"...], 0x1f50f257bb08 /* 140 vars */ <unfinished ...>
11230 <... clone resumed>, parent_tid=[15]) = 11529
11529 <... execve resumed>)             = 0
11530 execve("/opt/hostedtoolcache/go/1.27.1/arm64/pkg/tool/linux_arm64/asm", ["/opt/hostedtoolcache/go/1.27.1/a"..., "-p", "sync/atomic", "-trimpath", "/tmp/go-build180265811/b045=>", "-I", "/tmp/go-build180265811/b045/", "-I", "/opt/hostedtoolcache/go/1.27.1/a"..., "-D", "GOOS_linux", "-D", "GOARCH_arm64", "-std", "-gensymabis", "-o", "/tmp/go-build180265811/b045/syma"..., "/opt/hostedtoolcache/go/1.27.1/a"...], 0x1f50f247a488 /* 140 vars */ <unfinished ...>
11226 <... clone resumed>, parent_tid=[21]) = 11530
11530 <... execve resumed>)             = 0
11230 waitid(P_PIDFD, 15,  <unfinished ...>
11226 waitid(P_PIDFD, 21,  <unfinished ...>
11529 clone(child_stack=0x6493f9f9e000, flags=CLONE_VM|CLONE_FS|CLONE_FILES|CLONE_SIGHAND|CLONE_THREAD|CLONE_SYSVSEM) = 11531
11529 clone(child_stack=0x6493f9fd6000, flags=CLONE_VM|CLONE_FS|CLONE_FILES|CLONE_SIGHAND|CLONE_THREAD|CLONE_SYSVSEM) = 11532
11529 clone(child_stack=0x6493f9fd2000, flags=CLONE_VM|CLONE_FS|CLONE_FILES|CLONE_SIGHAND|CLONE_THREAD|CLONE_SYSVSEM) = 11533
11532 clone(child_stack=0x6493fa018000, flags=CLONE_VM|CLONE_FS|CLONE_FILES|CLONE_SIGHAND|CLONE_THREAD|CLONE_SYSVSEM) = 11534
11530 clone(child_stack=0x63fd5bdf4000, flags=CLONE_VM|CLONE_FS|CLONE_FILES|CLONE_SIGHAND|CLONE_THREAD|CLONE_SYSVSEM) = 11535
11530 clone(child_stack=0x63fd5be2c000, flags=CLONE_VM|CLONE_FS|CLONE_FILES|CLONE_SIGHAND|CLONE_THREAD|CLONE_SYSVSEM) = 11536
11530 clone(child_stack=0x63fd5be28000, flags=CLONE_VM|CLONE_FS|CLONE_FILES|CLONE_SIGHAND|CLONE_THREAD|CLONE_SYSVSEM) = 11537
11536 clone(child_stack=0x63fd5be98000, flags=CLONE_VM|CLONE_FS|CLONE_FILES|CLONE_SIGHAND|CLONE_THREAD|CLONE_SYSVSEM) = 11538
11229 clone(child_stack=NULL, flags=CLONE_VM|CLONE_PIDFD|CLONE_VFORK|SIGCHLD <unfinished ...>
11518 tgkill(11507, 11524, SIGURG <unfinished ...>
11524 --- SIGURG {si_signo=SIGURG, si_code=SI_TKILL, si_pid=11507, si_uid=1001} ---
11518 <... tgkill resumed>)             = 0
11539 execve("/opt/hostedtoolcache/go/1.27.1/arm64/pkg/tool/linux_arm64/asm", ["/opt/hostedtoolcache/go/1.27.1/a"..., "-p", "math", "-trimpath", "/tmp/go-build180265811/b040=>", "-I", "/tmp/go-build180265811/b040/", "-I", "/opt/hostedtoolcache/go/1.27.1/a"..., "-D", "GOOS_linux", "-D", "GOARCH_arm64", "-std", "-gensymabis", "-o", "/tmp/go-build180265811/b040/syma"..., "/opt/hostedtoolcache/go/1.27.1/a"..., "/opt/hostedtoolcache/go/1.27.1/a"..., "/opt/hostedtoolcache/go/1.27.1/a"...], 0x1f50f2806908 /* 140 vars */ <unfinished ...>
11229 <... clone resumed>, parent_tid=[14]) = 11539
11539 <... execve resumed>)             = 0
11229 waitid(P_PIDFD, 14,  <unfinished ...>
11530 exit_group(0)                     = ?
11538 +++ exited with 0 +++
11537 +++ exited with 0 +++
11535 +++ exited with 0 +++
11536 +++ exited with 0 +++
11530 +++ exited with 0 +++
11285 --- SIGCHLD {si_signo=SIGCHLD, si_code=CLD_EXITED, si_pid=11530, si_uid=1001, si_status=0, si_utime=0, si_stime=0} ---
11226 <... waitid resumed>{si_signo=SIGCHLD, si_code=CLD_EXITED, si_pid=11530, si_uid=1001, si_status=0, si_utime=0, si_stime=0}, WEXITED, {ru_utime={tv_sec=0, tv_usec=2827}, ru_stime={tv_sec=0, tv_usec=2827}, ...}) = 0
11285 clone(child_stack=NULL, flags=CLONE_VM|CLONE_PIDFD|CLONE_VFORK|SIGCHLD <unfinished ...>
11540 execve("/opt/hostedtoolcache/go/1.27.1/arm64/pkg/tool/linux_arm64/compile", ["/opt/hostedtoolcache/go/1.27.1/a"..., "-o", "/tmp/go-build180265811/b045/_pkg"..., "-trimpath", "/tmp/go-build180265811/b045=>", "-p", "sync/atomic", "-lang=go1.27", "-std", "-buildid", "JGUF4K_ysLjx-Ruoda01/JGUF4K_ysLj"..., "-goversion", "go1.27.1", "-symabis", "/tmp/go-build180265811/b045/syma"..., "-c=4", "-nolocalimports", "-importcfg", "/tmp/go-build180265811/b045/impo"..., "-pack", "-asmhdr", "/tmp/go-build180265811/b045/go_a"..., "/opt/hostedtoolcache/go/1.27.1/a"..., "/opt/hostedtoolcache/go/1.27.1/a"..., "/opt/hostedtoolcache/go/1.27.1/a"..., "/opt/hostedtoolcache/go/1.27.1/a"...], 0x1f50f25d0488 /* 140 vars */ <unfinished ...>
11285 <... clone resumed>, parent_tid=[18]) = 11540
11540 <... execve resumed>)             = 0
11285 waitid(P_PIDFD, 18,  <unfinished ...>
11539 clone(child_stack=0x365d76422000, flags=CLONE_VM|CLONE_FS|CLONE_FILES|CLONE_SIGHAND|CLONE_THREAD|CLONE_SYSVSEM) = 11541
11531 tgkill(11529, 11529, SIGURG)      = 0
11529 --- SIGURG {si_signo=SIGURG, si_code=SI_TKILL, si_pid=11529, si_uid=1001} ---
11539 clone(child_stack=0x365d7645a000, flags=CLONE_VM|CLONE_FS|CLONE_FILES|CLONE_SIGHAND|CLONE_THREAD|CLONE_SYSVSEM) = 11542
11541 tgkill(11539, 11539, SIGURG)      = 0
11539 clone(child_stack=0x365d76456000, flags=CLONE_VM|CLONE_FS|CLONE_FILES|CLONE_SIGHAND|CLONE_THREAD|CLONE_SYSVSEM) = 11543
11539 --- SIGURG {si_signo=SIGURG, si_code=SI_TKILL, si_pid=11539, si_uid=1001} ---
11542 clone(child_stack=0x365d76498000, flags=CLONE_VM|CLONE_FS|CLONE_FILES|CLONE_SIGHAND|CLONE_THREAD|CLONE_SYSVSEM) = 11544
11544 clone(child_stack=0x365d76494000, flags=CLONE_VM|CLONE_FS|CLONE_FILES|CLONE_SIGHAND|CLONE_THREAD|CLONE_SYSVSEM) = 11545
11540 clone(child_stack=0xaecdaa14000, flags=CLONE_VM|CLONE_FS|CLONE_FILES|CLONE_SIGHAND|CLONE_THREAD|CLONE_SYSVSEM) = 11546
11540 clone(child_stack=0xaecdaa4c000, flags=CLONE_VM|CLONE_FS|CLONE_FILES|CLONE_SIGHAND|CLONE_THREAD|CLONE_SYSVSEM) = 11547
11540 clone(child_stack=0xaecdaa48000, flags=CLONE_VM|CLONE_FS|CLONE_FILES|CLONE_SIGHAND|CLONE_THREAD|CLONE_SYSVSEM) = 11548
11547 clone(child_stack=0xaecdaa98000, flags=CLONE_VM|CLONE_FS|CLONE_FILES|CLONE_SIGHAND|CLONE_THREAD|CLONE_SYSVSEM) = 11549
11518 tgkill(11507, 11524, SIGURG)      = 0
11524 --- SIGURG {si_signo=SIGURG, si_code=SI_TKILL, si_pid=11507, si_uid=1001} ---
11539 exit_group(0)                     = ?
11545 +++ exited with 0 +++
11544 +++ exited with 0 +++
11542 +++ exited with 0 +++
11541 +++ exited with 0 +++
11543 +++ exited with 0 +++
11539 +++ exited with 0 +++
11229 <... waitid resumed>{si_signo=SIGCHLD, si_code=CLD_EXITED, si_pid=11539, si_uid=1001, si_status=0, si_utime=0, si_stime=0}, WEXITED, {ru_utime={tv_sec=0, tv_usec=0}, ru_stime={tv_sec=0, tv_usec=7041}, ...}) = 0
11226 --- SIGCHLD {si_signo=SIGCHLD, si_code=CLD_EXITED, si_pid=11539, si_uid=1001, si_status=0, si_utime=0, si_stime=0} ---
11226 clone(child_stack=NULL, flags=CLONE_VM|CLONE_PIDFD|CLONE_VFORK|SIGCHLD <unfinished ...>
11533 exit_group(0)                     = ?
11531 +++ exited with 0 +++
11532 +++ exited with 0 +++
11534 +++ exited with 0 +++
11546 clone(child_stack=0xaecdae38000, flags=CLONE_VM|CLONE_FS|CLONE_FILES|CLONE_SIGHAND|CLONE_THREAD|CLONE_SYSVSEM) = 11551
11550 execve("/opt/hostedtoolcache/go/1.27.1/arm64/pkg/tool/linux_arm64/compile", ["/opt/hostedtoolcache/go/1.27.1/a"..., "-o", "/tmp/go-build180265811/b040/_pkg"..., "-trimpath", "/tmp/go-build180265811/b040=>", "-p", "math", "-lang=go1.27", "-std", "-buildid", "8X5WVBTqImLjj3PxSZIw/8X5WVBTqImL"..., "-goversion", "go1.27.1", "-symabis", "/tmp/go-build180265811/b040/syma"..., "-c=4", "-nolocalimports", "-importcfg", "/tmp/go-build180265811/b040/impo"..., "-pack", "-asmhdr", "/tmp/go-build180265811/b040/go_a"..., "/opt/hostedtoolcache/go/1.27.1/a"..., "/opt/hostedtoolcache/go/1.27.1/a"..., "/opt/hostedtoolcache/go/1.27.1/a"..., "/opt/hostedtoolcache/go/1.27.1/a"..., "/opt/hostedtoolcache/go/1.27.1/a"..., "/opt/hostedtoolcache/go/1.27.1/a"..., "/opt/hostedtoolcache/go/1.27.1/a"..., "/opt/hostedtoolcache/go/1.27.1/a"..., "/opt/hostedtoolcache/go/1.27.1/a"..., "/opt/hostedtoolcache/go/1.27.1/a"..., ...], 0x1f50f2807688 /* 140 vars */ <unfinished ...>
11533 +++ exited with 0 +++
11529 +++ exited with 0 +++
11550 <... execve resumed>)             = 0
11230 <... waitid resumed>{si_signo=SIGCHLD, si_code=CLD_EXITED, si_pid=11529, si_uid=1001, si_status=0, si_utime=0, si_stime=0}, WEXITED, {ru_utime={tv_sec=0, tv_usec=26353}, ru_stime={tv_sec=0, tv_usec=9087}, ...}) = 0
11231 --- SIGCHLD {si_signo=SIGCHLD, si_code=CLD_EXITED, si_pid=11529, si_uid=1001, si_status=0, si_utime=2 /* 0.02 s */, si_stime=1 /* 0.01 s */} ---
11226 <... clone resumed>, parent_tid=[17]) = 11550
11226 waitid(P_PIDFD, 17,  <unfinished ...>
11550 clone(child_stack=0x1f00f938e000, flags=CLONE_VM|CLONE_FS|CLONE_FILES|CLONE_SIGHAND|CLONE_THREAD|CLONE_SYSVSEM) = 11552
11550 clone(child_stack=0x1f00f93c6000, flags=CLONE_VM|CLONE_FS|CLONE_FILES|CLONE_SIGHAND|CLONE_THREAD|CLONE_SYSVSEM) = 11553
11550 clone(child_stack=0x1f00f93c2000, flags=CLONE_VM|CLONE_FS|CLONE_FILES|CLONE_SIGHAND|CLONE_THREAD|CLONE_SYSVSEM) = 11554
11553 clone(child_stack=0x1f00f9418000, flags=CLONE_VM|CLONE_FS|CLONE_FILES|CLONE_SIGHAND|CLONE_THREAD|CLONE_SYSVSEM) = 11555
11554 clone(child_stack=0x1f00f9428000, flags=CLONE_VM|CLONE_FS|CLONE_FILES|CLONE_SIGHAND|CLONE_THREAD|CLONE_SYSVSEM) = 11556
11224 tgkill(11224, 11231, SIGURG)      = 0
11231 --- SIGURG {si_signo=SIGURG, si_code=SI_TKILL, si_pid=11224, si_uid=1001} ---
11224 tgkill(11224, 11231, SIGURG)      = 0
11231 --- SIGURG {si_signo=SIGURG, si_code=SI_TKILL, si_pid=11224, si_uid=1001} ---
11546 tgkill(11540, 11540, SIGURG)      = 0
11518 tgkill(11507, 11507, SIGURG)      = 0
11507 --- SIGURG {si_signo=SIGURG, si_code=SI_TKILL, si_pid=11507, si_uid=1001} ---
11224 clone(child_stack=NULL, flags=CLONE_VM|CLONE_PIDFD|CLONE_VFORK|SIGCHLD <unfinished ...>
11540 --- SIGURG {si_signo=SIGURG, si_code=SI_TKILL, si_pid=11540, si_uid=1001} ---
11231 tgkill(11224, 11224, SIGURG)      = 0
11552 clone(child_stack=0x1f00f9446000, flags=CLONE_VM|CLONE_FS|CLONE_FILES|CLONE_SIGHAND|CLONE_THREAD|CLONE_SYSVSEM) = 11558
11552 clone(child_stack=0x1f00f9424000, flags=CLONE_VM|CLONE_FS|CLONE_FILES|CLONE_SIGHAND|CLONE_THREAD|CLONE_SYSVSEM) = 11559
11546 tgkill(11540, 11540, SIGURG)      = 0
11540 --- SIGURG {si_signo=SIGURG, si_code=SI_TKILL, si_pid=11540, si_uid=1001} ---
11557 execve("/opt/hostedtoolcache/go/1.27.1/arm64/pkg/tool/linux_arm64/compile", ["/opt/hostedtoolcache/go/1.27.1/a"..., "-o", "/tmp/go-build180265811/b046/_pkg"..., "-trimpath", "/tmp/go-build180265811/b046=>", "-p", "internal/synctest", "-lang=go1.27", "-std", "-complete", "-buildid", "4eWvoqUiOB6E0SbY6umh/4eWvoqUiOB6"..., "-goversion", "go1.27.1", "-c=4", "-nolocalimports", "-importcfg", "/tmp/go-build180265811/b046/impo"..., "-pack", "/opt/hostedtoolcache/go/1.27.1/a"...], 0x1f50f25d0908 /* 140 vars */ <unfinished ...>
11224 <... clone resumed>, parent_tid=[15]) = 11557
11224 --- SIGURG {si_signo=SIGURG, si_code=SI_TKILL, si_pid=11224, si_uid=1001} ---
11557 <... execve resumed>)             = 0
11231 tgkill(11224, 11228, SIGURG)      = 0
11518 tgkill(11507, 11526, SIGURG)      = 0
11228 --- SIGURG {si_signo=SIGURG, si_code=SI_TKILL, si_pid=11224, si_uid=1001} ---
11518 tgkill(11507, 11524, SIGURG <unfinished ...>
11524 --- SIGURG {si_signo=SIGURG, si_code=SI_TKILL, si_pid=11507, si_uid=1001} ---
11518 <... tgkill resumed>)             = 0
11518 tgkill(11507, 11528, SIGURG <unfinished ...>
11528 --- SIGURG {si_signo=SIGURG, si_code=SI_TKILL, si_pid=11507, si_uid=1001} ---
11518 <... tgkill resumed>)             = 0
11526 --- SIGURG {si_signo=SIGURG, si_code=SI_TKILL, si_pid=11507, si_uid=1001} ---
11231 tgkill(11224, 11229, SIGURG)      = 0
11229 --- SIGURG {si_signo=SIGURG, si_code=SI_TKILL, si_pid=11224, si_uid=1001} ---
11546 tgkill(11540, 11548, SIGURG)      = 0
11548 --- SIGURG {si_signo=SIGURG, si_code=SI_TKILL, si_pid=11540, si_uid=1001} ---
11225 tgkill(11224, 11231, SIGURG)      = 0
11540 exit_group(0)                     = ?
11546 +++ exited with 0 +++
11548 +++ exited with 0 +++
11547 +++ exited with 0 +++
11551 +++ exited with 0 +++
11549 +++ exited with 0 +++
11540 +++ exited with 0 +++
11230 --- SIGCHLD {si_signo=SIGCHLD, si_code=CLD_EXITED, si_pid=11540, si_uid=1001, si_status=0, si_utime=2 /* 0.02 s */, si_stime=1 /* 0.01 s */} ---
11285 <... waitid resumed>{si_signo=SIGCHLD, si_code=CLD_EXITED, si_pid=11540, si_uid=1001, si_status=0, si_utime=0, si_stime=0}, WEXITED, {ru_utime={tv_sec=0, tv_usec=26983}, ru_stime={tv_sec=0, tv_usec=10993}, ...}) = 0
11231 --- SIGURG {si_signo=SIGURG, si_code=SI_TKILL, si_pid=11224, si_uid=1001} ---
11229 waitid(P_PIDFD, 15,  <unfinished ...>
11518 tgkill(11507, 11507, SIGURG)      = 0
11507 --- SIGURG {si_signo=SIGURG, si_code=SI_TKILL, si_pid=11507, si_uid=1001} ---
11552 tgkill(11550, 11555, SIGURG)      = 0
11555 --- SIGURG {si_signo=SIGURG, si_code=SI_TKILL, si_pid=11550, si_uid=1001} ---
11285 clone(child_stack=NULL, flags=CLONE_VM|CLONE_PIDFD|CLONE_VFORK|SIGCHLD <unfinished ...>
11557 clone(child_stack=0x2828d92aa000, flags=CLONE_VM|CLONE_FS|CLONE_FILES|CLONE_SIGHAND|CLONE_THREAD|CLONE_SYSVSEM) = 11561
11557 clone(child_stack=0x2828d92e2000, flags=CLONE_VM|CLONE_FS|CLONE_FILES|CLONE_SIGHAND|CLONE_THREAD|CLONE_SYSVSEM) = 11562
11557 clone(child_stack=0x2828d92de000, flags=CLONE_VM|CLONE_FS|CLONE_FILES|CLONE_SIGHAND|CLONE_THREAD|CLONE_SYSVSEM) = 11563
11560 execve("/opt/hostedtoolcache/go/1.27.1/arm64/pkg/tool/linux_arm64/asm", ["/opt/hostedtoolcache/go/1.27.1/a"..., "-p", "sync/atomic", "-trimpath", "/tmp/go-build180265811/b045=>", "-I", "/tmp/go-build180265811/b045/", "-I", "/opt/hostedtoolcache/go/1.27.1/a"..., "-D", "GOOS_linux", "-D", "GOARCH_arm64", "-std", "-o", "/tmp/go-build180265811/b045/asm."..., "/opt/hostedtoolcache/go/1.27.1/a"...], 0x1f50f247a488 /* 140 vars */ <unfinished ...>
11285 <... clone resumed>, parent_tid=[18]) = 11560
11557 clone(child_stack=0x2828d9308000, flags=CLONE_VM|CLONE_FS|CLONE_FILES|CLONE_SIGHAND|CLONE_THREAD|CLONE_SYSVSEM) = 11564
11560 <... execve resumed>)             = 0
11518 tgkill(11507, 11526, SIGURG)      = 0
11526 --- SIGURG {si_signo=SIGURG, si_code=SI_TKILL, si_pid=11507, si_uid=1001} ---
11285 waitid(P_PIDFD, 18,  <unfinished ...>
11560 clone(child_stack=0x25a9b243e000, flags=CLONE_VM|CLONE_FS|CLONE_FILES|CLONE_SIGHAND|CLONE_THREAD|CLONE_SYSVSEM) = 11565
11552 tgkill(11550, 11556, SIGURG <unfinished ...>
11556 --- SIGURG {si_signo=SIGURG, si_code=SI_TKILL, si_pid=11550, si_uid=1001} ---
11552 <... tgkill resumed>)             = 0
11560 clone(child_stack=0x25a9b2476000, flags=CLONE_VM|CLONE_FS|CLONE_FILES|CLONE_SIGHAND|CLONE_THREAD|CLONE_SYSVSEM) = 11566
11560 clone(child_stack=0x25a9b2472000, flags=CLONE_VM|CLONE_FS|CLONE_FILES|CLONE_SIGHAND|CLONE_THREAD|CLONE_SYSVSEM) = 11567
11560 clone(child_stack=0x25a9b249a000, flags=CLONE_VM|CLONE_FS|CLONE_FILES|CLONE_SIGHAND|CLONE_THREAD|CLONE_SYSVSEM) = 11568
11560 exit_group(0)                     = ?
11568 +++ exited with 0 +++
11567 +++ exited with 0 +++
11565 +++ exited with 0 +++
11566 +++ exited with 0 +++
11560 +++ exited with 0 +++
11285 <... waitid resumed>{si_signo=SIGCHLD, si_code=CLD_EXITED, si_pid=11560, si_uid=1001, si_status=0, si_utime=0, si_stime=0}, WEXITED, {ru_utime={tv_sec=0, tv_usec=2307}, ru_stime={tv_sec=0, tv_usec=3460}, ...}) = 0
11285 --- SIGCHLD {si_signo=SIGCHLD, si_code=CLD_EXITED, si_pid=11560, si_uid=1001, si_status=0, si_utime=0, si_stime=0} ---
11225 tgkill(11224, 11224, SIGURG)      = 0
11224 --- SIGURG {si_signo=SIGURG, si_code=SI_TKILL, si_pid=11224, si_uid=1001} ---
11557 exit_group(0)                     = ?
11564 +++ exited with 0 +++
11563 +++ exited with 0 +++
11562 +++ exited with 0 +++
11561 +++ exited with 0 +++
11557 +++ exited with 0 +++
11229 <... waitid resumed>{si_signo=SIGCHLD, si_code=CLD_EXITED, si_pid=11557, si_uid=1001, si_status=0, si_utime=0, si_stime=0}, WEXITED, {ru_utime={tv_sec=0, tv_usec=6950}, ru_stime={tv_sec=0, tv_usec=6950}, ...}) = 0
11230 --- SIGCHLD {si_signo=SIGCHLD, si_code=CLD_EXITED, si_pid=11557, si_uid=1001, si_status=0, si_utime=0, si_stime=0} ---
11526 exit_group(0)                     = ?
11526 +++ exited with 0 +++
11523 +++ exited with 0 +++
11521 +++ exited with 0 +++
11518 +++ exited with 0 +++
11524 +++ exited with 0 +++
11528 +++ exited with 0 +++
11507 +++ exited with 0 +++
11286 <... waitid resumed>{si_signo=SIGCHLD, si_code=CLD_EXITED, si_pid=11507, si_uid=1001, si_status=0, si_utime=0, si_stime=0}, WEXITED, {ru_utime={tv_sec=0, tv_usec=150123}, ru_stime={tv_sec=0, tv_usec=28685}, ...}) = 0
11285 --- SIGCHLD {si_signo=SIGCHLD, si_code=CLD_EXITED, si_pid=11507, si_uid=1001, si_status=0, si_utime=15 /* 0.15 s */, si_stime=3 /* 0.03 s */} ---
11285 clone(child_stack=NULL, flags=CLONE_VM|CLONE_PIDFD|CLONE_VFORK|SIGCHLD <unfinished ...>
11230 clone(child_stack=NULL, flags=CLONE_VM|CLONE_PIDFD|CLONE_VFORK|SIGCHLD <unfinished ...>
11229 clone(child_stack=NULL, flags=CLONE_VM|CLONE_PIDFD|CLONE_VFORK|SIGCHLD <unfinished ...>
11570 execve("/opt/hostedtoolcache/go/1.27.1/arm64/pkg/tool/linux_arm64/compile", ["/opt/hostedtoolcache/go/1.27.1/a"..., "-o", "/tmp/go-build180265811/b044/_pkg"..., "-trimpath", "/tmp/go-build180265811/b044=>", "-p", "internal/sync", "-lang=go1.27", "-std", "-complete", "-buildid", "yNvcDl_12QHRYk5Wvj76/yNvcDl_12QH"..., "-goversion", "go1.27.1", "-c=4", "-nolocalimports", "-importcfg", "/tmp/go-build180265811/b044/impo"..., "-pack", "/opt/hostedtoolcache/go/1.27.1/a"..., "/opt/hostedtoolcache/go/1.27.1/a"..., "/opt/hostedtoolcache/go/1.27.1/a"...], 0x1f50f247a908 /* 140 vars */ <unfinished ...>
11569 execve("/opt/hostedtoolcache/go/1.27.1/arm64/pkg/tool/linux_arm64/compile", ["/opt/hostedtoolcache/go/1.27.1/a"..., "-o", "/tmp/go-build180265811/b047/_pkg"..., "-trimpath", "/tmp/go-build180265811/b047=>", "-p", "unicode", "-lang=go1.27", "-std", "-complete", "-buildid", "FIy725AIl71QC_77HXYb/FIy725AIl71"..., "-goversion", "go1.27.1", "-c=4", "-nolocalimports", "-importcfg", "/tmp/go-build180265811/b047/impo"..., "-pack", "/opt/hostedtoolcache/go/1.27.1/a"..., "/opt/hostedtoolcache/go/1.27.1/a"..., "/opt/hostedtoolcache/go/1.27.1/a"..., "/opt/hostedtoolcache/go/1.27.1/a"..., "/opt/hostedtoolcache/go/1.27.1/a"...], 0x1f50f2806908 /* 140 vars */ <unfinished ...>
11230 <... clone resumed>, parent_tid=[23]) = 11570
11570 <... execve resumed>)             = 0
11285 <... clone resumed>, parent_tid=[18]) = 11569
11569 <... execve resumed>)             = 0
11571 execve("/opt/hostedtoolcache/go/1.27.1/arm64/pkg/tool/linux_arm64/asm", ["/opt/hostedtoolcache/go/1.27.1/a"..., "-p", "internal/runtime/maps", "-trimpath", "/tmp/go-build180265811/b028=>", "-I", "/tmp/go-build180265811/b028/", "-I", "/opt/hostedtoolcache/go/1.27.1/a"..., "-D", "GOOS_linux", "-D", "GOARCH_arm64", "-std", "-o", "/tmp/go-build180265811/b028/memh"..., "/opt/hostedtoolcache/go/1.27.1/a"...], 0x1f50f25d0488 /* 140 vars */ <unfinished ...>
11229 <... clone resumed>, parent_tid=[26]) = 11571
11571 <... execve resumed>)             = 0
11230 waitid(P_PIDFD, 23,  <unfinished ...>
11285 waitid(P_PIDFD, 18,  <unfinished ...>
11229 waitid(P_PIDFD, 26,  <unfinished ...>
11552 tgkill(11550, 11556, SIGURG)      = 0
11556 --- SIGURG {si_signo=SIGURG, si_code=SI_TKILL, si_pid=11550, si_uid=1001} ---
11571 clone(child_stack=0x6295ca6b0000, flags=CLONE_VM|CLONE_FS|CLONE_FILES|CLONE_SIGHAND|CLONE_THREAD|CLONE_SYSVSEM) = 11572
11570 clone(child_stack=0x7c5a65606000, flags=CLONE_VM|CLONE_FS|CLONE_FILES|CLONE_SIGHAND|CLONE_THREAD|CLONE_SYSVSEM) = 11573
11571 clone(child_stack=0x6295ca6e8000, flags=CLONE_VM|CLONE_FS|CLONE_FILES|CLONE_SIGHAND|CLONE_THREAD|CLONE_SYSVSEM <unfinished ...>
11570 clone(child_stack=0x7c5a6563e000, flags=CLONE_VM|CLONE_FS|CLONE_FILES|CLONE_SIGHAND|CLONE_THREAD|CLONE_SYSVSEM) = 11574
11572 tgkill(11571, 11571, SIGURG <unfinished ...>
11571 <... clone resumed>)              = 11575
11572 <... tgkill resumed>)             = 0
11571 --- SIGURG {si_signo=SIGURG, si_code=SI_TKILL, si_pid=11571, si_uid=1001} ---
11570 clone(child_stack=0x7c5a6563a000, flags=CLONE_VM|CLONE_FS|CLONE_FILES|CLONE_SIGHAND|CLONE_THREAD|CLONE_SYSVSEM <unfinished ...>
11572 tgkill(11571, 11571, SIGURG <unfinished ...>
11570 <... clone resumed>)              = 11576
11572 <... tgkill resumed>)             = 0
11571 clone(child_stack=0x6295ca6e4000, flags=CLONE_VM|CLONE_FS|CLONE_FILES|CLONE_SIGHAND|CLONE_THREAD|CLONE_SYSVSEM) = 11577
11574 clone(child_stack=0x7c5a65698000, flags=CLONE_VM|CLONE_FS|CLONE_FILES|CLONE_SIGHAND|CLONE_THREAD|CLONE_SYSVSEM <unfinished ...>
11571 --- SIGURG {si_signo=SIGURG, si_code=SI_TKILL, si_pid=11571, si_uid=1001} ---
11574 <... clone resumed>)              = 11578
11575 clone(child_stack=0x6295ca718000, flags=CLONE_VM|CLONE_FS|CLONE_FILES|CLONE_SIGHAND|CLONE_THREAD|CLONE_SYSVSEM) = 11579
11571 clone(child_stack=0x6295ca714000, flags=CLONE_VM|CLONE_FS|CLONE_FILES|CLONE_SIGHAND|CLONE_THREAD|CLONE_SYSVSEM) = 11580
11569 clone(child_stack=0x35bb57fe0000, flags=CLONE_VM|CLONE_FS|CLONE_FILES|CLONE_SIGHAND|CLONE_THREAD|CLONE_SYSVSEM) = 11581
11572 tgkill(11571, 11571, SIGURG)      = 0
11571 --- SIGURG {si_signo=SIGURG, si_code=SI_TKILL, si_pid=11571, si_uid=1001} ---
11581 tgkill(11569, 11569, SIGURG <unfinished ...>
11569 clone(child_stack=0x35bb58018000, flags=CLONE_VM|CLONE_FS|CLONE_FILES|CLONE_SIGHAND|CLONE_THREAD|CLONE_SYSVSEM) = 11582
11569 clone(child_stack=0x35bb58014000, flags=CLONE_VM|CLONE_FS|CLONE_FILES|CLONE_SIGHAND|CLONE_THREAD|CLONE_SYSVSEM) = 11583
11581 <... tgkill resumed>)             = 0
11569 --- SIGURG {si_signo=SIGURG, si_code=SI_TKILL, si_pid=11569, si_uid=1001} ---
11582 clone(child_stack=0x35bb58098000, flags=CLONE_VM|CLONE_FS|CLONE_FILES|CLONE_SIGHAND|CLONE_THREAD|CLONE_SYSVSEM) = 11584
11573 tgkill(11570, 11576, SIGURG <unfinished ...>
11552 tgkill(11550, 11558, SIGURG)      = 0
11558 --- SIGURG {si_signo=SIGURG, si_code=SI_TKILL, si_pid=11550, si_uid=1001} ---
11552 tgkill(11550, 11556, SIGURG <unfinished ...>
11556 --- SIGURG {si_signo=SIGURG, si_code=SI_TKILL, si_pid=11550, si_uid=1001} ---
11552 <... tgkill resumed>)             = 0
11552 tgkill(11550, 11555, SIGURG)      = 0
11573 <... tgkill resumed>)             = 0
11555 --- SIGURG {si_signo=SIGURG, si_code=SI_TKILL, si_pid=11550, si_uid=1001} ---
11576 --- SIGURG {si_signo=SIGURG, si_code=SI_TKILL, si_pid=11570, si_uid=1001} ---
11570 exit_group(0)                     = ?
11578 +++ exited with 0 +++
11576 +++ exited with 0 +++
11574 +++ exited with 0 +++
11573 +++ exited with 0 +++
11570 +++ exited with 0 +++
11230 <... waitid resumed>{si_signo=SIGCHLD, si_code=CLD_EXITED, si_pid=11570, si_uid=1001, si_status=0, si_utime=0, si_stime=0}, WEXITED, {ru_utime={tv_sec=0, tv_usec=15747}, ru_stime={tv_sec=0, tv_usec=6748}, ...}) = 0
11286 --- SIGCHLD {si_signo=SIGCHLD, si_code=CLD_EXITED, si_pid=11570, si_uid=1001, si_status=0, si_utime=1 /* 0.01 s */, si_stime=0} ---
11225 tgkill(11224, 11230, SIGURG)      = 0
11230 --- SIGURG {si_signo=SIGURG, si_code=SI_TKILL, si_pid=11224, si_uid=1001} ---
11581 tgkill(11569, 11569, SIGURG)      = 0
11569 --- SIGURG {si_signo=SIGURG, si_code=SI_TKILL, si_pid=11569, si_uid=1001} ---
11583 clone(child_stack=0x35bb580a8000, flags=CLONE_VM|CLONE_FS|CLONE_FILES|CLONE_SIGHAND|CLONE_THREAD|CLONE_SYSVSEM) = 11585
11571 exit_group(0)                     = ?
11579 +++ exited with 0 +++
11577 +++ exited with 0 +++
11572 +++ exited with 0 +++
11580 +++ exited with 0 +++
11575 +++ exited with 0 +++
11571 +++ exited with 0 +++
11231 --- SIGCHLD {si_signo=SIGCHLD, si_code=CLD_EXITED, si_pid=11571, si_uid=1001, si_status=0, si_utime=0, si_stime=0} ---
11229 <... waitid resumed>{si_signo=SIGCHLD, si_code=CLD_EXITED, si_pid=11571, si_uid=1001, si_status=0, si_utime=0, si_stime=0}, WEXITED, {ru_utime={tv_sec=0, tv_usec=1731}, ru_stime={tv_sec=0, tv_usec=6925}, ...}) = 0
11550 exit_group(0)                     = ?
11559 +++ exited with 0 +++
11558 +++ exited with 0 +++
11555 +++ exited with 0 +++
11554 +++ exited with 0 +++
11553 +++ exited with 0 +++
11552 +++ exited with 0 +++
11230 clone(child_stack=NULL, flags=CLONE_VM|CLONE_PIDFD|CLONE_VFORK|SIGCHLD <unfinished ...>
11586 execve("/opt/hostedtoolcache/go/1.27.1/arm64/pkg/tool/linux_arm64/compile", ["/opt/hostedtoolcache/go/1.27.1/a"..., "-o", "/tmp/go-build180265811/b063/_pkg"..., "-trimpath", "/tmp/go-build180265811/b063=>", "-p", "github.com/type-rb/type-rb-nativ"..., "-lang=go1.27", "-complete", "-buildid", "C4jkGY3NLKypv-WgOlMI/C4jkGY3NLKy"..., "-goversion", "go1.27.1", "-c=4", "-nolocalimports", "-importcfg", "/tmp/go-build180265811/b063/impo"..., "-pack", "/tmp/trb-build-2818038236/trb/st"...], 0x1f50f247ad88 /* 140 vars */ <unfinished ...>
11230 <... clone resumed>, parent_tid=[16]) = 11586
11586 <... execve resumed>)             = 0
11230 waitid(P_PIDFD, 16,  <unfinished ...>
11556 +++ exited with 0 +++
11550 +++ exited with 0 +++
11226 <... waitid resumed>{si_signo=SIGCHLD, si_code=CLD_EXITED, si_pid=11550, si_uid=1001, si_status=0, si_utime=0, si_stime=0}, WEXITED, {ru_utime={tv_sec=0, tv_usec=119155}, ru_stime={tv_sec=0, tv_usec=16549}, ...}) = 0
11231 --- SIGCHLD {si_signo=SIGCHLD, si_code=CLD_EXITED, si_pid=11550, si_uid=1001, si_status=0, si_utime=10 /* 0.10 s */, si_stime=1 /* 0.01 s */} ---
11581 tgkill(11569, 11585, SIGURG <unfinished ...>
11585 --- SIGURG {si_signo=SIGURG, si_code=SI_TKILL, si_pid=11569, si_uid=1001} ---
11581 <... tgkill resumed>)             = 0
11224 clone(child_stack=NULL, flags=CLONE_VM|CLONE_PIDFD|CLONE_VFORK|SIGCHLD <unfinished ...>
11587 execve("/opt/hostedtoolcache/go/1.27.1/arm64/pkg/tool/linux_arm64/asm", ["/opt/hostedtoolcache/go/1.27.1/a"..., "-p", "math", "-trimpath", "/tmp/go-build180265811/b040=>", "-I", "/tmp/go-build180265811/b040/", "-I", "/opt/hostedtoolcache/go/1.27.1/a"..., "-D", "GOOS_linux", "-D", "GOARCH_arm64", "-std", "-o", "/tmp/go-build180265811/b040/dim_"..., "/opt/hostedtoolcache/go/1.27.1/a"...], 0x1f50f257bb08 /* 140 vars */ <unfinished ...>
11224 <... clone resumed>, parent_tid=[17]) = 11587
11587 <... execve resumed>)             = 0
11224 waitid(P_PIDFD, 17,  <unfinished ...>
11586 clone(child_stack=0xaa7c817c000, flags=CLONE_VM|CLONE_FS|CLONE_FILES|CLONE_SIGHAND|CLONE_THREAD|CLONE_SYSVSEM) = 11588
11586 clone(child_stack=0xaa7c81b4000, flags=CLONE_VM|CLONE_FS|CLONE_FILES|CLONE_SIGHAND|CLONE_THREAD|CLONE_SYSVSEM) = 11589
11586 clone(child_stack=0xaa7c81b0000, flags=CLONE_VM|CLONE_FS|CLONE_FILES|CLONE_SIGHAND|CLONE_THREAD|CLONE_SYSVSEM) = 11590
11589 clone(child_stack=0xaa7c8218000, flags=CLONE_VM|CLONE_FS|CLONE_FILES|CLONE_SIGHAND|CLONE_THREAD|CLONE_SYSVSEM) = 11591
11587 clone(child_stack=0x21529309c000, flags=CLONE_VM|CLONE_FS|CLONE_FILES|CLONE_SIGHAND|CLONE_THREAD|CLONE_SYSVSEM) = 11592
11587 clone(child_stack=0x2152930d4000, flags=CLONE_VM|CLONE_FS|CLONE_FILES|CLONE_SIGHAND|CLONE_THREAD|CLONE_SYSVSEM) = 11593
11592 tgkill(11587, 11587, SIGURG)      = 0
11587 --- SIGURG {si_signo=SIGURG, si_code=SI_TKILL, si_pid=11587, si_uid=1001} ---
11587 clone(child_stack=0x2152930d0000, flags=CLONE_VM|CLONE_FS|CLONE_FILES|CLONE_SIGHAND|CLONE_THREAD|CLONE_SYSVSEM) = 11594
11593 clone(child_stack=0x215293118000, flags=CLONE_VM|CLONE_FS|CLONE_FILES|CLONE_SIGHAND|CLONE_THREAD|CLONE_SYSVSEM) = 11595
11587 exit_group(0)                     = ?
11595 +++ exited with 0 +++
11593 +++ exited with 0 +++
11592 +++ exited with 0 +++
11594 +++ exited with 0 +++
11587 +++ exited with 0 +++
11231 --- SIGCHLD {si_signo=SIGCHLD, si_code=CLD_EXITED, si_pid=11587, si_uid=1001, si_status=0, si_utime=0, si_stime=0} ---
11224 <... waitid resumed>{si_signo=SIGCHLD, si_code=CLD_EXITED, si_pid=11587, si_uid=1001, si_status=0, si_utime=0, si_stime=0}, WEXITED, {ru_utime={tv_sec=0, tv_usec=2961}, ru_stime={tv_sec=0, tv_usec=2961}, ...}) = 0
11581 tgkill(11569, 11585, SIGURG)      = 0
11585 --- SIGURG {si_signo=SIGURG, si_code=SI_TKILL, si_pid=11569, si_uid=1001} ---
11286 clone(child_stack=NULL, flags=CLONE_VM|CLONE_PIDFD|CLONE_VFORK|SIGCHLD <unfinished ...>
11586 exit_group(0)                     = ?
11590 +++ exited with 0 +++
11588 +++ exited with 0 +++
11589 +++ exited with 0 +++
11591 +++ exited with 0 +++
11586 +++ exited with 0 +++
11231 --- SIGCHLD {si_signo=SIGCHLD, si_code=CLD_EXITED, si_pid=11586, si_uid=1001, si_status=0, si_utime=0, si_stime=0} ---
11230 <... waitid resumed>{si_signo=SIGCHLD, si_code=CLD_EXITED, si_pid=11586, si_uid=1001, si_status=0, si_utime=0, si_stime=0}, WEXITED, {ru_utime={tv_sec=0, tv_usec=6631}, ru_stime={tv_sec=0, tv_usec=3978}, ...}) = 0
11596 execve("/opt/hostedtoolcache/go/1.27.1/arm64/pkg/tool/linux_arm64/asm", ["/opt/hostedtoolcache/go/1.27.1/a"..., "-p", "math", "-trimpath", "/tmp/go-build180265811/b040=>", "-I", "/tmp/go-build180265811/b040/", "-I", "/opt/hostedtoolcache/go/1.27.1/a"..., "-D", "GOOS_linux", "-D", "GOARCH_arm64", "-std", "-o", "/tmp/go-build180265811/b040/exp_"..., "/opt/hostedtoolcache/go/1.27.1/a"...], 0x1f50f247a488 /* 140 vars */ <unfinished ...>
11286 <... clone resumed>, parent_tid=[15]) = 11596
11596 <... execve resumed>)             = 0
11286 waitid(P_PIDFD, 15,  <unfinished ...>
11225 tgkill(11224, 11231, SIGURG)      = 0
11231 --- SIGURG {si_signo=SIGURG, si_code=SI_TKILL, si_pid=11224, si_uid=1001} ---
11224 tgkill(11224, 11231, SIGURG)      = 0
11231 --- SIGURG {si_signo=SIGURG, si_code=SI_TKILL, si_pid=11224, si_uid=1001} ---
11224 tgkill(11224, 11228, SIGURG <unfinished ...>
11228 --- SIGURG {si_signo=SIGURG, si_code=SI_TKILL, si_pid=11224, si_uid=1001} ---
11224 <... tgkill resumed>)             = 0
11596 clone(child_stack=0x5c0033130000, flags=CLONE_VM|CLONE_FS|CLONE_FILES|CLONE_SIGHAND|CLONE_THREAD|CLONE_SYSVSEM) = 11597
11596 clone(child_stack=0x5c0033168000, flags=CLONE_VM|CLONE_FS|CLONE_FILES|CLONE_SIGHAND|CLONE_THREAD|CLONE_SYSVSEM) = 11598
11596 clone(child_stack=0x5c0033164000, flags=CLONE_VM|CLONE_FS|CLONE_FILES|CLONE_SIGHAND|CLONE_THREAD|CLONE_SYSVSEM) = 11599
11598 clone(child_stack=0x5c0033198000, flags=CLONE_VM|CLONE_FS|CLONE_FILES|CLONE_SIGHAND|CLONE_THREAD|CLONE_SYSVSEM) = 11600
11596 exit_group(0)                     = ?
11600 +++ exited with 0 +++
11598 +++ exited with 0 +++
11597 +++ exited with 0 +++
11599 +++ exited with 0 +++
11596 +++ exited with 0 +++
11230 --- SIGCHLD {si_signo=SIGCHLD, si_code=CLD_EXITED, si_pid=11596, si_uid=1001, si_status=0, si_utime=0, si_stime=0} ---
11286 <... waitid resumed>{si_signo=SIGCHLD, si_code=CLD_EXITED, si_pid=11596, si_uid=1001, si_status=0, si_utime=0, si_stime=0}, WEXITED, {ru_utime={tv_sec=0, tv_usec=0}, ru_stime={tv_sec=0, tv_usec=6063}, ...}) = 0
11230 clone(child_stack=NULL, flags=CLONE_VM|CLONE_PIDFD|CLONE_VFORK|SIGCHLD <unfinished ...>
11601 execve("/opt/hostedtoolcache/go/1.27.1/arm64/pkg/tool/linux_arm64/asm", ["/opt/hostedtoolcache/go/1.27.1/a"..., "-p", "math", "-trimpath", "/tmp/go-build180265811/b040=>", "-I", "/tmp/go-build180265811/b040/", "-I", "/opt/hostedtoolcache/go/1.27.1/a"..., "-D", "GOOS_linux", "-D", "GOARCH_arm64", "-std", "-o", "/tmp/go-build180265811/b040/floo"..., "/opt/hostedtoolcache/go/1.27.1/a"...], 0x1f50f247a488 /* 140 vars */ <unfinished ...>
11230 <... clone resumed>, parent_tid=[14]) = 11601
11601 <... execve resumed>)             = 0
11230 waitid(P_PIDFD, 14,  <unfinished ...>
11581 tgkill(11569, 11585, SIGURG <unfinished ...>
11585 --- SIGURG {si_signo=SIGURG, si_code=SI_TKILL, si_pid=11569, si_uid=1001} ---
11581 <... tgkill resumed>)             = 0
11601 clone(child_stack=0x2200d6fb8000, flags=CLONE_VM|CLONE_FS|CLONE_FILES|CLONE_SIGHAND|CLONE_THREAD|CLONE_SYSVSEM) = 11602
11601 clone(child_stack=0x2200d6ff0000, flags=CLONE_VM|CLONE_FS|CLONE_FILES|CLONE_SIGHAND|CLONE_THREAD|CLONE_SYSVSEM) = 11603
11601 clone(child_stack=0x2200d6fec000, flags=CLONE_VM|CLONE_FS|CLONE_FILES|CLONE_SIGHAND|CLONE_THREAD|CLONE_SYSVSEM) = 11604
11603 clone(child_stack=0x2200d7020000, flags=CLONE_VM|CLONE_FS|CLONE_FILES|CLONE_SIGHAND|CLONE_THREAD|CLONE_SYSVSEM) = 11605
11225 tgkill(11224, 11231, SIGURG)      = 0
11231 --- SIGURG {si_signo=SIGURG, si_code=SI_TKILL, si_pid=11224, si_uid=1001} ---
11601 exit_group(0)                     = ?
11603 +++ exited with 0 +++
11602 +++ exited with 0 +++
11605 +++ exited with 0 +++
11604 +++ exited with 0 +++
11601 +++ exited with 0 +++
11286 --- SIGCHLD {si_signo=SIGCHLD, si_code=CLD_EXITED, si_pid=11601, si_uid=1001, si_status=0, si_utime=0, si_stime=0} ---
11230 <... waitid resumed>{si_signo=SIGCHLD, si_code=CLD_EXITED, si_pid=11601, si_uid=1001, si_status=0, si_utime=0, si_stime=0}, WEXITED, {ru_utime={tv_sec=0, tv_usec=2856}, ru_stime={tv_sec=0, tv_usec=2856}, ...}) = 0
11581 tgkill(11569, 11585, SIGURG <unfinished ...>
11585 --- SIGURG {si_signo=SIGURG, si_code=SI_TKILL, si_pid=11569, si_uid=1001} ---
11581 <... tgkill resumed>)             = 0
11225 tgkill(11224, 11228, SIGURG)      = 0
11228 --- SIGURG {si_signo=SIGURG, si_code=SI_TKILL, si_pid=11224, si_uid=1001} ---
11225 tgkill(11224, 11231, SIGURG)      = 0
11231 --- SIGURG {si_signo=SIGURG, si_code=SI_TKILL, si_pid=11224, si_uid=1001} ---
11581 tgkill(11569, 11582, SIGURG)      = 0
11582 --- SIGURG {si_signo=SIGURG, si_code=SI_TKILL, si_pid=11569, si_uid=1001} ---
11228 clone(child_stack=NULL, flags=CLONE_VM|CLONE_PIDFD|CLONE_VFORK|SIGCHLD <unfinished ...>
11606 execve("/opt/hostedtoolcache/go/1.27.1/arm64/pkg/tool/linux_arm64/asm", ["/opt/hostedtoolcache/go/1.27.1/a"..., "-p", "runtime", "-trimpath", "/tmp/go-build180265811/b009=>", "-I", "/tmp/go-build180265811/b009/", "-I", "/opt/hostedtoolcache/go/1.27.1/a"..., "-D", "GOOS_linux", "-D", "GOARCH_arm64", "-std", "-gensymabis", "-o", "/tmp/go-build180265811/b009/syma"..., "/opt/hostedtoolcache/go/1.27.1/a"..., "/opt/hostedtoolcache/go/1.27.1/a"..., "/opt/hostedtoolcache/go/1.27.1/a"..., "/opt/hostedtoolcache/go/1.27.1/a"..., "/opt/hostedtoolcache/go/1.27.1/a"..., "/opt/hostedtoolcache/go/1.27.1/a"..., "/opt/hostedtoolcache/go/1.27.1/a"..., "/opt/hostedtoolcache/go/1.27.1/a"..., "/opt/hostedtoolcache/go/1.27.1/a"..., "/opt/hostedtoolcache/go/1.27.1/a"..., "/opt/hostedtoolcache/go/1.27.1/a"...], 0x1f50f247a488 /* 140 vars */ <unfinished ...>
11228 <... clone resumed>, parent_tid=[13]) = 11606
11606 <... execve resumed>)             = 0
11228 waitid(P_PIDFD, 13,  <unfinished ...>
11584 exit_group(0)                     = ?
11585 +++ exited with 0 +++
11584 +++ exited with 0 +++
11582 +++ exited with 0 +++
11581 +++ exited with 0 +++
11583 +++ exited with 0 +++
11569 +++ exited with 0 +++
11285 <... waitid resumed>{si_signo=SIGCHLD, si_code=CLD_EXITED, si_pid=11569, si_uid=1001, si_status=0, si_utime=0, si_stime=0}, WEXITED, {ru_utime={tv_sec=0, tv_usec=94220}, ru_stime={tv_sec=0, tv_usec=22231}, ...}) = 0
11230 --- SIGCHLD {si_signo=SIGCHLD, si_code=CLD_EXITED, si_pid=11569, si_uid=1001, si_status=0, si_utime=8 /* 0.08 s */, si_stime=2 /* 0.02 s */} ---
11606 clone(child_stack=0x1177ed2fe000, flags=CLONE_VM|CLONE_FS|CLONE_FILES|CLONE_SIGHAND|CLONE_THREAD|CLONE_SYSVSEM) = 11607
11606 clone(child_stack=0x1177ed336000, flags=CLONE_VM|CLONE_FS|CLONE_FILES|CLONE_SIGHAND|CLONE_THREAD|CLONE_SYSVSEM) = 11608
11606 clone(child_stack=0x1177ed332000, flags=CLONE_VM|CLONE_FS|CLONE_FILES|CLONE_SIGHAND|CLONE_THREAD|CLONE_SYSVSEM) = 11609
11608 clone(child_stack=0x1177ed398000, flags=CLONE_VM|CLONE_FS|CLONE_FILES|CLONE_SIGHAND|CLONE_THREAD|CLONE_SYSVSEM) = 11610
11607 tgkill(11606, 11606, SIGURG)      = 0
11606 --- SIGURG {si_signo=SIGURG, si_code=SI_TKILL, si_pid=11606, si_uid=1001} ---
11609 exit_group(0)                     = ?
11610 +++ exited with 0 +++
11609 +++ exited with 0 +++
11608 +++ exited with 0 +++
11607 +++ exited with 0 +++
11606 +++ exited with 0 +++
11285 --- SIGCHLD {si_signo=SIGCHLD, si_code=CLD_EXITED, si_pid=11606, si_uid=1001, si_status=0, si_utime=0, si_stime=1 /* 0.01 s */} ---
11228 <... waitid resumed>{si_signo=SIGCHLD, si_code=CLD_EXITED, si_pid=11606, si_uid=1001, si_status=0, si_utime=0, si_stime=0}, WEXITED, {ru_utime={tv_sec=0, tv_usec=6532}, ru_stime={tv_sec=0, tv_usec=11975}, ...}) = 0
11285 clone(child_stack=NULL, flags=CLONE_VM|CLONE_PIDFD|CLONE_VFORK|SIGCHLD <unfinished ...>
11611 execve("/opt/hostedtoolcache/go/1.27.1/arm64/pkg/tool/linux_arm64/compile", ["/opt/hostedtoolcache/go/1.27.1/a"..., "-o", "/tmp/go-build180265811/b009/_pkg"..., "-trimpath", "/tmp/go-build180265811/b009=>", "-p", "runtime", "-lang=go1.27", "-std", "-buildid", "MLVzQWnOxD5-8U6ingaq/MLVzQWnOxD5"..., "-goversion", "go1.27.1", "-symabis", "/tmp/go-build180265811/b009/syma"..., "-c=4", "-nolocalimports", "-importcfg", "/tmp/go-build180265811/b009/impo"..., "-pack", "-asmhdr", "/tmp/go-build180265811/b009/go_a"..., "/opt/hostedtoolcache/go/1.27.1/a"..., "/opt/hostedtoolcache/go/1.27.1/a"..., "/opt/hostedtoolcache/go/1.27.1/a"..., "/opt/hostedtoolcache/go/1.27.1/a"..., "/opt/hostedtoolcache/go/1.27.1/a"..., "/opt/hostedtoolcache/go/1.27.1/a"..., "/opt/hostedtoolcache/go/1.27.1/a"..., "/opt/hostedtoolcache/go/1.27.1/a"..., "/opt/hostedtoolcache/go/1.27.1/a"..., "/opt/hostedtoolcache/go/1.27.1/a"..., ...], 0x1f50f257bb08 /* 140 vars */ <unfinished ...>
11285 <... clone resumed>, parent_tid=[12]) = 11611
11611 <... execve resumed>)             = 0
11285 waitid(P_PIDFD, 12,  <unfinished ...>
11611 clone(child_stack=0x1fd44b0dc000, flags=CLONE_VM|CLONE_FS|CLONE_FILES|CLONE_SIGHAND|CLONE_THREAD|CLONE_SYSVSEM) = 11612
11611 clone(child_stack=0x1fd44b118000, flags=CLONE_VM|CLONE_FS|CLONE_FILES|CLONE_SIGHAND|CLONE_THREAD|CLONE_SYSVSEM) = 11613
11611 clone(child_stack=0x1fd44b114000, flags=CLONE_VM|CLONE_FS|CLONE_FILES|CLONE_SIGHAND|CLONE_THREAD|CLONE_SYSVSEM) = 11614
11613 clone(child_stack=0x1fd44b140000, flags=CLONE_VM|CLONE_FS|CLONE_FILES|CLONE_SIGHAND|CLONE_THREAD|CLONE_SYSVSEM) = 11615
11612 tgkill(11611, 11611, SIGURG)      = 0
11611 --- SIGURG {si_signo=SIGURG, si_code=SI_TKILL, si_pid=11611, si_uid=1001} ---
11612 clone(child_stack=0x1fd44bb78000, flags=CLONE_VM|CLONE_FS|CLONE_FILES|CLONE_SIGHAND|CLONE_THREAD|CLONE_SYSVSEM) = 11616
11612 tgkill(11611, 11615, SIGURG)      = 0
11615 --- SIGURG {si_signo=SIGURG, si_code=SI_TKILL, si_pid=11611, si_uid=1001} ---
11612 tgkill(11611, 11614, SIGURG <unfinished ...>
11614 --- SIGURG {si_signo=SIGURG, si_code=SI_TKILL, si_pid=11611, si_uid=1001} ---
11612 <... tgkill resumed>)             = 0
11612 tgkill(11611, 11611, SIGURG)      = 0
11611 --- SIGURG {si_signo=SIGURG, si_code=SI_TKILL, si_pid=11611, si_uid=1001} ---
11612 tgkill(11611, 11615, SIGURG)      = 0
11615 --- SIGURG {si_signo=SIGURG, si_code=SI_TKILL, si_pid=11611, si_uid=1001} ---
11612 tgkill(11611, 11615, SIGURG)      = 0
11615 --- SIGURG {si_signo=SIGURG, si_code=SI_TKILL, si_pid=11611, si_uid=1001} ---
11612 tgkill(11611, 11613, SIGURG <unfinished ...>
11613 --- SIGURG {si_signo=SIGURG, si_code=SI_TKILL, si_pid=11611, si_uid=1001} ---
11612 <... tgkill resumed>)             = 0
11612 tgkill(11611, 11616, SIGURG)      = 0
11616 --- SIGURG {si_signo=SIGURG, si_code=SI_TKILL, si_pid=11611, si_uid=1001} ---
11612 tgkill(11611, 11613, SIGURG <unfinished ...>
11613 --- SIGURG {si_signo=SIGURG, si_code=SI_TKILL, si_pid=11611, si_uid=1001} ---
11612 <... tgkill resumed>)             = 0
11612 tgkill(11611, 11616, SIGURG <unfinished ...>
11616 --- SIGURG {si_signo=SIGURG, si_code=SI_TKILL, si_pid=11611, si_uid=1001} ---
11612 <... tgkill resumed>)             = 0
11613 tgkill(11611, 11616, SIGURG)      = 0
11616 --- SIGURG {si_signo=SIGURG, si_code=SI_TKILL, si_pid=11611, si_uid=1001} ---
11615 tgkill(11611, 11616, SIGURG)      = 0
11616 --- SIGURG {si_signo=SIGURG, si_code=SI_TKILL, si_pid=11611, si_uid=1001} ---
11614 tgkill(11611, 11616, SIGURG)      = 0
11616 --- SIGURG {si_signo=SIGURG, si_code=SI_TKILL, si_pid=11611, si_uid=1001} ---
11614 tgkill(11611, 11616, SIGURG)      = 0
11616 --- SIGURG {si_signo=SIGURG, si_code=SI_TKILL, si_pid=11611, si_uid=1001} ---
11614 tgkill(11611, 11616, SIGURG)      = 0
11616 --- SIGURG {si_signo=SIGURG, si_code=SI_TKILL, si_pid=11611, si_uid=1001} ---
11612 tgkill(11611, 11616, SIGURG <unfinished ...>
11616 --- SIGURG {si_signo=SIGURG, si_code=SI_TKILL, si_pid=11611, si_uid=1001} ---
11612 <... tgkill resumed>)             = 0
11612 tgkill(11611, 11616, SIGURG <unfinished ...>
11616 --- SIGURG {si_signo=SIGURG, si_code=SI_TKILL, si_pid=11611, si_uid=1001} ---
11612 <... tgkill resumed>)             = 0
11612 tgkill(11611, 11613, SIGURG <unfinished ...>
11613 --- SIGURG {si_signo=SIGURG, si_code=SI_TKILL, si_pid=11611, si_uid=1001} ---
11612 <... tgkill resumed>)             = 0
11612 tgkill(11611, 11616, SIGURG)      = 0
11616 --- SIGURG {si_signo=SIGURG, si_code=SI_TKILL, si_pid=11611, si_uid=1001} ---
11612 tgkill(11611, 11613, SIGURG <unfinished ...>
11613 --- SIGURG {si_signo=SIGURG, si_code=SI_TKILL, si_pid=11611, si_uid=1001} ---
11612 <... tgkill resumed>)             = 0
11612 tgkill(11611, 11616, SIGURG <unfinished ...>
11616 --- SIGURG {si_signo=SIGURG, si_code=SI_TKILL, si_pid=11611, si_uid=1001} ---
11612 <... tgkill resumed>)             = 0
11614 tgkill(11611, 11616, SIGURG <unfinished ...>
11616 --- SIGURG {si_signo=SIGURG, si_code=SI_TKILL, si_pid=11611, si_uid=1001} ---
11614 <... tgkill resumed>)             = 0
11614 tgkill(11611, 11616, SIGURG <unfinished ...>
11616 --- SIGURG {si_signo=SIGURG, si_code=SI_TKILL, si_pid=11611, si_uid=1001} ---
11614 <... tgkill resumed>)             = 0
11614 tgkill(11611, 11616, SIGURG <unfinished ...>
11616 --- SIGURG {si_signo=SIGURG, si_code=SI_TKILL, si_pid=11611, si_uid=1001} ---
11614 <... tgkill resumed>)             = 0
11614 tgkill(11611, 11616, SIGURG)      = 0
11616 --- SIGURG {si_signo=SIGURG, si_code=SI_TKILL, si_pid=11611, si_uid=1001} ---
11614 tgkill(11611, 11613, SIGURG)      = 0
11613 --- SIGURG {si_signo=SIGURG, si_code=SI_TKILL, si_pid=11611, si_uid=1001} ---
11614 tgkill(11611, 11616, SIGURG <unfinished ...>
11616 --- SIGURG {si_signo=SIGURG, si_code=SI_TKILL, si_pid=11611, si_uid=1001} ---
11614 <... tgkill resumed>)             = 0
11614 tgkill(11611, 11615, SIGURG <unfinished ...>
11615 --- SIGURG {si_signo=SIGURG, si_code=SI_TKILL, si_pid=11611, si_uid=1001} ---
11614 <... tgkill resumed>)             = 0
11616 tgkill(11611, 11615, SIGURG)      = 0
11615 --- SIGURG {si_signo=SIGURG, si_code=SI_TKILL, si_pid=11611, si_uid=1001} ---
11614 tgkill(11611, 11615, SIGURG <unfinished ...>
11615 --- SIGURG {si_signo=SIGURG, si_code=SI_TKILL, si_pid=11611, si_uid=1001} ---
11614 <... tgkill resumed>)             = 0
11614 tgkill(11611, 11615, SIGURG <unfinished ...>
11615 --- SIGURG {si_signo=SIGURG, si_code=SI_TKILL, si_pid=11611, si_uid=1001} ---
11614 <... tgkill resumed>)             = 0
11614 tgkill(11611, 11613, SIGURG)      = 0
11613 --- SIGURG {si_signo=SIGURG, si_code=SI_TKILL, si_pid=11611, si_uid=1001} ---
11614 tgkill(11611, 11613, SIGURG)      = 0
11613 --- SIGURG {si_signo=SIGURG, si_code=SI_TKILL, si_pid=11611, si_uid=1001} ---
11614 tgkill(11611, 11613, SIGURG)      = 0
11613 --- SIGURG {si_signo=SIGURG, si_code=SI_TKILL, si_pid=11611, si_uid=1001} ---
11612 tgkill(11611, 11613, SIGURG)      = 0
11613 --- SIGURG {si_signo=SIGURG, si_code=SI_TKILL, si_pid=11611, si_uid=1001} ---
11612 tgkill(11611, 11614, SIGURG)      = 0
11614 --- SIGURG {si_signo=SIGURG, si_code=SI_TKILL, si_pid=11611, si_uid=1001} ---
11612 tgkill(11611, 11616, SIGURG)      = 0
11616 --- SIGURG {si_signo=SIGURG, si_code=SI_TKILL, si_pid=11611, si_uid=1001} ---
11616 tgkill(11611, 11614, SIGURG)      = 0
11614 --- SIGURG {si_signo=SIGURG, si_code=SI_TKILL, si_pid=11611, si_uid=1001} ---
11616 tgkill(11611, 11613, SIGURG)      = 0
11613 --- SIGURG {si_signo=SIGURG, si_code=SI_TKILL, si_pid=11611, si_uid=1001} ---
11613 tgkill(11611, 11615, SIGURG)      = 0
11615 --- SIGURG {si_signo=SIGURG, si_code=SI_TKILL, si_pid=11611, si_uid=1001} ---
11613 tgkill(11611, 11615, SIGURG)      = 0
11615 --- SIGURG {si_signo=SIGURG, si_code=SI_TKILL, si_pid=11611, si_uid=1001} ---
11613 tgkill(11611, 11614, SIGURG)      = 0
11614 --- SIGURG {si_signo=SIGURG, si_code=SI_TKILL, si_pid=11611, si_uid=1001} ---
11612 tgkill(11611, 11614, SIGURG <unfinished ...>
11614 --- SIGURG {si_signo=SIGURG, si_code=SI_TKILL, si_pid=11611, si_uid=1001} ---
11612 <... tgkill resumed>)             = 0
11612 tgkill(11611, 11614, SIGURG)      = 0
11614 --- SIGURG {si_signo=SIGURG, si_code=SI_TKILL, si_pid=11611, si_uid=1001} ---
11611 tgkill(11611, 11613, SIGURG <unfinished ...>
11613 --- SIGURG {si_signo=SIGURG, si_code=SI_TKILL, si_pid=11611, si_uid=1001} ---
11611 <... tgkill resumed>)             = 0
11613 tgkill(11611, 11616, SIGURG <unfinished ...>
11616 --- SIGURG {si_signo=SIGURG, si_code=SI_TKILL, si_pid=11611, si_uid=1001} ---
11613 <... tgkill resumed>)             = 0
11613 tgkill(11611, 11611, SIGURG)      = 0
11611 --- SIGURG {si_signo=SIGURG, si_code=SI_TKILL, si_pid=11611, si_uid=1001} ---
11616 tgkill(11611, 11614, SIGURG)      = 0
11614 --- SIGURG {si_signo=SIGURG, si_code=SI_TKILL, si_pid=11611, si_uid=1001} ---
11614 clone(child_stack=0x1fd44b13c000, flags=CLONE_VM|CLONE_FS|CLONE_FILES|CLONE_SIGHAND|CLONE_THREAD|CLONE_SYSVSEM) = 11617
11616 tgkill(11611, 11611, SIGURG)      = 0
11611 --- SIGURG {si_signo=SIGURG, si_code=SI_TKILL, si_pid=11611, si_uid=1001} ---
11616 tgkill(11611, 11614, SIGURG)      = 0
11614 --- SIGURG {si_signo=SIGURG, si_code=SI_TKILL, si_pid=11611, si_uid=1001} ---
11616 tgkill(11611, 11617, SIGURG)      = 0
11617 --- SIGURG {si_signo=SIGURG, si_code=SI_TKILL, si_pid=11611, si_uid=1001} ---
11616 tgkill(11611, 11617, SIGURG)      = 0
11617 --- SIGURG {si_signo=SIGURG, si_code=SI_TKILL, si_pid=11611, si_uid=1001} ---
11612 tgkill(11611, 11617, SIGURG)      = 0
11617 --- SIGURG {si_signo=SIGURG, si_code=SI_TKILL, si_pid=11611, si_uid=1001} ---
11612 tgkill(11611, 11614, SIGURG)      = 0
11614 --- SIGURG {si_signo=SIGURG, si_code=SI_TKILL, si_pid=11611, si_uid=1001} ---
11612 tgkill(11611, 11616, SIGURG)      = 0
11616 --- SIGURG {si_signo=SIGURG, si_code=SI_TKILL, si_pid=11611, si_uid=1001} ---
11616 tgkill(11611, 11611, SIGURG <unfinished ...>
11611 tgkill(11611, 11614, SIGURG <unfinished ...>
11616 <... tgkill resumed>)             = 0
11614 --- SIGURG {si_signo=SIGURG, si_code=SI_TKILL, si_pid=11611, si_uid=1001} ---
11611 <... tgkill resumed>)             = 0
11611 --- SIGURG {si_signo=SIGURG, si_code=SI_TKILL, si_pid=11611, si_uid=1001} ---
11616 tgkill(11611, 11611, SIGURG)      = 0
11611 --- SIGURG {si_signo=SIGURG, si_code=SI_TKILL, si_pid=11611, si_uid=1001} ---
11616 tgkill(11611, 11614, SIGURG)      = 0
11614 --- SIGURG {si_signo=SIGURG, si_code=SI_TKILL, si_pid=11611, si_uid=1001} ---
11614 tgkill(11611, 11617, SIGURG)      = 0
11617 --- SIGURG {si_signo=SIGURG, si_code=SI_TKILL, si_pid=11611, si_uid=1001} ---
11614 tgkill(11611, 11611, SIGURG)      = 0
11611 --- SIGURG {si_signo=SIGURG, si_code=SI_TKILL, si_pid=11611, si_uid=1001} ---
11614 tgkill(11611, 11611, SIGURG)      = 0
11611 --- SIGURG {si_signo=SIGURG, si_code=SI_TKILL, si_pid=11611, si_uid=1001} ---
11612 tgkill(11611, 11611, SIGURG)      = 0
11611 --- SIGURG {si_signo=SIGURG, si_code=SI_TKILL, si_pid=11611, si_uid=1001} ---
11612 tgkill(11611, 11616, SIGURG)      = 0
11616 --- SIGURG {si_signo=SIGURG, si_code=SI_TKILL, si_pid=11611, si_uid=1001} ---
11612 tgkill(11611, 11611, SIGURG)      = 0
11611 --- SIGURG {si_signo=SIGURG, si_code=SI_TKILL, si_pid=11611, si_uid=1001} ---
11612 tgkill(11611, 11616, SIGURG)      = 0
11616 --- SIGURG {si_signo=SIGURG, si_code=SI_TKILL, si_pid=11611, si_uid=1001} ---
11614 tgkill(11611, 11616, SIGURG <unfinished ...>
11616 --- SIGURG {si_signo=SIGURG, si_code=SI_TKILL, si_pid=11611, si_uid=1001} ---
11614 <... tgkill resumed>)             = 0
11616 tgkill(11611, 11617, SIGURG <unfinished ...>
11617 --- SIGURG {si_signo=SIGURG, si_code=SI_TKILL, si_pid=11611, si_uid=1001} ---
11616 <... tgkill resumed>)             = 0
11617 tgkill(11611, 11614, SIGURG)      = 0
11614 --- SIGURG {si_signo=SIGURG, si_code=SI_TKILL, si_pid=11611, si_uid=1001} ---
11614 tgkill(11611, 11611, SIGURG)      = 0
11611 --- SIGURG {si_signo=SIGURG, si_code=SI_TKILL, si_pid=11611, si_uid=1001} ---
11614 tgkill(11611, 11617, SIGURG)      = 0
11617 --- SIGURG {si_signo=SIGURG, si_code=SI_TKILL, si_pid=11611, si_uid=1001} ---
11614 tgkill(11611, 11617, SIGURG)      = 0
11617 --- SIGURG {si_signo=SIGURG, si_code=SI_TKILL, si_pid=11611, si_uid=1001} ---
11614 tgkill(11611, 11617, SIGURG)      = 0
11617 --- SIGURG {si_signo=SIGURG, si_code=SI_TKILL, si_pid=11611, si_uid=1001} ---
11612 tgkill(11611, 11617, SIGURG)      = 0
11617 --- SIGURG {si_signo=SIGURG, si_code=SI_TKILL, si_pid=11611, si_uid=1001} ---
11612 tgkill(11611, 11614, SIGURG <unfinished ...>
11614 --- SIGURG {si_signo=SIGURG, si_code=SI_TKILL, si_pid=11611, si_uid=1001} ---
11612 <... tgkill resumed>)             = 0
11612 tgkill(11611, 11614, SIGURG)      = 0
11614 --- SIGURG {si_signo=SIGURG, si_code=SI_TKILL, si_pid=11611, si_uid=1001} ---
11612 tgkill(11611, 11611, SIGURG)      = 0
11611 --- SIGURG {si_signo=SIGURG, si_code=SI_TKILL, si_pid=11611, si_uid=1001} ---
11612 tgkill(11611, 11614, SIGURG)      = 0
11614 --- SIGURG {si_signo=SIGURG, si_code=SI_TKILL, si_pid=11611, si_uid=1001} ---
11612 tgkill(11611, 11611, SIGURG)      = 0
11611 --- SIGURG {si_signo=SIGURG, si_code=SI_TKILL, si_pid=11611, si_uid=1001} ---
11611 tgkill(11611, 11614, SIGURG)      = 0
11614 --- SIGURG {si_signo=SIGURG, si_code=SI_TKILL, si_pid=11611, si_uid=1001} ---
11612 tgkill(11611, 11611, SIGURG)      = 0
11611 --- SIGURG {si_signo=SIGURG, si_code=SI_TKILL, si_pid=11611, si_uid=1001} ---
11612 tgkill(11611, 11616, SIGURG <unfinished ...>
11616 --- SIGURG {si_signo=SIGURG, si_code=SI_TKILL, si_pid=11611, si_uid=1001} ---
11612 <... tgkill resumed>)             = 0
11611 tgkill(11611, 11617, SIGURG)      = 0
11617 --- SIGURG {si_signo=SIGURG, si_code=SI_TKILL, si_pid=11611, si_uid=1001} ---
11611 tgkill(11611, 11614, SIGURG)      = 0
11614 --- SIGURG {si_signo=SIGURG, si_code=SI_TKILL, si_pid=11611, si_uid=1001} ---
11611 tgkill(11611, 11617, SIGURG)      = 0
11617 --- SIGURG {si_signo=SIGURG, si_code=SI_TKILL, si_pid=11611, si_uid=1001} ---
11611 tgkill(11611, 11617, SIGURG)      = 0
11617 --- SIGURG {si_signo=SIGURG, si_code=SI_TKILL, si_pid=11611, si_uid=1001} ---
11611 tgkill(11611, 11617, SIGURG)      = 0
11617 --- SIGURG {si_signo=SIGURG, si_code=SI_TKILL, si_pid=11611, si_uid=1001} ---
11611 tgkill(11611, 11617, SIGURG)      = 0
11617 --- SIGURG {si_signo=SIGURG, si_code=SI_TKILL, si_pid=11611, si_uid=1001} ---
11612 tgkill(11611, 11617, SIGURG)      = 0
11617 --- SIGURG {si_signo=SIGURG, si_code=SI_TKILL, si_pid=11611, si_uid=1001} ---
11612 tgkill(11611, 11611, SIGURG)      = 0
11611 --- SIGURG {si_signo=SIGURG, si_code=SI_TKILL, si_pid=11611, si_uid=1001} ---
11612 tgkill(11611, 11617, SIGURG)      = 0
11617 --- SIGURG {si_signo=SIGURG, si_code=SI_TKILL, si_pid=11611, si_uid=1001} ---
11612 tgkill(11611, 11611, SIGURG)      = 0
11611 --- SIGURG {si_signo=SIGURG, si_code=SI_TKILL, si_pid=11611, si_uid=1001} ---
11612 tgkill(11611, 11617, SIGURG <unfinished ...>
11617 --- SIGURG {si_signo=SIGURG, si_code=SI_TKILL, si_pid=11611, si_uid=1001} ---
11612 <... tgkill resumed>)             = 0
11612 tgkill(11611, 11617, SIGURG)      = 0
11617 --- SIGURG {si_signo=SIGURG, si_code=SI_TKILL, si_pid=11611, si_uid=1001} ---
11617 tgkill(11611, 11611, SIGURG)      = 0
11611 --- SIGURG {si_signo=SIGURG, si_code=SI_TKILL, si_pid=11611, si_uid=1001} ---
11612 tgkill(11611, 11611, SIGURG)      = 0
11611 --- SIGURG {si_signo=SIGURG, si_code=SI_TKILL, si_pid=11611, si_uid=1001} ---
11612 tgkill(11611, 11617, SIGURG)      = 0
11617 --- SIGURG {si_signo=SIGURG, si_code=SI_TKILL, si_pid=11611, si_uid=1001} ---
11612 tgkill(11611, 11616, SIGURG <unfinished ...>
11616 --- SIGURG {si_signo=SIGURG, si_code=SI_TKILL, si_pid=11611, si_uid=1001} ---
11612 <... tgkill resumed>)             = 0
11612 tgkill(11611, 11614, SIGURG <unfinished ...>
11614 --- SIGURG {si_signo=SIGURG, si_code=SI_TKILL, si_pid=11611, si_uid=1001} ---
11612 <... tgkill resumed>)             = 0
11616 tgkill(11611, 11614, SIGURG)      = 0
11614 --- SIGURG {si_signo=SIGURG, si_code=SI_TKILL, si_pid=11611, si_uid=1001} ---
11614 tgkill(11611, 11617, SIGURG)      = 0
11617 --- SIGURG {si_signo=SIGURG, si_code=SI_TKILL, si_pid=11611, si_uid=1001} ---
11614 tgkill(11611, 11611, SIGURG)      = 0
11611 --- SIGURG {si_signo=SIGURG, si_code=SI_TKILL, si_pid=11611, si_uid=1001} ---
11614 tgkill(11611, 11616, SIGURG)      = 0
11616 --- SIGURG {si_signo=SIGURG, si_code=SI_TKILL, si_pid=11611, si_uid=1001} ---
11614 tgkill(11611, 11616, SIGURG)      = 0
11616 --- SIGURG {si_signo=SIGURG, si_code=SI_TKILL, si_pid=11611, si_uid=1001} ---
11612 tgkill(11611, 11616, SIGURG)      = 0
11616 --- SIGURG {si_signo=SIGURG, si_code=SI_TKILL, si_pid=11611, si_uid=1001} ---
11612 tgkill(11611, 11614, SIGURG)      = 0
11614 --- SIGURG {si_signo=SIGURG, si_code=SI_TKILL, si_pid=11611, si_uid=1001} ---
11612 tgkill(11611, 11616, SIGURG)      = 0
11616 --- SIGURG {si_signo=SIGURG, si_code=SI_TKILL, si_pid=11611, si_uid=1001} ---
11612 tgkill(11611, 11611, SIGURG)      = 0
11611 --- SIGURG {si_signo=SIGURG, si_code=SI_TKILL, si_pid=11611, si_uid=1001} ---
11612 tgkill(11611, 11614, SIGURG <unfinished ...>
11614 --- SIGURG {si_signo=SIGURG, si_code=SI_TKILL, si_pid=11611, si_uid=1001} ---
11612 <... tgkill resumed>)             = 0
11612 tgkill(11611, 11617, SIGURG)      = 0
11617 --- SIGURG {si_signo=SIGURG, si_code=SI_TKILL, si_pid=11611, si_uid=1001} ---
11612 tgkill(11611, 11616, SIGURG)      = 0
11616 --- SIGURG {si_signo=SIGURG, si_code=SI_TKILL, si_pid=11611, si_uid=1001} ---
11612 tgkill(11611, 11611, SIGURG)      = 0
11611 --- SIGURG {si_signo=SIGURG, si_code=SI_TKILL, si_pid=11611, si_uid=1001} ---
11616 tgkill(11611, 11611, SIGURG)      = 0
11611 --- SIGURG {si_signo=SIGURG, si_code=SI_TKILL, si_pid=11611, si_uid=1001} ---
11617 tgkill(11611, 11611, SIGURG)      = 0
11611 --- SIGURG {si_signo=SIGURG, si_code=SI_TKILL, si_pid=11611, si_uid=1001} ---
11617 tgkill(11611, 11611, SIGURG)      = 0
11611 --- SIGURG {si_signo=SIGURG, si_code=SI_TKILL, si_pid=11611, si_uid=1001} ---
11617 tgkill(11611, 11614, SIGURG)      = 0
11614 --- SIGURG {si_signo=SIGURG, si_code=SI_TKILL, si_pid=11611, si_uid=1001} ---
11617 tgkill(11611, 11616, SIGURG)      = 0
11616 --- SIGURG {si_signo=SIGURG, si_code=SI_TKILL, si_pid=11611, si_uid=1001} ---
11612 tgkill(11611, 11611, SIGURG)      = 0
11611 --- SIGURG {si_signo=SIGURG, si_code=SI_TKILL, si_pid=11611, si_uid=1001} ---
11612 tgkill(11611, 11617, SIGURG)      = 0
11612 tgkill(11611, 11616, SIGURG)      = 0
11616 --- SIGURG {si_signo=SIGURG, si_code=SI_TKILL, si_pid=11611, si_uid=1001} ---
11612 tgkill(11611, 11614, SIGURG)      = 0
11614 --- SIGURG {si_signo=SIGURG, si_code=SI_TKILL, si_pid=11611, si_uid=1001} ---
11617 --- SIGURG {si_signo=SIGURG, si_code=SI_TKILL, si_pid=11611, si_uid=1001} ---
11612 tgkill(11611, 11617, SIGURG <unfinished ...>
11617 --- SIGURG {si_signo=SIGURG, si_code=SI_TKILL, si_pid=11611, si_uid=1001} ---
11612 <... tgkill resumed>)             = 0
11612 tgkill(11611, 11611, SIGURG)      = 0
11611 --- SIGURG {si_signo=SIGURG, si_code=SI_TKILL, si_pid=11611, si_uid=1001} ---
11612 tgkill(11611, 11617, SIGURG <unfinished ...>
11617 --- SIGURG {si_signo=SIGURG, si_code=SI_TKILL, si_pid=11611, si_uid=1001} ---
11612 <... tgkill resumed>)             = 0
11612 tgkill(11611, 11616, SIGURG <unfinished ...>
11616 --- SIGURG {si_signo=SIGURG, si_code=SI_TKILL, si_pid=11611, si_uid=1001} ---
11612 <... tgkill resumed>)             = 0
11612 tgkill(11611, 11614, SIGURG <unfinished ...>
11614 --- SIGURG {si_signo=SIGURG, si_code=SI_TKILL, si_pid=11611, si_uid=1001} ---
11612 <... tgkill resumed>)             = 0
11612 tgkill(11611, 11617, SIGURG <unfinished ...>
11617 --- SIGURG {si_signo=SIGURG, si_code=SI_TKILL, si_pid=11611, si_uid=1001} ---
11612 <... tgkill resumed>)             = 0
11612 tgkill(11611, 11611, SIGURG)      = 0
11611 --- SIGURG {si_signo=SIGURG, si_code=SI_TKILL, si_pid=11611, si_uid=1001} ---
11612 tgkill(11611, 11617, SIGURG <unfinished ...>
11617 --- SIGURG {si_signo=SIGURG, si_code=SI_TKILL, si_pid=11611, si_uid=1001} ---
11612 <... tgkill resumed>)             = 0
11614 tgkill(11611, 11611, SIGURG)      = 0
11611 --- SIGURG {si_signo=SIGURG, si_code=SI_TKILL, si_pid=11611, si_uid=1001} ---
11611 tgkill(11611, 11617, SIGURG <unfinished ...>
11612 tgkill(11611, 11616, SIGURG <unfinished ...>
11611 <... tgkill resumed>)             = 0
11612 <... tgkill resumed>)             = 0
11616 --- SIGURG {si_signo=SIGURG, si_code=SI_TKILL, si_pid=11611, si_uid=1001} ---
11617 --- SIGURG {si_signo=SIGURG, si_code=SI_TKILL, si_pid=11611, si_uid=1001} ---
11611 tgkill(11611, 11614, SIGURG)      = 0
11614 --- SIGURG {si_signo=SIGURG, si_code=SI_TKILL, si_pid=11611, si_uid=1001} ---
11617 tgkill(11611, 11611, SIGURG)      = 0
11611 --- SIGURG {si_signo=SIGURG, si_code=SI_TKILL, si_pid=11611, si_uid=1001} ---
11617 tgkill(11611, 11616, SIGURG)      = 0
11616 --- SIGURG {si_signo=SIGURG, si_code=SI_TKILL, si_pid=11611, si_uid=1001} ---
11617 tgkill(11611, 11614, SIGURG)      = 0
11614 --- SIGURG {si_signo=SIGURG, si_code=SI_TKILL, si_pid=11611, si_uid=1001} ---
11612 tgkill(11611, 11614, SIGURG)      = 0
11614 --- SIGURG {si_signo=SIGURG, si_code=SI_TKILL, si_pid=11611, si_uid=1001} ---
11612 tgkill(11611, 11617, SIGURG <unfinished ...>
11617 --- SIGURG {si_signo=SIGURG, si_code=SI_TKILL, si_pid=11611, si_uid=1001} ---
11612 <... tgkill resumed>)             = 0
11612 tgkill(11611, 11611, SIGURG)      = 0
11611 --- SIGURG {si_signo=SIGURG, si_code=SI_TKILL, si_pid=11611, si_uid=1001} ---
11612 tgkill(11611, 11616, SIGURG)      = 0
11616 --- SIGURG {si_signo=SIGURG, si_code=SI_TKILL, si_pid=11611, si_uid=1001} ---
11612 tgkill(11611, 11614, SIGURG <unfinished ...>
11614 --- SIGURG {si_signo=SIGURG, si_code=SI_TKILL, si_pid=11611, si_uid=1001} ---
11612 <... tgkill resumed>)             = 0
11612 tgkill(11611, 11617, SIGURG)      = 0
11617 --- SIGURG {si_signo=SIGURG, si_code=SI_TKILL, si_pid=11611, si_uid=1001} ---
11612 tgkill(11611, 11611, SIGURG)      = 0
11611 --- SIGURG {si_signo=SIGURG, si_code=SI_TKILL, si_pid=11611, si_uid=1001} ---
11612 tgkill(11611, 11616, SIGURG <unfinished ...>
11616 --- SIGURG {si_signo=SIGURG, si_code=SI_TKILL, si_pid=11611, si_uid=1001} ---
11612 <... tgkill resumed>)             = 0
11612 tgkill(11611, 11617, SIGURG)      = 0
11617 --- SIGURG {si_signo=SIGURG, si_code=SI_TKILL, si_pid=11611, si_uid=1001} ---
11612 tgkill(11611, 11611, SIGURG)      = 0
11611 --- SIGURG {si_signo=SIGURG, si_code=SI_TKILL, si_pid=11611, si_uid=1001} ---
11612 tgkill(11611, 11614, SIGURG <unfinished ...>
11614 --- SIGURG {si_signo=SIGURG, si_code=SI_TKILL, si_pid=11611, si_uid=1001} ---
11612 <... tgkill resumed>)             = 0
11612 tgkill(11611, 11616, SIGURG)      = 0
11616 --- SIGURG {si_signo=SIGURG, si_code=SI_TKILL, si_pid=11611, si_uid=1001} ---
11612 tgkill(11611, 11617, SIGURG)      = 0
11617 --- SIGURG {si_signo=SIGURG, si_code=SI_TKILL, si_pid=11611, si_uid=1001} ---
11612 tgkill(11611, 11611, SIGURG)      = 0
11611 --- SIGURG {si_signo=SIGURG, si_code=SI_TKILL, si_pid=11611, si_uid=1001} ---
11612 tgkill(11611, 11614, SIGURG)      = 0
11614 --- SIGURG {si_signo=SIGURG, si_code=SI_TKILL, si_pid=11611, si_uid=1001} ---
11612 tgkill(11611, 11616, SIGURG <unfinished ...>
11616 --- SIGURG {si_signo=SIGURG, si_code=SI_TKILL, si_pid=11611, si_uid=1001} ---
11612 <... tgkill resumed>)             = 0
11612 tgkill(11611, 11617, SIGURG <unfinished ...>
11617 --- SIGURG {si_signo=SIGURG, si_code=SI_TKILL, si_pid=11611, si_uid=1001} ---
11612 <... tgkill resumed>)             = 0
11616 tgkill(11611, 11614, SIGURG)      = 0
11614 --- SIGURG {si_signo=SIGURG, si_code=SI_TKILL, si_pid=11611, si_uid=1001} ---
11616 tgkill(11611, 11617, SIGURG)      = 0
11617 --- SIGURG {si_signo=SIGURG, si_code=SI_TKILL, si_pid=11611, si_uid=1001} ---
11611 tgkill(11611, 11617, SIGURG)      = 0
11617 --- SIGURG {si_signo=SIGURG, si_code=SI_TKILL, si_pid=11611, si_uid=1001} ---
11612 tgkill(11611, 11614, SIGURG)      = 0
11611 tgkill(11611, 11616, SIGURG <unfinished ...>
11614 --- SIGURG {si_signo=SIGURG, si_code=SI_TKILL, si_pid=11611, si_uid=1001} ---
11611 <... tgkill resumed>)             = 0
11616 --- SIGURG {si_signo=SIGURG, si_code=SI_TKILL, si_pid=11611, si_uid=1001} ---
11612 tgkill(11611, 11611, SIGURG)      = 0
11611 --- SIGURG {si_signo=SIGURG, si_code=SI_TKILL, si_pid=11611, si_uid=1001} ---
11612 tgkill(11611, 11616, SIGURG)      = 0
11616 --- SIGURG {si_signo=SIGURG, si_code=SI_TKILL, si_pid=11611, si_uid=1001} ---
11612 tgkill(11611, 11614, SIGURG)      = 0
11614 --- SIGURG {si_signo=SIGURG, si_code=SI_TKILL, si_pid=11611, si_uid=1001} ---
11612 tgkill(11611, 11617, SIGURG <unfinished ...>
11617 --- SIGURG {si_signo=SIGURG, si_code=SI_TKILL, si_pid=11611, si_uid=1001} ---
11612 <... tgkill resumed>)             = 0
11612 tgkill(11611, 11611, SIGURG)      = 0
11611 --- SIGURG {si_signo=SIGURG, si_code=SI_TKILL, si_pid=11611, si_uid=1001} ---
11612 tgkill(11611, 11614, SIGURG)      = 0
11614 --- SIGURG {si_signo=SIGURG, si_code=SI_TKILL, si_pid=11611, si_uid=1001} ---
11612 tgkill(11611, 11611, SIGURG)      = 0
11611 --- SIGURG {si_signo=SIGURG, si_code=SI_TKILL, si_pid=11611, si_uid=1001} ---
11612 tgkill(11611, 11616, SIGURG <unfinished ...>
11616 --- SIGURG {si_signo=SIGURG, si_code=SI_TKILL, si_pid=11611, si_uid=1001} ---
11612 <... tgkill resumed>)             = 0
11612 tgkill(11611, 11617, SIGURG)      = 0
11617 --- SIGURG {si_signo=SIGURG, si_code=SI_TKILL, si_pid=11611, si_uid=1001} ---
11612 tgkill(11611, 11611, SIGURG)      = 0
11611 --- SIGURG {si_signo=SIGURG, si_code=SI_TKILL, si_pid=11611, si_uid=1001} ---
11612 tgkill(11611, 11614, SIGURG)      = 0
11614 --- SIGURG {si_signo=SIGURG, si_code=SI_TKILL, si_pid=11611, si_uid=1001} ---
11612 tgkill(11611, 11611, SIGURG)      = 0
11611 --- SIGURG {si_signo=SIGURG, si_code=SI_TKILL, si_pid=11611, si_uid=1001} ---
11612 tgkill(11611, 11616, SIGURG <unfinished ...>
11616 --- SIGURG {si_signo=SIGURG, si_code=SI_TKILL, si_pid=11611, si_uid=1001} ---
11612 <... tgkill resumed>)             = 0
11612 tgkill(11611, 11614, SIGURG)      = 0
11614 --- SIGURG {si_signo=SIGURG, si_code=SI_TKILL, si_pid=11611, si_uid=1001} ---
11612 tgkill(11611, 11617, SIGURG <unfinished ...>
11617 --- SIGURG {si_signo=SIGURG, si_code=SI_TKILL, si_pid=11611, si_uid=1001} ---
11612 <... tgkill resumed>)             = 0
11612 tgkill(11611, 11611, SIGURG)      = 0
11611 --- SIGURG {si_signo=SIGURG, si_code=SI_TKILL, si_pid=11611, si_uid=1001} ---
11611 tgkill(11611, 11614, SIGURG)      = 0
11614 --- SIGURG {si_signo=SIGURG, si_code=SI_TKILL, si_pid=11611, si_uid=1001} ---
11611 tgkill(11611, 11617, SIGURG)      = 0
11617 --- SIGURG {si_signo=SIGURG, si_code=SI_TKILL, si_pid=11611, si_uid=1001} ---
11611 tgkill(11611, 11616, SIGURG)      = 0
11616 --- SIGURG {si_signo=SIGURG, si_code=SI_TKILL, si_pid=11611, si_uid=1001} ---
11616 tgkill(11611, 11614, SIGURG)      = 0
11616 tgkill(11611, 11617, SIGURG <unfinished ...>
11614 --- SIGURG {si_signo=SIGURG, si_code=SI_TKILL, si_pid=11611, si_uid=1001} ---
11616 <... tgkill resumed>)             = 0
11617 --- SIGURG {si_signo=SIGURG, si_code=SI_TKILL, si_pid=11611, si_uid=1001} ---
11616 tgkill(11611, 11611, SIGURG)      = 0
11611 --- SIGURG {si_signo=SIGURG, si_code=SI_TKILL, si_pid=11611, si_uid=1001} ---
11617 tgkill(11611, 11614, SIGURG)      = 0
11614 --- SIGURG {si_signo=SIGURG, si_code=SI_TKILL, si_pid=11611, si_uid=1001} ---
11617 tgkill(11611, 11611, SIGURG)      = 0
11611 --- SIGURG {si_signo=SIGURG, si_code=SI_TKILL, si_pid=11611, si_uid=1001} ---
11617 tgkill(11611, 11616, SIGURG)      = 0
11616 --- SIGURG {si_signo=SIGURG, si_code=SI_TKILL, si_pid=11611, si_uid=1001} ---
11617 tgkill(11611, 11614, SIGURG)      = 0
11614 --- SIGURG {si_signo=SIGURG, si_code=SI_TKILL, si_pid=11611, si_uid=1001} ---
11617 tgkill(11611, 11611, SIGURG)      = 0
11611 --- SIGURG {si_signo=SIGURG, si_code=SI_TKILL, si_pid=11611, si_uid=1001} ---
11617 tgkill(11611, 11616, SIGURG)      = 0
11616 --- SIGURG {si_signo=SIGURG, si_code=SI_TKILL, si_pid=11611, si_uid=1001} ---
11617 tgkill(11611, 11614, SIGURG)      = 0
11614 --- SIGURG {si_signo=SIGURG, si_code=SI_TKILL, si_pid=11611, si_uid=1001} ---
11612 tgkill(11611, 11614, SIGURG)      = 0
11614 --- SIGURG {si_signo=SIGURG, si_code=SI_TKILL, si_pid=11611, si_uid=1001} ---
11612 tgkill(11611, 11617, SIGURG)      = 0
11617 --- SIGURG {si_signo=SIGURG, si_code=SI_TKILL, si_pid=11611, si_uid=1001} ---
11612 tgkill(11611, 11617, SIGURG <unfinished ...>
11617 --- SIGURG {si_signo=SIGURG, si_code=SI_TKILL, si_pid=11611, si_uid=1001} ---
11612 <... tgkill resumed>)             = 0
11612 tgkill(11611, 11611, SIGURG)      = 0
11611 --- SIGURG {si_signo=SIGURG, si_code=SI_TKILL, si_pid=11611, si_uid=1001} ---
11612 tgkill(11611, 11616, SIGURG <unfinished ...>
11616 --- SIGURG {si_signo=SIGURG, si_code=SI_TKILL, si_pid=11611, si_uid=1001} ---
11612 <... tgkill resumed>)             = 0
11612 tgkill(11611, 11614, SIGURG <unfinished ...>
11614 --- SIGURG {si_signo=SIGURG, si_code=SI_TKILL, si_pid=11611, si_uid=1001} ---
11612 <... tgkill resumed>)             = 0
11612 tgkill(11611, 11611, SIGURG)      = 0
11611 --- SIGURG {si_signo=SIGURG, si_code=SI_TKILL, si_pid=11611, si_uid=1001} ---
11612 tgkill(11611, 11616, SIGURG)      = 0
11616 --- SIGURG {si_signo=SIGURG, si_code=SI_TKILL, si_pid=11611, si_uid=1001} ---
11612 tgkill(11611, 11614, SIGURG)      = 0
11614 --- SIGURG {si_signo=SIGURG, si_code=SI_TKILL, si_pid=11611, si_uid=1001} ---
11612 tgkill(11611, 11617, SIGURG)      = 0
11617 --- SIGURG {si_signo=SIGURG, si_code=SI_TKILL, si_pid=11611, si_uid=1001} ---
11612 tgkill(11611, 11616, SIGURG)      = 0
11616 --- SIGURG {si_signo=SIGURG, si_code=SI_TKILL, si_pid=11611, si_uid=1001} ---
11612 tgkill(11611, 11614, SIGURG <unfinished ...>
11614 --- SIGURG {si_signo=SIGURG, si_code=SI_TKILL, si_pid=11611, si_uid=1001} ---
11612 <... tgkill resumed>)             = 0
11612 tgkill(11611, 11611, SIGURG)      = 0
11611 --- SIGURG {si_signo=SIGURG, si_code=SI_TKILL, si_pid=11611, si_uid=1001} ---
11612 tgkill(11611, 11617, SIGURG <unfinished ...>
11617 --- SIGURG {si_signo=SIGURG, si_code=SI_TKILL, si_pid=11611, si_uid=1001} ---
11612 <... tgkill resumed>)             = 0
11612 tgkill(11611, 11614, SIGURG <unfinished ...>
11614 --- SIGURG {si_signo=SIGURG, si_code=SI_TKILL, si_pid=11611, si_uid=1001} ---
11612 <... tgkill resumed>)             = 0
11612 tgkill(11611, 11611, SIGURG)      = 0
11611 --- SIGURG {si_signo=SIGURG, si_code=SI_TKILL, si_pid=11611, si_uid=1001} ---
11612 tgkill(11611, 11617, SIGURG)      = 0
11617 --- SIGURG {si_signo=SIGURG, si_code=SI_TKILL, si_pid=11611, si_uid=1001} ---
11612 tgkill(11611, 11616, SIGURG)      = 0
11616 --- SIGURG {si_signo=SIGURG, si_code=SI_TKILL, si_pid=11611, si_uid=1001} ---
11612 tgkill(11611, 11614, SIGURG)      = 0
11614 --- SIGURG {si_signo=SIGURG, si_code=SI_TKILL, si_pid=11611, si_uid=1001} ---
11612 tgkill(11611, 11611, SIGURG)      = 0
11611 --- SIGURG {si_signo=SIGURG, si_code=SI_TKILL, si_pid=11611, si_uid=1001} ---
11612 tgkill(11611, 11617, SIGURG)      = 0
11617 --- SIGURG {si_signo=SIGURG, si_code=SI_TKILL, si_pid=11611, si_uid=1001} ---
11612 tgkill(11611, 11616, SIGURG <unfinished ...>
11616 --- SIGURG {si_signo=SIGURG, si_code=SI_TKILL, si_pid=11611, si_uid=1001} ---
11612 <... tgkill resumed>)             = 0
11614 tgkill(11611, 11617, SIGURG)      = 0
11617 --- SIGURG {si_signo=SIGURG, si_code=SI_TKILL, si_pid=11611, si_uid=1001} ---
11612 tgkill(11611, 11614, SIGURG)      = 0
11614 --- SIGURG {si_signo=SIGURG, si_code=SI_TKILL, si_pid=11611, si_uid=1001} ---
11611 tgkill(11611, 11617, SIGURG)      = 0
11617 --- SIGURG {si_signo=SIGURG, si_code=SI_TKILL, si_pid=11611, si_uid=1001} ---
11611 tgkill(11611, 11616, SIGURG)      = 0
11616 --- SIGURG {si_signo=SIGURG, si_code=SI_TKILL, si_pid=11611, si_uid=1001} ---
11611 tgkill(11611, 11614, SIGURG)      = 0
11614 --- SIGURG {si_signo=SIGURG, si_code=SI_TKILL, si_pid=11611, si_uid=1001} ---
11612 tgkill(11611, 11611, SIGURG)      = 0
11611 --- SIGURG {si_signo=SIGURG, si_code=SI_TKILL, si_pid=11611, si_uid=1001} ---
11612 tgkill(11611, 11614, SIGURG)      = 0
11614 --- SIGURG {si_signo=SIGURG, si_code=SI_TKILL, si_pid=11611, si_uid=1001} ---
11612 tgkill(11611, 11611, SIGURG)      = 0
11612 tgkill(11611, 11616, SIGURG)      = 0
11616 --- SIGURG {si_signo=SIGURG, si_code=SI_TKILL, si_pid=11611, si_uid=1001} ---
11611 --- SIGURG {si_signo=SIGURG, si_code=SI_TKILL, si_pid=11611, si_uid=1001} ---
11612 tgkill(11611, 11617, SIGURG)      = 0
11617 --- SIGURG {si_signo=SIGURG, si_code=SI_TKILL, si_pid=11611, si_uid=1001} ---
11612 tgkill(11611, 11611, SIGURG)      = 0
11611 --- SIGURG {si_signo=SIGURG, si_code=SI_TKILL, si_pid=11611, si_uid=1001} ---
11612 tgkill(11611, 11614, SIGURG)      = 0
11614 --- SIGURG {si_signo=SIGURG, si_code=SI_TKILL, si_pid=11611, si_uid=1001} ---
11612 tgkill(11611, 11611, SIGURG)      = 0
11611 --- SIGURG {si_signo=SIGURG, si_code=SI_TKILL, si_pid=11611, si_uid=1001} ---
11612 tgkill(11611, 11614, SIGURG)      = 0
11614 --- SIGURG {si_signo=SIGURG, si_code=SI_TKILL, si_pid=11611, si_uid=1001} ---
11612 tgkill(11611, 11617, SIGURG)      = 0
11617 --- SIGURG {si_signo=SIGURG, si_code=SI_TKILL, si_pid=11611, si_uid=1001} ---
11612 tgkill(11611, 11611, SIGURG)      = 0
11612 tgkill(11611, 11616, SIGURG)      = 0
11616 --- SIGURG {si_signo=SIGURG, si_code=SI_TKILL, si_pid=11611, si_uid=1001} ---
11611 --- SIGURG {si_signo=SIGURG, si_code=SI_TKILL, si_pid=11611, si_uid=1001} ---
11612 tgkill(11611, 11611, SIGURG)      = 0
11611 --- SIGURG {si_signo=SIGURG, si_code=SI_TKILL, si_pid=11611, si_uid=1001} ---
11612 tgkill(11611, 11614, SIGURG)      = 0
11614 --- SIGURG {si_signo=SIGURG, si_code=SI_TKILL, si_pid=11611, si_uid=1001} ---
11612 tgkill(11611, 11611, SIGURG)      = 0
11612 tgkill(11611, 11616, SIGURG)      = 0
11616 --- SIGURG {si_signo=SIGURG, si_code=SI_TKILL, si_pid=11611, si_uid=1001} ---
11611 --- SIGURG {si_signo=SIGURG, si_code=SI_TKILL, si_pid=11611, si_uid=1001} ---
11612 tgkill(11611, 11617, SIGURG)      = 0
11617 --- SIGURG {si_signo=SIGURG, si_code=SI_TKILL, si_pid=11611, si_uid=1001} ---
11612 tgkill(11611, 11611, SIGURG)      = 0
11612 tgkill(11611, 11616, SIGURG)      = 0
11616 --- SIGURG {si_signo=SIGURG, si_code=SI_TKILL, si_pid=11611, si_uid=1001} ---
11611 --- SIGURG {si_signo=SIGURG, si_code=SI_TKILL, si_pid=11611, si_uid=1001} ---
11612 tgkill(11611, 11614, SIGURG)      = 0
11614 --- SIGURG {si_signo=SIGURG, si_code=SI_TKILL, si_pid=11611, si_uid=1001} ---
11612 tgkill(11611, 11611, SIGURG)      = 0
11611 --- SIGURG {si_signo=SIGURG, si_code=SI_TKILL, si_pid=11611, si_uid=1001} ---
11612 tgkill(11611, 11617, SIGURG)      = 0
11617 --- SIGURG {si_signo=SIGURG, si_code=SI_TKILL, si_pid=11611, si_uid=1001} ---
11612 tgkill(11611, 11611, SIGURG)      = 0
11612 tgkill(11611, 11616, SIGURG)      = 0
11616 --- SIGURG {si_signo=SIGURG, si_code=SI_TKILL, si_pid=11611, si_uid=1001} ---
11611 --- SIGURG {si_signo=SIGURG, si_code=SI_TKILL, si_pid=11611, si_uid=1001} ---
11614 tgkill(11611, 11617, SIGURG <unfinished ...>
11617 --- SIGURG {si_signo=SIGURG, si_code=SI_TKILL, si_pid=11611, si_uid=1001} ---
11614 <... tgkill resumed>)             = 0
11617 tgkill(11611, 11614, SIGURG)      = 0
11614 --- SIGURG {si_signo=SIGURG, si_code=SI_TKILL, si_pid=11611, si_uid=1001} ---
11617 tgkill(11611, 11611, SIGURG)      = 0
11611 --- SIGURG {si_signo=SIGURG, si_code=SI_TKILL, si_pid=11611, si_uid=1001} ---
11617 tgkill(11611, 11616, SIGURG)      = 0
11616 --- SIGURG {si_signo=SIGURG, si_code=SI_TKILL, si_pid=11611, si_uid=1001} ---
11612 tgkill(11611, 11611, SIGURG)      = 0
11611 --- SIGURG {si_signo=SIGURG, si_code=SI_TKILL, si_pid=11611, si_uid=1001} ---
11612 tgkill(11611, 11617, SIGURG)      = 0
11617 --- SIGURG {si_signo=SIGURG, si_code=SI_TKILL, si_pid=11611, si_uid=1001} ---
11612 tgkill(11611, 11617, SIGURG <unfinished ...>
11617 --- SIGURG {si_signo=SIGURG, si_code=SI_TKILL, si_pid=11611, si_uid=1001} ---
11612 <... tgkill resumed>)             = 0
11612 tgkill(11611, 11617, SIGURG <unfinished ...>
11617 --- SIGURG {si_signo=SIGURG, si_code=SI_TKILL, si_pid=11611, si_uid=1001} ---
11612 <... tgkill resumed>)             = 0
11612 tgkill(11611, 11617, SIGURG)      = 0
11617 --- SIGURG {si_signo=SIGURG, si_code=SI_TKILL, si_pid=11611, si_uid=1001} ---
11612 tgkill(11611, 11617, SIGURG)      = 0
11617 --- SIGURG {si_signo=SIGURG, si_code=SI_TKILL, si_pid=11611, si_uid=1001} ---
11612 tgkill(11611, 11617, SIGURG)      = 0
11617 --- SIGURG {si_signo=SIGURG, si_code=SI_TKILL, si_pid=11611, si_uid=1001} ---
11612 tgkill(11611, 11617, SIGURG)      = 0
11617 --- SIGURG {si_signo=SIGURG, si_code=SI_TKILL, si_pid=11611, si_uid=1001} ---
11612 tgkill(11611, 11617, SIGURG)      = 0
11617 --- SIGURG {si_signo=SIGURG, si_code=SI_TKILL, si_pid=11611, si_uid=1001} ---
11612 tgkill(11611, 11617, SIGURG)      = 0
11617 --- SIGURG {si_signo=SIGURG, si_code=SI_TKILL, si_pid=11611, si_uid=1001} ---
11611 exit_group(0)                     = ?
11616 +++ exited with 0 +++
11615 +++ exited with 0 +++
11617 +++ exited with 0 +++
11614 +++ exited with 0 +++
11613 +++ exited with 0 +++
11612 +++ exited with 0 +++
11611 +++ exited with 0 +++
11228 --- SIGCHLD {si_signo=SIGCHLD, si_code=CLD_EXITED, si_pid=11611, si_uid=1001, si_status=0, si_utime=359 /* 3.59 s */, si_stime=18 /* 0.18 s */} ---
11285 <... waitid resumed>{si_signo=SIGCHLD, si_code=CLD_EXITED, si_pid=11611, si_uid=1001, si_status=0, si_utime=0, si_stime=0}, WEXITED, {ru_utime={tv_sec=3, tv_usec=613832}, ru_stime={tv_sec=0, tv_usec=185169}, ...}) = 0
11228 clone(child_stack=NULL, flags=CLONE_VM|CLONE_PIDFD|CLONE_VFORK|SIGCHLD <unfinished ...>
11618 execve("/opt/hostedtoolcache/go/1.27.1/arm64/pkg/tool/linux_arm64/asm", ["/opt/hostedtoolcache/go/1.27.1/a"..., "-p", "runtime", "-trimpath", "/tmp/go-build180265811/b009=>", "-I", "/tmp/go-build180265811/b009/", "-I", "/opt/hostedtoolcache/go/1.27.1/a"..., "-D", "GOOS_linux", "-D", "GOARCH_arm64", "-std", "-o", "/tmp/go-build180265811/b009/asm."..., "/opt/hostedtoolcache/go/1.27.1/a"...], 0x1f50f25d0488 /* 140 vars */ <unfinished ...>
11228 <... clone resumed>, parent_tid=[12]) = 11618
11618 <... execve resumed>)             = 0
11228 waitid(P_PIDFD, 12,  <unfinished ...>
11618 clone(child_stack=0x5bfeb5c02000, flags=CLONE_VM|CLONE_FS|CLONE_FILES|CLONE_SIGHAND|CLONE_THREAD|CLONE_SYSVSEM) = 11619
11618 clone(child_stack=0x5bfeb5c3a000, flags=CLONE_VM|CLONE_FS|CLONE_FILES|CLONE_SIGHAND|CLONE_THREAD|CLONE_SYSVSEM) = 11620
11618 clone(child_stack=0x5bfeb5c36000, flags=CLONE_VM|CLONE_FS|CLONE_FILES|CLONE_SIGHAND|CLONE_THREAD|CLONE_SYSVSEM) = 11621
11620 clone(child_stack=0x5bfeb5c98000, flags=CLONE_VM|CLONE_FS|CLONE_FILES|CLONE_SIGHAND|CLONE_THREAD|CLONE_SYSVSEM) = 11622
11618 exit_group(0)                     = ?
11622 +++ exited with 0 +++
11621 +++ exited with 0 +++
11620 +++ exited with 0 +++
11619 +++ exited with 0 +++
11618 +++ exited with 0 +++
11228 <... waitid resumed>{si_signo=SIGCHLD, si_code=CLD_EXITED, si_pid=11618, si_uid=1001, si_status=0, si_utime=0, si_stime=0}, WEXITED, {ru_utime={tv_sec=0, tv_usec=2101}, ru_stime={tv_sec=0, tv_usec=4202}, ...}) = 0
11285 --- SIGCHLD {si_signo=SIGCHLD, si_code=CLD_EXITED, si_pid=11618, si_uid=1001, si_status=0, si_utime=0, si_stime=0} ---
11285 clone(child_stack=NULL, flags=CLONE_VM|CLONE_PIDFD|CLONE_VFORK|SIGCHLD <unfinished ...>
11623 execve("/opt/hostedtoolcache/go/1.27.1/arm64/pkg/tool/linux_arm64/asm", ["/opt/hostedtoolcache/go/1.27.1/a"..., "-p", "runtime", "-trimpath", "/tmp/go-build180265811/b009=>", "-I", "/tmp/go-build180265811/b009/", "-I", "/opt/hostedtoolcache/go/1.27.1/a"..., "-D", "GOOS_linux", "-D", "GOARCH_arm64", "-std", "-o", "/tmp/go-build180265811/b009/asm_"..., "/opt/hostedtoolcache/go/1.27.1/a"...], 0x1f50f2806488 /* 140 vars */ <unfinished ...>
11285 <... clone resumed>, parent_tid=[12]) = 11623
11623 <... execve resumed>)             = 0
11285 waitid(P_PIDFD, 12,  <unfinished ...>
11623 clone(child_stack=0x54de1e91e000, flags=CLONE_VM|CLONE_FS|CLONE_FILES|CLONE_SIGHAND|CLONE_THREAD|CLONE_SYSVSEM) = 11624
11623 clone(child_stack=0x54de1e956000, flags=CLONE_VM|CLONE_FS|CLONE_FILES|CLONE_SIGHAND|CLONE_THREAD|CLONE_SYSVSEM) = 11625
11623 clone(child_stack=0x54de1e952000, flags=CLONE_VM|CLONE_FS|CLONE_FILES|CLONE_SIGHAND|CLONE_THREAD|CLONE_SYSVSEM) = 11626
11625 clone(child_stack=0x54de1e998000, flags=CLONE_VM|CLONE_FS|CLONE_FILES|CLONE_SIGHAND|CLONE_THREAD|CLONE_SYSVSEM) = 11627
11623 exit_group(0)                     = ?
11624 +++ exited with 0 +++
11626 +++ exited with 0 +++
11625 +++ exited with 0 +++
11627 +++ exited with 0 +++
11623 +++ exited with 0 +++
11285 <... waitid resumed>{si_signo=SIGCHLD, si_code=CLD_EXITED, si_pid=11623, si_uid=1001, si_status=0, si_utime=0, si_stime=0}, WEXITED, {ru_utime={tv_sec=0, tv_usec=7483}, ru_stime={tv_sec=0, tv_usec=5987}, ...}) = 0
11228 --- SIGCHLD {si_signo=SIGCHLD, si_code=CLD_EXITED, si_pid=11623, si_uid=1001, si_status=0, si_utime=0, si_stime=0} ---
11228 clone(child_stack=NULL, flags=CLONE_VM|CLONE_PIDFD|CLONE_VFORK|SIGCHLD <unfinished ...>
11628 execve("/opt/hostedtoolcache/go/1.27.1/arm64/pkg/tool/linux_arm64/asm", ["/opt/hostedtoolcache/go/1.27.1/a"..., "-p", "runtime", "-trimpath", "/tmp/go-build180265811/b009=>", "-I", "/tmp/go-build180265811/b009/", "-I", "/opt/hostedtoolcache/go/1.27.1/a"..., "-D", "GOOS_linux", "-D", "GOARCH_arm64", "-std", "-o", "/tmp/go-build180265811/b009/atom"..., "/opt/hostedtoolcache/go/1.27.1/a"...], 0x1f50f25d0908 /* 140 vars */ <unfinished ...>
11228 <... clone resumed>, parent_tid=[12]) = 11628
11628 <... execve resumed>)             = 0
11228 waitid(P_PIDFD, 12,  <unfinished ...>
11628 clone(child_stack=0x256ac00f2000, flags=CLONE_VM|CLONE_FS|CLONE_FILES|CLONE_SIGHAND|CLONE_THREAD|CLONE_SYSVSEM) = 11629
11628 clone(child_stack=0x256ac012a000, flags=CLONE_VM|CLONE_FS|CLONE_FILES|CLONE_SIGHAND|CLONE_THREAD|CLONE_SYSVSEM) = 11630
11628 clone(child_stack=0x256ac0126000, flags=CLONE_VM|CLONE_FS|CLONE_FILES|CLONE_SIGHAND|CLONE_THREAD|CLONE_SYSVSEM) = 11631
11630 clone(child_stack=0x256ac0198000, flags=CLONE_VM|CLONE_FS|CLONE_FILES|CLONE_SIGHAND|CLONE_THREAD|CLONE_SYSVSEM) = 11632
11628 exit_group(0)                     = ?
11632 +++ exited with 0 +++
11631 +++ exited with 0 +++
11630 +++ exited with 0 +++
11629 +++ exited with 0 +++
11628 +++ exited with 0 +++
11285 --- SIGCHLD {si_signo=SIGCHLD, si_code=CLD_EXITED, si_pid=11628, si_uid=1001, si_status=0, si_utime=0, si_stime=0} ---
11228 <... waitid resumed>{si_signo=SIGCHLD, si_code=CLD_EXITED, si_pid=11628, si_uid=1001, si_status=0, si_utime=0, si_stime=0}, WEXITED, {ru_utime={tv_sec=0, tv_usec=1525}, ru_stime={tv_sec=0, tv_usec=4577}, ...}) = 0
11285 clone(child_stack=NULL, flags=CLONE_VM|CLONE_PIDFD|CLONE_VFORK|SIGCHLD <unfinished ...>
11633 execve("/opt/hostedtoolcache/go/1.27.1/arm64/pkg/tool/linux_arm64/asm", ["/opt/hostedtoolcache/go/1.27.1/a"..., "-p", "runtime", "-trimpath", "/tmp/go-build180265811/b009=>", "-I", "/tmp/go-build180265811/b009/", "-I", "/opt/hostedtoolcache/go/1.27.1/a"..., "-D", "GOOS_linux", "-D", "GOARCH_arm64", "-std", "-o", "/tmp/go-build180265811/b009/ints"..., "/opt/hostedtoolcache/go/1.27.1/a"...], 0x1f50f2806908 /* 140 vars */ <unfinished ...>
11285 <... clone resumed>, parent_tid=[12]) = 11633
11633 <... execve resumed>)             = 0
11285 waitid(P_PIDFD, 12,  <unfinished ...>
11633 clone(child_stack=0x5d75bf446000, flags=CLONE_VM|CLONE_FS|CLONE_FILES|CLONE_SIGHAND|CLONE_THREAD|CLONE_SYSVSEM) = 11634
11633 clone(child_stack=0x5d75bf47e000, flags=CLONE_VM|CLONE_FS|CLONE_FILES|CLONE_SIGHAND|CLONE_THREAD|CLONE_SYSVSEM) = 11635
11634 tgkill(11633, 11633, SIGURG <unfinished ...>
11633 clone(child_stack=0x5d75bf47a000, flags=CLONE_VM|CLONE_FS|CLONE_FILES|CLONE_SIGHAND|CLONE_THREAD|CLONE_SYSVSEM <unfinished ...>
11634 <... tgkill resumed>)             = 0
11633 <... clone resumed>)              = 11636
11633 --- SIGURG {si_signo=SIGURG, si_code=SI_TKILL, si_pid=11633, si_uid=1001} ---
11635 clone(child_stack=0x5d75bf518000, flags=CLONE_VM|CLONE_FS|CLONE_FILES|CLONE_SIGHAND|CLONE_THREAD|CLONE_SYSVSEM) = 11637
11633 exit_group(0)                     = ?
11637 +++ exited with 0 +++
11636 +++ exited with 0 +++
11634 +++ exited with 0 +++
11635 +++ exited with 0 +++
11633 +++ exited with 0 +++
11285 <... waitid resumed>{si_signo=SIGCHLD, si_code=CLD_EXITED, si_pid=11633, si_uid=1001, si_status=0, si_utime=0, si_stime=0}, WEXITED, {ru_utime={tv_sec=0, tv_usec=912}, ru_stime={tv_sec=0, tv_usec=5475}, ...}) = 0
11228 --- SIGCHLD {si_signo=SIGCHLD, si_code=CLD_EXITED, si_pid=11633, si_uid=1001, si_status=0, si_utime=0, si_stime=0} ---
11228 clone(child_stack=NULL, flags=CLONE_VM|CLONE_PIDFD|CLONE_VFORK|SIGCHLD <unfinished ...>
11638 execve("/opt/hostedtoolcache/go/1.27.1/arm64/pkg/tool/linux_arm64/asm", ["/opt/hostedtoolcache/go/1.27.1/a"..., "-p", "runtime", "-trimpath", "/tmp/go-build180265811/b009=>", "-I", "/tmp/go-build180265811/b009/", "-I", "/opt/hostedtoolcache/go/1.27.1/a"..., "-D", "GOOS_linux", "-D", "GOARCH_arm64", "-std", "-o", "/tmp/go-build180265811/b009/memc"..., "/opt/hostedtoolcache/go/1.27.1/a"...], 0x1f50f25d0d88 /* 140 vars */ <unfinished ...>
11228 <... clone resumed>, parent_tid=[12]) = 11638
11638 <... execve resumed>)             = 0
11228 waitid(P_PIDFD, 12,  <unfinished ...>
11638 clone(child_stack=0x12f132bdc000, flags=CLONE_VM|CLONE_FS|CLONE_FILES|CLONE_SIGHAND|CLONE_THREAD|CLONE_SYSVSEM) = 11639
11638 clone(child_stack=0x12f132c18000, flags=CLONE_VM|CLONE_FS|CLONE_FILES|CLONE_SIGHAND|CLONE_THREAD|CLONE_SYSVSEM) = 11640
11638 clone(child_stack=0x12f132c14000, flags=CLONE_VM|CLONE_FS|CLONE_FILES|CLONE_SIGHAND|CLONE_THREAD|CLONE_SYSVSEM) = 11641
11640 clone(child_stack=0x12f132c40000, flags=CLONE_VM|CLONE_FS|CLONE_FILES|CLONE_SIGHAND|CLONE_THREAD|CLONE_SYSVSEM) = 11642
11639 tgkill(11638, 11641, SIGURG)      = 0
11641 --- SIGURG {si_signo=SIGURG, si_code=SI_TKILL, si_pid=11638, si_uid=1001} ---
11638 exit_group(0)                     = ?
11641 +++ exited with 0 +++
11640 +++ exited with 0 +++
11639 +++ exited with 0 +++
11642 +++ exited with 0 +++
11638 +++ exited with 0 +++
11285 --- SIGCHLD {si_signo=SIGCHLD, si_code=CLD_EXITED, si_pid=11638, si_uid=1001, si_status=0, si_utime=0, si_stime=0} ---
11228 <... waitid resumed>{si_signo=SIGCHLD, si_code=CLD_EXITED, si_pid=11638, si_uid=1001, si_status=0, si_utime=0, si_stime=0}, WEXITED, {ru_utime={tv_sec=0, tv_usec=0}, ru_stime={tv_sec=0, tv_usec=6130}, ...}) = 0
11285 clone(child_stack=NULL, flags=CLONE_VM|CLONE_PIDFD|CLONE_VFORK|SIGCHLD <unfinished ...>
11643 execve("/opt/hostedtoolcache/go/1.27.1/arm64/pkg/tool/linux_arm64/asm", ["/opt/hostedtoolcache/go/1.27.1/a"..., "-p", "runtime", "-trimpath", "/tmp/go-build180265811/b009=>", "-I", "/tmp/go-build180265811/b009/", "-I", "/opt/hostedtoolcache/go/1.27.1/a"..., "-D", "GOOS_linux", "-D", "GOARCH_arm64", "-std", "-o", "/tmp/go-build180265811/b009/memm"..., "/opt/hostedtoolcache/go/1.27.1/a"...], 0x1f50f2806d88 /* 140 vars */ <unfinished ...>
11285 <... clone resumed>, parent_tid=[12]) = 11643
11643 <... execve resumed>)             = 0
11285 waitid(P_PIDFD, 12,  <unfinished ...>
11643 clone(child_stack=0x30dbefba0000, flags=CLONE_VM|CLONE_FS|CLONE_FILES|CLONE_SIGHAND|CLONE_THREAD|CLONE_SYSVSEM) = 11644
11643 clone(child_stack=0x30dbefbd8000, flags=CLONE_VM|CLONE_FS|CLONE_FILES|CLONE_SIGHAND|CLONE_THREAD|CLONE_SYSVSEM) = 11645
11643 clone(child_stack=0x30dbefbd4000, flags=CLONE_VM|CLONE_FS|CLONE_FILES|CLONE_SIGHAND|CLONE_THREAD|CLONE_SYSVSEM) = 11646
11644 tgkill(11643, 11646, SIGURG <unfinished ...>
11645 clone(child_stack=0x30dbefc18000, flags=CLONE_VM|CLONE_FS|CLONE_FILES|CLONE_SIGHAND|CLONE_THREAD|CLONE_SYSVSEM <unfinished ...>
11644 <... tgkill resumed>)             = 0
11646 --- SIGURG {si_signo=SIGURG, si_code=SI_TKILL, si_pid=11643, si_uid=1001} ---
11645 <... clone resumed>)              = 11647
11643 clone(child_stack=0x30dbefc14000, flags=CLONE_VM|CLONE_FS|CLONE_FILES|CLONE_SIGHAND|CLONE_THREAD|CLONE_SYSVSEM) = 11648
11643 exit_group(0)                     = ?
11648 +++ exited with 0 +++
11647 +++ exited with 0 +++
11646 +++ exited with 0 +++
11644 +++ exited with 0 +++
11645 +++ exited with 0 +++
11643 +++ exited with 0 +++
11285 <... waitid resumed>{si_signo=SIGCHLD, si_code=CLD_EXITED, si_pid=11643, si_uid=1001, si_status=0, si_utime=0, si_stime=0}, WEXITED, {ru_utime={tv_sec=0, tv_usec=0}, ru_stime={tv_sec=0, tv_usec=6399}, ...}) = 0
11228 --- SIGCHLD {si_signo=SIGCHLD, si_code=CLD_EXITED, si_pid=11643, si_uid=1001, si_status=0, si_utime=0, si_stime=0} ---
11228 clone(child_stack=NULL, flags=CLONE_VM|CLONE_PIDFD|CLONE_VFORK|SIGCHLD <unfinished ...>
11649 execve("/opt/hostedtoolcache/go/1.27.1/arm64/pkg/tool/linux_arm64/asm", ["/opt/hostedtoolcache/go/1.27.1/a"..., "-p", "runtime", "-trimpath", "/tmp/go-build180265811/b009=>", "-I", "/tmp/go-build180265811/b009/", "-I", "/opt/hostedtoolcache/go/1.27.1/a"..., "-D", "GOOS_linux", "-D", "GOARCH_arm64", "-std", "-o", "/tmp/go-build180265811/b009/pree"..., "/opt/hostedtoolcache/go/1.27.1/a"...], 0x1f50f25d1208 /* 140 vars */ <unfinished ...>
11228 <... clone resumed>, parent_tid=[12]) = 11649
11649 <... execve resumed>)             = 0
11228 waitid(P_PIDFD, 12,  <unfinished ...>
11649 clone(child_stack=0x45aa6ce84000, flags=CLONE_VM|CLONE_FS|CLONE_FILES|CLONE_SIGHAND|CLONE_THREAD|CLONE_SYSVSEM) = 11650
11649 clone(child_stack=0x45aa6cebc000, flags=CLONE_VM|CLONE_FS|CLONE_FILES|CLONE_SIGHAND|CLONE_THREAD|CLONE_SYSVSEM) = 11651
11649 clone(child_stack=0x45aa6ceb8000, flags=CLONE_VM|CLONE_FS|CLONE_FILES|CLONE_SIGHAND|CLONE_THREAD|CLONE_SYSVSEM) = 11652
11651 clone(child_stack=0x45aa6cf18000, flags=CLONE_VM|CLONE_FS|CLONE_FILES|CLONE_SIGHAND|CLONE_THREAD|CLONE_SYSVSEM) = 11653
11649 exit_group(0)                     = ?
11653 +++ exited with 0 +++
11652 +++ exited with 0 +++
11651 +++ exited with 0 +++
11650 +++ exited with 0 +++
11649 +++ exited with 0 +++
11285 --- SIGCHLD {si_signo=SIGCHLD, si_code=CLD_EXITED, si_pid=11649, si_uid=1001, si_status=0, si_utime=0, si_stime=0} ---
11228 <... waitid resumed>{si_signo=SIGCHLD, si_code=CLD_EXITED, si_pid=11649, si_uid=1001, si_status=0, si_utime=0, si_stime=0}, WEXITED, {ru_utime={tv_sec=0, tv_usec=4333}, ru_stime={tv_sec=0, tv_usec=4333}, ...}) = 0
11285 clone(child_stack=NULL, flags=CLONE_VM|CLONE_PIDFD|CLONE_VFORK|SIGCHLD <unfinished ...>
11654 execve("/opt/hostedtoolcache/go/1.27.1/arm64/pkg/tool/linux_arm64/asm", ["/opt/hostedtoolcache/go/1.27.1/a"..., "-p", "runtime", "-trimpath", "/tmp/go-build180265811/b009=>", "-I", "/tmp/go-build180265811/b009/", "-I", "/opt/hostedtoolcache/go/1.27.1/a"..., "-D", "GOOS_linux", "-D", "GOARCH_arm64", "-std", "-o", "/tmp/go-build180265811/b009/rt0_"..., "/opt/hostedtoolcache/go/1.27.1/a"...], 0x1f50f2807208 /* 140 vars */ <unfinished ...>
11285 <... clone resumed>, parent_tid=[12]) = 11654
11654 <... execve resumed>)             = 0
11285 waitid(P_PIDFD, 12,  <unfinished ...>
11654 clone(child_stack=0x1e4abe714000, flags=CLONE_VM|CLONE_FS|CLONE_FILES|CLONE_SIGHAND|CLONE_THREAD|CLONE_SYSVSEM) = 11655
11654 clone(child_stack=0x1e4abe74c000, flags=CLONE_VM|CLONE_FS|CLONE_FILES|CLONE_SIGHAND|CLONE_THREAD|CLONE_SYSVSEM) = 11656
11654 clone(child_stack=0x1e4abe748000, flags=CLONE_VM|CLONE_FS|CLONE_FILES|CLONE_SIGHAND|CLONE_THREAD|CLONE_SYSVSEM) = 11657
11656 clone(child_stack=0x1e4abe798000, flags=CLONE_VM|CLONE_FS|CLONE_FILES|CLONE_SIGHAND|CLONE_THREAD|CLONE_SYSVSEM) = 11658
11654 exit_group(0)                     = ?
11658 +++ exited with 0 +++
11657 +++ exited with 0 +++
11656 +++ exited with 0 +++
11655 +++ exited with 0 +++
11654 +++ exited with 0 +++
11230 --- SIGCHLD {si_signo=SIGCHLD, si_code=CLD_EXITED, si_pid=11654, si_uid=1001, si_status=0, si_utime=0, si_stime=0} ---
11285 <... waitid resumed>{si_signo=SIGCHLD, si_code=CLD_EXITED, si_pid=11654, si_uid=1001, si_status=0, si_utime=0, si_stime=0}, WEXITED, {ru_utime={tv_sec=0, tv_usec=0}, ru_stime={tv_sec=0, tv_usec=6047}, ...}) = 0
11230 clone(child_stack=NULL, flags=CLONE_VM|CLONE_PIDFD|CLONE_VFORK|SIGCHLD <unfinished ...>
11659 execve("/opt/hostedtoolcache/go/1.27.1/arm64/pkg/tool/linux_arm64/asm", ["/opt/hostedtoolcache/go/1.27.1/a"..., "-p", "runtime", "-trimpath", "/tmp/go-build180265811/b009=>", "-I", "/tmp/go-build180265811/b009/", "-I", "/opt/hostedtoolcache/go/1.27.1/a"..., "-D", "GOOS_linux", "-D", "GOARCH_arm64", "-std", "-o", "/tmp/go-build180265811/b009/secr"..., "/opt/hostedtoolcache/go/1.27.1/a"...], 0x1f50f25d1688 /* 140 vars */ <unfinished ...>
11230 <... clone resumed>, parent_tid=[12]) = 11659
11659 <... execve resumed>)             = 0
11230 waitid(P_PIDFD, 12,  <unfinished ...>
11659 clone(child_stack=0x5963b09ec000, flags=CLONE_VM|CLONE_FS|CLONE_FILES|CLONE_SIGHAND|CLONE_THREAD|CLONE_SYSVSEM) = 11660
11659 clone(child_stack=0x5963b0a24000, flags=CLONE_VM|CLONE_FS|CLONE_FILES|CLONE_SIGHAND|CLONE_THREAD|CLONE_SYSVSEM) = 11661
11659 clone(child_stack=0x5963b0a20000, flags=CLONE_VM|CLONE_FS|CLONE_FILES|CLONE_SIGHAND|CLONE_THREAD|CLONE_SYSVSEM) = 11662
11661 clone(child_stack=0x5963b0a98000, flags=CLONE_VM|CLONE_FS|CLONE_FILES|CLONE_SIGHAND|CLONE_THREAD|CLONE_SYSVSEM) = 11663
11659 exit_group(0)                     = ?
11663 +++ exited with 0 +++
11662 +++ exited with 0 +++
11661 +++ exited with 0 +++
11660 +++ exited with 0 +++
11659 +++ exited with 0 +++
11230 <... waitid resumed>{si_signo=SIGCHLD, si_code=CLD_EXITED, si_pid=11659, si_uid=1001, si_status=0, si_utime=0, si_stime=0}, WEXITED, {ru_utime={tv_sec=0, tv_usec=3819}, ru_stime={tv_sec=0, tv_usec=4582}, ...}) = 0
11285 --- SIGCHLD {si_signo=SIGCHLD, si_code=CLD_EXITED, si_pid=11659, si_uid=1001, si_status=0, si_utime=0, si_stime=0} ---
11285 clone(child_stack=NULL, flags=CLONE_VM|CLONE_PIDFD|CLONE_VFORK|SIGCHLD <unfinished ...>
11664 execve("/opt/hostedtoolcache/go/1.27.1/arm64/pkg/tool/linux_arm64/asm", ["/opt/hostedtoolcache/go/1.27.1/a"..., "-p", "runtime", "-trimpath", "/tmp/go-build180265811/b009=>", "-I", "/tmp/go-build180265811/b009/", "-I", "/opt/hostedtoolcache/go/1.27.1/a"..., "-D", "GOOS_linux", "-D", "GOARCH_arm64", "-std", "-o", "/tmp/go-build180265811/b009/sys_"..., "/opt/hostedtoolcache/go/1.27.1/a"...], 0x1f50f2807688 /* 140 vars */ <unfinished ...>
11285 <... clone resumed>, parent_tid=[12]) = 11664
11664 <... execve resumed>)             = 0
11285 waitid(P_PIDFD, 12,  <unfinished ...>
11664 clone(child_stack=0x65e9932c8000, flags=CLONE_VM|CLONE_FS|CLONE_FILES|CLONE_SIGHAND|CLONE_THREAD|CLONE_SYSVSEM) = 11665
11664 clone(child_stack=0x65e993300000, flags=CLONE_VM|CLONE_FS|CLONE_FILES|CLONE_SIGHAND|CLONE_THREAD|CLONE_SYSVSEM) = 11666
11664 clone(child_stack=0x65e9932fc000, flags=CLONE_VM|CLONE_FS|CLONE_FILES|CLONE_SIGHAND|CLONE_THREAD|CLONE_SYSVSEM) = 11667
11666 clone(child_stack=0x65e993398000, flags=CLONE_VM|CLONE_FS|CLONE_FILES|CLONE_SIGHAND|CLONE_THREAD|CLONE_SYSVSEM) = 11668
11664 exit_group(0)                     = ?
11668 +++ exited with 0 +++
11667 +++ exited with 0 +++
11666 +++ exited with 0 +++
11665 +++ exited with 0 +++
11664 +++ exited with 0 +++
11230 --- SIGCHLD {si_signo=SIGCHLD, si_code=CLD_EXITED, si_pid=11664, si_uid=1001, si_status=0, si_utime=0, si_stime=0} ---
11285 <... waitid resumed>{si_signo=SIGCHLD, si_code=CLD_EXITED, si_pid=11664, si_uid=1001, si_status=0, si_utime=0, si_stime=0}, WEXITED, {ru_utime={tv_sec=0, tv_usec=4392}, ru_stime={tv_sec=0, tv_usec=5857}, ...}) = 0
11230 clone(child_stack=NULL, flags=CLONE_VM|CLONE_PIDFD|CLONE_VFORK|SIGCHLD <unfinished ...>
11669 execve("/opt/hostedtoolcache/go/1.27.1/arm64/pkg/tool/linux_arm64/asm", ["/opt/hostedtoolcache/go/1.27.1/a"..., "-p", "runtime", "-trimpath", "/tmp/go-build180265811/b009=>", "-I", "/tmp/go-build180265811/b009/", "-I", "/opt/hostedtoolcache/go/1.27.1/a"..., "-D", "GOOS_linux", "-D", "GOARCH_arm64", "-std", "-o", "/tmp/go-build180265811/b009/tls_"..., "/opt/hostedtoolcache/go/1.27.1/a"...], 0x1f50f25d1b08 /* 140 vars */ <unfinished ...>
11230 <... clone resumed>, parent_tid=[12]) = 11669
11669 <... execve resumed>)             = 0
11230 waitid(P_PIDFD, 12,  <unfinished ...>
11669 clone(child_stack=0x5c1d852d0000, flags=CLONE_VM|CLONE_FS|CLONE_FILES|CLONE_SIGHAND|CLONE_THREAD|CLONE_SYSVSEM) = 11670
11669 clone(child_stack=0x5c1d85308000, flags=CLONE_VM|CLONE_FS|CLONE_FILES|CLONE_SIGHAND|CLONE_THREAD|CLONE_SYSVSEM) = 11671
11670 tgkill(11669, 11669, SIGURG)      = 0
11669 clone(child_stack=0x5c1d85304000, flags=CLONE_VM|CLONE_FS|CLONE_FILES|CLONE_SIGHAND|CLONE_THREAD|CLONE_SYSVSEM) = 11672
11671 clone(child_stack=0x5c1d85398000, flags=CLONE_VM|CLONE_FS|CLONE_FILES|CLONE_SIGHAND|CLONE_THREAD|CLONE_SYSVSEM <unfinished ...>
11669 --- SIGURG {si_signo=SIGURG, si_code=SI_TKILL, si_pid=11669, si_uid=1001} ---
11671 <... clone resumed>)              = 11673
11669 exit_group(0)                     = ?
11673 +++ exited with 0 +++
11672 +++ exited with 0 +++
11671 +++ exited with 0 +++
11670 +++ exited with 0 +++
11669 +++ exited with 0 +++
11228 --- SIGCHLD {si_signo=SIGCHLD, si_code=CLD_EXITED, si_pid=11669, si_uid=1001, si_status=0, si_utime=0, si_stime=0} ---
11230 <... waitid resumed>{si_signo=SIGCHLD, si_code=CLD_EXITED, si_pid=11669, si_uid=1001, si_status=0, si_utime=0, si_stime=0}, WEXITED, {ru_utime={tv_sec=0, tv_usec=2504}, ru_stime={tv_sec=0, tv_usec=6261}, ...}) = 0
11225 tgkill(11224, 11228, SIGURG)      = 0
11228 --- SIGURG {si_signo=SIGURG, si_code=SI_TKILL, si_pid=11224, si_uid=1001} ---
11225 tgkill(11224, 11285, SIGURG)      = 0
11285 --- SIGURG {si_signo=SIGURG, si_code=SI_TKILL, si_pid=11224, si_uid=1001} ---
11225 tgkill(11224, 11285, SIGURG)      = 0
11285 --- SIGURG {si_signo=SIGURG, si_code=SI_TKILL, si_pid=11224, si_uid=1001} ---
11225 tgkill(11224, 11285, SIGURG)      = 0
11285 --- SIGURG {si_signo=SIGURG, si_code=SI_TKILL, si_pid=11224, si_uid=1001} ---
11228 clone(child_stack=NULL, flags=CLONE_VM|CLONE_PIDFD|CLONE_VFORK|SIGCHLD <unfinished ...>
11230 tgkill(11224, 11228, SIGURG)      = 0
11674 execve("/opt/hostedtoolcache/go/1.27.1/arm64/pkg/tool/linux_arm64/compile", ["/opt/hostedtoolcache/go/1.27.1/a"..., "-o", "/tmp/go-build180265811/b039/_pkg"..., "-trimpath", "/tmp/go-build180265811/b039=>", "-p", "iter", "-lang=go1.27", "-std", "-complete", "-buildid", "DgyyIOKHmH8ZE3UWz1ON/DgyyIOKHmH8"..., "-goversion", "go1.27.1", "-c=4", "-nolocalimports", "-importcfg", "/tmp/go-build180265811/b039/impo"..., "-pack", "/opt/hostedtoolcache/go/1.27.1/a"...], 0x1f50f2807b08 /* 140 vars */ <unfinished ...>
11228 <... clone resumed>, parent_tid=[14]) = 11674
11228 --- SIGURG {si_signo=SIGURG, si_code=SI_TKILL, si_pid=11224, si_uid=1001} ---
11674 <... execve resumed>)             = 0
11285 tgkill(11224, 11230, SIGURG)      = 0
11230 clone(child_stack=NULL, flags=CLONE_VM|CLONE_PIDFD|CLONE_VFORK|SIGCHLD <unfinished ...>
11228 waitid(P_PIDFD, 14,  <unfinished ...>
11675 execve("/opt/hostedtoolcache/go/1.27.1/arm64/pkg/tool/linux_arm64/asm", ["/opt/hostedtoolcache/go/1.27.1/a"..., "-p", "internal/reflectlite", "-trimpath", "/tmp/go-build180265811/b004=>", "-I", "/tmp/go-build180265811/b004/", "-I", "/opt/hostedtoolcache/go/1.27.1/a"..., "-D", "GOOS_linux", "-D", "GOARCH_arm64", "-std", "-gensymabis", "-o", "/tmp/go-build180265811/b004/syma"..., "/opt/hostedtoolcache/go/1.27.1/a"...], 0x1f50f275d208 /* 140 vars */ <unfinished ...>
11230 <... clone resumed>, parent_tid=[8]) = 11675
11675 <... execve resumed>)             = 0
11230 --- SIGURG {si_signo=SIGURG, si_code=SI_TKILL, si_pid=11224, si_uid=1001} ---
11285 tgkill(11224, 11230, SIGURG)      = 0
11230 --- SIGURG {si_signo=SIGURG, si_code=SI_TKILL, si_pid=11224, si_uid=1001} ---
11231 tgkill(11224, 11224, SIGURG)      = 0
11224 --- SIGURG {si_signo=SIGURG, si_code=SI_TKILL, si_pid=11224, si_uid=1001} ---
11286 clone(child_stack=NULL, flags=CLONE_VM|CLONE_PIDFD|CLONE_VFORK|SIGCHLD <unfinished ...>
11231 tgkill(11224, 11286, SIGURG)      = 0
11224 waitid(P_PIDFD, 8,  <unfinished ...>
11676 execve("/opt/hostedtoolcache/go/1.27.1/arm64/pkg/tool/linux_arm64/compile", ["/opt/hostedtoolcache/go/1.27.1/a"..., "-o", "/tmp/go-build180265811/b043/_pkg"..., "-trimpath", "/tmp/go-build180265811/b043=>", "-p", "sync", "-lang=go1.27", "-std", "-buildid", "tibdbErV-S0NeGN1bvWt/tibdbErV-S0"..., "-goversion", "go1.27.1", "-c=4", "-nolocalimports", "-importcfg", "/tmp/go-build180265811/b043/impo"..., "-pack", "/opt/hostedtoolcache/go/1.27.1/a"..., "/opt/hostedtoolcache/go/1.27.1/a"..., "/opt/hostedtoolcache/go/1.27.1/a"..., "/opt/hostedtoolcache/go/1.27.1/a"..., "/opt/hostedtoolcache/go/1.27.1/a"..., "/opt/hostedtoolcache/go/1.27.1/a"..., "/opt/hostedtoolcache/go/1.27.1/a"..., "/opt/hostedtoolcache/go/1.27.1/a"..., "/opt/hostedtoolcache/go/1.27.1/a"..., "/opt/hostedtoolcache/go/1.27.1/a"..., "/opt/hostedtoolcache/go/1.27.1/a"...], 0x1f50f245a008 /* 140 vars */ <unfinished ...>
11286 <... clone resumed>, parent_tid=[11]) = 11676
11286 --- SIGURG {si_signo=SIGURG, si_code=SI_TKILL, si_pid=11224, si_uid=1001} ---
11676 <... execve resumed>)             = 0
11286 waitid(P_PIDFD, 11,  <unfinished ...>
11674 clone(child_stack=0x5315be920000, flags=CLONE_VM|CLONE_FS|CLONE_FILES|CLONE_SIGHAND|CLONE_THREAD|CLONE_SYSVSEM) = 11677
11674 clone(child_stack=0x5315be958000, flags=CLONE_VM|CLONE_FS|CLONE_FILES|CLONE_SIGHAND|CLONE_THREAD|CLONE_SYSVSEM) = 11678
11677 tgkill(11674, 11674, SIGURG <unfinished ...>
11674 clone(child_stack=0x5315be954000, flags=CLONE_VM|CLONE_FS|CLONE_FILES|CLONE_SIGHAND|CLONE_THREAD|CLONE_SYSVSEM <unfinished ...>
11677 <... tgkill resumed>)             = 0
11678 clone(child_stack=0x5315be998000, flags=CLONE_VM|CLONE_FS|CLONE_FILES|CLONE_SIGHAND|CLONE_THREAD|CLONE_SYSVSEM <unfinished ...>
11674 <... clone resumed>)              = 11679
11678 <... clone resumed>)              = 11680
11674 --- SIGURG {si_signo=SIGURG, si_code=SI_TKILL, si_pid=11674, si_uid=1001} ---
11679 clone(child_stack=0x5315be994000, flags=CLONE_VM|CLONE_FS|CLONE_FILES|CLONE_SIGHAND|CLONE_THREAD|CLONE_SYSVSEM) = 11681
11675 clone(child_stack=0x3de67060e000, flags=CLONE_VM|CLONE_FS|CLONE_FILES|CLONE_SIGHAND|CLONE_THREAD|CLONE_SYSVSEM) = 11682
11675 clone(child_stack=0x3de670646000, flags=CLONE_VM|CLONE_FS|CLONE_FILES|CLONE_SIGHAND|CLONE_THREAD|CLONE_SYSVSEM) = 11683
11682 tgkill(11675, 11675, SIGURG)      = 0
11675 clone(child_stack=0x3de670642000, flags=CLONE_VM|CLONE_FS|CLONE_FILES|CLONE_SIGHAND|CLONE_THREAD|CLONE_SYSVSEM) = 11684
11675 --- SIGURG {si_signo=SIGURG, si_code=SI_TKILL, si_pid=11675, si_uid=1001} ---
11683 clone(child_stack=0x3de670698000, flags=CLONE_VM|CLONE_FS|CLONE_FILES|CLONE_SIGHAND|CLONE_THREAD|CLONE_SYSVSEM) = 11685
11676 clone(child_stack=0x788cf4b1e000, flags=CLONE_VM|CLONE_FS|CLONE_FILES|CLONE_SIGHAND|CLONE_THREAD|CLONE_SYSVSEM) = 11686
11676 clone(child_stack=0x788cf4b56000, flags=CLONE_VM|CLONE_FS|CLONE_FILES|CLONE_SIGHAND|CLONE_THREAD|CLONE_SYSVSEM) = 11687
11686 tgkill(11676, 11676, SIGURG)      = 0
11676 --- SIGURG {si_signo=SIGURG, si_code=SI_TKILL, si_pid=11676, si_uid=1001} ---
11675 exit_group(0)                     = ?
11685 +++ exited with 0 +++
11684 +++ exited with 0 +++
11683 +++ exited with 0 +++
11682 +++ exited with 0 +++
11676 clone(child_stack=0x788cf4b52000, flags=CLONE_VM|CLONE_FS|CLONE_FILES|CLONE_SIGHAND|CLONE_THREAD|CLONE_SYSVSEM <unfinished ...>
11687 clone(child_stack=0x788cf4b98000, flags=CLONE_VM|CLONE_FS|CLONE_FILES|CLONE_SIGHAND|CLONE_THREAD|CLONE_SYSVSEM <unfinished ...>
11676 <... clone resumed>)              = 11688
11675 +++ exited with 0 +++
11230 --- SIGCHLD {si_signo=SIGCHLD, si_code=CLD_EXITED, si_pid=11675, si_uid=1001, si_status=0, si_utime=0, si_stime=0} ---
11224 <... waitid resumed>{si_signo=SIGCHLD, si_code=CLD_EXITED, si_pid=11675, si_uid=1001, si_status=0, si_utime=0, si_stime=0}, WEXITED, {ru_utime={tv_sec=0, tv_usec=3380}, ru_stime={tv_sec=0, tv_usec=1690}, ...}) = 0
11687 <... clone resumed>)              = 11689
11689 clone(child_stack=0x788cf4b94000, flags=CLONE_VM|CLONE_FS|CLONE_FILES|CLONE_SIGHAND|CLONE_THREAD|CLONE_SYSVSEM) = 11690
11224 clone(child_stack=NULL, flags=CLONE_VM|CLONE_PIDFD|CLONE_VFORK|SIGCHLD <unfinished ...>
11691 execve("/opt/hostedtoolcache/go/1.27.1/arm64/pkg/tool/linux_arm64/compile", ["/opt/hostedtoolcache/go/1.27.1/a"..., "-o", "/tmp/go-build180265811/b004/_pkg"..., "-trimpath", "/tmp/go-build180265811/b004=>", "-p", "internal/reflectlite", "-lang=go1.27", "-std", "-buildid", "kVUm_RCEslAPuimKqqBo/kVUm_RCEslA"..., "-goversion", "go1.27.1", "-symabis", "/tmp/go-build180265811/b004/syma"..., "-c=4", "-nolocalimports", "-importcfg", "/tmp/go-build180265811/b004/impo"..., "-pack", "-asmhdr", "/tmp/go-build180265811/b004/go_a"..., "/opt/hostedtoolcache/go/1.27.1/a"..., "/opt/hostedtoolcache/go/1.27.1/a"..., "/opt/hostedtoolcache/go/1.27.1/a"...], 0x1f50f2806488 /* 140 vars */ <unfinished ...>
11224 <... clone resumed>, parent_tid=[16]) = 11691
11691 <... execve resumed>)             = 0
11677 tgkill(11674, 11674, SIGURG)      = 0
11674 --- SIGURG {si_signo=SIGURG, si_code=SI_TKILL, si_pid=11674, si_uid=1001} ---
11224 waitid(P_PIDFD, 16,  <unfinished ...>
11681 exit_group(0)                     = ?
11681 +++ exited with 0 +++
11678 +++ exited with 0 +++
11677 +++ exited with 0 +++
11680 +++ exited with 0 +++
11679 +++ exited with 0 +++
11674 +++ exited with 0 +++
11228 <... waitid resumed>{si_signo=SIGCHLD, si_code=CLD_EXITED, si_pid=11674, si_uid=1001, si_status=0, si_utime=0, si_stime=0}, WEXITED, {ru_utime={tv_sec=0, tv_usec=8931}, ru_stime={tv_sec=0, tv_usec=5582}, ...}) = 0
11285 --- SIGCHLD {si_signo=SIGCHLD, si_code=CLD_EXITED, si_pid=11674, si_uid=1001, si_status=0, si_utime=0, si_stime=0} ---
11225 tgkill(11224, 11285, SIGURG)      = 0
11285 --- SIGURG {si_signo=SIGURG, si_code=SI_TKILL, si_pid=11224, si_uid=1001} ---
11691 clone(child_stack=0x23562cdf2000, flags=CLONE_VM|CLONE_FS|CLONE_FILES|CLONE_SIGHAND|CLONE_THREAD|CLONE_SYSVSEM) = 11692
11691 clone(child_stack=0x23562ce2a000, flags=CLONE_VM|CLONE_FS|CLONE_FILES|CLONE_SIGHAND|CLONE_THREAD|CLONE_SYSVSEM) = 11693
11691 clone(child_stack=0x23562ce26000, flags=CLONE_VM|CLONE_FS|CLONE_FILES|CLONE_SIGHAND|CLONE_THREAD|CLONE_SYSVSEM) = 11694
11691 clone(child_stack=0x23562ce4e000, flags=CLONE_VM|CLONE_FS|CLONE_FILES|CLONE_SIGHAND|CLONE_THREAD|CLONE_SYSVSEM <unfinished ...>
11693 clone(child_stack=0x23562ce4a000, flags=CLONE_VM|CLONE_FS|CLONE_FILES|CLONE_SIGHAND|CLONE_THREAD|CLONE_SYSVSEM) = 11696
11691 <... clone resumed>)              = 11695
11686 tgkill(11676, 11690, SIGURG <unfinished ...>
11285 clone(child_stack=NULL, flags=CLONE_VM|CLONE_PIDFD|CLONE_VFORK|SIGCHLD <unfinished ...>
11690 --- SIGURG {si_signo=SIGURG, si_code=SI_TKILL, si_pid=11676, si_uid=1001} ---
11686 <... tgkill resumed>)             = 0
11697 execve("/opt/hostedtoolcache/go/1.27.1/arm64/pkg/tool/linux_arm64/compile", ["/opt/hostedtoolcache/go/1.27.1/a"..., "-o", "/tmp/go-build180265811/b048/_pkg"..., "-trimpath", "/tmp/go-build180265811/b048=>", "-p", "slices", "-lang=go1.27", "-std", "-complete", "-buildid", "xv4P1bxveEn0ulXBTz8R/xv4P1bxveEn"..., "-goversion", "go1.27.1", "-c=4", "-nolocalimports", "-importcfg", "/tmp/go-build180265811/b048/impo"..., "-pack", "/opt/hostedtoolcache/go/1.27.1/a"..., "/opt/hostedtoolcache/go/1.27.1/a"..., "/opt/hostedtoolcache/go/1.27.1/a"..., "/opt/hostedtoolcache/go/1.27.1/a"..., "/opt/hostedtoolcache/go/1.27.1/a"...], 0x1f50f245a908 /* 140 vars */ <unfinished ...>
11285 <... clone resumed>, parent_tid=[15]) = 11697
11697 <... execve resumed>)             = 0
11285 waitid(P_PIDFD, 15,  <unfinished ...>
11697 clone(child_stack=0x5b31eaa7c000, flags=CLONE_VM|CLONE_FS|CLONE_FILES|CLONE_SIGHAND|CLONE_THREAD|CLONE_SYSVSEM) = 11698
11697 clone(child_stack=0x5b31eaab4000, flags=CLONE_VM|CLONE_FS|CLONE_FILES|CLONE_SIGHAND|CLONE_THREAD|CLONE_SYSVSEM) = 11699
11697 clone(child_stack=0x5b31eaab0000, flags=CLONE_VM|CLONE_FS|CLONE_FILES|CLONE_SIGHAND|CLONE_THREAD|CLONE_SYSVSEM) = 11700
11699 clone(child_stack=0x5b31eab18000, flags=CLONE_VM|CLONE_FS|CLONE_FILES|CLONE_SIGHAND|CLONE_THREAD|CLONE_SYSVSEM <unfinished ...>
11697 clone(child_stack=0x5b31eab14000, flags=CLONE_VM|CLONE_FS|CLONE_FILES|CLONE_SIGHAND|CLONE_THREAD|CLONE_SYSVSEM <unfinished ...>
11699 <... clone resumed>)              = 11701
11697 <... clone resumed>)              = 11702
11692 tgkill(11691, 11696, SIGURG <unfinished ...>
11696 --- SIGURG {si_signo=SIGURG, si_code=SI_TKILL, si_pid=11691, si_uid=1001} ---
11692 <... tgkill resumed>)             = 0
11686 tgkill(11676, 11690, SIGURG <unfinished ...>
11690 --- SIGURG {si_signo=SIGURG, si_code=SI_TKILL, si_pid=11676, si_uid=1001} ---
11686 <... tgkill resumed>)             = 0
11698 tgkill(11697, 11701, SIGURG)      = 0
11701 --- SIGURG {si_signo=SIGURG, si_code=SI_TKILL, si_pid=11697, si_uid=1001} ---
11692 tgkill(11691, 11696, SIGURG)      = 0
11696 --- SIGURG {si_signo=SIGURG, si_code=SI_TKILL, si_pid=11691, si_uid=1001} ---
11701 exit_group(0)                     = ?
11702 +++ exited with 0 +++
11700 +++ exited with 0 +++
11701 +++ exited with 0 +++
11699 +++ exited with 0 +++
11698 +++ exited with 0 +++
11697 +++ exited with 0 +++
11228 --- SIGCHLD {si_signo=SIGCHLD, si_code=CLD_EXITED, si_pid=11697, si_uid=1001, si_status=0, si_utime=1 /* 0.01 s */, si_stime=0} ---
11686 tgkill(11676, 11690, SIGURG)      = 0
11690 --- SIGURG {si_signo=SIGURG, si_code=SI_TKILL, si_pid=11676, si_uid=1001} ---
11285 <... waitid resumed>{si_signo=SIGCHLD, si_code=CLD_EXITED, si_pid=11697, si_uid=1001, si_status=0, si_utime=0, si_stime=0}, WEXITED, {ru_utime={tv_sec=0, tv_usec=17105}, ru_stime={tv_sec=0, tv_usec=6037}, ...}) = 0
11686 tgkill(11676, 11688, SIGURG)      = 0
11686 tgkill(11676, 11689, SIGURG)      = 0
11686 tgkill(11676, 11676, SIGURG)      = 0
11676 --- SIGURG {si_signo=SIGURG, si_code=SI_TKILL, si_pid=11676, si_uid=1001} ---
11689 --- SIGURG {si_signo=SIGURG, si_code=SI_TKILL, si_pid=11676, si_uid=1001} ---
11688 --- SIGURG {si_signo=SIGURG, si_code=SI_TKILL, si_pid=11676, si_uid=1001} ---
11692 tgkill(11691, 11695, SIGURG)      = 0
11692 tgkill(11691, 11693, SIGURG)      = 0
11692 tgkill(11691, 11696, SIGURG)      = 0
11696 --- SIGURG {si_signo=SIGURG, si_code=SI_TKILL, si_pid=11691, si_uid=1001} ---
11695 --- SIGURG {si_signo=SIGURG, si_code=SI_TKILL, si_pid=11691, si_uid=1001} ---
11693 --- SIGURG {si_signo=SIGURG, si_code=SI_TKILL, si_pid=11691, si_uid=1001} ---
11692 tgkill(11691, 11691, SIGURG)      = 0
11691 --- SIGURG {si_signo=SIGURG, si_code=SI_TKILL, si_pid=11691, si_uid=1001} ---
11686 tgkill(11676, 11689, SIGURG)      = 0
11689 --- SIGURG {si_signo=SIGURG, si_code=SI_TKILL, si_pid=11676, si_uid=1001} ---
11690 exit_group(0)                     = ?
11689 +++ exited with 0 +++
11688 +++ exited with 0 +++
11687 +++ exited with 0 +++
11686 +++ exited with 0 +++
11690 +++ exited with 0 +++
11676 +++ exited with 0 +++
11286 <... waitid resumed>{si_signo=SIGCHLD, si_code=CLD_EXITED, si_pid=11676, si_uid=1001, si_status=0, si_utime=0, si_stime=0}, WEXITED, {ru_utime={tv_sec=0, tv_usec=99502}, ru_stime={tv_sec=0, tv_usec=27481}, ...}) = 0
11228 --- SIGCHLD {si_signo=SIGCHLD, si_code=CLD_EXITED, si_pid=11676, si_uid=1001, si_status=0, si_utime=10 /* 0.10 s */, si_stime=2 /* 0.02 s */} ---
11225 tgkill(11224, 11286, SIGURG)      = 0
11286 --- SIGURG {si_signo=SIGURG, si_code=SI_TKILL, si_pid=11224, si_uid=1001} ---
11695 exit_group(0)                     = ?
11695 +++ exited with 0 +++
11696 +++ exited with 0 +++
11694 +++ exited with 0 +++
11693 +++ exited with 0 +++
11692 +++ exited with 0 +++
11691 +++ exited with 0 +++
11231 --- SIGCHLD {si_signo=SIGCHLD, si_code=CLD_EXITED, si_pid=11691, si_uid=1001, si_status=0, si_utime=9 /* 0.09 s */, si_stime=1 /* 0.01 s */} ---
11224 <... waitid resumed>{si_signo=SIGCHLD, si_code=CLD_EXITED, si_pid=11691, si_uid=1001, si_status=0, si_utime=0, si_stime=0}, WEXITED, {ru_utime={tv_sec=0, tv_usec=91128}, ru_stime={tv_sec=0, tv_usec=16838}, ...}) = 0
11231 clone(child_stack=NULL, flags=CLONE_VM|CLONE_PIDFD|CLONE_VFORK|SIGCHLD <unfinished ...>
11703 execve("/opt/hostedtoolcache/go/1.27.1/arm64/pkg/tool/linux_arm64/asm", ["/opt/hostedtoolcache/go/1.27.1/a"..., "-p", "internal/reflectlite", "-trimpath", "/tmp/go-build180265811/b004=>", "-I", "/tmp/go-build180265811/b004/", "-I", "/opt/hostedtoolcache/go/1.27.1/a"..., "-D", "GOOS_linux", "-D", "GOARCH_arm64", "-std", "-o", "/tmp/go-build180265811/b004/asm."..., "/opt/hostedtoolcache/go/1.27.1/a"...], 0x1f50f245ad88 /* 140 vars */ <unfinished ...>
11231 <... clone resumed>, parent_tid=[13]) = 11703
11703 <... execve resumed>)             = 0
11231 waitid(P_PIDFD, 13,  <unfinished ...>
11285 clone(child_stack=NULL, flags=CLONE_VM|CLONE_PIDFD|CLONE_VFORK|SIGCHLD <unfinished ...>
11228 clone(child_stack=NULL, flags=CLONE_VM|CLONE_PIDFD|CLONE_VFORK|SIGCHLD <unfinished ...>
11225 tgkill(11224, 11228, SIGURG)      = 0
11703 clone(child_stack=0x221f0fbd6000, flags=CLONE_VM|CLONE_FS|CLONE_FILES|CLONE_SIGHAND|CLONE_THREAD|CLONE_SYSVSEM) = 11706
11703 clone(child_stack=0x221f0fc10000, flags=CLONE_VM|CLONE_FS|CLONE_FILES|CLONE_SIGHAND|CLONE_THREAD|CLONE_SYSVSEM <unfinished ...>
11706 tgkill(11703, 11703, SIGURG <unfinished ...>
11703 <... clone resumed>)              = 11707
11706 <... tgkill resumed>)             = 0
11703 --- SIGURG {si_signo=SIGURG, si_code=SI_TKILL, si_pid=11703, si_uid=1001} ---
11703 clone(child_stack=0x221f0fc0c000, flags=CLONE_VM|CLONE_FS|CLONE_FILES|CLONE_SIGHAND|CLONE_THREAD|CLONE_SYSVSEM) = 11708
11707 clone(child_stack=0x221f0fc30000, flags=CLONE_VM|CLONE_FS|CLONE_FILES|CLONE_SIGHAND|CLONE_THREAD|CLONE_SYSVSEM) = 11709
11709 clone(child_stack=0x221f0fc2c000, flags=CLONE_VM|CLONE_FS|CLONE_FILES|CLONE_SIGHAND|CLONE_THREAD|CLONE_SYSVSEM <unfinished ...>
11704 execve("/opt/hostedtoolcache/go/1.27.1/arm64/pkg/tool/linux_arm64/compile", ["/opt/hostedtoolcache/go/1.27.1/a"..., "-o", "/tmp/go-build180265811/b067/_pkg"..., "-trimpath", "/tmp/go-build180265811/b067=>", "-p", "internal/bisect", "-lang=go1.27", "-std", "-complete", "-buildid", "ku8fypSFdx02E07a4rd-/ku8fypSFdx0"..., "-goversion", "go1.27.1", "-c=4", "-nolocalimports", "-importcfg", "/tmp/go-build180265811/b067/impo"..., "-pack", "/opt/hostedtoolcache/go/1.27.1/a"...], 0x1f50f247a488 /* 140 vars */ <unfinished ...>
11709 <... clone resumed>)              = 11710
11285 <... clone resumed>, parent_tid=[17]) = 11704
11704 <... execve resumed>)             = 0
11705 execve("/opt/hostedtoolcache/go/1.27.1/arm64/pkg/tool/linux_arm64/compile", ["/opt/hostedtoolcache/go/1.27.1/a"..., "-o", "/tmp/go-build180265811/b060/_pkg"..., "-trimpath", "/tmp/go-build180265811/b060=>", "-p", "internal/testlog", "-lang=go1.27", "-std", "-complete", "-buildid", "My4uYhanPKvKwpRUWpH7/My4uYhanPKv"..., "-goversion", "go1.27.1", "-c=4", "-nolocalimports", "-importcfg", "/tmp/go-build180265811/b060/impo"..., "-pack", "/opt/hostedtoolcache/go/1.27.1/a"..., "/opt/hostedtoolcache/go/1.27.1/a"...], 0x1f50f2806908 /* 140 vars */ <unfinished ...>
11228 <... clone resumed>, parent_tid=[20]) = 11705
11705 <... execve resumed>)             = 0
11228 --- SIGURG {si_signo=SIGURG, si_code=SI_TKILL, si_pid=11224, si_uid=1001} ---
11285 waitid(P_PIDFD, 17,  <unfinished ...>
11228 waitid(P_PIDFD, 20,  <unfinished ...>
11703 exit_group(0)                     = ?
11710 +++ exited with 0 +++
11709 +++ exited with 0 +++
11708 +++ exited with 0 +++
11707 +++ exited with 0 +++
11706 +++ exited with 0 +++
11703 +++ exited with 0 +++
11231 <... waitid resumed>{si_signo=SIGCHLD, si_code=CLD_EXITED, si_pid=11703, si_uid=1001, si_status=0, si_utime=0, si_stime=0}, WEXITED, {ru_utime={tv_sec=0, tv_usec=2286}, ru_stime={tv_sec=0, tv_usec=3429}, ...}) = 0
11224 --- SIGCHLD {si_signo=SIGCHLD, si_code=CLD_EXITED, si_pid=11703, si_uid=1001, si_status=0, si_utime=0, si_stime=0} ---
11705 clone(child_stack=0x26259b054000, flags=CLONE_VM|CLONE_FS|CLONE_FILES|CLONE_SIGHAND|CLONE_THREAD|CLONE_SYSVSEM) = 11711
11705 clone(child_stack=0x26259b090000, flags=CLONE_VM|CLONE_FS|CLONE_FILES|CLONE_SIGHAND|CLONE_THREAD|CLONE_SYSVSEM) = 11712
11711 tgkill(11705, 11705, SIGURG)      = 0
11705 clone(child_stack=0x26259b08c000, flags=CLONE_VM|CLONE_FS|CLONE_FILES|CLONE_SIGHAND|CLONE_THREAD|CLONE_SYSVSEM <unfinished ...>
11704 clone(child_stack=0x6a9c0cf52000, flags=CLONE_VM|CLONE_FS|CLONE_FILES|CLONE_SIGHAND|CLONE_THREAD|CLONE_SYSVSEM <unfinished ...>
11705 <... clone resumed>)              = 11713
11704 <... clone resumed>)              = 11714
11705 --- SIGURG {si_signo=SIGURG, si_code=SI_TKILL, si_pid=11705, si_uid=1001} ---
11712 clone(child_stack=0x26259b0b8000, flags=CLONE_VM|CLONE_FS|CLONE_FILES|CLONE_SIGHAND|CLONE_THREAD|CLONE_SYSVSEM) = 11715
11704 clone(child_stack=0x6a9c0cf8a000, flags=CLONE_VM|CLONE_FS|CLONE_FILES|CLONE_SIGHAND|CLONE_THREAD|CLONE_SYSVSEM) = 11716
11714 tgkill(11704, 11704, SIGURG)      = 0
11704 clone(child_stack=0x6a9c0cf86000, flags=CLONE_VM|CLONE_FS|CLONE_FILES|CLONE_SIGHAND|CLONE_THREAD|CLONE_SYSVSEM) = 11717
11704 --- SIGURG {si_signo=SIGURG, si_code=SI_TKILL, si_pid=11704, si_uid=1001} ---
11716 clone(child_stack=0x6a9c0d018000, flags=CLONE_VM|CLONE_FS|CLONE_FILES|CLONE_SIGHAND|CLONE_THREAD|CLONE_SYSVSEM) = 11718
11225 tgkill(11224, 11224, SIGURG)      = 0
11224 --- SIGURG {si_signo=SIGURG, si_code=SI_TKILL, si_pid=11224, si_uid=1001} ---
11230 clone(child_stack=NULL, flags=CLONE_VM|CLONE_PIDFD|CLONE_VFORK|SIGCHLD <unfinished ...>
11286 clone(child_stack=NULL, flags=CLONE_VM|CLONE_PIDFD|CLONE_VFORK|SIGCHLD <unfinished ...>
11719 execve("/opt/hostedtoolcache/go/1.27.1/arm64/pkg/tool/linux_arm64/compile", ["/opt/hostedtoolcache/go/1.27.1/a"..., "-o", "/tmp/go-build180265811/b003/_pkg"..., "-trimpath", "/tmp/go-build180265811/b003=>", "-p", "errors", "-lang=go1.27", "-std", "-complete", "-buildid", "f1_hzBZfxMizDR-k9vV5/f1_hzBZfxMi"..., "-goversion", "go1.27.1", "-c=4", "-nolocalimports", "-importcfg", "/tmp/go-build180265811/b003/impo"..., "-pack", "/opt/hostedtoolcache/go/1.27.1/a"..., "/opt/hostedtoolcache/go/1.27.1/a"..., "/opt/hostedtoolcache/go/1.27.1/a"...], 0x1f50f247a908 /* 140 vars */ <unfinished ...>
11230 <... clone resumed>, parent_tid=[18]) = 11719
11719 <... execve resumed>)             = 0
11720 execve("/opt/hostedtoolcache/go/1.27.1/arm64/pkg/tool/linux_arm64/compile", ["/opt/hostedtoolcache/go/1.27.1/a"..., "-o", "/tmp/go-build180265811/b072/_pkg"..., "-trimpath", "/tmp/go-build180265811/b072=>", "-p", "sort", "-lang=go1.27", "-std", "-complete", "-buildid", "2TLhRIbnJYjcFdkLaMp8/2TLhRIbnJYj"..., "-goversion", "go1.27.1", "-c=4", "-nolocalimports", "-importcfg", "/tmp/go-build180265811/b072/impo"..., "-pack", "/opt/hostedtoolcache/go/1.27.1/a"..., "/opt/hostedtoolcache/go/1.27.1/a"..., "/opt/hostedtoolcache/go/1.27.1/a"..., "/opt/hostedtoolcache/go/1.27.1/a"..., "/opt/hostedtoolcache/go/1.27.1/a"...], 0x1f50f245b208 /* 140 vars */ <unfinished ...>
11286 <... clone resumed>, parent_tid=[22]) = 11720
11720 <... execve resumed>)             = 0
11714 tgkill(11704, 11704, SIGURG <unfinished ...>
11719 clone(child_stack=0x71cd950a0000, flags=CLONE_VM|CLONE_FS|CLONE_FILES|CLONE_SIGHAND|CLONE_THREAD|CLONE_SYSVSEM <unfinished ...>
11714 <... tgkill resumed>)             = 0
11704 --- SIGURG {si_signo=SIGURG, si_code=SI_TKILL, si_pid=11704, si_uid=1001} ---
11719 <... clone resumed>)              = 11721
11230 waitid(P_PIDFD, 18,  <unfinished ...>
11719 clone(child_stack=0x71cd950d8000, flags=CLONE_VM|CLONE_FS|CLONE_FILES|CLONE_SIGHAND|CLONE_THREAD|CLONE_SYSVSEM) = 11722
11286 waitid(P_PIDFD, 22,  <unfinished ...>
11719 clone(child_stack=0x71cd950d4000, flags=CLONE_VM|CLONE_FS|CLONE_FILES|CLONE_SIGHAND|CLONE_THREAD|CLONE_SYSVSEM) = 11723
11722 clone(child_stack=0x71cd95118000, flags=CLONE_VM|CLONE_FS|CLONE_FILES|CLONE_SIGHAND|CLONE_THREAD|CLONE_SYSVSEM) = 11724
11721 tgkill(11719, 11723, SIGURG)      = 0
11723 --- SIGURG {si_signo=SIGURG, si_code=SI_TKILL, si_pid=11719, si_uid=1001} ---
11721 tgkill(11719, 11719, SIGURG)      = 0
11719 --- SIGURG {si_signo=SIGURG, si_code=SI_TKILL, si_pid=11719, si_uid=1001} ---
11721 tgkill(11719, 11719, SIGURG)      = 0
11719 --- SIGURG {si_signo=SIGURG, si_code=SI_TKILL, si_pid=11719, si_uid=1001} ---
11721 tgkill(11719, 11719, SIGURG)      = 0
11719 --- SIGURG {si_signo=SIGURG, si_code=SI_TKILL, si_pid=11719, si_uid=1001} ---
11715 exit_group(0)                     = ?
11715 +++ exited with 0 +++
11711 +++ exited with 0 +++
11713 +++ exited with 0 +++
11712 +++ exited with 0 +++
11705 +++ exited with 0 +++
11231 --- SIGCHLD {si_signo=SIGCHLD, si_code=CLD_EXITED, si_pid=11705, si_uid=1001, si_status=0, si_utime=1 /* 0.01 s */, si_stime=1 /* 0.01 s */} ---
11228 <... waitid resumed>{si_signo=SIGCHLD, si_code=CLD_EXITED, si_pid=11705, si_uid=1001, si_status=0, si_utime=0, si_stime=0}, WEXITED, {ru_utime={tv_sec=0, tv_usec=10819}, ru_stime={tv_sec=0, tv_usec=10819}, ...}) = 0
11226 tgkill(11224, 11229, SIGURG)      = 0
11229 --- SIGURG {si_signo=SIGURG, si_code=SI_TKILL, si_pid=11224, si_uid=1001} ---
11720 clone(child_stack=0x638bb4c8c000, flags=CLONE_VM|CLONE_FS|CLONE_FILES|CLONE_SIGHAND|CLONE_THREAD|CLONE_SYSVSEM) = 11725
11720 clone(child_stack=0x638bb4cc4000, flags=CLONE_VM|CLONE_FS|CLONE_FILES|CLONE_SIGHAND|CLONE_THREAD|CLONE_SYSVSEM) = 11726
11720 clone(child_stack=0x638bb4cc0000, flags=CLONE_VM|CLONE_FS|CLONE_FILES|CLONE_SIGHAND|CLONE_THREAD|CLONE_SYSVSEM) = 11727
11726 clone(child_stack=0x638bb4d18000, flags=CLONE_VM|CLONE_FS|CLONE_FILES|CLONE_SIGHAND|CLONE_THREAD|CLONE_SYSVSEM) = 11728
11721 tgkill(11719, 11719, SIGURG)      = 0
11726 clone(child_stack=0x638bb4d14000, flags=CLONE_VM|CLONE_FS|CLONE_FILES|CLONE_SIGHAND|CLONE_THREAD|CLONE_SYSVSEM <unfinished ...>
11719 --- SIGURG {si_signo=SIGURG, si_code=SI_TKILL, si_pid=11719, si_uid=1001} ---
11726 <... clone resumed>)              = 11729
11714 tgkill(11704, 11704, SIGURG)      = 0
11704 --- SIGURG {si_signo=SIGURG, si_code=SI_TKILL, si_pid=11704, si_uid=1001} ---
11714 tgkill(11704, 11718, SIGURG)      = 0
11718 --- SIGURG {si_signo=SIGURG, si_code=SI_TKILL, si_pid=11704, si_uid=1001} ---
11722 exit_group(0)                     = ?
11723 +++ exited with 0 +++
11721 +++ exited with 0 +++
11722 +++ exited with 0 +++
11724 +++ exited with 0 +++
11719 +++ exited with 0 +++
11230 <... waitid resumed>{si_signo=SIGCHLD, si_code=CLD_EXITED, si_pid=11719, si_uid=1001, si_status=0, si_utime=0, si_stime=0}, WEXITED, {ru_utime={tv_sec=0, tv_usec=16527}, ru_stime={tv_sec=0, tv_usec=11018}, ...}) = 0
11228 --- SIGCHLD {si_signo=SIGCHLD, si_code=CLD_EXITED, si_pid=11719, si_uid=1001, si_status=0, si_utime=1 /* 0.01 s */, si_stime=1 /* 0.01 s */} ---
11225 tgkill(11224, 11228, SIGURG)      = 0
11228 --- SIGURG {si_signo=SIGURG, si_code=SI_TKILL, si_pid=11224, si_uid=1001} ---
11716 exit_group(0)                     = ?
11717 +++ exited with 0 +++
11714 +++ exited with 0 +++
11718 +++ exited with 0 +++
11716 +++ exited with 0 +++
11704 +++ exited with 0 +++
11230 --- SIGCHLD {si_signo=SIGCHLD, si_code=CLD_EXITED, si_pid=11704, si_uid=1001, si_status=0, si_utime=4 /* 0.04 s */, si_stime=1 /* 0.01 s */} ---
11285 <... waitid resumed>{si_signo=SIGCHLD, si_code=CLD_EXITED, si_pid=11704, si_uid=1001, si_status=0, si_utime=0, si_stime=0}, WEXITED, {ru_utime={tv_sec=0, tv_usec=41406}, ru_stime={tv_sec=0, tv_usec=10844}, ...}) = 0
11725 tgkill(11720, 11720, SIGURG)      = 0
11720 --- SIGURG {si_signo=SIGURG, si_code=SI_TKILL, si_pid=11720, si_uid=1001} ---
11230 clone(child_stack=NULL, flags=CLONE_VM|CLONE_PIDFD|CLONE_VFORK|SIGCHLD <unfinished ...>
11228 clone(child_stack=NULL, flags=CLONE_VM|CLONE_PIDFD|CLONE_VFORK|SIGCHLD <unfinished ...>
11224 clone(child_stack=NULL, flags=CLONE_VM|CLONE_PIDFD|CLONE_VFORK|SIGCHLD <unfinished ...>
11730 execve("/opt/hostedtoolcache/go/1.27.1/arm64/pkg/tool/linux_arm64/compile", ["/opt/hostedtoolcache/go/1.27.1/a"..., "-o", "/tmp/go-build180265811/b041/_pkg"..., "-trimpath", "/tmp/go-build180265811/b041=>", "-p", "strconv", "-lang=go1.27", "-std", "-complete", "-buildid", "NyZXFdhg5v1SMtUl8cVU/NyZXFdhg5v1"..., "-goversion", "go1.27.1", "-c=4", "-nolocalimports", "-importcfg", "/tmp/go-build180265811/b041/impo"..., "-pack", "/opt/hostedtoolcache/go/1.27.1/a"..., "/opt/hostedtoolcache/go/1.27.1/a"..., "/opt/hostedtoolcache/go/1.27.1/a"..., "/opt/hostedtoolcache/go/1.27.1/a"..., "/opt/hostedtoolcache/go/1.27.1/a"...], 0x1f50f247a488 /* 140 vars */ <unfinished ...>
11230 <... clone resumed>, parent_tid=[7]) = 11730
11731 execve("/opt/hostedtoolcache/go/1.27.1/arm64/pkg/tool/linux_arm64/compile", ["/opt/hostedtoolcache/go/1.27.1/a"..., "-o", "/tmp/go-build180265811/b049/_pkg"..., "-trimpath", "/tmp/go-build180265811/b049=>", "-p", "io", "-lang=go1.27", "-std", "-complete", "-buildid", "vb-tkFhHqbw1WJG6-7qe/vb-tkFhHqbw"..., "-goversion", "go1.27.1", "-c=4", "-nolocalimports", "-importcfg", "/tmp/go-build180265811/b049/impo"..., "-pack", "/opt/hostedtoolcache/go/1.27.1/a"..., "/opt/hostedtoolcache/go/1.27.1/a"..., "/opt/hostedtoolcache/go/1.27.1/a"...], 0x1f50f245a008 /* 140 vars */ <unfinished ...>
11730 <... execve resumed>)             = 0
11228 <... clone resumed>, parent_tid=[20]) = 11731
11731 <... execve resumed>)             = 0
11732 execve("/opt/hostedtoolcache/go/1.27.1/arm64/pkg/tool/linux_arm64/compile", ["/opt/hostedtoolcache/go/1.27.1/a"..., "-o", "/tmp/go-build180265811/b053/_pkg"..., "-trimpath", "/tmp/go-build180265811/b053=>", "-p", "internal/oserror", "-lang=go1.27", "-std", "-complete", "-buildid", "4lkCAtkFbBeGx0yS4A6y/4lkCAtkFbBe"..., "-goversion", "go1.27.1", "-c=4", "-nolocalimports", "-importcfg", "/tmp/go-build180265811/b053/impo"..., "-pack", "/opt/hostedtoolcache/go/1.27.1/a"...], 0x1f50f2806488 /* 140 vars */ <unfinished ...>
11224 <... clone resumed>, parent_tid=[26]) = 11732
11732 <... execve resumed>)             = 0
11230 waitid(P_PIDFD, 7,  <unfinished ...>
11228 waitid(P_PIDFD, 20,  <unfinished ...>
11224 waitid(P_PIDFD, 26,  <unfinished ...>
11730 clone(child_stack=0x7aff31b00000, flags=CLONE_VM|CLONE_FS|CLONE_FILES|CLONE_SIGHAND|CLONE_THREAD|CLONE_SYSVSEM) = 11733
11730 clone(child_stack=0x7aff31b38000, flags=CLONE_VM|CLONE_FS|CLONE_FILES|CLONE_SIGHAND|CLONE_THREAD|CLONE_SYSVSEM) = 11734
11730 clone(child_stack=0x7aff31b34000, flags=CLONE_VM|CLONE_FS|CLONE_FILES|CLONE_SIGHAND|CLONE_THREAD|CLONE_SYSVSEM) = 11735
11734 clone(child_stack=0x7aff31b98000, flags=CLONE_VM|CLONE_FS|CLONE_FILES|CLONE_SIGHAND|CLONE_THREAD|CLONE_SYSVSEM) = 11736
11731 clone(child_stack=0x2b6353950000, flags=CLONE_VM|CLONE_FS|CLONE_FILES|CLONE_SIGHAND|CLONE_THREAD|CLONE_SYSVSEM) = 11737
11731 clone(child_stack=0x2b6353988000, flags=CLONE_VM|CLONE_FS|CLONE_FILES|CLONE_SIGHAND|CLONE_THREAD|CLONE_SYSVSEM) = 11738
11731 clone(child_stack=0x2b6353984000, flags=CLONE_VM|CLONE_FS|CLONE_FILES|CLONE_SIGHAND|CLONE_THREAD|CLONE_SYSVSEM) = 11739
11738 clone(child_stack=0x2b6353a18000, flags=CLONE_VM|CLONE_FS|CLONE_FILES|CLONE_SIGHAND|CLONE_THREAD|CLONE_SYSVSEM) = 11740
11732 clone(child_stack=0x25303b5be000, flags=CLONE_VM|CLONE_FS|CLONE_FILES|CLONE_SIGHAND|CLONE_THREAD|CLONE_SYSVSEM) = 11741
11732 clone(child_stack=0x25303b5f6000, flags=CLONE_VM|CLONE_FS|CLONE_FILES|CLONE_SIGHAND|CLONE_THREAD|CLONE_SYSVSEM) = 11742
11732 clone(child_stack=0x25303b5f2000, flags=CLONE_VM|CLONE_FS|CLONE_FILES|CLONE_SIGHAND|CLONE_THREAD|CLONE_SYSVSEM) = 11743
11742 clone(child_stack=0x25303b698000, flags=CLONE_VM|CLONE_FS|CLONE_FILES|CLONE_SIGHAND|CLONE_THREAD|CLONE_SYSVSEM) = 11744
11734 clone(child_stack=0x7aff31c60000, flags=CLONE_VM|CLONE_FS|CLONE_FILES|CLONE_SIGHAND|CLONE_THREAD|CLONE_SYSVSEM) = 11745
11725 tgkill(11720, 11726, SIGURG)      = 0
11726 --- SIGURG {si_signo=SIGURG, si_code=SI_TKILL, si_pid=11720, si_uid=1001} ---
11741 tgkill(11732, 11732, SIGURG)      = 0
11732 --- SIGURG {si_signo=SIGURG, si_code=SI_TKILL, si_pid=11732, si_uid=1001} ---
11737 tgkill(11731, 11740, SIGURG)      = 0
11740 --- SIGURG {si_signo=SIGURG, si_code=SI_TKILL, si_pid=11731, si_uid=1001} ---
11744 exit_group(0)                     = ?
11744 +++ exited with 0 +++
11742 +++ exited with 0 +++
11743 +++ exited with 0 +++
11741 +++ exited with 0 +++
11732 +++ exited with 0 +++
11224 <... waitid resumed>{si_signo=SIGCHLD, si_code=CLD_EXITED, si_pid=11732, si_uid=1001, si_status=0, si_utime=0, si_stime=0}, WEXITED, {ru_utime={tv_sec=0, tv_usec=5726}, ru_stime={tv_sec=0, tv_usec=7157}, ...}) = 0
11224 --- SIGCHLD {si_signo=SIGCHLD, si_code=CLD_EXITED, si_pid=11732, si_uid=1001, si_status=0, si_utime=0, si_stime=0} ---
11733 tgkill(11730, 11736, SIGURG)      = 0
11736 --- SIGURG {si_signo=SIGURG, si_code=SI_TKILL, si_pid=11730, si_uid=1001} ---
11737 tgkill(11731, 11740, SIGURG <unfinished ...>
11740 --- SIGURG {si_signo=SIGURG, si_code=SI_TKILL, si_pid=11731, si_uid=1001} ---
11737 <... tgkill resumed>)             = 0
11725 tgkill(11720, 11727, SIGURG <unfinished ...>
11727 --- SIGURG {si_signo=SIGURG, si_code=SI_TKILL, si_pid=11720, si_uid=1001} ---
11725 <... tgkill resumed>)             = 0
11733 tgkill(11730, 11745, SIGURG <unfinished ...>
11725 tgkill(11720, 11729, SIGURG <unfinished ...>
11733 <... tgkill resumed>)             = 0
11725 <... tgkill resumed>)             = 0
11729 --- SIGURG {si_signo=SIGURG, si_code=SI_TKILL, si_pid=11720, si_uid=1001} ---
11725 tgkill(11720, 11720, SIGURG)      = 0
11745 --- SIGURG {si_signo=SIGURG, si_code=SI_TKILL, si_pid=11730, si_uid=1001} ---
11720 --- SIGURG {si_signo=SIGURG, si_code=SI_TKILL, si_pid=11720, si_uid=1001} ---
11285 clone(child_stack=NULL, flags=CLONE_VM|CLONE_PIDFD|CLONE_VFORK|SIGCHLD <unfinished ...>
11225 tgkill(11224, 11285, SIGURG)      = 0
11725 tgkill(11720, 11726, SIGURG)      = 0
11726 --- SIGURG {si_signo=SIGURG, si_code=SI_TKILL, si_pid=11720, si_uid=1001} ---
11733 tgkill(11730, 11735, SIGURG <unfinished ...>
11737 tgkill(11731, 11731, SIGURG <unfinished ...>
11733 <... tgkill resumed>)             = 0
11737 <... tgkill resumed>)             = 0
11737 tgkill(11731, 11740, SIGURG <unfinished ...>
11733 tgkill(11730, 11745, SIGURG <unfinished ...>
11737 <... tgkill resumed>)             = 0
11733 <... tgkill resumed>)             = 0
11737 tgkill(11731, 11738, SIGURG)      = 0
11733 tgkill(11730, 11736, SIGURG)      = 0
11736 --- SIGURG {si_signo=SIGURG, si_code=SI_TKILL, si_pid=11730, si_uid=1001} ---
11733 tgkill(11730, 11730, SIGURG)      = 0
11730 --- SIGURG {si_signo=SIGURG, si_code=SI_TKILL, si_pid=11730, si_uid=1001} ---
11735 --- SIGURG {si_signo=SIGURG, si_code=SI_TKILL, si_pid=11730, si_uid=1001} ---
11738 --- SIGURG {si_signo=SIGURG, si_code=SI_TKILL, si_pid=11731, si_uid=1001} ---
11731 --- SIGURG {si_signo=SIGURG, si_code=SI_TKILL, si_pid=11731, si_uid=1001} ---
11745 --- SIGURG {si_signo=SIGURG, si_code=SI_TKILL, si_pid=11730, si_uid=1001} ---
11725 tgkill(11720, 11729, SIGURG <unfinished ...>
11740 --- SIGURG {si_signo=SIGURG, si_code=SI_TKILL, si_pid=11731, si_uid=1001} ---
11729 --- SIGURG {si_signo=SIGURG, si_code=SI_TKILL, si_pid=11720, si_uid=1001} ---
11725 <... tgkill resumed>)             = 0
11737 tgkill(11731, 11739, SIGURG)      = 0
11739 --- SIGURG {si_signo=SIGURG, si_code=SI_TKILL, si_pid=11731, si_uid=1001} ---
11746 execve("/opt/hostedtoolcache/go/1.27.1/arm64/pkg/tool/linux_arm64/compile", ["/opt/hostedtoolcache/go/1.27.1/a"..., "-o", "/tmp/go-build180265811/b054/_pkg"..., "-trimpath", "/tmp/go-build180265811/b054=>", "-p", "path", "-lang=go1.27", "-std", "-complete", "-buildid", "DchoOOYhij6MSqL0A8V7/DchoOOYhij6"..., "-goversion", "go1.27.1", "-c=4", "-nolocalimports", "-importcfg", "/tmp/go-build180265811/b054/impo"..., "-pack", "/opt/hostedtoolcache/go/1.27.1/a"..., "/opt/hostedtoolcache/go/1.27.1/a"...], 0x1f50f2806908 /* 140 vars */) = 0
11725 tgkill(11720, 11720, SIGURG)      = 0
11720 --- SIGURG {si_signo=SIGURG, si_code=SI_TKILL, si_pid=11720, si_uid=1001} ---
11285 <... clone resumed>, parent_tid=[16]) = 11746
11285 --- SIGURG {si_signo=SIGURG, si_code=SI_TKILL, si_pid=11224, si_uid=1001} ---
11226 waitid(P_PIDFD, 16,  <unfinished ...>
11746 clone(child_stack=0x50af39cf2000, flags=CLONE_VM|CLONE_FS|CLONE_FILES|CLONE_SIGHAND|CLONE_THREAD|CLONE_SYSVSEM) = 11747
11746 clone(child_stack=0x50af39d2a000, flags=CLONE_VM|CLONE_FS|CLONE_FILES|CLONE_SIGHAND|CLONE_THREAD|CLONE_SYSVSEM) = 11748
11746 clone(child_stack=0x50af39d26000, flags=CLONE_VM|CLONE_FS|CLONE_FILES|CLONE_SIGHAND|CLONE_THREAD|CLONE_SYSVSEM) = 11749
11748 clone(child_stack=0x50af39d98000, flags=CLONE_VM|CLONE_FS|CLONE_FILES|CLONE_SIGHAND|CLONE_THREAD|CLONE_SYSVSEM <unfinished ...>
11735 exit_group(0)                     = ?
11735 +++ exited with 0 +++
11734 +++ exited with 0 +++
11748 <... clone resumed>)              = 11750
11736 +++ exited with 0 +++
11733 +++ exited with 0 +++
11745 +++ exited with 0 +++
11730 +++ exited with 0 +++
11224 --- SIGCHLD {si_signo=SIGCHLD, si_code=CLD_EXITED, si_pid=11730, si_uid=1001, si_status=0, si_utime=6 /* 0.06 s */, si_stime=1 /* 0.01 s */} ---
11230 <... waitid resumed>{si_signo=SIGCHLD, si_code=CLD_EXITED, si_pid=11730, si_uid=1001, si_status=0, si_utime=0, si_stime=0}, WEXITED, {ru_utime={tv_sec=0, tv_usec=53116}, ru_stime={tv_sec=0, tv_usec=12393}, ...}) = 0
11720 exit_group(0)                     = ?
11729 +++ exited with 0 +++
11728 +++ exited with 0 +++
11726 +++ exited with 0 +++
11727 +++ exited with 0 +++
11725 +++ exited with 0 +++
11720 +++ exited with 0 +++
11286 <... waitid resumed>{si_signo=SIGCHLD, si_code=CLD_EXITED, si_pid=11720, si_uid=1001, si_status=0, si_utime=0, si_stime=0}, WEXITED, {ru_utime={tv_sec=0, tv_usec=102721}, ru_stime={tv_sec=0, tv_usec=22375}, ...}) = 0
11230 --- SIGCHLD {si_signo=SIGCHLD, si_code=CLD_EXITED, si_pid=11720, si_uid=1001, si_status=0, si_utime=10 /* 0.10 s */, si_stime=2 /* 0.02 s */} ---
11739 exit_group(0)                     = ?
11737 +++ exited with 0 +++
11738 +++ exited with 0 +++
11739 +++ exited with 0 +++
11740 +++ exited with 0 +++
11731 +++ exited with 0 +++
11228 <... waitid resumed>{si_signo=SIGCHLD, si_code=CLD_EXITED, si_pid=11731, si_uid=1001, si_status=0, si_utime=0, si_stime=0}, WEXITED, {ru_utime={tv_sec=0, tv_usec=54661}, ru_stime={tv_sec=0, tv_usec=18220}, ...}) = 0
11286 --- SIGCHLD {si_signo=SIGCHLD, si_code=CLD_EXITED, si_pid=11731, si_uid=1001, si_status=0, si_utime=5 /* 0.05 s */, si_stime=1 /* 0.01 s */} ---
11747 tgkill(11746, 11750, SIGURG <unfinished ...>
11750 --- SIGURG {si_signo=SIGURG, si_code=SI_TKILL, si_pid=11746, si_uid=1001} ---
11747 <... tgkill resumed>)             = 0
11225 tgkill(11224, 11224, SIGURG)      = 0
11224 --- SIGURG {si_signo=SIGURG, si_code=SI_TKILL, si_pid=11224, si_uid=1001} ---
11286 tgkill(11224, 11224, SIGURG)      = 0
11224 --- SIGURG {si_signo=SIGURG, si_code=SI_TKILL, si_pid=11224, si_uid=1001} ---
11286 tgkill(11224, 11230, SIGURG)      = 0
11230 --- SIGURG {si_signo=SIGURG, si_code=SI_TKILL, si_pid=11224, si_uid=1001} ---
11286 tgkill(11224, 11224, SIGURG)      = 0
11224 --- SIGURG {si_signo=SIGURG, si_code=SI_TKILL, si_pid=11224, si_uid=1001} ---
11286 tgkill(11224, 11230, SIGURG)      = 0
11230 --- SIGURG {si_signo=SIGURG, si_code=SI_TKILL, si_pid=11224, si_uid=1001} ---
11286 tgkill(11224, 11224, SIGURG)      = 0
11224 --- SIGURG {si_signo=SIGURG, si_code=SI_TKILL, si_pid=11224, si_uid=1001} ---
11286 tgkill(11224, 11224, SIGURG)      = 0
11224 --- SIGURG {si_signo=SIGURG, si_code=SI_TKILL, si_pid=11224, si_uid=1001} ---
11286 tgkill(11224, 11231, SIGURG)      = 0
11286 tgkill(11224, 11230, SIGURG)      = 0
11230 --- SIGURG {si_signo=SIGURG, si_code=SI_TKILL, si_pid=11224, si_uid=1001} ---
11231 --- SIGURG {si_signo=SIGURG, si_code=SI_TKILL, si_pid=11224, si_uid=1001} ---
11231 clone(child_stack=NULL, flags=CLONE_VM|CLONE_PIDFD|CLONE_VFORK|SIGCHLD <unfinished ...>
11750 exit_group(0)                     = ?
11750 +++ exited with 0 +++
11749 +++ exited with 0 +++
11748 +++ exited with 0 +++
11747 +++ exited with 0 +++
11751 execve("/opt/hostedtoolcache/go/1.27.1/arm64/pkg/tool/linux_arm64/asm", ["/opt/hostedtoolcache/go/1.27.1/a"..., "-p", "reflect", "-trimpath", "/tmp/go-build180265811/b038=>", "-I", "/tmp/go-build180265811/b038/", "-I", "/opt/hostedtoolcache/go/1.27.1/a"..., "-D", "GOOS_linux", "-D", "GOARCH_arm64", "-std", "-gensymabis", "-o", "/tmp/go-build180265811/b038/syma"..., "/opt/hostedtoolcache/go/1.27.1/a"...], 0x1f50f245a008 /* 140 vars */ <unfinished ...>
11746 +++ exited with 0 +++
11286 --- SIGCHLD {si_signo=SIGCHLD, si_code=CLD_EXITED, si_pid=11746, si_uid=1001, si_status=0, si_utime=2 /* 0.02 s */, si_stime=0} ---
11226 <... waitid resumed>{si_signo=SIGCHLD, si_code=CLD_EXITED, si_pid=11746, si_uid=1001, si_status=0, si_utime=0, si_stime=0}, WEXITED, {ru_utime={tv_sec=0, tv_usec=25483}, ru_stime={tv_sec=0, tv_usec=8863}, ...}) = 0
11231 <... clone resumed>, parent_tid=[15]) = 11751
11751 <... execve resumed>)             = 0
11231 waitid(P_PIDFD, 15,  <unfinished ...>
11224 clone(child_stack=NULL, flags=CLONE_VM|CLONE_PIDFD|CLONE_VFORK|SIGCHLD <unfinished ...>
11752 execve("/opt/hostedtoolcache/go/1.27.1/arm64/pkg/tool/linux_arm64/compile", ["/opt/hostedtoolcache/go/1.27.1/a"..., "-o", "/tmp/go-build180265811/b062/_pkg"..., "-trimpath", "/tmp/go-build180265811/b062=>", "-p", "bytes", "-lang=go1.27", "-std", "-buildid", "9a-pxARELbG-USgPnnhT/9a-pxARELbG"..., "-goversion", "go1.27.1", "-c=4", "-nolocalimports", "-importcfg", "/tmp/go-build180265811/b062/impo"..., "-pack", "/opt/hostedtoolcache/go/1.27.1/a"..., "/opt/hostedtoolcache/go/1.27.1/a"..., "/opt/hostedtoolcache/go/1.27.1/a"..., "/opt/hostedtoolcache/go/1.27.1/a"...], 0x1f50f247a488 /* 140 vars */ <unfinished ...>
11224 <... clone resumed>, parent_tid=[16]) = 11752
11752 <... execve resumed>)             = 0
11224 waitid(P_PIDFD, 16,  <unfinished ...>
11228 clone(child_stack=NULL, flags=CLONE_VM|CLONE_PIDFD|CLONE_VFORK|SIGCHLD <unfinished ...>
11751 clone(child_stack=0x554b905ae000, flags=CLONE_VM|CLONE_FS|CLONE_FILES|CLONE_SIGHAND|CLONE_THREAD|CLONE_SYSVSEM) = 11754
11751 clone(child_stack=0x554b905e6000, flags=CLONE_VM|CLONE_FS|CLONE_FILES|CLONE_SIGHAND|CLONE_THREAD|CLONE_SYSVSEM) = 11755
11754 tgkill(11751, 11751, SIGURG <unfinished ...>
11751 clone(child_stack=0x554b905e2000, flags=CLONE_VM|CLONE_FS|CLONE_FILES|CLONE_SIGHAND|CLONE_THREAD|CLONE_SYSVSEM <unfinished ...>
11754 <... tgkill resumed>)             = 0
11751 <... clone resumed>)              = 11756
11751 --- SIGURG {si_signo=SIGURG, si_code=SI_TKILL, si_pid=11751, si_uid=1001} ---
11755 clone(child_stack=0x554b90618000, flags=CLONE_VM|CLONE_FS|CLONE_FILES|CLONE_SIGHAND|CLONE_THREAD|CLONE_SYSVSEM) = 11757
11753 execve("/opt/hostedtoolcache/go/1.27.1/arm64/pkg/tool/linux_arm64/compile", ["/opt/hostedtoolcache/go/1.27.1/a"..., "-o", "/tmp/go-build180265811/b066/_pkg"..., "-trimpath", "/tmp/go-build180265811/b066=>", "-p", "internal/godebug", "-lang=go1.27", "-std", "-complete", "-buildid", "cmX-blzkMHhwUEosj4ox/cmX-blzkMHh"..., "-goversion", "go1.27.1", "-c=4", "-nolocalimports", "-importcfg", "/tmp/go-build180265811/b066/impo"..., "-pack", "/opt/hostedtoolcache/go/1.27.1/a"...], 0x1f50f2806488 /* 140 vars */ <unfinished ...>
11228 <... clone resumed>, parent_tid=[17]) = 11753
11753 <... execve resumed>)             = 0
11286 clone(child_stack=NULL, flags=CLONE_VM|CLONE_PIDFD|CLONE_VFORK|SIGCHLD <unfinished ...>
11752 clone(child_stack=0x689a87cca000, flags=CLONE_VM|CLONE_FS|CLONE_FILES|CLONE_SIGHAND|CLONE_THREAD|CLONE_SYSVSEM <unfinished ...>
11228 waitid(P_PIDFD, 17,  <unfinished ...>
11752 <... clone resumed>)              = 11759
11752 clone(child_stack=0x689a87d08000, flags=CLONE_VM|CLONE_FS|CLONE_FILES|CLONE_SIGHAND|CLONE_THREAD|CLONE_SYSVSEM) = 11760
11759 tgkill(11752, 11752, SIGURG)      = 0
11752 --- SIGURG {si_signo=SIGURG, si_code=SI_TKILL, si_pid=11752, si_uid=1001} ---
11759 tgkill(11752, 11752, SIGURG)      = 0
11752 clone(child_stack=0x689a87d04000, flags=CLONE_VM|CLONE_FS|CLONE_FILES|CLONE_SIGHAND|CLONE_THREAD|CLONE_SYSVSEM) = 11761
11752 --- SIGURG {si_signo=SIGURG, si_code=SI_TKILL, si_pid=11752, si_uid=1001} ---
11760 clone(child_stack=0x689a87d28000, flags=CLONE_VM|CLONE_FS|CLONE_FILES|CLONE_SIGHAND|CLONE_THREAD|CLONE_SYSVSEM) = 11762
11758 execve("/opt/hostedtoolcache/go/1.27.1/arm64/pkg/tool/linux_arm64/asm", ["/opt/hostedtoolcache/go/1.27.1/a"..., "-p", "syscall", "-trimpath", "/tmp/go-build180265811/b056=>", "-I", "/tmp/go-build180265811/b056/", "-I", "/opt/hostedtoolcache/go/1.27.1/a"..., "-D", "GOOS_linux", "-D", "GOARCH_arm64", "-std", "-gensymabis", "-o", "/tmp/go-build180265811/b056/syma"..., "/opt/hostedtoolcache/go/1.27.1/a"...], 0x1f50f275d208 /* 140 vars */ <unfinished ...>
11286 <... clone resumed>, parent_tid=[7]) = 11758
11758 <... execve resumed>)             = 0
11286 waitid(P_PIDFD, 7,  <unfinished ...>
11759 clone(child_stack=0x689a880d4000, flags=CLONE_VM|CLONE_FS|CLONE_FILES|CLONE_SIGHAND|CLONE_THREAD|CLONE_SYSVSEM) = 11763
11751 exit_group(0)                     = ?
11754 +++ exited with 0 +++
11757 +++ exited with 0 +++
11756 +++ exited with 0 +++
11755 +++ exited with 0 +++
11753 clone(child_stack=0x5de2dfb6e000, flags=CLONE_VM|CLONE_FS|CLONE_FILES|CLONE_SIGHAND|CLONE_THREAD|CLONE_SYSVSEM <unfinished ...>
11751 +++ exited with 0 +++
11753 <... clone resumed>)              = 11764
11229 --- SIGCHLD {si_signo=SIGCHLD, si_code=CLD_EXITED, si_pid=11751, si_uid=1001, si_status=0, si_utime=0, si_stime=0} ---
11231 <... waitid resumed>{si_signo=SIGCHLD, si_code=CLD_EXITED, si_pid=11751, si_uid=1001, si_status=0, si_utime=0, si_stime=0}, WEXITED, {ru_utime={tv_sec=0, tv_usec=1984}, ru_stime={tv_sec=0, tv_usec=4961}, ...}) = 0
11753 clone(child_stack=0x5de2dfba6000, flags=CLONE_VM|CLONE_FS|CLONE_FILES|CLONE_SIGHAND|CLONE_THREAD|CLONE_SYSVSEM) = 11765
11753 clone(child_stack=0x5de2dfba2000, flags=CLONE_VM|CLONE_FS|CLONE_FILES|CLONE_SIGHAND|CLONE_THREAD|CLONE_SYSVSEM) = 11766
11765 clone(child_stack=0x5de2dfc18000, flags=CLONE_VM|CLONE_FS|CLONE_FILES|CLONE_SIGHAND|CLONE_THREAD|CLONE_SYSVSEM) = 11767
11229 clone(child_stack=NULL, flags=CLONE_VM|CLONE_PIDFD|CLONE_VFORK|SIGCHLD <unfinished ...>
11758 clone(child_stack=0x1a995fa98000, flags=CLONE_VM|CLONE_FS|CLONE_FILES|CLONE_SIGHAND|CLONE_THREAD|CLONE_SYSVSEM <unfinished ...>
11768 execve("/opt/hostedtoolcache/go/1.27.1/arm64/pkg/tool/linux_arm64/compile", ["/opt/hostedtoolcache/go/1.27.1/a"..., "-o", "/tmp/go-build180265811/b038/_pkg"..., "-trimpath", "/tmp/go-build180265811/b038=>", "-p", "reflect", "-lang=go1.27", "-std", "-buildid", "vgM9dhPYLOoocTWEATuP/vgM9dhPYLOo"..., "-goversion", "go1.27.1", "-symabis", "/tmp/go-build180265811/b038/syma"..., "-c=4", "-nolocalimports", "-importcfg", "/tmp/go-build180265811/b038/impo"..., "-pack", "-asmhdr", "/tmp/go-build180265811/b038/go_a"..., "/opt/hostedtoolcache/go/1.27.1/a"..., "/opt/hostedtoolcache/go/1.27.1/a"..., "/opt/hostedtoolcache/go/1.27.1/a"..., "/opt/hostedtoolcache/go/1.27.1/a"..., "/opt/hostedtoolcache/go/1.27.1/a"..., "/opt/hostedtoolcache/go/1.27.1/a"..., "/opt/hostedtoolcache/go/1.27.1/a"..., "/opt/hostedtoolcache/go/1.27.1/a"..., "/opt/hostedtoolcache/go/1.27.1/a"..., "/opt/hostedtoolcache/go/1.27.1/a"..., ...], 0x1f50f2806d88 /* 140 vars */ <unfinished ...>
11758 <... clone resumed>)              = 11769
11229 <... clone resumed>, parent_tid=[15]) = 11768
11768 <... execve resumed>)             = 0
11758 clone(child_stack=0x1a995fad0000, flags=CLONE_VM|CLONE_FS|CLONE_FILES|CLONE_SIGHAND|CLONE_THREAD|CLONE_SYSVSEM) = 11770
11769 tgkill(11758, 11758, SIGURG <unfinished ...>
11758 clone(child_stack=0x1a995facc000, flags=CLONE_VM|CLONE_FS|CLONE_FILES|CLONE_SIGHAND|CLONE_THREAD|CLONE_SYSVSEM <unfinished ...>
11769 <... tgkill resumed>)             = 0
11758 <... clone resumed>)              = 11771
11758 --- SIGURG {si_signo=SIGURG, si_code=SI_TKILL, si_pid=11758, si_uid=1001} ---
11770 clone(child_stack=0x1a995fb18000, flags=CLONE_VM|CLONE_FS|CLONE_FILES|CLONE_SIGHAND|CLONE_THREAD|CLONE_SYSVSEM) = 11772
11229 waitid(P_PIDFD, 15,  <unfinished ...>
11759 tgkill(11752, 11761, SIGURG)      = 0
11761 --- SIGURG {si_signo=SIGURG, si_code=SI_TKILL, si_pid=11752, si_uid=1001} ---
11758 exit_group(0)                     = ?
11769 +++ exited with 0 +++
11771 +++ exited with 0 +++
11770 +++ exited with 0 +++
11772 +++ exited with 0 +++
11758 +++ exited with 0 +++
11286 <... waitid resumed>{si_signo=SIGCHLD, si_code=CLD_EXITED, si_pid=11758, si_uid=1001, si_status=0, si_utime=0, si_stime=0}, WEXITED, {ru_utime={tv_sec=0, tv_usec=1525}, ru_stime={tv_sec=0, tv_usec=4577}, ...}) = 0
11231 --- SIGCHLD {si_signo=SIGCHLD, si_code=CLD_EXITED, si_pid=11758, si_uid=1001, si_status=0, si_utime=0, si_stime=0} ---
11231 clone(child_stack=NULL, flags=CLONE_VM|CLONE_PIDFD|CLONE_VFORK|SIGCHLD <unfinished ...>
11764 tgkill(11753, 11753, SIGURG)      = 0
11753 --- SIGURG {si_signo=SIGURG, si_code=SI_TKILL, si_pid=11753, si_uid=1001} ---
11768 clone(child_stack=0x22c9971e000, flags=CLONE_VM|CLONE_FS|CLONE_FILES|CLONE_SIGHAND|CLONE_THREAD|CLONE_SYSVSEM) = 11774
11768 clone(child_stack=0x22c99756000, flags=CLONE_VM|CLONE_FS|CLONE_FILES|CLONE_SIGHAND|CLONE_THREAD|CLONE_SYSVSEM) = 11775
11768 clone(child_stack=0x22c99752000, flags=CLONE_VM|CLONE_FS|CLONE_FILES|CLONE_SIGHAND|CLONE_THREAD|CLONE_SYSVSEM) = 11776
11773 execve("/opt/hostedtoolcache/go/1.27.1/arm64/pkg/tool/linux_arm64/compile", ["/opt/hostedtoolcache/go/1.27.1/a"..., "-o", "/tmp/go-build180265811/b056/_pkg"..., "-trimpath", "/tmp/go-build180265811/b056=>", "-p", "syscall", "-lang=go1.27", "-std", "-buildid", "zs5N9es5ms9dZL5ayXwS/zs5N9es5ms9"..., "-goversion", "go1.27.1", "-symabis", "/tmp/go-build180265811/b056/syma"..., "-c=4", "-nolocalimports", "-importcfg", "/tmp/go-build180265811/b056/impo"..., "-pack", "-asmhdr", "/tmp/go-build180265811/b056/go_a"..., "/opt/hostedtoolcache/go/1.27.1/a"..., "/opt/hostedtoolcache/go/1.27.1/a"..., "/opt/hostedtoolcache/go/1.27.1/a"..., "/opt/hostedtoolcache/go/1.27.1/a"..., "/opt/hostedtoolcache/go/1.27.1/a"..., "/opt/hostedtoolcache/go/1.27.1/a"..., "/opt/hostedtoolcache/go/1.27.1/a"..., "/opt/hostedtoolcache/go/1.27.1/a"..., "/opt/hostedtoolcache/go/1.27.1/a"..., "/opt/hostedtoolcache/go/1.27.1/a"..., ...], 0x1f50f25d0908 /* 140 vars */ <unfinished ...>
11231 <... clone resumed>, parent_tid=[18]) = 11773
11775 clone(child_stack=0x22c99798000, flags=CLONE_VM|CLONE_FS|CLONE_FILES|CLONE_SIGHAND|CLONE_THREAD|CLONE_SYSVSEM <unfinished ...>
11773 <... execve resumed>)             = 0
11775 <... clone resumed>)              = 11777
11231 waitid(P_PIDFD, 18,  <unfinished ...>
11773 clone(child_stack=0x62cac33b6000, flags=CLONE_VM|CLONE_FS|CLONE_FILES|CLONE_SIGHAND|CLONE_THREAD|CLONE_SYSVSEM <unfinished ...>
11774 clone(child_stack=0x22c99b3a000, flags=CLONE_VM|CLONE_FS|CLONE_FILES|CLONE_SIGHAND|CLONE_THREAD|CLONE_SYSVSEM <unfinished ...>
11773 <... clone resumed>)              = 11778
11774 <... clone resumed>)              = 11779
11773 clone(child_stack=0x62cac33ee000, flags=CLONE_VM|CLONE_FS|CLONE_FILES|CLONE_SIGHAND|CLONE_THREAD|CLONE_SYSVSEM) = 11780
11773 clone(child_stack=0x62cac33ea000, flags=CLONE_VM|CLONE_FS|CLONE_FILES|CLONE_SIGHAND|CLONE_THREAD|CLONE_SYSVSEM) = 11781
11780 clone(child_stack=0x62cac3496000, flags=CLONE_VM|CLONE_FS|CLONE_FILES|CLONE_SIGHAND|CLONE_THREAD|CLONE_SYSVSEM <unfinished ...>
11773 clone(child_stack=0x62cac3492000, flags=CLONE_VM|CLONE_FS|CLONE_FILES|CLONE_SIGHAND|CLONE_THREAD|CLONE_SYSVSEM) = 11782
11780 <... clone resumed>)              = 11783
11774 clone(child_stack=0x22c99c44000, flags=CLONE_VM|CLONE_FS|CLONE_FILES|CLONE_SIGHAND|CLONE_THREAD|CLONE_SYSVSEM) = 11784
11759 tgkill(11752, 11763, SIGURG <unfinished ...>
11763 --- SIGURG {si_signo=SIGURG, si_code=SI_TKILL, si_pid=11752, si_uid=1001} ---
11759 <... tgkill resumed>)             = 0
11778 clone(child_stack=0x62cac34f0000, flags=CLONE_VM|CLONE_FS|CLONE_FILES|CLONE_SIGHAND|CLONE_THREAD|CLONE_SYSVSEM) = 11785
11764 tgkill(11753, 11765, SIGURG <unfinished ...>
11765 --- SIGURG {si_signo=SIGURG, si_code=SI_TKILL, si_pid=11753, si_uid=1001} ---
11764 <... tgkill resumed>)             = 0
11778 tgkill(11773, 11781, SIGURG)      = 0
11781 --- SIGURG {si_signo=SIGURG, si_code=SI_TKILL, si_pid=11773, si_uid=1001} ---
11778 tgkill(11773, 11781, SIGURG)      = 0
11781 --- SIGURG {si_signo=SIGURG, si_code=SI_TKILL, si_pid=11773, si_uid=1001} ---
11759 tgkill(11752, 11752, SIGURG <unfinished ...>
11774 tgkill(11768, 11784, SIGURG <unfinished ...>
11759 <... tgkill resumed>)             = 0
11774 <... tgkill resumed>)             = 0
11759 tgkill(11752, 11763, SIGURG)      = 0
11763 --- SIGURG {si_signo=SIGURG, si_code=SI_TKILL, si_pid=11752, si_uid=1001} ---
11752 --- SIGURG {si_signo=SIGURG, si_code=SI_TKILL, si_pid=11752, si_uid=1001} ---
11759 tgkill(11752, 11762, SIGURG <unfinished ...>
11784 --- SIGURG {si_signo=SIGURG, si_code=SI_TKILL, si_pid=11768, si_uid=1001} ---
11762 --- SIGURG {si_signo=SIGURG, si_code=SI_TKILL, si_pid=11752, si_uid=1001} ---
11759 <... tgkill resumed>)             = 0
11759 tgkill(11752, 11761, SIGURG <unfinished ...>
11761 --- SIGURG {si_signo=SIGURG, si_code=SI_TKILL, si_pid=11752, si_uid=1001} ---
11759 <... tgkill resumed>)             = 0
11764 tgkill(11753, 11765, SIGURG)      = 0
11765 --- SIGURG {si_signo=SIGURG, si_code=SI_TKILL, si_pid=11753, si_uid=1001} ---
11764 tgkill(11753, 11753, SIGURG)      = 0
11764 tgkill(11753, 11766, SIGURG)      = 0
11766 --- SIGURG {si_signo=SIGURG, si_code=SI_TKILL, si_pid=11753, si_uid=1001} ---
11764 tgkill(11753, 11767, SIGURG)      = 0
11753 --- SIGURG {si_signo=SIGURG, si_code=SI_TKILL, si_pid=11753, si_uid=1001} ---
11778 tgkill(11773, 11783, SIGURG)      = 0
11783 --- SIGURG {si_signo=SIGURG, si_code=SI_TKILL, si_pid=11773, si_uid=1001} ---
11767 --- SIGURG {si_signo=SIGURG, si_code=SI_TKILL, si_pid=11753, si_uid=1001} ---
11759 tgkill(11752, 11752, SIGURG)      = 0
11759 tgkill(11752, 11763, SIGURG)      = 0
11763 --- SIGURG {si_signo=SIGURG, si_code=SI_TKILL, si_pid=11752, si_uid=1001} ---
11759 tgkill(11752, 11762, SIGURG)      = 0
11762 --- SIGURG {si_signo=SIGURG, si_code=SI_TKILL, si_pid=11752, si_uid=1001} ---
11752 --- SIGURG {si_signo=SIGURG, si_code=SI_TKILL, si_pid=11752, si_uid=1001} ---
11759 tgkill(11752, 11761, SIGURG)      = 0
11761 --- SIGURG {si_signo=SIGURG, si_code=SI_TKILL, si_pid=11752, si_uid=1001} ---
11774 tgkill(11768, 11779, SIGURG)      = 0
11779 --- SIGURG {si_signo=SIGURG, si_code=SI_TKILL, si_pid=11768, si_uid=1001} ---
11766 exit_group(0)                     = ?
11767 +++ exited with 0 +++
11765 +++ exited with 0 +++
11764 +++ exited with 0 +++
11763 exit_group(0)                     = ?
11759 +++ exited with 0 +++
11763 +++ exited with 0 +++
11762 +++ exited with 0 +++
11761 +++ exited with 0 +++
11778 tgkill(11773, 11783, SIGURG)      = 0
11774 tgkill(11768, 11779, SIGURG)      = 0
11779 --- SIGURG {si_signo=SIGURG, si_code=SI_TKILL, si_pid=11768, si_uid=1001} ---
11760 +++ exited with 0 +++
11752 +++ exited with 0 +++
11783 --- SIGURG {si_signo=SIGURG, si_code=SI_TKILL, si_pid=11773, si_uid=1001} ---
11224 <... waitid resumed>{si_signo=SIGCHLD, si_code=CLD_EXITED, si_pid=11752, si_uid=1001, si_status=0, si_utime=0, si_stime=0}, WEXITED, {ru_utime={tv_sec=0, tv_usec=99215}, ru_stime={tv_sec=0, tv_usec=21827}, ...}) = 0
11286 --- SIGCHLD {si_signo=SIGCHLD, si_code=CLD_EXITED, si_pid=11752, si_uid=1001, si_status=0, si_utime=10 /* 0.10 s */, si_stime=2 /* 0.02 s */} ---
11766 +++ exited with 0 +++
11753 +++ exited with 0 +++
11225 --- SIGCHLD {si_signo=SIGCHLD, si_code=CLD_EXITED, si_pid=11753, si_uid=1001, si_status=0, si_utime=8 /* 0.08 s */, si_stime=1 /* 0.01 s */} ---
11228 <... waitid resumed>{si_signo=SIGCHLD, si_code=CLD_EXITED, si_pid=11753, si_uid=1001, si_status=0, si_utime=0, si_stime=0}, WEXITED, {ru_utime={tv_sec=0, tv_usec=82646}, ru_stime={tv_sec=0, tv_usec=18049}, ...}) = 0
11224 tgkill(11224, 11286, SIGURG <unfinished ...>
11286 --- SIGURG {si_signo=SIGURG, si_code=SI_TKILL, si_pid=11224, si_uid=1001} ---
11224 <... tgkill resumed>)             = 0
11224 tgkill(11224, 11228, SIGURG <unfinished ...>
11228 --- SIGURG {si_signo=SIGURG, si_code=SI_TKILL, si_pid=11224, si_uid=1001} ---
11224 <... tgkill resumed>)             = 0
11224 tgkill(11224, 11286, SIGURG)      = 0
11286 --- SIGURG {si_signo=SIGURG, si_code=SI_TKILL, si_pid=11224, si_uid=1001} ---
11774 tgkill(11768, 11784, SIGURG <unfinished ...>
11784 --- SIGURG {si_signo=SIGURG, si_code=SI_TKILL, si_pid=11768, si_uid=1001} ---
11774 <... tgkill resumed>)             = 0
11286 clone(child_stack=NULL, flags=CLONE_VM|CLONE_PIDFD|CLONE_VFORK|SIGCHLD <unfinished ...>
11786 execve("/opt/hostedtoolcache/go/1.27.1/arm64/pkg/tool/linux_arm64/compile", ["/opt/hostedtoolcache/go/1.27.1/a"..., "-o", "/tmp/go-build180265811/b069/_pkg"..., "-trimpath", "/tmp/go-build180265811/b069=>", "-p", "strings", "-lang=go1.27", "-std", "-complete", "-buildid", "bvkjzTh519L6xzbeU7R3/bvkjzTh519L"..., "-goversion", "go1.27.1", "-c=4", "-nolocalimports", "-importcfg", "/tmp/go-build180265811/b069/impo"..., "-pack", "/opt/hostedtoolcache/go/1.27.1/a"..., "/opt/hostedtoolcache/go/1.27.1/a"..., "/opt/hostedtoolcache/go/1.27.1/a"..., "/opt/hostedtoolcache/go/1.27.1/a"..., "/opt/hostedtoolcache/go/1.27.1/a"..., "/opt/hostedtoolcache/go/1.27.1/a"..., "/opt/hostedtoolcache/go/1.27.1/a"..., "/opt/hostedtoolcache/go/1.27.1/a"...], 0x1f50f25d0908 /* 140 vars */ <unfinished ...>
11286 <... clone resumed>, parent_tid=[14]) = 11786
11786 <... execve resumed>)             = 0
11286 waitid(P_PIDFD, 14,  <unfinished ...>
11778 tgkill(11773, 11783, SIGURG)      = 0
11783 --- SIGURG {si_signo=SIGURG, si_code=SI_TKILL, si_pid=11773, si_uid=1001} ---
11786 clone(child_stack=0x1d716fb1c000, flags=CLONE_VM|CLONE_FS|CLONE_FILES|CLONE_SIGHAND|CLONE_THREAD|CLONE_SYSVSEM) = 11787
11786 clone(child_stack=0x1d716fb54000, flags=CLONE_VM|CLONE_FS|CLONE_FILES|CLONE_SIGHAND|CLONE_THREAD|CLONE_SYSVSEM) = 11788
11787 tgkill(11786, 11786, SIGURG)      = 0
11786 --- SIGURG {si_signo=SIGURG, si_code=SI_TKILL, si_pid=11786, si_uid=1001} ---
11786 clone(child_stack=0x1d716fb50000, flags=CLONE_VM|CLONE_FS|CLONE_FILES|CLONE_SIGHAND|CLONE_THREAD|CLONE_SYSVSEM) = 11789
11788 clone(child_stack=0x1d716fb98000, flags=CLONE_VM|CLONE_FS|CLONE_FILES|CLONE_SIGHAND|CLONE_THREAD|CLONE_SYSVSEM) = 11790
11787 clone(child_stack=0x1d716ff2a000, flags=CLONE_VM|CLONE_FS|CLONE_FILES|CLONE_SIGHAND|CLONE_THREAD|CLONE_SYSVSEM) = 11791
11787 tgkill(11786, 11789, SIGURG)      = 0
11789 --- SIGURG {si_signo=SIGURG, si_code=SI_TKILL, si_pid=11786, si_uid=1001} ---
11774 tgkill(11768, 11784, SIGURG)      = 0
11784 --- SIGURG {si_signo=SIGURG, si_code=SI_TKILL, si_pid=11768, si_uid=1001} ---
11778 tgkill(11773, 11783, SIGURG)      = 0
11783 --- SIGURG {si_signo=SIGURG, si_code=SI_TKILL, si_pid=11773, si_uid=1001} ---
11787 tgkill(11786, 11789, SIGURG)      = 0
11789 --- SIGURG {si_signo=SIGURG, si_code=SI_TKILL, si_pid=11786, si_uid=1001} ---
11774 tgkill(11768, 11768, SIGURG)      = 0
11768 --- SIGURG {si_signo=SIGURG, si_code=SI_TKILL, si_pid=11768, si_uid=1001} ---
11778 tgkill(11773, 11781, SIGURG)      = 0
11781 --- SIGURG {si_signo=SIGURG, si_code=SI_TKILL, si_pid=11773, si_uid=1001} ---
11787 tgkill(11786, 11786, SIGURG)      = 0
11786 --- SIGURG {si_signo=SIGURG, si_code=SI_TKILL, si_pid=11786, si_uid=1001} ---
11774 tgkill(11768, 11784, SIGURG)      = 0
11784 --- SIGURG {si_signo=SIGURG, si_code=SI_TKILL, si_pid=11768, si_uid=1001} ---
11787 tgkill(11786, 11789, SIGURG)      = 0
11789 --- SIGURG {si_signo=SIGURG, si_code=SI_TKILL, si_pid=11786, si_uid=1001} ---
11787 tgkill(11786, 11791, SIGURG)      = 0
11787 tgkill(11786, 11786, SIGURG)      = 0
11786 --- SIGURG {si_signo=SIGURG, si_code=SI_TKILL, si_pid=11786, si_uid=1001} ---
11791 --- SIGURG {si_signo=SIGURG, si_code=SI_TKILL, si_pid=11786, si_uid=1001} ---
11778 tgkill(11773, 11783, SIGURG)      = 0
11783 --- SIGURG {si_signo=SIGURG, si_code=SI_TKILL, si_pid=11773, si_uid=1001} ---
11787 tgkill(11786, 11790, SIGURG)      = 0
11790 --- SIGURG {si_signo=SIGURG, si_code=SI_TKILL, si_pid=11786, si_uid=1001} ---
11774 tgkill(11768, 11768, SIGURG)      = 0
11768 --- SIGURG {si_signo=SIGURG, si_code=SI_TKILL, si_pid=11768, si_uid=1001} ---
11787 tgkill(11786, 11789, SIGURG)      = 0
11778 tgkill(11773, 11782, SIGURG)      = 0
11778 tgkill(11773, 11773, SIGURG)      = 0
11773 --- SIGURG {si_signo=SIGURG, si_code=SI_TKILL, si_pid=11773, si_uid=1001} ---
11782 --- SIGURG {si_signo=SIGURG, si_code=SI_TKILL, si_pid=11773, si_uid=1001} ---
11778 tgkill(11773, 11781, SIGURG)      = 0
11781 --- SIGURG {si_signo=SIGURG, si_code=SI_TKILL, si_pid=11773, si_uid=1001} ---
11789 --- SIGURG {si_signo=SIGURG, si_code=SI_TKILL, si_pid=11786, si_uid=1001} ---
11778 tgkill(11773, 11783, SIGURG <unfinished ...>
11783 --- SIGURG {si_signo=SIGURG, si_code=SI_TKILL, si_pid=11773, si_uid=1001} ---
11778 <... tgkill resumed>)             = 0
11787 tgkill(11786, 11790, SIGURG <unfinished ...>
11790 --- SIGURG {si_signo=SIGURG, si_code=SI_TKILL, si_pid=11786, si_uid=1001} ---
11787 <... tgkill resumed>)             = 0
11774 tgkill(11768, 11768, SIGURG)      = 0
11768 --- SIGURG {si_signo=SIGURG, si_code=SI_TKILL, si_pid=11768, si_uid=1001} ---
11790 exit_group(0)                     = ?
11791 +++ exited with 0 +++
11788 +++ exited with 0 +++
11787 +++ exited with 0 +++
11789 +++ exited with 0 +++
11790 +++ exited with 0 +++
11786 +++ exited with 0 +++
11286 <... waitid resumed>{si_signo=SIGCHLD, si_code=CLD_EXITED, si_pid=11786, si_uid=1001, si_status=0, si_utime=0, si_stime=0}, WEXITED, {ru_utime={tv_sec=0, tv_usec=115418}, ru_stime={tv_sec=0, tv_usec=20894}, ...}) = 0
11286 --- SIGCHLD {si_signo=SIGCHLD, si_code=CLD_EXITED, si_pid=11786, si_uid=1001, si_status=0, si_utime=11 /* 0.11 s */, si_stime=2 /* 0.02 s */} ---
11783 tgkill(11773, 11782, SIGURG)      = 0
11782 --- SIGURG {si_signo=SIGURG, si_code=SI_TKILL, si_pid=11773, si_uid=1001} ---
11783 tgkill(11773, 11781, SIGURG)      = 0
11781 --- SIGURG {si_signo=SIGURG, si_code=SI_TKILL, si_pid=11773, si_uid=1001} ---
11778 tgkill(11773, 11782, SIGURG <unfinished ...>
11773 tgkill(11773, 11783, SIGURG <unfinished ...>
11778 <... tgkill resumed>)             = 0
11773 <... tgkill resumed>)             = 0
11783 --- SIGURG {si_signo=SIGURG, si_code=SI_TKILL, si_pid=11773, si_uid=1001} ---
11778 tgkill(11773, 11781, SIGURG)      = 0
11781 --- SIGURG {si_signo=SIGURG, si_code=SI_TKILL, si_pid=11773, si_uid=1001} ---
11782 --- SIGURG {si_signo=SIGURG, si_code=SI_TKILL, si_pid=11773, si_uid=1001} ---
11773 tgkill(11773, 11781, SIGURG <unfinished ...>
11781 --- SIGURG {si_signo=SIGURG, si_code=SI_TKILL, si_pid=11773, si_uid=1001} ---
11773 <... tgkill resumed>)             = 0
11773 tgkill(11773, 11782, SIGURG)      = 0
11782 --- SIGURG {si_signo=SIGURG, si_code=SI_TKILL, si_pid=11773, si_uid=1001} ---
11225 tgkill(11224, 11286, SIGURG)      = 0
11286 --- SIGURG {si_signo=SIGURG, si_code=SI_TKILL, si_pid=11224, si_uid=1001} ---
11778 tgkill(11773, 11773, SIGURG)      = 0
11773 --- SIGURG {si_signo=SIGURG, si_code=SI_TKILL, si_pid=11773, si_uid=1001} ---
11778 tgkill(11773, 11773, SIGURG)      = 0
11778 tgkill(11773, 11783, SIGURG)      = 0
11783 --- SIGURG {si_signo=SIGURG, si_code=SI_TKILL, si_pid=11773, si_uid=1001} ---
11778 tgkill(11773, 11783, SIGURG)      = 0
11783 --- SIGURG {si_signo=SIGURG, si_code=SI_TKILL, si_pid=11773, si_uid=1001} ---
11773 --- SIGURG {si_signo=SIGURG, si_code=SI_TKILL, si_pid=11773, si_uid=1001} ---
11778 tgkill(11773, 11773, SIGURG)      = 0
11773 --- SIGURG {si_signo=SIGURG, si_code=SI_TKILL, si_pid=11773, si_uid=1001} ---
11778 tgkill(11773, 11781, SIGURG <unfinished ...>
11774 tgkill(11768, 11784, SIGURG <unfinished ...>
11784 --- SIGURG {si_signo=SIGURG, si_code=SI_TKILL, si_pid=11768, si_uid=1001} ---
11774 <... tgkill resumed>)             = 0
11778 <... tgkill resumed>)             = 0
11778 tgkill(11773, 11782, SIGURG)      = 0
11782 --- SIGURG {si_signo=SIGURG, si_code=SI_TKILL, si_pid=11773, si_uid=1001} ---
11781 --- SIGURG {si_signo=SIGURG, si_code=SI_TKILL, si_pid=11773, si_uid=1001} ---
11225 tgkill(11224, 11286, SIGURG)      = 0
11286 --- SIGURG {si_signo=SIGURG, si_code=SI_TKILL, si_pid=11224, si_uid=1001} ---
11781 tgkill(11773, 11782, SIGURG)      = 0
11782 --- SIGURG {si_signo=SIGURG, si_code=SI_TKILL, si_pid=11773, si_uid=1001} ---
11781 tgkill(11773, 11773, SIGURG)      = 0
11773 --- SIGURG {si_signo=SIGURG, si_code=SI_TKILL, si_pid=11773, si_uid=1001} ---
11781 tgkill(11773, 11783, SIGURG)      = 0
11783 --- SIGURG {si_signo=SIGURG, si_code=SI_TKILL, si_pid=11773, si_uid=1001} ---
11783 tgkill(11773, 11782, SIGURG)      = 0
11782 --- SIGURG {si_signo=SIGURG, si_code=SI_TKILL, si_pid=11773, si_uid=1001} ---
11783 tgkill(11773, 11773, SIGURG)      = 0
11783 tgkill(11773, 11781, SIGURG <unfinished ...>
11773 --- SIGURG {si_signo=SIGURG, si_code=SI_TKILL, si_pid=11773, si_uid=1001} ---
11783 <... tgkill resumed>)             = 0
11781 --- SIGURG {si_signo=SIGURG, si_code=SI_TKILL, si_pid=11773, si_uid=1001} ---
11783 tgkill(11773, 11782, SIGURG)      = 0
11782 --- SIGURG {si_signo=SIGURG, si_code=SI_TKILL, si_pid=11773, si_uid=1001} ---
11783 tgkill(11773, 11773, SIGURG)      = 0
11783 tgkill(11773, 11781, SIGURG <unfinished ...>
11773 --- SIGURG {si_signo=SIGURG, si_code=SI_TKILL, si_pid=11773, si_uid=1001} ---
11783 <... tgkill resumed>)             = 0
11781 --- SIGURG {si_signo=SIGURG, si_code=SI_TKILL, si_pid=11773, si_uid=1001} ---
11225 tgkill(11224, 11286, SIGURG)      = 0
11783 tgkill(11773, 11782, SIGURG)      = 0
11782 --- SIGURG {si_signo=SIGURG, si_code=SI_TKILL, si_pid=11773, si_uid=1001} ---
11783 tgkill(11773, 11773, SIGURG)      = 0
11773 --- SIGURG {si_signo=SIGURG, si_code=SI_TKILL, si_pid=11773, si_uid=1001} ---
11783 tgkill(11773, 11781, SIGURG)      = 0
11781 --- SIGURG {si_signo=SIGURG, si_code=SI_TKILL, si_pid=11773, si_uid=1001} ---
11286 --- SIGURG {si_signo=SIGURG, si_code=SI_TKILL, si_pid=11224, si_uid=1001} ---
11285 clone(child_stack=NULL, flags=CLONE_VM|CLONE_PIDFD|CLONE_VFORK|SIGCHLD <unfinished ...>
11783 tgkill(11773, 11782, SIGURG)      = 0
11782 --- SIGURG {si_signo=SIGURG, si_code=SI_TKILL, si_pid=11773, si_uid=1001} ---
11792 execve("/opt/hostedtoolcache/go/1.27.1/arm64/pkg/tool/linux_arm64/compile", ["/opt/hostedtoolcache/go/1.27.1/a"..., "-o", "/tmp/go-build180265811/b071/_pkg"..., "-trimpath", "/tmp/go-build180265811/b071=>", "-p", "regexp/syntax", "-lang=go1.27", "-std", "-complete", "-buildid", "1347f9jNZYWeZsu9p2wx/1347f9jNZYW"..., "-goversion", "go1.27.1", "-c=4", "-nolocalimports", "-importcfg", "/tmp/go-build180265811/b071/impo"..., "-pack", "/opt/hostedtoolcache/go/1.27.1/a"..., "/opt/hostedtoolcache/go/1.27.1/a"..., "/opt/hostedtoolcache/go/1.27.1/a"..., "/opt/hostedtoolcache/go/1.27.1/a"..., "/opt/hostedtoolcache/go/1.27.1/a"..., "/opt/hostedtoolcache/go/1.27.1/a"..., "/opt/hostedtoolcache/go/1.27.1/a"..., "/opt/hostedtoolcache/go/1.27.1/a"...], 0x1f50f245a008 /* 140 vars */ <unfinished ...>
11285 <... clone resumed>, parent_tid=[14]) = 11792
11792 <... execve resumed>)             = 0
11285 waitid(P_PIDFD, 14,  <unfinished ...>
11779 tgkill(11768, 11784, SIGURG <unfinished ...>
11784 --- SIGURG {si_signo=SIGURG, si_code=SI_TKILL, si_pid=11768, si_uid=1001} ---
11779 <... tgkill resumed>)             = 0
11792 clone(child_stack=0x3feb2c19a000, flags=CLONE_VM|CLONE_FS|CLONE_FILES|CLONE_SIGHAND|CLONE_THREAD|CLONE_SYSVSEM) = 11793
11779 tgkill(11768, 11784, SIGURG)      = 0
11784 --- SIGURG {si_signo=SIGURG, si_code=SI_TKILL, si_pid=11768, si_uid=1001} ---
11792 clone(child_stack=0x3feb2c1d2000, flags=CLONE_VM|CLONE_FS|CLONE_FILES|CLONE_SIGHAND|CLONE_THREAD|CLONE_SYSVSEM) = 11794
11792 clone(child_stack=0x3feb2c1ce000, flags=CLONE_VM|CLONE_FS|CLONE_FILES|CLONE_SIGHAND|CLONE_THREAD|CLONE_SYSVSEM) = 11795
11778 tgkill(11773, 11782, SIGURG)      = 0
11782 --- SIGURG {si_signo=SIGURG, si_code=SI_TKILL, si_pid=11773, si_uid=1001} ---
11778 tgkill(11773, 11773, SIGURG)      = 0
11773 --- SIGURG {si_signo=SIGURG, si_code=SI_TKILL, si_pid=11773, si_uid=1001} ---
11778 tgkill(11773, 11781, SIGURG <unfinished ...>
11779 tgkill(11768, 11784, SIGURG)      = 0
11794 clone(child_stack=0x3feb2c218000, flags=CLONE_VM|CLONE_FS|CLONE_FILES|CLONE_SIGHAND|CLONE_THREAD|CLONE_SYSVSEM <unfinished ...>
11778 <... tgkill resumed>)             = 0
11784 --- SIGURG {si_signo=SIGURG, si_code=SI_TKILL, si_pid=11768, si_uid=1001} ---
11794 <... clone resumed>)              = 11796
11781 --- SIGURG {si_signo=SIGURG, si_code=SI_TKILL, si_pid=11773, si_uid=1001} ---
11774 tgkill(11768, 11779, SIGURG)      = 0
11779 --- SIGURG {si_signo=SIGURG, si_code=SI_TKILL, si_pid=11768, si_uid=1001} ---
11768 tgkill(11768, 11775, SIGURG <unfinished ...>
11775 --- SIGURG {si_signo=SIGURG, si_code=SI_TKILL, si_pid=11768, si_uid=1001} ---
11768 <... tgkill resumed>)             = 0
11793 clone(child_stack=0x3feb2c788000, flags=CLONE_VM|CLONE_FS|CLONE_FILES|CLONE_SIGHAND|CLONE_THREAD|CLONE_SYSVSEM) = 11797
11778 tgkill(11773, 11783, SIGURG)      = 0
11783 --- SIGURG {si_signo=SIGURG, si_code=SI_TKILL, si_pid=11773, si_uid=1001} ---
11768 tgkill(11768, 11775, SIGURG)      = 0
11775 --- SIGURG {si_signo=SIGURG, si_code=SI_TKILL, si_pid=11768, si_uid=1001} ---
11768 tgkill(11768, 11784, SIGURG)      = 0
11784 --- SIGURG {si_signo=SIGURG, si_code=SI_TKILL, si_pid=11768, si_uid=1001} ---
11768 tgkill(11768, 11779, SIGURG)      = 0
11779 --- SIGURG {si_signo=SIGURG, si_code=SI_TKILL, si_pid=11768, si_uid=1001} ---
11768 tgkill(11768, 11784, SIGURG)      = 0
11784 --- SIGURG {si_signo=SIGURG, si_code=SI_TKILL, si_pid=11768, si_uid=1001} ---
11793 tgkill(11792, 11796, SIGURG <unfinished ...>
11768 tgkill(11768, 11784, SIGURG <unfinished ...>
11796 --- SIGURG {si_signo=SIGURG, si_code=SI_TKILL, si_pid=11792, si_uid=1001} ---
11793 <... tgkill resumed>)             = 0
11768 <... tgkill resumed>)             = 0
11784 --- SIGURG {si_signo=SIGURG, si_code=SI_TKILL, si_pid=11768, si_uid=1001} ---
11778 tgkill(11773, 11773, SIGURG)      = 0
11773 --- SIGURG {si_signo=SIGURG, si_code=SI_TKILL, si_pid=11773, si_uid=1001} ---
11793 tgkill(11792, 11796, SIGURG)      = 0
11796 --- SIGURG {si_signo=SIGURG, si_code=SI_TKILL, si_pid=11792, si_uid=1001} ---
11774 tgkill(11768, 11784, SIGURG)      = 0
11784 --- SIGURG {si_signo=SIGURG, si_code=SI_TKILL, si_pid=11768, si_uid=1001} ---
11773 exit_group(0)                     = ?
11782 +++ exited with 0 +++
11783 +++ exited with 0 +++
11778 +++ exited with 0 +++
11780 +++ exited with 0 +++
11785 +++ exited with 0 +++
11793 tgkill(11792, 11794, SIGURG)      = 0
11794 --- SIGURG {si_signo=SIGURG, si_code=SI_TKILL, si_pid=11792, si_uid=1001} ---
11781 +++ exited with 0 +++
11773 +++ exited with 0 +++
11286 --- SIGCHLD {si_signo=SIGCHLD, si_code=CLD_EXITED, si_pid=11773, si_uid=1001, si_status=0, si_utime=33 /* 0.33 s */, si_stime=4 /* 0.04 s */} ---
11231 <... waitid resumed>{si_signo=SIGCHLD, si_code=CLD_EXITED, si_pid=11773, si_uid=1001, si_status=0, si_utime=0, si_stime=0}, WEXITED, {ru_utime={tv_sec=0, tv_usec=325504}, ru_stime={tv_sec=0, tv_usec=39484}, ...}) = 0
11286 clone(child_stack=NULL, flags=CLONE_VM|CLONE_PIDFD|CLONE_VFORK|SIGCHLD <unfinished ...>
11798 execve("/opt/hostedtoolcache/go/1.27.1/arm64/pkg/tool/linux_arm64/asm", ["/opt/hostedtoolcache/go/1.27.1/a"..., "-p", "syscall", "-trimpath", "/tmp/go-build180265811/b056=>", "-I", "/tmp/go-build180265811/b056/", "-I", "/opt/hostedtoolcache/go/1.27.1/a"..., "-D", "GOOS_linux", "-D", "GOARCH_arm64", "-std", "-o", "/tmp/go-build180265811/b056/asm_"..., "/opt/hostedtoolcache/go/1.27.1/a"...], 0x1f50f245a908 /* 140 vars */ <unfinished ...>
11286 <... clone resumed>, parent_tid=[16]) = 11798
11798 <... execve resumed>)             = 0
11286 waitid(P_PIDFD, 16,  <unfinished ...>
11774 tgkill(11768, 11768, SIGURG)      = 0
11768 --- SIGURG {si_signo=SIGURG, si_code=SI_TKILL, si_pid=11768, si_uid=1001} ---
11793 tgkill(11792, 11796, SIGURG <unfinished ...>
11796 --- SIGURG {si_signo=SIGURG, si_code=SI_TKILL, si_pid=11792, si_uid=1001} ---
11793 <... tgkill resumed>)             = 0
11798 clone(child_stack=0x77fee0454000, flags=CLONE_VM|CLONE_FS|CLONE_FILES|CLONE_SIGHAND|CLONE_THREAD|CLONE_SYSVSEM) = 11799
11798 clone(child_stack=0x77fee0490000, flags=CLONE_VM|CLONE_FS|CLONE_FILES|CLONE_SIGHAND|CLONE_THREAD|CLONE_SYSVSEM) = 11800
11799 tgkill(11798, 11798, SIGURG)      = 0
11798 clone(child_stack=0x77fee048c000, flags=CLONE_VM|CLONE_FS|CLONE_FILES|CLONE_SIGHAND|CLONE_THREAD|CLONE_SYSVSEM) = 11801
11798 --- SIGURG {si_signo=SIGURG, si_code=SI_TKILL, si_pid=11798, si_uid=1001} ---
11800 clone(child_stack=0x77fee04b8000, flags=CLONE_VM|CLONE_FS|CLONE_FILES|CLONE_SIGHAND|CLONE_THREAD|CLONE_SYSVSEM) = 11802
11774 tgkill(11768, 11768, SIGURG)      = 0
11774 tgkill(11768, 11779, SIGURG)      = 0
11779 --- SIGURG {si_signo=SIGURG, si_code=SI_TKILL, si_pid=11768, si_uid=1001} ---
11774 tgkill(11768, 11784, SIGURG <unfinished ...>
11784 --- SIGURG {si_signo=SIGURG, si_code=SI_TKILL, si_pid=11768, si_uid=1001} ---
11774 <... tgkill resumed>)             = 0
11774 tgkill(11768, 11775, SIGURG)      = 0
11775 --- SIGURG {si_signo=SIGURG, si_code=SI_TKILL, si_pid=11768, si_uid=1001} ---
11768 --- SIGURG {si_signo=SIGURG, si_code=SI_TKILL, si_pid=11768, si_uid=1001} ---
11793 tgkill(11792, 11795, SIGURG)      = 0
11795 --- SIGURG {si_signo=SIGURG, si_code=SI_TKILL, si_pid=11792, si_uid=1001} ---
11799 tgkill(11798, 11798, SIGURG)      = 0
11798 --- SIGURG {si_signo=SIGURG, si_code=SI_TKILL, si_pid=11798, si_uid=1001} ---
11799 tgkill(11798, 11798, SIGURG)      = 0
11798 --- SIGURG {si_signo=SIGURG, si_code=SI_TKILL, si_pid=11798, si_uid=1001} ---
11793 tgkill(11792, 11794, SIGURG)      = 0
11793 tgkill(11792, 11796, SIGURG)      = 0
11793 tgkill(11792, 11792, SIGURG)      = 0
11792 --- SIGURG {si_signo=SIGURG, si_code=SI_TKILL, si_pid=11792, si_uid=1001} ---
11794 --- SIGURG {si_signo=SIGURG, si_code=SI_TKILL, si_pid=11792, si_uid=1001} ---
11774 tgkill(11768, 11768, SIGURG)      = 0
11768 --- SIGURG {si_signo=SIGURG, si_code=SI_TKILL, si_pid=11768, si_uid=1001} ---
11796 --- SIGURG {si_signo=SIGURG, si_code=SI_TKILL, si_pid=11792, si_uid=1001} ---
11774 tgkill(11768, 11779, SIGURG)      = 0
11774 tgkill(11768, 11784, SIGURG <unfinished ...>
11784 --- SIGURG {si_signo=SIGURG, si_code=SI_TKILL, si_pid=11768, si_uid=1001} ---
11774 <... tgkill resumed>)             = 0
11779 --- SIGURG {si_signo=SIGURG, si_code=SI_TKILL, si_pid=11768, si_uid=1001} ---
11774 tgkill(11768, 11775, SIGURG)      = 0
11775 --- SIGURG {si_signo=SIGURG, si_code=SI_TKILL, si_pid=11768, si_uid=1001} ---
11798 exit_group(0)                     = ?
11801 +++ exited with 0 +++
11802 +++ exited with 0 +++
11799 +++ exited with 0 +++
11800 +++ exited with 0 +++
11798 +++ exited with 0 +++
11231 --- SIGCHLD {si_signo=SIGCHLD, si_code=CLD_EXITED, si_pid=11798, si_uid=1001, si_status=0, si_utime=0, si_stime=0} ---
11286 <... waitid resumed>{si_signo=SIGCHLD, si_code=CLD_EXITED, si_pid=11798, si_uid=1001, si_status=0, si_utime=0, si_stime=0}, WEXITED, {ru_utime={tv_sec=0, tv_usec=5461}, ru_stime={tv_sec=0, tv_usec=5461}, ...}) = 0
11793 tgkill(11792, 11795, SIGURG)      = 0
11793 tgkill(11792, 11796, SIGURG)      = 0
11796 --- SIGURG {si_signo=SIGURG, si_code=SI_TKILL, si_pid=11792, si_uid=1001} ---
11795 --- SIGURG {si_signo=SIGURG, si_code=SI_TKILL, si_pid=11792, si_uid=1001} ---
11225 tgkill(11224, 11286, SIGURG)      = 0
11286 --- SIGURG {si_signo=SIGURG, si_code=SI_TKILL, si_pid=11224, si_uid=1001} ---
11793 tgkill(11792, 11794, SIGURG)      = 0
11793 tgkill(11792, 11792, SIGURG)      = 0
11225 tgkill(11224, 11231, SIGURG <unfinished ...>
11794 --- SIGURG {si_signo=SIGURG, si_code=SI_TKILL, si_pid=11792, si_uid=1001} ---
11792 --- SIGURG {si_signo=SIGURG, si_code=SI_TKILL, si_pid=11792, si_uid=1001} ---
11225 <... tgkill resumed>)             = 0
11231 --- SIGURG {si_signo=SIGURG, si_code=SI_TKILL, si_pid=11224, si_uid=1001} ---
11774 tgkill(11768, 11768, SIGURG)      = 0
11768 --- SIGURG {si_signo=SIGURG, si_code=SI_TKILL, si_pid=11768, si_uid=1001} ---
11774 tgkill(11768, 11779, SIGURG)      = 0
11779 --- SIGURG {si_signo=SIGURG, si_code=SI_TKILL, si_pid=11768, si_uid=1001} ---
11774 tgkill(11768, 11784, SIGURG)      = 0
11774 tgkill(11768, 11775, SIGURG)      = 0
11793 tgkill(11792, 11795, SIGURG)      = 0
11793 tgkill(11792, 11796, SIGURG)      = 0
11784 --- SIGURG {si_signo=SIGURG, si_code=SI_TKILL, si_pid=11768, si_uid=1001} ---
11796 --- SIGURG {si_signo=SIGURG, si_code=SI_TKILL, si_pid=11792, si_uid=1001} ---
11775 --- SIGURG {si_signo=SIGURG, si_code=SI_TKILL, si_pid=11768, si_uid=1001} ---
11795 --- SIGURG {si_signo=SIGURG, si_code=SI_TKILL, si_pid=11792, si_uid=1001} ---
11793 tgkill(11792, 11794, SIGURG)      = 0
11794 --- SIGURG {si_signo=SIGURG, si_code=SI_TKILL, si_pid=11792, si_uid=1001} ---
11793 tgkill(11792, 11792, SIGURG)      = 0
11792 --- SIGURG {si_signo=SIGURG, si_code=SI_TKILL, si_pid=11792, si_uid=1001} ---
11224 tgkill(11224, 11231, SIGURG)      = 0
11231 --- SIGURG {si_signo=SIGURG, si_code=SI_TKILL, si_pid=11224, si_uid=1001} ---
11230 clone(child_stack=NULL, flags=CLONE_VM|CLONE_PIDFD|CLONE_VFORK|SIGCHLD <unfinished ...>
11224 tgkill(11224, 11230, SIGURG)      = 0
11774 tgkill(11768, 11768, SIGURG)      = 0
11768 --- SIGURG {si_signo=SIGURG, si_code=SI_TKILL, si_pid=11768, si_uid=1001} ---
11774 tgkill(11768, 11779, SIGURG)      = 0
11774 tgkill(11768, 11784, SIGURG)      = 0
11774 tgkill(11768, 11775, SIGURG)      = 0
11784 --- SIGURG {si_signo=SIGURG, si_code=SI_TKILL, si_pid=11768, si_uid=1001} ---
11793 tgkill(11792, 11795, SIGURG <unfinished ...>
11795 --- SIGURG {si_signo=SIGURG, si_code=SI_TKILL, si_pid=11792, si_uid=1001} ---
11793 <... tgkill resumed>)             = 0
11793 tgkill(11792, 11796, SIGURG <unfinished ...>
11796 --- SIGURG {si_signo=SIGURG, si_code=SI_TKILL, si_pid=11792, si_uid=1001} ---
11793 <... tgkill resumed>)             = 0
11779 --- SIGURG {si_signo=SIGURG, si_code=SI_TKILL, si_pid=11768, si_uid=1001} ---
11775 --- SIGURG {si_signo=SIGURG, si_code=SI_TKILL, si_pid=11768, si_uid=1001} ---
11803 execve("/opt/hostedtoolcache/go/1.27.1/arm64/pkg/tool/linux_arm64/compile", ["/opt/hostedtoolcache/go/1.27.1/a"..., "-o", "/tmp/go-build180265811/b055/_pkg"..., "-trimpath", "/tmp/go-build180265811/b055=>", "-p", "time", "-lang=go1.27", "-std", "-buildid", "ugVlUXPBEcvi7OU42Lt6/ugVlUXPBEcv"..., "-goversion", "go1.27.1", "-c=4", "-nolocalimports", "-importcfg", "/tmp/go-build180265811/b055/impo"..., "-pack", "/opt/hostedtoolcache/go/1.27.1/a"..., "/opt/hostedtoolcache/go/1.27.1/a"..., "/opt/hostedtoolcache/go/1.27.1/a"..., "/opt/hostedtoolcache/go/1.27.1/a"..., "/opt/hostedtoolcache/go/1.27.1/a"..., "/opt/hostedtoolcache/go/1.27.1/a"..., "/opt/hostedtoolcache/go/1.27.1/a"..., "/opt/hostedtoolcache/go/1.27.1/a"..., "/opt/hostedtoolcache/go/1.27.1/a"..., "/opt/hostedtoolcache/go/1.27.1/a"...], 0x1f50f2806488 /* 140 vars */) = 0
11230 <... clone resumed>, parent_tid=[17]) = 11803
11230 --- SIGURG {si_signo=SIGURG, si_code=SI_TKILL, si_pid=11224, si_uid=1001} ---
11224 tgkill(11224, 11230, SIGURG)      = 0
11230 --- SIGURG {si_signo=SIGURG, si_code=SI_TKILL, si_pid=11224, si_uid=1001} ---
11230 waitid(P_PIDFD, 17,  <unfinished ...>
11803 clone(child_stack=0x4bc05e18a000, flags=CLONE_VM|CLONE_FS|CLONE_FILES|CLONE_SIGHAND|CLONE_THREAD|CLONE_SYSVSEM) = 11804
11804 tgkill(11803, 11803, SIGURG)      = 0
11793 tgkill(11792, 11794, SIGURG)      = 0
11793 tgkill(11792, 11792, SIGURG <unfinished ...>
11794 --- SIGURG {si_signo=SIGURG, si_code=SI_TKILL, si_pid=11792, si_uid=1001} ---
11793 <... tgkill resumed>)             = 0
11792 --- SIGURG {si_signo=SIGURG, si_code=SI_TKILL, si_pid=11792, si_uid=1001} ---
11224 tgkill(11224, 11286, SIGURG)      = 0
11286 --- SIGURG {si_signo=SIGURG, si_code=SI_TKILL, si_pid=11224, si_uid=1001} ---
11224 tgkill(11224, 11231, SIGURG)      = 0
11231 --- SIGURG {si_signo=SIGURG, si_code=SI_TKILL, si_pid=11224, si_uid=1001} ---
11803 clone(child_stack=0x4bc05e1c2000, flags=CLONE_VM|CLONE_FS|CLONE_FILES|CLONE_SIGHAND|CLONE_THREAD|CLONE_SYSVSEM) = 11805
11803 --- SIGURG {si_signo=SIGURG, si_code=SI_TKILL, si_pid=11803, si_uid=1001} ---
11803 clone(child_stack=0x4bc05e1be000, flags=CLONE_VM|CLONE_FS|CLONE_FILES|CLONE_SIGHAND|CLONE_THREAD|CLONE_SYSVSEM) = 11806
11803 clone(child_stack=0x4bc05e1e4000, flags=CLONE_VM|CLONE_FS|CLONE_FILES|CLONE_SIGHAND|CLONE_THREAD|CLONE_SYSVSEM) = 11807
11774 tgkill(11768, 11768, SIGURG)      = 0
11768 --- SIGURG {si_signo=SIGURG, si_code=SI_TKILL, si_pid=11768, si_uid=1001} ---
11774 tgkill(11768, 11779, SIGURG)      = 0
11779 --- SIGURG {si_signo=SIGURG, si_code=SI_TKILL, si_pid=11768, si_uid=1001} ---
11793 tgkill(11792, 11795, SIGURG)      = 0
11793 tgkill(11792, 11796, SIGURG)      = 0
11796 --- SIGURG {si_signo=SIGURG, si_code=SI_TKILL, si_pid=11792, si_uid=1001} ---
11795 --- SIGURG {si_signo=SIGURG, si_code=SI_TKILL, si_pid=11792, si_uid=1001} ---
11807 clone(child_stack=0x4bc05e27e000, flags=CLONE_VM|CLONE_FS|CLONE_FILES|CLONE_SIGHAND|CLONE_THREAD|CLONE_SYSVSEM) = 11808
11774 tgkill(11768, 11784, SIGURG)      = 0
11804 tgkill(11803, 11803, SIGURG)      = 0
11784 --- SIGURG {si_signo=SIGURG, si_code=SI_TKILL, si_pid=11768, si_uid=1001} ---
11803 --- SIGURG {si_signo=SIGURG, si_code=SI_TKILL, si_pid=11803, si_uid=1001} ---
11225 tgkill(11224, 11231, SIGURG <unfinished ...>
11231 clone(child_stack=NULL, flags=CLONE_VM|CLONE_PIDFD|CLONE_VFORK|SIGCHLD <unfinished ...>
11225 <... tgkill resumed>)             = 0
11774 tgkill(11768, 11768, SIGURG)      = 0
11768 --- SIGURG {si_signo=SIGURG, si_code=SI_TKILL, si_pid=11768, si_uid=1001} ---
11774 tgkill(11768, 11779, SIGURG)      = 0
11774 tgkill(11768, 11775, SIGURG)      = 0
11775 --- SIGURG {si_signo=SIGURG, si_code=SI_TKILL, si_pid=11768, si_uid=1001} ---
11779 --- SIGURG {si_signo=SIGURG, si_code=SI_TKILL, si_pid=11768, si_uid=1001} ---
11804 tgkill(11803, 11808, SIGURG)      = 0
11808 --- SIGURG {si_signo=SIGURG, si_code=SI_TKILL, si_pid=11803, si_uid=1001} ---
11793 tgkill(11792, 11795, SIGURG)      = 0
11768 tgkill(11768, 11779, SIGURG <unfinished ...>
11795 --- SIGURG {si_signo=SIGURG, si_code=SI_TKILL, si_pid=11792, si_uid=1001} ---
11768 <... tgkill resumed>)             = 0
11779 --- SIGURG {si_signo=SIGURG, si_code=SI_TKILL, si_pid=11768, si_uid=1001} ---
11809 execve("/opt/hostedtoolcache/go/1.27.1/arm64/pkg/tool/linux_arm64/compile", ["/opt/hostedtoolcache/go/1.27.1/a"..., "-o", "/tmp/go-build180265811/b058/_pkg"..., "-trimpath", "/tmp/go-build180265811/b058=>", "-p", "internal/syscall/unix", "-lang=go1.27", "-std", "-complete", "-buildid", "nnYyJ-9iTKAoHsDLa8XG/nnYyJ-9iTKA"..., "-goversion", "go1.27.1", "-c=4", "-nolocalimports", "-importcfg", "/tmp/go-build180265811/b058/impo"..., "-pack", "/opt/hostedtoolcache/go/1.27.1/a"..., "/opt/hostedtoolcache/go/1.27.1/a"..., "/opt/hostedtoolcache/go/1.27.1/a"..., "/opt/hostedtoolcache/go/1.27.1/a"..., "/opt/hostedtoolcache/go/1.27.1/a"..., "/opt/hostedtoolcache/go/1.27.1/a"..., "/opt/hostedtoolcache/go/1.27.1/a"..., "/opt/hostedtoolcache/go/1.27.1/a"..., "/opt/hostedtoolcache/go/1.27.1/a"..., "/opt/hostedtoolcache/go/1.27.1/a"..., "/opt/hostedtoolcache/go/1.27.1/a"..., "/opt/hostedtoolcache/go/1.27.1/a"..., "/opt/hostedtoolcache/go/1.27.1/a"..., ...], 0x1f50f25d0d88 /* 140 vars */ <unfinished ...>
11768 tgkill(11768, 11784, SIGURG)      = 0
11231 <... clone resumed>, parent_tid=[18]) = 11809
11231 --- SIGURG {si_signo=SIGURG, si_code=SI_TKILL, si_pid=11224, si_uid=1001} ---
11809 <... execve resumed>)             = 0
11784 --- SIGURG {si_signo=SIGURG, si_code=SI_TKILL, si_pid=11768, si_uid=1001} ---
11768 tgkill(11768, 11784, SIGURG)      = 0
11784 --- SIGURG {si_signo=SIGURG, si_code=SI_TKILL, si_pid=11768, si_uid=1001} ---
11286 waitid(P_PIDFD, 18,  <unfinished ...>
11775 tgkill(11768, 11779, SIGURG)      = 0
11779 --- SIGURG {si_signo=SIGURG, si_code=SI_TKILL, si_pid=11768, si_uid=1001} ---
11775 tgkill(11768, 11784, SIGURG)      = 0
11784 --- SIGURG {si_signo=SIGURG, si_code=SI_TKILL, si_pid=11768, si_uid=1001} ---
11804 tgkill(11803, 11806, SIGURG)      = 0
11806 --- SIGURG {si_signo=SIGURG, si_code=SI_TKILL, si_pid=11803, si_uid=1001} ---
11774 tgkill(11768, 11768, SIGURG)      = 0
11774 tgkill(11768, 11779, SIGURG)      = 0
11779 --- SIGURG {si_signo=SIGURG, si_code=SI_TKILL, si_pid=11768, si_uid=1001} ---
11774 tgkill(11768, 11775, SIGURG <unfinished ...>
11775 --- SIGURG {si_signo=SIGURG, si_code=SI_TKILL, si_pid=11768, si_uid=1001} ---
11774 <... tgkill resumed>)             = 0
11809 clone(child_stack=0x7442b626c000, flags=CLONE_VM|CLONE_FS|CLONE_FILES|CLONE_SIGHAND|CLONE_THREAD|CLONE_SYSVSEM <unfinished ...>
11768 --- SIGURG {si_signo=SIGURG, si_code=SI_TKILL, si_pid=11768, si_uid=1001} ---
11810 tgkill(11809, 11809, SIGURG)      = 0
11793 tgkill(11792, 11795, SIGURG <unfinished ...>
11809 <... clone resumed>)              = 11810
11793 <... tgkill resumed>)             = 0
11795 --- SIGURG {si_signo=SIGURG, si_code=SI_TKILL, si_pid=11792, si_uid=1001} ---
11809 --- SIGURG {si_signo=SIGURG, si_code=SI_TKILL, si_pid=11809, si_uid=1001} ---
11810 tgkill(11809, 11809, SIGURG)      = 0
11809 --- SIGURG {si_signo=SIGURG, si_code=SI_TKILL, si_pid=11809, si_uid=1001} ---
11810 tgkill(11809, 11809, SIGURG)      = 0
11809 --- SIGURG {si_signo=SIGURG, si_code=SI_TKILL, si_pid=11809, si_uid=1001} ---
11809 clone(child_stack=0x7442b62a4000, flags=CLONE_VM|CLONE_FS|CLONE_FILES|CLONE_SIGHAND|CLONE_THREAD|CLONE_SYSVSEM) = 11811
11809 clone(child_stack=0x7442b62a0000, flags=CLONE_VM|CLONE_FS|CLONE_FILES|CLONE_SIGHAND|CLONE_THREAD|CLONE_SYSVSEM) = 11812
11811 clone(child_stack=0x7442b6318000, flags=CLONE_VM|CLONE_FS|CLONE_FILES|CLONE_SIGHAND|CLONE_THREAD|CLONE_SYSVSEM) = 11813
11774 tgkill(11768, 11784, SIGURG)      = 0
11784 --- SIGURG {si_signo=SIGURG, si_code=SI_TKILL, si_pid=11768, si_uid=1001} ---
11774 tgkill(11768, 11775, SIGURG)      = 0
11775 --- SIGURG {si_signo=SIGURG, si_code=SI_TKILL, si_pid=11768, si_uid=1001} ---
11811 clone(child_stack=0x7442b6314000, flags=CLONE_VM|CLONE_FS|CLONE_FILES|CLONE_SIGHAND|CLONE_THREAD|CLONE_SYSVSEM <unfinished ...>
11804 tgkill(11803, 11808, SIGURG)      = 0
11811 <... clone resumed>)              = 11814
11808 --- SIGURG {si_signo=SIGURG, si_code=SI_TKILL, si_pid=11803, si_uid=1001} ---
11774 tgkill(11768, 11768, SIGURG)      = 0
11768 --- SIGURG {si_signo=SIGURG, si_code=SI_TKILL, si_pid=11768, si_uid=1001} ---
11774 tgkill(11768, 11779, SIGURG)      = 0
11779 --- SIGURG {si_signo=SIGURG, si_code=SI_TKILL, si_pid=11768, si_uid=1001} ---
11774 tgkill(11768, 11775, SIGURG)      = 0
11775 --- SIGURG {si_signo=SIGURG, si_code=SI_TKILL, si_pid=11768, si_uid=1001} ---
11779 tgkill(11768, 11775, SIGURG)      = 0
11775 --- SIGURG {si_signo=SIGURG, si_code=SI_TKILL, si_pid=11768, si_uid=1001} ---
11775 tgkill(11768, 11768, SIGURG)      = 0
11768 --- SIGURG {si_signo=SIGURG, si_code=SI_TKILL, si_pid=11768, si_uid=1001} ---
11775 tgkill(11768, 11779, SIGURG)      = 0
11779 --- SIGURG {si_signo=SIGURG, si_code=SI_TKILL, si_pid=11768, si_uid=1001} ---
11793 tgkill(11792, 11796, SIGURG)      = 0
11796 --- SIGURG {si_signo=SIGURG, si_code=SI_TKILL, si_pid=11792, si_uid=1001} ---
11768 tgkill(11768, 11784, SIGURG)      = 0
11784 --- SIGURG {si_signo=SIGURG, si_code=SI_TKILL, si_pid=11768, si_uid=1001} ---
11795 exit_group(0)                     = ?
11794 +++ exited with 0 +++
11797 +++ exited with 0 +++
11793 +++ exited with 0 +++
11796 +++ exited with 0 +++
11804 tgkill(11803, 11806, SIGURG)      = 0
11806 --- SIGURG {si_signo=SIGURG, si_code=SI_TKILL, si_pid=11803, si_uid=1001} ---
11795 +++ exited with 0 +++
11792 +++ exited with 0 +++
11285 <... waitid resumed>{si_signo=SIGCHLD, si_code=CLD_EXITED, si_pid=11792, si_uid=1001, si_status=0, si_utime=0, si_stime=0}, WEXITED, {ru_utime={tv_sec=0, tv_usec=201239}, ru_stime={tv_sec=0, tv_usec=28602}, ...}) = 0
11285 --- SIGCHLD {si_signo=SIGCHLD, si_code=CLD_EXITED, si_pid=11792, si_uid=1001, si_status=0, si_utime=19 /* 0.19 s */, si_stime=2 /* 0.02 s */} ---
11774 tgkill(11768, 11775, SIGURG)      = 0
11774 tgkill(11768, 11784, SIGURG)      = 0
11784 --- SIGURG {si_signo=SIGURG, si_code=SI_TKILL, si_pid=11768, si_uid=1001} ---
11775 --- SIGURG {si_signo=SIGURG, si_code=SI_TKILL, si_pid=11768, si_uid=1001} ---
11810 tgkill(11809, 11809, SIGURG)      = 0
11809 --- SIGURG {si_signo=SIGURG, si_code=SI_TKILL, si_pid=11809, si_uid=1001} ---
11774 tgkill(11768, 11768, SIGURG)      = 0
11804 tgkill(11803, 11805, SIGURG)      = 0
11805 --- SIGURG {si_signo=SIGURG, si_code=SI_TKILL, si_pid=11803, si_uid=1001} ---
11774 tgkill(11768, 11779, SIGURG)      = 0
11768 --- SIGURG {si_signo=SIGURG, si_code=SI_TKILL, si_pid=11768, si_uid=1001} ---
11779 --- SIGURG {si_signo=SIGURG, si_code=SI_TKILL, si_pid=11768, si_uid=1001} ---
11226 clone(child_stack=NULL, flags=CLONE_VM|CLONE_PIDFD|CLONE_VFORK|SIGCHLD <unfinished ...>
11815 execve("/opt/hostedtoolcache/go/1.27.1/arm64/pkg/tool/linux_arm64/compile", ["/opt/hostedtoolcache/go/1.27.1/a"..., "-o", "/tmp/go-build180265811/b059/_pkg"..., "-trimpath", "/tmp/go-build180265811/b059=>", "-p", "internal/syscall/execenv", "-lang=go1.27", "-std", "-complete", "-buildid", "_slFfpwp5FkRttF8-o80/_slFfpwp5Fk"..., "-goversion", "go1.27.1", "-c=4", "-nolocalimports", "-importcfg", "/tmp/go-build180265811/b059/impo"..., "-pack", "/opt/hostedtoolcache/go/1.27.1/a"...], 0x1f50f245a008 /* 140 vars */ <unfinished ...>
11226 <... clone resumed>, parent_tid=[16]) = 11815
11815 <... execve resumed>)             = 0
11226 waitid(P_PIDFD, 16,  <unfinished ...>
11810 tgkill(11809, 11812, SIGURG)      = 0
11774 tgkill(11768, 11775, SIGURG)      = 0
11774 tgkill(11768, 11784, SIGURG)      = 0
11784 --- SIGURG {si_signo=SIGURG, si_code=SI_TKILL, si_pid=11768, si_uid=1001} ---
11775 --- SIGURG {si_signo=SIGURG, si_code=SI_TKILL, si_pid=11768, si_uid=1001} ---
11812 --- SIGURG {si_signo=SIGURG, si_code=SI_TKILL, si_pid=11809, si_uid=1001} ---
11804 tgkill(11803, 11805, SIGURG)      = 0
11805 --- SIGURG {si_signo=SIGURG, si_code=SI_TKILL, si_pid=11803, si_uid=1001} ---
11810 tgkill(11809, 11809, SIGURG <unfinished ...>
11774 tgkill(11768, 11768, SIGURG)      = 0
11810 <... tgkill resumed>)             = 0
11768 --- SIGURG {si_signo=SIGURG, si_code=SI_TKILL, si_pid=11768, si_uid=1001} ---
11815 clone(child_stack=0x46e1cf5b6000, flags=CLONE_VM|CLONE_FS|CLONE_FILES|CLONE_SIGHAND|CLONE_THREAD|CLONE_SYSVSEM) = 11816
11815 clone(child_stack=0x46e1cf5ee000, flags=CLONE_VM|CLONE_FS|CLONE_FILES|CLONE_SIGHAND|CLONE_THREAD|CLONE_SYSVSEM) = 11817
11809 --- SIGURG {si_signo=SIGURG, si_code=SI_TKILL, si_pid=11809, si_uid=1001} ---
11774 tgkill(11768, 11779, SIGURG <unfinished ...>
11815 clone(child_stack=0x46e1cf5ea000, flags=CLONE_VM|CLONE_FS|CLONE_FILES|CLONE_SIGHAND|CLONE_THREAD|CLONE_SYSVSEM) = 11818
11817 clone(child_stack=0x46e1cf618000, flags=CLONE_VM|CLONE_FS|CLONE_FILES|CLONE_SIGHAND|CLONE_THREAD|CLONE_SYSVSEM) = 11819
11816 tgkill(11815, 11818, SIGURG)      = 0
11818 --- SIGURG {si_signo=SIGURG, si_code=SI_TKILL, si_pid=11815, si_uid=1001} ---
11774 <... tgkill resumed>)             = 0
11779 --- SIGURG {si_signo=SIGURG, si_code=SI_TKILL, si_pid=11768, si_uid=1001} ---
11804 tgkill(11803, 11806, SIGURG)      = 0
11806 --- SIGURG {si_signo=SIGURG, si_code=SI_TKILL, si_pid=11803, si_uid=1001} ---
11816 tgkill(11815, 11815, SIGURG)      = 0
11774 tgkill(11768, 11775, SIGURG)      = 0
11775 --- SIGURG {si_signo=SIGURG, si_code=SI_TKILL, si_pid=11768, si_uid=1001} ---
11815 --- SIGURG {si_signo=SIGURG, si_code=SI_TKILL, si_pid=11815, si_uid=1001} ---
11811 exit_group(0)                     = ?
11814 +++ exited with 0 +++
11813 +++ exited with 0 +++
11812 +++ exited with 0 +++
11811 +++ exited with 0 +++
11810 +++ exited with 0 +++
11809 +++ exited with 0 +++
11285 --- SIGCHLD {si_signo=SIGCHLD, si_code=CLD_EXITED, si_pid=11809, si_uid=1001, si_status=0, si_utime=2 /* 0.02 s */, si_stime=1 /* 0.01 s */} ---
11286 <... waitid resumed>{si_signo=SIGCHLD, si_code=CLD_EXITED, si_pid=11809, si_uid=1001, si_status=0, si_utime=0, si_stime=0}, WEXITED, {ru_utime={tv_sec=0, tv_usec=28007}, ru_stime={tv_sec=0, tv_usec=13337}, ...}) = 0
11804 tgkill(11803, 11805, SIGURG)      = 0
11805 --- SIGURG {si_signo=SIGURG, si_code=SI_TKILL, si_pid=11803, si_uid=1001} ---
11804 tgkill(11803, 11803, SIGURG)      = 0
11803 --- SIGURG {si_signo=SIGURG, si_code=SI_TKILL, si_pid=11803, si_uid=1001} ---
11804 tgkill(11803, 11808, SIGURG)      = 0
11808 --- SIGURG {si_signo=SIGURG, si_code=SI_TKILL, si_pid=11803, si_uid=1001} ---
11804 tgkill(11803, 11806, SIGURG)      = 0
11806 --- SIGURG {si_signo=SIGURG, si_code=SI_TKILL, si_pid=11803, si_uid=1001} ---
11774 tgkill(11768, 11768, SIGURG <unfinished ...>
11819 exit_group(0 <unfinished ...>
11774 <... tgkill resumed>)             = 0
11819 <... exit_group resumed>)         = ?
11818 +++ exited with 0 +++
11768 --- SIGURG {si_signo=SIGURG, si_code=SI_TKILL, si_pid=11768, si_uid=1001} ---
11817 +++ exited with 0 +++
11816 +++ exited with 0 +++
11819 +++ exited with 0 +++
11815 +++ exited with 0 +++
11226 <... waitid resumed>{si_signo=SIGCHLD, si_code=CLD_EXITED, si_pid=11815, si_uid=1001, si_status=0, si_utime=0, si_stime=0}, WEXITED, {ru_utime={tv_sec=0, tv_usec=11991}, ru_stime={tv_sec=0, tv_usec=5139}, ...}) = 0
11285 --- SIGCHLD {si_signo=SIGCHLD, si_code=CLD_EXITED, si_pid=11815, si_uid=1001, si_status=0, si_utime=0, si_stime=0} ---
11804 tgkill(11803, 11805, SIGURG)      = 0
11805 --- SIGURG {si_signo=SIGURG, si_code=SI_TKILL, si_pid=11803, si_uid=1001} ---
11804 tgkill(11803, 11803, SIGURG)      = 0
11804 tgkill(11803, 11808, SIGURG <unfinished ...>
11808 --- SIGURG {si_signo=SIGURG, si_code=SI_TKILL, si_pid=11803, si_uid=1001} ---
11804 <... tgkill resumed>)             = 0
11803 --- SIGURG {si_signo=SIGURG, si_code=SI_TKILL, si_pid=11803, si_uid=1001} ---
11774 tgkill(11768, 11768, SIGURG)      = 0
11768 --- SIGURG {si_signo=SIGURG, si_code=SI_TKILL, si_pid=11768, si_uid=1001} ---
11225 tgkill(11224, 11285, SIGURG)      = 0
11225 tgkill(11224, 11286, SIGURG <unfinished ...>
11286 --- SIGURG {si_signo=SIGURG, si_code=SI_TKILL, si_pid=11224, si_uid=1001} ---
11225 <... tgkill resumed>)             = 0
11285 --- SIGURG {si_signo=SIGURG, si_code=SI_TKILL, si_pid=11224, si_uid=1001} ---
11804 tgkill(11803, 11806, SIGURG <unfinished ...>
11806 --- SIGURG {si_signo=SIGURG, si_code=SI_TKILL, si_pid=11803, si_uid=1001} ---
11804 <... tgkill resumed>)             = 0
11285 clone(child_stack=NULL, flags=CLONE_VM|CLONE_PIDFD|CLONE_VFORK|SIGCHLD <unfinished ...>
11225 tgkill(11224, 11285, SIGURG)      = 0
11820 execve("/opt/hostedtoolcache/go/1.27.1/arm64/pkg/tool/linux_arm64/compile", ["/opt/hostedtoolcache/go/1.27.1/a"..., "-o", "/tmp/go-build180265811/b070/_pkg"..., "-trimpath", "/tmp/go-build180265811/b070=>", "-p", "regexp", "-lang=go1.27", "-std", "-complete", "-buildid", "Brb8s6QPGttxmhx85YD5/Brb8s6QPGtt"..., "-goversion", "go1.27.1", "-c=4", "-nolocalimports", "-importcfg", "/tmp/go-build180265811/b070/impo"..., "-pack", "/opt/hostedtoolcache/go/1.27.1/a"..., "/opt/hostedtoolcache/go/1.27.1/a"..., "/opt/hostedtoolcache/go/1.27.1/a"..., "/opt/hostedtoolcache/go/1.27.1/a"...], 0x1f50f247a488 /* 140 vars */ <unfinished ...>
11285 <... clone resumed>, parent_tid=[7]) = 11820
11820 <... execve resumed>)             = 0
11285 --- SIGURG {si_signo=SIGURG, si_code=SI_TKILL, si_pid=11224, si_uid=1001} ---
11228 waitid(P_PIDFD, 7,  <unfinished ...>
11768 exit_group(0)                     = ?
11784 +++ exited with 0 +++
11777 +++ exited with 0 +++
11774 +++ exited with 0 +++
11776 +++ exited with 0 +++
11779 +++ exited with 0 +++
11775 +++ exited with 0 +++
11804 tgkill(11803, 11803, SIGURG)      = 0
11804 tgkill(11803, 11808, SIGURG <unfinished ...>
11808 --- SIGURG {si_signo=SIGURG, si_code=SI_TKILL, si_pid=11803, si_uid=1001} ---
11804 <... tgkill resumed>)             = 0
11803 --- SIGURG {si_signo=SIGURG, si_code=SI_TKILL, si_pid=11803, si_uid=1001} ---
11804 tgkill(11803, 11806, SIGURG <unfinished ...>
11803 tgkill(11803, 11805, SIGURG <unfinished ...>
11804 <... tgkill resumed>)             = 0
11806 --- SIGURG {si_signo=SIGURG, si_code=SI_TKILL, si_pid=11803, si_uid=1001} ---
11803 <... tgkill resumed>)             = 0
11805 --- SIGURG {si_signo=SIGURG, si_code=SI_TKILL, si_pid=11803, si_uid=1001} ---
11803 tgkill(11803, 11808, SIGURG)      = 0
11808 --- SIGURG {si_signo=SIGURG, si_code=SI_TKILL, si_pid=11803, si_uid=1001} ---
11805 tgkill(11803, 11803, SIGURG)      = 0
11803 --- SIGURG {si_signo=SIGURG, si_code=SI_TKILL, si_pid=11803, si_uid=1001} ---
11805 tgkill(11803, 11803, SIGURG)      = 0
11805 tgkill(11803, 11806, SIGURG)      = 0
11806 --- SIGURG {si_signo=SIGURG, si_code=SI_TKILL, si_pid=11803, si_uid=1001} ---
11803 --- SIGURG {si_signo=SIGURG, si_code=SI_TKILL, si_pid=11803, si_uid=1001} ---
11805 tgkill(11803, 11808, SIGURG)      = 0
11808 --- SIGURG {si_signo=SIGURG, si_code=SI_TKILL, si_pid=11803, si_uid=1001} ---
11805 tgkill(11803, 11806, SIGURG <unfinished ...>
11806 --- SIGURG {si_signo=SIGURG, si_code=SI_TKILL, si_pid=11803, si_uid=1001} ---
11805 <... tgkill resumed>)             = 0
11820 clone(child_stack=0x6a756124e000, flags=CLONE_VM|CLONE_FS|CLONE_FILES|CLONE_SIGHAND|CLONE_THREAD|CLONE_SYSVSEM) = 11821
11820 clone(child_stack=0x6a7561288000, flags=CLONE_VM|CLONE_FS|CLONE_FILES|CLONE_SIGHAND|CLONE_THREAD|CLONE_SYSVSEM) = 11822
11820 clone(child_stack=0x6a7561284000, flags=CLONE_VM|CLONE_FS|CLONE_FILES|CLONE_SIGHAND|CLONE_THREAD|CLONE_SYSVSEM) = 11823
11805 tgkill(11803, 11803, SIGURG)      = 0
11768 +++ exited with 0 +++
11803 --- SIGURG {si_signo=SIGURG, si_code=SI_TKILL, si_pid=11803, si_uid=1001} ---
11229 <... waitid resumed>{si_signo=SIGCHLD, si_code=CLD_EXITED, si_pid=11768, si_uid=1001, si_status=0, si_utime=0, si_stime=0}, WEXITED, {ru_utime={tv_sec=0, tv_usec=748933}, ru_stime={tv_sec=0, tv_usec=52755}, ...}) = 0
11225 --- SIGCHLD {si_signo=SIGCHLD, si_code=CLD_EXITED, si_pid=11768, si_uid=1001, si_status=0, si_utime=79 /* 0.79 s */, si_stime=5 /* 0.05 s */} ---
11805 tgkill(11803, 11808, SIGURG)      = 0
11808 --- SIGURG {si_signo=SIGURG, si_code=SI_TKILL, si_pid=11803, si_uid=1001} ---
11805 tgkill(11803, 11806, SIGURG)      = 0
11806 --- SIGURG {si_signo=SIGURG, si_code=SI_TKILL, si_pid=11803, si_uid=1001} ---
11805 tgkill(11803, 11806, SIGURG)      = 0
11806 --- SIGURG {si_signo=SIGURG, si_code=SI_TKILL, si_pid=11803, si_uid=1001} ---
11226 clone(child_stack=NULL, flags=CLONE_VM|CLONE_PIDFD|CLONE_VFORK|SIGCHLD <unfinished ...>
11824 execve("/opt/hostedtoolcache/go/1.27.1/arm64/pkg/tool/linux_arm64/asm", ["/opt/hostedtoolcache/go/1.27.1/a"..., "-p", "reflect", "-trimpath", "/tmp/go-build180265811/b038=>", "-I", "/tmp/go-build180265811/b038/", "-I", "/opt/hostedtoolcache/go/1.27.1/a"..., "-D", "GOOS_linux", "-D", "GOARCH_arm64", "-std", "-o", "/tmp/go-build180265811/b038/asm_"..., "/opt/hostedtoolcache/go/1.27.1/a"...], 0x1f50f25d1208 /* 140 vars */ <unfinished ...>
11226 <... clone resumed>, parent_tid=[15]) = 11824
11824 <... execve resumed>)             = 0
11226 waitid(P_PIDFD, 15,  <unfinished ...>
11821 tgkill(11820, 11820, SIGURG)      = 0
11820 --- SIGURG {si_signo=SIGURG, si_code=SI_TKILL, si_pid=11820, si_uid=1001} ---
11822 clone(child_stack=0x6a75612d2000, flags=CLONE_VM|CLONE_FS|CLONE_FILES|CLONE_SIGHAND|CLONE_THREAD|CLONE_SYSVSEM) = 11825
11804 tgkill(11803, 11805, SIGURG)      = 0
11805 --- SIGURG {si_signo=SIGURG, si_code=SI_TKILL, si_pid=11803, si_uid=1001} ---
11805 tgkill(11803, 11803, SIGURG)      = 0
11805 tgkill(11803, 11808, SIGURG)      = 0
11803 --- SIGURG {si_signo=SIGURG, si_code=SI_TKILL, si_pid=11803, si_uid=1001} ---
11808 --- SIGURG {si_signo=SIGURG, si_code=SI_TKILL, si_pid=11803, si_uid=1001} ---
11805 tgkill(11803, 11806, SIGURG)      = 0
11806 --- SIGURG {si_signo=SIGURG, si_code=SI_TKILL, si_pid=11803, si_uid=1001} ---
11805 tgkill(11803, 11808, SIGURG <unfinished ...>
11808 --- SIGURG {si_signo=SIGURG, si_code=SI_TKILL, si_pid=11803, si_uid=1001} ---
11805 <... tgkill resumed>)             = 0
11805 tgkill(11803, 11806, SIGURG)      = 0
11806 --- SIGURG {si_signo=SIGURG, si_code=SI_TKILL, si_pid=11803, si_uid=1001} ---
11805 tgkill(11803, 11803, SIGURG)      = 0
11803 --- SIGURG {si_signo=SIGURG, si_code=SI_TKILL, si_pid=11803, si_uid=1001} ---
11824 clone(child_stack=0x31709b684000, flags=CLONE_VM|CLONE_FS|CLONE_FILES|CLONE_SIGHAND|CLONE_THREAD|CLONE_SYSVSEM) = 11826
11805 tgkill(11803, 11803, SIGURG)      = 0
11803 --- SIGURG {si_signo=SIGURG, si_code=SI_TKILL, si_pid=11803, si_uid=1001} ---
11824 clone(child_stack=0x31709b6bc000, flags=CLONE_VM|CLONE_FS|CLONE_FILES|CLONE_SIGHAND|CLONE_THREAD|CLONE_SYSVSEM <unfinished ...>
11805 tgkill(11803, 11808, SIGURG)      = 0
11824 <... clone resumed>)              = 11827
11808 --- SIGURG {si_signo=SIGURG, si_code=SI_TKILL, si_pid=11803, si_uid=1001} ---
11824 clone(child_stack=0x31709b6b8000, flags=CLONE_VM|CLONE_FS|CLONE_FILES|CLONE_SIGHAND|CLONE_THREAD|CLONE_SYSVSEM) = 11828
11805 tgkill(11803, 11808, SIGURG)      = 0
11827 clone(child_stack=0x31709b718000, flags=CLONE_VM|CLONE_FS|CLONE_FILES|CLONE_SIGHAND|CLONE_THREAD|CLONE_SYSVSEM <unfinished ...>
11808 --- SIGURG {si_signo=SIGURG, si_code=SI_TKILL, si_pid=11803, si_uid=1001} ---
11827 <... clone resumed>)              = 11829
11826 tgkill(11824, 11824, SIGURG)      = 0
11824 --- SIGURG {si_signo=SIGURG, si_code=SI_TKILL, si_pid=11824, si_uid=1001} ---
11826 tgkill(11824, 11824, SIGURG)      = 0
11824 --- SIGURG {si_signo=SIGURG, si_code=SI_TKILL, si_pid=11824, si_uid=1001} ---
11826 tgkill(11824, 11824, SIGURG)      = 0
11824 --- SIGURG {si_signo=SIGURG, si_code=SI_TKILL, si_pid=11824, si_uid=1001} ---
11826 tgkill(11824, 11824, SIGURG)      = 0
11824 --- SIGURG {si_signo=SIGURG, si_code=SI_TKILL, si_pid=11824, si_uid=1001} ---
11829 exit_group(0)                     = ?
11829 +++ exited with 0 +++
11828 +++ exited with 0 +++
11826 +++ exited with 0 +++
11827 +++ exited with 0 +++
11824 +++ exited with 0 +++
11229 --- SIGCHLD {si_signo=SIGCHLD, si_code=CLD_EXITED, si_pid=11824, si_uid=1001, si_status=0, si_utime=0, si_stime=0} ---
11226 <... waitid resumed>{si_signo=SIGCHLD, si_code=CLD_EXITED, si_pid=11824, si_uid=1001, si_status=0, si_utime=0, si_stime=0}, WEXITED, {ru_utime={tv_sec=0, tv_usec=1298}, ru_stime={tv_sec=0, tv_usec=6493}, ...}) = 0
11821 tgkill(11820, 11822, SIGURG)      = 0
11822 --- SIGURG {si_signo=SIGURG, si_code=SI_TKILL, si_pid=11820, si_uid=1001} ---
11804 tgkill(11803, 11808, SIGURG)      = 0
11808 --- SIGURG {si_signo=SIGURG, si_code=SI_TKILL, si_pid=11803, si_uid=1001} ---
11225 tgkill(11224, 11229, SIGURG)      = 0
11229 --- SIGURG {si_signo=SIGURG, si_code=SI_TKILL, si_pid=11224, si_uid=1001} ---
11808 exit_group(0)                     = ?
11808 +++ exited with 0 +++
11807 +++ exited with 0 +++
11806 +++ exited with 0 +++
11805 +++ exited with 0 +++
11804 +++ exited with 0 +++
11803 +++ exited with 0 +++
11230 <... waitid resumed>{si_signo=SIGCHLD, si_code=CLD_EXITED, si_pid=11803, si_uid=1001, si_status=0, si_utime=0, si_stime=0}, WEXITED, {ru_utime={tv_sec=0, tv_usec=311748}, ru_stime={tv_sec=0, tv_usec=48115}, ...}) = 0
11226 --- SIGCHLD {si_signo=SIGCHLD, si_code=CLD_EXITED, si_pid=11803, si_uid=1001, si_status=0, si_utime=31 /* 0.31 s */, si_stime=4 /* 0.04 s */} ---
11821 tgkill(11820, 11820, SIGURG)      = 0
11820 --- SIGURG {si_signo=SIGURG, si_code=SI_TKILL, si_pid=11820, si_uid=1001} ---
11225 tgkill(11224, 11286, SIGURG)      = 0
11286 --- SIGURG {si_signo=SIGURG, si_code=SI_TKILL, si_pid=11224, si_uid=1001} ---
11230 clone(child_stack=NULL, flags=CLONE_VM|CLONE_PIDFD|CLONE_VFORK|SIGCHLD <unfinished ...>
11830 execve("/opt/hostedtoolcache/go/1.27.1/arm64/pkg/tool/linux_arm64/compile", ["/opt/hostedtoolcache/go/1.27.1/a"..., "-o", "/tmp/go-build180265811/b036/_pkg"..., "-trimpath", "/tmp/go-build180265811/b036=>", "-p", "internal/fmtsort", "-lang=go1.27", "-std", "-complete", "-buildid", "SoauNJMtg-FT5Tveei3e/SoauNJMtg-F"..., "-goversion", "go1.27.1", "-c=4", "-nolocalimports", "-importcfg", "/tmp/go-build180265811/b036/impo"..., "-pack", "/opt/hostedtoolcache/go/1.27.1/a"...], 0x1f50f275d208 /* 140 vars */ <unfinished ...>
11230 <... clone resumed>, parent_tid=[16]) = 11830
11830 <... execve resumed>)             = 0
11230 waitid(P_PIDFD, 16,  <unfinished ...>
11830 clone(child_stack=0x916d9ea8000, flags=CLONE_VM|CLONE_FS|CLONE_FILES|CLONE_SIGHAND|CLONE_THREAD|CLONE_SYSVSEM) = 11831
11830 clone(child_stack=0x916d9ee0000, flags=CLONE_VM|CLONE_FS|CLONE_FILES|CLONE_SIGHAND|CLONE_THREAD|CLONE_SYSVSEM) = 11832
11831 tgkill(11830, 11830, SIGURG)      = 0
11830 clone(child_stack=0x916d9edc000, flags=CLONE_VM|CLONE_FS|CLONE_FILES|CLONE_SIGHAND|CLONE_THREAD|CLONE_SYSVSEM <unfinished ...>
11226 clone(child_stack=NULL, flags=CLONE_VM|CLONE_PIDFD|CLONE_VFORK|SIGCHLD <unfinished ...>
11830 <... clone resumed>)              = 11833
11830 --- SIGURG {si_signo=SIGURG, si_code=SI_TKILL, si_pid=11830, si_uid=1001} ---
11832 clone(child_stack=0x916d9f18000, flags=CLONE_VM|CLONE_FS|CLONE_FILES|CLONE_SIGHAND|CLONE_THREAD|CLONE_SYSVSEM) = 11835
11834 execve("/opt/hostedtoolcache/go/1.27.1/arm64/pkg/tool/linux_arm64/compile", ["/opt/hostedtoolcache/go/1.27.1/a"..., "-o", "/tmp/go-build180265811/b052/_pkg"..., "-trimpath", "/tmp/go-build180265811/b052=>", "-p", "io/fs", "-lang=go1.27", "-std", "-complete", "-buildid", "lJ0_dQnfUG_B1hTjCBKl/lJ0_dQnfUG_"..., "-goversion", "go1.27.1", "-c=4", "-nolocalimports", "-importcfg", "/tmp/go-build180265811/b052/impo"..., "-pack", "/opt/hostedtoolcache/go/1.27.1/a"..., "/opt/hostedtoolcache/go/1.27.1/a"..., "/opt/hostedtoolcache/go/1.27.1/a"..., "/opt/hostedtoolcache/go/1.27.1/a"..., "/opt/hostedtoolcache/go/1.27.1/a"..., "/opt/hostedtoolcache/go/1.27.1/a"..., "/opt/hostedtoolcache/go/1.27.1/a"..., "/opt/hostedtoolcache/go/1.27.1/a"..., "/opt/hostedtoolcache/go/1.27.1/a"...], 0x1f50f275d208 /* 140 vars */ <unfinished ...>
11226 <... clone resumed>, parent_tid=[17]) = 11834
11834 <... execve resumed>)             = 0
11226 waitid(P_PIDFD, 17,  <unfinished ...>
11229 clone(child_stack=NULL, flags=CLONE_VM|CLONE_PIDFD|CLONE_VFORK|SIGCHLD <unfinished ...>
11821 tgkill(11820, 11822, SIGURG <unfinished ...>
11822 --- SIGURG {si_signo=SIGURG, si_code=SI_TKILL, si_pid=11820, si_uid=1001} ---
11821 <... tgkill resumed>)             = 0
11836 execve("/opt/hostedtoolcache/go/1.27.1/arm64/pkg/tool/linux_arm64/compile", ["/opt/hostedtoolcache/go/1.27.1/a"..., "-o", "/tmp/go-build180265811/b057/_pkg"..., "-trimpath", "/tmp/go-build180265811/b057=>", "-p", "internal/poll", "-lang=go1.27", "-std", "-buildid", "bwo4KAWR9J1EysRAzp75/bwo4KAWR9J1"..., "-goversion", "go1.27.1", "-c=4", "-nolocalimports", "-importcfg", "/tmp/go-build180265811/b057/impo"..., "-pack", "/opt/hostedtoolcache/go/1.27.1/a"..., "/opt/hostedtoolcache/go/1.27.1/a"..., "/opt/hostedtoolcache/go/1.27.1/a"..., "/opt/hostedtoolcache/go/1.27.1/a"..., "/opt/hostedtoolcache/go/1.27.1/a"..., "/opt/hostedtoolcache/go/1.27.1/a"..., "/opt/hostedtoolcache/go/1.27.1/a"..., "/opt/hostedtoolcache/go/1.27.1/a"..., "/opt/hostedtoolcache/go/1.27.1/a"..., "/opt/hostedtoolcache/go/1.27.1/a"..., "/opt/hostedtoolcache/go/1.27.1/a"..., "/opt/hostedtoolcache/go/1.27.1/a"..., "/opt/hostedtoolcache/go/1.27.1/a"..., "/opt/hostedtoolcache/go/1.27.1/a"..., ...], 0x1f50f25d0d88 /* 140 vars */) = 0
11229 <... clone resumed>, parent_tid=[18]) = 11836
11229 waitid(P_PIDFD, 18,  <unfinished ...>
11834 clone(child_stack=0x7c26b0936000, flags=CLONE_VM|CLONE_FS|CLONE_FILES|CLONE_SIGHAND|CLONE_THREAD|CLONE_SYSVSEM) = 11837
11834 clone(child_stack=0x7c26b096e000, flags=CLONE_VM|CLONE_FS|CLONE_FILES|CLONE_SIGHAND|CLONE_THREAD|CLONE_SYSVSEM <unfinished ...>
11837 tgkill(11834, 11834, SIGURG)      = 0
11834 <... clone resumed>)              = 11838
11834 --- SIGURG {si_signo=SIGURG, si_code=SI_TKILL, si_pid=11834, si_uid=1001} ---
11837 tgkill(11834, 11834, SIGURG)      = 0
11834 --- SIGURG {si_signo=SIGURG, si_code=SI_TKILL, si_pid=11834, si_uid=1001} ---
11834 clone(child_stack=0x7c26b096a000, flags=CLONE_VM|CLONE_FS|CLONE_FILES|CLONE_SIGHAND|CLONE_THREAD|CLONE_SYSVSEM) = 11839
11838 clone(child_stack=0x7c26b0998000, flags=CLONE_VM|CLONE_FS|CLONE_FILES|CLONE_SIGHAND|CLONE_THREAD|CLONE_SYSVSEM) = 11840
11831 tgkill(11830, 11830, SIGURG)      = 0
11830 --- SIGURG {si_signo=SIGURG, si_code=SI_TKILL, si_pid=11830, si_uid=1001} ---
11836 clone(child_stack=0x4cf7d9682000, flags=CLONE_VM|CLONE_FS|CLONE_FILES|CLONE_SIGHAND|CLONE_THREAD|CLONE_SYSVSEM) = 11841
11836 clone(child_stack=0x4cf7d96ba000, flags=CLONE_VM|CLONE_FS|CLONE_FILES|CLONE_SIGHAND|CLONE_THREAD|CLONE_SYSVSEM) = 11842
11836 clone(child_stack=0x4cf7d96b6000, flags=CLONE_VM|CLONE_FS|CLONE_FILES|CLONE_SIGHAND|CLONE_THREAD|CLONE_SYSVSEM) = 11843
11837 clone(child_stack=0x7c26b0e88000, flags=CLONE_VM|CLONE_FS|CLONE_FILES|CLONE_SIGHAND|CLONE_THREAD|CLONE_SYSVSEM) = 11844
11836 clone(child_stack=0x4cf7d96de000, flags=CLONE_VM|CLONE_FS|CLONE_FILES|CLONE_SIGHAND|CLONE_THREAD|CLONE_SYSVSEM) = 11845
11842 clone(child_stack=0x4cf7d96da000, flags=CLONE_VM|CLONE_FS|CLONE_FILES|CLONE_SIGHAND|CLONE_THREAD|CLONE_SYSVSEM) = 11846
11821 tgkill(11820, 11820, SIGURG <unfinished ...>
11837 tgkill(11834, 11839, SIGURG)      = 0
11839 --- SIGURG {si_signo=SIGURG, si_code=SI_TKILL, si_pid=11834, si_uid=1001} ---
11821 <... tgkill resumed>)             = 0
11841 tgkill(11836, 11836, SIGURG)      = 0
11836 --- SIGURG {si_signo=SIGURG, si_code=SI_TKILL, si_pid=11836, si_uid=1001} ---
11831 tgkill(11830, 11830, SIGURG)      = 0
11830 --- SIGURG {si_signo=SIGURG, si_code=SI_TKILL, si_pid=11830, si_uid=1001} ---
11831 tgkill(11830, 11832, SIGURG)      = 0
11832 --- SIGURG {si_signo=SIGURG, si_code=SI_TKILL, si_pid=11830, si_uid=1001} ---
11821 tgkill(11820, 11825, SIGURG)      = 0
11825 --- SIGURG {si_signo=SIGURG, si_code=SI_TKILL, si_pid=11820, si_uid=1001} ---
11841 clone(child_stack=0x4cf7d9c10000, flags=CLONE_VM|CLONE_FS|CLONE_FILES|CLONE_SIGHAND|CLONE_THREAD|CLONE_SYSVSEM) = 11847
11820 --- SIGURG {si_signo=SIGURG, si_code=SI_TKILL, si_pid=11820, si_uid=1001} ---
11821 tgkill(11820, 11822, SIGURG)      = 0
11822 --- SIGURG {si_signo=SIGURG, si_code=SI_TKILL, si_pid=11820, si_uid=1001} ---
11841 clone(child_stack=0x4cf7d9c0c000, flags=CLONE_VM|CLONE_FS|CLONE_FILES|CLONE_SIGHAND|CLONE_THREAD|CLONE_SYSVSEM) = 11848
11837 tgkill(11834, 11844, SIGURG <unfinished ...>
11844 --- SIGURG {si_signo=SIGURG, si_code=SI_TKILL, si_pid=11834, si_uid=1001} ---
11837 <... tgkill resumed>)             = 0
11841 tgkill(11836, 11848, SIGURG)      = 0
11848 --- SIGURG {si_signo=SIGURG, si_code=SI_TKILL, si_pid=11836, si_uid=1001} ---
11841 tgkill(11836, 11848, SIGURG)      = 0
11848 --- SIGURG {si_signo=SIGURG, si_code=SI_TKILL, si_pid=11836, si_uid=1001} ---
11837 tgkill(11834, 11844, SIGURG <unfinished ...>
11831 tgkill(11830, 11833, SIGURG)      = 0
11833 --- SIGURG {si_signo=SIGURG, si_code=SI_TKILL, si_pid=11830, si_uid=1001} ---
11837 <... tgkill resumed>)             = 0
11844 --- SIGURG {si_signo=SIGURG, si_code=SI_TKILL, si_pid=11834, si_uid=1001} ---
11821 tgkill(11820, 11820, SIGURG)      = 0
11820 --- SIGURG {si_signo=SIGURG, si_code=SI_TKILL, si_pid=11820, si_uid=1001} ---
11821 tgkill(11820, 11825, SIGURG)      = 0
11825 --- SIGURG {si_signo=SIGURG, si_code=SI_TKILL, si_pid=11820, si_uid=1001} ---
11837 tgkill(11834, 11839, SIGURG <unfinished ...>
11839 --- SIGURG {si_signo=SIGURG, si_code=SI_TKILL, si_pid=11834, si_uid=1001} ---
11837 <... tgkill resumed>)             = 0
11837 tgkill(11834, 11834, SIGURG)      = 0
11837 tgkill(11834, 11838, SIGURG)      = 0
11834 --- SIGURG {si_signo=SIGURG, si_code=SI_TKILL, si_pid=11834, si_uid=1001} ---
11838 --- SIGURG {si_signo=SIGURG, si_code=SI_TKILL, si_pid=11834, si_uid=1001} ---
11821 tgkill(11820, 11823, SIGURG <unfinished ...>
11823 --- SIGURG {si_signo=SIGURG, si_code=SI_TKILL, si_pid=11820, si_uid=1001} ---
11821 <... tgkill resumed>)             = 0
11821 tgkill(11820, 11822, SIGURG)      = 0
11822 --- SIGURG {si_signo=SIGURG, si_code=SI_TKILL, si_pid=11820, si_uid=1001} ---
11831 tgkill(11830, 11833, SIGURG <unfinished ...>
11833 --- SIGURG {si_signo=SIGURG, si_code=SI_TKILL, si_pid=11830, si_uid=1001} ---
11831 <... tgkill resumed>)             = 0
11841 tgkill(11836, 11842, SIGURG)      = 0
11837 tgkill(11834, 11844, SIGURG)      = 0
11844 --- SIGURG {si_signo=SIGURG, si_code=SI_TKILL, si_pid=11834, si_uid=1001} ---
11842 --- SIGURG {si_signo=SIGURG, si_code=SI_TKILL, si_pid=11836, si_uid=1001} ---
11841 tgkill(11836, 11842, SIGURG)      = 0
11842 --- SIGURG {si_signo=SIGURG, si_code=SI_TKILL, si_pid=11836, si_uid=1001} ---
11821 tgkill(11820, 11820, SIGURG)      = 0
11831 tgkill(11830, 11833, SIGURG <unfinished ...>
11821 tgkill(11820, 11825, SIGURG <unfinished ...>
11831 <... tgkill resumed>)             = 0
11835 exit_group(0 <unfinished ...>
11821 <... tgkill resumed>)             = 0
11833 --- SIGURG {si_signo=SIGURG, si_code=SI_TKILL, si_pid=11830, si_uid=1001} ---
11835 <... exit_group resumed>)         = ?
11831 +++ exited with 0 +++
11833 +++ exited with 0 +++
11825 --- SIGURG {si_signo=SIGURG, si_code=SI_TKILL, si_pid=11820, si_uid=1001} ---
11820 --- SIGURG {si_signo=SIGURG, si_code=SI_TKILL, si_pid=11820, si_uid=1001} ---
11832 +++ exited with 0 +++
11835 +++ exited with 0 +++
11830 +++ exited with 0 +++
11231 --- SIGCHLD {si_signo=SIGCHLD, si_code=CLD_EXITED, si_pid=11830, si_uid=1001, si_status=0, si_utime=4 /* 0.04 s */, si_stime=1 /* 0.01 s */} ---
11230 <... waitid resumed>{si_signo=SIGCHLD, si_code=CLD_EXITED, si_pid=11830, si_uid=1001, si_status=0, si_utime=0, si_stime=0}, WEXITED, {ru_utime={tv_sec=0, tv_usec=45015}, ru_stime={tv_sec=0, tv_usec=17148}, ...}) = 0
11841 tgkill(11836, 11847, SIGURG)      = 0
11847 --- SIGURG {si_signo=SIGURG, si_code=SI_TKILL, si_pid=11836, si_uid=1001} ---
11841 tgkill(11836, 11847, SIGURG)      = 0
11847 --- SIGURG {si_signo=SIGURG, si_code=SI_TKILL, si_pid=11836, si_uid=1001} ---
11821 tgkill(11820, 11823, SIGURG <unfinished ...>
11231 clone(child_stack=NULL, flags=CLONE_VM|CLONE_PIDFD|CLONE_VFORK|SIGCHLD <unfinished ...>
11837 tgkill(11834, 11844, SIGURG)      = 0
11225 tgkill(11224, 11231, SIGURG)      = 0
11844 --- SIGURG {si_signo=SIGURG, si_code=SI_TKILL, si_pid=11834, si_uid=1001} ---
11821 <... tgkill resumed>)             = 0
11823 --- SIGURG {si_signo=SIGURG, si_code=SI_TKILL, si_pid=11820, si_uid=1001} ---
11849 execve("/opt/hostedtoolcache/go/1.27.1/arm64/pkg/tool/linux_arm64/compile", ["/opt/hostedtoolcache/go/1.27.1/a"..., "-o", "/tmp/go-build180265811/b065/_pkg"..., "-trimpath", "/tmp/go-build180265811/b065=>", "-p", "context", "-lang=go1.27", "-std", "-complete", "-buildid", "jYM-d33LGuQrJx-DCmJb/jYM-d33LGuQ"..., "-goversion", "go1.27.1", "-c=4", "-nolocalimports", "-importcfg", "/tmp/go-build180265811/b065/impo"..., "-pack", "/opt/hostedtoolcache/go/1.27.1/a"...], 0x1f50f245a008 /* 140 vars */) = 0
11231 <... clone resumed>, parent_tid=[16]) = 11849
11231 --- SIGURG {si_signo=SIGURG, si_code=SI_TKILL, si_pid=11224, si_uid=1001} ---
11285 waitid(P_PIDFD, 16,  <unfinished ...>
11849 clone(child_stack=0x49c19f300000, flags=CLONE_VM|CLONE_FS|CLONE_FILES|CLONE_SIGHAND|CLONE_THREAD|CLONE_SYSVSEM) = 11850
11849 clone(child_stack=0x49c19f338000, flags=CLONE_VM|CLONE_FS|CLONE_FILES|CLONE_SIGHAND|CLONE_THREAD|CLONE_SYSVSEM) = 11851
11849 clone(child_stack=0x49c19f334000, flags=CLONE_VM|CLONE_FS|CLONE_FILES|CLONE_SIGHAND|CLONE_THREAD|CLONE_SYSVSEM) = 11852
11821 tgkill(11820, 11825, SIGURG <unfinished ...>
11825 --- SIGURG {si_signo=SIGURG, si_code=SI_TKILL, si_pid=11820, si_uid=1001} ---
11821 <... tgkill resumed>)             = 0
11837 tgkill(11834, 11838, SIGURG <unfinished ...>
11821 tgkill(11820, 11822, SIGURG)      = 0
11838 --- SIGURG {si_signo=SIGURG, si_code=SI_TKILL, si_pid=11834, si_uid=1001} ---
11837 <... tgkill resumed>)             = 0
11822 --- SIGURG {si_signo=SIGURG, si_code=SI_TKILL, si_pid=11820, si_uid=1001} ---
11851 clone(child_stack=0x49c19f398000, flags=CLONE_VM|CLONE_FS|CLONE_FILES|CLONE_SIGHAND|CLONE_THREAD|CLONE_SYSVSEM) = 11853
11841 tgkill(11836, 11847, SIGURG <unfinished ...>
11847 --- SIGURG {si_signo=SIGURG, si_code=SI_TKILL, si_pid=11836, si_uid=1001} ---
11841 <... tgkill resumed>)             = 0
11839 exit_group(0)                     = ?
11844 +++ exited with 0 +++
11838 +++ exited with 0 +++
11837 +++ exited with 0 +++
11840 +++ exited with 0 +++
11839 +++ exited with 0 +++
11834 +++ exited with 0 +++
11230 --- SIGCHLD {si_signo=SIGCHLD, si_code=CLD_EXITED, si_pid=11834, si_uid=1001, si_status=0, si_utime=7 /* 0.07 s */, si_stime=2 /* 0.02 s */} ---
11226 <... waitid resumed>{si_signo=SIGCHLD, si_code=CLD_EXITED, si_pid=11834, si_uid=1001, si_status=0, si_utime=0, si_stime=0}, WEXITED, {ru_utime={tv_sec=0, tv_usec=71444}, ru_stime={tv_sec=0, tv_usec=20412}, ...}) = 0
11821 tgkill(11820, 11820, SIGURG)      = 0
11820 --- SIGURG {si_signo=SIGURG, si_code=SI_TKILL, si_pid=11820, si_uid=1001} ---
11825 tgkill(11820, 11820, SIGURG)      = 0
11820 --- SIGURG {si_signo=SIGURG, si_code=SI_TKILL, si_pid=11820, si_uid=1001} ---
11823 clone(child_stack=0x6a7561650000, flags=CLONE_VM|CLONE_FS|CLONE_FILES|CLONE_SIGHAND|CLONE_THREAD|CLONE_SYSVSEM) = 11854
11850 tgkill(11849, 11849, SIGURG)      = 0
11849 --- SIGURG {si_signo=SIGURG, si_code=SI_TKILL, si_pid=11849, si_uid=1001} ---
11823 tgkill(11820, 11822, SIGURG)      = 0
11822 --- SIGURG {si_signo=SIGURG, si_code=SI_TKILL, si_pid=11820, si_uid=1001} ---
11822 tgkill(11820, 11854, SIGURG)      = 0
11854 --- SIGURG {si_signo=SIGURG, si_code=SI_TKILL, si_pid=11820, si_uid=1001} ---
11822 tgkill(11820, 11854, SIGURG)      = 0
11854 --- SIGURG {si_signo=SIGURG, si_code=SI_TKILL, si_pid=11820, si_uid=1001} ---
11822 tgkill(11820, 11854, SIGURG)      = 0
11854 --- SIGURG {si_signo=SIGURG, si_code=SI_TKILL, si_pid=11820, si_uid=1001} ---
11225 tgkill(11224, 11230, SIGURG)      = 0
11230 --- SIGURG {si_signo=SIGURG, si_code=SI_TKILL, si_pid=11224, si_uid=1001} ---
11231 clone(child_stack=NULL, flags=CLONE_VM|CLONE_PIDFD|CLONE_VFORK|SIGCHLD <unfinished ...>
11841 tgkill(11836, 11847, SIGURG)      = 0
11847 --- SIGURG {si_signo=SIGURG, si_code=SI_TKILL, si_pid=11836, si_uid=1001} ---
11855 execve("/opt/hostedtoolcache/go/1.27.1/arm64/pkg/tool/linux_arm64/compile", ["/opt/hostedtoolcache/go/1.27.1/a"..., "-o", "/tmp/go-build180265811/b051/_pkg"..., "-trimpath", "/tmp/go-build180265811/b051=>", "-p", "internal/filepathlite", "-lang=go1.27", "-std", "-complete", "-buildid", "oDbma4U_lMUFNCMLk_Kk/oDbma4U_lMU"..., "-goversion", "go1.27.1", "-c=4", "-nolocalimports", "-importcfg", "/tmp/go-build180265811/b051/impo"..., "-pack", "/opt/hostedtoolcache/go/1.27.1/a"..., "/opt/hostedtoolcache/go/1.27.1/a"..., "/opt/hostedtoolcache/go/1.27.1/a"...], 0x1f50f245a908 /* 140 vars */ <unfinished ...>
11231 <... clone resumed>, parent_tid=[17]) = 11855
11855 <... execve resumed>)             = 0
11231 waitid(P_PIDFD, 17,  <unfinished ...>
11850 tgkill(11849, 11852, SIGURG)      = 0
11852 --- SIGURG {si_signo=SIGURG, si_code=SI_TKILL, si_pid=11849, si_uid=1001} ---
11855 clone(child_stack=0x1deb916cc000, flags=CLONE_VM|CLONE_FS|CLONE_FILES|CLONE_SIGHAND|CLONE_THREAD|CLONE_SYSVSEM) = 11856
11855 clone(child_stack=0x1deb91708000, flags=CLONE_VM|CLONE_FS|CLONE_FILES|CLONE_SIGHAND|CLONE_THREAD|CLONE_SYSVSEM) = 11857
11854 exit_group(0 <unfinished ...>
11855 clone(child_stack=0x1deb91704000, flags=CLONE_VM|CLONE_FS|CLONE_FILES|CLONE_SIGHAND|CLONE_THREAD|CLONE_SYSVSEM <unfinished ...>
11854 <... exit_group resumed>)         = ?
11823 +++ exited with 0 +++
11855 <... clone resumed>)              = 11858
11854 +++ exited with 0 +++
11822 +++ exited with 0 +++
11821 +++ exited with 0 +++
11858 clone(child_stack=0x1deb91752000, flags=CLONE_VM|CLONE_FS|CLONE_FILES|CLONE_SIGHAND|CLONE_THREAD|CLONE_SYSVSEM) = 11859
11825 +++ exited with 0 +++
11820 +++ exited with 0 +++
11228 <... waitid resumed>{si_signo=SIGCHLD, si_code=CLD_EXITED, si_pid=11820, si_uid=1001, si_status=0, si_utime=0, si_stime=0}, WEXITED, {ru_utime={tv_sec=0, tv_usec=268169}, ru_stime={tv_sec=0, tv_usec=44192}, ...}) = 0
11285 <... waitid resumed>0x1f50f26e6fb8, WEXITED, 0x1f50f2612120) = ? ERESTARTSYS (To be restarted if SA_RESTART is set)
11228 --- SIGCHLD {si_signo=SIGCHLD, si_code=CLD_EXITED, si_pid=11820, si_uid=1001, si_status=0, si_utime=26 /* 0.26 s */, si_stime=4 /* 0.04 s */} ---
11285 waitid(P_PIDFD, 16,  <unfinished ...>
11225 tgkill(11224, 11228, SIGURG)      = 0
11228 --- SIGURG {si_signo=SIGURG, si_code=SI_TKILL, si_pid=11224, si_uid=1001} ---
11850 tgkill(11849, 11849, SIGURG)      = 0
11849 --- SIGURG {si_signo=SIGURG, si_code=SI_TKILL, si_pid=11849, si_uid=1001} ---
11856 tgkill(11855, 11859, SIGURG <unfinished ...>
11859 --- SIGURG {si_signo=SIGURG, si_code=SI_TKILL, si_pid=11855, si_uid=1001} ---
11856 <... tgkill resumed>)             = 0
11841 tgkill(11836, 11847, SIGURG)      = 0
11841 tgkill(11836, 11846, SIGURG)      = 0
11841 tgkill(11836, 11842, SIGURG)      = 0
11841 tgkill(11836, 11848, SIGURG)      = 0
11848 --- SIGURG {si_signo=SIGURG, si_code=SI_TKILL, si_pid=11836, si_uid=1001} ---
11842 --- SIGURG {si_signo=SIGURG, si_code=SI_TKILL, si_pid=11836, si_uid=1001} ---
11847 --- SIGURG {si_signo=SIGURG, si_code=SI_TKILL, si_pid=11836, si_uid=1001} ---
11846 --- SIGURG {si_signo=SIGURG, si_code=SI_TKILL, si_pid=11836, si_uid=1001} ---
11225 tgkill(11224, 11228, SIGURG)      = 0
11228 --- SIGURG {si_signo=SIGURG, si_code=SI_TKILL, si_pid=11224, si_uid=1001} ---
11856 tgkill(11855, 11859, SIGURG)      = 0
11850 tgkill(11849, 11852, SIGURG)      = 0
11850 tgkill(11849, 11851, SIGURG)      = 0
11850 tgkill(11849, 11853, SIGURG)      = 0
11853 --- SIGURG {si_signo=SIGURG, si_code=SI_TKILL, si_pid=11849, si_uid=1001} ---
11859 --- SIGURG {si_signo=SIGURG, si_code=SI_TKILL, si_pid=11855, si_uid=1001} ---
11856 tgkill(11855, 11859, SIGURG <unfinished ...>
11859 --- SIGURG {si_signo=SIGURG, si_code=SI_TKILL, si_pid=11855, si_uid=1001} ---
11856 <... tgkill resumed>)             = 0
11851 --- SIGURG {si_signo=SIGURG, si_code=SI_TKILL, si_pid=11849, si_uid=1001} ---
11852 --- SIGURG {si_signo=SIGURG, si_code=SI_TKILL, si_pid=11849, si_uid=1001} ---
11850 tgkill(11849, 11849, SIGURG)      = 0
11849 --- SIGURG {si_signo=SIGURG, si_code=SI_TKILL, si_pid=11849, si_uid=1001} ---
11841 tgkill(11836, 11847, SIGURG)      = 0
11841 tgkill(11836, 11846, SIGURG)      = 0
11841 tgkill(11836, 11842, SIGURG)      = 0
11846 --- SIGURG {si_signo=SIGURG, si_code=SI_TKILL, si_pid=11836, si_uid=1001} ---
11842 --- SIGURG {si_signo=SIGURG, si_code=SI_TKILL, si_pid=11836, si_uid=1001} ---
11847 --- SIGURG {si_signo=SIGURG, si_code=SI_TKILL, si_pid=11836, si_uid=1001} ---
11841 tgkill(11836, 11848, SIGURG)      = 0
11848 --- SIGURG {si_signo=SIGURG, si_code=SI_TKILL, si_pid=11836, si_uid=1001} ---
11856 tgkill(11855, 11855, SIGURG)      = 0
11855 --- SIGURG {si_signo=SIGURG, si_code=SI_TKILL, si_pid=11855, si_uid=1001} ---
11857 exit_group(0)                     = ?
11858 +++ exited with 0 +++
11857 +++ exited with 0 +++
11859 +++ exited with 0 +++
11856 +++ exited with 0 +++
11855 +++ exited with 0 +++
11230 --- SIGCHLD {si_signo=SIGCHLD, si_code=CLD_EXITED, si_pid=11855, si_uid=1001, si_status=0, si_utime=2 /* 0.02 s */, si_stime=1 /* 0.01 s */} ---
11231 <... waitid resumed>{si_signo=SIGCHLD, si_code=CLD_EXITED, si_pid=11855, si_uid=1001, si_status=0, si_utime=0, si_stime=0}, WEXITED, {ru_utime={tv_sec=0, tv_usec=26607}, ru_stime={tv_sec=0, tv_usec=11086}, ...}) = 0
11225 tgkill(11224, 11230, SIGURG)      = 0
11230 --- SIGURG {si_signo=SIGURG, si_code=SI_TKILL, si_pid=11224, si_uid=1001} ---
11851 exit_group(0)                     = ?
11853 +++ exited with 0 +++
11852 +++ exited with 0 +++
11851 +++ exited with 0 +++
11850 +++ exited with 0 +++
11849 +++ exited with 0 +++
11226 --- SIGCHLD {si_signo=SIGCHLD, si_code=CLD_EXITED, si_pid=11849, si_uid=1001, si_status=0, si_utime=4 /* 0.04 s */, si_stime=1 /* 0.01 s */} ---
11285 <... waitid resumed>{si_signo=SIGCHLD, si_code=CLD_EXITED, si_pid=11849, si_uid=1001, si_status=0, si_utime=0, si_stime=0}, WEXITED, {ru_utime={tv_sec=0, tv_usec=55873}, ru_stime={tv_sec=0, tv_usec=13683}, ...}) = 0
11841 tgkill(11836, 11846, SIGURG <unfinished ...>
11846 --- SIGURG {si_signo=SIGURG, si_code=SI_TKILL, si_pid=11836, si_uid=1001} ---
11841 <... tgkill resumed>)             = 0
11841 tgkill(11836, 11846, SIGURG)      = 0
11846 --- SIGURG {si_signo=SIGURG, si_code=SI_TKILL, si_pid=11836, si_uid=1001} ---
11842 exit_group(0)                     = ?
11848 +++ exited with 0 +++
11846 +++ exited with 0 +++
11845 +++ exited with 0 +++
11842 +++ exited with 0 +++
11841 +++ exited with 0 +++
11847 +++ exited with 0 +++
11843 +++ exited with 0 +++
11836 +++ exited with 0 +++
11285 --- SIGCHLD {si_signo=SIGCHLD, si_code=CLD_EXITED, si_pid=11836, si_uid=1001, si_status=0, si_utime=15 /* 0.15 s */, si_stime=3 /* 0.03 s */} ---
11229 <... waitid resumed>{si_signo=SIGCHLD, si_code=CLD_EXITED, si_pid=11836, si_uid=1001, si_status=0, si_utime=0, si_stime=0}, WEXITED, {ru_utime={tv_sec=0, tv_usec=154664}, ru_stime={tv_sec=0, tv_usec=29181}, ...}) = 0
11231 clone(child_stack=NULL, flags=CLONE_VM|CLONE_PIDFD|CLONE_VFORK|SIGCHLD <unfinished ...>
11860 execve("/opt/hostedtoolcache/go/1.27.1/arm64/pkg/tool/linux_arm64/compile", ["/opt/hostedtoolcache/go/1.27.1/a"..., "-o", "/tmp/go-build180265811/b050/_pkg"..., "-trimpath", "/tmp/go-build180265811/b050=>", "-p", "os", "-lang=go1.27", "-std", "-buildid", "wkBUzxEx6pS53N6viuzd/wkBUzxEx6pS"..., "-goversion", "go1.27.1", "-c=4", "-nolocalimports", "-importcfg", "/tmp/go-build180265811/b050/impo"..., "-pack", "/opt/hostedtoolcache/go/1.27.1/a"..., "/opt/hostedtoolcache/go/1.27.1/a"..., "/opt/hostedtoolcache/go/1.27.1/a"..., "/opt/hostedtoolcache/go/1.27.1/a"..., "/opt/hostedtoolcache/go/1.27.1/a"..., "/opt/hostedtoolcache/go/1.27.1/a"..., "/opt/hostedtoolcache/go/1.27.1/a"..., "/opt/hostedtoolcache/go/1.27.1/a"..., "/opt/hostedtoolcache/go/1.27.1/a"..., "/opt/hostedtoolcache/go/1.27.1/a"..., "/opt/hostedtoolcache/go/1.27.1/a"..., "/opt/hostedtoolcache/go/1.27.1/a"..., "/opt/hostedtoolcache/go/1.27.1/a"..., "/opt/hostedtoolcache/go/1.27.1/a"..., ...], 0x1f50f25d0908 /* 140 vars */ <unfinished ...>
11231 <... clone resumed>, parent_tid=[12]) = 11860
11860 <... execve resumed>)             = 0
11231 waitid(P_PIDFD, 12,  <unfinished ...>
11860 clone(child_stack=0x39eb9c3d4000, flags=CLONE_VM|CLONE_FS|CLONE_FILES|CLONE_SIGHAND|CLONE_THREAD|CLONE_SYSVSEM) = 11861
11860 clone(child_stack=0x39eb9c410000, flags=CLONE_VM|CLONE_FS|CLONE_FILES|CLONE_SIGHAND|CLONE_THREAD|CLONE_SYSVSEM) = 11862
11861 tgkill(11860, 11860, SIGURG)      = 0
11860 --- SIGURG {si_signo=SIGURG, si_code=SI_TKILL, si_pid=11860, si_uid=1001} ---
11860 clone(child_stack=0x39eb9c40c000, flags=CLONE_VM|CLONE_FS|CLONE_FILES|CLONE_SIGHAND|CLONE_THREAD|CLONE_SYSVSEM) = 11863
11862 clone(child_stack=0x39eb9c430000, flags=CLONE_VM|CLONE_FS|CLONE_FILES|CLONE_SIGHAND|CLONE_THREAD|CLONE_SYSVSEM) = 11864
11861 clone(child_stack=0x39eb9c82c000, flags=CLONE_VM|CLONE_FS|CLONE_FILES|CLONE_SIGHAND|CLONE_THREAD|CLONE_SYSVSEM) = 11865
11861 tgkill(11860, 11863, SIGURG)      = 0
11863 --- SIGURG {si_signo=SIGURG, si_code=SI_TKILL, si_pid=11860, si_uid=1001} ---
11861 tgkill(11860, 11860, SIGURG)      = 0
11860 --- SIGURG {si_signo=SIGURG, si_code=SI_TKILL, si_pid=11860, si_uid=1001} ---
11861 tgkill(11860, 11862, SIGURG <unfinished ...>
11862 --- SIGURG {si_signo=SIGURG, si_code=SI_TKILL, si_pid=11860, si_uid=1001} ---
11861 <... tgkill resumed>)             = 0
11861 tgkill(11860, 11862, SIGURG)      = 0
11862 --- SIGURG {si_signo=SIGURG, si_code=SI_TKILL, si_pid=11860, si_uid=1001} ---
11861 tgkill(11860, 11862, SIGURG <unfinished ...>
11862 --- SIGURG {si_signo=SIGURG, si_code=SI_TKILL, si_pid=11860, si_uid=1001} ---
11861 <... tgkill resumed>)             = 0
11861 tgkill(11860, 11862, SIGURG)      = 0
11862 --- SIGURG {si_signo=SIGURG, si_code=SI_TKILL, si_pid=11860, si_uid=1001} ---
11861 tgkill(11860, 11860, SIGURG)      = 0
11860 --- SIGURG {si_signo=SIGURG, si_code=SI_TKILL, si_pid=11860, si_uid=1001} ---
11861 tgkill(11860, 11863, SIGURG <unfinished ...>
11863 --- SIGURG {si_signo=SIGURG, si_code=SI_TKILL, si_pid=11860, si_uid=1001} ---
11861 <... tgkill resumed>)             = 0
11861 tgkill(11860, 11865, SIGURG <unfinished ...>
11865 --- SIGURG {si_signo=SIGURG, si_code=SI_TKILL, si_pid=11860, si_uid=1001} ---
11861 <... tgkill resumed>)             = 0
11861 tgkill(11860, 11862, SIGURG)      = 0
11862 --- SIGURG {si_signo=SIGURG, si_code=SI_TKILL, si_pid=11860, si_uid=1001} ---
11860 tgkill(11860, 11865, SIGURG)      = 0
11865 --- SIGURG {si_signo=SIGURG, si_code=SI_TKILL, si_pid=11860, si_uid=1001} ---
11860 tgkill(11860, 11862, SIGURG)      = 0
11862 --- SIGURG {si_signo=SIGURG, si_code=SI_TKILL, si_pid=11860, si_uid=1001} ---
11863 tgkill(11860, 11865, SIGURG <unfinished ...>
11865 --- SIGURG {si_signo=SIGURG, si_code=SI_TKILL, si_pid=11860, si_uid=1001} ---
11863 <... tgkill resumed>)             = 0
11863 tgkill(11860, 11860, SIGURG)      = 0
11860 --- SIGURG {si_signo=SIGURG, si_code=SI_TKILL, si_pid=11860, si_uid=1001} ---
11861 tgkill(11860, 11860, SIGURG)      = 0
11860 --- SIGURG {si_signo=SIGURG, si_code=SI_TKILL, si_pid=11860, si_uid=1001} ---
11863 tgkill(11860, 11865, SIGURG)      = 0
11865 --- SIGURG {si_signo=SIGURG, si_code=SI_TKILL, si_pid=11860, si_uid=1001} ---
11863 tgkill(11860, 11862, SIGURG)      = 0
11862 --- SIGURG {si_signo=SIGURG, si_code=SI_TKILL, si_pid=11860, si_uid=1001} ---
11863 tgkill(11860, 11860, SIGURG)      = 0
11860 --- SIGURG {si_signo=SIGURG, si_code=SI_TKILL, si_pid=11860, si_uid=1001} ---
11860 tgkill(11860, 11863, SIGURG)      = 0
11863 --- SIGURG {si_signo=SIGURG, si_code=SI_TKILL, si_pid=11860, si_uid=1001} ---
11860 tgkill(11860, 11865, SIGURG)      = 0
11865 --- SIGURG {si_signo=SIGURG, si_code=SI_TKILL, si_pid=11860, si_uid=1001} ---
11860 tgkill(11860, 11862, SIGURG)      = 0
11862 --- SIGURG {si_signo=SIGURG, si_code=SI_TKILL, si_pid=11860, si_uid=1001} ---
11862 tgkill(11860, 11863, SIGURG)      = 0
11863 --- SIGURG {si_signo=SIGURG, si_code=SI_TKILL, si_pid=11860, si_uid=1001} ---
11862 tgkill(11860, 11865, SIGURG)      = 0
11865 --- SIGURG {si_signo=SIGURG, si_code=SI_TKILL, si_pid=11860, si_uid=1001} ---
11862 tgkill(11860, 11860, SIGURG)      = 0
11860 --- SIGURG {si_signo=SIGURG, si_code=SI_TKILL, si_pid=11860, si_uid=1001} ---
11862 tgkill(11860, 11863, SIGURG)      = 0
11863 --- SIGURG {si_signo=SIGURG, si_code=SI_TKILL, si_pid=11860, si_uid=1001} ---
11862 tgkill(11860, 11865, SIGURG <unfinished ...>
11865 --- SIGURG {si_signo=SIGURG, si_code=SI_TKILL, si_pid=11860, si_uid=1001} ---
11862 <... tgkill resumed>)             = 0
11862 tgkill(11860, 11860, SIGURG)      = 0
11860 --- SIGURG {si_signo=SIGURG, si_code=SI_TKILL, si_pid=11860, si_uid=1001} ---
11861 tgkill(11860, 11865, SIGURG <unfinished ...>
11865 --- SIGURG {si_signo=SIGURG, si_code=SI_TKILL, si_pid=11860, si_uid=1001} ---
11861 <... tgkill resumed>)             = 0
11861 tgkill(11860, 11862, SIGURG <unfinished ...>
11862 --- SIGURG {si_signo=SIGURG, si_code=SI_TKILL, si_pid=11860, si_uid=1001} ---
11861 <... tgkill resumed>)             = 0
11861 tgkill(11860, 11860, SIGURG)      = 0
11860 --- SIGURG {si_signo=SIGURG, si_code=SI_TKILL, si_pid=11860, si_uid=1001} ---
11861 tgkill(11860, 11863, SIGURG)      = 0
11863 --- SIGURG {si_signo=SIGURG, si_code=SI_TKILL, si_pid=11860, si_uid=1001} ---
11861 tgkill(11860, 11863, SIGURG)      = 0
11863 --- SIGURG {si_signo=SIGURG, si_code=SI_TKILL, si_pid=11860, si_uid=1001} ---
11861 tgkill(11860, 11864, SIGURG <unfinished ...>
11864 --- SIGURG {si_signo=SIGURG, si_code=SI_TKILL, si_pid=11860, si_uid=1001} ---
11861 <... tgkill resumed>)             = 0
11861 tgkill(11860, 11864, SIGURG)      = 0
11864 --- SIGURG {si_signo=SIGURG, si_code=SI_TKILL, si_pid=11860, si_uid=1001} ---
11864 exit_group(0)                     = ?
11865 +++ exited with 0 +++
11864 +++ exited with 0 +++
11863 +++ exited with 0 +++
11862 +++ exited with 0 +++
11861 +++ exited with 0 +++
11860 +++ exited with 0 +++
11229 --- SIGCHLD {si_signo=SIGCHLD, si_code=CLD_EXITED, si_pid=11860, si_uid=1001, si_status=0, si_utime=41 /* 0.41 s */, si_stime=5 /* 0.05 s */} ---
11231 <... waitid resumed>{si_signo=SIGCHLD, si_code=CLD_EXITED, si_pid=11860, si_uid=1001, si_status=0, si_utime=0, si_stime=0}, WEXITED, {ru_utime={tv_sec=0, tv_usec=417470}, ru_stime={tv_sec=0, tv_usec=52690}, ...}) = 0
11226 tgkill(11224, 11229, SIGURG)      = 0
11229 --- SIGURG {si_signo=SIGURG, si_code=SI_TKILL, si_pid=11224, si_uid=1001} ---
11231 clone(child_stack=NULL, flags=CLONE_VM|CLONE_PIDFD|CLONE_VFORK|SIGCHLD <unfinished ...>
11226 clone(child_stack=NULL, flags=CLONE_VM|CLONE_PIDFD|CLONE_VFORK|SIGCHLD <unfinished ...>
11285 tgkill(11224, 11226, SIGURG)      = 0
11285 tgkill(11224, 11231, SIGURG)      = 0
11866 execve("/opt/hostedtoolcache/go/1.27.1/arm64/pkg/tool/linux_arm64/compile", ["/opt/hostedtoolcache/go/1.27.1/a"..., "-o", "/tmp/go-build180265811/b068/_pkg"..., "-trimpath", "/tmp/go-build180265811/b068=>", "-p", "path/filepath", "-lang=go1.27", "-std", "-complete", "-buildid", "RnW1z7tg97nNJI8do1zG/RnW1z7tg97n"..., "-goversion", "go1.27.1", "-c=4", "-nolocalimports", "-importcfg", "/tmp/go-build180265811/b068/impo"..., "-pack", "/opt/hostedtoolcache/go/1.27.1/a"..., "/opt/hostedtoolcache/go/1.27.1/a"..., "/opt/hostedtoolcache/go/1.27.1/a"..., "/opt/hostedtoolcache/go/1.27.1/a"..., "/opt/hostedtoolcache/go/1.27.1/a"...], 0x1f50f25d0d88 /* 140 vars */ <unfinished ...>
11231 <... clone resumed>, parent_tid=[13]) = 11866
11231 --- SIGURG {si_signo=SIGURG, si_code=SI_TKILL, si_pid=11224, si_uid=1001} ---
11866 <... execve resumed>)             = 0
11867 execve("/opt/hostedtoolcache/go/1.27.1/arm64/pkg/tool/linux_arm64/compile", ["/opt/hostedtoolcache/go/1.27.1/a"..., "-o", "/tmp/go-build180265811/b002/_pkg"..., "-trimpath", "/tmp/go-build180265811/b002=>", "-p", "fmt", "-lang=go1.27", "-std", "-complete", "-buildid", "DF8lkC6O5o-h6VRhS6vl/DF8lkC6O5o-"..., "-goversion", "go1.27.1", "-c=4", "-nolocalimports", "-importcfg", "/tmp/go-build180265811/b002/impo"..., "-pack", "/opt/hostedtoolcache/go/1.27.1/a"..., "/opt/hostedtoolcache/go/1.27.1/a"..., "/opt/hostedtoolcache/go/1.27.1/a"..., "/opt/hostedtoolcache/go/1.27.1/a"..., "/opt/hostedtoolcache/go/1.27.1/a"...], 0x1f50f245a008 /* 140 vars */ <unfinished ...>
11226 <... clone resumed>, parent_tid=[18]) = 11867
11867 <... execve resumed>)             = 0
11226 --- SIGURG {si_signo=SIGURG, si_code=SI_TKILL, si_pid=11224, si_uid=1001} ---
11286 waitid(P_PIDFD, 13,  <unfinished ...>
11231 tgkill(11224, 11229, SIGURG)      = 0
11229 --- SIGURG {si_signo=SIGURG, si_code=SI_TKILL, si_pid=11224, si_uid=1001} ---
11229 waitid(P_PIDFD, 18,  <unfinished ...>
11866 clone(child_stack=0x35ecafd42000, flags=CLONE_VM|CLONE_FS|CLONE_FILES|CLONE_SIGHAND|CLONE_THREAD|CLONE_SYSVSEM) = 11868
11867 clone(child_stack=0x327a5f12c000, flags=CLONE_VM|CLONE_FS|CLONE_FILES|CLONE_SIGHAND|CLONE_THREAD|CLONE_SYSVSEM) = 11869
11866 clone(child_stack=0x35ecafd7a000, flags=CLONE_VM|CLONE_FS|CLONE_FILES|CLONE_SIGHAND|CLONE_THREAD|CLONE_SYSVSEM) = 11870
11868 tgkill(11866, 11866, SIGURG <unfinished ...>
11867 clone(child_stack=0x327a5f164000, flags=CLONE_VM|CLONE_FS|CLONE_FILES|CLONE_SIGHAND|CLONE_THREAD|CLONE_SYSVSEM <unfinished ...>
11868 <... tgkill resumed>)             = 0
11866 clone(child_stack=0x35ecafd76000, flags=CLONE_VM|CLONE_FS|CLONE_FILES|CLONE_SIGHAND|CLONE_THREAD|CLONE_SYSVSEM <unfinished ...>
11867 <... clone resumed>)              = 11871
11866 <... clone resumed>)              = 11872
11869 tgkill(11867, 11867, SIGURG <unfinished ...>
11866 --- SIGURG {si_signo=SIGURG, si_code=SI_TKILL, si_pid=11866, si_uid=1001} ---
11869 <... tgkill resumed>)             = 0
11867 clone(child_stack=0x327a5f160000, flags=CLONE_VM|CLONE_FS|CLONE_FILES|CLONE_SIGHAND|CLONE_THREAD|CLONE_SYSVSEM <unfinished ...>
11870 clone(child_stack=0x35ecafda8000, flags=CLONE_VM|CLONE_FS|CLONE_FILES|CLONE_SIGHAND|CLONE_THREAD|CLONE_SYSVSEM <unfinished ...>
11867 <... clone resumed>)              = 11873
11866 clone(child_stack=0x35ecafda4000, flags=CLONE_VM|CLONE_FS|CLONE_FILES|CLONE_SIGHAND|CLONE_THREAD|CLONE_SYSVSEM <unfinished ...>
11870 <... clone resumed>)              = 11874
11867 --- SIGURG {si_signo=SIGURG, si_code=SI_TKILL, si_pid=11867, si_uid=1001} ---
11866 <... clone resumed>)              = 11875
11871 clone(child_stack=0x327a5f198000, flags=CLONE_VM|CLONE_FS|CLONE_FILES|CLONE_SIGHAND|CLONE_THREAD|CLONE_SYSVSEM) = 11876
11869 clone(child_stack=0x327a5f5a4000, flags=CLONE_VM|CLONE_FS|CLONE_FILES|CLONE_SIGHAND|CLONE_THREAD|CLONE_SYSVSEM) = 11877
11869 tgkill(11867, 11876, SIGURG <unfinished ...>
11876 --- SIGURG {si_signo=SIGURG, si_code=SI_TKILL, si_pid=11867, si_uid=1001} ---
11869 <... tgkill resumed>)             = 0
11868 tgkill(11866, 11866, SIGURG)      = 0
11866 --- SIGURG {si_signo=SIGURG, si_code=SI_TKILL, si_pid=11866, si_uid=1001} ---
11868 tgkill(11866, 11872, SIGURG)      = 0
11872 --- SIGURG {si_signo=SIGURG, si_code=SI_TKILL, si_pid=11866, si_uid=1001} ---
11869 tgkill(11867, 11876, SIGURG <unfinished ...>
11876 --- SIGURG {si_signo=SIGURG, si_code=SI_TKILL, si_pid=11867, si_uid=1001} ---
11869 <... tgkill resumed>)             = 0
11868 tgkill(11866, 11875, SIGURG)      = 0
11868 tgkill(11866, 11874, SIGURG)      = 0
11874 --- SIGURG {si_signo=SIGURG, si_code=SI_TKILL, si_pid=11866, si_uid=1001} ---
11868 tgkill(11866, 11866, SIGURG)      = 0
11866 --- SIGURG {si_signo=SIGURG, si_code=SI_TKILL, si_pid=11866, si_uid=1001} ---
11875 --- SIGURG {si_signo=SIGURG, si_code=SI_TKILL, si_pid=11866, si_uid=1001} ---
11869 tgkill(11867, 11876, SIGURG <unfinished ...>
11876 --- SIGURG {si_signo=SIGURG, si_code=SI_TKILL, si_pid=11867, si_uid=1001} ---
11869 <... tgkill resumed>)             = 0
11874 exit_group(0)                     = ?
11875 +++ exited with 0 +++
11874 +++ exited with 0 +++
11870 +++ exited with 0 +++
11868 +++ exited with 0 +++
11872 +++ exited with 0 +++
11866 +++ exited with 0 +++
11286 <... waitid resumed>{si_signo=SIGCHLD, si_code=CLD_EXITED, si_pid=11866, si_uid=1001, si_status=0, si_utime=0, si_stime=0}, WEXITED, {ru_utime={tv_sec=0, tv_usec=63864}, ru_stime={tv_sec=0, tv_usec=16516}, ...}) = 0
11285 --- SIGCHLD {si_signo=SIGCHLD, si_code=CLD_EXITED, si_pid=11866, si_uid=1001, si_status=0, si_utime=5 /* 0.05 s */, si_stime=1 /* 0.01 s */} ---
11285 clone(child_stack=NULL, flags=CLONE_VM|CLONE_PIDFD|CLONE_VFORK|SIGCHLD <unfinished ...>
11878 execve("/opt/hostedtoolcache/go/1.27.1/arm64/pkg/tool/linux_arm64/compile", ["/opt/hostedtoolcache/go/1.27.1/a"..., "-o", "/tmp/go-build180265811/b064/_pkg"..., "-trimpath", "/tmp/go-build180265811/b064=>", "-p", "os/exec", "-lang=go1.27", "-std", "-complete", "-buildid", "uOkOmIumLBCnVGqhQBLT/uOkOmIumLBC"..., "-goversion", "go1.27.1", "-c=4", "-nolocalimports", "-importcfg", "/tmp/go-build180265811/b064/impo"..., "-pack", "/opt/hostedtoolcache/go/1.27.1/a"..., "/opt/hostedtoolcache/go/1.27.1/a"..., "/opt/hostedtoolcache/go/1.27.1/a"..., "/opt/hostedtoolcache/go/1.27.1/a"...], 0x1f50f25d0488 /* 140 vars */) = 0
11285 <... clone resumed>, parent_tid=[12]) = 11878
11285 waitid(P_PIDFD, 12,  <unfinished ...>
11878 clone(child_stack=0x22b6601d0000, flags=CLONE_VM|CLONE_FS|CLONE_FILES|CLONE_SIGHAND|CLONE_THREAD|CLONE_SYSVSEM) = 11879
11878 clone(child_stack=0x22b660208000, flags=CLONE_VM|CLONE_FS|CLONE_FILES|CLONE_SIGHAND|CLONE_THREAD|CLONE_SYSVSEM <unfinished ...>
11879 tgkill(11878, 11878, SIGURG)      = 0
11878 <... clone resumed>)              = 11880
11878 --- SIGURG {si_signo=SIGURG, si_code=SI_TKILL, si_pid=11878, si_uid=1001} ---
11878 clone(child_stack=0x22b660204000, flags=CLONE_VM|CLONE_FS|CLONE_FILES|CLONE_SIGHAND|CLONE_THREAD|CLONE_SYSVSEM) = 11881
11878 clone(child_stack=0x22b66022a000, flags=CLONE_VM|CLONE_FS|CLONE_FILES|CLONE_SIGHAND|CLONE_THREAD|CLONE_SYSVSEM) = 11882
11869 tgkill(11867, 11877, SIGURG)      = 0
11877 --- SIGURG {si_signo=SIGURG, si_code=SI_TKILL, si_pid=11867, si_uid=1001} ---
11869 tgkill(11867, 11873, SIGURG <unfinished ...>
11873 --- SIGURG {si_signo=SIGURG, si_code=SI_TKILL, si_pid=11867, si_uid=1001} ---
11869 <... tgkill resumed>)             = 0
11879 tgkill(11878, 11881, SIGURG)      = 0
11881 --- SIGURG {si_signo=SIGURG, si_code=SI_TKILL, si_pid=11878, si_uid=1001} ---
11869 tgkill(11867, 11876, SIGURG <unfinished ...>
11876 --- SIGURG {si_signo=SIGURG, si_code=SI_TKILL, si_pid=11867, si_uid=1001} ---
11869 <... tgkill resumed>)             = 0
11869 tgkill(11867, 11867, SIGURG)      = 0
11867 --- SIGURG {si_signo=SIGURG, si_code=SI_TKILL, si_pid=11867, si_uid=1001} ---
11879 tgkill(11878, 11880, SIGURG <unfinished ...>
11880 --- SIGURG {si_signo=SIGURG, si_code=SI_TKILL, si_pid=11878, si_uid=1001} ---
11879 <... tgkill resumed>)             = 0
11869 tgkill(11867, 11877, SIGURG)      = 0
11869 tgkill(11867, 11873, SIGURG <unfinished ...>
11873 --- SIGURG {si_signo=SIGURG, si_code=SI_TKILL, si_pid=11867, si_uid=1001} ---
11869 <... tgkill resumed>)             = 0
11877 --- SIGURG {si_signo=SIGURG, si_code=SI_TKILL, si_pid=11867, si_uid=1001} ---
11869 tgkill(11867, 11876, SIGURG)      = 0
11876 --- SIGURG {si_signo=SIGURG, si_code=SI_TKILL, si_pid=11867, si_uid=1001} ---
11869 tgkill(11867, 11867, SIGURG)      = 0
11867 --- SIGURG {si_signo=SIGURG, si_code=SI_TKILL, si_pid=11867, si_uid=1001} ---
11869 tgkill(11867, 11873, SIGURG)      = 0
11873 --- SIGURG {si_signo=SIGURG, si_code=SI_TKILL, si_pid=11867, si_uid=1001} ---
11879 tgkill(11878, 11880, SIGURG)      = 0
11880 --- SIGURG {si_signo=SIGURG, si_code=SI_TKILL, si_pid=11878, si_uid=1001} ---
11869 tgkill(11867, 11876, SIGURG)      = 0
11876 --- SIGURG {si_signo=SIGURG, si_code=SI_TKILL, si_pid=11867, si_uid=1001} ---
11880 exit_group(0)                     = ?
11880 +++ exited with 0 +++
11881 +++ exited with 0 +++
11882 +++ exited with 0 +++
11879 +++ exited with 0 +++
11876 exit_group(0)                     = ?
11877 +++ exited with 0 +++
11876 +++ exited with 0 +++
11873 +++ exited with 0 +++
11871 +++ exited with 0 +++
11878 +++ exited with 0 +++
11286 --- SIGCHLD {si_signo=SIGCHLD, si_code=CLD_EXITED, si_pid=11878, si_uid=1001, si_status=0, si_utime=8 /* 0.08 s */, si_stime=1 /* 0.01 s */} ---
11285 <... waitid resumed>{si_signo=SIGCHLD, si_code=CLD_EXITED, si_pid=11878, si_uid=1001, si_status=0, si_utime=0, si_stime=0}, WEXITED, {ru_utime={tv_sec=0, tv_usec=78855}, ru_stime={tv_sec=0, tv_usec=17523}, ...}) = 0
11869 +++ exited with 0 +++
11867 +++ exited with 0 +++
11286 --- SIGCHLD {si_signo=SIGCHLD, si_code=CLD_EXITED, si_pid=11867, si_uid=1001, si_status=0, si_utime=19 /* 0.19 s */, si_stime=4 /* 0.04 s */} ---
11229 <... waitid resumed>{si_signo=SIGCHLD, si_code=CLD_EXITED, si_pid=11867, si_uid=1001, si_status=0, si_utime=0, si_stime=0}, WEXITED, {ru_utime={tv_sec=0, tv_usec=199018}, ru_stime={tv_sec=0, tv_usec=46947}, ...}) = 0
11286 clone(child_stack=NULL, flags=CLONE_VM|CLONE_PIDFD|CLONE_VFORK|SIGCHLD <unfinished ...>
11883 execve("/opt/hostedtoolcache/go/1.27.1/arm64/pkg/tool/linux_arm64/compile", ["/opt/hostedtoolcache/go/1.27.1/a"..., "-o", "/tmp/go-build180265811/b061/_pkg"..., "-trimpath", "/tmp/go-build180265811/b061=>", "-p", "github.com/type-rb/type-rb-nativ"..., "-lang=go1.27", "-complete", "-buildid", "4y6OVBAumdxkqktEq3rh/4y6OVBAumdx"..., "-goversion", "go1.27.1", "-c=4", "-nolocalimports", "-importcfg", "/tmp/go-build180265811/b061/impo"..., "-pack", "/tmp/trb-build-2818038236/trb/st"...], 0x1f50f245a908 /* 140 vars */ <unfinished ...>
11286 <... clone resumed>, parent_tid=[13]) = 11883
11883 <... execve resumed>)             = 0
11286 waitid(P_PIDFD, 13,  <unfinished ...>
11883 clone(child_stack=0x7659b13b2000, flags=CLONE_VM|CLONE_FS|CLONE_FILES|CLONE_SIGHAND|CLONE_THREAD|CLONE_SYSVSEM) = 11884
11883 clone(child_stack=0x7659b13ea000, flags=CLONE_VM|CLONE_FS|CLONE_FILES|CLONE_SIGHAND|CLONE_THREAD|CLONE_SYSVSEM) = 11885
11884 tgkill(11883, 11883, SIGURG)      = 0
11883 clone(child_stack=0x7659b13e6000, flags=CLONE_VM|CLONE_FS|CLONE_FILES|CLONE_SIGHAND|CLONE_THREAD|CLONE_SYSVSEM) = 11886
11883 --- SIGURG {si_signo=SIGURG, si_code=SI_TKILL, si_pid=11883, si_uid=1001} ---
11885 clone(child_stack=0x7659b1418000, flags=CLONE_VM|CLONE_FS|CLONE_FILES|CLONE_SIGHAND|CLONE_THREAD|CLONE_SYSVSEM) = 11887
11884 tgkill(11883, 11883, SIGURG)      = 0
11883 --- SIGURG {si_signo=SIGURG, si_code=SI_TKILL, si_pid=11883, si_uid=1001} ---
11886 exit_group(0)                     = ?
11887 +++ exited with 0 +++
11886 +++ exited with 0 +++
11885 +++ exited with 0 +++
11884 +++ exited with 0 +++
11883 +++ exited with 0 +++
11286 <... waitid resumed>{si_signo=SIGCHLD, si_code=CLD_EXITED, si_pid=11883, si_uid=1001, si_status=0, si_utime=0, si_stime=0}, WEXITED, {ru_utime={tv_sec=0, tv_usec=22925}, ru_stime={tv_sec=0, tv_usec=9378}, ...}) = 0
11229 --- SIGCHLD {si_signo=SIGCHLD, si_code=CLD_EXITED, si_pid=11883, si_uid=1001, si_status=0, si_utime=2 /* 0.02 s */, si_stime=0} ---
11229 clone(child_stack=NULL, flags=CLONE_VM|CLONE_PIDFD|CLONE_VFORK|SIGCHLD <unfinished ...>
11888 execve("/opt/hostedtoolcache/go/1.27.1/arm64/pkg/tool/linux_arm64/compile", ["/opt/hostedtoolcache/go/1.27.1/a"..., "-o", "/tmp/go-build180265811/b001/_pkg"..., "-trimpath", "/tmp/go-build180265811/b001=>", "-p", "main", "-lang=go1.27", "-complete", "-buildid", "S844gn3i4t3YctuOUmiX/S844gn3i4t3"..., "-goversion", "go1.27.1", "-c=4", "-nolocalimports", "-importcfg", "/tmp/go-build180265811/b001/impo"..., "-pack", "/tmp/trb-build-2818038236/main.g"...], 0x1f50f25d0908 /* 140 vars */ <unfinished ...>
11229 <... clone resumed>, parent_tid=[12]) = 11888
11888 <... execve resumed>)             = 0
11229 waitid(P_PIDFD, 12,  <unfinished ...>
11888 clone(child_stack=0x1ac017faa000, flags=CLONE_VM|CLONE_FS|CLONE_FILES|CLONE_SIGHAND|CLONE_THREAD|CLONE_SYSVSEM) = 11889
11888 clone(child_stack=0x1ac017fe2000, flags=CLONE_VM|CLONE_FS|CLONE_FILES|CLONE_SIGHAND|CLONE_THREAD|CLONE_SYSVSEM) = 11890
11889 tgkill(11888, 11888, SIGURG)      = 0
11888 clone(child_stack=0x1ac017fde000, flags=CLONE_VM|CLONE_FS|CLONE_FILES|CLONE_SIGHAND|CLONE_THREAD|CLONE_SYSVSEM) = 11891
11888 --- SIGURG {si_signo=SIGURG, si_code=SI_TKILL, si_pid=11888, si_uid=1001} ---
11890 clone(child_stack=0x1ac018096000, flags=CLONE_VM|CLONE_FS|CLONE_FILES|CLONE_SIGHAND|CLONE_THREAD|CLONE_SYSVSEM) = 11892
11889 tgkill(11888, 11892, SIGURG)      = 0
11892 --- SIGURG {si_signo=SIGURG, si_code=SI_TKILL, si_pid=11888, si_uid=1001} ---
11889 tgkill(11888, 11888, SIGURG)      = 0
11888 --- SIGURG {si_signo=SIGURG, si_code=SI_TKILL, si_pid=11888, si_uid=1001} ---
11891 exit_group(0)                     = ?
11892 +++ exited with 0 +++
11891 +++ exited with 0 +++
11890 +++ exited with 0 +++
11889 +++ exited with 0 +++
11888 +++ exited with 0 +++
11285 --- SIGCHLD {si_signo=SIGCHLD, si_code=CLD_EXITED, si_pid=11888, si_uid=1001, si_status=0, si_utime=2 /* 0.02 s */, si_stime=1 /* 0.01 s */} ---
11229 <... waitid resumed>{si_signo=SIGCHLD, si_code=CLD_EXITED, si_pid=11888, si_uid=1001, si_status=0, si_utime=0, si_stime=0}, WEXITED, {ru_utime={tv_sec=0, tv_usec=26429}, ru_stime={tv_sec=0, tv_usec=12686}, ...}) = 0
11285 clone(child_stack=NULL, flags=CLONE_VM|CLONE_PIDFD|CLONE_VFORK|SIGCHLD <unfinished ...>
11893 execve("/opt/hostedtoolcache/go/1.27.1/arm64/pkg/tool/linux_arm64/link", ["/opt/hostedtoolcache/go/1.27.1/a"..., "-V=full"], 0x1f50f275d208 /* 139 vars */ <unfinished ...>
11285 <... clone resumed>, parent_tid=[14]) = 11893
11893 <... execve resumed>)             = 0
11285 waitid(P_PIDFD, 14,  <unfinished ...>
11893 clone(child_stack=0x7fb2467a8000, flags=CLONE_VM|CLONE_FS|CLONE_FILES|CLONE_SIGHAND|CLONE_THREAD|CLONE_SYSVSEM) = 11894
11894 tgkill(11893, 11893, SIGURG)      = 0
11893 --- SIGURG {si_signo=SIGURG, si_code=SI_TKILL, si_pid=11893, si_uid=1001} ---
11893 clone(child_stack=0x7fb2467de000, flags=CLONE_VM|CLONE_FS|CLONE_FILES|CLONE_SIGHAND|CLONE_THREAD|CLONE_SYSVSEM) = 11895
11893 clone(child_stack=0x7fb2467da000, flags=CLONE_VM|CLONE_FS|CLONE_FILES|CLONE_SIGHAND|CLONE_THREAD|CLONE_SYSVSEM) = 11896
11895 clone(child_stack=0x7fb246818000, flags=CLONE_VM|CLONE_FS|CLONE_FILES|CLONE_SIGHAND|CLONE_THREAD|CLONE_SYSVSEM) = 11897
11893 exit_group(0)                     = ?
11897 +++ exited with 0 +++
11896 +++ exited with 0 +++
11895 +++ exited with 0 +++
11894 +++ exited with 0 +++
11893 +++ exited with 0 +++
11285 <... waitid resumed>{si_signo=SIGCHLD, si_code=CLD_EXITED, si_pid=11893, si_uid=1001, si_status=0, si_utime=0, si_stime=0}, WEXITED, {ru_utime={tv_sec=0, tv_usec=2579}, ru_stime={tv_sec=0, tv_usec=3869}, ...}) = 0
11229 --- SIGCHLD {si_signo=SIGCHLD, si_code=CLD_EXITED, si_pid=11893, si_uid=1001, si_status=0, si_utime=0, si_stime=0} ---
11229 clone(child_stack=NULL, flags=CLONE_VM|CLONE_PIDFD|CLONE_VFORK|SIGCHLD <unfinished ...>
11898 execve("/opt/hostedtoolcache/go/1.27.1/arm64/pkg/tool/linux_arm64/link", ["/opt/hostedtoolcache/go/1.27.1/a"..., "-o", "/tmp/go-build180265811/b001/exe/"..., "-importcfg", "/tmp/go-build180265811/b001/impo"..., "-buildmode=exe", "-buildid=mJ9MhdEVymPH_X-rjdls/S8"..., "-extld=gcc", "/tmp/go-build180265811/b001/_pkg"...], 0x1f50f247a488 /* 140 vars */ <unfinished ...>
11229 <... clone resumed>, parent_tid=[12]) = 11898
11898 <... execve resumed>)             = 0
11229 waitid(P_PIDFD, 12,  <unfinished ...>
11898 clone(child_stack=0xa0440302000, flags=CLONE_VM|CLONE_FS|CLONE_FILES|CLONE_SIGHAND|CLONE_THREAD|CLONE_SYSVSEM) = 11899
11898 clone(child_stack=0xa044033a000, flags=CLONE_VM|CLONE_FS|CLONE_FILES|CLONE_SIGHAND|CLONE_THREAD|CLONE_SYSVSEM) = 11900
11899 tgkill(11898, 11898, SIGURG)      = 0
11898 clone(child_stack=0xa0440336000, flags=CLONE_VM|CLONE_FS|CLONE_FILES|CLONE_SIGHAND|CLONE_THREAD|CLONE_SYSVSEM) = 11901
11898 --- SIGURG {si_signo=SIGURG, si_code=SI_TKILL, si_pid=11898, si_uid=1001} ---
11900 clone(child_stack=0xa0440398000, flags=CLONE_VM|CLONE_FS|CLONE_FILES|CLONE_SIGHAND|CLONE_THREAD|CLONE_SYSVSEM <unfinished ...>
11898 clone(child_stack=0xa0440394000, flags=CLONE_VM|CLONE_FS|CLONE_FILES|CLONE_SIGHAND|CLONE_THREAD|CLONE_SYSVSEM <unfinished ...>
11900 <... clone resumed>)              = 11902
11898 <... clone resumed>)              = 11903
11903 tgkill(11898, 11898, SIGURG)      = 0
11898 --- SIGURG {si_signo=SIGURG, si_code=SI_TKILL, si_pid=11898, si_uid=1001} ---
11903 tgkill(11898, 11898, SIGURG)      = 0
11898 --- SIGURG {si_signo=SIGURG, si_code=SI_TKILL, si_pid=11898, si_uid=1001} ---
11903 tgkill(11898, 11902, SIGURG)      = 0
11902 --- SIGURG {si_signo=SIGURG, si_code=SI_TKILL, si_pid=11898, si_uid=1001} ---
11903 tgkill(11898, 11902, SIGURG)      = 0
11902 --- SIGURG {si_signo=SIGURG, si_code=SI_TKILL, si_pid=11898, si_uid=1001} ---
11898 tgkill(11898, 11902, SIGURG)      = 0
11902 --- SIGURG {si_signo=SIGURG, si_code=SI_TKILL, si_pid=11898, si_uid=1001} ---
11899 tgkill(11898, 11902, SIGURG <unfinished ...>
11902 --- SIGURG {si_signo=SIGURG, si_code=SI_TKILL, si_pid=11898, si_uid=1001} ---
11899 <... tgkill resumed>)             = 0
11902 tgkill(11898, 11898, SIGURG)      = 0
11898 --- SIGURG {si_signo=SIGURG, si_code=SI_TKILL, si_pid=11898, si_uid=1001} ---
11902 tgkill(11898, 11900, SIGURG)      = 0
11900 --- SIGURG {si_signo=SIGURG, si_code=SI_TKILL, si_pid=11898, si_uid=1001} ---
11902 tgkill(11898, 11903, SIGURG <unfinished ...>
11903 --- SIGURG {si_signo=SIGURG, si_code=SI_TKILL, si_pid=11898, si_uid=1001} ---
11902 <... tgkill resumed>)             = 0
11902 tgkill(11898, 11903, SIGURG)      = 0
11903 --- SIGURG {si_signo=SIGURG, si_code=SI_TKILL, si_pid=11898, si_uid=1001} ---
11902 tgkill(11898, 11903, SIGURG)      = 0
11903 --- SIGURG {si_signo=SIGURG, si_code=SI_TKILL, si_pid=11898, si_uid=1001} ---
11899 tgkill(11898, 11903, SIGURG <unfinished ...>
11903 --- SIGURG {si_signo=SIGURG, si_code=SI_TKILL, si_pid=11898, si_uid=1001} ---
11899 <... tgkill resumed>)             = 0
11898 tgkill(11898, 11903, SIGURG)      = 0
11903 --- SIGURG {si_signo=SIGURG, si_code=SI_TKILL, si_pid=11898, si_uid=1001} ---
11898 tgkill(11898, 11902, SIGURG <unfinished ...>
11902 --- SIGURG {si_signo=SIGURG, si_code=SI_TKILL, si_pid=11898, si_uid=1001} ---
11898 <... tgkill resumed>)             = 0
11898 tgkill(11898, 11903, SIGURG)      = 0
11903 --- SIGURG {si_signo=SIGURG, si_code=SI_TKILL, si_pid=11898, si_uid=1001} ---
11898 tgkill(11898, 11903, SIGURG)      = 0
11903 --- SIGURG {si_signo=SIGURG, si_code=SI_TKILL, si_pid=11898, si_uid=1001} ---
11899 tgkill(11898, 11903, SIGURG)      = 0
11903 --- SIGURG {si_signo=SIGURG, si_code=SI_TKILL, si_pid=11898, si_uid=1001} ---
11902 tgkill(11898, 11903, SIGURG)      = 0
11903 --- SIGURG {si_signo=SIGURG, si_code=SI_TKILL, si_pid=11898, si_uid=1001} ---
11902 tgkill(11898, 11900, SIGURG <unfinished ...>
11898 tgkill(11898, 11903, SIGURG <unfinished ...>
11902 <... tgkill resumed>)             = 0
11898 <... tgkill resumed>)             = 0
11900 --- SIGURG {si_signo=SIGURG, si_code=SI_TKILL, si_pid=11898, si_uid=1001} ---
11903 --- SIGURG {si_signo=SIGURG, si_code=SI_TKILL, si_pid=11898, si_uid=1001} ---
11900 tgkill(11898, 11902, SIGURG)      = 0
11902 --- SIGURG {si_signo=SIGURG, si_code=SI_TKILL, si_pid=11898, si_uid=1001} ---
11900 tgkill(11898, 11903, SIGURG)      = 0
11903 --- SIGURG {si_signo=SIGURG, si_code=SI_TKILL, si_pid=11898, si_uid=1001} ---
11900 tgkill(11898, 11903, SIGURG)      = 0
11903 --- SIGURG {si_signo=SIGURG, si_code=SI_TKILL, si_pid=11898, si_uid=1001} ---
11900 tgkill(11898, 11903, SIGURG)      = 0
11903 --- SIGURG {si_signo=SIGURG, si_code=SI_TKILL, si_pid=11898, si_uid=1001} ---
11898 exit_group(0)                     = ?
11903 +++ exited with 0 +++
11902 +++ exited with 0 +++
11901 +++ exited with 0 +++
11899 +++ exited with 0 +++
11900 +++ exited with 0 +++
11898 +++ exited with 0 +++
11229 <... waitid resumed>{si_signo=SIGCHLD, si_code=CLD_EXITED, si_pid=11898, si_uid=1001, si_status=0, si_utime=0, si_stime=0}, WEXITED, {ru_utime={tv_sec=0, tv_usec=89663}, ru_stime={tv_sec=0, tv_usec=39850}, ...}) = 0
11285 --- SIGCHLD {si_signo=SIGCHLD, si_code=CLD_EXITED, si_pid=11898, si_uid=1001, si_status=0, si_utime=9 /* 0.09 s */, si_stime=4 /* 0.04 s */} ---
11225 tgkill(11224, 11229, SIGURG)      = 0
11229 --- SIGURG {si_signo=SIGURG, si_code=SI_TKILL, si_pid=11224, si_uid=1001} ---
11225 tgkill(11224, 11229, SIGURG <unfinished ...>
11229 --- SIGURG {si_signo=SIGURG, si_code=SI_TKILL, si_pid=11224, si_uid=1001} ---
11225 <... tgkill resumed>)             = 0
11225 tgkill(11224, 11230, SIGURG)      = 0
11230 --- SIGURG {si_signo=SIGURG, si_code=SI_TKILL, si_pid=11224, si_uid=1001} ---
11286 exit_group(0)                     = ?
11286 +++ exited with 0 +++
11285 +++ exited with 0 +++
11231 +++ exited with 0 +++
11230 +++ exited with 0 +++
11229 +++ exited with 0 +++
11228 +++ exited with 0 +++
11227 +++ exited with 0 +++
11226 +++ exited with 0 +++
11225 +++ exited with 0 +++
11224 +++ exited with 0 +++
11215 <... waitid resumed>{si_signo=SIGCHLD, si_code=CLD_EXITED, si_pid=11224, si_uid=1001, si_status=0, si_utime=0, si_stime=0}, WEXITED, {ru_utime={tv_sec=8, tv_usec=941938}, ru_stime={tv_sec=2, tv_usec=209325}, ...}) = 0
11215 --- SIGCHLD {si_signo=SIGCHLD, si_code=CLD_EXITED, si_pid=11224, si_uid=1001, si_status=0, si_utime=26 /* 0.26 s */, si_stime=60 /* 0.60 s */} ---
11216 tgkill(11215, 11215, SIGURG)      = 0
11215 --- SIGURG {si_signo=SIGURG, si_code=SI_TKILL, si_pid=11215, si_uid=1001} ---
11222 exit_group(0)                     = ?
11222 +++ exited with 0 +++
11219 +++ exited with 0 +++
11218 +++ exited with 0 +++
11221 +++ exited with 0 +++
11220 +++ exited with 0 +++
11216 +++ exited with 0 +++
11217 +++ exited with 0 +++
11215 +++ exited with 0 +++
