9496  execve("/home/runner/work/_temp/trb", ["/home/runner/work/_temp/trb", "build", "--compile", "--config", "/home/runner/work/type-rb-native"..., "--outfile", "/home/runner/work/_temp/build-wo"...], 0xfffff6e08788 /* 116 vars */) = 0
9496  clone3({flags=CLONE_VM|CLONE_FS|CLONE_FILES|CLONE_SIGHAND|CLONE_THREAD|CLONE_SYSVSEM|CLONE_SETTLS|CLONE_PARENT_SETTID|CLONE_CHILD_CLEARTID, child_tid=0xff071f55f250, parent_tid=0xff071f55f250, exit_signal=0, stack=0xff071e550000, stack_size=0x100ea40, tls=0xff071f55f8c0} => {parent_tid=[9497]}, 88) = 9497
9496  clone3({flags=CLONE_VM|CLONE_FS|CLONE_FILES|CLONE_SIGHAND|CLONE_THREAD|CLONE_SYSVSEM|CLONE_SETTLS|CLONE_PARENT_SETTID|CLONE_CHILD_CLEARTID, child_tid=0xff07163ff250, parent_tid=0xff07163ff250, exit_signal=0, stack=0xff07153f0000, stack_size=0x100ea40, tls=0xff07163ff8c0} => {parent_tid=[9498]}, 88) = 9498
9496  clone3({flags=CLONE_VM|CLONE_FS|CLONE_FILES|CLONE_SIGHAND|CLONE_THREAD|CLONE_SYSVSEM|CLONE_SETTLS|CLONE_PARENT_SETTID|CLONE_CHILD_CLEARTID, child_tid=0xff071e54f250, parent_tid=0xff071e54f250, exit_signal=0, stack=0xff071d540000, stack_size=0x100ea40, tls=0xff071e54f8c0} => {parent_tid=[9499]}, 88) = 9499
9498  clone3({flags=CLONE_VM|CLONE_FS|CLONE_FILES|CLONE_SIGHAND|CLONE_THREAD|CLONE_SYSVSEM|CLONE_SETTLS|CLONE_PARENT_SETTID|CLONE_CHILD_CLEARTID, child_tid=0xff071d4ff250, parent_tid=0xff071d4ff250, exit_signal=0, stack=0xff071c4f0000, stack_size=0x100ea40, tls=0xff071d4ff8c0} => {parent_tid=[9500]}, 88) = 9500
9496  clone3({flags=CLONE_VM|CLONE_FS|CLONE_FILES|CLONE_SIGHAND|CLONE_THREAD|CLONE_SYSVSEM|CLONE_SETTLS|CLONE_PARENT_SETTID|CLONE_CHILD_CLEARTID, child_tid=0xff0717fff250, parent_tid=0xff0717fff250, exit_signal=0, stack=0xff0716ff0000, stack_size=0x100ea40, tls=0xff0717fff8c0} => {parent_tid=[9501]}, 88) = 9501
9499  tgkill(9496, 9496, SIGURG <unfinished ...>
9496  --- SIGURG {si_signo=SIGURG, si_code=SI_TKILL, si_pid=9496, si_uid=1001} ---
9499  <... tgkill resumed>)             = 0
9496  tgkill(9496, 9498, SIGURG)        = 0
9498  --- SIGURG {si_signo=SIGURG, si_code=SI_TKILL, si_pid=9496, si_uid=1001} ---
9496  tgkill(9496, 9500, SIGURG)        = 0
9500  --- SIGURG {si_signo=SIGURG, si_code=SI_TKILL, si_pid=9496, si_uid=1001} ---
9496  tgkill(9496, 9500, SIGURG)        = 0
9500  --- SIGURG {si_signo=SIGURG, si_code=SI_TKILL, si_pid=9496, si_uid=1001} ---
9496  tgkill(9496, 9500, SIGURG)        = 0
9500  --- SIGURG {si_signo=SIGURG, si_code=SI_TKILL, si_pid=9496, si_uid=1001} ---
9498  tgkill(9496, 9500, SIGURG)        = 0
9500  --- SIGURG {si_signo=SIGURG, si_code=SI_TKILL, si_pid=9496, si_uid=1001} ---
9498  tgkill(9496, 9500, SIGURG <unfinished ...>
9500  --- SIGURG {si_signo=SIGURG, si_code=SI_TKILL, si_pid=9496, si_uid=1001} ---
9498  <... tgkill resumed>)             = 0
9498  tgkill(9496, 9496, SIGURG)        = 0
9496  --- SIGURG {si_signo=SIGURG, si_code=SI_TKILL, si_pid=9496, si_uid=1001} ---
9498  tgkill(9496, 9499, SIGURG)        = 0
9499  --- SIGURG {si_signo=SIGURG, si_code=SI_TKILL, si_pid=9496, si_uid=1001} ---
9499  tgkill(9496, 9500, SIGURG <unfinished ...>
9500  --- SIGURG {si_signo=SIGURG, si_code=SI_TKILL, si_pid=9496, si_uid=1001} ---
9499  <... tgkill resumed>)             = 0
9498  tgkill(9496, 9499, SIGURG)        = 0
9499  --- SIGURG {si_signo=SIGURG, si_code=SI_TKILL, si_pid=9496, si_uid=1001} ---
9498  tgkill(9496, 9496, SIGURG)        = 0
9496  --- SIGURG {si_signo=SIGURG, si_code=SI_TKILL, si_pid=9496, si_uid=1001} ---
9499  clone3({flags=CLONE_VM|CLONE_FS|CLONE_FILES|CLONE_SIGHAND|CLONE_THREAD|CLONE_SYSVSEM|CLONE_SETTLS|CLONE_PARENT_SETTID|CLONE_CHILD_CLEARTID, child_tid=0xff07153ef250, parent_tid=0xff07153ef250, exit_signal=0, stack=0xff07143e0000, stack_size=0x100ea40, tls=0xff07153ef8c0} => {parent_tid=[9502]}, 88) = 9502
9500  clone3({flags=CLONE_VM|CLONE_FS|CLONE_FILES|CLONE_SIGHAND|CLONE_THREAD|CLONE_SYSVSEM|CLONE_SETTLS|CLONE_PARENT_SETTID|CLONE_CHILD_CLEARTID, child_tid=0xff0707fff250, parent_tid=0xff0707fff250, exit_signal=0, stack=0xff0706ff0000, stack_size=0x100ea40, tls=0xff0707fff8c0} => {parent_tid=[9503]}, 88) = 9503
9500  waitid(P_PIDFD, 7, 0x7cd06b12cf98, WEXITED, NULL) = -1 ECHILD (No child processes)
9500  pidfd_send_signal(7, 0, NULL, 0)  = 0
9500  clone(child_stack=NULL, flags=CLONE_VM|CLONE_PIDFD|CLONE_VFORK <unfinished ...>
9504  exit_group(0)                     = ?
9504  +++ exited with 0 +++
9500  <... clone resumed>, parent_tid=[8]) = 9504
9500  waitid(P_PIDFD, 8, {si_signo=SIGCHLD, si_code=CLD_EXITED, si_pid=9504, si_uid=1001, si_status=0, si_utime=0, si_stime=0}, WEXITED|__WCLONE, NULL) = 0
9500  clone(child_stack=NULL, flags=CLONE_VM|CLONE_PIDFD|CLONE_VFORK|SIGCHLD <unfinished ...>
9505  execve("/opt/hostedtoolcache/go/1.27.0/arm64/bin/go", ["go", "build", "-mod=mod", "-o", "/home/runner/work/_temp/build-wo"..., "."], 0x7cd06ae24808 /* 116 vars */ <unfinished ...>
9500  <... clone resumed>, parent_tid=[9]) = 9505
9500  waitid(P_PIDFD, 9,  <unfinished ...>
9505  <... execve resumed>)             = 0
9505  clone(child_stack=0xf30a9192000, flags=CLONE_VM|CLONE_FS|CLONE_FILES|CLONE_SIGHAND|CLONE_THREAD|CLONE_SYSVSEM) = 9506
9505  clone(child_stack=0xf30a91c8000, flags=CLONE_VM|CLONE_FS|CLONE_FILES|CLONE_SIGHAND|CLONE_THREAD|CLONE_SYSVSEM) = 9507
9506  tgkill(9505, 9505, SIGURG)        = 0
9505  --- SIGURG {si_signo=SIGURG, si_code=SI_TKILL, si_pid=9505, si_uid=1001} ---
9507  clone(child_stack=0xf30a91c4000, flags=CLONE_VM|CLONE_FS|CLONE_FILES|CLONE_SIGHAND|CLONE_THREAD|CLONE_SYSVSEM <unfinished ...>
9506  tgkill(9505, 9505, SIGURG)        = 0
9505  clone(child_stack=0xf30a91d8000, flags=CLONE_VM|CLONE_FS|CLONE_FILES|CLONE_SIGHAND|CLONE_THREAD|CLONE_SYSVSEM <unfinished ...>
9507  <... clone resumed>)              = 9508
9505  <... clone resumed>)              = 9509
9505  --- SIGURG {si_signo=SIGURG, si_code=SI_TKILL, si_pid=9505, si_uid=1001} ---
9506  tgkill(9505, 9505, SIGURG)        = 0
9505  --- SIGURG {si_signo=SIGURG, si_code=SI_TKILL, si_pid=9505, si_uid=1001} ---
9506  tgkill(9505, 9505, SIGURG)        = 0
9505  --- SIGURG {si_signo=SIGURG, si_code=SI_TKILL, si_pid=9505, si_uid=1001} ---
9506  tgkill(9505, 9505, SIGURG)        = 0
9505  --- SIGURG {si_signo=SIGURG, si_code=SI_TKILL, si_pid=9505, si_uid=1001} ---
9506  clone(child_stack=0xf30a948e000, flags=CLONE_VM|CLONE_FS|CLONE_FILES|CLONE_SIGHAND|CLONE_THREAD|CLONE_SYSVSEM) = 9510
9509  tgkill(9505, 9507, SIGURG)        = 0
9507  --- SIGURG {si_signo=SIGURG, si_code=SI_TKILL, si_pid=9505, si_uid=1001} ---
9509  clone(child_stack=0xf30a95ce000, flags=CLONE_VM|CLONE_FS|CLONE_FILES|CLONE_SIGHAND|CLONE_THREAD|CLONE_SYSVSEM) = 9511
9506  tgkill(9505, 9508, SIGURG)        = 0
9508  --- SIGURG {si_signo=SIGURG, si_code=SI_TKILL, si_pid=9505, si_uid=1001} ---
9505  tgkill(9505, 9510, SIGURG <unfinished ...>
9510  --- SIGURG {si_signo=SIGURG, si_code=SI_TKILL, si_pid=9505, si_uid=1001} ---
9505  <... tgkill resumed>)             = 0
9505  tgkill(9505, 9509, SIGURG <unfinished ...>
9509  --- SIGURG {si_signo=SIGURG, si_code=SI_TKILL, si_pid=9505, si_uid=1001} ---
9505  <... tgkill resumed>)             = 0
9505  tgkill(9505, 9508, SIGURG)        = 0
9508  --- SIGURG {si_signo=SIGURG, si_code=SI_TKILL, si_pid=9505, si_uid=1001} ---
9505  tgkill(9505, 9511, SIGURG)        = 0
9511  --- SIGURG {si_signo=SIGURG, si_code=SI_TKILL, si_pid=9505, si_uid=1001} ---
9505  tgkill(9505, 9508, SIGURG)        = 0
9508  --- SIGURG {si_signo=SIGURG, si_code=SI_TKILL, si_pid=9505, si_uid=1001} ---
9505  tgkill(9505, 9509, SIGURG)        = 0
9509  --- SIGURG {si_signo=SIGURG, si_code=SI_TKILL, si_pid=9505, si_uid=1001} ---
9505  tgkill(9505, 9507, SIGURG)        = 0
9507  --- SIGURG {si_signo=SIGURG, si_code=SI_TKILL, si_pid=9505, si_uid=1001} ---
9505  tgkill(9505, 9508, SIGURG)        = 0
9508  --- SIGURG {si_signo=SIGURG, si_code=SI_TKILL, si_pid=9505, si_uid=1001} ---
9505  tgkill(9505, 9510, SIGURG)        = 0
9510  --- SIGURG {si_signo=SIGURG, si_code=SI_TKILL, si_pid=9505, si_uid=1001} ---
9505  tgkill(9505, 9508, SIGURG <unfinished ...>
9508  --- SIGURG {si_signo=SIGURG, si_code=SI_TKILL, si_pid=9505, si_uid=1001} ---
9505  <... tgkill resumed>)             = 0
9510  tgkill(9505, 9509, SIGURG)        = 0
9509  --- SIGURG {si_signo=SIGURG, si_code=SI_TKILL, si_pid=9505, si_uid=1001} ---
9510  tgkill(9505, 9508, SIGURG)        = 0
9508  --- SIGURG {si_signo=SIGURG, si_code=SI_TKILL, si_pid=9505, si_uid=1001} ---
9508  tgkill(9505, 9505, SIGURG)        = 0
9505  --- SIGURG {si_signo=SIGURG, si_code=SI_TKILL, si_pid=9505, si_uid=1001} ---
9511  tgkill(9505, 9508, SIGURG)        = 0
9508  --- SIGURG {si_signo=SIGURG, si_code=SI_TKILL, si_pid=9505, si_uid=1001} ---
9511  tgkill(9505, 9508, SIGURG)        = 0
9508  --- SIGURG {si_signo=SIGURG, si_code=SI_TKILL, si_pid=9505, si_uid=1001} ---
9511  clone(child_stack=0xf30a95ca000, flags=CLONE_VM|CLONE_FS|CLONE_FILES|CLONE_SIGHAND|CLONE_THREAD|CLONE_SYSVSEM) = 9512
9512  tgkill(9505, 9511, SIGURG)        = 0
9511  --- SIGURG {si_signo=SIGURG, si_code=SI_TKILL, si_pid=9505, si_uid=1001} ---
9512  tgkill(9505, 9505, SIGURG)        = 0
9505  --- SIGURG {si_signo=SIGURG, si_code=SI_TKILL, si_pid=9505, si_uid=1001} ---
9512  tgkill(9505, 9507, SIGURG)        = 0
9507  --- SIGURG {si_signo=SIGURG, si_code=SI_TKILL, si_pid=9505, si_uid=1001} ---
9512  tgkill(9505, 9505, SIGURG)        = 0
9505  --- SIGURG {si_signo=SIGURG, si_code=SI_TKILL, si_pid=9505, si_uid=1001} ---
9512  tgkill(9505, 9507, SIGURG)        = 0
9507  --- SIGURG {si_signo=SIGURG, si_code=SI_TKILL, si_pid=9505, si_uid=1001} ---
9506  tgkill(9505, 9511, SIGURG)        = 0
9511  --- SIGURG {si_signo=SIGURG, si_code=SI_TKILL, si_pid=9505, si_uid=1001} ---
9510  tgkill(9505, 9512, SIGURG)        = 0
9512  --- SIGURG {si_signo=SIGURG, si_code=SI_TKILL, si_pid=9505, si_uid=1001} ---
9510  tgkill(9505, 9511, SIGURG)        = 0
9511  --- SIGURG {si_signo=SIGURG, si_code=SI_TKILL, si_pid=9505, si_uid=1001} ---
9511  tgkill(9505, 9507, SIGURG)        = 0
9507  --- SIGURG {si_signo=SIGURG, si_code=SI_TKILL, si_pid=9505, si_uid=1001} ---
9508  tgkill(9505, 9505, SIGURG)        = 0
9505  --- SIGURG {si_signo=SIGURG, si_code=SI_TKILL, si_pid=9505, si_uid=1001} ---
9508  tgkill(9505, 9511, SIGURG)        = 0
9511  --- SIGURG {si_signo=SIGURG, si_code=SI_TKILL, si_pid=9505, si_uid=1001} ---
9505  tgkill(9505, 9510, SIGURG <unfinished ...>
9510  --- SIGURG {si_signo=SIGURG, si_code=SI_TKILL, si_pid=9505, si_uid=1001} ---
9505  <... tgkill resumed>)             = 0
9508  tgkill(9505, 9510, SIGURG)        = 0
9510  --- SIGURG {si_signo=SIGURG, si_code=SI_TKILL, si_pid=9505, si_uid=1001} ---
9508  tgkill(9505, 9511, SIGURG)        = 0
9511  --- SIGURG {si_signo=SIGURG, si_code=SI_TKILL, si_pid=9505, si_uid=1001} ---
9508  tgkill(9505, 9505, SIGURG)        = 0
9505  --- SIGURG {si_signo=SIGURG, si_code=SI_TKILL, si_pid=9505, si_uid=1001} ---
9508  tgkill(9505, 9511, SIGURG)        = 0
9511  --- SIGURG {si_signo=SIGURG, si_code=SI_TKILL, si_pid=9505, si_uid=1001} ---
9508  tgkill(9505, 9505, SIGURG)        = 0
9505  --- SIGURG {si_signo=SIGURG, si_code=SI_TKILL, si_pid=9505, si_uid=1001} ---
9508  tgkill(9505, 9510, SIGURG)        = 0
9510  --- SIGURG {si_signo=SIGURG, si_code=SI_TKILL, si_pid=9505, si_uid=1001} ---
9508  tgkill(9505, 9511, SIGURG)        = 0
9511  --- SIGURG {si_signo=SIGURG, si_code=SI_TKILL, si_pid=9505, si_uid=1001} ---
9508  tgkill(9505, 9511, SIGURG)        = 0
9511  --- SIGURG {si_signo=SIGURG, si_code=SI_TKILL, si_pid=9505, si_uid=1001} ---
9508  tgkill(9505, 9505, SIGURG)        = 0
9505  --- SIGURG {si_signo=SIGURG, si_code=SI_TKILL, si_pid=9505, si_uid=1001} ---
9508  tgkill(9505, 9510, SIGURG)        = 0
9510  --- SIGURG {si_signo=SIGURG, si_code=SI_TKILL, si_pid=9505, si_uid=1001} ---
9512  tgkill(9505, 9510, SIGURG)        = 0
9510  --- SIGURG {si_signo=SIGURG, si_code=SI_TKILL, si_pid=9505, si_uid=1001} ---
9507  tgkill(9505, 9512, SIGURG)        = 0
9512  --- SIGURG {si_signo=SIGURG, si_code=SI_TKILL, si_pid=9505, si_uid=1001} ---
9507  tgkill(9505, 9511, SIGURG)        = 0
9511  --- SIGURG {si_signo=SIGURG, si_code=SI_TKILL, si_pid=9505, si_uid=1001} ---
9507  tgkill(9505, 9505, SIGURG)        = 0
9505  --- SIGURG {si_signo=SIGURG, si_code=SI_TKILL, si_pid=9505, si_uid=1001} ---
9507  tgkill(9505, 9512, SIGURG)        = 0
9512  --- SIGURG {si_signo=SIGURG, si_code=SI_TKILL, si_pid=9505, si_uid=1001} ---
9507  tgkill(9505, 9505, SIGURG)        = 0
9505  --- SIGURG {si_signo=SIGURG, si_code=SI_TKILL, si_pid=9505, si_uid=1001} ---
9507  tgkill(9505, 9505, SIGURG)        = 0
9505  --- SIGURG {si_signo=SIGURG, si_code=SI_TKILL, si_pid=9505, si_uid=1001} ---
9507  tgkill(9505, 9512, SIGURG)        = 0
9512  --- SIGURG {si_signo=SIGURG, si_code=SI_TKILL, si_pid=9505, si_uid=1001} ---
9505  tgkill(9505, 9508, SIGURG)        = 0
9508  --- SIGURG {si_signo=SIGURG, si_code=SI_TKILL, si_pid=9505, si_uid=1001} ---
9510  tgkill(9505, 9507, SIGURG)        = 0
9507  --- SIGURG {si_signo=SIGURG, si_code=SI_TKILL, si_pid=9505, si_uid=1001} ---
9505  tgkill(9505, 9510, SIGURG)        = 0
9510  --- SIGURG {si_signo=SIGURG, si_code=SI_TKILL, si_pid=9505, si_uid=1001} ---
9505  tgkill(9505, 9512, SIGURG)        = 0
9512  --- SIGURG {si_signo=SIGURG, si_code=SI_TKILL, si_pid=9505, si_uid=1001} ---
9505  tgkill(9505, 9510, SIGURG)        = 0
9510  --- SIGURG {si_signo=SIGURG, si_code=SI_TKILL, si_pid=9505, si_uid=1001} ---
9506  tgkill(9505, 9512, SIGURG)        = 0
9512  --- SIGURG {si_signo=SIGURG, si_code=SI_TKILL, si_pid=9505, si_uid=1001} ---
9506  tgkill(9505, 9510, SIGURG)        = 0
9510  --- SIGURG {si_signo=SIGURG, si_code=SI_TKILL, si_pid=9505, si_uid=1001} ---
9505  tgkill(9505, 9512, SIGURG)        = 0
9512  --- SIGURG {si_signo=SIGURG, si_code=SI_TKILL, si_pid=9505, si_uid=1001} ---
9506  tgkill(9505, 9508, SIGURG)        = 0
9508  --- SIGURG {si_signo=SIGURG, si_code=SI_TKILL, si_pid=9505, si_uid=1001} ---
9506  tgkill(9505, 9510, SIGURG)        = 0
9510  --- SIGURG {si_signo=SIGURG, si_code=SI_TKILL, si_pid=9505, si_uid=1001} ---
9506  tgkill(9505, 9505, SIGURG)        = 0
9505  --- SIGURG {si_signo=SIGURG, si_code=SI_TKILL, si_pid=9505, si_uid=1001} ---
9506  tgkill(9505, 9510, SIGURG <unfinished ...>
9510  --- SIGURG {si_signo=SIGURG, si_code=SI_TKILL, si_pid=9505, si_uid=1001} ---
9506  <... tgkill resumed>)             = 0
9505  tgkill(9505, 9510, SIGURG)        = 0
9510  --- SIGURG {si_signo=SIGURG, si_code=SI_TKILL, si_pid=9505, si_uid=1001} ---
9505  tgkill(9505, 9512, SIGURG)        = 0
9512  --- SIGURG {si_signo=SIGURG, si_code=SI_TKILL, si_pid=9505, si_uid=1001} ---
9505  tgkill(9505, 9512, SIGURG)        = 0
9512  --- SIGURG {si_signo=SIGURG, si_code=SI_TKILL, si_pid=9505, si_uid=1001} ---
9506  tgkill(9505, 9512, SIGURG)        = 0
9512  --- SIGURG {si_signo=SIGURG, si_code=SI_TKILL, si_pid=9505, si_uid=1001} ---
9506  tgkill(9505, 9512, SIGURG)        = 0
9512  --- SIGURG {si_signo=SIGURG, si_code=SI_TKILL, si_pid=9505, si_uid=1001} ---
9506  tgkill(9505, 9505, SIGURG)        = 0
9505  --- SIGURG {si_signo=SIGURG, si_code=SI_TKILL, si_pid=9505, si_uid=1001} ---
9512  tgkill(9505, 9505, SIGURG)        = 0
9505  --- SIGURG {si_signo=SIGURG, si_code=SI_TKILL, si_pid=9505, si_uid=1001} ---
9507  tgkill(9505, 9511, SIGURG)        = 0
9511  --- SIGURG {si_signo=SIGURG, si_code=SI_TKILL, si_pid=9505, si_uid=1001} ---
9507  tgkill(9505, 9512, SIGURG)        = 0
9512  --- SIGURG {si_signo=SIGURG, si_code=SI_TKILL, si_pid=9505, si_uid=1001} ---
9507  tgkill(9505, 9508, SIGURG)        = 0
9508  --- SIGURG {si_signo=SIGURG, si_code=SI_TKILL, si_pid=9505, si_uid=1001} ---
9506  tgkill(9505, 9507, SIGURG <unfinished ...>
9507  --- SIGURG {si_signo=SIGURG, si_code=SI_TKILL, si_pid=9505, si_uid=1001} ---
9506  <... tgkill resumed>)             = 0
9508  tgkill(9505, 9511, SIGURG)        = 0
9511  --- SIGURG {si_signo=SIGURG, si_code=SI_TKILL, si_pid=9505, si_uid=1001} ---
9508  tgkill(9505, 9512, SIGURG)        = 0
9512  --- SIGURG {si_signo=SIGURG, si_code=SI_TKILL, si_pid=9505, si_uid=1001} ---
9512  tgkill(9505, 9508, SIGURG)        = 0
9508  --- SIGURG {si_signo=SIGURG, si_code=SI_TKILL, si_pid=9505, si_uid=1001} ---
9512  tgkill(9505, 9508, SIGURG)        = 0
9508  --- SIGURG {si_signo=SIGURG, si_code=SI_TKILL, si_pid=9505, si_uid=1001} ---
9512  tgkill(9505, 9507, SIGURG)        = 0
9507  --- SIGURG {si_signo=SIGURG, si_code=SI_TKILL, si_pid=9505, si_uid=1001} ---
9512  tgkill(9505, 9508, SIGURG)        = 0
9508  --- SIGURG {si_signo=SIGURG, si_code=SI_TKILL, si_pid=9505, si_uid=1001} ---
9512  tgkill(9505, 9507, SIGURG)        = 0
9507  --- SIGURG {si_signo=SIGURG, si_code=SI_TKILL, si_pid=9505, si_uid=1001} ---
9512  tgkill(9505, 9508, SIGURG)        = 0
9508  --- SIGURG {si_signo=SIGURG, si_code=SI_TKILL, si_pid=9505, si_uid=1001} ---
9512  tgkill(9505, 9507, SIGURG)        = 0
9507  --- SIGURG {si_signo=SIGURG, si_code=SI_TKILL, si_pid=9505, si_uid=1001} ---
9512  tgkill(9505, 9508, SIGURG)        = 0
9508  --- SIGURG {si_signo=SIGURG, si_code=SI_TKILL, si_pid=9505, si_uid=1001} ---
9512  tgkill(9505, 9507, SIGURG)        = 0
9507  --- SIGURG {si_signo=SIGURG, si_code=SI_TKILL, si_pid=9505, si_uid=1001} ---
9508  waitid(P_PIDFD, 12, 0xf30a93631c8, WEXITED, NULL) = -1 ECHILD (No child processes)
9508  pidfd_send_signal(12, 0, NULL, 0) = 0
9508  clone(child_stack=NULL, flags=CLONE_VM|CLONE_PIDFD|CLONE_VFORK <unfinished ...>
9513  exit_group(0)                     = ?
9508  <... clone resumed>, parent_tid=[13]) = 9513
9513  +++ exited with 0 +++
9508  waitid(P_PIDFD, 13, {si_signo=SIGCHLD, si_code=CLD_EXITED, si_pid=9513, si_uid=1001, si_status=0, si_utime=0, si_stime=0}, WEXITED|__WCLONE, NULL) = 0
9508  clone(child_stack=NULL, flags=CLONE_VM|CLONE_PIDFD|CLONE_VFORK|SIGCHLD <unfinished ...>
9514  execve("/opt/hostedtoolcache/go/1.27.0/arm64/pkg/tool/linux_arm64/compile", ["/opt/hostedtoolcache/go/1.27.0/a"..., "-V=full"], 0xf30a93e6d88 /* 139 vars */ <unfinished ...>
9508  <... clone resumed>, parent_tid=[14]) = 9514
9514  <... execve resumed>)             = 0
9508  waitid(P_PIDFD, 14,  <unfinished ...>
9514  clone(child_stack=0x4f2e50d9a000, flags=CLONE_VM|CLONE_FS|CLONE_FILES|CLONE_SIGHAND|CLONE_THREAD|CLONE_SYSVSEM) = 9515
9515  tgkill(9514, 9514, SIGURG)        = 0
9514  --- SIGURG {si_signo=SIGURG, si_code=SI_TKILL, si_pid=9514, si_uid=1001} ---
9514  clone(child_stack=0x4f2e50dd0000, flags=CLONE_VM|CLONE_FS|CLONE_FILES|CLONE_SIGHAND|CLONE_THREAD|CLONE_SYSVSEM) = 9516
9514  clone(child_stack=0x4f2e50dcc000, flags=CLONE_VM|CLONE_FS|CLONE_FILES|CLONE_SIGHAND|CLONE_THREAD|CLONE_SYSVSEM) = 9517
9516  clone(child_stack=0x4f2e50e18000, flags=CLONE_VM|CLONE_FS|CLONE_FILES|CLONE_SIGHAND|CLONE_THREAD|CLONE_SYSVSEM) = 9518
9515  tgkill(9514, 9514, SIGURG)        = 0
9514  --- SIGURG {si_signo=SIGURG, si_code=SI_TKILL, si_pid=9514, si_uid=1001} ---
9514  exit_group(0)                     = ?
9518  +++ exited with 0 +++
9517  +++ exited with 0 +++
9516  +++ exited with 0 +++
9515  +++ exited with 0 +++
9514  +++ exited with 0 +++
9512  --- SIGCHLD {si_signo=SIGCHLD, si_code=CLD_EXITED, si_pid=9514, si_uid=1001, si_status=0, si_utime=0, si_stime=0} ---
9508  <... waitid resumed>{si_signo=SIGCHLD, si_code=CLD_EXITED, si_pid=9514, si_uid=1001, si_status=0, si_utime=0, si_stime=0}, WEXITED, {ru_utime={tv_sec=0, tv_usec=0}, ru_stime={tv_sec=0, tv_usec=9109}, ...}) = 0
9508  clone(child_stack=NULL, flags=CLONE_VM|CLONE_PIDFD|CLONE_VFORK|SIGCHLD <unfinished ...>
9509  tgkill(9505, 9508, SIGURG)        = 0
9509  tgkill(9505, 9507, SIGURG)        = 0
9507  --- SIGURG {si_signo=SIGURG, si_code=SI_TKILL, si_pid=9505, si_uid=1001} ---
9519  execve("/opt/hostedtoolcache/go/1.27.0/arm64/pkg/tool/linux_arm64/asm", ["/opt/hostedtoolcache/go/1.27.0/a"..., "-V=full"], 0xf30a93e7208 /* 139 vars */ <unfinished ...>
9508  <... clone resumed>, parent_tid=[17]) = 9519
9508  --- SIGURG {si_signo=SIGURG, si_code=SI_TKILL, si_pid=9505, si_uid=1001} ---
9519  <... execve resumed>)             = 0
9508  tgkill(9505, 9507, SIGURG)        = 0
9507  --- SIGURG {si_signo=SIGURG, si_code=SI_TKILL, si_pid=9505, si_uid=1001} ---
9505  waitid(P_PIDFD, 17,  <unfinished ...>
9508  tgkill(9505, 9509, SIGURG <unfinished ...>
9509  --- SIGURG {si_signo=SIGURG, si_code=SI_TKILL, si_pid=9505, si_uid=1001} ---
9508  <... tgkill resumed>)             = 0
9509  tgkill(9505, 9507, SIGURG)        = 0
9509  tgkill(9505, 9512, SIGURG <unfinished ...>
9507  --- SIGURG {si_signo=SIGURG, si_code=SI_TKILL, si_pid=9505, si_uid=1001} ---
9509  <... tgkill resumed>)             = 0
9512  --- SIGURG {si_signo=SIGURG, si_code=SI_TKILL, si_pid=9505, si_uid=1001} ---
9509  tgkill(9505, 9507, SIGURG)        = 0
9507  --- SIGURG {si_signo=SIGURG, si_code=SI_TKILL, si_pid=9505, si_uid=1001} ---
9509  tgkill(9505, 9512, SIGURG)        = 0
9512  --- SIGURG {si_signo=SIGURG, si_code=SI_TKILL, si_pid=9505, si_uid=1001} ---
9507  clone(child_stack=NULL, flags=CLONE_VM|CLONE_PIDFD|CLONE_VFORK|SIGCHLD <unfinished ...>
9509  tgkill(9505, 9507, SIGURG)        = 0
9520  execve("/opt/hostedtoolcache/go/1.27.0/arm64/pkg/tool/linux_arm64/compile", ["/opt/hostedtoolcache/go/1.27.0/a"..., "-o", "/tmp/go-build3734720916/b008/_pk"..., "-trimpath", "/tmp/go-build3734720916/b008=>", "-p", "internal/unsafeheader", "-lang=go1.27", "-std", "-complete", "-buildid", "WrJZ74nSHq-5UnI1-5s6/WrJZ74nSHq-"..., "-goversion", "go1.27.0", "-c=4", "-nolocalimports", "-importcfg", "/tmp/go-build3734720916/b008/imp"..., "-pack", "/opt/hostedtoolcache/go/1.27.0/a"...], 0xf30a93e7688 /* 140 vars */ <unfinished ...>
9507  <... clone resumed>, parent_tid=[21]) = 9520
9520  <... execve resumed>)             = 0
9507  --- SIGURG {si_signo=SIGURG, si_code=SI_TKILL, si_pid=9505, si_uid=1001} ---
9509  tgkill(9505, 9507, SIGURG)        = 0
9507  --- SIGURG {si_signo=SIGURG, si_code=SI_TKILL, si_pid=9505, si_uid=1001} ---
9509  tgkill(9505, 9512, SIGURG)        = 0
9512  --- SIGURG {si_signo=SIGURG, si_code=SI_TKILL, si_pid=9505, si_uid=1001} ---
9507  waitid(P_PIDFD, 21,  <unfinished ...>
9512  clone(child_stack=NULL, flags=CLONE_VM|CLONE_PIDFD|CLONE_VFORK|SIGCHLD <unfinished ...>
9508  clone(child_stack=NULL, flags=CLONE_VM|CLONE_PIDFD|CLONE_VFORK|SIGCHLD <unfinished ...>
9522  execve("/opt/hostedtoolcache/go/1.27.0/arm64/pkg/tool/linux_arm64/compile", ["/opt/hostedtoolcache/go/1.27.0/a"..., "-o", "/tmp/go-build3734720916/b006/_pk"..., "-trimpath", "/tmp/go-build3734720916/b006=>", "-p", "internal/goarch", "-lang=go1.27", "-std", "-complete", "-buildid", "JZ-e4VmH0x5g7AsedM47/JZ-e4VmH0x5"..., "-goversion", "go1.27.0", "-c=4", "-nolocalimports", "-importcfg", "/tmp/go-build3734720916/b006/imp"..., "-pack", "/opt/hostedtoolcache/go/1.27.0/a"..., "/opt/hostedtoolcache/go/1.27.0/a"..., "/opt/hostedtoolcache/go/1.27.0/a"...], 0xf30a93e6008 /* 140 vars */ <unfinished ...>
9521  execve("/opt/hostedtoolcache/go/1.27.0/arm64/pkg/tool/linux_arm64/compile", ["/opt/hostedtoolcache/go/1.27.0/a"..., "-o", "/tmp/go-build3734720916/b012/_pk"..., "-trimpath", "/tmp/go-build3734720916/b012=>", "-p", "internal/byteorder", "-lang=go1.27", "-std", "-complete", "-buildid", "Q_t7NcJgPQWAgtg1_-bz/Q_t7NcJgPQW"..., "-goversion", "go1.27.0", "-c=4", "-nolocalimports", "-importcfg", "/tmp/go-build3734720916/b012/imp"..., "-pack", "/opt/hostedtoolcache/go/1.27.0/a"...], 0xf30a9787b08 /* 140 vars */ <unfinished ...>
9522  <... execve resumed>)             = 0
9508  <... clone resumed>, parent_tid=[23]) = 9522
9512  <... clone resumed>, parent_tid=[19]) = 9521
9521  <... execve resumed>)             = 0
9512  waitid(P_PIDFD, 19,  <unfinished ...>
9508  waitid(P_PIDFD, 23,  <unfinished ...>
9520  clone(child_stack=0x7d640b8ce000, flags=CLONE_VM|CLONE_FS|CLONE_FILES|CLONE_SIGHAND|CLONE_THREAD|CLONE_SYSVSEM) = 9523
9519  clone(child_stack=0x46d4e1ae4000, flags=CLONE_VM|CLONE_FS|CLONE_FILES|CLONE_SIGHAND|CLONE_THREAD|CLONE_SYSVSEM) = 9524
9520  clone(child_stack=0x7d640b908000, flags=CLONE_VM|CLONE_FS|CLONE_FILES|CLONE_SIGHAND|CLONE_THREAD|CLONE_SYSVSEM) = 9525
9523  tgkill(9520, 9520, SIGURG)        = 0
9520  --- SIGURG {si_signo=SIGURG, si_code=SI_TKILL, si_pid=9520, si_uid=1001} ---
9519  clone(child_stack=0x46d4e1b1a000, flags=CLONE_VM|CLONE_FS|CLONE_FILES|CLONE_SIGHAND|CLONE_THREAD|CLONE_SYSVSEM <unfinished ...>
9520  clone(child_stack=0x7d640b904000, flags=CLONE_VM|CLONE_FS|CLONE_FILES|CLONE_SIGHAND|CLONE_THREAD|CLONE_SYSVSEM <unfinished ...>
9519  <... clone resumed>)              = 9526
9524  tgkill(9519, 9519, SIGURG <unfinished ...>
9520  <... clone resumed>)              = 9527
9524  <... tgkill resumed>)             = 0
9519  --- SIGURG {si_signo=SIGURG, si_code=SI_TKILL, si_pid=9519, si_uid=1001} ---
9525  clone(child_stack=0x7d640b928000, flags=CLONE_VM|CLONE_FS|CLONE_FILES|CLONE_SIGHAND|CLONE_THREAD|CLONE_SYSVSEM) = 9528
9524  tgkill(9519, 9519, SIGURG)        = 0
9519  clone(child_stack=0x46d4e1b16000, flags=CLONE_VM|CLONE_FS|CLONE_FILES|CLONE_SIGHAND|CLONE_THREAD|CLONE_SYSVSEM <unfinished ...>
9526  clone(child_stack=0x46d4e1b98000, flags=CLONE_VM|CLONE_FS|CLONE_FILES|CLONE_SIGHAND|CLONE_THREAD|CLONE_SYSVSEM <unfinished ...>
9519  <... clone resumed>)              = 9529
9526  <... clone resumed>)              = 9530
9519  --- SIGURG {si_signo=SIGURG, si_code=SI_TKILL, si_pid=9519, si_uid=1001} ---
9522  clone(child_stack=0x51c45f290000, flags=CLONE_VM|CLONE_FS|CLONE_FILES|CLONE_SIGHAND|CLONE_THREAD|CLONE_SYSVSEM) = 9531
9522  clone(child_stack=0x51c45f2c8000, flags=CLONE_VM|CLONE_FS|CLONE_FILES|CLONE_SIGHAND|CLONE_THREAD|CLONE_SYSVSEM) = 9532
9531  tgkill(9522, 9522, SIGURG)        = 0
9522  clone(child_stack=0x51c45f2c4000, flags=CLONE_VM|CLONE_FS|CLONE_FILES|CLONE_SIGHAND|CLONE_THREAD|CLONE_SYSVSEM) = 9533
9522  --- SIGURG {si_signo=SIGURG, si_code=SI_TKILL, si_pid=9522, si_uid=1001} ---
9532  clone(child_stack=0x51c45f318000, flags=CLONE_VM|CLONE_FS|CLONE_FILES|CLONE_SIGHAND|CLONE_THREAD|CLONE_SYSVSEM) = 9534
9532  clone(child_stack=0x51c45f314000, flags=CLONE_VM|CLONE_FS|CLONE_FILES|CLONE_SIGHAND|CLONE_THREAD|CLONE_SYSVSEM) = 9535
9521  clone(child_stack=0x1433aa5ec000, flags=CLONE_VM|CLONE_FS|CLONE_FILES|CLONE_SIGHAND|CLONE_THREAD|CLONE_SYSVSEM) = 9536
9521  clone(child_stack=0x1433aa624000, flags=CLONE_VM|CLONE_FS|CLONE_FILES|CLONE_SIGHAND|CLONE_THREAD|CLONE_SYSVSEM) = 9537
9536  tgkill(9521, 9521, SIGURG)        = 0
9521  clone(child_stack=0x1433aa620000, flags=CLONE_VM|CLONE_FS|CLONE_FILES|CLONE_SIGHAND|CLONE_THREAD|CLONE_SYSVSEM) = 9538
9521  --- SIGURG {si_signo=SIGURG, si_code=SI_TKILL, si_pid=9521, si_uid=1001} ---
9537  clone(child_stack=0x1433aa698000, flags=CLONE_VM|CLONE_FS|CLONE_FILES|CLONE_SIGHAND|CLONE_THREAD|CLONE_SYSVSEM) = 9539
9519  exit_group(0)                     = ?
9524  +++ exited with 0 +++
9529  +++ exited with 0 +++
9530  +++ exited with 0 +++
9526  +++ exited with 0 +++
9519  +++ exited with 0 +++
9508  <... waitid resumed>0xf30a9362fb8, WEXITED, 0xf30a965c000) = ? ERESTARTSYS (To be restarted if SA_RESTART is set)
9509  --- SIGCHLD {si_signo=SIGCHLD, si_code=CLD_EXITED, si_pid=9519, si_uid=1001, si_status=0, si_utime=0, si_stime=0} ---
9505  <... waitid resumed>{si_signo=SIGCHLD, si_code=CLD_EXITED, si_pid=9519, si_uid=1001, si_status=0, si_utime=0, si_stime=0}, WEXITED, {ru_utime={tv_sec=0, tv_usec=0}, ru_stime={tv_sec=0, tv_usec=7115}, ...}) = 0
9508  waitid(P_PIDFD, 23,  <unfinished ...>
9523  tgkill(9520, 9520, SIGURG)        = 0
9520  --- SIGURG {si_signo=SIGURG, si_code=SI_TKILL, si_pid=9520, si_uid=1001} ---
9536  tgkill(9521, 9521, SIGURG)        = 0
9521  --- SIGURG {si_signo=SIGURG, si_code=SI_TKILL, si_pid=9521, si_uid=1001} ---
9528  exit_group(0)                     = ?
9528  +++ exited with 0 +++
9527  +++ exited with 0 +++
9525  +++ exited with 0 +++
9532  exit_group(0)                     = ?
9532  +++ exited with 0 +++
9533  +++ exited with 0 +++
9535  +++ exited with 0 +++
9534  +++ exited with 0 +++
9531  +++ exited with 0 +++
9522  +++ exited with 0 +++
9511  --- SIGCHLD {si_signo=SIGCHLD, si_code=CLD_EXITED, si_pid=9522, si_uid=1001, si_status=0, si_utime=0, si_stime=0} ---
9508  <... waitid resumed>{si_signo=SIGCHLD, si_code=CLD_EXITED, si_pid=9522, si_uid=1001, si_status=0, si_utime=0, si_stime=0}, WEXITED, {ru_utime={tv_sec=0, tv_usec=6594}, ru_stime={tv_sec=0, tv_usec=5652}, ...}) = 0
9523  +++ exited with 0 +++
9520  +++ exited with 0 +++
9507  <... waitid resumed>{si_signo=SIGCHLD, si_code=CLD_EXITED, si_pid=9520, si_uid=1001, si_status=0, si_utime=0, si_stime=0}, WEXITED, {ru_utime={tv_sec=0, tv_usec=4765}, ru_stime={tv_sec=0, tv_usec=7147}, ...}) = 0
9508  --- SIGCHLD {si_signo=SIGCHLD, si_code=CLD_EXITED, si_pid=9520, si_uid=1001, si_status=0, si_utime=0, si_stime=0} ---
9510  clone(child_stack=NULL, flags=CLONE_VM|CLONE_PIDFD|CLONE_VFORK|SIGCHLD <unfinished ...>
9506  tgkill(9505, 9510, SIGURG)        = 0
9540  execve("/opt/hostedtoolcache/go/1.27.0/arm64/pkg/tool/linux_arm64/asm", ["/opt/hostedtoolcache/go/1.27.0/a"..., "-p", "internal/cpu", "-trimpath", "/tmp/go-build3734720916/b011=>", "-I", "/tmp/go-build3734720916/b011/", "-I", "/opt/hostedtoolcache/go/1.27.0/a"..., "-D", "GOOS_linux", "-D", "GOARCH_arm64", "-std", "-gensymabis", "-o", "/tmp/go-build3734720916/b011/sym"..., "/opt/hostedtoolcache/go/1.27.0/a"..., "/opt/hostedtoolcache/go/1.27.0/a"...], 0xf30a9407b08 /* 140 vars */ <unfinished ...>
9510  <... clone resumed>, parent_tid=[15]) = 9540
9540  <... execve resumed>)             = 0
9510  --- SIGURG {si_signo=SIGURG, si_code=SI_TKILL, si_pid=9505, si_uid=1001} ---
9509  waitid(P_PIDFD, 15,  <unfinished ...>
9536  tgkill(9521, 9537, SIGURG)        = 0
9537  --- SIGURG {si_signo=SIGURG, si_code=SI_TKILL, si_pid=9521, si_uid=1001} ---
9508  clone(child_stack=NULL, flags=CLONE_VM|CLONE_PIDFD|CLONE_VFORK|SIGCHLD <unfinished ...>
9506  tgkill(9505, 9508, SIGURG)        = 0
9539  exit_group(0)                     = ?
9539  +++ exited with 0 +++
9537  +++ exited with 0 +++
9536  +++ exited with 0 +++
9538  +++ exited with 0 +++
9541  execve("/opt/hostedtoolcache/go/1.27.0/arm64/pkg/tool/linux_arm64/compile", ["/opt/hostedtoolcache/go/1.27.0/a"..., "-o", "/tmp/go-build3734720916/b014/_pk"..., "-trimpath", "/tmp/go-build3734720916/b014=>", "-p", "internal/coverage/rtcov", "-lang=go1.27", "-std", "-complete", "-buildid", "47O9QmEu_j9iqi2dbWOi/47O9QmEu_j9"..., "-goversion", "go1.27.0", "-c=4", "-nolocalimports", "-importcfg", "/tmp/go-build3734720916/b014/imp"..., "-pack", "/opt/hostedtoolcache/go/1.27.0/a"...], 0xf30a94d8d88 /* 140 vars */ <unfinished ...>
9521  +++ exited with 0 +++
9512  <... waitid resumed>{si_signo=SIGCHLD, si_code=CLD_EXITED, si_pid=9521, si_uid=1001, si_status=0, si_utime=0, si_stime=0}, WEXITED, {ru_utime={tv_sec=0, tv_usec=9753}, ru_stime={tv_sec=0, tv_usec=13299}, ...}) = 0
9507  --- SIGCHLD {si_signo=SIGCHLD, si_code=CLD_EXITED, si_pid=9521, si_uid=1001, si_status=0, si_utime=1 /* 0.01 s */, si_stime=1 /* 0.01 s */} ---
9508  <... clone resumed>, parent_tid=[16]) = 9541
9540  clone(child_stack=0x1d4a05298000, flags=CLONE_VM|CLONE_FS|CLONE_FILES|CLONE_SIGHAND|CLONE_THREAD|CLONE_SYSVSEM <unfinished ...>
9541  <... execve resumed>)             = 0
9540  <... clone resumed>)              = 9542
9508  --- SIGURG {si_signo=SIGURG, si_code=SI_TKILL, si_pid=9505, si_uid=1001} ---
9540  clone(child_stack=0x1d4a052d0000, flags=CLONE_VM|CLONE_FS|CLONE_FILES|CLONE_SIGHAND|CLONE_THREAD|CLONE_SYSVSEM) = 9543
9506  tgkill(9505, 9511, SIGURG)        = 0
9511  --- SIGURG {si_signo=SIGURG, si_code=SI_TKILL, si_pid=9505, si_uid=1001} ---
9540  clone(child_stack=0x1d4a052cc000, flags=CLONE_VM|CLONE_FS|CLONE_FILES|CLONE_SIGHAND|CLONE_THREAD|CLONE_SYSVSEM <unfinished ...>
9508  tgkill(9505, 9511, SIGURG)        = 0
9543  clone(child_stack=0x1d4a05318000, flags=CLONE_VM|CLONE_FS|CLONE_FILES|CLONE_SIGHAND|CLONE_THREAD|CLONE_SYSVSEM <unfinished ...>
9540  <... clone resumed>)              = 9544
9511  --- SIGURG {si_signo=SIGURG, si_code=SI_TKILL, si_pid=9505, si_uid=1001} ---
9543  <... clone resumed>)              = 9545
9507  waitid(P_PIDFD, 16,  <unfinished ...>
9508  clone(child_stack=0xf30a91d4000, flags=CLONE_VM|CLONE_FS|CLONE_FILES|CLONE_SIGHAND|CLONE_THREAD|CLONE_SYSVSEM <unfinished ...>
9512  tgkill(9505, 9510, SIGURG)        = 0
9510  --- SIGURG {si_signo=SIGURG, si_code=SI_TKILL, si_pid=9505, si_uid=1001} ---
9508  <... clone resumed>)              = 9546
9510  clone(child_stack=NULL, flags=CLONE_VM|CLONE_PIDFD|CLONE_VFORK|SIGCHLD <unfinished ...>
9541  clone(child_stack=0x6f5ab0a1c000, flags=CLONE_VM|CLONE_FS|CLONE_FILES|CLONE_SIGHAND|CLONE_THREAD|CLONE_SYSVSEM) = 9548
9541  clone(child_stack=0x6f5ab0a54000, flags=CLONE_VM|CLONE_FS|CLONE_FILES|CLONE_SIGHAND|CLONE_THREAD|CLONE_SYSVSEM) = 9549
9548  tgkill(9541, 9541, SIGURG)        = 0
9541  clone(child_stack=0x6f5ab0a50000, flags=CLONE_VM|CLONE_FS|CLONE_FILES|CLONE_SIGHAND|CLONE_THREAD|CLONE_SYSVSEM) = 9550
9541  --- SIGURG {si_signo=SIGURG, si_code=SI_TKILL, si_pid=9541, si_uid=1001} ---
9549  clone(child_stack=0x6f5ab0a98000, flags=CLONE_VM|CLONE_FS|CLONE_FILES|CLONE_SIGHAND|CLONE_THREAD|CLONE_SYSVSEM <unfinished ...>
9540  exit_group(0)                     = ?
9549  <... clone resumed>)              = 9551
9545  +++ exited with 0 +++
9544  +++ exited with 0 +++
9542  +++ exited with 0 +++
9543  +++ exited with 0 +++
9540  +++ exited with 0 +++
9509  <... waitid resumed>{si_signo=SIGCHLD, si_code=CLD_EXITED, si_pid=9540, si_uid=1001, si_status=0, si_utime=0, si_stime=0}, WEXITED, {ru_utime={tv_sec=0, tv_usec=1609}, ru_stime={tv_sec=0, tv_usec=4828}, ...}) = 0
9511  --- SIGCHLD {si_signo=SIGCHLD, si_code=CLD_EXITED, si_pid=9540, si_uid=1001, si_status=0, si_utime=0, si_stime=0} ---
9547  execve("/opt/hostedtoolcache/go/1.27.0/arm64/pkg/tool/linux_arm64/asm", ["/opt/hostedtoolcache/go/1.27.0/a"..., "-p", "internal/abi", "-trimpath", "/tmp/go-build3734720916/b005=>", "-I", "/tmp/go-build3734720916/b005/", "-I", "/opt/hostedtoolcache/go/1.27.0/a"..., "-D", "GOOS_linux", "-D", "GOARCH_arm64", "-std", "-gensymabis", "-o", "/tmp/go-build3734720916/b005/sym"..., "/opt/hostedtoolcache/go/1.27.0/a"..., "/opt/hostedtoolcache/go/1.27.0/a"...], 0xf30a9407b08 /* 140 vars */ <unfinished ...>
9510  <... clone resumed>, parent_tid=[12]) = 9547
9547  <... execve resumed>)             = 0
9510  waitid(P_PIDFD, 12,  <unfinished ...>
9508  clone(child_stack=NULL, flags=CLONE_VM|CLONE_PIDFD|CLONE_VFORK|SIGCHLD <unfinished ...>
9511  clone(child_stack=NULL, flags=CLONE_VM|CLONE_PIDFD|CLONE_VFORK|SIGCHLD <unfinished ...>
9553  execve("/opt/hostedtoolcache/go/1.27.0/arm64/pkg/tool/linux_arm64/compile", ["/opt/hostedtoolcache/go/1.27.0/a"..., "-o", "/tmp/go-build3734720916/b011/_pk"..., "-trimpath", "/tmp/go-build3734720916/b011=>", "-p", "internal/cpu", "-lang=go1.27", "-std", "-buildid", "MWxa_COY7_dbImCNGszP/MWxa_COY7_d"..., "-goversion", "go1.27.0", "-symabis", "/tmp/go-build3734720916/b011/sym"..., "-c=4", "-nolocalimports", "-importcfg", "/tmp/go-build3734720916/b011/imp"..., "-pack", "-asmhdr", "/tmp/go-build3734720916/b011/go_"..., "/opt/hostedtoolcache/go/1.27.0/a"..., "/opt/hostedtoolcache/go/1.27.0/a"..., "/opt/hostedtoolcache/go/1.27.0/a"..., "/opt/hostedtoolcache/go/1.27.0/a"..., "/opt/hostedtoolcache/go/1.27.0/a"..., "/opt/hostedtoolcache/go/1.27.0/a"...], 0xf30a93e6008 /* 140 vars */ <unfinished ...>
9511  <... clone resumed>, parent_tid=[22]) = 9553
9553  <... execve resumed>)             = 0
9552  execve("/opt/hostedtoolcache/go/1.27.0/arm64/pkg/tool/linux_arm64/compile", ["/opt/hostedtoolcache/go/1.27.0/a"..., "-o", "/tmp/go-build3734720916/b015/_pk"..., "-trimpath", "/tmp/go-build3734720916/b015=>", "-p", "internal/godebugs", "-lang=go1.27", "-std", "-complete", "-buildid", "L3n_n0Y9n7xGzmoyRJNG/L3n_n0Y9n7x"..., "-goversion", "go1.27.0", "-c=4", "-nolocalimports", "-importcfg", "/tmp/go-build3734720916/b015/imp"..., "-pack", "/opt/hostedtoolcache/go/1.27.0/a"...], 0xf30a9787b08 /* 140 vars */ <unfinished ...>
9508  <... clone resumed>, parent_tid=[19]) = 9552
9552  <... execve resumed>)             = 0
9511  waitid(P_PIDFD, 22,  <unfinished ...>
9508  waitid(P_PIDFD, 19,  <unfinished ...>
9547  clone(child_stack=0x7d0e1a2c8000, flags=CLONE_VM|CLONE_FS|CLONE_FILES|CLONE_SIGHAND|CLONE_THREAD|CLONE_SYSVSEM) = 9554
9547  clone(child_stack=0x7d0e1a300000, flags=CLONE_VM|CLONE_FS|CLONE_FILES|CLONE_SIGHAND|CLONE_THREAD|CLONE_SYSVSEM) = 9555
9554  tgkill(9547, 9547, SIGURG)        = 0
9547  clone(child_stack=0x7d0e1a2fc000, flags=CLONE_VM|CLONE_FS|CLONE_FILES|CLONE_SIGHAND|CLONE_THREAD|CLONE_SYSVSEM) = 9556
9547  --- SIGURG {si_signo=SIGURG, si_code=SI_TKILL, si_pid=9547, si_uid=1001} ---
9555  clone(child_stack=0x7d0e1a398000, flags=CLONE_VM|CLONE_FS|CLONE_FILES|CLONE_SIGHAND|CLONE_THREAD|CLONE_SYSVSEM) = 9557
9553  clone(child_stack=0x1d3f5104c000, flags=CLONE_VM|CLONE_FS|CLONE_FILES|CLONE_SIGHAND|CLONE_THREAD|CLONE_SYSVSEM) = 9558
9553  clone(child_stack=0x1d3f51088000, flags=CLONE_VM|CLONE_FS|CLONE_FILES|CLONE_SIGHAND|CLONE_THREAD|CLONE_SYSVSEM) = 9559
9553  clone(child_stack=0x1d3f51084000, flags=CLONE_VM|CLONE_FS|CLONE_FILES|CLONE_SIGHAND|CLONE_THREAD|CLONE_SYSVSEM) = 9560
9559  clone(child_stack=0x1d3f510b0000, flags=CLONE_VM|CLONE_FS|CLONE_FILES|CLONE_SIGHAND|CLONE_THREAD|CLONE_SYSVSEM) = 9561
9552  clone(child_stack=0x3be55fc94000, flags=CLONE_VM|CLONE_FS|CLONE_FILES|CLONE_SIGHAND|CLONE_THREAD|CLONE_SYSVSEM) = 9562
9541  exit_group(0 <unfinished ...>
9552  clone(child_stack=0x3be55fccc000, flags=CLONE_VM|CLONE_FS|CLONE_FILES|CLONE_SIGHAND|CLONE_THREAD|CLONE_SYSVSEM <unfinished ...>
9541  <... exit_group resumed>)         = ?
9551  +++ exited with 0 +++
9550  +++ exited with 0 +++
9549  +++ exited with 0 +++
9548  +++ exited with 0 +++
9552  <... clone resumed>)              = 9563
9552  clone(child_stack=0x3be55fcc8000, flags=CLONE_VM|CLONE_FS|CLONE_FILES|CLONE_SIGHAND|CLONE_THREAD|CLONE_SYSVSEM <unfinished ...>
9563  clone(child_stack=0x3be55fd18000, flags=CLONE_VM|CLONE_FS|CLONE_FILES|CLONE_SIGHAND|CLONE_THREAD|CLONE_SYSVSEM <unfinished ...>
9552  <... clone resumed>)              = 9564
9563  <... clone resumed>)              = 9565
9541  +++ exited with 0 +++
9512  --- SIGCHLD {si_signo=SIGCHLD, si_code=CLD_EXITED, si_pid=9541, si_uid=1001, si_status=0, si_utime=0, si_stime=0} ---
9507  <... waitid resumed>{si_signo=SIGCHLD, si_code=CLD_EXITED, si_pid=9541, si_uid=1001, si_status=0, si_utime=0, si_stime=0}, WEXITED, {ru_utime={tv_sec=0, tv_usec=5975}, ru_stime={tv_sec=0, tv_usec=6829}, ...}) = 0
9508  <... waitid resumed>0xf30a961cfb8, WEXITED, 0xf30a965c000) = ? ERESTARTSYS (To be restarted if SA_RESTART is set)
9508  waitid(P_PIDFD, 19,  <unfinished ...>
9558  clone(child_stack=0x1d3f5149c000, flags=CLONE_VM|CLONE_FS|CLONE_FILES|CLONE_SIGHAND|CLONE_THREAD|CLONE_SYSVSEM) = 9566
9547  exit_group(0)                     = ?
9554  +++ exited with 0 +++
9555  +++ exited with 0 +++
9556  +++ exited with 0 +++
9557  +++ exited with 0 +++
9547  +++ exited with 0 +++
9507  --- SIGCHLD {si_signo=SIGCHLD, si_code=CLD_EXITED, si_pid=9547, si_uid=1001, si_status=0, si_utime=0, si_stime=0} ---
9510  <... waitid resumed>{si_signo=SIGCHLD, si_code=CLD_EXITED, si_pid=9547, si_uid=1001, si_status=0, si_utime=0, si_stime=0}, WEXITED, {ru_utime={tv_sec=0, tv_usec=2147}, ru_stime={tv_sec=0, tv_usec=4294}, ...}) = 0
9510  clone(child_stack=NULL, flags=CLONE_VM|CLONE_PIDFD|CLONE_VFORK|SIGCHLD <unfinished ...>
9562  tgkill(9552, 9552, SIGURG <unfinished ...>
9558  tgkill(9553, 9559, SIGURG)        = 0
9559  --- SIGURG {si_signo=SIGURG, si_code=SI_TKILL, si_pid=9553, si_uid=1001} ---
9562  <... tgkill resumed>)             = 0
9552  --- SIGURG {si_signo=SIGURG, si_code=SI_TKILL, si_pid=9552, si_uid=1001} ---
9567  execve("/opt/hostedtoolcache/go/1.27.0/arm64/pkg/tool/linux_arm64/compile", ["/opt/hostedtoolcache/go/1.27.0/a"..., "-o", "/tmp/go-build3734720916/b005/_pk"..., "-trimpath", "/tmp/go-build3734720916/b005=>", "-p", "internal/abi", "-lang=go1.27", "-std", "-buildid", "qFh3qy3NhGFK4Dx1fuvv/qFh3qy3NhGF"..., "-goversion", "go1.27.0", "-symabis", "/tmp/go-build3734720916/b005/sym"..., "-c=4", "-nolocalimports", "-importcfg", "/tmp/go-build3734720916/b005/imp"..., "-pack", "-asmhdr", "/tmp/go-build3734720916/b005/go_"..., "/opt/hostedtoolcache/go/1.27.0/a"..., "/opt/hostedtoolcache/go/1.27.0/a"..., "/opt/hostedtoolcache/go/1.27.0/a"..., "/opt/hostedtoolcache/go/1.27.0/a"..., "/opt/hostedtoolcache/go/1.27.0/a"..., "/opt/hostedtoolcache/go/1.27.0/a"..., "/opt/hostedtoolcache/go/1.27.0/a"..., "/opt/hostedtoolcache/go/1.27.0/a"..., "/opt/hostedtoolcache/go/1.27.0/a"..., "/opt/hostedtoolcache/go/1.27.0/a"..., ...], 0xf30a93e6d88 /* 140 vars */ <unfinished ...>
9510  <... clone resumed>, parent_tid=[14]) = 9567
9567  <... execve resumed>)             = 0
9510  waitid(P_PIDFD, 14,  <unfinished ...>
9552  exit_group(0)                     = ?
9565  +++ exited with 0 +++
9562  +++ exited with 0 +++
9564  +++ exited with 0 +++
9563  +++ exited with 0 +++
9552  +++ exited with 0 +++
9508  <... waitid resumed>{si_signo=SIGCHLD, si_code=CLD_EXITED, si_pid=9552, si_uid=1001, si_status=0, si_utime=0, si_stime=0}, WEXITED, {ru_utime={tv_sec=0, tv_usec=9828}, ru_stime={tv_sec=0, tv_usec=4914}, ...}) = 0
9507  --- SIGCHLD {si_signo=SIGCHLD, si_code=CLD_EXITED, si_pid=9552, si_uid=1001, si_status=0, si_utime=1 /* 0.01 s */, si_stime=0} ---
9566  exit_group(0)                     = ?
9566  +++ exited with 0 +++
9561  +++ exited with 0 +++
9559  +++ exited with 0 +++
9558  +++ exited with 0 +++
9560  +++ exited with 0 +++
9553  +++ exited with 0 +++
9512  --- SIGCHLD {si_signo=SIGCHLD, si_code=CLD_EXITED, si_pid=9553, si_uid=1001, si_status=0, si_utime=1 /* 0.01 s */, si_stime=0} ---
9511  <... waitid resumed>{si_signo=SIGCHLD, si_code=CLD_EXITED, si_pid=9553, si_uid=1001, si_status=0, si_utime=0, si_stime=0}, WEXITED, {ru_utime={tv_sec=0, tv_usec=18978}, ru_stime={tv_sec=0, tv_usec=6991}, ...}) = 0
9508  clone(child_stack=NULL, flags=CLONE_VM|CLONE_PIDFD|CLONE_VFORK|SIGCHLD <unfinished ...>
9512  tgkill(9505, 9508, SIGURG)        = 0
9512  tgkill(9505, 9509, SIGURG)        = 0
9509  --- SIGURG {si_signo=SIGURG, si_code=SI_TKILL, si_pid=9505, si_uid=1001} ---
9512  tgkill(9505, 9507, SIGURG)        = 0
9507  --- SIGURG {si_signo=SIGURG, si_code=SI_TKILL, si_pid=9505, si_uid=1001} ---
9512  tgkill(9505, 9507, SIGURG)        = 0
9507  --- SIGURG {si_signo=SIGURG, si_code=SI_TKILL, si_pid=9505, si_uid=1001} ---
9512  tgkill(9505, 9509, SIGURG)        = 0
9509  --- SIGURG {si_signo=SIGURG, si_code=SI_TKILL, si_pid=9505, si_uid=1001} ---
9567  clone(child_stack=0x146ee1ad2000, flags=CLONE_VM|CLONE_FS|CLONE_FILES|CLONE_SIGHAND|CLONE_THREAD|CLONE_SYSVSEM) = 9569
9512  tgkill(9505, 9509, SIGURG)        = 0
9509  --- SIGURG {si_signo=SIGURG, si_code=SI_TKILL, si_pid=9505, si_uid=1001} ---
9512  tgkill(9505, 9507, SIGURG)        = 0
9507  --- SIGURG {si_signo=SIGURG, si_code=SI_TKILL, si_pid=9505, si_uid=1001} ---
9567  clone(child_stack=0x146ee1b0a000, flags=CLONE_VM|CLONE_FS|CLONE_FILES|CLONE_SIGHAND|CLONE_THREAD|CLONE_SYSVSEM) = 9570
9569  tgkill(9567, 9567, SIGURG)        = 0
9512  tgkill(9505, 9507, SIGURG <unfinished ...>
9567  clone(child_stack=0x146ee1b06000, flags=CLONE_VM|CLONE_FS|CLONE_FILES|CLONE_SIGHAND|CLONE_THREAD|CLONE_SYSVSEM <unfinished ...>
9512  <... tgkill resumed>)             = 0
9567  <... clone resumed>)              = 9571
9507  --- SIGURG {si_signo=SIGURG, si_code=SI_TKILL, si_pid=9505, si_uid=1001} ---
9567  --- SIGURG {si_signo=SIGURG, si_code=SI_TKILL, si_pid=9567, si_uid=1001} ---
9568  execve("/opt/hostedtoolcache/go/1.27.0/arm64/pkg/tool/linux_arm64/asm", ["/opt/hostedtoolcache/go/1.27.0/a"..., "-p", "internal/cpu", "-trimpath", "/tmp/go-build3734720916/b011=>", "-I", "/tmp/go-build3734720916/b011/", "-I", "/opt/hostedtoolcache/go/1.27.0/a"..., "-D", "GOOS_linux", "-D", "GOARCH_arm64", "-std", "-o", "/tmp/go-build3734720916/b011/cpu"..., "/opt/hostedtoolcache/go/1.27.0/a"...], 0xf30a94d8d88 /* 140 vars */ <unfinished ...>
9512  tgkill(9505, 9509, SIGURG)        = 0
9570  clone(child_stack=0x146ee1b98000, flags=CLONE_VM|CLONE_FS|CLONE_FILES|CLONE_SIGHAND|CLONE_THREAD|CLONE_SYSVSEM <unfinished ...>
9509  --- SIGURG {si_signo=SIGURG, si_code=SI_TKILL, si_pid=9505, si_uid=1001} ---
9570  <... clone resumed>)              = 9572
9508  <... clone resumed>, parent_tid=[16]) = 9568
9568  <... execve resumed>)             = 0
9508  --- SIGURG {si_signo=SIGURG, si_code=SI_TKILL, si_pid=9505, si_uid=1001} ---
9512  tgkill(9505, 9508, SIGURG)        = 0
9508  --- SIGURG {si_signo=SIGURG, si_code=SI_TKILL, si_pid=9505, si_uid=1001} ---
9508  tgkill(9505, 9509, SIGURG)        = 0
9509  --- SIGURG {si_signo=SIGURG, si_code=SI_TKILL, si_pid=9505, si_uid=1001} ---
9508  tgkill(9505, 9511, SIGURG)        = 0
9511  --- SIGURG {si_signo=SIGURG, si_code=SI_TKILL, si_pid=9505, si_uid=1001} ---
9511  clone(child_stack=NULL, flags=CLONE_VM|CLONE_PIDFD|CLONE_VFORK|SIGCHLD <unfinished ...>
9508  tgkill(9505, 9512, SIGURG)        = 0
9512  --- SIGURG {si_signo=SIGURG, si_code=SI_TKILL, si_pid=9505, si_uid=1001} ---
9508  tgkill(9505, 9511, SIGURG)        = 0
9512  waitid(P_PIDFD, 16,  <unfinished ...>
9508  tgkill(9505, 9509, SIGURG <unfinished ...>
9509  --- SIGURG {si_signo=SIGURG, si_code=SI_TKILL, si_pid=9505, si_uid=1001} ---
9508  <... tgkill resumed>)             = 0
9508  tgkill(9505, 9509, SIGURG)        = 0
9509  --- SIGURG {si_signo=SIGURG, si_code=SI_TKILL, si_pid=9505, si_uid=1001} ---
9573  execve("/opt/hostedtoolcache/go/1.27.0/arm64/pkg/tool/linux_arm64/compile", ["/opt/hostedtoolcache/go/1.27.0/a"..., "-o", "/tmp/go-build3734720916/b016/_pk"..., "-trimpath", "/tmp/go-build3734720916/b016=>", "-p", "internal/goexperiment", "-lang=go1.27", "-std", "-complete", "-buildid", "ditnq-oacrxe1kRNA4co/ditnq-oacrx"..., "-goversion", "go1.27.0", "-c=4", "-nolocalimports", "-importcfg", "/tmp/go-build3734720916/b016/imp"..., "-pack", "/opt/hostedtoolcache/go/1.27.0/a"..., "/opt/hostedtoolcache/go/1.27.0/a"..., "/opt/hostedtoolcache/go/1.27.0/a"..., "/opt/hostedtoolcache/go/1.27.0/a"..., "/opt/hostedtoolcache/go/1.27.0/a"..., "/opt/hostedtoolcache/go/1.27.0/a"..., "/opt/hostedtoolcache/go/1.27.0/a"..., "/opt/hostedtoolcache/go/1.27.0/a"..., "/opt/hostedtoolcache/go/1.27.0/a"..., "/opt/hostedtoolcache/go/1.27.0/a"..., "/opt/hostedtoolcache/go/1.27.0/a"..., "/opt/hostedtoolcache/go/1.27.0/a"..., "/opt/hostedtoolcache/go/1.27.0/a"..., ...], 0xf30a95fbb08 /* 140 vars */ <unfinished ...>
9511  <... clone resumed>, parent_tid=[13]) = 9573
9573  <... execve resumed>)             = 0
9511  --- SIGURG {si_signo=SIGURG, si_code=SI_TKILL, si_pid=9505, si_uid=1001} ---
9508  tgkill(9505, 9511, SIGURG)        = 0
9511  --- SIGURG {si_signo=SIGURG, si_code=SI_TKILL, si_pid=9505, si_uid=1001} ---
9509  waitid(P_PIDFD, 13,  <unfinished ...>
9569  clone(child_stack=0x146ee1bbe000, flags=CLONE_VM|CLONE_FS|CLONE_FILES|CLONE_SIGHAND|CLONE_THREAD|CLONE_SYSVSEM) = 9574
9546  clone(child_stack=NULL, flags=CLONE_VM|CLONE_PIDFD|CLONE_VFORK|SIGCHLD <unfinished ...>
9568  clone(child_stack=0xc337d122000, flags=CLONE_VM|CLONE_FS|CLONE_FILES|CLONE_SIGHAND|CLONE_THREAD|CLONE_SYSVSEM) = 9576
9568  clone(child_stack=0xc337d15a000, flags=CLONE_VM|CLONE_FS|CLONE_FILES|CLONE_SIGHAND|CLONE_THREAD|CLONE_SYSVSEM <unfinished ...>
9576  tgkill(9568, 9568, SIGURG)        = 0
9575  execve("/opt/hostedtoolcache/go/1.27.0/arm64/pkg/tool/linux_arm64/compile", ["/opt/hostedtoolcache/go/1.27.0/a"..., "-o", "/tmp/go-build3734720916/b017/_pk"..., "-trimpath", "/tmp/go-build3734720916/b017=>", "-p", "internal/goos", "-lang=go1.27", "-std", "-complete", "-buildid", "dcJxc7frSRM0mDc23OE5/dcJxc7frSRM"..., "-goversion", "go1.27.0", "-c=4", "-nolocalimports", "-importcfg", "/tmp/go-build3734720916/b017/imp"..., "-pack", "/opt/hostedtoolcache/go/1.27.0/a"..., "/opt/hostedtoolcache/go/1.27.0/a"..., "/opt/hostedtoolcache/go/1.27.0/a"...], 0xf30a94d9208 /* 140 vars */ <unfinished ...>
9546  <... clone resumed>, parent_tid=[17]) = 9575
9575  <... execve resumed>)             = 0
9568  <... clone resumed>)              = 9577
9568  --- SIGURG {si_signo=SIGURG, si_code=SI_TKILL, si_pid=9568, si_uid=1001} ---
9568  clone(child_stack=0xc337d156000, flags=CLONE_VM|CLONE_FS|CLONE_FILES|CLONE_SIGHAND|CLONE_THREAD|CLONE_SYSVSEM) = 9578
9546  waitid(P_PIDFD, 17,  <unfinished ...>
9577  clone(child_stack=0xc337d198000, flags=CLONE_VM|CLONE_FS|CLONE_FILES|CLONE_SIGHAND|CLONE_THREAD|CLONE_SYSVSEM) = 9579
9577  clone(child_stack=0xc337d194000, flags=CLONE_VM|CLONE_FS|CLONE_FILES|CLONE_SIGHAND|CLONE_THREAD|CLONE_SYSVSEM) = 9580
9569  tgkill(9567, 9567, SIGURG)        = 0
9567  --- SIGURG {si_signo=SIGURG, si_code=SI_TKILL, si_pid=9567, si_uid=1001} ---
9573  clone(child_stack=0x7a1de253c000, flags=CLONE_VM|CLONE_FS|CLONE_FILES|CLONE_SIGHAND|CLONE_THREAD|CLONE_SYSVSEM) = 9581
9581  tgkill(9573, 9573, SIGURG)        = 0
9573  clone(child_stack=0x7a1de2574000, flags=CLONE_VM|CLONE_FS|CLONE_FILES|CLONE_SIGHAND|CLONE_THREAD|CLONE_SYSVSEM) = 9582
9573  --- SIGURG {si_signo=SIGURG, si_code=SI_TKILL, si_pid=9573, si_uid=1001} ---
9573  clone(child_stack=0x7a1de2570000, flags=CLONE_VM|CLONE_FS|CLONE_FILES|CLONE_SIGHAND|CLONE_THREAD|CLONE_SYSVSEM) = 9583
9582  clone(child_stack=0x7a1de2598000, flags=CLONE_VM|CLONE_FS|CLONE_FILES|CLONE_SIGHAND|CLONE_THREAD|CLONE_SYSVSEM) = 9584
9581  tgkill(9573, 9573, SIGURG)        = 0
9573  --- SIGURG {si_signo=SIGURG, si_code=SI_TKILL, si_pid=9573, si_uid=1001} ---
9568  exit_group(0)                     = ?
9576  +++ exited with 0 +++
9579  +++ exited with 0 +++
9578  +++ exited with 0 +++
9577  +++ exited with 0 +++
9580  +++ exited with 0 +++
9568  +++ exited with 0 +++
9512  <... waitid resumed>{si_signo=SIGCHLD, si_code=CLD_EXITED, si_pid=9568, si_uid=1001, si_status=0, si_utime=0, si_stime=0}, WEXITED, {ru_utime={tv_sec=0, tv_usec=1778}, ru_stime={tv_sec=0, tv_usec=4447}, ...}) = 0
9507  --- SIGCHLD {si_signo=SIGCHLD, si_code=CLD_EXITED, si_pid=9568, si_uid=1001, si_status=0, si_utime=0, si_stime=0} ---
9507  clone(child_stack=NULL, flags=CLONE_VM|CLONE_PIDFD|CLONE_VFORK|SIGCHLD <unfinished ...>
9581  clone(child_stack=0x7a1de294e000, flags=CLONE_VM|CLONE_FS|CLONE_FILES|CLONE_SIGHAND|CLONE_THREAD|CLONE_SYSVSEM) = 9586
9585  execve("/opt/hostedtoolcache/go/1.27.0/arm64/pkg/tool/linux_arm64/asm", ["/opt/hostedtoolcache/go/1.27.0/a"..., "-p", "internal/cpu", "-trimpath", "/tmp/go-build3734720916/b011=>", "-I", "/tmp/go-build3734720916/b011/", "-I", "/opt/hostedtoolcache/go/1.27.0/a"..., "-D", "GOOS_linux", "-D", "GOARCH_arm64", "-std", "-o", "/tmp/go-build3734720916/b011/cpu"..., "/opt/hostedtoolcache/go/1.27.0/a"...], 0xf30a94d9688 /* 140 vars */ <unfinished ...>
9575  clone(child_stack=0x6b0ca987c000, flags=CLONE_VM|CLONE_FS|CLONE_FILES|CLONE_SIGHAND|CLONE_THREAD|CLONE_SYSVSEM <unfinished ...>
9507  <... clone resumed>, parent_tid=[16]) = 9585
9575  <... clone resumed>)              = 9587
9585  <... execve resumed>)             = 0
9575  clone(child_stack=0x6b0ca98b4000, flags=CLONE_VM|CLONE_FS|CLONE_FILES|CLONE_SIGHAND|CLONE_THREAD|CLONE_SYSVSEM) = 9588
9507  waitid(P_PIDFD, 16,  <unfinished ...>
9575  clone(child_stack=0x6b0ca98b0000, flags=CLONE_VM|CLONE_FS|CLONE_FILES|CLONE_SIGHAND|CLONE_THREAD|CLONE_SYSVSEM) = 9589
9588  clone(child_stack=0x6b0ca9918000, flags=CLONE_VM|CLONE_FS|CLONE_FILES|CLONE_SIGHAND|CLONE_THREAD|CLONE_SYSVSEM) = 9590
9569  tgkill(9567, 9572, SIGURG)        = 0
9572  --- SIGURG {si_signo=SIGURG, si_code=SI_TKILL, si_pid=9567, si_uid=1001} ---
9586  exit_group(0)                     = ?
9586  +++ exited with 0 +++
9584  +++ exited with 0 +++
9583  +++ exited with 0 +++
9582  +++ exited with 0 +++
9575  exit_group(0)                     = ?
9588  +++ exited with 0 +++
9589  +++ exited with 0 +++
9585  clone(child_stack=0x2e38ce78a000, flags=CLONE_VM|CLONE_FS|CLONE_FILES|CLONE_SIGHAND|CLONE_THREAD|CLONE_SYSVSEM) = 9591
9587  +++ exited with 0 +++
9585  clone(child_stack=0x2e38ce7c2000, flags=CLONE_VM|CLONE_FS|CLONE_FILES|CLONE_SIGHAND|CLONE_THREAD|CLONE_SYSVSEM) = 9592
9585  clone(child_stack=0x2e38ce7be000, flags=CLONE_VM|CLONE_FS|CLONE_FILES|CLONE_SIGHAND|CLONE_THREAD|CLONE_SYSVSEM) = 9593
9590  +++ exited with 0 +++
9575  +++ exited with 0 +++
9512  --- SIGCHLD {si_signo=SIGCHLD, si_code=CLD_EXITED, si_pid=9575, si_uid=1001, si_status=0, si_utime=0, si_stime=0} ---
9581  +++ exited with 0 +++
9573  +++ exited with 0 +++
9546  <... waitid resumed>{si_signo=SIGCHLD, si_code=CLD_EXITED, si_pid=9575, si_uid=1001, si_status=0, si_utime=0, si_stime=0}, WEXITED, {ru_utime={tv_sec=0, tv_usec=4144}, ru_stime={tv_sec=0, tv_usec=6630}, ...}) = 0
9546  --- SIGCHLD {si_signo=SIGCHLD, si_code=CLD_EXITED, si_pid=9573, si_uid=1001, si_status=0, si_utime=0, si_stime=1 /* 0.01 s */} ---
9509  <... waitid resumed>{si_signo=SIGCHLD, si_code=CLD_EXITED, si_pid=9573, si_uid=1001, si_status=0, si_utime=0, si_stime=0}, WEXITED, {ru_utime={tv_sec=0, tv_usec=5293}, ru_stime={tv_sec=0, tv_usec=9704}, ...}) = 0
9592  clone(child_stack=0x2e38ce818000, flags=CLONE_VM|CLONE_FS|CLONE_FILES|CLONE_SIGHAND|CLONE_THREAD|CLONE_SYSVSEM) = 9594
9585  exit_group(0)                     = ?
9593  +++ exited with 0 +++
9592  +++ exited with 0 +++
9591  +++ exited with 0 +++
9594  +++ exited with 0 +++
9585  +++ exited with 0 +++
9507  <... waitid resumed>{si_signo=SIGCHLD, si_code=CLD_EXITED, si_pid=9585, si_uid=1001, si_status=0, si_utime=0, si_stime=0}, WEXITED, {ru_utime={tv_sec=0, tv_usec=1556}, ru_stime={tv_sec=0, tv_usec=3891}, ...}) = 0
9509  --- SIGCHLD {si_signo=SIGCHLD, si_code=CLD_EXITED, si_pid=9585, si_uid=1001, si_status=0, si_utime=0, si_stime=0} ---
9546  clone(child_stack=NULL, flags=CLONE_VM|CLONE_PIDFD|CLONE_VFORK|SIGCHLD <unfinished ...>
9512  clone(child_stack=NULL, flags=CLONE_VM|CLONE_PIDFD|CLONE_VFORK|SIGCHLD <unfinished ...>
9595  execve("/opt/hostedtoolcache/go/1.27.0/arm64/pkg/tool/linux_arm64/compile", ["/opt/hostedtoolcache/go/1.27.0/a"..., "-o", "/tmp/go-build3734720916/b018/_pk"..., "-trimpath", "/tmp/go-build3734720916/b018=>", "-p", "internal/profilerecord", "-lang=go1.27", "-std", "-complete", "-buildid", "48AYbUNoxCjXOqTOk5OK/48AYbUNoxCj"..., "-goversion", "go1.27.0", "-c=4", "-nolocalimports", "-importcfg", "/tmp/go-build3734720916/b018/imp"..., "-pack", "/opt/hostedtoolcache/go/1.27.0/a"...], 0xf30a9407b08 /* 140 vars */ <unfinished ...>
9546  <... clone resumed>, parent_tid=[12]) = 9595
9595  <... execve resumed>)             = 0
9596  execve("/opt/hostedtoolcache/go/1.27.0/arm64/pkg/tool/linux_arm64/asm", ["/opt/hostedtoolcache/go/1.27.0/a"..., "-p", "internal/runtime/syscall/linux", "-trimpath", "/tmp/go-build3734720916/b021=>", "-I", "/tmp/go-build3734720916/b021/", "-I", "/opt/hostedtoolcache/go/1.27.0/a"..., "-D", "GOOS_linux", "-D", "GOARCH_arm64", "-std", "-gensymabis", "-o", "/tmp/go-build3734720916/b021/sym"..., "/opt/hostedtoolcache/go/1.27.0/a"...], 0xf30a94d9b08 /* 140 vars */ <unfinished ...>
9512  <... clone resumed>, parent_tid=[21]) = 9596
9596  <... execve resumed>)             = 0
9512  waitid(P_PIDFD, 21,  <unfinished ...>
9546  waitid(P_PIDFD, 12,  <unfinished ...>
9569  tgkill(9567, 9570, SIGURG)        = 0
9570  --- SIGURG {si_signo=SIGURG, si_code=SI_TKILL, si_pid=9567, si_uid=1001} ---
9596  clone(child_stack=0x57d0a50ea000, flags=CLONE_VM|CLONE_FS|CLONE_FILES|CLONE_SIGHAND|CLONE_THREAD|CLONE_SYSVSEM <unfinished ...>
9595  clone(child_stack=0x304a4afda000, flags=CLONE_VM|CLONE_FS|CLONE_FILES|CLONE_SIGHAND|CLONE_THREAD|CLONE_SYSVSEM <unfinished ...>
9596  <... clone resumed>)              = 9597
9595  <... clone resumed>)              = 9598
9597  tgkill(9596, 9596, SIGURG)        = 0
9596  clone(child_stack=0x57d0a5122000, flags=CLONE_VM|CLONE_FS|CLONE_FILES|CLONE_SIGHAND|CLONE_THREAD|CLONE_SYSVSEM) = 9599
9596  --- SIGURG {si_signo=SIGURG, si_code=SI_TKILL, si_pid=9596, si_uid=1001} ---
9598  tgkill(9595, 9595, SIGURG)        = 0
9597  tgkill(9596, 9596, SIGURG <unfinished ...>
9595  clone(child_stack=0x304a4b012000, flags=CLONE_VM|CLONE_FS|CLONE_FILES|CLONE_SIGHAND|CLONE_THREAD|CLONE_SYSVSEM <unfinished ...>
9596  clone(child_stack=0x57d0a511e000, flags=CLONE_VM|CLONE_FS|CLONE_FILES|CLONE_SIGHAND|CLONE_THREAD|CLONE_SYSVSEM) = 9600
9597  <... tgkill resumed>)             = 0
9599  clone(child_stack=0x57d0a5198000, flags=CLONE_VM|CLONE_FS|CLONE_FILES|CLONE_SIGHAND|CLONE_THREAD|CLONE_SYSVSEM <unfinished ...>
9595  <... clone resumed>)              = 9601
9596  --- SIGURG {si_signo=SIGURG, si_code=SI_TKILL, si_pid=9596, si_uid=1001} ---
9599  <... clone resumed>)              = 9602
9595  --- SIGURG {si_signo=SIGURG, si_code=SI_TKILL, si_pid=9595, si_uid=1001} ---
9598  tgkill(9595, 9595, SIGURG)        = 0
9595  clone(child_stack=0x304a4b00e000, flags=CLONE_VM|CLONE_FS|CLONE_FILES|CLONE_SIGHAND|CLONE_THREAD|CLONE_SYSVSEM <unfinished ...>
9596  clone(child_stack=0x57d0a5194000, flags=CLONE_VM|CLONE_FS|CLONE_FILES|CLONE_SIGHAND|CLONE_THREAD|CLONE_SYSVSEM <unfinished ...>
9595  <... clone resumed>)              = 9603
9596  <... clone resumed>)              = 9604
9595  --- SIGURG {si_signo=SIGURG, si_code=SI_TKILL, si_pid=9595, si_uid=1001} ---
9509  clone(child_stack=NULL, flags=CLONE_VM|CLONE_PIDFD|CLONE_VFORK|SIGCHLD <unfinished ...>
9597  tgkill(9596, 9596, SIGURG)        = 0
9596  --- SIGURG {si_signo=SIGURG, si_code=SI_TKILL, si_pid=9596, si_uid=1001} ---
9605  execve("/opt/hostedtoolcache/go/1.27.0/arm64/pkg/tool/linux_arm64/asm", ["/opt/hostedtoolcache/go/1.27.0/a"..., "-p", "internal/bytealg", "-trimpath", "/tmp/go-build3734720916/b010=>", "-I", "/tmp/go-build3734720916/b010/", "-I", "/opt/hostedtoolcache/go/1.27.0/a"..., "-D", "GOOS_linux", "-D", "GOARCH_arm64", "-std", "-gensymabis", "-o", "/tmp/go-build3734720916/b010/sym"..., "/opt/hostedtoolcache/go/1.27.0/a"..., "/opt/hostedtoolcache/go/1.27.0/a"..., "/opt/hostedtoolcache/go/1.27.0/a"..., "/opt/hostedtoolcache/go/1.27.0/a"..., "/opt/hostedtoolcache/go/1.27.0/a"...], 0xf30a93e6008 /* 140 vars */ <unfinished ...>
9602  exit_group(0)                     = ?
9602  +++ exited with 0 +++
9600  +++ exited with 0 +++
9599  +++ exited with 0 +++
9597  +++ exited with 0 +++
9509  <... clone resumed>, parent_tid=[16]) = 9605
9605  <... execve resumed>)             = 0
9604  +++ exited with 0 +++
9596  +++ exited with 0 +++
9512  <... waitid resumed>{si_signo=SIGCHLD, si_code=CLD_EXITED, si_pid=9596, si_uid=1001, si_status=0, si_utime=0, si_stime=0}, WEXITED, {ru_utime={tv_sec=0, tv_usec=1177}, ru_stime={tv_sec=0, tv_usec=4711}, ...}) = 0
9509  --- SIGCHLD {si_signo=SIGCHLD, si_code=CLD_EXITED, si_pid=9596, si_uid=1001, si_status=0, si_utime=0, si_stime=0} ---
9509  waitid(P_PIDFD, 16,  <unfinished ...>
9511  tgkill(9505, 9512, SIGURG)        = 0
9512  --- SIGURG {si_signo=SIGURG, si_code=SI_TKILL, si_pid=9505, si_uid=1001} ---
9511  tgkill(9505, 9512, SIGURG)        = 0
9512  --- SIGURG {si_signo=SIGURG, si_code=SI_TKILL, si_pid=9505, si_uid=1001} ---
9507  clone(child_stack=NULL, flags=CLONE_VM|CLONE_PIDFD|CLONE_VFORK|SIGCHLD <unfinished ...>
9598  tgkill(9595, 9595, SIGURG)        = 0
9595  --- SIGURG {si_signo=SIGURG, si_code=SI_TKILL, si_pid=9595, si_uid=1001} ---
9569  tgkill(9567, 9572, SIGURG)        = 0
9572  --- SIGURG {si_signo=SIGURG, si_code=SI_TKILL, si_pid=9567, si_uid=1001} ---
9569  tgkill(9567, 9567, SIGURG)        = 0
9567  --- SIGURG {si_signo=SIGURG, si_code=SI_TKILL, si_pid=9567, si_uid=1001} ---
9603  exit_group(0 <unfinished ...>
9606  execve("/opt/hostedtoolcache/go/1.27.0/arm64/pkg/tool/linux_arm64/compile", ["/opt/hostedtoolcache/go/1.27.0/a"..., "-o", "/tmp/go-build3734720916/b021/_pk"..., "-trimpath", "/tmp/go-build3734720916/b021=>", "-p", "internal/runtime/syscall/linux", "-lang=go1.27", "-std", "-buildid", "xWP8wMAnQbt9WPQ_vqr8/xWP8wMAnQbt"..., "-goversion", "go1.27.0", "-symabis", "/tmp/go-build3734720916/b021/sym"..., "-c=4", "-nolocalimports", "-importcfg", "/tmp/go-build3734720916/b021/imp"..., "-pack", "-asmhdr", "/tmp/go-build3734720916/b021/go_"..., "/opt/hostedtoolcache/go/1.27.0/a"..., "/opt/hostedtoolcache/go/1.27.0/a"..., "/opt/hostedtoolcache/go/1.27.0/a"...], 0xf30a94d8d88 /* 140 vars */ <unfinished ...>
9507  <... clone resumed>, parent_tid=[18]) = 9606
9606  <... execve resumed>)             = 0
9507  waitid(P_PIDFD, 18,  <unfinished ...>
9603  <... exit_group resumed>)         = ?
9601  +++ exited with 0 +++
9598  +++ exited with 0 +++
9603  +++ exited with 0 +++
9595  +++ exited with 0 +++
9505  --- SIGCHLD {si_signo=SIGCHLD, si_code=CLD_EXITED, si_pid=9595, si_uid=1001, si_status=0, si_utime=0, si_stime=0} ---
9605  clone(child_stack=0xa2cf2ce8000, flags=CLONE_VM|CLONE_FS|CLONE_FILES|CLONE_SIGHAND|CLONE_THREAD|CLONE_SYSVSEM) = 9607
9605  clone(child_stack=0xa2cf2d20000, flags=CLONE_VM|CLONE_FS|CLONE_FILES|CLONE_SIGHAND|CLONE_THREAD|CLONE_SYSVSEM) = 9608
9605  clone(child_stack=0xa2cf2d1c000, flags=CLONE_VM|CLONE_FS|CLONE_FILES|CLONE_SIGHAND|CLONE_THREAD|CLONE_SYSVSEM) = 9609
9608  clone(child_stack=0xa2cf2d98000, flags=CLONE_VM|CLONE_FS|CLONE_FILES|CLONE_SIGHAND|CLONE_THREAD|CLONE_SYSVSEM) = 9610
9605  clone(child_stack=0xa2cf2d94000, flags=CLONE_VM|CLONE_FS|CLONE_FILES|CLONE_SIGHAND|CLONE_THREAD|CLONE_SYSVSEM) = 9611
9546  <... waitid resumed>{si_signo=SIGCHLD, si_code=CLD_EXITED, si_pid=9595, si_uid=1001, si_status=0, si_utime=0, si_stime=0}, WEXITED, {ru_utime={tv_sec=0, tv_usec=5367}, ru_stime={tv_sec=0, tv_usec=7156}, ...}) = 0
9506  tgkill(9505, 9546, SIGURG)        = 0
9546  --- SIGURG {si_signo=SIGURG, si_code=SI_TKILL, si_pid=9505, si_uid=1001} ---
9506  tgkill(9505, 9546, SIGURG)        = 0
9569  tgkill(9567, 9570, SIGURG <unfinished ...>
9570  --- SIGURG {si_signo=SIGURG, si_code=SI_TKILL, si_pid=9567, si_uid=1001} ---
9569  <... tgkill resumed>)             = 0
9569  tgkill(9567, 9574, SIGURG)        = 0
9546  --- SIGURG {si_signo=SIGURG, si_code=SI_TKILL, si_pid=9505, si_uid=1001} ---
9574  --- SIGURG {si_signo=SIGURG, si_code=SI_TKILL, si_pid=9567, si_uid=1001} ---
9606  clone(child_stack=0x167dc6c8a000, flags=CLONE_VM|CLONE_FS|CLONE_FILES|CLONE_SIGHAND|CLONE_THREAD|CLONE_SYSVSEM) = 9612
9606  clone(child_stack=0x167dc6cc2000, flags=CLONE_VM|CLONE_FS|CLONE_FILES|CLONE_SIGHAND|CLONE_THREAD|CLONE_SYSVSEM) = 9613
9606  clone(child_stack=0x167dc6cbe000, flags=CLONE_VM|CLONE_FS|CLONE_FILES|CLONE_SIGHAND|CLONE_THREAD|CLONE_SYSVSEM <unfinished ...>
9613  clone(child_stack=0x167dc6d18000, flags=CLONE_VM|CLONE_FS|CLONE_FILES|CLONE_SIGHAND|CLONE_THREAD|CLONE_SYSVSEM <unfinished ...>
9606  <... clone resumed>)              = 9614
9613  <... clone resumed>)              = 9615
9569  tgkill(9567, 9572, SIGURG)        = 0
9572  --- SIGURG {si_signo=SIGURG, si_code=SI_TKILL, si_pid=9567, si_uid=1001} ---
9569  tgkill(9567, 9567, SIGURG <unfinished ...>
9607  tgkill(9605, 9605, SIGURG <unfinished ...>
9569  <... tgkill resumed>)             = 0
9567  --- SIGURG {si_signo=SIGURG, si_code=SI_TKILL, si_pid=9567, si_uid=1001} ---
9607  <... tgkill resumed>)             = 0
9605  --- SIGURG {si_signo=SIGURG, si_code=SI_TKILL, si_pid=9605, si_uid=1001} ---
9506  tgkill(9505, 9546, SIGURG)        = 0
9546  --- SIGURG {si_signo=SIGURG, si_code=SI_TKILL, si_pid=9505, si_uid=1001} ---
9612  tgkill(9606, 9615, SIGURG)        = 0
9615  --- SIGURG {si_signo=SIGURG, si_code=SI_TKILL, si_pid=9606, si_uid=1001} ---
9546  clone(child_stack=NULL, flags=CLONE_VM|CLONE_PIDFD|CLONE_VFORK|SIGCHLD <unfinished ...>
9616  execve("/opt/hostedtoolcache/go/1.27.0/arm64/pkg/tool/linux_arm64/asm", ["/opt/hostedtoolcache/go/1.27.0/a"..., "-p", "internal/chacha8rand", "-trimpath", "/tmp/go-build3734720916/b013=>", "-I", "/tmp/go-build3734720916/b013/", "-I", "/opt/hostedtoolcache/go/1.27.0/a"..., "-D", "GOOS_linux", "-D", "GOARCH_arm64", "-std", "-gensymabis", "-o", "/tmp/go-build3734720916/b013/sym"..., "/opt/hostedtoolcache/go/1.27.0/a"...], 0xf30a9407b08 /* 140 vars */ <unfinished ...>
9546  <... clone resumed>, parent_tid=[17]) = 9616
9616  <... execve resumed>)             = 0
9546  waitid(P_PIDFD, 17,  <unfinished ...>
9616  clone(child_stack=0x728a4a970000, flags=CLONE_VM|CLONE_FS|CLONE_FILES|CLONE_SIGHAND|CLONE_THREAD|CLONE_SYSVSEM) = 9617
9616  clone(child_stack=0x728a4a9a8000, flags=CLONE_VM|CLONE_FS|CLONE_FILES|CLONE_SIGHAND|CLONE_THREAD|CLONE_SYSVSEM) = 9618
9616  clone(child_stack=0x728a4a9a4000, flags=CLONE_VM|CLONE_FS|CLONE_FILES|CLONE_SIGHAND|CLONE_THREAD|CLONE_SYSVSEM) = 9619
9618  clone(child_stack=0x728a4aa18000, flags=CLONE_VM|CLONE_FS|CLONE_FILES|CLONE_SIGHAND|CLONE_THREAD|CLONE_SYSVSEM) = 9620
9617  tgkill(9616, 9616, SIGURG)        = 0
9616  --- SIGURG {si_signo=SIGURG, si_code=SI_TKILL, si_pid=9616, si_uid=1001} ---
9615  exit_group(0)                     = ?
9615  +++ exited with 0 +++
9612  +++ exited with 0 +++
9614  +++ exited with 0 +++
9611  exit_group(0)                     = ?
9610  +++ exited with 0 +++
9609  +++ exited with 0 +++
9608  +++ exited with 0 +++
9607  +++ exited with 0 +++
9613  +++ exited with 0 +++
9606  +++ exited with 0 +++
9505  --- SIGCHLD {si_signo=SIGCHLD, si_code=CLD_EXITED, si_pid=9606, si_uid=1001, si_status=0, si_utime=1 /* 0.01 s */, si_stime=0} ---
9611  +++ exited with 0 +++
9605  +++ exited with 0 +++
9509  <... waitid resumed>{si_signo=SIGCHLD, si_code=CLD_EXITED, si_pid=9605, si_uid=1001, si_status=0, si_utime=0, si_stime=0}, WEXITED, {ru_utime={tv_sec=0, tv_usec=4504}, ru_stime={tv_sec=0, tv_usec=6756}, ...}) = 0
9507  <... waitid resumed>{si_signo=SIGCHLD, si_code=CLD_EXITED, si_pid=9606, si_uid=1001, si_status=0, si_utime=0, si_stime=0}, WEXITED, {ru_utime={tv_sec=0, tv_usec=13244}, ru_stime={tv_sec=0, tv_usec=6020}, ...}) = 0
9505  --- SIGCHLD {si_signo=SIGCHLD, si_code=CLD_EXITED, si_pid=9605, si_uid=1001, si_status=0, si_utime=0, si_stime=0} ---
9505  clone(child_stack=NULL, flags=CLONE_VM|CLONE_PIDFD|CLONE_VFORK|SIGCHLD <unfinished ...>
9509  clone(child_stack=NULL, flags=CLONE_VM|CLONE_PIDFD|CLONE_VFORK|SIGCHLD <unfinished ...>
9620  exit_group(0)                     = ?
9620  +++ exited with 0 +++
9619  +++ exited with 0 +++
9617  +++ exited with 0 +++
9618  +++ exited with 0 +++
9616  +++ exited with 0 +++
9546  <... waitid resumed>{si_signo=SIGCHLD, si_code=CLD_EXITED, si_pid=9616, si_uid=1001, si_status=0, si_utime=0, si_stime=0}, WEXITED, {ru_utime={tv_sec=0, tv_usec=2738}, ru_stime={tv_sec=0, tv_usec=2738}, ...}) = 0
9507  --- SIGCHLD {si_signo=SIGCHLD, si_code=CLD_EXITED, si_pid=9616, si_uid=1001, si_status=0, si_utime=0, si_stime=0} ---
9569  tgkill(9567, 9570, SIGURG)        = 0
9570  --- SIGURG {si_signo=SIGURG, si_code=SI_TKILL, si_pid=9567, si_uid=1001} ---
9622  execve("/opt/hostedtoolcache/go/1.27.0/arm64/pkg/tool/linux_arm64/compile", ["/opt/hostedtoolcache/go/1.27.0/a"..., "-o", "/tmp/go-build3734720916/b010/_pk"..., "-trimpath", "/tmp/go-build3734720916/b010=>", "-p", "internal/bytealg", "-lang=go1.27", "-std", "-buildid", "U6BM55AOtxu179LXuNlF/U6BM55AOtxu"..., "-goversion", "go1.27.0", "-symabis", "/tmp/go-build3734720916/b010/sym"..., "-c=4", "-nolocalimports", "-importcfg", "/tmp/go-build3734720916/b010/imp"..., "-pack", "-asmhdr", "/tmp/go-build3734720916/b010/go_"..., "/opt/hostedtoolcache/go/1.27.0/a"..., "/opt/hostedtoolcache/go/1.27.0/a"..., "/opt/hostedtoolcache/go/1.27.0/a"..., "/opt/hostedtoolcache/go/1.27.0/a"..., "/opt/hostedtoolcache/go/1.27.0/a"..., "/opt/hostedtoolcache/go/1.27.0/a"..., "/opt/hostedtoolcache/go/1.27.0/a"..., "/opt/hostedtoolcache/go/1.27.0/a"..., "/opt/hostedtoolcache/go/1.27.0/a"...], 0xf30a93e6008 /* 140 vars */ <unfinished ...>
9507  clone(child_stack=NULL, flags=CLONE_VM|CLONE_PIDFD|CLONE_VFORK|SIGCHLD <unfinished ...>
9509  <... clone resumed>, parent_tid=[22]) = 9622
9622  <... execve resumed>)             = 0
9621  execve("/opt/hostedtoolcache/go/1.27.0/arm64/pkg/tool/linux_arm64/asm", ["/opt/hostedtoolcache/go/1.27.0/a"..., "-p", "internal/runtime/syscall/linux", "-trimpath", "/tmp/go-build3734720916/b021=>", "-I", "/tmp/go-build3734720916/b021/", "-I", "/opt/hostedtoolcache/go/1.27.0/a"..., "-D", "GOOS_linux", "-D", "GOARCH_arm64", "-std", "-o", "/tmp/go-build3734720916/b021/asm"..., "/opt/hostedtoolcache/go/1.27.0/a"...], 0xf30a94d9208 /* 140 vars */ <unfinished ...>
9505  <... clone resumed>, parent_tid=[21]) = 9621
9621  <... execve resumed>)             = 0
9623  execve("/opt/hostedtoolcache/go/1.27.0/arm64/pkg/tool/linux_arm64/compile", ["/opt/hostedtoolcache/go/1.27.0/a"..., "-o", "/tmp/go-build3734720916/b013/_pk"..., "-trimpath", "/tmp/go-build3734720916/b013=>", "-p", "internal/chacha8rand", "-lang=go1.27", "-std", "-buildid", "C2rz4QeNLPvtyrrU3exc/C2rz4QeNLPv"..., "-goversion", "go1.27.0", "-symabis", "/tmp/go-build3734720916/b013/sym"..., "-c=4", "-nolocalimports", "-importcfg", "/tmp/go-build3734720916/b013/imp"..., "-pack", "-asmhdr", "/tmp/go-build3734720916/b013/go_"..., "/opt/hostedtoolcache/go/1.27.0/a"..., "/opt/hostedtoolcache/go/1.27.0/a"...], 0xf30a95fb688 /* 140 vars */ <unfinished ...>
9507  <... clone resumed>, parent_tid=[26]) = 9623
9623  <... execve resumed>)             = 0
9509  waitid(P_PIDFD, 22,  <unfinished ...>
9505  waitid(P_PIDFD, 21,  <unfinished ...>
9507  waitid(P_PIDFD, 26,  <unfinished ...>
9623  clone(child_stack=0x2b307e43e000, flags=CLONE_VM|CLONE_FS|CLONE_FILES|CLONE_SIGHAND|CLONE_THREAD|CLONE_SYSVSEM) = 9624
9623  clone(child_stack=0x2b307e476000, flags=CLONE_VM|CLONE_FS|CLONE_FILES|CLONE_SIGHAND|CLONE_THREAD|CLONE_SYSVSEM) = 9625
9623  clone(child_stack=0x2b307e472000, flags=CLONE_VM|CLONE_FS|CLONE_FILES|CLONE_SIGHAND|CLONE_THREAD|CLONE_SYSVSEM) = 9626
9625  clone(child_stack=0x2b307e518000, flags=CLONE_VM|CLONE_FS|CLONE_FILES|CLONE_SIGHAND|CLONE_THREAD|CLONE_SYSVSEM) = 9627
9622  clone(child_stack=0xe1025620000, flags=CLONE_VM|CLONE_FS|CLONE_FILES|CLONE_SIGHAND|CLONE_THREAD|CLONE_SYSVSEM) = 9628
9628  tgkill(9622, 9622, SIGURG)        = 0
9622  --- SIGURG {si_signo=SIGURG, si_code=SI_TKILL, si_pid=9622, si_uid=1001} ---
9628  tgkill(9622, 9622, SIGURG)        = 0
9622  --- SIGURG {si_signo=SIGURG, si_code=SI_TKILL, si_pid=9622, si_uid=1001} ---
9622  clone(child_stack=0xe1025658000, flags=CLONE_VM|CLONE_FS|CLONE_FILES|CLONE_SIGHAND|CLONE_THREAD|CLONE_SYSVSEM) = 9629
9569  tgkill(9567, 9570, SIGURG <unfinished ...>
9629  clone(child_stack=0xe1025654000, flags=CLONE_VM|CLONE_FS|CLONE_FILES|CLONE_SIGHAND|CLONE_THREAD|CLONE_SYSVSEM <unfinished ...>
9569  <... tgkill resumed>)             = 0
9629  <... clone resumed>)              = 9630
9570  --- SIGURG {si_signo=SIGURG, si_code=SI_TKILL, si_pid=9567, si_uid=1001} ---
9630  clone(child_stack=0xe1025718000, flags=CLONE_VM|CLONE_FS|CLONE_FILES|CLONE_SIGHAND|CLONE_THREAD|CLONE_SYSVSEM <unfinished ...>
9621  clone(child_stack=0x50cc46872000, flags=CLONE_VM|CLONE_FS|CLONE_FILES|CLONE_SIGHAND|CLONE_THREAD|CLONE_SYSVSEM <unfinished ...>
9630  <... clone resumed>)              = 9631
9621  <... clone resumed>)              = 9632
9632  tgkill(9621, 9621, SIGURG)        = 0
9621  --- SIGURG {si_signo=SIGURG, si_code=SI_TKILL, si_pid=9621, si_uid=1001} ---
9632  tgkill(9621, 9621, SIGURG)        = 0
9621  --- SIGURG {si_signo=SIGURG, si_code=SI_TKILL, si_pid=9621, si_uid=1001} ---
9632  tgkill(9621, 9621, SIGURG)        = 0
9621  clone(child_stack=0x50cc468aa000, flags=CLONE_VM|CLONE_FS|CLONE_FILES|CLONE_SIGHAND|CLONE_THREAD|CLONE_SYSVSEM) = 9633
9621  --- SIGURG {si_signo=SIGURG, si_code=SI_TKILL, si_pid=9621, si_uid=1001} ---
9632  tgkill(9621, 9621, SIGURG)        = 0
9621  --- SIGURG {si_signo=SIGURG, si_code=SI_TKILL, si_pid=9621, si_uid=1001} ---
9621  clone(child_stack=0x50cc468a6000, flags=CLONE_VM|CLONE_FS|CLONE_FILES|CLONE_SIGHAND|CLONE_THREAD|CLONE_SYSVSEM) = 9634
9633  clone(child_stack=0x50cc46918000, flags=CLONE_VM|CLONE_FS|CLONE_FILES|CLONE_SIGHAND|CLONE_THREAD|CLONE_SYSVSEM) = 9635
9621  clone(child_stack=0x50cc46914000, flags=CLONE_VM|CLONE_FS|CLONE_FILES|CLONE_SIGHAND|CLONE_THREAD|CLONE_SYSVSEM) = 9636
9574  exit_group(0)                     = ?
9571  +++ exited with 0 +++
9570  +++ exited with 0 +++
9569  +++ exited with 0 +++
9574  +++ exited with 0 +++
9572  +++ exited with 0 +++
9567  +++ exited with 0 +++
9510  <... waitid resumed>{si_signo=SIGCHLD, si_code=CLD_EXITED, si_pid=9567, si_uid=1001, si_status=0, si_utime=0, si_stime=0}, WEXITED, {ru_utime={tv_sec=0, tv_usec=154220}, ru_stime={tv_sec=0, tv_usec=28211}, ...}) = 0
9546  --- SIGCHLD {si_signo=SIGCHLD, si_code=CLD_EXITED, si_pid=9567, si_uid=1001, si_status=0, si_utime=16 /* 0.16 s */, si_stime=3 /* 0.03 s */} ---
9546  clone(child_stack=NULL, flags=CLONE_VM|CLONE_PIDFD|CLONE_VFORK|SIGCHLD <unfinished ...>
9621  exit_group(0)                     = ?
9632  +++ exited with 0 +++
9636  +++ exited with 0 +++
9633  +++ exited with 0 +++
9635  +++ exited with 0 +++
9634  +++ exited with 0 +++
9621  +++ exited with 0 +++
9510  --- SIGCHLD {si_signo=SIGCHLD, si_code=CLD_EXITED, si_pid=9621, si_uid=1001, si_status=0, si_utime=0, si_stime=0} ---
9505  <... waitid resumed>{si_signo=SIGCHLD, si_code=CLD_EXITED, si_pid=9621, si_uid=1001, si_status=0, si_utime=0, si_stime=0}, WEXITED, {ru_utime={tv_sec=0, tv_usec=928}, ru_stime={tv_sec=0, tv_usec=6501}, ...}) = 0
9637  execve("/opt/hostedtoolcache/go/1.27.0/arm64/pkg/tool/linux_arm64/asm", ["/opt/hostedtoolcache/go/1.27.0/a"..., "-p", "internal/abi", "-trimpath", "/tmp/go-build3734720916/b005=>", "-I", "/tmp/go-build3734720916/b005/", "-I", "/opt/hostedtoolcache/go/1.27.0/a"..., "-D", "GOOS_linux", "-D", "GOARCH_arm64", "-std", "-o", "/tmp/go-build3734720916/b005/abi"..., "/opt/hostedtoolcache/go/1.27.0/a"...], 0xf30a95fbb08 /* 140 vars */) = 0
9546  <... clone resumed>, parent_tid=[14]) = 9637
9546  waitid(P_PIDFD, 14,  <unfinished ...>
9624  tgkill(9623, 9625, SIGURG)        = 0
9625  --- SIGURG {si_signo=SIGURG, si_code=SI_TKILL, si_pid=9623, si_uid=1001} ---
9637  clone(child_stack=0xa1ea17e000, flags=CLONE_VM|CLONE_FS|CLONE_FILES|CLONE_SIGHAND|CLONE_THREAD|CLONE_SYSVSEM) = 9638
9637  clone(child_stack=0xa1ea1b6000, flags=CLONE_VM|CLONE_FS|CLONE_FILES|CLONE_SIGHAND|CLONE_THREAD|CLONE_SYSVSEM) = 9639
9637  clone(child_stack=0xa1ea1b2000, flags=CLONE_VM|CLONE_FS|CLONE_FILES|CLONE_SIGHAND|CLONE_THREAD|CLONE_SYSVSEM) = 9640
9639  clone(child_stack=0xa1ea218000, flags=CLONE_VM|CLONE_FS|CLONE_FILES|CLONE_SIGHAND|CLONE_THREAD|CLONE_SYSVSEM <unfinished ...>
9510  clone(child_stack=NULL, flags=CLONE_VM|CLONE_PIDFD|CLONE_VFORK|SIGCHLD <unfinished ...>
9639  <... clone resumed>)              = 9641
9637  clone(child_stack=0xa1ea214000, flags=CLONE_VM|CLONE_FS|CLONE_FILES|CLONE_SIGHAND|CLONE_THREAD|CLONE_SYSVSEM) = 9643
9630  exit_group(0)                     = ?
9631  +++ exited with 0 +++
9628  +++ exited with 0 +++
9630  +++ exited with 0 +++
9629  +++ exited with 0 +++
9622  +++ exited with 0 +++
9505  --- SIGCHLD {si_signo=SIGCHLD, si_code=CLD_EXITED, si_pid=9622, si_uid=1001, si_status=0, si_utime=0, si_stime=1 /* 0.01 s */} ---
9509  <... waitid resumed>{si_signo=SIGCHLD, si_code=CLD_EXITED, si_pid=9622, si_uid=1001, si_status=0, si_utime=0, si_stime=0}, WEXITED, {ru_utime={tv_sec=0, tv_usec=7905}, ru_stime={tv_sec=0, tv_usec=9662}, ...}) = 0
9642  execve("/opt/hostedtoolcache/go/1.27.0/arm64/pkg/tool/linux_arm64/asm", ["/opt/hostedtoolcache/go/1.27.0/a"..., "-p", "internal/runtime/atomic", "-trimpath", "/tmp/go-build3734720916/b019=>", "-I", "/tmp/go-build3734720916/b019/", "-I", "/opt/hostedtoolcache/go/1.27.0/a"..., "-D", "GOOS_linux", "-D", "GOARCH_arm64", "-std", "-gensymabis", "-o", "/tmp/go-build3734720916/b019/sym"..., "/opt/hostedtoolcache/go/1.27.0/a"...], 0xf30a93e6d88 /* 140 vars */ <unfinished ...>
9505  tgkill(9505, 9510, SIGURG)        = 0
9510  <... clone resumed>, parent_tid=[15]) = 9642
9642  <... execve resumed>)             = 0
9510  --- SIGURG {si_signo=SIGURG, si_code=SI_TKILL, si_pid=9505, si_uid=1001} ---
9505  clone(child_stack=NULL, flags=CLONE_VM|CLONE_PIDFD|CLONE_VFORK|SIGCHLD <unfinished ...>
9508  tgkill(9505, 9505, SIGURG)        = 0
9510  waitid(P_PIDFD, 15,  <unfinished ...>
9626  exit_group(0)                     = ?
9626  +++ exited with 0 +++
9625  +++ exited with 0 +++
9624  +++ exited with 0 +++
9627  +++ exited with 0 +++
9623  +++ exited with 0 +++
9507  <... waitid resumed>{si_signo=SIGCHLD, si_code=CLD_EXITED, si_pid=9623, si_uid=1001, si_status=0, si_utime=0, si_stime=0}, WEXITED, {ru_utime={tv_sec=0, tv_usec=21526}, ru_stime={tv_sec=0, tv_usec=5064}, ...}) = 0
9508  --- SIGCHLD {si_signo=SIGCHLD, si_code=CLD_EXITED, si_pid=9623, si_uid=1001, si_status=0, si_utime=1 /* 0.01 s */, si_stime=0} ---
9644  execve("/opt/hostedtoolcache/go/1.27.0/arm64/pkg/tool/linux_arm64/asm", ["/opt/hostedtoolcache/go/1.27.0/a"..., "-p", "internal/bytealg", "-trimpath", "/tmp/go-build3734720916/b010=>", "-I", "/tmp/go-build3734720916/b010/", "-I", "/opt/hostedtoolcache/go/1.27.0/a"..., "-D", "GOOS_linux", "-D", "GOARCH_arm64", "-std", "-o", "/tmp/go-build3734720916/b010/com"..., "/opt/hostedtoolcache/go/1.27.0/a"...], 0xf30a953a488 /* 140 vars */ <unfinished ...>
9505  <... clone resumed>, parent_tid=[11]) = 9644
9644  <... execve resumed>)             = 0
9505  --- SIGURG {si_signo=SIGURG, si_code=SI_TKILL, si_pid=9505, si_uid=1001} ---
9637  exit_group(0)                     = ?
9640  +++ exited with 0 +++
9638  +++ exited with 0 +++
9643  +++ exited with 0 +++
9641  +++ exited with 0 +++
9512  waitid(P_PIDFD, 11,  <unfinished ...>
9639  +++ exited with 0 +++
9637  +++ exited with 0 +++
9546  <... waitid resumed>{si_signo=SIGCHLD, si_code=CLD_EXITED, si_pid=9637, si_uid=1001, si_status=0, si_utime=0, si_stime=0}, WEXITED, {ru_utime={tv_sec=0, tv_usec=1944}, ru_stime={tv_sec=0, tv_usec=3889}, ...}) = 0
9506  --- SIGCHLD {si_signo=SIGCHLD, si_code=CLD_EXITED, si_pid=9637, si_uid=1001, si_status=0, si_utime=0, si_stime=0} ---
9509  clone(child_stack=NULL, flags=CLONE_VM|CLONE_PIDFD|CLONE_VFORK|SIGCHLD <unfinished ...>
9505  tgkill(9505, 9509, SIGURG)        = 0
9505  tgkill(9505, 9507, SIGURG <unfinished ...>
9507  --- SIGURG {si_signo=SIGURG, si_code=SI_TKILL, si_pid=9505, si_uid=1001} ---
9505  <... tgkill resumed>)             = 0
9505  tgkill(9505, 9507, SIGURG)        = 0
9507  --- SIGURG {si_signo=SIGURG, si_code=SI_TKILL, si_pid=9505, si_uid=1001} ---
9505  tgkill(9505, 9546, SIGURG)        = 0
9546  --- SIGURG {si_signo=SIGURG, si_code=SI_TKILL, si_pid=9505, si_uid=1001} ---
9507  clone(child_stack=NULL, flags=CLONE_VM|CLONE_PIDFD|CLONE_VFORK|SIGCHLD <unfinished ...>
9505  tgkill(9505, 9507, SIGURG)        = 0
9645  execve("/opt/hostedtoolcache/go/1.27.0/arm64/pkg/tool/linux_arm64/asm", ["/opt/hostedtoolcache/go/1.27.0/a"..., "-p", "internal/chacha8rand", "-trimpath", "/tmp/go-build3734720916/b013=>", "-I", "/tmp/go-build3734720916/b013/", "-I", "/opt/hostedtoolcache/go/1.27.0/a"..., "-D", "GOOS_linux", "-D", "GOARCH_arm64", "-std", "-o", "/tmp/go-build3734720916/b013/cha"..., "/opt/hostedtoolcache/go/1.27.0/a"...], 0xf30a93e7208 /* 140 vars */ <unfinished ...>
9509  <... clone resumed>, parent_tid=[14]) = 9645
9645  <... execve resumed>)             = 0
9509  --- SIGURG {si_signo=SIGURG, si_code=SI_TKILL, si_pid=9505, si_uid=1001} ---
9646  execve("/opt/hostedtoolcache/go/1.27.0/arm64/pkg/tool/linux_arm64/asm", ["/opt/hostedtoolcache/go/1.27.0/a"..., "-p", "internal/abi", "-trimpath", "/tmp/go-build3734720916/b005=>", "-I", "/tmp/go-build3734720916/b005/", "-I", "/opt/hostedtoolcache/go/1.27.0/a"..., "-D", "GOOS_linux", "-D", "GOARCH_arm64", "-std", "-o", "/tmp/go-build3734720916/b005/stu"..., "/opt/hostedtoolcache/go/1.27.0/a"...], 0xf30a94d9688 /* 140 vars */ <unfinished ...>
9507  <... clone resumed>, parent_tid=[22]) = 9646
9507  --- SIGURG {si_signo=SIGURG, si_code=SI_TKILL, si_pid=9505, si_uid=1001} ---
9646  <... execve resumed>)             = 0
9505  waitid(P_PIDFD, 14,  <unfinished ...>
9509  tgkill(9505, 9507, SIGURG)        = 0
9507  --- SIGURG {si_signo=SIGURG, si_code=SI_TKILL, si_pid=9505, si_uid=1001} ---
9642  clone(child_stack=0x4f02fa794000, flags=CLONE_VM|CLONE_FS|CLONE_FILES|CLONE_SIGHAND|CLONE_THREAD|CLONE_SYSVSEM) = 9647
9642  clone(child_stack=0x4f02fa7cc000, flags=CLONE_VM|CLONE_FS|CLONE_FILES|CLONE_SIGHAND|CLONE_THREAD|CLONE_SYSVSEM) = 9648
9647  tgkill(9642, 9642, SIGURG)        = 0
9642  clone(child_stack=0x4f02fa7c8000, flags=CLONE_VM|CLONE_FS|CLONE_FILES|CLONE_SIGHAND|CLONE_THREAD|CLONE_SYSVSEM) = 9649
9642  --- SIGURG {si_signo=SIGURG, si_code=SI_TKILL, si_pid=9642, si_uid=1001} ---
9507  waitid(P_PIDFD, 22,  <unfinished ...>
9648  clone(child_stack=0x4f02fa818000, flags=CLONE_VM|CLONE_FS|CLONE_FILES|CLONE_SIGHAND|CLONE_THREAD|CLONE_SYSVSEM) = 9650
9644  clone(child_stack=0x6c653aa8a000, flags=CLONE_VM|CLONE_FS|CLONE_FILES|CLONE_SIGHAND|CLONE_THREAD|CLONE_SYSVSEM) = 9651
9644  clone(child_stack=0x6c653aac2000, flags=CLONE_VM|CLONE_FS|CLONE_FILES|CLONE_SIGHAND|CLONE_THREAD|CLONE_SYSVSEM <unfinished ...>
9651  tgkill(9644, 9644, SIGURG)        = 0
9644  <... clone resumed>)              = 9652
9644  --- SIGURG {si_signo=SIGURG, si_code=SI_TKILL, si_pid=9644, si_uid=1001} ---
9651  tgkill(9644, 9644, SIGURG)        = 0
9644  clone(child_stack=0x6c653aabe000, flags=CLONE_VM|CLONE_FS|CLONE_FILES|CLONE_SIGHAND|CLONE_THREAD|CLONE_SYSVSEM) = 9653
9652  clone(child_stack=0x6c653ab18000, flags=CLONE_VM|CLONE_FS|CLONE_FILES|CLONE_SIGHAND|CLONE_THREAD|CLONE_SYSVSEM <unfinished ...>
9644  --- SIGURG {si_signo=SIGURG, si_code=SI_TKILL, si_pid=9644, si_uid=1001} ---
9652  <... clone resumed>)              = 9654
9645  clone(child_stack=0x238f97f88000, flags=CLONE_VM|CLONE_FS|CLONE_FILES|CLONE_SIGHAND|CLONE_THREAD|CLONE_SYSVSEM) = 9655
9645  clone(child_stack=0x238f97fc0000, flags=CLONE_VM|CLONE_FS|CLONE_FILES|CLONE_SIGHAND|CLONE_THREAD|CLONE_SYSVSEM) = 9656
9645  clone(child_stack=0x238f97fbc000, flags=CLONE_VM|CLONE_FS|CLONE_FILES|CLONE_SIGHAND|CLONE_THREAD|CLONE_SYSVSEM) = 9657
9646  clone(child_stack=0x3cc0338c4000, flags=CLONE_VM|CLONE_FS|CLONE_FILES|CLONE_SIGHAND|CLONE_THREAD|CLONE_SYSVSEM) = 9658
9655  tgkill(9645, 9657, SIGURG)        = 0
9657  --- SIGURG {si_signo=SIGURG, si_code=SI_TKILL, si_pid=9645, si_uid=1001} ---
9646  clone(child_stack=0x3cc0338fc000, flags=CLONE_VM|CLONE_FS|CLONE_FILES|CLONE_SIGHAND|CLONE_THREAD|CLONE_SYSVSEM) = 9659
9656  clone(child_stack=0x238f98018000, flags=CLONE_VM|CLONE_FS|CLONE_FILES|CLONE_SIGHAND|CLONE_THREAD|CLONE_SYSVSEM) = 9660
9646  clone(child_stack=0x3cc0338f8000, flags=CLONE_VM|CLONE_FS|CLONE_FILES|CLONE_SIGHAND|CLONE_THREAD|CLONE_SYSVSEM) = 9661
9659  clone(child_stack=0x3cc033928000, flags=CLONE_VM|CLONE_FS|CLONE_FILES|CLONE_SIGHAND|CLONE_THREAD|CLONE_SYSVSEM) = 9662
9646  clone(child_stack=0x3cc033924000, flags=CLONE_VM|CLONE_FS|CLONE_FILES|CLONE_SIGHAND|CLONE_THREAD|CLONE_SYSVSEM) = 9663
9642  exit_group(0)                     = ?
9647  +++ exited with 0 +++
9650  +++ exited with 0 +++
9649  +++ exited with 0 +++
9648  +++ exited with 0 +++
9642  +++ exited with 0 +++
9510  <... waitid resumed>{si_signo=SIGCHLD, si_code=CLD_EXITED, si_pid=9642, si_uid=1001, si_status=0, si_utime=0, si_stime=0}, WEXITED, {ru_utime={tv_sec=0, tv_usec=1525}, ru_stime={tv_sec=0, tv_usec=5339}, ...}) = 0
9506  --- SIGCHLD {si_signo=SIGCHLD, si_code=CLD_EXITED, si_pid=9642, si_uid=1001, si_status=0, si_utime=0, si_stime=0} ---
9508  clone(child_stack=NULL, flags=CLONE_VM|CLONE_PIDFD|CLONE_VFORK|SIGCHLD <unfinished ...>
9646  exit_group(0)                     = ?
9663  +++ exited with 0 +++
9662  +++ exited with 0 +++
9661  +++ exited with 0 +++
9658  +++ exited with 0 +++
9659  +++ exited with 0 +++
9646  +++ exited with 0 +++
9644  exit_group(0 <unfinished ...>
9507  <... waitid resumed>{si_signo=SIGCHLD, si_code=CLD_EXITED, si_pid=9646, si_uid=1001, si_status=0, si_utime=0, si_stime=0}, WEXITED, {ru_utime={tv_sec=0, tv_usec=0}, ru_stime={tv_sec=0, tv_usec=5448}, ...}) = 0
9644  <... exit_group resumed>)         = ?
9510  --- SIGCHLD {si_signo=SIGCHLD, si_code=CLD_EXITED, si_pid=9646, si_uid=1001, si_status=0, si_utime=0, si_stime=0} ---
9654  +++ exited with 0 +++
9653  +++ exited with 0 +++
9651  +++ exited with 0 +++
9652  +++ exited with 0 +++
9644  +++ exited with 0 +++
9505  <... waitid resumed>0xf30a961d0d8, WEXITED, 0xf30a924c480) = ? ERESTARTSYS (To be restarted if SA_RESTART is set)
9512  <... waitid resumed>{si_signo=SIGCHLD, si_code=CLD_EXITED, si_pid=9644, si_uid=1001, si_status=0, si_utime=0, si_stime=0}, WEXITED, {ru_utime={tv_sec=0, tv_usec=1152}, ru_stime={tv_sec=0, tv_usec=5761}, ...}) = 0
9505  --- SIGCHLD {si_signo=SIGCHLD, si_code=CLD_EXITED, si_pid=9644, si_uid=1001, si_status=0, si_utime=0, si_stime=0} ---
9505  waitid(P_PIDFD, 14,  <unfinished ...>
9664  execve("/opt/hostedtoolcache/go/1.27.0/arm64/pkg/tool/linux_arm64/compile", ["/opt/hostedtoolcache/go/1.27.0/a"..., "-o", "/tmp/go-build3734720916/b019/_pk"..., "-trimpath", "/tmp/go-build3734720916/b019=>", "-p", "internal/runtime/atomic", "-lang=go1.27", "-std", "-buildid", "rF-DhOCNNsAU_MwFGB8i/rF-DhOCNNsA"..., "-goversion", "go1.27.0", "-symabis", "/tmp/go-build3734720916/b019/sym"..., "-c=4", "-nolocalimports", "-importcfg", "/tmp/go-build3734720916/b019/imp"..., "-pack", "-asmhdr", "/tmp/go-build3734720916/b019/go_"..., "/opt/hostedtoolcache/go/1.27.0/a"..., "/opt/hostedtoolcache/go/1.27.0/a"..., "/opt/hostedtoolcache/go/1.27.0/a"..., "/opt/hostedtoolcache/go/1.27.0/a"..., "/opt/hostedtoolcache/go/1.27.0/a"..., "/opt/hostedtoolcache/go/1.27.0/a"..., "/opt/hostedtoolcache/go/1.27.0/a"..., "/opt/hostedtoolcache/go/1.27.0/a"...], 0xf30a93e6008 /* 140 vars */ <unfinished ...>
9508  <... clone resumed>, parent_tid=[15]) = 9664
9664  <... execve resumed>)             = 0
9512  clone(child_stack=NULL, flags=CLONE_VM|CLONE_PIDFD|CLONE_VFORK|SIGCHLD <unfinished ...>
9508  waitid(P_PIDFD, 15,  <unfinished ...>
9645  exit_group(0)                     = ?
9655  +++ exited with 0 +++
9660  +++ exited with 0 +++
9657  +++ exited with 0 +++
9656  +++ exited with 0 +++
9645  +++ exited with 0 +++
9510  --- SIGCHLD {si_signo=SIGCHLD, si_code=CLD_EXITED, si_pid=9645, si_uid=1001, si_status=0, si_utime=0, si_stime=0} ---
9505  <... waitid resumed>{si_signo=SIGCHLD, si_code=CLD_EXITED, si_pid=9645, si_uid=1001, si_status=0, si_utime=0, si_stime=0}, WEXITED, {ru_utime={tv_sec=0, tv_usec=0}, ru_stime={tv_sec=0, tv_usec=6591}, ...}) = 0
9665  execve("/opt/hostedtoolcache/go/1.27.0/arm64/pkg/tool/linux_arm64/asm", ["/opt/hostedtoolcache/go/1.27.0/a"..., "-p", "internal/bytealg", "-trimpath", "/tmp/go-build3734720916/b010=>", "-I", "/tmp/go-build3734720916/b010/", "-I", "/opt/hostedtoolcache/go/1.27.0/a"..., "-D", "GOOS_linux", "-D", "GOARCH_arm64", "-std", "-o", "/tmp/go-build3734720916/b010/cou"..., "/opt/hostedtoolcache/go/1.27.0/a"...], 0xf30a94d8d88 /* 140 vars */ <unfinished ...>
9512  <... clone resumed>, parent_tid=[7]) = 9665
9665  <... execve resumed>)             = 0
9512  waitid(P_PIDFD, 7,  <unfinished ...>
9664  clone(child_stack=0x6251b8b20000, flags=CLONE_VM|CLONE_FS|CLONE_FILES|CLONE_SIGHAND|CLONE_THREAD|CLONE_SYSVSEM) = 9666
9664  clone(child_stack=0x6251b8b58000, flags=CLONE_VM|CLONE_FS|CLONE_FILES|CLONE_SIGHAND|CLONE_THREAD|CLONE_SYSVSEM) = 9667
9666  tgkill(9664, 9664, SIGURG)        = 0
9664  --- SIGURG {si_signo=SIGURG, si_code=SI_TKILL, si_pid=9664, si_uid=1001} ---
9664  clone(child_stack=0x6251b8b54000, flags=CLONE_VM|CLONE_FS|CLONE_FILES|CLONE_SIGHAND|CLONE_THREAD|CLONE_SYSVSEM) = 9668
9667  clone(child_stack=0x6251b8b98000, flags=CLONE_VM|CLONE_FS|CLONE_FILES|CLONE_SIGHAND|CLONE_THREAD|CLONE_SYSVSEM) = 9669
9665  clone(child_stack=0x19d17a6e2000, flags=CLONE_VM|CLONE_FS|CLONE_FILES|CLONE_SIGHAND|CLONE_THREAD|CLONE_SYSVSEM) = 9670
9665  clone(child_stack=0x19d17a71a000, flags=CLONE_VM|CLONE_FS|CLONE_FILES|CLONE_SIGHAND|CLONE_THREAD|CLONE_SYSVSEM) = 9671
9665  clone(child_stack=0x19d17a716000, flags=CLONE_VM|CLONE_FS|CLONE_FILES|CLONE_SIGHAND|CLONE_THREAD|CLONE_SYSVSEM) = 9672
9671  clone(child_stack=0x19d17a798000, flags=CLONE_VM|CLONE_FS|CLONE_FILES|CLONE_SIGHAND|CLONE_THREAD|CLONE_SYSVSEM) = 9673
9507  clone(child_stack=NULL, flags=CLONE_VM|CLONE_PIDFD|CLONE_VFORK|SIGCHLD <unfinished ...>
9674  execve("/opt/hostedtoolcache/go/1.27.0/arm64/pkg/tool/linux_arm64/compile", ["/opt/hostedtoolcache/go/1.27.0/a"..., "-o", "/tmp/go-build3734720916/b023/_pk"..., "-trimpath", "/tmp/go-build3734720916/b023=>", "-p", "math/bits", "-lang=go1.27", "-std", "-complete", "-buildid", "yBJkprfDw2tqyO_7YvPl/yBJkprfDw2t"..., "-goversion", "go1.27.0", "-c=4", "-nolocalimports", "-importcfg", "/tmp/go-build3734720916/b023/imp"..., "-pack", "/opt/hostedtoolcache/go/1.27.0/a"..., "/opt/hostedtoolcache/go/1.27.0/a"..., "/opt/hostedtoolcache/go/1.27.0/a"...], 0xf30a953a488 /* 140 vars */) = 0
9507  <... clone resumed>, parent_tid=[18]) = 9674
9507  waitid(P_PIDFD, 18,  <unfinished ...>
9666  clone(child_stack=0x6251b8b72000, flags=CLONE_VM|CLONE_FS|CLONE_FILES|CLONE_SIGHAND|CLONE_THREAD|CLONE_SYSVSEM) = 9675
9506  tgkill(9505, 9505, SIGURG)        = 0
9505  --- SIGURG {si_signo=SIGURG, si_code=SI_TKILL, si_pid=9505, si_uid=1001} ---
9665  exit_group(0)                     = ?
9670  +++ exited with 0 +++
9671  +++ exited with 0 +++
9672  +++ exited with 0 +++
9673  +++ exited with 0 +++
9665  +++ exited with 0 +++
9546  --- SIGCHLD {si_signo=SIGCHLD, si_code=CLD_EXITED, si_pid=9665, si_uid=1001, si_status=0, si_utime=0, si_stime=0} ---
9512  <... waitid resumed>{si_signo=SIGCHLD, si_code=CLD_EXITED, si_pid=9665, si_uid=1001, si_status=0, si_utime=0, si_stime=0}, WEXITED, {ru_utime={tv_sec=0, tv_usec=0}, ru_stime={tv_sec=0, tv_usec=7203}, ...}) = 0
9510  clone(child_stack=NULL, flags=CLONE_VM|CLONE_PIDFD|CLONE_VFORK|SIGCHLD <unfinished ...>
9546  clone(child_stack=NULL, flags=CLONE_VM|CLONE_PIDFD|CLONE_VFORK|SIGCHLD <unfinished ...>
9676  execve("/opt/hostedtoolcache/go/1.27.0/arm64/pkg/tool/linux_arm64/asm", ["/opt/hostedtoolcache/go/1.27.0/a"..., "-p", "internal/bytealg", "-trimpath", "/tmp/go-build3734720916/b010=>", "-I", "/tmp/go-build3734720916/b010/", "-I", "/opt/hostedtoolcache/go/1.27.0/a"..., "-D", "GOOS_linux", "-D", "GOARCH_arm64", "-std", "-o", "/tmp/go-build3734720916/b010/equ"..., "/opt/hostedtoolcache/go/1.27.0/a"...], 0xf30a93e6488 /* 140 vars */ <unfinished ...>
9510  <... clone resumed>, parent_tid=[9]) = 9676
9676  <... execve resumed>)             = 0
9677  execve("/opt/hostedtoolcache/go/1.27.0/arm64/pkg/tool/linux_arm64/compile", ["/opt/hostedtoolcache/go/1.27.0/a"..., "-o", "/tmp/go-build3734720916/b025/_pk"..., "-trimpath", "/tmp/go-build3734720916/b025=>", "-p", "internal/runtime/gc", "-lang=go1.27", "-std", "-complete", "-buildid", "Bb01YDdiUWvcfiEQ46UM/Bb01YDdiUWv"..., "-goversion", "go1.27.0", "-c=4", "-nolocalimports", "-importcfg", "/tmp/go-build3734720916/b025/imp"..., "-pack", "/opt/hostedtoolcache/go/1.27.0/a"..., "/opt/hostedtoolcache/go/1.27.0/a"..., "/opt/hostedtoolcache/go/1.27.0/a"...], 0xf30a95fb688 /* 140 vars */ <unfinished ...>
9546  <... clone resumed>, parent_tid=[22]) = 9677
9677  <... execve resumed>)             = 0
9510  waitid(P_PIDFD, 9,  <unfinished ...>
9546  waitid(P_PIDFD, 22,  <unfinished ...>
9674  clone(child_stack=0x7781601f4000, flags=CLONE_VM|CLONE_FS|CLONE_FILES|CLONE_SIGHAND|CLONE_THREAD|CLONE_SYSVSEM) = 9678
9674  clone(child_stack=0x77816022c000, flags=CLONE_VM|CLONE_FS|CLONE_FILES|CLONE_SIGHAND|CLONE_THREAD|CLONE_SYSVSEM) = 9679
9674  clone(child_stack=0x778160228000, flags=CLONE_VM|CLONE_FS|CLONE_FILES|CLONE_SIGHAND|CLONE_THREAD|CLONE_SYSVSEM) = 9680
9679  clone(child_stack=0x778160298000, flags=CLONE_VM|CLONE_FS|CLONE_FILES|CLONE_SIGHAND|CLONE_THREAD|CLONE_SYSVSEM) = 9681
9666  tgkill(9664, 9664, SIGURG)        = 0
9664  --- SIGURG {si_signo=SIGURG, si_code=SI_TKILL, si_pid=9664, si_uid=1001} ---
9676  clone(child_stack=0x5266df970000, flags=CLONE_VM|CLONE_FS|CLONE_FILES|CLONE_SIGHAND|CLONE_THREAD|CLONE_SYSVSEM) = 9682
9676  clone(child_stack=0x5266df9a8000, flags=CLONE_VM|CLONE_FS|CLONE_FILES|CLONE_SIGHAND|CLONE_THREAD|CLONE_SYSVSEM <unfinished ...>
9677  clone(child_stack=0x400a09644000, flags=CLONE_VM|CLONE_FS|CLONE_FILES|CLONE_SIGHAND|CLONE_THREAD|CLONE_SYSVSEM <unfinished ...>
9682  tgkill(9676, 9676, SIGURG <unfinished ...>
9677  <... clone resumed>)              = 9683
9676  <... clone resumed>)              = 9684
9682  <... tgkill resumed>)             = 0
9676  --- SIGURG {si_signo=SIGURG, si_code=SI_TKILL, si_pid=9676, si_uid=1001} ---
9676  clone(child_stack=0x5266df9a4000, flags=CLONE_VM|CLONE_FS|CLONE_FILES|CLONE_SIGHAND|CLONE_THREAD|CLONE_SYSVSEM <unfinished ...>
9683  tgkill(9677, 9677, SIGURG)        = 0
9676  <... clone resumed>)              = 9685
9677  clone(child_stack=0x400a0967c000, flags=CLONE_VM|CLONE_FS|CLONE_FILES|CLONE_SIGHAND|CLONE_THREAD|CLONE_SYSVSEM) = 9686
9677  --- SIGURG {si_signo=SIGURG, si_code=SI_TKILL, si_pid=9677, si_uid=1001} ---
9683  tgkill(9677, 9677, SIGURG)        = 0
9677  --- SIGURG {si_signo=SIGURG, si_code=SI_TKILL, si_pid=9677, si_uid=1001} ---
9677  clone(child_stack=0x400a09678000, flags=CLONE_VM|CLONE_FS|CLONE_FILES|CLONE_SIGHAND|CLONE_THREAD|CLONE_SYSVSEM <unfinished ...>
9684  clone(child_stack=0x5266dfa18000, flags=CLONE_VM|CLONE_FS|CLONE_FILES|CLONE_SIGHAND|CLONE_THREAD|CLONE_SYSVSEM <unfinished ...>
9677  <... clone resumed>)              = 9687
9684  <... clone resumed>)              = 9688
9686  clone(child_stack=0x400a096a0000, flags=CLONE_VM|CLONE_FS|CLONE_FILES|CLONE_SIGHAND|CLONE_THREAD|CLONE_SYSVSEM) = 9689
9676  exit_group(0)                     = ?
9688  +++ exited with 0 +++
9685  +++ exited with 0 +++
9682  +++ exited with 0 +++
9684  +++ exited with 0 +++
9676  +++ exited with 0 +++
9512  --- SIGCHLD {si_signo=SIGCHLD, si_code=CLD_EXITED, si_pid=9676, si_uid=1001, si_status=0, si_utime=0, si_stime=0} ---
9510  <... waitid resumed>{si_signo=SIGCHLD, si_code=CLD_EXITED, si_pid=9676, si_uid=1001, si_status=0, si_utime=0, si_stime=0}, WEXITED, {ru_utime={tv_sec=0, tv_usec=1698}, ru_stime={tv_sec=0, tv_usec=5094}, ...}) = 0
9668  exit_group(0)                     = ?
9675  +++ exited with 0 +++
9669  +++ exited with 0 +++
9667  +++ exited with 0 +++
9666  +++ exited with 0 +++
9668  +++ exited with 0 +++
9664  +++ exited with 0 +++
9512  --- SIGCHLD {si_signo=SIGCHLD, si_code=CLD_EXITED, si_pid=9664, si_uid=1001, si_status=0, si_utime=3 /* 0.03 s */, si_stime=1 /* 0.01 s */} ---
9508  <... waitid resumed>{si_signo=SIGCHLD, si_code=CLD_EXITED, si_pid=9664, si_uid=1001, si_status=0, si_utime=0, si_stime=0}, WEXITED, {ru_utime={tv_sec=0, tv_usec=30180}, ru_stime={tv_sec=0, tv_usec=9431}, ...}) = 0
9512  clone(child_stack=NULL, flags=CLONE_VM|CLONE_PIDFD|CLONE_VFORK|SIGCHLD <unfinished ...>
9510  clone(child_stack=NULL, flags=CLONE_VM|CLONE_PIDFD|CLONE_VFORK|SIGCHLD <unfinished ...>
9689  exit_group(0)                     = ?
9683  +++ exited with 0 +++
9686  +++ exited with 0 +++
9689  +++ exited with 0 +++
9691  execve("/opt/hostedtoolcache/go/1.27.0/arm64/pkg/tool/linux_arm64/asm", ["/opt/hostedtoolcache/go/1.27.0/a"..., "-p", "internal/runtime/atomic", "-trimpath", "/tmp/go-build3734720916/b019=>", "-I", "/tmp/go-build3734720916/b019/", "-I", "/opt/hostedtoolcache/go/1.27.0/a"..., "-D", "GOOS_linux", "-D", "GOARCH_arm64", "-std", "-o", "/tmp/go-build3734720916/b019/ato"..., "/opt/hostedtoolcache/go/1.27.0/a"...], 0xf30a93e6d88 /* 140 vars */ <unfinished ...>
9510  <... clone resumed>, parent_tid=[21]) = 9691
9691  <... execve resumed>)             = 0
9687  +++ exited with 0 +++
9677  +++ exited with 0 +++
9508  --- SIGCHLD {si_signo=SIGCHLD, si_code=CLD_EXITED, si_pid=9677, si_uid=1001, si_status=0, si_utime=0, si_stime=1 /* 0.01 s */} ---
9546  <... waitid resumed>{si_signo=SIGCHLD, si_code=CLD_EXITED, si_pid=9677, si_uid=1001, si_status=0, si_utime=0, si_stime=0}, WEXITED, {ru_utime={tv_sec=0, tv_usec=5285}, ru_stime={tv_sec=0, tv_usec=8306}, ...}) = 0
9510  waitid(P_PIDFD, 21,  <unfinished ...>
9508  tgkill(9505, 9512, SIGURG)        = 0
9690  execve("/opt/hostedtoolcache/go/1.27.0/arm64/pkg/tool/linux_arm64/asm", ["/opt/hostedtoolcache/go/1.27.0/a"..., "-p", "internal/bytealg", "-trimpath", "/tmp/go-build3734720916/b010=>", "-I", "/tmp/go-build3734720916/b010/", "-I", "/opt/hostedtoolcache/go/1.27.0/a"..., "-D", "GOOS_linux", "-D", "GOARCH_arm64", "-std", "-o", "/tmp/go-build3734720916/b010/ind"..., "/opt/hostedtoolcache/go/1.27.0/a"...], 0xf30a95fbb08 /* 140 vars */ <unfinished ...>
9512  <... clone resumed>, parent_tid=[16]) = 9690
9690  <... execve resumed>)             = 0
9512  --- SIGURG {si_signo=SIGURG, si_code=SI_TKILL, si_pid=9505, si_uid=1001} ---
9505  tgkill(9505, 9511, SIGURG)        = 0
9511  --- SIGURG {si_signo=SIGURG, si_code=SI_TKILL, si_pid=9505, si_uid=1001} ---
9505  tgkill(9505, 9508, SIGURG <unfinished ...>
9512  waitid(P_PIDFD, 16,  <unfinished ...>
9505  <... tgkill resumed>)             = 0
9508  --- SIGURG {si_signo=SIGURG, si_code=SI_TKILL, si_pid=9505, si_uid=1001} ---
9679  exit_group(0)                     = ?
9681  +++ exited with 0 +++
9680  +++ exited with 0 +++
9678  +++ exited with 0 +++
9679  +++ exited with 0 +++
9674  +++ exited with 0 +++
9507  <... waitid resumed>{si_signo=SIGCHLD, si_code=CLD_EXITED, si_pid=9674, si_uid=1001, si_status=0, si_utime=0, si_stime=0}, WEXITED, {ru_utime={tv_sec=0, tv_usec=18925}, ru_stime={tv_sec=0, tv_usec=8906}, ...}) = 0
9506  --- SIGCHLD {si_signo=SIGCHLD, si_code=CLD_EXITED, si_pid=9674, si_uid=1001, si_status=0, si_utime=1 /* 0.01 s */, si_stime=0} ---
9508  clone(child_stack=NULL, flags=CLONE_VM|CLONE_PIDFD|CLONE_VFORK|SIGCHLD <unfinished ...>
9691  clone(child_stack=0x4baf83c08000, flags=CLONE_VM|CLONE_FS|CLONE_FILES|CLONE_SIGHAND|CLONE_THREAD|CLONE_SYSVSEM) = 9693
9691  clone(child_stack=0x4baf83c40000, flags=CLONE_VM|CLONE_FS|CLONE_FILES|CLONE_SIGHAND|CLONE_THREAD|CLONE_SYSVSEM) = 9694
9693  tgkill(9691, 9691, SIGURG)        = 0
9691  clone(child_stack=0x4baf83c3c000, flags=CLONE_VM|CLONE_FS|CLONE_FILES|CLONE_SIGHAND|CLONE_THREAD|CLONE_SYSVSEM) = 9695
9691  --- SIGURG {si_signo=SIGURG, si_code=SI_TKILL, si_pid=9691, si_uid=1001} ---
9694  clone(child_stack=0x4baf83c98000, flags=CLONE_VM|CLONE_FS|CLONE_FILES|CLONE_SIGHAND|CLONE_THREAD|CLONE_SYSVSEM) = 9696
9692  execve("/opt/hostedtoolcache/go/1.27.0/arm64/pkg/tool/linux_arm64/asm", ["/opt/hostedtoolcache/go/1.27.0/a"..., "-p", "internal/runtime/sys", "-trimpath", "/tmp/go-build3734720916/b027=>", "-I", "/tmp/go-build3734720916/b027/", "-I", "/opt/hostedtoolcache/go/1.27.0/a"..., "-D", "GOOS_linux", "-D", "GOARCH_arm64", "-std", "-gensymabis", "-o", "/tmp/go-build3734720916/b027/sym"..., "/opt/hostedtoolcache/go/1.27.0/a"..., "/opt/hostedtoolcache/go/1.27.0/a"...], 0xf30a94d8d88 /* 140 vars */ <unfinished ...>
9508  <... clone resumed>, parent_tid=[15]) = 9692
9692  <... execve resumed>)             = 0
9508  waitid(P_PIDFD, 15,  <unfinished ...>
9690  clone(child_stack=0x6bcb90a46000, flags=CLONE_VM|CLONE_FS|CLONE_FILES|CLONE_SIGHAND|CLONE_THREAD|CLONE_SYSVSEM) = 9697
9690  clone(child_stack=0x6bcb90a7e000, flags=CLONE_VM|CLONE_FS|CLONE_FILES|CLONE_SIGHAND|CLONE_THREAD|CLONE_SYSVSEM) = 9698
9697  tgkill(9690, 9690, SIGURG)        = 0
9690  --- SIGURG {si_signo=SIGURG, si_code=SI_TKILL, si_pid=9690, si_uid=1001} ---
9698  clone(child_stack=0x6bcb90a7a000, flags=CLONE_VM|CLONE_FS|CLONE_FILES|CLONE_SIGHAND|CLONE_THREAD|CLONE_SYSVSEM) = 9699
9690  clone(child_stack=0x6bcb90b10000, flags=CLONE_VM|CLONE_FS|CLONE_FILES|CLONE_SIGHAND|CLONE_THREAD|CLONE_SYSVSEM) = 9700
9690  clone(child_stack=0x6bcb90b0c000, flags=CLONE_VM|CLONE_FS|CLONE_FILES|CLONE_SIGHAND|CLONE_THREAD|CLONE_SYSVSEM) = 9701
9691  exit_group(0)                     = ?
9696  +++ exited with 0 +++
9695  +++ exited with 0 +++
9693  +++ exited with 0 +++
9694  +++ exited with 0 +++
9691  +++ exited with 0 +++
9546  --- SIGCHLD {si_signo=SIGCHLD, si_code=CLD_EXITED, si_pid=9691, si_uid=1001, si_status=0, si_utime=0, si_stime=0} ---
9510  <... waitid resumed>{si_signo=SIGCHLD, si_code=CLD_EXITED, si_pid=9691, si_uid=1001, si_status=0, si_utime=0, si_stime=0}, WEXITED, {ru_utime={tv_sec=0, tv_usec=2873}, ru_stime={tv_sec=0, tv_usec=5028}, ...}) = 0
9692  clone(child_stack=0x71f8a6b98000, flags=CLONE_VM|CLONE_FS|CLONE_FILES|CLONE_SIGHAND|CLONE_THREAD|CLONE_SYSVSEM) = 9702
9692  clone(child_stack=0x71f8a6bd0000, flags=CLONE_VM|CLONE_FS|CLONE_FILES|CLONE_SIGHAND|CLONE_THREAD|CLONE_SYSVSEM) = 9703
9702  tgkill(9692, 9692, SIGURG)        = 0
9692  --- SIGURG {si_signo=SIGURG, si_code=SI_TKILL, si_pid=9692, si_uid=1001} ---
9692  clone(child_stack=0x71f8a6bcc000, flags=CLONE_VM|CLONE_FS|CLONE_FILES|CLONE_SIGHAND|CLONE_THREAD|CLONE_SYSVSEM) = 9704
9703  clone(child_stack=0x71f8a6c18000, flags=CLONE_VM|CLONE_FS|CLONE_FILES|CLONE_SIGHAND|CLONE_THREAD|CLONE_SYSVSEM) = 9705
9690  exit_group(0)                     = ?
9701  +++ exited with 0 +++
9700  +++ exited with 0 +++
9698  +++ exited with 0 +++
9697  +++ exited with 0 +++
9699  +++ exited with 0 +++
9690  +++ exited with 0 +++
9512  <... waitid resumed>{si_signo=SIGCHLD, si_code=CLD_EXITED, si_pid=9690, si_uid=1001, si_status=0, si_utime=0, si_stime=0}, WEXITED, {ru_utime={tv_sec=0, tv_usec=2999}, ru_stime={tv_sec=0, tv_usec=4499}, ...}) = 0
9510  --- SIGCHLD {si_signo=SIGCHLD, si_code=CLD_EXITED, si_pid=9690, si_uid=1001, si_status=0, si_utime=0, si_stime=0} ---
9546  clone(child_stack=NULL, flags=CLONE_VM|CLONE_PIDFD|CLONE_VFORK|SIGCHLD <unfinished ...>
9510  clone(child_stack=NULL, flags=CLONE_VM|CLONE_PIDFD|CLONE_VFORK|SIGCHLD <unfinished ...>
9706  execve("/opt/hostedtoolcache/go/1.27.0/arm64/pkg/tool/linux_arm64/compile", ["/opt/hostedtoolcache/go/1.27.0/a"..., "-o", "/tmp/go-build3734720916/b022/_pk"..., "-trimpath", "/tmp/go-build3734720916/b022=>", "-p", "internal/strconv", "-lang=go1.27", "-std", "-complete", "-buildid", "f_fG663AouQm87VJrElI/f_fG663AouQ"..., "-goversion", "go1.27.0", "-c=4", "-nolocalimports", "-importcfg", "/tmp/go-build3734720916/b022/imp"..., "-pack", "/opt/hostedtoolcache/go/1.27.0/a"..., "/opt/hostedtoolcache/go/1.27.0/a"..., "/opt/hostedtoolcache/go/1.27.0/a"..., "/opt/hostedtoolcache/go/1.27.0/a"..., "/opt/hostedtoolcache/go/1.27.0/a"..., "/opt/hostedtoolcache/go/1.27.0/a"..., "/opt/hostedtoolcache/go/1.27.0/a"..., "/opt/hostedtoolcache/go/1.27.0/a"..., "/opt/hostedtoolcache/go/1.27.0/a"..., "/opt/hostedtoolcache/go/1.27.0/a"..., "/opt/hostedtoolcache/go/1.27.0/a"...], 0xf30a95fb688 /* 140 vars */ <unfinished ...>
9506  tgkill(9505, 9546, SIGURG)        = 0
9546  <... clone resumed>, parent_tid=[16]) = 9706
9706  <... execve resumed>)             = 0
9546  --- SIGURG {si_signo=SIGURG, si_code=SI_TKILL, si_pid=9505, si_uid=1001} ---
9707  execve("/opt/hostedtoolcache/go/1.27.0/arm64/pkg/tool/linux_arm64/asm", ["/opt/hostedtoolcache/go/1.27.0/a"..., "-p", "internal/bytealg", "-trimpath", "/tmp/go-build3734720916/b010=>", "-I", "/tmp/go-build3734720916/b010/", "-I", "/opt/hostedtoolcache/go/1.27.0/a"..., "-D", "GOOS_linux", "-D", "GOARCH_arm64", "-std", "-o", "/tmp/go-build3734720916/b010/ind"..., "/opt/hostedtoolcache/go/1.27.0/a"...], 0xf30a93e6008 /* 140 vars */ <unfinished ...>
9510  <... clone resumed>, parent_tid=[21]) = 9707
9707  <... execve resumed>)             = 0
9546  waitid(P_PIDFD, 16,  <unfinished ...>
9510  waitid(P_PIDFD, 21,  <unfinished ...>
9692  exit_group(0)                     = ?
9705  +++ exited with 0 +++
9704  +++ exited with 0 +++
9703  +++ exited with 0 +++
9702  +++ exited with 0 +++
9692  +++ exited with 0 +++
9512  --- SIGCHLD {si_signo=SIGCHLD, si_code=CLD_EXITED, si_pid=9692, si_uid=1001, si_status=0, si_utime=0, si_stime=0} ---
9508  <... waitid resumed>{si_signo=SIGCHLD, si_code=CLD_EXITED, si_pid=9692, si_uid=1001, si_status=0, si_utime=0, si_stime=0}, WEXITED, {ru_utime={tv_sec=0, tv_usec=1584}, ru_stime={tv_sec=0, tv_usec=4753}, ...}) = 0
9508  clone(child_stack=NULL, flags=CLONE_VM|CLONE_PIDFD|CLONE_VFORK|SIGCHLD <unfinished ...>
9506  tgkill(9505, 9505, SIGURG)        = 0
9505  --- SIGURG {si_signo=SIGURG, si_code=SI_TKILL, si_pid=9505, si_uid=1001} ---
9708  execve("/opt/hostedtoolcache/go/1.27.0/arm64/pkg/tool/linux_arm64/compile", ["/opt/hostedtoolcache/go/1.27.0/a"..., "-o", "/tmp/go-build3734720916/b027/_pk"..., "-trimpath", "/tmp/go-build3734720916/b027=>", "-p", "internal/runtime/sys", "-lang=go1.27", "-std", "-buildid", "hb5lYIXQrhdvyuACA4Zm/hb5lYIXQrhd"..., "-goversion", "go1.27.0", "-symabis", "/tmp/go-build3734720916/b027/sym"..., "-c=4", "-nolocalimports", "-importcfg", "/tmp/go-build3734720916/b027/imp"..., "-pack", "-asmhdr", "/tmp/go-build3734720916/b027/go_"..., "/opt/hostedtoolcache/go/1.27.0/a"..., "/opt/hostedtoolcache/go/1.27.0/a"..., "/opt/hostedtoolcache/go/1.27.0/a"..., "/opt/hostedtoolcache/go/1.27.0/a"..., "/opt/hostedtoolcache/go/1.27.0/a"..., "/opt/hostedtoolcache/go/1.27.0/a"..., "/opt/hostedtoolcache/go/1.27.0/a"...], 0xf30a94d9208 /* 140 vars */ <unfinished ...>
9508  <... clone resumed>, parent_tid=[8]) = 9708
9708  <... execve resumed>)             = 0
9508  waitid(P_PIDFD, 8,  <unfinished ...>
9512  clone(child_stack=NULL, flags=CLONE_VM|CLONE_PIDFD|CLONE_VFORK|SIGCHLD <unfinished ...>
9707  clone(child_stack=0x611d4e06c000, flags=CLONE_VM|CLONE_FS|CLONE_FILES|CLONE_SIGHAND|CLONE_THREAD|CLONE_SYSVSEM) = 9710
9707  clone(child_stack=0x611d4e0a4000, flags=CLONE_VM|CLONE_FS|CLONE_FILES|CLONE_SIGHAND|CLONE_THREAD|CLONE_SYSVSEM) = 9711
9710  tgkill(9707, 9707, SIGURG)        = 0
9707  clone(child_stack=0x611d4e0a0000, flags=CLONE_VM|CLONE_FS|CLONE_FILES|CLONE_SIGHAND|CLONE_THREAD|CLONE_SYSVSEM <unfinished ...>
9706  clone(child_stack=0x36793fa56000, flags=CLONE_VM|CLONE_FS|CLONE_FILES|CLONE_SIGHAND|CLONE_THREAD|CLONE_SYSVSEM <unfinished ...>
9707  <... clone resumed>)              = 9712
9707  --- SIGURG {si_signo=SIGURG, si_code=SI_TKILL, si_pid=9707, si_uid=1001} ---
9706  <... clone resumed>)              = 9713
9711  clone(child_stack=0x611d4e118000, flags=CLONE_VM|CLONE_FS|CLONE_FILES|CLONE_SIGHAND|CLONE_THREAD|CLONE_SYSVSEM) = 9714
9709  execve("/opt/hostedtoolcache/go/1.27.0/arm64/pkg/tool/linux_arm64/compile", ["/opt/hostedtoolcache/go/1.27.0/a"..., "-o", "/tmp/go-build3734720916/b024/_pk"..., "-trimpath", "/tmp/go-build3734720916/b024=>", "-p", "internal/runtime/exithook", "-lang=go1.27", "-std", "-complete", "-buildid", "L-6vrqnwTTLYdhpnv_4g/L-6vrqnwTTL"..., "-goversion", "go1.27.0", "-c=4", "-nolocalimports", "-importcfg", "/tmp/go-build3734720916/b024/imp"..., "-pack", "/opt/hostedtoolcache/go/1.27.0/a"...], 0xf30a93e6488 /* 140 vars */ <unfinished ...>
9706  clone(child_stack=0x36793fa90000, flags=CLONE_VM|CLONE_FS|CLONE_FILES|CLONE_SIGHAND|CLONE_THREAD|CLONE_SYSVSEM <unfinished ...>
9512  <... clone resumed>, parent_tid=[12]) = 9709
9709  <... execve resumed>)             = 0
9706  <... clone resumed>)              = 9715
9713  tgkill(9706, 9706, SIGURG)        = 0
9706  clone(child_stack=0x36793fa8c000, flags=CLONE_VM|CLONE_FS|CLONE_FILES|CLONE_SIGHAND|CLONE_THREAD|CLONE_SYSVSEM) = 9716
9512  waitid(P_PIDFD, 12,  <unfinished ...>
9715  clone(child_stack=0x36793fab0000, flags=CLONE_VM|CLONE_FS|CLONE_FILES|CLONE_SIGHAND|CLONE_THREAD|CLONE_SYSVSEM <unfinished ...>
9706  --- SIGURG {si_signo=SIGURG, si_code=SI_TKILL, si_pid=9706, si_uid=1001} ---
9715  <... clone resumed>)              = 9717
9713  clone(child_stack=0x36793ff10000, flags=CLONE_VM|CLONE_FS|CLONE_FILES|CLONE_SIGHAND|CLONE_THREAD|CLONE_SYSVSEM <unfinished ...>
9708  clone(child_stack=0x45476622c000, flags=CLONE_VM|CLONE_FS|CLONE_FILES|CLONE_SIGHAND|CLONE_THREAD|CLONE_SYSVSEM) = 9718
9713  <... clone resumed>)              = 9719
9718  tgkill(9708, 9708, SIGURG <unfinished ...>
9708  clone(child_stack=0x454766264000, flags=CLONE_VM|CLONE_FS|CLONE_FILES|CLONE_SIGHAND|CLONE_THREAD|CLONE_SYSVSEM <unfinished ...>
9718  <... tgkill resumed>)             = 0
9708  <... clone resumed>)              = 9720
9708  --- SIGURG {si_signo=SIGURG, si_code=SI_TKILL, si_pid=9708, si_uid=1001} ---
9718  tgkill(9708, 9708, SIGURG)        = 0
9708  --- SIGURG {si_signo=SIGURG, si_code=SI_TKILL, si_pid=9708, si_uid=1001} ---
9708  clone(child_stack=0x454766260000, flags=CLONE_VM|CLONE_FS|CLONE_FILES|CLONE_SIGHAND|CLONE_THREAD|CLONE_SYSVSEM) = 9721
9720  clone(child_stack=0x454766298000, flags=CLONE_VM|CLONE_FS|CLONE_FILES|CLONE_SIGHAND|CLONE_THREAD|CLONE_SYSVSEM <unfinished ...>
9707  exit_group(0)                     = ?
9714  +++ exited with 0 +++
9712  +++ exited with 0 +++
9711  +++ exited with 0 +++
9720  <... clone resumed>)              = 9722
9710  +++ exited with 0 +++
9707  +++ exited with 0 +++
9510  <... waitid resumed>{si_signo=SIGCHLD, si_code=CLD_EXITED, si_pid=9707, si_uid=1001, si_status=0, si_utime=0, si_stime=0}, WEXITED, {ru_utime={tv_sec=0, tv_usec=1263}, ru_stime={tv_sec=0, tv_usec=5055}, ...}) = 0
9510  --- SIGCHLD {si_signo=SIGCHLD, si_code=CLD_EXITED, si_pid=9707, si_uid=1001, si_status=0, si_utime=0, si_stime=0} ---
9709  clone(child_stack=0x5c52cc6b8000, flags=CLONE_VM|CLONE_FS|CLONE_FILES|CLONE_SIGHAND|CLONE_THREAD|CLONE_SYSVSEM) = 9723
9709  clone(child_stack=0x5c52cc6f0000, flags=CLONE_VM|CLONE_FS|CLONE_FILES|CLONE_SIGHAND|CLONE_THREAD|CLONE_SYSVSEM) = 9724
9723  tgkill(9709, 9709, SIGURG)        = 0
9709  clone(child_stack=0x5c52cc6ec000, flags=CLONE_VM|CLONE_FS|CLONE_FILES|CLONE_SIGHAND|CLONE_THREAD|CLONE_SYSVSEM) = 9725
9709  --- SIGURG {si_signo=SIGURG, si_code=SI_TKILL, si_pid=9709, si_uid=1001} ---
9724  clone(child_stack=0x5c52cc718000, flags=CLONE_VM|CLONE_FS|CLONE_FILES|CLONE_SIGHAND|CLONE_THREAD|CLONE_SYSVSEM) = 9726
9718  clone(child_stack=0x45476627e000, flags=CLONE_VM|CLONE_FS|CLONE_FILES|CLONE_SIGHAND|CLONE_THREAD|CLONE_SYSVSEM) = 9727
9713  tgkill(9706, 9706, SIGURG)        = 0
9706  --- SIGURG {si_signo=SIGURG, si_code=SI_TKILL, si_pid=9706, si_uid=1001} ---
9505  tgkill(9505, 9507, SIGURG)        = 0
9507  --- SIGURG {si_signo=SIGURG, si_code=SI_TKILL, si_pid=9505, si_uid=1001} ---
9511  clone(child_stack=NULL, flags=CLONE_VM|CLONE_PIDFD|CLONE_VFORK|SIGCHLD <unfinished ...>
9723  tgkill(9709, 9709, SIGURG)        = 0
9709  --- SIGURG {si_signo=SIGURG, si_code=SI_TKILL, si_pid=9709, si_uid=1001} ---
9718  tgkill(9708, 9720, SIGURG <unfinished ...>
9720  --- SIGURG {si_signo=SIGURG, si_code=SI_TKILL, si_pid=9708, si_uid=1001} ---
9718  <... tgkill resumed>)             = 0
9726  exit_group(0)                     = ?
9725  +++ exited with 0 +++
9724  +++ exited with 0 +++
9723  +++ exited with 0 +++
9728  execve("/opt/hostedtoolcache/go/1.27.0/arm64/pkg/tool/linux_arm64/compile", ["/opt/hostedtoolcache/go/1.27.0/a"..., "-o", "/tmp/go-build3734720916/b029/_pk"..., "-trimpath", "/tmp/go-build3734720916/b029=>", "-p", "internal/asan", "-lang=go1.27", "-std", "-complete", "-buildid", "Snahoii3H7aBXR6VnsVl/Snahoii3H7a"..., "-goversion", "go1.27.0", "-c=4", "-nolocalimports", "-importcfg", "/tmp/go-build3734720916/b029/imp"..., "-pack", "/opt/hostedtoolcache/go/1.27.0/a"..., "/opt/hostedtoolcache/go/1.27.0/a"...], 0xf30a93e6008 /* 140 vars */ <unfinished ...>
9511  <... clone resumed>, parent_tid=[18]) = 9728
9728  <... execve resumed>)             = 0
9726  +++ exited with 0 +++
9709  +++ exited with 0 +++
9512  <... waitid resumed>{si_signo=SIGCHLD, si_code=CLD_EXITED, si_pid=9709, si_uid=1001, si_status=0, si_utime=0, si_stime=0}, WEXITED, {ru_utime={tv_sec=0, tv_usec=5895}, ru_stime={tv_sec=0, tv_usec=9825}, ...}) = 0
9512  --- SIGCHLD {si_signo=SIGCHLD, si_code=CLD_EXITED, si_pid=9709, si_uid=1001, si_status=0, si_utime=0, si_stime=1 /* 0.01 s */} ---
9511  waitid(P_PIDFD, 18,  <unfinished ...>
9708  exit_group(0 <unfinished ...>
9727  +++ exited with 0 +++
9722  +++ exited with 0 +++
9708  <... exit_group resumed>)         = ?
9721  +++ exited with 0 +++
9720  +++ exited with 0 +++
9718  +++ exited with 0 +++
9708  +++ exited with 0 +++
9508  <... waitid resumed>{si_signo=SIGCHLD, si_code=CLD_EXITED, si_pid=9708, si_uid=1001, si_status=0, si_utime=0, si_stime=0}, WEXITED, {ru_utime={tv_sec=0, tv_usec=11071}, ru_stime={tv_sec=0, tv_usec=8857}, ...}) = 0
9507  --- SIGCHLD {si_signo=SIGCHLD, si_code=CLD_EXITED, si_pid=9708, si_uid=1001, si_status=0, si_utime=1 /* 0.01 s */, si_stime=0} ---
9507  clone(child_stack=NULL, flags=CLONE_VM|CLONE_PIDFD|CLONE_VFORK|SIGCHLD <unfinished ...>
9713  tgkill(9706, 9719, SIGURG)        = 0
9719  --- SIGURG {si_signo=SIGURG, si_code=SI_TKILL, si_pid=9706, si_uid=1001} ---
9729  execve("/opt/hostedtoolcache/go/1.27.0/arm64/pkg/tool/linux_arm64/asm", ["/opt/hostedtoolcache/go/1.27.0/a"..., "-p", "internal/runtime/sys", "-trimpath", "/tmp/go-build3734720916/b027=>", "-I", "/tmp/go-build3734720916/b027/", "-I", "/opt/hostedtoolcache/go/1.27.0/a"..., "-D", "GOOS_linux", "-D", "GOARCH_arm64", "-std", "-o", "/tmp/go-build3734720916/b027/dit"..., "/opt/hostedtoolcache/go/1.27.0/a"...], 0xf30a93e6488 /* 140 vars */) = 0
9510  clone(child_stack=NULL, flags=CLONE_VM|CLONE_PIDFD|CLONE_VFORK|SIGCHLD <unfinished ...>
9507  <... clone resumed>, parent_tid=[8]) = 9729
9728  clone(child_stack=0x452d18dc2000, flags=CLONE_VM|CLONE_FS|CLONE_FILES|CLONE_SIGHAND|CLONE_THREAD|CLONE_SYSVSEM) = 9731
9728  clone(child_stack=0x452d18dfa000, flags=CLONE_VM|CLONE_FS|CLONE_FILES|CLONE_SIGHAND|CLONE_THREAD|CLONE_SYSVSEM) = 9732
9728  clone(child_stack=0x452d18df6000, flags=CLONE_VM|CLONE_FS|CLONE_FILES|CLONE_SIGHAND|CLONE_THREAD|CLONE_SYSVSEM) = 9733
9732  clone(child_stack=0x452d18e28000, flags=CLONE_VM|CLONE_FS|CLONE_FILES|CLONE_SIGHAND|CLONE_THREAD|CLONE_SYSVSEM) = 9734
9730  execve("/opt/hostedtoolcache/go/1.27.0/arm64/pkg/tool/linux_arm64/compile", ["/opt/hostedtoolcache/go/1.27.0/a"..., "-o", "/tmp/go-build3734720916/b030/_pk"..., "-trimpath", "/tmp/go-build3734720916/b030=>", "-p", "internal/msan", "-lang=go1.27", "-std", "-complete", "-buildid", "SalpvnYs6FblIFmlJqe1/SalpvnYs6Fb"..., "-goversion", "go1.27.0", "-c=4", "-nolocalimports", "-importcfg", "/tmp/go-build3734720916/b030/imp"..., "-pack", "/opt/hostedtoolcache/go/1.27.0/a"..., "/opt/hostedtoolcache/go/1.27.0/a"...], 0xf30a94d8d88 /* 140 vars */ <unfinished ...>
9510  <... clone resumed>, parent_tid=[22]) = 9730
9730  <... execve resumed>)             = 0
9507  waitid(P_PIDFD, 8,  <unfinished ...>
9510  waitid(P_PIDFD, 22,  <unfinished ...>
9729  clone(child_stack=0x31bb94506000, flags=CLONE_VM|CLONE_FS|CLONE_FILES|CLONE_SIGHAND|CLONE_THREAD|CLONE_SYSVSEM) = 9735
9729  clone(child_stack=0x31bb9453e000, flags=CLONE_VM|CLONE_FS|CLONE_FILES|CLONE_SIGHAND|CLONE_THREAD|CLONE_SYSVSEM) = 9736
9729  clone(child_stack=0x31bb9453a000, flags=CLONE_VM|CLONE_FS|CLONE_FILES|CLONE_SIGHAND|CLONE_THREAD|CLONE_SYSVSEM) = 9737
9736  clone(child_stack=0x31bb94598000, flags=CLONE_VM|CLONE_FS|CLONE_FILES|CLONE_SIGHAND|CLONE_THREAD|CLONE_SYSVSEM) = 9738
9734  exit_group(0 <unfinished ...>
9738  clone(child_stack=0x31bb94594000, flags=CLONE_VM|CLONE_FS|CLONE_FILES|CLONE_SIGHAND|CLONE_THREAD|CLONE_SYSVSEM <unfinished ...>
9734  <... exit_group resumed>)         = ?
9734  +++ exited with 0 +++
9731  +++ exited with 0 +++
9738  <... clone resumed>)              = 9739
9733  +++ exited with 0 +++
9713  tgkill(9706, 9719, SIGURG)        = 0
9713  tgkill(9706, 9717, SIGURG)        = 0
9717  --- SIGURG {si_signo=SIGURG, si_code=SI_TKILL, si_pid=9706, si_uid=1001} ---
9713  tgkill(9706, 9716, SIGURG)        = 0
9716  --- SIGURG {si_signo=SIGURG, si_code=SI_TKILL, si_pid=9706, si_uid=1001} ---
9713  tgkill(9706, 9706, SIGURG)        = 0
9730  clone(child_stack=0x85cd9afc000, flags=CLONE_VM|CLONE_FS|CLONE_FILES|CLONE_SIGHAND|CLONE_THREAD|CLONE_SYSVSEM <unfinished ...>
9732  +++ exited with 0 +++
9730  <... clone resumed>)              = 9740
9728  +++ exited with 0 +++
9719  --- SIGURG {si_signo=SIGURG, si_code=SI_TKILL, si_pid=9706, si_uid=1001} ---
9706  --- SIGURG {si_signo=SIGURG, si_code=SI_TKILL, si_pid=9706, si_uid=1001} ---
9511  <... waitid resumed>{si_signo=SIGCHLD, si_code=CLD_EXITED, si_pid=9728, si_uid=1001, si_status=0, si_utime=0, si_stime=0}, WEXITED, {ru_utime={tv_sec=0, tv_usec=5322}, ru_stime={tv_sec=0, tv_usec=6209}, ...}) = 0
9508  --- SIGCHLD {si_signo=SIGCHLD, si_code=CLD_EXITED, si_pid=9728, si_uid=1001, si_status=0, si_utime=0, si_stime=0} ---
9730  clone(child_stack=0x85cd9b34000, flags=CLONE_VM|CLONE_FS|CLONE_FILES|CLONE_SIGHAND|CLONE_THREAD|CLONE_SYSVSEM) = 9741
9730  clone(child_stack=0x85cd9b30000, flags=CLONE_VM|CLONE_FS|CLONE_FILES|CLONE_SIGHAND|CLONE_THREAD|CLONE_SYSVSEM) = 9742
9730  clone(child_stack=0x85cd9b58000, flags=CLONE_VM|CLONE_FS|CLONE_FILES|CLONE_SIGHAND|CLONE_THREAD|CLONE_SYSVSEM <unfinished ...>
9741  clone(child_stack=0x85cd9b54000, flags=CLONE_VM|CLONE_FS|CLONE_FILES|CLONE_SIGHAND|CLONE_THREAD|CLONE_SYSVSEM <unfinished ...>
9730  <... clone resumed>)              = 9743
9741  <... clone resumed>)              = 9744
9740  tgkill(9730, 9730, SIGURG)        = 0
9730  --- SIGURG {si_signo=SIGURG, si_code=SI_TKILL, si_pid=9730, si_uid=1001} ---
9735  tgkill(9729, 9729, SIGURG)        = 0
9729  --- SIGURG {si_signo=SIGURG, si_code=SI_TKILL, si_pid=9729, si_uid=1001} ---
9506  tgkill(9505, 9508, SIGURG)        = 0
9508  --- SIGURG {si_signo=SIGURG, si_code=SI_TKILL, si_pid=9505, si_uid=1001} ---
9729  exit_group(0)                     = ?
9739  +++ exited with 0 +++
9737  +++ exited with 0 +++
9735  +++ exited with 0 +++
9736  +++ exited with 0 +++
9738  +++ exited with 0 +++
9729  +++ exited with 0 +++
9512  --- SIGCHLD {si_signo=SIGCHLD, si_code=CLD_EXITED, si_pid=9729, si_uid=1001, si_status=0, si_utime=0, si_stime=0} ---
9507  <... waitid resumed>{si_signo=SIGCHLD, si_code=CLD_EXITED, si_pid=9729, si_uid=1001, si_status=0, si_utime=0, si_stime=0}, WEXITED, {ru_utime={tv_sec=0, tv_usec=1355}, ru_stime={tv_sec=0, tv_usec=6776}, ...}) = 0
9512  clone(child_stack=NULL, flags=CLONE_VM|CLONE_PIDFD|CLONE_VFORK|SIGCHLD <unfinished ...>
9744  exit_group(0)                     = ?
9744  +++ exited with 0 +++
9743  +++ exited with 0 +++
9742  +++ exited with 0 +++
9741  +++ exited with 0 +++
9745  execve("/opt/hostedtoolcache/go/1.27.0/arm64/pkg/tool/linux_arm64/asm", ["/opt/hostedtoolcache/go/1.27.0/a"..., "-p", "internal/runtime/sys", "-trimpath", "/tmp/go-build3734720916/b027=>", "-I", "/tmp/go-build3734720916/b027/", "-I", "/opt/hostedtoolcache/go/1.27.0/a"..., "-D", "GOOS_linux", "-D", "GOARCH_arm64", "-std", "-o", "/tmp/go-build3734720916/b027/emp"..., "/opt/hostedtoolcache/go/1.27.0/a"...], 0xf30a93e6d88 /* 140 vars */ <unfinished ...>
9740  +++ exited with 0 +++
9730  +++ exited with 0 +++
9507  --- SIGCHLD {si_signo=SIGCHLD, si_code=CLD_EXITED, si_pid=9730, si_uid=1001, si_status=0, si_utime=0, si_stime=0} ---
9510  <... waitid resumed>{si_signo=SIGCHLD, si_code=CLD_EXITED, si_pid=9730, si_uid=1001, si_status=0, si_utime=0, si_stime=0}, WEXITED, {ru_utime={tv_sec=0, tv_usec=5018}, ru_stime={tv_sec=0, tv_usec=7527}, ...}) = 0
9512  <... clone resumed>, parent_tid=[14]) = 9745
9745  <... execve resumed>)             = 0
9512  waitid(P_PIDFD, 14,  <unfinished ...>
9511  clone(child_stack=NULL, flags=CLONE_VM|CLONE_PIDFD|CLONE_VFORK|SIGCHLD <unfinished ...>
9713  tgkill(9706, 9719, SIGURG <unfinished ...>
9719  --- SIGURG {si_signo=SIGURG, si_code=SI_TKILL, si_pid=9706, si_uid=1001} ---
9713  <... tgkill resumed>)             = 0
9746  execve("/opt/hostedtoolcache/go/1.27.0/arm64/pkg/tool/linux_arm64/compile", ["/opt/hostedtoolcache/go/1.27.0/a"..., "-o", "/tmp/go-build3734720916/b031/_pk"..., "-trimpath", "/tmp/go-build3734720916/b031=>", "-p", "internal/race", "-lang=go1.27", "-std", "-complete", "-buildid", "LM_jpfbmgh_qCeAVD4lm/LM_jpfbmgh_"..., "-goversion", "go1.27.0", "-c=4", "-nolocalimports", "-importcfg", "/tmp/go-build3734720916/b031/imp"..., "-pack", "/opt/hostedtoolcache/go/1.27.0/a"..., "/opt/hostedtoolcache/go/1.27.0/a"...], 0xf30a95fb688 /* 140 vars */ <unfinished ...>
9511  <... clone resumed>, parent_tid=[13]) = 9746
9746  <... execve resumed>)             = 0
9511  waitid(P_PIDFD, 13,  <unfinished ...>
9717  exit_group(0)                     = ?
9717  +++ exited with 0 +++
9713  +++ exited with 0 +++
9719  +++ exited with 0 +++
9715  +++ exited with 0 +++
9506  tgkill(9505, 9510, SIGURG)        = 0
9510  --- SIGURG {si_signo=SIGURG, si_code=SI_TKILL, si_pid=9505, si_uid=1001} ---
9507  clone(child_stack=NULL, flags=CLONE_VM|CLONE_PIDFD|CLONE_VFORK|SIGCHLD <unfinished ...>
9745  clone(child_stack=0x2f1ee3e2000, flags=CLONE_VM|CLONE_FS|CLONE_FILES|CLONE_SIGHAND|CLONE_THREAD|CLONE_SYSVSEM) = 9748
9745  clone(child_stack=0x2f1ee41a000, flags=CLONE_VM|CLONE_FS|CLONE_FILES|CLONE_SIGHAND|CLONE_THREAD|CLONE_SYSVSEM <unfinished ...>
9716  +++ exited with 0 +++
9706  +++ exited with 0 +++
9546  <... waitid resumed>{si_signo=SIGCHLD, si_code=CLD_EXITED, si_pid=9706, si_uid=1001, si_status=0, si_utime=0, si_stime=0}, WEXITED, {ru_utime={tv_sec=0, tv_usec=104050}, ru_stime={tv_sec=0, tv_usec=18918}, ...}) = 0
9745  <... clone resumed>)              = 9749
9508  --- SIGCHLD {si_signo=SIGCHLD, si_code=CLD_EXITED, si_pid=9706, si_uid=1001, si_status=0, si_utime=11 /* 0.11 s */, si_stime=2 /* 0.02 s */} ---
9745  clone(child_stack=0x2f1ee416000, flags=CLONE_VM|CLONE_FS|CLONE_FILES|CLONE_SIGHAND|CLONE_THREAD|CLONE_SYSVSEM) = 9750
9749  clone(child_stack=0x2f1ee498000, flags=CLONE_VM|CLONE_FS|CLONE_FILES|CLONE_SIGHAND|CLONE_THREAD|CLONE_SYSVSEM) = 9751
9747  execve("/opt/hostedtoolcache/go/1.27.0/arm64/pkg/tool/linux_arm64/compile", ["/opt/hostedtoolcache/go/1.27.0/a"..., "-o", "/tmp/go-build3734720916/b032/_pk"..., "-trimpath", "/tmp/go-build3734720916/b032=>", "-p", "internal/runtime/math", "-lang=go1.27", "-std", "-complete", "-buildid", "Rl5bQFERfBHM5Kv1jXzG/Rl5bQFERfBH"..., "-goversion", "go1.27.0", "-c=4", "-nolocalimports", "-importcfg", "/tmp/go-build3734720916/b032/imp"..., "-pack", "/opt/hostedtoolcache/go/1.27.0/a"...], 0xf30a953a488 /* 140 vars */ <unfinished ...>
9507  <... clone resumed>, parent_tid=[18]) = 9747
9747  <... execve resumed>)             = 0
9507  waitid(P_PIDFD, 18,  <unfinished ...>
9746  clone(child_stack=0x1bef9357a000, flags=CLONE_VM|CLONE_FS|CLONE_FILES|CLONE_SIGHAND|CLONE_THREAD|CLONE_SYSVSEM) = 9752
9746  clone(child_stack=0x1bef935b2000, flags=CLONE_VM|CLONE_FS|CLONE_FILES|CLONE_SIGHAND|CLONE_THREAD|CLONE_SYSVSEM <unfinished ...>
9752  tgkill(9746, 9746, SIGURG)        = 0
9746  <... clone resumed>)              = 9753
9746  --- SIGURG {si_signo=SIGURG, si_code=SI_TKILL, si_pid=9746, si_uid=1001} ---
9752  tgkill(9746, 9746, SIGURG)        = 0
9746  clone(child_stack=0x1bef935ae000, flags=CLONE_VM|CLONE_FS|CLONE_FILES|CLONE_SIGHAND|CLONE_THREAD|CLONE_SYSVSEM) = 9754
9746  --- SIGURG {si_signo=SIGURG, si_code=SI_TKILL, si_pid=9746, si_uid=1001} ---
9753  clone(child_stack=0x1bef93618000, flags=CLONE_VM|CLONE_FS|CLONE_FILES|CLONE_SIGHAND|CLONE_THREAD|CLONE_SYSVSEM) = 9755
9745  exit_group(0)                     = ?
9751  +++ exited with 0 +++
9750  +++ exited with 0 +++
9748  +++ exited with 0 +++
9749  +++ exited with 0 +++
9745  +++ exited with 0 +++
9546  --- SIGCHLD {si_signo=SIGCHLD, si_code=CLD_EXITED, si_pid=9745, si_uid=1001, si_status=0, si_utime=0, si_stime=0} ---
9512  <... waitid resumed>{si_signo=SIGCHLD, si_code=CLD_EXITED, si_pid=9745, si_uid=1001, si_status=0, si_utime=0, si_stime=0}, WEXITED, {ru_utime={tv_sec=0, tv_usec=764}, ru_stime={tv_sec=0, tv_usec=4589}, ...}) = 0
9747  clone(child_stack=0x363552918000, flags=CLONE_VM|CLONE_FS|CLONE_FILES|CLONE_SIGHAND|CLONE_THREAD|CLONE_SYSVSEM) = 9756
9747  clone(child_stack=0x363552950000, flags=CLONE_VM|CLONE_FS|CLONE_FILES|CLONE_SIGHAND|CLONE_THREAD|CLONE_SYSVSEM) = 9757
9506  tgkill(9505, 9508, SIGURG)        = 0
9508  --- SIGURG {si_signo=SIGURG, si_code=SI_TKILL, si_pid=9505, si_uid=1001} ---
9747  clone(child_stack=0x36355294c000, flags=CLONE_VM|CLONE_FS|CLONE_FILES|CLONE_SIGHAND|CLONE_THREAD|CLONE_SYSVSEM) = 9758
9757  clone(child_stack=0x363552998000, flags=CLONE_VM|CLONE_FS|CLONE_FILES|CLONE_SIGHAND|CLONE_THREAD|CLONE_SYSVSEM) = 9759
9756  tgkill(9747, 9758, SIGURG)        = 0
9747  clone(child_stack=0x363552994000, flags=CLONE_VM|CLONE_FS|CLONE_FILES|CLONE_SIGHAND|CLONE_THREAD|CLONE_SYSVSEM <unfinished ...>
9758  --- SIGURG {si_signo=SIGURG, si_code=SI_TKILL, si_pid=9747, si_uid=1001} ---
9747  <... clone resumed>)              = 9760
9546  tgkill(9505, 9508, SIGURG)        = 0
9508  clone(child_stack=NULL, flags=CLONE_VM|CLONE_PIDFD|CLONE_VFORK|SIGCHLD <unfinished ...>
9546  tgkill(9505, 9509, SIGURG)        = 0
9509  --- SIGURG {si_signo=SIGURG, si_code=SI_TKILL, si_pid=9505, si_uid=1001} ---
9546  tgkill(9505, 9510, SIGURG)        = 0
9510  --- SIGURG {si_signo=SIGURG, si_code=SI_TKILL, si_pid=9505, si_uid=1001} ---
9546  tgkill(9505, 9509, SIGURG)        = 0
9509  --- SIGURG {si_signo=SIGURG, si_code=SI_TKILL, si_pid=9505, si_uid=1001} ---
9761  execve("/opt/hostedtoolcache/go/1.27.0/arm64/pkg/tool/linux_arm64/compile", ["/opt/hostedtoolcache/go/1.27.0/a"..., "-o", "/tmp/go-build3734720916/b020/_pk"..., "-trimpath", "/tmp/go-build3734720916/b020=>", "-p", "internal/runtime/cgroup", "-lang=go1.27", "-std", "-complete", "-buildid", "-5oXMvpvNUitWArimBbV/-5oXMvpvNUi"..., "-goversion", "go1.27.0", "-c=4", "-nolocalimports", "-importcfg", "/tmp/go-build3734720916/b020/imp"..., "-pack", "/opt/hostedtoolcache/go/1.27.0/a"..., "/opt/hostedtoolcache/go/1.27.0/a"..., "/opt/hostedtoolcache/go/1.27.0/a"..., "/opt/hostedtoolcache/go/1.27.0/a"...], 0xf30a93e7208 /* 140 vars */ <unfinished ...>
9508  <... clone resumed>, parent_tid=[16]) = 9761
9761  <... execve resumed>)             = 0
9546  tgkill(9505, 9509, SIGURG)        = 0
9508  --- SIGURG {si_signo=SIGURG, si_code=SI_TKILL, si_pid=9505, si_uid=1001} ---
9509  clone(child_stack=NULL, flags=CLONE_VM|CLONE_PIDFD|CLONE_VFORK|SIGCHLD <unfinished ...>
9762  execve("/opt/hostedtoolcache/go/1.27.0/arm64/pkg/tool/linux_arm64/compile", ["/opt/hostedtoolcache/go/1.27.0/a"..., "-o", "/tmp/go-build3734720916/b026/_pk"..., "-trimpath", "/tmp/go-build3734720916/b026=>", "-p", "internal/runtime/gc/scan", "-lang=go1.27", "-std", "-complete", "-buildid", "7N6iVycJuk80ivyeeBlj/7N6iVycJuk8"..., "-goversion", "go1.27.0", "-c=4", "-nolocalimports", "-importcfg", "/tmp/go-build3734720916/b026/imp"..., "-pack", "/opt/hostedtoolcache/go/1.27.0/a"..., "/opt/hostedtoolcache/go/1.27.0/a"..., "/opt/hostedtoolcache/go/1.27.0/a"..., "/opt/hostedtoolcache/go/1.27.0/a"..., "/opt/hostedtoolcache/go/1.27.0/a"...], 0xf30a94d9208 /* 140 vars */ <unfinished ...>
9509  <... clone resumed>, parent_tid=[22]) = 9762
9762  <... execve resumed>)             = 0
9509  --- SIGURG {si_signo=SIGURG, si_code=SI_TKILL, si_pid=9505, si_uid=1001} ---
9546  tgkill(9505, 9510, SIGURG)        = 0
9510  --- SIGURG {si_signo=SIGURG, si_code=SI_TKILL, si_pid=9505, si_uid=1001} ---
9546  tgkill(9505, 9508, SIGURG)        = 0
9508  --- SIGURG {si_signo=SIGURG, si_code=SI_TKILL, si_pid=9505, si_uid=1001} ---
9753  exit_group(0)                     = ?
9754  +++ exited with 0 +++
9755  +++ exited with 0 +++
9752  +++ exited with 0 +++
9753  +++ exited with 0 +++
9746  +++ exited with 0 +++
9506  --- SIGCHLD {si_signo=SIGCHLD, si_code=CLD_EXITED, si_pid=9746, si_uid=1001, si_status=0, si_utime=0, si_stime=0} ---
9546  tgkill(9505, 9505, SIGURG)        = 0
9511  <... waitid resumed>{si_signo=SIGCHLD, si_code=CLD_EXITED, si_pid=9746, si_uid=1001, si_status=0, si_utime=0, si_stime=0}, WEXITED, {ru_utime={tv_sec=0, tv_usec=10015}, ru_stime={tv_sec=0, tv_usec=4292}, ...}) = 0
9505  --- SIGURG {si_signo=SIGURG, si_code=SI_TKILL, si_pid=9505, si_uid=1001} ---
9546  tgkill(9505, 9508, SIGURG)        = 0
9508  --- SIGURG {si_signo=SIGURG, si_code=SI_TKILL, si_pid=9505, si_uid=1001} ---
9505  waitid(P_PIDFD, 22,  <unfinished ...>
9508  waitid(P_PIDFD, 16,  <unfinished ...>
9757  exit_group(0)                     = ?
9759  +++ exited with 0 +++
9758  +++ exited with 0 +++
9760  +++ exited with 0 +++
9756  +++ exited with 0 +++
9757  +++ exited with 0 +++
9747  +++ exited with 0 +++
9511  --- SIGCHLD {si_signo=SIGCHLD, si_code=CLD_EXITED, si_pid=9747, si_uid=1001, si_status=0, si_utime=0, si_stime=0} ---
9507  <... waitid resumed>{si_signo=SIGCHLD, si_code=CLD_EXITED, si_pid=9747, si_uid=1001, si_status=0, si_utime=0, si_stime=0}, WEXITED, {ru_utime={tv_sec=0, tv_usec=6433}, ru_stime={tv_sec=0, tv_usec=6433}, ...}) = 0
9761  clone(child_stack=0x27b4dc4f6000, flags=CLONE_VM|CLONE_FS|CLONE_FILES|CLONE_SIGHAND|CLONE_THREAD|CLONE_SYSVSEM) = 9763
9761  clone(child_stack=0x27b4dc52e000, flags=CLONE_VM|CLONE_FS|CLONE_FILES|CLONE_SIGHAND|CLONE_THREAD|CLONE_SYSVSEM) = 9764
9761  clone(child_stack=0x27b4dc52a000, flags=CLONE_VM|CLONE_FS|CLONE_FILES|CLONE_SIGHAND|CLONE_THREAD|CLONE_SYSVSEM) = 9765
9764  clone(child_stack=0x27b4dc598000, flags=CLONE_VM|CLONE_FS|CLONE_FILES|CLONE_SIGHAND|CLONE_THREAD|CLONE_SYSVSEM) = 9766
9762  clone(child_stack=0x66a2c88c6000, flags=CLONE_VM|CLONE_FS|CLONE_FILES|CLONE_SIGHAND|CLONE_THREAD|CLONE_SYSVSEM) = 9767
9762  clone(child_stack=0x66a2c88fe000, flags=CLONE_VM|CLONE_FS|CLONE_FILES|CLONE_SIGHAND|CLONE_THREAD|CLONE_SYSVSEM <unfinished ...>
9767  tgkill(9762, 9762, SIGURG <unfinished ...>
9762  <... clone resumed>)              = 9768
9767  <... tgkill resumed>)             = 0
9762  --- SIGURG {si_signo=SIGURG, si_code=SI_TKILL, si_pid=9762, si_uid=1001} ---
9767  tgkill(9762, 9762, SIGURG)        = 0
9762  clone(child_stack=0x66a2c88fa000, flags=CLONE_VM|CLONE_FS|CLONE_FILES|CLONE_SIGHAND|CLONE_THREAD|CLONE_SYSVSEM) = 9769
9762  --- SIGURG {si_signo=SIGURG, si_code=SI_TKILL, si_pid=9762, si_uid=1001} ---
9768  clone(child_stack=0x66a2c8920000, flags=CLONE_VM|CLONE_FS|CLONE_FILES|CLONE_SIGHAND|CLONE_THREAD|CLONE_SYSVSEM) = 9770
9511  clone(child_stack=NULL, flags=CLONE_VM|CLONE_PIDFD|CLONE_VFORK|SIGCHLD <unfinished ...>
9763  clone(child_stack=0x27b4dc5b4000, flags=CLONE_VM|CLONE_FS|CLONE_FILES|CLONE_SIGHAND|CLONE_THREAD|CLONE_SYSVSEM) = 9772
9771  execve("/opt/hostedtoolcache/go/1.27.0/arm64/pkg/tool/linux_arm64/compile", ["/opt/hostedtoolcache/go/1.27.0/a"..., "-o", "/tmp/go-build3734720916/b033/_pk"..., "-trimpath", "/tmp/go-build3734720916/b033=>", "-p", "internal/runtime/pprof/label", "-lang=go1.27", "-std", "-complete", "-buildid", "Eg8N_MxFqku91gGqShHx/Eg8N_MxFqku"..., "-goversion", "go1.27.0", "-c=4", "-nolocalimports", "-importcfg", "/tmp/go-build3734720916/b033/imp"..., "-pack", "/opt/hostedtoolcache/go/1.27.0/a"...], 0xf30a95fb688 /* 140 vars */ <unfinished ...>
9511  <... clone resumed>, parent_tid=[14]) = 9771
9771  <... execve resumed>)             = 0
9511  waitid(P_PIDFD, 14,  <unfinished ...>
9546  clone(child_stack=NULL, flags=CLONE_VM|CLONE_PIDFD|CLONE_VFORK|SIGCHLD <unfinished ...>
9506  tgkill(9505, 9546, SIGURG)        = 0
9773  execve("/opt/hostedtoolcache/go/1.27.0/arm64/pkg/tool/linux_arm64/asm", ["/opt/hostedtoolcache/go/1.27.0/a"..., "-p", "internal/runtime/maps", "-trimpath", "/tmp/go-build3734720916/b028=>", "-I", "/tmp/go-build3734720916/b028/", "-I", "/opt/hostedtoolcache/go/1.27.0/a"..., "-D", "GOOS_linux", "-D", "GOARCH_arm64", "-std", "-gensymabis", "-o", "/tmp/go-build3734720916/b028/sym"..., "/opt/hostedtoolcache/go/1.27.0/a"...], 0xf30a953a488 /* 140 vars */ <unfinished ...>
9546  <... clone resumed>, parent_tid=[15]) = 9773
9773  <... execve resumed>)             = 0
9546  --- SIGURG {si_signo=SIGURG, si_code=SI_TKILL, si_pid=9505, si_uid=1001} ---
9507  waitid(P_PIDFD, 15,  <unfinished ...>
9771  clone(child_stack=0x5ac8d4526000, flags=CLONE_VM|CLONE_FS|CLONE_FILES|CLONE_SIGHAND|CLONE_THREAD|CLONE_SYSVSEM) = 9774
9771  clone(child_stack=0x5ac8d455e000, flags=CLONE_VM|CLONE_FS|CLONE_FILES|CLONE_SIGHAND|CLONE_THREAD|CLONE_SYSVSEM <unfinished ...>
9774  tgkill(9771, 9771, SIGURG)        = 0
9771  <... clone resumed>)              = 9775
9771  --- SIGURG {si_signo=SIGURG, si_code=SI_TKILL, si_pid=9771, si_uid=1001} ---
9774  tgkill(9771, 9771, SIGURG)        = 0
9771  clone(child_stack=0x5ac8d455a000, flags=CLONE_VM|CLONE_FS|CLONE_FILES|CLONE_SIGHAND|CLONE_THREAD|CLONE_SYSVSEM) = 9776
9771  --- SIGURG {si_signo=SIGURG, si_code=SI_TKILL, si_pid=9771, si_uid=1001} ---
9763  tgkill(9761, 9772, SIGURG)        = 0
9772  --- SIGURG {si_signo=SIGURG, si_code=SI_TKILL, si_pid=9761, si_uid=1001} ---
9775  clone(child_stack=0x5ac8d4598000, flags=CLONE_VM|CLONE_FS|CLONE_FILES|CLONE_SIGHAND|CLONE_THREAD|CLONE_SYSVSEM) = 9777
9773  clone(child_stack=0x72fe5fcdc000, flags=CLONE_VM|CLONE_FS|CLONE_FILES|CLONE_SIGHAND|CLONE_THREAD|CLONE_SYSVSEM) = 9778
9767  tgkill(9762, 9768, SIGURG)        = 0
9768  --- SIGURG {si_signo=SIGURG, si_code=SI_TKILL, si_pid=9762, si_uid=1001} ---
9773  clone(child_stack=0x72fe5fd18000, flags=CLONE_VM|CLONE_FS|CLONE_FILES|CLONE_SIGHAND|CLONE_THREAD|CLONE_SYSVSEM) = 9779
9773  clone(child_stack=0x72fe5fd14000, flags=CLONE_VM|CLONE_FS|CLONE_FILES|CLONE_SIGHAND|CLONE_THREAD|CLONE_SYSVSEM) = 9780
9773  clone(child_stack=0x72fe5fd3c000, flags=CLONE_VM|CLONE_FS|CLONE_FILES|CLONE_SIGHAND|CLONE_THREAD|CLONE_SYSVSEM) = 9781
9779  clone(child_stack=0x72fe5fd40000, flags=CLONE_VM|CLONE_FS|CLONE_FILES|CLONE_SIGHAND|CLONE_THREAD|CLONE_SYSVSEM) = 9782
9763  tgkill(9761, 9761, SIGURG)        = 0
9761  --- SIGURG {si_signo=SIGURG, si_code=SI_TKILL, si_pid=9761, si_uid=1001} ---
9774  tgkill(9771, 9771, SIGURG)        = 0
9771  --- SIGURG {si_signo=SIGURG, si_code=SI_TKILL, si_pid=9771, si_uid=1001} ---
9773  exit_group(0)                     = ?
9781  +++ exited with 0 +++
9780  +++ exited with 0 +++
9779  +++ exited with 0 +++
9778  +++ exited with 0 +++
9782  +++ exited with 0 +++
9762  exit_group(0)                     = ?
9770  +++ exited with 0 +++
9767  +++ exited with 0 +++
9768  +++ exited with 0 +++
9773  +++ exited with 0 +++
9507  <... waitid resumed>{si_signo=SIGCHLD, si_code=CLD_EXITED, si_pid=9773, si_uid=1001, si_status=0, si_utime=0, si_stime=0}, WEXITED, {ru_utime={tv_sec=0, tv_usec=2179}, ru_stime={tv_sec=0, tv_usec=4359}, ...}) = 0
9769  +++ exited with 0 +++
9762  +++ exited with 0 +++
9546  --- SIGCHLD {si_signo=SIGCHLD, si_code=CLD_EXITED, si_pid=9773, si_uid=1001, si_status=0, si_utime=0, si_stime=0} ---
9507  --- SIGCHLD {si_signo=SIGCHLD, si_code=CLD_EXITED, si_pid=9762, si_uid=1001, si_status=0, si_utime=1 /* 0.01 s */, si_stime=0} ---
9505  <... waitid resumed>{si_signo=SIGCHLD, si_code=CLD_EXITED, si_pid=9762, si_uid=1001, si_status=0, si_utime=0, si_stime=0}, WEXITED, {ru_utime={tv_sec=0, tv_usec=13469}, ru_stime={tv_sec=0, tv_usec=8659}, ...}) = 0
9761  exit_group(0)                     = ?
9772  +++ exited with 0 +++
9766  +++ exited with 0 +++
9763  +++ exited with 0 +++
9765  +++ exited with 0 +++
9764  +++ exited with 0 +++
9761  +++ exited with 0 +++
9510  --- SIGCHLD {si_signo=SIGCHLD, si_code=CLD_EXITED, si_pid=9761, si_uid=1001, si_status=0, si_utime=3 /* 0.03 s */, si_stime=1 /* 0.01 s */} ---
9508  <... waitid resumed>{si_signo=SIGCHLD, si_code=CLD_EXITED, si_pid=9761, si_uid=1001, si_status=0, si_utime=0, si_stime=0}, WEXITED, {ru_utime={tv_sec=0, tv_usec=30463}, ru_stime={tv_sec=0, tv_usec=9826}, ...}) = 0
9774  tgkill(9771, 9771, SIGURG)        = 0
9771  --- SIGURG {si_signo=SIGURG, si_code=SI_TKILL, si_pid=9771, si_uid=1001} ---
9509  clone(child_stack=NULL, flags=CLONE_VM|CLONE_PIDFD|CLONE_VFORK|SIGCHLD <unfinished ...>
9776  exit_group(0)                     = ?
9777  +++ exited with 0 +++
9776  +++ exited with 0 +++
9775  +++ exited with 0 +++
9774  +++ exited with 0 +++
9771  +++ exited with 0 +++
9511  <... waitid resumed>{si_signo=SIGCHLD, si_code=CLD_EXITED, si_pid=9771, si_uid=1001, si_status=0, si_utime=0, si_stime=0}, WEXITED, {ru_utime={tv_sec=0, tv_usec=5446}, ru_stime={tv_sec=0, tv_usec=6807}, ...}) = 0
9507  --- SIGCHLD {si_signo=SIGCHLD, si_code=CLD_EXITED, si_pid=9771, si_uid=1001, si_status=0, si_utime=0, si_stime=0} ---
9783  execve("/opt/hostedtoolcache/go/1.27.0/arm64/pkg/tool/linux_arm64/compile", ["/opt/hostedtoolcache/go/1.27.0/a"..., "-o", "/tmp/go-build3734720916/b028/_pk"..., "-trimpath", "/tmp/go-build3734720916/b028=>", "-p", "internal/runtime/maps", "-lang=go1.27", "-std", "-buildid", "VWf-lF96smOc6_-4t8NZ/VWf-lF96smO"..., "-goversion", "go1.27.0", "-symabis", "/tmp/go-build3734720916/b028/sym"..., "-c=4", "-nolocalimports", "-importcfg", "/tmp/go-build3734720916/b028/imp"..., "-pack", "-asmhdr", "/tmp/go-build3734720916/b028/go_"..., "/opt/hostedtoolcache/go/1.27.0/a"..., "/opt/hostedtoolcache/go/1.27.0/a"..., "/opt/hostedtoolcache/go/1.27.0/a"..., "/opt/hostedtoolcache/go/1.27.0/a"..., "/opt/hostedtoolcache/go/1.27.0/a"..., "/opt/hostedtoolcache/go/1.27.0/a"..., "/opt/hostedtoolcache/go/1.27.0/a"..., "/opt/hostedtoolcache/go/1.27.0/a"..., "/opt/hostedtoolcache/go/1.27.0/a"..., "/opt/hostedtoolcache/go/1.27.0/a"..., ...], 0xf30a93e6488 /* 140 vars */ <unfinished ...>
9509  <... clone resumed>, parent_tid=[16]) = 9783
9783  <... execve resumed>)             = 0
9509  waitid(P_PIDFD, 16,  <unfinished ...>
9507  clone(child_stack=NULL, flags=CLONE_VM|CLONE_PIDFD|CLONE_VFORK|SIGCHLD <unfinished ...>
9511  tgkill(9505, 9507, SIGURG)        = 0
9511  tgkill(9505, 9510, SIGURG)        = 0
9510  --- SIGURG {si_signo=SIGURG, si_code=SI_TKILL, si_pid=9505, si_uid=1001} ---
9784  execve("/opt/hostedtoolcache/go/1.27.0/arm64/pkg/tool/linux_arm64/compile", ["/opt/hostedtoolcache/go/1.27.0/a"..., "-o", "/tmp/go-build3734720916/b034/_pk"..., "-trimpath", "/tmp/go-build3734720916/b034=>", "-p", "internal/stringslite", "-lang=go1.27", "-std", "-complete", "-buildid", "0N5wFt4fbj0ov3472Cb5/0N5wFt4fbj0"..., "-goversion", "go1.27.0", "-c=4", "-nolocalimports", "-importcfg", "/tmp/go-build3734720916/b034/imp"..., "-pack", "/opt/hostedtoolcache/go/1.27.0/a"...], 0xf30a95fbb08 /* 140 vars */ <unfinished ...>
9507  <... clone resumed>, parent_tid=[15]) = 9784
9784  <... execve resumed>)             = 0
9507  --- SIGURG {si_signo=SIGURG, si_code=SI_TKILL, si_pid=9505, si_uid=1001} ---
9511  tgkill(9505, 9510, SIGURG)        = 0
9510  --- SIGURG {si_signo=SIGURG, si_code=SI_TKILL, si_pid=9505, si_uid=1001} ---
9507  waitid(P_PIDFD, 15,  <unfinished ...>
9783  clone(child_stack=0x134364308000, flags=CLONE_VM|CLONE_FS|CLONE_FILES|CLONE_SIGHAND|CLONE_THREAD|CLONE_SYSVSEM) = 9785
9783  clone(child_stack=0x134364340000, flags=CLONE_VM|CLONE_FS|CLONE_FILES|CLONE_SIGHAND|CLONE_THREAD|CLONE_SYSVSEM) = 9786
9510  clone(child_stack=NULL, flags=CLONE_VM|CLONE_PIDFD|CLONE_VFORK|SIGCHLD <unfinished ...>
9785  tgkill(9783, 9783, SIGURG)        = 0
9783  clone(child_stack=0x13436433c000, flags=CLONE_VM|CLONE_FS|CLONE_FILES|CLONE_SIGHAND|CLONE_THREAD|CLONE_SYSVSEM <unfinished ...>
9505  clone(child_stack=NULL, flags=CLONE_VM|CLONE_PIDFD|CLONE_VFORK|SIGCHLD <unfinished ...>
9783  <... clone resumed>)              = 9788
9783  --- SIGURG {si_signo=SIGURG, si_code=SI_TKILL, si_pid=9783, si_uid=1001} ---
9786  clone(child_stack=0x134364398000, flags=CLONE_VM|CLONE_FS|CLONE_FILES|CLONE_SIGHAND|CLONE_THREAD|CLONE_SYSVSEM) = 9790
9789  execve("/opt/hostedtoolcache/go/1.27.0/arm64/pkg/tool/linux_arm64/compile", ["/opt/hostedtoolcache/go/1.27.0/a"..., "-o", "/tmp/go-build3734720916/b037/_pk"..., "-trimpath", "/tmp/go-build3734720916/b037=>", "-p", "cmp", "-lang=go1.27", "-std", "-complete", "-buildid", "QFGCIvdatxTPzcM_mdIj/QFGCIvdatxT"..., "-goversion", "go1.27.0", "-c=4", "-nolocalimports", "-importcfg", "/tmp/go-build3734720916/b037/imp"..., "-pack", "/opt/hostedtoolcache/go/1.27.0/a"...], 0xf30a953a488 /* 140 vars */ <unfinished ...>
9505  <... clone resumed>, parent_tid=[22]) = 9789
9789  <... execve resumed>)             = 0
9787  execve("/opt/hostedtoolcache/go/1.27.0/arm64/pkg/tool/linux_arm64/compile", ["/opt/hostedtoolcache/go/1.27.0/a"..., "-o", "/tmp/go-build3734720916/b035/_pk"..., "-trimpath", "/tmp/go-build3734720916/b035=>", "-p", "internal/trace/tracev2", "-lang=go1.27", "-std", "-complete", "-buildid", "9X1Bi1Su5X82KuPg6t5X/9X1Bi1Su5X8"..., "-goversion", "go1.27.0", "-c=4", "-nolocalimports", "-importcfg", "/tmp/go-build3734720916/b035/imp"..., "-pack", "/opt/hostedtoolcache/go/1.27.0/a"..., "/opt/hostedtoolcache/go/1.27.0/a"..., "/opt/hostedtoolcache/go/1.27.0/a"...], 0xf30a95fb688 /* 140 vars */ <unfinished ...>
9510  <... clone resumed>, parent_tid=[21]) = 9787
9787  <... execve resumed>)             = 0
9505  waitid(P_PIDFD, 22,  <unfinished ...>
9510  waitid(P_PIDFD, 21,  <unfinished ...>
9784  clone(child_stack=0x78566e37e000, flags=CLONE_VM|CLONE_FS|CLONE_FILES|CLONE_SIGHAND|CLONE_THREAD|CLONE_SYSVSEM) = 9791
9785  clone(child_stack=0x1343643be000, flags=CLONE_VM|CLONE_FS|CLONE_FILES|CLONE_SIGHAND|CLONE_THREAD|CLONE_SYSVSEM) = 9792
9784  clone(child_stack=0x78566e3b6000, flags=CLONE_VM|CLONE_FS|CLONE_FILES|CLONE_SIGHAND|CLONE_THREAD|CLONE_SYSVSEM) = 9793
9784  clone(child_stack=0x78566e3b2000, flags=CLONE_VM|CLONE_FS|CLONE_FILES|CLONE_SIGHAND|CLONE_THREAD|CLONE_SYSVSEM) = 9794
9784  clone(child_stack=0x78566e3da000, flags=CLONE_VM|CLONE_FS|CLONE_FILES|CLONE_SIGHAND|CLONE_THREAD|CLONE_SYSVSEM <unfinished ...>
9793  clone(child_stack=0x78566e3d6000, flags=CLONE_VM|CLONE_FS|CLONE_FILES|CLONE_SIGHAND|CLONE_THREAD|CLONE_SYSVSEM <unfinished ...>
9784  <... clone resumed>)              = 9795
9793  <... clone resumed>)              = 9796
9789  clone(child_stack=0x4c647edba000, flags=CLONE_VM|CLONE_FS|CLONE_FILES|CLONE_SIGHAND|CLONE_THREAD|CLONE_SYSVSEM) = 9797
9789  clone(child_stack=0x4c647edf2000, flags=CLONE_VM|CLONE_FS|CLONE_FILES|CLONE_SIGHAND|CLONE_THREAD|CLONE_SYSVSEM) = 9798
9789  clone(child_stack=0x4c647edee000, flags=CLONE_VM|CLONE_FS|CLONE_FILES|CLONE_SIGHAND|CLONE_THREAD|CLONE_SYSVSEM) = 9799
9798  clone(child_stack=0x4c647ee20000, flags=CLONE_VM|CLONE_FS|CLONE_FILES|CLONE_SIGHAND|CLONE_THREAD|CLONE_SYSVSEM) = 9800
9787  clone(child_stack=0x33e6af63a000, flags=CLONE_VM|CLONE_FS|CLONE_FILES|CLONE_SIGHAND|CLONE_THREAD|CLONE_SYSVSEM) = 9801
9787  clone(child_stack=0x33e6af672000, flags=CLONE_VM|CLONE_FS|CLONE_FILES|CLONE_SIGHAND|CLONE_THREAD|CLONE_SYSVSEM) = 9802
9787  clone(child_stack=0x33e6af66e000, flags=CLONE_VM|CLONE_FS|CLONE_FILES|CLONE_SIGHAND|CLONE_THREAD|CLONE_SYSVSEM) = 9803
9802  clone(child_stack=0x33e6af6a0000, flags=CLONE_VM|CLONE_FS|CLONE_FILES|CLONE_SIGHAND|CLONE_THREAD|CLONE_SYSVSEM) = 9804
9791  tgkill(9784, 9784, SIGURG)        = 0
9784  --- SIGURG {si_signo=SIGURG, si_code=SI_TKILL, si_pid=9784, si_uid=1001} ---
9785  tgkill(9783, 9790, SIGURG)        = 0
9790  --- SIGURG {si_signo=SIGURG, si_code=SI_TKILL, si_pid=9783, si_uid=1001} ---
9789  exit_group(0)                     = ?
9800  +++ exited with 0 +++
9797  +++ exited with 0 +++
9798  +++ exited with 0 +++
9799  +++ exited with 0 +++
9789  +++ exited with 0 +++
9505  <... waitid resumed>{si_signo=SIGCHLD, si_code=CLD_EXITED, si_pid=9789, si_uid=1001, si_status=0, si_utime=0, si_stime=0}, WEXITED, {ru_utime={tv_sec=0, tv_usec=5538}, ru_stime={tv_sec=0, tv_usec=5538}, ...}) = 0
9505  --- SIGCHLD {si_signo=SIGCHLD, si_code=CLD_EXITED, si_pid=9789, si_uid=1001, si_status=0, si_utime=0, si_stime=0} ---
9796  exit_group(0)                     = ?
9796  +++ exited with 0 +++
9795  +++ exited with 0 +++
9793  +++ exited with 0 +++
9791  +++ exited with 0 +++
9794  +++ exited with 0 +++
9784  +++ exited with 0 +++
9505  --- SIGCHLD {si_signo=SIGCHLD, si_code=CLD_EXITED, si_pid=9784, si_uid=1001, si_status=0, si_utime=1 /* 0.01 s */, si_stime=0} ---
9507  <... waitid resumed>{si_signo=SIGCHLD, si_code=CLD_EXITED, si_pid=9784, si_uid=1001, si_status=0, si_utime=0, si_stime=0}, WEXITED, {ru_utime={tv_sec=0, tv_usec=14839}, ru_stime={tv_sec=0, tv_usec=6359}, ...}) = 0
9801  tgkill(9787, 9804, SIGURG <unfinished ...>
9804  --- SIGURG {si_signo=SIGURG, si_code=SI_TKILL, si_pid=9787, si_uid=1001} ---
9801  <... tgkill resumed>)             = 0
9804  exit_group(0)                     = ?
9803  +++ exited with 0 +++
9802  +++ exited with 0 +++
9801  +++ exited with 0 +++
9804  +++ exited with 0 +++
9787  +++ exited with 0 +++
9510  <... waitid resumed>{si_signo=SIGCHLD, si_code=CLD_EXITED, si_pid=9787, si_uid=1001, si_status=0, si_utime=0, si_stime=0}, WEXITED, {ru_utime={tv_sec=0, tv_usec=11161}, ru_stime={tv_sec=0, tv_usec=9132}, ...}) = 0
9506  --- SIGCHLD {si_signo=SIGCHLD, si_code=CLD_EXITED, si_pid=9787, si_uid=1001, si_status=0, si_utime=1 /* 0.01 s */, si_stime=0} ---
9508  tgkill(9505, 9511, SIGURG)        = 0
9511  --- SIGURG {si_signo=SIGURG, si_code=SI_TKILL, si_pid=9505, si_uid=1001} ---
9508  tgkill(9505, 9546, SIGURG)        = 0
9546  --- SIGURG {si_signo=SIGURG, si_code=SI_TKILL, si_pid=9505, si_uid=1001} ---
9510  tgkill(9505, 9508, SIGURG)        = 0
9508  --- SIGURG {si_signo=SIGURG, si_code=SI_TKILL, si_pid=9505, si_uid=1001} ---
9510  tgkill(9505, 9512, SIGURG)        = 0
9512  --- SIGURG {si_signo=SIGURG, si_code=SI_TKILL, si_pid=9505, si_uid=1001} ---
9510  tgkill(9505, 9546, SIGURG)        = 0
9546  --- SIGURG {si_signo=SIGURG, si_code=SI_TKILL, si_pid=9505, si_uid=1001} ---
9510  tgkill(9505, 9507, SIGURG)        = 0
9510  tgkill(9505, 9546, SIGURG <unfinished ...>
9507  --- SIGURG {si_signo=SIGURG, si_code=SI_TKILL, si_pid=9505, si_uid=1001} ---
9510  <... tgkill resumed>)             = 0
9546  --- SIGURG {si_signo=SIGURG, si_code=SI_TKILL, si_pid=9505, si_uid=1001} ---
9512  clone(child_stack=NULL, flags=CLONE_VM|CLONE_PIDFD|CLONE_VFORK|SIGCHLD <unfinished ...>
9785  tgkill(9783, 9790, SIGURG)        = 0
9790  --- SIGURG {si_signo=SIGURG, si_code=SI_TKILL, si_pid=9783, si_uid=1001} ---
9805  execve("/opt/hostedtoolcache/go/1.27.0/arm64/pkg/tool/linux_arm64/compile", ["/opt/hostedtoolcache/go/1.27.0/a"..., "-o", "/tmp/go-build3734720916/b042/_pk"..., "-trimpath", "/tmp/go-build3734720916/b042=>", "-p", "unicode/utf8", "-lang=go1.27", "-std", "-complete", "-buildid", "sPxOZI8mvJlFH6SPYQTK/sPxOZI8mvJl"..., "-goversion", "go1.27.0", "-c=4", "-nolocalimports", "-importcfg", "/tmp/go-build3734720916/b042/imp"..., "-pack", "/opt/hostedtoolcache/go/1.27.0/a"...], 0xf30a953a488 /* 140 vars */ <unfinished ...>
9512  <... clone resumed>, parent_tid=[15]) = 9805
9805  <... execve resumed>)             = 0
9512  waitid(P_PIDFD, 15,  <unfinished ...>
9508  clone(child_stack=NULL, flags=CLONE_VM|CLONE_PIDFD|CLONE_VFORK|SIGCHLD <unfinished ...>
9507  clone(child_stack=NULL, flags=CLONE_VM|CLONE_PIDFD|CLONE_VFORK|SIGCHLD <unfinished ...>
9806  execve("/opt/hostedtoolcache/go/1.27.0/arm64/pkg/tool/linux_arm64/asm", ["/opt/hostedtoolcache/go/1.27.0/a"..., "-p", "math", "-trimpath", "/tmp/go-build3734720916/b040=>", "-I", "/tmp/go-build3734720916/b040/", "-I", "/opt/hostedtoolcache/go/1.27.0/a"..., "-D", "GOOS_linux", "-D", "GOARCH_arm64", "-std", "-gensymabis", "-o", "/tmp/go-build3734720916/b040/sym"..., "/opt/hostedtoolcache/go/1.27.0/a"..., "/opt/hostedtoolcache/go/1.27.0/a"..., "/opt/hostedtoolcache/go/1.27.0/a"...], 0xf30a95fb688 /* 140 vars */ <unfinished ...>
9508  <... clone resumed>, parent_tid=[17]) = 9806
9806  <... execve resumed>)             = 0
9807  execve("/opt/hostedtoolcache/go/1.27.0/arm64/pkg/tool/linux_arm64/asm", ["/opt/hostedtoolcache/go/1.27.0/a"..., "-p", "sync/atomic", "-trimpath", "/tmp/go-build3734720916/b045=>", "-I", "/tmp/go-build3734720916/b045/", "-I", "/opt/hostedtoolcache/go/1.27.0/a"..., "-D", "GOOS_linux", "-D", "GOARCH_arm64", "-std", "-gensymabis", "-o", "/tmp/go-build3734720916/b045/sym"..., "/opt/hostedtoolcache/go/1.27.0/a"...], 0xf30a93e6488 /* 140 vars */ <unfinished ...>
9507  <... clone resumed>, parent_tid=[22]) = 9807
9807  <... execve resumed>)             = 0
9507  waitid(P_PIDFD, 22,  <unfinished ...>
9508  waitid(P_PIDFD, 17,  <unfinished ...>
9805  clone(child_stack=0x421386462000, flags=CLONE_VM|CLONE_FS|CLONE_FILES|CLONE_SIGHAND|CLONE_THREAD|CLONE_SYSVSEM) = 9808
9805  clone(child_stack=0x42138649a000, flags=CLONE_VM|CLONE_FS|CLONE_FILES|CLONE_SIGHAND|CLONE_THREAD|CLONE_SYSVSEM) = 9809
9808  tgkill(9805, 9805, SIGURG)        = 0
9805  --- SIGURG {si_signo=SIGURG, si_code=SI_TKILL, si_pid=9805, si_uid=1001} ---
9805  clone(child_stack=0x421386496000, flags=CLONE_VM|CLONE_FS|CLONE_FILES|CLONE_SIGHAND|CLONE_THREAD|CLONE_SYSVSEM) = 9810
9809  clone(child_stack=0x421386518000, flags=CLONE_VM|CLONE_FS|CLONE_FILES|CLONE_SIGHAND|CLONE_THREAD|CLONE_SYSVSEM) = 9811
9806  clone(child_stack=0x4ce9b8ab0000, flags=CLONE_VM|CLONE_FS|CLONE_FILES|CLONE_SIGHAND|CLONE_THREAD|CLONE_SYSVSEM) = 9812
9806  clone(child_stack=0x4ce9b8ae8000, flags=CLONE_VM|CLONE_FS|CLONE_FILES|CLONE_SIGHAND|CLONE_THREAD|CLONE_SYSVSEM) = 9813
9806  clone(child_stack=0x4ce9b8ae4000, flags=CLONE_VM|CLONE_FS|CLONE_FILES|CLONE_SIGHAND|CLONE_THREAD|CLONE_SYSVSEM) = 9814
9813  clone(child_stack=0x4ce9b8b18000, flags=CLONE_VM|CLONE_FS|CLONE_FILES|CLONE_SIGHAND|CLONE_THREAD|CLONE_SYSVSEM) = 9815
9807  clone(child_stack=0x4ea7a5d00000, flags=CLONE_VM|CLONE_FS|CLONE_FILES|CLONE_SIGHAND|CLONE_THREAD|CLONE_SYSVSEM) = 9816
9807  clone(child_stack=0x4ea7a5d38000, flags=CLONE_VM|CLONE_FS|CLONE_FILES|CLONE_SIGHAND|CLONE_THREAD|CLONE_SYSVSEM) = 9817
9816  tgkill(9807, 9807, SIGURG)        = 0
9807  clone(child_stack=0x4ea7a5d34000, flags=CLONE_VM|CLONE_FS|CLONE_FILES|CLONE_SIGHAND|CLONE_THREAD|CLONE_SYSVSEM) = 9818
9807  --- SIGURG {si_signo=SIGURG, si_code=SI_TKILL, si_pid=9807, si_uid=1001} ---
9817  clone(child_stack=0x4ea7a5d98000, flags=CLONE_VM|CLONE_FS|CLONE_FILES|CLONE_SIGHAND|CLONE_THREAD|CLONE_SYSVSEM) = 9819
9808  tgkill(9805, 9805, SIGURG)        = 0
9805  --- SIGURG {si_signo=SIGURG, si_code=SI_TKILL, si_pid=9805, si_uid=1001} ---
9807  exit_group(0)                     = ?
9819  +++ exited with 0 +++
9818  +++ exited with 0 +++
9816  +++ exited with 0 +++
9817  +++ exited with 0 +++
9807  +++ exited with 0 +++
9510  --- SIGCHLD {si_signo=SIGCHLD, si_code=CLD_EXITED, si_pid=9807, si_uid=1001, si_status=0, si_utime=0, si_stime=0} ---
9507  <... waitid resumed>{si_signo=SIGCHLD, si_code=CLD_EXITED, si_pid=9807, si_uid=1001, si_status=0, si_utime=0, si_stime=0}, WEXITED, {ru_utime={tv_sec=0, tv_usec=1408}, ru_stime={tv_sec=0, tv_usec=4226}, ...}) = 0
9785  tgkill(9783, 9783, SIGURG)        = 0
9783  --- SIGURG {si_signo=SIGURG, si_code=SI_TKILL, si_pid=9783, si_uid=1001} ---
9806  exit_group(0)                     = ?
9813  +++ exited with 0 +++
9812  +++ exited with 0 +++
9815  +++ exited with 0 +++
9814  +++ exited with 0 +++
9806  +++ exited with 0 +++
9510  --- SIGCHLD {si_signo=SIGCHLD, si_code=CLD_EXITED, si_pid=9806, si_uid=1001, si_status=0, si_utime=0, si_stime=0} ---
9510  clone(child_stack=NULL, flags=CLONE_VM|CLONE_PIDFD|CLONE_VFORK|SIGCHLD <unfinished ...>
9508  <... waitid resumed>{si_signo=SIGCHLD, si_code=CLD_EXITED, si_pid=9806, si_uid=1001, si_status=0, si_utime=0, si_stime=0}, WEXITED, {ru_utime={tv_sec=0, tv_usec=4965}, ru_stime={tv_sec=0, tv_usec=1241}, ...}) = 0
9820  execve("/opt/hostedtoolcache/go/1.27.0/arm64/pkg/tool/linux_arm64/compile", ["/opt/hostedtoolcache/go/1.27.0/a"..., "-o", "/tmp/go-build3734720916/b045/_pk"..., "-trimpath", "/tmp/go-build3734720916/b045=>", "-p", "sync/atomic", "-lang=go1.27", "-std", "-buildid", "dFZnyoPPoouU29xo2DJD/dFZnyoPPoou"..., "-goversion", "go1.27.0", "-symabis", "/tmp/go-build3734720916/b045/sym"..., "-c=4", "-nolocalimports", "-importcfg", "/tmp/go-build3734720916/b045/imp"..., "-pack", "-asmhdr", "/tmp/go-build3734720916/b045/go_"..., "/opt/hostedtoolcache/go/1.27.0/a"..., "/opt/hostedtoolcache/go/1.27.0/a"..., "/opt/hostedtoolcache/go/1.27.0/a"..., "/opt/hostedtoolcache/go/1.27.0/a"...], 0xf30a93e6d88 /* 140 vars */ <unfinished ...>
9510  <... clone resumed>, parent_tid=[14]) = 9820
9820  <... execve resumed>)             = 0
9510  waitid(P_PIDFD, 14,  <unfinished ...>
9820  clone(child_stack=0x5afd77872000, flags=CLONE_VM|CLONE_FS|CLONE_FILES|CLONE_SIGHAND|CLONE_THREAD|CLONE_SYSVSEM) = 9821
9820  clone(child_stack=0x5afd778aa000, flags=CLONE_VM|CLONE_FS|CLONE_FILES|CLONE_SIGHAND|CLONE_THREAD|CLONE_SYSVSEM) = 9822
9820  clone(child_stack=0x5afd778a6000, flags=CLONE_VM|CLONE_FS|CLONE_FILES|CLONE_SIGHAND|CLONE_THREAD|CLONE_SYSVSEM) = 9823
9822  clone(child_stack=0x5afd77918000, flags=CLONE_VM|CLONE_FS|CLONE_FILES|CLONE_SIGHAND|CLONE_THREAD|CLONE_SYSVSEM) = 9824
9508  clone(child_stack=NULL, flags=CLONE_VM|CLONE_PIDFD|CLONE_VFORK|SIGCHLD <unfinished ...>
9825  execve("/opt/hostedtoolcache/go/1.27.0/arm64/pkg/tool/linux_arm64/compile", ["/opt/hostedtoolcache/go/1.27.0/a"..., "-o", "/tmp/go-build3734720916/b040/_pk"..., "-trimpath", "/tmp/go-build3734720916/b040=>", "-p", "math", "-lang=go1.27", "-std", "-buildid", "XxnkyBnDjsRy3C3znD9Z/XxnkyBnDjsR"..., "-goversion", "go1.27.0", "-symabis", "/tmp/go-build3734720916/b040/sym"..., "-c=4", "-nolocalimports", "-importcfg", "/tmp/go-build3734720916/b040/imp"..., "-pack", "-asmhdr", "/tmp/go-build3734720916/b040/go_"..., "/opt/hostedtoolcache/go/1.27.0/a"..., "/opt/hostedtoolcache/go/1.27.0/a"..., "/opt/hostedtoolcache/go/1.27.0/a"..., "/opt/hostedtoolcache/go/1.27.0/a"..., "/opt/hostedtoolcache/go/1.27.0/a"..., "/opt/hostedtoolcache/go/1.27.0/a"..., "/opt/hostedtoolcache/go/1.27.0/a"..., "/opt/hostedtoolcache/go/1.27.0/a"..., "/opt/hostedtoolcache/go/1.27.0/a"..., "/opt/hostedtoolcache/go/1.27.0/a"..., ...], 0xf30a94d9688 /* 140 vars */ <unfinished ...>
9508  <... clone resumed>, parent_tid=[18]) = 9825
9825  <... execve resumed>)             = 0
9508  waitid(P_PIDFD, 18,  <unfinished ...>
9821  tgkill(9820, 9824, SIGURG)        = 0
9824  --- SIGURG {si_signo=SIGURG, si_code=SI_TKILL, si_pid=9820, si_uid=1001} ---
9809  exit_group(0)                     = ?
9810  +++ exited with 0 +++
9808  +++ exited with 0 +++
9809  +++ exited with 0 +++
9785  tgkill(9783, 9790, SIGURG)        = 0
9825  clone(child_stack=0x1360463da000, flags=CLONE_VM|CLONE_FS|CLONE_FILES|CLONE_SIGHAND|CLONE_THREAD|CLONE_SYSVSEM) = 9826
9825  clone(child_stack=0x136046412000, flags=CLONE_VM|CLONE_FS|CLONE_FILES|CLONE_SIGHAND|CLONE_THREAD|CLONE_SYSVSEM) = 9827
9825  clone(child_stack=0x13604640e000, flags=CLONE_VM|CLONE_FS|CLONE_FILES|CLONE_SIGHAND|CLONE_THREAD|CLONE_SYSVSEM) = 9828
9790  --- SIGURG {si_signo=SIGURG, si_code=SI_TKILL, si_pid=9783, si_uid=1001} ---
9811  +++ exited with 0 +++
9805  +++ exited with 0 +++
9512  <... waitid resumed>{si_signo=SIGCHLD, si_code=CLD_EXITED, si_pid=9805, si_uid=1001, si_status=0, si_utime=0, si_stime=0}, WEXITED, {ru_utime={tv_sec=0, tv_usec=26429}, ru_stime={tv_sec=0, tv_usec=9148}, ...}) = 0
9512  --- SIGCHLD {si_signo=SIGCHLD, si_code=CLD_EXITED, si_pid=9805, si_uid=1001, si_status=0, si_utime=2 /* 0.02 s */, si_stime=0} ---
9821  tgkill(9820, 9820, SIGURG)        = 0
9820  --- SIGURG {si_signo=SIGURG, si_code=SI_TKILL, si_pid=9820, si_uid=1001} ---
9512  clone(child_stack=NULL, flags=CLONE_VM|CLONE_PIDFD|CLONE_VFORK|SIGCHLD <unfinished ...>
9506  tgkill(9505, 9512, SIGURG)        = 0
9785  tgkill(9783, 9783, SIGURG)        = 0
9783  --- SIGURG {si_signo=SIGURG, si_code=SI_TKILL, si_pid=9783, si_uid=1001} ---
9785  tgkill(9783, 9786, SIGURG)        = 0
9786  --- SIGURG {si_signo=SIGURG, si_code=SI_TKILL, si_pid=9783, si_uid=1001} ---
9785  tgkill(9783, 9792, SIGURG <unfinished ...>
9792  --- SIGURG {si_signo=SIGURG, si_code=SI_TKILL, si_pid=9783, si_uid=1001} ---
9785  <... tgkill resumed>)             = 0
9829  execve("/opt/hostedtoolcache/go/1.27.0/arm64/pkg/tool/linux_arm64/compile", ["/opt/hostedtoolcache/go/1.27.0/a"..., "-o", "/tmp/go-build3734720916/b046/_pk"..., "-trimpath", "/tmp/go-build3734720916/b046=>", "-p", "internal/synctest", "-lang=go1.27", "-std", "-complete", "-buildid", "3aWHADC-mzY1BOg9tLGN/3aWHADC-mzY"..., "-goversion", "go1.27.0", "-c=4", "-nolocalimports", "-importcfg", "/tmp/go-build3734720916/b046/imp"..., "-pack", "/opt/hostedtoolcache/go/1.27.0/a"...], 0xf30a93e7208 /* 140 vars */ <unfinished ...>
9826  tgkill(9825, 9825, SIGURG)        = 0
9512  <... clone resumed>, parent_tid=[17]) = 9829
9829  <... execve resumed>)             = 0
9825  --- SIGURG {si_signo=SIGURG, si_code=SI_TKILL, si_pid=9825, si_uid=1001} ---
9826  tgkill(9825, 9825, SIGURG)        = 0
9825  --- SIGURG {si_signo=SIGURG, si_code=SI_TKILL, si_pid=9825, si_uid=1001} ---
9512  --- SIGURG {si_signo=SIGURG, si_code=SI_TKILL, si_pid=9505, si_uid=1001} ---
9821  tgkill(9820, 9824, SIGURG)        = 0
9512  waitid(P_PIDFD, 17,  <unfinished ...>
9824  --- SIGURG {si_signo=SIGURG, si_code=SI_TKILL, si_pid=9820, si_uid=1001} ---
9826  tgkill(9825, 9828, SIGURG)        = 0
9828  --- SIGURG {si_signo=SIGURG, si_code=SI_TKILL, si_pid=9825, si_uid=1001} ---
9820  exit_group(0)                     = ?
9824  +++ exited with 0 +++
9822  +++ exited with 0 +++
9821  +++ exited with 0 +++
9823  +++ exited with 0 +++
9820  +++ exited with 0 +++
9507  --- SIGCHLD {si_signo=SIGCHLD, si_code=CLD_EXITED, si_pid=9820, si_uid=1001, si_status=0, si_utime=2 /* 0.02 s */, si_stime=0} ---
9510  <... waitid resumed>{si_signo=SIGCHLD, si_code=CLD_EXITED, si_pid=9820, si_uid=1001, si_status=0, si_utime=0, si_stime=0}, WEXITED, {ru_utime={tv_sec=0, tv_usec=31885}, ru_stime={tv_sec=0, tv_usec=7085}, ...}) = 0
9826  clone(child_stack=0x136046460000, flags=CLONE_VM|CLONE_FS|CLONE_FILES|CLONE_SIGHAND|CLONE_THREAD|CLONE_SYSVSEM) = 9830
9827  clone(child_stack=0x136046818000, flags=CLONE_VM|CLONE_FS|CLONE_FILES|CLONE_SIGHAND|CLONE_THREAD|CLONE_SYSVSEM) = 9831
9510  clone(child_stack=NULL, flags=CLONE_VM|CLONE_PIDFD|CLONE_VFORK|SIGCHLD <unfinished ...>
9826  clone(child_stack=0x136046814000, flags=CLONE_VM|CLONE_FS|CLONE_FILES|CLONE_SIGHAND|CLONE_THREAD|CLONE_SYSVSEM) = 9833
9826  clone(child_stack=0x136046858000, flags=CLONE_VM|CLONE_FS|CLONE_FILES|CLONE_SIGHAND|CLONE_THREAD|CLONE_SYSVSEM) = 9834
9826  clone(child_stack=0x136046908000, flags=CLONE_VM|CLONE_FS|CLONE_FILES|CLONE_SIGHAND|CLONE_THREAD|CLONE_SYSVSEM) = 9835
9832  execve("/opt/hostedtoolcache/go/1.27.0/arm64/pkg/tool/linux_arm64/asm", ["/opt/hostedtoolcache/go/1.27.0/a"..., "-p", "sync/atomic", "-trimpath", "/tmp/go-build3734720916/b045=>", "-I", "/tmp/go-build3734720916/b045/", "-I", "/opt/hostedtoolcache/go/1.27.0/a"..., "-D", "GOOS_linux", "-D", "GOARCH_arm64", "-std", "-o", "/tmp/go-build3734720916/b045/asm"..., "/opt/hostedtoolcache/go/1.27.0/a"...], 0xf30a93e7688 /* 140 vars */ <unfinished ...>
9510  <... clone resumed>, parent_tid=[15]) = 9832
9832  <... execve resumed>)             = 0
9510  waitid(P_PIDFD, 15,  <unfinished ...>
9826  clone(child_stack=0x136046a1a000, flags=CLONE_VM|CLONE_FS|CLONE_FILES|CLONE_SIGHAND|CLONE_THREAD|CLONE_SYSVSEM) = 9836
9829  clone(child_stack=0x3ef939bf0000, flags=CLONE_VM|CLONE_FS|CLONE_FILES|CLONE_SIGHAND|CLONE_THREAD|CLONE_SYSVSEM) = 9837
9829  clone(child_stack=0x3ef939c28000, flags=CLONE_VM|CLONE_FS|CLONE_FILES|CLONE_SIGHAND|CLONE_THREAD|CLONE_SYSVSEM) = 9838
9837  tgkill(9829, 9829, SIGURG)        = 0
9829  --- SIGURG {si_signo=SIGURG, si_code=SI_TKILL, si_pid=9829, si_uid=1001} ---
9829  clone(child_stack=0x3ef939c24000, flags=CLONE_VM|CLONE_FS|CLONE_FILES|CLONE_SIGHAND|CLONE_THREAD|CLONE_SYSVSEM <unfinished ...>
9837  tgkill(9829, 9829, SIGURG)        = 0
9829  <... clone resumed>)              = 9839
9829  --- SIGURG {si_signo=SIGURG, si_code=SI_TKILL, si_pid=9829, si_uid=1001} ---
9785  tgkill(9783, 9783, SIGURG)        = 0
9783  --- SIGURG {si_signo=SIGURG, si_code=SI_TKILL, si_pid=9783, si_uid=1001} ---
9785  tgkill(9783, 9786, SIGURG)        = 0
9838  clone(child_stack=0x3ef939c98000, flags=CLONE_VM|CLONE_FS|CLONE_FILES|CLONE_SIGHAND|CLONE_THREAD|CLONE_SYSVSEM <unfinished ...>
9785  tgkill(9783, 9790, SIGURG <unfinished ...>
9790  --- SIGURG {si_signo=SIGURG, si_code=SI_TKILL, si_pid=9783, si_uid=1001} ---
9785  <... tgkill resumed>)             = 0
9838  <... clone resumed>)              = 9840
9829  clone(child_stack=0x3ef939c94000, flags=CLONE_VM|CLONE_FS|CLONE_FILES|CLONE_SIGHAND|CLONE_THREAD|CLONE_SYSVSEM) = 9841
9786  --- SIGURG {si_signo=SIGURG, si_code=SI_TKILL, si_pid=9783, si_uid=1001} ---
9832  clone(child_stack=0xa0db2340000, flags=CLONE_VM|CLONE_FS|CLONE_FILES|CLONE_SIGHAND|CLONE_THREAD|CLONE_SYSVSEM) = 9842
9832  clone(child_stack=0xa0db2378000, flags=CLONE_VM|CLONE_FS|CLONE_FILES|CLONE_SIGHAND|CLONE_THREAD|CLONE_SYSVSEM) = 9843
9832  clone(child_stack=0xa0db2374000, flags=CLONE_VM|CLONE_FS|CLONE_FILES|CLONE_SIGHAND|CLONE_THREAD|CLONE_SYSVSEM) = 9844
9843  clone(child_stack=0xa0db2418000, flags=CLONE_VM|CLONE_FS|CLONE_FILES|CLONE_SIGHAND|CLONE_THREAD|CLONE_SYSVSEM <unfinished ...>
9842  tgkill(9832, 9844, SIGURG)        = 0
9843  <... clone resumed>)              = 9845
9844  --- SIGURG {si_signo=SIGURG, si_code=SI_TKILL, si_pid=9832, si_uid=1001} ---
9832  exit_group(0)                     = ?
9845  +++ exited with 0 +++
9843  +++ exited with 0 +++
9842  +++ exited with 0 +++
9844  +++ exited with 0 +++
9832  +++ exited with 0 +++
9510  <... waitid resumed>{si_signo=SIGCHLD, si_code=CLD_EXITED, si_pid=9832, si_uid=1001, si_status=0, si_utime=0, si_stime=0}, WEXITED, {ru_utime={tv_sec=0, tv_usec=4296}, ru_stime={tv_sec=0, tv_usec=1074}, ...}) = 0
9510  --- SIGCHLD {si_signo=SIGCHLD, si_code=CLD_EXITED, si_pid=9832, si_uid=1001, si_status=0, si_utime=0, si_stime=0} ---
9826  tgkill(9825, 9836, SIGURG)        = 0
9836  --- SIGURG {si_signo=SIGURG, si_code=SI_TKILL, si_pid=9825, si_uid=1001} ---
9837  tgkill(9829, 9829, SIGURG)        = 0
9829  --- SIGURG {si_signo=SIGURG, si_code=SI_TKILL, si_pid=9829, si_uid=1001} ---
9840  exit_group(0)                     = ?
9839  +++ exited with 0 +++
9840  +++ exited with 0 +++
9838  +++ exited with 0 +++
9837  +++ exited with 0 +++
9841  +++ exited with 0 +++
9829  +++ exited with 0 +++
9511  --- SIGCHLD {si_signo=SIGCHLD, si_code=CLD_EXITED, si_pid=9829, si_uid=1001, si_status=0, si_utime=0, si_stime=0} ---
9512  <... waitid resumed>{si_signo=SIGCHLD, si_code=CLD_EXITED, si_pid=9829, si_uid=1001, si_status=0, si_utime=0, si_stime=0}, WEXITED, {ru_utime={tv_sec=0, tv_usec=6328}, ru_stime={tv_sec=0, tv_usec=8437}, ...}) = 0
9511  clone(child_stack=NULL, flags=CLONE_VM|CLONE_PIDFD|CLONE_VFORK|SIGCHLD <unfinished ...>
9786  exit_group(0)                     = ?
9792  +++ exited with 0 +++
9790  +++ exited with 0 +++
9788  +++ exited with 0 +++
9786  +++ exited with 0 +++
9785  +++ exited with 0 +++
9506  tgkill(9505, 9511, SIGURG)        = 0
9846  execve("/opt/hostedtoolcache/go/1.27.0/arm64/pkg/tool/linux_arm64/compile", ["/opt/hostedtoolcache/go/1.27.0/a"..., "-o", "/tmp/go-build3734720916/b044/_pk"..., "-trimpath", "/tmp/go-build3734720916/b044=>", "-p", "internal/sync", "-lang=go1.27", "-std", "-complete", "-buildid", "btWE74ZEOj8X9DgFHmzJ/btWE74ZEOj8"..., "-goversion", "go1.27.0", "-c=4", "-nolocalimports", "-importcfg", "/tmp/go-build3734720916/b044/imp"..., "-pack", "/opt/hostedtoolcache/go/1.27.0/a"..., "/opt/hostedtoolcache/go/1.27.0/a"..., "/opt/hostedtoolcache/go/1.27.0/a"...], 0xf30a95fbb08 /* 140 vars */ <unfinished ...>
9511  <... clone resumed>, parent_tid=[15]) = 9846
9511  --- SIGURG {si_signo=SIGURG, si_code=SI_TKILL, si_pid=9505, si_uid=1001} ---
9846  <... execve resumed>)             = 0
9511  waitid(P_PIDFD, 15,  <unfinished ...>
9783  +++ exited with 0 +++
9512  --- SIGCHLD {si_signo=SIGCHLD, si_code=CLD_EXITED, si_pid=9783, si_uid=1001, si_status=0, si_utime=14 /* 0.14 s */, si_stime=3 /* 0.03 s */} ---
9509  <... waitid resumed>{si_signo=SIGCHLD, si_code=CLD_EXITED, si_pid=9783, si_uid=1001, si_status=0, si_utime=0, si_stime=0}, WEXITED, {ru_utime={tv_sec=0, tv_usec=146598}, ru_stime={tv_sec=0, tv_usec=37896}, ...}) = 0
9510  tgkill(9505, 9509, SIGURG)        = 0
9509  --- SIGURG {si_signo=SIGURG, si_code=SI_TKILL, si_pid=9505, si_uid=1001} ---
9509  clone(child_stack=NULL, flags=CLONE_VM|CLONE_PIDFD|CLONE_VFORK|SIGCHLD <unfinished ...>
9510  tgkill(9505, 9509, SIGURG)        = 0
9510  tgkill(9505, 9507, SIGURG)        = 0
9507  --- SIGURG {si_signo=SIGURG, si_code=SI_TKILL, si_pid=9505, si_uid=1001} ---
9847  execve("/opt/hostedtoolcache/go/1.27.0/arm64/pkg/tool/linux_arm64/asm", ["/opt/hostedtoolcache/go/1.27.0/a"..., "-p", "internal/runtime/maps", "-trimpath", "/tmp/go-build3734720916/b028=>", "-I", "/tmp/go-build3734720916/b028/", "-I", "/opt/hostedtoolcache/go/1.27.0/a"..., "-D", "GOOS_linux", "-D", "GOARCH_arm64", "-std", "-o", "/tmp/go-build3734720916/b028/mem"..., "/opt/hostedtoolcache/go/1.27.0/a"...], 0xf30a9407b08 /* 140 vars */ <unfinished ...>
9509  <... clone resumed>, parent_tid=[16]) = 9847
9509  --- SIGURG {si_signo=SIGURG, si_code=SI_TKILL, si_pid=9505, si_uid=1001} ---
9847  <... execve resumed>)             = 0
9509  waitid(P_PIDFD, 16,  <unfinished ...>
9826  tgkill(9825, 9827, SIGURG)        = 0
9827  --- SIGURG {si_signo=SIGURG, si_code=SI_TKILL, si_pid=9825, si_uid=1001} ---
9546  clone(child_stack=NULL, flags=CLONE_VM|CLONE_PIDFD|CLONE_VFORK|SIGCHLD <unfinished ...>
9846  clone(child_stack=0x6e3af5e00000, flags=CLONE_VM|CLONE_FS|CLONE_FILES|CLONE_SIGHAND|CLONE_THREAD|CLONE_SYSVSEM) = 9849
9846  clone(child_stack=0x6e3af5e38000, flags=CLONE_VM|CLONE_FS|CLONE_FILES|CLONE_SIGHAND|CLONE_THREAD|CLONE_SYSVSEM) = 9850
9849  tgkill(9846, 9846, SIGURG)        = 0
9846  --- SIGURG {si_signo=SIGURG, si_code=SI_TKILL, si_pid=9846, si_uid=1001} ---
9846  clone(child_stack=0x6e3af5e34000, flags=CLONE_VM|CLONE_FS|CLONE_FILES|CLONE_SIGHAND|CLONE_THREAD|CLONE_SYSVSEM) = 9851
9846  clone(child_stack=0x6e3af5e5c000, flags=CLONE_VM|CLONE_FS|CLONE_FILES|CLONE_SIGHAND|CLONE_THREAD|CLONE_SYSVSEM) = 9852
9850  clone(child_stack=0x6e3af5e58000, flags=CLONE_VM|CLONE_FS|CLONE_FILES|CLONE_SIGHAND|CLONE_THREAD|CLONE_SYSVSEM) = 9853
9848  execve("/opt/hostedtoolcache/go/1.27.0/arm64/pkg/tool/linux_arm64/compile", ["/opt/hostedtoolcache/go/1.27.0/a"..., "-o", "/tmp/go-build3734720916/b047/_pk"..., "-trimpath", "/tmp/go-build3734720916/b047=>", "-p", "unicode", "-lang=go1.27", "-std", "-complete", "-buildid", "-DIhXWRMQ687XwM1JZ6Q/-DIhXWRMQ68"..., "-goversion", "go1.27.0", "-c=4", "-nolocalimports", "-importcfg", "/tmp/go-build3734720916/b047/imp"..., "-pack", "/opt/hostedtoolcache/go/1.27.0/a"..., "/opt/hostedtoolcache/go/1.27.0/a"..., "/opt/hostedtoolcache/go/1.27.0/a"..., "/opt/hostedtoolcache/go/1.27.0/a"..., "/opt/hostedtoolcache/go/1.27.0/a"...], 0xf30a95fb688 /* 140 vars */ <unfinished ...>
9546  <... clone resumed>, parent_tid=[17]) = 9848
9848  <... execve resumed>)             = 0
9546  waitid(P_PIDFD, 17,  <unfinished ...>
9847  clone(child_stack=0x5a8578e6000, flags=CLONE_VM|CLONE_FS|CLONE_FILES|CLONE_SIGHAND|CLONE_THREAD|CLONE_SYSVSEM) = 9854
9847  clone(child_stack=0x5a857920000, flags=CLONE_VM|CLONE_FS|CLONE_FILES|CLONE_SIGHAND|CLONE_THREAD|CLONE_SYSVSEM) = 9855
9847  clone(child_stack=0x5a85791c000, flags=CLONE_VM|CLONE_FS|CLONE_FILES|CLONE_SIGHAND|CLONE_THREAD|CLONE_SYSVSEM) = 9856
9855  clone(child_stack=0x5a857998000, flags=CLONE_VM|CLONE_FS|CLONE_FILES|CLONE_SIGHAND|CLONE_THREAD|CLONE_SYSVSEM) = 9857
9848  clone(child_stack=0x74a1f40d2000, flags=CLONE_VM|CLONE_FS|CLONE_FILES|CLONE_SIGHAND|CLONE_THREAD|CLONE_SYSVSEM) = 9858
9848  clone(child_stack=0x74a1f410a000, flags=CLONE_VM|CLONE_FS|CLONE_FILES|CLONE_SIGHAND|CLONE_THREAD|CLONE_SYSVSEM) = 9859
9848  clone(child_stack=0x74a1f4106000, flags=CLONE_VM|CLONE_FS|CLONE_FILES|CLONE_SIGHAND|CLONE_THREAD|CLONE_SYSVSEM) = 9860
9859  clone(child_stack=0x74a1f4198000, flags=CLONE_VM|CLONE_FS|CLONE_FILES|CLONE_SIGHAND|CLONE_THREAD|CLONE_SYSVSEM) = 9861
9858  clone(child_stack=0x74a1f4510000, flags=CLONE_VM|CLONE_FS|CLONE_FILES|CLONE_SIGHAND|CLONE_THREAD|CLONE_SYSVSEM) = 9862
9847  exit_group(0)                     = ?
9854  +++ exited with 0 +++
9855  +++ exited with 0 +++
9857  +++ exited with 0 +++
9856  +++ exited with 0 +++
9847  +++ exited with 0 +++
9509  <... waitid resumed>{si_signo=SIGCHLD, si_code=CLD_EXITED, si_pid=9847, si_uid=1001, si_status=0, si_utime=0, si_stime=0}, WEXITED, {ru_utime={tv_sec=0, tv_usec=4334}, ru_stime={tv_sec=0, tv_usec=2889}, ...}) = 0
9512  --- SIGCHLD {si_signo=SIGCHLD, si_code=CLD_EXITED, si_pid=9847, si_uid=1001, si_status=0, si_utime=0, si_stime=0} ---
9849  tgkill(9846, 9850, SIGURG)        = 0
9850  --- SIGURG {si_signo=SIGURG, si_code=SI_TKILL, si_pid=9846, si_uid=1001} ---
9826  tgkill(9825, 9836, SIGURG)        = 0
9858  tgkill(9848, 9862, SIGURG)        = 0
9862  --- SIGURG {si_signo=SIGURG, si_code=SI_TKILL, si_pid=9848, si_uid=1001} ---
9836  --- SIGURG {si_signo=SIGURG, si_code=SI_TKILL, si_pid=9825, si_uid=1001} ---
9506  tgkill(9505, 9512, SIGURG)        = 0
9512  --- SIGURG {si_signo=SIGURG, si_code=SI_TKILL, si_pid=9505, si_uid=1001} ---
9826  tgkill(9825, 9831, SIGURG)        = 0
9831  --- SIGURG {si_signo=SIGURG, si_code=SI_TKILL, si_pid=9825, si_uid=1001} ---
9826  tgkill(9825, 9827, SIGURG)        = 0
9858  tgkill(9848, 9862, SIGURG)        = 0
9826  tgkill(9825, 9834, SIGURG <unfinished ...>
9862  --- SIGURG {si_signo=SIGURG, si_code=SI_TKILL, si_pid=9848, si_uid=1001} ---
9834  --- SIGURG {si_signo=SIGURG, si_code=SI_TKILL, si_pid=9825, si_uid=1001} ---
9826  <... tgkill resumed>)             = 0
9827  --- SIGURG {si_signo=SIGURG, si_code=SI_TKILL, si_pid=9825, si_uid=1001} ---
9850  exit_group(0)                     = ?
9850  +++ exited with 0 +++
9851  +++ exited with 0 +++
9849  +++ exited with 0 +++
9853  +++ exited with 0 +++
9852  +++ exited with 0 +++
9846  +++ exited with 0 +++
9511  <... waitid resumed>{si_signo=SIGCHLD, si_code=CLD_EXITED, si_pid=9846, si_uid=1001, si_status=0, si_utime=0, si_stime=0}, WEXITED, {ru_utime={tv_sec=0, tv_usec=16722}, ru_stime={tv_sec=0, tv_usec=7803}, ...}) = 0
9509  --- SIGCHLD {si_signo=SIGCHLD, si_code=CLD_EXITED, si_pid=9846, si_uid=1001, si_status=0, si_utime=1 /* 0.01 s */, si_stime=0} ---
9506  tgkill(9505, 9510, SIGURG)        = 0
9510  --- SIGURG {si_signo=SIGURG, si_code=SI_TKILL, si_pid=9505, si_uid=1001} ---
9509  clone(child_stack=NULL, flags=CLONE_VM|CLONE_PIDFD|CLONE_VFORK|SIGCHLD <unfinished ...>
9863  execve("/opt/hostedtoolcache/go/1.27.0/arm64/pkg/tool/linux_arm64/compile", ["/opt/hostedtoolcache/go/1.27.0/a"..., "-o", "/tmp/go-build3734720916/b063/_pk"..., "-trimpath", "/tmp/go-build3734720916/b063=>", "-p", "github.com/type-rb/type-rb-nativ"..., "-lang=go1.27", "-complete", "-buildid", "vEHyfffrBn29WVtv8p8Q/vEHyfffrBn2"..., "-goversion", "go1.27.0", "-c=4", "-nolocalimports", "-importcfg", "/tmp/go-build3734720916/b063/imp"..., "-pack", "/tmp/trb-build-1328816948/trb/st"...], 0xf30a93e6008 /* 140 vars */ <unfinished ...>
9509  <... clone resumed>, parent_tid=[15]) = 9863
9863  <... execve resumed>)             = 0
9509  waitid(P_PIDFD, 15,  <unfinished ...>
9858  tgkill(9848, 9862, SIGURG <unfinished ...>
9826  tgkill(9825, 9827, SIGURG)        = 0
9827  --- SIGURG {si_signo=SIGURG, si_code=SI_TKILL, si_pid=9825, si_uid=1001} ---
9863  clone(child_stack=0x2d1843f2000, flags=CLONE_VM|CLONE_FS|CLONE_FILES|CLONE_SIGHAND|CLONE_THREAD|CLONE_SYSVSEM) = 9864
9863  clone(child_stack=0x2d18442a000, flags=CLONE_VM|CLONE_FS|CLONE_FILES|CLONE_SIGHAND|CLONE_THREAD|CLONE_SYSVSEM) = 9865
9863  clone(child_stack=0x2d184426000, flags=CLONE_VM|CLONE_FS|CLONE_FILES|CLONE_SIGHAND|CLONE_THREAD|CLONE_SYSVSEM <unfinished ...>
9858  <... tgkill resumed>)             = 0
9863  <... clone resumed>)              = 9866
9862  --- SIGURG {si_signo=SIGURG, si_code=SI_TKILL, si_pid=9848, si_uid=1001} ---
9836  exit_group(0)                     = ?
9833  +++ exited with 0 +++
9830  +++ exited with 0 +++
9831  +++ exited with 0 +++
9827  +++ exited with 0 +++
9826  +++ exited with 0 +++
9835  +++ exited with 0 +++
9834  +++ exited with 0 +++
9828  +++ exited with 0 +++
9865  clone(child_stack=0x2d184498000, flags=CLONE_VM|CLONE_FS|CLONE_FILES|CLONE_SIGHAND|CLONE_THREAD|CLONE_SYSVSEM) = 9867
9836  +++ exited with 0 +++
9825  +++ exited with 0 +++
9508  <... waitid resumed>{si_signo=SIGCHLD, si_code=CLD_EXITED, si_pid=9825, si_uid=1001, si_status=0, si_utime=0, si_stime=0}, WEXITED, {ru_utime={tv_sec=0, tv_usec=115336}, ru_stime={tv_sec=0, tv_usec=22868}, ...}) = 0
9511  --- SIGCHLD {si_signo=SIGCHLD, si_code=CLD_EXITED, si_pid=9825, si_uid=1001, si_status=0, si_utime=11 /* 0.11 s */, si_stime=2 /* 0.02 s */} ---
9507  tgkill(9505, 9511, SIGURG)        = 0
9511  --- SIGURG {si_signo=SIGURG, si_code=SI_TKILL, si_pid=9505, si_uid=1001} ---
9508  tgkill(9505, 9507, SIGURG)        = 0
9507  --- SIGURG {si_signo=SIGURG, si_code=SI_TKILL, si_pid=9505, si_uid=1001} ---
9508  clone(child_stack=NULL, flags=CLONE_VM|CLONE_PIDFD|CLONE_VFORK|SIGCHLD <unfinished ...>
9510  tgkill(9505, 9508, SIGURG)        = 0
9510  tgkill(9505, 9511, SIGURG)        = 0
9511  --- SIGURG {si_signo=SIGURG, si_code=SI_TKILL, si_pid=9505, si_uid=1001} ---
9510  tgkill(9505, 9511, SIGURG)        = 0
9511  --- SIGURG {si_signo=SIGURG, si_code=SI_TKILL, si_pid=9505, si_uid=1001} ---
9868  execve("/opt/hostedtoolcache/go/1.27.0/arm64/pkg/tool/linux_arm64/asm", ["/opt/hostedtoolcache/go/1.27.0/a"..., "-p", "math", "-trimpath", "/tmp/go-build3734720916/b040=>", "-I", "/tmp/go-build3734720916/b040/", "-I", "/opt/hostedtoolcache/go/1.27.0/a"..., "-D", "GOOS_linux", "-D", "GOARCH_arm64", "-std", "-o", "/tmp/go-build3734720916/b040/dim"..., "/opt/hostedtoolcache/go/1.27.0/a"...], 0xf30a93e6488 /* 140 vars */ <unfinished ...>
9508  <... clone resumed>, parent_tid=[16]) = 9868
9868  <... execve resumed>)             = 0
9508  --- SIGURG {si_signo=SIGURG, si_code=SI_TKILL, si_pid=9505, si_uid=1001} ---
9510  tgkill(9505, 9508, SIGURG)        = 0
9508  --- SIGURG {si_signo=SIGURG, si_code=SI_TKILL, si_pid=9505, si_uid=1001} ---
9507  waitid(P_PIDFD, 16,  <unfinished ...>
9863  exit_group(0)                     = ?
9867  +++ exited with 0 +++
9866  +++ exited with 0 +++
9865  +++ exited with 0 +++
9864  +++ exited with 0 +++
9863  +++ exited with 0 +++
9508  --- SIGCHLD {si_signo=SIGCHLD, si_code=CLD_EXITED, si_pid=9863, si_uid=1001, si_status=0, si_utime=0, si_stime=0} ---
9509  <... waitid resumed>{si_signo=SIGCHLD, si_code=CLD_EXITED, si_pid=9863, si_uid=1001, si_status=0, si_utime=0, si_stime=0}, WEXITED, {ru_utime={tv_sec=0, tv_usec=5108}, ru_stime={tv_sec=0, tv_usec=5108}, ...}) = 0
9868  clone(child_stack=0x57c558d60000, flags=CLONE_VM|CLONE_FS|CLONE_FILES|CLONE_SIGHAND|CLONE_THREAD|CLONE_SYSVSEM) = 9869
9868  clone(child_stack=0x57c558d98000, flags=CLONE_VM|CLONE_FS|CLONE_FILES|CLONE_SIGHAND|CLONE_THREAD|CLONE_SYSVSEM) = 9870
9868  clone(child_stack=0x57c558d94000, flags=CLONE_VM|CLONE_FS|CLONE_FILES|CLONE_SIGHAND|CLONE_THREAD|CLONE_SYSVSEM) = 9871
9870  clone(child_stack=0x57c558e18000, flags=CLONE_VM|CLONE_FS|CLONE_FILES|CLONE_SIGHAND|CLONE_THREAD|CLONE_SYSVSEM) = 9872
9858  tgkill(9848, 9862, SIGURG <unfinished ...>
9862  --- SIGURG {si_signo=SIGURG, si_code=SI_TKILL, si_pid=9848, si_uid=1001} ---
9858  <... tgkill resumed>)             = 0
9868  exit_group(0)                     = ?
9872  +++ exited with 0 +++
9870  +++ exited with 0 +++
9869  +++ exited with 0 +++
9871  +++ exited with 0 +++
9868  +++ exited with 0 +++
9509  --- SIGCHLD {si_signo=SIGCHLD, si_code=CLD_EXITED, si_pid=9868, si_uid=1001, si_status=0, si_utime=0, si_stime=0} ---
9507  <... waitid resumed>{si_signo=SIGCHLD, si_code=CLD_EXITED, si_pid=9868, si_uid=1001, si_status=0, si_utime=0, si_stime=0}, WEXITED, {ru_utime={tv_sec=0, tv_usec=2054}, ru_stime={tv_sec=0, tv_usec=4109}, ...}) = 0
9509  clone(child_stack=NULL, flags=CLONE_VM|CLONE_PIDFD|CLONE_VFORK|SIGCHLD <unfinished ...>
9873  execve("/opt/hostedtoolcache/go/1.27.0/arm64/pkg/tool/linux_arm64/asm", ["/opt/hostedtoolcache/go/1.27.0/a"..., "-p", "math", "-trimpath", "/tmp/go-build3734720916/b040=>", "-I", "/tmp/go-build3734720916/b040/", "-I", "/opt/hostedtoolcache/go/1.27.0/a"..., "-D", "GOOS_linux", "-D", "GOARCH_arm64", "-std", "-o", "/tmp/go-build3734720916/b040/exp"..., "/opt/hostedtoolcache/go/1.27.0/a"...], 0xf30a95fb688 /* 140 vars */ <unfinished ...>
9509  <... clone resumed>, parent_tid=[14]) = 9873
9873  <... execve resumed>)             = 0
9509  waitid(P_PIDFD, 14,  <unfinished ...>
9506  tgkill(9505, 9508, SIGURG <unfinished ...>
9508  --- SIGURG {si_signo=SIGURG, si_code=SI_TKILL, si_pid=9505, si_uid=1001} ---
9506  <... tgkill resumed>)             = 0
9873  clone(child_stack=0x1fd421784000, flags=CLONE_VM|CLONE_FS|CLONE_FILES|CLONE_SIGHAND|CLONE_THREAD|CLONE_SYSVSEM) = 9874
9873  clone(child_stack=0x1fd4217bc000, flags=CLONE_VM|CLONE_FS|CLONE_FILES|CLONE_SIGHAND|CLONE_THREAD|CLONE_SYSVSEM) = 9875
9873  clone(child_stack=0x1fd4217b8000, flags=CLONE_VM|CLONE_FS|CLONE_FILES|CLONE_SIGHAND|CLONE_THREAD|CLONE_SYSVSEM) = 9876
9875  clone(child_stack=0x1fd421818000, flags=CLONE_VM|CLONE_FS|CLONE_FILES|CLONE_SIGHAND|CLONE_THREAD|CLONE_SYSVSEM) = 9877
9508  tgkill(9505, 9512, SIGURG <unfinished ...>
9512  --- SIGURG {si_signo=SIGURG, si_code=SI_TKILL, si_pid=9505, si_uid=1001} ---
9508  <... tgkill resumed>)             = 0
9511  tgkill(9505, 9512, SIGURG)        = 0
9512  --- SIGURG {si_signo=SIGURG, si_code=SI_TKILL, si_pid=9505, si_uid=1001} ---
9873  exit_group(0)                     = ?
9876  +++ exited with 0 +++
9877  +++ exited with 0 +++
9875  +++ exited with 0 +++
9874  +++ exited with 0 +++
9873  +++ exited with 0 +++
9509  <... waitid resumed>{si_signo=SIGCHLD, si_code=CLD_EXITED, si_pid=9873, si_uid=1001, si_status=0, si_utime=0, si_stime=0}, WEXITED, {ru_utime={tv_sec=0, tv_usec=0}, ru_stime={tv_sec=0, tv_usec=6164}, ...}) = 0
9507  --- SIGCHLD {si_signo=SIGCHLD, si_code=CLD_EXITED, si_pid=9873, si_uid=1001, si_status=0, si_utime=0, si_stime=0} ---
9507  clone(child_stack=NULL, flags=CLONE_VM|CLONE_PIDFD|CLONE_VFORK|SIGCHLD <unfinished ...>
9878  execve("/opt/hostedtoolcache/go/1.27.0/arm64/pkg/tool/linux_arm64/asm", ["/opt/hostedtoolcache/go/1.27.0/a"..., "-p", "math", "-trimpath", "/tmp/go-build3734720916/b040=>", "-I", "/tmp/go-build3734720916/b040/", "-I", "/opt/hostedtoolcache/go/1.27.0/a"..., "-D", "GOOS_linux", "-D", "GOARCH_arm64", "-std", "-o", "/tmp/go-build3734720916/b040/flo"..., "/opt/hostedtoolcache/go/1.27.0/a"...], 0xf30a95fb688 /* 140 vars */ <unfinished ...>
9507  <... clone resumed>, parent_tid=[14]) = 9878
9878  <... execve resumed>)             = 0
9507  waitid(P_PIDFD, 14,  <unfinished ...>
9858  tgkill(9848, 9862, SIGURG)        = 0
9862  --- SIGURG {si_signo=SIGURG, si_code=SI_TKILL, si_pid=9848, si_uid=1001} ---
9878  clone(child_stack=0x3168d34ee000, flags=CLONE_VM|CLONE_FS|CLONE_FILES|CLONE_SIGHAND|CLONE_THREAD|CLONE_SYSVSEM) = 9879
9878  clone(child_stack=0x3168d3526000, flags=CLONE_VM|CLONE_FS|CLONE_FILES|CLONE_SIGHAND|CLONE_THREAD|CLONE_SYSVSEM) = 9880
9879  tgkill(9878, 9878, SIGURG <unfinished ...>
9878  clone(child_stack=0x3168d3522000, flags=CLONE_VM|CLONE_FS|CLONE_FILES|CLONE_SIGHAND|CLONE_THREAD|CLONE_SYSVSEM <unfinished ...>
9879  <... tgkill resumed>)             = 0
9878  <... clone resumed>)              = 9881
9878  --- SIGURG {si_signo=SIGURG, si_code=SI_TKILL, si_pid=9878, si_uid=1001} ---
9880  clone(child_stack=0x3168d3598000, flags=CLONE_VM|CLONE_FS|CLONE_FILES|CLONE_SIGHAND|CLONE_THREAD|CLONE_SYSVSEM) = 9882
9506  tgkill(9505, 9512, SIGURG)        = 0
9512  --- SIGURG {si_signo=SIGURG, si_code=SI_TKILL, si_pid=9505, si_uid=1001} ---
9878  exit_group(0)                     = ?
9882  +++ exited with 0 +++
9881  +++ exited with 0 +++
9880  +++ exited with 0 +++
9879  +++ exited with 0 +++
9878  +++ exited with 0 +++
9506  --- SIGCHLD {si_signo=SIGCHLD, si_code=CLD_EXITED, si_pid=9878, si_uid=1001, si_status=0, si_utime=0, si_stime=0} ---
9507  <... waitid resumed>{si_signo=SIGCHLD, si_code=CLD_EXITED, si_pid=9878, si_uid=1001, si_status=0, si_utime=0, si_stime=0}, WEXITED, {ru_utime={tv_sec=0, tv_usec=0}, ru_stime={tv_sec=0, tv_usec=6147}, ...}) = 0
9858  tgkill(9848, 9861, SIGURG)        = 0
9861  --- SIGURG {si_signo=SIGURG, si_code=SI_TKILL, si_pid=9848, si_uid=1001} ---
9510  tgkill(9505, 9511, SIGURG)        = 0
9511  --- SIGURG {si_signo=SIGURG, si_code=SI_TKILL, si_pid=9505, si_uid=1001} ---
9510  tgkill(9505, 9512, SIGURG)        = 0
9512  --- SIGURG {si_signo=SIGURG, si_code=SI_TKILL, si_pid=9505, si_uid=1001} ---
9859  exit_group(0)                     = ?
9862  +++ exited with 0 +++
9860  +++ exited with 0 +++
9858  +++ exited with 0 +++
9861  +++ exited with 0 +++
9859  +++ exited with 0 +++
9848  +++ exited with 0 +++
9546  <... waitid resumed>{si_signo=SIGCHLD, si_code=CLD_EXITED, si_pid=9848, si_uid=1001, si_status=0, si_utime=0, si_stime=0}, WEXITED, {ru_utime={tv_sec=0, tv_usec=94172}, ru_stime={tv_sec=0, tv_usec=23289}, ...}) = 0
9512  --- SIGCHLD {si_signo=SIGCHLD, si_code=CLD_EXITED, si_pid=9848, si_uid=1001, si_status=0, si_utime=9 /* 0.09 s */, si_stime=2 /* 0.02 s */} ---
9512  clone(child_stack=NULL, flags=CLONE_VM|CLONE_PIDFD|CLONE_VFORK|SIGCHLD <unfinished ...>
9883  execve("/opt/hostedtoolcache/go/1.27.0/arm64/pkg/tool/linux_arm64/asm", ["/opt/hostedtoolcache/go/1.27.0/a"..., "-p", "runtime", "-trimpath", "/tmp/go-build3734720916/b009=>", "-I", "/tmp/go-build3734720916/b009/", "-I", "/opt/hostedtoolcache/go/1.27.0/a"..., "-D", "GOOS_linux", "-D", "GOARCH_arm64", "-std", "-gensymabis", "-o", "/tmp/go-build3734720916/b009/sym"..., "/opt/hostedtoolcache/go/1.27.0/a"..., "/opt/hostedtoolcache/go/1.27.0/a"..., "/opt/hostedtoolcache/go/1.27.0/a"..., "/opt/hostedtoolcache/go/1.27.0/a"..., "/opt/hostedtoolcache/go/1.27.0/a"..., "/opt/hostedtoolcache/go/1.27.0/a"..., "/opt/hostedtoolcache/go/1.27.0/a"..., "/opt/hostedtoolcache/go/1.27.0/a"..., "/opt/hostedtoolcache/go/1.27.0/a"..., "/opt/hostedtoolcache/go/1.27.0/a"..., "/opt/hostedtoolcache/go/1.27.0/a"...], 0xf30a95fb688 /* 140 vars */ <unfinished ...>
9512  <... clone resumed>, parent_tid=[12]) = 9883
9883  <... execve resumed>)             = 0
9512  waitid(P_PIDFD, 12,  <unfinished ...>
9883  clone(child_stack=0x60226295c000, flags=CLONE_VM|CLONE_FS|CLONE_FILES|CLONE_SIGHAND|CLONE_THREAD|CLONE_SYSVSEM) = 9884
9883  clone(child_stack=0x602262998000, flags=CLONE_VM|CLONE_FS|CLONE_FILES|CLONE_SIGHAND|CLONE_THREAD|CLONE_SYSVSEM) = 9885
9883  clone(child_stack=0x602262994000, flags=CLONE_VM|CLONE_FS|CLONE_FILES|CLONE_SIGHAND|CLONE_THREAD|CLONE_SYSVSEM) = 9886
9885  clone(child_stack=0x6022629c0000, flags=CLONE_VM|CLONE_FS|CLONE_FILES|CLONE_SIGHAND|CLONE_THREAD|CLONE_SYSVSEM) = 9887
9884  tgkill(9883, 9883, SIGURG)        = 0
9883  --- SIGURG {si_signo=SIGURG, si_code=SI_TKILL, si_pid=9883, si_uid=1001} ---
9884  tgkill(9883, 9883, SIGURG)        = 0
9883  --- SIGURG {si_signo=SIGURG, si_code=SI_TKILL, si_pid=9883, si_uid=1001} ---
9887  exit_group(0)                     = ?
9887  +++ exited with 0 +++
9886  +++ exited with 0 +++
9885  +++ exited with 0 +++
9884  +++ exited with 0 +++
9883  +++ exited with 0 +++
9512  <... waitid resumed>{si_signo=SIGCHLD, si_code=CLD_EXITED, si_pid=9883, si_uid=1001, si_status=0, si_utime=0, si_stime=0}, WEXITED, {ru_utime={tv_sec=0, tv_usec=9387}, ru_stime={tv_sec=0, tv_usec=9387}, ...}) = 0
9507  --- SIGCHLD {si_signo=SIGCHLD, si_code=CLD_EXITED, si_pid=9883, si_uid=1001, si_status=0, si_utime=0, si_stime=0} ---
9507  clone(child_stack=NULL, flags=CLONE_VM|CLONE_PIDFD|CLONE_VFORK|SIGCHLD <unfinished ...>
9888  execve("/opt/hostedtoolcache/go/1.27.0/arm64/pkg/tool/linux_arm64/compile", ["/opt/hostedtoolcache/go/1.27.0/a"..., "-o", "/tmp/go-build3734720916/b009/_pk"..., "-trimpath", "/tmp/go-build3734720916/b009=>", "-p", "runtime", "-lang=go1.27", "-std", "-buildid", "xmW05mk35rkWv81vNyJF/xmW05mk35rk"..., "-goversion", "go1.27.0", "-symabis", "/tmp/go-build3734720916/b009/sym"..., "-c=4", "-nolocalimports", "-importcfg", "/tmp/go-build3734720916/b009/imp"..., "-pack", "-asmhdr", "/tmp/go-build3734720916/b009/go_"..., "/opt/hostedtoolcache/go/1.27.0/a"..., "/opt/hostedtoolcache/go/1.27.0/a"..., "/opt/hostedtoolcache/go/1.27.0/a"..., "/opt/hostedtoolcache/go/1.27.0/a"..., "/opt/hostedtoolcache/go/1.27.0/a"..., "/opt/hostedtoolcache/go/1.27.0/a"..., "/opt/hostedtoolcache/go/1.27.0/a"..., "/opt/hostedtoolcache/go/1.27.0/a"..., "/opt/hostedtoolcache/go/1.27.0/a"..., "/opt/hostedtoolcache/go/1.27.0/a"..., ...], 0xf30a95fb688 /* 140 vars */ <unfinished ...>
9507  <... clone resumed>, parent_tid=[12]) = 9888
9888  <... execve resumed>)             = 0
9507  waitid(P_PIDFD, 12,  <unfinished ...>
9888  clone(child_stack=0x5400c895a000, flags=CLONE_VM|CLONE_FS|CLONE_FILES|CLONE_SIGHAND|CLONE_THREAD|CLONE_SYSVSEM) = 9889
9888  clone(child_stack=0x5400c8992000, flags=CLONE_VM|CLONE_FS|CLONE_FILES|CLONE_SIGHAND|CLONE_THREAD|CLONE_SYSVSEM) = 9890
9889  tgkill(9888, 9888, SIGURG)        = 0
9888  clone(child_stack=0x5400c898e000, flags=CLONE_VM|CLONE_FS|CLONE_FILES|CLONE_SIGHAND|CLONE_THREAD|CLONE_SYSVSEM) = 9891
9888  --- SIGURG {si_signo=SIGURG, si_code=SI_TKILL, si_pid=9888, si_uid=1001} ---
9890  clone(child_stack=0x5400c8a18000, flags=CLONE_VM|CLONE_FS|CLONE_FILES|CLONE_SIGHAND|CLONE_THREAD|CLONE_SYSVSEM) = 9892
9889  clone(child_stack=0x5400c8d9c000, flags=CLONE_VM|CLONE_FS|CLONE_FILES|CLONE_SIGHAND|CLONE_THREAD|CLONE_SYSVSEM) = 9893
9889  clone(child_stack=0x5400c8ecc000, flags=CLONE_VM|CLONE_FS|CLONE_FILES|CLONE_SIGHAND|CLONE_THREAD|CLONE_SYSVSEM) = 9894
9889  tgkill(9888, 9894, SIGURG)        = 0
9894  --- SIGURG {si_signo=SIGURG, si_code=SI_TKILL, si_pid=9888, si_uid=1001} ---
9889  tgkill(9888, 9891, SIGURG)        = 0
9891  --- SIGURG {si_signo=SIGURG, si_code=SI_TKILL, si_pid=9888, si_uid=1001} ---
9889  tgkill(9888, 9892, SIGURG)        = 0
9892  --- SIGURG {si_signo=SIGURG, si_code=SI_TKILL, si_pid=9888, si_uid=1001} ---
9889  tgkill(9888, 9891, SIGURG)        = 0
9891  --- SIGURG {si_signo=SIGURG, si_code=SI_TKILL, si_pid=9888, si_uid=1001} ---
9889  tgkill(9888, 9892, SIGURG)        = 0
9892  --- SIGURG {si_signo=SIGURG, si_code=SI_TKILL, si_pid=9888, si_uid=1001} ---
9889  tgkill(9888, 9894, SIGURG)        = 0
9894  --- SIGURG {si_signo=SIGURG, si_code=SI_TKILL, si_pid=9888, si_uid=1001} ---
9894  tgkill(9888, 9892, SIGURG)        = 0
9892  --- SIGURG {si_signo=SIGURG, si_code=SI_TKILL, si_pid=9888, si_uid=1001} ---
9889  tgkill(9888, 9894, SIGURG)        = 0
9894  --- SIGURG {si_signo=SIGURG, si_code=SI_TKILL, si_pid=9888, si_uid=1001} ---
9889  tgkill(9888, 9893, SIGURG <unfinished ...>
9893  --- SIGURG {si_signo=SIGURG, si_code=SI_TKILL, si_pid=9888, si_uid=1001} ---
9889  <... tgkill resumed>)             = 0
9889  tgkill(9888, 9891, SIGURG <unfinished ...>
9891  --- SIGURG {si_signo=SIGURG, si_code=SI_TKILL, si_pid=9888, si_uid=1001} ---
9889  <... tgkill resumed>)             = 0
9893  tgkill(9888, 9892, SIGURG)        = 0
9892  --- SIGURG {si_signo=SIGURG, si_code=SI_TKILL, si_pid=9888, si_uid=1001} ---
9891  tgkill(9888, 9892, SIGURG)        = 0
9892  --- SIGURG {si_signo=SIGURG, si_code=SI_TKILL, si_pid=9888, si_uid=1001} ---
9891  tgkill(9888, 9892, SIGURG)        = 0
9892  --- SIGURG {si_signo=SIGURG, si_code=SI_TKILL, si_pid=9888, si_uid=1001} ---
9891  tgkill(9888, 9893, SIGURG)        = 0
9893  --- SIGURG {si_signo=SIGURG, si_code=SI_TKILL, si_pid=9888, si_uid=1001} ---
9891  tgkill(9888, 9893, SIGURG)        = 0
9893  --- SIGURG {si_signo=SIGURG, si_code=SI_TKILL, si_pid=9888, si_uid=1001} ---
9889  tgkill(9888, 9893, SIGURG)        = 0
9893  --- SIGURG {si_signo=SIGURG, si_code=SI_TKILL, si_pid=9888, si_uid=1001} ---
9889  tgkill(9888, 9894, SIGURG <unfinished ...>
9894  --- SIGURG {si_signo=SIGURG, si_code=SI_TKILL, si_pid=9888, si_uid=1001} ---
9889  <... tgkill resumed>)             = 0
9889  tgkill(9888, 9894, SIGURG)        = 0
9894  --- SIGURG {si_signo=SIGURG, si_code=SI_TKILL, si_pid=9888, si_uid=1001} ---
9889  tgkill(9888, 9893, SIGURG <unfinished ...>
9893  --- SIGURG {si_signo=SIGURG, si_code=SI_TKILL, si_pid=9888, si_uid=1001} ---
9889  <... tgkill resumed>)             = 0
9889  tgkill(9888, 9893, SIGURG)        = 0
9893  --- SIGURG {si_signo=SIGURG, si_code=SI_TKILL, si_pid=9888, si_uid=1001} ---
9889  tgkill(9888, 9894, SIGURG <unfinished ...>
9894  --- SIGURG {si_signo=SIGURG, si_code=SI_TKILL, si_pid=9888, si_uid=1001} ---
9889  <... tgkill resumed>)             = 0
9889  tgkill(9888, 9894, SIGURG <unfinished ...>
9894  --- SIGURG {si_signo=SIGURG, si_code=SI_TKILL, si_pid=9888, si_uid=1001} ---
9889  <... tgkill resumed>)             = 0
9893  tgkill(9888, 9894, SIGURG <unfinished ...>
9894  --- SIGURG {si_signo=SIGURG, si_code=SI_TKILL, si_pid=9888, si_uid=1001} ---
9893  <... tgkill resumed>)             = 0
9894  tgkill(9888, 9893, SIGURG)        = 0
9893  --- SIGURG {si_signo=SIGURG, si_code=SI_TKILL, si_pid=9888, si_uid=1001} ---
9894  tgkill(9888, 9893, SIGURG)        = 0
9893  --- SIGURG {si_signo=SIGURG, si_code=SI_TKILL, si_pid=9888, si_uid=1001} ---
9893  tgkill(9888, 9892, SIGURG)        = 0
9892  --- SIGURG {si_signo=SIGURG, si_code=SI_TKILL, si_pid=9888, si_uid=1001} ---
9893  tgkill(9888, 9891, SIGURG)        = 0
9891  --- SIGURG {si_signo=SIGURG, si_code=SI_TKILL, si_pid=9888, si_uid=1001} ---
9891  tgkill(9888, 9894, SIGURG <unfinished ...>
9894  --- SIGURG {si_signo=SIGURG, si_code=SI_TKILL, si_pid=9888, si_uid=1001} ---
9891  <... tgkill resumed>)             = 0
9893  tgkill(9888, 9891, SIGURG)        = 0
9891  --- SIGURG {si_signo=SIGURG, si_code=SI_TKILL, si_pid=9888, si_uid=1001} ---
9893  tgkill(9888, 9892, SIGURG)        = 0
9892  --- SIGURG {si_signo=SIGURG, si_code=SI_TKILL, si_pid=9888, si_uid=1001} ---
9893  tgkill(9888, 9892, SIGURG)        = 0
9892  --- SIGURG {si_signo=SIGURG, si_code=SI_TKILL, si_pid=9888, si_uid=1001} ---
9893  tgkill(9888, 9892, SIGURG)        = 0
9892  --- SIGURG {si_signo=SIGURG, si_code=SI_TKILL, si_pid=9888, si_uid=1001} ---
9889  tgkill(9888, 9893, SIGURG <unfinished ...>
9893  --- SIGURG {si_signo=SIGURG, si_code=SI_TKILL, si_pid=9888, si_uid=1001} ---
9889  <... tgkill resumed>)             = 0
9889  tgkill(9888, 9892, SIGURG)        = 0
9892  --- SIGURG {si_signo=SIGURG, si_code=SI_TKILL, si_pid=9888, si_uid=1001} ---
9892  tgkill(9888, 9894, SIGURG <unfinished ...>
9891  tgkill(9888, 9892, SIGURG <unfinished ...>
9894  --- SIGURG {si_signo=SIGURG, si_code=SI_TKILL, si_pid=9888, si_uid=1001} ---
9892  <... tgkill resumed>)             = 0
9891  <... tgkill resumed>)             = 0
9892  --- SIGURG {si_signo=SIGURG, si_code=SI_TKILL, si_pid=9888, si_uid=1001} ---
9894  tgkill(9888, 9892, SIGURG)        = 0
9892  --- SIGURG {si_signo=SIGURG, si_code=SI_TKILL, si_pid=9888, si_uid=1001} ---
9892  tgkill(9888, 9891, SIGURG)        = 0
9891  --- SIGURG {si_signo=SIGURG, si_code=SI_TKILL, si_pid=9888, si_uid=1001} ---
9892  tgkill(9888, 9891, SIGURG)        = 0
9891  --- SIGURG {si_signo=SIGURG, si_code=SI_TKILL, si_pid=9888, si_uid=1001} ---
9892  tgkill(9888, 9891, SIGURG)        = 0
9891  --- SIGURG {si_signo=SIGURG, si_code=SI_TKILL, si_pid=9888, si_uid=1001} ---
9892  tgkill(9888, 9891, SIGURG)        = 0
9891  --- SIGURG {si_signo=SIGURG, si_code=SI_TKILL, si_pid=9888, si_uid=1001} ---
9889  tgkill(9888, 9891, SIGURG <unfinished ...>
9891  --- SIGURG {si_signo=SIGURG, si_code=SI_TKILL, si_pid=9888, si_uid=1001} ---
9889  <... tgkill resumed>)             = 0
9889  tgkill(9888, 9891, SIGURG)        = 0
9891  --- SIGURG {si_signo=SIGURG, si_code=SI_TKILL, si_pid=9888, si_uid=1001} ---
9889  tgkill(9888, 9894, SIGURG <unfinished ...>
9894  --- SIGURG {si_signo=SIGURG, si_code=SI_TKILL, si_pid=9888, si_uid=1001} ---
9889  <... tgkill resumed>)             = 0
9894  tgkill(9888, 9891, SIGURG <unfinished ...>
9892  tgkill(9888, 9894, SIGURG <unfinished ...>
9894  <... tgkill resumed>)             = 0
9892  <... tgkill resumed>)             = 0
9894  --- SIGURG {si_signo=SIGURG, si_code=SI_TKILL, si_pid=9888, si_uid=1001} ---
9891  --- SIGURG {si_signo=SIGURG, si_code=SI_TKILL, si_pid=9888, si_uid=1001} ---
9892  tgkill(9888, 9894, SIGURG)        = 0
9894  --- SIGURG {si_signo=SIGURG, si_code=SI_TKILL, si_pid=9888, si_uid=1001} ---
9891  tgkill(9888, 9888, SIGURG)        = 0
9888  --- SIGURG {si_signo=SIGURG, si_code=SI_TKILL, si_pid=9888, si_uid=1001} ---
9891  tgkill(9888, 9892, SIGURG)        = 0
9892  --- SIGURG {si_signo=SIGURG, si_code=SI_TKILL, si_pid=9888, si_uid=1001} ---
9891  tgkill(9888, 9894, SIGURG)        = 0
9894  --- SIGURG {si_signo=SIGURG, si_code=SI_TKILL, si_pid=9888, si_uid=1001} ---
9891  tgkill(9888, 9894, SIGURG)        = 0
9894  --- SIGURG {si_signo=SIGURG, si_code=SI_TKILL, si_pid=9888, si_uid=1001} ---
9889  tgkill(9888, 9894, SIGURG <unfinished ...>
9894  --- SIGURG {si_signo=SIGURG, si_code=SI_TKILL, si_pid=9888, si_uid=1001} ---
9889  <... tgkill resumed>)             = 0
9889  tgkill(9888, 9891, SIGURG)        = 0
9891  --- SIGURG {si_signo=SIGURG, si_code=SI_TKILL, si_pid=9888, si_uid=1001} ---
9889  tgkill(9888, 9894, SIGURG)        = 0
9894  --- SIGURG {si_signo=SIGURG, si_code=SI_TKILL, si_pid=9888, si_uid=1001} ---
9889  tgkill(9888, 9891, SIGURG)        = 0
9891  --- SIGURG {si_signo=SIGURG, si_code=SI_TKILL, si_pid=9888, si_uid=1001} ---
9891  tgkill(9888, 9894, SIGURG <unfinished ...>
9894  --- SIGURG {si_signo=SIGURG, si_code=SI_TKILL, si_pid=9888, si_uid=1001} ---
9891  <... tgkill resumed>)             = 0
9892  tgkill(9888, 9888, SIGURG)        = 0
9888  --- SIGURG {si_signo=SIGURG, si_code=SI_TKILL, si_pid=9888, si_uid=1001} ---
9888  tgkill(9888, 9894, SIGURG)        = 0
9894  --- SIGURG {si_signo=SIGURG, si_code=SI_TKILL, si_pid=9888, si_uid=1001} ---
9888  tgkill(9888, 9894, SIGURG)        = 0
9894  --- SIGURG {si_signo=SIGURG, si_code=SI_TKILL, si_pid=9888, si_uid=1001} ---
9888  tgkill(9888, 9894, SIGURG)        = 0
9894  --- SIGURG {si_signo=SIGURG, si_code=SI_TKILL, si_pid=9888, si_uid=1001} ---
9888  tgkill(9888, 9894, SIGURG)        = 0
9894  --- SIGURG {si_signo=SIGURG, si_code=SI_TKILL, si_pid=9888, si_uid=1001} ---
9889  tgkill(9888, 9894, SIGURG <unfinished ...>
9894  --- SIGURG {si_signo=SIGURG, si_code=SI_TKILL, si_pid=9888, si_uid=1001} ---
9889  <... tgkill resumed>)             = 0
9889  tgkill(9888, 9894, SIGURG)        = 0
9894  --- SIGURG {si_signo=SIGURG, si_code=SI_TKILL, si_pid=9888, si_uid=1001} ---
9889  tgkill(9888, 9891, SIGURG)        = 0
9891  --- SIGURG {si_signo=SIGURG, si_code=SI_TKILL, si_pid=9888, si_uid=1001} ---
9889  tgkill(9888, 9894, SIGURG <unfinished ...>
9894  --- SIGURG {si_signo=SIGURG, si_code=SI_TKILL, si_pid=9888, si_uid=1001} ---
9889  <... tgkill resumed>)             = 0
9889  tgkill(9888, 9891, SIGURG)        = 0
9891  --- SIGURG {si_signo=SIGURG, si_code=SI_TKILL, si_pid=9888, si_uid=1001} ---
9889  tgkill(9888, 9894, SIGURG)        = 0
9894  --- SIGURG {si_signo=SIGURG, si_code=SI_TKILL, si_pid=9888, si_uid=1001} ---
9889  tgkill(9888, 9891, SIGURG <unfinished ...>
9891  --- SIGURG {si_signo=SIGURG, si_code=SI_TKILL, si_pid=9888, si_uid=1001} ---
9889  <... tgkill resumed>)             = 0
9889  tgkill(9888, 9894, SIGURG)        = 0
9894  --- SIGURG {si_signo=SIGURG, si_code=SI_TKILL, si_pid=9888, si_uid=1001} ---
9889  tgkill(9888, 9891, SIGURG)        = 0
9891  --- SIGURG {si_signo=SIGURG, si_code=SI_TKILL, si_pid=9888, si_uid=1001} ---
9891  tgkill(9888, 9894, SIGURG)        = 0
9894  --- SIGURG {si_signo=SIGURG, si_code=SI_TKILL, si_pid=9888, si_uid=1001} ---
9889  tgkill(9888, 9891, SIGURG)        = 0
9891  --- SIGURG {si_signo=SIGURG, si_code=SI_TKILL, si_pid=9888, si_uid=1001} ---
9889  tgkill(9888, 9892, SIGURG <unfinished ...>
9892  --- SIGURG {si_signo=SIGURG, si_code=SI_TKILL, si_pid=9888, si_uid=1001} ---
9889  <... tgkill resumed>)             = 0
9889  tgkill(9888, 9894, SIGURG <unfinished ...>
9894  --- SIGURG {si_signo=SIGURG, si_code=SI_TKILL, si_pid=9888, si_uid=1001} ---
9889  <... tgkill resumed>)             = 0
9894  tgkill(9888, 9888, SIGURG)        = 0
9888  --- SIGURG {si_signo=SIGURG, si_code=SI_TKILL, si_pid=9888, si_uid=1001} ---
9888  tgkill(9888, 9891, SIGURG)        = 0
9891  --- SIGURG {si_signo=SIGURG, si_code=SI_TKILL, si_pid=9888, si_uid=1001} ---
9888  tgkill(9888, 9894, SIGURG <unfinished ...>
9894  --- SIGURG {si_signo=SIGURG, si_code=SI_TKILL, si_pid=9888, si_uid=1001} ---
9888  <... tgkill resumed>)             = 0
9888  tgkill(9888, 9894, SIGURG)        = 0
9894  --- SIGURG {si_signo=SIGURG, si_code=SI_TKILL, si_pid=9888, si_uid=1001} ---
9889  tgkill(9888, 9894, SIGURG <unfinished ...>
9894  --- SIGURG {si_signo=SIGURG, si_code=SI_TKILL, si_pid=9888, si_uid=1001} ---
9889  <... tgkill resumed>)             = 0
9889  tgkill(9888, 9892, SIGURG)        = 0
9892  --- SIGURG {si_signo=SIGURG, si_code=SI_TKILL, si_pid=9888, si_uid=1001} ---
9889  tgkill(9888, 9894, SIGURG)        = 0
9894  --- SIGURG {si_signo=SIGURG, si_code=SI_TKILL, si_pid=9888, si_uid=1001} ---
9889  tgkill(9888, 9892, SIGURG <unfinished ...>
9892  --- SIGURG {si_signo=SIGURG, si_code=SI_TKILL, si_pid=9888, si_uid=1001} ---
9889  <... tgkill resumed>)             = 0
9889  tgkill(9888, 9894, SIGURG)        = 0
9894  --- SIGURG {si_signo=SIGURG, si_code=SI_TKILL, si_pid=9888, si_uid=1001} ---
9889  tgkill(9888, 9892, SIGURG)        = 0
9892  --- SIGURG {si_signo=SIGURG, si_code=SI_TKILL, si_pid=9888, si_uid=1001} ---
9892  tgkill(9888, 9894, SIGURG)        = 0
9894  --- SIGURG {si_signo=SIGURG, si_code=SI_TKILL, si_pid=9888, si_uid=1001} ---
9891  tgkill(9888, 9892, SIGURG)        = 0
9892  --- SIGURG {si_signo=SIGURG, si_code=SI_TKILL, si_pid=9888, si_uid=1001} ---
9891  tgkill(9888, 9894, SIGURG)        = 0
9894  --- SIGURG {si_signo=SIGURG, si_code=SI_TKILL, si_pid=9888, si_uid=1001} ---
9889  tgkill(9888, 9891, SIGURG)        = 0
9891  --- SIGURG {si_signo=SIGURG, si_code=SI_TKILL, si_pid=9888, si_uid=1001} ---
9889  tgkill(9888, 9892, SIGURG <unfinished ...>
9892  --- SIGURG {si_signo=SIGURG, si_code=SI_TKILL, si_pid=9888, si_uid=1001} ---
9889  <... tgkill resumed>)             = 0
9889  tgkill(9888, 9894, SIGURG <unfinished ...>
9894  --- SIGURG {si_signo=SIGURG, si_code=SI_TKILL, si_pid=9888, si_uid=1001} ---
9889  <... tgkill resumed>)             = 0
9889  tgkill(9888, 9888, SIGURG)        = 0
9888  --- SIGURG {si_signo=SIGURG, si_code=SI_TKILL, si_pid=9888, si_uid=1001} ---
9889  tgkill(9888, 9891, SIGURG <unfinished ...>
9891  --- SIGURG {si_signo=SIGURG, si_code=SI_TKILL, si_pid=9888, si_uid=1001} ---
9889  <... tgkill resumed>)             = 0
9889  tgkill(9888, 9891, SIGURG <unfinished ...>
9891  --- SIGURG {si_signo=SIGURG, si_code=SI_TKILL, si_pid=9888, si_uid=1001} ---
9889  <... tgkill resumed>)             = 0
9889  tgkill(9888, 9892, SIGURG <unfinished ...>
9892  --- SIGURG {si_signo=SIGURG, si_code=SI_TKILL, si_pid=9888, si_uid=1001} ---
9889  <... tgkill resumed>)             = 0
9889  tgkill(9888, 9894, SIGURG)        = 0
9894  --- SIGURG {si_signo=SIGURG, si_code=SI_TKILL, si_pid=9888, si_uid=1001} ---
9889  tgkill(9888, 9888, SIGURG)        = 0
9888  --- SIGURG {si_signo=SIGURG, si_code=SI_TKILL, si_pid=9888, si_uid=1001} ---
9889  tgkill(9888, 9891, SIGURG <unfinished ...>
9891  --- SIGURG {si_signo=SIGURG, si_code=SI_TKILL, si_pid=9888, si_uid=1001} ---
9889  <... tgkill resumed>)             = 0
9894  tgkill(9888, 9888, SIGURG <unfinished ...>
9891  tgkill(9888, 9892, SIGURG <unfinished ...>
9894  <... tgkill resumed>)             = 0
9891  <... tgkill resumed>)             = 0
9888  --- SIGURG {si_signo=SIGURG, si_code=SI_TKILL, si_pid=9888, si_uid=1001} ---
9892  --- SIGURG {si_signo=SIGURG, si_code=SI_TKILL, si_pid=9888, si_uid=1001} ---
9891  tgkill(9888, 9894, SIGURG)        = 0
9894  --- SIGURG {si_signo=SIGURG, si_code=SI_TKILL, si_pid=9888, si_uid=1001} ---
9892  tgkill(9888, 9891, SIGURG)        = 0
9891  --- SIGURG {si_signo=SIGURG, si_code=SI_TKILL, si_pid=9888, si_uid=1001} ---
9892  tgkill(9888, 9888, SIGURG)        = 0
9888  --- SIGURG {si_signo=SIGURG, si_code=SI_TKILL, si_pid=9888, si_uid=1001} ---
9892  tgkill(9888, 9891, SIGURG)        = 0
9891  --- SIGURG {si_signo=SIGURG, si_code=SI_TKILL, si_pid=9888, si_uid=1001} ---
9892  tgkill(9888, 9894, SIGURG)        = 0
9894  --- SIGURG {si_signo=SIGURG, si_code=SI_TKILL, si_pid=9888, si_uid=1001} ---
9892  tgkill(9888, 9894, SIGURG)        = 0
9894  --- SIGURG {si_signo=SIGURG, si_code=SI_TKILL, si_pid=9888, si_uid=1001} ---
9889  tgkill(9888, 9888, SIGURG)        = 0
9888  --- SIGURG {si_signo=SIGURG, si_code=SI_TKILL, si_pid=9888, si_uid=1001} ---
9889  tgkill(9888, 9894, SIGURG)        = 0
9894  --- SIGURG {si_signo=SIGURG, si_code=SI_TKILL, si_pid=9888, si_uid=1001} ---
9889  tgkill(9888, 9891, SIGURG)        = 0
9891  --- SIGURG {si_signo=SIGURG, si_code=SI_TKILL, si_pid=9888, si_uid=1001} ---
9889  tgkill(9888, 9892, SIGURG)        = 0
9892  --- SIGURG {si_signo=SIGURG, si_code=SI_TKILL, si_pid=9888, si_uid=1001} ---
9889  tgkill(9888, 9888, SIGURG)        = 0
9888  --- SIGURG {si_signo=SIGURG, si_code=SI_TKILL, si_pid=9888, si_uid=1001} ---
9889  tgkill(9888, 9891, SIGURG)        = 0
9891  --- SIGURG {si_signo=SIGURG, si_code=SI_TKILL, si_pid=9888, si_uid=1001} ---
9889  tgkill(9888, 9892, SIGURG <unfinished ...>
9892  --- SIGURG {si_signo=SIGURG, si_code=SI_TKILL, si_pid=9888, si_uid=1001} ---
9889  <... tgkill resumed>)             = 0
9889  tgkill(9888, 9894, SIGURG)        = 0
9894  --- SIGURG {si_signo=SIGURG, si_code=SI_TKILL, si_pid=9888, si_uid=1001} ---
9889  tgkill(9888, 9888, SIGURG)        = 0
9888  --- SIGURG {si_signo=SIGURG, si_code=SI_TKILL, si_pid=9888, si_uid=1001} ---
9889  tgkill(9888, 9891, SIGURG)        = 0
9891  --- SIGURG {si_signo=SIGURG, si_code=SI_TKILL, si_pid=9888, si_uid=1001} ---
9889  tgkill(9888, 9892, SIGURG)        = 0
9892  --- SIGURG {si_signo=SIGURG, si_code=SI_TKILL, si_pid=9888, si_uid=1001} ---
9889  tgkill(9888, 9894, SIGURG)        = 0
9894  --- SIGURG {si_signo=SIGURG, si_code=SI_TKILL, si_pid=9888, si_uid=1001} ---
9889  tgkill(9888, 9891, SIGURG)        = 0
9891  --- SIGURG {si_signo=SIGURG, si_code=SI_TKILL, si_pid=9888, si_uid=1001} ---
9889  tgkill(9888, 9888, SIGURG)        = 0
9888  --- SIGURG {si_signo=SIGURG, si_code=SI_TKILL, si_pid=9888, si_uid=1001} ---
9889  tgkill(9888, 9892, SIGURG)        = 0
9892  --- SIGURG {si_signo=SIGURG, si_code=SI_TKILL, si_pid=9888, si_uid=1001} ---
9889  tgkill(9888, 9894, SIGURG)        = 0
9894  --- SIGURG {si_signo=SIGURG, si_code=SI_TKILL, si_pid=9888, si_uid=1001} ---
9892  tgkill(9888, 9888, SIGURG)        = 0
9888  --- SIGURG {si_signo=SIGURG, si_code=SI_TKILL, si_pid=9888, si_uid=1001} ---
9892  tgkill(9888, 9891, SIGURG)        = 0
9891  --- SIGURG {si_signo=SIGURG, si_code=SI_TKILL, si_pid=9888, si_uid=1001} ---
9894  tgkill(9888, 9891, SIGURG)        = 0
9891  --- SIGURG {si_signo=SIGURG, si_code=SI_TKILL, si_pid=9888, si_uid=1001} ---
9894  tgkill(9888, 9892, SIGURG)        = 0
9892  --- SIGURG {si_signo=SIGURG, si_code=SI_TKILL, si_pid=9888, si_uid=1001} ---
9894  tgkill(9888, 9888, SIGURG)        = 0
9888  --- SIGURG {si_signo=SIGURG, si_code=SI_TKILL, si_pid=9888, si_uid=1001} ---
9889  tgkill(9888, 9892, SIGURG)        = 0
9892  --- SIGURG {si_signo=SIGURG, si_code=SI_TKILL, si_pid=9888, si_uid=1001} ---
9889  tgkill(9888, 9894, SIGURG <unfinished ...>
9894  --- SIGURG {si_signo=SIGURG, si_code=SI_TKILL, si_pid=9888, si_uid=1001} ---
9889  <... tgkill resumed>)             = 0
9889  tgkill(9888, 9891, SIGURG <unfinished ...>
9891  --- SIGURG {si_signo=SIGURG, si_code=SI_TKILL, si_pid=9888, si_uid=1001} ---
9889  <... tgkill resumed>)             = 0
9889  tgkill(9888, 9888, SIGURG)        = 0
9888  --- SIGURG {si_signo=SIGURG, si_code=SI_TKILL, si_pid=9888, si_uid=1001} ---
9889  tgkill(9888, 9892, SIGURG)        = 0
9892  --- SIGURG {si_signo=SIGURG, si_code=SI_TKILL, si_pid=9888, si_uid=1001} ---
9889  tgkill(9888, 9894, SIGURG)        = 0
9894  --- SIGURG {si_signo=SIGURG, si_code=SI_TKILL, si_pid=9888, si_uid=1001} ---
9889  tgkill(9888, 9894, SIGURG <unfinished ...>
9894  --- SIGURG {si_signo=SIGURG, si_code=SI_TKILL, si_pid=9888, si_uid=1001} ---
9889  <... tgkill resumed>)             = 0
9889  tgkill(9888, 9891, SIGURG <unfinished ...>
9891  --- SIGURG {si_signo=SIGURG, si_code=SI_TKILL, si_pid=9888, si_uid=1001} ---
9889  <... tgkill resumed>)             = 0
9889  tgkill(9888, 9888, SIGURG)        = 0
9888  --- SIGURG {si_signo=SIGURG, si_code=SI_TKILL, si_pid=9888, si_uid=1001} ---
9889  tgkill(9888, 9892, SIGURG)        = 0
9892  --- SIGURG {si_signo=SIGURG, si_code=SI_TKILL, si_pid=9888, si_uid=1001} ---
9889  tgkill(9888, 9894, SIGURG)        = 0
9894  --- SIGURG {si_signo=SIGURG, si_code=SI_TKILL, si_pid=9888, si_uid=1001} ---
9889  tgkill(9888, 9894, SIGURG <unfinished ...>
9894  --- SIGURG {si_signo=SIGURG, si_code=SI_TKILL, si_pid=9888, si_uid=1001} ---
9889  <... tgkill resumed>)             = 0
9889  tgkill(9888, 9891, SIGURG <unfinished ...>
9891  --- SIGURG {si_signo=SIGURG, si_code=SI_TKILL, si_pid=9888, si_uid=1001} ---
9889  <... tgkill resumed>)             = 0
9889  tgkill(9888, 9888, SIGURG)        = 0
9888  --- SIGURG {si_signo=SIGURG, si_code=SI_TKILL, si_pid=9888, si_uid=1001} ---
9889  tgkill(9888, 9894, SIGURG <unfinished ...>
9894  --- SIGURG {si_signo=SIGURG, si_code=SI_TKILL, si_pid=9888, si_uid=1001} ---
9889  <... tgkill resumed>)             = 0
9889  tgkill(9888, 9888, SIGURG)        = 0
9888  --- SIGURG {si_signo=SIGURG, si_code=SI_TKILL, si_pid=9888, si_uid=1001} ---
9889  tgkill(9888, 9892, SIGURG)        = 0
9892  --- SIGURG {si_signo=SIGURG, si_code=SI_TKILL, si_pid=9888, si_uid=1001} ---
9889  tgkill(9888, 9891, SIGURG <unfinished ...>
9891  --- SIGURG {si_signo=SIGURG, si_code=SI_TKILL, si_pid=9888, si_uid=1001} ---
9889  <... tgkill resumed>)             = 0
9888  tgkill(9888, 9892, SIGURG)        = 0
9892  --- SIGURG {si_signo=SIGURG, si_code=SI_TKILL, si_pid=9888, si_uid=1001} ---
9888  tgkill(9888, 9894, SIGURG <unfinished ...>
9894  --- SIGURG {si_signo=SIGURG, si_code=SI_TKILL, si_pid=9888, si_uid=1001} ---
9888  <... tgkill resumed>)             = 0
9888  tgkill(9888, 9891, SIGURG)        = 0
9891  --- SIGURG {si_signo=SIGURG, si_code=SI_TKILL, si_pid=9888, si_uid=1001} ---
9891  tgkill(9888, 9888, SIGURG)        = 0
9888  --- SIGURG {si_signo=SIGURG, si_code=SI_TKILL, si_pid=9888, si_uid=1001} ---
9891  tgkill(9888, 9892, SIGURG)        = 0
9892  --- SIGURG {si_signo=SIGURG, si_code=SI_TKILL, si_pid=9888, si_uid=1001} ---
9891  tgkill(9888, 9894, SIGURG)        = 0
9894  --- SIGURG {si_signo=SIGURG, si_code=SI_TKILL, si_pid=9888, si_uid=1001} ---
9891  tgkill(9888, 9888, SIGURG)        = 0
9888  --- SIGURG {si_signo=SIGURG, si_code=SI_TKILL, si_pid=9888, si_uid=1001} ---
9891  tgkill(9888, 9894, SIGURG)        = 0
9894  --- SIGURG {si_signo=SIGURG, si_code=SI_TKILL, si_pid=9888, si_uid=1001} ---
9891  tgkill(9888, 9888, SIGURG)        = 0
9888  --- SIGURG {si_signo=SIGURG, si_code=SI_TKILL, si_pid=9888, si_uid=1001} ---
9891  tgkill(9888, 9894, SIGURG)        = 0
9894  --- SIGURG {si_signo=SIGURG, si_code=SI_TKILL, si_pid=9888, si_uid=1001} ---
9891  tgkill(9888, 9892, SIGURG)        = 0
9892  --- SIGURG {si_signo=SIGURG, si_code=SI_TKILL, si_pid=9888, si_uid=1001} ---
9891  tgkill(9888, 9888, SIGURG)        = 0
9891  tgkill(9888, 9892, SIGURG <unfinished ...>
9888  --- SIGURG {si_signo=SIGURG, si_code=SI_TKILL, si_pid=9888, si_uid=1001} ---
9891  <... tgkill resumed>)             = 0
9892  --- SIGURG {si_signo=SIGURG, si_code=SI_TKILL, si_pid=9888, si_uid=1001} ---
9889  tgkill(9888, 9892, SIGURG)        = 0
9892  --- SIGURG {si_signo=SIGURG, si_code=SI_TKILL, si_pid=9888, si_uid=1001} ---
9889  tgkill(9888, 9894, SIGURG)        = 0
9894  --- SIGURG {si_signo=SIGURG, si_code=SI_TKILL, si_pid=9888, si_uid=1001} ---
9889  tgkill(9888, 9891, SIGURG <unfinished ...>
9891  --- SIGURG {si_signo=SIGURG, si_code=SI_TKILL, si_pid=9888, si_uid=1001} ---
9889  <... tgkill resumed>)             = 0
9889  tgkill(9888, 9888, SIGURG)        = 0
9888  --- SIGURG {si_signo=SIGURG, si_code=SI_TKILL, si_pid=9888, si_uid=1001} ---
9889  tgkill(9888, 9892, SIGURG)        = 0
9892  --- SIGURG {si_signo=SIGURG, si_code=SI_TKILL, si_pid=9888, si_uid=1001} ---
9889  tgkill(9888, 9894, SIGURG)        = 0
9894  --- SIGURG {si_signo=SIGURG, si_code=SI_TKILL, si_pid=9888, si_uid=1001} ---
9889  tgkill(9888, 9891, SIGURG <unfinished ...>
9891  --- SIGURG {si_signo=SIGURG, si_code=SI_TKILL, si_pid=9888, si_uid=1001} ---
9889  <... tgkill resumed>)             = 0
9889  tgkill(9888, 9892, SIGURG)        = 0
9892  --- SIGURG {si_signo=SIGURG, si_code=SI_TKILL, si_pid=9888, si_uid=1001} ---
9889  tgkill(9888, 9894, SIGURG <unfinished ...>
9894  --- SIGURG {si_signo=SIGURG, si_code=SI_TKILL, si_pid=9888, si_uid=1001} ---
9889  <... tgkill resumed>)             = 0
9889  tgkill(9888, 9891, SIGURG <unfinished ...>
9891  --- SIGURG {si_signo=SIGURG, si_code=SI_TKILL, si_pid=9888, si_uid=1001} ---
9889  <... tgkill resumed>)             = 0
9889  tgkill(9888, 9888, SIGURG)        = 0
9888  --- SIGURG {si_signo=SIGURG, si_code=SI_TKILL, si_pid=9888, si_uid=1001} ---
9889  tgkill(9888, 9892, SIGURG)        = 0
9892  --- SIGURG {si_signo=SIGURG, si_code=SI_TKILL, si_pid=9888, si_uid=1001} ---
9889  tgkill(9888, 9894, SIGURG)        = 0
9894  --- SIGURG {si_signo=SIGURG, si_code=SI_TKILL, si_pid=9888, si_uid=1001} ---
9889  tgkill(9888, 9891, SIGURG <unfinished ...>
9891  --- SIGURG {si_signo=SIGURG, si_code=SI_TKILL, si_pid=9888, si_uid=1001} ---
9889  <... tgkill resumed>)             = 0
9889  tgkill(9888, 9888, SIGURG)        = 0
9888  --- SIGURG {si_signo=SIGURG, si_code=SI_TKILL, si_pid=9888, si_uid=1001} ---
9889  tgkill(9888, 9891, SIGURG <unfinished ...>
9891  --- SIGURG {si_signo=SIGURG, si_code=SI_TKILL, si_pid=9888, si_uid=1001} ---
9889  <... tgkill resumed>)             = 0
9889  tgkill(9888, 9888, SIGURG)        = 0
9888  --- SIGURG {si_signo=SIGURG, si_code=SI_TKILL, si_pid=9888, si_uid=1001} ---
9889  tgkill(9888, 9892, SIGURG)        = 0
9892  --- SIGURG {si_signo=SIGURG, si_code=SI_TKILL, si_pid=9888, si_uid=1001} ---
9889  tgkill(9888, 9894, SIGURG <unfinished ...>
9894  --- SIGURG {si_signo=SIGURG, si_code=SI_TKILL, si_pid=9888, si_uid=1001} ---
9889  <... tgkill resumed>)             = 0
9889  tgkill(9888, 9891, SIGURG <unfinished ...>
9891  --- SIGURG {si_signo=SIGURG, si_code=SI_TKILL, si_pid=9888, si_uid=1001} ---
9889  <... tgkill resumed>)             = 0
9888  tgkill(9888, 9892, SIGURG <unfinished ...>
9892  --- SIGURG {si_signo=SIGURG, si_code=SI_TKILL, si_pid=9888, si_uid=1001} ---
9888  <... tgkill resumed>)             = 0
9891  tgkill(9888, 9888, SIGURG)        = 0
9888  --- SIGURG {si_signo=SIGURG, si_code=SI_TKILL, si_pid=9888, si_uid=1001} ---
9891  tgkill(9888, 9892, SIGURG)        = 0
9892  --- SIGURG {si_signo=SIGURG, si_code=SI_TKILL, si_pid=9888, si_uid=1001} ---
9891  tgkill(9888, 9894, SIGURG)        = 0
9894  --- SIGURG {si_signo=SIGURG, si_code=SI_TKILL, si_pid=9888, si_uid=1001} ---
9889  tgkill(9888, 9888, SIGURG)        = 0
9888  --- SIGURG {si_signo=SIGURG, si_code=SI_TKILL, si_pid=9888, si_uid=1001} ---
9889  tgkill(9888, 9892, SIGURG)        = 0
9892  --- SIGURG {si_signo=SIGURG, si_code=SI_TKILL, si_pid=9888, si_uid=1001} ---
9889  tgkill(9888, 9891, SIGURG)        = 0
9891  --- SIGURG {si_signo=SIGURG, si_code=SI_TKILL, si_pid=9888, si_uid=1001} ---
9889  tgkill(9888, 9892, SIGURG)        = 0
9892  --- SIGURG {si_signo=SIGURG, si_code=SI_TKILL, si_pid=9888, si_uid=1001} ---
9889  tgkill(9888, 9891, SIGURG)        = 0
9889  tgkill(9888, 9894, SIGURG)        = 0
9894  --- SIGURG {si_signo=SIGURG, si_code=SI_TKILL, si_pid=9888, si_uid=1001} ---
9891  --- SIGURG {si_signo=SIGURG, si_code=SI_TKILL, si_pid=9888, si_uid=1001} ---
9889  tgkill(9888, 9888, SIGURG)        = 0
9888  --- SIGURG {si_signo=SIGURG, si_code=SI_TKILL, si_pid=9888, si_uid=1001} ---
9889  tgkill(9888, 9891, SIGURG)        = 0
9891  --- SIGURG {si_signo=SIGURG, si_code=SI_TKILL, si_pid=9888, si_uid=1001} ---
9889  tgkill(9888, 9892, SIGURG)        = 0
9892  --- SIGURG {si_signo=SIGURG, si_code=SI_TKILL, si_pid=9888, si_uid=1001} ---
9889  tgkill(9888, 9891, SIGURG)        = 0
9889  tgkill(9888, 9894, SIGURG)        = 0
9894  --- SIGURG {si_signo=SIGURG, si_code=SI_TKILL, si_pid=9888, si_uid=1001} ---
9891  --- SIGURG {si_signo=SIGURG, si_code=SI_TKILL, si_pid=9888, si_uid=1001} ---
9889  tgkill(9888, 9888, SIGURG)        = 0
9888  --- SIGURG {si_signo=SIGURG, si_code=SI_TKILL, si_pid=9888, si_uid=1001} ---
9889  tgkill(9888, 9891, SIGURG)        = 0
9891  --- SIGURG {si_signo=SIGURG, si_code=SI_TKILL, si_pid=9888, si_uid=1001} ---
9889  tgkill(9888, 9892, SIGURG)        = 0
9892  --- SIGURG {si_signo=SIGURG, si_code=SI_TKILL, si_pid=9888, si_uid=1001} ---
9889  tgkill(9888, 9891, SIGURG)        = 0
9889  tgkill(9888, 9894, SIGURG)        = 0
9894  --- SIGURG {si_signo=SIGURG, si_code=SI_TKILL, si_pid=9888, si_uid=1001} ---
9891  --- SIGURG {si_signo=SIGURG, si_code=SI_TKILL, si_pid=9888, si_uid=1001} ---
9889  tgkill(9888, 9888, SIGURG)        = 0
9888  --- SIGURG {si_signo=SIGURG, si_code=SI_TKILL, si_pid=9888, si_uid=1001} ---
9889  tgkill(9888, 9891, SIGURG)        = 0
9891  --- SIGURG {si_signo=SIGURG, si_code=SI_TKILL, si_pid=9888, si_uid=1001} ---
9889  tgkill(9888, 9892, SIGURG <unfinished ...>
9892  --- SIGURG {si_signo=SIGURG, si_code=SI_TKILL, si_pid=9888, si_uid=1001} ---
9889  <... tgkill resumed>)             = 0
9889  tgkill(9888, 9891, SIGURG)        = 0
9891  --- SIGURG {si_signo=SIGURG, si_code=SI_TKILL, si_pid=9888, si_uid=1001} ---
9889  tgkill(9888, 9888, SIGURG)        = 0
9889  tgkill(9888, 9891, SIGURG <unfinished ...>
9888  --- SIGURG {si_signo=SIGURG, si_code=SI_TKILL, si_pid=9888, si_uid=1001} ---
9889  <... tgkill resumed>)             = 0
9889  tgkill(9888, 9894, SIGURG)        = 0
9894  --- SIGURG {si_signo=SIGURG, si_code=SI_TKILL, si_pid=9888, si_uid=1001} ---
9891  --- SIGURG {si_signo=SIGURG, si_code=SI_TKILL, si_pid=9888, si_uid=1001} ---
9889  tgkill(9888, 9888, SIGURG)        = 0
9888  --- SIGURG {si_signo=SIGURG, si_code=SI_TKILL, si_pid=9888, si_uid=1001} ---
9889  tgkill(9888, 9892, SIGURG)        = 0
9892  --- SIGURG {si_signo=SIGURG, si_code=SI_TKILL, si_pid=9888, si_uid=1001} ---
9888  tgkill(9888, 9892, SIGURG)        = 0
9892  --- SIGURG {si_signo=SIGURG, si_code=SI_TKILL, si_pid=9888, si_uid=1001} ---
9888  tgkill(9888, 9891, SIGURG <unfinished ...>
9891  --- SIGURG {si_signo=SIGURG, si_code=SI_TKILL, si_pid=9888, si_uid=1001} ---
9888  <... tgkill resumed>)             = 0
9888  tgkill(9888, 9894, SIGURG <unfinished ...>
9894  --- SIGURG {si_signo=SIGURG, si_code=SI_TKILL, si_pid=9888, si_uid=1001} ---
9888  <... tgkill resumed>)             = 0
9894  tgkill(9888, 9888, SIGURG)        = 0
9888  --- SIGURG {si_signo=SIGURG, si_code=SI_TKILL, si_pid=9888, si_uid=1001} ---
9894  tgkill(9888, 9892, SIGURG)        = 0
9892  --- SIGURG {si_signo=SIGURG, si_code=SI_TKILL, si_pid=9888, si_uid=1001} ---
9894  tgkill(9888, 9891, SIGURG)        = 0
9891  --- SIGURG {si_signo=SIGURG, si_code=SI_TKILL, si_pid=9888, si_uid=1001} ---
9894  tgkill(9888, 9888, SIGURG)        = 0
9894  tgkill(9888, 9892, SIGURG)        = 0
9892  --- SIGURG {si_signo=SIGURG, si_code=SI_TKILL, si_pid=9888, si_uid=1001} ---
9894  tgkill(9888, 9891, SIGURG)        = 0
9891  --- SIGURG {si_signo=SIGURG, si_code=SI_TKILL, si_pid=9888, si_uid=1001} ---
9888  --- SIGURG {si_signo=SIGURG, si_code=SI_TKILL, si_pid=9888, si_uid=1001} ---
9888  tgkill(9888, 9892, SIGURG)        = 0
9892  --- SIGURG {si_signo=SIGURG, si_code=SI_TKILL, si_pid=9888, si_uid=1001} ---
9888  tgkill(9888, 9891, SIGURG)        = 0
9891  --- SIGURG {si_signo=SIGURG, si_code=SI_TKILL, si_pid=9888, si_uid=1001} ---
9888  tgkill(9888, 9894, SIGURG)        = 0
9894  --- SIGURG {si_signo=SIGURG, si_code=SI_TKILL, si_pid=9888, si_uid=1001} ---
9888  tgkill(9888, 9892, SIGURG <unfinished ...>
9892  --- SIGURG {si_signo=SIGURG, si_code=SI_TKILL, si_pid=9888, si_uid=1001} ---
9888  <... tgkill resumed>)             = 0
9888  tgkill(9888, 9891, SIGURG)        = 0
9891  --- SIGURG {si_signo=SIGURG, si_code=SI_TKILL, si_pid=9888, si_uid=1001} ---
9888  tgkill(9888, 9894, SIGURG)        = 0
9894  --- SIGURG {si_signo=SIGURG, si_code=SI_TKILL, si_pid=9888, si_uid=1001} ---
9889  tgkill(9888, 9888, SIGURG)        = 0
9888  --- SIGURG {si_signo=SIGURG, si_code=SI_TKILL, si_pid=9888, si_uid=1001} ---
9889  tgkill(9888, 9892, SIGURG)        = 0
9892  --- SIGURG {si_signo=SIGURG, si_code=SI_TKILL, si_pid=9888, si_uid=1001} ---
9889  tgkill(9888, 9891, SIGURG <unfinished ...>
9891  --- SIGURG {si_signo=SIGURG, si_code=SI_TKILL, si_pid=9888, si_uid=1001} ---
9889  <... tgkill resumed>)             = 0
9889  tgkill(9888, 9894, SIGURG)        = 0
9894  --- SIGURG {si_signo=SIGURG, si_code=SI_TKILL, si_pid=9888, si_uid=1001} ---
9889  tgkill(9888, 9888, SIGURG)        = 0
9888  --- SIGURG {si_signo=SIGURG, si_code=SI_TKILL, si_pid=9888, si_uid=1001} ---
9889  tgkill(9888, 9892, SIGURG <unfinished ...>
9892  --- SIGURG {si_signo=SIGURG, si_code=SI_TKILL, si_pid=9888, si_uid=1001} ---
9889  <... tgkill resumed>)             = 0
9889  tgkill(9888, 9891, SIGURG <unfinished ...>
9891  --- SIGURG {si_signo=SIGURG, si_code=SI_TKILL, si_pid=9888, si_uid=1001} ---
9889  <... tgkill resumed>)             = 0
9889  tgkill(9888, 9894, SIGURG)        = 0
9894  --- SIGURG {si_signo=SIGURG, si_code=SI_TKILL, si_pid=9888, si_uid=1001} ---
9889  tgkill(9888, 9892, SIGURG)        = 0
9892  --- SIGURG {si_signo=SIGURG, si_code=SI_TKILL, si_pid=9888, si_uid=1001} ---
9889  tgkill(9888, 9891, SIGURG)        = 0
9891  --- SIGURG {si_signo=SIGURG, si_code=SI_TKILL, si_pid=9888, si_uid=1001} ---
9889  tgkill(9888, 9894, SIGURG)        = 0
9894  --- SIGURG {si_signo=SIGURG, si_code=SI_TKILL, si_pid=9888, si_uid=1001} ---
9889  tgkill(9888, 9888, SIGURG)        = 0
9889  tgkill(9888, 9892, SIGURG)        = 0
9892  --- SIGURG {si_signo=SIGURG, si_code=SI_TKILL, si_pid=9888, si_uid=1001} ---
9889  tgkill(9888, 9894, SIGURG <unfinished ...>
9894  --- SIGURG {si_signo=SIGURG, si_code=SI_TKILL, si_pid=9888, si_uid=1001} ---
9889  <... tgkill resumed>)             = 0
9888  --- SIGURG {si_signo=SIGURG, si_code=SI_TKILL, si_pid=9888, si_uid=1001} ---
9889  tgkill(9888, 9891, SIGURG)        = 0
9891  --- SIGURG {si_signo=SIGURG, si_code=SI_TKILL, si_pid=9888, si_uid=1001} ---
9889  tgkill(9888, 9888, SIGURG)        = 0
9888  --- SIGURG {si_signo=SIGURG, si_code=SI_TKILL, si_pid=9888, si_uid=1001} ---
9889  tgkill(9888, 9888, SIGURG)        = 0
9888  --- SIGURG {si_signo=SIGURG, si_code=SI_TKILL, si_pid=9888, si_uid=1001} ---
9889  tgkill(9888, 9888, SIGURG)        = 0
9888  --- SIGURG {si_signo=SIGURG, si_code=SI_TKILL, si_pid=9888, si_uid=1001} ---
9889  tgkill(9888, 9891, SIGURG <unfinished ...>
9891  --- SIGURG {si_signo=SIGURG, si_code=SI_TKILL, si_pid=9888, si_uid=1001} ---
9889  <... tgkill resumed>)             = 0
9889  tgkill(9888, 9891, SIGURG <unfinished ...>
9891  --- SIGURG {si_signo=SIGURG, si_code=SI_TKILL, si_pid=9888, si_uid=1001} ---
9889  <... tgkill resumed>)             = 0
9889  tgkill(9888, 9891, SIGURG)        = 0
9891  --- SIGURG {si_signo=SIGURG, si_code=SI_TKILL, si_pid=9888, si_uid=1001} ---
9889  tgkill(9888, 9891, SIGURG <unfinished ...>
9891  --- SIGURG {si_signo=SIGURG, si_code=SI_TKILL, si_pid=9888, si_uid=1001} ---
9889  <... tgkill resumed>)             = 0
9889  tgkill(9888, 9891, SIGURG)        = 0
9891  --- SIGURG {si_signo=SIGURG, si_code=SI_TKILL, si_pid=9888, si_uid=1001} ---
9889  tgkill(9888, 9888, SIGURG)        = 0
9888  --- SIGURG {si_signo=SIGURG, si_code=SI_TKILL, si_pid=9888, si_uid=1001} ---
9888  exit_group(0)                     = ?
9894  +++ exited with 0 +++
9893  +++ exited with 0 +++
9892  +++ exited with 0 +++
9890  +++ exited with 0 +++
9889  +++ exited with 0 +++
9891  +++ exited with 0 +++
9888  +++ exited with 0 +++
9507  <... waitid resumed>{si_signo=SIGCHLD, si_code=CLD_EXITED, si_pid=9888, si_uid=1001, si_status=0, si_utime=0, si_stime=0}, WEXITED, {ru_utime={tv_sec=3, tv_usec=428158}, ru_stime={tv_sec=0, tv_usec=199125}, ...}) = 0
9507  --- SIGCHLD {si_signo=SIGCHLD, si_code=CLD_EXITED, si_pid=9888, si_uid=1001, si_status=0, si_utime=342 /* 3.42 s */, si_stime=19 /* 0.19 s */} ---
9546  clone(child_stack=NULL, flags=CLONE_VM|CLONE_PIDFD|CLONE_VFORK|SIGCHLD <unfinished ...>
9896  execve("/opt/hostedtoolcache/go/1.27.0/arm64/pkg/tool/linux_arm64/asm", ["/opt/hostedtoolcache/go/1.27.0/a"..., "-p", "runtime", "-trimpath", "/tmp/go-build3734720916/b009=>", "-I", "/tmp/go-build3734720916/b009/", "-I", "/opt/hostedtoolcache/go/1.27.0/a"..., "-D", "GOOS_linux", "-D", "GOARCH_arm64", "-std", "-o", "/tmp/go-build3734720916/b009/asm"..., "/opt/hostedtoolcache/go/1.27.0/a"...], 0xf30a95fbb08 /* 140 vars */ <unfinished ...>
9546  <... clone resumed>, parent_tid=[12]) = 9896
9896  <... execve resumed>)             = 0
9546  waitid(P_PIDFD, 12,  <unfinished ...>
9896  clone(child_stack=0x481fa47ce000, flags=CLONE_VM|CLONE_FS|CLONE_FILES|CLONE_SIGHAND|CLONE_THREAD|CLONE_SYSVSEM) = 9897
9896  clone(child_stack=0x481fa4808000, flags=CLONE_VM|CLONE_FS|CLONE_FILES|CLONE_SIGHAND|CLONE_THREAD|CLONE_SYSVSEM <unfinished ...>
9897  tgkill(9896, 9896, SIGURG)        = 0
9896  <... clone resumed>)              = 9898
9896  --- SIGURG {si_signo=SIGURG, si_code=SI_TKILL, si_pid=9896, si_uid=1001} ---
9897  tgkill(9896, 9896, SIGURG)        = 0
9896  clone(child_stack=0x481fa4804000, flags=CLONE_VM|CLONE_FS|CLONE_FILES|CLONE_SIGHAND|CLONE_THREAD|CLONE_SYSVSEM) = 9899
9898  clone(child_stack=0x481fa4828000, flags=CLONE_VM|CLONE_FS|CLONE_FILES|CLONE_SIGHAND|CLONE_THREAD|CLONE_SYSVSEM <unfinished ...>
9896  --- SIGURG {si_signo=SIGURG, si_code=SI_TKILL, si_pid=9896, si_uid=1001} ---
9898  <... clone resumed>)              = 9900
9896  exit_group(0)                     = ?
9899  +++ exited with 0 +++
9898  +++ exited with 0 +++
9897  +++ exited with 0 +++
9900  +++ exited with 0 +++
9896  +++ exited with 0 +++
9546  <... waitid resumed>{si_signo=SIGCHLD, si_code=CLD_EXITED, si_pid=9896, si_uid=1001, si_status=0, si_utime=0, si_stime=0}, WEXITED, {ru_utime={tv_sec=0, tv_usec=1102}, ru_stime={tv_sec=0, tv_usec=5512}, ...}) = 0
9507  --- SIGCHLD {si_signo=SIGCHLD, si_code=CLD_EXITED, si_pid=9896, si_uid=1001, si_status=0, si_utime=0, si_stime=0} ---
9507  clone(child_stack=NULL, flags=CLONE_VM|CLONE_PIDFD|CLONE_VFORK|SIGCHLD <unfinished ...>
9901  execve("/opt/hostedtoolcache/go/1.27.0/arm64/pkg/tool/linux_arm64/asm", ["/opt/hostedtoolcache/go/1.27.0/a"..., "-p", "runtime", "-trimpath", "/tmp/go-build3734720916/b009=>", "-I", "/tmp/go-build3734720916/b009/", "-I", "/opt/hostedtoolcache/go/1.27.0/a"..., "-D", "GOOS_linux", "-D", "GOARCH_arm64", "-std", "-o", "/tmp/go-build3734720916/b009/asm"..., "/opt/hostedtoolcache/go/1.27.0/a"...], 0xf30a93e6d88 /* 140 vars */ <unfinished ...>
9507  <... clone resumed>, parent_tid=[12]) = 9901
9901  <... execve resumed>)             = 0
9507  waitid(P_PIDFD, 12,  <unfinished ...>
9901  clone(child_stack=0x6a39fc912000, flags=CLONE_VM|CLONE_FS|CLONE_FILES|CLONE_SIGHAND|CLONE_THREAD|CLONE_SYSVSEM) = 9902
9901  clone(child_stack=0x6a39fc94a000, flags=CLONE_VM|CLONE_FS|CLONE_FILES|CLONE_SIGHAND|CLONE_THREAD|CLONE_SYSVSEM) = 9903
9901  clone(child_stack=0x6a39fc946000, flags=CLONE_VM|CLONE_FS|CLONE_FILES|CLONE_SIGHAND|CLONE_THREAD|CLONE_SYSVSEM) = 9904
9903  clone(child_stack=0x6a39fc998000, flags=CLONE_VM|CLONE_FS|CLONE_FILES|CLONE_SIGHAND|CLONE_THREAD|CLONE_SYSVSEM) = 9905
9901  exit_group(0)                     = ?
9905  +++ exited with 0 +++
9904  +++ exited with 0 +++
9902  +++ exited with 0 +++
9903  +++ exited with 0 +++
9901  +++ exited with 0 +++
9546  --- SIGCHLD {si_signo=SIGCHLD, si_code=CLD_EXITED, si_pid=9901, si_uid=1001, si_status=0, si_utime=0, si_stime=0} ---
9507  <... waitid resumed>{si_signo=SIGCHLD, si_code=CLD_EXITED, si_pid=9901, si_uid=1001, si_status=0, si_utime=0, si_stime=0}, WEXITED, {ru_utime={tv_sec=0, tv_usec=5634}, ru_stime={tv_sec=0, tv_usec=7888}, ...}) = 0
9546  clone(child_stack=NULL, flags=CLONE_VM|CLONE_PIDFD|CLONE_VFORK|SIGCHLD <unfinished ...>
9906  execve("/opt/hostedtoolcache/go/1.27.0/arm64/pkg/tool/linux_arm64/asm", ["/opt/hostedtoolcache/go/1.27.0/a"..., "-p", "runtime", "-trimpath", "/tmp/go-build3734720916/b009=>", "-I", "/tmp/go-build3734720916/b009/", "-I", "/opt/hostedtoolcache/go/1.27.0/a"..., "-D", "GOOS_linux", "-D", "GOARCH_arm64", "-std", "-o", "/tmp/go-build3734720916/b009/ato"..., "/opt/hostedtoolcache/go/1.27.0/a"...], 0xf30a9407b08 /* 140 vars */ <unfinished ...>
9546  <... clone resumed>, parent_tid=[12]) = 9906
9906  <... execve resumed>)             = 0
9546  waitid(P_PIDFD, 12,  <unfinished ...>
9906  clone(child_stack=0x163988b18000, flags=CLONE_VM|CLONE_FS|CLONE_FILES|CLONE_SIGHAND|CLONE_THREAD|CLONE_SYSVSEM) = 9907
9906  clone(child_stack=0x163988b50000, flags=CLONE_VM|CLONE_FS|CLONE_FILES|CLONE_SIGHAND|CLONE_THREAD|CLONE_SYSVSEM) = 9908
9906  clone(child_stack=0x163988b4c000, flags=CLONE_VM|CLONE_FS|CLONE_FILES|CLONE_SIGHAND|CLONE_THREAD|CLONE_SYSVSEM) = 9909
9908  clone(child_stack=0x163988b98000, flags=CLONE_VM|CLONE_FS|CLONE_FILES|CLONE_SIGHAND|CLONE_THREAD|CLONE_SYSVSEM) = 9910
9906  exit_group(0)                     = ?
9908  +++ exited with 0 +++
9907  +++ exited with 0 +++
9909  +++ exited with 0 +++
9910  +++ exited with 0 +++
9906  +++ exited with 0 +++
9546  <... waitid resumed>{si_signo=SIGCHLD, si_code=CLD_EXITED, si_pid=9906, si_uid=1001, si_status=0, si_utime=0, si_stime=0}, WEXITED, {ru_utime={tv_sec=0, tv_usec=1012}, ru_stime={tv_sec=0, tv_usec=5064}, ...}) = 0
9511  --- SIGCHLD {si_signo=SIGCHLD, si_code=CLD_EXITED, si_pid=9906, si_uid=1001, si_status=0, si_utime=0, si_stime=0} ---
9511  clone(child_stack=NULL, flags=CLONE_VM|CLONE_PIDFD|CLONE_VFORK|SIGCHLD <unfinished ...>
9911  execve("/opt/hostedtoolcache/go/1.27.0/arm64/pkg/tool/linux_arm64/asm", ["/opt/hostedtoolcache/go/1.27.0/a"..., "-p", "runtime", "-trimpath", "/tmp/go-build3734720916/b009=>", "-I", "/tmp/go-build3734720916/b009/", "-I", "/opt/hostedtoolcache/go/1.27.0/a"..., "-D", "GOOS_linux", "-D", "GOARCH_arm64", "-std", "-o", "/tmp/go-build3734720916/b009/int"..., "/opt/hostedtoolcache/go/1.27.0/a"...], 0xf30a93e7208 /* 140 vars */ <unfinished ...>
9511  <... clone resumed>, parent_tid=[12]) = 9911
9911  <... execve resumed>)             = 0
9511  waitid(P_PIDFD, 12,  <unfinished ...>
9911  clone(child_stack=0xd7d2a20c000, flags=CLONE_VM|CLONE_FS|CLONE_FILES|CLONE_SIGHAND|CLONE_THREAD|CLONE_SYSVSEM) = 9912
9911  clone(child_stack=0xd7d2a244000, flags=CLONE_VM|CLONE_FS|CLONE_FILES|CLONE_SIGHAND|CLONE_THREAD|CLONE_SYSVSEM) = 9913
9911  clone(child_stack=0xd7d2a240000, flags=CLONE_VM|CLONE_FS|CLONE_FILES|CLONE_SIGHAND|CLONE_THREAD|CLONE_SYSVSEM) = 9914
9913  clone(child_stack=0xd7d2a298000, flags=CLONE_VM|CLONE_FS|CLONE_FILES|CLONE_SIGHAND|CLONE_THREAD|CLONE_SYSVSEM) = 9915
9912  tgkill(9911, 9914, SIGURG <unfinished ...>
9914  --- SIGURG {si_signo=SIGURG, si_code=SI_TKILL, si_pid=9911, si_uid=1001} ---
9912  <... tgkill resumed>)             = 0
9911  exit_group(0)                     = ?
9915  +++ exited with 0 +++
9914  +++ exited with 0 +++
9913  +++ exited with 0 +++
9912  +++ exited with 0 +++
9911  +++ exited with 0 +++
9546  --- SIGCHLD {si_signo=SIGCHLD, si_code=CLD_EXITED, si_pid=9911, si_uid=1001, si_status=0, si_utime=0, si_stime=0} ---
9511  <... waitid resumed>{si_signo=SIGCHLD, si_code=CLD_EXITED, si_pid=9911, si_uid=1001, si_status=0, si_utime=0, si_stime=0}, WEXITED, {ru_utime={tv_sec=0, tv_usec=0}, ru_stime={tv_sec=0, tv_usec=6570}, ...}) = 0
9546  clone(child_stack=NULL, flags=CLONE_VM|CLONE_PIDFD|CLONE_VFORK|SIGCHLD <unfinished ...>
9916  execve("/opt/hostedtoolcache/go/1.27.0/arm64/pkg/tool/linux_arm64/asm", ["/opt/hostedtoolcache/go/1.27.0/a"..., "-p", "runtime", "-trimpath", "/tmp/go-build3734720916/b009=>", "-I", "/tmp/go-build3734720916/b009/", "-I", "/opt/hostedtoolcache/go/1.27.0/a"..., "-D", "GOOS_linux", "-D", "GOARCH_arm64", "-std", "-o", "/tmp/go-build3734720916/b009/mem"..., "/opt/hostedtoolcache/go/1.27.0/a"...], 0xf30a94d8d88 /* 140 vars */ <unfinished ...>
9546  <... clone resumed>, parent_tid=[12]) = 9916
9916  <... execve resumed>)             = 0
9546  waitid(P_PIDFD, 12,  <unfinished ...>
9916  clone(child_stack=0x441338ade000, flags=CLONE_VM|CLONE_FS|CLONE_FILES|CLONE_SIGHAND|CLONE_THREAD|CLONE_SYSVSEM) = 9917
9916  clone(child_stack=0x441338b18000, flags=CLONE_VM|CLONE_FS|CLONE_FILES|CLONE_SIGHAND|CLONE_THREAD|CLONE_SYSVSEM) = 9918
9916  clone(child_stack=0x441338b14000, flags=CLONE_VM|CLONE_FS|CLONE_FILES|CLONE_SIGHAND|CLONE_THREAD|CLONE_SYSVSEM) = 9919
9918  clone(child_stack=0x441338b98000, flags=CLONE_VM|CLONE_FS|CLONE_FILES|CLONE_SIGHAND|CLONE_THREAD|CLONE_SYSVSEM) = 9920
9916  exit_group(0)                     = ?
9919  +++ exited with 0 +++
9918  +++ exited with 0 +++
9917  +++ exited with 0 +++
9920  +++ exited with 0 +++
9916  +++ exited with 0 +++
9546  <... waitid resumed>{si_signo=SIGCHLD, si_code=CLD_EXITED, si_pid=9916, si_uid=1001, si_status=0, si_utime=0, si_stime=0}, WEXITED, {ru_utime={tv_sec=0, tv_usec=2082}, ru_stime={tv_sec=0, tv_usec=4165}, ...}) = 0
9511  --- SIGCHLD {si_signo=SIGCHLD, si_code=CLD_EXITED, si_pid=9916, si_uid=1001, si_status=0, si_utime=0, si_stime=0} ---
9511  clone(child_stack=NULL, flags=CLONE_VM|CLONE_PIDFD|CLONE_VFORK|SIGCHLD <unfinished ...>
9921  execve("/opt/hostedtoolcache/go/1.27.0/arm64/pkg/tool/linux_arm64/asm", ["/opt/hostedtoolcache/go/1.27.0/a"..., "-p", "runtime", "-trimpath", "/tmp/go-build3734720916/b009=>", "-I", "/tmp/go-build3734720916/b009/", "-I", "/opt/hostedtoolcache/go/1.27.0/a"..., "-D", "GOOS_linux", "-D", "GOARCH_arm64", "-std", "-o", "/tmp/go-build3734720916/b009/mem"..., "/opt/hostedtoolcache/go/1.27.0/a"...], 0xf30a94d9208 /* 140 vars */ <unfinished ...>
9511  <... clone resumed>, parent_tid=[12]) = 9921
9921  <... execve resumed>)             = 0
9511  waitid(P_PIDFD, 12,  <unfinished ...>
9921  clone(child_stack=0x4c8254088000, flags=CLONE_VM|CLONE_FS|CLONE_FILES|CLONE_SIGHAND|CLONE_THREAD|CLONE_SYSVSEM) = 9922
9921  clone(child_stack=0x4c82540c0000, flags=CLONE_VM|CLONE_FS|CLONE_FILES|CLONE_SIGHAND|CLONE_THREAD|CLONE_SYSVSEM) = 9923
9921  clone(child_stack=0x4c82540bc000, flags=CLONE_VM|CLONE_FS|CLONE_FILES|CLONE_SIGHAND|CLONE_THREAD|CLONE_SYSVSEM) = 9924
9923  clone(child_stack=0x4c8254118000, flags=CLONE_VM|CLONE_FS|CLONE_FILES|CLONE_SIGHAND|CLONE_THREAD|CLONE_SYSVSEM) = 9925
9921  exit_group(0)                     = ?
9925  +++ exited with 0 +++
9924  +++ exited with 0 +++
9923  +++ exited with 0 +++
9922  +++ exited with 0 +++
9921  +++ exited with 0 +++
9546  --- SIGCHLD {si_signo=SIGCHLD, si_code=CLD_EXITED, si_pid=9921, si_uid=1001, si_status=0, si_utime=0, si_stime=0} ---
9511  <... waitid resumed>{si_signo=SIGCHLD, si_code=CLD_EXITED, si_pid=9921, si_uid=1001, si_status=0, si_utime=0, si_stime=0}, WEXITED, {ru_utime={tv_sec=0, tv_usec=2720}, ru_stime={tv_sec=0, tv_usec=3627}, ...}) = 0
9546  clone(child_stack=NULL, flags=CLONE_VM|CLONE_PIDFD|CLONE_VFORK|SIGCHLD <unfinished ...>
9926  execve("/opt/hostedtoolcache/go/1.27.0/arm64/pkg/tool/linux_arm64/asm", ["/opt/hostedtoolcache/go/1.27.0/a"..., "-p", "runtime", "-trimpath", "/tmp/go-build3734720916/b009=>", "-I", "/tmp/go-build3734720916/b009/", "-I", "/opt/hostedtoolcache/go/1.27.0/a"..., "-D", "GOOS_linux", "-D", "GOARCH_arm64", "-std", "-o", "/tmp/go-build3734720916/b009/pre"..., "/opt/hostedtoolcache/go/1.27.0/a"...], 0xf30a93e7688 /* 140 vars */ <unfinished ...>
9546  <... clone resumed>, parent_tid=[12]) = 9926
9926  <... execve resumed>)             = 0
9546  waitid(P_PIDFD, 12,  <unfinished ...>
9926  clone(child_stack=0x73cd2826a000, flags=CLONE_VM|CLONE_FS|CLONE_FILES|CLONE_SIGHAND|CLONE_THREAD|CLONE_SYSVSEM) = 9927
9926  clone(child_stack=0x73cd282a2000, flags=CLONE_VM|CLONE_FS|CLONE_FILES|CLONE_SIGHAND|CLONE_THREAD|CLONE_SYSVSEM) = 9928
9926  clone(child_stack=0x73cd2829e000, flags=CLONE_VM|CLONE_FS|CLONE_FILES|CLONE_SIGHAND|CLONE_THREAD|CLONE_SYSVSEM) = 9929
9928  clone(child_stack=0x73cd28318000, flags=CLONE_VM|CLONE_FS|CLONE_FILES|CLONE_SIGHAND|CLONE_THREAD|CLONE_SYSVSEM <unfinished ...>
9927  tgkill(9926, 9929, SIGURG <unfinished ...>
9928  <... clone resumed>)              = 9930
9927  <... tgkill resumed>)             = 0
9929  --- SIGURG {si_signo=SIGURG, si_code=SI_TKILL, si_pid=9926, si_uid=1001} ---
9926  exit_group(0)                     = ?
9930  +++ exited with 0 +++
9929  +++ exited with 0 +++
9928  +++ exited with 0 +++
9927  +++ exited with 0 +++
9926  +++ exited with 0 +++
9511  --- SIGCHLD {si_signo=SIGCHLD, si_code=CLD_EXITED, si_pid=9926, si_uid=1001, si_status=0, si_utime=0, si_stime=0} ---
9546  <... waitid resumed>{si_signo=SIGCHLD, si_code=CLD_EXITED, si_pid=9926, si_uid=1001, si_status=0, si_utime=0, si_stime=0}, WEXITED, {ru_utime={tv_sec=0, tv_usec=3402}, ru_stime={tv_sec=0, tv_usec=5670}, ...}) = 0
9511  clone(child_stack=NULL, flags=CLONE_VM|CLONE_PIDFD|CLONE_VFORK|SIGCHLD <unfinished ...>
9931  execve("/opt/hostedtoolcache/go/1.27.0/arm64/pkg/tool/linux_arm64/asm", ["/opt/hostedtoolcache/go/1.27.0/a"..., "-p", "runtime", "-trimpath", "/tmp/go-build3734720916/b009=>", "-I", "/tmp/go-build3734720916/b009/", "-I", "/opt/hostedtoolcache/go/1.27.0/a"..., "-D", "GOOS_linux", "-D", "GOARCH_arm64", "-std", "-o", "/tmp/go-build3734720916/b009/rt0"..., "/opt/hostedtoolcache/go/1.27.0/a"...], 0xf30a94d9688 /* 140 vars */ <unfinished ...>
9511  <... clone resumed>, parent_tid=[12]) = 9931
9931  <... execve resumed>)             = 0
9511  waitid(P_PIDFD, 12,  <unfinished ...>
9931  clone(child_stack=0x39f4a3168000, flags=CLONE_VM|CLONE_FS|CLONE_FILES|CLONE_SIGHAND|CLONE_THREAD|CLONE_SYSVSEM) = 9932
9931  clone(child_stack=0x39f4a31a0000, flags=CLONE_VM|CLONE_FS|CLONE_FILES|CLONE_SIGHAND|CLONE_THREAD|CLONE_SYSVSEM) = 9933
9931  clone(child_stack=0x39f4a319c000, flags=CLONE_VM|CLONE_FS|CLONE_FILES|CLONE_SIGHAND|CLONE_THREAD|CLONE_SYSVSEM) = 9934
9933  clone(child_stack=0x39f4a3218000, flags=CLONE_VM|CLONE_FS|CLONE_FILES|CLONE_SIGHAND|CLONE_THREAD|CLONE_SYSVSEM) = 9935
9932  tgkill(9931, 9934, SIGURG)        = 0
9934  --- SIGURG {si_signo=SIGURG, si_code=SI_TKILL, si_pid=9931, si_uid=1001} ---
9931  exit_group(0)                     = ?
9935  +++ exited with 0 +++
9934  +++ exited with 0 +++
9933  +++ exited with 0 +++
9932  +++ exited with 0 +++
9931  +++ exited with 0 +++
9546  --- SIGCHLD {si_signo=SIGCHLD, si_code=CLD_EXITED, si_pid=9931, si_uid=1001, si_status=0, si_utime=0, si_stime=0} ---
9511  <... waitid resumed>{si_signo=SIGCHLD, si_code=CLD_EXITED, si_pid=9931, si_uid=1001, si_status=0, si_utime=0, si_stime=0}, WEXITED, {ru_utime={tv_sec=0, tv_usec=0}, ru_stime={tv_sec=0, tv_usec=6502}, ...}) = 0
9546  clone(child_stack=NULL, flags=CLONE_VM|CLONE_PIDFD|CLONE_VFORK|SIGCHLD <unfinished ...>
9936  execve("/opt/hostedtoolcache/go/1.27.0/arm64/pkg/tool/linux_arm64/asm", ["/opt/hostedtoolcache/go/1.27.0/a"..., "-p", "runtime", "-trimpath", "/tmp/go-build3734720916/b009=>", "-I", "/tmp/go-build3734720916/b009/", "-I", "/opt/hostedtoolcache/go/1.27.0/a"..., "-D", "GOOS_linux", "-D", "GOARCH_arm64", "-std", "-o", "/tmp/go-build3734720916/b009/sec"..., "/opt/hostedtoolcache/go/1.27.0/a"...], 0xf30a93e7b08 /* 140 vars */ <unfinished ...>
9546  <... clone resumed>, parent_tid=[12]) = 9936
9936  <... execve resumed>)             = 0
9546  waitid(P_PIDFD, 12,  <unfinished ...>
9936  clone(child_stack=0x60c42128e000, flags=CLONE_VM|CLONE_FS|CLONE_FILES|CLONE_SIGHAND|CLONE_THREAD|CLONE_SYSVSEM) = 9937
9936  clone(child_stack=0x60c4212c6000, flags=CLONE_VM|CLONE_FS|CLONE_FILES|CLONE_SIGHAND|CLONE_THREAD|CLONE_SYSVSEM) = 9938
9936  clone(child_stack=0x60c4212c2000, flags=CLONE_VM|CLONE_FS|CLONE_FILES|CLONE_SIGHAND|CLONE_THREAD|CLONE_SYSVSEM) = 9939
9938  clone(child_stack=0x60c421318000, flags=CLONE_VM|CLONE_FS|CLONE_FILES|CLONE_SIGHAND|CLONE_THREAD|CLONE_SYSVSEM) = 9940
9936  exit_group(0)                     = ?
9940  +++ exited with 0 +++
9939  +++ exited with 0 +++
9938  +++ exited with 0 +++
9937  +++ exited with 0 +++
9936  +++ exited with 0 +++
9546  <... waitid resumed>{si_signo=SIGCHLD, si_code=CLD_EXITED, si_pid=9936, si_uid=1001, si_status=0, si_utime=0, si_stime=0}, WEXITED, {ru_utime={tv_sec=0, tv_usec=2454}, ru_stime={tv_sec=0, tv_usec=6546}, ...}) = 0
9511  --- SIGCHLD {si_signo=SIGCHLD, si_code=CLD_EXITED, si_pid=9936, si_uid=1001, si_status=0, si_utime=0, si_stime=0} ---
9511  clone(child_stack=NULL, flags=CLONE_VM|CLONE_PIDFD|CLONE_VFORK|SIGCHLD <unfinished ...>
9941  execve("/opt/hostedtoolcache/go/1.27.0/arm64/pkg/tool/linux_arm64/asm", ["/opt/hostedtoolcache/go/1.27.0/a"..., "-p", "runtime", "-trimpath", "/tmp/go-build3734720916/b009=>", "-I", "/tmp/go-build3734720916/b009/", "-I", "/opt/hostedtoolcache/go/1.27.0/a"..., "-D", "GOOS_linux", "-D", "GOARCH_arm64", "-std", "-o", "/tmp/go-build3734720916/b009/sys"..., "/opt/hostedtoolcache/go/1.27.0/a"...], 0xf30a953a488 /* 140 vars */ <unfinished ...>
9511  <... clone resumed>, parent_tid=[12]) = 9941
9941  <... execve resumed>)             = 0
9511  waitid(P_PIDFD, 12,  <unfinished ...>
9941  clone(child_stack=0x51ad59bc000, flags=CLONE_VM|CLONE_FS|CLONE_FILES|CLONE_SIGHAND|CLONE_THREAD|CLONE_SYSVSEM) = 9942
9941  clone(child_stack=0x51ad59f4000, flags=CLONE_VM|CLONE_FS|CLONE_FILES|CLONE_SIGHAND|CLONE_THREAD|CLONE_SYSVSEM) = 9943
9941  clone(child_stack=0x51ad59f0000, flags=CLONE_VM|CLONE_FS|CLONE_FILES|CLONE_SIGHAND|CLONE_THREAD|CLONE_SYSVSEM) = 9944
9943  clone(child_stack=0x51ad5a20000, flags=CLONE_VM|CLONE_FS|CLONE_FILES|CLONE_SIGHAND|CLONE_THREAD|CLONE_SYSVSEM) = 9945
9941  exit_group(0)                     = ?
9945  +++ exited with 0 +++
9944  +++ exited with 0 +++
9943  +++ exited with 0 +++
9942  +++ exited with 0 +++
9941  +++ exited with 0 +++
9546  --- SIGCHLD {si_signo=SIGCHLD, si_code=CLD_EXITED, si_pid=9941, si_uid=1001, si_status=0, si_utime=0, si_stime=0} ---
9511  <... waitid resumed>{si_signo=SIGCHLD, si_code=CLD_EXITED, si_pid=9941, si_uid=1001, si_status=0, si_utime=0, si_stime=0}, WEXITED, {ru_utime={tv_sec=0, tv_usec=3740}, ru_stime={tv_sec=0, tv_usec=6546}, ...}) = 0
9546  clone(child_stack=NULL, flags=CLONE_VM|CLONE_PIDFD|CLONE_VFORK|SIGCHLD <unfinished ...>
9946  execve("/opt/hostedtoolcache/go/1.27.0/arm64/pkg/tool/linux_arm64/asm", ["/opt/hostedtoolcache/go/1.27.0/a"..., "-p", "runtime", "-trimpath", "/tmp/go-build3734720916/b009=>", "-I", "/tmp/go-build3734720916/b009/", "-I", "/opt/hostedtoolcache/go/1.27.0/a"..., "-D", "GOOS_linux", "-D", "GOARCH_arm64", "-std", "-o", "/tmp/go-build3734720916/b009/tls"..., "/opt/hostedtoolcache/go/1.27.0/a"...], 0xf30a94d9b08 /* 140 vars */ <unfinished ...>
9546  <... clone resumed>, parent_tid=[12]) = 9946
9946  <... execve resumed>)             = 0
9546  waitid(P_PIDFD, 12,  <unfinished ...>
9946  clone(child_stack=0xc684c522000, flags=CLONE_VM|CLONE_FS|CLONE_FILES|CLONE_SIGHAND|CLONE_THREAD|CLONE_SYSVSEM) = 9947
9946  clone(child_stack=0xc684c55a000, flags=CLONE_VM|CLONE_FS|CLONE_FILES|CLONE_SIGHAND|CLONE_THREAD|CLONE_SYSVSEM) = 9948
9947  tgkill(9946, 9946, SIGURG)        = 0
9946  clone(child_stack=0xc684c556000, flags=CLONE_VM|CLONE_FS|CLONE_FILES|CLONE_SIGHAND|CLONE_THREAD|CLONE_SYSVSEM) = 9949
9946  --- SIGURG {si_signo=SIGURG, si_code=SI_TKILL, si_pid=9946, si_uid=1001} ---
9948  clone(child_stack=0xc684c598000, flags=CLONE_VM|CLONE_FS|CLONE_FILES|CLONE_SIGHAND|CLONE_THREAD|CLONE_SYSVSEM) = 9950
9946  clone(child_stack=0xc684c594000, flags=CLONE_VM|CLONE_FS|CLONE_FILES|CLONE_SIGHAND|CLONE_THREAD|CLONE_SYSVSEM) = 9951
9946  exit_group(0)                     = ?
9951  +++ exited with 0 +++
9950  +++ exited with 0 +++
9949  +++ exited with 0 +++
9948  +++ exited with 0 +++
9947  +++ exited with 0 +++
9946  +++ exited with 0 +++
9546  <... waitid resumed>{si_signo=SIGCHLD, si_code=CLD_EXITED, si_pid=9946, si_uid=1001, si_status=0, si_utime=0, si_stime=0}, WEXITED, {ru_utime={tv_sec=0, tv_usec=2050}, ru_stime={tv_sec=0, tv_usec=6835}, ...}) = 0
9511  --- SIGCHLD {si_signo=SIGCHLD, si_code=CLD_EXITED, si_pid=9946, si_uid=1001, si_status=0, si_utime=0, si_stime=1 /* 0.01 s */} ---
9506  tgkill(9505, 9511, SIGURG)        = 0
9511  --- SIGURG {si_signo=SIGURG, si_code=SI_TKILL, si_pid=9505, si_uid=1001} ---
9506  tgkill(9505, 9546, SIGURG)        = 0
9546  --- SIGURG {si_signo=SIGURG, si_code=SI_TKILL, si_pid=9505, si_uid=1001} ---
9506  tgkill(9505, 9546, SIGURG)        = 0
9546  --- SIGURG {si_signo=SIGURG, si_code=SI_TKILL, si_pid=9505, si_uid=1001} ---
9507  clone(child_stack=NULL, flags=CLONE_VM|CLONE_PIDFD|CLONE_VFORK|SIGCHLD <unfinished ...>
9546  clone(child_stack=NULL, flags=CLONE_VM|CLONE_PIDFD|CLONE_VFORK|SIGCHLD <unfinished ...>
9952  execve("/opt/hostedtoolcache/go/1.27.0/arm64/pkg/tool/linux_arm64/compile", ["/opt/hostedtoolcache/go/1.27.0/a"..., "-o", "/tmp/go-build3734720916/b039/_pk"..., "-trimpath", "/tmp/go-build3734720916/b039=>", "-p", "iter", "-lang=go1.27", "-std", "-complete", "-buildid", "uClfDxJB1d5rn3Krtbai/uClfDxJB1d5"..., "-goversion", "go1.27.0", "-c=4", "-nolocalimports", "-importcfg", "/tmp/go-build3734720916/b039/imp"..., "-pack", "/opt/hostedtoolcache/go/1.27.0/a"...], 0xf30a9787b08 /* 140 vars */ <unfinished ...>
9507  <... clone resumed>, parent_tid=[16]) = 9952
9952  <... execve resumed>)             = 0
9953  execve("/opt/hostedtoolcache/go/1.27.0/arm64/pkg/tool/linux_arm64/asm", ["/opt/hostedtoolcache/go/1.27.0/a"..., "-p", "internal/reflectlite", "-trimpath", "/tmp/go-build3734720916/b004=>", "-I", "/tmp/go-build3734720916/b004/", "-I", "/opt/hostedtoolcache/go/1.27.0/a"..., "-D", "GOOS_linux", "-D", "GOARCH_arm64", "-std", "-gensymabis", "-o", "/tmp/go-build3734720916/b004/sym"..., "/opt/hostedtoolcache/go/1.27.0/a"...], 0xf30a969b208 /* 140 vars */ <unfinished ...>
9546  <... clone resumed>, parent_tid=[19]) = 9953
9953  <... execve resumed>)             = 0
9546  waitid(P_PIDFD, 19,  <unfinished ...>
9507  waitid(P_PIDFD, 16,  <unfinished ...>
9511  clone(child_stack=NULL, flags=CLONE_VM|CLONE_PIDFD|CLONE_VFORK|SIGCHLD <unfinished ...>
9954  execve("/opt/hostedtoolcache/go/1.27.0/arm64/pkg/tool/linux_arm64/compile", ["/opt/hostedtoolcache/go/1.27.0/a"..., "-o", "/tmp/go-build3734720916/b043/_pk"..., "-trimpath", "/tmp/go-build3734720916/b043=>", "-p", "sync", "-lang=go1.27", "-std", "-buildid", "sXZpFnMXYj6FkZv37Ni0/sXZpFnMXYj6"..., "-goversion", "go1.27.0", "-c=4", "-nolocalimports", "-importcfg", "/tmp/go-build3734720916/b043/imp"..., "-pack", "/opt/hostedtoolcache/go/1.27.0/a"..., "/opt/hostedtoolcache/go/1.27.0/a"..., "/opt/hostedtoolcache/go/1.27.0/a"..., "/opt/hostedtoolcache/go/1.27.0/a"..., "/opt/hostedtoolcache/go/1.27.0/a"..., "/opt/hostedtoolcache/go/1.27.0/a"..., "/opt/hostedtoolcache/go/1.27.0/a"..., "/opt/hostedtoolcache/go/1.27.0/a"..., "/opt/hostedtoolcache/go/1.27.0/a"..., "/opt/hostedtoolcache/go/1.27.0/a"..., "/opt/hostedtoolcache/go/1.27.0/a"...], 0xf30a925cd88 /* 140 vars */ <unfinished ...>
9511  <... clone resumed>, parent_tid=[11]) = 9954
9954  <... execve resumed>)             = 0
9511  waitid(P_PIDFD, 11,  <unfinished ...>
9953  clone(child_stack=0x33b59f05e000, flags=CLONE_VM|CLONE_FS|CLONE_FILES|CLONE_SIGHAND|CLONE_THREAD|CLONE_SYSVSEM) = 9955
9953  clone(child_stack=0x33b59f098000, flags=CLONE_VM|CLONE_FS|CLONE_FILES|CLONE_SIGHAND|CLONE_THREAD|CLONE_SYSVSEM) = 9956
9952  clone(child_stack=0x24c53294c000, flags=CLONE_VM|CLONE_FS|CLONE_FILES|CLONE_SIGHAND|CLONE_THREAD|CLONE_SYSVSEM) = 9957
9953  clone(child_stack=0x33b59f094000, flags=CLONE_VM|CLONE_FS|CLONE_FILES|CLONE_SIGHAND|CLONE_THREAD|CLONE_SYSVSEM) = 9958
9956  clone(child_stack=0x33b59f118000, flags=CLONE_VM|CLONE_FS|CLONE_FILES|CLONE_SIGHAND|CLONE_THREAD|CLONE_SYSVSEM) = 9959
9952  clone(child_stack=0x24c532988000, flags=CLONE_VM|CLONE_FS|CLONE_FILES|CLONE_SIGHAND|CLONE_THREAD|CLONE_SYSVSEM) = 9960
9957  tgkill(9952, 9952, SIGURG)        = 0
9952  --- SIGURG {si_signo=SIGURG, si_code=SI_TKILL, si_pid=9952, si_uid=1001} ---
9952  clone(child_stack=0x24c532984000, flags=CLONE_VM|CLONE_FS|CLONE_FILES|CLONE_SIGHAND|CLONE_THREAD|CLONE_SYSVSEM) = 9961
9960  clone(child_stack=0x24c5329a8000, flags=CLONE_VM|CLONE_FS|CLONE_FILES|CLONE_SIGHAND|CLONE_THREAD|CLONE_SYSVSEM) = 9962
9954  clone(child_stack=0x712dc7472000, flags=CLONE_VM|CLONE_FS|CLONE_FILES|CLONE_SIGHAND|CLONE_THREAD|CLONE_SYSVSEM) = 9963
9954  clone(child_stack=0x712dc74aa000, flags=CLONE_VM|CLONE_FS|CLONE_FILES|CLONE_SIGHAND|CLONE_THREAD|CLONE_SYSVSEM) = 9964
9963  tgkill(9954, 9954, SIGURG <unfinished ...>
9954  clone(child_stack=0x712dc74a6000, flags=CLONE_VM|CLONE_FS|CLONE_FILES|CLONE_SIGHAND|CLONE_THREAD|CLONE_SYSVSEM <unfinished ...>
9963  <... tgkill resumed>)             = 0
9954  <... clone resumed>)              = 9965
9954  --- SIGURG {si_signo=SIGURG, si_code=SI_TKILL, si_pid=9954, si_uid=1001} ---
9964  clone(child_stack=0x712dc7518000, flags=CLONE_VM|CLONE_FS|CLONE_FILES|CLONE_SIGHAND|CLONE_THREAD|CLONE_SYSVSEM) = 9966
9953  exit_group(0 <unfinished ...>
9955  ???( <unfinished ...>
9953  <... exit_group resumed>)         = ?
9956  +++ exited with 0 +++
9959  +++ exited with 0 +++
9955  +++ exited with 0 +++
9958  +++ exited with 0 +++
9953  +++ exited with 0 +++
9546  <... waitid resumed>{si_signo=SIGCHLD, si_code=CLD_EXITED, si_pid=9953, si_uid=1001, si_status=0, si_utime=0, si_stime=0}, WEXITED, {ru_utime={tv_sec=0, tv_usec=2693}, ru_stime={tv_sec=0, tv_usec=2693}, ...}) = 0
9512  --- SIGCHLD {si_signo=SIGCHLD, si_code=CLD_EXITED, si_pid=9953, si_uid=1001, si_status=0, si_utime=0, si_stime=0} ---
9963  clone(child_stack=0x712dc78a4000, flags=CLONE_VM|CLONE_FS|CLONE_FILES|CLONE_SIGHAND|CLONE_THREAD|CLONE_SYSVSEM) = 9967
9512  clone(child_stack=NULL, flags=CLONE_VM|CLONE_PIDFD|CLONE_VFORK|SIGCHLD <unfinished ...>
9957  tgkill(9952, 9952, SIGURG)        = 0
9968  execve("/opt/hostedtoolcache/go/1.27.0/arm64/pkg/tool/linux_arm64/compile", ["/opt/hostedtoolcache/go/1.27.0/a"..., "-o", "/tmp/go-build3734720916/b004/_pk"..., "-trimpath", "/tmp/go-build3734720916/b004=>", "-p", "internal/reflectlite", "-lang=go1.27", "-std", "-buildid", "PjwVM48CAnHb1-eiQSvm/PjwVM48CAnH"..., "-goversion", "go1.27.0", "-symabis", "/tmp/go-build3734720916/b004/sym"..., "-c=4", "-nolocalimports", "-importcfg", "/tmp/go-build3734720916/b004/imp"..., "-pack", "-asmhdr", "/tmp/go-build3734720916/b004/go_"..., "/opt/hostedtoolcache/go/1.27.0/a"..., "/opt/hostedtoolcache/go/1.27.0/a"..., "/opt/hostedtoolcache/go/1.27.0/a"...], 0xf30a969b688 /* 140 vars */ <unfinished ...>
9512  <... clone resumed>, parent_tid=[15]) = 9968
9968  <... execve resumed>)             = 0
9512  waitid(P_PIDFD, 15,  <unfinished ...>
9952  --- SIGURG {si_signo=SIGURG, si_code=SI_TKILL, si_pid=9952, si_uid=1001} ---
9961  exit_group(0)                     = ?
9962  +++ exited with 0 +++
9961  +++ exited with 0 +++
9960  +++ exited with 0 +++
9957  +++ exited with 0 +++
9952  +++ exited with 0 +++
9507  <... waitid resumed>{si_signo=SIGCHLD, si_code=CLD_EXITED, si_pid=9952, si_uid=1001, si_status=0, si_utime=0, si_stime=0}, WEXITED, {ru_utime={tv_sec=0, tv_usec=7499}, ru_stime={tv_sec=0, tv_usec=6666}, ...}) = 0
9546  --- SIGCHLD {si_signo=SIGCHLD, si_code=CLD_EXITED, si_pid=9952, si_uid=1001, si_status=0, si_utime=0, si_stime=0} ---
9963  tgkill(9954, 9965, SIGURG)        = 0
9965  --- SIGURG {si_signo=SIGURG, si_code=SI_TKILL, si_pid=9954, si_uid=1001} ---
9510  tgkill(9505, 9546, SIGURG)        = 0
9546  --- SIGURG {si_signo=SIGURG, si_code=SI_TKILL, si_pid=9505, si_uid=1001} ---
9968  clone(child_stack=0x5491bfcc8000, flags=CLONE_VM|CLONE_FS|CLONE_FILES|CLONE_SIGHAND|CLONE_THREAD|CLONE_SYSVSEM <unfinished ...>
9546  tgkill(9505, 9510, SIGURG)        = 0
9510  --- SIGURG {si_signo=SIGURG, si_code=SI_TKILL, si_pid=9505, si_uid=1001} ---
9968  <... clone resumed>)              = 9969
9968  clone(child_stack=0x5491bfd00000, flags=CLONE_VM|CLONE_FS|CLONE_FILES|CLONE_SIGHAND|CLONE_THREAD|CLONE_SYSVSEM) = 9970
9968  clone(child_stack=0x5491bfcfc000, flags=CLONE_VM|CLONE_FS|CLONE_FILES|CLONE_SIGHAND|CLONE_THREAD|CLONE_SYSVSEM) = 9971
9970  clone(child_stack=0x5491bfd98000, flags=CLONE_VM|CLONE_FS|CLONE_FILES|CLONE_SIGHAND|CLONE_THREAD|CLONE_SYSVSEM) = 9972
9510  clone(child_stack=NULL, flags=CLONE_VM|CLONE_PIDFD|CLONE_VFORK|SIGCHLD <unfinished ...>
9973  execve("/opt/hostedtoolcache/go/1.27.0/arm64/pkg/tool/linux_arm64/compile", ["/opt/hostedtoolcache/go/1.27.0/a"..., "-o", "/tmp/go-build3734720916/b048/_pk"..., "-trimpath", "/tmp/go-build3734720916/b048=>", "-p", "slices", "-lang=go1.27", "-std", "-complete", "-buildid", "bHfVjtEuol23wLK7s-73/bHfVjtEuol2"..., "-goversion", "go1.27.0", "-c=4", "-nolocalimports", "-importcfg", "/tmp/go-build3734720916/b048/imp"..., "-pack", "/opt/hostedtoolcache/go/1.27.0/a"..., "/opt/hostedtoolcache/go/1.27.0/a"..., "/opt/hostedtoolcache/go/1.27.0/a"..., "/opt/hostedtoolcache/go/1.27.0/a"..., "/opt/hostedtoolcache/go/1.27.0/a"...], 0xf30a925cd88 /* 140 vars */ <unfinished ...>
9510  <... clone resumed>, parent_tid=[16]) = 9973
9973  <... execve resumed>)             = 0
9510  waitid(P_PIDFD, 16,  <unfinished ...>
9963  tgkill(9954, 9954, SIGURG)        = 0
9954  --- SIGURG {si_signo=SIGURG, si_code=SI_TKILL, si_pid=9954, si_uid=1001} ---
9973  clone(child_stack=0x5a62b318c000, flags=CLONE_VM|CLONE_FS|CLONE_FILES|CLONE_SIGHAND|CLONE_THREAD|CLONE_SYSVSEM) = 9974
9973  clone(child_stack=0x5a62b31c4000, flags=CLONE_VM|CLONE_FS|CLONE_FILES|CLONE_SIGHAND|CLONE_THREAD|CLONE_SYSVSEM) = 9975
9973  clone(child_stack=0x5a62b31c0000, flags=CLONE_VM|CLONE_FS|CLONE_FILES|CLONE_SIGHAND|CLONE_THREAD|CLONE_SYSVSEM) = 9976
9975  clone(child_stack=0x5a62b3218000, flags=CLONE_VM|CLONE_FS|CLONE_FILES|CLONE_SIGHAND|CLONE_THREAD|CLONE_SYSVSEM) = 9977
9969  tgkill(9968, 9970, SIGURG <unfinished ...>
9970  --- SIGURG {si_signo=SIGURG, si_code=SI_TKILL, si_pid=9968, si_uid=1001} ---
9969  <... tgkill resumed>)             = 0
9974  clone(child_stack=0x5a62b359c000, flags=CLONE_VM|CLONE_FS|CLONE_FILES|CLONE_SIGHAND|CLONE_THREAD|CLONE_SYSVSEM) = 9978
9969  tgkill(9968, 9968, SIGURG <unfinished ...>
9974  tgkill(9973, 9976, SIGURG <unfinished ...>
9969  <... tgkill resumed>)             = 0
9974  <... tgkill resumed>)             = 0
9976  --- SIGURG {si_signo=SIGURG, si_code=SI_TKILL, si_pid=9973, si_uid=1001} ---
9968  --- SIGURG {si_signo=SIGURG, si_code=SI_TKILL, si_pid=9968, si_uid=1001} ---
9976  exit_group(0 <unfinished ...>
9963  tgkill(9954, 9954, SIGURG <unfinished ...>
9976  <... exit_group resumed>)         = ?
9963  <... tgkill resumed>)             = 0
9954  --- SIGURG {si_signo=SIGURG, si_code=SI_TKILL, si_pid=9954, si_uid=1001} ---
9978  +++ exited with 0 +++
9975  +++ exited with 0 +++
9976  +++ exited with 0 +++
9977  +++ exited with 0 +++
9963  tgkill(9954, 9965, SIGURG)        = 0
9974  +++ exited with 0 +++
9973  +++ exited with 0 +++
9510  <... waitid resumed>{si_signo=SIGCHLD, si_code=CLD_EXITED, si_pid=9973, si_uid=1001, si_status=0, si_utime=0, si_stime=0}, WEXITED, {ru_utime={tv_sec=0, tv_usec=13092}, ru_stime={tv_sec=0, tv_usec=11346}, ...}) = 0
9965  --- SIGURG {si_signo=SIGURG, si_code=SI_TKILL, si_pid=9954, si_uid=1001} ---
9507  --- SIGCHLD {si_signo=SIGCHLD, si_code=CLD_EXITED, si_pid=9973, si_uid=1001, si_status=0, si_utime=1 /* 0.01 s */, si_stime=1 /* 0.01 s */} ---
9963  tgkill(9954, 9967, SIGURG <unfinished ...>
9967  --- SIGURG {si_signo=SIGURG, si_code=SI_TKILL, si_pid=9954, si_uid=1001} ---
9963  <... tgkill resumed>)             = 0
9963  tgkill(9954, 9964, SIGURG)        = 0
9964  --- SIGURG {si_signo=SIGURG, si_code=SI_TKILL, si_pid=9954, si_uid=1001} ---
9969  tgkill(9968, 9970, SIGURG)        = 0
9969  tgkill(9968, 9971, SIGURG)        = 0
9969  tgkill(9968, 9972, SIGURG)        = 0
9969  tgkill(9968, 9968, SIGURG)        = 0
9971  --- SIGURG {si_signo=SIGURG, si_code=SI_TKILL, si_pid=9968, si_uid=1001} ---
9968  --- SIGURG {si_signo=SIGURG, si_code=SI_TKILL, si_pid=9968, si_uid=1001} ---
9970  --- SIGURG {si_signo=SIGURG, si_code=SI_TKILL, si_pid=9968, si_uid=1001} ---
9972  --- SIGURG {si_signo=SIGURG, si_code=SI_TKILL, si_pid=9968, si_uid=1001} ---
9969  tgkill(9968, 9972, SIGURG)        = 0
9972  --- SIGURG {si_signo=SIGURG, si_code=SI_TKILL, si_pid=9968, si_uid=1001} ---
9969  tgkill(9968, 9972, SIGURG)        = 0
9972  --- SIGURG {si_signo=SIGURG, si_code=SI_TKILL, si_pid=9968, si_uid=1001} ---
9965  exit_group(0)                     = ?
9967  +++ exited with 0 +++
9965  +++ exited with 0 +++
9964  +++ exited with 0 +++
9963  +++ exited with 0 +++
9972  exit_group(0)                     = ?
9972  +++ exited with 0 +++
9971  +++ exited with 0 +++
9970  +++ exited with 0 +++
9969  +++ exited with 0 +++
9966  +++ exited with 0 +++
9954  +++ exited with 0 +++
9511  <... waitid resumed>{si_signo=SIGCHLD, si_code=CLD_EXITED, si_pid=9954, si_uid=1001, si_status=0, si_utime=0, si_stime=0}, WEXITED, {ru_utime={tv_sec=0, tv_usec=112746}, ru_stime={tv_sec=0, tv_usec=19835}, ...}) = 0
9510  --- SIGCHLD {si_signo=SIGCHLD, si_code=CLD_EXITED, si_pid=9954, si_uid=1001, si_status=0, si_utime=10 /* 0.10 s */, si_stime=1 /* 0.01 s */} ---
9968  +++ exited with 0 +++
9511  --- SIGCHLD {si_signo=SIGCHLD, si_code=CLD_EXITED, si_pid=9968, si_uid=1001, si_status=0, si_utime=9 /* 0.09 s */, si_stime=1 /* 0.01 s */} ---
9512  <... waitid resumed>{si_signo=SIGCHLD, si_code=CLD_EXITED, si_pid=9968, si_uid=1001, si_status=0, si_utime=0, si_stime=0}, WEXITED, {ru_utime={tv_sec=0, tv_usec=94688}, ru_stime={tv_sec=0, tv_usec=19344}, ...}) = 0
9511  clone(child_stack=NULL, flags=CLONE_VM|CLONE_PIDFD|CLONE_VFORK|SIGCHLD <unfinished ...>
9979  execve("/opt/hostedtoolcache/go/1.27.0/arm64/pkg/tool/linux_arm64/asm", ["/opt/hostedtoolcache/go/1.27.0/a"..., "-p", "internal/reflectlite", "-trimpath", "/tmp/go-build3734720916/b004=>", "-I", "/tmp/go-build3734720916/b004/", "-I", "/opt/hostedtoolcache/go/1.27.0/a"..., "-D", "GOOS_linux", "-D", "GOARCH_arm64", "-std", "-o", "/tmp/go-build3734720916/b004/asm"..., "/opt/hostedtoolcache/go/1.27.0/a"...], 0xf30a969b208 /* 140 vars */ <unfinished ...>
9511  <... clone resumed>, parent_tid=[13]) = 9979
9979  <... execve resumed>)             = 0
9511  waitid(P_PIDFD, 13,  <unfinished ...>
9979  clone(child_stack=0x7e298d16e000, flags=CLONE_VM|CLONE_FS|CLONE_FILES|CLONE_SIGHAND|CLONE_THREAD|CLONE_SYSVSEM) = 9980
9979  clone(child_stack=0x7e298d1a6000, flags=CLONE_VM|CLONE_FS|CLONE_FILES|CLONE_SIGHAND|CLONE_THREAD|CLONE_SYSVSEM) = 9981
9979  clone(child_stack=0x7e298d1a2000, flags=CLONE_VM|CLONE_FS|CLONE_FILES|CLONE_SIGHAND|CLONE_THREAD|CLONE_SYSVSEM <unfinished ...>
9980  tgkill(9979, 9979, SIGURG)        = 0
9979  <... clone resumed>)              = 9982
9979  --- SIGURG {si_signo=SIGURG, si_code=SI_TKILL, si_pid=9979, si_uid=1001} ---
9981  clone(child_stack=0x7e298d218000, flags=CLONE_VM|CLONE_FS|CLONE_FILES|CLONE_SIGHAND|CLONE_THREAD|CLONE_SYSVSEM) = 9983
9510  clone(child_stack=NULL, flags=CLONE_VM|CLONE_PIDFD|CLONE_VFORK|SIGCHLD <unfinished ...>
9507  clone(child_stack=NULL, flags=CLONE_VM|CLONE_PIDFD|CLONE_VFORK|SIGCHLD <unfinished ...>
9506  tgkill(9505, 9510, SIGURG)        = 0
9985  execve("/opt/hostedtoolcache/go/1.27.0/arm64/pkg/tool/linux_arm64/compile", ["/opt/hostedtoolcache/go/1.27.0/a"..., "-o", "/tmp/go-build3734720916/b067/_pk"..., "-trimpath", "/tmp/go-build3734720916/b067=>", "-p", "internal/bisect", "-lang=go1.27", "-std", "-complete", "-buildid", "0mAloux1h2J8s02rfUs4/0mAloux1h2J"..., "-goversion", "go1.27.0", "-c=4", "-nolocalimports", "-importcfg", "/tmp/go-build3734720916/b067/imp"..., "-pack", "/opt/hostedtoolcache/go/1.27.0/a"...], 0xf30a95fb688 /* 140 vars */ <unfinished ...>
9507  <... clone resumed>, parent_tid=[20]) = 9985
9985  <... execve resumed>)             = 0
9984  execve("/opt/hostedtoolcache/go/1.27.0/arm64/pkg/tool/linux_arm64/compile", ["/opt/hostedtoolcache/go/1.27.0/a"..., "-o", "/tmp/go-build3734720916/b060/_pk"..., "-trimpath", "/tmp/go-build3734720916/b060=>", "-p", "internal/testlog", "-lang=go1.27", "-std", "-complete", "-buildid", "27UNtftAwL_icUDWbBfY/27UNtftAwL_"..., "-goversion", "go1.27.0", "-c=4", "-nolocalimports", "-importcfg", "/tmp/go-build3734720916/b060/imp"..., "-pack", "/opt/hostedtoolcache/go/1.27.0/a"..., "/opt/hostedtoolcache/go/1.27.0/a"...], 0xf30a9787b08 /* 140 vars */ <unfinished ...>
9510  <... clone resumed>, parent_tid=[19]) = 9984
9984  <... execve resumed>)             = 0
9510  --- SIGURG {si_signo=SIGURG, si_code=SI_TKILL, si_pid=9505, si_uid=1001} ---
9507  waitid(P_PIDFD, 20,  <unfinished ...>
9510  waitid(P_PIDFD, 19,  <unfinished ...>
9979  exit_group(0)                     = ?
9983  +++ exited with 0 +++
9982  +++ exited with 0 +++
9980  +++ exited with 0 +++
9981  +++ exited with 0 +++
9979  +++ exited with 0 +++
9512  --- SIGCHLD {si_signo=SIGCHLD, si_code=CLD_EXITED, si_pid=9979, si_uid=1001, si_status=0, si_utime=0, si_stime=0} ---
9511  <... waitid resumed>{si_signo=SIGCHLD, si_code=CLD_EXITED, si_pid=9979, si_uid=1001, si_status=0, si_utime=0, si_stime=0}, WEXITED, {ru_utime={tv_sec=0, tv_usec=3620}, ru_stime={tv_sec=0, tv_usec=1810}, ...}) = 0
9984  clone(child_stack=0x514877f5c000, flags=CLONE_VM|CLONE_FS|CLONE_FILES|CLONE_SIGHAND|CLONE_THREAD|CLONE_SYSVSEM) = 9986
9985  clone(child_stack=0x41a96ef78000, flags=CLONE_VM|CLONE_FS|CLONE_FILES|CLONE_SIGHAND|CLONE_THREAD|CLONE_SYSVSEM <unfinished ...>
9984  clone(child_stack=0x514877f98000, flags=CLONE_VM|CLONE_FS|CLONE_FILES|CLONE_SIGHAND|CLONE_THREAD|CLONE_SYSVSEM <unfinished ...>
9985  <... clone resumed>)              = 9987
9984  <... clone resumed>)              = 9988
9985  clone(child_stack=0x41a96efb0000, flags=CLONE_VM|CLONE_FS|CLONE_FILES|CLONE_SIGHAND|CLONE_THREAD|CLONE_SYSVSEM <unfinished ...>
9984  clone(child_stack=0x514877f94000, flags=CLONE_VM|CLONE_FS|CLONE_FILES|CLONE_SIGHAND|CLONE_THREAD|CLONE_SYSVSEM <unfinished ...>
9985  <... clone resumed>)              = 9989
9984  <... clone resumed>)              = 9990
9988  clone(child_stack=0x514877fc0000, flags=CLONE_VM|CLONE_FS|CLONE_FILES|CLONE_SIGHAND|CLONE_THREAD|CLONE_SYSVSEM <unfinished ...>
9985  clone(child_stack=0x41a96efac000, flags=CLONE_VM|CLONE_FS|CLONE_FILES|CLONE_SIGHAND|CLONE_THREAD|CLONE_SYSVSEM <unfinished ...>
9988  <... clone resumed>)              = 9991
9985  <... clone resumed>)              = 9992
9989  clone(child_stack=0x41a96f018000, flags=CLONE_VM|CLONE_FS|CLONE_FILES|CLONE_SIGHAND|CLONE_THREAD|CLONE_SYSVSEM) = 9993
9984  clone(child_stack=0x514877fbc000, flags=CLONE_VM|CLONE_FS|CLONE_FILES|CLONE_SIGHAND|CLONE_THREAD|CLONE_SYSVSEM) = 9994
9508  clone(child_stack=NULL, flags=CLONE_VM|CLONE_PIDFD|CLONE_VFORK|SIGCHLD <unfinished ...>
9546  clone(child_stack=NULL, flags=CLONE_VM|CLONE_PIDFD|CLONE_VFORK|SIGCHLD <unfinished ...>
9987  tgkill(9985, 9985, SIGURG)        = 0
9985  --- SIGURG {si_signo=SIGURG, si_code=SI_TKILL, si_pid=9985, si_uid=1001} ---
9995  execve("/opt/hostedtoolcache/go/1.27.0/arm64/pkg/tool/linux_arm64/compile", ["/opt/hostedtoolcache/go/1.27.0/a"..., "-o", "/tmp/go-build3734720916/b003/_pk"..., "-trimpath", "/tmp/go-build3734720916/b003=>", "-p", "errors", "-lang=go1.27", "-std", "-complete", "-buildid", "4LF70XTbcy7WxOwUaIyZ/4LF70XTbcy7"..., "-goversion", "go1.27.0", "-c=4", "-nolocalimports", "-importcfg", "/tmp/go-build3734720916/b003/imp"..., "-pack", "/opt/hostedtoolcache/go/1.27.0/a"..., "/opt/hostedtoolcache/go/1.27.0/a"..., "/opt/hostedtoolcache/go/1.27.0/a"...], 0xf30a9407b08 /* 140 vars */ <unfinished ...>
9508  <... clone resumed>, parent_tid=[15]) = 9995
9995  <... execve resumed>)             = 0
9996  execve("/opt/hostedtoolcache/go/1.27.0/arm64/pkg/tool/linux_arm64/compile", ["/opt/hostedtoolcache/go/1.27.0/a"..., "-o", "/tmp/go-build3734720916/b072/_pk"..., "-trimpath", "/tmp/go-build3734720916/b072=>", "-p", "sort", "-lang=go1.27", "-std", "-complete", "-buildid", "7Nd7W-9A7TehAmYPq50Y/7Nd7W-9A7Te"..., "-goversion", "go1.27.0", "-c=4", "-nolocalimports", "-importcfg", "/tmp/go-build3734720916/b072/imp"..., "-pack", "/opt/hostedtoolcache/go/1.27.0/a"..., "/opt/hostedtoolcache/go/1.27.0/a"..., "/opt/hostedtoolcache/go/1.27.0/a"..., "/opt/hostedtoolcache/go/1.27.0/a"..., "/opt/hostedtoolcache/go/1.27.0/a"...], 0xf30a969b688 /* 140 vars */ <unfinished ...>
9546  <... clone resumed>, parent_tid=[22]) = 9996
9996  <... execve resumed>)             = 0
9508  waitid(P_PIDFD, 15,  <unfinished ...>
9546  waitid(P_PIDFD, 22,  <unfinished ...>
9995  clone(child_stack=0x3005f9fe0000, flags=CLONE_VM|CLONE_FS|CLONE_FILES|CLONE_SIGHAND|CLONE_THREAD|CLONE_SYSVSEM) = 9997
9995  clone(child_stack=0x3005fa018000, flags=CLONE_VM|CLONE_FS|CLONE_FILES|CLONE_SIGHAND|CLONE_THREAD|CLONE_SYSVSEM) = 9998
9995  clone(child_stack=0x3005fa014000, flags=CLONE_VM|CLONE_FS|CLONE_FILES|CLONE_SIGHAND|CLONE_THREAD|CLONE_SYSVSEM) = 9999
9998  clone(child_stack=0x3005fa098000, flags=CLONE_VM|CLONE_FS|CLONE_FILES|CLONE_SIGHAND|CLONE_THREAD|CLONE_SYSVSEM) = 10000
9996  clone(child_stack=0x70cdb7fc4000, flags=CLONE_VM|CLONE_FS|CLONE_FILES|CLONE_SIGHAND|CLONE_THREAD|CLONE_SYSVSEM) = 10001
9996  clone(child_stack=0x70cdb7ffc000, flags=CLONE_VM|CLONE_FS|CLONE_FILES|CLONE_SIGHAND|CLONE_THREAD|CLONE_SYSVSEM) = 10002
9996  clone(child_stack=0x70cdb7ff8000, flags=CLONE_VM|CLONE_FS|CLONE_FILES|CLONE_SIGHAND|CLONE_THREAD|CLONE_SYSVSEM <unfinished ...>
10002 clone(child_stack=0x70cdb8020000, flags=CLONE_VM|CLONE_FS|CLONE_FILES|CLONE_SIGHAND|CLONE_THREAD|CLONE_SYSVSEM) = 10004
9994  exit_group(0)                     = ?
9990  +++ exited with 0 +++
9994  +++ exited with 0 +++
9988  +++ exited with 0 +++
9991  +++ exited with 0 +++
9996  <... clone resumed>)              = 10003
9986  +++ exited with 0 +++
9984  +++ exited with 0 +++
9510  <... waitid resumed>{si_signo=SIGCHLD, si_code=CLD_EXITED, si_pid=9984, si_uid=1001, si_status=0, si_utime=0, si_stime=0}, WEXITED, {ru_utime={tv_sec=0, tv_usec=15930}, ru_stime={tv_sec=0, tv_usec=5689}, ...}) = 0
9511  --- SIGCHLD {si_signo=SIGCHLD, si_code=CLD_EXITED, si_pid=9984, si_uid=1001, si_status=0, si_utime=1 /* 0.01 s */, si_stime=0} ---
9987  tgkill(9985, 9993, SIGURG)        = 0
9997  tgkill(9995, 9995, SIGURG)        = 0
9995  --- SIGURG {si_signo=SIGURG, si_code=SI_TKILL, si_pid=9995, si_uid=1001} ---
9993  --- SIGURG {si_signo=SIGURG, si_code=SI_TKILL, si_pid=9985, si_uid=1001} ---
10001 tgkill(9996, 9996, SIGURG)        = 0
9996  --- SIGURG {si_signo=SIGURG, si_code=SI_TKILL, si_pid=9996, si_uid=1001} ---
10001 clone(child_stack=0x70cdb8424000, flags=CLONE_VM|CLONE_FS|CLONE_FILES|CLONE_SIGHAND|CLONE_THREAD|CLONE_SYSVSEM) = 10005
9997  tgkill(9995, 10000, SIGURG)       = 0
10000 --- SIGURG {si_signo=SIGURG, si_code=SI_TKILL, si_pid=9995, si_uid=1001} ---
9506  tgkill(9505, 9511, SIGURG)        = 0
9511  --- SIGURG {si_signo=SIGURG, si_code=SI_TKILL, si_pid=9505, si_uid=1001} ---
9993  exit_group(0)                     = ?
9992  +++ exited with 0 +++
9989  +++ exited with 0 +++
9987  +++ exited with 0 +++
9995  exit_group(0)                     = ?
10000 +++ exited with 0 +++
9998  +++ exited with 0 +++
9999  +++ exited with 0 +++
9997  +++ exited with 0 +++
9993  +++ exited with 0 +++
9985  +++ exited with 0 +++
9510  --- SIGCHLD {si_signo=SIGCHLD, si_code=CLD_EXITED, si_pid=9985, si_uid=1001, si_status=0, si_utime=4 /* 0.04 s */, si_stime=0} ---
9507  <... waitid resumed>{si_signo=SIGCHLD, si_code=CLD_EXITED, si_pid=9985, si_uid=1001, si_status=0, si_utime=0, si_stime=0}, WEXITED, {ru_utime={tv_sec=0, tv_usec=43510}, ru_stime={tv_sec=0, tv_usec=8899}, ...}) = 0
9995  +++ exited with 0 +++
9510  --- SIGCHLD {si_signo=SIGCHLD, si_code=CLD_EXITED, si_pid=9995, si_uid=1001, si_status=0, si_utime=1 /* 0.01 s */, si_stime=0} ---
9508  <... waitid resumed>{si_signo=SIGCHLD, si_code=CLD_EXITED, si_pid=9995, si_uid=1001, si_status=0, si_utime=0, si_stime=0}, WEXITED, {ru_utime={tv_sec=0, tv_usec=19564}, ru_stime={tv_sec=0, tv_usec=9267}, ...}) = 0
9510  tgkill(9505, 9511, SIGURG)        = 0
9511  --- SIGURG {si_signo=SIGURG, si_code=SI_TKILL, si_pid=9505, si_uid=1001} ---
9510  tgkill(9505, 9512, SIGURG)        = 0
9512  --- SIGURG {si_signo=SIGURG, si_code=SI_TKILL, si_pid=9505, si_uid=1001} ---
10001 tgkill(9996, 10004, SIGURG <unfinished ...>
10004 --- SIGURG {si_signo=SIGURG, si_code=SI_TKILL, si_pid=9996, si_uid=1001} ---
10001 <... tgkill resumed>)             = 0
9510  clone(child_stack=NULL, flags=CLONE_VM|CLONE_PIDFD|CLONE_VFORK|SIGCHLD <unfinished ...>
9511  clone(child_stack=NULL, flags=CLONE_VM|CLONE_PIDFD|CLONE_VFORK|SIGCHLD <unfinished ...>
10006 execve("/opt/hostedtoolcache/go/1.27.0/arm64/pkg/tool/linux_arm64/compile", ["/opt/hostedtoolcache/go/1.27.0/a"..., "-o", "/tmp/go-build3734720916/b053/_pk"..., "-trimpath", "/tmp/go-build3734720916/b053=>", "-p", "internal/oserror", "-lang=go1.27", "-std", "-complete", "-buildid", "6-LCFKnLee-UmSlUlu7Z/6-LCFKnLee-"..., "-goversion", "go1.27.0", "-c=4", "-nolocalimports", "-importcfg", "/tmp/go-build3734720916/b053/imp"..., "-pack", "/opt/hostedtoolcache/go/1.27.0/a"...], 0xf30a9407b08 /* 140 vars */ <unfinished ...>
9510  <... clone resumed>, parent_tid=[14]) = 10006
10006 <... execve resumed>)             = 0
9512  clone(child_stack=NULL, flags=CLONE_VM|CLONE_PIDFD|CLONE_VFORK|SIGCHLD <unfinished ...>
10007 execve("/opt/hostedtoolcache/go/1.27.0/arm64/pkg/tool/linux_arm64/compile", ["/opt/hostedtoolcache/go/1.27.0/a"..., "-o", "/tmp/go-build3734720916/b041/_pk"..., "-trimpath", "/tmp/go-build3734720916/b041=>", "-p", "strconv", "-lang=go1.27", "-std", "-complete", "-buildid", "YiTj2gFZTn2hr11Zvhfe/YiTj2gFZTn2"..., "-goversion", "go1.27.0", "-c=4", "-nolocalimports", "-importcfg", "/tmp/go-build3734720916/b041/imp"..., "-pack", "/opt/hostedtoolcache/go/1.27.0/a"..., "/opt/hostedtoolcache/go/1.27.0/a"..., "/opt/hostedtoolcache/go/1.27.0/a"..., "/opt/hostedtoolcache/go/1.27.0/a"..., "/opt/hostedtoolcache/go/1.27.0/a"...], 0xf30a9787b08 /* 140 vars */ <unfinished ...>
9511  <... clone resumed>, parent_tid=[20]) = 10007
10007 <... execve resumed>)             = 0
9510  waitid(P_PIDFD, 14,  <unfinished ...>
10008 execve("/opt/hostedtoolcache/go/1.27.0/arm64/pkg/tool/linux_arm64/compile", ["/opt/hostedtoolcache/go/1.27.0/a"..., "-o", "/tmp/go-build3734720916/b049/_pk"..., "-trimpath", "/tmp/go-build3734720916/b049=>", "-p", "io", "-lang=go1.27", "-std", "-complete", "-buildid", "oAK5zUl3-psiFmMeS3QH/oAK5zUl3-ps"..., "-goversion", "go1.27.0", "-c=4", "-nolocalimports", "-importcfg", "/tmp/go-build3734720916/b049/imp"..., "-pack", "/opt/hostedtoolcache/go/1.27.0/a"..., "/opt/hostedtoolcache/go/1.27.0/a"..., "/opt/hostedtoolcache/go/1.27.0/a"...], 0xf30a969b208 /* 140 vars */ <unfinished ...>
9512  <... clone resumed>, parent_tid=[25]) = 10008
10008 <... execve resumed>)             = 0
9511  waitid(P_PIDFD, 20,  <unfinished ...>
9512  waitid(P_PIDFD, 25,  <unfinished ...>
10006 clone(child_stack=0x26dafe0f0000, flags=CLONE_VM|CLONE_FS|CLONE_FILES|CLONE_SIGHAND|CLONE_THREAD|CLONE_SYSVSEM) = 10009
10006 clone(child_stack=0x26dafe128000, flags=CLONE_VM|CLONE_FS|CLONE_FILES|CLONE_SIGHAND|CLONE_THREAD|CLONE_SYSVSEM) = 10010
10009 tgkill(10006, 10006, SIGURG)      = 0
10007 clone(child_stack=0x12140c5d0000, flags=CLONE_VM|CLONE_FS|CLONE_FILES|CLONE_SIGHAND|CLONE_THREAD|CLONE_SYSVSEM <unfinished ...>
10006 clone(child_stack=0x26dafe124000, flags=CLONE_VM|CLONE_FS|CLONE_FILES|CLONE_SIGHAND|CLONE_THREAD|CLONE_SYSVSEM <unfinished ...>
10007 <... clone resumed>)              = 10011
10006 <... clone resumed>)              = 10012
10006 --- SIGURG {si_signo=SIGURG, si_code=SI_TKILL, si_pid=10006, si_uid=1001} ---
10010 clone(child_stack=0x26dafe198000, flags=CLONE_VM|CLONE_FS|CLONE_FILES|CLONE_SIGHAND|CLONE_THREAD|CLONE_SYSVSEM) = 10013
10007 clone(child_stack=0x12140c608000, flags=CLONE_VM|CLONE_FS|CLONE_FILES|CLONE_SIGHAND|CLONE_THREAD|CLONE_SYSVSEM <unfinished ...>
10008 clone(child_stack=0x409371576000, flags=CLONE_VM|CLONE_FS|CLONE_FILES|CLONE_SIGHAND|CLONE_THREAD|CLONE_SYSVSEM <unfinished ...>
10007 <... clone resumed>)              = 10014
10011 tgkill(10007, 10007, SIGURG)      = 0
10007 clone(child_stack=0x12140c604000, flags=CLONE_VM|CLONE_FS|CLONE_FILES|CLONE_SIGHAND|CLONE_THREAD|CLONE_SYSVSEM <unfinished ...>
10008 <... clone resumed>)              = 10015
10007 <... clone resumed>)              = 10016
10007 --- SIGURG {si_signo=SIGURG, si_code=SI_TKILL, si_pid=10007, si_uid=1001} ---
10014 clone(child_stack=0x12140c698000, flags=CLONE_VM|CLONE_FS|CLONE_FILES|CLONE_SIGHAND|CLONE_THREAD|CLONE_SYSVSEM) = 10017
10008 clone(child_stack=0x4093715ae000, flags=CLONE_VM|CLONE_FS|CLONE_FILES|CLONE_SIGHAND|CLONE_THREAD|CLONE_SYSVSEM) = 10018
10015 tgkill(10008, 10008, SIGURG)      = 0
10008 --- SIGURG {si_signo=SIGURG, si_code=SI_TKILL, si_pid=10008, si_uid=1001} ---
10008 clone(child_stack=0x4093715aa000, flags=CLONE_VM|CLONE_FS|CLONE_FILES|CLONE_SIGHAND|CLONE_THREAD|CLONE_SYSVSEM) = 10019
10018 clone(child_stack=0x409371618000, flags=CLONE_VM|CLONE_FS|CLONE_FILES|CLONE_SIGHAND|CLONE_THREAD|CLONE_SYSVSEM) = 10020
10001 tgkill(9996, 10004, SIGURG)       = 0
10004 --- SIGURG {si_signo=SIGURG, si_code=SI_TKILL, si_pid=9996, si_uid=1001} ---
10011 clone(child_stack=0x12140c622000, flags=CLONE_VM|CLONE_FS|CLONE_FILES|CLONE_SIGHAND|CLONE_THREAD|CLONE_SYSVSEM) = 10021
10015 tgkill(10008, 10008, SIGURG)      = 0
10009 tgkill(10006, 10006, SIGURG)      = 0
10006 --- SIGURG {si_signo=SIGURG, si_code=SI_TKILL, si_pid=10006, si_uid=1001} ---
10008 --- SIGURG {si_signo=SIGURG, si_code=SI_TKILL, si_pid=10008, si_uid=1001} ---
10011 tgkill(10007, 10014, SIGURG)      = 0
10014 --- SIGURG {si_signo=SIGURG, si_code=SI_TKILL, si_pid=10007, si_uid=1001} ---
10012 exit_group(0)                     = ?
10013 +++ exited with 0 +++
10009 +++ exited with 0 +++
10010 +++ exited with 0 +++
10012 +++ exited with 0 +++
10006 +++ exited with 0 +++
9508  --- SIGCHLD {si_signo=SIGCHLD, si_code=CLD_EXITED, si_pid=10006, si_uid=1001, si_status=0, si_utime=0, si_stime=0} ---
10015 tgkill(10008, 10008, SIGURG)      = 0
10008 --- SIGURG {si_signo=SIGURG, si_code=SI_TKILL, si_pid=10008, si_uid=1001} ---
9510  <... waitid resumed>{si_signo=SIGCHLD, si_code=CLD_EXITED, si_pid=10006, si_uid=1001, si_status=0, si_utime=0, si_stime=0}, WEXITED, {ru_utime={tv_sec=0, tv_usec=6444}, ru_stime={tv_sec=0, tv_usec=6444}, ...}) = 0
10001 tgkill(9996, 9996, SIGURG)        = 0
10001 tgkill(9996, 10003, SIGURG)       = 0
10003 --- SIGURG {si_signo=SIGURG, si_code=SI_TKILL, si_pid=9996, si_uid=1001} ---
10001 tgkill(9996, 10002, SIGURG)       = 0
9996  --- SIGURG {si_signo=SIGURG, si_code=SI_TKILL, si_pid=9996, si_uid=1001} ---
10002 --- SIGURG {si_signo=SIGURG, si_code=SI_TKILL, si_pid=9996, si_uid=1001} ---
9510  clone(child_stack=NULL, flags=CLONE_VM|CLONE_PIDFD|CLONE_VFORK|SIGCHLD <unfinished ...>
10022 execve("/opt/hostedtoolcache/go/1.27.0/arm64/pkg/tool/linux_arm64/compile", ["/opt/hostedtoolcache/go/1.27.0/a"..., "-o", "/tmp/go-build3734720916/b054/_pk"..., "-trimpath", "/tmp/go-build3734720916/b054=>", "-p", "path", "-lang=go1.27", "-std", "-complete", "-buildid", "S1bYbusOYAhhdRiywHCG/S1bYbusOYAh"..., "-goversion", "go1.27.0", "-c=4", "-nolocalimports", "-importcfg", "/tmp/go-build3734720916/b054/imp"..., "-pack", "/opt/hostedtoolcache/go/1.27.0/a"..., "/opt/hostedtoolcache/go/1.27.0/a"...], 0xf30a95fb688 /* 140 vars */ <unfinished ...>
9510  <... clone resumed>, parent_tid=[13]) = 10022
10022 <... execve resumed>)             = 0
10011 tgkill(10007, 10021, SIGURG)      = 0
10021 --- SIGURG {si_signo=SIGURG, si_code=SI_TKILL, si_pid=10007, si_uid=1001} ---
9510  waitid(P_PIDFD, 13,  <unfinished ...>
10001 tgkill(9996, 10004, SIGURG)       = 0
10004 --- SIGURG {si_signo=SIGURG, si_code=SI_TKILL, si_pid=9996, si_uid=1001} ---
10015 tgkill(10008, 10019, SIGURG <unfinished ...>
10019 --- SIGURG {si_signo=SIGURG, si_code=SI_TKILL, si_pid=10008, si_uid=1001} ---
10015 <... tgkill resumed>)             = 0
10022 clone(child_stack=0x47003433a000, flags=CLONE_VM|CLONE_FS|CLONE_FILES|CLONE_SIGHAND|CLONE_THREAD|CLONE_SYSVSEM) = 10023
10022 clone(child_stack=0x470034372000, flags=CLONE_VM|CLONE_FS|CLONE_FILES|CLONE_SIGHAND|CLONE_THREAD|CLONE_SYSVSEM) = 10024
10023 tgkill(10022, 10022, SIGURG)      = 0
10022 --- SIGURG {si_signo=SIGURG, si_code=SI_TKILL, si_pid=10022, si_uid=1001} ---
10022 clone(child_stack=0x47003436e000, flags=CLONE_VM|CLONE_FS|CLONE_FILES|CLONE_SIGHAND|CLONE_THREAD|CLONE_SYSVSEM) = 10025
10024 clone(child_stack=0x470034398000, flags=CLONE_VM|CLONE_FS|CLONE_FILES|CLONE_SIGHAND|CLONE_THREAD|CLONE_SYSVSEM) = 10026
9996  exit_group(0)                     = ?
10005 +++ exited with 0 +++
10002 +++ exited with 0 +++
10004 +++ exited with 0 +++
10001 +++ exited with 0 +++
10011 tgkill(10007, 10007, SIGURG)      = 0
10007 --- SIGURG {si_signo=SIGURG, si_code=SI_TKILL, si_pid=10007, si_uid=1001} ---
10003 +++ exited with 0 +++
9996  +++ exited with 0 +++
9546  <... waitid resumed>{si_signo=SIGCHLD, si_code=CLD_EXITED, si_pid=9996, si_uid=1001, si_status=0, si_utime=0, si_stime=0}, WEXITED, {ru_utime={tv_sec=0, tv_usec=103926}, ru_stime={tv_sec=0, tv_usec=22339}, ...}) = 0
9546  --- SIGCHLD {si_signo=SIGCHLD, si_code=CLD_EXITED, si_pid=9996, si_uid=1001, si_status=0, si_utime=10 /* 0.10 s */, si_stime=2 /* 0.02 s */} ---
10023 tgkill(10022, 10022, SIGURG)      = 0
10022 --- SIGURG {si_signo=SIGURG, si_code=SI_TKILL, si_pid=10022, si_uid=1001} ---
10023 tgkill(10022, 10022, SIGURG)      = 0
10022 --- SIGURG {si_signo=SIGURG, si_code=SI_TKILL, si_pid=10022, si_uid=1001} ---
10015 tgkill(10008, 10020, SIGURG)      = 0
10020 --- SIGURG {si_signo=SIGURG, si_code=SI_TKILL, si_pid=10008, si_uid=1001} ---
10015 tgkill(10008, 10008, SIGURG)      = 0
10008 --- SIGURG {si_signo=SIGURG, si_code=SI_TKILL, si_pid=10008, si_uid=1001} ---
10015 tgkill(10008, 10019, SIGURG)      = 0
10015 tgkill(10008, 10018, SIGURG)      = 0
10019 --- SIGURG {si_signo=SIGURG, si_code=SI_TKILL, si_pid=10008, si_uid=1001} ---
10018 --- SIGURG {si_signo=SIGURG, si_code=SI_TKILL, si_pid=10008, si_uid=1001} ---
10023 tgkill(10022, 10026, SIGURG <unfinished ...>
10026 --- SIGURG {si_signo=SIGURG, si_code=SI_TKILL, si_pid=10022, si_uid=1001} ---
10023 <... tgkill resumed>)             = 0
10011 tgkill(10007, 10007, SIGURG)      = 0
10007 --- SIGURG {si_signo=SIGURG, si_code=SI_TKILL, si_pid=10007, si_uid=1001} ---
9506  tgkill(9505, 9508, SIGURG)        = 0
9508  --- SIGURG {si_signo=SIGURG, si_code=SI_TKILL, si_pid=9505, si_uid=1001} ---
9506  tgkill(9505, 9508, SIGURG)        = 0
9508  --- SIGURG {si_signo=SIGURG, si_code=SI_TKILL, si_pid=9505, si_uid=1001} ---
9506  tgkill(9505, 9508, SIGURG)        = 0
9508  --- SIGURG {si_signo=SIGURG, si_code=SI_TKILL, si_pid=9505, si_uid=1001} ---
9506  tgkill(9505, 9508, SIGURG)        = 0
9508  --- SIGURG {si_signo=SIGURG, si_code=SI_TKILL, si_pid=9505, si_uid=1001} ---
9506  tgkill(9505, 9508, SIGURG)        = 0
9508  --- SIGURG {si_signo=SIGURG, si_code=SI_TKILL, si_pid=9505, si_uid=1001} ---
10021 exit_group(0)                     = ?
10021 +++ exited with 0 +++
10017 +++ exited with 0 +++
10014 +++ exited with 0 +++
10011 +++ exited with 0 +++
10016 +++ exited with 0 +++
10007 +++ exited with 0 +++
9546  --- SIGCHLD {si_signo=SIGCHLD, si_code=CLD_EXITED, si_pid=10007, si_uid=1001, si_status=0, si_utime=4 /* 0.04 s */, si_stime=1 /* 0.01 s */} ---
9511  <... waitid resumed>{si_signo=SIGCHLD, si_code=CLD_EXITED, si_pid=10007, si_uid=1001, si_status=0, si_utime=0, si_stime=0}, WEXITED, {ru_utime={tv_sec=0, tv_usec=51002}, ru_stime={tv_sec=0, tv_usec=15192}, ...}) = 0
9506  tgkill(9505, 9511, SIGURG <unfinished ...>
9511  --- SIGURG {si_signo=SIGURG, si_code=SI_TKILL, si_pid=9505, si_uid=1001} ---
9506  <... tgkill resumed>)             = 0
10024 exit_group(0)                     = ?
10025 +++ exited with 0 +++
10024 +++ exited with 0 +++
10023 +++ exited with 0 +++
10026 +++ exited with 0 +++
10022 +++ exited with 0 +++
9509  --- SIGCHLD {si_signo=SIGCHLD, si_code=CLD_EXITED, si_pid=10022, si_uid=1001, si_status=0, si_utime=2 /* 0.02 s */, si_stime=0} ---
9510  <... waitid resumed>{si_signo=SIGCHLD, si_code=CLD_EXITED, si_pid=10022, si_uid=1001, si_status=0, si_utime=0, si_stime=0}, WEXITED, {ru_utime={tv_sec=0, tv_usec=26888}, ru_stime={tv_sec=0, tv_usec=7239}, ...}) = 0
9509  tgkill(9505, 9508, SIGURG)        = 0
9508  --- SIGURG {si_signo=SIGURG, si_code=SI_TKILL, si_pid=9505, si_uid=1001} ---
9508  tgkill(9505, 9509, SIGURG)        = 0
9509  --- SIGURG {si_signo=SIGURG, si_code=SI_TKILL, si_pid=9505, si_uid=1001} ---
9508  tgkill(9505, 9546, SIGURG <unfinished ...>
9546  --- SIGURG {si_signo=SIGURG, si_code=SI_TKILL, si_pid=9505, si_uid=1001} ---
9509  tgkill(9505, 9508, SIGURG <unfinished ...>
9508  <... tgkill resumed>)             = 0
9509  <... tgkill resumed>)             = 0
10015 tgkill(10008, 10008, SIGURG <unfinished ...>
9508  --- SIGURG {si_signo=SIGURG, si_code=SI_TKILL, si_pid=9505, si_uid=1001} ---
10015 <... tgkill resumed>)             = 0
10008 --- SIGURG {si_signo=SIGURG, si_code=SI_TKILL, si_pid=10008, si_uid=1001} ---
10020 exit_group(0)                     = ?
10020 +++ exited with 0 +++
10015 +++ exited with 0 +++
10019 +++ exited with 0 +++
10018 +++ exited with 0 +++
10008 +++ exited with 0 +++
9512  <... waitid resumed>{si_signo=SIGCHLD, si_code=CLD_EXITED, si_pid=10008, si_uid=1001, si_status=0, si_utime=0, si_stime=0}, WEXITED, {ru_utime={tv_sec=0, tv_usec=61512}, ru_stime={tv_sec=0, tv_usec=15126}, ...}) = 0
9511  --- SIGCHLD {si_signo=SIGCHLD, si_code=CLD_EXITED, si_pid=10008, si_uid=1001, si_status=0, si_utime=6 /* 0.06 s */, si_stime=1 /* 0.01 s */} ---
9511  clone(child_stack=NULL, flags=CLONE_VM|CLONE_PIDFD|CLONE_VFORK|SIGCHLD <unfinished ...>
10027 execve("/opt/hostedtoolcache/go/1.27.0/arm64/pkg/tool/linux_arm64/compile", ["/opt/hostedtoolcache/go/1.27.0/a"..., "-o", "/tmp/go-build3734720916/b066/_pk"..., "-trimpath", "/tmp/go-build3734720916/b066=>", "-p", "internal/godebug", "-lang=go1.27", "-std", "-complete", "-buildid", "AcY4XHJEUplJW9BfMhAj/AcY4XHJEUpl"..., "-goversion", "go1.27.0", "-c=4", "-nolocalimports", "-importcfg", "/tmp/go-build3734720916/b066/imp"..., "-pack", "/opt/hostedtoolcache/go/1.27.0/a"...], 0xf30a9787b08 /* 140 vars */) = 0
9511  <... clone resumed>, parent_tid=[15]) = 10027
9511  waitid(P_PIDFD, 15,  <unfinished ...>
9507  clone(child_stack=NULL, flags=CLONE_VM|CLONE_PIDFD|CLONE_VFORK|SIGCHLD <unfinished ...>
10028 execve("/opt/hostedtoolcache/go/1.27.0/arm64/pkg/tool/linux_arm64/asm", ["/opt/hostedtoolcache/go/1.27.0/a"..., "-p", "syscall", "-trimpath", "/tmp/go-build3734720916/b056=>", "-I", "/tmp/go-build3734720916/b056/", "-I", "/opt/hostedtoolcache/go/1.27.0/a"..., "-D", "GOOS_linux", "-D", "GOARCH_arm64", "-std", "-gensymabis", "-o", "/tmp/go-build3734720916/b056/sym"..., "/opt/hostedtoolcache/go/1.27.0/a"...], 0xf30a95fb688 /* 140 vars */ <unfinished ...>
9507  <... clone resumed>, parent_tid=[12]) = 10028
10028 <... execve resumed>)             = 0
9546  clone(child_stack=NULL, flags=CLONE_VM|CLONE_PIDFD|CLONE_VFORK|SIGCHLD <unfinished ...>
9507  waitid(P_PIDFD, 12,  <unfinished ...>
10029 execve("/opt/hostedtoolcache/go/1.27.0/arm64/pkg/tool/linux_arm64/asm", ["/opt/hostedtoolcache/go/1.27.0/a"..., "-p", "reflect", "-trimpath", "/tmp/go-build3734720916/b038=>", "-I", "/tmp/go-build3734720916/b038/", "-I", "/opt/hostedtoolcache/go/1.27.0/a"..., "-D", "GOOS_linux", "-D", "GOARCH_arm64", "-std", "-gensymabis", "-o", "/tmp/go-build3734720916/b038/sym"..., "/opt/hostedtoolcache/go/1.27.0/a"...], 0xf30a969b208 /* 140 vars */ <unfinished ...>
9546  <... clone resumed>, parent_tid=[10]) = 10029
10029 <... execve resumed>)             = 0
9506  tgkill(9505, 9510, SIGURG)        = 0
9546  waitid(P_PIDFD, 10,  <unfinished ...>
9510  --- SIGURG {si_signo=SIGURG, si_code=SI_TKILL, si_pid=9505, si_uid=1001} ---
9510  clone(child_stack=NULL, flags=CLONE_VM|CLONE_PIDFD|CLONE_VFORK|SIGCHLD <unfinished ...>
10027 clone(child_stack=0x4e4f47f86000, flags=CLONE_VM|CLONE_FS|CLONE_FILES|CLONE_SIGHAND|CLONE_THREAD|CLONE_SYSVSEM) = 10031
10027 clone(child_stack=0x4e4f47fbe000, flags=CLONE_VM|CLONE_FS|CLONE_FILES|CLONE_SIGHAND|CLONE_THREAD|CLONE_SYSVSEM) = 10032
10031 tgkill(10027, 10027, SIGURG)      = 0
10027 --- SIGURG {si_signo=SIGURG, si_code=SI_TKILL, si_pid=10027, si_uid=1001} ---
10027 clone(child_stack=0x4e4f47fba000, flags=CLONE_VM|CLONE_FS|CLONE_FILES|CLONE_SIGHAND|CLONE_THREAD|CLONE_SYSVSEM) = 10033
10030 execve("/opt/hostedtoolcache/go/1.27.0/arm64/pkg/tool/linux_arm64/compile", ["/opt/hostedtoolcache/go/1.27.0/a"..., "-o", "/tmp/go-build3734720916/b062/_pk"..., "-trimpath", "/tmp/go-build3734720916/b062=>", "-p", "bytes", "-lang=go1.27", "-std", "-buildid", "blK9KMS4gUGBvi1BV96E/blK9KMS4gUG"..., "-goversion", "go1.27.0", "-c=4", "-nolocalimports", "-importcfg", "/tmp/go-build3734720916/b062/imp"..., "-pack", "/opt/hostedtoolcache/go/1.27.0/a"..., "/opt/hostedtoolcache/go/1.27.0/a"..., "/opt/hostedtoolcache/go/1.27.0/a"..., "/opt/hostedtoolcache/go/1.27.0/a"...], 0xf30a9407b08 /* 140 vars */ <unfinished ...>
9510  <... clone resumed>, parent_tid=[18]) = 10030
10030 <... execve resumed>)             = 0
10032 clone(child_stack=0x4e4f48018000, flags=CLONE_VM|CLONE_FS|CLONE_FILES|CLONE_SIGHAND|CLONE_THREAD|CLONE_SYSVSEM) = 10034
9510  waitid(P_PIDFD, 18,  <unfinished ...>
10028 clone(child_stack=0x7e49e3198000, flags=CLONE_VM|CLONE_FS|CLONE_FILES|CLONE_SIGHAND|CLONE_THREAD|CLONE_SYSVSEM) = 10035
10028 clone(child_stack=0x7e49e31d0000, flags=CLONE_VM|CLONE_FS|CLONE_FILES|CLONE_SIGHAND|CLONE_THREAD|CLONE_SYSVSEM) = 10036
10035 tgkill(10028, 10028, SIGURG)      = 0
10028 clone(child_stack=0x7e49e31cc000, flags=CLONE_VM|CLONE_FS|CLONE_FILES|CLONE_SIGHAND|CLONE_THREAD|CLONE_SYSVSEM) = 10037
10028 --- SIGURG {si_signo=SIGURG, si_code=SI_TKILL, si_pid=10028, si_uid=1001} ---
10036 clone(child_stack=0x7e49e3218000, flags=CLONE_VM|CLONE_FS|CLONE_FILES|CLONE_SIGHAND|CLONE_THREAD|CLONE_SYSVSEM) = 10038
10029 clone(child_stack=0x38a4cda14000, flags=CLONE_VM|CLONE_FS|CLONE_FILES|CLONE_SIGHAND|CLONE_THREAD|CLONE_SYSVSEM) = 10039
10029 clone(child_stack=0x38a4cda4c000, flags=CLONE_VM|CLONE_FS|CLONE_FILES|CLONE_SIGHAND|CLONE_THREAD|CLONE_SYSVSEM) = 10040
10029 clone(child_stack=0x38a4cda48000, flags=CLONE_VM|CLONE_FS|CLONE_FILES|CLONE_SIGHAND|CLONE_THREAD|CLONE_SYSVSEM) = 10041
10040 clone(child_stack=0x38a4cda98000, flags=CLONE_VM|CLONE_FS|CLONE_FILES|CLONE_SIGHAND|CLONE_THREAD|CLONE_SYSVSEM) = 10042
10030 clone(child_stack=0x4ccdaadac000, flags=CLONE_VM|CLONE_FS|CLONE_FILES|CLONE_SIGHAND|CLONE_THREAD|CLONE_SYSVSEM) = 10043
10030 clone(child_stack=0x4ccdaade4000, flags=CLONE_VM|CLONE_FS|CLONE_FILES|CLONE_SIGHAND|CLONE_THREAD|CLONE_SYSVSEM) = 10044
10030 clone(child_stack=0x4ccdaade0000, flags=CLONE_VM|CLONE_FS|CLONE_FILES|CLONE_SIGHAND|CLONE_THREAD|CLONE_SYSVSEM) = 10045
10044 clone(child_stack=0x4ccdaae18000, flags=CLONE_VM|CLONE_FS|CLONE_FILES|CLONE_SIGHAND|CLONE_THREAD|CLONE_SYSVSEM) = 10046
10031 tgkill(10027, 10027, SIGURG)      = 0
10027 --- SIGURG {si_signo=SIGURG, si_code=SI_TKILL, si_pid=10027, si_uid=1001} ---
10028 exit_group(0)                     = ?
10037 +++ exited with 0 +++
10036 +++ exited with 0 +++
10035 +++ exited with 0 +++
10038 +++ exited with 0 +++
10028 +++ exited with 0 +++
9507  <... waitid resumed>{si_signo=SIGCHLD, si_code=CLD_EXITED, si_pid=10028, si_uid=1001, si_status=0, si_utime=0, si_stime=0}, WEXITED, {ru_utime={tv_sec=0, tv_usec=1399}, ru_stime={tv_sec=0, tv_usec=5596}, ...}) = 0
9506  --- SIGCHLD {si_signo=SIGCHLD, si_code=CLD_EXITED, si_pid=10028, si_uid=1001, si_status=0, si_utime=0, si_stime=0} ---
10043 clone(child_stack=0x4ccdab20a000, flags=CLONE_VM|CLONE_FS|CLONE_FILES|CLONE_SIGHAND|CLONE_THREAD|CLONE_SYSVSEM) = 10047
10029 exit_group(0)                     = ?
10042 +++ exited with 0 +++
10041 +++ exited with 0 +++
10039 +++ exited with 0 +++
10043 clone(child_stack=0x4ccdab206000, flags=CLONE_VM|CLONE_FS|CLONE_FILES|CLONE_SIGHAND|CLONE_THREAD|CLONE_SYSVSEM) = 10048
10040 +++ exited with 0 +++
10029 +++ exited with 0 +++
9546  <... waitid resumed>{si_signo=SIGCHLD, si_code=CLD_EXITED, si_pid=10029, si_uid=1001, si_status=0, si_utime=0, si_stime=0}, WEXITED, {ru_utime={tv_sec=0, tv_usec=2654}, ru_stime={tv_sec=0, tv_usec=3981}, ...}) = 0
9507  --- SIGCHLD {si_signo=SIGCHLD, si_code=CLD_EXITED, si_pid=10029, si_uid=1001, si_status=0, si_utime=0, si_stime=0} ---
9506  tgkill(9505, 9507, SIGURG)        = 0
9507  --- SIGURG {si_signo=SIGURG, si_code=SI_TKILL, si_pid=9505, si_uid=1001} ---
9512  clone(child_stack=NULL, flags=CLONE_VM|CLONE_PIDFD|CLONE_VFORK|SIGCHLD <unfinished ...>
9508  clone(child_stack=NULL, flags=CLONE_VM|CLONE_PIDFD|CLONE_VFORK|SIGCHLD <unfinished ...>
10049 execve("/opt/hostedtoolcache/go/1.27.0/arm64/pkg/tool/linux_arm64/compile", ["/opt/hostedtoolcache/go/1.27.0/a"..., "-o", "/tmp/go-build3734720916/b056/_pk"..., "-trimpath", "/tmp/go-build3734720916/b056=>", "-p", "syscall", "-lang=go1.27", "-std", "-buildid", "rOVCdQL1gJVJsHO2NeEB/rOVCdQL1gJV"..., "-goversion", "go1.27.0", "-symabis", "/tmp/go-build3734720916/b056/sym"..., "-c=4", "-nolocalimports", "-importcfg", "/tmp/go-build3734720916/b056/imp"..., "-pack", "-asmhdr", "/tmp/go-build3734720916/b056/go_"..., "/opt/hostedtoolcache/go/1.27.0/a"..., "/opt/hostedtoolcache/go/1.27.0/a"..., "/opt/hostedtoolcache/go/1.27.0/a"..., "/opt/hostedtoolcache/go/1.27.0/a"..., "/opt/hostedtoolcache/go/1.27.0/a"..., "/opt/hostedtoolcache/go/1.27.0/a"..., "/opt/hostedtoolcache/go/1.27.0/a"..., "/opt/hostedtoolcache/go/1.27.0/a"..., "/opt/hostedtoolcache/go/1.27.0/a"..., "/opt/hostedtoolcache/go/1.27.0/a"..., ...], 0xf30a93e6488 /* 140 vars */ <unfinished ...>
9512  <... clone resumed>, parent_tid=[16]) = 10049
10049 <... execve resumed>)             = 0
10050 execve("/opt/hostedtoolcache/go/1.27.0/arm64/pkg/tool/linux_arm64/compile", ["/opt/hostedtoolcache/go/1.27.0/a"..., "-o", "/tmp/go-build3734720916/b038/_pk"..., "-trimpath", "/tmp/go-build3734720916/b038=>", "-p", "reflect", "-lang=go1.27", "-std", "-buildid", "e78q8zsgz7SKwSDJ3S4Y/e78q8zsgz7S"..., "-goversion", "go1.27.0", "-symabis", "/tmp/go-build3734720916/b038/sym"..., "-c=4", "-nolocalimports", "-importcfg", "/tmp/go-build3734720916/b038/imp"..., "-pack", "-asmhdr", "/tmp/go-build3734720916/b038/go_"..., "/opt/hostedtoolcache/go/1.27.0/a"..., "/opt/hostedtoolcache/go/1.27.0/a"..., "/opt/hostedtoolcache/go/1.27.0/a"..., "/opt/hostedtoolcache/go/1.27.0/a"..., "/opt/hostedtoolcache/go/1.27.0/a"..., "/opt/hostedtoolcache/go/1.27.0/a"..., "/opt/hostedtoolcache/go/1.27.0/a"..., "/opt/hostedtoolcache/go/1.27.0/a"..., "/opt/hostedtoolcache/go/1.27.0/a"..., "/opt/hostedtoolcache/go/1.27.0/a"..., ...], 0xf30a953a488 /* 140 vars */ <unfinished ...>
9508  <... clone resumed>, parent_tid=[22]) = 10050
10050 <... execve resumed>)             = 0
9512  waitid(P_PIDFD, 16,  <unfinished ...>
9508  waitid(P_PIDFD, 22,  <unfinished ...>
10043 tgkill(10030, 10047, SIGURG)      = 0
10047 --- SIGURG {si_signo=SIGURG, si_code=SI_TKILL, si_pid=10030, si_uid=1001} ---
10049 clone(child_stack=0x5d0d53fa4000, flags=CLONE_VM|CLONE_FS|CLONE_FILES|CLONE_SIGHAND|CLONE_THREAD|CLONE_SYSVSEM) = 10051
10049 clone(child_stack=0x5d0d53fdc000, flags=CLONE_VM|CLONE_FS|CLONE_FILES|CLONE_SIGHAND|CLONE_THREAD|CLONE_SYSVSEM) = 10052
10049 clone(child_stack=0x5d0d53fd8000, flags=CLONE_VM|CLONE_FS|CLONE_FILES|CLONE_SIGHAND|CLONE_THREAD|CLONE_SYSVSEM) = 10053
10052 clone(child_stack=0x5d0d54096000, flags=CLONE_VM|CLONE_FS|CLONE_FILES|CLONE_SIGHAND|CLONE_THREAD|CLONE_SYSVSEM) = 10054
10050 clone(child_stack=0x5df6b9816000, flags=CLONE_VM|CLONE_FS|CLONE_FILES|CLONE_SIGHAND|CLONE_THREAD|CLONE_SYSVSEM) = 10055
10050 clone(child_stack=0x5df6b984e000, flags=CLONE_VM|CLONE_FS|CLONE_FILES|CLONE_SIGHAND|CLONE_THREAD|CLONE_SYSVSEM) = 10056
10050 clone(child_stack=0x5df6b984a000, flags=CLONE_VM|CLONE_FS|CLONE_FILES|CLONE_SIGHAND|CLONE_THREAD|CLONE_SYSVSEM) = 10057
10031 tgkill(10027, 10032, SIGURG <unfinished ...>
10056 clone(child_stack=0x5df6b9898000, flags=CLONE_VM|CLONE_FS|CLONE_FILES|CLONE_SIGHAND|CLONE_THREAD|CLONE_SYSVSEM <unfinished ...>
10032 --- SIGURG {si_signo=SIGURG, si_code=SI_TKILL, si_pid=10027, si_uid=1001} ---
10031 <... tgkill resumed>)             = 0
10056 <... clone resumed>)              = 10058
10051 clone(child_stack=0x5d0d540be000, flags=CLONE_VM|CLONE_FS|CLONE_FILES|CLONE_SIGHAND|CLONE_THREAD|CLONE_SYSVSEM) = 10059
10051 clone(child_stack=0x5d0d540c2000, flags=CLONE_VM|CLONE_FS|CLONE_FILES|CLONE_SIGHAND|CLONE_THREAD|CLONE_SYSVSEM) = 10060
10055 clone(child_stack=0x5df6b9c3a000, flags=CLONE_VM|CLONE_FS|CLONE_FILES|CLONE_SIGHAND|CLONE_THREAD|CLONE_SYSVSEM) = 10061
10055 clone(child_stack=0x5df6b9c54000, flags=CLONE_VM|CLONE_FS|CLONE_FILES|CLONE_SIGHAND|CLONE_THREAD|CLONE_SYSVSEM) = 10062
10043 tgkill(10030, 10048, SIGURG)      = 0
10048 --- SIGURG {si_signo=SIGURG, si_code=SI_TKILL, si_pid=10030, si_uid=1001} ---
10031 tgkill(10027, 10027, SIGURG <unfinished ...>
10055 tgkill(10050, 10056, SIGURG)      = 0
10056 --- SIGURG {si_signo=SIGURG, si_code=SI_TKILL, si_pid=10050, si_uid=1001} ---
10055 tgkill(10050, 10056, SIGURG)      = 0
10056 --- SIGURG {si_signo=SIGURG, si_code=SI_TKILL, si_pid=10050, si_uid=1001} ---
10031 <... tgkill resumed>)             = 0
10051 tgkill(10049, 10053, SIGURG)      = 0
10053 --- SIGURG {si_signo=SIGURG, si_code=SI_TKILL, si_pid=10049, si_uid=1001} ---
10027 --- SIGURG {si_signo=SIGURG, si_code=SI_TKILL, si_pid=10027, si_uid=1001} ---
10031 tgkill(10027, 10033, SIGURG)      = 0
10033 --- SIGURG {si_signo=SIGURG, si_code=SI_TKILL, si_pid=10027, si_uid=1001} ---
10031 tgkill(10027, 10034, SIGURG <unfinished ...>
10034 --- SIGURG {si_signo=SIGURG, si_code=SI_TKILL, si_pid=10027, si_uid=1001} ---
10031 <... tgkill resumed>)             = 0
10043 tgkill(10030, 10048, SIGURG)      = 0
10048 --- SIGURG {si_signo=SIGURG, si_code=SI_TKILL, si_pid=10030, si_uid=1001} ---
10051 tgkill(10049, 10060, SIGURG)      = 0
10055 tgkill(10050, 10056, SIGURG)      = 0
10060 --- SIGURG {si_signo=SIGURG, si_code=SI_TKILL, si_pid=10049, si_uid=1001} ---
10056 --- SIGURG {si_signo=SIGURG, si_code=SI_TKILL, si_pid=10050, si_uid=1001} ---
10051 tgkill(10049, 10060, SIGURG)      = 0
10060 --- SIGURG {si_signo=SIGURG, si_code=SI_TKILL, si_pid=10049, si_uid=1001} ---
10043 tgkill(10030, 10047, SIGURG)      = 0
10043 tgkill(10030, 10045, SIGURG)      = 0
10043 tgkill(10030, 10030, SIGURG)      = 0
10030 --- SIGURG {si_signo=SIGURG, si_code=SI_TKILL, si_pid=10030, si_uid=1001} ---
10047 --- SIGURG {si_signo=SIGURG, si_code=SI_TKILL, si_pid=10030, si_uid=1001} ---
10045 --- SIGURG {si_signo=SIGURG, si_code=SI_TKILL, si_pid=10030, si_uid=1001} ---
10031 tgkill(10027, 10034, SIGURG)      = 0
10034 --- SIGURG {si_signo=SIGURG, si_code=SI_TKILL, si_pid=10027, si_uid=1001} ---
10043 tgkill(10030, 10048, SIGURG <unfinished ...>
10048 --- SIGURG {si_signo=SIGURG, si_code=SI_TKILL, si_pid=10030, si_uid=1001} ---
10043 <... tgkill resumed>)             = 0
10034 exit_group(0)                     = ?
10034 +++ exited with 0 +++
10032 +++ exited with 0 +++
10031 +++ exited with 0 +++
10055 tgkill(10050, 10056, SIGURG)      = 0
10051 tgkill(10049, 10053, SIGURG)      = 0
10056 --- SIGURG {si_signo=SIGURG, si_code=SI_TKILL, si_pid=10050, si_uid=1001} ---
10033 +++ exited with 0 +++
10027 +++ exited with 0 +++
9546  --- SIGCHLD {si_signo=SIGCHLD, si_code=CLD_EXITED, si_pid=10027, si_uid=1001, si_status=0, si_utime=7 /* 0.07 s */, si_stime=1 /* 0.01 s */} ---
9511  <... waitid resumed>{si_signo=SIGCHLD, si_code=CLD_EXITED, si_pid=10027, si_uid=1001, si_status=0, si_utime=0, si_stime=0}, WEXITED, {ru_utime={tv_sec=0, tv_usec=82489}, ru_stime={tv_sec=0, tv_usec=20354}, ...}) = 0
10043 tgkill(10030, 10047, SIGURG)      = 0
10043 tgkill(10030, 10045, SIGURG)      = 0
10043 tgkill(10030, 10030, SIGURG)      = 0
10030 --- SIGURG {si_signo=SIGURG, si_code=SI_TKILL, si_pid=10030, si_uid=1001} ---
10053 --- SIGURG {si_signo=SIGURG, si_code=SI_TKILL, si_pid=10049, si_uid=1001} ---
10045 --- SIGURG {si_signo=SIGURG, si_code=SI_TKILL, si_pid=10030, si_uid=1001} ---
10047 --- SIGURG {si_signo=SIGURG, si_code=SI_TKILL, si_pid=10030, si_uid=1001} ---
10047 exit_group(0)                     = ?
10046 +++ exited with 0 +++
10044 +++ exited with 0 +++
10047 +++ exited with 0 +++
10048 +++ exited with 0 +++
10045 +++ exited with 0 +++
9546  clone(child_stack=NULL, flags=CLONE_VM|CLONE_PIDFD|CLONE_VFORK|SIGCHLD <unfinished ...>
10043 +++ exited with 0 +++
10030 +++ exited with 0 +++
9510  <... waitid resumed>{si_signo=SIGCHLD, si_code=CLD_EXITED, si_pid=10030, si_uid=1001, si_status=0, si_utime=0, si_stime=0}, WEXITED, {ru_utime={tv_sec=0, tv_usec=103920}, ru_stime={tv_sec=0, tv_usec=17949}, ...}) = 0
9505  --- SIGCHLD {si_signo=SIGCHLD, si_code=CLD_EXITED, si_pid=10030, si_uid=1001, si_status=0, si_utime=11 /* 0.11 s */, si_stime=1 /* 0.01 s */} ---
10055 tgkill(10050, 10062, SIGURG)      = 0
10062 --- SIGURG {si_signo=SIGURG, si_code=SI_TKILL, si_pid=10050, si_uid=1001} ---
10051 tgkill(10049, 10059, SIGURG)      = 0
9505  tgkill(9505, 9546, SIGURG <unfinished ...>
10059 --- SIGURG {si_signo=SIGURG, si_code=SI_TKILL, si_pid=10049, si_uid=1001} ---
9505  <... tgkill resumed>)             = 0
10063 execve("/opt/hostedtoolcache/go/1.27.0/arm64/pkg/tool/linux_arm64/compile", ["/opt/hostedtoolcache/go/1.27.0/a"..., "-o", "/tmp/go-build3734720916/b069/_pk"..., "-trimpath", "/tmp/go-build3734720916/b069=>", "-p", "strings", "-lang=go1.27", "-std", "-complete", "-buildid", "igBtOvwyoA-kNaTEpR-Y/igBtOvwyoA-"..., "-goversion", "go1.27.0", "-c=4", "-nolocalimports", "-importcfg", "/tmp/go-build3734720916/b069/imp"..., "-pack", "/opt/hostedtoolcache/go/1.27.0/a"..., "/opt/hostedtoolcache/go/1.27.0/a"..., "/opt/hostedtoolcache/go/1.27.0/a"..., "/opt/hostedtoolcache/go/1.27.0/a"..., "/opt/hostedtoolcache/go/1.27.0/a"..., "/opt/hostedtoolcache/go/1.27.0/a"..., "/opt/hostedtoolcache/go/1.27.0/a"..., "/opt/hostedtoolcache/go/1.27.0/a"...], 0xf30a93e6d88 /* 140 vars */ <unfinished ...>
9546  <... clone resumed>, parent_tid=[14]) = 10063
10063 <... execve resumed>)             = 0
9546  --- SIGURG {si_signo=SIGURG, si_code=SI_TKILL, si_pid=9505, si_uid=1001} ---
9546  tgkill(9505, 9505, SIGURG)        = 0
9505  --- SIGURG {si_signo=SIGURG, si_code=SI_TKILL, si_pid=9505, si_uid=1001} ---
9511  tgkill(9505, 9505, SIGURG)        = 0
9505  --- SIGURG {si_signo=SIGURG, si_code=SI_TKILL, si_pid=9505, si_uid=1001} ---
9511  tgkill(9505, 9509, SIGURG)        = 0
9505  waitid(P_PIDFD, 14,  <unfinished ...>
9509  --- SIGURG {si_signo=SIGURG, si_code=SI_TKILL, si_pid=9505, si_uid=1001} ---
10063 clone(child_stack=0x72f9f03f2000, flags=CLONE_VM|CLONE_FS|CLONE_FILES|CLONE_SIGHAND|CLONE_THREAD|CLONE_SYSVSEM) = 10064
10063 clone(child_stack=0x72f9f042a000, flags=CLONE_VM|CLONE_FS|CLONE_FILES|CLONE_SIGHAND|CLONE_THREAD|CLONE_SYSVSEM) = 10065
10064 tgkill(10063, 10063, SIGURG)      = 0
10063 clone(child_stack=0x72f9f0426000, flags=CLONE_VM|CLONE_FS|CLONE_FILES|CLONE_SIGHAND|CLONE_THREAD|CLONE_SYSVSEM) = 10066
10063 --- SIGURG {si_signo=SIGURG, si_code=SI_TKILL, si_pid=10063, si_uid=1001} ---
10065 clone(child_stack=0x72f9f0498000, flags=CLONE_VM|CLONE_FS|CLONE_FILES|CLONE_SIGHAND|CLONE_THREAD|CLONE_SYSVSEM) = 10067
10064 clone(child_stack=0x72f9f0824000, flags=CLONE_VM|CLONE_FS|CLONE_FILES|CLONE_SIGHAND|CLONE_THREAD|CLONE_SYSVSEM) = 10068
10055 tgkill(10050, 10056, SIGURG)      = 0
10056 --- SIGURG {si_signo=SIGURG, si_code=SI_TKILL, si_pid=10050, si_uid=1001} ---
10051 tgkill(10049, 10059, SIGURG)      = 0
10059 --- SIGURG {si_signo=SIGURG, si_code=SI_TKILL, si_pid=10049, si_uid=1001} ---
10064 tgkill(10063, 10066, SIGURG)      = 0
10066 --- SIGURG {si_signo=SIGURG, si_code=SI_TKILL, si_pid=10063, si_uid=1001} ---
10055 tgkill(10050, 10056, SIGURG)      = 0
10056 --- SIGURG {si_signo=SIGURG, si_code=SI_TKILL, si_pid=10050, si_uid=1001} ---
10051 tgkill(10049, 10059, SIGURG)      = 0
10059 --- SIGURG {si_signo=SIGURG, si_code=SI_TKILL, si_pid=10049, si_uid=1001} ---
10064 tgkill(10063, 10063, SIGURG)      = 0
10063 --- SIGURG {si_signo=SIGURG, si_code=SI_TKILL, si_pid=10063, si_uid=1001} ---
10055 tgkill(10050, 10062, SIGURG)      = 0
10064 tgkill(10063, 10066, SIGURG <unfinished ...>
10051 tgkill(10049, 10053, SIGURG <unfinished ...>
10064 <... tgkill resumed>)             = 0
10051 <... tgkill resumed>)             = 0
10064 tgkill(10063, 10067, SIGURG)      = 0
10067 --- SIGURG {si_signo=SIGURG, si_code=SI_TKILL, si_pid=10063, si_uid=1001} ---
10062 --- SIGURG {si_signo=SIGURG, si_code=SI_TKILL, si_pid=10050, si_uid=1001} ---
10064 tgkill(10063, 10068, SIGURG <unfinished ...>
10068 --- SIGURG {si_signo=SIGURG, si_code=SI_TKILL, si_pid=10063, si_uid=1001} ---
10064 <... tgkill resumed>)             = 0
10064 tgkill(10063, 10063, SIGURG)      = 0
10063 --- SIGURG {si_signo=SIGURG, si_code=SI_TKILL, si_pid=10063, si_uid=1001} ---
10066 --- SIGURG {si_signo=SIGURG, si_code=SI_TKILL, si_pid=10063, si_uid=1001} ---
10053 --- SIGURG {si_signo=SIGURG, si_code=SI_TKILL, si_pid=10049, si_uid=1001} ---
10051 tgkill(10049, 10060, SIGURG)      = 0
10051 tgkill(10049, 10059, SIGURG)      = 0
10059 --- SIGURG {si_signo=SIGURG, si_code=SI_TKILL, si_pid=10049, si_uid=1001} ---
10060 --- SIGURG {si_signo=SIGURG, si_code=SI_TKILL, si_pid=10049, si_uid=1001} ---
10055 tgkill(10050, 10062, SIGURG <unfinished ...>
10062 --- SIGURG {si_signo=SIGURG, si_code=SI_TKILL, si_pid=10050, si_uid=1001} ---
10055 <... tgkill resumed>)             = 0
10051 tgkill(10049, 10049, SIGURG)      = 0
10049 --- SIGURG {si_signo=SIGURG, si_code=SI_TKILL, si_pid=10049, si_uid=1001} ---
10051 tgkill(10049, 10053, SIGURG)      = 0
10053 --- SIGURG {si_signo=SIGURG, si_code=SI_TKILL, si_pid=10049, si_uid=1001} ---
10064 tgkill(10063, 10063, SIGURG)      = 0
10063 --- SIGURG {si_signo=SIGURG, si_code=SI_TKILL, si_pid=10063, si_uid=1001} ---
10051 tgkill(10049, 10060, SIGURG)      = 0
10060 --- SIGURG {si_signo=SIGURG, si_code=SI_TKILL, si_pid=10049, si_uid=1001} ---
10055 tgkill(10050, 10062, SIGURG <unfinished ...>
10062 --- SIGURG {si_signo=SIGURG, si_code=SI_TKILL, si_pid=10050, si_uid=1001} ---
10055 <... tgkill resumed>)             = 0
10060 tgkill(10049, 10059, SIGURG)      = 0
10059 --- SIGURG {si_signo=SIGURG, si_code=SI_TKILL, si_pid=10049, si_uid=1001} ---
10051 tgkill(10049, 10059, SIGURG)      = 0
10059 --- SIGURG {si_signo=SIGURG, si_code=SI_TKILL, si_pid=10049, si_uid=1001} ---
10060 tgkill(10049, 10053, SIGURG)      = 0
10060 tgkill(10049, 10059, SIGURG <unfinished ...>
10053 --- SIGURG {si_signo=SIGURG, si_code=SI_TKILL, si_pid=10049, si_uid=1001} ---
10060 <... tgkill resumed>)             = 0
10059 --- SIGURG {si_signo=SIGURG, si_code=SI_TKILL, si_pid=10049, si_uid=1001} ---
10060 tgkill(10049, 10049, SIGURG)      = 0
10060 tgkill(10049, 10059, SIGURG)      = 0
10059 --- SIGURG {si_signo=SIGURG, si_code=SI_TKILL, si_pid=10049, si_uid=1001} ---
10049 --- SIGURG {si_signo=SIGURG, si_code=SI_TKILL, si_pid=10049, si_uid=1001} ---
10060 tgkill(10049, 10053, SIGURG)      = 0
10053 --- SIGURG {si_signo=SIGURG, si_code=SI_TKILL, si_pid=10049, si_uid=1001} ---
10060 tgkill(10049, 10059, SIGURG)      = 0
10060 tgkill(10049, 10049, SIGURG)      = 0
10049 --- SIGURG {si_signo=SIGURG, si_code=SI_TKILL, si_pid=10049, si_uid=1001} ---
10059 --- SIGURG {si_signo=SIGURG, si_code=SI_TKILL, si_pid=10049, si_uid=1001} ---
10053 tgkill(10049, 10060, SIGURG)      = 0
10060 --- SIGURG {si_signo=SIGURG, si_code=SI_TKILL, si_pid=10049, si_uid=1001} ---
10053 tgkill(10049, 10059, SIGURG)      = 0
10059 --- SIGURG {si_signo=SIGURG, si_code=SI_TKILL, si_pid=10049, si_uid=1001} ---
10053 tgkill(10049, 10049, SIGURG)      = 0
10049 --- SIGURG {si_signo=SIGURG, si_code=SI_TKILL, si_pid=10049, si_uid=1001} ---
10053 tgkill(10049, 10059, SIGURG)      = 0
10059 --- SIGURG {si_signo=SIGURG, si_code=SI_TKILL, si_pid=10049, si_uid=1001} ---
10053 tgkill(10049, 10059, SIGURG)      = 0
10059 --- SIGURG {si_signo=SIGURG, si_code=SI_TKILL, si_pid=10049, si_uid=1001} ---
10053 tgkill(10049, 10060, SIGURG)      = 0
10060 --- SIGURG {si_signo=SIGURG, si_code=SI_TKILL, si_pid=10049, si_uid=1001} ---
10053 tgkill(10049, 10059, SIGURG)      = 0
10059 --- SIGURG {si_signo=SIGURG, si_code=SI_TKILL, si_pid=10049, si_uid=1001} ---
10053 tgkill(10049, 10060, SIGURG)      = 0
10053 tgkill(10049, 10059, SIGURG)      = 0
10060 --- SIGURG {si_signo=SIGURG, si_code=SI_TKILL, si_pid=10049, si_uid=1001} ---
10059 --- SIGURG {si_signo=SIGURG, si_code=SI_TKILL, si_pid=10049, si_uid=1001} ---
10053 tgkill(10049, 10049, SIGURG)      = 0
10053 tgkill(10049, 10060, SIGURG)      = 0
10060 --- SIGURG {si_signo=SIGURG, si_code=SI_TKILL, si_pid=10049, si_uid=1001} ---
10053 tgkill(10049, 10059, SIGURG)      = 0
10059 --- SIGURG {si_signo=SIGURG, si_code=SI_TKILL, si_pid=10049, si_uid=1001} ---
10049 --- SIGURG {si_signo=SIGURG, si_code=SI_TKILL, si_pid=10049, si_uid=1001} ---
10053 tgkill(10049, 10060, SIGURG)      = 0
10060 --- SIGURG {si_signo=SIGURG, si_code=SI_TKILL, si_pid=10049, si_uid=1001} ---
10053 tgkill(10049, 10059, SIGURG)      = 0
10059 --- SIGURG {si_signo=SIGURG, si_code=SI_TKILL, si_pid=10049, si_uid=1001} ---
10053 tgkill(10049, 10060, SIGURG)      = 0
10060 --- SIGURG {si_signo=SIGURG, si_code=SI_TKILL, si_pid=10049, si_uid=1001} ---
10053 tgkill(10049, 10059, SIGURG)      = 0
10059 --- SIGURG {si_signo=SIGURG, si_code=SI_TKILL, si_pid=10049, si_uid=1001} ---
10053 tgkill(10049, 10049, SIGURG)      = 0
10049 --- SIGURG {si_signo=SIGURG, si_code=SI_TKILL, si_pid=10049, si_uid=1001} ---
10055 tgkill(10050, 10062, SIGURG)      = 0
10062 --- SIGURG {si_signo=SIGURG, si_code=SI_TKILL, si_pid=10050, si_uid=1001} ---
10064 tgkill(10063, 10063, SIGURG)      = 0
10063 --- SIGURG {si_signo=SIGURG, si_code=SI_TKILL, si_pid=10063, si_uid=1001} ---
10051 tgkill(10049, 10060, SIGURG)      = 0
10051 tgkill(10049, 10059, SIGURG)      = 0
10059 --- SIGURG {si_signo=SIGURG, si_code=SI_TKILL, si_pid=10049, si_uid=1001} ---
10060 --- SIGURG {si_signo=SIGURG, si_code=SI_TKILL, si_pid=10049, si_uid=1001} ---
10051 tgkill(10049, 10049, SIGURG)      = 0
10067 exit_group(0)                     = ?
10068 +++ exited with 0 +++
10067 +++ exited with 0 +++
10066 +++ exited with 0 +++
10064 +++ exited with 0 +++
10049 --- SIGURG {si_signo=SIGURG, si_code=SI_TKILL, si_pid=10049, si_uid=1001} ---
10065 +++ exited with 0 +++
10063 +++ exited with 0 +++
9510  --- SIGCHLD {si_signo=SIGCHLD, si_code=CLD_EXITED, si_pid=10063, si_uid=1001, si_status=0, si_utime=11 /* 0.11 s */, si_stime=2 /* 0.02 s */} ---
9505  <... waitid resumed>{si_signo=SIGCHLD, si_code=CLD_EXITED, si_pid=10063, si_uid=1001, si_status=0, si_utime=0, si_stime=0}, WEXITED, {ru_utime={tv_sec=0, tv_usec=119440}, ru_stime={tv_sec=0, tv_usec=24926}, ...}) = 0
10055 tgkill(10050, 10062, SIGURG <unfinished ...>
10051 tgkill(10049, 10053, SIGURG)      = 0
10053 --- SIGURG {si_signo=SIGURG, si_code=SI_TKILL, si_pid=10049, si_uid=1001} ---
10062 --- SIGURG {si_signo=SIGURG, si_code=SI_TKILL, si_pid=10050, si_uid=1001} ---
10055 <... tgkill resumed>)             = 0
10056 tgkill(10050, 10062, SIGURG)      = 0
10062 --- SIGURG {si_signo=SIGURG, si_code=SI_TKILL, si_pid=10050, si_uid=1001} ---
10051 tgkill(10049, 10060, SIGURG)      = 0
10051 tgkill(10049, 10049, SIGURG)      = 0
9506  tgkill(9505, 9510, SIGURG <unfinished ...>
9510  --- SIGURG {si_signo=SIGURG, si_code=SI_TKILL, si_pid=9505, si_uid=1001} ---
9506  <... tgkill resumed>)             = 0
10049 --- SIGURG {si_signo=SIGURG, si_code=SI_TKILL, si_pid=10049, si_uid=1001} ---
10060 --- SIGURG {si_signo=SIGURG, si_code=SI_TKILL, si_pid=10049, si_uid=1001} ---
10062 tgkill(10050, 10050, SIGURG)      = 0
10050 --- SIGURG {si_signo=SIGURG, si_code=SI_TKILL, si_pid=10050, si_uid=1001} ---
10062 tgkill(10050, 10061, SIGURG)      = 0
10061 --- SIGURG {si_signo=SIGURG, si_code=SI_TKILL, si_pid=10050, si_uid=1001} ---
10062 tgkill(10050, 10061, SIGURG)      = 0
10061 --- SIGURG {si_signo=SIGURG, si_code=SI_TKILL, si_pid=10050, si_uid=1001} ---
10062 tgkill(10050, 10056, SIGURG)      = 0
10056 --- SIGURG {si_signo=SIGURG, si_code=SI_TKILL, si_pid=10050, si_uid=1001} ---
9510  clone(child_stack=NULL, flags=CLONE_VM|CLONE_PIDFD|CLONE_VFORK|SIGCHLD <unfinished ...>
9506  tgkill(9505, 9510, SIGURG)        = 0
10069 execve("/opt/hostedtoolcache/go/1.27.0/arm64/pkg/tool/linux_arm64/compile", ["/opt/hostedtoolcache/go/1.27.0/a"..., "-o", "/tmp/go-build3734720916/b071/_pk"..., "-trimpath", "/tmp/go-build3734720916/b071=>", "-p", "regexp/syntax", "-lang=go1.27", "-std", "-complete", "-buildid", "xEPQg2lpkiQK-vWos22W/xEPQg2lpkiQ"..., "-goversion", "go1.27.0", "-c=4", "-nolocalimports", "-importcfg", "/tmp/go-build3734720916/b071/imp"..., "-pack", "/opt/hostedtoolcache/go/1.27.0/a"..., "/opt/hostedtoolcache/go/1.27.0/a"..., "/opt/hostedtoolcache/go/1.27.0/a"..., "/opt/hostedtoolcache/go/1.27.0/a"..., "/opt/hostedtoolcache/go/1.27.0/a"..., "/opt/hostedtoolcache/go/1.27.0/a"..., "/opt/hostedtoolcache/go/1.27.0/a"..., "/opt/hostedtoolcache/go/1.27.0/a"...], 0xf30a969b208 /* 140 vars */ <unfinished ...>
9510  <... clone resumed>, parent_tid=[13]) = 10069
10069 <... execve resumed>)             = 0
9510  --- SIGURG {si_signo=SIGURG, si_code=SI_TKILL, si_pid=9505, si_uid=1001} ---
9509  waitid(P_PIDFD, 13,  <unfinished ...>
10055 tgkill(10050, 10056, SIGURG)      = 0
10056 --- SIGURG {si_signo=SIGURG, si_code=SI_TKILL, si_pid=10050, si_uid=1001} ---
10069 clone(child_stack=0x2e093216e000, flags=CLONE_VM|CLONE_FS|CLONE_FILES|CLONE_SIGHAND|CLONE_THREAD|CLONE_SYSVSEM) = 10070
10069 clone(child_stack=0x2e09321a6000, flags=CLONE_VM|CLONE_FS|CLONE_FILES|CLONE_SIGHAND|CLONE_THREAD|CLONE_SYSVSEM) = 10071
10069 clone(child_stack=0x2e09321a2000, flags=CLONE_VM|CLONE_FS|CLONE_FILES|CLONE_SIGHAND|CLONE_THREAD|CLONE_SYSVSEM) = 10072
10071 clone(child_stack=0x2e0932218000, flags=CLONE_VM|CLONE_FS|CLONE_FILES|CLONE_SIGHAND|CLONE_THREAD|CLONE_SYSVSEM <unfinished ...>
10069 clone(child_stack=0x2e0932214000, flags=CLONE_VM|CLONE_FS|CLONE_FILES|CLONE_SIGHAND|CLONE_THREAD|CLONE_SYSVSEM <unfinished ...>
10071 <... clone resumed>)              = 10073
10069 <... clone resumed>)              = 10074
10060 exit_group(0)                     = ?
10060 +++ exited with 0 +++
10053 +++ exited with 0 +++
10052 +++ exited with 0 +++
10059 +++ exited with 0 +++
10054 +++ exited with 0 +++
10055 tgkill(10050, 10050, SIGURG)      = 0
10050 --- SIGURG {si_signo=SIGURG, si_code=SI_TKILL, si_pid=10050, si_uid=1001} ---
10070 tgkill(10069, 10071, SIGURG <unfinished ...>
10071 --- SIGURG {si_signo=SIGURG, si_code=SI_TKILL, si_pid=10069, si_uid=1001} ---
10070 <... tgkill resumed>)             = 0
10051 +++ exited with 0 +++
10049 +++ exited with 0 +++
9505  --- SIGCHLD {si_signo=SIGCHLD, si_code=CLD_EXITED, si_pid=10049, si_uid=1001, si_status=0, si_utime=31 /* 0.31 s */, si_stime=3 /* 0.03 s */} ---
9512  <... waitid resumed>{si_signo=SIGCHLD, si_code=CLD_EXITED, si_pid=10049, si_uid=1001, si_status=0, si_utime=0, si_stime=0}, WEXITED, {ru_utime={tv_sec=0, tv_usec=319338}, ru_stime={tv_sec=0, tv_usec=38159}, ...}) = 0
9505  clone(child_stack=NULL, flags=CLONE_VM|CLONE_PIDFD|CLONE_VFORK|SIGCHLD <unfinished ...>
10075 execve("/opt/hostedtoolcache/go/1.27.0/arm64/pkg/tool/linux_arm64/asm", ["/opt/hostedtoolcache/go/1.27.0/a"..., "-p", "syscall", "-trimpath", "/tmp/go-build3734720916/b056=>", "-I", "/tmp/go-build3734720916/b056/", "-I", "/opt/hostedtoolcache/go/1.27.0/a"..., "-D", "GOOS_linux", "-D", "GOARCH_arm64", "-std", "-o", "/tmp/go-build3734720916/b056/asm"..., "/opt/hostedtoolcache/go/1.27.0/a"...], 0xf30a953a488 /* 140 vars */ <unfinished ...>
9505  <... clone resumed>, parent_tid=[14]) = 10075
10075 <... execve resumed>)             = 0
9505  waitid(P_PIDFD, 14,  <unfinished ...>
10075 clone(child_stack=0x341b70398000, flags=CLONE_VM|CLONE_FS|CLONE_FILES|CLONE_SIGHAND|CLONE_THREAD|CLONE_SYSVSEM) = 10076
10075 clone(child_stack=0x341b703d0000, flags=CLONE_VM|CLONE_FS|CLONE_FILES|CLONE_SIGHAND|CLONE_THREAD|CLONE_SYSVSEM) = 10077
10075 clone(child_stack=0x341b703cc000, flags=CLONE_VM|CLONE_FS|CLONE_FILES|CLONE_SIGHAND|CLONE_THREAD|CLONE_SYSVSEM) = 10078
10077 clone(child_stack=0x341b70418000, flags=CLONE_VM|CLONE_FS|CLONE_FILES|CLONE_SIGHAND|CLONE_THREAD|CLONE_SYSVSEM) = 10079
10055 tgkill(10050, 10056, SIGURG <unfinished ...>
10070 tgkill(10069, 10071, SIGURG)      = 0
10056 --- SIGURG {si_signo=SIGURG, si_code=SI_TKILL, si_pid=10050, si_uid=1001} ---
10055 <... tgkill resumed>)             = 0
10071 --- SIGURG {si_signo=SIGURG, si_code=SI_TKILL, si_pid=10069, si_uid=1001} ---
10055 tgkill(10050, 10062, SIGURG)      = 0
10062 --- SIGURG {si_signo=SIGURG, si_code=SI_TKILL, si_pid=10050, si_uid=1001} ---
10055 tgkill(10050, 10061, SIGURG <unfinished ...>
10061 --- SIGURG {si_signo=SIGURG, si_code=SI_TKILL, si_pid=10050, si_uid=1001} ---
10055 <... tgkill resumed>)             = 0
10055 tgkill(10050, 10050, SIGURG)      = 0
10050 --- SIGURG {si_signo=SIGURG, si_code=SI_TKILL, si_pid=10050, si_uid=1001} ---
10076 tgkill(10075, 10075, SIGURG)      = 0
10075 --- SIGURG {si_signo=SIGURG, si_code=SI_TKILL, si_pid=10075, si_uid=1001} ---
10079 exit_group(0)                     = ?
10077 +++ exited with 0 +++
10079 +++ exited with 0 +++
10076 +++ exited with 0 +++
10078 +++ exited with 0 +++
10075 +++ exited with 0 +++
9512  --- SIGCHLD {si_signo=SIGCHLD, si_code=CLD_EXITED, si_pid=10075, si_uid=1001, si_status=0, si_utime=0, si_stime=0} ---
9505  <... waitid resumed>{si_signo=SIGCHLD, si_code=CLD_EXITED, si_pid=10075, si_uid=1001, si_status=0, si_utime=0, si_stime=0}, WEXITED, {ru_utime={tv_sec=0, tv_usec=3130}, ru_stime={tv_sec=0, tv_usec=6261}, ...}) = 0
10070 tgkill(10069, 10071, SIGURG)      = 0
10071 --- SIGURG {si_signo=SIGURG, si_code=SI_TKILL, si_pid=10069, si_uid=1001} ---
10055 tgkill(10050, 10056, SIGURG)      = 0
10056 --- SIGURG {si_signo=SIGURG, si_code=SI_TKILL, si_pid=10050, si_uid=1001} ---
10055 tgkill(10050, 10050, SIGURG)      = 0
10050 --- SIGURG {si_signo=SIGURG, si_code=SI_TKILL, si_pid=10050, si_uid=1001} ---
10070 tgkill(10069, 10073, SIGURG)      = 0
10073 --- SIGURG {si_signo=SIGURG, si_code=SI_TKILL, si_pid=10069, si_uid=1001} ---
10055 tgkill(10050, 10056, SIGURG <unfinished ...>
10056 --- SIGURG {si_signo=SIGURG, si_code=SI_TKILL, si_pid=10050, si_uid=1001} ---
10055 <... tgkill resumed>)             = 0
10055 tgkill(10050, 10062, SIGURG <unfinished ...>
10062 --- SIGURG {si_signo=SIGURG, si_code=SI_TKILL, si_pid=10050, si_uid=1001} ---
10055 <... tgkill resumed>)             = 0
10055 tgkill(10050, 10061, SIGURG)      = 0
10061 --- SIGURG {si_signo=SIGURG, si_code=SI_TKILL, si_pid=10050, si_uid=1001} ---
10055 tgkill(10050, 10050, SIGURG)      = 0
10050 --- SIGURG {si_signo=SIGURG, si_code=SI_TKILL, si_pid=10050, si_uid=1001} ---
10070 tgkill(10069, 10071, SIGURG)      = 0
10071 --- SIGURG {si_signo=SIGURG, si_code=SI_TKILL, si_pid=10069, si_uid=1001} ---
10070 tgkill(10069, 10069, SIGURG)      = 0
10069 --- SIGURG {si_signo=SIGURG, si_code=SI_TKILL, si_pid=10069, si_uid=1001} ---
9506  tgkill(9505, 9510, SIGURG)        = 0
9510  --- SIGURG {si_signo=SIGURG, si_code=SI_TKILL, si_pid=9505, si_uid=1001} ---
10070 tgkill(10069, 10074, SIGURG)      = 0
10070 tgkill(10069, 10073, SIGURG)      = 0
10073 --- SIGURG {si_signo=SIGURG, si_code=SI_TKILL, si_pid=10069, si_uid=1001} ---
10074 --- SIGURG {si_signo=SIGURG, si_code=SI_TKILL, si_pid=10069, si_uid=1001} ---
10055 tgkill(10050, 10056, SIGURG)      = 0
10055 tgkill(10050, 10062, SIGURG)      = 0
10062 --- SIGURG {si_signo=SIGURG, si_code=SI_TKILL, si_pid=10050, si_uid=1001} ---
10055 tgkill(10050, 10061, SIGURG)      = 0
10061 --- SIGURG {si_signo=SIGURG, si_code=SI_TKILL, si_pid=10050, si_uid=1001} ---
10055 tgkill(10050, 10050, SIGURG)      = 0
9510  tgkill(9505, 9511, SIGURG <unfinished ...>
9511  --- SIGURG {si_signo=SIGURG, si_code=SI_TKILL, si_pid=9505, si_uid=1001} ---
9510  <... tgkill resumed>)             = 0
10050 --- SIGURG {si_signo=SIGURG, si_code=SI_TKILL, si_pid=10050, si_uid=1001} ---
10056 --- SIGURG {si_signo=SIGURG, si_code=SI_TKILL, si_pid=10050, si_uid=1001} ---
9511  tgkill(9505, 9546, SIGURG)        = 0
9546  --- SIGURG {si_signo=SIGURG, si_code=SI_TKILL, si_pid=9505, si_uid=1001} ---
9511  tgkill(9505, 9507, SIGURG)        = 0
9507  --- SIGURG {si_signo=SIGURG, si_code=SI_TKILL, si_pid=9505, si_uid=1001} ---
10070 tgkill(10069, 10071, SIGURG)      = 0
10070 tgkill(10069, 10069, SIGURG)      = 0
9511  tgkill(9505, 9507, SIGURG)        = 0
10071 --- SIGURG {si_signo=SIGURG, si_code=SI_TKILL, si_pid=10069, si_uid=1001} ---
9507  --- SIGURG {si_signo=SIGURG, si_code=SI_TKILL, si_pid=9505, si_uid=1001} ---
10069 --- SIGURG {si_signo=SIGURG, si_code=SI_TKILL, si_pid=10069, si_uid=1001} ---
9511  tgkill(9505, 9507, SIGURG)        = 0
9507  --- SIGURG {si_signo=SIGURG, si_code=SI_TKILL, si_pid=9505, si_uid=1001} ---
9511  tgkill(9505, 9507, SIGURG)        = 0
9507  --- SIGURG {si_signo=SIGURG, si_code=SI_TKILL, si_pid=9505, si_uid=1001} ---
9511  tgkill(9505, 9507, SIGURG)        = 0
9507  --- SIGURG {si_signo=SIGURG, si_code=SI_TKILL, si_pid=9505, si_uid=1001} ---
9511  tgkill(9505, 9507, SIGURG)        = 0
10070 tgkill(10069, 10074, SIGURG)      = 0
10070 tgkill(10069, 10073, SIGURG)      = 0
10073 --- SIGURG {si_signo=SIGURG, si_code=SI_TKILL, si_pid=10069, si_uid=1001} ---
10074 --- SIGURG {si_signo=SIGURG, si_code=SI_TKILL, si_pid=10069, si_uid=1001} ---
9507  --- SIGURG {si_signo=SIGURG, si_code=SI_TKILL, si_pid=9505, si_uid=1001} ---
9506  tgkill(9505, 9511, SIGURG)        = 0
10055 tgkill(10050, 10056, SIGURG)      = 0
10055 tgkill(10050, 10062, SIGURG)      = 0
10055 tgkill(10050, 10061, SIGURG)      = 0
10061 --- SIGURG {si_signo=SIGURG, si_code=SI_TKILL, si_pid=10050, si_uid=1001} ---
10055 tgkill(10050, 10050, SIGURG)      = 0
10050 --- SIGURG {si_signo=SIGURG, si_code=SI_TKILL, si_pid=10050, si_uid=1001} ---
10056 --- SIGURG {si_signo=SIGURG, si_code=SI_TKILL, si_pid=10050, si_uid=1001} ---
9511  --- SIGURG {si_signo=SIGURG, si_code=SI_TKILL, si_pid=9505, si_uid=1001} ---
9505  tgkill(9505, 9546, SIGURG)        = 0
10062 --- SIGURG {si_signo=SIGURG, si_code=SI_TKILL, si_pid=10050, si_uid=1001} ---
9505  tgkill(9505, 9507, SIGURG)        = 0
9507  --- SIGURG {si_signo=SIGURG, si_code=SI_TKILL, si_pid=9505, si_uid=1001} ---
9505  tgkill(9505, 9511, SIGURG)        = 0
9546  clone(child_stack=NULL, flags=CLONE_VM|CLONE_PIDFD|CLONE_VFORK|SIGCHLD <unfinished ...>
10070 tgkill(10069, 10071, SIGURG)      = 0
10070 tgkill(10069, 10069, SIGURG)      = 0
10080 execve("/opt/hostedtoolcache/go/1.27.0/arm64/pkg/tool/linux_arm64/compile", ["/opt/hostedtoolcache/go/1.27.0/a"..., "-o", "/tmp/go-build3734720916/b058/_pk"..., "-trimpath", "/tmp/go-build3734720916/b058=>", "-p", "internal/syscall/unix", "-lang=go1.27", "-std", "-complete", "-buildid", "S_UaMNGdYw1UseI9ihq9/S_UaMNGdYw1"..., "-goversion", "go1.27.0", "-c=4", "-nolocalimports", "-importcfg", "/tmp/go-build3734720916/b058/imp"..., "-pack", "/opt/hostedtoolcache/go/1.27.0/a"..., "/opt/hostedtoolcache/go/1.27.0/a"..., "/opt/hostedtoolcache/go/1.27.0/a"..., "/opt/hostedtoolcache/go/1.27.0/a"..., "/opt/hostedtoolcache/go/1.27.0/a"..., "/opt/hostedtoolcache/go/1.27.0/a"..., "/opt/hostedtoolcache/go/1.27.0/a"..., "/opt/hostedtoolcache/go/1.27.0/a"..., "/opt/hostedtoolcache/go/1.27.0/a"..., "/opt/hostedtoolcache/go/1.27.0/a"..., "/opt/hostedtoolcache/go/1.27.0/a"..., "/opt/hostedtoolcache/go/1.27.0/a"..., "/opt/hostedtoolcache/go/1.27.0/a"..., ...], 0xf30a969b688 /* 140 vars */ <unfinished ...>
9546  <... clone resumed>, parent_tid=[18]) = 10080
10080 <... execve resumed>)             = 0
9546  --- SIGURG {si_signo=SIGURG, si_code=SI_TKILL, si_pid=9505, si_uid=1001} ---
9511  --- SIGURG {si_signo=SIGURG, si_code=SI_TKILL, si_pid=9505, si_uid=1001} ---
10071 --- SIGURG {si_signo=SIGURG, si_code=SI_TKILL, si_pid=10069, si_uid=1001} ---
9505  tgkill(9505, 9546, SIGURG <unfinished ...>
9546  --- SIGURG {si_signo=SIGURG, si_code=SI_TKILL, si_pid=9505, si_uid=1001} ---
9505  <... tgkill resumed>)             = 0
9507  waitid(P_PIDFD, 18,  <unfinished ...>
10069 --- SIGURG {si_signo=SIGURG, si_code=SI_TKILL, si_pid=10069, si_uid=1001} ---
9506  tgkill(9505, 9505, SIGURG)        = 0
9505  --- SIGURG {si_signo=SIGURG, si_code=SI_TKILL, si_pid=9505, si_uid=1001} ---
10080 clone(child_stack=0x1e87e11ba000, flags=CLONE_VM|CLONE_FS|CLONE_FILES|CLONE_SIGHAND|CLONE_THREAD|CLONE_SYSVSEM) = 10081
10080 clone(child_stack=0x1e87e11f2000, flags=CLONE_VM|CLONE_FS|CLONE_FILES|CLONE_SIGHAND|CLONE_THREAD|CLONE_SYSVSEM) = 10082
10080 clone(child_stack=0x1e87e11ee000, flags=CLONE_VM|CLONE_FS|CLONE_FILES|CLONE_SIGHAND|CLONE_THREAD|CLONE_SYSVSEM) = 10083
10082 clone(child_stack=0x1e87e1220000, flags=CLONE_VM|CLONE_FS|CLONE_FILES|CLONE_SIGHAND|CLONE_THREAD|CLONE_SYSVSEM) = 10084
10070 tgkill(10069, 10074, SIGURG)      = 0
10070 tgkill(10069, 10073, SIGURG)      = 0
9506  tgkill(9505, 9505, SIGURG)        = 0
10073 --- SIGURG {si_signo=SIGURG, si_code=SI_TKILL, si_pid=10069, si_uid=1001} ---
9505  --- SIGURG {si_signo=SIGURG, si_code=SI_TKILL, si_pid=9505, si_uid=1001} ---
10074 --- SIGURG {si_signo=SIGURG, si_code=SI_TKILL, si_pid=10069, si_uid=1001} ---
9506  tgkill(9505, 9505, SIGURG)        = 0
9546  clone(child_stack=NULL, flags=CLONE_VM|CLONE_PIDFD|CLONE_VFORK|SIGCHLD <unfinished ...>
10055 tgkill(10050, 10056, SIGURG)      = 0
10055 tgkill(10050, 10062, SIGURG)      = 0
10055 tgkill(10050, 10061, SIGURG)      = 0
10055 tgkill(10050, 10050, SIGURG)      = 0
10050 --- SIGURG {si_signo=SIGURG, si_code=SI_TKILL, si_pid=10050, si_uid=1001} ---
10062 --- SIGURG {si_signo=SIGURG, si_code=SI_TKILL, si_pid=10050, si_uid=1001} ---
9505  --- SIGURG {si_signo=SIGURG, si_code=SI_TKILL, si_pid=9505, si_uid=1001} ---
10061 --- SIGURG {si_signo=SIGURG, si_code=SI_TKILL, si_pid=10050, si_uid=1001} ---
10056 --- SIGURG {si_signo=SIGURG, si_code=SI_TKILL, si_pid=10050, si_uid=1001} ---
10085 execve("/opt/hostedtoolcache/go/1.27.0/arm64/pkg/tool/linux_arm64/compile", ["/opt/hostedtoolcache/go/1.27.0/a"..., "-o", "/tmp/go-build3734720916/b055/_pk"..., "-trimpath", "/tmp/go-build3734720916/b055=>", "-p", "time", "-lang=go1.27", "-std", "-buildid", "0lrGNlG6S03YuyuCzuGd/0lrGNlG6S03"..., "-goversion", "go1.27.0", "-c=4", "-nolocalimports", "-importcfg", "/tmp/go-build3734720916/b055/imp"..., "-pack", "/opt/hostedtoolcache/go/1.27.0/a"..., "/opt/hostedtoolcache/go/1.27.0/a"..., "/opt/hostedtoolcache/go/1.27.0/a"..., "/opt/hostedtoolcache/go/1.27.0/a"..., "/opt/hostedtoolcache/go/1.27.0/a"..., "/opt/hostedtoolcache/go/1.27.0/a"..., "/opt/hostedtoolcache/go/1.27.0/a"..., "/opt/hostedtoolcache/go/1.27.0/a"..., "/opt/hostedtoolcache/go/1.27.0/a"..., "/opt/hostedtoolcache/go/1.27.0/a"...], 0xf30a969b208 /* 140 vars */) = 0
10081 clone(child_stack=0x1e87e1720000, flags=CLONE_VM|CLONE_FS|CLONE_FILES|CLONE_SIGHAND|CLONE_THREAD|CLONE_SYSVSEM) = 10086
10081 clone(child_stack=0x1e87e171c000, flags=CLONE_VM|CLONE_FS|CLONE_FILES|CLONE_SIGHAND|CLONE_THREAD|CLONE_SYSVSEM <unfinished ...>
9546  <... clone resumed>, parent_tid=[12]) = 10085
10081 <... clone resumed>)              = 10087
10061 tgkill(10050, 10056, SIGURG)      = 0
10056 --- SIGURG {si_signo=SIGURG, si_code=SI_TKILL, si_pid=10050, si_uid=1001} ---
10070 tgkill(10069, 10071, SIGURG)      = 0
10071 --- SIGURG {si_signo=SIGURG, si_code=SI_TKILL, si_pid=10069, si_uid=1001} ---
10070 tgkill(10069, 10069, SIGURG)      = 0
10062 tgkill(10050, 10061, SIGURG)      = 0
10061 --- SIGURG {si_signo=SIGURG, si_code=SI_TKILL, si_pid=10050, si_uid=1001} ---
9506  tgkill(9505, 9546, SIGURG)        = 0
10069 --- SIGURG {si_signo=SIGURG, si_code=SI_TKILL, si_pid=10069, si_uid=1001} ---
10055 tgkill(10050, 10050, SIGURG)      = 0
10050 --- SIGURG {si_signo=SIGURG, si_code=SI_TKILL, si_pid=10050, si_uid=1001} ---
10061 tgkill(10050, 10056, SIGURG <unfinished ...>
10062 tgkill(10050, 10061, SIGURG <unfinished ...>
10061 <... tgkill resumed>)             = 0
10056 --- SIGURG {si_signo=SIGURG, si_code=SI_TKILL, si_pid=10050, si_uid=1001} ---
9546  --- SIGURG {si_signo=SIGURG, si_code=SI_TKILL, si_pid=9505, si_uid=1001} ---
10062 <... tgkill resumed>)             = 0
9506  tgkill(9505, 9546, SIGURG)        = 0
9546  --- SIGURG {si_signo=SIGURG, si_code=SI_TKILL, si_pid=9505, si_uid=1001} ---
9506  tgkill(9505, 9546, SIGURG)        = 0
9546  --- SIGURG {si_signo=SIGURG, si_code=SI_TKILL, si_pid=9505, si_uid=1001} ---
10061 --- SIGURG {si_signo=SIGURG, si_code=SI_TKILL, si_pid=10050, si_uid=1001} ---
9546  waitid(P_PIDFD, 12,  <unfinished ...>
10070 tgkill(10069, 10073, SIGURG)      = 0
10085 clone(child_stack=0x6cfeef4c000, flags=CLONE_VM|CLONE_FS|CLONE_FILES|CLONE_SIGHAND|CLONE_THREAD|CLONE_SYSVSEM) = 10088
10085 clone(child_stack=0x6cfeef88000, flags=CLONE_VM|CLONE_FS|CLONE_FILES|CLONE_SIGHAND|CLONE_THREAD|CLONE_SYSVSEM) = 10089
10085 clone(child_stack=0x6cfeef84000, flags=CLONE_VM|CLONE_FS|CLONE_FILES|CLONE_SIGHAND|CLONE_THREAD|CLONE_SYSVSEM) = 10090
10073 --- SIGURG {si_signo=SIGURG, si_code=SI_TKILL, si_pid=10069, si_uid=1001} ---
10055 tgkill(10050, 10062, SIGURG <unfinished ...>
10062 --- SIGURG {si_signo=SIGURG, si_code=SI_TKILL, si_pid=10050, si_uid=1001} ---
10055 <... tgkill resumed>)             = 0
10089 clone(child_stack=0x6cfeefb0000, flags=CLONE_VM|CLONE_FS|CLONE_FILES|CLONE_SIGHAND|CLONE_THREAD|CLONE_SYSVSEM) = 10091
10081 tgkill(10080, 10083, SIGURG <unfinished ...>
10083 --- SIGURG {si_signo=SIGURG, si_code=SI_TKILL, si_pid=10080, si_uid=1001} ---
10081 <... tgkill resumed>)             = 0
10088 clone(child_stack=0x6cfef368000, flags=CLONE_VM|CLONE_FS|CLONE_FILES|CLONE_SIGHAND|CLONE_THREAD|CLONE_SYSVSEM) = 10092
10088 clone(child_stack=0x6cfef364000, flags=CLONE_VM|CLONE_FS|CLONE_FILES|CLONE_SIGHAND|CLONE_THREAD|CLONE_SYSVSEM) = 10093
10070 tgkill(10069, 10071, SIGURG)      = 0
10071 --- SIGURG {si_signo=SIGURG, si_code=SI_TKILL, si_pid=10069, si_uid=1001} ---
10055 tgkill(10050, 10062, SIGURG <unfinished ...>
10062 --- SIGURG {si_signo=SIGURG, si_code=SI_TKILL, si_pid=10050, si_uid=1001} ---
10055 <... tgkill resumed>)             = 0
10055 tgkill(10050, 10061, SIGURG)      = 0
10061 --- SIGURG {si_signo=SIGURG, si_code=SI_TKILL, si_pid=10050, si_uid=1001} ---
10055 tgkill(10050, 10050, SIGURG)      = 0
10050 --- SIGURG {si_signo=SIGURG, si_code=SI_TKILL, si_pid=10050, si_uid=1001} ---
10081 tgkill(10080, 10083, SIGURG)      = 0
10083 --- SIGURG {si_signo=SIGURG, si_code=SI_TKILL, si_pid=10080, si_uid=1001} ---
10088 tgkill(10085, 10085, SIGURG)      = 0
10085 --- SIGURG {si_signo=SIGURG, si_code=SI_TKILL, si_pid=10085, si_uid=1001} ---
10055 tgkill(10050, 10056, SIGURG)      = 0
10056 --- SIGURG {si_signo=SIGURG, si_code=SI_TKILL, si_pid=10050, si_uid=1001} ---
10055 tgkill(10050, 10062, SIGURG <unfinished ...>
10062 --- SIGURG {si_signo=SIGURG, si_code=SI_TKILL, si_pid=10050, si_uid=1001} ---
10055 <... tgkill resumed>)             = 0
10070 tgkill(10069, 10071, SIGURG)      = 0
10071 --- SIGURG {si_signo=SIGURG, si_code=SI_TKILL, si_pid=10069, si_uid=1001} ---
10088 tgkill(10085, 10091, SIGURG)      = 0
10091 --- SIGURG {si_signo=SIGURG, si_code=SI_TKILL, si_pid=10085, si_uid=1001} ---
10055 tgkill(10050, 10056, SIGURG)      = 0
10056 --- SIGURG {si_signo=SIGURG, si_code=SI_TKILL, si_pid=10050, si_uid=1001} ---
10055 tgkill(10050, 10061, SIGURG)      = 0
10055 tgkill(10050, 10050, SIGURG)      = 0
10050 --- SIGURG {si_signo=SIGURG, si_code=SI_TKILL, si_pid=10050, si_uid=1001} ---
10061 --- SIGURG {si_signo=SIGURG, si_code=SI_TKILL, si_pid=10050, si_uid=1001} ---
10061 tgkill(10050, 10056, SIGURG <unfinished ...>
10056 tgkill(10050, 10062, SIGURG <unfinished ...>
10061 <... tgkill resumed>)             = 0
10056 <... tgkill resumed>)             = 0
10062 --- SIGURG {si_signo=SIGURG, si_code=SI_TKILL, si_pid=10050, si_uid=1001} ---
10056 --- SIGURG {si_signo=SIGURG, si_code=SI_TKILL, si_pid=10050, si_uid=1001} ---
10081 tgkill(10080, 10084, SIGURG)      = 0
10084 --- SIGURG {si_signo=SIGURG, si_code=SI_TKILL, si_pid=10080, si_uid=1001} ---
10056 tgkill(10050, 10050, SIGURG)      = 0
10050 --- SIGURG {si_signo=SIGURG, si_code=SI_TKILL, si_pid=10050, si_uid=1001} ---
10088 tgkill(10085, 10085, SIGURG)      = 0
10071 exit_group(0)                     = ?
10085 --- SIGURG {si_signo=SIGURG, si_code=SI_TKILL, si_pid=10085, si_uid=1001} ---
10074 +++ exited with 0 +++
10072 +++ exited with 0 +++
10071 +++ exited with 0 +++
10070 +++ exited with 0 +++
10083 exit_group(0)                     = ?
10087 +++ exited with 0 +++
10086 +++ exited with 0 +++
10084 +++ exited with 0 +++
10083 +++ exited with 0 +++
10082 +++ exited with 0 +++
10081 +++ exited with 0 +++
10080 +++ exited with 0 +++
9507  <... waitid resumed>{si_signo=SIGCHLD, si_code=CLD_EXITED, si_pid=10080, si_uid=1001, si_status=0, si_utime=0, si_stime=0}, WEXITED, {ru_utime={tv_sec=0, tv_usec=25276}, ru_stime={tv_sec=0, tv_usec=13143}, ...}) = 0
9546  <... waitid resumed>0xf30a935efb8, WEXITED, 0xf30a918a2d0) = ? ERESTARTSYS (To be restarted if SA_RESTART is set)
9507  --- SIGCHLD {si_signo=SIGCHLD, si_code=CLD_EXITED, si_pid=10080, si_uid=1001, si_status=0, si_utime=2 /* 0.02 s */, si_stime=1 /* 0.01 s */} ---
9546  waitid(P_PIDFD, 12,  <unfinished ...>
10073 +++ exited with 0 +++
10069 +++ exited with 0 +++
9509  <... waitid resumed>{si_signo=SIGCHLD, si_code=CLD_EXITED, si_pid=10069, si_uid=1001, si_status=0, si_utime=0, si_stime=0}, WEXITED, {ru_utime={tv_sec=0, tv_usec=192010}, ru_stime={tv_sec=0, tv_usec=42222}, ...}) = 0
9510  --- SIGCHLD {si_signo=SIGCHLD, si_code=CLD_EXITED, si_pid=10069, si_uid=1001, si_status=0, si_utime=19 /* 0.19 s */, si_stime=4 /* 0.04 s */} ---
9507  clone(child_stack=NULL, flags=CLONE_VM|CLONE_PIDFD|CLONE_VFORK|SIGCHLD <unfinished ...>
10094 execve("/opt/hostedtoolcache/go/1.27.0/arm64/pkg/tool/linux_arm64/compile", ["/opt/hostedtoolcache/go/1.27.0/a"..., "-o", "/tmp/go-build3734720916/b059/_pk"..., "-trimpath", "/tmp/go-build3734720916/b059=>", "-p", "internal/syscall/execenv", "-lang=go1.27", "-std", "-complete", "-buildid", "9L5tH2ougp61lvbBtl0x/9L5tH2ougp6"..., "-goversion", "go1.27.0", "-c=4", "-nolocalimports", "-importcfg", "/tmp/go-build3734720916/b059/imp"..., "-pack", "/opt/hostedtoolcache/go/1.27.0/a"...], 0xf30a93e6008 /* 140 vars */ <unfinished ...>
9507  <... clone resumed>, parent_tid=[14]) = 10094
10094 <... execve resumed>)             = 0
9507  waitid(P_PIDFD, 14,  <unfinished ...>
10094 clone(child_stack=0x1d42a6ed8000, flags=CLONE_VM|CLONE_FS|CLONE_FILES|CLONE_SIGHAND|CLONE_THREAD|CLONE_SYSVSEM) = 10095
10094 clone(child_stack=0x1d42a6f10000, flags=CLONE_VM|CLONE_FS|CLONE_FILES|CLONE_SIGHAND|CLONE_THREAD|CLONE_SYSVSEM) = 10096
10094 clone(child_stack=0x1d42a6f0c000, flags=CLONE_VM|CLONE_FS|CLONE_FILES|CLONE_SIGHAND|CLONE_THREAD|CLONE_SYSVSEM) = 10097
10096 clone(child_stack=0x1d42a6f98000, flags=CLONE_VM|CLONE_FS|CLONE_FILES|CLONE_SIGHAND|CLONE_THREAD|CLONE_SYSVSEM) = 10098
10098 clone(child_stack=0x1d42a6f94000, flags=CLONE_VM|CLONE_FS|CLONE_FILES|CLONE_SIGHAND|CLONE_THREAD|CLONE_SYSVSEM) = 10099
9506  tgkill(9505, 9510, SIGURG)        = 0
9510  --- SIGURG {si_signo=SIGURG, si_code=SI_TKILL, si_pid=9505, si_uid=1001} ---
10088 tgkill(10085, 10093, SIGURG)      = 0
10055 tgkill(10050, 10056, SIGURG <unfinished ...>
10056 --- SIGURG {si_signo=SIGURG, si_code=SI_TKILL, si_pid=10050, si_uid=1001} ---
10055 <... tgkill resumed>)             = 0
10093 --- SIGURG {si_signo=SIGURG, si_code=SI_TKILL, si_pid=10085, si_uid=1001} ---
10055 tgkill(10050, 10050, SIGURG)      = 0
10050 --- SIGURG {si_signo=SIGURG, si_code=SI_TKILL, si_pid=10050, si_uid=1001} ---
10095 tgkill(10094, 10094, SIGURG)      = 0
10094 --- SIGURG {si_signo=SIGURG, si_code=SI_TKILL, si_pid=10094, si_uid=1001} ---
10094 exit_group(0)                     = ?
10098 +++ exited with 0 +++
10095 +++ exited with 0 +++
10099 +++ exited with 0 +++
10097 +++ exited with 0 +++
10096 +++ exited with 0 +++
9506  tgkill(9505, 9512, SIGURG)        = 0
9512  --- SIGURG {si_signo=SIGURG, si_code=SI_TKILL, si_pid=9505, si_uid=1001} ---
9510  clone(child_stack=NULL, flags=CLONE_VM|CLONE_PIDFD|CLONE_VFORK|SIGCHLD <unfinished ...>
10100 execve("/opt/hostedtoolcache/go/1.27.0/arm64/pkg/tool/linux_arm64/compile", ["/opt/hostedtoolcache/go/1.27.0/a"..., "-o", "/tmp/go-build3734720916/b070/_pk"..., "-trimpath", "/tmp/go-build3734720916/b070=>", "-p", "regexp", "-lang=go1.27", "-std", "-complete", "-buildid", "PTcwWwY92WVMCunsAgMC/PTcwWwY92WV"..., "-goversion", "go1.27.0", "-c=4", "-nolocalimports", "-importcfg", "/tmp/go-build3734720916/b070/imp"..., "-pack", "/opt/hostedtoolcache/go/1.27.0/a"..., "/opt/hostedtoolcache/go/1.27.0/a"..., "/opt/hostedtoolcache/go/1.27.0/a"..., "/opt/hostedtoolcache/go/1.27.0/a"...], 0xf30a93e6488 /* 140 vars */ <unfinished ...>
9510  <... clone resumed>, parent_tid=[16]) = 10100
10094 +++ exited with 0 +++
9507  <... waitid resumed>{si_signo=SIGCHLD, si_code=CLD_EXITED, si_pid=10094, si_uid=1001, si_status=0, si_utime=0, si_stime=0}, WEXITED, {ru_utime={tv_sec=0, tv_usec=5989}, ru_stime={tv_sec=0, tv_usec=6844}, ...}) = 0
9510  --- SIGCHLD {si_signo=SIGCHLD, si_code=CLD_EXITED, si_pid=10094, si_uid=1001, si_status=0, si_utime=0, si_stime=0} ---
9510  waitid(P_PIDFD, 16,  <unfinished ...>
10100 <... execve resumed>)             = 0
10055 tgkill(10050, 10061, SIGURG)      = 0
10061 --- SIGURG {si_signo=SIGURG, si_code=SI_TKILL, si_pid=10050, si_uid=1001} ---
10100 clone(child_stack=0x63224d34e000, flags=CLONE_VM|CLONE_FS|CLONE_FILES|CLONE_SIGHAND|CLONE_THREAD|CLONE_SYSVSEM) = 10101
10100 clone(child_stack=0x63224d388000, flags=CLONE_VM|CLONE_FS|CLONE_FILES|CLONE_SIGHAND|CLONE_THREAD|CLONE_SYSVSEM) = 10102
10100 clone(child_stack=0x63224d384000, flags=CLONE_VM|CLONE_FS|CLONE_FILES|CLONE_SIGHAND|CLONE_THREAD|CLONE_SYSVSEM) = 10103
10102 clone(child_stack=0x63224d418000, flags=CLONE_VM|CLONE_FS|CLONE_FILES|CLONE_SIGHAND|CLONE_THREAD|CLONE_SYSVSEM) = 10104
10101 clone(child_stack=0x63224d824000, flags=CLONE_VM|CLONE_FS|CLONE_FILES|CLONE_SIGHAND|CLONE_THREAD|CLONE_SYSVSEM) = 10105
10088 tgkill(10085, 10091, SIGURG)      = 0
10091 --- SIGURG {si_signo=SIGURG, si_code=SI_TKILL, si_pid=10085, si_uid=1001} ---
10101 tgkill(10100, 10100, SIGURG)      = 0
10100 --- SIGURG {si_signo=SIGURG, si_code=SI_TKILL, si_pid=10100, si_uid=1001} ---
10055 tgkill(10050, 10056, SIGURG)      = 0
10055 tgkill(10050, 10062, SIGURG)      = 0
10055 tgkill(10050, 10050, SIGURG)      = 0
10050 --- SIGURG {si_signo=SIGURG, si_code=SI_TKILL, si_pid=10050, si_uid=1001} ---
10062 --- SIGURG {si_signo=SIGURG, si_code=SI_TKILL, si_pid=10050, si_uid=1001} ---
10056 --- SIGURG {si_signo=SIGURG, si_code=SI_TKILL, si_pid=10050, si_uid=1001} ---
10101 tgkill(10100, 10100, SIGURG)      = 0
10100 --- SIGURG {si_signo=SIGURG, si_code=SI_TKILL, si_pid=10100, si_uid=1001} ---
10088 tgkill(10085, 10093, SIGURG)      = 0
10093 --- SIGURG {si_signo=SIGURG, si_code=SI_TKILL, si_pid=10085, si_uid=1001} ---
10101 tgkill(10100, 10100, SIGURG)      = 0
10100 --- SIGURG {si_signo=SIGURG, si_code=SI_TKILL, si_pid=10100, si_uid=1001} ---
10055 tgkill(10050, 10056, SIGURG)      = 0
10056 --- SIGURG {si_signo=SIGURG, si_code=SI_TKILL, si_pid=10050, si_uid=1001} ---
10088 tgkill(10085, 10093, SIGURG <unfinished ...>
10093 --- SIGURG {si_signo=SIGURG, si_code=SI_TKILL, si_pid=10085, si_uid=1001} ---
10088 <... tgkill resumed>)             = 0
10101 tgkill(10100, 10100, SIGURG)      = 0
10100 --- SIGURG {si_signo=SIGURG, si_code=SI_TKILL, si_pid=10100, si_uid=1001} ---
10088 tgkill(10085, 10085, SIGURG)      = 0
10085 --- SIGURG {si_signo=SIGURG, si_code=SI_TKILL, si_pid=10085, si_uid=1001} ---
10088 tgkill(10085, 10091, SIGURG)      = 0
10091 --- SIGURG {si_signo=SIGURG, si_code=SI_TKILL, si_pid=10085, si_uid=1001} ---
10088 tgkill(10085, 10089, SIGURG)      = 0
10089 --- SIGURG {si_signo=SIGURG, si_code=SI_TKILL, si_pid=10085, si_uid=1001} ---
10055 tgkill(10050, 10062, SIGURG)      = 0
10062 --- SIGURG {si_signo=SIGURG, si_code=SI_TKILL, si_pid=10050, si_uid=1001} ---
10088 tgkill(10085, 10093, SIGURG)      = 0
10093 --- SIGURG {si_signo=SIGURG, si_code=SI_TKILL, si_pid=10085, si_uid=1001} ---
10050 exit_group(0)                     = ?
10056 +++ exited with 0 +++
10062 +++ exited with 0 +++
10055 +++ exited with 0 +++
10057 +++ exited with 0 +++
10061 +++ exited with 0 +++
10088 tgkill(10085, 10085, SIGURG <unfinished ...>
10101 tgkill(10100, 10105, SIGURG)      = 0
10088 <... tgkill resumed>)             = 0
10085 --- SIGURG {si_signo=SIGURG, si_code=SI_TKILL, si_pid=10085, si_uid=1001} ---
10105 --- SIGURG {si_signo=SIGURG, si_code=SI_TKILL, si_pid=10100, si_uid=1001} ---
10088 tgkill(10085, 10091, SIGURG)      = 0
10091 --- SIGURG {si_signo=SIGURG, si_code=SI_TKILL, si_pid=10085, si_uid=1001} ---
10058 +++ exited with 0 +++
10050 +++ exited with 0 +++
9509  --- SIGCHLD {si_signo=SIGCHLD, si_code=CLD_EXITED, si_pid=10050, si_uid=1001, si_status=0, si_utime=75 /* 0.75 s */, si_stime=8 /* 0.08 s */} ---
10088 tgkill(10085, 10089, SIGURG <unfinished ...>
9508  <... waitid resumed>{si_signo=SIGCHLD, si_code=CLD_EXITED, si_pid=10050, si_uid=1001, si_status=0, si_utime=0, si_stime=0}, WEXITED, {ru_utime={tv_sec=0, tv_usec=734789}, ru_stime={tv_sec=0, tv_usec=77858}, ...}) = 0
10088 <... tgkill resumed>)             = 0
10089 --- SIGURG {si_signo=SIGURG, si_code=SI_TKILL, si_pid=10085, si_uid=1001} ---
10101 tgkill(10100, 10100, SIGURG)      = 0
10100 --- SIGURG {si_signo=SIGURG, si_code=SI_TKILL, si_pid=10100, si_uid=1001} ---
10101 tgkill(10100, 10102, SIGURG)      = 0
10101 tgkill(10100, 10104, SIGURG)      = 0
10104 --- SIGURG {si_signo=SIGURG, si_code=SI_TKILL, si_pid=10100, si_uid=1001} ---
10102 --- SIGURG {si_signo=SIGURG, si_code=SI_TKILL, si_pid=10100, si_uid=1001} ---
9508  clone(child_stack=NULL, flags=CLONE_VM|CLONE_PIDFD|CLONE_VFORK|SIGCHLD <unfinished ...>
10088 tgkill(10085, 10093, SIGURG <unfinished ...>
10093 --- SIGURG {si_signo=SIGURG, si_code=SI_TKILL, si_pid=10085, si_uid=1001} ---
10088 <... tgkill resumed>)             = 0
9506  tgkill(9505, 9508, SIGURG)        = 0
10101 tgkill(10100, 10105, SIGURG)      = 0
10106 execve("/opt/hostedtoolcache/go/1.27.0/arm64/pkg/tool/linux_arm64/asm", ["/opt/hostedtoolcache/go/1.27.0/a"..., "-p", "reflect", "-trimpath", "/tmp/go-build3734720916/b038=>", "-I", "/tmp/go-build3734720916/b038/", "-I", "/opt/hostedtoolcache/go/1.27.0/a"..., "-D", "GOOS_linux", "-D", "GOARCH_arm64", "-std", "-o", "/tmp/go-build3734720916/b038/asm"..., "/opt/hostedtoolcache/go/1.27.0/a"...], 0xf30a93e7208 /* 140 vars */ <unfinished ...>
9508  <... clone resumed>, parent_tid=[14]) = 10106
9508  --- SIGURG {si_signo=SIGURG, si_code=SI_TKILL, si_pid=9505, si_uid=1001} ---
9508  waitid(P_PIDFD, 14,  <unfinished ...>
10106 <... execve resumed>)             = 0
10105 --- SIGURG {si_signo=SIGURG, si_code=SI_TKILL, si_pid=10100, si_uid=1001} ---
10088 tgkill(10085, 10085, SIGURG)      = 0
10088 tgkill(10085, 10091, SIGURG <unfinished ...>
10101 tgkill(10100, 10100, SIGURG)      = 0
10100 --- SIGURG {si_signo=SIGURG, si_code=SI_TKILL, si_pid=10100, si_uid=1001} ---
10091 --- SIGURG {si_signo=SIGURG, si_code=SI_TKILL, si_pid=10085, si_uid=1001} ---
10088 <... tgkill resumed>)             = 0
10101 tgkill(10100, 10102, SIGURG)      = 0
10102 --- SIGURG {si_signo=SIGURG, si_code=SI_TKILL, si_pid=10100, si_uid=1001} ---
10085 --- SIGURG {si_signo=SIGURG, si_code=SI_TKILL, si_pid=10085, si_uid=1001} ---
10085 tgkill(10085, 10093, SIGURG <unfinished ...>
10106 clone(child_stack=0x309853b1c000, flags=CLONE_VM|CLONE_FS|CLONE_FILES|CLONE_SIGHAND|CLONE_THREAD|CLONE_SYSVSEM <unfinished ...>
10093 --- SIGURG {si_signo=SIGURG, si_code=SI_TKILL, si_pid=10085, si_uid=1001} ---
10085 <... tgkill resumed>)             = 0
10106 <... clone resumed>)              = 10107
10106 clone(child_stack=0x309853b54000, flags=CLONE_VM|CLONE_FS|CLONE_FILES|CLONE_SIGHAND|CLONE_THREAD|CLONE_SYSVSEM) = 10108
10106 clone(child_stack=0x309853b50000, flags=CLONE_VM|CLONE_FS|CLONE_FILES|CLONE_SIGHAND|CLONE_THREAD|CLONE_SYSVSEM) = 10109
10101 tgkill(10100, 10105, SIGURG)      = 0
10101 tgkill(10100, 10104, SIGURG)      = 0
10104 --- SIGURG {si_signo=SIGURG, si_code=SI_TKILL, si_pid=10100, si_uid=1001} ---
10085 tgkill(10085, 10089, SIGURG <unfinished ...>
10093 tgkill(10085, 10085, SIGURG)      = 0
10105 --- SIGURG {si_signo=SIGURG, si_code=SI_TKILL, si_pid=10100, si_uid=1001} ---
10085 <... tgkill resumed>)             = 0
10089 --- SIGURG {si_signo=SIGURG, si_code=SI_TKILL, si_pid=10085, si_uid=1001} ---
10085 --- SIGURG {si_signo=SIGURG, si_code=SI_TKILL, si_pid=10085, si_uid=1001} ---
10085 tgkill(10085, 10089, SIGURG)      = 0
10089 --- SIGURG {si_signo=SIGURG, si_code=SI_TKILL, si_pid=10085, si_uid=1001} ---
10101 tgkill(10100, 10100, SIGURG)      = 0
10100 --- SIGURG {si_signo=SIGURG, si_code=SI_TKILL, si_pid=10100, si_uid=1001} ---
10101 tgkill(10100, 10102, SIGURG)      = 0
10102 --- SIGURG {si_signo=SIGURG, si_code=SI_TKILL, si_pid=10100, si_uid=1001} ---
10089 tgkill(10085, 10085, SIGURG)      = 0
10085 --- SIGURG {si_signo=SIGURG, si_code=SI_TKILL, si_pid=10085, si_uid=1001} ---
10089 tgkill(10085, 10085, SIGURG)      = 0
10085 --- SIGURG {si_signo=SIGURG, si_code=SI_TKILL, si_pid=10085, si_uid=1001} ---
10089 tgkill(10085, 10093, SIGURG)      = 0
10089 tgkill(10085, 10091, SIGURG)      = 0
10091 --- SIGURG {si_signo=SIGURG, si_code=SI_TKILL, si_pid=10085, si_uid=1001} ---
10089 tgkill(10085, 10085, SIGURG)      = 0
10085 --- SIGURG {si_signo=SIGURG, si_code=SI_TKILL, si_pid=10085, si_uid=1001} ---
10089 tgkill(10085, 10091, SIGURG)      = 0
10091 --- SIGURG {si_signo=SIGURG, si_code=SI_TKILL, si_pid=10085, si_uid=1001} ---
10101 tgkill(10100, 10105, SIGURG)      = 0
10105 --- SIGURG {si_signo=SIGURG, si_code=SI_TKILL, si_pid=10100, si_uid=1001} ---
10101 tgkill(10100, 10104, SIGURG)      = 0
10104 --- SIGURG {si_signo=SIGURG, si_code=SI_TKILL, si_pid=10100, si_uid=1001} ---
10089 tgkill(10085, 10085, SIGURG)      = 0
10089 tgkill(10085, 10091, SIGURG <unfinished ...>
10107 tgkill(10106, 10106, SIGURG)      = 0
10106 --- SIGURG {si_signo=SIGURG, si_code=SI_TKILL, si_pid=10106, si_uid=1001} ---
10089 <... tgkill resumed>)             = 0
10091 --- SIGURG {si_signo=SIGURG, si_code=SI_TKILL, si_pid=10085, si_uid=1001} ---
10088 tgkill(10085, 10089, SIGURG)      = 0
10089 --- SIGURG {si_signo=SIGURG, si_code=SI_TKILL, si_pid=10085, si_uid=1001} ---
10089 tgkill(10085, 10091, SIGURG <unfinished ...>
10106 exit_group(0 <unfinished ...>
10091 --- SIGURG {si_signo=SIGURG, si_code=SI_TKILL, si_pid=10085, si_uid=1001} ---
10089 <... tgkill resumed>)             = 0
10106 <... exit_group resumed>)         = ?
10109 +++ exited with 0 +++
10108 +++ exited with 0 +++
10107 +++ exited with 0 +++
10085 --- SIGURG {si_signo=SIGURG, si_code=SI_TKILL, si_pid=10085, si_uid=1001} ---
10093 --- SIGURG {si_signo=SIGURG, si_code=SI_TKILL, si_pid=10085, si_uid=1001} ---
10089 tgkill(10085, 10085, SIGURG)      = 0
10085 --- SIGURG {si_signo=SIGURG, si_code=SI_TKILL, si_pid=10085, si_uid=1001} ---
10089 tgkill(10085, 10091, SIGURG)      = 0
10101 tgkill(10100, 10102, SIGURG)      = 0
10102 --- SIGURG {si_signo=SIGURG, si_code=SI_TKILL, si_pid=10100, si_uid=1001} ---
10106 +++ exited with 0 +++
9509  --- SIGCHLD {si_signo=SIGCHLD, si_code=CLD_EXITED, si_pid=10106, si_uid=1001, si_status=0, si_utime=0, si_stime=0} ---
9508  <... waitid resumed>{si_signo=SIGCHLD, si_code=CLD_EXITED, si_pid=10106, si_uid=1001, si_status=0, si_utime=0, si_stime=0}, WEXITED, {ru_utime={tv_sec=0, tv_usec=2167}, ru_stime={tv_sec=0, tv_usec=8669}, ...}) = 0
10091 --- SIGURG {si_signo=SIGURG, si_code=SI_TKILL, si_pid=10085, si_uid=1001} ---
10085 tgkill(10085, 10093, SIGURG)      = 0
10085 tgkill(10085, 10091, SIGURG)      = 0
10085 tgkill(10085, 10089, SIGURG)      = 0
10091 --- SIGURG {si_signo=SIGURG, si_code=SI_TKILL, si_pid=10085, si_uid=1001} ---
10093 --- SIGURG {si_signo=SIGURG, si_code=SI_TKILL, si_pid=10085, si_uid=1001} ---
10089 --- SIGURG {si_signo=SIGURG, si_code=SI_TKILL, si_pid=10085, si_uid=1001} ---
10085 tgkill(10085, 10091, SIGURG <unfinished ...>
10091 --- SIGURG {si_signo=SIGURG, si_code=SI_TKILL, si_pid=10085, si_uid=1001} ---
10085 <... tgkill resumed>)             = 0
10085 tgkill(10085, 10089, SIGURG)      = 0
10085 tgkill(10085, 10093, SIGURG)      = 0
10093 --- SIGURG {si_signo=SIGURG, si_code=SI_TKILL, si_pid=10085, si_uid=1001} ---
10089 --- SIGURG {si_signo=SIGURG, si_code=SI_TKILL, si_pid=10085, si_uid=1001} ---
10085 tgkill(10085, 10091, SIGURG)      = 0
10091 --- SIGURG {si_signo=SIGURG, si_code=SI_TKILL, si_pid=10085, si_uid=1001} ---
10101 tgkill(10100, 10105, SIGURG)      = 0
10105 --- SIGURG {si_signo=SIGURG, si_code=SI_TKILL, si_pid=10100, si_uid=1001} ---
10101 tgkill(10100, 10104, SIGURG)      = 0
9506  tgkill(9505, 9507, SIGURG)        = 0
9507  --- SIGURG {si_signo=SIGURG, si_code=SI_TKILL, si_pid=9505, si_uid=1001} ---
10104 --- SIGURG {si_signo=SIGURG, si_code=SI_TKILL, si_pid=10100, si_uid=1001} ---
10085 tgkill(10085, 10093, SIGURG)      = 0
10085 tgkill(10085, 10091, SIGURG)      = 0
10091 --- SIGURG {si_signo=SIGURG, si_code=SI_TKILL, si_pid=10085, si_uid=1001} ---
10085 tgkill(10085, 10089, SIGURG)      = 0
10085 tgkill(10085, 10091, SIGURG)      = 0
10091 --- SIGURG {si_signo=SIGURG, si_code=SI_TKILL, si_pid=10085, si_uid=1001} ---
10093 --- SIGURG {si_signo=SIGURG, si_code=SI_TKILL, si_pid=10085, si_uid=1001} ---
10089 --- SIGURG {si_signo=SIGURG, si_code=SI_TKILL, si_pid=10085, si_uid=1001} ---
10085 tgkill(10085, 10091, SIGURG)      = 0
10085 tgkill(10085, 10089, SIGURG <unfinished ...>
10089 --- SIGURG {si_signo=SIGURG, si_code=SI_TKILL, si_pid=10085, si_uid=1001} ---
10085 <... tgkill resumed>)             = 0
10091 --- SIGURG {si_signo=SIGURG, si_code=SI_TKILL, si_pid=10085, si_uid=1001} ---
10101 tgkill(10100, 10100, SIGURG)      = 0
10100 --- SIGURG {si_signo=SIGURG, si_code=SI_TKILL, si_pid=10100, si_uid=1001} ---
10101 tgkill(10100, 10102, SIGURG)      = 0
10102 --- SIGURG {si_signo=SIGURG, si_code=SI_TKILL, si_pid=10100, si_uid=1001} ---
10085 tgkill(10085, 10093, SIGURG)      = 0
10093 --- SIGURG {si_signo=SIGURG, si_code=SI_TKILL, si_pid=10085, si_uid=1001} ---
9507  clone(child_stack=NULL, flags=CLONE_VM|CLONE_PIDFD|CLONE_VFORK|SIGCHLD <unfinished ...>
10085 tgkill(10085, 10093, SIGURG)      = 0
10093 --- SIGURG {si_signo=SIGURG, si_code=SI_TKILL, si_pid=10085, si_uid=1001} ---
10085 tgkill(10085, 10091, SIGURG)      = 0
10091 --- SIGURG {si_signo=SIGURG, si_code=SI_TKILL, si_pid=10085, si_uid=1001} ---
10085 tgkill(10085, 10089, SIGURG)      = 0
10089 --- SIGURG {si_signo=SIGURG, si_code=SI_TKILL, si_pid=10085, si_uid=1001} ---
10110 execve("/opt/hostedtoolcache/go/1.27.0/arm64/pkg/tool/linux_arm64/compile", ["/opt/hostedtoolcache/go/1.27.0/a"..., "-o", "/tmp/go-build3734720916/b036/_pk"..., "-trimpath", "/tmp/go-build3734720916/b036=>", "-p", "internal/fmtsort", "-lang=go1.27", "-std", "-complete", "-buildid", "bXJIl7xX0j8inw1Xh_kH/bXJIl7xX0j8"..., "-goversion", "go1.27.0", "-c=4", "-nolocalimports", "-importcfg", "/tmp/go-build3734720916/b036/imp"..., "-pack", "/opt/hostedtoolcache/go/1.27.0/a"...], 0xf30a969bb08 /* 140 vars */ <unfinished ...>
9507  <... clone resumed>, parent_tid=[14]) = 10110
10110 <... execve resumed>)             = 0
9507  waitid(P_PIDFD, 14,  <unfinished ...>
10088 tgkill(10085, 10085, SIGURG)      = 0
10085 --- SIGURG {si_signo=SIGURG, si_code=SI_TKILL, si_pid=10085, si_uid=1001} ---
10105 tgkill(10100, 10104, SIGURG)      = 0
10104 --- SIGURG {si_signo=SIGURG, si_code=SI_TKILL, si_pid=10100, si_uid=1001} ---
10102 tgkill(10100, 10100, SIGURG)      = 0
10100 --- SIGURG {si_signo=SIGURG, si_code=SI_TKILL, si_pid=10100, si_uid=1001} ---
10102 tgkill(10100, 10104, SIGURG)      = 0
10104 --- SIGURG {si_signo=SIGURG, si_code=SI_TKILL, si_pid=10100, si_uid=1001} ---
10102 tgkill(10100, 10104, SIGURG)      = 0
10104 --- SIGURG {si_signo=SIGURG, si_code=SI_TKILL, si_pid=10100, si_uid=1001} ---
10110 clone(child_stack=0x4b0978324000, flags=CLONE_VM|CLONE_FS|CLONE_FILES|CLONE_SIGHAND|CLONE_THREAD|CLONE_SYSVSEM <unfinished ...>
10102 tgkill(10100, 10104, SIGURG <unfinished ...>
10110 <... clone resumed>)              = 10111
10104 --- SIGURG {si_signo=SIGURG, si_code=SI_TKILL, si_pid=10100, si_uid=1001} ---
10102 <... tgkill resumed>)             = 0
10102 tgkill(10100, 10104, SIGURG)      = 0
10104 --- SIGURG {si_signo=SIGURG, si_code=SI_TKILL, si_pid=10100, si_uid=1001} ---
10110 clone(child_stack=0x4b097835c000, flags=CLONE_VM|CLONE_FS|CLONE_FILES|CLONE_SIGHAND|CLONE_THREAD|CLONE_SYSVSEM) = 10112
10110 clone(child_stack=0x4b0978358000, flags=CLONE_VM|CLONE_FS|CLONE_FILES|CLONE_SIGHAND|CLONE_THREAD|CLONE_SYSVSEM) = 10113
10112 clone(child_stack=0x4b0978398000, flags=CLONE_VM|CLONE_FS|CLONE_FILES|CLONE_SIGHAND|CLONE_THREAD|CLONE_SYSVSEM) = 10114
10089 exit_group(0)                     = ?
10093 +++ exited with 0 +++
10091 +++ exited with 0 +++
10090 +++ exited with 0 +++
10092 +++ exited with 0 +++
10089 +++ exited with 0 +++
10088 +++ exited with 0 +++
10111 tgkill(10110, 10110, SIGURG)      = 0
10110 --- SIGURG {si_signo=SIGURG, si_code=SI_TKILL, si_pid=10110, si_uid=1001} ---
10104 exit_group(0)                     = ?
10103 +++ exited with 0 +++
10102 +++ exited with 0 +++
10105 +++ exited with 0 +++
10101 +++ exited with 0 +++
10085 +++ exited with 0 +++
9508  --- SIGCHLD {si_signo=SIGCHLD, si_code=CLD_EXITED, si_pid=10085, si_uid=1001, si_status=0, si_utime=30 /* 0.30 s */, si_stime=4 /* 0.04 s */} ---
9546  <... waitid resumed>{si_signo=SIGCHLD, si_code=CLD_EXITED, si_pid=10085, si_uid=1001, si_status=0, si_utime=0, si_stime=0}, WEXITED, {ru_utime={tv_sec=0, tv_usec=302228}, ru_stime={tv_sec=0, tv_usec=40101}, ...}) = 0
10104 +++ exited with 0 +++
10100 +++ exited with 0 +++
9510  <... waitid resumed>{si_signo=SIGCHLD, si_code=CLD_EXITED, si_pid=10100, si_uid=1001, si_status=0, si_utime=0, si_stime=0}, WEXITED, {ru_utime={tv_sec=0, tv_usec=271471}, ru_stime={tv_sec=0, tv_usec=37947}, ...}) = 0
9508  --- SIGCHLD {si_signo=SIGCHLD, si_code=CLD_EXITED, si_pid=10100, si_uid=1001, si_status=0, si_utime=27 /* 0.27 s */, si_stime=3 /* 0.03 s */} ---
10111 tgkill(10110, 10110, SIGURG)      = 0
10110 --- SIGURG {si_signo=SIGURG, si_code=SI_TKILL, si_pid=10110, si_uid=1001} ---
9506  tgkill(9505, 9508, SIGURG <unfinished ...>
9508  --- SIGURG {si_signo=SIGURG, si_code=SI_TKILL, si_pid=9505, si_uid=1001} ---
9506  <... tgkill resumed>)             = 0
9506  tgkill(9505, 9546, SIGURG)        = 0
9546  --- SIGURG {si_signo=SIGURG, si_code=SI_TKILL, si_pid=9505, si_uid=1001} ---
10110 exit_group(0)                     = ?
10114 +++ exited with 0 +++
10113 +++ exited with 0 +++
10111 +++ exited with 0 +++
10112 +++ exited with 0 +++
10110 +++ exited with 0 +++
9510  --- SIGCHLD {si_signo=SIGCHLD, si_code=CLD_EXITED, si_pid=10110, si_uid=1001, si_status=0, si_utime=4 /* 0.04 s */, si_stime=1 /* 0.01 s */} ---
9507  <... waitid resumed>{si_signo=SIGCHLD, si_code=CLD_EXITED, si_pid=10110, si_uid=1001, si_status=0, si_utime=0, si_stime=0}, WEXITED, {ru_utime={tv_sec=0, tv_usec=48938}, ru_stime={tv_sec=0, tv_usec=11984}, ...}) = 0
9546  tgkill(9505, 9510, SIGURG)        = 0
9510  --- SIGURG {si_signo=SIGURG, si_code=SI_TKILL, si_pid=9505, si_uid=1001} ---
9507  tgkill(9505, 9509, SIGURG)        = 0
9509  --- SIGURG {si_signo=SIGURG, si_code=SI_TKILL, si_pid=9505, si_uid=1001} ---
9507  tgkill(9505, 9546, SIGURG)        = 0
9546  --- SIGURG {si_signo=SIGURG, si_code=SI_TKILL, si_pid=9505, si_uid=1001} ---
9507  tgkill(9505, 9509, SIGURG)        = 0
9509  --- SIGURG {si_signo=SIGURG, si_code=SI_TKILL, si_pid=9505, si_uid=1001} ---
9510  clone(child_stack=NULL, flags=CLONE_VM|CLONE_PIDFD|CLONE_VFORK|SIGCHLD <unfinished ...>
9509  clone(child_stack=NULL, flags=CLONE_VM|CLONE_PIDFD|CLONE_VFORK|SIGCHLD <unfinished ...>
10115 execve("/opt/hostedtoolcache/go/1.27.0/arm64/pkg/tool/linux_arm64/compile", ["/opt/hostedtoolcache/go/1.27.0/a"..., "-o", "/tmp/go-build3734720916/b065/_pk"..., "-trimpath", "/tmp/go-build3734720916/b065=>", "-p", "context", "-lang=go1.27", "-std", "-complete", "-buildid", "neroyEtyU2F73bcI4fxH/neroyEtyU2F"..., "-goversion", "go1.27.0", "-c=4", "-nolocalimports", "-importcfg", "/tmp/go-build3734720916/b065/imp"..., "-pack", "/opt/hostedtoolcache/go/1.27.0/a"...], 0xf30a93e6008 /* 140 vars */ <unfinished ...>
9510  <... clone resumed>, parent_tid=[15]) = 10115
10115 <... execve resumed>)             = 0
10116 execve("/opt/hostedtoolcache/go/1.27.0/arm64/pkg/tool/linux_arm64/compile", ["/opt/hostedtoolcache/go/1.27.0/a"..., "-o", "/tmp/go-build3734720916/b052/_pk"..., "-trimpath", "/tmp/go-build3734720916/b052=>", "-p", "io/fs", "-lang=go1.27", "-std", "-complete", "-buildid", "XfXyk1EAE5wtdjKCVuO_/XfXyk1EAE5w"..., "-goversion", "go1.27.0", "-c=4", "-nolocalimports", "-importcfg", "/tmp/go-build3734720916/b052/imp"..., "-pack", "/opt/hostedtoolcache/go/1.27.0/a"..., "/opt/hostedtoolcache/go/1.27.0/a"..., "/opt/hostedtoolcache/go/1.27.0/a"..., "/opt/hostedtoolcache/go/1.27.0/a"..., "/opt/hostedtoolcache/go/1.27.0/a"..., "/opt/hostedtoolcache/go/1.27.0/a"..., "/opt/hostedtoolcache/go/1.27.0/a"..., "/opt/hostedtoolcache/go/1.27.0/a"..., "/opt/hostedtoolcache/go/1.27.0/a"...], 0xf30a969b208 /* 140 vars */ <unfinished ...>
9509  <... clone resumed>, parent_tid=[21]) = 10116
10116 <... execve resumed>)             = 0
9510  waitid(P_PIDFD, 15,  <unfinished ...>
9509  waitid(P_PIDFD, 21,  <unfinished ...>
9507  clone(child_stack=NULL, flags=CLONE_VM|CLONE_PIDFD|CLONE_VFORK|SIGCHLD <unfinished ...>
10117 execve("/opt/hostedtoolcache/go/1.27.0/arm64/pkg/tool/linux_arm64/compile", ["/opt/hostedtoolcache/go/1.27.0/a"..., "-o", "/tmp/go-build3734720916/b057/_pk"..., "-trimpath", "/tmp/go-build3734720916/b057=>", "-p", "internal/poll", "-lang=go1.27", "-std", "-buildid", "We0-VzKM63obpJks_FOe/We0-VzKM63o"..., "-goversion", "go1.27.0", "-c=4", "-nolocalimports", "-importcfg", "/tmp/go-build3734720916/b057/imp"..., "-pack", "/opt/hostedtoolcache/go/1.27.0/a"..., "/opt/hostedtoolcache/go/1.27.0/a"..., "/opt/hostedtoolcache/go/1.27.0/a"..., "/opt/hostedtoolcache/go/1.27.0/a"..., "/opt/hostedtoolcache/go/1.27.0/a"..., "/opt/hostedtoolcache/go/1.27.0/a"..., "/opt/hostedtoolcache/go/1.27.0/a"..., "/opt/hostedtoolcache/go/1.27.0/a"..., "/opt/hostedtoolcache/go/1.27.0/a"..., "/opt/hostedtoolcache/go/1.27.0/a"..., "/opt/hostedtoolcache/go/1.27.0/a"..., "/opt/hostedtoolcache/go/1.27.0/a"..., "/opt/hostedtoolcache/go/1.27.0/a"..., "/opt/hostedtoolcache/go/1.27.0/a"..., ...], 0xf30a9407b08 /* 140 vars */ <unfinished ...>
9507  <... clone resumed>, parent_tid=[13]) = 10117
10117 <... execve resumed>)             = 0
9507  waitid(P_PIDFD, 13,  <unfinished ...>
10115 clone(child_stack=0x3217150f2000, flags=CLONE_VM|CLONE_FS|CLONE_FILES|CLONE_SIGHAND|CLONE_THREAD|CLONE_SYSVSEM) = 10118
10115 clone(child_stack=0x32171512a000, flags=CLONE_VM|CLONE_FS|CLONE_FILES|CLONE_SIGHAND|CLONE_THREAD|CLONE_SYSVSEM) = 10119
10118 tgkill(10115, 10115, SIGURG)      = 0
10115 clone(child_stack=0x321715126000, flags=CLONE_VM|CLONE_FS|CLONE_FILES|CLONE_SIGHAND|CLONE_THREAD|CLONE_SYSVSEM <unfinished ...>
10116 clone(child_stack=0x56b02aea4000, flags=CLONE_VM|CLONE_FS|CLONE_FILES|CLONE_SIGHAND|CLONE_THREAD|CLONE_SYSVSEM <unfinished ...>
10115 <... clone resumed>)              = 10120
10116 <... clone resumed>)              = 10121
10115 --- SIGURG {si_signo=SIGURG, si_code=SI_TKILL, si_pid=10115, si_uid=1001} ---
10119 clone(child_stack=0x321715198000, flags=CLONE_VM|CLONE_FS|CLONE_FILES|CLONE_SIGHAND|CLONE_THREAD|CLONE_SYSVSEM) = 10122
10116 clone(child_stack=0x56b02aedc000, flags=CLONE_VM|CLONE_FS|CLONE_FILES|CLONE_SIGHAND|CLONE_THREAD|CLONE_SYSVSEM) = 10123
10121 tgkill(10116, 10116, SIGURG)      = 0
10116 clone(child_stack=0x56b02aed8000, flags=CLONE_VM|CLONE_FS|CLONE_FILES|CLONE_SIGHAND|CLONE_THREAD|CLONE_SYSVSEM) = 10124
10116 --- SIGURG {si_signo=SIGURG, si_code=SI_TKILL, si_pid=10116, si_uid=1001} ---
10123 clone(child_stack=0x56b02af18000, flags=CLONE_VM|CLONE_FS|CLONE_FILES|CLONE_SIGHAND|CLONE_THREAD|CLONE_SYSVSEM) = 10125
10121 tgkill(10116, 10116, SIGURG)      = 0
10116 --- SIGURG {si_signo=SIGURG, si_code=SI_TKILL, si_pid=10116, si_uid=1001} ---
10117 clone(child_stack=0x591900320000, flags=CLONE_VM|CLONE_FS|CLONE_FILES|CLONE_SIGHAND|CLONE_THREAD|CLONE_SYSVSEM) = 10126
10126 tgkill(10117, 10117, SIGURG)      = 0
10117 clone(child_stack=0x591900358000, flags=CLONE_VM|CLONE_FS|CLONE_FILES|CLONE_SIGHAND|CLONE_THREAD|CLONE_SYSVSEM) = 10127
10117 --- SIGURG {si_signo=SIGURG, si_code=SI_TKILL, si_pid=10117, si_uid=1001} ---
10117 clone(child_stack=0x591900354000, flags=CLONE_VM|CLONE_FS|CLONE_FILES|CLONE_SIGHAND|CLONE_THREAD|CLONE_SYSVSEM) = 10128
10127 clone(child_stack=0x591900398000, flags=CLONE_VM|CLONE_FS|CLONE_FILES|CLONE_SIGHAND|CLONE_THREAD|CLONE_SYSVSEM) = 10129
10126 clone(child_stack=0x591900738000, flags=CLONE_VM|CLONE_FS|CLONE_FILES|CLONE_SIGHAND|CLONE_THREAD|CLONE_SYSVSEM) = 10130
10118 tgkill(10115, 10115, SIGURG)      = 0
10115 --- SIGURG {si_signo=SIGURG, si_code=SI_TKILL, si_pid=10115, si_uid=1001} ---
10121 tgkill(10116, 10124, SIGURG)      = 0
10124 --- SIGURG {si_signo=SIGURG, si_code=SI_TKILL, si_pid=10116, si_uid=1001} ---
10126 tgkill(10117, 10129, SIGURG)      = 0
10129 --- SIGURG {si_signo=SIGURG, si_code=SI_TKILL, si_pid=10117, si_uid=1001} ---
10118 tgkill(10115, 10119, SIGURG <unfinished ...>
10119 --- SIGURG {si_signo=SIGURG, si_code=SI_TKILL, si_pid=10115, si_uid=1001} ---
10118 <... tgkill resumed>)             = 0
10121 tgkill(10116, 10116, SIGURG)      = 0
10116 --- SIGURG {si_signo=SIGURG, si_code=SI_TKILL, si_pid=10116, si_uid=1001} ---
10126 tgkill(10117, 10128, SIGURG)      = 0
10128 --- SIGURG {si_signo=SIGURG, si_code=SI_TKILL, si_pid=10117, si_uid=1001} ---
10121 tgkill(10116, 10124, SIGURG <unfinished ...>
10118 tgkill(10115, 10122, SIGURG <unfinished ...>
10121 <... tgkill resumed>)             = 0
10118 <... tgkill resumed>)             = 0
10121 tgkill(10116, 10123, SIGURG <unfinished ...>
10118 tgkill(10115, 10120, SIGURG <unfinished ...>
10121 <... tgkill resumed>)             = 0
10118 <... tgkill resumed>)             = 0
10120 --- SIGURG {si_signo=SIGURG, si_code=SI_TKILL, si_pid=10115, si_uid=1001} ---
10122 --- SIGURG {si_signo=SIGURG, si_code=SI_TKILL, si_pid=10115, si_uid=1001} ---
10121 tgkill(10116, 10125, SIGURG)      = 0
10118 tgkill(10115, 10115, SIGURG)      = 0
10118 tgkill(10115, 10119, SIGURG)      = 0
10124 --- SIGURG {si_signo=SIGURG, si_code=SI_TKILL, si_pid=10116, si_uid=1001} ---
10125 --- SIGURG {si_signo=SIGURG, si_code=SI_TKILL, si_pid=10116, si_uid=1001} ---
10123 --- SIGURG {si_signo=SIGURG, si_code=SI_TKILL, si_pid=10116, si_uid=1001} ---
10119 --- SIGURG {si_signo=SIGURG, si_code=SI_TKILL, si_pid=10115, si_uid=1001} ---
10115 --- SIGURG {si_signo=SIGURG, si_code=SI_TKILL, si_pid=10115, si_uid=1001} ---
10126 tgkill(10117, 10129, SIGURG)      = 0
10129 --- SIGURG {si_signo=SIGURG, si_code=SI_TKILL, si_pid=10117, si_uid=1001} ---
10125 exit_group(0)                     = ?
10123 +++ exited with 0 +++
10124 +++ exited with 0 +++
10121 +++ exited with 0 +++
10125 +++ exited with 0 +++
10116 +++ exited with 0 +++
9509  <... waitid resumed>{si_signo=SIGCHLD, si_code=CLD_EXITED, si_pid=10116, si_uid=1001, si_status=0, si_utime=0, si_stime=0}, WEXITED, {ru_utime={tv_sec=0, tv_usec=65710}, ru_stime={tv_sec=0, tv_usec=20293}, ...}) = 0
9505  --- SIGCHLD {si_signo=SIGCHLD, si_code=CLD_EXITED, si_pid=10116, si_uid=1001, si_status=0, si_utime=6 /* 0.06 s */, si_stime=2 /* 0.02 s */} ---
10122 exit_group(0)                     = ?
10122 +++ exited with 0 +++
10120 +++ exited with 0 +++
10119 +++ exited with 0 +++
10118 +++ exited with 0 +++
10115 +++ exited with 0 +++
9505  --- SIGCHLD {si_signo=SIGCHLD, si_code=CLD_EXITED, si_pid=10115, si_uid=1001, si_status=0, si_utime=5 /* 0.05 s */, si_stime=0} ---
9510  <... waitid resumed>{si_signo=SIGCHLD, si_code=CLD_EXITED, si_pid=10115, si_uid=1001, si_status=0, si_utime=0, si_stime=0}, WEXITED, {ru_utime={tv_sec=0, tv_usec=57338}, ru_stime={tv_sec=0, tv_usec=8821}, ...}) = 0
9505  clone(child_stack=NULL, flags=CLONE_VM|CLONE_PIDFD|CLONE_VFORK|SIGCHLD <unfinished ...>
10131 execve("/opt/hostedtoolcache/go/1.27.0/arm64/pkg/tool/linux_arm64/compile", ["/opt/hostedtoolcache/go/1.27.0/a"..., "-o", "/tmp/go-build3734720916/b051/_pk"..., "-trimpath", "/tmp/go-build3734720916/b051=>", "-p", "internal/filepathlite", "-lang=go1.27", "-std", "-complete", "-buildid", "ji6P444Xw9onfsTBz3lJ/ji6P444Xw9o"..., "-goversion", "go1.27.0", "-c=4", "-nolocalimports", "-importcfg", "/tmp/go-build3734720916/b051/imp"..., "-pack", "/opt/hostedtoolcache/go/1.27.0/a"..., "/opt/hostedtoolcache/go/1.27.0/a"..., "/opt/hostedtoolcache/go/1.27.0/a"...], 0xf30a969b688 /* 140 vars */ <unfinished ...>
9505  <... clone resumed>, parent_tid=[16]) = 10131
9505  waitid(P_PIDFD, 16,  <unfinished ...>
10131 <... execve resumed>)             = 0
10126 tgkill(10117, 10130, SIGURG)      = 0
10130 --- SIGURG {si_signo=SIGURG, si_code=SI_TKILL, si_pid=10117, si_uid=1001} ---
10131 clone(child_stack=0x709ae9d6000, flags=CLONE_VM|CLONE_FS|CLONE_FILES|CLONE_SIGHAND|CLONE_THREAD|CLONE_SYSVSEM) = 10132
10131 clone(child_stack=0x709aea10000, flags=CLONE_VM|CLONE_FS|CLONE_FILES|CLONE_SIGHAND|CLONE_THREAD|CLONE_SYSVSEM) = 10133
10132 tgkill(10131, 10131, SIGURG)      = 0
10131 --- SIGURG {si_signo=SIGURG, si_code=SI_TKILL, si_pid=10131, si_uid=1001} ---
10131 clone(child_stack=0x709aea0c000, flags=CLONE_VM|CLONE_FS|CLONE_FILES|CLONE_SIGHAND|CLONE_THREAD|CLONE_SYSVSEM) = 10134
10126 tgkill(10117, 10128, SIGURG <unfinished ...>
10128 --- SIGURG {si_signo=SIGURG, si_code=SI_TKILL, si_pid=10117, si_uid=1001} ---
10126 <... tgkill resumed>)             = 0
10126 tgkill(10117, 10127, SIGURG <unfinished ...>
10127 --- SIGURG {si_signo=SIGURG, si_code=SI_TKILL, si_pid=10117, si_uid=1001} ---
10126 <... tgkill resumed>)             = 0
10126 tgkill(10117, 10129, SIGURG <unfinished ...>
10129 --- SIGURG {si_signo=SIGURG, si_code=SI_TKILL, si_pid=10117, si_uid=1001} ---
10126 <... tgkill resumed>)             = 0
10132 tgkill(10131, 10131, SIGURG)      = 0
10131 --- SIGURG {si_signo=SIGURG, si_code=SI_TKILL, si_pid=10131, si_uid=1001} ---
10134 clone(child_stack=0x709aea5c000, flags=CLONE_VM|CLONE_FS|CLONE_FILES|CLONE_SIGHAND|CLONE_THREAD|CLONE_SYSVSEM) = 10135
10126 tgkill(10117, 10130, SIGURG)      = 0
10130 --- SIGURG {si_signo=SIGURG, si_code=SI_TKILL, si_pid=10117, si_uid=1001} ---
10131 exit_group(0)                     = ?
10135 +++ exited with 0 +++
10134 +++ exited with 0 +++
10133 +++ exited with 0 +++
10132 +++ exited with 0 +++
10131 +++ exited with 0 +++
9510  --- SIGCHLD {si_signo=SIGCHLD, si_code=CLD_EXITED, si_pid=10131, si_uid=1001, si_status=0, si_utime=2 /* 0.02 s */, si_stime=0} ---
9505  <... waitid resumed>{si_signo=SIGCHLD, si_code=CLD_EXITED, si_pid=10131, si_uid=1001, si_status=0, si_utime=0, si_stime=0}, WEXITED, {ru_utime={tv_sec=0, tv_usec=27555}, ru_stime={tv_sec=0, tv_usec=8478}, ...}) = 0
10126 tgkill(10117, 10130, SIGURG)      = 0
10130 --- SIGURG {si_signo=SIGURG, si_code=SI_TKILL, si_pid=10117, si_uid=1001} ---
10130 exit_group(0)                     = ?
10130 +++ exited with 0 +++
10129 +++ exited with 0 +++
10128 +++ exited with 0 +++
10127 +++ exited with 0 +++
10126 +++ exited with 0 +++
10117 +++ exited with 0 +++
9507  <... waitid resumed>{si_signo=SIGCHLD, si_code=CLD_EXITED, si_pid=10117, si_uid=1001, si_status=0, si_utime=0, si_stime=0}, WEXITED, {ru_utime={tv_sec=0, tv_usec=149328}, ru_stime={tv_sec=0, tv_usec=28393}, ...}) = 0
9505  --- SIGCHLD {si_signo=SIGCHLD, si_code=CLD_EXITED, si_pid=10117, si_uid=1001, si_status=0, si_utime=14 /* 0.14 s */, si_stime=2 /* 0.02 s */} ---
9505  clone(child_stack=NULL, flags=CLONE_VM|CLONE_PIDFD|CLONE_VFORK|SIGCHLD <unfinished ...>
9506  tgkill(9505, 9505, SIGURG)        = 0
10136 execve("/opt/hostedtoolcache/go/1.27.0/arm64/pkg/tool/linux_arm64/compile", ["/opt/hostedtoolcache/go/1.27.0/a"..., "-o", "/tmp/go-build3734720916/b050/_pk"..., "-trimpath", "/tmp/go-build3734720916/b050=>", "-p", "os", "-lang=go1.27", "-std", "-buildid", "PXY6R2DVbnB3eGvhlze4/PXY6R2DVbnB"..., "-goversion", "go1.27.0", "-c=4", "-nolocalimports", "-importcfg", "/tmp/go-build3734720916/b050/imp"..., "-pack", "/opt/hostedtoolcache/go/1.27.0/a"..., "/opt/hostedtoolcache/go/1.27.0/a"..., "/opt/hostedtoolcache/go/1.27.0/a"..., "/opt/hostedtoolcache/go/1.27.0/a"..., "/opt/hostedtoolcache/go/1.27.0/a"..., "/opt/hostedtoolcache/go/1.27.0/a"..., "/opt/hostedtoolcache/go/1.27.0/a"..., "/opt/hostedtoolcache/go/1.27.0/a"..., "/opt/hostedtoolcache/go/1.27.0/a"..., "/opt/hostedtoolcache/go/1.27.0/a"..., "/opt/hostedtoolcache/go/1.27.0/a"..., "/opt/hostedtoolcache/go/1.27.0/a"..., "/opt/hostedtoolcache/go/1.27.0/a"..., "/opt/hostedtoolcache/go/1.27.0/a"..., ...], 0xf30a93e6d88 /* 140 vars */ <unfinished ...>
9505  <... clone resumed>, parent_tid=[12]) = 10136
9505  --- SIGURG {si_signo=SIGURG, si_code=SI_TKILL, si_pid=9505, si_uid=1001} ---
10136 <... execve resumed>)             = 0
9505  waitid(P_PIDFD, 12,  <unfinished ...>
10136 clone(child_stack=0x45f8e848c000, flags=CLONE_VM|CLONE_FS|CLONE_FILES|CLONE_SIGHAND|CLONE_THREAD|CLONE_SYSVSEM) = 10137
10136 clone(child_stack=0x45f8e84c4000, flags=CLONE_VM|CLONE_FS|CLONE_FILES|CLONE_SIGHAND|CLONE_THREAD|CLONE_SYSVSEM) = 10138
10136 clone(child_stack=0x45f8e84c0000, flags=CLONE_VM|CLONE_FS|CLONE_FILES|CLONE_SIGHAND|CLONE_THREAD|CLONE_SYSVSEM) = 10139
10137 tgkill(10136, 10139, SIGURG <unfinished ...>
10138 clone(child_stack=0x45f8e8518000, flags=CLONE_VM|CLONE_FS|CLONE_FILES|CLONE_SIGHAND|CLONE_THREAD|CLONE_SYSVSEM <unfinished ...>
10137 <... tgkill resumed>)             = 0
10139 --- SIGURG {si_signo=SIGURG, si_code=SI_TKILL, si_pid=10136, si_uid=1001} ---
10138 <... clone resumed>)              = 10140
10137 tgkill(10136, 10139, SIGURG <unfinished ...>
10139 --- SIGURG {si_signo=SIGURG, si_code=SI_TKILL, si_pid=10136, si_uid=1001} ---
10137 <... tgkill resumed>)             = 0
10137 tgkill(10136, 10140, SIGURG <unfinished ...>
10140 --- SIGURG {si_signo=SIGURG, si_code=SI_TKILL, si_pid=10136, si_uid=1001} ---
10137 <... tgkill resumed>)             = 0
10137 tgkill(10136, 10140, SIGURG)      = 0
10140 --- SIGURG {si_signo=SIGURG, si_code=SI_TKILL, si_pid=10136, si_uid=1001} ---
10137 tgkill(10136, 10139, SIGURG)      = 0
10139 --- SIGURG {si_signo=SIGURG, si_code=SI_TKILL, si_pid=10136, si_uid=1001} ---
10137 tgkill(10136, 10138, SIGURG <unfinished ...>
10138 --- SIGURG {si_signo=SIGURG, si_code=SI_TKILL, si_pid=10136, si_uid=1001} ---
10137 <... tgkill resumed>)             = 0
10137 tgkill(10136, 10140, SIGURG)      = 0
10140 --- SIGURG {si_signo=SIGURG, si_code=SI_TKILL, si_pid=10136, si_uid=1001} ---
10137 tgkill(10136, 10136, SIGURG)      = 0
10136 --- SIGURG {si_signo=SIGURG, si_code=SI_TKILL, si_pid=10136, si_uid=1001} ---
10137 tgkill(10136, 10139, SIGURG <unfinished ...>
10139 --- SIGURG {si_signo=SIGURG, si_code=SI_TKILL, si_pid=10136, si_uid=1001} ---
10137 <... tgkill resumed>)             = 0
10139 tgkill(10136, 10136, SIGURG)      = 0
10136 --- SIGURG {si_signo=SIGURG, si_code=SI_TKILL, si_pid=10136, si_uid=1001} ---
10140 tgkill(10136, 10139, SIGURG)      = 0
10139 --- SIGURG {si_signo=SIGURG, si_code=SI_TKILL, si_pid=10136, si_uid=1001} ---
10140 tgkill(10136, 10138, SIGURG)      = 0
10138 --- SIGURG {si_signo=SIGURG, si_code=SI_TKILL, si_pid=10136, si_uid=1001} ---
10140 tgkill(10136, 10136, SIGURG)      = 0
10136 --- SIGURG {si_signo=SIGURG, si_code=SI_TKILL, si_pid=10136, si_uid=1001} ---
10140 tgkill(10136, 10138, SIGURG)      = 0
10138 --- SIGURG {si_signo=SIGURG, si_code=SI_TKILL, si_pid=10136, si_uid=1001} ---
10140 tgkill(10136, 10139, SIGURG)      = 0
10139 --- SIGURG {si_signo=SIGURG, si_code=SI_TKILL, si_pid=10136, si_uid=1001} ---
10139 tgkill(10136, 10136, SIGURG)      = 0
10136 --- SIGURG {si_signo=SIGURG, si_code=SI_TKILL, si_pid=10136, si_uid=1001} ---
10139 tgkill(10136, 10140, SIGURG)      = 0
10140 --- SIGURG {si_signo=SIGURG, si_code=SI_TKILL, si_pid=10136, si_uid=1001} ---
10139 tgkill(10136, 10138, SIGURG)      = 0
10138 --- SIGURG {si_signo=SIGURG, si_code=SI_TKILL, si_pid=10136, si_uid=1001} ---
10136 tgkill(10136, 10140, SIGURG)      = 0
10140 --- SIGURG {si_signo=SIGURG, si_code=SI_TKILL, si_pid=10136, si_uid=1001} ---
10136 tgkill(10136, 10138, SIGURG)      = 0
10138 --- SIGURG {si_signo=SIGURG, si_code=SI_TKILL, si_pid=10136, si_uid=1001} ---
10136 tgkill(10136, 10139, SIGURG)      = 0
10139 --- SIGURG {si_signo=SIGURG, si_code=SI_TKILL, si_pid=10136, si_uid=1001} ---
10136 tgkill(10136, 10140, SIGURG)      = 0
10140 --- SIGURG {si_signo=SIGURG, si_code=SI_TKILL, si_pid=10136, si_uid=1001} ---
10136 tgkill(10136, 10138, SIGURG)      = 0
10138 --- SIGURG {si_signo=SIGURG, si_code=SI_TKILL, si_pid=10136, si_uid=1001} ---
10136 tgkill(10136, 10139, SIGURG)      = 0
10139 --- SIGURG {si_signo=SIGURG, si_code=SI_TKILL, si_pid=10136, si_uid=1001} ---
10137 tgkill(10136, 10140, SIGURG)      = 0
10140 --- SIGURG {si_signo=SIGURG, si_code=SI_TKILL, si_pid=10136, si_uid=1001} ---
10137 tgkill(10136, 10138, SIGURG)      = 0
10138 --- SIGURG {si_signo=SIGURG, si_code=SI_TKILL, si_pid=10136, si_uid=1001} ---
10137 tgkill(10136, 10136, SIGURG)      = 0
10136 --- SIGURG {si_signo=SIGURG, si_code=SI_TKILL, si_pid=10136, si_uid=1001} ---
10137 tgkill(10136, 10139, SIGURG <unfinished ...>
10139 --- SIGURG {si_signo=SIGURG, si_code=SI_TKILL, si_pid=10136, si_uid=1001} ---
10137 <... tgkill resumed>)             = 0
10137 tgkill(10136, 10140, SIGURG <unfinished ...>
10140 --- SIGURG {si_signo=SIGURG, si_code=SI_TKILL, si_pid=10136, si_uid=1001} ---
10137 <... tgkill resumed>)             = 0
10137 tgkill(10136, 10138, SIGURG <unfinished ...>
10138 --- SIGURG {si_signo=SIGURG, si_code=SI_TKILL, si_pid=10136, si_uid=1001} ---
10137 <... tgkill resumed>)             = 0
10137 tgkill(10136, 10136, SIGURG)      = 0
10136 --- SIGURG {si_signo=SIGURG, si_code=SI_TKILL, si_pid=10136, si_uid=1001} ---
10137 tgkill(10136, 10136, SIGURG)      = 0
10136 --- SIGURG {si_signo=SIGURG, si_code=SI_TKILL, si_pid=10136, si_uid=1001} ---
10136 exit_group(0)                     = ?
10140 +++ exited with 0 +++
10139 +++ exited with 0 +++
10138 +++ exited with 0 +++
10137 +++ exited with 0 +++
10136 +++ exited with 0 +++
9510  --- SIGCHLD {si_signo=SIGCHLD, si_code=CLD_EXITED, si_pid=10136, si_uid=1001, si_status=0, si_utime=43 /* 0.43 s */, si_stime=4 /* 0.04 s */} ---
9505  <... waitid resumed>{si_signo=SIGCHLD, si_code=CLD_EXITED, si_pid=10136, si_uid=1001, si_status=0, si_utime=0, si_stime=0}, WEXITED, {ru_utime={tv_sec=0, tv_usec=433233}, ru_stime={tv_sec=0, tv_usec=41212}, ...}) = 0
9506  tgkill(9505, 9510, SIGURG)        = 0
9510  --- SIGURG {si_signo=SIGURG, si_code=SI_TKILL, si_pid=9505, si_uid=1001} ---
9509  clone(child_stack=NULL, flags=CLONE_VM|CLONE_PIDFD|CLONE_VFORK|SIGCHLD <unfinished ...>
9510  clone(child_stack=NULL, flags=CLONE_VM|CLONE_PIDFD|CLONE_VFORK|SIGCHLD <unfinished ...>
10141 execve("/opt/hostedtoolcache/go/1.27.0/arm64/pkg/tool/linux_arm64/compile", ["/opt/hostedtoolcache/go/1.27.0/a"..., "-o", "/tmp/go-build3734720916/b068/_pk"..., "-trimpath", "/tmp/go-build3734720916/b068=>", "-p", "path/filepath", "-lang=go1.27", "-std", "-complete", "-buildid", "KRq8P8x4qi54BVYr6wAc/KRq8P8x4qi5"..., "-goversion", "go1.27.0", "-c=4", "-nolocalimports", "-importcfg", "/tmp/go-build3734720916/b068/imp"..., "-pack", "/opt/hostedtoolcache/go/1.27.0/a"..., "/opt/hostedtoolcache/go/1.27.0/a"..., "/opt/hostedtoolcache/go/1.27.0/a"..., "/opt/hostedtoolcache/go/1.27.0/a"..., "/opt/hostedtoolcache/go/1.27.0/a"...], 0xf30a93e7208 /* 140 vars */ <unfinished ...>
9509  <... clone resumed>, parent_tid=[15]) = 10141
10141 <... execve resumed>)             = 0
10142 execve("/opt/hostedtoolcache/go/1.27.0/arm64/pkg/tool/linux_arm64/compile", ["/opt/hostedtoolcache/go/1.27.0/a"..., "-o", "/tmp/go-build3734720916/b002/_pk"..., "-trimpath", "/tmp/go-build3734720916/b002=>", "-p", "fmt", "-lang=go1.27", "-std", "-complete", "-buildid", "whCcI_TTDhGKC2tXq26h/whCcI_TTDhG"..., "-goversion", "go1.27.0", "-c=4", "-nolocalimports", "-importcfg", "/tmp/go-build3734720916/b002/imp"..., "-pack", "/opt/hostedtoolcache/go/1.27.0/a"..., "/opt/hostedtoolcache/go/1.27.0/a"..., "/opt/hostedtoolcache/go/1.27.0/a"..., "/opt/hostedtoolcache/go/1.27.0/a"..., "/opt/hostedtoolcache/go/1.27.0/a"...], 0xf30a969b208 /* 140 vars */ <unfinished ...>
9510  <... clone resumed>, parent_tid=[18]) = 10142
10142 <... execve resumed>)             = 0
9510  waitid(P_PIDFD, 18,  <unfinished ...>
9509  waitid(P_PIDFD, 15,  <unfinished ...>
10142 clone(child_stack=0x669c26af2000, flags=CLONE_VM|CLONE_FS|CLONE_FILES|CLONE_SIGHAND|CLONE_THREAD|CLONE_SYSVSEM <unfinished ...>
10141 clone(child_stack=0x35b313262000, flags=CLONE_VM|CLONE_FS|CLONE_FILES|CLONE_SIGHAND|CLONE_THREAD|CLONE_SYSVSEM <unfinished ...>
10142 <... clone resumed>)              = 10143
10141 <... clone resumed>)              = 10144
10142 clone(child_stack=0x669c26b2a000, flags=CLONE_VM|CLONE_FS|CLONE_FILES|CLONE_SIGHAND|CLONE_THREAD|CLONE_SYSVSEM <unfinished ...>
10141 clone(child_stack=0x35b31329a000, flags=CLONE_VM|CLONE_FS|CLONE_FILES|CLONE_SIGHAND|CLONE_THREAD|CLONE_SYSVSEM <unfinished ...>
10142 <... clone resumed>)              = 10145
10141 <... clone resumed>)              = 10146
10144 tgkill(10141, 10141, SIGURG)      = 0
10143 tgkill(10142, 10142, SIGURG)      = 0
10141 --- SIGURG {si_signo=SIGURG, si_code=SI_TKILL, si_pid=10141, si_uid=1001} ---
10142 clone(child_stack=0x669c26b26000, flags=CLONE_VM|CLONE_FS|CLONE_FILES|CLONE_SIGHAND|CLONE_THREAD|CLONE_SYSVSEM) = 10147
10144 tgkill(10141, 10141, SIGURG)      = 0
10141 clone(child_stack=0x35b313296000, flags=CLONE_VM|CLONE_FS|CLONE_FILES|CLONE_SIGHAND|CLONE_THREAD|CLONE_SYSVSEM <unfinished ...>
10142 --- SIGURG {si_signo=SIGURG, si_code=SI_TKILL, si_pid=10142, si_uid=1001} ---
10141 <... clone resumed>)              = 10148
10141 --- SIGURG {si_signo=SIGURG, si_code=SI_TKILL, si_pid=10141, si_uid=1001} ---
10145 clone(child_stack=0x669c26b98000, flags=CLONE_VM|CLONE_FS|CLONE_FILES|CLONE_SIGHAND|CLONE_THREAD|CLONE_SYSVSEM <unfinished ...>
10146 clone(child_stack=0x35b313318000, flags=CLONE_VM|CLONE_FS|CLONE_FILES|CLONE_SIGHAND|CLONE_THREAD|CLONE_SYSVSEM <unfinished ...>
10145 <... clone resumed>)              = 10149
10146 <... clone resumed>)              = 10150
10141 clone(child_stack=0x35b313314000, flags=CLONE_VM|CLONE_FS|CLONE_FILES|CLONE_SIGHAND|CLONE_THREAD|CLONE_SYSVSEM) = 10151
10147 clone(child_stack=0x669c26b94000, flags=CLONE_VM|CLONE_FS|CLONE_FILES|CLONE_SIGHAND|CLONE_THREAD|CLONE_SYSVSEM) = 10152
10144 tgkill(10141, 10151, SIGURG)      = 0
10151 --- SIGURG {si_signo=SIGURG, si_code=SI_TKILL, si_pid=10141, si_uid=1001} ---
10143 tgkill(10142, 10152, SIGURG)      = 0
10152 --- SIGURG {si_signo=SIGURG, si_code=SI_TKILL, si_pid=10142, si_uid=1001} ---
10144 tgkill(10141, 10151, SIGURG)      = 0
10143 tgkill(10142, 10152, SIGURG <unfinished ...>
10151 --- SIGURG {si_signo=SIGURG, si_code=SI_TKILL, si_pid=10141, si_uid=1001} ---
10143 <... tgkill resumed>)             = 0
10152 --- SIGURG {si_signo=SIGURG, si_code=SI_TKILL, si_pid=10142, si_uid=1001} ---
10144 tgkill(10141, 10148, SIGURG)      = 0
10148 --- SIGURG {si_signo=SIGURG, si_code=SI_TKILL, si_pid=10141, si_uid=1001} ---
10144 tgkill(10141, 10150, SIGURG)      = 0
10150 --- SIGURG {si_signo=SIGURG, si_code=SI_TKILL, si_pid=10141, si_uid=1001} ---
10144 tgkill(10141, 10141, SIGURG)      = 0
10141 --- SIGURG {si_signo=SIGURG, si_code=SI_TKILL, si_pid=10141, si_uid=1001} ---
10151 exit_group(0)                     = ?
10151 +++ exited with 0 +++
10150 +++ exited with 0 +++
10148 +++ exited with 0 +++
10144 +++ exited with 0 +++
10143 tgkill(10142, 10152, SIGURG <unfinished ...>
10152 --- SIGURG {si_signo=SIGURG, si_code=SI_TKILL, si_pid=10142, si_uid=1001} ---
10143 <... tgkill resumed>)             = 0
10146 +++ exited with 0 +++
10141 +++ exited with 0 +++
9505  --- SIGCHLD {si_signo=SIGCHLD, si_code=CLD_EXITED, si_pid=10141, si_uid=1001, si_status=0, si_utime=5 /* 0.05 s */, si_stime=1 /* 0.01 s */} ---
9509  <... waitid resumed>{si_signo=SIGCHLD, si_code=CLD_EXITED, si_pid=10141, si_uid=1001, si_status=0, si_utime=0, si_stime=0}, WEXITED, {ru_utime={tv_sec=0, tv_usec=63379}, ru_stime={tv_sec=0, tv_usec=18261}, ...}) = 0
9505  clone(child_stack=NULL, flags=CLONE_VM|CLONE_PIDFD|CLONE_VFORK|SIGCHLD <unfinished ...>
10153 execve("/opt/hostedtoolcache/go/1.27.0/arm64/pkg/tool/linux_arm64/compile", ["/opt/hostedtoolcache/go/1.27.0/a"..., "-o", "/tmp/go-build3734720916/b064/_pk"..., "-trimpath", "/tmp/go-build3734720916/b064=>", "-p", "os/exec", "-lang=go1.27", "-std", "-complete", "-buildid", "WGXMEnifNKtpl8907z7B/WGXMEnifNKt"..., "-goversion", "go1.27.0", "-c=4", "-nolocalimports", "-importcfg", "/tmp/go-build3734720916/b064/imp"..., "-pack", "/opt/hostedtoolcache/go/1.27.0/a"..., "/opt/hostedtoolcache/go/1.27.0/a"..., "/opt/hostedtoolcache/go/1.27.0/a"..., "/opt/hostedtoolcache/go/1.27.0/a"...], 0xf30a969b688 /* 140 vars */ <unfinished ...>
9505  <... clone resumed>, parent_tid=[12]) = 10153
10153 <... execve resumed>)             = 0
9505  waitid(P_PIDFD, 12,  <unfinished ...>
10153 clone(child_stack=0x43dfb5b5e000, flags=CLONE_VM|CLONE_FS|CLONE_FILES|CLONE_SIGHAND|CLONE_THREAD|CLONE_SYSVSEM) = 10154
10153 clone(child_stack=0x43dfb5b98000, flags=CLONE_VM|CLONE_FS|CLONE_FILES|CLONE_SIGHAND|CLONE_THREAD|CLONE_SYSVSEM) = 10155
10154 tgkill(10153, 10153, SIGURG)      = 0
10153 --- SIGURG {si_signo=SIGURG, si_code=SI_TKILL, si_pid=10153, si_uid=1001} ---
10153 clone(child_stack=0x43dfb5b94000, flags=CLONE_VM|CLONE_FS|CLONE_FILES|CLONE_SIGHAND|CLONE_THREAD|CLONE_SYSVSEM) = 10156
10155 clone(child_stack=0x43dfb5bb8000, flags=CLONE_VM|CLONE_FS|CLONE_FILES|CLONE_SIGHAND|CLONE_THREAD|CLONE_SYSVSEM) = 10157
10143 tgkill(10142, 10152, SIGURG)      = 0
10152 --- SIGURG {si_signo=SIGURG, si_code=SI_TKILL, si_pid=10142, si_uid=1001} ---
10154 clone(child_stack=0x43dfb6024000, flags=CLONE_VM|CLONE_FS|CLONE_FILES|CLONE_SIGHAND|CLONE_THREAD|CLONE_SYSVSEM) = 10158
10154 tgkill(10153, 10153, SIGURG)      = 0
10153 --- SIGURG {si_signo=SIGURG, si_code=SI_TKILL, si_pid=10153, si_uid=1001} ---
10143 tgkill(10142, 10145, SIGURG <unfinished ...>
10145 --- SIGURG {si_signo=SIGURG, si_code=SI_TKILL, si_pid=10142, si_uid=1001} ---
10143 <... tgkill resumed>)             = 0
10143 tgkill(10142, 10152, SIGURG)      = 0
10152 --- SIGURG {si_signo=SIGURG, si_code=SI_TKILL, si_pid=10142, si_uid=1001} ---
10143 tgkill(10142, 10147, SIGURG <unfinished ...>
10147 --- SIGURG {si_signo=SIGURG, si_code=SI_TKILL, si_pid=10142, si_uid=1001} ---
10143 <... tgkill resumed>)             = 0
10143 tgkill(10142, 10149, SIGURG)      = 0
10149 --- SIGURG {si_signo=SIGURG, si_code=SI_TKILL, si_pid=10142, si_uid=1001} ---
10154 tgkill(10153, 10153, SIGURG)      = 0
10153 --- SIGURG {si_signo=SIGURG, si_code=SI_TKILL, si_pid=10153, si_uid=1001} ---
10143 tgkill(10142, 10145, SIGURG)      = 0
10143 tgkill(10142, 10152, SIGURG)      = 0
10152 --- SIGURG {si_signo=SIGURG, si_code=SI_TKILL, si_pid=10142, si_uid=1001} ---
10143 tgkill(10142, 10147, SIGURG)      = 0
10147 --- SIGURG {si_signo=SIGURG, si_code=SI_TKILL, si_pid=10142, si_uid=1001} ---
10145 --- SIGURG {si_signo=SIGURG, si_code=SI_TKILL, si_pid=10142, si_uid=1001} ---
10143 tgkill(10142, 10149, SIGURG <unfinished ...>
10154 tgkill(10153, 10153, SIGURG)      = 0
10154 tgkill(10153, 10158, SIGURG)      = 0
10154 tgkill(10153, 10155, SIGURG)      = 0
10155 --- SIGURG {si_signo=SIGURG, si_code=SI_TKILL, si_pid=10153, si_uid=1001} ---
10158 --- SIGURG {si_signo=SIGURG, si_code=SI_TKILL, si_pid=10153, si_uid=1001} ---
10153 --- SIGURG {si_signo=SIGURG, si_code=SI_TKILL, si_pid=10153, si_uid=1001} ---
10143 <... tgkill resumed>)             = 0
10149 --- SIGURG {si_signo=SIGURG, si_code=SI_TKILL, si_pid=10142, si_uid=1001} ---
10153 exit_group(0)                     = ?
10157 +++ exited with 0 +++
10156 +++ exited with 0 +++
10155 +++ exited with 0 +++
10154 +++ exited with 0 +++
10143 tgkill(10142, 10147, SIGURG)      = 0
10147 --- SIGURG {si_signo=SIGURG, si_code=SI_TKILL, si_pid=10142, si_uid=1001} ---
10158 +++ exited with 0 +++
10153 +++ exited with 0 +++
9505  <... waitid resumed>{si_signo=SIGCHLD, si_code=CLD_EXITED, si_pid=10153, si_uid=1001, si_status=0, si_utime=0, si_stime=0}, WEXITED, {ru_utime={tv_sec=0, tv_usec=75530}, ru_stime={tv_sec=0, tv_usec=21727}, ...}) = 0
9507  --- SIGCHLD {si_signo=SIGCHLD, si_code=CLD_EXITED, si_pid=10153, si_uid=1001, si_status=0, si_utime=7 /* 0.07 s */, si_stime=2 /* 0.02 s */} ---
9509  tgkill(9505, 9546, SIGURG)        = 0
9546  --- SIGURG {si_signo=SIGURG, si_code=SI_TKILL, si_pid=9505, si_uid=1001} ---
10149 exit_group(0)                     = ?
10152 +++ exited with 0 +++
10149 +++ exited with 0 +++
10147 +++ exited with 0 +++
10145 +++ exited with 0 +++
10143 +++ exited with 0 +++
9507  clone(child_stack=NULL, flags=CLONE_VM|CLONE_PIDFD|CLONE_VFORK|SIGCHLD <unfinished ...>
10159 execve("/opt/hostedtoolcache/go/1.27.0/arm64/pkg/tool/linux_arm64/compile", ["/opt/hostedtoolcache/go/1.27.0/a"..., "-o", "/tmp/go-build3734720916/b061/_pk"..., "-trimpath", "/tmp/go-build3734720916/b061=>", "-p", "github.com/type-rb/type-rb-nativ"..., "-lang=go1.27", "-complete", "-buildid", "d0AYgbwKR27Vm1siTNNi/d0AYgbwKR27"..., "-goversion", "go1.27.0", "-c=4", "-nolocalimports", "-importcfg", "/tmp/go-build3734720916/b061/imp"..., "-pack", "/tmp/trb-build-1328816948/trb/st"...], 0xf30a969b208 /* 140 vars */ <unfinished ...>
9507  <... clone resumed>, parent_tid=[12]) = 10159
10159 <... execve resumed>)             = 0
9507  waitid(P_PIDFD, 12,  <unfinished ...>
10142 +++ exited with 0 +++
9509  --- SIGCHLD {si_signo=SIGCHLD, si_code=CLD_EXITED, si_pid=10142, si_uid=1001, si_status=0, si_utime=20 /* 0.20 s */, si_stime=4 /* 0.04 s */} ---
9510  <... waitid resumed>{si_signo=SIGCHLD, si_code=CLD_EXITED, si_pid=10142, si_uid=1001, si_status=0, si_utime=0, si_stime=0}, WEXITED, {ru_utime={tv_sec=0, tv_usec=204009}, ru_stime={tv_sec=0, tv_usec=45555}, ...}) = 0
10159 clone(child_stack=0x766375fb2000, flags=CLONE_VM|CLONE_FS|CLONE_FILES|CLONE_SIGHAND|CLONE_THREAD|CLONE_SYSVSEM) = 10160
10159 clone(child_stack=0x766375fea000, flags=CLONE_VM|CLONE_FS|CLONE_FILES|CLONE_SIGHAND|CLONE_THREAD|CLONE_SYSVSEM) = 10161
10160 tgkill(10159, 10159, SIGURG)      = 0
10159 clone(child_stack=0x766375fe6000, flags=CLONE_VM|CLONE_FS|CLONE_FILES|CLONE_SIGHAND|CLONE_THREAD|CLONE_SYSVSEM) = 10162
10159 --- SIGURG {si_signo=SIGURG, si_code=SI_TKILL, si_pid=10159, si_uid=1001} ---
10161 clone(child_stack=0x766376018000, flags=CLONE_VM|CLONE_FS|CLONE_FILES|CLONE_SIGHAND|CLONE_THREAD|CLONE_SYSVSEM) = 10163
10160 tgkill(10159, 10159, SIGURG)      = 0
10159 --- SIGURG {si_signo=SIGURG, si_code=SI_TKILL, si_pid=10159, si_uid=1001} ---
10163 exit_group(0)                     = ?
10163 +++ exited with 0 +++
10162 +++ exited with 0 +++
10161 +++ exited with 0 +++
10160 +++ exited with 0 +++
10159 +++ exited with 0 +++
9510  --- SIGCHLD {si_signo=SIGCHLD, si_code=CLD_EXITED, si_pid=10159, si_uid=1001, si_status=0, si_utime=2 /* 0.02 s */, si_stime=1 /* 0.01 s */} ---
9507  <... waitid resumed>{si_signo=SIGCHLD, si_code=CLD_EXITED, si_pid=10159, si_uid=1001, si_status=0, si_utime=0, si_stime=0}, WEXITED, {ru_utime={tv_sec=0, tv_usec=19572}, ru_stime={tv_sec=0, tv_usec=13701}, ...}) = 0
9510  clone(child_stack=NULL, flags=CLONE_VM|CLONE_PIDFD|CLONE_VFORK|SIGCHLD <unfinished ...>
10164 execve("/opt/hostedtoolcache/go/1.27.0/arm64/pkg/tool/linux_arm64/compile", ["/opt/hostedtoolcache/go/1.27.0/a"..., "-o", "/tmp/go-build3734720916/b001/_pk"..., "-trimpath", "/tmp/go-build3734720916/b001=>", "-p", "main", "-lang=go1.27", "-complete", "-buildid", "qRU0zRiw5VZQ_Lkzbx9C/qRU0zRiw5VZ"..., "-goversion", "go1.27.0", "-c=4", "-nolocalimports", "-importcfg", "/tmp/go-build3734720916/b001/imp"..., "-pack", "/tmp/trb-build-1328816948/main.g"...], 0xf30a969b688 /* 140 vars */ <unfinished ...>
9510  <... clone resumed>, parent_tid=[12]) = 10164
10164 <... execve resumed>)             = 0
9510  waitid(P_PIDFD, 12,  <unfinished ...>
10164 clone(child_stack=0x49cdc83de000, flags=CLONE_VM|CLONE_FS|CLONE_FILES|CLONE_SIGHAND|CLONE_THREAD|CLONE_SYSVSEM) = 10165
10164 clone(child_stack=0x49cdc8418000, flags=CLONE_VM|CLONE_FS|CLONE_FILES|CLONE_SIGHAND|CLONE_THREAD|CLONE_SYSVSEM) = 10166
10165 tgkill(10164, 10164, SIGURG)      = 0
10164 clone(child_stack=0x49cdc8414000, flags=CLONE_VM|CLONE_FS|CLONE_FILES|CLONE_SIGHAND|CLONE_THREAD|CLONE_SYSVSEM) = 10167
10164 --- SIGURG {si_signo=SIGURG, si_code=SI_TKILL, si_pid=10164, si_uid=1001} ---
10166 clone(child_stack=0x49cdc8498000, flags=CLONE_VM|CLONE_FS|CLONE_FILES|CLONE_SIGHAND|CLONE_THREAD|CLONE_SYSVSEM) = 10168
10165 tgkill(10164, 10164, SIGURG)      = 0
10164 --- SIGURG {si_signo=SIGURG, si_code=SI_TKILL, si_pid=10164, si_uid=1001} ---
10164 exit_group(0)                     = ?
10168 +++ exited with 0 +++
10167 +++ exited with 0 +++
10166 +++ exited with 0 +++
10165 +++ exited with 0 +++
10164 +++ exited with 0 +++
9507  --- SIGCHLD {si_signo=SIGCHLD, si_code=CLD_EXITED, si_pid=10164, si_uid=1001, si_status=0, si_utime=4 /* 0.04 s */, si_stime=2 /* 0.02 s */} ---
9510  <... waitid resumed>{si_signo=SIGCHLD, si_code=CLD_EXITED, si_pid=10164, si_uid=1001, si_status=0, si_utime=0, si_stime=0}, WEXITED, {ru_utime={tv_sec=0, tv_usec=45931}, ru_stime={tv_sec=0, tv_usec=20522}, ...}) = 0
9507  clone(child_stack=NULL, flags=CLONE_VM|CLONE_PIDFD|CLONE_VFORK|SIGCHLD <unfinished ...>
10169 execve("/opt/hostedtoolcache/go/1.27.0/arm64/pkg/tool/linux_arm64/link", ["/opt/hostedtoolcache/go/1.27.0/a"..., "-V=full"], 0xf30a93e6008 /* 139 vars */ <unfinished ...>
9507  <... clone resumed>, parent_tid=[14]) = 10169
10169 <... execve resumed>)             = 0
9507  waitid(P_PIDFD, 14,  <unfinished ...>
10169 clone(child_stack=0x5f4e7f42e000, flags=CLONE_VM|CLONE_FS|CLONE_FILES|CLONE_SIGHAND|CLONE_THREAD|CLONE_SYSVSEM) = 10170
10170 tgkill(10169, 10169, SIGURG)      = 0
10169 --- SIGURG {si_signo=SIGURG, si_code=SI_TKILL, si_pid=10169, si_uid=1001} ---
10169 clone(child_stack=0x5f4e7f464000, flags=CLONE_VM|CLONE_FS|CLONE_FILES|CLONE_SIGHAND|CLONE_THREAD|CLONE_SYSVSEM) = 10171
10169 clone(child_stack=0x5f4e7f460000, flags=CLONE_VM|CLONE_FS|CLONE_FILES|CLONE_SIGHAND|CLONE_THREAD|CLONE_SYSVSEM) = 10172
10171 clone(child_stack=0x5f4e7f498000, flags=CLONE_VM|CLONE_FS|CLONE_FILES|CLONE_SIGHAND|CLONE_THREAD|CLONE_SYSVSEM) = 10173
10169 exit_group(0)                     = ?
10173 +++ exited with 0 +++
10172 +++ exited with 0 +++
10171 +++ exited with 0 +++
10170 +++ exited with 0 +++
10169 +++ exited with 0 +++
9507  <... waitid resumed>{si_signo=SIGCHLD, si_code=CLD_EXITED, si_pid=10169, si_uid=1001, si_status=0, si_utime=0, si_stime=0}, WEXITED, {ru_utime={tv_sec=0, tv_usec=0}, ru_stime={tv_sec=0, tv_usec=6426}, ...}) = 0
9505  --- SIGCHLD {si_signo=SIGCHLD, si_code=CLD_EXITED, si_pid=10169, si_uid=1001, si_status=0, si_utime=0, si_stime=0} ---
9507  clone(child_stack=NULL, flags=CLONE_VM|CLONE_PIDFD|CLONE_VFORK|SIGCHLD <unfinished ...>
10174 execve("/opt/hostedtoolcache/go/1.27.0/arm64/pkg/tool/linux_arm64/link", ["/opt/hostedtoolcache/go/1.27.0/a"..., "-o", "/tmp/go-build3734720916/b001/exe"..., "-importcfg", "/tmp/go-build3734720916/b001/imp"..., "-buildmode=exe", "-buildid=rN0CHNxFsOIckQnvWmUy/qR"..., "-extld=gcc", "/tmp/go-build3734720916/b001/_pk"...], 0xf30a93e6488 /* 140 vars */ <unfinished ...>
9507  <... clone resumed>, parent_tid=[12]) = 10174
10174 <... execve resumed>)             = 0
9507  waitid(P_PIDFD, 12,  <unfinished ...>
10174 clone(child_stack=0x4009d9b3a000, flags=CLONE_VM|CLONE_FS|CLONE_FILES|CLONE_SIGHAND|CLONE_THREAD|CLONE_SYSVSEM) = 10175
10174 clone(child_stack=0x4009d9b72000, flags=CLONE_VM|CLONE_FS|CLONE_FILES|CLONE_SIGHAND|CLONE_THREAD|CLONE_SYSVSEM) = 10176
10175 tgkill(10174, 10174, SIGURG)      = 0
10174 clone(child_stack=0x4009d9b6e000, flags=CLONE_VM|CLONE_FS|CLONE_FILES|CLONE_SIGHAND|CLONE_THREAD|CLONE_SYSVSEM) = 10177
10174 --- SIGURG {si_signo=SIGURG, si_code=SI_TKILL, si_pid=10174, si_uid=1001} ---
10176 clone(child_stack=0x4009d9ba0000, flags=CLONE_VM|CLONE_FS|CLONE_FILES|CLONE_SIGHAND|CLONE_THREAD|CLONE_SYSVSEM) = 10178
10178 tgkill(10174, 10174, SIGURG)      = 0
10174 --- SIGURG {si_signo=SIGURG, si_code=SI_TKILL, si_pid=10174, si_uid=1001} ---
10177 tgkill(10174, 10176, SIGURG)      = 0
10176 --- SIGURG {si_signo=SIGURG, si_code=SI_TKILL, si_pid=10174, si_uid=1001} ---
10177 tgkill(10174, 10174, SIGURG)      = 0
10174 --- SIGURG {si_signo=SIGURG, si_code=SI_TKILL, si_pid=10174, si_uid=1001} ---
10177 tgkill(10174, 10178, SIGURG)      = 0
10178 --- SIGURG {si_signo=SIGURG, si_code=SI_TKILL, si_pid=10174, si_uid=1001} ---
10177 tgkill(10174, 10178, SIGURG <unfinished ...>
10178 --- SIGURG {si_signo=SIGURG, si_code=SI_TKILL, si_pid=10174, si_uid=1001} ---
10177 <... tgkill resumed>)             = 0
10175 tgkill(10174, 10176, SIGURG)      = 0
10176 --- SIGURG {si_signo=SIGURG, si_code=SI_TKILL, si_pid=10174, si_uid=1001} ---
10178 tgkill(10174, 10177, SIGURG)      = 0
10177 --- SIGURG {si_signo=SIGURG, si_code=SI_TKILL, si_pid=10174, si_uid=1001} ---
10178 tgkill(10174, 10177, SIGURG)      = 0
10177 --- SIGURG {si_signo=SIGURG, si_code=SI_TKILL, si_pid=10174, si_uid=1001} ---
10175 tgkill(10174, 10177, SIGURG <unfinished ...>
10177 --- SIGURG {si_signo=SIGURG, si_code=SI_TKILL, si_pid=10174, si_uid=1001} ---
10175 <... tgkill resumed>)             = 0
10177 tgkill(10174, 10176, SIGURG)      = 0
10176 --- SIGURG {si_signo=SIGURG, si_code=SI_TKILL, si_pid=10174, si_uid=1001} ---
10177 tgkill(10174, 10178, SIGURG)      = 0
10178 --- SIGURG {si_signo=SIGURG, si_code=SI_TKILL, si_pid=10174, si_uid=1001} ---
10177 tgkill(10174, 10178, SIGURG)      = 0
10178 --- SIGURG {si_signo=SIGURG, si_code=SI_TKILL, si_pid=10174, si_uid=1001} ---
10177 tgkill(10174, 10178, SIGURG)      = 0
10178 --- SIGURG {si_signo=SIGURG, si_code=SI_TKILL, si_pid=10174, si_uid=1001} ---
10175 tgkill(10174, 10178, SIGURG)      = 0
10178 --- SIGURG {si_signo=SIGURG, si_code=SI_TKILL, si_pid=10174, si_uid=1001} ---
10176 tgkill(10174, 10177, SIGURG <unfinished ...>
10177 --- SIGURG {si_signo=SIGURG, si_code=SI_TKILL, si_pid=10174, si_uid=1001} ---
10176 <... tgkill resumed>)             = 0
10176 tgkill(10174, 10177, SIGURG)      = 0
10177 --- SIGURG {si_signo=SIGURG, si_code=SI_TKILL, si_pid=10174, si_uid=1001} ---
10178 tgkill(10174, 10176, SIGURG)      = 0
10176 --- SIGURG {si_signo=SIGURG, si_code=SI_TKILL, si_pid=10174, si_uid=1001} ---
10178 tgkill(10174, 10177, SIGURG)      = 0
10177 --- SIGURG {si_signo=SIGURG, si_code=SI_TKILL, si_pid=10174, si_uid=1001} ---
10178 tgkill(10174, 10174, SIGURG)      = 0
10174 --- SIGURG {si_signo=SIGURG, si_code=SI_TKILL, si_pid=10174, si_uid=1001} ---
10178 tgkill(10174, 10174, SIGURG)      = 0
10174 --- SIGURG {si_signo=SIGURG, si_code=SI_TKILL, si_pid=10174, si_uid=1001} ---
10177 tgkill(10174, 10174, SIGURG)      = 0
10174 --- SIGURG {si_signo=SIGURG, si_code=SI_TKILL, si_pid=10174, si_uid=1001} ---
10177 tgkill(10174, 10176, SIGURG)      = 0
10176 --- SIGURG {si_signo=SIGURG, si_code=SI_TKILL, si_pid=10174, si_uid=1001} ---
10176 tgkill(10174, 10178, SIGURG <unfinished ...>
10178 --- SIGURG {si_signo=SIGURG, si_code=SI_TKILL, si_pid=10174, si_uid=1001} ---
10176 <... tgkill resumed>)             = 0
10178 tgkill(10174, 10174, SIGURG)      = 0
10174 --- SIGURG {si_signo=SIGURG, si_code=SI_TKILL, si_pid=10174, si_uid=1001} ---
10178 tgkill(10174, 10177, SIGURG)      = 0
10177 --- SIGURG {si_signo=SIGURG, si_code=SI_TKILL, si_pid=10174, si_uid=1001} ---
10178 tgkill(10174, 10176, SIGURG)      = 0
10176 --- SIGURG {si_signo=SIGURG, si_code=SI_TKILL, si_pid=10174, si_uid=1001} ---
10178 tgkill(10174, 10177, SIGURG)      = 0
10177 --- SIGURG {si_signo=SIGURG, si_code=SI_TKILL, si_pid=10174, si_uid=1001} ---
10178 tgkill(10174, 10177, SIGURG)      = 0
10177 --- SIGURG {si_signo=SIGURG, si_code=SI_TKILL, si_pid=10174, si_uid=1001} ---
10177 exit_group(0)                     = ?
10178 +++ exited with 0 +++
10177 +++ exited with 0 +++
10175 +++ exited with 0 +++
10176 +++ exited with 0 +++
10174 +++ exited with 0 +++
9507  <... waitid resumed>{si_signo=SIGCHLD, si_code=CLD_EXITED, si_pid=10174, si_uid=1001, si_status=0, si_utime=0, si_stime=0}, WEXITED, {ru_utime={tv_sec=0, tv_usec=91716}, ru_stime={tv_sec=0, tv_usec=39743}, ...}) = 0
9507  --- SIGCHLD {si_signo=SIGCHLD, si_code=CLD_EXITED, si_pid=10174, si_uid=1001, si_status=0, si_utime=9 /* 0.09 s */, si_stime=3 /* 0.03 s */} ---
9506  tgkill(9505, 9505, SIGURG)        = 0
9505  --- SIGURG {si_signo=SIGURG, si_code=SI_TKILL, si_pid=9505, si_uid=1001} ---
9506  tgkill(9505, 9507, SIGURG)        = 0
9507  --- SIGURG {si_signo=SIGURG, si_code=SI_TKILL, si_pid=9505, si_uid=1001} ---
9506  tgkill(9505, 9507, SIGURG)        = 0
9507  --- SIGURG {si_signo=SIGURG, si_code=SI_TKILL, si_pid=9505, si_uid=1001} ---
9505  exit_group(0)                     = ?
9512  +++ exited with 0 +++
9546  +++ exited with 0 +++
9511  +++ exited with 0 +++
9510  +++ exited with 0 +++
9509  +++ exited with 0 +++
9507  +++ exited with 0 +++
9506  +++ exited with 0 +++
9508  +++ exited with 0 +++
9505  +++ exited with 0 +++
9500  <... waitid resumed>{si_signo=SIGCHLD, si_code=CLD_EXITED, si_pid=9505, si_uid=1001, si_status=0, si_utime=0, si_stime=0}, WEXITED, {ru_utime={tv_sec=8, tv_usec=818915}, ru_stime={tv_sec=2, tv_usec=252509}, ...}) = 0
9500  --- SIGCHLD {si_signo=SIGCHLD, si_code=CLD_EXITED, si_pid=9505, si_uid=1001, si_status=0, si_utime=26 /* 0.26 s */, si_stime=58 /* 0.58 s */} ---
9502  exit_group(0)                     = ?
9502  +++ exited with 0 +++
9499  +++ exited with 0 +++
9500  +++ exited with 0 +++
9498  +++ exited with 0 +++
9503  +++ exited with 0 +++
9497  +++ exited with 0 +++
9501  +++ exited with 0 +++
9496  +++ exited with 0 +++
