8336  execve("/home/runner/work/_temp/trb", ["/home/runner/work/_temp/trb", "build", "--compile", "--config", "/home/runner/work/type-rb-native"..., "--outfile", "/home/runner/work/_temp/build-wo"...], 0xffffd25ee2c8 /* 116 vars */) = 0
8336  clone3({flags=CLONE_VM|CLONE_FS|CLONE_FILES|CLONE_SIGHAND|CLONE_THREAD|CLONE_SYSVSEM|CLONE_SETTLS|CLONE_PARENT_SETTID|CLONE_CHILD_CLEARTID, child_tid=0xff080f23f250, parent_tid=0xff080f23f250, exit_signal=0, stack=0xff080e230000, stack_size=0x100ea40, tls=0xff080f23f8c0} => {parent_tid=[8337]}, 88) = 8337
8336  clone3({flags=CLONE_VM|CLONE_FS|CLONE_FILES|CLONE_SIGHAND|CLONE_THREAD|CLONE_SYSVSEM|CLONE_SETTLS|CLONE_PARENT_SETTID|CLONE_CHILD_CLEARTID, child_tid=0xff08061ff250, parent_tid=0xff08061ff250, exit_signal=0, stack=0xff08051f0000, stack_size=0x100ea40, tls=0xff08061ff8c0} => {parent_tid=[8338]}, 88) = 8338
8336  clone3({flags=CLONE_VM|CLONE_FS|CLONE_FILES|CLONE_SIGHAND|CLONE_THREAD|CLONE_SYSVSEM|CLONE_SETTLS|CLONE_PARENT_SETTID|CLONE_CHILD_CLEARTID, child_tid=0xff080e22f250, parent_tid=0xff080e22f250, exit_signal=0, stack=0xff080d220000, stack_size=0x100ea40, tls=0xff080e22f8c0} => {parent_tid=[8339]}, 88) = 8339
8338  clone3({flags=CLONE_VM|CLONE_FS|CLONE_FILES|CLONE_SIGHAND|CLONE_THREAD|CLONE_SYSVSEM|CLONE_SETTLS|CLONE_PARENT_SETTID|CLONE_CHILD_CLEARTID, child_tid=0xff080d1df250, parent_tid=0xff080d1df250, exit_signal=0, stack=0xff080c1d0000, stack_size=0x100ea40, tls=0xff080d1df8c0} => {parent_tid=[8340]}, 88) = 8340
8336  clone3({flags=CLONE_VM|CLONE_FS|CLONE_FILES|CLONE_SIGHAND|CLONE_THREAD|CLONE_SYSVSEM|CLONE_SETTLS|CLONE_PARENT_SETTID|CLONE_CHILD_CLEARTID, child_tid=0xff0807fff250, parent_tid=0xff0807fff250, exit_signal=0, stack=0xff0806ff0000, stack_size=0x100ea40, tls=0xff0807fff8c0} => {parent_tid=[8341]}, 88) = 8341
8336  clone3({flags=CLONE_VM|CLONE_FS|CLONE_FILES|CLONE_SIGHAND|CLONE_THREAD|CLONE_SYSVSEM|CLONE_SETTLS|CLONE_PARENT_SETTID|CLONE_CHILD_CLEARTID, child_tid=0xff08051ef250, parent_tid=0xff08051ef250, exit_signal=0, stack=0xff08041e0000, stack_size=0x100ea40, tls=0xff08051ef8c0} => {parent_tid=[8342]}, 88) = 8342
8337  tgkill(8336, 8336, SIGURG <unfinished ...>
8336  --- SIGURG {si_signo=SIGURG, si_code=SI_TKILL, si_pid=8336, si_uid=1001} ---
8337  <... tgkill resumed>)             = 0
8341  tgkill(8336, 8340, SIGURG)        = 0
8340  --- SIGURG {si_signo=SIGURG, si_code=SI_TKILL, si_pid=8336, si_uid=1001} ---
8341  tgkill(8336, 8336, SIGURG)        = 0
8336  --- SIGURG {si_signo=SIGURG, si_code=SI_TKILL, si_pid=8336, si_uid=1001} ---
8341  tgkill(8336, 8338, SIGURG)        = 0
8338  --- SIGURG {si_signo=SIGURG, si_code=SI_TKILL, si_pid=8336, si_uid=1001} ---
8341  tgkill(8336, 8340, SIGURG)        = 0
8340  --- SIGURG {si_signo=SIGURG, si_code=SI_TKILL, si_pid=8336, si_uid=1001} ---
8341  tgkill(8336, 8336, SIGURG)        = 0
8336  --- SIGURG {si_signo=SIGURG, si_code=SI_TKILL, si_pid=8336, si_uid=1001} ---
8336  waitid(P_PIDFD, 7, 0x5a7bab49ef98, WEXITED, NULL) = -1 ECHILD (No child processes)
8336  pidfd_send_signal(7, 0, NULL, 0)  = 0
8336  clone(child_stack=NULL, flags=CLONE_VM|CLONE_PIDFD|CLONE_VFORK <unfinished ...>
8343  exit_group(0)                     = ?
8336  <... clone resumed>, parent_tid=[8]) = 8343
8343  +++ exited with 0 +++
8336  waitid(P_PIDFD, 8, {si_signo=SIGCHLD, si_code=CLD_EXITED, si_pid=8343, si_uid=1001, si_status=0, si_utime=0, si_stime=0}, WEXITED|__WCLONE, NULL) = 0
8336  clone(child_stack=NULL, flags=CLONE_VM|CLONE_PIDFD|CLONE_VFORK|SIGCHLD <unfinished ...>
8344  execve("/opt/hostedtoolcache/go/1.27.0/arm64/bin/go", ["go", "build", "-mod=mod", "-o", "/home/runner/work/_temp/build-wo"..., "."], 0x5a7bab21c008 /* 116 vars */ <unfinished ...>
8336  <... clone resumed>, parent_tid=[9]) = 8344
8344  <... execve resumed>)             = 0
8336  waitid(P_PIDFD, 9,  <unfinished ...>
8344  clone(child_stack=0x1051d04aa000, flags=CLONE_VM|CLONE_FS|CLONE_FILES|CLONE_SIGHAND|CLONE_THREAD|CLONE_SYSVSEM) = 8345
8344  clone(child_stack=0x1051d04e0000, flags=CLONE_VM|CLONE_FS|CLONE_FILES|CLONE_SIGHAND|CLONE_THREAD|CLONE_SYSVSEM) = 8346
8345  tgkill(8344, 8344, SIGURG)        = 0
8346  clone(child_stack=0x1051d04dc000, flags=CLONE_VM|CLONE_FS|CLONE_FILES|CLONE_SIGHAND|CLONE_THREAD|CLONE_SYSVSEM) = 8347
8344  --- SIGURG {si_signo=SIGURG, si_code=SI_TKILL, si_pid=8344, si_uid=1001} ---
8345  tgkill(8344, 8344, SIGURG)        = 0
8344  --- SIGURG {si_signo=SIGURG, si_code=SI_TKILL, si_pid=8344, si_uid=1001} ---
8347  clone(child_stack=0x1051d0598000, flags=CLONE_VM|CLONE_FS|CLONE_FILES|CLONE_SIGHAND|CLONE_THREAD|CLONE_SYSVSEM) = 8348
8345  tgkill(8344, 8344, SIGURG)        = 0
8344  --- SIGURG {si_signo=SIGURG, si_code=SI_TKILL, si_pid=8344, si_uid=1001} ---
8345  clone(child_stack=0x1051d0740000, flags=CLONE_VM|CLONE_FS|CLONE_FILES|CLONE_SIGHAND|CLONE_THREAD|CLONE_SYSVSEM) = 8349
8349  clone(child_stack=0x1051d0918000, flags=CLONE_VM|CLONE_FS|CLONE_FILES|CLONE_SIGHAND|CLONE_THREAD|CLONE_SYSVSEM) = 8350
8349  tgkill(8344, 8347, SIGURG)        = 0
8347  --- SIGURG {si_signo=SIGURG, si_code=SI_TKILL, si_pid=8344, si_uid=1001} ---
8349  tgkill(8344, 8346, SIGURG)        = 0
8346  --- SIGURG {si_signo=SIGURG, si_code=SI_TKILL, si_pid=8344, si_uid=1001} ---
8349  tgkill(8344, 8350, SIGURG)        = 0
8350  --- SIGURG {si_signo=SIGURG, si_code=SI_TKILL, si_pid=8344, si_uid=1001} ---
8350  tgkill(8344, 8349, SIGURG)        = 0
8349  --- SIGURG {si_signo=SIGURG, si_code=SI_TKILL, si_pid=8344, si_uid=1001} ---
8348  tgkill(8344, 8344, SIGURG)        = 0
8344  --- SIGURG {si_signo=SIGURG, si_code=SI_TKILL, si_pid=8344, si_uid=1001} ---
8348  tgkill(8344, 8350, SIGURG)        = 0
8350  --- SIGURG {si_signo=SIGURG, si_code=SI_TKILL, si_pid=8344, si_uid=1001} ---
8344  tgkill(8344, 8346, SIGURG)        = 0
8346  --- SIGURG {si_signo=SIGURG, si_code=SI_TKILL, si_pid=8344, si_uid=1001} ---
8344  tgkill(8344, 8349, SIGURG)        = 0
8349  --- SIGURG {si_signo=SIGURG, si_code=SI_TKILL, si_pid=8344, si_uid=1001} ---
8349  tgkill(8344, 8346, SIGURG)        = 0
8346  --- SIGURG {si_signo=SIGURG, si_code=SI_TKILL, si_pid=8344, si_uid=1001} ---
8349  tgkill(8344, 8347, SIGURG)        = 0
8347  --- SIGURG {si_signo=SIGURG, si_code=SI_TKILL, si_pid=8344, si_uid=1001} ---
8349  tgkill(8344, 8348, SIGURG)        = 0
8348  --- SIGURG {si_signo=SIGURG, si_code=SI_TKILL, si_pid=8344, si_uid=1001} ---
8349  tgkill(8344, 8346, SIGURG)        = 0
8346  --- SIGURG {si_signo=SIGURG, si_code=SI_TKILL, si_pid=8344, si_uid=1001} ---
8349  tgkill(8344, 8347, SIGURG)        = 0
8347  --- SIGURG {si_signo=SIGURG, si_code=SI_TKILL, si_pid=8344, si_uid=1001} ---
8348  clone(child_stack=0x1051d0914000, flags=CLONE_VM|CLONE_FS|CLONE_FILES|CLONE_SIGHAND|CLONE_THREAD|CLONE_SYSVSEM) = 8351
8348  tgkill(8344, 8351, SIGURG)        = 0
8351  --- SIGURG {si_signo=SIGURG, si_code=SI_TKILL, si_pid=8344, si_uid=1001} ---
8348  tgkill(8344, 8349, SIGURG)        = 0
8349  --- SIGURG {si_signo=SIGURG, si_code=SI_TKILL, si_pid=8344, si_uid=1001} ---
8348  tgkill(8344, 8344, SIGURG)        = 0
8344  --- SIGURG {si_signo=SIGURG, si_code=SI_TKILL, si_pid=8344, si_uid=1001} ---
8345  tgkill(8344, 8351, SIGURG)        = 0
8351  --- SIGURG {si_signo=SIGURG, si_code=SI_TKILL, si_pid=8344, si_uid=1001} ---
8348  tgkill(8344, 8349, SIGURG <unfinished ...>
8347  tgkill(8344, 8351, SIGURG <unfinished ...>
8348  <... tgkill resumed>)             = 0
8347  <... tgkill resumed>)             = 0
8349  --- SIGURG {si_signo=SIGURG, si_code=SI_TKILL, si_pid=8344, si_uid=1001} ---
8351  --- SIGURG {si_signo=SIGURG, si_code=SI_TKILL, si_pid=8344, si_uid=1001} ---
8347  tgkill(8344, 8344, SIGURG)        = 0
8347  tgkill(8344, 8348, SIGURG <unfinished ...>
8344  --- SIGURG {si_signo=SIGURG, si_code=SI_TKILL, si_pid=8344, si_uid=1001} ---
8347  <... tgkill resumed>)             = 0
8348  --- SIGURG {si_signo=SIGURG, si_code=SI_TKILL, si_pid=8344, si_uid=1001} ---
8347  tgkill(8344, 8346, SIGURG)        = 0
8346  --- SIGURG {si_signo=SIGURG, si_code=SI_TKILL, si_pid=8344, si_uid=1001} ---
8347  tgkill(8344, 8346, SIGURG)        = 0
8346  --- SIGURG {si_signo=SIGURG, si_code=SI_TKILL, si_pid=8344, si_uid=1001} ---
8347  tgkill(8344, 8344, SIGURG)        = 0
8344  --- SIGURG {si_signo=SIGURG, si_code=SI_TKILL, si_pid=8344, si_uid=1001} ---
8347  tgkill(8344, 8346, SIGURG)        = 0
8346  --- SIGURG {si_signo=SIGURG, si_code=SI_TKILL, si_pid=8344, si_uid=1001} ---
8345  tgkill(8344, 8347, SIGURG)        = 0
8347  --- SIGURG {si_signo=SIGURG, si_code=SI_TKILL, si_pid=8344, si_uid=1001} ---
8348  tgkill(8344, 8347, SIGURG)        = 0
8347  --- SIGURG {si_signo=SIGURG, si_code=SI_TKILL, si_pid=8344, si_uid=1001} ---
8348  tgkill(8344, 8344, SIGURG)        = 0
8344  --- SIGURG {si_signo=SIGURG, si_code=SI_TKILL, si_pid=8344, si_uid=1001} ---
8351  tgkill(8344, 8346, SIGURG)        = 0
8346  --- SIGURG {si_signo=SIGURG, si_code=SI_TKILL, si_pid=8344, si_uid=1001} ---
8346  tgkill(8344, 8348, SIGURG)        = 0
8348  --- SIGURG {si_signo=SIGURG, si_code=SI_TKILL, si_pid=8344, si_uid=1001} ---
8346  tgkill(8344, 8349, SIGURG)        = 0
8349  --- SIGURG {si_signo=SIGURG, si_code=SI_TKILL, si_pid=8344, si_uid=1001} ---
8346  tgkill(8344, 8347, SIGURG)        = 0
8347  --- SIGURG {si_signo=SIGURG, si_code=SI_TKILL, si_pid=8344, si_uid=1001} ---
8346  tgkill(8344, 8347, SIGURG)        = 0
8347  --- SIGURG {si_signo=SIGURG, si_code=SI_TKILL, si_pid=8344, si_uid=1001} ---
8347  tgkill(8344, 8351, SIGURG)        = 0
8351  --- SIGURG {si_signo=SIGURG, si_code=SI_TKILL, si_pid=8344, si_uid=1001} ---
8347  tgkill(8344, 8351, SIGURG)        = 0
8351  --- SIGURG {si_signo=SIGURG, si_code=SI_TKILL, si_pid=8344, si_uid=1001} ---
8344  tgkill(8344, 8349, SIGURG <unfinished ...>
8349  --- SIGURG {si_signo=SIGURG, si_code=SI_TKILL, si_pid=8344, si_uid=1001} ---
8344  <... tgkill resumed>)             = 0
8344  tgkill(8344, 8346, SIGURG)        = 0
8346  --- SIGURG {si_signo=SIGURG, si_code=SI_TKILL, si_pid=8344, si_uid=1001} ---
8345  tgkill(8344, 8346, SIGURG)        = 0
8346  --- SIGURG {si_signo=SIGURG, si_code=SI_TKILL, si_pid=8344, si_uid=1001} ---
8345  tgkill(8344, 8351, SIGURG)        = 0
8351  --- SIGURG {si_signo=SIGURG, si_code=SI_TKILL, si_pid=8344, si_uid=1001} ---
8347  tgkill(8344, 8344, SIGURG)        = 0
8344  --- SIGURG {si_signo=SIGURG, si_code=SI_TKILL, si_pid=8344, si_uid=1001} ---
8345  tgkill(8344, 8344, SIGURG)        = 0
8344  --- SIGURG {si_signo=SIGURG, si_code=SI_TKILL, si_pid=8344, si_uid=1001} ---
8345  tgkill(8344, 8344, SIGURG)        = 0
8344  --- SIGURG {si_signo=SIGURG, si_code=SI_TKILL, si_pid=8344, si_uid=1001} ---
8345  tgkill(8344, 8344, SIGURG)        = 0
8344  --- SIGURG {si_signo=SIGURG, si_code=SI_TKILL, si_pid=8344, si_uid=1001} ---
8345  tgkill(8344, 8346, SIGURG)        = 0
8346  --- SIGURG {si_signo=SIGURG, si_code=SI_TKILL, si_pid=8344, si_uid=1001} ---
8351  tgkill(8344, 8344, SIGURG)        = 0
8344  --- SIGURG {si_signo=SIGURG, si_code=SI_TKILL, si_pid=8344, si_uid=1001} ---
8345  tgkill(8344, 8344, SIGURG)        = 0
8344  --- SIGURG {si_signo=SIGURG, si_code=SI_TKILL, si_pid=8344, si_uid=1001} ---
8345  tgkill(8344, 8344, SIGURG)        = 0
8344  --- SIGURG {si_signo=SIGURG, si_code=SI_TKILL, si_pid=8344, si_uid=1001} ---
8345  tgkill(8344, 8344, SIGURG)        = 0
8344  --- SIGURG {si_signo=SIGURG, si_code=SI_TKILL, si_pid=8344, si_uid=1001} ---
8345  tgkill(8344, 8351, SIGURG)        = 0
8351  --- SIGURG {si_signo=SIGURG, si_code=SI_TKILL, si_pid=8344, si_uid=1001} ---
8347  tgkill(8344, 8351, SIGURG)        = 0
8351  --- SIGURG {si_signo=SIGURG, si_code=SI_TKILL, si_pid=8344, si_uid=1001} ---
8346  tgkill(8344, 8351, SIGURG)        = 0
8351  --- SIGURG {si_signo=SIGURG, si_code=SI_TKILL, si_pid=8344, si_uid=1001} ---
8344  tgkill(8344, 8346, SIGURG)        = 0
8346  --- SIGURG {si_signo=SIGURG, si_code=SI_TKILL, si_pid=8344, si_uid=1001} ---
8347  tgkill(8344, 8346, SIGURG)        = 0
8346  --- SIGURG {si_signo=SIGURG, si_code=SI_TKILL, si_pid=8344, si_uid=1001} ---
8347  tgkill(8344, 8351, SIGURG)        = 0
8351  --- SIGURG {si_signo=SIGURG, si_code=SI_TKILL, si_pid=8344, si_uid=1001} ---
8347  tgkill(8344, 8351, SIGURG)        = 0
8351  --- SIGURG {si_signo=SIGURG, si_code=SI_TKILL, si_pid=8344, si_uid=1001} ---
8346  waitid(P_PIDFD, 12, 0x1051d08e71c8, WEXITED, NULL) = -1 ECHILD (No child processes)
8346  pidfd_send_signal(12, 0, NULL, 0) = 0
8346  clone(child_stack=NULL, flags=CLONE_VM|CLONE_PIDFD|CLONE_VFORK <unfinished ...>
8352  exit_group(0)                     = ?
8346  <... clone resumed>, parent_tid=[13]) = 8352
8352  +++ exited with 0 +++
8346  waitid(P_PIDFD, 13, {si_signo=SIGCHLD, si_code=CLD_EXITED, si_pid=8352, si_uid=1001, si_status=0, si_utime=0, si_stime=0}, WEXITED|__WCLONE, NULL) = 0
8346  clone(child_stack=NULL, flags=CLONE_VM|CLONE_PIDFD|CLONE_VFORK|SIGCHLD <unfinished ...>
8353  execve("/opt/hostedtoolcache/go/1.27.0/arm64/pkg/tool/linux_arm64/compile", ["/opt/hostedtoolcache/go/1.27.0/a"..., "-V=full"], 0x1051d07b9208 /* 139 vars */ <unfinished ...>
8346  <... clone resumed>, parent_tid=[14]) = 8353
8353  <... execve resumed>)             = 0
8346  waitid(P_PIDFD, 14,  <unfinished ...>
8353  clone(child_stack=0x7524daef4000, flags=CLONE_VM|CLONE_FS|CLONE_FILES|CLONE_SIGHAND|CLONE_THREAD|CLONE_SYSVSEM) = 8354
8354  tgkill(8353, 8353, SIGURG)        = 0
8353  --- SIGURG {si_signo=SIGURG, si_code=SI_TKILL, si_pid=8353, si_uid=1001} ---
8354  tgkill(8353, 8353, SIGURG)        = 0
8353  --- SIGURG {si_signo=SIGURG, si_code=SI_TKILL, si_pid=8353, si_uid=1001} ---
8354  tgkill(8353, 8353, SIGURG)        = 0
8353  --- SIGURG {si_signo=SIGURG, si_code=SI_TKILL, si_pid=8353, si_uid=1001} ---
8353  clone(child_stack=0x7524daf2a000, flags=CLONE_VM|CLONE_FS|CLONE_FILES|CLONE_SIGHAND|CLONE_THREAD|CLONE_SYSVSEM) = 8355
8353  clone(child_stack=0x7524daf26000, flags=CLONE_VM|CLONE_FS|CLONE_FILES|CLONE_SIGHAND|CLONE_THREAD|CLONE_SYSVSEM) = 8356
8355  clone(child_stack=0x7524daf98000, flags=CLONE_VM|CLONE_FS|CLONE_FILES|CLONE_SIGHAND|CLONE_THREAD|CLONE_SYSVSEM) = 8357
8354  tgkill(8353, 8353, SIGURG)        = 0
8353  --- SIGURG {si_signo=SIGURG, si_code=SI_TKILL, si_pid=8353, si_uid=1001} ---
8353  exit_group(0)                     = ?
8357  +++ exited with 0 +++
8356  +++ exited with 0 +++
8355  +++ exited with 0 +++
8354  +++ exited with 0 +++
8353  +++ exited with 0 +++
8350  --- SIGCHLD {si_signo=SIGCHLD, si_code=CLD_EXITED, si_pid=8353, si_uid=1001, si_status=0, si_utime=0, si_stime=1 /* 0.01 s */} ---
8346  <... waitid resumed>{si_signo=SIGCHLD, si_code=CLD_EXITED, si_pid=8353, si_uid=1001, si_status=0, si_utime=0, si_stime=0}, WEXITED, {ru_utime={tv_sec=0, tv_usec=0}, ru_stime={tv_sec=0, tv_usec=9251}, ...}) = 0
8351  clone(child_stack=NULL, flags=CLONE_VM|CLONE_PIDFD|CLONE_VFORK|SIGCHLD <unfinished ...>
8358  execve("/opt/hostedtoolcache/go/1.27.0/arm64/pkg/tool/linux_arm64/asm", ["/opt/hostedtoolcache/go/1.27.0/a"..., "-V=full"], 0x1051d084a008 /* 139 vars */ <unfinished ...>
8350  clone(child_stack=NULL, flags=CLONE_VM|CLONE_PIDFD|CLONE_VFORK|SIGCHLD <unfinished ...>
8346  clone(child_stack=NULL, flags=CLONE_VM|CLONE_PIDFD|CLONE_VFORK|SIGCHLD <unfinished ...>
8347  clone(child_stack=NULL, flags=CLONE_VM|CLONE_PIDFD|CLONE_VFORK|SIGCHLD <unfinished ...>
8351  <... clone resumed>, parent_tid=[15]) = 8358
8358  <... execve resumed>)             = 0
8359  execve("/opt/hostedtoolcache/go/1.27.0/arm64/pkg/tool/linux_arm64/compile", ["/opt/hostedtoolcache/go/1.27.0/a"..., "-o", "/tmp/go-build3661820248/b006/_pk"..., "-trimpath", "/tmp/go-build3661820248/b006=>", "-p", "internal/goarch", "-lang=go1.27", "-std", "-complete", "-buildid", "JZ-e4VmH0x5g7AsedM47/JZ-e4VmH0x5"..., "-goversion", "go1.27.0", "-c=4", "-nolocalimports", "-importcfg", "/tmp/go-build3661820248/b006/imp"..., "-pack", "/opt/hostedtoolcache/go/1.27.0/a"..., "/opt/hostedtoolcache/go/1.27.0/a"..., "/opt/hostedtoolcache/go/1.27.0/a"...], 0x1051d0676d88 /* 140 vars */ <unfinished ...>
8361  execve("/opt/hostedtoolcache/go/1.27.0/arm64/pkg/tool/linux_arm64/compile", ["/opt/hostedtoolcache/go/1.27.0/a"..., "-o", "/tmp/go-build3661820248/b012/_pk"..., "-trimpath", "/tmp/go-build3661820248/b012=>", "-p", "internal/byteorder", "-lang=go1.27", "-std", "-complete", "-buildid", "Q_t7NcJgPQWAgtg1_-bz/Q_t7NcJgPQW"..., "-goversion", "go1.27.0", "-c=4", "-nolocalimports", "-importcfg", "/tmp/go-build3661820248/b012/imp"..., "-pack", "/opt/hostedtoolcache/go/1.27.0/a"...], 0x1051d07b9688 /* 140 vars */ <unfinished ...>
8350  <... clone resumed>, parent_tid=[26]) = 8359
8346  <... clone resumed>, parent_tid=[32]) = 8361
8359  <... execve resumed>)             = 0
8361  <... execve resumed>)             = 0
8360  execve("/opt/hostedtoolcache/go/1.27.0/arm64/pkg/tool/linux_arm64/compile", ["/opt/hostedtoolcache/go/1.27.0/a"..., "-o", "/tmp/go-build3661820248/b008/_pk"..., "-trimpath", "/tmp/go-build3661820248/b008=>", "-p", "internal/unsafeheader", "-lang=go1.27", "-std", "-complete", "-buildid", "WrJZ74nSHq-5UnI1-5s6/WrJZ74nSHq-"..., "-goversion", "go1.27.0", "-c=4", "-nolocalimports", "-importcfg", "/tmp/go-build3661820248/b008/imp"..., "-pack", "/opt/hostedtoolcache/go/1.27.0/a"...], 0x1051d0898908 /* 140 vars */ <unfinished ...>
8347  <... clone resumed>, parent_tid=[31]) = 8360
8360  <... execve resumed>)             = 0
8351  waitid(P_PIDFD, 15,  <unfinished ...>
8346  waitid(P_PIDFD, 32,  <unfinished ...>
8350  waitid(P_PIDFD, 26,  <unfinished ...>
8347  waitid(P_PIDFD, 31,  <unfinished ...>
8345  clone(child_stack=0x1051d0594000, flags=CLONE_VM|CLONE_FS|CLONE_FILES|CLONE_SIGHAND|CLONE_THREAD|CLONE_SYSVSEM) = 8362
8361  clone(child_stack=0x37ece31fa000, flags=CLONE_VM|CLONE_FS|CLONE_FILES|CLONE_SIGHAND|CLONE_THREAD|CLONE_SYSVSEM) = 8363
8361  clone(child_stack=0x37ece3232000, flags=CLONE_VM|CLONE_FS|CLONE_FILES|CLONE_SIGHAND|CLONE_THREAD|CLONE_SYSVSEM) = 8364
8363  tgkill(8361, 8361, SIGURG)        = 0
8361  clone(child_stack=0x37ece322e000, flags=CLONE_VM|CLONE_FS|CLONE_FILES|CLONE_SIGHAND|CLONE_THREAD|CLONE_SYSVSEM) = 8365
8361  --- SIGURG {si_signo=SIGURG, si_code=SI_TKILL, si_pid=8361, si_uid=1001} ---
8364  clone(child_stack=0x37ece3298000, flags=CLONE_VM|CLONE_FS|CLONE_FILES|CLONE_SIGHAND|CLONE_THREAD|CLONE_SYSVSEM) = 8366
8360  clone(child_stack=0x27c4ca6be000, flags=CLONE_VM|CLONE_FS|CLONE_FILES|CLONE_SIGHAND|CLONE_THREAD|CLONE_SYSVSEM) = 8367
8359  clone(child_stack=0x4cf1a91ce000, flags=CLONE_VM|CLONE_FS|CLONE_FILES|CLONE_SIGHAND|CLONE_THREAD|CLONE_SYSVSEM) = 8368
8360  clone(child_stack=0x27c4ca6f6000, flags=CLONE_VM|CLONE_FS|CLONE_FILES|CLONE_SIGHAND|CLONE_THREAD|CLONE_SYSVSEM) = 8369
8359  clone(child_stack=0x4cf1a9208000, flags=CLONE_VM|CLONE_FS|CLONE_FILES|CLONE_SIGHAND|CLONE_THREAD|CLONE_SYSVSEM <unfinished ...>
8367  tgkill(8360, 8360, SIGURG)        = 0
8360  --- SIGURG {si_signo=SIGURG, si_code=SI_TKILL, si_pid=8360, si_uid=1001} ---
8359  <... clone resumed>)              = 8370
8360  clone(child_stack=0x27c4ca6f2000, flags=CLONE_VM|CLONE_FS|CLONE_FILES|CLONE_SIGHAND|CLONE_THREAD|CLONE_SYSVSEM <unfinished ...>
8368  tgkill(8359, 8359, SIGURG)        = 0
8359  clone(child_stack=0x4cf1a9204000, flags=CLONE_VM|CLONE_FS|CLONE_FILES|CLONE_SIGHAND|CLONE_THREAD|CLONE_SYSVSEM <unfinished ...>
8360  <... clone resumed>)              = 8371
8359  <... clone resumed>)              = 8372
8359  --- SIGURG {si_signo=SIGURG, si_code=SI_TKILL, si_pid=8359, si_uid=1001} ---
8370  clone(child_stack=0x4cf1a9228000, flags=CLONE_VM|CLONE_FS|CLONE_FILES|CLONE_SIGHAND|CLONE_THREAD|CLONE_SYSVSEM <unfinished ...>
8359  clone(child_stack=0x4cf1a9224000, flags=CLONE_VM|CLONE_FS|CLONE_FILES|CLONE_SIGHAND|CLONE_THREAD|CLONE_SYSVSEM <unfinished ...>
8369  clone(child_stack=0x27c4ca718000, flags=CLONE_VM|CLONE_FS|CLONE_FILES|CLONE_SIGHAND|CLONE_THREAD|CLONE_SYSVSEM <unfinished ...>
8370  <... clone resumed>)              = 8373
8359  <... clone resumed>)              = 8374
8369  <... clone resumed>)              = 8375
8360  clone(child_stack=0x27c4ca714000, flags=CLONE_VM|CLONE_FS|CLONE_FILES|CLONE_SIGHAND|CLONE_THREAD|CLONE_SYSVSEM) = 8376
8358  clone(child_stack=0x335ef5bb0000, flags=CLONE_VM|CLONE_FS|CLONE_FILES|CLONE_SIGHAND|CLONE_THREAD|CLONE_SYSVSEM) = 8377
8358  clone(child_stack=0x335ef5be6000, flags=CLONE_VM|CLONE_FS|CLONE_FILES|CLONE_SIGHAND|CLONE_THREAD|CLONE_SYSVSEM) = 8378
8377  tgkill(8358, 8358, SIGURG)        = 0
8358  clone(child_stack=0x335ef5be2000, flags=CLONE_VM|CLONE_FS|CLONE_FILES|CLONE_SIGHAND|CLONE_THREAD|CLONE_SYSVSEM) = 8379
8358  --- SIGURG {si_signo=SIGURG, si_code=SI_TKILL, si_pid=8358, si_uid=1001} ---
8378  clone(child_stack=0x335ef5c18000, flags=CLONE_VM|CLONE_FS|CLONE_FILES|CLONE_SIGHAND|CLONE_THREAD|CLONE_SYSVSEM) = 8380
8363  tgkill(8361, 8361, SIGURG)        = 0
8361  --- SIGURG {si_signo=SIGURG, si_code=SI_TKILL, si_pid=8361, si_uid=1001} ---
8360  exit_group(0)                     = ?
8367  +++ exited with 0 +++
8376  +++ exited with 0 +++
8375  +++ exited with 0 +++
8369  +++ exited with 0 +++
8371  +++ exited with 0 +++
8360  +++ exited with 0 +++
8349  --- SIGCHLD {si_signo=SIGCHLD, si_code=CLD_EXITED, si_pid=8360, si_uid=1001, si_status=0, si_utime=0, si_stime=0} ---
8347  <... waitid resumed>{si_signo=SIGCHLD, si_code=CLD_EXITED, si_pid=8360, si_uid=1001, si_status=0, si_utime=0, si_stime=0}, WEXITED, {ru_utime={tv_sec=0, tv_usec=7975}, ru_stime={tv_sec=0, tv_usec=3190}, ...}) = 0
8373  exit_group(0)                     = ?
8373  +++ exited with 0 +++
8372  +++ exited with 0 +++
8370  +++ exited with 0 +++
8368  +++ exited with 0 +++
8358  exit_group(0)                     = ?
8380  +++ exited with 0 +++
8379  +++ exited with 0 +++
8378  +++ exited with 0 +++
8377  +++ exited with 0 +++
8374  +++ exited with 0 +++
8359  +++ exited with 0 +++
8350  <... waitid resumed>{si_signo=SIGCHLD, si_code=CLD_EXITED, si_pid=8359, si_uid=1001, si_status=0, si_utime=0, si_stime=0}, WEXITED, {ru_utime={tv_sec=0, tv_usec=6068}, ru_stime={tv_sec=0, tv_usec=6068}, ...}) = 0
8358  +++ exited with 0 +++
8350  --- SIGCHLD {si_signo=SIGCHLD, si_code=CLD_EXITED, si_pid=8359, si_uid=1001, si_status=0, si_utime=0, si_stime=0} ---
8351  <... waitid resumed>{si_signo=SIGCHLD, si_code=CLD_EXITED, si_pid=8358, si_uid=1001, si_status=0, si_utime=0, si_stime=0}, WEXITED, {ru_utime={tv_sec=0, tv_usec=1404}, ru_stime={tv_sec=0, tv_usec=5618}, ...}) = 0
8347  --- SIGCHLD {si_signo=SIGCHLD, si_code=CLD_EXITED, si_pid=8358, si_uid=1001, si_status=0, si_utime=0, si_stime=0} ---
8362  clone(child_stack=NULL, flags=CLONE_VM|CLONE_PIDFD|CLONE_VFORK|SIGCHLD <unfinished ...>
8348  clone(child_stack=NULL, flags=CLONE_VM|CLONE_PIDFD|CLONE_VFORK|SIGCHLD <unfinished ...>
8382  execve("/opt/hostedtoolcache/go/1.27.0/arm64/pkg/tool/linux_arm64/compile", ["/opt/hostedtoolcache/go/1.27.0/a"..., "-o", "/tmp/go-build3661820248/b014/_pk"..., "-trimpath", "/tmp/go-build3661820248/b014=>", "-p", "internal/coverage/rtcov", "-lang=go1.27", "-std", "-complete", "-buildid", "47O9QmEu_j9iqi2dbWOi/47O9QmEu_j9"..., "-goversion", "go1.27.0", "-c=4", "-nolocalimports", "-importcfg", "/tmp/go-build3661820248/b014/imp"..., "-pack", "/opt/hostedtoolcache/go/1.27.0/a"...], 0x1051d07b9208 /* 140 vars */ <unfinished ...>
8348  <... clone resumed>, parent_tid=[19]) = 8382
8382  <... execve resumed>)             = 0
8381  execve("/opt/hostedtoolcache/go/1.27.0/arm64/pkg/tool/linux_arm64/asm", ["/opt/hostedtoolcache/go/1.27.0/a"..., "-p", "internal/cpu", "-trimpath", "/tmp/go-build3661820248/b011=>", "-I", "/tmp/go-build3661820248/b011/", "-I", "/opt/hostedtoolcache/go/1.27.0/a"..., "-D", "GOOS_linux", "-D", "GOARCH_arm64", "-std", "-gensymabis", "-o", "/tmp/go-build3661820248/b011/sym"..., "/opt/hostedtoolcache/go/1.27.0/a"..., "/opt/hostedtoolcache/go/1.27.0/a"...], 0x1051d0898908 /* 140 vars */ <unfinished ...>
8362  <... clone resumed>, parent_tid=[18]) = 8381
8381  <... execve resumed>)             = 0
8348  waitid(P_PIDFD, 19,  <unfinished ...>
8362  waitid(P_PIDFD, 18,  <unfinished ...>
8366  exit_group(0)                     = ?
8364  +++ exited with 0 +++
8365  +++ exited with 0 +++
8363  +++ exited with 0 +++
8366  +++ exited with 0 +++
8361  +++ exited with 0 +++
8347  --- SIGCHLD {si_signo=SIGCHLD, si_code=CLD_EXITED, si_pid=8361, si_uid=1001, si_status=0, si_utime=1 /* 0.01 s */, si_stime=0} ---
8346  <... waitid resumed>{si_signo=SIGCHLD, si_code=CLD_EXITED, si_pid=8361, si_uid=1001, si_status=0, si_utime=0, si_stime=0}, WEXITED, {ru_utime={tv_sec=0, tv_usec=17029}, ru_stime={tv_sec=0, tv_usec=7859}, ...}) = 0
8345  tgkill(8344, 8351, SIGURG)        = 0
8351  --- SIGURG {si_signo=SIGURG, si_code=SI_TKILL, si_pid=8344, si_uid=1001} ---
8349  clone(child_stack=NULL, flags=CLONE_VM|CLONE_PIDFD|CLONE_VFORK|SIGCHLD <unfinished ...>
8383  execve("/opt/hostedtoolcache/go/1.27.0/arm64/pkg/tool/linux_arm64/asm", ["/opt/hostedtoolcache/go/1.27.0/a"..., "-p", "internal/abi", "-trimpath", "/tmp/go-build3661820248/b005=>", "-I", "/tmp/go-build3661820248/b005/", "-I", "/opt/hostedtoolcache/go/1.27.0/a"..., "-D", "GOOS_linux", "-D", "GOARCH_arm64", "-std", "-gensymabis", "-o", "/tmp/go-build3661820248/b005/sym"..., "/opt/hostedtoolcache/go/1.27.0/a"..., "/opt/hostedtoolcache/go/1.27.0/a"...], 0x1051d07b9688 /* 140 vars */ <unfinished ...>
8349  <... clone resumed>, parent_tid=[15]) = 8383
8383  <... execve resumed>)             = 0
8382  clone(child_stack=0x1be0614f0000, flags=CLONE_VM|CLONE_FS|CLONE_FILES|CLONE_SIGHAND|CLONE_THREAD|CLONE_SYSVSEM) = 8384
8349  waitid(P_PIDFD, 15,  <unfinished ...>
8382  clone(child_stack=0x1be061528000, flags=CLONE_VM|CLONE_FS|CLONE_FILES|CLONE_SIGHAND|CLONE_THREAD|CLONE_SYSVSEM) = 8385
8384  tgkill(8382, 8382, SIGURG)        = 0
8382  clone(child_stack=0x1be061524000, flags=CLONE_VM|CLONE_FS|CLONE_FILES|CLONE_SIGHAND|CLONE_THREAD|CLONE_SYSVSEM <unfinished ...>
8381  clone(child_stack=0x3d456930000, flags=CLONE_VM|CLONE_FS|CLONE_FILES|CLONE_SIGHAND|CLONE_THREAD|CLONE_SYSVSEM) = 8386
8382  <... clone resumed>)              = 8387
8382  --- SIGURG {si_signo=SIGURG, si_code=SI_TKILL, si_pid=8382, si_uid=1001} ---
8381  clone(child_stack=0x3d456968000, flags=CLONE_VM|CLONE_FS|CLONE_FILES|CLONE_SIGHAND|CLONE_THREAD|CLONE_SYSVSEM) = 8388
8385  clone(child_stack=0x1be061598000, flags=CLONE_VM|CLONE_FS|CLONE_FILES|CLONE_SIGHAND|CLONE_THREAD|CLONE_SYSVSEM <unfinished ...>
8386  tgkill(8381, 8381, SIGURG <unfinished ...>
8385  <... clone resumed>)              = 8389
8386  <... tgkill resumed>)             = 0
8381  clone(child_stack=0x3d456964000, flags=CLONE_VM|CLONE_FS|CLONE_FILES|CLONE_SIGHAND|CLONE_THREAD|CLONE_SYSVSEM) = 8390
8381  --- SIGURG {si_signo=SIGURG, si_code=SI_TKILL, si_pid=8381, si_uid=1001} ---
8388  clone(child_stack=0x3d456998000, flags=CLONE_VM|CLONE_FS|CLONE_FILES|CLONE_SIGHAND|CLONE_THREAD|CLONE_SYSVSEM) = 8391
8346  clone(child_stack=NULL, flags=CLONE_VM|CLONE_PIDFD|CLONE_VFORK|SIGCHLD <unfinished ...>
8392  execve("/opt/hostedtoolcache/go/1.27.0/arm64/pkg/tool/linux_arm64/compile", ["/opt/hostedtoolcache/go/1.27.0/a"..., "-o", "/tmp/go-build3661820248/b015/_pk"..., "-trimpath", "/tmp/go-build3661820248/b015=>", "-p", "internal/godebugs", "-lang=go1.27", "-std", "-complete", "-buildid", "L3n_n0Y9n7xGzmoyRJNG/L3n_n0Y9n7x"..., "-goversion", "go1.27.0", "-c=4", "-nolocalimports", "-importcfg", "/tmp/go-build3661820248/b015/imp"..., "-pack", "/opt/hostedtoolcache/go/1.27.0/a"...], 0x1051d0676d88 /* 140 vars */ <unfinished ...>
8346  <... clone resumed>, parent_tid=[16]) = 8392
8392  <... execve resumed>)             = 0
8346  waitid(P_PIDFD, 16,  <unfinished ...>
8383  clone(child_stack=0x39efad9b2000, flags=CLONE_VM|CLONE_FS|CLONE_FILES|CLONE_SIGHAND|CLONE_THREAD|CLONE_SYSVSEM) = 8393
8383  clone(child_stack=0x39efad9ea000, flags=CLONE_VM|CLONE_FS|CLONE_FILES|CLONE_SIGHAND|CLONE_THREAD|CLONE_SYSVSEM) = 8394
8393  tgkill(8383, 8383, SIGURG)        = 0
8383  --- SIGURG {si_signo=SIGURG, si_code=SI_TKILL, si_pid=8383, si_uid=1001} ---
8383  clone(child_stack=0x39efad9e6000, flags=CLONE_VM|CLONE_FS|CLONE_FILES|CLONE_SIGHAND|CLONE_THREAD|CLONE_SYSVSEM) = 8395
8394  clone(child_stack=0x39efada18000, flags=CLONE_VM|CLONE_FS|CLONE_FILES|CLONE_SIGHAND|CLONE_THREAD|CLONE_SYSVSEM) = 8396
8381  exit_group(0)                     = ?
8388  +++ exited with 0 +++
8386  +++ exited with 0 +++
8391  +++ exited with 0 +++
8390  +++ exited with 0 +++
8381  +++ exited with 0 +++
8362  <... waitid resumed>{si_signo=SIGCHLD, si_code=CLD_EXITED, si_pid=8381, si_uid=1001, si_status=0, si_utime=0, si_stime=0}, WEXITED, {ru_utime={tv_sec=0, tv_usec=2119}, ru_stime={tv_sec=0, tv_usec=4239}, ...}) = 0
8362  --- SIGCHLD {si_signo=SIGCHLD, si_code=CLD_EXITED, si_pid=8381, si_uid=1001, si_status=0, si_utime=0, si_stime=0} ---
8347  clone(child_stack=NULL, flags=CLONE_VM|CLONE_PIDFD|CLONE_VFORK|SIGCHLD <unfinished ...>
8392  clone(child_stack=0x45854a08a000, flags=CLONE_VM|CLONE_FS|CLONE_FILES|CLONE_SIGHAND|CLONE_THREAD|CLONE_SYSVSEM) = 8398
8397  execve("/opt/hostedtoolcache/go/1.27.0/arm64/pkg/tool/linux_arm64/compile", ["/opt/hostedtoolcache/go/1.27.0/a"..., "-o", "/tmp/go-build3661820248/b011/_pk"..., "-trimpath", "/tmp/go-build3661820248/b011=>", "-p", "internal/cpu", "-lang=go1.27", "-std", "-buildid", "MWxa_COY7_dbImCNGszP/MWxa_COY7_d"..., "-goversion", "go1.27.0", "-symabis", "/tmp/go-build3661820248/b011/sym"..., "-c=4", "-nolocalimports", "-importcfg", "/tmp/go-build3661820248/b011/imp"..., "-pack", "-asmhdr", "/tmp/go-build3661820248/b011/go_"..., "/opt/hostedtoolcache/go/1.27.0/a"..., "/opt/hostedtoolcache/go/1.27.0/a"..., "/opt/hostedtoolcache/go/1.27.0/a"..., "/opt/hostedtoolcache/go/1.27.0/a"..., "/opt/hostedtoolcache/go/1.27.0/a"..., "/opt/hostedtoolcache/go/1.27.0/a"...], 0x1051d09da008 /* 140 vars */ <unfinished ...>
8398  tgkill(8392, 8392, SIGURG)        = 0
8347  <... clone resumed>, parent_tid=[17]) = 8397
8392  --- SIGURG {si_signo=SIGURG, si_code=SI_TKILL, si_pid=8392, si_uid=1001} ---
8397  <... execve resumed>)             = 0
8398  tgkill(8392, 8392, SIGURG)        = 0
8392  --- SIGURG {si_signo=SIGURG, si_code=SI_TKILL, si_pid=8392, si_uid=1001} ---
8398  tgkill(8392, 8392, SIGURG <unfinished ...>
8392  clone(child_stack=0x45854a0c2000, flags=CLONE_VM|CLONE_FS|CLONE_FILES|CLONE_SIGHAND|CLONE_THREAD|CLONE_SYSVSEM <unfinished ...>
8398  <... tgkill resumed>)             = 0
8347  waitid(P_PIDFD, 17,  <unfinished ...>
8392  <... clone resumed>)              = 8399
8392  --- SIGURG {si_signo=SIGURG, si_code=SI_TKILL, si_pid=8392, si_uid=1001} ---
8392  clone(child_stack=0x45854a0be000, flags=CLONE_VM|CLONE_FS|CLONE_FILES|CLONE_SIGHAND|CLONE_THREAD|CLONE_SYSVSEM) = 8400
8399  clone(child_stack=0x45854a118000, flags=CLONE_VM|CLONE_FS|CLONE_FILES|CLONE_SIGHAND|CLONE_THREAD|CLONE_SYSVSEM) = 8401
8387  exit_group(0)                     = ?
8401  clone(child_stack=0x45854a114000, flags=CLONE_VM|CLONE_FS|CLONE_FILES|CLONE_SIGHAND|CLONE_THREAD|CLONE_SYSVSEM <unfinished ...>
8385  +++ exited with 0 +++
8389  +++ exited with 0 +++
8384  +++ exited with 0 +++
8401  <... clone resumed>)              = 8402
8387  +++ exited with 0 +++
8382  +++ exited with 0 +++
8362  --- SIGCHLD {si_signo=SIGCHLD, si_code=CLD_EXITED, si_pid=8382, si_uid=1001, si_status=0, si_utime=0, si_stime=0} ---
8348  <... waitid resumed>{si_signo=SIGCHLD, si_code=CLD_EXITED, si_pid=8382, si_uid=1001, si_status=0, si_utime=0, si_stime=0}, WEXITED, {ru_utime={tv_sec=0, tv_usec=10176}, ru_stime={tv_sec=0, tv_usec=4522}, ...}) = 0
8383  exit_group(0)                     = ?
8395  +++ exited with 0 +++
8393  +++ exited with 0 +++
8396  +++ exited with 0 +++
8394  +++ exited with 0 +++
8383  +++ exited with 0 +++
8349  <... waitid resumed>{si_signo=SIGCHLD, si_code=CLD_EXITED, si_pid=8383, si_uid=1001, si_status=0, si_utime=0, si_stime=0}, WEXITED, {ru_utime={tv_sec=0, tv_usec=1692}, ru_stime={tv_sec=0, tv_usec=5078}, ...}) = 0
8348  --- SIGCHLD {si_signo=SIGCHLD, si_code=CLD_EXITED, si_pid=8383, si_uid=1001, si_status=0, si_utime=0, si_stime=0} ---
8348  clone(child_stack=NULL, flags=CLONE_VM|CLONE_PIDFD|CLONE_VFORK|SIGCHLD <unfinished ...>
8403  execve("/opt/hostedtoolcache/go/1.27.0/arm64/pkg/tool/linux_arm64/compile", ["/opt/hostedtoolcache/go/1.27.0/a"..., "-o", "/tmp/go-build3661820248/b005/_pk"..., "-trimpath", "/tmp/go-build3661820248/b005=>", "-p", "internal/abi", "-lang=go1.27", "-std", "-buildid", "qFh3qy3NhGFK4Dx1fuvv/qFh3qy3NhGF"..., "-goversion", "go1.27.0", "-symabis", "/tmp/go-build3661820248/b005/sym"..., "-c=4", "-nolocalimports", "-importcfg", "/tmp/go-build3661820248/b005/imp"..., "-pack", "-asmhdr", "/tmp/go-build3661820248/b005/go_"..., "/opt/hostedtoolcache/go/1.27.0/a"..., "/opt/hostedtoolcache/go/1.27.0/a"..., "/opt/hostedtoolcache/go/1.27.0/a"..., "/opt/hostedtoolcache/go/1.27.0/a"..., "/opt/hostedtoolcache/go/1.27.0/a"..., "/opt/hostedtoolcache/go/1.27.0/a"..., "/opt/hostedtoolcache/go/1.27.0/a"..., "/opt/hostedtoolcache/go/1.27.0/a"..., "/opt/hostedtoolcache/go/1.27.0/a"..., "/opt/hostedtoolcache/go/1.27.0/a"..., ...], 0x1051d0677688 /* 140 vars */ <unfinished ...>
8348  <... clone resumed>, parent_tid=[18]) = 8403
8403  <... execve resumed>)             = 0
8348  waitid(P_PIDFD, 18,  <unfinished ...>
8397  clone(child_stack=0x42c7e7cfe000, flags=CLONE_VM|CLONE_FS|CLONE_FILES|CLONE_SIGHAND|CLONE_THREAD|CLONE_SYSVSEM) = 8404
8397  clone(child_stack=0x42c7e7d36000, flags=CLONE_VM|CLONE_FS|CLONE_FILES|CLONE_SIGHAND|CLONE_THREAD|CLONE_SYSVSEM) = 8405
8397  clone(child_stack=0x42c7e7d32000, flags=CLONE_VM|CLONE_FS|CLONE_FILES|CLONE_SIGHAND|CLONE_THREAD|CLONE_SYSVSEM <unfinished ...>
8350  tgkill(8344, 8362, SIGURG <unfinished ...>
8397  <... clone resumed>)              = 8406
8362  --- SIGURG {si_signo=SIGURG, si_code=SI_TKILL, si_pid=8344, si_uid=1001} ---
8350  <... tgkill resumed>)             = 0
8405  clone(child_stack=0x42c7e7d98000, flags=CLONE_VM|CLONE_FS|CLONE_FILES|CLONE_SIGHAND|CLONE_THREAD|CLONE_SYSVSEM) = 8407
8398  tgkill(8392, 8392, SIGURG)        = 0
8392  --- SIGURG {si_signo=SIGURG, si_code=SI_TKILL, si_pid=8392, si_uid=1001} ---
8392  exit_group(0)                     = ?
8402  +++ exited with 0 +++
8401  +++ exited with 0 +++
8398  +++ exited with 0 +++
8400  +++ exited with 0 +++
8404  clone(child_stack=0x42c7e7dac000, flags=CLONE_VM|CLONE_FS|CLONE_FILES|CLONE_SIGHAND|CLONE_THREAD|CLONE_SYSVSEM) = 8408
8399  +++ exited with 0 +++
8392  +++ exited with 0 +++
8349  --- SIGCHLD {si_signo=SIGCHLD, si_code=CLD_EXITED, si_pid=8392, si_uid=1001, si_status=0, si_utime=1 /* 0.01 s */, si_stime=0} ---
8346  <... waitid resumed>{si_signo=SIGCHLD, si_code=CLD_EXITED, si_pid=8392, si_uid=1001, si_status=0, si_utime=0, si_stime=0}, WEXITED, {ru_utime={tv_sec=0, tv_usec=9301}, ru_stime={tv_sec=0, tv_usec=7441}, ...}) = 0
8403  clone(child_stack=0x5e542d95c000, flags=CLONE_VM|CLONE_FS|CLONE_FILES|CLONE_SIGHAND|CLONE_THREAD|CLONE_SYSVSEM) = 8409
8403  clone(child_stack=0x5e542d998000, flags=CLONE_VM|CLONE_FS|CLONE_FILES|CLONE_SIGHAND|CLONE_THREAD|CLONE_SYSVSEM) = 8410
8409  tgkill(8403, 8403, SIGURG)        = 0
8403  clone(child_stack=0x5e542d994000, flags=CLONE_VM|CLONE_FS|CLONE_FILES|CLONE_SIGHAND|CLONE_THREAD|CLONE_SYSVSEM) = 8411
8403  --- SIGURG {si_signo=SIGURG, si_code=SI_TKILL, si_pid=8403, si_uid=1001} ---
8410  clone(child_stack=0x5e542d9b8000, flags=CLONE_VM|CLONE_FS|CLONE_FILES|CLONE_SIGHAND|CLONE_THREAD|CLONE_SYSVSEM) = 8412
8344  clone(child_stack=NULL, flags=CLONE_VM|CLONE_PIDFD|CLONE_VFORK|SIGCHLD <unfinished ...>
8413  execve("/opt/hostedtoolcache/go/1.27.0/arm64/pkg/tool/linux_arm64/compile", ["/opt/hostedtoolcache/go/1.27.0/a"..., "-o", "/tmp/go-build3661820248/b016/_pk"..., "-trimpath", "/tmp/go-build3661820248/b016=>", "-p", "internal/goexperiment", "-lang=go1.27", "-std", "-complete", "-buildid", "ditnq-oacrxe1kRNA4co/ditnq-oacrx"..., "-goversion", "go1.27.0", "-c=4", "-nolocalimports", "-importcfg", "/tmp/go-build3661820248/b016/imp"..., "-pack", "/opt/hostedtoolcache/go/1.27.0/a"..., "/opt/hostedtoolcache/go/1.27.0/a"..., "/opt/hostedtoolcache/go/1.27.0/a"..., "/opt/hostedtoolcache/go/1.27.0/a"..., "/opt/hostedtoolcache/go/1.27.0/a"..., "/opt/hostedtoolcache/go/1.27.0/a"..., "/opt/hostedtoolcache/go/1.27.0/a"..., "/opt/hostedtoolcache/go/1.27.0/a"..., "/opt/hostedtoolcache/go/1.27.0/a"..., "/opt/hostedtoolcache/go/1.27.0/a"..., "/opt/hostedtoolcache/go/1.27.0/a"..., "/opt/hostedtoolcache/go/1.27.0/a"..., "/opt/hostedtoolcache/go/1.27.0/a"..., ...], 0x1051d0899208 /* 140 vars */ <unfinished ...>
8344  <... clone resumed>, parent_tid=[15]) = 8413
8413  <... execve resumed>)             = 0
8344  waitid(P_PIDFD, 15,  <unfinished ...>
8409  clone(child_stack=0x5e542de1c000, flags=CLONE_VM|CLONE_FS|CLONE_FILES|CLONE_SIGHAND|CLONE_THREAD|CLONE_SYSVSEM) = 8414
8409  clone(child_stack=0x5e542de18000, flags=CLONE_VM|CLONE_FS|CLONE_FILES|CLONE_SIGHAND|CLONE_THREAD|CLONE_SYSVSEM) = 8415
8404  tgkill(8397, 8406, SIGURG)        = 0
8406  --- SIGURG {si_signo=SIGURG, si_code=SI_TKILL, si_pid=8397, si_uid=1001} ---
8345  tgkill(8344, 8349, SIGURG)        = 0
8413  clone(child_stack=0x4f00fd772000, flags=CLONE_VM|CLONE_FS|CLONE_FILES|CLONE_SIGHAND|CLONE_THREAD|CLONE_SYSVSEM) = 8416
8413  clone(child_stack=0x4f00fd7aa000, flags=CLONE_VM|CLONE_FS|CLONE_FILES|CLONE_SIGHAND|CLONE_THREAD|CLONE_SYSVSEM) = 8417
8397  exit_group(0 <unfinished ...>
8416  tgkill(8413, 8413, SIGURG <unfinished ...>
8397  <... exit_group resumed>)         = ?
8416  <... tgkill resumed>)             = 0
8406  +++ exited with 0 +++
8405  +++ exited with 0 +++
8404  +++ exited with 0 +++
8408  +++ exited with 0 +++
8413  clone(child_stack=0x4f00fd7a6000, flags=CLONE_VM|CLONE_FS|CLONE_FILES|CLONE_SIGHAND|CLONE_THREAD|CLONE_SYSVSEM) = 8418
8349  --- SIGURG {si_signo=SIGURG, si_code=SI_TKILL, si_pid=8344, si_uid=1001} ---
8413  --- SIGURG {si_signo=SIGURG, si_code=SI_TKILL, si_pid=8413, si_uid=1001} ---
8417  clone(child_stack=0x4f00fd818000, flags=CLONE_VM|CLONE_FS|CLONE_FILES|CLONE_SIGHAND|CLONE_THREAD|CLONE_SYSVSEM <unfinished ...>
8362  clone(child_stack=NULL, flags=CLONE_VM|CLONE_PIDFD|CLONE_VFORK|SIGCHLD <unfinished ...>
8417  <... clone resumed>)              = 8419
8407  +++ exited with 0 +++
8397  +++ exited with 0 +++
8347  <... waitid resumed>{si_signo=SIGCHLD, si_code=CLD_EXITED, si_pid=8397, si_uid=1001, si_status=0, si_utime=0, si_stime=0}, WEXITED, {ru_utime={tv_sec=0, tv_usec=13918}, ru_stime={tv_sec=0, tv_usec=13918}, ...}) = 0
8346  --- SIGCHLD {si_signo=SIGCHLD, si_code=CLD_EXITED, si_pid=8397, si_uid=1001, si_status=0, si_utime=1 /* 0.01 s */, si_stime=1 /* 0.01 s */} ---
8420  execve("/opt/hostedtoolcache/go/1.27.0/arm64/pkg/tool/linux_arm64/compile", ["/opt/hostedtoolcache/go/1.27.0/a"..., "-o", "/tmp/go-build3661820248/b017/_pk"..., "-trimpath", "/tmp/go-build3661820248/b017=>", "-p", "internal/goos", "-lang=go1.27", "-std", "-complete", "-buildid", "dcJxc7frSRM0mDc23OE5/dcJxc7frSRM"..., "-goversion", "go1.27.0", "-c=4", "-nolocalimports", "-importcfg", "/tmp/go-build3661820248/b017/imp"..., "-pack", "/opt/hostedtoolcache/go/1.27.0/a"..., "/opt/hostedtoolcache/go/1.27.0/a"..., "/opt/hostedtoolcache/go/1.27.0/a"...], 0x1051d0676d88 /* 140 vars */ <unfinished ...>
8362  <... clone resumed>, parent_tid=[16]) = 8420
8420  <... execve resumed>)             = 0
8362  waitid(P_PIDFD, 16,  <unfinished ...>
8409  tgkill(8403, 8414, SIGURG)        = 0
8414  --- SIGURG {si_signo=SIGURG, si_code=SI_TKILL, si_pid=8403, si_uid=1001} ---
8416  clone(child_stack=0x4f00fdba4000, flags=CLONE_VM|CLONE_FS|CLONE_FILES|CLONE_SIGHAND|CLONE_THREAD|CLONE_SYSVSEM <unfinished ...>
8346  clone(child_stack=NULL, flags=CLONE_VM|CLONE_PIDFD|CLONE_VFORK|SIGCHLD <unfinished ...>
8416  <... clone resumed>)              = 8421
8422  execve("/opt/hostedtoolcache/go/1.27.0/arm64/pkg/tool/linux_arm64/asm", ["/opt/hostedtoolcache/go/1.27.0/a"..., "-p", "internal/cpu", "-trimpath", "/tmp/go-build3661820248/b011=>", "-I", "/tmp/go-build3661820248/b011/", "-I", "/opt/hostedtoolcache/go/1.27.0/a"..., "-D", "GOOS_linux", "-D", "GOARCH_arm64", "-std", "-o", "/tmp/go-build3661820248/b011/cpu"..., "/opt/hostedtoolcache/go/1.27.0/a"...], 0x1051d0677688 /* 140 vars */ <unfinished ...>
8346  <... clone resumed>, parent_tid=[13]) = 8422
8422  <... execve resumed>)             = 0
8346  waitid(P_PIDFD, 13,  <unfinished ...>
8420  clone(child_stack=0x4fbc117c8000, flags=CLONE_VM|CLONE_FS|CLONE_FILES|CLONE_SIGHAND|CLONE_THREAD|CLONE_SYSVSEM) = 8423
8420  clone(child_stack=0x4fbc11800000, flags=CLONE_VM|CLONE_FS|CLONE_FILES|CLONE_SIGHAND|CLONE_THREAD|CLONE_SYSVSEM) = 8424
8423  tgkill(8420, 8420, SIGURG)        = 0
8420  --- SIGURG {si_signo=SIGURG, si_code=SI_TKILL, si_pid=8420, si_uid=1001} ---
8420  clone(child_stack=0x4fbc117fc000, flags=CLONE_VM|CLONE_FS|CLONE_FILES|CLONE_SIGHAND|CLONE_THREAD|CLONE_SYSVSEM) = 8425
8424  clone(child_stack=0x4fbc11820000, flags=CLONE_VM|CLONE_FS|CLONE_FILES|CLONE_SIGHAND|CLONE_THREAD|CLONE_SYSVSEM) = 8426
8421  exit_group(0)                     = ?
8417  +++ exited with 0 +++
8419  +++ exited with 0 +++
8421  +++ exited with 0 +++
8418  +++ exited with 0 +++
8416  +++ exited with 0 +++
8413  +++ exited with 0 +++
8344  <... waitid resumed>{si_signo=SIGCHLD, si_code=CLD_EXITED, si_pid=8413, si_uid=1001, si_status=0, si_utime=0, si_stime=0}, WEXITED, {ru_utime={tv_sec=0, tv_usec=3508}, ru_stime={tv_sec=0, tv_usec=10524}, ...}) = 0
8345  --- SIGCHLD {si_signo=SIGCHLD, si_code=CLD_EXITED, si_pid=8413, si_uid=1001, si_status=0, si_utime=0, si_stime=1 /* 0.01 s */} ---
8422  clone(child_stack=0x6d26cae72000, flags=CLONE_VM|CLONE_FS|CLONE_FILES|CLONE_SIGHAND|CLONE_THREAD|CLONE_SYSVSEM) = 8427
8422  clone(child_stack=0x6d26caeaa000, flags=CLONE_VM|CLONE_FS|CLONE_FILES|CLONE_SIGHAND|CLONE_THREAD|CLONE_SYSVSEM <unfinished ...>
8427  tgkill(8422, 8422, SIGURG)        = 0
8422  <... clone resumed>)              = 8428
8422  --- SIGURG {si_signo=SIGURG, si_code=SI_TKILL, si_pid=8422, si_uid=1001} ---
8422  clone(child_stack=0x6d26caea6000, flags=CLONE_VM|CLONE_FS|CLONE_FILES|CLONE_SIGHAND|CLONE_THREAD|CLONE_SYSVSEM) = 8429
8428  clone(child_stack=0x6d26caf18000, flags=CLONE_VM|CLONE_FS|CLONE_FILES|CLONE_SIGHAND|CLONE_THREAD|CLONE_SYSVSEM <unfinished ...>
8422  clone(child_stack=0x6d26caf14000, flags=CLONE_VM|CLONE_FS|CLONE_FILES|CLONE_SIGHAND|CLONE_THREAD|CLONE_SYSVSEM) = 8430
8428  <... clone resumed>)              = 8431
8347  clone(child_stack=NULL, flags=CLONE_VM|CLONE_PIDFD|CLONE_VFORK|SIGCHLD <unfinished ...>
8425  exit_group(0)                     = ?
8426  +++ exited with 0 +++
8424  +++ exited with 0 +++
8425  +++ exited with 0 +++
8422  exit_group(0)                     = ?
8427  +++ exited with 0 +++
8431  +++ exited with 0 +++
8430  +++ exited with 0 +++
8429  +++ exited with 0 +++
8423  +++ exited with 0 +++
8420  +++ exited with 0 +++
8362  <... waitid resumed>{si_signo=SIGCHLD, si_code=CLD_EXITED, si_pid=8420, si_uid=1001, si_status=0, si_utime=0, si_stime=0}, WEXITED, {ru_utime={tv_sec=0, tv_usec=5685}, ru_stime={tv_sec=0, tv_usec=5685}, ...}) = 0
8344  --- SIGCHLD {si_signo=SIGCHLD, si_code=CLD_EXITED, si_pid=8420, si_uid=1001, si_status=0, si_utime=0, si_stime=0} ---
8428  +++ exited with 0 +++
8422  +++ exited with 0 +++
8344  --- SIGCHLD {si_signo=SIGCHLD, si_code=CLD_EXITED, si_pid=8422, si_uid=1001, si_status=0, si_utime=0, si_stime=0} ---
8346  <... waitid resumed>{si_signo=SIGCHLD, si_code=CLD_EXITED, si_pid=8422, si_uid=1001, si_status=0, si_utime=0, si_stime=0}, WEXITED, {ru_utime={tv_sec=0, tv_usec=0}, ru_stime={tv_sec=0, tv_usec=5920}, ...}) = 0
8409  tgkill(8403, 8414, SIGURG)        = 0
8414  --- SIGURG {si_signo=SIGURG, si_code=SI_TKILL, si_pid=8403, si_uid=1001} ---
8362  clone(child_stack=NULL, flags=CLONE_VM|CLONE_PIDFD|CLONE_VFORK|SIGCHLD <unfinished ...>
8345  tgkill(8344, 8347, SIGURG)        = 0
8432  execve("/opt/hostedtoolcache/go/1.27.0/arm64/pkg/tool/linux_arm64/compile", ["/opt/hostedtoolcache/go/1.27.0/a"..., "-o", "/tmp/go-build3661820248/b018/_pk"..., "-trimpath", "/tmp/go-build3661820248/b018=>", "-p", "internal/profilerecord", "-lang=go1.27", "-std", "-complete", "-buildid", "48AYbUNoxCjXOqTOk5OK/48AYbUNoxCj"..., "-goversion", "go1.27.0", "-c=4", "-nolocalimports", "-importcfg", "/tmp/go-build3661820248/b018/imp"..., "-pack", "/opt/hostedtoolcache/go/1.27.0/a"...], 0x1051d07b9208 /* 140 vars */) = 0
8347  <... clone resumed>, parent_tid=[15]) = 8432
8347  --- SIGURG {si_signo=SIGURG, si_code=SI_TKILL, si_pid=8344, si_uid=1001} ---
8433  execve("/opt/hostedtoolcache/go/1.27.0/arm64/pkg/tool/linux_arm64/asm", ["/opt/hostedtoolcache/go/1.27.0/a"..., "-p", "internal/cpu", "-trimpath", "/tmp/go-build3661820248/b011=>", "-I", "/tmp/go-build3661820248/b011/", "-I", "/opt/hostedtoolcache/go/1.27.0/a"..., "-D", "GOOS_linux", "-D", "GOARCH_arm64", "-std", "-o", "/tmp/go-build3661820248/b011/cpu"..., "/opt/hostedtoolcache/go/1.27.0/a"...], 0x1051d0899688 /* 140 vars */ <unfinished ...>
8362  <... clone resumed>, parent_tid=[21]) = 8433
8433  <... execve resumed>)             = 0
8362  waitid(P_PIDFD, 21,  <unfinished ...>
8351  waitid(P_PIDFD, 15,  <unfinished ...>
8344  clone(child_stack=NULL, flags=CLONE_VM|CLONE_PIDFD|CLONE_VFORK|SIGCHLD <unfinished ...>
8434  execve("/opt/hostedtoolcache/go/1.27.0/arm64/pkg/tool/linux_arm64/asm", ["/opt/hostedtoolcache/go/1.27.0/a"..., "-p", "internal/runtime/syscall/linux", "-trimpath", "/tmp/go-build3661820248/b021=>", "-I", "/tmp/go-build3661820248/b021/", "-I", "/opt/hostedtoolcache/go/1.27.0/a"..., "-D", "GOOS_linux", "-D", "GOARCH_arm64", "-std", "-gensymabis", "-o", "/tmp/go-build3661820248/b021/sym"..., "/opt/hostedtoolcache/go/1.27.0/a"...], 0x1051d09da008 /* 140 vars */ <unfinished ...>
8344  <... clone resumed>, parent_tid=[14]) = 8434
8434  <... execve resumed>)             = 0
8344  waitid(P_PIDFD, 14,  <unfinished ...>
8432  clone(child_stack=0x637f73d04000, flags=CLONE_VM|CLONE_FS|CLONE_FILES|CLONE_SIGHAND|CLONE_THREAD|CLONE_SYSVSEM) = 8435
8432  clone(child_stack=0x637f73d3c000, flags=CLONE_VM|CLONE_FS|CLONE_FILES|CLONE_SIGHAND|CLONE_THREAD|CLONE_SYSVSEM) = 8436
8435  tgkill(8432, 8432, SIGURG)        = 0
8432  clone(child_stack=0x637f73d38000, flags=CLONE_VM|CLONE_FS|CLONE_FILES|CLONE_SIGHAND|CLONE_THREAD|CLONE_SYSVSEM) = 8437
8432  --- SIGURG {si_signo=SIGURG, si_code=SI_TKILL, si_pid=8432, si_uid=1001} ---
8436  clone(child_stack=0x637f73d98000, flags=CLONE_VM|CLONE_FS|CLONE_FILES|CLONE_SIGHAND|CLONE_THREAD|CLONE_SYSVSEM) = 8438
8433  clone(child_stack=0x273b695e0000, flags=CLONE_VM|CLONE_FS|CLONE_FILES|CLONE_SIGHAND|CLONE_THREAD|CLONE_SYSVSEM) = 8439
8433  clone(child_stack=0x273b69618000, flags=CLONE_VM|CLONE_FS|CLONE_FILES|CLONE_SIGHAND|CLONE_THREAD|CLONE_SYSVSEM) = 8440
8440  clone(child_stack=0x273b69614000, flags=CLONE_VM|CLONE_FS|CLONE_FILES|CLONE_SIGHAND|CLONE_THREAD|CLONE_SYSVSEM) = 8441
8441  clone(child_stack=0x273b69718000, flags=CLONE_VM|CLONE_FS|CLONE_FILES|CLONE_SIGHAND|CLONE_THREAD|CLONE_SYSVSEM) = 8442
8433  exit_group(0)                     = ?
8441  +++ exited with 0 +++
8439  +++ exited with 0 +++
8442  +++ exited with 0 +++
8440  +++ exited with 0 +++
8433  +++ exited with 0 +++
8362  <... waitid resumed>{si_signo=SIGCHLD, si_code=CLD_EXITED, si_pid=8433, si_uid=1001, si_status=0, si_utime=0, si_stime=0}, WEXITED, {ru_utime={tv_sec=0, tv_usec=1091}, ru_stime={tv_sec=0, tv_usec=4364}, ...}) = 0
8346  --- SIGCHLD {si_signo=SIGCHLD, si_code=CLD_EXITED, si_pid=8433, si_uid=1001, si_status=0, si_utime=0, si_stime=0} ---
8434  clone(child_stack=0x6353975ca000, flags=CLONE_VM|CLONE_FS|CLONE_FILES|CLONE_SIGHAND|CLONE_THREAD|CLONE_SYSVSEM) = 8443
8434  clone(child_stack=0x635397608000, flags=CLONE_VM|CLONE_FS|CLONE_FILES|CLONE_SIGHAND|CLONE_THREAD|CLONE_SYSVSEM <unfinished ...>
8443  tgkill(8434, 8434, SIGURG)        = 0
8434  <... clone resumed>)              = 8444
8434  --- SIGURG {si_signo=SIGURG, si_code=SI_TKILL, si_pid=8434, si_uid=1001} ---
8443  tgkill(8434, 8434, SIGURG)        = 0
8434  --- SIGURG {si_signo=SIGURG, si_code=SI_TKILL, si_pid=8434, si_uid=1001} ---
8434  clone(child_stack=0x635397604000, flags=CLONE_VM|CLONE_FS|CLONE_FILES|CLONE_SIGHAND|CLONE_THREAD|CLONE_SYSVSEM) = 8445
8434  clone(child_stack=0x635397628000, flags=CLONE_VM|CLONE_FS|CLONE_FILES|CLONE_SIGHAND|CLONE_THREAD|CLONE_SYSVSEM) = 8446
8409  tgkill(8403, 8414, SIGURG <unfinished ...>
8414  --- SIGURG {si_signo=SIGURG, si_code=SI_TKILL, si_pid=8403, si_uid=1001} ---
8409  <... tgkill resumed>)             = 0
8435  tgkill(8432, 8432, SIGURG)        = 0
8432  --- SIGURG {si_signo=SIGURG, si_code=SI_TKILL, si_pid=8432, si_uid=1001} ---
8436  exit_group(0)                     = ?
8438  +++ exited with 0 +++
8437  +++ exited with 0 +++
8436  +++ exited with 0 +++
8435  +++ exited with 0 +++
8432  +++ exited with 0 +++
8347  --- SIGCHLD {si_signo=SIGCHLD, si_code=CLD_EXITED, si_pid=8432, si_uid=1001, si_status=0, si_utime=0, si_stime=0} ---
8351  <... waitid resumed>{si_signo=SIGCHLD, si_code=CLD_EXITED, si_pid=8432, si_uid=1001, si_status=0, si_utime=0, si_stime=0}, WEXITED, {ru_utime={tv_sec=0, tv_usec=6385}, ru_stime={tv_sec=0, tv_usec=5473}, ...}) = 0
8434  exit_group(0)                     = ?
8446  +++ exited with 0 +++
8444  +++ exited with 0 +++
8443  +++ exited with 0 +++
8445  +++ exited with 0 +++
8434  +++ exited with 0 +++
8344  <... waitid resumed>{si_signo=SIGCHLD, si_code=CLD_EXITED, si_pid=8434, si_uid=1001, si_status=0, si_utime=0, si_stime=0}, WEXITED, {ru_utime={tv_sec=0, tv_usec=1940}, ru_stime={tv_sec=0, tv_usec=3880}, ...}) = 0
8346  --- SIGCHLD {si_signo=SIGCHLD, si_code=CLD_EXITED, si_pid=8434, si_uid=1001, si_status=0, si_utime=0, si_stime=0} ---
8362  tgkill(8344, 8351, SIGURG)        = 0
8351  --- SIGURG {si_signo=SIGURG, si_code=SI_TKILL, si_pid=8344, si_uid=1001} ---
8344  clone(child_stack=NULL, flags=CLONE_VM|CLONE_PIDFD|CLONE_VFORK|SIGCHLD <unfinished ...>
8447  execve("/opt/hostedtoolcache/go/1.27.0/arm64/pkg/tool/linux_arm64/compile", ["/opt/hostedtoolcache/go/1.27.0/a"..., "-o", "/tmp/go-build3661820248/b021/_pk"..., "-trimpath", "/tmp/go-build3661820248/b021=>", "-p", "internal/runtime/syscall/linux", "-lang=go1.27", "-std", "-buildid", "xWP8wMAnQbt9WPQ_vqr8/xWP8wMAnQbt"..., "-goversion", "go1.27.0", "-symabis", "/tmp/go-build3661820248/b021/sym"..., "-c=4", "-nolocalimports", "-importcfg", "/tmp/go-build3661820248/b021/imp"..., "-pack", "-asmhdr", "/tmp/go-build3661820248/b021/go_"..., "/opt/hostedtoolcache/go/1.27.0/a"..., "/opt/hostedtoolcache/go/1.27.0/a"..., "/opt/hostedtoolcache/go/1.27.0/a"...], 0x1051d09da008 /* 140 vars */ <unfinished ...>
8344  <... clone resumed>, parent_tid=[15]) = 8447
8447  <... execve resumed>)             = 0
8344  waitid(P_PIDFD, 15,  <unfinished ...>
8345  tgkill(8344, 8350, SIGURG)        = 0
8350  --- SIGURG {si_signo=SIGURG, si_code=SI_TKILL, si_pid=8344, si_uid=1001} ---
8409  tgkill(8403, 8403, SIGURG)        = 0
8403  --- SIGURG {si_signo=SIGURG, si_code=SI_TKILL, si_pid=8403, si_uid=1001} ---
8409  tgkill(8403, 8414, SIGURG)        = 0
8414  --- SIGURG {si_signo=SIGURG, si_code=SI_TKILL, si_pid=8403, si_uid=1001} ---
8409  tgkill(8403, 8412, SIGURG)        = 0
8412  --- SIGURG {si_signo=SIGURG, si_code=SI_TKILL, si_pid=8403, si_uid=1001} ---
8409  tgkill(8403, 8415, SIGURG)        = 0
8415  --- SIGURG {si_signo=SIGURG, si_code=SI_TKILL, si_pid=8403, si_uid=1001} ---
8345  tgkill(8344, 8351, SIGURG)        = 0
8351  --- SIGURG {si_signo=SIGURG, si_code=SI_TKILL, si_pid=8344, si_uid=1001} ---
8362  clone(child_stack=NULL, flags=CLONE_VM|CLONE_PIDFD|CLONE_VFORK|SIGCHLD <unfinished ...>
8448  execve("/opt/hostedtoolcache/go/1.27.0/arm64/pkg/tool/linux_arm64/asm", ["/opt/hostedtoolcache/go/1.27.0/a"..., "-p", "internal/bytealg", "-trimpath", "/tmp/go-build3661820248/b010=>", "-I", "/tmp/go-build3661820248/b010/", "-I", "/opt/hostedtoolcache/go/1.27.0/a"..., "-D", "GOOS_linux", "-D", "GOARCH_arm64", "-std", "-gensymabis", "-o", "/tmp/go-build3661820248/b010/sym"..., "/opt/hostedtoolcache/go/1.27.0/a"..., "/opt/hostedtoolcache/go/1.27.0/a"..., "/opt/hostedtoolcache/go/1.27.0/a"..., "/opt/hostedtoolcache/go/1.27.0/a"..., "/opt/hostedtoolcache/go/1.27.0/a"...], 0x1051d0898908 /* 140 vars */ <unfinished ...>
8362  <... clone resumed>, parent_tid=[14]) = 8448
8448  <... execve resumed>)             = 0
8362  waitid(P_PIDFD, 14,  <unfinished ...>
8448  clone(child_stack=0x4a09b7038000, flags=CLONE_VM|CLONE_FS|CLONE_FILES|CLONE_SIGHAND|CLONE_THREAD|CLONE_SYSVSEM) = 8449
8448  clone(child_stack=0x4a09b7070000, flags=CLONE_VM|CLONE_FS|CLONE_FILES|CLONE_SIGHAND|CLONE_THREAD|CLONE_SYSVSEM) = 8450
8448  clone(child_stack=0x4a09b706c000, flags=CLONE_VM|CLONE_FS|CLONE_FILES|CLONE_SIGHAND|CLONE_THREAD|CLONE_SYSVSEM) = 8451
8345  tgkill(8344, 8351, SIGURG <unfinished ...>
8351  --- SIGURG {si_signo=SIGURG, si_code=SI_TKILL, si_pid=8344, si_uid=1001} ---
8345  <... tgkill resumed>)             = 0
8451  clone(child_stack=0x4a09b70b2000, flags=CLONE_VM|CLONE_FS|CLONE_FILES|CLONE_SIGHAND|CLONE_THREAD|CLONE_SYSVSEM) = 8452
8351  clone(child_stack=NULL, flags=CLONE_VM|CLONE_PIDFD|CLONE_VFORK|SIGCHLD <unfinished ...>
8447  clone(child_stack=0xf6f7f7fa000, flags=CLONE_VM|CLONE_FS|CLONE_FILES|CLONE_SIGHAND|CLONE_THREAD|CLONE_SYSVSEM) = 8454
8447  clone(child_stack=0xf6f7f832000, flags=CLONE_VM|CLONE_FS|CLONE_FILES|CLONE_SIGHAND|CLONE_THREAD|CLONE_SYSVSEM) = 8455
8454  tgkill(8447, 8447, SIGURG)        = 0
8447  --- SIGURG {si_signo=SIGURG, si_code=SI_TKILL, si_pid=8447, si_uid=1001} ---
8447  clone(child_stack=0xf6f7f82e000, flags=CLONE_VM|CLONE_FS|CLONE_FILES|CLONE_SIGHAND|CLONE_THREAD|CLONE_SYSVSEM) = 8456
8455  clone(child_stack=0xf6f7f898000, flags=CLONE_VM|CLONE_FS|CLONE_FILES|CLONE_SIGHAND|CLONE_THREAD|CLONE_SYSVSEM) = 8457
8453  execve("/opt/hostedtoolcache/go/1.27.0/arm64/pkg/tool/linux_arm64/asm", ["/opt/hostedtoolcache/go/1.27.0/a"..., "-p", "internal/chacha8rand", "-trimpath", "/tmp/go-build3661820248/b013=>", "-I", "/tmp/go-build3661820248/b013/", "-I", "/opt/hostedtoolcache/go/1.27.0/a"..., "-D", "GOOS_linux", "-D", "GOARCH_arm64", "-std", "-gensymabis", "-o", "/tmp/go-build3661820248/b013/sym"..., "/opt/hostedtoolcache/go/1.27.0/a"...], 0x1051d07b9208 /* 140 vars */) = 0
8351  <... clone resumed>, parent_tid=[17]) = 8453
8456  clone(child_stack=0xf6f7f894000, flags=CLONE_VM|CLONE_FS|CLONE_FILES|CLONE_SIGHAND|CLONE_THREAD|CLONE_SYSVSEM) = 8458
8351  waitid(P_PIDFD, 17,  <unfinished ...>
8409  tgkill(8403, 8415, SIGURG <unfinished ...>
8415  --- SIGURG {si_signo=SIGURG, si_code=SI_TKILL, si_pid=8403, si_uid=1001} ---
8409  <... tgkill resumed>)             = 0
8453  clone(child_stack=0x724692b90000, flags=CLONE_VM|CLONE_FS|CLONE_FILES|CLONE_SIGHAND|CLONE_THREAD|CLONE_SYSVSEM) = 8459
8453  clone(child_stack=0x724692bc8000, flags=CLONE_VM|CLONE_FS|CLONE_FILES|CLONE_SIGHAND|CLONE_THREAD|CLONE_SYSVSEM) = 8460
8453  clone(child_stack=0x724692bc4000, flags=CLONE_VM|CLONE_FS|CLONE_FILES|CLONE_SIGHAND|CLONE_THREAD|CLONE_SYSVSEM) = 8461
8460  clone(child_stack=0x724692c18000, flags=CLONE_VM|CLONE_FS|CLONE_FILES|CLONE_SIGHAND|CLONE_THREAD|CLONE_SYSVSEM) = 8462
8448  exit_group(0)                     = ?
8452  +++ exited with 0 +++
8450  +++ exited with 0 +++
8449  +++ exited with 0 +++
8451  +++ exited with 0 +++
8448  +++ exited with 0 +++
8362  <... waitid resumed>{si_signo=SIGCHLD, si_code=CLD_EXITED, si_pid=8448, si_uid=1001, si_status=0, si_utime=0, si_stime=0}, WEXITED, {ru_utime={tv_sec=0, tv_usec=678}, ru_stime={tv_sec=0, tv_usec=8823}, ...}) = 0
8347  --- SIGCHLD {si_signo=SIGCHLD, si_code=CLD_EXITED, si_pid=8448, si_uid=1001, si_status=0, si_utime=0, si_stime=1 /* 0.01 s */} ---
8347  clone(child_stack=NULL, flags=CLONE_VM|CLONE_PIDFD|CLONE_VFORK|SIGCHLD <unfinished ...>
8453  exit_group(0 <unfinished ...>
8454  tgkill(8447, 8457, SIGURG)        = 0
8457  --- SIGURG {si_signo=SIGURG, si_code=SI_TKILL, si_pid=8447, si_uid=1001} ---
8453  <... exit_group resumed>)         = ?
8461  +++ exited with 0 +++
8460  +++ exited with 0 +++
8462  +++ exited with 0 +++
8459  +++ exited with 0 +++
8463  execve("/opt/hostedtoolcache/go/1.27.0/arm64/pkg/tool/linux_arm64/compile", ["/opt/hostedtoolcache/go/1.27.0/a"..., "-o", "/tmp/go-build3661820248/b010/_pk"..., "-trimpath", "/tmp/go-build3661820248/b010=>", "-p", "internal/bytealg", "-lang=go1.27", "-std", "-buildid", "U6BM55AOtxu179LXuNlF/U6BM55AOtxu"..., "-goversion", "go1.27.0", "-symabis", "/tmp/go-build3661820248/b010/sym"..., "-c=4", "-nolocalimports", "-importcfg", "/tmp/go-build3661820248/b010/imp"..., "-pack", "-asmhdr", "/tmp/go-build3661820248/b010/go_"..., "/opt/hostedtoolcache/go/1.27.0/a"..., "/opt/hostedtoolcache/go/1.27.0/a"..., "/opt/hostedtoolcache/go/1.27.0/a"..., "/opt/hostedtoolcache/go/1.27.0/a"..., "/opt/hostedtoolcache/go/1.27.0/a"..., "/opt/hostedtoolcache/go/1.27.0/a"..., "/opt/hostedtoolcache/go/1.27.0/a"..., "/opt/hostedtoolcache/go/1.27.0/a"..., "/opt/hostedtoolcache/go/1.27.0/a"...], 0x1051d0898d88 /* 140 vars */ <unfinished ...>
8453  +++ exited with 0 +++
8362  --- SIGCHLD {si_signo=SIGCHLD, si_code=CLD_EXITED, si_pid=8453, si_uid=1001, si_status=0, si_utime=0, si_stime=0} ---
8351  <... waitid resumed>{si_signo=SIGCHLD, si_code=CLD_EXITED, si_pid=8453, si_uid=1001, si_status=0, si_utime=0, si_stime=0}, WEXITED, {ru_utime={tv_sec=0, tv_usec=4934}, ru_stime={tv_sec=0, tv_usec=2467}, ...}) = 0
8347  <... clone resumed>, parent_tid=[16]) = 8463
8463  <... execve resumed>)             = 0
8347  waitid(P_PIDFD, 16,  <unfinished ...>
8351  clone(child_stack=NULL, flags=CLONE_VM|CLONE_PIDFD|CLONE_VFORK|SIGCHLD <unfinished ...>
8456  exit_group(0)                     = ?
8458  +++ exited with 0 +++
8456  +++ exited with 0 +++
8457  +++ exited with 0 +++
8455  +++ exited with 0 +++
8454  +++ exited with 0 +++
8464  execve("/opt/hostedtoolcache/go/1.27.0/arm64/pkg/tool/linux_arm64/compile", ["/opt/hostedtoolcache/go/1.27.0/a"..., "-o", "/tmp/go-build3661820248/b013/_pk"..., "-trimpath", "/tmp/go-build3661820248/b013=>", "-p", "internal/chacha8rand", "-lang=go1.27", "-std", "-buildid", "C2rz4QeNLPvtyrrU3exc/C2rz4QeNLPv"..., "-goversion", "go1.27.0", "-symabis", "/tmp/go-build3661820248/b013/sym"..., "-c=4", "-nolocalimports", "-importcfg", "/tmp/go-build3661820248/b013/imp"..., "-pack", "-asmhdr", "/tmp/go-build3661820248/b013/go_"..., "/opt/hostedtoolcache/go/1.27.0/a"..., "/opt/hostedtoolcache/go/1.27.0/a"...], 0x1051d07b9688 /* 140 vars */ <unfinished ...>
8351  <... clone resumed>, parent_tid=[17]) = 8464
8464  <... execve resumed>)             = 0
8447  +++ exited with 0 +++
8351  --- SIGCHLD {si_signo=SIGCHLD, si_code=CLD_EXITED, si_pid=8447, si_uid=1001, si_status=0, si_utime=1 /* 0.01 s */, si_stime=0} ---
8344  <... waitid resumed>{si_signo=SIGCHLD, si_code=CLD_EXITED, si_pid=8447, si_uid=1001, si_status=0, si_utime=0, si_stime=0}, WEXITED, {ru_utime={tv_sec=0, tv_usec=12199}, ru_stime={tv_sec=0, tv_usec=9759}, ...}) = 0
8351  waitid(P_PIDFD, 17,  <unfinished ...>
8350  clone(child_stack=NULL, flags=CLONE_VM|CLONE_PIDFD|CLONE_VFORK|SIGCHLD <unfinished ...>
8415  exit_group(0)                     = ?
8415  +++ exited with 0 +++
8414  +++ exited with 0 +++
8412  +++ exited with 0 +++
8410  +++ exited with 0 +++
8409  +++ exited with 0 +++
8411  +++ exited with 0 +++
8465  execve("/opt/hostedtoolcache/go/1.27.0/arm64/pkg/tool/linux_arm64/asm", ["/opt/hostedtoolcache/go/1.27.0/a"..., "-p", "internal/runtime/syscall/linux", "-trimpath", "/tmp/go-build3661820248/b021=>", "-I", "/tmp/go-build3661820248/b021/", "-I", "/opt/hostedtoolcache/go/1.27.0/a"..., "-D", "GOOS_linux", "-D", "GOARCH_arm64", "-std", "-o", "/tmp/go-build3661820248/b021/asm"..., "/opt/hostedtoolcache/go/1.27.0/a"...], 0x1051d09da488 /* 140 vars */ <unfinished ...>
8350  <... clone resumed>, parent_tid=[15]) = 8465
8465  <... execve resumed>)             = 0
8350  waitid(P_PIDFD, 15,  <unfinished ...>
8463  clone(child_stack=0x654c0d1c2000, flags=CLONE_VM|CLONE_FS|CLONE_FILES|CLONE_SIGHAND|CLONE_THREAD|CLONE_SYSVSEM) = 8466
8463  clone(child_stack=0x654c0d1fa000, flags=CLONE_VM|CLONE_FS|CLONE_FILES|CLONE_SIGHAND|CLONE_THREAD|CLONE_SYSVSEM) = 8467
8466  tgkill(8463, 8463, SIGURG)        = 0
8463  clone(child_stack=0x654c0d1f6000, flags=CLONE_VM|CLONE_FS|CLONE_FILES|CLONE_SIGHAND|CLONE_THREAD|CLONE_SYSVSEM) = 8468
8463  --- SIGURG {si_signo=SIGURG, si_code=SI_TKILL, si_pid=8463, si_uid=1001} ---
8467  clone(child_stack=0x654c0d220000, flags=CLONE_VM|CLONE_FS|CLONE_FILES|CLONE_SIGHAND|CLONE_THREAD|CLONE_SYSVSEM) = 8469
8403  +++ exited with 0 +++
8362  --- SIGCHLD {si_signo=SIGCHLD, si_code=CLD_EXITED, si_pid=8403, si_uid=1001, si_status=0, si_utime=16 /* 0.16 s */, si_stime=4 /* 0.04 s */} ---
8348  <... waitid resumed>{si_signo=SIGCHLD, si_code=CLD_EXITED, si_pid=8403, si_uid=1001, si_status=0, si_utime=0, si_stime=0}, WEXITED, {ru_utime={tv_sec=0, tv_usec=152921}, ru_stime={tv_sec=0, tv_usec=37297}, ...}) = 0
8362  clone(child_stack=NULL, flags=CLONE_VM|CLONE_PIDFD|CLONE_VFORK|SIGCHLD <unfinished ...>
8464  clone(child_stack=0x4866ecb3c000, flags=CLONE_VM|CLONE_FS|CLONE_FILES|CLONE_SIGHAND|CLONE_THREAD|CLONE_SYSVSEM) = 8471
8464  clone(child_stack=0x4866ecb74000, flags=CLONE_VM|CLONE_FS|CLONE_FILES|CLONE_SIGHAND|CLONE_THREAD|CLONE_SYSVSEM) = 8473
8464  clone(child_stack=0x4866ecb70000, flags=CLONE_VM|CLONE_FS|CLONE_FILES|CLONE_SIGHAND|CLONE_THREAD|CLONE_SYSVSEM) = 8474
8473  clone(child_stack=0x4866ecba0000, flags=CLONE_VM|CLONE_FS|CLONE_FILES|CLONE_SIGHAND|CLONE_THREAD|CLONE_SYSVSEM) = 8475
8470  execve("/opt/hostedtoolcache/go/1.27.0/arm64/pkg/tool/linux_arm64/asm", ["/opt/hostedtoolcache/go/1.27.0/a"..., "-p", "internal/abi", "-trimpath", "/tmp/go-build3661820248/b005=>", "-I", "/tmp/go-build3661820248/b005/", "-I", "/opt/hostedtoolcache/go/1.27.0/a"..., "-D", "GOOS_linux", "-D", "GOARCH_arm64", "-std", "-o", "/tmp/go-build3661820248/b005/abi"..., "/opt/hostedtoolcache/go/1.27.0/a"...], 0x1051d0676d88 /* 140 vars */ <unfinished ...>
8362  <... clone resumed>, parent_tid=[18]) = 8470
8470  <... execve resumed>)             = 0
8362  waitid(P_PIDFD, 18,  <unfinished ...>
8465  clone(child_stack=0x48e02ee06000, flags=CLONE_VM|CLONE_FS|CLONE_FILES|CLONE_SIGHAND|CLONE_THREAD|CLONE_SYSVSEM) = 8476
8465  clone(child_stack=0x48e02ee3e000, flags=CLONE_VM|CLONE_FS|CLONE_FILES|CLONE_SIGHAND|CLONE_THREAD|CLONE_SYSVSEM) = 8477
8476  tgkill(8465, 8465, SIGURG)        = 0
8465  clone(child_stack=0x48e02ee3a000, flags=CLONE_VM|CLONE_FS|CLONE_FILES|CLONE_SIGHAND|CLONE_THREAD|CLONE_SYSVSEM) = 8478
8465  --- SIGURG {si_signo=SIGURG, si_code=SI_TKILL, si_pid=8465, si_uid=1001} ---
8476  tgkill(8465, 8478, SIGURG)        = 0
8478  --- SIGURG {si_signo=SIGURG, si_code=SI_TKILL, si_pid=8465, si_uid=1001} ---
8477  clone(child_stack=0x48e02ee98000, flags=CLONE_VM|CLONE_FS|CLONE_FILES|CLONE_SIGHAND|CLONE_THREAD|CLONE_SYSVSEM) = 8479
8478  clone(child_stack=0x48e02ee94000, flags=CLONE_VM|CLONE_FS|CLONE_FILES|CLONE_SIGHAND|CLONE_THREAD|CLONE_SYSVSEM) = 8480
8470  clone(child_stack=0x63ce50704000, flags=CLONE_VM|CLONE_FS|CLONE_FILES|CLONE_SIGHAND|CLONE_THREAD|CLONE_SYSVSEM) = 8481
8470  clone(child_stack=0x63ce5073c000, flags=CLONE_VM|CLONE_FS|CLONE_FILES|CLONE_SIGHAND|CLONE_THREAD|CLONE_SYSVSEM) = 8482
8465  exit_group(0)                     = ?
8476  +++ exited with 0 +++
8477  +++ exited with 0 +++
8480  +++ exited with 0 +++
8470  clone(child_stack=0x63ce50738000, flags=CLONE_VM|CLONE_FS|CLONE_FILES|CLONE_SIGHAND|CLONE_THREAD|CLONE_SYSVSEM <unfinished ...>
8478  +++ exited with 0 +++
8470  <... clone resumed>)              = 8483
8482  clone(child_stack=0x63ce50798000, flags=CLONE_VM|CLONE_FS|CLONE_FILES|CLONE_SIGHAND|CLONE_THREAD|CLONE_SYSVSEM) = 8484
8479  +++ exited with 0 +++
8465  +++ exited with 0 +++
8350  <... waitid resumed>{si_signo=SIGCHLD, si_code=CLD_EXITED, si_pid=8465, si_uid=1001, si_status=0, si_utime=0, si_stime=0}, WEXITED, {ru_utime={tv_sec=0, tv_usec=1328}, ru_stime={tv_sec=0, tv_usec=5315}, ...}) = 0
8348  --- SIGCHLD {si_signo=SIGCHLD, si_code=CLD_EXITED, si_pid=8465, si_uid=1001, si_status=0, si_utime=0, si_stime=0} ---
8471  tgkill(8464, 8464, SIGURG <unfinished ...>
8345  tgkill(8344, 8350, SIGURG <unfinished ...>
8471  <... tgkill resumed>)             = 0
8464  --- SIGURG {si_signo=SIGURG, si_code=SI_TKILL, si_pid=8464, si_uid=1001} ---
8345  <... tgkill resumed>)             = 0
8350  --- SIGURG {si_signo=SIGURG, si_code=SI_TKILL, si_pid=8344, si_uid=1001} ---
8463  exit_group(0)                     = ?
8467  +++ exited with 0 +++
8466  +++ exited with 0 +++
8468  +++ exited with 0 +++
8469  +++ exited with 0 +++
8463  +++ exited with 0 +++
8347  <... waitid resumed>{si_signo=SIGCHLD, si_code=CLD_EXITED, si_pid=8463, si_uid=1001, si_status=0, si_utime=0, si_stime=0}, WEXITED, {ru_utime={tv_sec=0, tv_usec=10941}, ru_stime={tv_sec=0, tv_usec=7574}, ...}) = 0
8348  --- SIGCHLD {si_signo=SIGCHLD, si_code=CLD_EXITED, si_pid=8463, si_uid=1001, si_status=0, si_utime=1 /* 0.01 s */, si_stime=0} ---
8470  exit_group(0)                     = ?
8484  +++ exited with 0 +++
8481  +++ exited with 0 +++
8482  +++ exited with 0 +++
8483  +++ exited with 0 +++
8470  +++ exited with 0 +++
8362  <... waitid resumed>{si_signo=SIGCHLD, si_code=CLD_EXITED, si_pid=8470, si_uid=1001, si_status=0, si_utime=0, si_stime=0}, WEXITED, {ru_utime={tv_sec=0, tv_usec=0}, ru_stime={tv_sec=0, tv_usec=6185}, ...}) = 0
8350  --- SIGCHLD {si_signo=SIGCHLD, si_code=CLD_EXITED, si_pid=8470, si_uid=1001, si_status=0, si_utime=0, si_stime=0} ---
8344  clone(child_stack=NULL, flags=CLONE_VM|CLONE_PIDFD|CLONE_VFORK|SIGCHLD <unfinished ...>
8350  tgkill(8344, 8344, SIGURG)        = 0
8485  execve("/opt/hostedtoolcache/go/1.27.0/arm64/pkg/tool/linux_arm64/asm", ["/opt/hostedtoolcache/go/1.27.0/a"..., "-p", "internal/bytealg", "-trimpath", "/tmp/go-build3661820248/b010=>", "-I", "/tmp/go-build3661820248/b010/", "-I", "/opt/hostedtoolcache/go/1.27.0/a"..., "-D", "GOOS_linux", "-D", "GOARCH_arm64", "-std", "-o", "/tmp/go-build3661820248/b010/com"..., "/opt/hostedtoolcache/go/1.27.0/a"...], 0x1051d07b9b08 /* 140 vars */ <unfinished ...>
8344  <... clone resumed>, parent_tid=[18]) = 8485
8485  <... execve resumed>)             = 0
8344  --- SIGURG {si_signo=SIGURG, si_code=SI_TKILL, si_pid=8344, si_uid=1001} ---
8348  tgkill(8344, 8350, SIGURG)        = 0
8350  clone(child_stack=NULL, flags=CLONE_VM|CLONE_PIDFD|CLONE_VFORK|SIGCHLD <unfinished ...>
8349  tgkill(8344, 8347, SIGURG)        = 0
8347  --- SIGURG {si_signo=SIGURG, si_code=SI_TKILL, si_pid=8344, si_uid=1001} ---
8486  execve("/opt/hostedtoolcache/go/1.27.0/arm64/pkg/tool/linux_arm64/asm", ["/opt/hostedtoolcache/go/1.27.0/a"..., "-p", "internal/abi", "-trimpath", "/tmp/go-build3661820248/b005=>", "-I", "/tmp/go-build3661820248/b005/", "-I", "/opt/hostedtoolcache/go/1.27.0/a"..., "-D", "GOOS_linux", "-D", "GOARCH_arm64", "-std", "-o", "/tmp/go-build3661820248/b005/stu"..., "/opt/hostedtoolcache/go/1.27.0/a"...], 0x1051d0899208 /* 140 vars */ <unfinished ...>
8350  <... clone resumed>, parent_tid=[20]) = 8486
8350  --- SIGURG {si_signo=SIGURG, si_code=SI_TKILL, si_pid=8344, si_uid=1001} ---
8486  <... execve resumed>)             = 0
8348  tgkill(8344, 8350, SIGURG)        = 0
8350  --- SIGURG {si_signo=SIGURG, si_code=SI_TKILL, si_pid=8344, si_uid=1001} ---
8347  waitid(P_PIDFD, 18,  <unfinished ...>
8350  waitid(P_PIDFD, 20,  <unfinished ...>
8348  tgkill(8344, 8349, SIGURG)        = 0
8349  --- SIGURG {si_signo=SIGURG, si_code=SI_TKILL, si_pid=8344, si_uid=1001} ---
8475  exit_group(0)                     = ?
8473  +++ exited with 0 +++
8471  +++ exited with 0 +++
8475  +++ exited with 0 +++
8474  +++ exited with 0 +++
8464  +++ exited with 0 +++
8362  --- SIGCHLD {si_signo=SIGCHLD, si_code=CLD_EXITED, si_pid=8464, si_uid=1001, si_status=0, si_utime=1 /* 0.01 s */, si_stime=1 /* 0.01 s */} ---
8351  <... waitid resumed>{si_signo=SIGCHLD, si_code=CLD_EXITED, si_pid=8464, si_uid=1001, si_status=0, si_utime=0, si_stime=0}, WEXITED, {ru_utime={tv_sec=0, tv_usec=16606}, ru_stime={tv_sec=0, tv_usec=10745}, ...}) = 0
8348  clone(child_stack=NULL, flags=CLONE_VM|CLONE_PIDFD|CLONE_VFORK|SIGCHLD <unfinished ...>
8349  clone(child_stack=NULL, flags=CLONE_VM|CLONE_PIDFD|CLONE_VFORK|SIGCHLD <unfinished ...>
8485  clone(child_stack=0x24b497f26000, flags=CLONE_VM|CLONE_FS|CLONE_FILES|CLONE_SIGHAND|CLONE_THREAD|CLONE_SYSVSEM) = 8489
8485  clone(child_stack=0x24b497f5e000, flags=CLONE_VM|CLONE_FS|CLONE_FILES|CLONE_SIGHAND|CLONE_THREAD|CLONE_SYSVSEM) = 8490
8489  tgkill(8485, 8485, SIGURG)        = 0
8485  --- SIGURG {si_signo=SIGURG, si_code=SI_TKILL, si_pid=8485, si_uid=1001} ---
8485  clone(child_stack=0x24b497f5a000, flags=CLONE_VM|CLONE_FS|CLONE_FILES|CLONE_SIGHAND|CLONE_THREAD|CLONE_SYSVSEM) = 8491
8490  clone(child_stack=0x24b497f98000, flags=CLONE_VM|CLONE_FS|CLONE_FILES|CLONE_SIGHAND|CLONE_THREAD|CLONE_SYSVSEM) = 8492
8488  execve("/opt/hostedtoolcache/go/1.27.0/arm64/pkg/tool/linux_arm64/asm", ["/opt/hostedtoolcache/go/1.27.0/a"..., "-p", "internal/runtime/atomic", "-trimpath", "/tmp/go-build3661820248/b019=>", "-I", "/tmp/go-build3661820248/b019/", "-I", "/opt/hostedtoolcache/go/1.27.0/a"..., "-D", "GOOS_linux", "-D", "GOARCH_arm64", "-std", "-gensymabis", "-o", "/tmp/go-build3661820248/b019/sym"..., "/opt/hostedtoolcache/go/1.27.0/a"...], 0x1051d09da008 /* 140 vars */ <unfinished ...>
8487  execve("/opt/hostedtoolcache/go/1.27.0/arm64/pkg/tool/linux_arm64/asm", ["/opt/hostedtoolcache/go/1.27.0/a"..., "-p", "internal/chacha8rand", "-trimpath", "/tmp/go-build3661820248/b013=>", "-I", "/tmp/go-build3661820248/b013/", "-I", "/opt/hostedtoolcache/go/1.27.0/a"..., "-D", "GOOS_linux", "-D", "GOARCH_arm64", "-std", "-o", "/tmp/go-build3661820248/b013/cha"..., "/opt/hostedtoolcache/go/1.27.0/a"...], 0x1051d0676d88 /* 140 vars */ <unfinished ...>
8349  <... clone resumed>, parent_tid=[22]) = 8488
8348  <... clone resumed>, parent_tid=[17]) = 8487
8488  <... execve resumed>)             = 0
8487  <... execve resumed>)             = 0
8349  waitid(P_PIDFD, 22,  <unfinished ...>
8348  waitid(P_PIDFD, 17,  <unfinished ...>
8486  clone(child_stack=0x6ab3552fa000, flags=CLONE_VM|CLONE_FS|CLONE_FILES|CLONE_SIGHAND|CLONE_THREAD|CLONE_SYSVSEM) = 8493
8486  clone(child_stack=0x6ab355332000, flags=CLONE_VM|CLONE_FS|CLONE_FILES|CLONE_SIGHAND|CLONE_THREAD|CLONE_SYSVSEM) = 8494
8493  tgkill(8486, 8486, SIGURG <unfinished ...>
8486  clone(child_stack=0x6ab35532e000, flags=CLONE_VM|CLONE_FS|CLONE_FILES|CLONE_SIGHAND|CLONE_THREAD|CLONE_SYSVSEM <unfinished ...>
8493  <... tgkill resumed>)             = 0
8486  <... clone resumed>)              = 8495
8486  --- SIGURG {si_signo=SIGURG, si_code=SI_TKILL, si_pid=8486, si_uid=1001} ---
8494  clone(child_stack=0x6ab355398000, flags=CLONE_VM|CLONE_FS|CLONE_FILES|CLONE_SIGHAND|CLONE_THREAD|CLONE_SYSVSEM) = 8496
8485  exit_group(0)                     = ?
8492  +++ exited with 0 +++
8490  +++ exited with 0 +++
8489  +++ exited with 0 +++
8491  +++ exited with 0 +++
8485  +++ exited with 0 +++
8362  --- SIGCHLD {si_signo=SIGCHLD, si_code=CLD_EXITED, si_pid=8485, si_uid=1001, si_status=0, si_utime=0, si_stime=0} ---
8347  <... waitid resumed>{si_signo=SIGCHLD, si_code=CLD_EXITED, si_pid=8485, si_uid=1001, si_status=0, si_utime=0, si_stime=0}, WEXITED, {ru_utime={tv_sec=0, tv_usec=1034}, ru_stime={tv_sec=0, tv_usec=6209}, ...}) = 0
8488  clone(child_stack=0x130e6d332000, flags=CLONE_VM|CLONE_FS|CLONE_FILES|CLONE_SIGHAND|CLONE_THREAD|CLONE_SYSVSEM) = 8497
8488  clone(child_stack=0x130e6d36a000, flags=CLONE_VM|CLONE_FS|CLONE_FILES|CLONE_SIGHAND|CLONE_THREAD|CLONE_SYSVSEM) = 8498
8488  clone(child_stack=0x130e6d366000, flags=CLONE_VM|CLONE_FS|CLONE_FILES|CLONE_SIGHAND|CLONE_THREAD|CLONE_SYSVSEM) = 8499
8486  exit_group(0)                     = ?
8495  +++ exited with 0 +++
8493  +++ exited with 0 +++
8494  +++ exited with 0 +++
8487  clone(child_stack=0x1b55d9390000, flags=CLONE_VM|CLONE_FS|CLONE_FILES|CLONE_SIGHAND|CLONE_THREAD|CLONE_SYSVSEM <unfinished ...>
8496  +++ exited with 0 +++
8486  +++ exited with 0 +++
8498  clone(child_stack=0x130e6d398000, flags=CLONE_VM|CLONE_FS|CLONE_FILES|CLONE_SIGHAND|CLONE_THREAD|CLONE_SYSVSEM <unfinished ...>
8347  --- SIGCHLD {si_signo=SIGCHLD, si_code=CLD_EXITED, si_pid=8486, si_uid=1001, si_status=0, si_utime=0, si_stime=0} ---
8487  <... clone resumed>)              = 8500
8350  <... waitid resumed>{si_signo=SIGCHLD, si_code=CLD_EXITED, si_pid=8486, si_uid=1001, si_status=0, si_utime=0, si_stime=0}, WEXITED, {ru_utime={tv_sec=0, tv_usec=3884}, ru_stime={tv_sec=0, tv_usec=1942}, ...}) = 0
8498  <... clone resumed>)              = 8501
8487  clone(child_stack=0x1b55d93c8000, flags=CLONE_VM|CLONE_FS|CLONE_FILES|CLONE_SIGHAND|CLONE_THREAD|CLONE_SYSVSEM) = 8502
8487  clone(child_stack=0x1b55d93c4000, flags=CLONE_VM|CLONE_FS|CLONE_FILES|CLONE_SIGHAND|CLONE_THREAD|CLONE_SYSVSEM) = 8503
8497  tgkill(8488, 8488, SIGURG <unfinished ...>
8362  clone(child_stack=NULL, flags=CLONE_VM|CLONE_PIDFD|CLONE_VFORK|SIGCHLD <unfinished ...>
8497  <... tgkill resumed>)             = 0
8488  --- SIGURG {si_signo=SIGURG, si_code=SI_TKILL, si_pid=8488, si_uid=1001} ---
8502  clone(child_stack=0x1b55d9418000, flags=CLONE_VM|CLONE_FS|CLONE_FILES|CLONE_SIGHAND|CLONE_THREAD|CLONE_SYSVSEM) = 8505
8504  execve("/opt/hostedtoolcache/go/1.27.0/arm64/pkg/tool/linux_arm64/asm", ["/opt/hostedtoolcache/go/1.27.0/a"..., "-p", "internal/bytealg", "-trimpath", "/tmp/go-build3661820248/b010=>", "-I", "/tmp/go-build3661820248/b010/", "-I", "/opt/hostedtoolcache/go/1.27.0/a"..., "-D", "GOOS_linux", "-D", "GOARCH_arm64", "-std", "-o", "/tmp/go-build3661820248/b010/cou"..., "/opt/hostedtoolcache/go/1.27.0/a"...], 0x1051d0898908 /* 140 vars */ <unfinished ...>
8362  <... clone resumed>, parent_tid=[13]) = 8504
8504  <... execve resumed>)             = 0
8362  waitid(P_PIDFD, 13,  <unfinished ...>
8501  exit_group(0)                     = ?
8501  +++ exited with 0 +++
8498  +++ exited with 0 +++
8497  +++ exited with 0 +++
8499  +++ exited with 0 +++
8488  +++ exited with 0 +++
8347  --- SIGCHLD {si_signo=SIGCHLD, si_code=CLD_EXITED, si_pid=8488, si_uid=1001, si_status=0, si_utime=0, si_stime=0} ---
8349  <... waitid resumed>{si_signo=SIGCHLD, si_code=CLD_EXITED, si_pid=8488, si_uid=1001, si_status=0, si_utime=0, si_stime=0}, WEXITED, {ru_utime={tv_sec=0, tv_usec=2012}, ru_stime={tv_sec=0, tv_usec=4025}, ...}) = 0
8350  clone(child_stack=NULL, flags=CLONE_VM|CLONE_PIDFD|CLONE_VFORK|SIGCHLD <unfinished ...>
8487  exit_group(0)                     = ?
8505  +++ exited with 0 +++
8502  +++ exited with 0 +++
8503  +++ exited with 0 +++
8500  +++ exited with 0 +++
8487  +++ exited with 0 +++
8348  <... waitid resumed>{si_signo=SIGCHLD, si_code=CLD_EXITED, si_pid=8487, si_uid=1001, si_status=0, si_utime=0, si_stime=0}, WEXITED, {ru_utime={tv_sec=0, tv_usec=1339}, ru_stime={tv_sec=0, tv_usec=4689}, ...}) = 0
8349  --- SIGCHLD {si_signo=SIGCHLD, si_code=CLD_EXITED, si_pid=8487, si_uid=1001, si_status=0, si_utime=0, si_stime=0} ---
8504  clone(child_stack=0x452382a0c000, flags=CLONE_VM|CLONE_FS|CLONE_FILES|CLONE_SIGHAND|CLONE_THREAD|CLONE_SYSVSEM) = 8507
8504  clone(child_stack=0x452382a44000, flags=CLONE_VM|CLONE_FS|CLONE_FILES|CLONE_SIGHAND|CLONE_THREAD|CLONE_SYSVSEM) = 8508
8506  execve("/opt/hostedtoolcache/go/1.27.0/arm64/pkg/tool/linux_arm64/compile", ["/opt/hostedtoolcache/go/1.27.0/a"..., "-o", "/tmp/go-build3661820248/b019/_pk"..., "-trimpath", "/tmp/go-build3661820248/b019=>", "-p", "internal/runtime/atomic", "-lang=go1.27", "-std", "-buildid", "rF-DhOCNNsAU_MwFGB8i/rF-DhOCNNsA"..., "-goversion", "go1.27.0", "-symabis", "/tmp/go-build3661820248/b019/sym"..., "-c=4", "-nolocalimports", "-importcfg", "/tmp/go-build3661820248/b019/imp"..., "-pack", "-asmhdr", "/tmp/go-build3661820248/b019/go_"..., "/opt/hostedtoolcache/go/1.27.0/a"..., "/opt/hostedtoolcache/go/1.27.0/a"..., "/opt/hostedtoolcache/go/1.27.0/a"..., "/opt/hostedtoolcache/go/1.27.0/a"..., "/opt/hostedtoolcache/go/1.27.0/a"..., "/opt/hostedtoolcache/go/1.27.0/a"..., "/opt/hostedtoolcache/go/1.27.0/a"..., "/opt/hostedtoolcache/go/1.27.0/a"...], 0x1051d09da488 /* 140 vars */ <unfinished ...>
8504  clone(child_stack=0x452382a40000, flags=CLONE_VM|CLONE_FS|CLONE_FILES|CLONE_SIGHAND|CLONE_THREAD|CLONE_SYSVSEM <unfinished ...>
8508  clone(child_stack=0x452382a98000, flags=CLONE_VM|CLONE_FS|CLONE_FILES|CLONE_SIGHAND|CLONE_THREAD|CLONE_SYSVSEM) = 8510
8504  <... clone resumed>)              = 8509
8350  <... clone resumed>, parent_tid=[16]) = 8506
8506  <... execve resumed>)             = 0
8350  waitid(P_PIDFD, 16,  <unfinished ...>
8345  tgkill(8344, 8347, SIGURG)        = 0
8347  --- SIGURG {si_signo=SIGURG, si_code=SI_TKILL, si_pid=8344, si_uid=1001} ---
8506  clone(child_stack=0x3eba7a7e4000, flags=CLONE_VM|CLONE_FS|CLONE_FILES|CLONE_SIGHAND|CLONE_THREAD|CLONE_SYSVSEM) = 8511
8511  tgkill(8506, 8506, SIGURG)        = 0
8506  --- SIGURG {si_signo=SIGURG, si_code=SI_TKILL, si_pid=8506, si_uid=1001} ---
8511  tgkill(8506, 8506, SIGURG)        = 0
8506  --- SIGURG {si_signo=SIGURG, si_code=SI_TKILL, si_pid=8506, si_uid=1001} ---
8511  tgkill(8506, 8506, SIGURG)        = 0
8506  clone(child_stack=0x3eba7a81c000, flags=CLONE_VM|CLONE_FS|CLONE_FILES|CLONE_SIGHAND|CLONE_THREAD|CLONE_SYSVSEM) = 8512
8506  --- SIGURG {si_signo=SIGURG, si_code=SI_TKILL, si_pid=8506, si_uid=1001} ---
8511  tgkill(8506, 8506, SIGURG)        = 0
8506  --- SIGURG {si_signo=SIGURG, si_code=SI_TKILL, si_pid=8506, si_uid=1001} ---
8506  clone(child_stack=0x3eba7a818000, flags=CLONE_VM|CLONE_FS|CLONE_FILES|CLONE_SIGHAND|CLONE_THREAD|CLONE_SYSVSEM <unfinished ...>
8512  clone(child_stack=0x3eba7a898000, flags=CLONE_VM|CLONE_FS|CLONE_FILES|CLONE_SIGHAND|CLONE_THREAD|CLONE_SYSVSEM) = 8513
8506  <... clone resumed>)              = 8514
8504  exit_group(0)                     = ?
8510  +++ exited with 0 +++
8508  +++ exited with 0 +++
8507  +++ exited with 0 +++
8509  +++ exited with 0 +++
8504  +++ exited with 0 +++
8345  tgkill(8344, 8349, SIGURG <unfinished ...>
8362  <... waitid resumed>{si_signo=SIGCHLD, si_code=CLD_EXITED, si_pid=8504, si_uid=1001, si_status=0, si_utime=0, si_stime=0}, WEXITED, {ru_utime={tv_sec=0, tv_usec=954}, ru_stime={tv_sec=0, tv_usec=5724}, ...}) = 0
8348  --- SIGCHLD {si_signo=SIGCHLD, si_code=CLD_EXITED, si_pid=8504, si_uid=1001, si_status=0, si_utime=0, si_stime=0} ---
8349  --- SIGURG {si_signo=SIGURG, si_code=SI_TKILL, si_pid=8344, si_uid=1001} ---
8345  <... tgkill resumed>)             = 0
8348  clone(child_stack=NULL, flags=CLONE_VM|CLONE_PIDFD|CLONE_VFORK|SIGCHLD <unfinished ...>
8351  clone(child_stack=NULL, flags=CLONE_VM|CLONE_PIDFD|CLONE_VFORK|SIGCHLD <unfinished ...>
8516  execve("/opt/hostedtoolcache/go/1.27.0/arm64/pkg/tool/linux_arm64/compile", ["/opt/hostedtoolcache/go/1.27.0/a"..., "-o", "/tmp/go-build3661820248/b023/_pk"..., "-trimpath", "/tmp/go-build3661820248/b023=>", "-p", "math/bits", "-lang=go1.27", "-std", "-complete", "-buildid", "yBJkprfDw2tqyO_7YvPl/yBJkprfDw2t"..., "-goversion", "go1.27.0", "-c=4", "-nolocalimports", "-importcfg", "/tmp/go-build3661820248/b023/imp"..., "-pack", "/opt/hostedtoolcache/go/1.27.0/a"..., "/opt/hostedtoolcache/go/1.27.0/a"..., "/opt/hostedtoolcache/go/1.27.0/a"...], 0x1051d09da908 /* 140 vars */ <unfinished ...>
8351  <... clone resumed>, parent_tid=[21]) = 8516
8516  <... execve resumed>)             = 0
8515  execve("/opt/hostedtoolcache/go/1.27.0/arm64/pkg/tool/linux_arm64/asm", ["/opt/hostedtoolcache/go/1.27.0/a"..., "-p", "internal/bytealg", "-trimpath", "/tmp/go-build3661820248/b010=>", "-I", "/tmp/go-build3661820248/b010/", "-I", "/opt/hostedtoolcache/go/1.27.0/a"..., "-D", "GOOS_linux", "-D", "GOARCH_arm64", "-std", "-o", "/tmp/go-build3661820248/b010/equ"..., "/opt/hostedtoolcache/go/1.27.0/a"...], 0x1051d0677208 /* 140 vars */ <unfinished ...>
8351  waitid(P_PIDFD, 21,  <unfinished ...>
8348  <... clone resumed>, parent_tid=[7]) = 8515
8515  <... execve resumed>)             = 0
8346  clone(child_stack=NULL, flags=CLONE_VM|CLONE_PIDFD|CLONE_VFORK|SIGCHLD <unfinished ...>
8348  waitid(P_PIDFD, 7,  <unfinished ...>
8511  clone(child_stack=0x3eba7a836000, flags=CLONE_VM|CLONE_FS|CLONE_FILES|CLONE_SIGHAND|CLONE_THREAD|CLONE_SYSVSEM) = 8518
8517  execve("/opt/hostedtoolcache/go/1.27.0/arm64/pkg/tool/linux_arm64/compile", ["/opt/hostedtoolcache/go/1.27.0/a"..., "-o", "/tmp/go-build3661820248/b025/_pk"..., "-trimpath", "/tmp/go-build3661820248/b025=>", "-p", "internal/runtime/gc", "-lang=go1.27", "-std", "-complete", "-buildid", "Bb01YDdiUWvcfiEQ46UM/Bb01YDdiUWv"..., "-goversion", "go1.27.0", "-c=4", "-nolocalimports", "-importcfg", "/tmp/go-build3661820248/b025/imp"..., "-pack", "/opt/hostedtoolcache/go/1.27.0/a"..., "/opt/hostedtoolcache/go/1.27.0/a"..., "/opt/hostedtoolcache/go/1.27.0/a"...], 0x1051d0898d88 /* 140 vars */ <unfinished ...>
8346  <... clone resumed>, parent_tid=[8]) = 8517
8517  <... execve resumed>)             = 0
8346  waitid(P_PIDFD, 8,  <unfinished ...>
8516  clone(child_stack=0x23154f56a000, flags=CLONE_VM|CLONE_FS|CLONE_FILES|CLONE_SIGHAND|CLONE_THREAD|CLONE_SYSVSEM) = 8519
8516  clone(child_stack=0x23154f5a2000, flags=CLONE_VM|CLONE_FS|CLONE_FILES|CLONE_SIGHAND|CLONE_THREAD|CLONE_SYSVSEM) = 8520
8519  tgkill(8516, 8516, SIGURG)        = 0
8516  clone(child_stack=0x23154f59e000, flags=CLONE_VM|CLONE_FS|CLONE_FILES|CLONE_SIGHAND|CLONE_THREAD|CLONE_SYSVSEM) = 8521
8517  clone(child_stack=0x7189c7786000, flags=CLONE_VM|CLONE_FS|CLONE_FILES|CLONE_SIGHAND|CLONE_THREAD|CLONE_SYSVSEM <unfinished ...>
8516  --- SIGURG {si_signo=SIGURG, si_code=SI_TKILL, si_pid=8516, si_uid=1001} ---
8517  <... clone resumed>)              = 8522
8520  clone(child_stack=0x23154f618000, flags=CLONE_VM|CLONE_FS|CLONE_FILES|CLONE_SIGHAND|CLONE_THREAD|CLONE_SYSVSEM) = 8523
8517  clone(child_stack=0x7189c77be000, flags=CLONE_VM|CLONE_FS|CLONE_FILES|CLONE_SIGHAND|CLONE_THREAD|CLONE_SYSVSEM) = 8524
8517  clone(child_stack=0x7189c77ba000, flags=CLONE_VM|CLONE_FS|CLONE_FILES|CLONE_SIGHAND|CLONE_THREAD|CLONE_SYSVSEM) = 8525
8517  clone(child_stack=0x7189c77e2000, flags=CLONE_VM|CLONE_FS|CLONE_FILES|CLONE_SIGHAND|CLONE_THREAD|CLONE_SYSVSEM <unfinished ...>
8524  clone(child_stack=0x7189c77de000, flags=CLONE_VM|CLONE_FS|CLONE_FILES|CLONE_SIGHAND|CLONE_THREAD|CLONE_SYSVSEM <unfinished ...>
8517  <... clone resumed>)              = 8526
8524  <... clone resumed>)              = 8527
8515  clone(child_stack=0x8af8c786000, flags=CLONE_VM|CLONE_FS|CLONE_FILES|CLONE_SIGHAND|CLONE_THREAD|CLONE_SYSVSEM) = 8528
8515  clone(child_stack=0x8af8c7be000, flags=CLONE_VM|CLONE_FS|CLONE_FILES|CLONE_SIGHAND|CLONE_THREAD|CLONE_SYSVSEM) = 8529
8515  clone(child_stack=0x8af8c7ba000, flags=CLONE_VM|CLONE_FS|CLONE_FILES|CLONE_SIGHAND|CLONE_THREAD|CLONE_SYSVSEM) = 8530
8511  tgkill(8506, 8512, SIGURG)        = 0
8512  --- SIGURG {si_signo=SIGURG, si_code=SI_TKILL, si_pid=8506, si_uid=1001} ---
8529  clone(child_stack=0x8af8c818000, flags=CLONE_VM|CLONE_FS|CLONE_FILES|CLONE_SIGHAND|CLONE_THREAD|CLONE_SYSVSEM) = 8531
8524  exit_group(0)                     = ?
8526  +++ exited with 0 +++
8522  +++ exited with 0 +++
8524  +++ exited with 0 +++
8527  +++ exited with 0 +++
8525  +++ exited with 0 +++
8517  +++ exited with 0 +++
8349  --- SIGCHLD {si_signo=SIGCHLD, si_code=CLD_EXITED, si_pid=8517, si_uid=1001, si_status=0, si_utime=0, si_stime=0} ---
8346  <... waitid resumed>{si_signo=SIGCHLD, si_code=CLD_EXITED, si_pid=8517, si_uid=1001, si_status=0, si_utime=0, si_stime=0}, WEXITED, {ru_utime={tv_sec=0, tv_usec=8684}, ru_stime={tv_sec=0, tv_usec=4962}, ...}) = 0
8519  tgkill(8516, 8523, SIGURG <unfinished ...>
8523  --- SIGURG {si_signo=SIGURG, si_code=SI_TKILL, si_pid=8516, si_uid=1001} ---
8519  <... tgkill resumed>)             = 0
8515  exit_group(0)                     = ?
8531  +++ exited with 0 +++
8529  +++ exited with 0 +++
8528  +++ exited with 0 +++
8530  +++ exited with 0 +++
8515  +++ exited with 0 +++
8346  --- SIGCHLD {si_signo=SIGCHLD, si_code=CLD_EXITED, si_pid=8515, si_uid=1001, si_status=0, si_utime=0, si_stime=0} ---
8348  <... waitid resumed>{si_signo=SIGCHLD, si_code=CLD_EXITED, si_pid=8515, si_uid=1001, si_status=0, si_utime=0, si_stime=0}, WEXITED, {ru_utime={tv_sec=0, tv_usec=3097}, ru_stime={tv_sec=0, tv_usec=4646}, ...}) = 0
8347  clone(child_stack=NULL, flags=CLONE_VM|CLONE_PIDFD|CLONE_VFORK|SIGCHLD <unfinished ...>
8511  tgkill(8506, 8518, SIGURG <unfinished ...>
8518  exit_group(0 <unfinished ...>
8511  <... tgkill resumed>)             = 0
8506  ???( <unfinished ...>
8518  <... exit_group resumed>)         = ?
8518  +++ exited with 0 +++
8513  +++ exited with 0 +++
8512  +++ exited with 0 +++
8511  +++ exited with 0 +++
8514  +++ exited with 0 +++
8506  +++ exited with 0 +++
8350  <... waitid resumed>{si_signo=SIGCHLD, si_code=CLD_EXITED, si_pid=8506, si_uid=1001, si_status=0, si_utime=0, si_stime=0}, WEXITED, {ru_utime={tv_sec=0, tv_usec=27717}, ru_stime={tv_sec=0, tv_usec=10889}, ...}) = 0
8348  --- SIGCHLD {si_signo=SIGCHLD, si_code=CLD_EXITED, si_pid=8506, si_uid=1001, si_status=0, si_utime=2 /* 0.02 s */, si_stime=1 /* 0.01 s */} ---
8532  execve("/opt/hostedtoolcache/go/1.27.0/arm64/pkg/tool/linux_arm64/asm", ["/opt/hostedtoolcache/go/1.27.0/a"..., "-p", "internal/runtime/sys", "-trimpath", "/tmp/go-build3661820248/b027=>", "-I", "/tmp/go-build3661820248/b027/", "-I", "/opt/hostedtoolcache/go/1.27.0/a"..., "-D", "GOOS_linux", "-D", "GOARCH_arm64", "-std", "-gensymabis", "-o", "/tmp/go-build3661820248/b027/sym"..., "/opt/hostedtoolcache/go/1.27.0/a"..., "/opt/hostedtoolcache/go/1.27.0/a"...], 0x1051d0899688 /* 140 vars */ <unfinished ...>
8347  <... clone resumed>, parent_tid=[15]) = 8532
8348  clone(child_stack=NULL, flags=CLONE_VM|CLONE_PIDFD|CLONE_VFORK|SIGCHLD <unfinished ...>
8532  <... execve resumed>)             = 0
8347  waitid(P_PIDFD, 15,  <unfinished ...>
8346  clone(child_stack=NULL, flags=CLONE_VM|CLONE_PIDFD|CLONE_VFORK|SIGCHLD <unfinished ...>
8533  execve("/opt/hostedtoolcache/go/1.27.0/arm64/pkg/tool/linux_arm64/asm", ["/opt/hostedtoolcache/go/1.27.0/a"..., "-p", "internal/bytealg", "-trimpath", "/tmp/go-build3661820248/b010=>", "-I", "/tmp/go-build3661820248/b010/", "-I", "/opt/hostedtoolcache/go/1.27.0/a"..., "-D", "GOOS_linux", "-D", "GOARCH_arm64", "-std", "-o", "/tmp/go-build3661820248/b010/ind"..., "/opt/hostedtoolcache/go/1.27.0/a"...], 0x1051d09db208 /* 140 vars */ <unfinished ...>
8348  <... clone resumed>, parent_tid=[12]) = 8533
8533  <... execve resumed>)             = 0
8534  execve("/opt/hostedtoolcache/go/1.27.0/arm64/pkg/tool/linux_arm64/asm", ["/opt/hostedtoolcache/go/1.27.0/a"..., "-p", "internal/runtime/atomic", "-trimpath", "/tmp/go-build3661820248/b019=>", "-I", "/tmp/go-build3661820248/b019/", "-I", "/opt/hostedtoolcache/go/1.27.0/a"..., "-D", "GOOS_linux", "-D", "GOARCH_arm64", "-std", "-o", "/tmp/go-build3661820248/b019/ato"..., "/opt/hostedtoolcache/go/1.27.0/a"...], 0x1051d0677688 /* 140 vars */ <unfinished ...>
8346  <... clone resumed>, parent_tid=[22]) = 8534
8534  <... execve resumed>)             = 0
8520  exit_group(0)                     = ?
8521  +++ exited with 0 +++
8520  +++ exited with 0 +++
8519  +++ exited with 0 +++
8346  waitid(P_PIDFD, 22,  <unfinished ...>
8348  waitid(P_PIDFD, 12,  <unfinished ...>
8523  +++ exited with 0 +++
8516  +++ exited with 0 +++
8351  <... waitid resumed>{si_signo=SIGCHLD, si_code=CLD_EXITED, si_pid=8516, si_uid=1001, si_status=0, si_utime=0, si_stime=0}, WEXITED, {ru_utime={tv_sec=0, tv_usec=19748}, ru_stime={tv_sec=0, tv_usec=9404}, ...}) = 0
8350  --- SIGCHLD {si_signo=SIGCHLD, si_code=CLD_EXITED, si_pid=8516, si_uid=1001, si_status=0, si_utime=2 /* 0.02 s */, si_stime=1 /* 0.01 s */} ---
8532  clone(child_stack=0x6c3c84b04000, flags=CLONE_VM|CLONE_FS|CLONE_FILES|CLONE_SIGHAND|CLONE_THREAD|CLONE_SYSVSEM) = 8535
8532  clone(child_stack=0x6c3c84b3c000, flags=CLONE_VM|CLONE_FS|CLONE_FILES|CLONE_SIGHAND|CLONE_THREAD|CLONE_SYSVSEM) = 8536
8532  clone(child_stack=0x6c3c84b38000, flags=CLONE_VM|CLONE_FS|CLONE_FILES|CLONE_SIGHAND|CLONE_THREAD|CLONE_SYSVSEM) = 8537
8533  clone(child_stack=0x5c8392896000, flags=CLONE_VM|CLONE_FS|CLONE_FILES|CLONE_SIGHAND|CLONE_THREAD|CLONE_SYSVSEM) = 8538
8536  clone(child_stack=0x6c3c84b98000, flags=CLONE_VM|CLONE_FS|CLONE_FILES|CLONE_SIGHAND|CLONE_THREAD|CLONE_SYSVSEM) = 8539
8533  clone(child_stack=0x5c83928ce000, flags=CLONE_VM|CLONE_FS|CLONE_FILES|CLONE_SIGHAND|CLONE_THREAD|CLONE_SYSVSEM) = 8540
8538  tgkill(8533, 8533, SIGURG)        = 0
8533  --- SIGURG {si_signo=SIGURG, si_code=SI_TKILL, si_pid=8533, si_uid=1001} ---
8533  clone(child_stack=0x5c83928ca000, flags=CLONE_VM|CLONE_FS|CLONE_FILES|CLONE_SIGHAND|CLONE_THREAD|CLONE_SYSVSEM) = 8541
8534  clone(child_stack=0x51ced17b2000, flags=CLONE_VM|CLONE_FS|CLONE_FILES|CLONE_SIGHAND|CLONE_THREAD|CLONE_SYSVSEM <unfinished ...>
8540  clone(child_stack=0x5c8392918000, flags=CLONE_VM|CLONE_FS|CLONE_FILES|CLONE_SIGHAND|CLONE_THREAD|CLONE_SYSVSEM <unfinished ...>
8534  <... clone resumed>)              = 8542
8540  <... clone resumed>)              = 8543
8534  clone(child_stack=0x51ced17ea000, flags=CLONE_VM|CLONE_FS|CLONE_FILES|CLONE_SIGHAND|CLONE_THREAD|CLONE_SYSVSEM <unfinished ...>
8543  clone(child_stack=0x5c8392914000, flags=CLONE_VM|CLONE_FS|CLONE_FILES|CLONE_SIGHAND|CLONE_THREAD|CLONE_SYSVSEM) = 8545
8534  <... clone resumed>)              = 8544
8534  clone(child_stack=0x51ced17e6000, flags=CLONE_VM|CLONE_FS|CLONE_FILES|CLONE_SIGHAND|CLONE_THREAD|CLONE_SYSVSEM) = 8546
8349  tgkill(8344, 8350, SIGURG)        = 0
8350  --- SIGURG {si_signo=SIGURG, si_code=SI_TKILL, si_pid=8344, si_uid=1001} ---
8532  exit_group(0)                     = ?
8537  +++ exited with 0 +++
8539  +++ exited with 0 +++
8536  +++ exited with 0 +++
8535  +++ exited with 0 +++
8532  +++ exited with 0 +++
8344  --- SIGCHLD {si_signo=SIGCHLD, si_code=CLD_EXITED, si_pid=8532, si_uid=1001, si_status=0, si_utime=0, si_stime=0} ---
8347  <... waitid resumed>{si_signo=SIGCHLD, si_code=CLD_EXITED, si_pid=8532, si_uid=1001, si_status=0, si_utime=0, si_stime=0}, WEXITED, {ru_utime={tv_sec=0, tv_usec=844}, ru_stime={tv_sec=0, tv_usec=5910}, ...}) = 0
8533  exit_group(0)                     = ?
8545  +++ exited with 0 +++
8538  +++ exited with 0 +++
8541  +++ exited with 0 +++
8543  +++ exited with 0 +++
8540  +++ exited with 0 +++
8533  +++ exited with 0 +++
8347  --- SIGCHLD {si_signo=SIGCHLD, si_code=CLD_EXITED, si_pid=8533, si_uid=1001, si_status=0, si_utime=0, si_stime=0} ---
8348  <... waitid resumed>{si_signo=SIGCHLD, si_code=CLD_EXITED, si_pid=8533, si_uid=1001, si_status=0, si_utime=0, si_stime=0}, WEXITED, {ru_utime={tv_sec=0, tv_usec=999}, ru_stime={tv_sec=0, tv_usec=5995}, ...}) = 0
8534  exit_group(0)                     = ?
8546  +++ exited with 0 +++
8544  +++ exited with 0 +++
8542  +++ exited with 0 +++
8534  +++ exited with 0 +++
8351  --- SIGCHLD {si_signo=SIGCHLD, si_code=CLD_EXITED, si_pid=8534, si_uid=1001, si_status=0, si_utime=0, si_stime=0} ---
8346  <... waitid resumed>{si_signo=SIGCHLD, si_code=CLD_EXITED, si_pid=8534, si_uid=1001, si_status=0, si_utime=0, si_stime=0}, WEXITED, {ru_utime={tv_sec=0, tv_usec=1921}, ru_stime={tv_sec=0, tv_usec=5123}, ...}) = 0
8351  clone(child_stack=NULL, flags=CLONE_VM|CLONE_PIDFD|CLONE_VFORK|SIGCHLD <unfinished ...>
8347  clone(child_stack=NULL, flags=CLONE_VM|CLONE_PIDFD|CLONE_VFORK|SIGCHLD <unfinished ...>
8344  clone(child_stack=NULL, flags=CLONE_VM|CLONE_PIDFD|CLONE_VFORK|SIGCHLD <unfinished ...>
8547  execve("/opt/hostedtoolcache/go/1.27.0/arm64/pkg/tool/linux_arm64/compile", ["/opt/hostedtoolcache/go/1.27.0/a"..., "-o", "/tmp/go-build3661820248/b027/_pk"..., "-trimpath", "/tmp/go-build3661820248/b027=>", "-p", "internal/runtime/sys", "-lang=go1.27", "-std", "-buildid", "hb5lYIXQrhdvyuACA4Zm/hb5lYIXQrhd"..., "-goversion", "go1.27.0", "-symabis", "/tmp/go-build3661820248/b027/sym"..., "-c=4", "-nolocalimports", "-importcfg", "/tmp/go-build3661820248/b027/imp"..., "-pack", "-asmhdr", "/tmp/go-build3661820248/b027/go_"..., "/opt/hostedtoolcache/go/1.27.0/a"..., "/opt/hostedtoolcache/go/1.27.0/a"..., "/opt/hostedtoolcache/go/1.27.0/a"..., "/opt/hostedtoolcache/go/1.27.0/a"..., "/opt/hostedtoolcache/go/1.27.0/a"..., "/opt/hostedtoolcache/go/1.27.0/a"..., "/opt/hostedtoolcache/go/1.27.0/a"...], 0x1051d0676d88 /* 140 vars */ <unfinished ...>
8548  execve("/opt/hostedtoolcache/go/1.27.0/arm64/pkg/tool/linux_arm64/asm", ["/opt/hostedtoolcache/go/1.27.0/a"..., "-p", "internal/bytealg", "-trimpath", "/tmp/go-build3661820248/b010=>", "-I", "/tmp/go-build3661820248/b010/", "-I", "/opt/hostedtoolcache/go/1.27.0/a"..., "-D", "GOOS_linux", "-D", "GOARCH_arm64", "-std", "-o", "/tmp/go-build3661820248/b010/ind"..., "/opt/hostedtoolcache/go/1.27.0/a"...], 0x1051d0898908 /* 140 vars */ <unfinished ...>
8351  <... clone resumed>, parent_tid=[20]) = 8547
8547  <... execve resumed>)             = 0
8347  <... clone resumed>, parent_tid=[21]) = 8548
8548  <... execve resumed>)             = 0
8549  execve("/opt/hostedtoolcache/go/1.27.0/arm64/pkg/tool/linux_arm64/compile", ["/opt/hostedtoolcache/go/1.27.0/a"..., "-o", "/tmp/go-build3661820248/b022/_pk"..., "-trimpath", "/tmp/go-build3661820248/b022=>", "-p", "internal/strconv", "-lang=go1.27", "-std", "-complete", "-buildid", "f_fG663AouQm87VJrElI/f_fG663AouQ"..., "-goversion", "go1.27.0", "-c=4", "-nolocalimports", "-importcfg", "/tmp/go-build3661820248/b022/imp"..., "-pack", "/opt/hostedtoolcache/go/1.27.0/a"..., "/opt/hostedtoolcache/go/1.27.0/a"..., "/opt/hostedtoolcache/go/1.27.0/a"..., "/opt/hostedtoolcache/go/1.27.0/a"..., "/opt/hostedtoolcache/go/1.27.0/a"..., "/opt/hostedtoolcache/go/1.27.0/a"..., "/opt/hostedtoolcache/go/1.27.0/a"..., "/opt/hostedtoolcache/go/1.27.0/a"..., "/opt/hostedtoolcache/go/1.27.0/a"..., "/opt/hostedtoolcache/go/1.27.0/a"..., "/opt/hostedtoolcache/go/1.27.0/a"...], 0x1051d09da008 /* 140 vars */ <unfinished ...>
8344  <... clone resumed>, parent_tid=[25]) = 8549
8549  <... execve resumed>)             = 0
8351  waitid(P_PIDFD, 20,  <unfinished ...>
8347  waitid(P_PIDFD, 21,  <unfinished ...>
8344  waitid(P_PIDFD, 25,  <unfinished ...>
8548  clone(child_stack=0x2e02fa656000, flags=CLONE_VM|CLONE_FS|CLONE_FILES|CLONE_SIGHAND|CLONE_THREAD|CLONE_SYSVSEM <unfinished ...>
8348  clone(child_stack=NULL, flags=CLONE_VM|CLONE_PIDFD|CLONE_VFORK|SIGCHLD <unfinished ...>
8548  <... clone resumed>)              = 8550
8548  clone(child_stack=0x2e02fa690000, flags=CLONE_VM|CLONE_FS|CLONE_FILES|CLONE_SIGHAND|CLONE_THREAD|CLONE_SYSVSEM <unfinished ...>
8547  clone(child_stack=0x62ff26d80000, flags=CLONE_VM|CLONE_FS|CLONE_FILES|CLONE_SIGHAND|CLONE_THREAD|CLONE_SYSVSEM <unfinished ...>
8549  clone(child_stack=0x1c6c2a490000, flags=CLONE_VM|CLONE_FS|CLONE_FILES|CLONE_SIGHAND|CLONE_THREAD|CLONE_SYSVSEM <unfinished ...>
8548  <... clone resumed>)              = 8552
8547  <... clone resumed>)              = 8553
8549  <... clone resumed>)              = 8554
8550  tgkill(8548, 8548, SIGURG)        = 0
8548  clone(child_stack=0x2e02fa68c000, flags=CLONE_VM|CLONE_FS|CLONE_FILES|CLONE_SIGHAND|CLONE_THREAD|CLONE_SYSVSEM) = 8555
8548  --- SIGURG {si_signo=SIGURG, si_code=SI_TKILL, si_pid=8548, si_uid=1001} ---
8547  clone(child_stack=0x62ff26db8000, flags=CLONE_VM|CLONE_FS|CLONE_FILES|CLONE_SIGHAND|CLONE_THREAD|CLONE_SYSVSEM <unfinished ...>
8549  clone(child_stack=0x1c6c2a4c8000, flags=CLONE_VM|CLONE_FS|CLONE_FILES|CLONE_SIGHAND|CLONE_THREAD|CLONE_SYSVSEM <unfinished ...>
8547  <... clone resumed>)              = 8556
8549  <... clone resumed>)              = 8557
8554  tgkill(8549, 8549, SIGURG)        = 0
8553  tgkill(8547, 8547, SIGURG)        = 0
8549  --- SIGURG {si_signo=SIGURG, si_code=SI_TKILL, si_pid=8549, si_uid=1001} ---
8547  clone(child_stack=0x62ff26db4000, flags=CLONE_VM|CLONE_FS|CLONE_FILES|CLONE_SIGHAND|CLONE_THREAD|CLONE_SYSVSEM <unfinished ...>
8552  clone(child_stack=0x2e02fa718000, flags=CLONE_VM|CLONE_FS|CLONE_FILES|CLONE_SIGHAND|CLONE_THREAD|CLONE_SYSVSEM <unfinished ...>
8554  tgkill(8549, 8549, SIGURG <unfinished ...>
8552  <... clone resumed>)              = 8559
8554  <... tgkill resumed>)             = 0
8547  <... clone resumed>)              = 8558
8549  clone(child_stack=0x1c6c2a4c4000, flags=CLONE_VM|CLONE_FS|CLONE_FILES|CLONE_SIGHAND|CLONE_THREAD|CLONE_SYSVSEM) = 8560
8547  --- SIGURG {si_signo=SIGURG, si_code=SI_TKILL, si_pid=8547, si_uid=1001} ---
8549  --- SIGURG {si_signo=SIGURG, si_code=SI_TKILL, si_pid=8549, si_uid=1001} ---
8556  clone(child_stack=0x62ff26e18000, flags=CLONE_VM|CLONE_FS|CLONE_FILES|CLONE_SIGHAND|CLONE_THREAD|CLONE_SYSVSEM) = 8561
8345  tgkill(8344, 8348, SIGURG)        = 0
8557  clone(child_stack=0x1c6c2a518000, flags=CLONE_VM|CLONE_FS|CLONE_FILES|CLONE_SIGHAND|CLONE_THREAD|CLONE_SYSVSEM) = 8562
8561  clone(child_stack=0x62ff26e14000, flags=CLONE_VM|CLONE_FS|CLONE_FILES|CLONE_SIGHAND|CLONE_THREAD|CLONE_SYSVSEM <unfinished ...>
8557  clone(child_stack=0x1c6c2a514000, flags=CLONE_VM|CLONE_FS|CLONE_FILES|CLONE_SIGHAND|CLONE_THREAD|CLONE_SYSVSEM <unfinished ...>
8561  <... clone resumed>)              = 8563
8557  <... clone resumed>)              = 8564
8551  execve("/opt/hostedtoolcache/go/1.27.0/arm64/pkg/tool/linux_arm64/compile", ["/opt/hostedtoolcache/go/1.27.0/a"..., "-o", "/tmp/go-build3661820248/b024/_pk"..., "-trimpath", "/tmp/go-build3661820248/b024=>", "-p", "internal/runtime/exithook", "-lang=go1.27", "-std", "-complete", "-buildid", "L-6vrqnwTTLYdhpnv_4g/L-6vrqnwTTL"..., "-goversion", "go1.27.0", "-c=4", "-nolocalimports", "-importcfg", "/tmp/go-build3661820248/b024/imp"..., "-pack", "/opt/hostedtoolcache/go/1.27.0/a"...], 0x1051d07b9208 /* 140 vars */ <unfinished ...>
8348  <... clone resumed>, parent_tid=[15]) = 8551
8551  <... execve resumed>)             = 0
8348  --- SIGURG {si_signo=SIGURG, si_code=SI_TKILL, si_pid=8344, si_uid=1001} ---
8345  tgkill(8344, 8348, SIGURG)        = 0
8348  --- SIGURG {si_signo=SIGURG, si_code=SI_TKILL, si_pid=8344, si_uid=1001} ---
8362  waitid(P_PIDFD, 15,  <unfinished ...>
8548  exit_group(0)                     = ?
8555  +++ exited with 0 +++
8550  +++ exited with 0 +++
8559  +++ exited with 0 +++
8552  +++ exited with 0 +++
8548  +++ exited with 0 +++
8347  <... waitid resumed>{si_signo=SIGCHLD, si_code=CLD_EXITED, si_pid=8548, si_uid=1001, si_status=0, si_utime=0, si_stime=0}, WEXITED, {ru_utime={tv_sec=0, tv_usec=1909}, ru_stime={tv_sec=0, tv_usec=4773}, ...}) = 0
8346  --- SIGCHLD {si_signo=SIGCHLD, si_code=CLD_EXITED, si_pid=8548, si_uid=1001, si_status=0, si_utime=0, si_stime=0} ---
8551  clone(child_stack=0x6dafef526000, flags=CLONE_VM|CLONE_FS|CLONE_FILES|CLONE_SIGHAND|CLONE_THREAD|CLONE_SYSVSEM) = 8565
8551  clone(child_stack=0x6dafef55e000, flags=CLONE_VM|CLONE_FS|CLONE_FILES|CLONE_SIGHAND|CLONE_THREAD|CLONE_SYSVSEM) = 8566
8551  clone(child_stack=0x6dafef55a000, flags=CLONE_VM|CLONE_FS|CLONE_FILES|CLONE_SIGHAND|CLONE_THREAD|CLONE_SYSVSEM) = 8567
8566  clone(child_stack=0x6dafef598000, flags=CLONE_VM|CLONE_FS|CLONE_FILES|CLONE_SIGHAND|CLONE_THREAD|CLONE_SYSVSEM) = 8568
8346  clone(child_stack=NULL, flags=CLONE_VM|CLONE_PIDFD|CLONE_VFORK|SIGCHLD <unfinished ...>
8345  tgkill(8344, 8346, SIGURG)        = 0
8554  tgkill(8549, 8557, SIGURG)        = 0
8557  --- SIGURG {si_signo=SIGURG, si_code=SI_TKILL, si_pid=8549, si_uid=1001} ---
8569  execve("/opt/hostedtoolcache/go/1.27.0/arm64/pkg/tool/linux_arm64/compile", ["/opt/hostedtoolcache/go/1.27.0/a"..., "-o", "/tmp/go-build3661820248/b029/_pk"..., "-trimpath", "/tmp/go-build3661820248/b029=>", "-p", "internal/asan", "-lang=go1.27", "-std", "-complete", "-buildid", "Snahoii3H7aBXR6VnsVl/Snahoii3H7a"..., "-goversion", "go1.27.0", "-c=4", "-nolocalimports", "-importcfg", "/tmp/go-build3661820248/b029/imp"..., "-pack", "/opt/hostedtoolcache/go/1.27.0/a"..., "/opt/hostedtoolcache/go/1.27.0/a"...], 0x1051d0898d88 /* 140 vars */ <unfinished ...>
8565  tgkill(8551, 8551, SIGURG)        = 0
8551  --- SIGURG {si_signo=SIGURG, si_code=SI_TKILL, si_pid=8551, si_uid=1001} ---
8346  <... clone resumed>, parent_tid=[16]) = 8569
8346  --- SIGURG {si_signo=SIGURG, si_code=SI_TKILL, si_pid=8344, si_uid=1001} ---
8569  <... execve resumed>)             = 0
8346  waitid(P_PIDFD, 16,  <unfinished ...>
8558  exit_group(0)                     = ?
8563  +++ exited with 0 +++
8556  +++ exited with 0 +++
8553  +++ exited with 0 +++
8558  +++ exited with 0 +++
8561  +++ exited with 0 +++
8547  +++ exited with 0 +++
8351  <... waitid resumed>{si_signo=SIGCHLD, si_code=CLD_EXITED, si_pid=8547, si_uid=1001, si_status=0, si_utime=0, si_stime=0}, WEXITED, {ru_utime={tv_sec=0, tv_usec=11111}, ru_stime={tv_sec=0, tv_usec=8081}, ...}) = 0
8347  --- SIGCHLD {si_signo=SIGCHLD, si_code=CLD_EXITED, si_pid=8547, si_uid=1001, si_status=0, si_utime=1 /* 0.01 s */, si_stime=0} ---
8566  exit_group(0)                     = ?
8568  +++ exited with 0 +++
8566  +++ exited with 0 +++
8565  +++ exited with 0 +++
8567  +++ exited with 0 +++
8551  +++ exited with 0 +++
8362  <... waitid resumed>{si_signo=SIGCHLD, si_code=CLD_EXITED, si_pid=8551, si_uid=1001, si_status=0, si_utime=0, si_stime=0}, WEXITED, {ru_utime={tv_sec=0, tv_usec=7399}, ru_stime={tv_sec=0, tv_usec=9249}, ...}) = 0
8351  --- SIGCHLD {si_signo=SIGCHLD, si_code=CLD_EXITED, si_pid=8551, si_uid=1001, si_status=0, si_utime=0, si_stime=1 /* 0.01 s */} ---
8347  clone(child_stack=NULL, flags=CLONE_VM|CLONE_PIDFD|CLONE_VFORK|SIGCHLD <unfinished ...>
8570  execve("/opt/hostedtoolcache/go/1.27.0/arm64/pkg/tool/linux_arm64/asm", ["/opt/hostedtoolcache/go/1.27.0/a"..., "-p", "internal/runtime/sys", "-trimpath", "/tmp/go-build3661820248/b027=>", "-I", "/tmp/go-build3661820248/b027/", "-I", "/opt/hostedtoolcache/go/1.27.0/a"..., "-D", "GOOS_linux", "-D", "GOARCH_arm64", "-std", "-o", "/tmp/go-build3661820248/b027/dit"..., "/opt/hostedtoolcache/go/1.27.0/a"...], 0x1051d0677208 /* 140 vars */ <unfinished ...>
8569  clone(child_stack=0x1febd1766000, flags=CLONE_VM|CLONE_FS|CLONE_FILES|CLONE_SIGHAND|CLONE_THREAD|CLONE_SYSVSEM) = 8571
8347  <... clone resumed>, parent_tid=[13]) = 8570
8570  <... execve resumed>)             = 0
8569  clone(child_stack=0x1febd17a0000, flags=CLONE_VM|CLONE_FS|CLONE_FILES|CLONE_SIGHAND|CLONE_THREAD|CLONE_SYSVSEM) = 8572
8571  tgkill(8569, 8569, SIGURG)        = 0
8569  --- SIGURG {si_signo=SIGURG, si_code=SI_TKILL, si_pid=8569, si_uid=1001} ---
8347  waitid(P_PIDFD, 13,  <unfinished ...>
8569  clone(child_stack=0x1febd179c000, flags=CLONE_VM|CLONE_FS|CLONE_FILES|CLONE_SIGHAND|CLONE_THREAD|CLONE_SYSVSEM) = 8573
8572  clone(child_stack=0x1febd17c0000, flags=CLONE_VM|CLONE_FS|CLONE_FILES|CLONE_SIGHAND|CLONE_THREAD|CLONE_SYSVSEM) = 8574
8351  clone(child_stack=NULL, flags=CLONE_VM|CLONE_PIDFD|CLONE_VFORK|SIGCHLD <unfinished ...>
8575  execve("/opt/hostedtoolcache/go/1.27.0/arm64/pkg/tool/linux_arm64/compile", ["/opt/hostedtoolcache/go/1.27.0/a"..., "-o", "/tmp/go-build3661820248/b030/_pk"..., "-trimpath", "/tmp/go-build3661820248/b030=>", "-p", "internal/msan", "-lang=go1.27", "-std", "-complete", "-buildid", "SalpvnYs6FblIFmlJqe1/SalpvnYs6Fb"..., "-goversion", "go1.27.0", "-c=4", "-nolocalimports", "-importcfg", "/tmp/go-build3661820248/b030/imp"..., "-pack", "/opt/hostedtoolcache/go/1.27.0/a"..., "/opt/hostedtoolcache/go/1.27.0/a"...], 0x1051d07b9688 /* 140 vars */ <unfinished ...>
8351  <... clone resumed>, parent_tid=[17]) = 8575
8575  <... execve resumed>)             = 0
8554  tgkill(8549, 8557, SIGURG <unfinished ...>
8557  --- SIGURG {si_signo=SIGURG, si_code=SI_TKILL, si_pid=8549, si_uid=1001} ---
8554  <... tgkill resumed>)             = 0
8351  waitid(P_PIDFD, 17,  <unfinished ...>
8570  clone(child_stack=0x672992fe6000, flags=CLONE_VM|CLONE_FS|CLONE_FILES|CLONE_SIGHAND|CLONE_THREAD|CLONE_SYSVSEM) = 8576
8570  clone(child_stack=0x672993020000, flags=CLONE_VM|CLONE_FS|CLONE_FILES|CLONE_SIGHAND|CLONE_THREAD|CLONE_SYSVSEM) = 8577
8570  clone(child_stack=0x67299301c000, flags=CLONE_VM|CLONE_FS|CLONE_FILES|CLONE_SIGHAND|CLONE_THREAD|CLONE_SYSVSEM) = 8578
8577  clone(child_stack=0x672993098000, flags=CLONE_VM|CLONE_FS|CLONE_FILES|CLONE_SIGHAND|CLONE_THREAD|CLONE_SYSVSEM) = 8579
8569  exit_group(0)                     = ?
8572  +++ exited with 0 +++
8574  +++ exited with 0 +++
8571  +++ exited with 0 +++
8573  +++ exited with 0 +++
8569  +++ exited with 0 +++
8345  --- SIGCHLD {si_signo=SIGCHLD, si_code=CLD_EXITED, si_pid=8569, si_uid=1001, si_status=0, si_utime=0, si_stime=0} ---
8346  <... waitid resumed>{si_signo=SIGCHLD, si_code=CLD_EXITED, si_pid=8569, si_uid=1001, si_status=0, si_utime=0, si_stime=0}, WEXITED, {ru_utime={tv_sec=0, tv_usec=7477}, ru_stime={tv_sec=0, tv_usec=5341}, ...}) = 0
8570  exit_group(0)                     = ?
8579  +++ exited with 0 +++
8577  +++ exited with 0 +++
8578  +++ exited with 0 +++
8576  +++ exited with 0 +++
8570  +++ exited with 0 +++
8347  <... waitid resumed>{si_signo=SIGCHLD, si_code=CLD_EXITED, si_pid=8570, si_uid=1001, si_status=0, si_utime=0, si_stime=0}, WEXITED, {ru_utime={tv_sec=0, tv_usec=0}, ru_stime={tv_sec=0, tv_usec=6188}, ...}) = 0
8345  --- SIGCHLD {si_signo=SIGCHLD, si_code=CLD_EXITED, si_pid=8570, si_uid=1001, si_status=0, si_utime=0, si_stime=0} ---
8348  tgkill(8344, 8347, SIGURG)        = 0
8347  --- SIGURG {si_signo=SIGURG, si_code=SI_TKILL, si_pid=8344, si_uid=1001} ---
8348  tgkill(8344, 8349, SIGURG)        = 0
8349  --- SIGURG {si_signo=SIGURG, si_code=SI_TKILL, si_pid=8344, si_uid=1001} ---
8348  tgkill(8344, 8347, SIGURG)        = 0
8347  clone(child_stack=NULL, flags=CLONE_VM|CLONE_PIDFD|CLONE_VFORK|SIGCHLD <unfinished ...>
8575  clone(child_stack=0x3ffdc2a46000, flags=CLONE_VM|CLONE_FS|CLONE_FILES|CLONE_SIGHAND|CLONE_THREAD|CLONE_SYSVSEM <unfinished ...>
8348  tgkill(8344, 8362, SIGURG <unfinished ...>
8362  --- SIGURG {si_signo=SIGURG, si_code=SI_TKILL, si_pid=8344, si_uid=1001} ---
8348  <... tgkill resumed>)             = 0
8575  <... clone resumed>)              = 8581
8348  tgkill(8344, 8362, SIGURG)        = 0
8362  --- SIGURG {si_signo=SIGURG, si_code=SI_TKILL, si_pid=8344, si_uid=1001} ---
8348  tgkill(8344, 8362, SIGURG <unfinished ...>
8362  --- SIGURG {si_signo=SIGURG, si_code=SI_TKILL, si_pid=8344, si_uid=1001} ---
8348  <... tgkill resumed>)             = 0
8575  clone(child_stack=0x3ffdc2a7e000, flags=CLONE_VM|CLONE_FS|CLONE_FILES|CLONE_SIGHAND|CLONE_THREAD|CLONE_SYSVSEM <unfinished ...>
8581  tgkill(8575, 8575, SIGURG)        = 0
8575  <... clone resumed>)              = 8582
8575  --- SIGURG {si_signo=SIGURG, si_code=SI_TKILL, si_pid=8575, si_uid=1001} ---
8348  tgkill(8344, 8362, SIGURG <unfinished ...>
8362  --- SIGURG {si_signo=SIGURG, si_code=SI_TKILL, si_pid=8344, si_uid=1001} ---
8348  <... tgkill resumed>)             = 0
8575  clone(child_stack=0x3ffdc2a7a000, flags=CLONE_VM|CLONE_FS|CLONE_FILES|CLONE_SIGHAND|CLONE_THREAD|CLONE_SYSVSEM <unfinished ...>
8582  clone(child_stack=0x3ffdc2aa0000, flags=CLONE_VM|CLONE_FS|CLONE_FILES|CLONE_SIGHAND|CLONE_THREAD|CLONE_SYSVSEM) = 8584
8348  tgkill(8344, 8362, SIGURG <unfinished ...>
8362  --- SIGURG {si_signo=SIGURG, si_code=SI_TKILL, si_pid=8344, si_uid=1001} ---
8575  <... clone resumed>)              = 8583
8348  <... tgkill resumed>)             = 0
8584  clone(child_stack=0x3ffdc2a9c000, flags=CLONE_VM|CLONE_FS|CLONE_FILES|CLONE_SIGHAND|CLONE_THREAD|CLONE_SYSVSEM) = 8585
8348  tgkill(8344, 8362, SIGURG)        = 0
8362  --- SIGURG {si_signo=SIGURG, si_code=SI_TKILL, si_pid=8344, si_uid=1001} ---
8348  tgkill(8344, 8362, SIGURG)        = 0
8362  --- SIGURG {si_signo=SIGURG, si_code=SI_TKILL, si_pid=8344, si_uid=1001} ---
8348  tgkill(8344, 8362, SIGURG <unfinished ...>
8580  execve("/opt/hostedtoolcache/go/1.27.0/arm64/pkg/tool/linux_arm64/asm", ["/opt/hostedtoolcache/go/1.27.0/a"..., "-p", "internal/runtime/sys", "-trimpath", "/tmp/go-build3661820248/b027=>", "-I", "/tmp/go-build3661820248/b027/", "-I", "/opt/hostedtoolcache/go/1.27.0/a"..., "-D", "GOOS_linux", "-D", "GOARCH_arm64", "-std", "-o", "/tmp/go-build3661820248/b027/emp"..., "/opt/hostedtoolcache/go/1.27.0/a"...], 0x1051d09da488 /* 140 vars */ <unfinished ...>
8348  <... tgkill resumed>)             = 0
8347  <... clone resumed>, parent_tid=[15]) = 8580
8362  --- SIGURG {si_signo=SIGURG, si_code=SI_TKILL, si_pid=8344, si_uid=1001} ---
8580  <... execve resumed>)             = 0
8347  --- SIGURG {si_signo=SIGURG, si_code=SI_TKILL, si_pid=8344, si_uid=1001} ---
8347  waitid(P_PIDFD, 15,  <unfinished ...>
8554  tgkill(8549, 8562, SIGURG)        = 0
8562  --- SIGURG {si_signo=SIGURG, si_code=SI_TKILL, si_pid=8549, si_uid=1001} ---
8349  clone(child_stack=NULL, flags=CLONE_VM|CLONE_PIDFD|CLONE_VFORK|SIGCHLD <unfinished ...>
8586  execve("/opt/hostedtoolcache/go/1.27.0/arm64/pkg/tool/linux_arm64/compile", ["/opt/hostedtoolcache/go/1.27.0/a"..., "-o", "/tmp/go-build3661820248/b031/_pk"..., "-trimpath", "/tmp/go-build3661820248/b031=>", "-p", "internal/race", "-lang=go1.27", "-std", "-complete", "-buildid", "LM_jpfbmgh_qCeAVD4lm/LM_jpfbmgh_"..., "-goversion", "go1.27.0", "-c=4", "-nolocalimports", "-importcfg", "/tmp/go-build3661820248/b031/imp"..., "-pack", "/opt/hostedtoolcache/go/1.27.0/a"..., "/opt/hostedtoolcache/go/1.27.0/a"...], 0x1051d0898908 /* 140 vars */) = 0
8585  exit_group(0)                     = ?
8581  +++ exited with 0 +++
8349  <... clone resumed>, parent_tid=[16]) = 8586
8349  waitid(P_PIDFD, 16,  <unfinished ...>
8582  +++ exited with 0 +++
8583  +++ exited with 0 +++
8584  +++ exited with 0 +++
8585  +++ exited with 0 +++
8575  +++ exited with 0 +++
8348  --- SIGCHLD {si_signo=SIGCHLD, si_code=CLD_EXITED, si_pid=8575, si_uid=1001, si_status=0, si_utime=0, si_stime=0} ---
8580  clone(child_stack=0x6eac5d7d6000, flags=CLONE_VM|CLONE_FS|CLONE_FILES|CLONE_SIGHAND|CLONE_THREAD|CLONE_SYSVSEM) = 8587
8580  clone(child_stack=0x6eac5d810000, flags=CLONE_VM|CLONE_FS|CLONE_FILES|CLONE_SIGHAND|CLONE_THREAD|CLONE_SYSVSEM <unfinished ...>
8586  clone(child_stack=0x3c6e3b610000, flags=CLONE_VM|CLONE_FS|CLONE_FILES|CLONE_SIGHAND|CLONE_THREAD|CLONE_SYSVSEM) = 8589
8586  clone(child_stack=0x3c6e3b648000, flags=CLONE_VM|CLONE_FS|CLONE_FILES|CLONE_SIGHAND|CLONE_THREAD|CLONE_SYSVSEM) = 8590
8586  clone(child_stack=0x3c6e3b644000, flags=CLONE_VM|CLONE_FS|CLONE_FILES|CLONE_SIGHAND|CLONE_THREAD|CLONE_SYSVSEM) = 8591
8351  <... waitid resumed>{si_signo=SIGCHLD, si_code=CLD_EXITED, si_pid=8575, si_uid=1001, si_status=0, si_utime=0, si_stime=0}, WEXITED, {ru_utime={tv_sec=0, tv_usec=6099}, ru_stime={tv_sec=0, tv_usec=6970}, ...}) = 0
8580  <... clone resumed>)              = 8588
8580  clone(child_stack=0x6eac5d80c000, flags=CLONE_VM|CLONE_FS|CLONE_FILES|CLONE_SIGHAND|CLONE_THREAD|CLONE_SYSVSEM) = 8592
8554  tgkill(8549, 8549, SIGURG)        = 0
8554  tgkill(8549, 8560, SIGURG <unfinished ...>
8549  --- SIGURG {si_signo=SIGURG, si_code=SI_TKILL, si_pid=8549, si_uid=1001} ---
8560  --- SIGURG {si_signo=SIGURG, si_code=SI_TKILL, si_pid=8549, si_uid=1001} ---
8554  <... tgkill resumed>)             = 0
8554  tgkill(8549, 8557, SIGURG <unfinished ...>
8557  --- SIGURG {si_signo=SIGURG, si_code=SI_TKILL, si_pid=8549, si_uid=1001} ---
8554  <... tgkill resumed>)             = 0
8580  exit_group(0)                     = ?
8588  +++ exited with 0 +++
8587  +++ exited with 0 +++
8592  +++ exited with 0 +++
8580  +++ exited with 0 +++
8348  --- SIGCHLD {si_signo=SIGCHLD, si_code=CLD_EXITED, si_pid=8580, si_uid=1001, si_status=0, si_utime=0, si_stime=0} ---
8347  <... waitid resumed>{si_signo=SIGCHLD, si_code=CLD_EXITED, si_pid=8580, si_uid=1001, si_status=0, si_utime=0, si_stime=0}, WEXITED, {ru_utime={tv_sec=0, tv_usec=1110}, ru_stime={tv_sec=0, tv_usec=5550}, ...}) = 0
8345  tgkill(8344, 8347, SIGURG)        = 0
8347  --- SIGURG {si_signo=SIGURG, si_code=SI_TKILL, si_pid=8344, si_uid=1001} ---
8554  tgkill(8549, 8562, SIGURG)        = 0
8562  --- SIGURG {si_signo=SIGURG, si_code=SI_TKILL, si_pid=8549, si_uid=1001} ---
8351  clone(child_stack=NULL, flags=CLONE_VM|CLONE_PIDFD|CLONE_VFORK|SIGCHLD <unfinished ...>
8345  tgkill(8344, 8351, SIGURG)        = 0
8589  tgkill(8586, 8590, SIGURG)        = 0
8590  --- SIGURG {si_signo=SIGURG, si_code=SI_TKILL, si_pid=8586, si_uid=1001} ---
8593  execve("/opt/hostedtoolcache/go/1.27.0/arm64/pkg/tool/linux_arm64/compile", ["/opt/hostedtoolcache/go/1.27.0/a"..., "-o", "/tmp/go-build3661820248/b032/_pk"..., "-trimpath", "/tmp/go-build3661820248/b032=>", "-p", "internal/runtime/math", "-lang=go1.27", "-std", "-complete", "-buildid", "Rl5bQFERfBHM5Kv1jXzG/Rl5bQFERfBH"..., "-goversion", "go1.27.0", "-c=4", "-nolocalimports", "-importcfg", "/tmp/go-build3661820248/b032/imp"..., "-pack", "/opt/hostedtoolcache/go/1.27.0/a"...], 0x1051d09da008 /* 140 vars */ <unfinished ...>
8351  <... clone resumed>, parent_tid=[15]) = 8593
8347  clone(child_stack=NULL, flags=CLONE_VM|CLONE_PIDFD|CLONE_VFORK|SIGCHLD <unfinished ...>
8351  --- SIGURG {si_signo=SIGURG, si_code=SI_TKILL, si_pid=8344, si_uid=1001} ---
8593  <... execve resumed>)             = 0
8591  clone(child_stack=0x3c6e3b696000, flags=CLONE_VM|CLONE_FS|CLONE_FILES|CLONE_SIGHAND|CLONE_THREAD|CLONE_SYSVSEM) = 8595
8591  exit_group(0)                     = ?
8595  +++ exited with 0 +++
8591  +++ exited with 0 +++
8589  +++ exited with 0 +++
8345  tgkill(8344, 8347, SIGURG)        = 0
8590  +++ exited with 0 +++
8586  +++ exited with 0 +++
8349  <... waitid resumed>{si_signo=SIGCHLD, si_code=CLD_EXITED, si_pid=8586, si_uid=1001, si_status=0, si_utime=0, si_stime=0}, WEXITED, {ru_utime={tv_sec=0, tv_usec=9233}, ru_stime={tv_sec=0, tv_usec=5276}, ...}) = 0
8349  --- SIGCHLD {si_signo=SIGCHLD, si_code=CLD_EXITED, si_pid=8586, si_uid=1001, si_status=0, si_utime=0, si_stime=0} ---
8594  execve("/opt/hostedtoolcache/go/1.27.0/arm64/pkg/tool/linux_arm64/compile", ["/opt/hostedtoolcache/go/1.27.0/a"..., "-o", "/tmp/go-build3661820248/b026/_pk"..., "-trimpath", "/tmp/go-build3661820248/b026=>", "-p", "internal/runtime/gc/scan", "-lang=go1.27", "-std", "-complete", "-buildid", "7N6iVycJuk80ivyeeBlj/7N6iVycJuk8"..., "-goversion", "go1.27.0", "-c=4", "-nolocalimports", "-importcfg", "/tmp/go-build3661820248/b026/imp"..., "-pack", "/opt/hostedtoolcache/go/1.27.0/a"..., "/opt/hostedtoolcache/go/1.27.0/a"..., "/opt/hostedtoolcache/go/1.27.0/a"..., "/opt/hostedtoolcache/go/1.27.0/a"..., "/opt/hostedtoolcache/go/1.27.0/a"...], 0x1051d0676d88 /* 140 vars */ <unfinished ...>
8347  <... clone resumed>, parent_tid=[21]) = 8594
8347  --- SIGURG {si_signo=SIGURG, si_code=SI_TKILL, si_pid=8344, si_uid=1001} ---
8594  <... execve resumed>)             = 0
8350  waitid(P_PIDFD, 15,  <unfinished ...>
8347  waitid(P_PIDFD, 21,  <unfinished ...>
8557  exit_group(0 <unfinished ...>
8554  ???( <unfinished ...>
8557  <... exit_group resumed>)         = ?
8562  +++ exited with 0 +++
8560  +++ exited with 0 +++
8557  +++ exited with 0 +++
8554  +++ exited with 0 +++
8593  clone(child_stack=0x44e6b1c56000, flags=CLONE_VM|CLONE_FS|CLONE_FILES|CLONE_SIGHAND|CLONE_THREAD|CLONE_SYSVSEM) = 8596
8593  clone(child_stack=0x44e6b1c90000, flags=CLONE_VM|CLONE_FS|CLONE_FILES|CLONE_SIGHAND|CLONE_THREAD|CLONE_SYSVSEM) = 8597
8596  tgkill(8593, 8593, SIGURG <unfinished ...>
8593  clone(child_stack=0x44e6b1c8c000, flags=CLONE_VM|CLONE_FS|CLONE_FILES|CLONE_SIGHAND|CLONE_THREAD|CLONE_SYSVSEM <unfinished ...>
8596  <... tgkill resumed>)             = 0
8593  <... clone resumed>)              = 8598
8593  --- SIGURG {si_signo=SIGURG, si_code=SI_TKILL, si_pid=8593, si_uid=1001} ---
8597  clone(child_stack=0x44e6b1cb0000, flags=CLONE_VM|CLONE_FS|CLONE_FILES|CLONE_SIGHAND|CLONE_THREAD|CLONE_SYSVSEM) = 8599
8348  clone(child_stack=NULL, flags=CLONE_VM|CLONE_PIDFD|CLONE_VFORK|SIGCHLD <unfinished ...>
8564  +++ exited with 0 +++
8549  +++ exited with 0 +++
8344  <... waitid resumed>{si_signo=SIGCHLD, si_code=CLD_EXITED, si_pid=8549, si_uid=1001, si_status=0, si_utime=0, si_stime=0}, WEXITED, {ru_utime={tv_sec=0, tv_usec=103367}, ru_stime={tv_sec=0, tv_usec=25143}, ...}) = 0
8349  --- SIGCHLD {si_signo=SIGCHLD, si_code=CLD_EXITED, si_pid=8549, si_uid=1001, si_status=0, si_utime=11 /* 0.11 s */, si_stime=2 /* 0.02 s */} ---
8594  clone(child_stack=0x50cbef20c000, flags=CLONE_VM|CLONE_FS|CLONE_FILES|CLONE_SIGHAND|CLONE_THREAD|CLONE_SYSVSEM) = 8601
8594  clone(child_stack=0x50cbef244000, flags=CLONE_VM|CLONE_FS|CLONE_FILES|CLONE_SIGHAND|CLONE_THREAD|CLONE_SYSVSEM <unfinished ...>
8600  execve("/opt/hostedtoolcache/go/1.27.0/arm64/pkg/tool/linux_arm64/compile", ["/opt/hostedtoolcache/go/1.27.0/a"..., "-o", "/tmp/go-build3661820248/b033/_pk"..., "-trimpath", "/tmp/go-build3661820248/b033=>", "-p", "internal/runtime/pprof/label", "-lang=go1.27", "-std", "-complete", "-buildid", "Eg8N_MxFqku91gGqShHx/Eg8N_MxFqku"..., "-goversion", "go1.27.0", "-c=4", "-nolocalimports", "-importcfg", "/tmp/go-build3661820248/b033/imp"..., "-pack", "/opt/hostedtoolcache/go/1.27.0/a"...], 0x1051d09da908 /* 140 vars */ <unfinished ...>
8594  <... clone resumed>)              = 8602
8601  tgkill(8594, 8594, SIGURG)        = 0
8594  clone(child_stack=0x50cbef240000, flags=CLONE_VM|CLONE_FS|CLONE_FILES|CLONE_SIGHAND|CLONE_THREAD|CLONE_SYSVSEM) = 8603
8600  <... execve resumed>)             = 0
8594  --- SIGURG {si_signo=SIGURG, si_code=SI_TKILL, si_pid=8594, si_uid=1001} ---
8348  <... clone resumed>, parent_tid=[13]) = 8600
8594  clone(child_stack=0x50cbef266000, flags=CLONE_VM|CLONE_FS|CLONE_FILES|CLONE_SIGHAND|CLONE_THREAD|CLONE_SYSVSEM) = 8604
8603  clone(child_stack=0x50cbef262000, flags=CLONE_VM|CLONE_FS|CLONE_FILES|CLONE_SIGHAND|CLONE_THREAD|CLONE_SYSVSEM <unfinished ...>
8348  waitid(P_PIDFD, 13,  <unfinished ...>
8603  <... clone resumed>)              = 8605
8600  clone(child_stack=0x1ee00f832000, flags=CLONE_VM|CLONE_FS|CLONE_FILES|CLONE_SIGHAND|CLONE_THREAD|CLONE_SYSVSEM) = 8606
8600  clone(child_stack=0x1ee00f86a000, flags=CLONE_VM|CLONE_FS|CLONE_FILES|CLONE_SIGHAND|CLONE_THREAD|CLONE_SYSVSEM) = 8607
8600  clone(child_stack=0x1ee00f866000, flags=CLONE_VM|CLONE_FS|CLONE_FILES|CLONE_SIGHAND|CLONE_THREAD|CLONE_SYSVSEM) = 8608
8600  clone(child_stack=0x1ee00f910000, flags=CLONE_VM|CLONE_FS|CLONE_FILES|CLONE_SIGHAND|CLONE_THREAD|CLONE_SYSVSEM <unfinished ...>
8607  clone(child_stack=0x1ee00f90c000, flags=CLONE_VM|CLONE_FS|CLONE_FILES|CLONE_SIGHAND|CLONE_THREAD|CLONE_SYSVSEM <unfinished ...>
8600  <... clone resumed>)              = 8609
8607  <... clone resumed>)              = 8610
8599  exit_group(0)                     = ?
8599  +++ exited with 0 +++
8598  +++ exited with 0 +++
8597  +++ exited with 0 +++
8596  +++ exited with 0 +++
8593  +++ exited with 0 +++
8350  <... waitid resumed>{si_signo=SIGCHLD, si_code=CLD_EXITED, si_pid=8593, si_uid=1001, si_status=0, si_utime=0, si_stime=0}, WEXITED, {ru_utime={tv_sec=0, tv_usec=7766}, ru_stime={tv_sec=0, tv_usec=5177}, ...}) = 0
8344  --- SIGCHLD {si_signo=SIGCHLD, si_code=CLD_EXITED, si_pid=8593, si_uid=1001, si_status=0, si_utime=0, si_stime=0} ---
8362  clone(child_stack=NULL, flags=CLONE_VM|CLONE_PIDFD|CLONE_VFORK|SIGCHLD <unfinished ...>
8600  exit_group(0)                     = ?
8610  +++ exited with 0 +++
8608  +++ exited with 0 +++
8609  +++ exited with 0 +++
8607  +++ exited with 0 +++
8606  +++ exited with 0 +++
8600  +++ exited with 0 +++
8350  --- SIGCHLD {si_signo=SIGCHLD, si_code=CLD_EXITED, si_pid=8600, si_uid=1001, si_status=0, si_utime=0, si_stime=0} ---
8348  <... waitid resumed>{si_signo=SIGCHLD, si_code=CLD_EXITED, si_pid=8600, si_uid=1001, si_status=0, si_utime=0, si_stime=0}, WEXITED, {ru_utime={tv_sec=0, tv_usec=7616}, ru_stime={tv_sec=0, tv_usec=5077}, ...}) = 0
8611  execve("/opt/hostedtoolcache/go/1.27.0/arm64/pkg/tool/linux_arm64/compile", ["/opt/hostedtoolcache/go/1.27.0/a"..., "-o", "/tmp/go-build3661820248/b020/_pk"..., "-trimpath", "/tmp/go-build3661820248/b020=>", "-p", "internal/runtime/cgroup", "-lang=go1.27", "-std", "-complete", "-buildid", "-5oXMvpvNUitWArimBbV/-5oXMvpvNUi"..., "-goversion", "go1.27.0", "-c=4", "-nolocalimports", "-importcfg", "/tmp/go-build3661820248/b020/imp"..., "-pack", "/opt/hostedtoolcache/go/1.27.0/a"..., "/opt/hostedtoolcache/go/1.27.0/a"..., "/opt/hostedtoolcache/go/1.27.0/a"..., "/opt/hostedtoolcache/go/1.27.0/a"...], 0x1051d0676d88 /* 140 vars */ <unfinished ...>
8362  <... clone resumed>, parent_tid=[15]) = 8611
8611  <... execve resumed>)             = 0
8362  waitid(P_PIDFD, 15,  <unfinished ...>
8605  exit_group(0)                     = ?
8605  +++ exited with 0 +++
8603  +++ exited with 0 +++
8601  +++ exited with 0 +++
8604  +++ exited with 0 +++
8602  +++ exited with 0 +++
8594  +++ exited with 0 +++
8347  <... waitid resumed>{si_signo=SIGCHLD, si_code=CLD_EXITED, si_pid=8594, si_uid=1001, si_status=0, si_utime=0, si_stime=0}, WEXITED, {ru_utime={tv_sec=0, tv_usec=14648}, ru_stime={tv_sec=0, tv_usec=8370}, ...}) = 0
8348  --- SIGCHLD {si_signo=SIGCHLD, si_code=CLD_EXITED, si_pid=8594, si_uid=1001, si_status=0, si_utime=1 /* 0.01 s */, si_stime=0} ---
8344  clone(child_stack=NULL, flags=CLONE_VM|CLONE_PIDFD|CLONE_VFORK|SIGCHLD <unfinished ...>
8345  tgkill(8344, 8344, SIGURG)        = 0
8612  execve("/opt/hostedtoolcache/go/1.27.0/arm64/pkg/tool/linux_arm64/asm", ["/opt/hostedtoolcache/go/1.27.0/a"..., "-p", "internal/runtime/maps", "-trimpath", "/tmp/go-build3661820248/b028=>", "-I", "/tmp/go-build3661820248/b028/", "-I", "/opt/hostedtoolcache/go/1.27.0/a"..., "-D", "GOOS_linux", "-D", "GOARCH_arm64", "-std", "-gensymabis", "-o", "/tmp/go-build3661820248/b028/sym"..., "/opt/hostedtoolcache/go/1.27.0/a"...], 0x1051d09da008 /* 140 vars */ <unfinished ...>
8344  <... clone resumed>, parent_tid=[16]) = 8612
8612  <... execve resumed>)             = 0
8344  --- SIGURG {si_signo=SIGURG, si_code=SI_TKILL, si_pid=8344, si_uid=1001} ---
8345  tgkill(8344, 8344, SIGURG)        = 0
8344  --- SIGURG {si_signo=SIGURG, si_code=SI_TKILL, si_pid=8344, si_uid=1001} ---
8350  clone(child_stack=NULL, flags=CLONE_VM|CLONE_PIDFD|CLONE_VFORK|SIGCHLD <unfinished ...>
8351  waitid(P_PIDFD, 16,  <unfinished ...>
8613  execve("/opt/hostedtoolcache/go/1.27.0/arm64/pkg/tool/linux_arm64/compile", ["/opt/hostedtoolcache/go/1.27.0/a"..., "-o", "/tmp/go-build3661820248/b034/_pk"..., "-trimpath", "/tmp/go-build3661820248/b034=>", "-p", "internal/stringslite", "-lang=go1.27", "-std", "-complete", "-buildid", "0N5wFt4fbj0ov3472Cb5/0N5wFt4fbj0"..., "-goversion", "go1.27.0", "-c=4", "-nolocalimports", "-importcfg", "/tmp/go-build3661820248/b034/imp"..., "-pack", "/opt/hostedtoolcache/go/1.27.0/a"...], 0x1051d0898908 /* 140 vars */ <unfinished ...>
8350  <... clone resumed>, parent_tid=[8]) = 8613
8613  <... execve resumed>)             = 0
8611  clone(child_stack=0x1e4af81d4000, flags=CLONE_VM|CLONE_FS|CLONE_FILES|CLONE_SIGHAND|CLONE_THREAD|CLONE_SYSVSEM <unfinished ...>
8350  waitid(P_PIDFD, 8,  <unfinished ...>
8611  <... clone resumed>)              = 8614
8611  clone(child_stack=0x1e4af8210000, flags=CLONE_VM|CLONE_FS|CLONE_FILES|CLONE_SIGHAND|CLONE_THREAD|CLONE_SYSVSEM) = 8615
8611  clone(child_stack=0x1e4af820c000, flags=CLONE_VM|CLONE_FS|CLONE_FILES|CLONE_SIGHAND|CLONE_THREAD|CLONE_SYSVSEM <unfinished ...>
8614  tgkill(8611, 8611, SIGURG)        = 0
8611  <... clone resumed>)              = 8616
8611  --- SIGURG {si_signo=SIGURG, si_code=SI_TKILL, si_pid=8611, si_uid=1001} ---
8615  clone(child_stack=0x1e4af8238000, flags=CLONE_VM|CLONE_FS|CLONE_FILES|CLONE_SIGHAND|CLONE_THREAD|CLONE_SYSVSEM <unfinished ...>
8611  clone(child_stack=0x1e4af8234000, flags=CLONE_VM|CLONE_FS|CLONE_FILES|CLONE_SIGHAND|CLONE_THREAD|CLONE_SYSVSEM <unfinished ...>
8615  <... clone resumed>)              = 8617
8611  <... clone resumed>)              = 8618
8348  clone(child_stack=NULL, flags=CLONE_VM|CLONE_PIDFD|CLONE_VFORK|SIGCHLD <unfinished ...>
8619  execve("/opt/hostedtoolcache/go/1.27.0/arm64/pkg/tool/linux_arm64/compile", ["/opt/hostedtoolcache/go/1.27.0/a"..., "-o", "/tmp/go-build3661820248/b035/_pk"..., "-trimpath", "/tmp/go-build3661820248/b035=>", "-p", "internal/trace/tracev2", "-lang=go1.27", "-std", "-complete", "-buildid", "9X1Bi1Su5X82KuPg6t5X/9X1Bi1Su5X8"..., "-goversion", "go1.27.0", "-c=4", "-nolocalimports", "-importcfg", "/tmp/go-build3661820248/b035/imp"..., "-pack", "/opt/hostedtoolcache/go/1.27.0/a"..., "/opt/hostedtoolcache/go/1.27.0/a"..., "/opt/hostedtoolcache/go/1.27.0/a"...], 0x1051d0677208 /* 140 vars */ <unfinished ...>
8345  tgkill(8344, 8348, SIGURG)        = 0
8348  <... clone resumed>, parent_tid=[17]) = 8619
8348  --- SIGURG {si_signo=SIGURG, si_code=SI_TKILL, si_pid=8344, si_uid=1001} ---
8619  <... execve resumed>)             = 0
8612  clone(child_stack=0x2afb54646000, flags=CLONE_VM|CLONE_FS|CLONE_FILES|CLONE_SIGHAND|CLONE_THREAD|CLONE_SYSVSEM) = 8620
8345  tgkill(8344, 8348, SIGURG)        = 0
8348  --- SIGURG {si_signo=SIGURG, si_code=SI_TKILL, si_pid=8344, si_uid=1001} ---
8612  clone(child_stack=0x2afb5467e000, flags=CLONE_VM|CLONE_FS|CLONE_FILES|CLONE_SIGHAND|CLONE_THREAD|CLONE_SYSVSEM) = 8621
8620  tgkill(8612, 8612, SIGURG)        = 0
8612  --- SIGURG {si_signo=SIGURG, si_code=SI_TKILL, si_pid=8612, si_uid=1001} ---
8348  waitid(P_PIDFD, 17,  <unfinished ...>
8612  clone(child_stack=0x2afb5467a000, flags=CLONE_VM|CLONE_FS|CLONE_FILES|CLONE_SIGHAND|CLONE_THREAD|CLONE_SYSVSEM) = 8622
8621  clone(child_stack=0x2afb546a0000, flags=CLONE_VM|CLONE_FS|CLONE_FILES|CLONE_SIGHAND|CLONE_THREAD|CLONE_SYSVSEM) = 8623
8612  clone(child_stack=0x2afb5469c000, flags=CLONE_VM|CLONE_FS|CLONE_FILES|CLONE_SIGHAND|CLONE_THREAD|CLONE_SYSVSEM) = 8624
8613  clone(child_stack=0x4ead0e3ba000, flags=CLONE_VM|CLONE_FS|CLONE_FILES|CLONE_SIGHAND|CLONE_THREAD|CLONE_SYSVSEM) = 8625
8613  clone(child_stack=0x4ead0e3f2000, flags=CLONE_VM|CLONE_FS|CLONE_FILES|CLONE_SIGHAND|CLONE_THREAD|CLONE_SYSVSEM <unfinished ...>
8625  tgkill(8613, 8613, SIGURG)        = 0
8613  <... clone resumed>)              = 8626
8613  --- SIGURG {si_signo=SIGURG, si_code=SI_TKILL, si_pid=8613, si_uid=1001} ---
8613  clone(child_stack=0x4ead0e3ee000, flags=CLONE_VM|CLONE_FS|CLONE_FILES|CLONE_SIGHAND|CLONE_THREAD|CLONE_SYSVSEM) = 8627
8626  clone(child_stack=0x4ead0e418000, flags=CLONE_VM|CLONE_FS|CLONE_FILES|CLONE_SIGHAND|CLONE_THREAD|CLONE_SYSVSEM) = 8628
8619  clone(child_stack=0x660a489b0000, flags=CLONE_VM|CLONE_FS|CLONE_FILES|CLONE_SIGHAND|CLONE_THREAD|CLONE_SYSVSEM) = 8629
8629  tgkill(8619, 8619, SIGURG)        = 0
8619  clone(child_stack=0x660a489e8000, flags=CLONE_VM|CLONE_FS|CLONE_FILES|CLONE_SIGHAND|CLONE_THREAD|CLONE_SYSVSEM) = 8630
8619  --- SIGURG {si_signo=SIGURG, si_code=SI_TKILL, si_pid=8619, si_uid=1001} ---
8619  clone(child_stack=0x660a489e4000, flags=CLONE_VM|CLONE_FS|CLONE_FILES|CLONE_SIGHAND|CLONE_THREAD|CLONE_SYSVSEM) = 8631
8630  clone(child_stack=0x660a48a18000, flags=CLONE_VM|CLONE_FS|CLONE_FILES|CLONE_SIGHAND|CLONE_THREAD|CLONE_SYSVSEM) = 8632
8612  exit_group(0)                     = ?
8624  +++ exited with 0 +++
8623  +++ exited with 0 +++
8620  +++ exited with 0 +++
8622  +++ exited with 0 +++
8621  +++ exited with 0 +++
8630  clone(child_stack=0x660a48a14000, flags=CLONE_VM|CLONE_FS|CLONE_FILES|CLONE_SIGHAND|CLONE_THREAD|CLONE_SYSVSEM) = 8633
8612  +++ exited with 0 +++
8345  --- SIGCHLD {si_signo=SIGCHLD, si_code=CLD_EXITED, si_pid=8612, si_uid=1001, si_status=0, si_utime=0, si_stime=0} ---
8351  <... waitid resumed>{si_signo=SIGCHLD, si_code=CLD_EXITED, si_pid=8612, si_uid=1001, si_status=0, si_utime=0, si_stime=0}, WEXITED, {ru_utime={tv_sec=0, tv_usec=0}, ru_stime={tv_sec=0, tv_usec=7188}, ...}) = 0
8614  tgkill(8611, 8615, SIGURG <unfinished ...>
8615  --- SIGURG {si_signo=SIGURG, si_code=SI_TKILL, si_pid=8611, si_uid=1001} ---
8614  <... tgkill resumed>)             = 0
8345  tgkill(8344, 8351, SIGURG)        = 0
8351  --- SIGURG {si_signo=SIGURG, si_code=SI_TKILL, si_pid=8344, si_uid=1001} ---
8349  clone(child_stack=NULL, flags=CLONE_VM|CLONE_PIDFD|CLONE_VFORK|SIGCHLD <unfinished ...>
8625  tgkill(8613, 8613, SIGURG <unfinished ...>
8345  tgkill(8344, 8349, SIGURG <unfinished ...>
8625  <... tgkill resumed>)             = 0
8345  <... tgkill resumed>)             = 0
8613  --- SIGURG {si_signo=SIGURG, si_code=SI_TKILL, si_pid=8613, si_uid=1001} ---
8634  execve("/opt/hostedtoolcache/go/1.27.0/arm64/pkg/tool/linux_arm64/compile", ["/opt/hostedtoolcache/go/1.27.0/a"..., "-o", "/tmp/go-build3661820248/b028/_pk"..., "-trimpath", "/tmp/go-build3661820248/b028=>", "-p", "internal/runtime/maps", "-lang=go1.27", "-std", "-buildid", "VWf-lF96smOc6_-4t8NZ/VWf-lF96smO"..., "-goversion", "go1.27.0", "-symabis", "/tmp/go-build3661820248/b028/sym"..., "-c=4", "-nolocalimports", "-importcfg", "/tmp/go-build3661820248/b028/imp"..., "-pack", "-asmhdr", "/tmp/go-build3661820248/b028/go_"..., "/opt/hostedtoolcache/go/1.27.0/a"..., "/opt/hostedtoolcache/go/1.27.0/a"..., "/opt/hostedtoolcache/go/1.27.0/a"..., "/opt/hostedtoolcache/go/1.27.0/a"..., "/opt/hostedtoolcache/go/1.27.0/a"..., "/opt/hostedtoolcache/go/1.27.0/a"..., "/opt/hostedtoolcache/go/1.27.0/a"..., "/opt/hostedtoolcache/go/1.27.0/a"..., "/opt/hostedtoolcache/go/1.27.0/a"..., "/opt/hostedtoolcache/go/1.27.0/a"..., ...], 0x1051d0898d88 /* 140 vars */ <unfinished ...>
8629  tgkill(8619, 8630, SIGURG)        = 0
8349  <... clone resumed>, parent_tid=[16]) = 8634
8634  <... execve resumed>)             = 0
8630  --- SIGURG {si_signo=SIGURG, si_code=SI_TKILL, si_pid=8619, si_uid=1001} ---
8349  --- SIGURG {si_signo=SIGURG, si_code=SI_TKILL, si_pid=8344, si_uid=1001} ---
8349  waitid(P_PIDFD, 16,  <unfinished ...>
8619  exit_group(0 <unfinished ...>
8626  exit_group(0)                     = ?
8619  <... exit_group resumed>)         = ?
8633  +++ exited with 0 +++
8632  +++ exited with 0 +++
8631  +++ exited with 0 +++
8630  +++ exited with 0 +++
8629  +++ exited with 0 +++
8627  +++ exited with 0 +++
8625  +++ exited with 0 +++
8626  +++ exited with 0 +++
8628  +++ exited with 0 +++
8613  +++ exited with 0 +++
8350  <... waitid resumed>{si_signo=SIGCHLD, si_code=CLD_EXITED, si_pid=8613, si_uid=1001, si_status=0, si_utime=0, si_stime=0}, WEXITED, {ru_utime={tv_sec=0, tv_usec=11132}, ru_stime={tv_sec=0, tv_usec=11132}, ...}) = 0
8345  --- SIGCHLD {si_signo=SIGCHLD, si_code=CLD_EXITED, si_pid=8613, si_uid=1001, si_status=0, si_utime=1 /* 0.01 s */, si_stime=1 /* 0.01 s */} ---
8619  +++ exited with 0 +++
8348  <... waitid resumed>{si_signo=SIGCHLD, si_code=CLD_EXITED, si_pid=8619, si_uid=1001, si_status=0, si_utime=0, si_stime=0}, WEXITED, {ru_utime={tv_sec=0, tv_usec=12935}, ru_stime={tv_sec=0, tv_usec=7545}, ...}) = 0
8345  --- SIGCHLD {si_signo=SIGCHLD, si_code=CLD_EXITED, si_pid=8619, si_uid=1001, si_status=0, si_utime=1 /* 0.01 s */, si_stime=0} ---
8614  tgkill(8611, 8616, SIGURG)        = 0
8616  --- SIGURG {si_signo=SIGURG, si_code=SI_TKILL, si_pid=8611, si_uid=1001} ---
8617  exit_group(0)                     = ?
8617  +++ exited with 0 +++
8614  +++ exited with 0 +++
8615  +++ exited with 0 +++
8618  +++ exited with 0 +++
8616  +++ exited with 0 +++
8611  +++ exited with 0 +++
8362  <... waitid resumed>{si_signo=SIGCHLD, si_code=CLD_EXITED, si_pid=8611, si_uid=1001, si_status=0, si_utime=0, si_stime=0}, WEXITED, {ru_utime={tv_sec=0, tv_usec=32398}, ru_stime={tv_sec=0, tv_usec=11496}, ...}) = 0
8350  --- SIGCHLD {si_signo=SIGCHLD, si_code=CLD_EXITED, si_pid=8611, si_uid=1001, si_status=0, si_utime=3 /* 0.03 s */, si_stime=1 /* 0.01 s */} ---
8634  clone(child_stack=0x1de9a5f2a000, flags=CLONE_VM|CLONE_FS|CLONE_FILES|CLONE_SIGHAND|CLONE_THREAD|CLONE_SYSVSEM) = 8635
8634  clone(child_stack=0x1de9a5f62000, flags=CLONE_VM|CLONE_FS|CLONE_FILES|CLONE_SIGHAND|CLONE_THREAD|CLONE_SYSVSEM) = 8636
8635  tgkill(8634, 8634, SIGURG)        = 0
8634  clone(child_stack=0x1de9a5f5e000, flags=CLONE_VM|CLONE_FS|CLONE_FILES|CLONE_SIGHAND|CLONE_THREAD|CLONE_SYSVSEM) = 8637
8634  --- SIGURG {si_signo=SIGURG, si_code=SI_TKILL, si_pid=8634, si_uid=1001} ---
8636  clone(child_stack=0x1de9a5f98000, flags=CLONE_VM|CLONE_FS|CLONE_FILES|CLONE_SIGHAND|CLONE_THREAD|CLONE_SYSVSEM) = 8638
8638  clone(child_stack=0x1de9a5f94000, flags=CLONE_VM|CLONE_FS|CLONE_FILES|CLONE_SIGHAND|CLONE_THREAD|CLONE_SYSVSEM) = 8639
8350  clone(child_stack=NULL, flags=CLONE_VM|CLONE_PIDFD|CLONE_VFORK|SIGCHLD <unfinished ...>
8347  tgkill(8344, 8350, SIGURG)        = 0
8347  tgkill(8344, 8348, SIGURG)        = 0
8348  --- SIGURG {si_signo=SIGURG, si_code=SI_TKILL, si_pid=8344, si_uid=1001} ---
8640  execve("/opt/hostedtoolcache/go/1.27.0/arm64/pkg/tool/linux_arm64/compile", ["/opt/hostedtoolcache/go/1.27.0/a"..., "-o", "/tmp/go-build3661820248/b037/_pk"..., "-trimpath", "/tmp/go-build3661820248/b037=>", "-p", "cmp", "-lang=go1.27", "-std", "-complete", "-buildid", "QFGCIvdatxTPzcM_mdIj/QFGCIvdatxT"..., "-goversion", "go1.27.0", "-c=4", "-nolocalimports", "-importcfg", "/tmp/go-build3661820248/b037/imp"..., "-pack", "/opt/hostedtoolcache/go/1.27.0/a"...], 0x1051d0899208 /* 140 vars */ <unfinished ...>
8350  <... clone resumed>, parent_tid=[15]) = 8640
8350  --- SIGURG {si_signo=SIGURG, si_code=SI_TKILL, si_pid=8344, si_uid=1001} ---
8640  <... execve resumed>)             = 0
8351  waitid(P_PIDFD, 15,  <unfinished ...>
8350  tgkill(8344, 8348, SIGURG)        = 0
8348  --- SIGURG {si_signo=SIGURG, si_code=SI_TKILL, si_pid=8344, si_uid=1001} ---
8347  clone(child_stack=NULL, flags=CLONE_VM|CLONE_PIDFD|CLONE_VFORK|SIGCHLD <unfinished ...>
8640  clone(child_stack=0x5965ffd50000, flags=CLONE_VM|CLONE_FS|CLONE_FILES|CLONE_SIGHAND|CLONE_THREAD|CLONE_SYSVSEM) = 8642
8642  tgkill(8640, 8640, SIGURG <unfinished ...>
8640  clone(child_stack=0x5965ffd88000, flags=CLONE_VM|CLONE_FS|CLONE_FILES|CLONE_SIGHAND|CLONE_THREAD|CLONE_SYSVSEM <unfinished ...>
8642  <... tgkill resumed>)             = 0
8640  <... clone resumed>)              = 8643
8640  --- SIGURG {si_signo=SIGURG, si_code=SI_TKILL, si_pid=8640, si_uid=1001} ---
8642  tgkill(8640, 8640, SIGURG)        = 0
8640  --- SIGURG {si_signo=SIGURG, si_code=SI_TKILL, si_pid=8640, si_uid=1001} ---
8640  clone(child_stack=0x5965ffd84000, flags=CLONE_VM|CLONE_FS|CLONE_FILES|CLONE_SIGHAND|CLONE_THREAD|CLONE_SYSVSEM <unfinished ...>
8641  execve("/opt/hostedtoolcache/go/1.27.0/arm64/pkg/tool/linux_arm64/compile", ["/opt/hostedtoolcache/go/1.27.0/a"..., "-o", "/tmp/go-build3661820248/b042/_pk"..., "-trimpath", "/tmp/go-build3661820248/b042=>", "-p", "unicode/utf8", "-lang=go1.27", "-std", "-complete", "-buildid", "sPxOZI8mvJlFH6SPYQTK/sPxOZI8mvJl"..., "-goversion", "go1.27.0", "-c=4", "-nolocalimports", "-importcfg", "/tmp/go-build3661820248/b042/imp"..., "-pack", "/opt/hostedtoolcache/go/1.27.0/a"...], 0x1051d0898908 /* 140 vars */ <unfinished ...>
8640  <... clone resumed>)              = 8644
8643  clone(child_stack=0x5965ffe18000, flags=CLONE_VM|CLONE_FS|CLONE_FILES|CLONE_SIGHAND|CLONE_THREAD|CLONE_SYSVSEM <unfinished ...>
8347  <... clone resumed>, parent_tid=[17]) = 8641
8643  <... clone resumed>)              = 8645
8641  <... execve resumed>)             = 0
8644  clone(child_stack=0x5965ffe14000, flags=CLONE_VM|CLONE_FS|CLONE_FILES|CLONE_SIGHAND|CLONE_THREAD|CLONE_SYSVSEM) = 8646
8347  waitid(P_PIDFD, 17,  <unfinished ...>
8641  clone(child_stack=0x4f9ede656000, flags=CLONE_VM|CLONE_FS|CLONE_FILES|CLONE_SIGHAND|CLONE_THREAD|CLONE_SYSVSEM) = 8647
8641  clone(child_stack=0x4f9ede690000, flags=CLONE_VM|CLONE_FS|CLONE_FILES|CLONE_SIGHAND|CLONE_THREAD|CLONE_SYSVSEM) = 8648
8641  clone(child_stack=0x4f9ede68c000, flags=CLONE_VM|CLONE_FS|CLONE_FILES|CLONE_SIGHAND|CLONE_THREAD|CLONE_SYSVSEM) = 8649
8648  clone(child_stack=0x4f9ede718000, flags=CLONE_VM|CLONE_FS|CLONE_FILES|CLONE_SIGHAND|CLONE_THREAD|CLONE_SYSVSEM) = 8650
8635  tgkill(8634, 8636, SIGURG)        = 0
8636  --- SIGURG {si_signo=SIGURG, si_code=SI_TKILL, si_pid=8634, si_uid=1001} ---
8640  exit_group(0)                     = ?
8646  +++ exited with 0 +++
8643  +++ exited with 0 +++
8642  +++ exited with 0 +++
8644  +++ exited with 0 +++
8645  +++ exited with 0 +++
8640  +++ exited with 0 +++
8346  --- SIGCHLD {si_signo=SIGCHLD, si_code=CLD_EXITED, si_pid=8640, si_uid=1001, si_status=0, si_utime=0, si_stime=0} ---
8351  <... waitid resumed>{si_signo=SIGCHLD, si_code=CLD_EXITED, si_pid=8640, si_uid=1001, si_status=0, si_utime=0, si_stime=0}, WEXITED, {ru_utime={tv_sec=0, tv_usec=5147}, ru_stime={tv_sec=0, tv_usec=6863}, ...}) = 0
8345  tgkill(8344, 8346, SIGURG)        = 0
8346  --- SIGURG {si_signo=SIGURG, si_code=SI_TKILL, si_pid=8344, si_uid=1001} ---
8647  tgkill(8641, 8641, SIGURG)        = 0
8641  --- SIGURG {si_signo=SIGURG, si_code=SI_TKILL, si_pid=8641, si_uid=1001} ---
8350  tgkill(8344, 8362, SIGURG)        = 0
8362  --- SIGURG {si_signo=SIGURG, si_code=SI_TKILL, si_pid=8344, si_uid=1001} ---
8344  clone(child_stack=NULL, flags=CLONE_VM|CLONE_PIDFD|CLONE_VFORK|SIGCHLD <unfinished ...>
8351  tgkill(8344, 8344, SIGURG)        = 0
8651  execve("/opt/hostedtoolcache/go/1.27.0/arm64/pkg/tool/linux_arm64/asm", ["/opt/hostedtoolcache/go/1.27.0/a"..., "-p", "sync/atomic", "-trimpath", "/tmp/go-build3661820248/b045=>", "-I", "/tmp/go-build3661820248/b045/", "-I", "/opt/hostedtoolcache/go/1.27.0/a"..., "-D", "GOOS_linux", "-D", "GOARCH_arm64", "-std", "-gensymabis", "-o", "/tmp/go-build3661820248/b045/sym"..., "/opt/hostedtoolcache/go/1.27.0/a"...], 0x1051d0898d88 /* 140 vars */ <unfinished ...>
8344  <... clone resumed>, parent_tid=[15]) = 8651
8651  <... execve resumed>)             = 0
8346  clone(child_stack=NULL, flags=CLONE_VM|CLONE_PIDFD|CLONE_VFORK|SIGCHLD <unfinished ...>
8351  tgkill(8344, 8346, SIGURG <unfinished ...>
8344  --- SIGURG {si_signo=SIGURG, si_code=SI_TKILL, si_pid=8344, si_uid=1001} ---
8351  <... tgkill resumed>)             = 0
8635  tgkill(8634, 8638, SIGURG)        = 0
8638  --- SIGURG {si_signo=SIGURG, si_code=SI_TKILL, si_pid=8634, si_uid=1001} ---
8652  execve("/opt/hostedtoolcache/go/1.27.0/arm64/pkg/tool/linux_arm64/asm", ["/opt/hostedtoolcache/go/1.27.0/a"..., "-p", "math", "-trimpath", "/tmp/go-build3661820248/b040=>", "-I", "/tmp/go-build3661820248/b040/", "-I", "/opt/hostedtoolcache/go/1.27.0/a"..., "-D", "GOOS_linux", "-D", "GOARCH_arm64", "-std", "-gensymabis", "-o", "/tmp/go-build3661820248/b040/sym"..., "/opt/hostedtoolcache/go/1.27.0/a"..., "/opt/hostedtoolcache/go/1.27.0/a"..., "/opt/hostedtoolcache/go/1.27.0/a"...], 0x1051d09da008 /* 140 vars */ <unfinished ...>
8346  <... clone resumed>, parent_tid=[22]) = 8652
8346  --- SIGURG {si_signo=SIGURG, si_code=SI_TKILL, si_pid=8344, si_uid=1001} ---
8652  <... execve resumed>)             = 0
8350  waitid(P_PIDFD, 15,  <unfinished ...>
8351  tgkill(8344, 8344, SIGURG)        = 0
8651  clone(child_stack=0x42ea01ff6000, flags=CLONE_VM|CLONE_FS|CLONE_FILES|CLONE_SIGHAND|CLONE_THREAD|CLONE_SYSVSEM) = 8653
8651  clone(child_stack=0x42ea0202e000, flags=CLONE_VM|CLONE_FS|CLONE_FILES|CLONE_SIGHAND|CLONE_THREAD|CLONE_SYSVSEM) = 8654
8651  clone(child_stack=0x42ea0202a000, flags=CLONE_VM|CLONE_FS|CLONE_FILES|CLONE_SIGHAND|CLONE_THREAD|CLONE_SYSVSEM) = 8655
8344  --- SIGURG {si_signo=SIGURG, si_code=SI_TKILL, si_pid=8344, si_uid=1001} ---
8344  waitid(P_PIDFD, 22,  <unfinished ...>
8345  tgkill(8344, 8351, SIGURG)        = 0
8351  --- SIGURG {si_signo=SIGURG, si_code=SI_TKILL, si_pid=8344, si_uid=1001} ---
8345  tgkill(8344, 8351, SIGURG)        = 0
8351  --- SIGURG {si_signo=SIGURG, si_code=SI_TKILL, si_pid=8344, si_uid=1001} ---
8351  tgkill(8344, 8346, SIGURG)        = 0
8346  --- SIGURG {si_signo=SIGURG, si_code=SI_TKILL, si_pid=8344, si_uid=1001} ---
8351  tgkill(8344, 8346, SIGURG)        = 0
8346  --- SIGURG {si_signo=SIGURG, si_code=SI_TKILL, si_pid=8344, si_uid=1001} ---
8652  clone(child_stack=0x2b6060008000, flags=CLONE_VM|CLONE_FS|CLONE_FILES|CLONE_SIGHAND|CLONE_THREAD|CLONE_SYSVSEM) = 8656
8652  clone(child_stack=0x2b6060040000, flags=CLONE_VM|CLONE_FS|CLONE_FILES|CLONE_SIGHAND|CLONE_THREAD|CLONE_SYSVSEM) = 8657
8652  clone(child_stack=0x2b606003c000, flags=CLONE_VM|CLONE_FS|CLONE_FILES|CLONE_SIGHAND|CLONE_THREAD|CLONE_SYSVSEM) = 8658
8657  clone(child_stack=0x2b6060098000, flags=CLONE_VM|CLONE_FS|CLONE_FILES|CLONE_SIGHAND|CLONE_THREAD|CLONE_SYSVSEM) = 8659
8654  clone(child_stack=0x42ea02098000, flags=CLONE_VM|CLONE_FS|CLONE_FILES|CLONE_SIGHAND|CLONE_THREAD|CLONE_SYSVSEM) = 8660
8653  tgkill(8651, 8654, SIGURG)        = 0
8654  --- SIGURG {si_signo=SIGURG, si_code=SI_TKILL, si_pid=8651, si_uid=1001} ---
8648  exit_group(0)                     = ?
8650  +++ exited with 0 +++
8649  +++ exited with 0 +++
8647  +++ exited with 0 +++
8648  +++ exited with 0 +++
8641  +++ exited with 0 +++
8345  --- SIGCHLD {si_signo=SIGCHLD, si_code=CLD_EXITED, si_pid=8641, si_uid=1001, si_status=0, si_utime=2 /* 0.02 s */, si_stime=1 /* 0.01 s */} ---
8347  <... waitid resumed>{si_signo=SIGCHLD, si_code=CLD_EXITED, si_pid=8641, si_uid=1001, si_status=0, si_utime=0, si_stime=0}, WEXITED, {ru_utime={tv_sec=0, tv_usec=26353}, ru_stime={tv_sec=0, tv_usec=10136}, ...}) = 0
8651  exit_group(0)                     = ?
8654  +++ exited with 0 +++
8653  +++ exited with 0 +++
8660  +++ exited with 0 +++
8655  +++ exited with 0 +++
8651  +++ exited with 0 +++
8350  <... waitid resumed>{si_signo=SIGCHLD, si_code=CLD_EXITED, si_pid=8651, si_uid=1001, si_status=0, si_utime=0, si_stime=0}, WEXITED, {ru_utime={tv_sec=0, tv_usec=1387}, ru_stime={tv_sec=0, tv_usec=4161}, ...}) = 0
8344  <... waitid resumed>0x1051d0877168, WEXITED, 0x1051d04a2240) = ? ERESTARTSYS (To be restarted if SA_RESTART is set)
8362  --- SIGCHLD {si_signo=SIGCHLD, si_code=CLD_EXITED, si_pid=8651, si_uid=1001, si_status=0, si_utime=0, si_stime=0} ---
8344  waitid(P_PIDFD, 22,  <unfinished ...>
8347  clone(child_stack=NULL, flags=CLONE_VM|CLONE_PIDFD|CLONE_VFORK|SIGCHLD <unfinished ...>
8652  exit_group(0)                     = ?
8659  +++ exited with 0 +++
8658  +++ exited with 0 +++
8657  +++ exited with 0 +++
8656  +++ exited with 0 +++
8652  +++ exited with 0 +++
8344  <... waitid resumed>{si_signo=SIGCHLD, si_code=CLD_EXITED, si_pid=8652, si_uid=1001, si_status=0, si_utime=0, si_stime=0}, WEXITED, {ru_utime={tv_sec=0, tv_usec=1878}, ru_stime={tv_sec=0, tv_usec=3757}, ...}) = 0
8350  --- SIGCHLD {si_signo=SIGCHLD, si_code=CLD_EXITED, si_pid=8652, si_uid=1001, si_status=0, si_utime=0, si_stime=0} ---
8635  tgkill(8634, 8636, SIGURG)        = 0
8636  --- SIGURG {si_signo=SIGURG, si_code=SI_TKILL, si_pid=8634, si_uid=1001} ---
8661  execve("/opt/hostedtoolcache/go/1.27.0/arm64/pkg/tool/linux_arm64/compile", ["/opt/hostedtoolcache/go/1.27.0/a"..., "-o", "/tmp/go-build3661820248/b045/_pk"..., "-trimpath", "/tmp/go-build3661820248/b045=>", "-p", "sync/atomic", "-lang=go1.27", "-std", "-buildid", "dFZnyoPPoouU29xo2DJD/dFZnyoPPoou"..., "-goversion", "go1.27.0", "-symabis", "/tmp/go-build3661820248/b045/sym"..., "-c=4", "-nolocalimports", "-importcfg", "/tmp/go-build3661820248/b045/imp"..., "-pack", "-asmhdr", "/tmp/go-build3661820248/b045/go_"..., "/opt/hostedtoolcache/go/1.27.0/a"..., "/opt/hostedtoolcache/go/1.27.0/a"..., "/opt/hostedtoolcache/go/1.27.0/a"..., "/opt/hostedtoolcache/go/1.27.0/a"...], 0x1051d0898908 /* 140 vars */ <unfinished ...>
8347  <... clone resumed>, parent_tid=[14]) = 8661
8661  <... execve resumed>)             = 0
8347  waitid(P_PIDFD, 14,  <unfinished ...>
8350  clone(child_stack=NULL, flags=CLONE_VM|CLONE_PIDFD|CLONE_VFORK|SIGCHLD <unfinished ...>
8362  clone(child_stack=NULL, flags=CLONE_VM|CLONE_PIDFD|CLONE_VFORK|SIGCHLD <unfinished ...>
8662  execve("/opt/hostedtoolcache/go/1.27.0/arm64/pkg/tool/linux_arm64/compile", ["/opt/hostedtoolcache/go/1.27.0/a"..., "-o", "/tmp/go-build3661820248/b040/_pk"..., "-trimpath", "/tmp/go-build3661820248/b040=>", "-p", "math", "-lang=go1.27", "-std", "-buildid", "XxnkyBnDjsRy3C3znD9Z/XxnkyBnDjsR"..., "-goversion", "go1.27.0", "-symabis", "/tmp/go-build3661820248/b040/sym"..., "-c=4", "-nolocalimports", "-importcfg", "/tmp/go-build3661820248/b040/imp"..., "-pack", "-asmhdr", "/tmp/go-build3661820248/b040/go_"..., "/opt/hostedtoolcache/go/1.27.0/a"..., "/opt/hostedtoolcache/go/1.27.0/a"..., "/opt/hostedtoolcache/go/1.27.0/a"..., "/opt/hostedtoolcache/go/1.27.0/a"..., "/opt/hostedtoolcache/go/1.27.0/a"..., "/opt/hostedtoolcache/go/1.27.0/a"..., "/opt/hostedtoolcache/go/1.27.0/a"..., "/opt/hostedtoolcache/go/1.27.0/a"..., "/opt/hostedtoolcache/go/1.27.0/a"..., "/opt/hostedtoolcache/go/1.27.0/a"..., ...], 0x1051d09db208 /* 140 vars */ <unfinished ...>
8350  <... clone resumed>, parent_tid=[15]) = 8662
8662  <... execve resumed>)             = 0
8663  execve("/opt/hostedtoolcache/go/1.27.0/arm64/pkg/tool/linux_arm64/compile", ["/opt/hostedtoolcache/go/1.27.0/a"..., "-o", "/tmp/go-build3661820248/b046/_pk"..., "-trimpath", "/tmp/go-build3661820248/b046=>", "-p", "internal/synctest", "-lang=go1.27", "-std", "-complete", "-buildid", "3aWHADC-mzY1BOg9tLGN/3aWHADC-mzY"..., "-goversion", "go1.27.0", "-c=4", "-nolocalimports", "-importcfg", "/tmp/go-build3661820248/b046/imp"..., "-pack", "/opt/hostedtoolcache/go/1.27.0/a"...], 0x1051d0676d88 /* 140 vars */ <unfinished ...>
8362  <... clone resumed>, parent_tid=[22]) = 8663
8663  <... execve resumed>)             = 0
8350  waitid(P_PIDFD, 15,  <unfinished ...>
8362  waitid(P_PIDFD, 22,  <unfinished ...>
8661  clone(child_stack=0x555df06b8000, flags=CLONE_VM|CLONE_FS|CLONE_FILES|CLONE_SIGHAND|CLONE_THREAD|CLONE_SYSVSEM) = 8664
8661  clone(child_stack=0x555df06f0000, flags=CLONE_VM|CLONE_FS|CLONE_FILES|CLONE_SIGHAND|CLONE_THREAD|CLONE_SYSVSEM <unfinished ...>
8664  tgkill(8661, 8661, SIGURG <unfinished ...>
8661  <... clone resumed>)              = 8665
8664  <... tgkill resumed>)             = 0
8661  --- SIGURG {si_signo=SIGURG, si_code=SI_TKILL, si_pid=8661, si_uid=1001} ---
8661  clone(child_stack=0x555df06ec000, flags=CLONE_VM|CLONE_FS|CLONE_FILES|CLONE_SIGHAND|CLONE_THREAD|CLONE_SYSVSEM) = 8666
8665  clone(child_stack=0x555df0718000, flags=CLONE_VM|CLONE_FS|CLONE_FILES|CLONE_SIGHAND|CLONE_THREAD|CLONE_SYSVSEM) = 8667
8665  clone(child_stack=0x555df0714000, flags=CLONE_VM|CLONE_FS|CLONE_FILES|CLONE_SIGHAND|CLONE_THREAD|CLONE_SYSVSEM) = 8668
8662  clone(child_stack=0x4a10709d4000, flags=CLONE_VM|CLONE_FS|CLONE_FILES|CLONE_SIGHAND|CLONE_THREAD|CLONE_SYSVSEM) = 8669
8662  clone(child_stack=0x4a1070a10000, flags=CLONE_VM|CLONE_FS|CLONE_FILES|CLONE_SIGHAND|CLONE_THREAD|CLONE_SYSVSEM) = 8670
8669  tgkill(8662, 8662, SIGURG)        = 0
8662  clone(child_stack=0x4a1070a0c000, flags=CLONE_VM|CLONE_FS|CLONE_FILES|CLONE_SIGHAND|CLONE_THREAD|CLONE_SYSVSEM) = 8671
8662  --- SIGURG {si_signo=SIGURG, si_code=SI_TKILL, si_pid=8662, si_uid=1001} ---
8670  clone(child_stack=0x4a1070a30000, flags=CLONE_VM|CLONE_FS|CLONE_FILES|CLONE_SIGHAND|CLONE_THREAD|CLONE_SYSVSEM) = 8672
8663  clone(child_stack=0x6490a4a66000, flags=CLONE_VM|CLONE_FS|CLONE_FILES|CLONE_SIGHAND|CLONE_THREAD|CLONE_SYSVSEM) = 8673
8663  clone(child_stack=0x6490a4aa0000, flags=CLONE_VM|CLONE_FS|CLONE_FILES|CLONE_SIGHAND|CLONE_THREAD|CLONE_SYSVSEM) = 8674
8673  tgkill(8663, 8663, SIGURG)        = 0
8663  clone(child_stack=0x6490a4a9c000, flags=CLONE_VM|CLONE_FS|CLONE_FILES|CLONE_SIGHAND|CLONE_THREAD|CLONE_SYSVSEM <unfinished ...>
8674  clone(child_stack=0x6490a4ac0000, flags=CLONE_VM|CLONE_FS|CLONE_FILES|CLONE_SIGHAND|CLONE_THREAD|CLONE_SYSVSEM) = 8676
8663  <... clone resumed>)              = 8675
8663  --- SIGURG {si_signo=SIGURG, si_code=SI_TKILL, si_pid=8663, si_uid=1001} ---
8669  clone(child_stack=0x4a1070e90000, flags=CLONE_VM|CLONE_FS|CLONE_FILES|CLONE_SIGHAND|CLONE_THREAD|CLONE_SYSVSEM) = 8677
8635  tgkill(8634, 8638, SIGURG <unfinished ...>
8638  --- SIGURG {si_signo=SIGURG, si_code=SI_TKILL, si_pid=8634, si_uid=1001} ---
8635  <... tgkill resumed>)             = 0
8673  tgkill(8663, 8663, SIGURG <unfinished ...>
8664  tgkill(8661, 8668, SIGURG <unfinished ...>
8673  <... tgkill resumed>)             = 0
8663  --- SIGURG {si_signo=SIGURG, si_code=SI_TKILL, si_pid=8663, si_uid=1001} ---
8668  --- SIGURG {si_signo=SIGURG, si_code=SI_TKILL, si_pid=8661, si_uid=1001} ---
8664  <... tgkill resumed>)             = 0
8669  clone(child_stack=0x4a1070e80000, flags=CLONE_VM|CLONE_FS|CLONE_FILES|CLONE_SIGHAND|CLONE_THREAD|CLONE_SYSVSEM) = 8678
8635  tgkill(8634, 8636, SIGURG)        = 0
8673  tgkill(8663, 8663, SIGURG)        = 0
8664  tgkill(8661, 8668, SIGURG)        = 0
8668  --- SIGURG {si_signo=SIGURG, si_code=SI_TKILL, si_pid=8661, si_uid=1001} ---
8663  --- SIGURG {si_signo=SIGURG, si_code=SI_TKILL, si_pid=8663, si_uid=1001} ---
8636  --- SIGURG {si_signo=SIGURG, si_code=SI_TKILL, si_pid=8634, si_uid=1001} ---
8669  tgkill(8662, 8670, SIGURG <unfinished ...>
8670  --- SIGURG {si_signo=SIGURG, si_code=SI_TKILL, si_pid=8662, si_uid=1001} ---
8669  <... tgkill resumed>)             = 0
8635  tgkill(8634, 8638, SIGURG <unfinished ...>
8663  exit_group(0)                     = ?
8675  +++ exited with 0 +++
8676  +++ exited with 0 +++
8674  +++ exited with 0 +++
8673  +++ exited with 0 +++
8663  +++ exited with 0 +++
8344  --- SIGCHLD {si_signo=SIGCHLD, si_code=CLD_EXITED, si_pid=8663, si_uid=1001, si_status=0, si_utime=0, si_stime=0} ---
8362  <... waitid resumed>{si_signo=SIGCHLD, si_code=CLD_EXITED, si_pid=8663, si_uid=1001, si_status=0, si_utime=0, si_stime=0}, WEXITED, {ru_utime={tv_sec=0, tv_usec=8102}, ru_stime={tv_sec=0, tv_usec=6944}, ...}) = 0
8638  --- SIGURG {si_signo=SIGURG, si_code=SI_TKILL, si_pid=8634, si_uid=1001} ---
8635  <... tgkill resumed>)             = 0
8669  tgkill(8662, 8670, SIGURG <unfinished ...>
8670  --- SIGURG {si_signo=SIGURG, si_code=SI_TKILL, si_pid=8662, si_uid=1001} ---
8669  <... tgkill resumed>)             = 0
8635  tgkill(8634, 8634, SIGURG)        = 0
8634  --- SIGURG {si_signo=SIGURG, si_code=SI_TKILL, si_pid=8634, si_uid=1001} ---
8635  tgkill(8634, 8637, SIGURG <unfinished ...>
8637  --- SIGURG {si_signo=SIGURG, si_code=SI_TKILL, si_pid=8634, si_uid=1001} ---
8635  <... tgkill resumed>)             = 0
8345  tgkill(8344, 8362, SIGURG <unfinished ...>
8362  --- SIGURG {si_signo=SIGURG, si_code=SI_TKILL, si_pid=8344, si_uid=1001} ---
8345  <... tgkill resumed>)             = 0
8664  tgkill(8661, 8661, SIGURG)        = 0
8635  tgkill(8634, 8636, SIGURG)        = 0
8661  --- SIGURG {si_signo=SIGURG, si_code=SI_TKILL, si_pid=8661, si_uid=1001} ---
8636  --- SIGURG {si_signo=SIGURG, si_code=SI_TKILL, si_pid=8634, si_uid=1001} ---
8669  tgkill(8662, 8670, SIGURG <unfinished ...>
8670  --- SIGURG {si_signo=SIGURG, si_code=SI_TKILL, si_pid=8662, si_uid=1001} ---
8669  <... tgkill resumed>)             = 0
8635  tgkill(8634, 8637, SIGURG)        = 0
8637  --- SIGURG {si_signo=SIGURG, si_code=SI_TKILL, si_pid=8634, si_uid=1001} ---
8664  tgkill(8661, 8665, SIGURG <unfinished ...>
8345  tgkill(8344, 8362, SIGURG <unfinished ...>
8664  <... tgkill resumed>)             = 0
8665  --- SIGURG {si_signo=SIGURG, si_code=SI_TKILL, si_pid=8661, si_uid=1001} ---
8345  <... tgkill resumed>)             = 0
8362  --- SIGURG {si_signo=SIGURG, si_code=SI_TKILL, si_pid=8344, si_uid=1001} ---
8668  exit_group(0)                     = ?
8668  +++ exited with 0 +++
8667  +++ exited with 0 +++
8665  +++ exited with 0 +++
8664  +++ exited with 0 +++
8666  +++ exited with 0 +++
8661  +++ exited with 0 +++
8344  --- SIGCHLD {si_signo=SIGCHLD, si_code=CLD_EXITED, si_pid=8661, si_uid=1001, si_status=0, si_utime=2 /* 0.02 s */, si_stime=1 /* 0.01 s */} ---
8347  <... waitid resumed>{si_signo=SIGCHLD, si_code=CLD_EXITED, si_pid=8661, si_uid=1001, si_status=0, si_utime=0, si_stime=0}, WEXITED, {ru_utime={tv_sec=0, tv_usec=27622}, ru_stime={tv_sec=0, tv_usec=16573}, ...}) = 0
8362  clone(child_stack=NULL, flags=CLONE_VM|CLONE_PIDFD|CLONE_VFORK|SIGCHLD <unfinished ...>
8347  clone(child_stack=NULL, flags=CLONE_VM|CLONE_PIDFD|CLONE_VFORK|SIGCHLD <unfinished ...>
8679  execve("/opt/hostedtoolcache/go/1.27.0/arm64/pkg/tool/linux_arm64/compile", ["/opt/hostedtoolcache/go/1.27.0/a"..., "-o", "/tmp/go-build3661820248/b047/_pk"..., "-trimpath", "/tmp/go-build3661820248/b047=>", "-p", "unicode", "-lang=go1.27", "-std", "-complete", "-buildid", "-DIhXWRMQ687XwM1JZ6Q/-DIhXWRMQ68"..., "-goversion", "go1.27.0", "-c=4", "-nolocalimports", "-importcfg", "/tmp/go-build3661820248/b047/imp"..., "-pack", "/opt/hostedtoolcache/go/1.27.0/a"..., "/opt/hostedtoolcache/go/1.27.0/a"..., "/opt/hostedtoolcache/go/1.27.0/a"..., "/opt/hostedtoolcache/go/1.27.0/a"..., "/opt/hostedtoolcache/go/1.27.0/a"...], 0x1051d0677208 /* 140 vars */ <unfinished ...>
8362  <... clone resumed>, parent_tid=[14]) = 8679
8679  <... execve resumed>)             = 0
8680  execve("/opt/hostedtoolcache/go/1.27.0/arm64/pkg/tool/linux_arm64/asm", ["/opt/hostedtoolcache/go/1.27.0/a"..., "-p", "sync/atomic", "-trimpath", "/tmp/go-build3661820248/b045=>", "-I", "/tmp/go-build3661820248/b045/", "-I", "/opt/hostedtoolcache/go/1.27.0/a"..., "-D", "GOOS_linux", "-D", "GOARCH_arm64", "-std", "-o", "/tmp/go-build3661820248/b045/asm"..., "/opt/hostedtoolcache/go/1.27.0/a"...], 0x1051d09db688 /* 140 vars */ <unfinished ...>
8347  <... clone resumed>, parent_tid=[22]) = 8680
8680  <... execve resumed>)             = 0
8362  waitid(P_PIDFD, 14,  <unfinished ...>
8347  waitid(P_PIDFD, 22,  <unfinished ...>
8635  tgkill(8634, 8637, SIGURG)        = 0
8637  --- SIGURG {si_signo=SIGURG, si_code=SI_TKILL, si_pid=8634, si_uid=1001} ---
8669  tgkill(8662, 8670, SIGURG)        = 0
8670  --- SIGURG {si_signo=SIGURG, si_code=SI_TKILL, si_pid=8662, si_uid=1001} ---
8680  clone(child_stack=0x7661acc74000, flags=CLONE_VM|CLONE_FS|CLONE_FILES|CLONE_SIGHAND|CLONE_THREAD|CLONE_SYSVSEM) = 8681
8679  clone(child_stack=0x4bb5c1fe8000, flags=CLONE_VM|CLONE_FS|CLONE_FILES|CLONE_SIGHAND|CLONE_THREAD|CLONE_SYSVSEM) = 8682
8680  clone(child_stack=0x7661accac000, flags=CLONE_VM|CLONE_FS|CLONE_FILES|CLONE_SIGHAND|CLONE_THREAD|CLONE_SYSVSEM) = 8683
8679  clone(child_stack=0x4bb5c2020000, flags=CLONE_VM|CLONE_FS|CLONE_FILES|CLONE_SIGHAND|CLONE_THREAD|CLONE_SYSVSEM) = 8684
8680  clone(child_stack=0x7661acca8000, flags=CLONE_VM|CLONE_FS|CLONE_FILES|CLONE_SIGHAND|CLONE_THREAD|CLONE_SYSVSEM) = 8685
8682  tgkill(8679, 8679, SIGURG)        = 0
8679  --- SIGURG {si_signo=SIGURG, si_code=SI_TKILL, si_pid=8679, si_uid=1001} ---
8679  clone(child_stack=0x4bb5c201c000, flags=CLONE_VM|CLONE_FS|CLONE_FILES|CLONE_SIGHAND|CLONE_THREAD|CLONE_SYSVSEM) = 8686
8680  clone(child_stack=0x7661acd14000, flags=CLONE_VM|CLONE_FS|CLONE_FILES|CLONE_SIGHAND|CLONE_THREAD|CLONE_SYSVSEM) = 8687
8683  clone(child_stack=0x7661acd18000, flags=CLONE_VM|CLONE_FS|CLONE_FILES|CLONE_SIGHAND|CLONE_THREAD|CLONE_SYSVSEM) = 8688
8680  exit_group(0)                     = ?
8687  +++ exited with 0 +++
8683  +++ exited with 0 +++
8685  +++ exited with 0 +++
8681  +++ exited with 0 +++
8688  +++ exited with 0 +++
8680  +++ exited with 0 +++
8347  <... waitid resumed>{si_signo=SIGCHLD, si_code=CLD_EXITED, si_pid=8680, si_uid=1001, si_status=0, si_utime=0, si_stime=0}, WEXITED, {ru_utime={tv_sec=0, tv_usec=2617}, ru_stime={tv_sec=0, tv_usec=2617}, ...}) = 0
8344  --- SIGCHLD {si_signo=SIGCHLD, si_code=CLD_EXITED, si_pid=8680, si_uid=1001, si_status=0, si_utime=0, si_stime=0} ---
8684  clone(child_stack=0x4bb5c206c000, flags=CLONE_VM|CLONE_FS|CLONE_FILES|CLONE_SIGHAND|CLONE_THREAD|CLONE_SYSVSEM <unfinished ...>
8669  tgkill(8662, 8677, SIGURG <unfinished ...>
8677  --- SIGURG {si_signo=SIGURG, si_code=SI_TKILL, si_pid=8662, si_uid=1001} ---
8669  <... tgkill resumed>)             = 0
8684  <... clone resumed>)              = 8689
8669  tgkill(8662, 8678, SIGURG <unfinished ...>
8678  --- SIGURG {si_signo=SIGURG, si_code=SI_TKILL, si_pid=8662, si_uid=1001} ---
8669  <... tgkill resumed>)             = 0
8669  tgkill(8662, 8671, SIGURG <unfinished ...>
8671  --- SIGURG {si_signo=SIGURG, si_code=SI_TKILL, si_pid=8662, si_uid=1001} ---
8669  <... tgkill resumed>)             = 0
8682  clone(child_stack=0x4bb5c23f4000, flags=CLONE_VM|CLONE_FS|CLONE_FILES|CLONE_SIGHAND|CLONE_THREAD|CLONE_SYSVSEM) = 8690
8637  exit_group(0)                     = ?
8638  +++ exited with 0 +++
8637  +++ exited with 0 +++
8639  +++ exited with 0 +++
8636  +++ exited with 0 +++
8669  tgkill(8662, 8670, SIGURG)        = 0
8670  --- SIGURG {si_signo=SIGURG, si_code=SI_TKILL, si_pid=8662, si_uid=1001} ---
8344  clone(child_stack=NULL, flags=CLONE_VM|CLONE_PIDFD|CLONE_VFORK|SIGCHLD <unfinished ...>
8345  tgkill(8344, 8344, SIGURG)        = 0
8635  +++ exited with 0 +++
8634  +++ exited with 0 +++
8349  <... waitid resumed>{si_signo=SIGCHLD, si_code=CLD_EXITED, si_pid=8634, si_uid=1001, si_status=0, si_utime=0, si_stime=0}, WEXITED, {ru_utime={tv_sec=0, tv_usec=161005}, ru_stime={tv_sec=0, tv_usec=32779}, ...}) = 0
8349  --- SIGCHLD {si_signo=SIGCHLD, si_code=CLD_EXITED, si_pid=8634, si_uid=1001, si_status=0, si_utime=16 /* 0.16 s */, si_stime=3 /* 0.03 s */} ---
8349  clone(child_stack=NULL, flags=CLONE_VM|CLONE_PIDFD|CLONE_VFORK|SIGCHLD <unfinished ...>
8691  execve("/opt/hostedtoolcache/go/1.27.0/arm64/pkg/tool/linux_arm64/compile", ["/opt/hostedtoolcache/go/1.27.0/a"..., "-o", "/tmp/go-build3661820248/b044/_pk"..., "-trimpath", "/tmp/go-build3661820248/b044=>", "-p", "internal/sync", "-lang=go1.27", "-std", "-complete", "-buildid", "btWE74ZEOj8X9DgFHmzJ/btWE74ZEOj8"..., "-goversion", "go1.27.0", "-c=4", "-nolocalimports", "-importcfg", "/tmp/go-build3661820248/b044/imp"..., "-pack", "/opt/hostedtoolcache/go/1.27.0/a"..., "/opt/hostedtoolcache/go/1.27.0/a"..., "/opt/hostedtoolcache/go/1.27.0/a"...], 0x1051d09dbb08 /* 140 vars */ <unfinished ...>
8344  <... clone resumed>, parent_tid=[18]) = 8691
8691  <... execve resumed>)             = 0
8344  --- SIGURG {si_signo=SIGURG, si_code=SI_TKILL, si_pid=8344, si_uid=1001} ---
8682  tgkill(8679, 8679, SIGURG)        = 0
8679  --- SIGURG {si_signo=SIGURG, si_code=SI_TKILL, si_pid=8679, si_uid=1001} ---
8692  execve("/opt/hostedtoolcache/go/1.27.0/arm64/pkg/tool/linux_arm64/asm", ["/opt/hostedtoolcache/go/1.27.0/a"..., "-p", "internal/runtime/maps", "-trimpath", "/tmp/go-build3661820248/b028=>", "-I", "/tmp/go-build3661820248/b028/", "-I", "/opt/hostedtoolcache/go/1.27.0/a"..., "-D", "GOOS_linux", "-D", "GOARCH_arm64", "-std", "-o", "/tmp/go-build3661820248/b028/mem"..., "/opt/hostedtoolcache/go/1.27.0/a"...], 0x1051d0899208 /* 140 vars */ <unfinished ...>
8349  <... clone resumed>, parent_tid=[22]) = 8692
8692  <... execve resumed>)             = 0
8349  waitid(P_PIDFD, 22,  <unfinished ...>
8344  waitid(P_PIDFD, 18,  <unfinished ...>
8691  clone(child_stack=0x51bef6dda000, flags=CLONE_VM|CLONE_FS|CLONE_FILES|CLONE_SIGHAND|CLONE_THREAD|CLONE_SYSVSEM) = 8693
8691  clone(child_stack=0x51bef6e12000, flags=CLONE_VM|CLONE_FS|CLONE_FILES|CLONE_SIGHAND|CLONE_THREAD|CLONE_SYSVSEM <unfinished ...>
8693  tgkill(8691, 8691, SIGURG)        = 0
8691  <... clone resumed>)              = 8694
8691  --- SIGURG {si_signo=SIGURG, si_code=SI_TKILL, si_pid=8691, si_uid=1001} ---
8693  tgkill(8691, 8691, SIGURG)        = 0
8691  clone(child_stack=0x51bef6e0e000, flags=CLONE_VM|CLONE_FS|CLONE_FILES|CLONE_SIGHAND|CLONE_THREAD|CLONE_SYSVSEM) = 8695
8691  --- SIGURG {si_signo=SIGURG, si_code=SI_TKILL, si_pid=8691, si_uid=1001} ---
8694  clone(child_stack=0x51bef6e98000, flags=CLONE_VM|CLONE_FS|CLONE_FILES|CLONE_SIGHAND|CLONE_THREAD|CLONE_SYSVSEM) = 8696
8677  exit_group(0)                     = ?
8677  +++ exited with 0 +++
8678  +++ exited with 0 +++
8672  +++ exited with 0 +++
8671  +++ exited with 0 +++
8670  +++ exited with 0 +++
8669  +++ exited with 0 +++
8692  clone(child_stack=0x24ae8a98e000, flags=CLONE_VM|CLONE_FS|CLONE_FILES|CLONE_SIGHAND|CLONE_THREAD|CLONE_SYSVSEM) = 8697
8692  clone(child_stack=0x24ae8a9c6000, flags=CLONE_VM|CLONE_FS|CLONE_FILES|CLONE_SIGHAND|CLONE_THREAD|CLONE_SYSVSEM) = 8698
8692  clone(child_stack=0x24ae8a9c2000, flags=CLONE_VM|CLONE_FS|CLONE_FILES|CLONE_SIGHAND|CLONE_THREAD|CLONE_SYSVSEM) = 8699
8662  +++ exited with 0 +++
8350  <... waitid resumed>{si_signo=SIGCHLD, si_code=CLD_EXITED, si_pid=8662, si_uid=1001, si_status=0, si_utime=0, si_stime=0}, WEXITED, {ru_utime={tv_sec=0, tv_usec=110757}, ru_stime={tv_sec=0, tv_usec=29404}, ...}) = 0
8347  --- SIGCHLD {si_signo=SIGCHLD, si_code=CLD_EXITED, si_pid=8662, si_uid=1001, si_status=0, si_utime=11 /* 0.11 s */, si_stime=3 /* 0.03 s */} ---
8698  clone(child_stack=0x24ae8aa18000, flags=CLONE_VM|CLONE_FS|CLONE_FILES|CLONE_SIGHAND|CLONE_THREAD|CLONE_SYSVSEM) = 8700
8700  clone(child_stack=0x24ae8aa14000, flags=CLONE_VM|CLONE_FS|CLONE_FILES|CLONE_SIGHAND|CLONE_THREAD|CLONE_SYSVSEM) = 8701
8350  clone(child_stack=NULL, flags=CLONE_VM|CLONE_PIDFD|CLONE_VFORK|SIGCHLD <unfinished ...>
8702  execve("/opt/hostedtoolcache/go/1.27.0/arm64/pkg/tool/linux_arm64/asm", ["/opt/hostedtoolcache/go/1.27.0/a"..., "-p", "math", "-trimpath", "/tmp/go-build3661820248/b040=>", "-I", "/tmp/go-build3661820248/b040/", "-I", "/opt/hostedtoolcache/go/1.27.0/a"..., "-D", "GOOS_linux", "-D", "GOARCH_arm64", "-std", "-o", "/tmp/go-build3661820248/b040/dim"..., "/opt/hostedtoolcache/go/1.27.0/a"...], 0x1051d07b9208 /* 140 vars */ <unfinished ...>
8350  <... clone resumed>, parent_tid=[15]) = 8702
8702  <... execve resumed>)             = 0
8350  waitid(P_PIDFD, 15,  <unfinished ...>
8702  clone(child_stack=0x69893c69c000, flags=CLONE_VM|CLONE_FS|CLONE_FILES|CLONE_SIGHAND|CLONE_THREAD|CLONE_SYSVSEM) = 8703
8702  clone(child_stack=0x69893c6d4000, flags=CLONE_VM|CLONE_FS|CLONE_FILES|CLONE_SIGHAND|CLONE_THREAD|CLONE_SYSVSEM) = 8704
8702  clone(child_stack=0x69893c6d0000, flags=CLONE_VM|CLONE_FS|CLONE_FILES|CLONE_SIGHAND|CLONE_THREAD|CLONE_SYSVSEM) = 8705
8682  tgkill(8679, 8679, SIGURG)        = 0
8679  --- SIGURG {si_signo=SIGURG, si_code=SI_TKILL, si_pid=8679, si_uid=1001} ---
8704  clone(child_stack=0x69893c718000, flags=CLONE_VM|CLONE_FS|CLONE_FILES|CLONE_SIGHAND|CLONE_THREAD|CLONE_SYSVSEM) = 8706
8697  tgkill(8692, 8692, SIGURG)        = 0
8692  --- SIGURG {si_signo=SIGURG, si_code=SI_TKILL, si_pid=8692, si_uid=1001} ---
8692  exit_group(0)                     = ?
8700  +++ exited with 0 +++
8698  +++ exited with 0 +++
8697  +++ exited with 0 +++
8699  +++ exited with 0 +++
8701  +++ exited with 0 +++
8692  +++ exited with 0 +++
8347  --- SIGCHLD {si_signo=SIGCHLD, si_code=CLD_EXITED, si_pid=8692, si_uid=1001, si_status=0, si_utime=0, si_stime=0} ---
8349  <... waitid resumed>{si_signo=SIGCHLD, si_code=CLD_EXITED, si_pid=8692, si_uid=1001, si_status=0, si_utime=0, si_stime=0}, WEXITED, {ru_utime={tv_sec=0, tv_usec=3600}, ru_stime={tv_sec=0, tv_usec=4501}, ...}) = 0
8693  tgkill(8691, 8694, SIGURG <unfinished ...>
8694  --- SIGURG {si_signo=SIGURG, si_code=SI_TKILL, si_pid=8691, si_uid=1001} ---
8693  <... tgkill resumed>)             = 0
8702  exit_group(0)                     = ?
8706  +++ exited with 0 +++
8705  +++ exited with 0 +++
8704  +++ exited with 0 +++
8703  +++ exited with 0 +++
8702  +++ exited with 0 +++
8350  <... waitid resumed>{si_signo=SIGCHLD, si_code=CLD_EXITED, si_pid=8702, si_uid=1001, si_status=0, si_utime=0, si_stime=0}, WEXITED, {ru_utime={tv_sec=0, tv_usec=1396}, ru_stime={tv_sec=0, tv_usec=4189}, ...}) = 0
8351  --- SIGCHLD {si_signo=SIGCHLD, si_code=CLD_EXITED, si_pid=8702, si_uid=1001, si_status=0, si_utime=0, si_stime=0} ---
8351  clone(child_stack=NULL, flags=CLONE_VM|CLONE_PIDFD|CLONE_VFORK|SIGCHLD <unfinished ...>
8707  execve("/opt/hostedtoolcache/go/1.27.0/arm64/pkg/tool/linux_arm64/asm", ["/opt/hostedtoolcache/go/1.27.0/a"..., "-p", "math", "-trimpath", "/tmp/go-build3661820248/b040=>", "-I", "/tmp/go-build3661820248/b040/", "-I", "/opt/hostedtoolcache/go/1.27.0/a"..., "-D", "GOOS_linux", "-D", "GOARCH_arm64", "-std", "-o", "/tmp/go-build3661820248/b040/exp"..., "/opt/hostedtoolcache/go/1.27.0/a"...], 0x1051d07b9688 /* 140 vars */ <unfinished ...>
8351  <... clone resumed>, parent_tid=[16]) = 8707
8707  <... execve resumed>)             = 0
8351  waitid(P_PIDFD, 16,  <unfinished ...>
8695  exit_group(0)                     = ?
8696  +++ exited with 0 +++
8695  +++ exited with 0 +++
8694  +++ exited with 0 +++
8693  +++ exited with 0 +++
8691  +++ exited with 0 +++
8344  <... waitid resumed>{si_signo=SIGCHLD, si_code=CLD_EXITED, si_pid=8691, si_uid=1001, si_status=0, si_utime=0, si_stime=0}, WEXITED, {ru_utime={tv_sec=0, tv_usec=15136}, ru_stime={tv_sec=0, tv_usec=10811}, ...}) = 0
8347  --- SIGCHLD {si_signo=SIGCHLD, si_code=CLD_EXITED, si_pid=8691, si_uid=1001, si_status=0, si_utime=1 /* 0.01 s */, si_stime=1 /* 0.01 s */} ---
8707  clone(child_stack=0x65dc25784000, flags=CLONE_VM|CLONE_FS|CLONE_FILES|CLONE_SIGHAND|CLONE_THREAD|CLONE_SYSVSEM) = 8708
8707  clone(child_stack=0x65dc257bc000, flags=CLONE_VM|CLONE_FS|CLONE_FILES|CLONE_SIGHAND|CLONE_THREAD|CLONE_SYSVSEM) = 8709
8708  tgkill(8707, 8707, SIGURG)        = 0
8707  clone(child_stack=0x65dc257b8000, flags=CLONE_VM|CLONE_FS|CLONE_FILES|CLONE_SIGHAND|CLONE_THREAD|CLONE_SYSVSEM) = 8710
8707  --- SIGURG {si_signo=SIGURG, si_code=SI_TKILL, si_pid=8707, si_uid=1001} ---
8709  clone(child_stack=0x65dc25818000, flags=CLONE_VM|CLONE_FS|CLONE_FILES|CLONE_SIGHAND|CLONE_THREAD|CLONE_SYSVSEM) = 8711
8682  tgkill(8679, 8690, SIGURG <unfinished ...>
8690  --- SIGURG {si_signo=SIGURG, si_code=SI_TKILL, si_pid=8679, si_uid=1001} ---
8682  <... tgkill resumed>)             = 0
8707  exit_group(0)                     = ?
8710  +++ exited with 0 +++
8709  +++ exited with 0 +++
8708  +++ exited with 0 +++
8347  clone(child_stack=NULL, flags=CLONE_VM|CLONE_PIDFD|CLONE_VFORK|SIGCHLD <unfinished ...>
8711  +++ exited with 0 +++
8707  +++ exited with 0 +++
8350  --- SIGCHLD {si_signo=SIGCHLD, si_code=CLD_EXITED, si_pid=8707, si_uid=1001, si_status=0, si_utime=0, si_stime=0} ---
8351  <... waitid resumed>{si_signo=SIGCHLD, si_code=CLD_EXITED, si_pid=8707, si_uid=1001, si_status=0, si_utime=0, si_stime=0}, WEXITED, {ru_utime={tv_sec=0, tv_usec=1037}, ru_stime={tv_sec=0, tv_usec=6223}, ...}) = 0
8344  clone(child_stack=NULL, flags=CLONE_VM|CLONE_PIDFD|CLONE_VFORK|SIGCHLD <unfinished ...>
8712  execve("/opt/hostedtoolcache/go/1.27.0/arm64/pkg/tool/linux_arm64/compile", ["/opt/hostedtoolcache/go/1.27.0/a"..., "-o", "/tmp/go-build3661820248/b063/_pk"..., "-trimpath", "/tmp/go-build3661820248/b063=>", "-p", "github.com/type-rb/type-rb-nativ"..., "-lang=go1.27", "-complete", "-buildid", "ZiHiKx7kwsD9gI7x8QG4/ZiHiKx7kwsD"..., "-goversion", "go1.27.0", "-c=4", "-nolocalimports", "-importcfg", "/tmp/go-build3661820248/b063/imp"..., "-pack", "/tmp/trb-build-768960067/trb/std"...], 0x1051d07b9208 /* 140 vars */ <unfinished ...>
8347  <... clone resumed>, parent_tid=[17]) = 8712
8712  <... execve resumed>)             = 0
8713  execve("/opt/hostedtoolcache/go/1.27.0/arm64/pkg/tool/linux_arm64/asm", ["/opt/hostedtoolcache/go/1.27.0/a"..., "-p", "math", "-trimpath", "/tmp/go-build3661820248/b040=>", "-I", "/tmp/go-build3661820248/b040/", "-I", "/opt/hostedtoolcache/go/1.27.0/a"..., "-D", "GOOS_linux", "-D", "GOARCH_arm64", "-std", "-o", "/tmp/go-build3661820248/b040/flo"..., "/opt/hostedtoolcache/go/1.27.0/a"...], 0x1051d0898908 /* 140 vars */ <unfinished ...>
8344  <... clone resumed>, parent_tid=[21]) = 8713
8713  <... execve resumed>)             = 0
8344  waitid(P_PIDFD, 21,  <unfinished ...>
8347  waitid(P_PIDFD, 17,  <unfinished ...>
8712  clone(child_stack=0x321b1e9a0000, flags=CLONE_VM|CLONE_FS|CLONE_FILES|CLONE_SIGHAND|CLONE_THREAD|CLONE_SYSVSEM) = 8714
8712  clone(child_stack=0x321b1e9d8000, flags=CLONE_VM|CLONE_FS|CLONE_FILES|CLONE_SIGHAND|CLONE_THREAD|CLONE_SYSVSEM) = 8715
8712  clone(child_stack=0x321b1e9d4000, flags=CLONE_VM|CLONE_FS|CLONE_FILES|CLONE_SIGHAND|CLONE_THREAD|CLONE_SYSVSEM) = 8716
8715  clone(child_stack=0x321b1ea18000, flags=CLONE_VM|CLONE_FS|CLONE_FILES|CLONE_SIGHAND|CLONE_THREAD|CLONE_SYSVSEM) = 8717
8713  clone(child_stack=0xfa09cda4000, flags=CLONE_VM|CLONE_FS|CLONE_FILES|CLONE_SIGHAND|CLONE_THREAD|CLONE_SYSVSEM) = 8718
8718  tgkill(8713, 8713, SIGURG <unfinished ...>
8713  clone(child_stack=0xfa09cddc000, flags=CLONE_VM|CLONE_FS|CLONE_FILES|CLONE_SIGHAND|CLONE_THREAD|CLONE_SYSVSEM <unfinished ...>
8718  <... tgkill resumed>)             = 0
8713  <... clone resumed>)              = 8719
8713  --- SIGURG {si_signo=SIGURG, si_code=SI_TKILL, si_pid=8713, si_uid=1001} ---
8713  clone(child_stack=0xfa09cdd8000, flags=CLONE_VM|CLONE_FS|CLONE_FILES|CLONE_SIGHAND|CLONE_THREAD|CLONE_SYSVSEM) = 8720
8719  clone(child_stack=0xfa09ce18000, flags=CLONE_VM|CLONE_FS|CLONE_FILES|CLONE_SIGHAND|CLONE_THREAD|CLONE_SYSVSEM) = 8721
8345  tgkill(8344, 8350, SIGURG)        = 0
8350  --- SIGURG {si_signo=SIGURG, si_code=SI_TKILL, si_pid=8344, si_uid=1001} ---
8713  exit_group(0)                     = ?
8721  +++ exited with 0 +++
8719  +++ exited with 0 +++
8718  +++ exited with 0 +++
8720  +++ exited with 0 +++
8713  +++ exited with 0 +++
8345  --- SIGCHLD {si_signo=SIGCHLD, si_code=CLD_EXITED, si_pid=8713, si_uid=1001, si_status=0, si_utime=0, si_stime=0} ---
8344  <... waitid resumed>{si_signo=SIGCHLD, si_code=CLD_EXITED, si_pid=8713, si_uid=1001, si_status=0, si_utime=0, si_stime=0}, WEXITED, {ru_utime={tv_sec=0, tv_usec=0}, ru_stime={tv_sec=0, tv_usec=6245}, ...}) = 0
8682  tgkill(8679, 8689, SIGURG)        = 0
8689  --- SIGURG {si_signo=SIGURG, si_code=SI_TKILL, si_pid=8679, si_uid=1001} ---
8350  tgkill(8344, 8349, SIGURG)        = 0
8349  --- SIGURG {si_signo=SIGURG, si_code=SI_TKILL, si_pid=8344, si_uid=1001} ---
8350  tgkill(8344, 8349, SIGURG)        = 0
8349  --- SIGURG {si_signo=SIGURG, si_code=SI_TKILL, si_pid=8344, si_uid=1001} ---
8712  exit_group(0)                     = ?
8717  +++ exited with 0 +++
8716  +++ exited with 0 +++
8715  +++ exited with 0 +++
8714  +++ exited with 0 +++
8712  +++ exited with 0 +++
8344  --- SIGCHLD {si_signo=SIGCHLD, si_code=CLD_EXITED, si_pid=8712, si_uid=1001, si_status=0, si_utime=0, si_stime=0} ---
8347  <... waitid resumed>{si_signo=SIGCHLD, si_code=CLD_EXITED, si_pid=8712, si_uid=1001, si_status=0, si_utime=0, si_stime=0}, WEXITED, {ru_utime={tv_sec=0, tv_usec=4671}, ru_stime={tv_sec=0, tv_usec=6540}, ...}) = 0
8682  tgkill(8679, 8690, SIGURG <unfinished ...>
8690  --- SIGURG {si_signo=SIGURG, si_code=SI_TKILL, si_pid=8679, si_uid=1001} ---
8682  <... tgkill resumed>)             = 0
8690  exit_group(0)                     = ?
8690  +++ exited with 0 +++
8689  +++ exited with 0 +++
8684  +++ exited with 0 +++
8682  +++ exited with 0 +++
8686  +++ exited with 0 +++
8679  +++ exited with 0 +++
8347  --- SIGCHLD {si_signo=SIGCHLD, si_code=CLD_EXITED, si_pid=8679, si_uid=1001, si_status=0, si_utime=9 /* 0.09 s */, si_stime=2 /* 0.02 s */} ---
8362  <... waitid resumed>{si_signo=SIGCHLD, si_code=CLD_EXITED, si_pid=8679, si_uid=1001, si_status=0, si_utime=0, si_stime=0}, WEXITED, {ru_utime={tv_sec=0, tv_usec=97626}, ru_stime={tv_sec=0, tv_usec=24406}, ...}) = 0
8345  tgkill(8344, 8349, SIGURG)        = 0
8349  --- SIGURG {si_signo=SIGURG, si_code=SI_TKILL, si_pid=8344, si_uid=1001} ---
8347  tgkill(8344, 8362, SIGURG)        = 0
8362  --- SIGURG {si_signo=SIGURG, si_code=SI_TKILL, si_pid=8344, si_uid=1001} ---
8362  clone(child_stack=NULL, flags=CLONE_VM|CLONE_PIDFD|CLONE_VFORK|SIGCHLD <unfinished ...>
8722  execve("/opt/hostedtoolcache/go/1.27.0/arm64/pkg/tool/linux_arm64/asm", ["/opt/hostedtoolcache/go/1.27.0/a"..., "-p", "runtime", "-trimpath", "/tmp/go-build3661820248/b009=>", "-I", "/tmp/go-build3661820248/b009/", "-I", "/opt/hostedtoolcache/go/1.27.0/a"..., "-D", "GOOS_linux", "-D", "GOARCH_arm64", "-std", "-gensymabis", "-o", "/tmp/go-build3661820248/b009/sym"..., "/opt/hostedtoolcache/go/1.27.0/a"..., "/opt/hostedtoolcache/go/1.27.0/a"..., "/opt/hostedtoolcache/go/1.27.0/a"..., "/opt/hostedtoolcache/go/1.27.0/a"..., "/opt/hostedtoolcache/go/1.27.0/a"..., "/opt/hostedtoolcache/go/1.27.0/a"..., "/opt/hostedtoolcache/go/1.27.0/a"..., "/opt/hostedtoolcache/go/1.27.0/a"..., "/opt/hostedtoolcache/go/1.27.0/a"..., "/opt/hostedtoolcache/go/1.27.0/a"..., "/opt/hostedtoolcache/go/1.27.0/a"...], 0x1051d0898908 /* 140 vars */ <unfinished ...>
8362  <... clone resumed>, parent_tid=[12]) = 8722
8722  <... execve resumed>)             = 0
8362  waitid(P_PIDFD, 12,  <unfinished ...>
8722  clone(child_stack=0x6c513a1c4000, flags=CLONE_VM|CLONE_FS|CLONE_FILES|CLONE_SIGHAND|CLONE_THREAD|CLONE_SYSVSEM) = 8723
8722  clone(child_stack=0x6c513a1fc000, flags=CLONE_VM|CLONE_FS|CLONE_FILES|CLONE_SIGHAND|CLONE_THREAD|CLONE_SYSVSEM) = 8724
8723  tgkill(8722, 8722, SIGURG)        = 0
8722  clone(child_stack=0x6c513a1f8000, flags=CLONE_VM|CLONE_FS|CLONE_FILES|CLONE_SIGHAND|CLONE_THREAD|CLONE_SYSVSEM) = 8725
8722  --- SIGURG {si_signo=SIGURG, si_code=SI_TKILL, si_pid=8722, si_uid=1001} ---
8724  clone(child_stack=0x6c513a228000, flags=CLONE_VM|CLONE_FS|CLONE_FILES|CLONE_SIGHAND|CLONE_THREAD|CLONE_SYSVSEM) = 8726
8723  tgkill(8722, 8725, SIGURG)        = 0
8725  --- SIGURG {si_signo=SIGURG, si_code=SI_TKILL, si_pid=8722, si_uid=1001} ---
8723  tgkill(8722, 8722, SIGURG)        = 0
8722  --- SIGURG {si_signo=SIGURG, si_code=SI_TKILL, si_pid=8722, si_uid=1001} ---
8723  tgkill(8722, 8722, SIGURG)        = 0
8722  --- SIGURG {si_signo=SIGURG, si_code=SI_TKILL, si_pid=8722, si_uid=1001} ---
8722  exit_group(0)                     = ?
8726  +++ exited with 0 +++
8725  +++ exited with 0 +++
8724  +++ exited with 0 +++
8723  +++ exited with 0 +++
8722  +++ exited with 0 +++
8347  --- SIGCHLD {si_signo=SIGCHLD, si_code=CLD_EXITED, si_pid=8722, si_uid=1001, si_status=0, si_utime=0, si_stime=1 /* 0.01 s */} ---
8362  <... waitid resumed>{si_signo=SIGCHLD, si_code=CLD_EXITED, si_pid=8722, si_uid=1001, si_status=0, si_utime=0, si_stime=0}, WEXITED, {ru_utime={tv_sec=0, tv_usec=5737}, ru_stime={tv_sec=0, tv_usec=12623}, ...}) = 0
8347  clone(child_stack=NULL, flags=CLONE_VM|CLONE_PIDFD|CLONE_VFORK|SIGCHLD <unfinished ...>
8727  execve("/opt/hostedtoolcache/go/1.27.0/arm64/pkg/tool/linux_arm64/compile", ["/opt/hostedtoolcache/go/1.27.0/a"..., "-o", "/tmp/go-build3661820248/b009/_pk"..., "-trimpath", "/tmp/go-build3661820248/b009=>", "-p", "runtime", "-lang=go1.27", "-std", "-buildid", "xmW05mk35rkWv81vNyJF/xmW05mk35rk"..., "-goversion", "go1.27.0", "-symabis", "/tmp/go-build3661820248/b009/sym"..., "-c=4", "-nolocalimports", "-importcfg", "/tmp/go-build3661820248/b009/imp"..., "-pack", "-asmhdr", "/tmp/go-build3661820248/b009/go_"..., "/opt/hostedtoolcache/go/1.27.0/a"..., "/opt/hostedtoolcache/go/1.27.0/a"..., "/opt/hostedtoolcache/go/1.27.0/a"..., "/opt/hostedtoolcache/go/1.27.0/a"..., "/opt/hostedtoolcache/go/1.27.0/a"..., "/opt/hostedtoolcache/go/1.27.0/a"..., "/opt/hostedtoolcache/go/1.27.0/a"..., "/opt/hostedtoolcache/go/1.27.0/a"..., "/opt/hostedtoolcache/go/1.27.0/a"..., "/opt/hostedtoolcache/go/1.27.0/a"..., ...], 0x1051d07b9b08 /* 140 vars */ <unfinished ...>
8347  <... clone resumed>, parent_tid=[12]) = 8727
8727  <... execve resumed>)             = 0
8347  waitid(P_PIDFD, 12,  <unfinished ...>
8727  clone(child_stack=0x2c03218a4000, flags=CLONE_VM|CLONE_FS|CLONE_FILES|CLONE_SIGHAND|CLONE_THREAD|CLONE_SYSVSEM) = 8728
8727  clone(child_stack=0x2c03218dc000, flags=CLONE_VM|CLONE_FS|CLONE_FILES|CLONE_SIGHAND|CLONE_THREAD|CLONE_SYSVSEM) = 8729
8728  tgkill(8727, 8727, SIGURG)        = 0
8727  clone(child_stack=0x2c03218d8000, flags=CLONE_VM|CLONE_FS|CLONE_FILES|CLONE_SIGHAND|CLONE_THREAD|CLONE_SYSVSEM) = 8730
8727  --- SIGURG {si_signo=SIGURG, si_code=SI_TKILL, si_pid=8727, si_uid=1001} ---
8729  clone(child_stack=0x2c0321918000, flags=CLONE_VM|CLONE_FS|CLONE_FILES|CLONE_SIGHAND|CLONE_THREAD|CLONE_SYSVSEM) = 8731
8728  clone(child_stack=0x2c0321d1c000, flags=CLONE_VM|CLONE_FS|CLONE_FILES|CLONE_SIGHAND|CLONE_THREAD|CLONE_SYSVSEM) = 8732
8728  tgkill(8727, 8730, SIGURG <unfinished ...>
8730  --- SIGURG {si_signo=SIGURG, si_code=SI_TKILL, si_pid=8727, si_uid=1001} ---
8728  <... tgkill resumed>)             = 0
8728  tgkill(8727, 8732, SIGURG <unfinished ...>
8732  --- SIGURG {si_signo=SIGURG, si_code=SI_TKILL, si_pid=8727, si_uid=1001} ---
8728  <... tgkill resumed>)             = 0
8728  tgkill(8727, 8729, SIGURG)        = 0
8729  --- SIGURG {si_signo=SIGURG, si_code=SI_TKILL, si_pid=8727, si_uid=1001} ---
8728  tgkill(8727, 8732, SIGURG)        = 0
8732  --- SIGURG {si_signo=SIGURG, si_code=SI_TKILL, si_pid=8727, si_uid=1001} ---
8728  tgkill(8727, 8731, SIGURG)        = 0
8731  --- SIGURG {si_signo=SIGURG, si_code=SI_TKILL, si_pid=8727, si_uid=1001} ---
8728  tgkill(8727, 8731, SIGURG)        = 0
8731  --- SIGURG {si_signo=SIGURG, si_code=SI_TKILL, si_pid=8727, si_uid=1001} ---
8728  tgkill(8727, 8732, SIGURG)        = 0
8732  --- SIGURG {si_signo=SIGURG, si_code=SI_TKILL, si_pid=8727, si_uid=1001} ---
8728  tgkill(8727, 8730, SIGURG)        = 0
8730  --- SIGURG {si_signo=SIGURG, si_code=SI_TKILL, si_pid=8727, si_uid=1001} ---
8728  tgkill(8727, 8732, SIGURG)        = 0
8732  --- SIGURG {si_signo=SIGURG, si_code=SI_TKILL, si_pid=8727, si_uid=1001} ---
8728  tgkill(8727, 8732, SIGURG <unfinished ...>
8732  --- SIGURG {si_signo=SIGURG, si_code=SI_TKILL, si_pid=8727, si_uid=1001} ---
8728  <... tgkill resumed>)             = 0
8730  tgkill(8727, 8732, SIGURG)        = 0
8732  --- SIGURG {si_signo=SIGURG, si_code=SI_TKILL, si_pid=8727, si_uid=1001} ---
8727  tgkill(8727, 8730, SIGURG <unfinished ...>
8730  --- SIGURG {si_signo=SIGURG, si_code=SI_TKILL, si_pid=8727, si_uid=1001} ---
8727  <... tgkill resumed>)             = 0
8727  tgkill(8727, 8730, SIGURG)        = 0
8730  --- SIGURG {si_signo=SIGURG, si_code=SI_TKILL, si_pid=8727, si_uid=1001} ---
8727  tgkill(8727, 8732, SIGURG)        = 0
8732  --- SIGURG {si_signo=SIGURG, si_code=SI_TKILL, si_pid=8727, si_uid=1001} ---
8727  tgkill(8727, 8732, SIGURG)        = 0
8732  --- SIGURG {si_signo=SIGURG, si_code=SI_TKILL, si_pid=8727, si_uid=1001} ---
8728  tgkill(8727, 8732, SIGURG <unfinished ...>
8732  --- SIGURG {si_signo=SIGURG, si_code=SI_TKILL, si_pid=8727, si_uid=1001} ---
8728  <... tgkill resumed>)             = 0
8728  tgkill(8727, 8732, SIGURG <unfinished ...>
8732  --- SIGURG {si_signo=SIGURG, si_code=SI_TKILL, si_pid=8727, si_uid=1001} ---
8728  <... tgkill resumed>)             = 0
8728  tgkill(8727, 8732, SIGURG <unfinished ...>
8732  --- SIGURG {si_signo=SIGURG, si_code=SI_TKILL, si_pid=8727, si_uid=1001} ---
8728  <... tgkill resumed>)             = 0
8728  tgkill(8727, 8732, SIGURG <unfinished ...>
8732  --- SIGURG {si_signo=SIGURG, si_code=SI_TKILL, si_pid=8727, si_uid=1001} ---
8728  <... tgkill resumed>)             = 0
8728  tgkill(8727, 8732, SIGURG)        = 0
8732  --- SIGURG {si_signo=SIGURG, si_code=SI_TKILL, si_pid=8727, si_uid=1001} ---
8728  tgkill(8727, 8732, SIGURG <unfinished ...>
8732  --- SIGURG {si_signo=SIGURG, si_code=SI_TKILL, si_pid=8727, si_uid=1001} ---
8728  <... tgkill resumed>)             = 0
8728  tgkill(8727, 8732, SIGURG <unfinished ...>
8732  --- SIGURG {si_signo=SIGURG, si_code=SI_TKILL, si_pid=8727, si_uid=1001} ---
8728  <... tgkill resumed>)             = 0
8731  tgkill(8727, 8732, SIGURG)        = 0
8732  --- SIGURG {si_signo=SIGURG, si_code=SI_TKILL, si_pid=8727, si_uid=1001} ---
8730  tgkill(8727, 8731, SIGURG <unfinished ...>
8731  --- SIGURG {si_signo=SIGURG, si_code=SI_TKILL, si_pid=8727, si_uid=1001} ---
8730  <... tgkill resumed>)             = 0
8731  tgkill(8727, 8732, SIGURG <unfinished ...>
8732  --- SIGURG {si_signo=SIGURG, si_code=SI_TKILL, si_pid=8727, si_uid=1001} ---
8731  <... tgkill resumed>)             = 0
8731  tgkill(8727, 8732, SIGURG <unfinished ...>
8732  --- SIGURG {si_signo=SIGURG, si_code=SI_TKILL, si_pid=8727, si_uid=1001} ---
8731  <... tgkill resumed>)             = 0
8731  tgkill(8727, 8732, SIGURG)        = 0
8732  --- SIGURG {si_signo=SIGURG, si_code=SI_TKILL, si_pid=8727, si_uid=1001} ---
8728  tgkill(8727, 8732, SIGURG)        = 0
8732  --- SIGURG {si_signo=SIGURG, si_code=SI_TKILL, si_pid=8727, si_uid=1001} ---
8730  tgkill(8727, 8732, SIGURG)        = 0
8732  --- SIGURG {si_signo=SIGURG, si_code=SI_TKILL, si_pid=8727, si_uid=1001} ---
8731  tgkill(8727, 8730, SIGURG)        = 0
8730  --- SIGURG {si_signo=SIGURG, si_code=SI_TKILL, si_pid=8727, si_uid=1001} ---
8732  tgkill(8727, 8731, SIGURG)        = 0
8731  --- SIGURG {si_signo=SIGURG, si_code=SI_TKILL, si_pid=8727, si_uid=1001} ---
8732  tgkill(8727, 8730, SIGURG)        = 0
8730  --- SIGURG {si_signo=SIGURG, si_code=SI_TKILL, si_pid=8727, si_uid=1001} ---
8732  tgkill(8727, 8730, SIGURG)        = 0
8730  --- SIGURG {si_signo=SIGURG, si_code=SI_TKILL, si_pid=8727, si_uid=1001} ---
8732  tgkill(8727, 8730, SIGURG)        = 0
8730  --- SIGURG {si_signo=SIGURG, si_code=SI_TKILL, si_pid=8727, si_uid=1001} ---
8728  tgkill(8727, 8730, SIGURG)        = 0
8730  --- SIGURG {si_signo=SIGURG, si_code=SI_TKILL, si_pid=8727, si_uid=1001} ---
8728  tgkill(8727, 8731, SIGURG)        = 0
8731  --- SIGURG {si_signo=SIGURG, si_code=SI_TKILL, si_pid=8727, si_uid=1001} ---
8729  tgkill(8727, 8731, SIGURG <unfinished ...>
8732  tgkill(8727, 8730, SIGURG)        = 0
8730  --- SIGURG {si_signo=SIGURG, si_code=SI_TKILL, si_pid=8727, si_uid=1001} ---
8731  --- SIGURG {si_signo=SIGURG, si_code=SI_TKILL, si_pid=8727, si_uid=1001} ---
8729  <... tgkill resumed>)             = 0
8732  tgkill(8727, 8729, SIGURG)        = 0
8729  --- SIGURG {si_signo=SIGURG, si_code=SI_TKILL, si_pid=8727, si_uid=1001} ---
8729  tgkill(8727, 8731, SIGURG)        = 0
8731  --- SIGURG {si_signo=SIGURG, si_code=SI_TKILL, si_pid=8727, si_uid=1001} ---
8731  tgkill(8727, 8732, SIGURG)        = 0
8732  --- SIGURG {si_signo=SIGURG, si_code=SI_TKILL, si_pid=8727, si_uid=1001} ---
8731  tgkill(8727, 8732, SIGURG)        = 0
8732  --- SIGURG {si_signo=SIGURG, si_code=SI_TKILL, si_pid=8727, si_uid=1001} ---
8731  tgkill(8727, 8732, SIGURG)        = 0
8732  --- SIGURG {si_signo=SIGURG, si_code=SI_TKILL, si_pid=8727, si_uid=1001} ---
8728  tgkill(8727, 8732, SIGURG <unfinished ...>
8732  --- SIGURG {si_signo=SIGURG, si_code=SI_TKILL, si_pid=8727, si_uid=1001} ---
8728  <... tgkill resumed>)             = 0
8728  tgkill(8727, 8732, SIGURG)        = 0
8732  --- SIGURG {si_signo=SIGURG, si_code=SI_TKILL, si_pid=8727, si_uid=1001} ---
8728  tgkill(8727, 8731, SIGURG)        = 0
8731  --- SIGURG {si_signo=SIGURG, si_code=SI_TKILL, si_pid=8727, si_uid=1001} ---
8728  tgkill(8727, 8732, SIGURG)        = 0
8732  --- SIGURG {si_signo=SIGURG, si_code=SI_TKILL, si_pid=8727, si_uid=1001} ---
8732  tgkill(8727, 8731, SIGURG)        = 0
8731  --- SIGURG {si_signo=SIGURG, si_code=SI_TKILL, si_pid=8727, si_uid=1001} ---
8732  tgkill(8727, 8729, SIGURG)        = 0
8729  --- SIGURG {si_signo=SIGURG, si_code=SI_TKILL, si_pid=8727, si_uid=1001} ---
8729  tgkill(8727, 8730, SIGURG)        = 0
8730  --- SIGURG {si_signo=SIGURG, si_code=SI_TKILL, si_pid=8727, si_uid=1001} ---
8729  tgkill(8727, 8732, SIGURG)        = 0
8732  --- SIGURG {si_signo=SIGURG, si_code=SI_TKILL, si_pid=8727, si_uid=1001} ---
8729  tgkill(8727, 8732, SIGURG)        = 0
8732  --- SIGURG {si_signo=SIGURG, si_code=SI_TKILL, si_pid=8727, si_uid=1001} ---
8729  tgkill(8727, 8732, SIGURG)        = 0
8732  --- SIGURG {si_signo=SIGURG, si_code=SI_TKILL, si_pid=8727, si_uid=1001} ---
8728  tgkill(8727, 8732, SIGURG <unfinished ...>
8732  --- SIGURG {si_signo=SIGURG, si_code=SI_TKILL, si_pid=8727, si_uid=1001} ---
8728  <... tgkill resumed>)             = 0
8728  tgkill(8727, 8730, SIGURG <unfinished ...>
8730  --- SIGURG {si_signo=SIGURG, si_code=SI_TKILL, si_pid=8727, si_uid=1001} ---
8728  <... tgkill resumed>)             = 0
8728  tgkill(8727, 8730, SIGURG <unfinished ...>
8730  --- SIGURG {si_signo=SIGURG, si_code=SI_TKILL, si_pid=8727, si_uid=1001} ---
8728  <... tgkill resumed>)             = 0
8728  tgkill(8727, 8730, SIGURG <unfinished ...>
8730  --- SIGURG {si_signo=SIGURG, si_code=SI_TKILL, si_pid=8727, si_uid=1001} ---
8728  <... tgkill resumed>)             = 0
8728  tgkill(8727, 8732, SIGURG <unfinished ...>
8732  --- SIGURG {si_signo=SIGURG, si_code=SI_TKILL, si_pid=8727, si_uid=1001} ---
8728  <... tgkill resumed>)             = 0
8730  tgkill(8727, 8732, SIGURG)        = 0
8732  --- SIGURG {si_signo=SIGURG, si_code=SI_TKILL, si_pid=8727, si_uid=1001} ---
8728  tgkill(8727, 8732, SIGURG)        = 0
8732  --- SIGURG {si_signo=SIGURG, si_code=SI_TKILL, si_pid=8727, si_uid=1001} ---
8728  tgkill(8727, 8730, SIGURG)        = 0
8730  --- SIGURG {si_signo=SIGURG, si_code=SI_TKILL, si_pid=8727, si_uid=1001} ---
8728  tgkill(8727, 8731, SIGURG)        = 0
8731  --- SIGURG {si_signo=SIGURG, si_code=SI_TKILL, si_pid=8727, si_uid=1001} ---
8731  tgkill(8727, 8729, SIGURG)        = 0
8729  --- SIGURG {si_signo=SIGURG, si_code=SI_TKILL, si_pid=8727, si_uid=1001} ---
8729  tgkill(8727, 8732, SIGURG)        = 0
8732  --- SIGURG {si_signo=SIGURG, si_code=SI_TKILL, si_pid=8727, si_uid=1001} ---
8729  tgkill(8727, 8731, SIGURG)        = 0
8731  --- SIGURG {si_signo=SIGURG, si_code=SI_TKILL, si_pid=8727, si_uid=1001} ---
8729  tgkill(8727, 8730, SIGURG)        = 0
8730  --- SIGURG {si_signo=SIGURG, si_code=SI_TKILL, si_pid=8727, si_uid=1001} ---
8729  tgkill(8727, 8730, SIGURG)        = 0
8730  --- SIGURG {si_signo=SIGURG, si_code=SI_TKILL, si_pid=8727, si_uid=1001} ---
8728  tgkill(8727, 8732, SIGURG <unfinished ...>
8732  --- SIGURG {si_signo=SIGURG, si_code=SI_TKILL, si_pid=8727, si_uid=1001} ---
8728  <... tgkill resumed>)             = 0
8728  tgkill(8727, 8729, SIGURG)        = 0
8729  --- SIGURG {si_signo=SIGURG, si_code=SI_TKILL, si_pid=8727, si_uid=1001} ---
8728  tgkill(8727, 8732, SIGURG)        = 0
8732  --- SIGURG {si_signo=SIGURG, si_code=SI_TKILL, si_pid=8727, si_uid=1001} ---
8728  tgkill(8727, 8729, SIGURG)        = 0
8729  --- SIGURG {si_signo=SIGURG, si_code=SI_TKILL, si_pid=8727, si_uid=1001} ---
8728  tgkill(8727, 8732, SIGURG <unfinished ...>
8732  --- SIGURG {si_signo=SIGURG, si_code=SI_TKILL, si_pid=8727, si_uid=1001} ---
8728  <... tgkill resumed>)             = 0
8728  tgkill(8727, 8729, SIGURG)        = 0
8729  --- SIGURG {si_signo=SIGURG, si_code=SI_TKILL, si_pid=8727, si_uid=1001} ---
8728  tgkill(8727, 8732, SIGURG)        = 0
8732  --- SIGURG {si_signo=SIGURG, si_code=SI_TKILL, si_pid=8727, si_uid=1001} ---
8728  tgkill(8727, 8729, SIGURG <unfinished ...>
8729  --- SIGURG {si_signo=SIGURG, si_code=SI_TKILL, si_pid=8727, si_uid=1001} ---
8728  <... tgkill resumed>)             = 0
8728  tgkill(8727, 8732, SIGURG)        = 0
8732  --- SIGURG {si_signo=SIGURG, si_code=SI_TKILL, si_pid=8727, si_uid=1001} ---
8728  tgkill(8727, 8729, SIGURG)        = 0
8729  --- SIGURG {si_signo=SIGURG, si_code=SI_TKILL, si_pid=8727, si_uid=1001} ---
8729  tgkill(8727, 8732, SIGURG)        = 0
8732  --- SIGURG {si_signo=SIGURG, si_code=SI_TKILL, si_pid=8727, si_uid=1001} ---
8731  tgkill(8727, 8729, SIGURG)        = 0
8729  --- SIGURG {si_signo=SIGURG, si_code=SI_TKILL, si_pid=8727, si_uid=1001} ---
8731  tgkill(8727, 8729, SIGURG)        = 0
8729  --- SIGURG {si_signo=SIGURG, si_code=SI_TKILL, si_pid=8727, si_uid=1001} ---
8731  tgkill(8727, 8729, SIGURG)        = 0
8729  --- SIGURG {si_signo=SIGURG, si_code=SI_TKILL, si_pid=8727, si_uid=1001} ---
8731  tgkill(8727, 8729, SIGURG)        = 0
8729  --- SIGURG {si_signo=SIGURG, si_code=SI_TKILL, si_pid=8727, si_uid=1001} ---
8728  tgkill(8727, 8729, SIGURG <unfinished ...>
8729  --- SIGURG {si_signo=SIGURG, si_code=SI_TKILL, si_pid=8727, si_uid=1001} ---
8728  <... tgkill resumed>)             = 0
8728  tgkill(8727, 8729, SIGURG <unfinished ...>
8729  --- SIGURG {si_signo=SIGURG, si_code=SI_TKILL, si_pid=8727, si_uid=1001} ---
8728  <... tgkill resumed>)             = 0
8728  tgkill(8727, 8729, SIGURG)        = 0
8729  --- SIGURG {si_signo=SIGURG, si_code=SI_TKILL, si_pid=8727, si_uid=1001} ---
8728  tgkill(8727, 8731, SIGURG)        = 0
8731  --- SIGURG {si_signo=SIGURG, si_code=SI_TKILL, si_pid=8727, si_uid=1001} ---
8728  tgkill(8727, 8729, SIGURG <unfinished ...>
8729  --- SIGURG {si_signo=SIGURG, si_code=SI_TKILL, si_pid=8727, si_uid=1001} ---
8728  <... tgkill resumed>)             = 0
8728  tgkill(8727, 8731, SIGURG <unfinished ...>
8731  --- SIGURG {si_signo=SIGURG, si_code=SI_TKILL, si_pid=8727, si_uid=1001} ---
8728  <... tgkill resumed>)             = 0
8729  tgkill(8727, 8732, SIGURG)        = 0
8732  --- SIGURG {si_signo=SIGURG, si_code=SI_TKILL, si_pid=8727, si_uid=1001} ---
8729  tgkill(8727, 8731, SIGURG)        = 0
8731  --- SIGURG {si_signo=SIGURG, si_code=SI_TKILL, si_pid=8727, si_uid=1001} ---
8730  tgkill(8727, 8732, SIGURG <unfinished ...>
8732  --- SIGURG {si_signo=SIGURG, si_code=SI_TKILL, si_pid=8727, si_uid=1001} ---
8730  <... tgkill resumed>)             = 0
8732  tgkill(8727, 8731, SIGURG)        = 0
8731  --- SIGURG {si_signo=SIGURG, si_code=SI_TKILL, si_pid=8727, si_uid=1001} ---
8731  tgkill(8727, 8729, SIGURG)        = 0
8729  --- SIGURG {si_signo=SIGURG, si_code=SI_TKILL, si_pid=8727, si_uid=1001} ---
8728  tgkill(8727, 8729, SIGURG)        = 0
8729  --- SIGURG {si_signo=SIGURG, si_code=SI_TKILL, si_pid=8727, si_uid=1001} ---
8728  tgkill(8727, 8732, SIGURG)        = 0
8732  --- SIGURG {si_signo=SIGURG, si_code=SI_TKILL, si_pid=8727, si_uid=1001} ---
8728  tgkill(8727, 8730, SIGURG)        = 0
8730  --- SIGURG {si_signo=SIGURG, si_code=SI_TKILL, si_pid=8727, si_uid=1001} ---
8728  tgkill(8727, 8731, SIGURG)        = 0
8731  --- SIGURG {si_signo=SIGURG, si_code=SI_TKILL, si_pid=8727, si_uid=1001} ---
8728  tgkill(8727, 8730, SIGURG <unfinished ...>
8730  --- SIGURG {si_signo=SIGURG, si_code=SI_TKILL, si_pid=8727, si_uid=1001} ---
8728  <... tgkill resumed>)             = 0
8728  tgkill(8727, 8731, SIGURG)        = 0
8731  --- SIGURG {si_signo=SIGURG, si_code=SI_TKILL, si_pid=8727, si_uid=1001} ---
8730  tgkill(8727, 8729, SIGURG)        = 0
8730  tgkill(8727, 8732, SIGURG <unfinished ...>
8729  --- SIGURG {si_signo=SIGURG, si_code=SI_TKILL, si_pid=8727, si_uid=1001} ---
8730  <... tgkill resumed>)             = 0
8730  tgkill(8727, 8731, SIGURG)        = 0
8732  --- SIGURG {si_signo=SIGURG, si_code=SI_TKILL, si_pid=8727, si_uid=1001} ---
8731  --- SIGURG {si_signo=SIGURG, si_code=SI_TKILL, si_pid=8727, si_uid=1001} ---
8730  tgkill(8727, 8729, SIGURG)        = 0
8729  --- SIGURG {si_signo=SIGURG, si_code=SI_TKILL, si_pid=8727, si_uid=1001} ---
8730  tgkill(8727, 8731, SIGURG)        = 0
8731  --- SIGURG {si_signo=SIGURG, si_code=SI_TKILL, si_pid=8727, si_uid=1001} ---
8728  tgkill(8727, 8732, SIGURG <unfinished ...>
8732  --- SIGURG {si_signo=SIGURG, si_code=SI_TKILL, si_pid=8727, si_uid=1001} ---
8728  <... tgkill resumed>)             = 0
8728  tgkill(8727, 8730, SIGURG <unfinished ...>
8730  tgkill(8727, 8729, SIGURG <unfinished ...>
8728  <... tgkill resumed>)             = 0
8730  <... tgkill resumed>)             = 0
8730  --- SIGURG {si_signo=SIGURG, si_code=SI_TKILL, si_pid=8727, si_uid=1001} ---
8729  --- SIGURG {si_signo=SIGURG, si_code=SI_TKILL, si_pid=8727, si_uid=1001} ---
8730  tgkill(8727, 8732, SIGURG)        = 0
8732  --- SIGURG {si_signo=SIGURG, si_code=SI_TKILL, si_pid=8727, si_uid=1001} ---
8730  tgkill(8727, 8731, SIGURG)        = 0
8731  --- SIGURG {si_signo=SIGURG, si_code=SI_TKILL, si_pid=8727, si_uid=1001} ---
8730  tgkill(8727, 8729, SIGURG)        = 0
8729  --- SIGURG {si_signo=SIGURG, si_code=SI_TKILL, si_pid=8727, si_uid=1001} ---
8730  tgkill(8727, 8732, SIGURG)        = 0
8732  --- SIGURG {si_signo=SIGURG, si_code=SI_TKILL, si_pid=8727, si_uid=1001} ---
8730  tgkill(8727, 8731, SIGURG <unfinished ...>
8731  --- SIGURG {si_signo=SIGURG, si_code=SI_TKILL, si_pid=8727, si_uid=1001} ---
8730  <... tgkill resumed>)             = 0
8730  tgkill(8727, 8729, SIGURG)        = 0
8729  --- SIGURG {si_signo=SIGURG, si_code=SI_TKILL, si_pid=8727, si_uid=1001} ---
8730  tgkill(8727, 8732, SIGURG)        = 0
8732  --- SIGURG {si_signo=SIGURG, si_code=SI_TKILL, si_pid=8727, si_uid=1001} ---
8730  tgkill(8727, 8731, SIGURG)        = 0
8731  --- SIGURG {si_signo=SIGURG, si_code=SI_TKILL, si_pid=8727, si_uid=1001} ---
8730  tgkill(8727, 8729, SIGURG)        = 0
8729  --- SIGURG {si_signo=SIGURG, si_code=SI_TKILL, si_pid=8727, si_uid=1001} ---
8728  tgkill(8727, 8729, SIGURG)        = 0
8729  --- SIGURG {si_signo=SIGURG, si_code=SI_TKILL, si_pid=8727, si_uid=1001} ---
8728  tgkill(8727, 8732, SIGURG <unfinished ...>
8732  --- SIGURG {si_signo=SIGURG, si_code=SI_TKILL, si_pid=8727, si_uid=1001} ---
8728  <... tgkill resumed>)             = 0
8728  tgkill(8727, 8731, SIGURG <unfinished ...>
8731  --- SIGURG {si_signo=SIGURG, si_code=SI_TKILL, si_pid=8727, si_uid=1001} ---
8728  <... tgkill resumed>)             = 0
8728  tgkill(8727, 8730, SIGURG <unfinished ...>
8730  --- SIGURG {si_signo=SIGURG, si_code=SI_TKILL, si_pid=8727, si_uid=1001} ---
8728  <... tgkill resumed>)             = 0
8728  tgkill(8727, 8729, SIGURG)        = 0
8729  --- SIGURG {si_signo=SIGURG, si_code=SI_TKILL, si_pid=8727, si_uid=1001} ---
8728  tgkill(8727, 8732, SIGURG <unfinished ...>
8732  --- SIGURG {si_signo=SIGURG, si_code=SI_TKILL, si_pid=8727, si_uid=1001} ---
8728  <... tgkill resumed>)             = 0
8728  tgkill(8727, 8731, SIGURG <unfinished ...>
8731  --- SIGURG {si_signo=SIGURG, si_code=SI_TKILL, si_pid=8727, si_uid=1001} ---
8728  <... tgkill resumed>)             = 0
8728  tgkill(8727, 8730, SIGURG <unfinished ...>
8730  --- SIGURG {si_signo=SIGURG, si_code=SI_TKILL, si_pid=8727, si_uid=1001} ---
8728  <... tgkill resumed>)             = 0
8728  tgkill(8727, 8729, SIGURG)        = 0
8729  --- SIGURG {si_signo=SIGURG, si_code=SI_TKILL, si_pid=8727, si_uid=1001} ---
8728  tgkill(8727, 8732, SIGURG)        = 0
8732  --- SIGURG {si_signo=SIGURG, si_code=SI_TKILL, si_pid=8727, si_uid=1001} ---
8728  tgkill(8727, 8731, SIGURG <unfinished ...>
8731  --- SIGURG {si_signo=SIGURG, si_code=SI_TKILL, si_pid=8727, si_uid=1001} ---
8728  <... tgkill resumed>)             = 0
8728  tgkill(8727, 8730, SIGURG <unfinished ...>
8730  --- SIGURG {si_signo=SIGURG, si_code=SI_TKILL, si_pid=8727, si_uid=1001} ---
8728  <... tgkill resumed>)             = 0
8728  tgkill(8727, 8732, SIGURG)        = 0
8732  --- SIGURG {si_signo=SIGURG, si_code=SI_TKILL, si_pid=8727, si_uid=1001} ---
8728  tgkill(8727, 8731, SIGURG <unfinished ...>
8731  --- SIGURG {si_signo=SIGURG, si_code=SI_TKILL, si_pid=8727, si_uid=1001} ---
8728  <... tgkill resumed>)             = 0
8728  tgkill(8727, 8730, SIGURG)        = 0
8730  --- SIGURG {si_signo=SIGURG, si_code=SI_TKILL, si_pid=8727, si_uid=1001} ---
8729  tgkill(8727, 8732, SIGURG)        = 0
8732  --- SIGURG {si_signo=SIGURG, si_code=SI_TKILL, si_pid=8727, si_uid=1001} ---
8732  tgkill(8727, 8729, SIGURG)        = 0
8729  --- SIGURG {si_signo=SIGURG, si_code=SI_TKILL, si_pid=8727, si_uid=1001} ---
8731  tgkill(8727, 8729, SIGURG)        = 0
8729  --- SIGURG {si_signo=SIGURG, si_code=SI_TKILL, si_pid=8727, si_uid=1001} ---
8731  tgkill(8727, 8730, SIGURG)        = 0
8730  --- SIGURG {si_signo=SIGURG, si_code=SI_TKILL, si_pid=8727, si_uid=1001} ---
8728  tgkill(8727, 8729, SIGURG)        = 0
8729  --- SIGURG {si_signo=SIGURG, si_code=SI_TKILL, si_pid=8727, si_uid=1001} ---
8728  tgkill(8727, 8732, SIGURG <unfinished ...>
8732  --- SIGURG {si_signo=SIGURG, si_code=SI_TKILL, si_pid=8727, si_uid=1001} ---
8728  <... tgkill resumed>)             = 0
8728  tgkill(8727, 8731, SIGURG <unfinished ...>
8731  --- SIGURG {si_signo=SIGURG, si_code=SI_TKILL, si_pid=8727, si_uid=1001} ---
8728  <... tgkill resumed>)             = 0
8728  tgkill(8727, 8730, SIGURG <unfinished ...>
8730  --- SIGURG {si_signo=SIGURG, si_code=SI_TKILL, si_pid=8727, si_uid=1001} ---
8728  <... tgkill resumed>)             = 0
8728  tgkill(8727, 8729, SIGURG <unfinished ...>
8729  --- SIGURG {si_signo=SIGURG, si_code=SI_TKILL, si_pid=8727, si_uid=1001} ---
8728  <... tgkill resumed>)             = 0
8728  tgkill(8727, 8731, SIGURG <unfinished ...>
8731  --- SIGURG {si_signo=SIGURG, si_code=SI_TKILL, si_pid=8727, si_uid=1001} ---
8728  <... tgkill resumed>)             = 0
8728  tgkill(8727, 8732, SIGURG <unfinished ...>
8732  --- SIGURG {si_signo=SIGURG, si_code=SI_TKILL, si_pid=8727, si_uid=1001} ---
8728  <... tgkill resumed>)             = 0
8728  tgkill(8727, 8731, SIGURG <unfinished ...>
8731  --- SIGURG {si_signo=SIGURG, si_code=SI_TKILL, si_pid=8727, si_uid=1001} ---
8728  <... tgkill resumed>)             = 0
8728  tgkill(8727, 8730, SIGURG <unfinished ...>
8730  --- SIGURG {si_signo=SIGURG, si_code=SI_TKILL, si_pid=8727, si_uid=1001} ---
8728  <... tgkill resumed>)             = 0
8728  tgkill(8727, 8729, SIGURG)        = 0
8729  --- SIGURG {si_signo=SIGURG, si_code=SI_TKILL, si_pid=8727, si_uid=1001} ---
8728  tgkill(8727, 8731, SIGURG <unfinished ...>
8731  --- SIGURG {si_signo=SIGURG, si_code=SI_TKILL, si_pid=8727, si_uid=1001} ---
8728  <... tgkill resumed>)             = 0
8728  tgkill(8727, 8732, SIGURG)        = 0
8732  --- SIGURG {si_signo=SIGURG, si_code=SI_TKILL, si_pid=8727, si_uid=1001} ---
8728  tgkill(8727, 8731, SIGURG <unfinished ...>
8731  --- SIGURG {si_signo=SIGURG, si_code=SI_TKILL, si_pid=8727, si_uid=1001} ---
8728  <... tgkill resumed>)             = 0
8728  tgkill(8727, 8730, SIGURG <unfinished ...>
8730  --- SIGURG {si_signo=SIGURG, si_code=SI_TKILL, si_pid=8727, si_uid=1001} ---
8728  <... tgkill resumed>)             = 0
8728  tgkill(8727, 8729, SIGURG)        = 0
8729  --- SIGURG {si_signo=SIGURG, si_code=SI_TKILL, si_pid=8727, si_uid=1001} ---
8729  tgkill(8727, 8732, SIGURG)        = 0
8732  --- SIGURG {si_signo=SIGURG, si_code=SI_TKILL, si_pid=8727, si_uid=1001} ---
8729  tgkill(8727, 8731, SIGURG)        = 0
8731  --- SIGURG {si_signo=SIGURG, si_code=SI_TKILL, si_pid=8727, si_uid=1001} ---
8729  tgkill(8727, 8730, SIGURG)        = 0
8730  --- SIGURG {si_signo=SIGURG, si_code=SI_TKILL, si_pid=8727, si_uid=1001} ---
8730  tgkill(8727, 8729, SIGURG)        = 0
8729  --- SIGURG {si_signo=SIGURG, si_code=SI_TKILL, si_pid=8727, si_uid=1001} ---
8730  tgkill(8727, 8732, SIGURG <unfinished ...>
8732  --- SIGURG {si_signo=SIGURG, si_code=SI_TKILL, si_pid=8727, si_uid=1001} ---
8730  <... tgkill resumed>)             = 0
8730  tgkill(8727, 8731, SIGURG)        = 0
8731  --- SIGURG {si_signo=SIGURG, si_code=SI_TKILL, si_pid=8727, si_uid=1001} ---
8730  tgkill(8727, 8729, SIGURG)        = 0
8729  --- SIGURG {si_signo=SIGURG, si_code=SI_TKILL, si_pid=8727, si_uid=1001} ---
8730  tgkill(8727, 8732, SIGURG)        = 0
8732  --- SIGURG {si_signo=SIGURG, si_code=SI_TKILL, si_pid=8727, si_uid=1001} ---
8730  tgkill(8727, 8731, SIGURG <unfinished ...>
8731  --- SIGURG {si_signo=SIGURG, si_code=SI_TKILL, si_pid=8727, si_uid=1001} ---
8730  <... tgkill resumed>)             = 0
8730  tgkill(8727, 8729, SIGURG)        = 0
8729  --- SIGURG {si_signo=SIGURG, si_code=SI_TKILL, si_pid=8727, si_uid=1001} ---
8730  tgkill(8727, 8732, SIGURG)        = 0
8732  --- SIGURG {si_signo=SIGURG, si_code=SI_TKILL, si_pid=8727, si_uid=1001} ---
8730  tgkill(8727, 8731, SIGURG)        = 0
8731  --- SIGURG {si_signo=SIGURG, si_code=SI_TKILL, si_pid=8727, si_uid=1001} ---
8728  tgkill(8727, 8729, SIGURG)        = 0
8729  --- SIGURG {si_signo=SIGURG, si_code=SI_TKILL, si_pid=8727, si_uid=1001} ---
8728  tgkill(8727, 8732, SIGURG)        = 0
8732  --- SIGURG {si_signo=SIGURG, si_code=SI_TKILL, si_pid=8727, si_uid=1001} ---
8728  tgkill(8727, 8731, SIGURG <unfinished ...>
8731  --- SIGURG {si_signo=SIGURG, si_code=SI_TKILL, si_pid=8727, si_uid=1001} ---
8728  <... tgkill resumed>)             = 0
8728  tgkill(8727, 8730, SIGURG <unfinished ...>
8730  --- SIGURG {si_signo=SIGURG, si_code=SI_TKILL, si_pid=8727, si_uid=1001} ---
8728  <... tgkill resumed>)             = 0
8728  tgkill(8727, 8729, SIGURG)        = 0
8729  --- SIGURG {si_signo=SIGURG, si_code=SI_TKILL, si_pid=8727, si_uid=1001} ---
8728  tgkill(8727, 8731, SIGURG)        = 0
8731  --- SIGURG {si_signo=SIGURG, si_code=SI_TKILL, si_pid=8727, si_uid=1001} ---
8728  tgkill(8727, 8729, SIGURG)        = 0
8729  --- SIGURG {si_signo=SIGURG, si_code=SI_TKILL, si_pid=8727, si_uid=1001} ---
8728  tgkill(8727, 8732, SIGURG <unfinished ...>
8732  --- SIGURG {si_signo=SIGURG, si_code=SI_TKILL, si_pid=8727, si_uid=1001} ---
8728  <... tgkill resumed>)             = 0
8728  tgkill(8727, 8730, SIGURG <unfinished ...>
8730  --- SIGURG {si_signo=SIGURG, si_code=SI_TKILL, si_pid=8727, si_uid=1001} ---
8728  <... tgkill resumed>)             = 0
8728  tgkill(8727, 8731, SIGURG)        = 0
8731  --- SIGURG {si_signo=SIGURG, si_code=SI_TKILL, si_pid=8727, si_uid=1001} ---
8728  tgkill(8727, 8729, SIGURG)        = 0
8729  --- SIGURG {si_signo=SIGURG, si_code=SI_TKILL, si_pid=8727, si_uid=1001} ---
8728  tgkill(8727, 8732, SIGURG <unfinished ...>
8732  --- SIGURG {si_signo=SIGURG, si_code=SI_TKILL, si_pid=8727, si_uid=1001} ---
8728  <... tgkill resumed>)             = 0
8728  tgkill(8727, 8730, SIGURG <unfinished ...>
8730  --- SIGURG {si_signo=SIGURG, si_code=SI_TKILL, si_pid=8727, si_uid=1001} ---
8728  <... tgkill resumed>)             = 0
8728  tgkill(8727, 8732, SIGURG <unfinished ...>
8732  --- SIGURG {si_signo=SIGURG, si_code=SI_TKILL, si_pid=8727, si_uid=1001} ---
8728  <... tgkill resumed>)             = 0
8728  tgkill(8727, 8731, SIGURG <unfinished ...>
8731  --- SIGURG {si_signo=SIGURG, si_code=SI_TKILL, si_pid=8727, si_uid=1001} ---
8728  <... tgkill resumed>)             = 0
8728  tgkill(8727, 8730, SIGURG <unfinished ...>
8730  --- SIGURG {si_signo=SIGURG, si_code=SI_TKILL, si_pid=8727, si_uid=1001} ---
8728  <... tgkill resumed>)             = 0
8728  tgkill(8727, 8730, SIGURG)        = 0
8730  --- SIGURG {si_signo=SIGURG, si_code=SI_TKILL, si_pid=8727, si_uid=1001} ---
8728  tgkill(8727, 8729, SIGURG)        = 0
8729  --- SIGURG {si_signo=SIGURG, si_code=SI_TKILL, si_pid=8727, si_uid=1001} ---
8728  tgkill(8727, 8732, SIGURG)        = 0
8732  --- SIGURG {si_signo=SIGURG, si_code=SI_TKILL, si_pid=8727, si_uid=1001} ---
8728  tgkill(8727, 8731, SIGURG)        = 0
8731  --- SIGURG {si_signo=SIGURG, si_code=SI_TKILL, si_pid=8727, si_uid=1001} ---
8729  tgkill(8727, 8732, SIGURG)        = 0
8732  --- SIGURG {si_signo=SIGURG, si_code=SI_TKILL, si_pid=8727, si_uid=1001} ---
8729  tgkill(8727, 8731, SIGURG)        = 0
8731  --- SIGURG {si_signo=SIGURG, si_code=SI_TKILL, si_pid=8727, si_uid=1001} ---
8730  tgkill(8727, 8731, SIGURG)        = 0
8731  --- SIGURG {si_signo=SIGURG, si_code=SI_TKILL, si_pid=8727, si_uid=1001} ---
8730  tgkill(8727, 8732, SIGURG)        = 0
8732  --- SIGURG {si_signo=SIGURG, si_code=SI_TKILL, si_pid=8727, si_uid=1001} ---
8730  tgkill(8727, 8729, SIGURG)        = 0
8729  --- SIGURG {si_signo=SIGURG, si_code=SI_TKILL, si_pid=8727, si_uid=1001} ---
8728  tgkill(8727, 8732, SIGURG)        = 0
8732  --- SIGURG {si_signo=SIGURG, si_code=SI_TKILL, si_pid=8727, si_uid=1001} ---
8728  tgkill(8727, 8731, SIGURG)        = 0
8728  tgkill(8727, 8730, SIGURG)        = 0
8730  --- SIGURG {si_signo=SIGURG, si_code=SI_TKILL, si_pid=8727, si_uid=1001} ---
8731  --- SIGURG {si_signo=SIGURG, si_code=SI_TKILL, si_pid=8727, si_uid=1001} ---
8728  tgkill(8727, 8729, SIGURG)        = 0
8729  --- SIGURG {si_signo=SIGURG, si_code=SI_TKILL, si_pid=8727, si_uid=1001} ---
8728  tgkill(8727, 8730, SIGURG)        = 0
8730  --- SIGURG {si_signo=SIGURG, si_code=SI_TKILL, si_pid=8727, si_uid=1001} ---
8728  tgkill(8727, 8729, SIGURG)        = 0
8729  --- SIGURG {si_signo=SIGURG, si_code=SI_TKILL, si_pid=8727, si_uid=1001} ---
8728  tgkill(8727, 8732, SIGURG)        = 0
8732  --- SIGURG {si_signo=SIGURG, si_code=SI_TKILL, si_pid=8727, si_uid=1001} ---
8728  tgkill(8727, 8730, SIGURG)        = 0
8730  --- SIGURG {si_signo=SIGURG, si_code=SI_TKILL, si_pid=8727, si_uid=1001} ---
8728  tgkill(8727, 8729, SIGURG)        = 0
8729  --- SIGURG {si_signo=SIGURG, si_code=SI_TKILL, si_pid=8727, si_uid=1001} ---
8728  tgkill(8727, 8731, SIGURG)        = 0
8728  tgkill(8727, 8730, SIGURG)        = 0
8730  --- SIGURG {si_signo=SIGURG, si_code=SI_TKILL, si_pid=8727, si_uid=1001} ---
8731  --- SIGURG {si_signo=SIGURG, si_code=SI_TKILL, si_pid=8727, si_uid=1001} ---
8728  tgkill(8727, 8732, SIGURG)        = 0
8732  --- SIGURG {si_signo=SIGURG, si_code=SI_TKILL, si_pid=8727, si_uid=1001} ---
8728  tgkill(8727, 8730, SIGURG)        = 0
8730  --- SIGURG {si_signo=SIGURG, si_code=SI_TKILL, si_pid=8727, si_uid=1001} ---
8728  tgkill(8727, 8729, SIGURG)        = 0
8729  --- SIGURG {si_signo=SIGURG, si_code=SI_TKILL, si_pid=8727, si_uid=1001} ---
8728  tgkill(8727, 8731, SIGURG)        = 0
8728  tgkill(8727, 8730, SIGURG)        = 0
8730  --- SIGURG {si_signo=SIGURG, si_code=SI_TKILL, si_pid=8727, si_uid=1001} ---
8731  --- SIGURG {si_signo=SIGURG, si_code=SI_TKILL, si_pid=8727, si_uid=1001} ---
8728  tgkill(8727, 8732, SIGURG)        = 0
8732  --- SIGURG {si_signo=SIGURG, si_code=SI_TKILL, si_pid=8727, si_uid=1001} ---
8728  tgkill(8727, 8730, SIGURG)        = 0
8730  --- SIGURG {si_signo=SIGURG, si_code=SI_TKILL, si_pid=8727, si_uid=1001} ---
8728  tgkill(8727, 8729, SIGURG)        = 0
8729  --- SIGURG {si_signo=SIGURG, si_code=SI_TKILL, si_pid=8727, si_uid=1001} ---
8728  tgkill(8727, 8731, SIGURG)        = 0
8728  tgkill(8727, 8730, SIGURG)        = 0
8730  --- SIGURG {si_signo=SIGURG, si_code=SI_TKILL, si_pid=8727, si_uid=1001} ---
8731  --- SIGURG {si_signo=SIGURG, si_code=SI_TKILL, si_pid=8727, si_uid=1001} ---
8728  tgkill(8727, 8732, SIGURG)        = 0
8732  --- SIGURG {si_signo=SIGURG, si_code=SI_TKILL, si_pid=8727, si_uid=1001} ---
8728  tgkill(8727, 8730, SIGURG)        = 0
8730  --- SIGURG {si_signo=SIGURG, si_code=SI_TKILL, si_pid=8727, si_uid=1001} ---
8728  tgkill(8727, 8729, SIGURG)        = 0
8729  --- SIGURG {si_signo=SIGURG, si_code=SI_TKILL, si_pid=8727, si_uid=1001} ---
8728  tgkill(8727, 8731, SIGURG)        = 0
8731  --- SIGURG {si_signo=SIGURG, si_code=SI_TKILL, si_pid=8727, si_uid=1001} ---
8729  tgkill(8727, 8732, SIGURG)        = 0
8732  --- SIGURG {si_signo=SIGURG, si_code=SI_TKILL, si_pid=8727, si_uid=1001} ---
8729  tgkill(8727, 8731, SIGURG <unfinished ...>
8731  --- SIGURG {si_signo=SIGURG, si_code=SI_TKILL, si_pid=8727, si_uid=1001} ---
8729  <... tgkill resumed>)             = 0
8729  tgkill(8727, 8730, SIGURG)        = 0
8730  --- SIGURG {si_signo=SIGURG, si_code=SI_TKILL, si_pid=8727, si_uid=1001} ---
8732  tgkill(8727, 8729, SIGURG)        = 0
8732  tgkill(8727, 8731, SIGURG <unfinished ...>
8729  --- SIGURG {si_signo=SIGURG, si_code=SI_TKILL, si_pid=8727, si_uid=1001} ---
8732  <... tgkill resumed>)             = 0
8731  --- SIGURG {si_signo=SIGURG, si_code=SI_TKILL, si_pid=8727, si_uid=1001} ---
8732  tgkill(8727, 8730, SIGURG)        = 0
8730  --- SIGURG {si_signo=SIGURG, si_code=SI_TKILL, si_pid=8727, si_uid=1001} ---
8732  tgkill(8727, 8729, SIGURG)        = 0
8729  --- SIGURG {si_signo=SIGURG, si_code=SI_TKILL, si_pid=8727, si_uid=1001} ---
8732  tgkill(8727, 8731, SIGURG)        = 0
8731  --- SIGURG {si_signo=SIGURG, si_code=SI_TKILL, si_pid=8727, si_uid=1001} ---
8732  tgkill(8727, 8730, SIGURG)        = 0
8730  --- SIGURG {si_signo=SIGURG, si_code=SI_TKILL, si_pid=8727, si_uid=1001} ---
8732  tgkill(8727, 8731, SIGURG)        = 0
8731  --- SIGURG {si_signo=SIGURG, si_code=SI_TKILL, si_pid=8727, si_uid=1001} ---
8732  tgkill(8727, 8729, SIGURG)        = 0
8729  --- SIGURG {si_signo=SIGURG, si_code=SI_TKILL, si_pid=8727, si_uid=1001} ---
8732  tgkill(8727, 8730, SIGURG)        = 0
8730  --- SIGURG {si_signo=SIGURG, si_code=SI_TKILL, si_pid=8727, si_uid=1001} ---
8732  tgkill(8727, 8729, SIGURG)        = 0
8729  --- SIGURG {si_signo=SIGURG, si_code=SI_TKILL, si_pid=8727, si_uid=1001} ---
8732  tgkill(8727, 8731, SIGURG)        = 0
8731  --- SIGURG {si_signo=SIGURG, si_code=SI_TKILL, si_pid=8727, si_uid=1001} ---
8728  tgkill(8727, 8729, SIGURG)        = 0
8729  --- SIGURG {si_signo=SIGURG, si_code=SI_TKILL, si_pid=8727, si_uid=1001} ---
8728  tgkill(8727, 8732, SIGURG)        = 0
8732  --- SIGURG {si_signo=SIGURG, si_code=SI_TKILL, si_pid=8727, si_uid=1001} ---
8728  tgkill(8727, 8731, SIGURG <unfinished ...>
8731  --- SIGURG {si_signo=SIGURG, si_code=SI_TKILL, si_pid=8727, si_uid=1001} ---
8728  <... tgkill resumed>)             = 0
8728  tgkill(8727, 8730, SIGURG <unfinished ...>
8730  --- SIGURG {si_signo=SIGURG, si_code=SI_TKILL, si_pid=8727, si_uid=1001} ---
8728  <... tgkill resumed>)             = 0
8728  tgkill(8727, 8729, SIGURG)        = 0
8729  --- SIGURG {si_signo=SIGURG, si_code=SI_TKILL, si_pid=8727, si_uid=1001} ---
8728  tgkill(8727, 8730, SIGURG)        = 0
8730  --- SIGURG {si_signo=SIGURG, si_code=SI_TKILL, si_pid=8727, si_uid=1001} ---
8728  tgkill(8727, 8729, SIGURG <unfinished ...>
8729  --- SIGURG {si_signo=SIGURG, si_code=SI_TKILL, si_pid=8727, si_uid=1001} ---
8728  <... tgkill resumed>)             = 0
8728  tgkill(8727, 8730, SIGURG <unfinished ...>
8730  --- SIGURG {si_signo=SIGURG, si_code=SI_TKILL, si_pid=8727, si_uid=1001} ---
8728  <... tgkill resumed>)             = 0
8728  tgkill(8727, 8732, SIGURG)        = 0
8732  --- SIGURG {si_signo=SIGURG, si_code=SI_TKILL, si_pid=8727, si_uid=1001} ---
8728  tgkill(8727, 8731, SIGURG <unfinished ...>
8731  --- SIGURG {si_signo=SIGURG, si_code=SI_TKILL, si_pid=8727, si_uid=1001} ---
8728  <... tgkill resumed>)             = 0
8728  tgkill(8727, 8731, SIGURG)        = 0
8731  --- SIGURG {si_signo=SIGURG, si_code=SI_TKILL, si_pid=8727, si_uid=1001} ---
8728  tgkill(8727, 8730, SIGURG <unfinished ...>
8730  --- SIGURG {si_signo=SIGURG, si_code=SI_TKILL, si_pid=8727, si_uid=1001} ---
8728  <... tgkill resumed>)             = 0
8728  tgkill(8727, 8730, SIGURG <unfinished ...>
8730  --- SIGURG {si_signo=SIGURG, si_code=SI_TKILL, si_pid=8727, si_uid=1001} ---
8728  <... tgkill resumed>)             = 0
8728  tgkill(8727, 8730, SIGURG <unfinished ...>
8730  --- SIGURG {si_signo=SIGURG, si_code=SI_TKILL, si_pid=8727, si_uid=1001} ---
8728  <... tgkill resumed>)             = 0
8728  tgkill(8727, 8730, SIGURG <unfinished ...>
8730  --- SIGURG {si_signo=SIGURG, si_code=SI_TKILL, si_pid=8727, si_uid=1001} ---
8728  <... tgkill resumed>)             = 0
8728  tgkill(8727, 8730, SIGURG)        = 0
8730  --- SIGURG {si_signo=SIGURG, si_code=SI_TKILL, si_pid=8727, si_uid=1001} ---
8728  tgkill(8727, 8729, SIGURG)        = 0
8729  --- SIGURG {si_signo=SIGURG, si_code=SI_TKILL, si_pid=8727, si_uid=1001} ---
8728  tgkill(8727, 8729, SIGURG <unfinished ...>
8729  --- SIGURG {si_signo=SIGURG, si_code=SI_TKILL, si_pid=8727, si_uid=1001} ---
8728  <... tgkill resumed>)             = 0
8728  tgkill(8727, 8731, SIGURG)        = 0
8731  --- SIGURG {si_signo=SIGURG, si_code=SI_TKILL, si_pid=8727, si_uid=1001} ---
8728  tgkill(8727, 8730, SIGURG)        = 0
8730  --- SIGURG {si_signo=SIGURG, si_code=SI_TKILL, si_pid=8727, si_uid=1001} ---
8730  exit_group(0)                     = ?
8732  +++ exited with 0 +++
8731  +++ exited with 0 +++
8730  +++ exited with 0 +++
8729  +++ exited with 0 +++
8728  +++ exited with 0 +++
8727  +++ exited with 0 +++
8347  <... waitid resumed>{si_signo=SIGCHLD, si_code=CLD_EXITED, si_pid=8727, si_uid=1001, si_status=0, si_utime=0, si_stime=0}, WEXITED, {ru_utime={tv_sec=3, tv_usec=576995}, ru_stime={tv_sec=0, tv_usec=198387}, ...}) = 0
8362  --- SIGCHLD {si_signo=SIGCHLD, si_code=CLD_EXITED, si_pid=8727, si_uid=1001, si_status=0, si_utime=357 /* 3.57 s */, si_stime=19 /* 0.19 s */} ---
8362  clone(child_stack=NULL, flags=CLONE_VM|CLONE_PIDFD|CLONE_VFORK|SIGCHLD <unfinished ...>
8733  execve("/opt/hostedtoolcache/go/1.27.0/arm64/pkg/tool/linux_arm64/asm", ["/opt/hostedtoolcache/go/1.27.0/a"..., "-p", "runtime", "-trimpath", "/tmp/go-build3661820248/b009=>", "-I", "/tmp/go-build3661820248/b009/", "-I", "/opt/hostedtoolcache/go/1.27.0/a"..., "-D", "GOOS_linux", "-D", "GOARCH_arm64", "-std", "-o", "/tmp/go-build3661820248/b009/asm"..., "/opt/hostedtoolcache/go/1.27.0/a"...], 0x1051d0676d88 /* 140 vars */ <unfinished ...>
8362  <... clone resumed>, parent_tid=[12]) = 8733
8733  <... execve resumed>)             = 0
8362  waitid(P_PIDFD, 12,  <unfinished ...>
8733  clone(child_stack=0x57dd8d532000, flags=CLONE_VM|CLONE_FS|CLONE_FILES|CLONE_SIGHAND|CLONE_THREAD|CLONE_SYSVSEM) = 8734
8733  clone(child_stack=0x57dd8d56a000, flags=CLONE_VM|CLONE_FS|CLONE_FILES|CLONE_SIGHAND|CLONE_THREAD|CLONE_SYSVSEM) = 8735
8733  clone(child_stack=0x57dd8d566000, flags=CLONE_VM|CLONE_FS|CLONE_FILES|CLONE_SIGHAND|CLONE_THREAD|CLONE_SYSVSEM) = 8736
8735  clone(child_stack=0x57dd8d598000, flags=CLONE_VM|CLONE_FS|CLONE_FILES|CLONE_SIGHAND|CLONE_THREAD|CLONE_SYSVSEM) = 8737
8734  tgkill(8733, 8736, SIGURG <unfinished ...>
8736  --- SIGURG {si_signo=SIGURG, si_code=SI_TKILL, si_pid=8733, si_uid=1001} ---
8734  <... tgkill resumed>)             = 0
8734  tgkill(8733, 8733, SIGURG)        = 0
8733  --- SIGURG {si_signo=SIGURG, si_code=SI_TKILL, si_pid=8733, si_uid=1001} ---
8737  exit_group(0)                     = ?
8737  +++ exited with 0 +++
8736  +++ exited with 0 +++
8735  +++ exited with 0 +++
8734  +++ exited with 0 +++
8733  +++ exited with 0 +++
8362  <... waitid resumed>{si_signo=SIGCHLD, si_code=CLD_EXITED, si_pid=8733, si_uid=1001, si_status=0, si_utime=0, si_stime=0}, WEXITED, {ru_utime={tv_sec=0, tv_usec=0}, ru_stime={tv_sec=0, tv_usec=6460}, ...}) = 0
8347  --- SIGCHLD {si_signo=SIGCHLD, si_code=CLD_EXITED, si_pid=8733, si_uid=1001, si_status=0, si_utime=0, si_stime=0} ---
8347  clone(child_stack=NULL, flags=CLONE_VM|CLONE_PIDFD|CLONE_VFORK|SIGCHLD <unfinished ...>
8738  execve("/opt/hostedtoolcache/go/1.27.0/arm64/pkg/tool/linux_arm64/asm", ["/opt/hostedtoolcache/go/1.27.0/a"..., "-p", "runtime", "-trimpath", "/tmp/go-build3661820248/b009=>", "-I", "/tmp/go-build3661820248/b009/", "-I", "/opt/hostedtoolcache/go/1.27.0/a"..., "-D", "GOOS_linux", "-D", "GOARCH_arm64", "-std", "-o", "/tmp/go-build3661820248/b009/asm"..., "/opt/hostedtoolcache/go/1.27.0/a"...], 0x1051d0677208 /* 140 vars */ <unfinished ...>
8347  <... clone resumed>, parent_tid=[12]) = 8738
8738  <... execve resumed>)             = 0
8347  waitid(P_PIDFD, 12,  <unfinished ...>
8738  clone(child_stack=0x5866028a2000, flags=CLONE_VM|CLONE_FS|CLONE_FILES|CLONE_SIGHAND|CLONE_THREAD|CLONE_SYSVSEM) = 8739
8738  clone(child_stack=0x5866028da000, flags=CLONE_VM|CLONE_FS|CLONE_FILES|CLONE_SIGHAND|CLONE_THREAD|CLONE_SYSVSEM) = 8740
8738  clone(child_stack=0x5866028d6000, flags=CLONE_VM|CLONE_FS|CLONE_FILES|CLONE_SIGHAND|CLONE_THREAD|CLONE_SYSVSEM) = 8741
8740  clone(child_stack=0x586602918000, flags=CLONE_VM|CLONE_FS|CLONE_FILES|CLONE_SIGHAND|CLONE_THREAD|CLONE_SYSVSEM) = 8742
8739  tgkill(8738, 8741, SIGURG)        = 0
8741  --- SIGURG {si_signo=SIGURG, si_code=SI_TKILL, si_pid=8738, si_uid=1001} ---
8739  tgkill(8738, 8738, SIGURG)        = 0
8738  --- SIGURG {si_signo=SIGURG, si_code=SI_TKILL, si_pid=8738, si_uid=1001} ---
8738  exit_group(0)                     = ?
8742  +++ exited with 0 +++
8741  +++ exited with 0 +++
8740  +++ exited with 0 +++
8739  +++ exited with 0 +++
8738  +++ exited with 0 +++
8362  --- SIGCHLD {si_signo=SIGCHLD, si_code=CLD_EXITED, si_pid=8738, si_uid=1001, si_status=0, si_utime=0, si_stime=0} ---
8347  <... waitid resumed>{si_signo=SIGCHLD, si_code=CLD_EXITED, si_pid=8738, si_uid=1001, si_status=0, si_utime=0, si_stime=0}, WEXITED, {ru_utime={tv_sec=0, tv_usec=11230}, ru_stime={tv_sec=0, tv_usec=3208}, ...}) = 0
8345  tgkill(8344, 8347, SIGURG)        = 0
8347  --- SIGURG {si_signo=SIGURG, si_code=SI_TKILL, si_pid=8344, si_uid=1001} ---
8344  clone(child_stack=NULL, flags=CLONE_VM|CLONE_PIDFD|CLONE_VFORK|SIGCHLD <unfinished ...>
8743  execve("/opt/hostedtoolcache/go/1.27.0/arm64/pkg/tool/linux_arm64/asm", ["/opt/hostedtoolcache/go/1.27.0/a"..., "-p", "runtime", "-trimpath", "/tmp/go-build3661820248/b009=>", "-I", "/tmp/go-build3661820248/b009/", "-I", "/opt/hostedtoolcache/go/1.27.0/a"..., "-D", "GOOS_linux", "-D", "GOARCH_arm64", "-std", "-o", "/tmp/go-build3661820248/b009/ato"..., "/opt/hostedtoolcache/go/1.27.0/a"...], 0x1051d09da008 /* 140 vars */ <unfinished ...>
8344  <... clone resumed>, parent_tid=[12]) = 8743
8743  <... execve resumed>)             = 0
8344  waitid(P_PIDFD, 12,  <unfinished ...>
8743  clone(child_stack=0x53b70c258000, flags=CLONE_VM|CLONE_FS|CLONE_FILES|CLONE_SIGHAND|CLONE_THREAD|CLONE_SYSVSEM) = 8744
8743  clone(child_stack=0x53b70c290000, flags=CLONE_VM|CLONE_FS|CLONE_FILES|CLONE_SIGHAND|CLONE_THREAD|CLONE_SYSVSEM) = 8745
8743  clone(child_stack=0x53b70c28c000, flags=CLONE_VM|CLONE_FS|CLONE_FILES|CLONE_SIGHAND|CLONE_THREAD|CLONE_SYSVSEM) = 8746
8745  clone(child_stack=0x53b70c318000, flags=CLONE_VM|CLONE_FS|CLONE_FILES|CLONE_SIGHAND|CLONE_THREAD|CLONE_SYSVSEM) = 8747
8744  tgkill(8743, 8746, SIGURG)        = 0
8746  --- SIGURG {si_signo=SIGURG, si_code=SI_TKILL, si_pid=8743, si_uid=1001} ---
8743  exit_group(0)                     = ?
8745  +++ exited with 0 +++
8746  +++ exited with 0 +++
8744  +++ exited with 0 +++
8747  +++ exited with 0 +++
8743  +++ exited with 0 +++
8344  <... waitid resumed>{si_signo=SIGCHLD, si_code=CLD_EXITED, si_pid=8743, si_uid=1001, si_status=0, si_utime=0, si_stime=0}, WEXITED, {ru_utime={tv_sec=0, tv_usec=0}, ru_stime={tv_sec=0, tv_usec=6266}, ...}) = 0
8349  --- SIGCHLD {si_signo=SIGCHLD, si_code=CLD_EXITED, si_pid=8743, si_uid=1001, si_status=0, si_utime=0, si_stime=0} ---
8349  clone(child_stack=NULL, flags=CLONE_VM|CLONE_PIDFD|CLONE_VFORK|SIGCHLD <unfinished ...>
8748  execve("/opt/hostedtoolcache/go/1.27.0/arm64/pkg/tool/linux_arm64/asm", ["/opt/hostedtoolcache/go/1.27.0/a"..., "-p", "runtime", "-trimpath", "/tmp/go-build3661820248/b009=>", "-I", "/tmp/go-build3661820248/b009/", "-I", "/opt/hostedtoolcache/go/1.27.0/a"..., "-D", "GOOS_linux", "-D", "GOARCH_arm64", "-std", "-o", "/tmp/go-build3661820248/b009/int"..., "/opt/hostedtoolcache/go/1.27.0/a"...], 0x1051d0835208 /* 140 vars */ <unfinished ...>
8349  <... clone resumed>, parent_tid=[12]) = 8748
8748  <... execve resumed>)             = 0
8349  waitid(P_PIDFD, 12,  <unfinished ...>
8748  clone(child_stack=0x3f2fbd0b0000, flags=CLONE_VM|CLONE_FS|CLONE_FILES|CLONE_SIGHAND|CLONE_THREAD|CLONE_SYSVSEM) = 8749
8748  clone(child_stack=0x3f2fbd0e8000, flags=CLONE_VM|CLONE_FS|CLONE_FILES|CLONE_SIGHAND|CLONE_THREAD|CLONE_SYSVSEM) = 8750
8748  clone(child_stack=0x3f2fbd0e4000, flags=CLONE_VM|CLONE_FS|CLONE_FILES|CLONE_SIGHAND|CLONE_THREAD|CLONE_SYSVSEM) = 8751
8750  clone(child_stack=0x3f2fbd118000, flags=CLONE_VM|CLONE_FS|CLONE_FILES|CLONE_SIGHAND|CLONE_THREAD|CLONE_SYSVSEM) = 8752
8748  exit_group(0)                     = ?
8752  +++ exited with 0 +++
8751  +++ exited with 0 +++
8750  +++ exited with 0 +++
8749  +++ exited with 0 +++
8748  +++ exited with 0 +++
8344  --- SIGCHLD {si_signo=SIGCHLD, si_code=CLD_EXITED, si_pid=8748, si_uid=1001, si_status=0, si_utime=0, si_stime=0} ---
8349  <... waitid resumed>{si_signo=SIGCHLD, si_code=CLD_EXITED, si_pid=8748, si_uid=1001, si_status=0, si_utime=0, si_stime=0}, WEXITED, {ru_utime={tv_sec=0, tv_usec=5005}, ru_stime={tv_sec=0, tv_usec=1668}, ...}) = 0
8345  tgkill(8344, 8349, SIGURG)        = 0
8349  --- SIGURG {si_signo=SIGURG, si_code=SI_TKILL, si_pid=8344, si_uid=1001} ---
8344  clone(child_stack=NULL, flags=CLONE_VM|CLONE_PIDFD|CLONE_VFORK|SIGCHLD <unfinished ...>
8753  execve("/opt/hostedtoolcache/go/1.27.0/arm64/pkg/tool/linux_arm64/asm", ["/opt/hostedtoolcache/go/1.27.0/a"..., "-p", "runtime", "-trimpath", "/tmp/go-build3661820248/b009=>", "-I", "/tmp/go-build3661820248/b009/", "-I", "/opt/hostedtoolcache/go/1.27.0/a"..., "-D", "GOOS_linux", "-D", "GOARCH_arm64", "-std", "-o", "/tmp/go-build3661820248/b009/mem"..., "/opt/hostedtoolcache/go/1.27.0/a"...], 0x1051d09da488 /* 140 vars */ <unfinished ...>
8344  <... clone resumed>, parent_tid=[12]) = 8753
8753  <... execve resumed>)             = 0
8344  waitid(P_PIDFD, 12,  <unfinished ...>
8753  clone(child_stack=0x59434b28a000, flags=CLONE_VM|CLONE_FS|CLONE_FILES|CLONE_SIGHAND|CLONE_THREAD|CLONE_SYSVSEM) = 8754
8753  clone(child_stack=0x59434b2c2000, flags=CLONE_VM|CLONE_FS|CLONE_FILES|CLONE_SIGHAND|CLONE_THREAD|CLONE_SYSVSEM) = 8755
8754  tgkill(8753, 8753, SIGURG <unfinished ...>
8753  clone(child_stack=0x59434b2be000, flags=CLONE_VM|CLONE_FS|CLONE_FILES|CLONE_SIGHAND|CLONE_THREAD|CLONE_SYSVSEM <unfinished ...>
8754  <... tgkill resumed>)             = 0
8753  <... clone resumed>)              = 8756
8753  --- SIGURG {si_signo=SIGURG, si_code=SI_TKILL, si_pid=8753, si_uid=1001} ---
8755  clone(child_stack=0x59434b318000, flags=CLONE_VM|CLONE_FS|CLONE_FILES|CLONE_SIGHAND|CLONE_THREAD|CLONE_SYSVSEM) = 8757
8753  clone(child_stack=0x59434b314000, flags=CLONE_VM|CLONE_FS|CLONE_FILES|CLONE_SIGHAND|CLONE_THREAD|CLONE_SYSVSEM) = 8758
8753  exit_group(0)                     = ?
8758  +++ exited with 0 +++
8757  +++ exited with 0 +++
8756  +++ exited with 0 +++
8755  +++ exited with 0 +++
8754  +++ exited with 0 +++
8753  +++ exited with 0 +++
8362  --- SIGCHLD {si_signo=SIGCHLD, si_code=CLD_EXITED, si_pid=8753, si_uid=1001, si_status=0, si_utime=0, si_stime=0} ---
8344  <... waitid resumed>{si_signo=SIGCHLD, si_code=CLD_EXITED, si_pid=8753, si_uid=1001, si_status=0, si_utime=0, si_stime=0}, WEXITED, {ru_utime={tv_sec=0, tv_usec=747}, ru_stime={tv_sec=0, tv_usec=5981}, ...}) = 0
8362  clone(child_stack=NULL, flags=CLONE_VM|CLONE_PIDFD|CLONE_VFORK|SIGCHLD <unfinished ...>
8759  execve("/opt/hostedtoolcache/go/1.27.0/arm64/pkg/tool/linux_arm64/asm", ["/opt/hostedtoolcache/go/1.27.0/a"..., "-p", "runtime", "-trimpath", "/tmp/go-build3661820248/b009=>", "-I", "/tmp/go-build3661820248/b009/", "-I", "/opt/hostedtoolcache/go/1.27.0/a"..., "-D", "GOOS_linux", "-D", "GOARCH_arm64", "-std", "-o", "/tmp/go-build3661820248/b009/mem"..., "/opt/hostedtoolcache/go/1.27.0/a"...], 0x1051d0835688 /* 140 vars */ <unfinished ...>
8362  <... clone resumed>, parent_tid=[12]) = 8759
8759  <... execve resumed>)             = 0
8362  waitid(P_PIDFD, 12,  <unfinished ...>
8759  clone(child_stack=0x7440c7074000, flags=CLONE_VM|CLONE_FS|CLONE_FILES|CLONE_SIGHAND|CLONE_THREAD|CLONE_SYSVSEM) = 8760
8759  clone(child_stack=0x7440c70ac000, flags=CLONE_VM|CLONE_FS|CLONE_FILES|CLONE_SIGHAND|CLONE_THREAD|CLONE_SYSVSEM) = 8761
8759  clone(child_stack=0x7440c70a8000, flags=CLONE_VM|CLONE_FS|CLONE_FILES|CLONE_SIGHAND|CLONE_THREAD|CLONE_SYSVSEM) = 8762
8761  clone(child_stack=0x7440c7118000, flags=CLONE_VM|CLONE_FS|CLONE_FILES|CLONE_SIGHAND|CLONE_THREAD|CLONE_SYSVSEM) = 8763
8759  exit_group(0)                     = ?
8763  +++ exited with 0 +++
8762  +++ exited with 0 +++
8761  +++ exited with 0 +++
8760  +++ exited with 0 +++
8759  +++ exited with 0 +++
8344  --- SIGCHLD {si_signo=SIGCHLD, si_code=CLD_EXITED, si_pid=8759, si_uid=1001, si_status=0, si_utime=0, si_stime=0} ---
8362  <... waitid resumed>{si_signo=SIGCHLD, si_code=CLD_EXITED, si_pid=8759, si_uid=1001, si_status=0, si_utime=0, si_stime=0}, WEXITED, {ru_utime={tv_sec=0, tv_usec=933}, ru_stime={tv_sec=0, tv_usec=5599}, ...}) = 0
8344  clone(child_stack=NULL, flags=CLONE_VM|CLONE_PIDFD|CLONE_VFORK|SIGCHLD <unfinished ...>
8764  execve("/opt/hostedtoolcache/go/1.27.0/arm64/pkg/tool/linux_arm64/asm", ["/opt/hostedtoolcache/go/1.27.0/a"..., "-p", "runtime", "-trimpath", "/tmp/go-build3661820248/b009=>", "-I", "/tmp/go-build3661820248/b009/", "-I", "/opt/hostedtoolcache/go/1.27.0/a"..., "-D", "GOOS_linux", "-D", "GOARCH_arm64", "-std", "-o", "/tmp/go-build3661820248/b009/pre"..., "/opt/hostedtoolcache/go/1.27.0/a"...], 0x1051d09da908 /* 140 vars */ <unfinished ...>
8344  <... clone resumed>, parent_tid=[12]) = 8764
8764  <... execve resumed>)             = 0
8344  waitid(P_PIDFD, 12,  <unfinished ...>
8764  clone(child_stack=0x1ec9ea7c0000, flags=CLONE_VM|CLONE_FS|CLONE_FILES|CLONE_SIGHAND|CLONE_THREAD|CLONE_SYSVSEM) = 8765
8764  clone(child_stack=0x1ec9ea7f8000, flags=CLONE_VM|CLONE_FS|CLONE_FILES|CLONE_SIGHAND|CLONE_THREAD|CLONE_SYSVSEM) = 8766
8765  tgkill(8764, 8764, SIGURG)        = 0
8764  --- SIGURG {si_signo=SIGURG, si_code=SI_TKILL, si_pid=8764, si_uid=1001} ---
8765  tgkill(8764, 8764, SIGURG)        = 0
8764  --- SIGURG {si_signo=SIGURG, si_code=SI_TKILL, si_pid=8764, si_uid=1001} ---
8764  clone(child_stack=0x1ec9ea7f4000, flags=CLONE_VM|CLONE_FS|CLONE_FILES|CLONE_SIGHAND|CLONE_THREAD|CLONE_SYSVSEM <unfinished ...>
8766  clone(child_stack=0x1ec9ea81a000, flags=CLONE_VM|CLONE_FS|CLONE_FILES|CLONE_SIGHAND|CLONE_THREAD|CLONE_SYSVSEM <unfinished ...>
8764  <... clone resumed>)              = 8767
8766  <... clone resumed>)              = 8768
8764  exit_group(0)                     = ?
8768  +++ exited with 0 +++
8767  +++ exited with 0 +++
8766  +++ exited with 0 +++
8765  +++ exited with 0 +++
8764  +++ exited with 0 +++
8344  <... waitid resumed>{si_signo=SIGCHLD, si_code=CLD_EXITED, si_pid=8764, si_uid=1001, si_status=0, si_utime=0, si_stime=0}, WEXITED, {ru_utime={tv_sec=0, tv_usec=1811}, ru_stime={tv_sec=0, tv_usec=7246}, ...}) = 0
8349  --- SIGCHLD {si_signo=SIGCHLD, si_code=CLD_EXITED, si_pid=8764, si_uid=1001, si_status=0, si_utime=0, si_stime=0} ---
8349  clone(child_stack=NULL, flags=CLONE_VM|CLONE_PIDFD|CLONE_VFORK|SIGCHLD <unfinished ...>
8769  execve("/opt/hostedtoolcache/go/1.27.0/arm64/pkg/tool/linux_arm64/asm", ["/opt/hostedtoolcache/go/1.27.0/a"..., "-p", "runtime", "-trimpath", "/tmp/go-build3661820248/b009=>", "-I", "/tmp/go-build3661820248/b009/", "-I", "/opt/hostedtoolcache/go/1.27.0/a"..., "-D", "GOOS_linux", "-D", "GOARCH_arm64", "-std", "-o", "/tmp/go-build3661820248/b009/rt0"..., "/opt/hostedtoolcache/go/1.27.0/a"...], 0x1051d09db208 /* 140 vars */ <unfinished ...>
8349  <... clone resumed>, parent_tid=[12]) = 8769
8769  <... execve resumed>)             = 0
8349  waitid(P_PIDFD, 12,  <unfinished ...>
8769  clone(child_stack=0x39ef02712000, flags=CLONE_VM|CLONE_FS|CLONE_FILES|CLONE_SIGHAND|CLONE_THREAD|CLONE_SYSVSEM) = 8770
8769  clone(child_stack=0x39ef0274a000, flags=CLONE_VM|CLONE_FS|CLONE_FILES|CLONE_SIGHAND|CLONE_THREAD|CLONE_SYSVSEM) = 8771
8769  clone(child_stack=0x39ef02746000, flags=CLONE_VM|CLONE_FS|CLONE_FILES|CLONE_SIGHAND|CLONE_THREAD|CLONE_SYSVSEM) = 8772
8771  clone(child_stack=0x39ef02798000, flags=CLONE_VM|CLONE_FS|CLONE_FILES|CLONE_SIGHAND|CLONE_THREAD|CLONE_SYSVSEM) = 8773
8770  tgkill(8769, 8772, SIGURG <unfinished ...>
8772  --- SIGURG {si_signo=SIGURG, si_code=SI_TKILL, si_pid=8769, si_uid=1001} ---
8770  <... tgkill resumed>)             = 0
8769  exit_group(0)                     = ?
8772  +++ exited with 0 +++
8771  +++ exited with 0 +++
8770  +++ exited with 0 +++
8773  +++ exited with 0 +++
8769  +++ exited with 0 +++
8344  --- SIGCHLD {si_signo=SIGCHLD, si_code=CLD_EXITED, si_pid=8769, si_uid=1001, si_status=0, si_utime=0, si_stime=0} ---
8349  <... waitid resumed>{si_signo=SIGCHLD, si_code=CLD_EXITED, si_pid=8769, si_uid=1001, si_status=0, si_utime=0, si_stime=0}, WEXITED, {ru_utime={tv_sec=0, tv_usec=1060}, ru_stime={tv_sec=0, tv_usec=5302}, ...}) = 0
8347  tgkill(8344, 8349, SIGURG)        = 0
8349  --- SIGURG {si_signo=SIGURG, si_code=SI_TKILL, si_pid=8344, si_uid=1001} ---
8344  clone(child_stack=NULL, flags=CLONE_VM|CLONE_PIDFD|CLONE_VFORK|SIGCHLD <unfinished ...>
8347  tgkill(8344, 8344, SIGURG)        = 0
8774  execve("/opt/hostedtoolcache/go/1.27.0/arm64/pkg/tool/linux_arm64/asm", ["/opt/hostedtoolcache/go/1.27.0/a"..., "-p", "runtime", "-trimpath", "/tmp/go-build3661820248/b009=>", "-I", "/tmp/go-build3661820248/b009/", "-I", "/opt/hostedtoolcache/go/1.27.0/a"..., "-D", "GOOS_linux", "-D", "GOARCH_arm64", "-std", "-o", "/tmp/go-build3661820248/b009/sec"..., "/opt/hostedtoolcache/go/1.27.0/a"...], 0x1051d05a1b08 /* 140 vars */ <unfinished ...>
8344  <... clone resumed>, parent_tid=[12]) = 8774
8344  --- SIGURG {si_signo=SIGURG, si_code=SI_TKILL, si_pid=8344, si_uid=1001} ---
8774  <... execve resumed>)             = 0
8347  tgkill(8344, 8344, SIGURG)        = 0
8344  --- SIGURG {si_signo=SIGURG, si_code=SI_TKILL, si_pid=8344, si_uid=1001} ---
8344  waitid(P_PIDFD, 12,  <unfinished ...>
8774  clone(child_stack=0x1b0320cc4000, flags=CLONE_VM|CLONE_FS|CLONE_FILES|CLONE_SIGHAND|CLONE_THREAD|CLONE_SYSVSEM) = 8775
8774  clone(child_stack=0x1b0320cfc000, flags=CLONE_VM|CLONE_FS|CLONE_FILES|CLONE_SIGHAND|CLONE_THREAD|CLONE_SYSVSEM) = 8776
8774  clone(child_stack=0x1b0320cf8000, flags=CLONE_VM|CLONE_FS|CLONE_FILES|CLONE_SIGHAND|CLONE_THREAD|CLONE_SYSVSEM) = 8777
8776  clone(child_stack=0x1b0320d28000, flags=CLONE_VM|CLONE_FS|CLONE_FILES|CLONE_SIGHAND|CLONE_THREAD|CLONE_SYSVSEM) = 8778
8774  exit_group(0)                     = ?
8778  +++ exited with 0 +++
8777  +++ exited with 0 +++
8776  +++ exited with 0 +++
8775  +++ exited with 0 +++
8774  +++ exited with 0 +++
8344  <... waitid resumed>{si_signo=SIGCHLD, si_code=CLD_EXITED, si_pid=8774, si_uid=1001, si_status=0, si_utime=0, si_stime=0}, WEXITED, {ru_utime={tv_sec=0, tv_usec=1137}, ru_stime={tv_sec=0, tv_usec=7962}, ...}) = 0
8349  --- SIGCHLD {si_signo=SIGCHLD, si_code=CLD_EXITED, si_pid=8774, si_uid=1001, si_status=0, si_utime=0, si_stime=0} ---
8349  clone(child_stack=NULL, flags=CLONE_VM|CLONE_PIDFD|CLONE_VFORK|SIGCHLD <unfinished ...>
8779  execve("/opt/hostedtoolcache/go/1.27.0/arm64/pkg/tool/linux_arm64/asm", ["/opt/hostedtoolcache/go/1.27.0/a"..., "-p", "runtime", "-trimpath", "/tmp/go-build3661820248/b009=>", "-I", "/tmp/go-build3661820248/b009/", "-I", "/opt/hostedtoolcache/go/1.27.0/a"..., "-D", "GOOS_linux", "-D", "GOARCH_arm64", "-std", "-o", "/tmp/go-build3661820248/b009/sys"..., "/opt/hostedtoolcache/go/1.27.0/a"...], 0x1051d09da008 /* 140 vars */ <unfinished ...>
8349  <... clone resumed>, parent_tid=[12]) = 8779
8779  <... execve resumed>)             = 0
8349  waitid(P_PIDFD, 12,  <unfinished ...>
8779  clone(child_stack=0x3620397e2000, flags=CLONE_VM|CLONE_FS|CLONE_FILES|CLONE_SIGHAND|CLONE_THREAD|CLONE_SYSVSEM) = 8780
8779  clone(child_stack=0x36203981a000, flags=CLONE_VM|CLONE_FS|CLONE_FILES|CLONE_SIGHAND|CLONE_THREAD|CLONE_SYSVSEM) = 8781
8780  tgkill(8779, 8779, SIGURG)        = 0
8779  clone(child_stack=0x362039816000, flags=CLONE_VM|CLONE_FS|CLONE_FILES|CLONE_SIGHAND|CLONE_THREAD|CLONE_SYSVSEM) = 8782
8781  clone(child_stack=0x362039898000, flags=CLONE_VM|CLONE_FS|CLONE_FILES|CLONE_SIGHAND|CLONE_THREAD|CLONE_SYSVSEM <unfinished ...>
8779  --- SIGURG {si_signo=SIGURG, si_code=SI_TKILL, si_pid=8779, si_uid=1001} ---
8781  <... clone resumed>)              = 8783
8779  exit_group(0)                     = ?
8783  +++ exited with 0 +++
8782  +++ exited with 0 +++
8781  +++ exited with 0 +++
8780  +++ exited with 0 +++
8779  +++ exited with 0 +++
8344  --- SIGCHLD {si_signo=SIGCHLD, si_code=CLD_EXITED, si_pid=8779, si_uid=1001, si_status=0, si_utime=0, si_stime=0} ---
8349  <... waitid resumed>{si_signo=SIGCHLD, si_code=CLD_EXITED, si_pid=8779, si_uid=1001, si_status=0, si_utime=0, si_stime=0}, WEXITED, {ru_utime={tv_sec=0, tv_usec=5862}, ru_stime={tv_sec=0, tv_usec=4690}, ...}) = 0
8345  tgkill(8344, 8349, SIGURG)        = 0
8349  --- SIGURG {si_signo=SIGURG, si_code=SI_TKILL, si_pid=8344, si_uid=1001} ---
8344  clone(child_stack=NULL, flags=CLONE_VM|CLONE_PIDFD|CLONE_VFORK|SIGCHLD <unfinished ...>
8784  execve("/opt/hostedtoolcache/go/1.27.0/arm64/pkg/tool/linux_arm64/asm", ["/opt/hostedtoolcache/go/1.27.0/a"..., "-p", "runtime", "-trimpath", "/tmp/go-build3661820248/b009=>", "-I", "/tmp/go-build3661820248/b009/", "-I", "/opt/hostedtoolcache/go/1.27.0/a"..., "-D", "GOOS_linux", "-D", "GOARCH_arm64", "-std", "-o", "/tmp/go-build3661820248/b009/tls"..., "/opt/hostedtoolcache/go/1.27.0/a"...], 0x1051d0898908 /* 140 vars */ <unfinished ...>
8344  <... clone resumed>, parent_tid=[12]) = 8784
8784  <... execve resumed>)             = 0
8344  waitid(P_PIDFD, 12,  <unfinished ...>
8784  clone(child_stack=0x34706fdc0000, flags=CLONE_VM|CLONE_FS|CLONE_FILES|CLONE_SIGHAND|CLONE_THREAD|CLONE_SYSVSEM) = 8785
8784  clone(child_stack=0x34706fdf8000, flags=CLONE_VM|CLONE_FS|CLONE_FILES|CLONE_SIGHAND|CLONE_THREAD|CLONE_SYSVSEM) = 8786
8785  tgkill(8784, 8784, SIGURG)        = 0
8784  clone(child_stack=0x34706fdf4000, flags=CLONE_VM|CLONE_FS|CLONE_FILES|CLONE_SIGHAND|CLONE_THREAD|CLONE_SYSVSEM) = 8787
8784  --- SIGURG {si_signo=SIGURG, si_code=SI_TKILL, si_pid=8784, si_uid=1001} ---
8786  clone(child_stack=0x34706fe98000, flags=CLONE_VM|CLONE_FS|CLONE_FILES|CLONE_SIGHAND|CLONE_THREAD|CLONE_SYSVSEM) = 8788
8784  exit_group(0)                     = ?
8788  +++ exited with 0 +++
8787  +++ exited with 0 +++
8786  +++ exited with 0 +++
8785  +++ exited with 0 +++
8784  +++ exited with 0 +++
8347  --- SIGCHLD {si_signo=SIGCHLD, si_code=CLD_EXITED, si_pid=8784, si_uid=1001, si_status=0, si_utime=0, si_stime=0} ---
8344  <... waitid resumed>{si_signo=SIGCHLD, si_code=CLD_EXITED, si_pid=8784, si_uid=1001, si_status=0, si_utime=0, si_stime=0}, WEXITED, {ru_utime={tv_sec=0, tv_usec=2037}, ru_stime={tv_sec=0, tv_usec=7130}, ...}) = 0
8345  tgkill(8344, 8347, SIGURG <unfinished ...>
8347  --- SIGURG {si_signo=SIGURG, si_code=SI_TKILL, si_pid=8344, si_uid=1001} ---
8345  <... tgkill resumed>)             = 0
8345  tgkill(8344, 8349, SIGURG)        = 0
8349  --- SIGURG {si_signo=SIGURG, si_code=SI_TKILL, si_pid=8344, si_uid=1001} ---
8345  tgkill(8344, 8349, SIGURG)        = 0
8349  --- SIGURG {si_signo=SIGURG, si_code=SI_TKILL, si_pid=8344, si_uid=1001} ---
8345  tgkill(8344, 8349, SIGURG)        = 0
8349  --- SIGURG {si_signo=SIGURG, si_code=SI_TKILL, si_pid=8344, si_uid=1001} ---
8347  clone(child_stack=NULL, flags=CLONE_VM|CLONE_PIDFD|CLONE_VFORK|SIGCHLD <unfinished ...>
8349  clone(child_stack=NULL, flags=CLONE_VM|CLONE_PIDFD|CLONE_VFORK|SIGCHLD <unfinished ...>
8791  execve("/opt/hostedtoolcache/go/1.27.0/arm64/pkg/tool/linux_arm64/compile", ["/opt/hostedtoolcache/go/1.27.0/a"..., "-o", "/tmp/go-build3661820248/b039/_pk"..., "-trimpath", "/tmp/go-build3661820248/b039=>", "-p", "iter", "-lang=go1.27", "-std", "-complete", "-buildid", "uClfDxJB1d5rn3Krtbai/uClfDxJB1d5"..., "-goversion", "go1.27.0", "-c=4", "-nolocalimports", "-importcfg", "/tmp/go-build3661820248/b039/imp"..., "-pack", "/opt/hostedtoolcache/go/1.27.0/a"...], 0x1051d09da488 /* 140 vars */ <unfinished ...>
8347  <... clone resumed>, parent_tid=[14]) = 8791
8791  <... execve resumed>)             = 0
8792  execve("/opt/hostedtoolcache/go/1.27.0/arm64/pkg/tool/linux_arm64/asm", ["/opt/hostedtoolcache/go/1.27.0/a"..., "-p", "internal/reflectlite", "-trimpath", "/tmp/go-build3661820248/b004=>", "-I", "/tmp/go-build3661820248/b004/", "-I", "/opt/hostedtoolcache/go/1.27.0/a"..., "-D", "GOOS_linux", "-D", "GOARCH_arm64", "-std", "-gensymabis", "-o", "/tmp/go-build3661820248/b004/sym"..., "/opt/hostedtoolcache/go/1.27.0/a"...], 0x1051d0898d88 /* 140 vars */ <unfinished ...>
8349  <... clone resumed>, parent_tid=[19]) = 8792
8792  <... execve resumed>)             = 0
8347  waitid(P_PIDFD, 14,  <unfinished ...>
8345  tgkill(8344, 8349, SIGURG)        = 0
8349  --- SIGURG {si_signo=SIGURG, si_code=SI_TKILL, si_pid=8344, si_uid=1001} ---
8362  waitid(P_PIDFD, 19,  <unfinished ...>
8348  clone(child_stack=NULL, flags=CLONE_VM|CLONE_PIDFD|CLONE_VFORK|SIGCHLD <unfinished ...>
8793  execve("/opt/hostedtoolcache/go/1.27.0/arm64/pkg/tool/linux_arm64/compile", ["/opt/hostedtoolcache/go/1.27.0/a"..., "-o", "/tmp/go-build3661820248/b043/_pk"..., "-trimpath", "/tmp/go-build3661820248/b043=>", "-p", "sync", "-lang=go1.27", "-std", "-buildid", "sXZpFnMXYj6FkZv37Ni0/sXZpFnMXYj6"..., "-goversion", "go1.27.0", "-c=4", "-nolocalimports", "-importcfg", "/tmp/go-build3661820248/b043/imp"..., "-pack", "/opt/hostedtoolcache/go/1.27.0/a"..., "/opt/hostedtoolcache/go/1.27.0/a"..., "/opt/hostedtoolcache/go/1.27.0/a"..., "/opt/hostedtoolcache/go/1.27.0/a"..., "/opt/hostedtoolcache/go/1.27.0/a"..., "/opt/hostedtoolcache/go/1.27.0/a"..., "/opt/hostedtoolcache/go/1.27.0/a"..., "/opt/hostedtoolcache/go/1.27.0/a"..., "/opt/hostedtoolcache/go/1.27.0/a"..., "/opt/hostedtoolcache/go/1.27.0/a"..., "/opt/hostedtoolcache/go/1.27.0/a"...], 0x1051d0676d88 /* 140 vars */ <unfinished ...>
8348  <... clone resumed>, parent_tid=[11]) = 8793
8793  <... execve resumed>)             = 0
8348  waitid(P_PIDFD, 11,  <unfinished ...>
8792  clone(child_stack=0xe48e0e38000, flags=CLONE_VM|CLONE_FS|CLONE_FILES|CLONE_SIGHAND|CLONE_THREAD|CLONE_SYSVSEM) = 8794
8791  clone(child_stack=0xfb02940e000, flags=CLONE_VM|CLONE_FS|CLONE_FILES|CLONE_SIGHAND|CLONE_THREAD|CLONE_SYSVSEM) = 8795
8792  clone(child_stack=0xe48e0e70000, flags=CLONE_VM|CLONE_FS|CLONE_FILES|CLONE_SIGHAND|CLONE_THREAD|CLONE_SYSVSEM <unfinished ...>
8794  tgkill(8792, 8792, SIGURG <unfinished ...>
8792  <... clone resumed>)              = 8796
8794  <... tgkill resumed>)             = 0
8792  --- SIGURG {si_signo=SIGURG, si_code=SI_TKILL, si_pid=8792, si_uid=1001} ---
8791  clone(child_stack=0xfb029446000, flags=CLONE_VM|CLONE_FS|CLONE_FILES|CLONE_SIGHAND|CLONE_THREAD|CLONE_SYSVSEM <unfinished ...>
8792  clone(child_stack=0xe48e0e6c000, flags=CLONE_VM|CLONE_FS|CLONE_FILES|CLONE_SIGHAND|CLONE_THREAD|CLONE_SYSVSEM <unfinished ...>
8791  <... clone resumed>)              = 8797
8792  <... clone resumed>)              = 8798
8795  tgkill(8791, 8791, SIGURG)        = 0
8796  clone(child_stack=0xe48e0e98000, flags=CLONE_VM|CLONE_FS|CLONE_FILES|CLONE_SIGHAND|CLONE_THREAD|CLONE_SYSVSEM <unfinished ...>
8791  clone(child_stack=0xfb029442000, flags=CLONE_VM|CLONE_FS|CLONE_FILES|CLONE_SIGHAND|CLONE_THREAD|CLONE_SYSVSEM <unfinished ...>
8796  <... clone resumed>)              = 8799
8791  <... clone resumed>)              = 8800
8791  --- SIGURG {si_signo=SIGURG, si_code=SI_TKILL, si_pid=8791, si_uid=1001} ---
8797  clone(child_stack=0xfb029498000, flags=CLONE_VM|CLONE_FS|CLONE_FILES|CLONE_SIGHAND|CLONE_THREAD|CLONE_SYSVSEM) = 8801
8793  clone(child_stack=0x5053c55ce000, flags=CLONE_VM|CLONE_FS|CLONE_FILES|CLONE_SIGHAND|CLONE_THREAD|CLONE_SYSVSEM) = 8802
8802  tgkill(8793, 8793, SIGURG)        = 0
8793  clone(child_stack=0x5053c5608000, flags=CLONE_VM|CLONE_FS|CLONE_FILES|CLONE_SIGHAND|CLONE_THREAD|CLONE_SYSVSEM) = 8803
8793  --- SIGURG {si_signo=SIGURG, si_code=SI_TKILL, si_pid=8793, si_uid=1001} ---
8793  clone(child_stack=0x5053c5604000, flags=CLONE_VM|CLONE_FS|CLONE_FILES|CLONE_SIGHAND|CLONE_THREAD|CLONE_SYSVSEM) = 8804
8803  clone(child_stack=0x5053c5628000, flags=CLONE_VM|CLONE_FS|CLONE_FILES|CLONE_SIGHAND|CLONE_THREAD|CLONE_SYSVSEM) = 8805
8802  tgkill(8793, 8803, SIGURG)        = 0
8803  --- SIGURG {si_signo=SIGURG, si_code=SI_TKILL, si_pid=8793, si_uid=1001} ---
8792  exit_group(0)                     = ?
8794  +++ exited with 0 +++
8798  +++ exited with 0 +++
8796  +++ exited with 0 +++
8799  +++ exited with 0 +++
8792  +++ exited with 0 +++
8362  <... waitid resumed>{si_signo=SIGCHLD, si_code=CLD_EXITED, si_pid=8792, si_uid=1001, si_status=0, si_utime=0, si_stime=0}, WEXITED, {ru_utime={tv_sec=0, tv_usec=1700}, ru_stime={tv_sec=0, tv_usec=3401}, ...}) = 0
8344  --- SIGCHLD {si_signo=SIGCHLD, si_code=CLD_EXITED, si_pid=8792, si_uid=1001, si_status=0, si_utime=0, si_stime=0} ---
8362  clone(child_stack=NULL, flags=CLONE_VM|CLONE_PIDFD|CLONE_VFORK|SIGCHLD <unfinished ...>
8802  clone(child_stack=0x5053c5a12000, flags=CLONE_VM|CLONE_FS|CLONE_FILES|CLONE_SIGHAND|CLONE_THREAD|CLONE_SYSVSEM) = 8807
8345  tgkill(8344, 8362, SIGURG)        = 0
8806  execve("/opt/hostedtoolcache/go/1.27.0/arm64/pkg/tool/linux_arm64/compile", ["/opt/hostedtoolcache/go/1.27.0/a"..., "-o", "/tmp/go-build3661820248/b004/_pk"..., "-trimpath", "/tmp/go-build3661820248/b004=>", "-p", "internal/reflectlite", "-lang=go1.27", "-std", "-buildid", "PjwVM48CAnHb1-eiQSvm/PjwVM48CAnH"..., "-goversion", "go1.27.0", "-symabis", "/tmp/go-build3661820248/b004/sym"..., "-c=4", "-nolocalimports", "-importcfg", "/tmp/go-build3661820248/b004/imp"..., "-pack", "-asmhdr", "/tmp/go-build3661820248/b004/go_"..., "/opt/hostedtoolcache/go/1.27.0/a"..., "/opt/hostedtoolcache/go/1.27.0/a"..., "/opt/hostedtoolcache/go/1.27.0/a"...], 0x1051d07b9208 /* 140 vars */) = 0
8362  <... clone resumed>, parent_tid=[15]) = 8806
8362  --- SIGURG {si_signo=SIGURG, si_code=SI_TKILL, si_pid=8344, si_uid=1001} ---
8345  tgkill(8344, 8362, SIGURG <unfinished ...>
8795  tgkill(8791, 8791, SIGURG <unfinished ...>
8345  <... tgkill resumed>)             = 0
8362  --- SIGURG {si_signo=SIGURG, si_code=SI_TKILL, si_pid=8344, si_uid=1001} ---
8795  <... tgkill resumed>)             = 0
8349  waitid(P_PIDFD, 15,  <unfinished ...>
8791  --- SIGURG {si_signo=SIGURG, si_code=SI_TKILL, si_pid=8791, si_uid=1001} ---
8800  exit_group(0)                     = ?
8801  +++ exited with 0 +++
8800  +++ exited with 0 +++
8797  +++ exited with 0 +++
8795  +++ exited with 0 +++
8806  clone(child_stack=0x7502e428a000, flags=CLONE_VM|CLONE_FS|CLONE_FILES|CLONE_SIGHAND|CLONE_THREAD|CLONE_SYSVSEM) = 8808
8806  clone(child_stack=0x7502e42c2000, flags=CLONE_VM|CLONE_FS|CLONE_FILES|CLONE_SIGHAND|CLONE_THREAD|CLONE_SYSVSEM) = 8809
8791  +++ exited with 0 +++
8347  <... waitid resumed>{si_signo=SIGCHLD, si_code=CLD_EXITED, si_pid=8791, si_uid=1001, si_status=0, si_utime=0, si_stime=0}, WEXITED, {ru_utime={tv_sec=0, tv_usec=7942}, ru_stime={tv_sec=0, tv_usec=6177}, ...}) = 0
8344  --- SIGCHLD {si_signo=SIGCHLD, si_code=CLD_EXITED, si_pid=8791, si_uid=1001, si_status=0, si_utime=0, si_stime=0} ---
8806  clone(child_stack=0x7502e42be000, flags=CLONE_VM|CLONE_FS|CLONE_FILES|CLONE_SIGHAND|CLONE_THREAD|CLONE_SYSVSEM) = 8810
8809  clone(child_stack=0x7502e4318000, flags=CLONE_VM|CLONE_FS|CLONE_FILES|CLONE_SIGHAND|CLONE_THREAD|CLONE_SYSVSEM) = 8811
8806  clone(child_stack=0x7502e4314000, flags=CLONE_VM|CLONE_FS|CLONE_FILES|CLONE_SIGHAND|CLONE_THREAD|CLONE_SYSVSEM) = 8812
8802  tgkill(8793, 8804, SIGURG)        = 0
8804  --- SIGURG {si_signo=SIGURG, si_code=SI_TKILL, si_pid=8793, si_uid=1001} ---
8344  clone(child_stack=NULL, flags=CLONE_VM|CLONE_PIDFD|CLONE_VFORK|SIGCHLD <unfinished ...>
8813  execve("/opt/hostedtoolcache/go/1.27.0/arm64/pkg/tool/linux_arm64/compile", ["/opt/hostedtoolcache/go/1.27.0/a"..., "-o", "/tmp/go-build3661820248/b048/_pk"..., "-trimpath", "/tmp/go-build3661820248/b048=>", "-p", "slices", "-lang=go1.27", "-std", "-complete", "-buildid", "bHfVjtEuol23wLK7s-73/bHfVjtEuol2"..., "-goversion", "go1.27.0", "-c=4", "-nolocalimports", "-importcfg", "/tmp/go-build3661820248/b048/imp"..., "-pack", "/opt/hostedtoolcache/go/1.27.0/a"..., "/opt/hostedtoolcache/go/1.27.0/a"..., "/opt/hostedtoolcache/go/1.27.0/a"..., "/opt/hostedtoolcache/go/1.27.0/a"..., "/opt/hostedtoolcache/go/1.27.0/a"...], 0x1051d07b9688 /* 140 vars */ <unfinished ...>
8344  <... clone resumed>, parent_tid=[14]) = 8813
8813  <... execve resumed>)             = 0
8344  waitid(P_PIDFD, 14,  <unfinished ...>
8813  clone(child_stack=0x8d8b5fb8000, flags=CLONE_VM|CLONE_FS|CLONE_FILES|CLONE_SIGHAND|CLONE_THREAD|CLONE_SYSVSEM) = 8814
8814  tgkill(8813, 8813, SIGURG)        = 0
8808  tgkill(8806, 8811, SIGURG)        = 0
8813  --- SIGURG {si_signo=SIGURG, si_code=SI_TKILL, si_pid=8813, si_uid=1001} ---
8811  --- SIGURG {si_signo=SIGURG, si_code=SI_TKILL, si_pid=8806, si_uid=1001} ---
8813  clone(child_stack=0x8d8b5ff0000, flags=CLONE_VM|CLONE_FS|CLONE_FILES|CLONE_SIGHAND|CLONE_THREAD|CLONE_SYSVSEM) = 8815
8813  clone(child_stack=0x8d8b5fec000, flags=CLONE_VM|CLONE_FS|CLONE_FILES|CLONE_SIGHAND|CLONE_THREAD|CLONE_SYSVSEM) = 8816
8815  clone(child_stack=0x8d8b6018000, flags=CLONE_VM|CLONE_FS|CLONE_FILES|CLONE_SIGHAND|CLONE_THREAD|CLONE_SYSVSEM) = 8817
8815  clone(child_stack=0x8d8b6014000, flags=CLONE_VM|CLONE_FS|CLONE_FILES|CLONE_SIGHAND|CLONE_THREAD|CLONE_SYSVSEM) = 8818
8802  tgkill(8793, 8803, SIGURG)        = 0
8803  --- SIGURG {si_signo=SIGURG, si_code=SI_TKILL, si_pid=8793, si_uid=1001} ---
8808  tgkill(8806, 8806, SIGURG)        = 0
8806  --- SIGURG {si_signo=SIGURG, si_code=SI_TKILL, si_pid=8806, si_uid=1001} ---
8814  tgkill(8813, 8815, SIGURG)        = 0
8815  --- SIGURG {si_signo=SIGURG, si_code=SI_TKILL, si_pid=8813, si_uid=1001} ---
8802  tgkill(8793, 8803, SIGURG <unfinished ...>
8813  exit_group(0)                     = ?
8814  +++ exited with 0 +++
8817  +++ exited with 0 +++
8816  +++ exited with 0 +++
8818  +++ exited with 0 +++
8802  <... tgkill resumed>)             = 0
8815  +++ exited with 0 +++
8813  +++ exited with 0 +++
8803  --- SIGURG {si_signo=SIGURG, si_code=SI_TKILL, si_pid=8793, si_uid=1001} ---
8344  <... waitid resumed>{si_signo=SIGCHLD, si_code=CLD_EXITED, si_pid=8813, si_uid=1001, si_status=0, si_utime=0, si_stime=0}, WEXITED, {ru_utime={tv_sec=0, tv_usec=15991}, ru_stime={tv_sec=0, tv_usec=9137}, ...}) = 0
8347  --- SIGCHLD {si_signo=SIGCHLD, si_code=CLD_EXITED, si_pid=8813, si_uid=1001, si_status=0, si_utime=1 /* 0.01 s */, si_stime=0} ---
8808  tgkill(8806, 8811, SIGURG)        = 0
8811  --- SIGURG {si_signo=SIGURG, si_code=SI_TKILL, si_pid=8806, si_uid=1001} ---
8351  tgkill(8344, 8347, SIGURG)        = 0
8347  --- SIGURG {si_signo=SIGURG, si_code=SI_TKILL, si_pid=8344, si_uid=1001} ---
8802  tgkill(8793, 8805, SIGURG <unfinished ...>
8808  tgkill(8806, 8812, SIGURG)        = 0
8812  --- SIGURG {si_signo=SIGURG, si_code=SI_TKILL, si_pid=8806, si_uid=1001} ---
8805  --- SIGURG {si_signo=SIGURG, si_code=SI_TKILL, si_pid=8793, si_uid=1001} ---
8802  <... tgkill resumed>)             = 0
8808  tgkill(8806, 8806, SIGURG <unfinished ...>
8802  tgkill(8793, 8804, SIGURG <unfinished ...>
8808  <... tgkill resumed>)             = 0
8802  <... tgkill resumed>)             = 0
8804  --- SIGURG {si_signo=SIGURG, si_code=SI_TKILL, si_pid=8793, si_uid=1001} ---
8806  --- SIGURG {si_signo=SIGURG, si_code=SI_TKILL, si_pid=8806, si_uid=1001} ---
8345  tgkill(8344, 8351, SIGURG)        = 0
8351  --- SIGURG {si_signo=SIGURG, si_code=SI_TKILL, si_pid=8344, si_uid=1001} ---
8345  tgkill(8344, 8351, SIGURG)        = 0
8351  --- SIGURG {si_signo=SIGURG, si_code=SI_TKILL, si_pid=8344, si_uid=1001} ---
8345  tgkill(8344, 8351, SIGURG)        = 0
8351  --- SIGURG {si_signo=SIGURG, si_code=SI_TKILL, si_pid=8344, si_uid=1001} ---
8808  tgkill(8806, 8811, SIGURG <unfinished ...>
8811  --- SIGURG {si_signo=SIGURG, si_code=SI_TKILL, si_pid=8806, si_uid=1001} ---
8808  <... tgkill resumed>)             = 0
8808  tgkill(8806, 8809, SIGURG)        = 0
8809  --- SIGURG {si_signo=SIGURG, si_code=SI_TKILL, si_pid=8806, si_uid=1001} ---
8802  tgkill(8793, 8793, SIGURG)        = 0
8793  --- SIGURG {si_signo=SIGURG, si_code=SI_TKILL, si_pid=8793, si_uid=1001} ---
8805  exit_group(0)                     = ?
8807  +++ exited with 0 +++
8803  +++ exited with 0 +++
8802  +++ exited with 0 +++
8804  +++ exited with 0 +++
8805  +++ exited with 0 +++
8793  +++ exited with 0 +++
8344  --- SIGCHLD {si_signo=SIGCHLD, si_code=CLD_EXITED, si_pid=8793, si_uid=1001, si_status=0, si_utime=11 /* 0.11 s */, si_stime=2 /* 0.02 s */} ---
8348  <... waitid resumed>{si_signo=SIGCHLD, si_code=CLD_EXITED, si_pid=8793, si_uid=1001, si_status=0, si_utime=0, si_stime=0}, WEXITED, {ru_utime={tv_sec=0, tv_usec=114439}, ru_stime={tv_sec=0, tv_usec=22305}, ...}) = 0
8809  exit_group(0)                     = ?
8810  +++ exited with 0 +++
8812  +++ exited with 0 +++
8811  +++ exited with 0 +++
8809  +++ exited with 0 +++
8808  +++ exited with 0 +++
8806  +++ exited with 0 +++
8349  <... waitid resumed>{si_signo=SIGCHLD, si_code=CLD_EXITED, si_pid=8806, si_uid=1001, si_status=0, si_utime=0, si_stime=0}, WEXITED, {ru_utime={tv_sec=0, tv_usec=90839}, ru_stime={tv_sec=0, tv_usec=22970}, ...}) = 0
8347  --- SIGCHLD {si_signo=SIGCHLD, si_code=CLD_EXITED, si_pid=8806, si_uid=1001, si_status=0, si_utime=8 /* 0.08 s */, si_stime=2 /* 0.02 s */} ---
8347  clone(child_stack=NULL, flags=CLONE_VM|CLONE_PIDFD|CLONE_VFORK|SIGCHLD <unfinished ...>
8819  execve("/opt/hostedtoolcache/go/1.27.0/arm64/pkg/tool/linux_arm64/asm", ["/opt/hostedtoolcache/go/1.27.0/a"..., "-p", "internal/reflectlite", "-trimpath", "/tmp/go-build3661820248/b004=>", "-I", "/tmp/go-build3661820248/b004/", "-I", "/opt/hostedtoolcache/go/1.27.0/a"..., "-D", "GOOS_linux", "-D", "GOARCH_arm64", "-std", "-o", "/tmp/go-build3661820248/b004/asm"..., "/opt/hostedtoolcache/go/1.27.0/a"...], 0x1051d07b9208 /* 140 vars */ <unfinished ...>
8347  <... clone resumed>, parent_tid=[13]) = 8819
8819  <... execve resumed>)             = 0
8347  waitid(P_PIDFD, 13,  <unfinished ...>
8349  clone(child_stack=NULL, flags=CLONE_VM|CLONE_PIDFD|CLONE_VFORK|SIGCHLD <unfinished ...>
8344  clone(child_stack=NULL, flags=CLONE_VM|CLONE_PIDFD|CLONE_VFORK|SIGCHLD <unfinished ...>
8820  execve("/opt/hostedtoolcache/go/1.27.0/arm64/pkg/tool/linux_arm64/compile", ["/opt/hostedtoolcache/go/1.27.0/a"..., "-o", "/tmp/go-build3661820248/b067/_pk"..., "-trimpath", "/tmp/go-build3661820248/b067=>", "-p", "internal/bisect", "-lang=go1.27", "-std", "-complete", "-buildid", "0mAloux1h2J8s02rfUs4/0mAloux1h2J"..., "-goversion", "go1.27.0", "-c=4", "-nolocalimports", "-importcfg", "/tmp/go-build3661820248/b067/imp"..., "-pack", "/opt/hostedtoolcache/go/1.27.0/a"...], 0x1051d0676d88 /* 140 vars */ <unfinished ...>
8819  clone(child_stack=0x7b1b6b7a2000, flags=CLONE_VM|CLONE_FS|CLONE_FILES|CLONE_SIGHAND|CLONE_THREAD|CLONE_SYSVSEM <unfinished ...>
8349  <... clone resumed>, parent_tid=[15]) = 8820
8819  <... clone resumed>)              = 8822
8820  <... execve resumed>)             = 0
8345  tgkill(8344, 8344, SIGURG)        = 0
8819  clone(child_stack=0x7b1b6b7da000, flags=CLONE_VM|CLONE_FS|CLONE_FILES|CLONE_SIGHAND|CLONE_THREAD|CLONE_SYSVSEM) = 8823
8822  tgkill(8819, 8819, SIGURG)        = 0
8819  clone(child_stack=0x7b1b6b7d6000, flags=CLONE_VM|CLONE_FS|CLONE_FILES|CLONE_SIGHAND|CLONE_THREAD|CLONE_SYSVSEM) = 8824
8821  execve("/opt/hostedtoolcache/go/1.27.0/arm64/pkg/tool/linux_arm64/compile", ["/opt/hostedtoolcache/go/1.27.0/a"..., "-o", "/tmp/go-build3661820248/b060/_pk"..., "-trimpath", "/tmp/go-build3661820248/b060=>", "-p", "internal/testlog", "-lang=go1.27", "-std", "-complete", "-buildid", "27UNtftAwL_icUDWbBfY/27UNtftAwL_"..., "-goversion", "go1.27.0", "-c=4", "-nolocalimports", "-importcfg", "/tmp/go-build3661820248/b060/imp"..., "-pack", "/opt/hostedtoolcache/go/1.27.0/a"..., "/opt/hostedtoolcache/go/1.27.0/a"...], 0x1051d09da008 /* 140 vars */ <unfinished ...>
8819  --- SIGURG {si_signo=SIGURG, si_code=SI_TKILL, si_pid=8819, si_uid=1001} ---
8823  clone(child_stack=0x7b1b6b818000, flags=CLONE_VM|CLONE_FS|CLONE_FILES|CLONE_SIGHAND|CLONE_THREAD|CLONE_SYSVSEM <unfinished ...>
8819  clone(child_stack=0x7b1b6b814000, flags=CLONE_VM|CLONE_FS|CLONE_FILES|CLONE_SIGHAND|CLONE_THREAD|CLONE_SYSVSEM <unfinished ...>
8821  <... execve resumed>)             = 0
8344  <... clone resumed>, parent_tid=[20]) = 8821
8823  <... clone resumed>)              = 8825
8344  --- SIGURG {si_signo=SIGURG, si_code=SI_TKILL, si_pid=8344, si_uid=1001} ---
8819  <... clone resumed>)              = 8826
8349  waitid(P_PIDFD, 15,  <unfinished ...>
8344  waitid(P_PIDFD, 20,  <unfinished ...>
8819  exit_group(0)                     = ?
8826  +++ exited with 0 +++
8825  +++ exited with 0 +++
8824  +++ exited with 0 +++
8823  +++ exited with 0 +++
8822  +++ exited with 0 +++
8819  +++ exited with 0 +++
8348  --- SIGCHLD {si_signo=SIGCHLD, si_code=CLD_EXITED, si_pid=8819, si_uid=1001, si_status=0, si_utime=0, si_stime=0} ---
8347  <... waitid resumed>{si_signo=SIGCHLD, si_code=CLD_EXITED, si_pid=8819, si_uid=1001, si_status=0, si_utime=0, si_stime=0}, WEXITED, {ru_utime={tv_sec=0, tv_usec=1627}, ru_stime={tv_sec=0, tv_usec=4069}, ...}) = 0
8820  clone(child_stack=0x4c921e06c000, flags=CLONE_VM|CLONE_FS|CLONE_FILES|CLONE_SIGHAND|CLONE_THREAD|CLONE_SYSVSEM) = 8827
8821  clone(child_stack=0x3351c8b5e000, flags=CLONE_VM|CLONE_FS|CLONE_FILES|CLONE_SIGHAND|CLONE_THREAD|CLONE_SYSVSEM) = 8828
8820  clone(child_stack=0x4c921e0a4000, flags=CLONE_VM|CLONE_FS|CLONE_FILES|CLONE_SIGHAND|CLONE_THREAD|CLONE_SYSVSEM <unfinished ...>
8827  tgkill(8820, 8820, SIGURG <unfinished ...>
8821  clone(child_stack=0x3351c8b98000, flags=CLONE_VM|CLONE_FS|CLONE_FILES|CLONE_SIGHAND|CLONE_THREAD|CLONE_SYSVSEM <unfinished ...>
8827  <... tgkill resumed>)             = 0
8820  <... clone resumed>)              = 8829
8821  <... clone resumed>)              = 8830
8820  --- SIGURG {si_signo=SIGURG, si_code=SI_TKILL, si_pid=8820, si_uid=1001} ---
8828  tgkill(8821, 8821, SIGURG)        = 0
8821  clone(child_stack=0x3351c8b94000, flags=CLONE_VM|CLONE_FS|CLONE_FILES|CLONE_SIGHAND|CLONE_THREAD|CLONE_SYSVSEM <unfinished ...>
8827  tgkill(8820, 8820, SIGURG)        = 0
8821  <... clone resumed>)              = 8831
8820  clone(child_stack=0x4c921e0a0000, flags=CLONE_VM|CLONE_FS|CLONE_FILES|CLONE_SIGHAND|CLONE_THREAD|CLONE_SYSVSEM <unfinished ...>
8821  --- SIGURG {si_signo=SIGURG, si_code=SI_TKILL, si_pid=8821, si_uid=1001} ---
8820  <... clone resumed>)              = 8832
8820  --- SIGURG {si_signo=SIGURG, si_code=SI_TKILL, si_pid=8820, si_uid=1001} ---
8830  clone(child_stack=0x3351c8bb8000, flags=CLONE_VM|CLONE_FS|CLONE_FILES|CLONE_SIGHAND|CLONE_THREAD|CLONE_SYSVSEM <unfinished ...>
8829  clone(child_stack=0x4c921e118000, flags=CLONE_VM|CLONE_FS|CLONE_FILES|CLONE_SIGHAND|CLONE_THREAD|CLONE_SYSVSEM <unfinished ...>
8830  <... clone resumed>)              = 8833
8829  <... clone resumed>)              = 8834
8362  clone(child_stack=NULL, flags=CLONE_VM|CLONE_PIDFD|CLONE_VFORK|SIGCHLD <unfinished ...>
8348  clone(child_stack=NULL, flags=CLONE_VM|CLONE_PIDFD|CLONE_VFORK|SIGCHLD <unfinished ...>
8835  execve("/opt/hostedtoolcache/go/1.27.0/arm64/pkg/tool/linux_arm64/compile", ["/opt/hostedtoolcache/go/1.27.0/a"..., "-o", "/tmp/go-build3661820248/b072/_pk"..., "-trimpath", "/tmp/go-build3661820248/b072=>", "-p", "sort", "-lang=go1.27", "-std", "-complete", "-buildid", "7Nd7W-9A7TehAmYPq50Y/7Nd7W-9A7Te"..., "-goversion", "go1.27.0", "-c=4", "-nolocalimports", "-importcfg", "/tmp/go-build3661820248/b072/imp"..., "-pack", "/opt/hostedtoolcache/go/1.27.0/a"..., "/opt/hostedtoolcache/go/1.27.0/a"..., "/opt/hostedtoolcache/go/1.27.0/a"..., "/opt/hostedtoolcache/go/1.27.0/a"..., "/opt/hostedtoolcache/go/1.27.0/a"...], 0x1051d0677208 /* 140 vars */ <unfinished ...>
8362  <... clone resumed>, parent_tid=[21]) = 8835
8835  <... execve resumed>)             = 0
8836  execve("/opt/hostedtoolcache/go/1.27.0/arm64/pkg/tool/linux_arm64/compile", ["/opt/hostedtoolcache/go/1.27.0/a"..., "-o", "/tmp/go-build3661820248/b003/_pk"..., "-trimpath", "/tmp/go-build3661820248/b003=>", "-p", "errors", "-lang=go1.27", "-std", "-complete", "-buildid", "4LF70XTbcy7WxOwUaIyZ/4LF70XTbcy7"..., "-goversion", "go1.27.0", "-c=4", "-nolocalimports", "-importcfg", "/tmp/go-build3661820248/b003/imp"..., "-pack", "/opt/hostedtoolcache/go/1.27.0/a"..., "/opt/hostedtoolcache/go/1.27.0/a"..., "/opt/hostedtoolcache/go/1.27.0/a"...], 0x1051d0898908 /* 140 vars */ <unfinished ...>
8348  <... clone resumed>, parent_tid=[22]) = 8836
8362  waitid(P_PIDFD, 21,  <unfinished ...>
8348  waitid(P_PIDFD, 22,  <unfinished ...>
8836  <... execve resumed>)             = 0
8827  tgkill(8820, 8820, SIGURG)        = 0
8820  --- SIGURG {si_signo=SIGURG, si_code=SI_TKILL, si_pid=8820, si_uid=1001} ---
8828  tgkill(8821, 8830, SIGURG)        = 0
8830  --- SIGURG {si_signo=SIGURG, si_code=SI_TKILL, si_pid=8821, si_uid=1001} ---
8835  clone(child_stack=0x1d2dcdc28000, flags=CLONE_VM|CLONE_FS|CLONE_FILES|CLONE_SIGHAND|CLONE_THREAD|CLONE_SYSVSEM) = 8837
8835  clone(child_stack=0x1d2dcdc60000, flags=CLONE_VM|CLONE_FS|CLONE_FILES|CLONE_SIGHAND|CLONE_THREAD|CLONE_SYSVSEM) = 8838
8835  clone(child_stack=0x1d2dcdc5c000, flags=CLONE_VM|CLONE_FS|CLONE_FILES|CLONE_SIGHAND|CLONE_THREAD|CLONE_SYSVSEM) = 8839
8835  clone(child_stack=0x1d2dcdd08000, flags=CLONE_VM|CLONE_FS|CLONE_FILES|CLONE_SIGHAND|CLONE_THREAD|CLONE_SYSVSEM) = 8840
8838  clone(child_stack=0x1d2dcdd04000, flags=CLONE_VM|CLONE_FS|CLONE_FILES|CLONE_SIGHAND|CLONE_THREAD|CLONE_SYSVSEM) = 8841
8836  clone(child_stack=0x299afd40a000, flags=CLONE_VM|CLONE_FS|CLONE_FILES|CLONE_SIGHAND|CLONE_THREAD|CLONE_SYSVSEM) = 8842
8842  tgkill(8836, 8836, SIGURG)        = 0
8836  clone(child_stack=0x299afd442000, flags=CLONE_VM|CLONE_FS|CLONE_FILES|CLONE_SIGHAND|CLONE_THREAD|CLONE_SYSVSEM) = 8843
8836  --- SIGURG {si_signo=SIGURG, si_code=SI_TKILL, si_pid=8836, si_uid=1001} ---
8836  clone(child_stack=0x299afd43e000, flags=CLONE_VM|CLONE_FS|CLONE_FILES|CLONE_SIGHAND|CLONE_THREAD|CLONE_SYSVSEM) = 8844
8843  clone(child_stack=0x299afd498000, flags=CLONE_VM|CLONE_FS|CLONE_FILES|CLONE_SIGHAND|CLONE_THREAD|CLONE_SYSVSEM) = 8845
8821  exit_group(0)                     = ?
8833  +++ exited with 0 +++
8831  +++ exited with 0 +++
8828  +++ exited with 0 +++
8830  +++ exited with 0 +++
8821  +++ exited with 0 +++
8344  <... waitid resumed>{si_signo=SIGCHLD, si_code=CLD_EXITED, si_pid=8821, si_uid=1001, si_status=0, si_utime=0, si_stime=0}, WEXITED, {ru_utime={tv_sec=0, tv_usec=15492}, ru_stime={tv_sec=0, tv_usec=6639}, ...}) = 0
8347  --- SIGCHLD {si_signo=SIGCHLD, si_code=CLD_EXITED, si_pid=8821, si_uid=1001, si_status=0, si_utime=1 /* 0.01 s */, si_stime=0} ---
8827  tgkill(8820, 8829, SIGURG)        = 0
8829  --- SIGURG {si_signo=SIGURG, si_code=SI_TKILL, si_pid=8820, si_uid=1001} ---
8842  tgkill(8836, 8845, SIGURG)        = 0
8845  --- SIGURG {si_signo=SIGURG, si_code=SI_TKILL, si_pid=8836, si_uid=1001} ---
8827  tgkill(8820, 8832, SIGURG)        = 0
8832  --- SIGURG {si_signo=SIGURG, si_code=SI_TKILL, si_pid=8820, si_uid=1001} ---
8820  exit_group(0)                     = ?
8834  +++ exited with 0 +++
8832  +++ exited with 0 +++
8827  +++ exited with 0 +++
8836  exit_group(0)                     = ?
8845  +++ exited with 0 +++
8844  +++ exited with 0 +++
8843  +++ exited with 0 +++
8842  +++ exited with 0 +++
8836  +++ exited with 0 +++
8348  <... waitid resumed>{si_signo=SIGCHLD, si_code=CLD_EXITED, si_pid=8836, si_uid=1001, si_status=0, si_utime=0, si_stime=0}, WEXITED, {ru_utime={tv_sec=0, tv_usec=20579}, ru_stime={tv_sec=0, tv_usec=8231}, ...}) = 0
8344  --- SIGCHLD {si_signo=SIGCHLD, si_code=CLD_EXITED, si_pid=8836, si_uid=1001, si_status=0, si_utime=2 /* 0.02 s */, si_stime=0} ---
8837  tgkill(8835, 8840, SIGURG <unfinished ...>
8840  --- SIGURG {si_signo=SIGURG, si_code=SI_TKILL, si_pid=8835, si_uid=1001} ---
8837  <... tgkill resumed>)             = 0
8829  +++ exited with 0 +++
8820  +++ exited with 0 +++
8348  --- SIGCHLD {si_signo=SIGCHLD, si_code=CLD_EXITED, si_pid=8820, si_uid=1001, si_status=0, si_utime=4 /* 0.04 s */, si_stime=1 /* 0.01 s */} ---
8349  <... waitid resumed>{si_signo=SIGCHLD, si_code=CLD_EXITED, si_pid=8820, si_uid=1001, si_status=0, si_utime=0, si_stime=0}, WEXITED, {ru_utime={tv_sec=0, tv_usec=42628}, ru_stime={tv_sec=0, tv_usec=11722}, ...}) = 0
8351  tgkill(8344, 8347, SIGURG)        = 0
8347  --- SIGURG {si_signo=SIGURG, si_code=SI_TKILL, si_pid=8344, si_uid=1001} ---
8351  tgkill(8344, 8350, SIGURG)        = 0
8350  --- SIGURG {si_signo=SIGURG, si_code=SI_TKILL, si_pid=8344, si_uid=1001} ---
8351  tgkill(8344, 8348, SIGURG)        = 0
8348  --- SIGURG {si_signo=SIGURG, si_code=SI_TKILL, si_pid=8344, si_uid=1001} ---
8344  clone(child_stack=NULL, flags=CLONE_VM|CLONE_PIDFD|CLONE_VFORK|SIGCHLD <unfinished ...>
8348  clone(child_stack=NULL, flags=CLONE_VM|CLONE_PIDFD|CLONE_VFORK|SIGCHLD <unfinished ...>
8351  clone(child_stack=NULL, flags=CLONE_VM|CLONE_PIDFD|CLONE_VFORK|SIGCHLD <unfinished ...>
8846  execve("/opt/hostedtoolcache/go/1.27.0/arm64/pkg/tool/linux_arm64/compile", ["/opt/hostedtoolcache/go/1.27.0/a"..., "-o", "/tmp/go-build3661820248/b053/_pk"..., "-trimpath", "/tmp/go-build3661820248/b053=>", "-p", "internal/oserror", "-lang=go1.27", "-std", "-complete", "-buildid", "6-LCFKnLee-UmSlUlu7Z/6-LCFKnLee-"..., "-goversion", "go1.27.0", "-c=4", "-nolocalimports", "-importcfg", "/tmp/go-build3661820248/b053/imp"..., "-pack", "/opt/hostedtoolcache/go/1.27.0/a"...], 0x1051d0898908 /* 140 vars */ <unfinished ...>
8847  execve("/opt/hostedtoolcache/go/1.27.0/arm64/pkg/tool/linux_arm64/compile", ["/opt/hostedtoolcache/go/1.27.0/a"..., "-o", "/tmp/go-build3661820248/b049/_pk"..., "-trimpath", "/tmp/go-build3661820248/b049=>", "-p", "io", "-lang=go1.27", "-std", "-complete", "-buildid", "oAK5zUl3-psiFmMeS3QH/oAK5zUl3-ps"..., "-goversion", "go1.27.0", "-c=4", "-nolocalimports", "-importcfg", "/tmp/go-build3661820248/b049/imp"..., "-pack", "/opt/hostedtoolcache/go/1.27.0/a"..., "/opt/hostedtoolcache/go/1.27.0/a"..., "/opt/hostedtoolcache/go/1.27.0/a"...], 0x1051d09da008 /* 140 vars */ <unfinished ...>
8344  <... clone resumed>, parent_tid=[17]) = 8846
8348  <... clone resumed>, parent_tid=[23]) = 8847
8846  <... execve resumed>)             = 0
8847  <... execve resumed>)             = 0
8848  execve("/opt/hostedtoolcache/go/1.27.0/arm64/pkg/tool/linux_arm64/compile", ["/opt/hostedtoolcache/go/1.27.0/a"..., "-o", "/tmp/go-build3661820248/b041/_pk"..., "-trimpath", "/tmp/go-build3661820248/b041=>", "-p", "strconv", "-lang=go1.27", "-std", "-complete", "-buildid", "YiTj2gFZTn2hr11Zvhfe/YiTj2gFZTn2"..., "-goversion", "go1.27.0", "-c=4", "-nolocalimports", "-importcfg", "/tmp/go-build3661820248/b041/imp"..., "-pack", "/opt/hostedtoolcache/go/1.27.0/a"..., "/opt/hostedtoolcache/go/1.27.0/a"..., "/opt/hostedtoolcache/go/1.27.0/a"..., "/opt/hostedtoolcache/go/1.27.0/a"..., "/opt/hostedtoolcache/go/1.27.0/a"...], 0x1051d07b9208 /* 140 vars */ <unfinished ...>
8351  <... clone resumed>, parent_tid=[26]) = 8848
8848  <... execve resumed>)             = 0
8344  waitid(P_PIDFD, 17,  <unfinished ...>
8348  waitid(P_PIDFD, 23,  <unfinished ...>
8351  waitid(P_PIDFD, 26,  <unfinished ...>
8848  clone(child_stack=0x8f732942000, flags=CLONE_VM|CLONE_FS|CLONE_FILES|CLONE_SIGHAND|CLONE_THREAD|CLONE_SYSVSEM) = 8849
8848  clone(child_stack=0x8f73297a000, flags=CLONE_VM|CLONE_FS|CLONE_FILES|CLONE_SIGHAND|CLONE_THREAD|CLONE_SYSVSEM) = 8850
8849  tgkill(8848, 8848, SIGURG)        = 0
8848  clone(child_stack=0x8f732976000, flags=CLONE_VM|CLONE_FS|CLONE_FILES|CLONE_SIGHAND|CLONE_THREAD|CLONE_SYSVSEM) = 8851
8848  --- SIGURG {si_signo=SIGURG, si_code=SI_TKILL, si_pid=8848, si_uid=1001} ---
8848  clone(child_stack=0x8f7329a0000, flags=CLONE_VM|CLONE_FS|CLONE_FILES|CLONE_SIGHAND|CLONE_THREAD|CLONE_SYSVSEM) = 8852
8846  clone(child_stack=0x7380d3538000, flags=CLONE_VM|CLONE_FS|CLONE_FILES|CLONE_SIGHAND|CLONE_THREAD|CLONE_SYSVSEM <unfinished ...>
8847  clone(child_stack=0x65cd96dea000, flags=CLONE_VM|CLONE_FS|CLONE_FILES|CLONE_SIGHAND|CLONE_THREAD|CLONE_SYSVSEM <unfinished ...>
8846  <... clone resumed>)              = 8853
8837  tgkill(8835, 8840, SIGURG <unfinished ...>
8847  <... clone resumed>)              = 8854
8837  <... tgkill resumed>)             = 0
8846  clone(child_stack=0x7380d3570000, flags=CLONE_VM|CLONE_FS|CLONE_FILES|CLONE_SIGHAND|CLONE_THREAD|CLONE_SYSVSEM) = 8855
8847  clone(child_stack=0x65cd96e22000, flags=CLONE_VM|CLONE_FS|CLONE_FILES|CLONE_SIGHAND|CLONE_THREAD|CLONE_SYSVSEM <unfinished ...>
8854  tgkill(8847, 8847, SIGURG)        = 0
8847  <... clone resumed>)              = 8856
8846  clone(child_stack=0x7380d356c000, flags=CLONE_VM|CLONE_FS|CLONE_FILES|CLONE_SIGHAND|CLONE_THREAD|CLONE_SYSVSEM) = 8857
8847  --- SIGURG {si_signo=SIGURG, si_code=SI_TKILL, si_pid=8847, si_uid=1001} ---
8847  clone(child_stack=0x65cd96e1e000, flags=CLONE_VM|CLONE_FS|CLONE_FILES|CLONE_SIGHAND|CLONE_THREAD|CLONE_SYSVSEM <unfinished ...>
8840  --- SIGURG {si_signo=SIGURG, si_code=SI_TKILL, si_pid=8835, si_uid=1001} ---
8847  <... clone resumed>)              = 8858
8853  tgkill(8846, 8857, SIGURG)        = 0
8857  --- SIGURG {si_signo=SIGURG, si_code=SI_TKILL, si_pid=8846, si_uid=1001} ---
8855  clone(child_stack=0x7380d35a0000, flags=CLONE_VM|CLONE_FS|CLONE_FILES|CLONE_SIGHAND|CLONE_THREAD|CLONE_SYSVSEM <unfinished ...>
8856  clone(child_stack=0x65cd96e98000, flags=CLONE_VM|CLONE_FS|CLONE_FILES|CLONE_SIGHAND|CLONE_THREAD|CLONE_SYSVSEM) = 8859
8856  clone(child_stack=0x65cd96e94000, flags=CLONE_VM|CLONE_FS|CLONE_FILES|CLONE_SIGHAND|CLONE_THREAD|CLONE_SYSVSEM) = 8860
8855  <... clone resumed>)              = 8861
8849  tgkill(8848, 8852, SIGURG)        = 0
8852  --- SIGURG {si_signo=SIGURG, si_code=SI_TKILL, si_pid=8848, si_uid=1001} ---
8837  tgkill(8835, 8838, SIGURG)        = 0
8837  tgkill(8835, 8841, SIGURG)        = 0
8841  --- SIGURG {si_signo=SIGURG, si_code=SI_TKILL, si_pid=8835, si_uid=1001} ---
8838  --- SIGURG {si_signo=SIGURG, si_code=SI_TKILL, si_pid=8835, si_uid=1001} ---
8837  tgkill(8835, 8835, SIGURG)        = 0
8835  --- SIGURG {si_signo=SIGURG, si_code=SI_TKILL, si_pid=8835, si_uid=1001} ---
8854  tgkill(8847, 8847, SIGURG)        = 0
8847  --- SIGURG {si_signo=SIGURG, si_code=SI_TKILL, si_pid=8847, si_uid=1001} ---
8853  tgkill(8846, 8846, SIGURG)        = 0
8849  tgkill(8848, 8850, SIGURG)        = 0
8846  --- SIGURG {si_signo=SIGURG, si_code=SI_TKILL, si_pid=8846, si_uid=1001} ---
8850  --- SIGURG {si_signo=SIGURG, si_code=SI_TKILL, si_pid=8848, si_uid=1001} ---
8837  tgkill(8835, 8840, SIGURG)        = 0
8840  --- SIGURG {si_signo=SIGURG, si_code=SI_TKILL, si_pid=8835, si_uid=1001} ---
8855  exit_group(0)                     = ?
8861  +++ exited with 0 +++
8857  +++ exited with 0 +++
8853  +++ exited with 0 +++
8855  +++ exited with 0 +++
8846  +++ exited with 0 +++
8344  <... waitid resumed>{si_signo=SIGCHLD, si_code=CLD_EXITED, si_pid=8846, si_uid=1001, si_status=0, si_utime=0, si_stime=0}, WEXITED, {ru_utime={tv_sec=0, tv_usec=4890}, ru_stime={tv_sec=0, tv_usec=7335}, ...}) = 0
8349  --- SIGCHLD {si_signo=SIGCHLD, si_code=CLD_EXITED, si_pid=8846, si_uid=1001, si_status=0, si_utime=0, si_stime=0} ---
8345  tgkill(8344, 8344, SIGURG)        = 0
8344  --- SIGURG {si_signo=SIGURG, si_code=SI_TKILL, si_pid=8344, si_uid=1001} ---
8350  clone(child_stack=NULL, flags=CLONE_VM|CLONE_PIDFD|CLONE_VFORK|SIGCHLD <unfinished ...>
8854  tgkill(8847, 8856, SIGURG <unfinished ...>
8856  --- SIGURG {si_signo=SIGURG, si_code=SI_TKILL, si_pid=8847, si_uid=1001} ---
8854  <... tgkill resumed>)             = 0
8849  tgkill(8848, 8851, SIGURG)        = 0
8851  --- SIGURG {si_signo=SIGURG, si_code=SI_TKILL, si_pid=8848, si_uid=1001} ---
8837  tgkill(8835, 8841, SIGURG)        = 0
8841  --- SIGURG {si_signo=SIGURG, si_code=SI_TKILL, si_pid=8835, si_uid=1001} ---
8862  execve("/opt/hostedtoolcache/go/1.27.0/arm64/pkg/tool/linux_arm64/compile", ["/opt/hostedtoolcache/go/1.27.0/a"..., "-o", "/tmp/go-build3661820248/b054/_pk"..., "-trimpath", "/tmp/go-build3661820248/b054=>", "-p", "path", "-lang=go1.27", "-std", "-complete", "-buildid", "S1bYbusOYAhhdRiywHCG/S1bYbusOYAh"..., "-goversion", "go1.27.0", "-c=4", "-nolocalimports", "-importcfg", "/tmp/go-build3661820248/b054/imp"..., "-pack", "/opt/hostedtoolcache/go/1.27.0/a"..., "/opt/hostedtoolcache/go/1.27.0/a"...], 0x1051d09da488 /* 140 vars */ <unfinished ...>
8350  <... clone resumed>, parent_tid=[14]) = 8862
8862  <... execve resumed>)             = 0
8350  waitid(P_PIDFD, 14,  <unfinished ...>
8841  exit_group(0)                     = ?
8841  +++ exited with 0 +++
8837  +++ exited with 0 +++
8840  +++ exited with 0 +++
8838  +++ exited with 0 +++
8839  +++ exited with 0 +++
8835  +++ exited with 0 +++
8362  <... waitid resumed>{si_signo=SIGCHLD, si_code=CLD_EXITED, si_pid=8835, si_uid=1001, si_status=0, si_utime=0, si_stime=0}, WEXITED, {ru_utime={tv_sec=0, tv_usec=106677}, ru_stime={tv_sec=0, tv_usec=21522}, ...}) = 0
8349  --- SIGCHLD {si_signo=SIGCHLD, si_code=CLD_EXITED, si_pid=8835, si_uid=1001, si_status=0, si_utime=11 /* 0.11 s */, si_stime=2 /* 0.02 s */} ---
8862  clone(child_stack=0x479bea676000, flags=CLONE_VM|CLONE_FS|CLONE_FILES|CLONE_SIGHAND|CLONE_THREAD|CLONE_SYSVSEM) = 8863
8862  clone(child_stack=0x479bea6ae000, flags=CLONE_VM|CLONE_FS|CLONE_FILES|CLONE_SIGHAND|CLONE_THREAD|CLONE_SYSVSEM) = 8864
8863  tgkill(8862, 8862, SIGURG)        = 0
8862  --- SIGURG {si_signo=SIGURG, si_code=SI_TKILL, si_pid=8862, si_uid=1001} ---
8863  tgkill(8862, 8862, SIGURG)        = 0
8862  clone(child_stack=0x479bea6aa000, flags=CLONE_VM|CLONE_FS|CLONE_FILES|CLONE_SIGHAND|CLONE_THREAD|CLONE_SYSVSEM) = 8865
8862  --- SIGURG {si_signo=SIGURG, si_code=SI_TKILL, si_pid=8862, si_uid=1001} ---
8864  clone(child_stack=0x479bea718000, flags=CLONE_VM|CLONE_FS|CLONE_FILES|CLONE_SIGHAND|CLONE_THREAD|CLONE_SYSVSEM) = 8866
8854  tgkill(8847, 8856, SIGURG <unfinished ...>
8849  tgkill(8848, 8852, SIGURG <unfinished ...>
8854  <... tgkill resumed>)             = 0
8852  --- SIGURG {si_signo=SIGURG, si_code=SI_TKILL, si_pid=8848, si_uid=1001} ---
8849  <... tgkill resumed>)             = 0
8849  tgkill(8848, 8850, SIGURG)        = 0
8856  --- SIGURG {si_signo=SIGURG, si_code=SI_TKILL, si_pid=8847, si_uid=1001} ---
8850  --- SIGURG {si_signo=SIGURG, si_code=SI_TKILL, si_pid=8848, si_uid=1001} ---
8345  tgkill(8344, 8349, SIGURG)        = 0
8349  --- SIGURG {si_signo=SIGURG, si_code=SI_TKILL, si_pid=8344, si_uid=1001} ---
8863  tgkill(8862, 8862, SIGURG)        = 0
8862  --- SIGURG {si_signo=SIGURG, si_code=SI_TKILL, si_pid=8862, si_uid=1001} ---
8854  tgkill(8847, 8858, SIGURG)        = 0
8858  --- SIGURG {si_signo=SIGURG, si_code=SI_TKILL, si_pid=8847, si_uid=1001} ---
8850  exit_group(0)                     = ?
8852  +++ exited with 0 +++
8851  +++ exited with 0 +++
8850  +++ exited with 0 +++
8349  clone(child_stack=NULL, flags=CLONE_VM|CLONE_PIDFD|CLONE_VFORK|SIGCHLD <unfinished ...>
8345  tgkill(8344, 8349, SIGURG)        = 0
8849  +++ exited with 0 +++
8848  +++ exited with 0 +++
8362  --- SIGCHLD {si_signo=SIGCHLD, si_code=CLD_EXITED, si_pid=8848, si_uid=1001, si_status=0, si_utime=4 /* 0.04 s */, si_stime=1 /* 0.01 s */} ---
8351  <... waitid resumed>{si_signo=SIGCHLD, si_code=CLD_EXITED, si_pid=8848, si_uid=1001, si_status=0, si_utime=0, si_stime=0}, WEXITED, {ru_utime={tv_sec=0, tv_usec=50032}, ru_stime={tv_sec=0, tv_usec=16677}, ...}) = 0
8867  execve("/opt/hostedtoolcache/go/1.27.0/arm64/pkg/tool/linux_arm64/asm", ["/opt/hostedtoolcache/go/1.27.0/a"..., "-p", "syscall", "-trimpath", "/tmp/go-build3661820248/b056=>", "-I", "/tmp/go-build3661820248/b056/", "-I", "/opt/hostedtoolcache/go/1.27.0/a"..., "-D", "GOOS_linux", "-D", "GOARCH_arm64", "-std", "-gensymabis", "-o", "/tmp/go-build3661820248/b056/sym"..., "/opt/hostedtoolcache/go/1.27.0/a"...], 0x1051d0898d88 /* 140 vars */ <unfinished ...>
8349  <... clone resumed>, parent_tid=[15]) = 8867
8867  <... execve resumed>)             = 0
8349  --- SIGURG {si_signo=SIGURG, si_code=SI_TKILL, si_pid=8344, si_uid=1001} ---
8344  waitid(P_PIDFD, 15,  <unfinished ...>
8863  tgkill(8862, 8866, SIGURG)        = 0
8866  --- SIGURG {si_signo=SIGURG, si_code=SI_TKILL, si_pid=8862, si_uid=1001} ---
8854  tgkill(8847, 8856, SIGURG)        = 0
8856  --- SIGURG {si_signo=SIGURG, si_code=SI_TKILL, si_pid=8847, si_uid=1001} ---
8856  exit_group(0)                     = ?
8860  +++ exited with 0 +++
8858  +++ exited with 0 +++
8856  +++ exited with 0 +++
8854  +++ exited with 0 +++
8867  clone(child_stack=0x7bfc631f6000, flags=CLONE_VM|CLONE_FS|CLONE_FILES|CLONE_SIGHAND|CLONE_THREAD|CLONE_SYSVSEM) = 8868
8867  clone(child_stack=0x7bfc6322e000, flags=CLONE_VM|CLONE_FS|CLONE_FILES|CLONE_SIGHAND|CLONE_THREAD|CLONE_SYSVSEM) = 8869
8868  tgkill(8867, 8867, SIGURG)        = 0
8862  exit_group(0 <unfinished ...>
8867  --- SIGURG {si_signo=SIGURG, si_code=SI_TKILL, si_pid=8867, si_uid=1001} ---
8862  <... exit_group resumed>)         = ?
8864  +++ exited with 0 +++
8865  +++ exited with 0 +++
8866  +++ exited with 0 +++
8868  tgkill(8867, 8867, SIGURG <unfinished ...>
8863  +++ exited with 0 +++
8868  <... tgkill resumed>)             = 0
8859  +++ exited with 0 +++
8847  +++ exited with 0 +++
8351  --- SIGCHLD {si_signo=SIGCHLD, si_code=CLD_EXITED, si_pid=8847, si_uid=1001, si_status=0, si_utime=6 /* 0.06 s */, si_stime=1 /* 0.01 s */} ---
8349  tgkill(8344, 8362, SIGURG <unfinished ...>
8348  <... waitid resumed>{si_signo=SIGCHLD, si_code=CLD_EXITED, si_pid=8847, si_uid=1001, si_status=0, si_utime=0, si_stime=0}, WEXITED, {ru_utime={tv_sec=0, tv_usec=62353}, ru_stime={tv_sec=0, tv_usec=15085}, ...}) = 0
8349  <... tgkill resumed>)             = 0
8862  +++ exited with 0 +++
8351  --- SIGCHLD {si_signo=SIGCHLD, si_code=CLD_EXITED, si_pid=8862, si_uid=1001, si_status=0, si_utime=2 /* 0.02 s */, si_stime=1 /* 0.01 s */} ---
8867  clone(child_stack=0x7bfc6322a000, flags=CLONE_VM|CLONE_FS|CLONE_FILES|CLONE_SIGHAND|CLONE_THREAD|CLONE_SYSVSEM <unfinished ...>
8350  <... waitid resumed>{si_signo=SIGCHLD, si_code=CLD_EXITED, si_pid=8862, si_uid=1001, si_status=0, si_utime=0, si_stime=0}, WEXITED, {ru_utime={tv_sec=0, tv_usec=24855}, ru_stime={tv_sec=0, tv_usec=11471}, ...}) = 0
8362  --- SIGURG {si_signo=SIGURG, si_code=SI_TKILL, si_pid=8344, si_uid=1001} ---
8867  <... clone resumed>)              = 8870
8349  tgkill(8344, 8362, SIGURG <unfinished ...>
8867  --- SIGURG {si_signo=SIGURG, si_code=SI_TKILL, si_pid=8867, si_uid=1001} ---
8349  <... tgkill resumed>)             = 0
8869  clone(child_stack=0x7bfc63298000, flags=CLONE_VM|CLONE_FS|CLONE_FILES|CLONE_SIGHAND|CLONE_THREAD|CLONE_SYSVSEM <unfinished ...>
8362  --- SIGURG {si_signo=SIGURG, si_code=SI_TKILL, si_pid=8344, si_uid=1001} ---
8869  <... clone resumed>)              = 8871
8350  tgkill(8344, 8351, SIGURG)        = 0
8351  --- SIGURG {si_signo=SIGURG, si_code=SI_TKILL, si_pid=8344, si_uid=1001} ---
8867  exit_group(0)                     = ?
8871  +++ exited with 0 +++
8870  +++ exited with 0 +++
8869  +++ exited with 0 +++
8868  +++ exited with 0 +++
8867  +++ exited with 0 +++
8350  --- SIGCHLD {si_signo=SIGCHLD, si_code=CLD_EXITED, si_pid=8867, si_uid=1001, si_status=0, si_utime=0, si_stime=0} ---
8344  <... waitid resumed>{si_signo=SIGCHLD, si_code=CLD_EXITED, si_pid=8867, si_uid=1001, si_status=0, si_utime=0, si_stime=0}, WEXITED, {ru_utime={tv_sec=0, tv_usec=2821}, ru_stime={tv_sec=0, tv_usec=4232}, ...}) = 0
8362  clone(child_stack=NULL, flags=CLONE_VM|CLONE_PIDFD|CLONE_VFORK|SIGCHLD <unfinished ...>
8348  clone(child_stack=NULL, flags=CLONE_VM|CLONE_PIDFD|CLONE_VFORK|SIGCHLD <unfinished ...>
8344  clone(child_stack=NULL, flags=CLONE_VM|CLONE_PIDFD|CLONE_VFORK|SIGCHLD <unfinished ...>
8872  execve("/opt/hostedtoolcache/go/1.27.0/arm64/pkg/tool/linux_arm64/asm", ["/opt/hostedtoolcache/go/1.27.0/a"..., "-p", "reflect", "-trimpath", "/tmp/go-build3661820248/b038=>", "-I", "/tmp/go-build3661820248/b038/", "-I", "/opt/hostedtoolcache/go/1.27.0/a"..., "-D", "GOOS_linux", "-D", "GOARCH_arm64", "-std", "-gensymabis", "-o", "/tmp/go-build3661820248/b038/sym"..., "/opt/hostedtoolcache/go/1.27.0/a"...], 0x1051d07b9208 /* 140 vars */ <unfinished ...>
8362  <... clone resumed>, parent_tid=[15]) = 8872
8872  <... execve resumed>)             = 0
8873  execve("/opt/hostedtoolcache/go/1.27.0/arm64/pkg/tool/linux_arm64/compile", ["/opt/hostedtoolcache/go/1.27.0/a"..., "-o", "/tmp/go-build3661820248/b056/_pk"..., "-trimpath", "/tmp/go-build3661820248/b056=>", "-p", "syscall", "-lang=go1.27", "-std", "-buildid", "rOVCdQL1gJVJsHO2NeEB/rOVCdQL1gJV"..., "-goversion", "go1.27.0", "-symabis", "/tmp/go-build3661820248/b056/sym"..., "-c=4", "-nolocalimports", "-importcfg", "/tmp/go-build3661820248/b056/imp"..., "-pack", "-asmhdr", "/tmp/go-build3661820248/b056/go_"..., "/opt/hostedtoolcache/go/1.27.0/a"..., "/opt/hostedtoolcache/go/1.27.0/a"..., "/opt/hostedtoolcache/go/1.27.0/a"..., "/opt/hostedtoolcache/go/1.27.0/a"..., "/opt/hostedtoolcache/go/1.27.0/a"..., "/opt/hostedtoolcache/go/1.27.0/a"..., "/opt/hostedtoolcache/go/1.27.0/a"..., "/opt/hostedtoolcache/go/1.27.0/a"..., "/opt/hostedtoolcache/go/1.27.0/a"..., "/opt/hostedtoolcache/go/1.27.0/a"..., ...], 0x1051d0899208 /* 140 vars */ <unfinished ...>
8348  <... clone resumed>, parent_tid=[22]) = 8873
8874  execve("/opt/hostedtoolcache/go/1.27.0/arm64/pkg/tool/linux_arm64/compile", ["/opt/hostedtoolcache/go/1.27.0/a"..., "-o", "/tmp/go-build3661820248/b066/_pk"..., "-trimpath", "/tmp/go-build3661820248/b066=>", "-p", "internal/godebug", "-lang=go1.27", "-std", "-complete", "-buildid", "AcY4XHJEUplJW9BfMhAj/AcY4XHJEUpl"..., "-goversion", "go1.27.0", "-c=4", "-nolocalimports", "-importcfg", "/tmp/go-build3661820248/b066/imp"..., "-pack", "/opt/hostedtoolcache/go/1.27.0/a"...], 0x1051d09da008 /* 140 vars */ <unfinished ...>
8873  <... execve resumed>)             = 0
8344  <... clone resumed>, parent_tid=[25]) = 8874
8874  <... execve resumed>)             = 0
8348  waitid(P_PIDFD, 22,  <unfinished ...>
8344  waitid(P_PIDFD, 25,  <unfinished ...>
8362  waitid(P_PIDFD, 15,  <unfinished ...>
8350  clone(child_stack=NULL, flags=CLONE_VM|CLONE_PIDFD|CLONE_VFORK|SIGCHLD <unfinished ...>
8875  execve("/opt/hostedtoolcache/go/1.27.0/arm64/pkg/tool/linux_arm64/compile", ["/opt/hostedtoolcache/go/1.27.0/a"..., "-o", "/tmp/go-build3661820248/b062/_pk"..., "-trimpath", "/tmp/go-build3661820248/b062=>", "-p", "bytes", "-lang=go1.27", "-std", "-buildid", "blK9KMS4gUGBvi1BV96E/blK9KMS4gUG"..., "-goversion", "go1.27.0", "-c=4", "-nolocalimports", "-importcfg", "/tmp/go-build3661820248/b062/imp"..., "-pack", "/opt/hostedtoolcache/go/1.27.0/a"..., "/opt/hostedtoolcache/go/1.27.0/a"..., "/opt/hostedtoolcache/go/1.27.0/a"..., "/opt/hostedtoolcache/go/1.27.0/a"...], 0x1051d0676d88 /* 140 vars */ <unfinished ...>
8350  <... clone resumed>, parent_tid=[14]) = 8875
8875  <... execve resumed>)             = 0
8350  waitid(P_PIDFD, 14,  <unfinished ...>
8872  clone(child_stack=0x510f970f0000, flags=CLONE_VM|CLONE_FS|CLONE_FILES|CLONE_SIGHAND|CLONE_THREAD|CLONE_SYSVSEM) = 8876
8872  clone(child_stack=0x510f97128000, flags=CLONE_VM|CLONE_FS|CLONE_FILES|CLONE_SIGHAND|CLONE_THREAD|CLONE_SYSVSEM) = 8877
8876  tgkill(8872, 8872, SIGURG)        = 0
8872  --- SIGURG {si_signo=SIGURG, si_code=SI_TKILL, si_pid=8872, si_uid=1001} ---
8872  clone(child_stack=0x510f97124000, flags=CLONE_VM|CLONE_FS|CLONE_FILES|CLONE_SIGHAND|CLONE_THREAD|CLONE_SYSVSEM) = 8878
8877  clone(child_stack=0x510f97198000, flags=CLONE_VM|CLONE_FS|CLONE_FILES|CLONE_SIGHAND|CLONE_THREAD|CLONE_SYSVSEM) = 8879
8874  clone(child_stack=0x48c3cf592000, flags=CLONE_VM|CLONE_FS|CLONE_FILES|CLONE_SIGHAND|CLONE_THREAD|CLONE_SYSVSEM) = 8880
8874  clone(child_stack=0x48c3cf5ca000, flags=CLONE_VM|CLONE_FS|CLONE_FILES|CLONE_SIGHAND|CLONE_THREAD|CLONE_SYSVSEM) = 8881
8880  tgkill(8874, 8874, SIGURG <unfinished ...>
8873  clone(child_stack=0xce5833a4000, flags=CLONE_VM|CLONE_FS|CLONE_FILES|CLONE_SIGHAND|CLONE_THREAD|CLONE_SYSVSEM <unfinished ...>
8880  <... tgkill resumed>)             = 0
8874  --- SIGURG {si_signo=SIGURG, si_code=SI_TKILL, si_pid=8874, si_uid=1001} ---
8873  <... clone resumed>)              = 8882
8880  tgkill(8874, 8874, SIGURG)        = 0
8873  clone(child_stack=0xce5833dc000, flags=CLONE_VM|CLONE_FS|CLONE_FILES|CLONE_SIGHAND|CLONE_THREAD|CLONE_SYSVSEM) = 8883
8874  --- SIGURG {si_signo=SIGURG, si_code=SI_TKILL, si_pid=8874, si_uid=1001} ---
8882  tgkill(8873, 8873, SIGURG <unfinished ...>
8873  clone(child_stack=0xce5833d8000, flags=CLONE_VM|CLONE_FS|CLONE_FILES|CLONE_SIGHAND|CLONE_THREAD|CLONE_SYSVSEM <unfinished ...>
8882  <... tgkill resumed>)             = 0
8881  clone(child_stack=0x48c3cf5c6000, flags=CLONE_VM|CLONE_FS|CLONE_FILES|CLONE_SIGHAND|CLONE_THREAD|CLONE_SYSVSEM <unfinished ...>
8873  <... clone resumed>)              = 8884
8874  clone(child_stack=0x48c3cf5da000, flags=CLONE_VM|CLONE_FS|CLONE_FILES|CLONE_SIGHAND|CLONE_THREAD|CLONE_SYSVSEM <unfinished ...>
8873  --- SIGURG {si_signo=SIGURG, si_code=SI_TKILL, si_pid=8873, si_uid=1001} ---
8881  <... clone resumed>)              = 8885
8874  <... clone resumed>)              = 8886
8885  clone(child_stack=0x48c3cf5d6000, flags=CLONE_VM|CLONE_FS|CLONE_FILES|CLONE_SIGHAND|CLONE_THREAD|CLONE_SYSVSEM) = 8887
8883  clone(child_stack=0xce583418000, flags=CLONE_VM|CLONE_FS|CLONE_FILES|CLONE_SIGHAND|CLONE_THREAD|CLONE_SYSVSEM) = 8888
8883  clone(child_stack=0xce583414000, flags=CLONE_VM|CLONE_FS|CLONE_FILES|CLONE_SIGHAND|CLONE_THREAD|CLONE_SYSVSEM) = 8889
8875  clone(child_stack=0x748d4ed7e000, flags=CLONE_VM|CLONE_FS|CLONE_FILES|CLONE_SIGHAND|CLONE_THREAD|CLONE_SYSVSEM) = 8890
8875  clone(child_stack=0x748d4edb6000, flags=CLONE_VM|CLONE_FS|CLONE_FILES|CLONE_SIGHAND|CLONE_THREAD|CLONE_SYSVSEM) = 8891
8890  tgkill(8875, 8875, SIGURG)        = 0
8875  clone(child_stack=0x748d4edb2000, flags=CLONE_VM|CLONE_FS|CLONE_FILES|CLONE_SIGHAND|CLONE_THREAD|CLONE_SYSVSEM) = 8892
8875  --- SIGURG {si_signo=SIGURG, si_code=SI_TKILL, si_pid=8875, si_uid=1001} ---
8891  clone(child_stack=0x748d4ee18000, flags=CLONE_VM|CLONE_FS|CLONE_FILES|CLONE_SIGHAND|CLONE_THREAD|CLONE_SYSVSEM) = 8893
8872  exit_group(0)                     = ?
8879  +++ exited with 0 +++
8878  +++ exited with 0 +++
8876  +++ exited with 0 +++
8877  +++ exited with 0 +++
8872  +++ exited with 0 +++
8346  --- SIGCHLD {si_signo=SIGCHLD, si_code=CLD_EXITED, si_pid=8872, si_uid=1001, si_status=0, si_utime=0, si_stime=0} ---
8362  <... waitid resumed>{si_signo=SIGCHLD, si_code=CLD_EXITED, si_pid=8872, si_uid=1001, si_status=0, si_utime=0, si_stime=0}, WEXITED, {ru_utime={tv_sec=0, tv_usec=3473}, ru_stime={tv_sec=0, tv_usec=3473}, ...}) = 0
8890  clone(child_stack=0x748d4edd2000, flags=CLONE_VM|CLONE_FS|CLONE_FILES|CLONE_SIGHAND|CLONE_THREAD|CLONE_SYSVSEM) = 8894
8880  tgkill(8874, 8874, SIGURG)        = 0
8874  --- SIGURG {si_signo=SIGURG, si_code=SI_TKILL, si_pid=8874, si_uid=1001} ---
8346  clone(child_stack=NULL, flags=CLONE_VM|CLONE_PIDFD|CLONE_VFORK|SIGCHLD <unfinished ...>
8895  execve("/opt/hostedtoolcache/go/1.27.0/arm64/pkg/tool/linux_arm64/compile", ["/opt/hostedtoolcache/go/1.27.0/a"..., "-o", "/tmp/go-build3661820248/b038/_pk"..., "-trimpath", "/tmp/go-build3661820248/b038=>", "-p", "reflect", "-lang=go1.27", "-std", "-buildid", "e78q8zsgz7SKwSDJ3S4Y/e78q8zsgz7S"..., "-goversion", "go1.27.0", "-symabis", "/tmp/go-build3661820248/b038/sym"..., "-c=4", "-nolocalimports", "-importcfg", "/tmp/go-build3661820248/b038/imp"..., "-pack", "-asmhdr", "/tmp/go-build3661820248/b038/go_"..., "/opt/hostedtoolcache/go/1.27.0/a"..., "/opt/hostedtoolcache/go/1.27.0/a"..., "/opt/hostedtoolcache/go/1.27.0/a"..., "/opt/hostedtoolcache/go/1.27.0/a"..., "/opt/hostedtoolcache/go/1.27.0/a"..., "/opt/hostedtoolcache/go/1.27.0/a"..., "/opt/hostedtoolcache/go/1.27.0/a"..., "/opt/hostedtoolcache/go/1.27.0/a"..., "/opt/hostedtoolcache/go/1.27.0/a"..., "/opt/hostedtoolcache/go/1.27.0/a"..., ...], 0x1051d07b9b08 /* 140 vars */ <unfinished ...>
8346  <... clone resumed>, parent_tid=[15]) = 8895
8895  <... execve resumed>)             = 0
8345  tgkill(8344, 8346, SIGURG)        = 0
8346  --- SIGURG {si_signo=SIGURG, si_code=SI_TKILL, si_pid=8344, si_uid=1001} ---
8351  waitid(P_PIDFD, 15,  <unfinished ...>
8890  tgkill(8875, 8892, SIGURG)        = 0
8892  --- SIGURG {si_signo=SIGURG, si_code=SI_TKILL, si_pid=8875, si_uid=1001} ---
8880  tgkill(8874, 8874, SIGURG)        = 0
8874  --- SIGURG {si_signo=SIGURG, si_code=SI_TKILL, si_pid=8874, si_uid=1001} ---
8882  tgkill(8873, 8889, SIGURG)        = 0
8889  --- SIGURG {si_signo=SIGURG, si_code=SI_TKILL, si_pid=8873, si_uid=1001} ---
8895  clone(child_stack=0x4312b8db6000, flags=CLONE_VM|CLONE_FS|CLONE_FILES|CLONE_SIGHAND|CLONE_THREAD|CLONE_SYSVSEM) = 8896
8895  clone(child_stack=0x4312b8dee000, flags=CLONE_VM|CLONE_FS|CLONE_FILES|CLONE_SIGHAND|CLONE_THREAD|CLONE_SYSVSEM) = 8897
8895  clone(child_stack=0x4312b8dea000, flags=CLONE_VM|CLONE_FS|CLONE_FILES|CLONE_SIGHAND|CLONE_THREAD|CLONE_SYSVSEM) = 8898
8897  clone(child_stack=0x4312b8e18000, flags=CLONE_VM|CLONE_FS|CLONE_FILES|CLONE_SIGHAND|CLONE_THREAD|CLONE_SYSVSEM) = 8899
8890  tgkill(8875, 8894, SIGURG <unfinished ...>
8894  --- SIGURG {si_signo=SIGURG, si_code=SI_TKILL, si_pid=8875, si_uid=1001} ---
8890  <... tgkill resumed>)             = 0
8896  clone(child_stack=0x4312b8e2c000, flags=CLONE_VM|CLONE_FS|CLONE_FILES|CLONE_SIGHAND|CLONE_THREAD|CLONE_SYSVSEM) = 8900
8896  clone(child_stack=0x4312b92c6000, flags=CLONE_VM|CLONE_FS|CLONE_FILES|CLONE_SIGHAND|CLONE_THREAD|CLONE_SYSVSEM) = 8901
8882  tgkill(8873, 8889, SIGURG <unfinished ...>
8889  --- SIGURG {si_signo=SIGURG, si_code=SI_TKILL, si_pid=8873, si_uid=1001} ---
8882  <... tgkill resumed>)             = 0
8896  tgkill(8895, 8895, SIGURG)        = 0
8895  --- SIGURG {si_signo=SIGURG, si_code=SI_TKILL, si_pid=8895, si_uid=1001} ---
8880  tgkill(8874, 8885, SIGURG)        = 0
8890  tgkill(8875, 8894, SIGURG)        = 0
8894  --- SIGURG {si_signo=SIGURG, si_code=SI_TKILL, si_pid=8875, si_uid=1001} ---
8885  --- SIGURG {si_signo=SIGURG, si_code=SI_TKILL, si_pid=8874, si_uid=1001} ---
8880  tgkill(8874, 8881, SIGURG)        = 0
8881  --- SIGURG {si_signo=SIGURG, si_code=SI_TKILL, si_pid=8874, si_uid=1001} ---
8882  tgkill(8873, 8889, SIGURG <unfinished ...>
8880  tgkill(8874, 8887, SIGURG)        = 0
8896  tgkill(8895, 8895, SIGURG <unfinished ...>
8882  <... tgkill resumed>)             = 0
8896  <... tgkill resumed>)             = 0
8895  --- SIGURG {si_signo=SIGURG, si_code=SI_TKILL, si_pid=8895, si_uid=1001} ---
8880  tgkill(8874, 8874, SIGURG)        = 0
8874  --- SIGURG {si_signo=SIGURG, si_code=SI_TKILL, si_pid=8874, si_uid=1001} ---
8887  --- SIGURG {si_signo=SIGURG, si_code=SI_TKILL, si_pid=8874, si_uid=1001} ---
8889  --- SIGURG {si_signo=SIGURG, si_code=SI_TKILL, si_pid=8873, si_uid=1001} ---
8890  tgkill(8875, 8894, SIGURG)        = 0
8894  --- SIGURG {si_signo=SIGURG, si_code=SI_TKILL, si_pid=8875, si_uid=1001} ---
8890  tgkill(8875, 8892, SIGURG)        = 0
8892  --- SIGURG {si_signo=SIGURG, si_code=SI_TKILL, si_pid=8875, si_uid=1001} ---
8890  tgkill(8875, 8891, SIGURG)        = 0
8891  --- SIGURG {si_signo=SIGURG, si_code=SI_TKILL, si_pid=8875, si_uid=1001} ---
8890  tgkill(8875, 8875, SIGURG)        = 0
8875  --- SIGURG {si_signo=SIGURG, si_code=SI_TKILL, si_pid=8875, si_uid=1001} ---
8882  tgkill(8873, 8889, SIGURG)        = 0
8889  --- SIGURG {si_signo=SIGURG, si_code=SI_TKILL, si_pid=8873, si_uid=1001} ---
8896  tgkill(8895, 8899, SIGURG)        = 0
8899  --- SIGURG {si_signo=SIGURG, si_code=SI_TKILL, si_pid=8895, si_uid=1001} ---
8880  tgkill(8874, 8874, SIGURG)        = 0
8874  --- SIGURG {si_signo=SIGURG, si_code=SI_TKILL, si_pid=8874, si_uid=1001} ---
8881  exit_group(0)                     = ?
8885  +++ exited with 0 +++
8880  +++ exited with 0 +++
8881  +++ exited with 0 +++
8891  exit_group(0)                     = ?
8894  +++ exited with 0 +++
8891  +++ exited with 0 +++
8893  +++ exited with 0 +++
8890  +++ exited with 0 +++
8886  +++ exited with 0 +++
8887  +++ exited with 0 +++
8874  +++ exited with 0 +++
8344  <... waitid resumed>{si_signo=SIGCHLD, si_code=CLD_EXITED, si_pid=8874, si_uid=1001, si_status=0, si_utime=0, si_stime=0}, WEXITED, {ru_utime={tv_sec=0, tv_usec=83160}, ru_stime={tv_sec=0, tv_usec=19750}, ...}) = 0
8896  tgkill(8895, 8899, SIGURG)        = 0
8899  --- SIGURG {si_signo=SIGURG, si_code=SI_TKILL, si_pid=8895, si_uid=1001} ---
8362  --- SIGCHLD {si_signo=SIGCHLD, si_code=CLD_EXITED, si_pid=8874, si_uid=1001, si_status=0, si_utime=8 /* 0.08 s */, si_stime=1 /* 0.01 s */} ---
8882  tgkill(8873, 8888, SIGURG <unfinished ...>
8888  --- SIGURG {si_signo=SIGURG, si_code=SI_TKILL, si_pid=8873, si_uid=1001} ---
8882  <... tgkill resumed>)             = 0
8345  tgkill(8344, 8362, SIGURG)        = 0
8892  +++ exited with 0 +++
8875  +++ exited with 0 +++
8350  <... waitid resumed>{si_signo=SIGCHLD, si_code=CLD_EXITED, si_pid=8875, si_uid=1001, si_status=0, si_utime=0, si_stime=0}, WEXITED, {ru_utime={tv_sec=0, tv_usec=102017}, ru_stime={tv_sec=0, tv_usec=21580}, ...}) = 0
8350  --- SIGCHLD {si_signo=SIGCHLD, si_code=CLD_EXITED, si_pid=8875, si_uid=1001, si_status=0, si_utime=10 /* 0.10 s */, si_stime=2 /* 0.02 s */} ---
8362  --- SIGURG {si_signo=SIGURG, si_code=SI_TKILL, si_pid=8344, si_uid=1001} ---
8345  tgkill(8344, 8362, SIGURG)        = 0
8362  --- SIGURG {si_signo=SIGURG, si_code=SI_TKILL, si_pid=8344, si_uid=1001} ---
8345  tgkill(8344, 8344, SIGURG)        = 0
8344  --- SIGURG {si_signo=SIGURG, si_code=SI_TKILL, si_pid=8344, si_uid=1001} ---
8362  clone(child_stack=NULL, flags=CLONE_VM|CLONE_PIDFD|CLONE_VFORK|SIGCHLD <unfinished ...>
8902  execve("/opt/hostedtoolcache/go/1.27.0/arm64/pkg/tool/linux_arm64/compile", ["/opt/hostedtoolcache/go/1.27.0/a"..., "-o", "/tmp/go-build3661820248/b069/_pk"..., "-trimpath", "/tmp/go-build3661820248/b069=>", "-p", "strings", "-lang=go1.27", "-std", "-complete", "-buildid", "igBtOvwyoA-kNaTEpR-Y/igBtOvwyoA-"..., "-goversion", "go1.27.0", "-c=4", "-nolocalimports", "-importcfg", "/tmp/go-build3661820248/b069/imp"..., "-pack", "/opt/hostedtoolcache/go/1.27.0/a"..., "/opt/hostedtoolcache/go/1.27.0/a"..., "/opt/hostedtoolcache/go/1.27.0/a"..., "/opt/hostedtoolcache/go/1.27.0/a"..., "/opt/hostedtoolcache/go/1.27.0/a"..., "/opt/hostedtoolcache/go/1.27.0/a"..., "/opt/hostedtoolcache/go/1.27.0/a"..., "/opt/hostedtoolcache/go/1.27.0/a"...], 0x1051d05a1b08 /* 140 vars */ <unfinished ...>
8362  <... clone resumed>, parent_tid=[14]) = 8902
8902  <... execve resumed>)             = 0
8362  waitid(P_PIDFD, 14,  <unfinished ...>
8896  tgkill(8895, 8897, SIGURG <unfinished ...>
8882  tgkill(8873, 8888, SIGURG)        = 0
8897  --- SIGURG {si_signo=SIGURG, si_code=SI_TKILL, si_pid=8895, si_uid=1001} ---
8896  <... tgkill resumed>)             = 0
8888  --- SIGURG {si_signo=SIGURG, si_code=SI_TKILL, si_pid=8873, si_uid=1001} ---
8902  clone(child_stack=0x3ba724558000, flags=CLONE_VM|CLONE_FS|CLONE_FILES|CLONE_SIGHAND|CLONE_THREAD|CLONE_SYSVSEM) = 8903
8902  clone(child_stack=0x3ba724590000, flags=CLONE_VM|CLONE_FS|CLONE_FILES|CLONE_SIGHAND|CLONE_THREAD|CLONE_SYSVSEM) = 8904
8902  clone(child_stack=0x3ba72458c000, flags=CLONE_VM|CLONE_FS|CLONE_FILES|CLONE_SIGHAND|CLONE_THREAD|CLONE_SYSVSEM) = 8905
8904  clone(child_stack=0x3ba724618000, flags=CLONE_VM|CLONE_FS|CLONE_FILES|CLONE_SIGHAND|CLONE_THREAD|CLONE_SYSVSEM) = 8906
8903  clone(child_stack=0x3ba7249a4000, flags=CLONE_VM|CLONE_FS|CLONE_FILES|CLONE_SIGHAND|CLONE_THREAD|CLONE_SYSVSEM) = 8907
8903  tgkill(8902, 8902, SIGURG)        = 0
8902  --- SIGURG {si_signo=SIGURG, si_code=SI_TKILL, si_pid=8902, si_uid=1001} ---
8896  tgkill(8895, 8897, SIGURG <unfinished ...>
8897  --- SIGURG {si_signo=SIGURG, si_code=SI_TKILL, si_pid=8895, si_uid=1001} ---
8896  <... tgkill resumed>)             = 0
8882  tgkill(8873, 8884, SIGURG)        = 0
8884  --- SIGURG {si_signo=SIGURG, si_code=SI_TKILL, si_pid=8873, si_uid=1001} ---
8903  tgkill(8902, 8905, SIGURG <unfinished ...>
8905  --- SIGURG {si_signo=SIGURG, si_code=SI_TKILL, si_pid=8902, si_uid=1001} ---
8903  <... tgkill resumed>)             = 0
8882  tgkill(8873, 8889, SIGURG)        = 0
8889  --- SIGURG {si_signo=SIGURG, si_code=SI_TKILL, si_pid=8873, si_uid=1001} ---
8882  tgkill(8873, 8883, SIGURG)        = 0
8883  --- SIGURG {si_signo=SIGURG, si_code=SI_TKILL, si_pid=8873, si_uid=1001} ---
8882  tgkill(8873, 8888, SIGURG)        = 0
8888  --- SIGURG {si_signo=SIGURG, si_code=SI_TKILL, si_pid=8873, si_uid=1001} ---
8896  tgkill(8895, 8897, SIGURG)        = 0
8897  --- SIGURG {si_signo=SIGURG, si_code=SI_TKILL, si_pid=8895, si_uid=1001} ---
8882  tgkill(8873, 8884, SIGURG <unfinished ...>
8884  --- SIGURG {si_signo=SIGURG, si_code=SI_TKILL, si_pid=8873, si_uid=1001} ---
8882  <... tgkill resumed>)             = 0
8903  tgkill(8902, 8904, SIGURG)        = 0
8904  --- SIGURG {si_signo=SIGURG, si_code=SI_TKILL, si_pid=8902, si_uid=1001} ---
8882  tgkill(8873, 8889, SIGURG)        = 0
8889  --- SIGURG {si_signo=SIGURG, si_code=SI_TKILL, si_pid=8873, si_uid=1001} ---
8882  tgkill(8873, 8883, SIGURG <unfinished ...>
8883  --- SIGURG {si_signo=SIGURG, si_code=SI_TKILL, si_pid=8873, si_uid=1001} ---
8882  <... tgkill resumed>)             = 0
8882  tgkill(8873, 8888, SIGURG <unfinished ...>
8888  --- SIGURG {si_signo=SIGURG, si_code=SI_TKILL, si_pid=8873, si_uid=1001} ---
8882  <... tgkill resumed>)             = 0
8903  tgkill(8902, 8902, SIGURG)        = 0
8902  --- SIGURG {si_signo=SIGURG, si_code=SI_TKILL, si_pid=8902, si_uid=1001} ---
8882  tgkill(8873, 8884, SIGURG)        = 0
8884  --- SIGURG {si_signo=SIGURG, si_code=SI_TKILL, si_pid=8873, si_uid=1001} ---
8903  tgkill(8902, 8905, SIGURG)        = 0
8903  tgkill(8902, 8907, SIGURG)        = 0
8907  --- SIGURG {si_signo=SIGURG, si_code=SI_TKILL, si_pid=8902, si_uid=1001} ---
8903  tgkill(8902, 8904, SIGURG)        = 0
8896  tgkill(8895, 8899, SIGURG <unfinished ...>
8904  --- SIGURG {si_signo=SIGURG, si_code=SI_TKILL, si_pid=8902, si_uid=1001} ---
8896  <... tgkill resumed>)             = 0
8905  --- SIGURG {si_signo=SIGURG, si_code=SI_TKILL, si_pid=8902, si_uid=1001} ---
8883  tgkill(8873, 8888, SIGURG)        = 0
8888  --- SIGURG {si_signo=SIGURG, si_code=SI_TKILL, si_pid=8873, si_uid=1001} ---
8899  --- SIGURG {si_signo=SIGURG, si_code=SI_TKILL, si_pid=8895, si_uid=1001} ---
8903  tgkill(8902, 8902, SIGURG)        = 0
8902  --- SIGURG {si_signo=SIGURG, si_code=SI_TKILL, si_pid=8902, si_uid=1001} ---
8889  tgkill(8873, 8884, SIGURG)        = 0
8889  tgkill(8873, 8888, SIGURG)        = 0
8884  --- SIGURG {si_signo=SIGURG, si_code=SI_TKILL, si_pid=8873, si_uid=1001} ---
8889  tgkill(8873, 8884, SIGURG)        = 0
8884  --- SIGURG {si_signo=SIGURG, si_code=SI_TKILL, si_pid=8873, si_uid=1001} ---
8889  tgkill(8873, 8884, SIGURG)        = 0
8884  --- SIGURG {si_signo=SIGURG, si_code=SI_TKILL, si_pid=8873, si_uid=1001} ---
8889  tgkill(8873, 8884, SIGURG)        = 0
8884  --- SIGURG {si_signo=SIGURG, si_code=SI_TKILL, si_pid=8873, si_uid=1001} ---
8889  tgkill(8873, 8884, SIGURG)        = 0
8884  --- SIGURG {si_signo=SIGURG, si_code=SI_TKILL, si_pid=8873, si_uid=1001} ---
8889  tgkill(8873, 8884, SIGURG)        = 0
8888  --- SIGURG {si_signo=SIGURG, si_code=SI_TKILL, si_pid=8873, si_uid=1001} ---
8884  --- SIGURG {si_signo=SIGURG, si_code=SI_TKILL, si_pid=8873, si_uid=1001} ---
8889  tgkill(8873, 8883, SIGURG)        = 0
8883  --- SIGURG {si_signo=SIGURG, si_code=SI_TKILL, si_pid=8873, si_uid=1001} ---
8889  tgkill(8873, 8884, SIGURG)        = 0
8884  --- SIGURG {si_signo=SIGURG, si_code=SI_TKILL, si_pid=8873, si_uid=1001} ---
8896  tgkill(8895, 8897, SIGURG)        = 0
8903  tgkill(8902, 8905, SIGURG)        = 0
8905  --- SIGURG {si_signo=SIGURG, si_code=SI_TKILL, si_pid=8902, si_uid=1001} ---
8903  tgkill(8902, 8907, SIGURG)        = 0
8903  tgkill(8902, 8904, SIGURG)        = 0
8904  --- SIGURG {si_signo=SIGURG, si_code=SI_TKILL, si_pid=8902, si_uid=1001} ---
8897  --- SIGURG {si_signo=SIGURG, si_code=SI_TKILL, si_pid=8895, si_uid=1001} ---
8907  --- SIGURG {si_signo=SIGURG, si_code=SI_TKILL, si_pid=8902, si_uid=1001} ---
8888  tgkill(8873, 8883, SIGURG)        = 0
8883  --- SIGURG {si_signo=SIGURG, si_code=SI_TKILL, si_pid=8873, si_uid=1001} ---
8888  tgkill(8873, 8889, SIGURG <unfinished ...>
8889  --- SIGURG {si_signo=SIGURG, si_code=SI_TKILL, si_pid=8873, si_uid=1001} ---
8888  <... tgkill resumed>)             = 0
8888  tgkill(8873, 8883, SIGURG)        = 0
8883  --- SIGURG {si_signo=SIGURG, si_code=SI_TKILL, si_pid=8873, si_uid=1001} ---
8888  tgkill(8873, 8884, SIGURG)        = 0
8884  --- SIGURG {si_signo=SIGURG, si_code=SI_TKILL, si_pid=8873, si_uid=1001} ---
8888  tgkill(8873, 8883, SIGURG)        = 0
8883  --- SIGURG {si_signo=SIGURG, si_code=SI_TKILL, si_pid=8873, si_uid=1001} ---
8888  tgkill(8873, 8884, SIGURG)        = 0
8884  --- SIGURG {si_signo=SIGURG, si_code=SI_TKILL, si_pid=8873, si_uid=1001} ---
8888  tgkill(8873, 8889, SIGURG)        = 0
8889  --- SIGURG {si_signo=SIGURG, si_code=SI_TKILL, si_pid=8873, si_uid=1001} ---
8888  tgkill(8873, 8883, SIGURG)        = 0
8883  --- SIGURG {si_signo=SIGURG, si_code=SI_TKILL, si_pid=8873, si_uid=1001} ---
8888  tgkill(8873, 8884, SIGURG)        = 0
8884  --- SIGURG {si_signo=SIGURG, si_code=SI_TKILL, si_pid=8873, si_uid=1001} ---
8888  tgkill(8873, 8889, SIGURG)        = 0
8889  --- SIGURG {si_signo=SIGURG, si_code=SI_TKILL, si_pid=8873, si_uid=1001} ---
8888  tgkill(8873, 8883, SIGURG)        = 0
8883  --- SIGURG {si_signo=SIGURG, si_code=SI_TKILL, si_pid=8873, si_uid=1001} ---
8888  tgkill(8873, 8884, SIGURG)        = 0
8884  --- SIGURG {si_signo=SIGURG, si_code=SI_TKILL, si_pid=8873, si_uid=1001} ---
8888  tgkill(8873, 8889, SIGURG)        = 0
8889  --- SIGURG {si_signo=SIGURG, si_code=SI_TKILL, si_pid=8873, si_uid=1001} ---
8896  tgkill(8895, 8897, SIGURG <unfinished ...>
8897  --- SIGURG {si_signo=SIGURG, si_code=SI_TKILL, si_pid=8895, si_uid=1001} ---
8896  <... tgkill resumed>)             = 0
8899  tgkill(8895, 8897, SIGURG)        = 0
8897  --- SIGURG {si_signo=SIGURG, si_code=SI_TKILL, si_pid=8895, si_uid=1001} ---
8903  tgkill(8902, 8902, SIGURG)        = 0
8902  --- SIGURG {si_signo=SIGURG, si_code=SI_TKILL, si_pid=8902, si_uid=1001} ---
8895  tgkill(8895, 8901, SIGURG)        = 0
8901  --- SIGURG {si_signo=SIGURG, si_code=SI_TKILL, si_pid=8895, si_uid=1001} ---
8882  tgkill(8873, 8883, SIGURG)        = 0
8883  --- SIGURG {si_signo=SIGURG, si_code=SI_TKILL, si_pid=8873, si_uid=1001} ---
8882  tgkill(8873, 8884, SIGURG)        = 0
8882  tgkill(8873, 8889, SIGURG <unfinished ...>
8889  --- SIGURG {si_signo=SIGURG, si_code=SI_TKILL, si_pid=8873, si_uid=1001} ---
8882  <... tgkill resumed>)             = 0
8884  --- SIGURG {si_signo=SIGURG, si_code=SI_TKILL, si_pid=8873, si_uid=1001} ---
8895  tgkill(8895, 8897, SIGURG)        = 0
8897  --- SIGURG {si_signo=SIGURG, si_code=SI_TKILL, si_pid=8895, si_uid=1001} ---
8882  tgkill(8873, 8888, SIGURG)        = 0
8895  tgkill(8895, 8899, SIGURG)        = 0
8899  --- SIGURG {si_signo=SIGURG, si_code=SI_TKILL, si_pid=8895, si_uid=1001} ---
8888  --- SIGURG {si_signo=SIGURG, si_code=SI_TKILL, si_pid=8873, si_uid=1001} ---
8895  tgkill(8895, 8897, SIGURG)        = 0
8897  --- SIGURG {si_signo=SIGURG, si_code=SI_TKILL, si_pid=8895, si_uid=1001} ---
8895  tgkill(8895, 8897, SIGURG)        = 0
8895  tgkill(8895, 8899, SIGURG)        = 0
8899  --- SIGURG {si_signo=SIGURG, si_code=SI_TKILL, si_pid=8895, si_uid=1001} ---
8895  tgkill(8895, 8899, SIGURG)        = 0
8899  --- SIGURG {si_signo=SIGURG, si_code=SI_TKILL, si_pid=8895, si_uid=1001} ---
8895  tgkill(8895, 8901, SIGURG)        = 0
8901  --- SIGURG {si_signo=SIGURG, si_code=SI_TKILL, si_pid=8895, si_uid=1001} ---
8895  tgkill(8895, 8899, SIGURG)        = 0
8899  --- SIGURG {si_signo=SIGURG, si_code=SI_TKILL, si_pid=8895, si_uid=1001} ---
8897  --- SIGURG {si_signo=SIGURG, si_code=SI_TKILL, si_pid=8895, si_uid=1001} ---
8895  tgkill(8895, 8901, SIGURG)        = 0
8901  --- SIGURG {si_signo=SIGURG, si_code=SI_TKILL, si_pid=8895, si_uid=1001} ---
8895  tgkill(8895, 8897, SIGURG)        = 0
8895  tgkill(8895, 8901, SIGURG)        = 0
8902  exit_group(0 <unfinished ...>
8895  tgkill(8895, 8899, SIGURG <unfinished ...>
8902  <... exit_group resumed>)         = ?
8895  <... tgkill resumed>)             = 0
8906  +++ exited with 0 +++
8907  +++ exited with 0 +++
8904  +++ exited with 0 +++
8903  +++ exited with 0 +++
8897  --- SIGURG {si_signo=SIGURG, si_code=SI_TKILL, si_pid=8895, si_uid=1001} ---
8901  --- SIGURG {si_signo=SIGURG, si_code=SI_TKILL, si_pid=8895, si_uid=1001} ---
8899  --- SIGURG {si_signo=SIGURG, si_code=SI_TKILL, si_pid=8895, si_uid=1001} ---
8905  +++ exited with 0 +++
8902  +++ exited with 0 +++
8362  <... waitid resumed>{si_signo=SIGCHLD, si_code=CLD_EXITED, si_pid=8902, si_uid=1001, si_status=0, si_utime=0, si_stime=0}, WEXITED, {ru_utime={tv_sec=0, tv_usec=126539}, ru_stime={tv_sec=0, tv_usec=17348}, ...}) = 0
8350  --- SIGCHLD {si_signo=SIGCHLD, si_code=CLD_EXITED, si_pid=8902, si_uid=1001, si_status=0, si_utime=12 /* 0.12 s */, si_stime=1 /* 0.01 s */} ---
8344  tgkill(8344, 8350, SIGURG)        = 0
8350  --- SIGURG {si_signo=SIGURG, si_code=SI_TKILL, si_pid=8344, si_uid=1001} ---
8882  tgkill(8873, 8889, SIGURG)        = 0
8889  --- SIGURG {si_signo=SIGURG, si_code=SI_TKILL, si_pid=8873, si_uid=1001} ---
8350  clone(child_stack=NULL, flags=CLONE_VM|CLONE_PIDFD|CLONE_VFORK|SIGCHLD <unfinished ...>
8344  tgkill(8344, 8350, SIGURG)        = 0
8896  tgkill(8895, 8899, SIGURG)        = 0
8899  --- SIGURG {si_signo=SIGURG, si_code=SI_TKILL, si_pid=8895, si_uid=1001} ---
8909  execve("/opt/hostedtoolcache/go/1.27.0/arm64/pkg/tool/linux_arm64/compile", ["/opt/hostedtoolcache/go/1.27.0/a"..., "-o", "/tmp/go-build3661820248/b071/_pk"..., "-trimpath", "/tmp/go-build3661820248/b071=>", "-p", "regexp/syntax", "-lang=go1.27", "-std", "-complete", "-buildid", "xEPQg2lpkiQK-vWos22W/xEPQg2lpkiQ"..., "-goversion", "go1.27.0", "-c=4", "-nolocalimports", "-importcfg", "/tmp/go-build3661820248/b071/imp"..., "-pack", "/opt/hostedtoolcache/go/1.27.0/a"..., "/opt/hostedtoolcache/go/1.27.0/a"..., "/opt/hostedtoolcache/go/1.27.0/a"..., "/opt/hostedtoolcache/go/1.27.0/a"..., "/opt/hostedtoolcache/go/1.27.0/a"..., "/opt/hostedtoolcache/go/1.27.0/a"..., "/opt/hostedtoolcache/go/1.27.0/a"..., "/opt/hostedtoolcache/go/1.27.0/a"...], 0x1051d0677208 /* 140 vars */ <unfinished ...>
8350  <... clone resumed>, parent_tid=[14]) = 8909
8350  --- SIGURG {si_signo=SIGURG, si_code=SI_TKILL, si_pid=8344, si_uid=1001} ---
8909  <... execve resumed>)             = 0
8344  tgkill(8344, 8350, SIGURG <unfinished ...>
8350  waitid(P_PIDFD, 14,  <unfinished ...>
8344  <... tgkill resumed>)             = 0
8350  <... waitid resumed>0x1051d0a4efb8, WEXITED, 0x1051d04a2120) = ? ERESTARTSYS (To be restarted if SA_RESTART is set)
8350  --- SIGURG {si_signo=SIGURG, si_code=SI_TKILL, si_pid=8344, si_uid=1001} ---
8350  waitid(P_PIDFD, 14,  <unfinished ...>
8909  clone(child_stack=0x49ddb52a6000, flags=CLONE_VM|CLONE_FS|CLONE_FILES|CLONE_SIGHAND|CLONE_THREAD|CLONE_SYSVSEM) = 8910
8909  clone(child_stack=0x49ddb52de000, flags=CLONE_VM|CLONE_FS|CLONE_FILES|CLONE_SIGHAND|CLONE_THREAD|CLONE_SYSVSEM) = 8911
8909  clone(child_stack=0x49ddb52da000, flags=CLONE_VM|CLONE_FS|CLONE_FILES|CLONE_SIGHAND|CLONE_THREAD|CLONE_SYSVSEM) = 8912
8909  clone(child_stack=0x49ddb5388000, flags=CLONE_VM|CLONE_FS|CLONE_FILES|CLONE_SIGHAND|CLONE_THREAD|CLONE_SYSVSEM) = 8913
8911  clone(child_stack=0x49ddb5384000, flags=CLONE_VM|CLONE_FS|CLONE_FILES|CLONE_SIGHAND|CLONE_THREAD|CLONE_SYSVSEM) = 8914
8896  tgkill(8895, 8899, SIGURG <unfinished ...>
8882  tgkill(8873, 8888, SIGURG)        = 0
8888  --- SIGURG {si_signo=SIGURG, si_code=SI_TKILL, si_pid=8873, si_uid=1001} ---
8899  --- SIGURG {si_signo=SIGURG, si_code=SI_TKILL, si_pid=8895, si_uid=1001} ---
8896  <... tgkill resumed>)             = 0
8910  tgkill(8909, 8913, SIGURG <unfinished ...>
8913  --- SIGURG {si_signo=SIGURG, si_code=SI_TKILL, si_pid=8909, si_uid=1001} ---
8910  <... tgkill resumed>)             = 0
8882  tgkill(8873, 8884, SIGURG)        = 0
8884  --- SIGURG {si_signo=SIGURG, si_code=SI_TKILL, si_pid=8873, si_uid=1001} ---
8896  tgkill(8895, 8901, SIGURG <unfinished ...>
8901  --- SIGURG {si_signo=SIGURG, si_code=SI_TKILL, si_pid=8895, si_uid=1001} ---
8910  tgkill(8909, 8913, SIGURG <unfinished ...>
8896  <... tgkill resumed>)             = 0
8910  <... tgkill resumed>)             = 0
8896  tgkill(8895, 8897, SIGURG <unfinished ...>
8913  --- SIGURG {si_signo=SIGURG, si_code=SI_TKILL, si_pid=8909, si_uid=1001} ---
8896  <... tgkill resumed>)             = 0
8897  --- SIGURG {si_signo=SIGURG, si_code=SI_TKILL, si_pid=8895, si_uid=1001} ---
8896  tgkill(8895, 8899, SIGURG)        = 0
8899  --- SIGURG {si_signo=SIGURG, si_code=SI_TKILL, si_pid=8895, si_uid=1001} ---
8896  tgkill(8895, 8895, SIGURG)        = 0
8895  --- SIGURG {si_signo=SIGURG, si_code=SI_TKILL, si_pid=8895, si_uid=1001} ---
8882  tgkill(8873, 8884, SIGURG)        = 0
8884  --- SIGURG {si_signo=SIGURG, si_code=SI_TKILL, si_pid=8873, si_uid=1001} ---
8889  exit_group(0)                     = ?
8882  +++ exited with 0 +++
8888  +++ exited with 0 +++
8884  +++ exited with 0 +++
8883  +++ exited with 0 +++
8896  tgkill(8895, 8901, SIGURG <unfinished ...>
8901  --- SIGURG {si_signo=SIGURG, si_code=SI_TKILL, si_pid=8895, si_uid=1001} ---
8896  <... tgkill resumed>)             = 0
8896  tgkill(8895, 8897, SIGURG)        = 0
8897  --- SIGURG {si_signo=SIGURG, si_code=SI_TKILL, si_pid=8895, si_uid=1001} ---
8896  tgkill(8895, 8899, SIGURG <unfinished ...>
8899  --- SIGURG {si_signo=SIGURG, si_code=SI_TKILL, si_pid=8895, si_uid=1001} ---
8896  <... tgkill resumed>)             = 0
8896  tgkill(8895, 8895, SIGURG <unfinished ...>
8910  tgkill(8909, 8913, SIGURG <unfinished ...>
8896  <... tgkill resumed>)             = 0
8910  <... tgkill resumed>)             = 0
8895  --- SIGURG {si_signo=SIGURG, si_code=SI_TKILL, si_pid=8895, si_uid=1001} ---
8913  --- SIGURG {si_signo=SIGURG, si_code=SI_TKILL, si_pid=8909, si_uid=1001} ---
8889  +++ exited with 0 +++
8873  +++ exited with 0 +++
8345  --- SIGCHLD {si_signo=SIGCHLD, si_code=CLD_EXITED, si_pid=8873, si_uid=1001, si_status=0, si_utime=33 /* 0.33 s */, si_stime=3 /* 0.03 s */} ---
8348  <... waitid resumed>{si_signo=SIGCHLD, si_code=CLD_EXITED, si_pid=8873, si_uid=1001, si_status=0, si_utime=0, si_stime=0}, WEXITED, {ru_utime={tv_sec=0, tv_usec=333211}, ru_stime={tv_sec=0, tv_usec=38253}, ...}) = 0
8348  clone(child_stack=NULL, flags=CLONE_VM|CLONE_PIDFD|CLONE_VFORK|SIGCHLD <unfinished ...>
8915  execve("/opt/hostedtoolcache/go/1.27.0/arm64/pkg/tool/linux_arm64/asm", ["/opt/hostedtoolcache/go/1.27.0/a"..., "-p", "syscall", "-trimpath", "/tmp/go-build3661820248/b056=>", "-I", "/tmp/go-build3661820248/b056/", "-I", "/opt/hostedtoolcache/go/1.27.0/a"..., "-D", "GOOS_linux", "-D", "GOARCH_arm64", "-std", "-o", "/tmp/go-build3661820248/b056/asm"..., "/opt/hostedtoolcache/go/1.27.0/a"...], 0x1051d05a1b08 /* 140 vars */ <unfinished ...>
8348  <... clone resumed>, parent_tid=[16]) = 8915
8915  <... execve resumed>)             = 0
8348  waitid(P_PIDFD, 16,  <unfinished ...>
8896  tgkill(8895, 8901, SIGURG <unfinished ...>
8901  --- SIGURG {si_signo=SIGURG, si_code=SI_TKILL, si_pid=8895, si_uid=1001} ---
8896  <... tgkill resumed>)             = 0
8896  tgkill(8895, 8897, SIGURG)        = 0
8896  tgkill(8895, 8899, SIGURG <unfinished ...>
8899  --- SIGURG {si_signo=SIGURG, si_code=SI_TKILL, si_pid=8895, si_uid=1001} ---
8896  <... tgkill resumed>)             = 0
8910  tgkill(8909, 8911, SIGURG)        = 0
8896  tgkill(8895, 8895, SIGURG)        = 0
8895  --- SIGURG {si_signo=SIGURG, si_code=SI_TKILL, si_pid=8895, si_uid=1001} ---
8897  --- SIGURG {si_signo=SIGURG, si_code=SI_TKILL, si_pid=8895, si_uid=1001} ---
8911  --- SIGURG {si_signo=SIGURG, si_code=SI_TKILL, si_pid=8909, si_uid=1001} ---
8915  clone(child_stack=0x69dc1f2f2000, flags=CLONE_VM|CLONE_FS|CLONE_FILES|CLONE_SIGHAND|CLONE_THREAD|CLONE_SYSVSEM) = 8916
8915  clone(child_stack=0x69dc1f32a000, flags=CLONE_VM|CLONE_FS|CLONE_FILES|CLONE_SIGHAND|CLONE_THREAD|CLONE_SYSVSEM) = 8917
8915  clone(child_stack=0x69dc1f326000, flags=CLONE_VM|CLONE_FS|CLONE_FILES|CLONE_SIGHAND|CLONE_THREAD|CLONE_SYSVSEM) = 8918
8917  clone(child_stack=0x69dc1f398000, flags=CLONE_VM|CLONE_FS|CLONE_FILES|CLONE_SIGHAND|CLONE_THREAD|CLONE_SYSVSEM) = 8919
8896  tgkill(8895, 8901, SIGURG)        = 0
8901  --- SIGURG {si_signo=SIGURG, si_code=SI_TKILL, si_pid=8895, si_uid=1001} ---
8896  tgkill(8895, 8897, SIGURG <unfinished ...>
8897  --- SIGURG {si_signo=SIGURG, si_code=SI_TKILL, si_pid=8895, si_uid=1001} ---
8896  <... tgkill resumed>)             = 0
8910  tgkill(8909, 8913, SIGURG <unfinished ...>
8896  tgkill(8895, 8899, SIGURG <unfinished ...>
8916  tgkill(8915, 8915, SIGURG <unfinished ...>
8913  --- SIGURG {si_signo=SIGURG, si_code=SI_TKILL, si_pid=8909, si_uid=1001} ---
8910  <... tgkill resumed>)             = 0
8899  --- SIGURG {si_signo=SIGURG, si_code=SI_TKILL, si_pid=8895, si_uid=1001} ---
8896  <... tgkill resumed>)             = 0
8916  <... tgkill resumed>)             = 0
8896  tgkill(8895, 8895, SIGURG)        = 0
8895  --- SIGURG {si_signo=SIGURG, si_code=SI_TKILL, si_pid=8895, si_uid=1001} ---
8915  --- SIGURG {si_signo=SIGURG, si_code=SI_TKILL, si_pid=8915, si_uid=1001} ---
8896  tgkill(8895, 8901, SIGURG)        = 0
8901  --- SIGURG {si_signo=SIGURG, si_code=SI_TKILL, si_pid=8895, si_uid=1001} ---
8896  tgkill(8895, 8897, SIGURG)        = 0
8896  tgkill(8895, 8899, SIGURG)        = 0
8899  --- SIGURG {si_signo=SIGURG, si_code=SI_TKILL, si_pid=8895, si_uid=1001} ---
8896  tgkill(8895, 8895, SIGURG)        = 0
8895  --- SIGURG {si_signo=SIGURG, si_code=SI_TKILL, si_pid=8895, si_uid=1001} ---
8897  --- SIGURG {si_signo=SIGURG, si_code=SI_TKILL, si_pid=8895, si_uid=1001} ---
8895  tgkill(8895, 8901, SIGURG)        = 0
8910  tgkill(8909, 8913, SIGURG <unfinished ...>
8916  tgkill(8915, 8915, SIGURG <unfinished ...>
8913  --- SIGURG {si_signo=SIGURG, si_code=SI_TKILL, si_pid=8909, si_uid=1001} ---
8910  <... tgkill resumed>)             = 0
8916  <... tgkill resumed>)             = 0
8915  --- SIGURG {si_signo=SIGURG, si_code=SI_TKILL, si_pid=8915, si_uid=1001} ---
8910  tgkill(8909, 8914, SIGURG <unfinished ...>
8914  --- SIGURG {si_signo=SIGURG, si_code=SI_TKILL, si_pid=8909, si_uid=1001} ---
8910  <... tgkill resumed>)             = 0
8901  --- SIGURG {si_signo=SIGURG, si_code=SI_TKILL, si_pid=8895, si_uid=1001} ---
8910  tgkill(8909, 8911, SIGURG <unfinished ...>
8916  tgkill(8915, 8915, SIGURG <unfinished ...>
8910  <... tgkill resumed>)             = 0
8916  <... tgkill resumed>)             = 0
8911  --- SIGURG {si_signo=SIGURG, si_code=SI_TKILL, si_pid=8909, si_uid=1001} ---
8910  tgkill(8909, 8909, SIGURG)        = 0
8909  --- SIGURG {si_signo=SIGURG, si_code=SI_TKILL, si_pid=8909, si_uid=1001} ---
8915  --- SIGURG {si_signo=SIGURG, si_code=SI_TKILL, si_pid=8915, si_uid=1001} ---
8899  tgkill(8895, 8897, SIGURG)        = 0
8915  exit_group(0)                     = ?
8916  +++ exited with 0 +++
8918  +++ exited with 0 +++
8917  +++ exited with 0 +++
8919  +++ exited with 0 +++
8915  +++ exited with 0 +++
8349  --- SIGCHLD {si_signo=SIGCHLD, si_code=CLD_EXITED, si_pid=8915, si_uid=1001, si_status=0, si_utime=0, si_stime=0} ---
8897  --- SIGURG {si_signo=SIGURG, si_code=SI_TKILL, si_pid=8895, si_uid=1001} ---
8348  <... waitid resumed>{si_signo=SIGCHLD, si_code=CLD_EXITED, si_pid=8915, si_uid=1001, si_status=0, si_utime=0, si_stime=0}, WEXITED, {ru_utime={tv_sec=0, tv_usec=1714}, ru_stime={tv_sec=0, tv_usec=8574}, ...}) = 0
8899  tgkill(8895, 8897, SIGURG)        = 0
8897  --- SIGURG {si_signo=SIGURG, si_code=SI_TKILL, si_pid=8895, si_uid=1001} ---
8896  tgkill(8895, 8895, SIGURG)        = 0
8895  --- SIGURG {si_signo=SIGURG, si_code=SI_TKILL, si_pid=8895, si_uid=1001} ---
8899  tgkill(8895, 8897, SIGURG)        = 0
8897  --- SIGURG {si_signo=SIGURG, si_code=SI_TKILL, si_pid=8895, si_uid=1001} ---
8899  tgkill(8895, 8901, SIGURG)        = 0
8901  --- SIGURG {si_signo=SIGURG, si_code=SI_TKILL, si_pid=8895, si_uid=1001} ---
8896  tgkill(8895, 8899, SIGURG)        = 0
8345  tgkill(8344, 8349, SIGURG)        = 0
8899  --- SIGURG {si_signo=SIGURG, si_code=SI_TKILL, si_pid=8895, si_uid=1001} ---
8349  --- SIGURG {si_signo=SIGURG, si_code=SI_TKILL, si_pid=8344, si_uid=1001} ---
8910  tgkill(8909, 8913, SIGURG)        = 0
8910  tgkill(8909, 8914, SIGURG)        = 0
8914  --- SIGURG {si_signo=SIGURG, si_code=SI_TKILL, si_pid=8909, si_uid=1001} ---
8913  --- SIGURG {si_signo=SIGURG, si_code=SI_TKILL, si_pid=8909, si_uid=1001} ---
8910  tgkill(8909, 8911, SIGURG)        = 0
8911  --- SIGURG {si_signo=SIGURG, si_code=SI_TKILL, si_pid=8909, si_uid=1001} ---
8910  tgkill(8909, 8909, SIGURG)        = 0
8909  --- SIGURG {si_signo=SIGURG, si_code=SI_TKILL, si_pid=8909, si_uid=1001} ---
8896  tgkill(8895, 8901, SIGURG)        = 0
8901  --- SIGURG {si_signo=SIGURG, si_code=SI_TKILL, si_pid=8895, si_uid=1001} ---
8896  tgkill(8895, 8899, SIGURG)        = 0
8896  tgkill(8895, 8895, SIGURG)        = 0
8895  --- SIGURG {si_signo=SIGURG, si_code=SI_TKILL, si_pid=8895, si_uid=1001} ---
8899  --- SIGURG {si_signo=SIGURG, si_code=SI_TKILL, si_pid=8895, si_uid=1001} ---
8896  tgkill(8895, 8897, SIGURG)        = 0
8897  --- SIGURG {si_signo=SIGURG, si_code=SI_TKILL, si_pid=8895, si_uid=1001} ---
8896  tgkill(8895, 8899, SIGURG)        = 0
8899  --- SIGURG {si_signo=SIGURG, si_code=SI_TKILL, si_pid=8895, si_uid=1001} ---
8910  tgkill(8909, 8913, SIGURG)        = 0
8913  --- SIGURG {si_signo=SIGURG, si_code=SI_TKILL, si_pid=8909, si_uid=1001} ---
8910  tgkill(8909, 8914, SIGURG <unfinished ...>
8914  --- SIGURG {si_signo=SIGURG, si_code=SI_TKILL, si_pid=8909, si_uid=1001} ---
8910  <... tgkill resumed>)             = 0
8910  tgkill(8909, 8909, SIGURG)        = 0
8909  --- SIGURG {si_signo=SIGURG, si_code=SI_TKILL, si_pid=8909, si_uid=1001} ---
8896  tgkill(8895, 8901, SIGURG)        = 0
8901  --- SIGURG {si_signo=SIGURG, si_code=SI_TKILL, si_pid=8895, si_uid=1001} ---
8896  tgkill(8895, 8899, SIGURG)        = 0
8899  --- SIGURG {si_signo=SIGURG, si_code=SI_TKILL, si_pid=8895, si_uid=1001} ---
8896  tgkill(8895, 8895, SIGURG)        = 0
8895  --- SIGURG {si_signo=SIGURG, si_code=SI_TKILL, si_pid=8895, si_uid=1001} ---
8345  tgkill(8344, 8362, SIGURG)        = 0
8362  --- SIGURG {si_signo=SIGURG, si_code=SI_TKILL, si_pid=8344, si_uid=1001} ---
8897  tgkill(8895, 8901, SIGURG <unfinished ...>
8901  --- SIGURG {si_signo=SIGURG, si_code=SI_TKILL, si_pid=8895, si_uid=1001} ---
8897  <... tgkill resumed>)             = 0
8899  tgkill(8895, 8895, SIGURG)        = 0
8897  tgkill(8895, 8901, SIGURG)        = 0
8901  --- SIGURG {si_signo=SIGURG, si_code=SI_TKILL, si_pid=8895, si_uid=1001} ---
8895  --- SIGURG {si_signo=SIGURG, si_code=SI_TKILL, si_pid=8895, si_uid=1001} ---
8897  tgkill(8895, 8895, SIGURG)        = 0
8895  --- SIGURG {si_signo=SIGURG, si_code=SI_TKILL, si_pid=8895, si_uid=1001} ---
8897  tgkill(8895, 8901, SIGURG <unfinished ...>
8901  --- SIGURG {si_signo=SIGURG, si_code=SI_TKILL, si_pid=8895, si_uid=1001} ---
8897  <... tgkill resumed>)             = 0
8897  tgkill(8895, 8899, SIGURG)        = 0
8899  --- SIGURG {si_signo=SIGURG, si_code=SI_TKILL, si_pid=8895, si_uid=1001} ---
8897  tgkill(8895, 8901, SIGURG)        = 0
8901  --- SIGURG {si_signo=SIGURG, si_code=SI_TKILL, si_pid=8895, si_uid=1001} ---
8897  tgkill(8895, 8901, SIGURG)        = 0
8897  tgkill(8895, 8895, SIGURG)        = 0
8895  --- SIGURG {si_signo=SIGURG, si_code=SI_TKILL, si_pid=8895, si_uid=1001} ---
8901  --- SIGURG {si_signo=SIGURG, si_code=SI_TKILL, si_pid=8895, si_uid=1001} ---
8344  clone(child_stack=NULL, flags=CLONE_VM|CLONE_PIDFD|CLONE_VFORK|SIGCHLD <unfinished ...>
8896  tgkill(8895, 8901, SIGURG <unfinished ...>
8901  --- SIGURG {si_signo=SIGURG, si_code=SI_TKILL, si_pid=8895, si_uid=1001} ---
8896  <... tgkill resumed>)             = 0
8896  tgkill(8895, 8899, SIGURG)        = 0
8899  --- SIGURG {si_signo=SIGURG, si_code=SI_TKILL, si_pid=8895, si_uid=1001} ---
8896  tgkill(8895, 8895, SIGURG)        = 0
8895  --- SIGURG {si_signo=SIGURG, si_code=SI_TKILL, si_pid=8895, si_uid=1001} ---
8914  exit_group(0)                     = ?
8913  +++ exited with 0 +++
8911  +++ exited with 0 +++
8914  +++ exited with 0 +++
8912  +++ exited with 0 +++
8921  execve("/opt/hostedtoolcache/go/1.27.0/arm64/pkg/tool/linux_arm64/compile", ["/opt/hostedtoolcache/go/1.27.0/a"..., "-o", "/tmp/go-build3661820248/b055/_pk"..., "-trimpath", "/tmp/go-build3661820248/b055=>", "-p", "time", "-lang=go1.27", "-std", "-buildid", "0lrGNlG6S03YuyuCzuGd/0lrGNlG6S03"..., "-goversion", "go1.27.0", "-c=4", "-nolocalimports", "-importcfg", "/tmp/go-build3661820248/b055/imp"..., "-pack", "/opt/hostedtoolcache/go/1.27.0/a"..., "/opt/hostedtoolcache/go/1.27.0/a"..., "/opt/hostedtoolcache/go/1.27.0/a"..., "/opt/hostedtoolcache/go/1.27.0/a"..., "/opt/hostedtoolcache/go/1.27.0/a"..., "/opt/hostedtoolcache/go/1.27.0/a"..., "/opt/hostedtoolcache/go/1.27.0/a"..., "/opt/hostedtoolcache/go/1.27.0/a"..., "/opt/hostedtoolcache/go/1.27.0/a"..., "/opt/hostedtoolcache/go/1.27.0/a"...], 0x1051d0898908 /* 140 vars */ <unfinished ...>
8344  <... clone resumed>, parent_tid=[17]) = 8921
8921  <... execve resumed>)             = 0
8345  tgkill(8344, 8362, SIGURG)        = 0
8910  +++ exited with 0 +++
8909  +++ exited with 0 +++
8349  --- SIGCHLD {si_signo=SIGCHLD, si_code=CLD_EXITED, si_pid=8909, si_uid=1001, si_status=0, si_utime=19 /* 0.19 s */, si_stime=4 /* 0.04 s */} ---
8350  <... waitid resumed>{si_signo=SIGCHLD, si_code=CLD_EXITED, si_pid=8909, si_uid=1001, si_status=0, si_utime=0, si_stime=0}, WEXITED, {ru_utime={tv_sec=0, tv_usec=190213}, ru_stime={tv_sec=0, tv_usec=46082}, ...}) = 0
8348  waitid(P_PIDFD, 17,  <unfinished ...>
8362  --- SIGURG {si_signo=SIGURG, si_code=SI_TKILL, si_pid=8344, si_uid=1001} ---
8896  tgkill(8895, 8895, SIGURG)        = 0
8895  --- SIGURG {si_signo=SIGURG, si_code=SI_TKILL, si_pid=8895, si_uid=1001} ---
8344  clone(child_stack=NULL, flags=CLONE_VM|CLONE_PIDFD|CLONE_VFORK|SIGCHLD <unfinished ...>
8922  execve("/opt/hostedtoolcache/go/1.27.0/arm64/pkg/tool/linux_arm64/compile", ["/opt/hostedtoolcache/go/1.27.0/a"..., "-o", "/tmp/go-build3661820248/b058/_pk"..., "-trimpath", "/tmp/go-build3661820248/b058=>", "-p", "internal/syscall/unix", "-lang=go1.27", "-std", "-complete", "-buildid", "S_UaMNGdYw1UseI9ihq9/S_UaMNGdYw1"..., "-goversion", "go1.27.0", "-c=4", "-nolocalimports", "-importcfg", "/tmp/go-build3661820248/b058/imp"..., "-pack", "/opt/hostedtoolcache/go/1.27.0/a"..., "/opt/hostedtoolcache/go/1.27.0/a"..., "/opt/hostedtoolcache/go/1.27.0/a"..., "/opt/hostedtoolcache/go/1.27.0/a"..., "/opt/hostedtoolcache/go/1.27.0/a"..., "/opt/hostedtoolcache/go/1.27.0/a"..., "/opt/hostedtoolcache/go/1.27.0/a"..., "/opt/hostedtoolcache/go/1.27.0/a"..., "/opt/hostedtoolcache/go/1.27.0/a"..., "/opt/hostedtoolcache/go/1.27.0/a"..., "/opt/hostedtoolcache/go/1.27.0/a"..., "/opt/hostedtoolcache/go/1.27.0/a"..., "/opt/hostedtoolcache/go/1.27.0/a"..., ...], 0x1051d09da908 /* 140 vars */ <unfinished ...>
8344  <... clone resumed>, parent_tid=[16]) = 8922
8922  <... execve resumed>)             = 0
8344  waitid(P_PIDFD, 16,  <unfinished ...>
8896  tgkill(8895, 8897, SIGURG)        = 0
8896  tgkill(8895, 8901, SIGURG)        = 0
8901  --- SIGURG {si_signo=SIGURG, si_code=SI_TKILL, si_pid=8895, si_uid=1001} ---
8345  tgkill(8344, 8349, SIGURG)        = 0
8897  --- SIGURG {si_signo=SIGURG, si_code=SI_TKILL, si_pid=8895, si_uid=1001} ---
8349  --- SIGURG {si_signo=SIGURG, si_code=SI_TKILL, si_pid=8344, si_uid=1001} ---
8362  clone(child_stack=NULL, flags=CLONE_VM|CLONE_PIDFD|CLONE_VFORK|SIGCHLD <unfinished ...>
8921  clone(child_stack=0x56b53b4cc000, flags=CLONE_VM|CLONE_FS|CLONE_FILES|CLONE_SIGHAND|CLONE_THREAD|CLONE_SYSVSEM) = 8924
8921  clone(child_stack=0x56b53b508000, flags=CLONE_VM|CLONE_FS|CLONE_FILES|CLONE_SIGHAND|CLONE_THREAD|CLONE_SYSVSEM) = 8925
8924  tgkill(8921, 8921, SIGURG)        = 0
8921  --- SIGURG {si_signo=SIGURG, si_code=SI_TKILL, si_pid=8921, si_uid=1001} ---
8921  clone(child_stack=0x56b53b504000, flags=CLONE_VM|CLONE_FS|CLONE_FILES|CLONE_SIGHAND|CLONE_THREAD|CLONE_SYSVSEM) = 8926
8925  clone(child_stack=0x56b53b528000, flags=CLONE_VM|CLONE_FS|CLONE_FILES|CLONE_SIGHAND|CLONE_THREAD|CLONE_SYSVSEM) = 8927
8924  tgkill(8921, 8921, SIGURG)        = 0
8921  --- SIGURG {si_signo=SIGURG, si_code=SI_TKILL, si_pid=8921, si_uid=1001} ---
8923  execve("/opt/hostedtoolcache/go/1.27.0/arm64/pkg/tool/linux_arm64/compile", ["/opt/hostedtoolcache/go/1.27.0/a"..., "-o", "/tmp/go-build3661820248/b059/_pk"..., "-trimpath", "/tmp/go-build3661820248/b059=>", "-p", "internal/syscall/execenv", "-lang=go1.27", "-std", "-complete", "-buildid", "9L5tH2ougp61lvbBtl0x/9L5tH2ougp6"..., "-goversion", "go1.27.0", "-c=4", "-nolocalimports", "-importcfg", "/tmp/go-build3661820248/b059/imp"..., "-pack", "/opt/hostedtoolcache/go/1.27.0/a"...], 0x1051d0676d88 /* 140 vars */ <unfinished ...>
8924  tgkill(8921, 8921, SIGURG)        = 0
8921  --- SIGURG {si_signo=SIGURG, si_code=SI_TKILL, si_pid=8921, si_uid=1001} ---
8362  <... clone resumed>, parent_tid=[18]) = 8923
8362  waitid(P_PIDFD, 18,  <unfinished ...>
8923  <... execve resumed>)             = 0
8896  tgkill(8895, 8895, SIGURG)        = 0
8895  --- SIGURG {si_signo=SIGURG, si_code=SI_TKILL, si_pid=8895, si_uid=1001} ---
8922  clone(child_stack=0x7fb55fd2000, flags=CLONE_VM|CLONE_FS|CLONE_FILES|CLONE_SIGHAND|CLONE_THREAD|CLONE_SYSVSEM) = 8928
8922  clone(child_stack=0x7fb5600a000, flags=CLONE_VM|CLONE_FS|CLONE_FILES|CLONE_SIGHAND|CLONE_THREAD|CLONE_SYSVSEM) = 8929
8922  clone(child_stack=0x7fb56006000, flags=CLONE_VM|CLONE_FS|CLONE_FILES|CLONE_SIGHAND|CLONE_THREAD|CLONE_SYSVSEM) = 8930
8929  clone(child_stack=0x7fb56098000, flags=CLONE_VM|CLONE_FS|CLONE_FILES|CLONE_SIGHAND|CLONE_THREAD|CLONE_SYSVSEM) = 8931
8896  tgkill(8895, 8900, SIGURG)        = 0
8926  clone(child_stack=0x56b53b94a000, flags=CLONE_VM|CLONE_FS|CLONE_FILES|CLONE_SIGHAND|CLONE_THREAD|CLONE_SYSVSEM) = 8932
8924  clone(child_stack=0x56b53b600000, flags=CLONE_VM|CLONE_FS|CLONE_FILES|CLONE_SIGHAND|CLONE_THREAD|CLONE_SYSVSEM) = 8933
8900  --- SIGURG {si_signo=SIGURG, si_code=SI_TKILL, si_pid=8895, si_uid=1001} ---
8923  clone(child_stack=0xfb70458000, flags=CLONE_VM|CLONE_FS|CLONE_FILES|CLONE_SIGHAND|CLONE_THREAD|CLONE_SYSVSEM) = 8934
8923  clone(child_stack=0xfb70490000, flags=CLONE_VM|CLONE_FS|CLONE_FILES|CLONE_SIGHAND|CLONE_THREAD|CLONE_SYSVSEM) = 8935
8934  tgkill(8923, 8923, SIGURG)        = 0
8923  --- SIGURG {si_signo=SIGURG, si_code=SI_TKILL, si_pid=8923, si_uid=1001} ---
8923  clone(child_stack=0xfb7048c000, flags=CLONE_VM|CLONE_FS|CLONE_FILES|CLONE_SIGHAND|CLONE_THREAD|CLONE_SYSVSEM) = 8936
8935  clone(child_stack=0xfb70518000, flags=CLONE_VM|CLONE_FS|CLONE_FILES|CLONE_SIGHAND|CLONE_THREAD|CLONE_SYSVSEM) = 8937
8923  clone(child_stack=0xfb70514000, flags=CLONE_VM|CLONE_FS|CLONE_FILES|CLONE_SIGHAND|CLONE_THREAD|CLONE_SYSVSEM) = 8938
8923  clone(child_stack=0xfb70542000, flags=CLONE_VM|CLONE_FS|CLONE_FILES|CLONE_SIGHAND|CLONE_THREAD|CLONE_SYSVSEM) = 8939
8928  clone(child_stack=0x7fb563c6000, flags=CLONE_VM|CLONE_FS|CLONE_FILES|CLONE_SIGHAND|CLONE_THREAD|CLONE_SYSVSEM) = 8940
8924  tgkill(8921, 8933, SIGURG)        = 0
8933  --- SIGURG {si_signo=SIGURG, si_code=SI_TKILL, si_pid=8921, si_uid=1001} ---
8924  tgkill(8921, 8933, SIGURG)        = 0
8933  --- SIGURG {si_signo=SIGURG, si_code=SI_TKILL, si_pid=8921, si_uid=1001} ---
8934  tgkill(8923, 8923, SIGURG)        = 0
8923  --- SIGURG {si_signo=SIGURG, si_code=SI_TKILL, si_pid=8923, si_uid=1001} ---
8923  exit_group(0)                     = ?
8938  +++ exited with 0 +++
8939  +++ exited with 0 +++
8937  +++ exited with 0 +++
8935  +++ exited with 0 +++
8936  +++ exited with 0 +++
8934  +++ exited with 0 +++
8923  +++ exited with 0 +++
8362  <... waitid resumed>{si_signo=SIGCHLD, si_code=CLD_EXITED, si_pid=8923, si_uid=1001, si_status=0, si_utime=0, si_stime=0}, WEXITED, {ru_utime={tv_sec=0, tv_usec=7515}, ru_stime={tv_sec=0, tv_usec=6575}, ...}) = 0
8362  --- SIGCHLD {si_signo=SIGCHLD, si_code=CLD_EXITED, si_pid=8923, si_uid=1001, si_status=0, si_utime=0, si_stime=0} ---
8928  tgkill(8922, 8922, SIGURG)        = 0
8922  --- SIGURG {si_signo=SIGURG, si_code=SI_TKILL, si_pid=8922, si_uid=1001} ---
8896  tgkill(8895, 8900, SIGURG)        = 0
8900  --- SIGURG {si_signo=SIGURG, si_code=SI_TKILL, si_pid=8895, si_uid=1001} ---
8924  tgkill(8921, 8926, SIGURG)        = 0
8926  --- SIGURG {si_signo=SIGURG, si_code=SI_TKILL, si_pid=8921, si_uid=1001} ---
8350  tgkill(8344, 8349, SIGURG)        = 0
8349  --- SIGURG {si_signo=SIGURG, si_code=SI_TKILL, si_pid=8344, si_uid=1001} ---
8350  tgkill(8344, 8346, SIGURG)        = 0
8346  --- SIGURG {si_signo=SIGURG, si_code=SI_TKILL, si_pid=8344, si_uid=1001} ---
8349  clone(child_stack=NULL, flags=CLONE_VM|CLONE_PIDFD|CLONE_VFORK|SIGCHLD <unfinished ...>
8896  tgkill(8895, 8897, SIGURG)        = 0
8897  --- SIGURG {si_signo=SIGURG, si_code=SI_TKILL, si_pid=8895, si_uid=1001} ---
8924  tgkill(8921, 8933, SIGURG)        = 0
8933  --- SIGURG {si_signo=SIGURG, si_code=SI_TKILL, si_pid=8921, si_uid=1001} ---
8896  tgkill(8895, 8897, SIGURG)        = 0
8897  --- SIGURG {si_signo=SIGURG, si_code=SI_TKILL, si_pid=8895, si_uid=1001} ---
8941  execve("/opt/hostedtoolcache/go/1.27.0/arm64/pkg/tool/linux_arm64/compile", ["/opt/hostedtoolcache/go/1.27.0/a"..., "-o", "/tmp/go-build3661820248/b070/_pk"..., "-trimpath", "/tmp/go-build3661820248/b070=>", "-p", "regexp", "-lang=go1.27", "-std", "-complete", "-buildid", "PTcwWwY92WVMCunsAgMC/PTcwWwY92WV"..., "-goversion", "go1.27.0", "-c=4", "-nolocalimports", "-importcfg", "/tmp/go-build3661820248/b070/imp"..., "-pack", "/opt/hostedtoolcache/go/1.27.0/a"..., "/opt/hostedtoolcache/go/1.27.0/a"..., "/opt/hostedtoolcache/go/1.27.0/a"..., "/opt/hostedtoolcache/go/1.27.0/a"...], 0x1051d0898908 /* 140 vars */ <unfinished ...>
8349  <... clone resumed>, parent_tid=[18]) = 8941
8941  <... execve resumed>)             = 0
8349  waitid(P_PIDFD, 18,  <unfinished ...>
8940  exit_group(0)                     = ?
8940  +++ exited with 0 +++
8929  +++ exited with 0 +++
8931  +++ exited with 0 +++
8930  +++ exited with 0 +++
8928  +++ exited with 0 +++
8922  +++ exited with 0 +++
8344  <... waitid resumed>{si_signo=SIGCHLD, si_code=CLD_EXITED, si_pid=8922, si_uid=1001, si_status=0, si_utime=0, si_stime=0}, WEXITED, {ru_utime={tv_sec=0, tv_usec=27953}, ru_stime={tv_sec=0, tv_usec=14584}, ...}) = 0
8344  --- SIGCHLD {si_signo=SIGCHLD, si_code=CLD_EXITED, si_pid=8922, si_uid=1001, si_status=0, si_utime=2 /* 0.02 s */, si_stime=1 /* 0.01 s */} ---
8941  clone(child_stack=0xdfc78058000, flags=CLONE_VM|CLONE_FS|CLONE_FILES|CLONE_SIGHAND|CLONE_THREAD|CLONE_SYSVSEM) = 8942
8941  clone(child_stack=0xdfc78090000, flags=CLONE_VM|CLONE_FS|CLONE_FILES|CLONE_SIGHAND|CLONE_THREAD|CLONE_SYSVSEM) = 8943
8941  clone(child_stack=0xdfc7808c000, flags=CLONE_VM|CLONE_FS|CLONE_FILES|CLONE_SIGHAND|CLONE_THREAD|CLONE_SYSVSEM) = 8944
8943  clone(child_stack=0xdfc78118000, flags=CLONE_VM|CLONE_FS|CLONE_FILES|CLONE_SIGHAND|CLONE_THREAD|CLONE_SYSVSEM) = 8945
8896  tgkill(8895, 8897, SIGURG)        = 0
8897  --- SIGURG {si_signo=SIGURG, si_code=SI_TKILL, si_pid=8895, si_uid=1001} ---
8942  clone(child_stack=0xdfc780b4000, flags=CLONE_VM|CLONE_FS|CLONE_FILES|CLONE_SIGHAND|CLONE_THREAD|CLONE_SYSVSEM) = 8946
8942  tgkill(8941, 8941, SIGURG)        = 0
8924  tgkill(8921, 8921, SIGURG)        = 0
8921  --- SIGURG {si_signo=SIGURG, si_code=SI_TKILL, si_pid=8921, si_uid=1001} ---
8941  --- SIGURG {si_signo=SIGURG, si_code=SI_TKILL, si_pid=8941, si_uid=1001} ---
8942  tgkill(8941, 8943, SIGURG)        = 0
8943  --- SIGURG {si_signo=SIGURG, si_code=SI_TKILL, si_pid=8941, si_uid=1001} ---
8897  exit_group(0)                     = ?
8901  +++ exited with 0 +++
8900  +++ exited with 0 +++
8899  +++ exited with 0 +++
8898  +++ exited with 0 +++
8896  +++ exited with 0 +++
8924  tgkill(8921, 8933, SIGURG)        = 0
8933  --- SIGURG {si_signo=SIGURG, si_code=SI_TKILL, si_pid=8921, si_uid=1001} ---
8897  +++ exited with 0 +++
8895  +++ exited with 0 +++
8351  <... waitid resumed>{si_signo=SIGCHLD, si_code=CLD_EXITED, si_pid=8895, si_uid=1001, si_status=0, si_utime=0, si_stime=0}, WEXITED, {ru_utime={tv_sec=0, tv_usec=774822}, ru_stime={tv_sec=0, tv_usec=82570}, ...}) = 0
8346  --- SIGCHLD {si_signo=SIGCHLD, si_code=CLD_EXITED, si_pid=8895, si_uid=1001, si_status=0, si_utime=80 /* 0.80 s */, si_stime=8 /* 0.08 s */} ---
8345  tgkill(8344, 8351, SIGURG)        = 0
8351  --- SIGURG {si_signo=SIGURG, si_code=SI_TKILL, si_pid=8344, si_uid=1001} ---
8344  clone(child_stack=NULL, flags=CLONE_VM|CLONE_PIDFD|CLONE_VFORK|SIGCHLD <unfinished ...>
8947  execve("/opt/hostedtoolcache/go/1.27.0/arm64/pkg/tool/linux_arm64/asm", ["/opt/hostedtoolcache/go/1.27.0/a"..., "-p", "reflect", "-trimpath", "/tmp/go-build3661820248/b038=>", "-I", "/tmp/go-build3661820248/b038/", "-I", "/opt/hostedtoolcache/go/1.27.0/a"..., "-D", "GOOS_linux", "-D", "GOARCH_arm64", "-std", "-o", "/tmp/go-build3661820248/b038/asm"..., "/opt/hostedtoolcache/go/1.27.0/a"...], 0x1051d0898d88 /* 140 vars */ <unfinished ...>
8344  <... clone resumed>, parent_tid=[14]) = 8947
8947  <... execve resumed>)             = 0
8344  waitid(P_PIDFD, 14,  <unfinished ...>
8942  tgkill(8941, 8946, SIGURG)        = 0
8946  --- SIGURG {si_signo=SIGURG, si_code=SI_TKILL, si_pid=8941, si_uid=1001} ---
8947  clone(child_stack=0x7a210c74c000, flags=CLONE_VM|CLONE_FS|CLONE_FILES|CLONE_SIGHAND|CLONE_THREAD|CLONE_SYSVSEM) = 8948
8947  clone(child_stack=0x7a210c788000, flags=CLONE_VM|CLONE_FS|CLONE_FILES|CLONE_SIGHAND|CLONE_THREAD|CLONE_SYSVSEM) = 8949
8948  tgkill(8947, 8947, SIGURG)        = 0
8947  --- SIGURG {si_signo=SIGURG, si_code=SI_TKILL, si_pid=8947, si_uid=1001} ---
8947  clone(child_stack=0x7a210c784000, flags=CLONE_VM|CLONE_FS|CLONE_FILES|CLONE_SIGHAND|CLONE_THREAD|CLONE_SYSVSEM) = 8950
8949  clone(child_stack=0x7a210c7a8000, flags=CLONE_VM|CLONE_FS|CLONE_FILES|CLONE_SIGHAND|CLONE_THREAD|CLONE_SYSVSEM) = 8951
8924  tgkill(8921, 8921, SIGURG)        = 0
8921  --- SIGURG {si_signo=SIGURG, si_code=SI_TKILL, si_pid=8921, si_uid=1001} ---
8947  exit_group(0)                     = ?
8950  +++ exited with 0 +++
8948  +++ exited with 0 +++
8951  +++ exited with 0 +++
8949  +++ exited with 0 +++
8947  +++ exited with 0 +++
8350  --- SIGCHLD {si_signo=SIGCHLD, si_code=CLD_EXITED, si_pid=8947, si_uid=1001, si_status=0, si_utime=0, si_stime=0} ---
8344  <... waitid resumed>{si_signo=SIGCHLD, si_code=CLD_EXITED, si_pid=8947, si_uid=1001, si_status=0, si_utime=0, si_stime=0}, WEXITED, {ru_utime={tv_sec=0, tv_usec=0}, ru_stime={tv_sec=0, tv_usec=6584}, ...}) = 0
8924  tgkill(8921, 8932, SIGURG)        = 0
8932  --- SIGURG {si_signo=SIGURG, si_code=SI_TKILL, si_pid=8921, si_uid=1001} ---
8924  tgkill(8921, 8933, SIGURG <unfinished ...>
8933  --- SIGURG {si_signo=SIGURG, si_code=SI_TKILL, si_pid=8921, si_uid=1001} ---
8924  <... tgkill resumed>)             = 0
8924  tgkill(8921, 8926, SIGURG)        = 0
8926  --- SIGURG {si_signo=SIGURG, si_code=SI_TKILL, si_pid=8921, si_uid=1001} ---
8942  tgkill(8941, 8941, SIGURG)        = 0
8941  --- SIGURG {si_signo=SIGURG, si_code=SI_TKILL, si_pid=8941, si_uid=1001} ---
8924  tgkill(8921, 8921, SIGURG)        = 0
8921  --- SIGURG {si_signo=SIGURG, si_code=SI_TKILL, si_pid=8921, si_uid=1001} ---
8924  tgkill(8921, 8933, SIGURG)        = 0
8933  --- SIGURG {si_signo=SIGURG, si_code=SI_TKILL, si_pid=8921, si_uid=1001} ---
8924  tgkill(8921, 8926, SIGURG)        = 0
8926  --- SIGURG {si_signo=SIGURG, si_code=SI_TKILL, si_pid=8921, si_uid=1001} ---
8942  tgkill(8941, 8946, SIGURG)        = 0
8942  tgkill(8941, 8943, SIGURG <unfinished ...>
8946  --- SIGURG {si_signo=SIGURG, si_code=SI_TKILL, si_pid=8941, si_uid=1001} ---
8942  <... tgkill resumed>)             = 0
8942  tgkill(8941, 8945, SIGURG)        = 0
8943  --- SIGURG {si_signo=SIGURG, si_code=SI_TKILL, si_pid=8941, si_uid=1001} ---
8942  tgkill(8941, 8941, SIGURG)        = 0
8941  --- SIGURG {si_signo=SIGURG, si_code=SI_TKILL, si_pid=8941, si_uid=1001} ---
8345  tgkill(8344, 8362, SIGURG)        = 0
8362  --- SIGURG {si_signo=SIGURG, si_code=SI_TKILL, si_pid=8344, si_uid=1001} ---
8945  --- SIGURG {si_signo=SIGURG, si_code=SI_TKILL, si_pid=8941, si_uid=1001} ---
8924  tgkill(8921, 8921, SIGURG)        = 0
8924  tgkill(8921, 8926, SIGURG <unfinished ...>
8921  --- SIGURG {si_signo=SIGURG, si_code=SI_TKILL, si_pid=8921, si_uid=1001} ---
8924  <... tgkill resumed>)             = 0
8926  --- SIGURG {si_signo=SIGURG, si_code=SI_TKILL, si_pid=8921, si_uid=1001} ---
8345  tgkill(8344, 8351, SIGURG)        = 0
8351  --- SIGURG {si_signo=SIGURG, si_code=SI_TKILL, si_pid=8344, si_uid=1001} ---
8924  tgkill(8921, 8933, SIGURG)        = 0
8942  tgkill(8941, 8946, SIGURG)        = 0
8946  --- SIGURG {si_signo=SIGURG, si_code=SI_TKILL, si_pid=8941, si_uid=1001} ---
8933  --- SIGURG {si_signo=SIGURG, si_code=SI_TKILL, si_pid=8921, si_uid=1001} ---
8942  tgkill(8941, 8943, SIGURG)        = 0
8943  --- SIGURG {si_signo=SIGURG, si_code=SI_TKILL, si_pid=8941, si_uid=1001} ---
8942  tgkill(8941, 8945, SIGURG)        = 0
8942  tgkill(8941, 8941, SIGURG)        = 0
8941  --- SIGURG {si_signo=SIGURG, si_code=SI_TKILL, si_pid=8941, si_uid=1001} ---
8945  --- SIGURG {si_signo=SIGURG, si_code=SI_TKILL, si_pid=8941, si_uid=1001} ---
8921  tgkill(8921, 8926, SIGURG)        = 0
8921  tgkill(8921, 8932, SIGURG)        = 0
8932  --- SIGURG {si_signo=SIGURG, si_code=SI_TKILL, si_pid=8921, si_uid=1001} ---
8926  --- SIGURG {si_signo=SIGURG, si_code=SI_TKILL, si_pid=8921, si_uid=1001} ---
8921  tgkill(8921, 8933, SIGURG)        = 0
8933  --- SIGURG {si_signo=SIGURG, si_code=SI_TKILL, si_pid=8921, si_uid=1001} ---
8921  tgkill(8921, 8926, SIGURG)        = 0
8926  --- SIGURG {si_signo=SIGURG, si_code=SI_TKILL, si_pid=8921, si_uid=1001} ---
8942  tgkill(8941, 8946, SIGURG)        = 0
8946  --- SIGURG {si_signo=SIGURG, si_code=SI_TKILL, si_pid=8941, si_uid=1001} ---
8942  tgkill(8941, 8943, SIGURG)        = 0
8943  --- SIGURG {si_signo=SIGURG, si_code=SI_TKILL, si_pid=8941, si_uid=1001} ---
8942  tgkill(8941, 8945, SIGURG)        = 0
8942  tgkill(8941, 8941, SIGURG)        = 0
8941  --- SIGURG {si_signo=SIGURG, si_code=SI_TKILL, si_pid=8941, si_uid=1001} ---
8945  --- SIGURG {si_signo=SIGURG, si_code=SI_TKILL, si_pid=8941, si_uid=1001} ---
8921  tgkill(8921, 8933, SIGURG)        = 0
8921  tgkill(8921, 8926, SIGURG)        = 0
8921  tgkill(8921, 8932, SIGURG)        = 0
8932  --- SIGURG {si_signo=SIGURG, si_code=SI_TKILL, si_pid=8921, si_uid=1001} ---
8921  tgkill(8921, 8932, SIGURG)        = 0
8932  --- SIGURG {si_signo=SIGURG, si_code=SI_TKILL, si_pid=8921, si_uid=1001} ---
8921  tgkill(8921, 8932, SIGURG)        = 0
8932  --- SIGURG {si_signo=SIGURG, si_code=SI_TKILL, si_pid=8921, si_uid=1001} ---
8921  tgkill(8921, 8932, SIGURG <unfinished ...>
8932  --- SIGURG {si_signo=SIGURG, si_code=SI_TKILL, si_pid=8921, si_uid=1001} ---
8921  <... tgkill resumed>)             = 0
8345  tgkill(8344, 8350, SIGURG)        = 0
8350  --- SIGURG {si_signo=SIGURG, si_code=SI_TKILL, si_pid=8344, si_uid=1001} ---
8921  tgkill(8921, 8932, SIGURG)        = 0
8933  --- SIGURG {si_signo=SIGURG, si_code=SI_TKILL, si_pid=8921, si_uid=1001} ---
8924  tgkill(8921, 8921, SIGURG)        = 0
8921  --- SIGURG {si_signo=SIGURG, si_code=SI_TKILL, si_pid=8921, si_uid=1001} ---
8932  --- SIGURG {si_signo=SIGURG, si_code=SI_TKILL, si_pid=8921, si_uid=1001} ---
8921  tgkill(8921, 8932, SIGURG)        = 0
8932  --- SIGURG {si_signo=SIGURG, si_code=SI_TKILL, si_pid=8921, si_uid=1001} ---
8921  tgkill(8921, 8932, SIGURG)        = 0
8932  --- SIGURG {si_signo=SIGURG, si_code=SI_TKILL, si_pid=8921, si_uid=1001} ---
8921  tgkill(8921, 8932, SIGURG)        = 0
8932  --- SIGURG {si_signo=SIGURG, si_code=SI_TKILL, si_pid=8921, si_uid=1001} ---
8921  tgkill(8921, 8932, SIGURG)        = 0
8932  --- SIGURG {si_signo=SIGURG, si_code=SI_TKILL, si_pid=8921, si_uid=1001} ---
8921  tgkill(8921, 8932, SIGURG <unfinished ...>
8932  --- SIGURG {si_signo=SIGURG, si_code=SI_TKILL, si_pid=8921, si_uid=1001} ---
8921  <... tgkill resumed>)             = 0
8921  tgkill(8921, 8932, SIGURG <unfinished ...>
8932  --- SIGURG {si_signo=SIGURG, si_code=SI_TKILL, si_pid=8921, si_uid=1001} ---
8926  --- SIGURG {si_signo=SIGURG, si_code=SI_TKILL, si_pid=8921, si_uid=1001} ---
8921  <... tgkill resumed>)             = 0
8932  tgkill(8921, 8921, SIGURG)        = 0
8921  --- SIGURG {si_signo=SIGURG, si_code=SI_TKILL, si_pid=8921, si_uid=1001} ---
8932  tgkill(8921, 8933, SIGURG)        = 0
8932  tgkill(8921, 8921, SIGURG)        = 0
8933  --- SIGURG {si_signo=SIGURG, si_code=SI_TKILL, si_pid=8921, si_uid=1001} ---
8921  --- SIGURG {si_signo=SIGURG, si_code=SI_TKILL, si_pid=8921, si_uid=1001} ---
8932  tgkill(8921, 8921, SIGURG)        = 0
8921  --- SIGURG {si_signo=SIGURG, si_code=SI_TKILL, si_pid=8921, si_uid=1001} ---
8942  tgkill(8941, 8946, SIGURG <unfinished ...>
8932  tgkill(8921, 8933, SIGURG)        = 0
8933  --- SIGURG {si_signo=SIGURG, si_code=SI_TKILL, si_pid=8921, si_uid=1001} ---
8942  <... tgkill resumed>)             = 0
8942  tgkill(8941, 8943, SIGURG <unfinished ...>
8932  tgkill(8921, 8921, SIGURG <unfinished ...>
8942  <... tgkill resumed>)             = 0
8932  <... tgkill resumed>)             = 0
8921  --- SIGURG {si_signo=SIGURG, si_code=SI_TKILL, si_pid=8921, si_uid=1001} ---
8943  --- SIGURG {si_signo=SIGURG, si_code=SI_TKILL, si_pid=8941, si_uid=1001} ---
8942  tgkill(8941, 8945, SIGURG <unfinished ...>
8932  tgkill(8921, 8933, SIGURG <unfinished ...>
8946  --- SIGURG {si_signo=SIGURG, si_code=SI_TKILL, si_pid=8941, si_uid=1001} ---
8945  --- SIGURG {si_signo=SIGURG, si_code=SI_TKILL, si_pid=8941, si_uid=1001} ---
8942  <... tgkill resumed>)             = 0
8933  --- SIGURG {si_signo=SIGURG, si_code=SI_TKILL, si_pid=8921, si_uid=1001} ---
8932  <... tgkill resumed>)             = 0
8345  tgkill(8344, 8362, SIGURG)        = 0
8932  tgkill(8921, 8921, SIGURG <unfinished ...>
8362  --- SIGURG {si_signo=SIGURG, si_code=SI_TKILL, si_pid=8344, si_uid=1001} ---
8932  <... tgkill resumed>)             = 0
8921  --- SIGURG {si_signo=SIGURG, si_code=SI_TKILL, si_pid=8921, si_uid=1001} ---
8932  tgkill(8921, 8933, SIGURG)        = 0
8932  tgkill(8921, 8926, SIGURG)        = 0
8926  --- SIGURG {si_signo=SIGURG, si_code=SI_TKILL, si_pid=8921, si_uid=1001} ---
8933  --- SIGURG {si_signo=SIGURG, si_code=SI_TKILL, si_pid=8921, si_uid=1001} ---
8924  tgkill(8921, 8932, SIGURG)        = 0
8932  --- SIGURG {si_signo=SIGURG, si_code=SI_TKILL, si_pid=8921, si_uid=1001} ---
8932  tgkill(8921, 8921, SIGURG)        = 0
8921  --- SIGURG {si_signo=SIGURG, si_code=SI_TKILL, si_pid=8921, si_uid=1001} ---
8932  tgkill(8921, 8926, SIGURG)        = 0
8926  --- SIGURG {si_signo=SIGURG, si_code=SI_TKILL, si_pid=8921, si_uid=1001} ---
8932  tgkill(8921, 8921, SIGURG)        = 0
8921  --- SIGURG {si_signo=SIGURG, si_code=SI_TKILL, si_pid=8921, si_uid=1001} ---
8932  tgkill(8921, 8926, SIGURG)        = 0
8926  --- SIGURG {si_signo=SIGURG, si_code=SI_TKILL, si_pid=8921, si_uid=1001} ---
8932  tgkill(8921, 8921, SIGURG)        = 0
8921  --- SIGURG {si_signo=SIGURG, si_code=SI_TKILL, si_pid=8921, si_uid=1001} ---
8932  tgkill(8921, 8926, SIGURG)        = 0
8926  --- SIGURG {si_signo=SIGURG, si_code=SI_TKILL, si_pid=8921, si_uid=1001} ---
8932  tgkill(8921, 8926, SIGURG)        = 0
8926  --- SIGURG {si_signo=SIGURG, si_code=SI_TKILL, si_pid=8921, si_uid=1001} ---
8932  tgkill(8921, 8926, SIGURG)        = 0
8926  --- SIGURG {si_signo=SIGURG, si_code=SI_TKILL, si_pid=8921, si_uid=1001} ---
8932  tgkill(8921, 8926, SIGURG)        = 0
8926  --- SIGURG {si_signo=SIGURG, si_code=SI_TKILL, si_pid=8921, si_uid=1001} ---
8932  tgkill(8921, 8926, SIGURG)        = 0
8926  --- SIGURG {si_signo=SIGURG, si_code=SI_TKILL, si_pid=8921, si_uid=1001} ---
8932  tgkill(8921, 8921, SIGURG)        = 0
8942  tgkill(8941, 8946, SIGURG <unfinished ...>
8921  --- SIGURG {si_signo=SIGURG, si_code=SI_TKILL, si_pid=8921, si_uid=1001} ---
8946  --- SIGURG {si_signo=SIGURG, si_code=SI_TKILL, si_pid=8941, si_uid=1001} ---
8942  <... tgkill resumed>)             = 0
8942  tgkill(8941, 8945, SIGURG <unfinished ...>
8932  tgkill(8921, 8933, SIGURG <unfinished ...>
8942  <... tgkill resumed>)             = 0
8932  <... tgkill resumed>)             = 0
8933  --- SIGURG {si_signo=SIGURG, si_code=SI_TKILL, si_pid=8921, si_uid=1001} ---
8942  tgkill(8941, 8941, SIGURG)        = 0
8932  tgkill(8921, 8926, SIGURG)        = 0
8926  --- SIGURG {si_signo=SIGURG, si_code=SI_TKILL, si_pid=8921, si_uid=1001} ---
8945  --- SIGURG {si_signo=SIGURG, si_code=SI_TKILL, si_pid=8941, si_uid=1001} ---
8345  tgkill(8344, 8350, SIGURG)        = 0
8350  --- SIGURG {si_signo=SIGURG, si_code=SI_TKILL, si_pid=8344, si_uid=1001} ---
8941  --- SIGURG {si_signo=SIGURG, si_code=SI_TKILL, si_pid=8941, si_uid=1001} ---
8932  tgkill(8921, 8933, SIGURG)        = 0
8932  tgkill(8921, 8926, SIGURG)        = 0
8926  --- SIGURG {si_signo=SIGURG, si_code=SI_TKILL, si_pid=8921, si_uid=1001} ---
8933  --- SIGURG {si_signo=SIGURG, si_code=SI_TKILL, si_pid=8921, si_uid=1001} ---
8350  clone(child_stack=NULL, flags=CLONE_VM|CLONE_PIDFD|CLONE_VFORK|SIGCHLD <unfinished ...>
8924  tgkill(8921, 8932, SIGURG)        = 0
8952  execve("/opt/hostedtoolcache/go/1.27.0/arm64/pkg/tool/linux_arm64/compile", ["/opt/hostedtoolcache/go/1.27.0/a"..., "-o", "/tmp/go-build3661820248/b036/_pk"..., "-trimpath", "/tmp/go-build3661820248/b036=>", "-p", "internal/fmtsort", "-lang=go1.27", "-std", "-complete", "-buildid", "bXJIl7xX0j8inw1Xh_kH/bXJIl7xX0j8"..., "-goversion", "go1.27.0", "-c=4", "-nolocalimports", "-importcfg", "/tmp/go-build3661820248/b036/imp"..., "-pack", "/opt/hostedtoolcache/go/1.27.0/a"...], 0x1051d0899208 /* 140 vars */ <unfinished ...>
8350  <... clone resumed>, parent_tid=[14]) = 8952
8932  --- SIGURG {si_signo=SIGURG, si_code=SI_TKILL, si_pid=8921, si_uid=1001} ---
8952  <... execve resumed>)             = 0
8350  waitid(P_PIDFD, 14,  <unfinished ...>
8932  tgkill(8921, 8921, SIGURG)        = 0
8924  tgkill(8921, 8932, SIGURG <unfinished ...>
8921  --- SIGURG {si_signo=SIGURG, si_code=SI_TKILL, si_pid=8921, si_uid=1001} ---
8924  <... tgkill resumed>)             = 0
8932  --- SIGURG {si_signo=SIGURG, si_code=SI_TKILL, si_pid=8921, si_uid=1001} ---
8924  tgkill(8921, 8932, SIGURG)        = 0
8932  --- SIGURG {si_signo=SIGURG, si_code=SI_TKILL, si_pid=8921, si_uid=1001} ---
8932  tgkill(8921, 8921, SIGURG)        = 0
8921  --- SIGURG {si_signo=SIGURG, si_code=SI_TKILL, si_pid=8921, si_uid=1001} ---
8932  tgkill(8921, 8926, SIGURG)        = 0
8926  --- SIGURG {si_signo=SIGURG, si_code=SI_TKILL, si_pid=8921, si_uid=1001} ---
8924  tgkill(8921, 8932, SIGURG)        = 0
8932  --- SIGURG {si_signo=SIGURG, si_code=SI_TKILL, si_pid=8921, si_uid=1001} ---
8946  tgkill(8941, 8944, SIGURG)        = 0
8944  --- SIGURG {si_signo=SIGURG, si_code=SI_TKILL, si_pid=8941, si_uid=1001} ---
8945  tgkill(8941, 8944, SIGURG)        = 0
8944  --- SIGURG {si_signo=SIGURG, si_code=SI_TKILL, si_pid=8941, si_uid=1001} ---
8952  clone(child_stack=0x3a036abf6000, flags=CLONE_VM|CLONE_FS|CLONE_FILES|CLONE_SIGHAND|CLONE_THREAD|CLONE_SYSVSEM) = 8953
8952  clone(child_stack=0x3a036ac2e000, flags=CLONE_VM|CLONE_FS|CLONE_FILES|CLONE_SIGHAND|CLONE_THREAD|CLONE_SYSVSEM) = 8954
8952  clone(child_stack=0x3a036ac2a000, flags=CLONE_VM|CLONE_FS|CLONE_FILES|CLONE_SIGHAND|CLONE_THREAD|CLONE_SYSVSEM) = 8955
8954  clone(child_stack=0x3a036ac98000, flags=CLONE_VM|CLONE_FS|CLONE_FILES|CLONE_SIGHAND|CLONE_THREAD|CLONE_SYSVSEM) = 8956
8953  tgkill(8952, 8952, SIGURG)        = 0
8952  --- SIGURG {si_signo=SIGURG, si_code=SI_TKILL, si_pid=8952, si_uid=1001} ---
8932  exit_group(0)                     = ?
8932  +++ exited with 0 +++
8927  +++ exited with 0 +++
8933  +++ exited with 0 +++
8925  +++ exited with 0 +++
8924  +++ exited with 0 +++
8944  exit_group(0)                     = ?
8946  +++ exited with 0 +++
8945  +++ exited with 0 +++
8943  +++ exited with 0 +++
8942  +++ exited with 0 +++
8944  +++ exited with 0 +++
8941  +++ exited with 0 +++
8349  <... waitid resumed>{si_signo=SIGCHLD, si_code=CLD_EXITED, si_pid=8941, si_uid=1001, si_status=0, si_utime=0, si_stime=0}, WEXITED, {ru_utime={tv_sec=0, tv_usec=283322}, ru_stime={tv_sec=0, tv_usec=46743}, ...}) = 0
8344  --- SIGCHLD {si_signo=SIGCHLD, si_code=CLD_EXITED, si_pid=8941, si_uid=1001, si_status=0, si_utime=29 /* 0.29 s */, si_stime=4 /* 0.04 s */} ---
8926  +++ exited with 0 +++
8921  +++ exited with 0 +++
8348  <... waitid resumed>{si_signo=SIGCHLD, si_code=CLD_EXITED, si_pid=8921, si_uid=1001, si_status=0, si_utime=0, si_stime=0}, WEXITED, {ru_utime={tv_sec=0, tv_usec=330691}, ru_stime={tv_sec=0, tv_usec=44958}, ...}) = 0
8351  --- SIGCHLD {si_signo=SIGCHLD, si_code=CLD_EXITED, si_pid=8921, si_uid=1001, si_status=0, si_utime=33 /* 0.33 s */, si_stime=4 /* 0.04 s */} ---
8345  tgkill(8344, 8348, SIGURG)        = 0
8348  --- SIGURG {si_signo=SIGURG, si_code=SI_TKILL, si_pid=8344, si_uid=1001} ---
8953  tgkill(8952, 8955, SIGURG <unfinished ...>
8345  tgkill(8344, 8344, SIGURG <unfinished ...>
8953  <... tgkill resumed>)             = 0
8345  <... tgkill resumed>)             = 0
8344  --- SIGURG {si_signo=SIGURG, si_code=SI_TKILL, si_pid=8344, si_uid=1001} ---
8955  --- SIGURG {si_signo=SIGURG, si_code=SI_TKILL, si_pid=8952, si_uid=1001} ---
8362  clone(child_stack=NULL, flags=CLONE_VM|CLONE_PIDFD|CLONE_VFORK|SIGCHLD <unfinished ...>
8952  exit_group(0)                     = ?
8955  +++ exited with 0 +++
8956  +++ exited with 0 +++
8953  +++ exited with 0 +++
8957  execve("/opt/hostedtoolcache/go/1.27.0/arm64/pkg/tool/linux_arm64/compile", ["/opt/hostedtoolcache/go/1.27.0/a"..., "-o", "/tmp/go-build3661820248/b065/_pk"..., "-trimpath", "/tmp/go-build3661820248/b065=>", "-p", "context", "-lang=go1.27", "-std", "-complete", "-buildid", "neroyEtyU2F73bcI4fxH/neroyEtyU2F"..., "-goversion", "go1.27.0", "-c=4", "-nolocalimports", "-importcfg", "/tmp/go-build3661820248/b065/imp"..., "-pack", "/opt/hostedtoolcache/go/1.27.0/a"...], 0x1051d0899688 /* 140 vars */ <unfinished ...>
8954  +++ exited with 0 +++
8952  +++ exited with 0 +++
8351  --- SIGCHLD {si_signo=SIGCHLD, si_code=CLD_EXITED, si_pid=8952, si_uid=1001, si_status=0, si_utime=4 /* 0.04 s */, si_stime=1 /* 0.01 s */} ---
8350  <... waitid resumed>{si_signo=SIGCHLD, si_code=CLD_EXITED, si_pid=8952, si_uid=1001, si_status=0, si_utime=0, si_stime=0}, WEXITED, {ru_utime={tv_sec=0, tv_usec=47265}, ru_stime={tv_sec=0, tv_usec=16398}, ...}) = 0
8362  <... clone resumed>, parent_tid=[16]) = 8957
8957  <... execve resumed>)             = 0
8362  waitid(P_PIDFD, 16,  <unfinished ...>
8344  clone(child_stack=NULL, flags=CLONE_VM|CLONE_PIDFD|CLONE_VFORK|SIGCHLD <unfinished ...>
8958  execve("/opt/hostedtoolcache/go/1.27.0/arm64/pkg/tool/linux_arm64/compile", ["/opt/hostedtoolcache/go/1.27.0/a"..., "-o", "/tmp/go-build3661820248/b052/_pk"..., "-trimpath", "/tmp/go-build3661820248/b052=>", "-p", "io/fs", "-lang=go1.27", "-std", "-complete", "-buildid", "XfXyk1EAE5wtdjKCVuO_/XfXyk1EAE5w"..., "-goversion", "go1.27.0", "-c=4", "-nolocalimports", "-importcfg", "/tmp/go-build3661820248/b052/imp"..., "-pack", "/opt/hostedtoolcache/go/1.27.0/a"..., "/opt/hostedtoolcache/go/1.27.0/a"..., "/opt/hostedtoolcache/go/1.27.0/a"..., "/opt/hostedtoolcache/go/1.27.0/a"..., "/opt/hostedtoolcache/go/1.27.0/a"..., "/opt/hostedtoolcache/go/1.27.0/a"..., "/opt/hostedtoolcache/go/1.27.0/a"..., "/opt/hostedtoolcache/go/1.27.0/a"..., "/opt/hostedtoolcache/go/1.27.0/a"...], 0x1051d09da008 /* 140 vars */ <unfinished ...>
8344  <... clone resumed>, parent_tid=[13]) = 8958
8958  <... execve resumed>)             = 0
8344  waitid(P_PIDFD, 13,  <unfinished ...>
8348  tgkill(8344, 8349, SIGURG)        = 0
8349  --- SIGURG {si_signo=SIGURG, si_code=SI_TKILL, si_pid=8344, si_uid=1001} ---
8348  tgkill(8344, 8351, SIGURG)        = 0
8351  --- SIGURG {si_signo=SIGURG, si_code=SI_TKILL, si_pid=8344, si_uid=1001} ---
8957  clone(child_stack=0x79e8d7f58000, flags=CLONE_VM|CLONE_FS|CLONE_FILES|CLONE_SIGHAND|CLONE_THREAD|CLONE_SYSVSEM) = 8959
8957  clone(child_stack=0x79e8d7f90000, flags=CLONE_VM|CLONE_FS|CLONE_FILES|CLONE_SIGHAND|CLONE_THREAD|CLONE_SYSVSEM) = 8960
8959  tgkill(8957, 8957, SIGURG)        = 0
8957  --- SIGURG {si_signo=SIGURG, si_code=SI_TKILL, si_pid=8957, si_uid=1001} ---
8957  clone(child_stack=0x79e8d7f8c000, flags=CLONE_VM|CLONE_FS|CLONE_FILES|CLONE_SIGHAND|CLONE_THREAD|CLONE_SYSVSEM) = 8961
8348  clone(child_stack=NULL, flags=CLONE_VM|CLONE_PIDFD|CLONE_VFORK|SIGCHLD <unfinished ...>
8960  clone(child_stack=0x79e8d8018000, flags=CLONE_VM|CLONE_FS|CLONE_FILES|CLONE_SIGHAND|CLONE_THREAD|CLONE_SYSVSEM) = 8963
8960  clone(child_stack=0x79e8d8014000, flags=CLONE_VM|CLONE_FS|CLONE_FILES|CLONE_SIGHAND|CLONE_THREAD|CLONE_SYSVSEM) = 8964
8958  clone(child_stack=0x6c8e106a2000, flags=CLONE_VM|CLONE_FS|CLONE_FILES|CLONE_SIGHAND|CLONE_THREAD|CLONE_SYSVSEM) = 8965
8962  execve("/opt/hostedtoolcache/go/1.27.0/arm64/pkg/tool/linux_arm64/compile", ["/opt/hostedtoolcache/go/1.27.0/a"..., "-o", "/tmp/go-build3661820248/b057/_pk"..., "-trimpath", "/tmp/go-build3661820248/b057=>", "-p", "internal/poll", "-lang=go1.27", "-std", "-buildid", "We0-VzKM63obpJks_FOe/We0-VzKM63o"..., "-goversion", "go1.27.0", "-c=4", "-nolocalimports", "-importcfg", "/tmp/go-build3661820248/b057/imp"..., "-pack", "/opt/hostedtoolcache/go/1.27.0/a"..., "/opt/hostedtoolcache/go/1.27.0/a"..., "/opt/hostedtoolcache/go/1.27.0/a"..., "/opt/hostedtoolcache/go/1.27.0/a"..., "/opt/hostedtoolcache/go/1.27.0/a"..., "/opt/hostedtoolcache/go/1.27.0/a"..., "/opt/hostedtoolcache/go/1.27.0/a"..., "/opt/hostedtoolcache/go/1.27.0/a"..., "/opt/hostedtoolcache/go/1.27.0/a"..., "/opt/hostedtoolcache/go/1.27.0/a"..., "/opt/hostedtoolcache/go/1.27.0/a"..., "/opt/hostedtoolcache/go/1.27.0/a"..., "/opt/hostedtoolcache/go/1.27.0/a"..., "/opt/hostedtoolcache/go/1.27.0/a"..., ...], 0x1051d0899208 /* 140 vars */ <unfinished ...>
8958  clone(child_stack=0x6c8e106da000, flags=CLONE_VM|CLONE_FS|CLONE_FILES|CLONE_SIGHAND|CLONE_THREAD|CLONE_SYSVSEM) = 8966
8965  tgkill(8958, 8958, SIGURG)        = 0
8958  clone(child_stack=0x6c8e106d6000, flags=CLONE_VM|CLONE_FS|CLONE_FILES|CLONE_SIGHAND|CLONE_THREAD|CLONE_SYSVSEM <unfinished ...>
8348  <... clone resumed>, parent_tid=[14]) = 8962
8962  <... execve resumed>)             = 0
8958  <... clone resumed>)              = 8967
8958  --- SIGURG {si_signo=SIGURG, si_code=SI_TKILL, si_pid=8958, si_uid=1001} ---
8348  waitid(P_PIDFD, 14,  <unfinished ...>
8966  clone(child_stack=0x6c8e10718000, flags=CLONE_VM|CLONE_FS|CLONE_FILES|CLONE_SIGHAND|CLONE_THREAD|CLONE_SYSVSEM) = 8968
8965  clone(child_stack=0x6c8e10ac0000, flags=CLONE_VM|CLONE_FS|CLONE_FILES|CLONE_SIGHAND|CLONE_THREAD|CLONE_SYSVSEM) = 8969
8962  clone(child_stack=0x4874bd7a000, flags=CLONE_VM|CLONE_FS|CLONE_FILES|CLONE_SIGHAND|CLONE_THREAD|CLONE_SYSVSEM) = 8970
8962  clone(child_stack=0x4874bdb2000, flags=CLONE_VM|CLONE_FS|CLONE_FILES|CLONE_SIGHAND|CLONE_THREAD|CLONE_SYSVSEM) = 8971
8962  clone(child_stack=0x4874bdae000, flags=CLONE_VM|CLONE_FS|CLONE_FILES|CLONE_SIGHAND|CLONE_THREAD|CLONE_SYSVSEM) = 8972
8971  clone(child_stack=0x4874be18000, flags=CLONE_VM|CLONE_FS|CLONE_FILES|CLONE_SIGHAND|CLONE_THREAD|CLONE_SYSVSEM) = 8973
8959  tgkill(8957, 8957, SIGURG)        = 0
8957  --- SIGURG {si_signo=SIGURG, si_code=SI_TKILL, si_pid=8957, si_uid=1001} ---
8970  tgkill(8962, 8972, SIGURG)        = 0
8972  --- SIGURG {si_signo=SIGURG, si_code=SI_TKILL, si_pid=8962, si_uid=1001} ---
8965  tgkill(8958, 8958, SIGURG)        = 0
8958  --- SIGURG {si_signo=SIGURG, si_code=SI_TKILL, si_pid=8958, si_uid=1001} ---
8970  tgkill(8962, 8973, SIGURG)        = 0
8973  --- SIGURG {si_signo=SIGURG, si_code=SI_TKILL, si_pid=8962, si_uid=1001} ---
8959  tgkill(8957, 8964, SIGURG)        = 0
8964  --- SIGURG {si_signo=SIGURG, si_code=SI_TKILL, si_pid=8957, si_uid=1001} ---
8959  tgkill(8957, 8964, SIGURG)        = 0
8964  --- SIGURG {si_signo=SIGURG, si_code=SI_TKILL, si_pid=8957, si_uid=1001} ---
8959  tgkill(8957, 8957, SIGURG)        = 0
8957  --- SIGURG {si_signo=SIGURG, si_code=SI_TKILL, si_pid=8957, si_uid=1001} ---
8959  tgkill(8957, 8960, SIGURG)        = 0
8960  --- SIGURG {si_signo=SIGURG, si_code=SI_TKILL, si_pid=8957, si_uid=1001} ---
8965  tgkill(8958, 8958, SIGURG)        = 0
8958  --- SIGURG {si_signo=SIGURG, si_code=SI_TKILL, si_pid=8958, si_uid=1001} ---
8965  tgkill(8958, 8969, SIGURG <unfinished ...>
8970  tgkill(8962, 8973, SIGURG)        = 0
8959  tgkill(8957, 8961, SIGURG)        = 0
8973  --- SIGURG {si_signo=SIGURG, si_code=SI_TKILL, si_pid=8962, si_uid=1001} ---
8961  --- SIGURG {si_signo=SIGURG, si_code=SI_TKILL, si_pid=8957, si_uid=1001} ---
8969  --- SIGURG {si_signo=SIGURG, si_code=SI_TKILL, si_pid=8958, si_uid=1001} ---
8965  <... tgkill resumed>)             = 0
8965  tgkill(8958, 8968, SIGURG <unfinished ...>
8968  --- SIGURG {si_signo=SIGURG, si_code=SI_TKILL, si_pid=8958, si_uid=1001} ---
8965  <... tgkill resumed>)             = 0
8965  tgkill(8958, 8966, SIGURG)        = 0
8966  --- SIGURG {si_signo=SIGURG, si_code=SI_TKILL, si_pid=8958, si_uid=1001} ---
8961  exit_group(0)                     = ?
8961  +++ exited with 0 +++
8964  +++ exited with 0 +++
8959  +++ exited with 0 +++
8960  +++ exited with 0 +++
8963  +++ exited with 0 +++
8957  +++ exited with 0 +++
8349  --- SIGCHLD {si_signo=SIGCHLD, si_code=CLD_EXITED, si_pid=8957, si_uid=1001, si_status=0, si_utime=6 /* 0.06 s */, si_stime=1 /* 0.01 s */} ---
8362  <... waitid resumed>{si_signo=SIGCHLD, si_code=CLD_EXITED, si_pid=8957, si_uid=1001, si_status=0, si_utime=0, si_stime=0}, WEXITED, {ru_utime={tv_sec=0, tv_usec=57685}, ru_stime={tv_sec=0, tv_usec=14421}, ...}) = 0
8969  exit_group(0)                     = ?
8969  +++ exited with 0 +++
8968  +++ exited with 0 +++
8967  +++ exited with 0 +++
8966  +++ exited with 0 +++
8970  tgkill(8962, 8971, SIGURG)        = 0
8971  --- SIGURG {si_signo=SIGURG, si_code=SI_TKILL, si_pid=8962, si_uid=1001} ---
8965  +++ exited with 0 +++
8958  +++ exited with 0 +++
8362  --- SIGCHLD {si_signo=SIGCHLD, si_code=CLD_EXITED, si_pid=8958, si_uid=1001, si_status=0, si_utime=6 /* 0.06 s */, si_stime=1 /* 0.01 s */} ---
8344  <... waitid resumed>{si_signo=SIGCHLD, si_code=CLD_EXITED, si_pid=8958, si_uid=1001, si_status=0, si_utime=0, si_stime=0}, WEXITED, {ru_utime={tv_sec=0, tv_usec=72713}, ru_stime={tv_sec=0, tv_usec=20317}, ...}) = 0
8970  tgkill(8962, 8973, SIGURG)        = 0
8973  --- SIGURG {si_signo=SIGURG, si_code=SI_TKILL, si_pid=8962, si_uid=1001} ---
8345  tgkill(8344, 8362, SIGURG)        = 0
8362  --- SIGURG {si_signo=SIGURG, si_code=SI_TKILL, si_pid=8344, si_uid=1001} ---
8970  tgkill(8962, 8962, SIGURG)        = 0
8970  tgkill(8962, 8972, SIGURG)        = 0
8972  --- SIGURG {si_signo=SIGURG, si_code=SI_TKILL, si_pid=8962, si_uid=1001} ---
8970  tgkill(8962, 8971, SIGURG)        = 0
8971  --- SIGURG {si_signo=SIGURG, si_code=SI_TKILL, si_pid=8962, si_uid=1001} ---
8962  --- SIGURG {si_signo=SIGURG, si_code=SI_TKILL, si_pid=8962, si_uid=1001} ---
8345  tgkill(8344, 8349, SIGURG)        = 0
8349  --- SIGURG {si_signo=SIGURG, si_code=SI_TKILL, si_pid=8344, si_uid=1001} ---
8973  clone(child_stack=0x4874be14000, flags=CLONE_VM|CLONE_FS|CLONE_FILES|CLONE_SIGHAND|CLONE_THREAD|CLONE_SYSVSEM) = 8974
8362  clone(child_stack=NULL, flags=CLONE_VM|CLONE_PIDFD|CLONE_VFORK|SIGCHLD <unfinished ...>
8975  execve("/opt/hostedtoolcache/go/1.27.0/arm64/pkg/tool/linux_arm64/compile", ["/opt/hostedtoolcache/go/1.27.0/a"..., "-o", "/tmp/go-build3661820248/b051/_pk"..., "-trimpath", "/tmp/go-build3661820248/b051=>", "-p", "internal/filepathlite", "-lang=go1.27", "-std", "-complete", "-buildid", "ji6P444Xw9onfsTBz3lJ/ji6P444Xw9o"..., "-goversion", "go1.27.0", "-c=4", "-nolocalimports", "-importcfg", "/tmp/go-build3661820248/b051/imp"..., "-pack", "/opt/hostedtoolcache/go/1.27.0/a"..., "/opt/hostedtoolcache/go/1.27.0/a"..., "/opt/hostedtoolcache/go/1.27.0/a"...], 0x1051d0899688 /* 140 vars */ <unfinished ...>
8362  <... clone resumed>, parent_tid=[13]) = 8975
8975  <... execve resumed>)             = 0
8362  waitid(P_PIDFD, 13,  <unfinished ...>
8975  clone(child_stack=0x5f267c2f0000, flags=CLONE_VM|CLONE_FS|CLONE_FILES|CLONE_SIGHAND|CLONE_THREAD|CLONE_SYSVSEM) = 8976
8975  clone(child_stack=0x5f267c328000, flags=CLONE_VM|CLONE_FS|CLONE_FILES|CLONE_SIGHAND|CLONE_THREAD|CLONE_SYSVSEM) = 8977
8976  tgkill(8975, 8975, SIGURG)        = 0
8975  clone(child_stack=0x5f267c324000, flags=CLONE_VM|CLONE_FS|CLONE_FILES|CLONE_SIGHAND|CLONE_THREAD|CLONE_SYSVSEM) = 8978
8975  --- SIGURG {si_signo=SIGURG, si_code=SI_TKILL, si_pid=8975, si_uid=1001} ---
8977  clone(child_stack=0x5f267c398000, flags=CLONE_VM|CLONE_FS|CLONE_FILES|CLONE_SIGHAND|CLONE_THREAD|CLONE_SYSVSEM) = 8979
8970  tgkill(8962, 8972, SIGURG)        = 0
8972  --- SIGURG {si_signo=SIGURG, si_code=SI_TKILL, si_pid=8962, si_uid=1001} ---
8973  exit_group(0)                     = ?
8974  +++ exited with 0 +++
8972  +++ exited with 0 +++
8971  +++ exited with 0 +++
8970  +++ exited with 0 +++
8976  tgkill(8975, 8977, SIGURG)        = 0
8977  --- SIGURG {si_signo=SIGURG, si_code=SI_TKILL, si_pid=8975, si_uid=1001} ---
8973  +++ exited with 0 +++
8962  +++ exited with 0 +++
8344  --- SIGCHLD {si_signo=SIGCHLD, si_code=CLD_EXITED, si_pid=8962, si_uid=1001, si_status=0, si_utime=16 /* 0.16 s */, si_stime=2 /* 0.02 s */} ---
8348  <... waitid resumed>{si_signo=SIGCHLD, si_code=CLD_EXITED, si_pid=8962, si_uid=1001, si_status=0, si_utime=0, si_stime=0}, WEXITED, {ru_utime={tv_sec=0, tv_usec=160822}, ru_stime={tv_sec=0, tv_usec=27927}, ...}) = 0
8977  exit_group(0)                     = ?
8977  +++ exited with 0 +++
8978  +++ exited with 0 +++
8976  +++ exited with 0 +++
8979  +++ exited with 0 +++
8975  +++ exited with 0 +++
8362  <... waitid resumed>{si_signo=SIGCHLD, si_code=CLD_EXITED, si_pid=8975, si_uid=1001, si_status=0, si_utime=0, si_stime=0}, WEXITED, {ru_utime={tv_sec=0, tv_usec=29725}, ru_stime={tv_sec=0, tv_usec=8807}, ...}) = 0
8344  --- SIGCHLD {si_signo=SIGCHLD, si_code=CLD_EXITED, si_pid=8975, si_uid=1001, si_status=0, si_utime=2 /* 0.02 s */, si_stime=0} ---
8348  clone(child_stack=NULL, flags=CLONE_VM|CLONE_PIDFD|CLONE_VFORK|SIGCHLD <unfinished ...>
8980  execve("/opt/hostedtoolcache/go/1.27.0/arm64/pkg/tool/linux_arm64/compile", ["/opt/hostedtoolcache/go/1.27.0/a"..., "-o", "/tmp/go-build3661820248/b050/_pk"..., "-trimpath", "/tmp/go-build3661820248/b050=>", "-p", "os", "-lang=go1.27", "-std", "-buildid", "PXY6R2DVbnB3eGvhlze4/PXY6R2DVbnB"..., "-goversion", "go1.27.0", "-c=4", "-nolocalimports", "-importcfg", "/tmp/go-build3661820248/b050/imp"..., "-pack", "/opt/hostedtoolcache/go/1.27.0/a"..., "/opt/hostedtoolcache/go/1.27.0/a"..., "/opt/hostedtoolcache/go/1.27.0/a"..., "/opt/hostedtoolcache/go/1.27.0/a"..., "/opt/hostedtoolcache/go/1.27.0/a"..., "/opt/hostedtoolcache/go/1.27.0/a"..., "/opt/hostedtoolcache/go/1.27.0/a"..., "/opt/hostedtoolcache/go/1.27.0/a"..., "/opt/hostedtoolcache/go/1.27.0/a"..., "/opt/hostedtoolcache/go/1.27.0/a"..., "/opt/hostedtoolcache/go/1.27.0/a"..., "/opt/hostedtoolcache/go/1.27.0/a"..., "/opt/hostedtoolcache/go/1.27.0/a"..., "/opt/hostedtoolcache/go/1.27.0/a"..., ...], 0x1051d0899208 /* 140 vars */ <unfinished ...>
8348  <... clone resumed>, parent_tid=[12]) = 8980
8980  <... execve resumed>)             = 0
8348  waitid(P_PIDFD, 12,  <unfinished ...>
8980  clone(child_stack=0x1c618fa000, flags=CLONE_VM|CLONE_FS|CLONE_FILES|CLONE_SIGHAND|CLONE_THREAD|CLONE_SYSVSEM) = 8981
8980  clone(child_stack=0x1c61932000, flags=CLONE_VM|CLONE_FS|CLONE_FILES|CLONE_SIGHAND|CLONE_THREAD|CLONE_SYSVSEM) = 8982
8981  tgkill(8980, 8980, SIGURG <unfinished ...>
8980  clone(child_stack=0x1c6192e000, flags=CLONE_VM|CLONE_FS|CLONE_FILES|CLONE_SIGHAND|CLONE_THREAD|CLONE_SYSVSEM <unfinished ...>
8981  <... tgkill resumed>)             = 0
8980  <... clone resumed>)              = 8983
8980  --- SIGURG {si_signo=SIGURG, si_code=SI_TKILL, si_pid=8980, si_uid=1001} ---
8982  clone(child_stack=0x1c61998000, flags=CLONE_VM|CLONE_FS|CLONE_FILES|CLONE_SIGHAND|CLONE_THREAD|CLONE_SYSVSEM) = 8984
8983  clone(child_stack=0x1c61994000, flags=CLONE_VM|CLONE_FS|CLONE_FILES|CLONE_SIGHAND|CLONE_THREAD|CLONE_SYSVSEM) = 8985
8981  tgkill(8980, 8984, SIGURG <unfinished ...>
8984  --- SIGURG {si_signo=SIGURG, si_code=SI_TKILL, si_pid=8980, si_uid=1001} ---
8981  <... tgkill resumed>)             = 0
8981  tgkill(8980, 8984, SIGURG <unfinished ...>
8984  --- SIGURG {si_signo=SIGURG, si_code=SI_TKILL, si_pid=8980, si_uid=1001} ---
8981  <... tgkill resumed>)             = 0
8981  tgkill(8980, 8984, SIGURG)        = 0
8984  --- SIGURG {si_signo=SIGURG, si_code=SI_TKILL, si_pid=8980, si_uid=1001} ---
8981  tgkill(8980, 8985, SIGURG)        = 0
8985  --- SIGURG {si_signo=SIGURG, si_code=SI_TKILL, si_pid=8980, si_uid=1001} ---
8981  tgkill(8980, 8982, SIGURG)        = 0
8982  --- SIGURG {si_signo=SIGURG, si_code=SI_TKILL, si_pid=8980, si_uid=1001} ---
8981  tgkill(8980, 8984, SIGURG <unfinished ...>
8984  --- SIGURG {si_signo=SIGURG, si_code=SI_TKILL, si_pid=8980, si_uid=1001} ---
8981  <... tgkill resumed>)             = 0
8981  tgkill(8980, 8985, SIGURG)        = 0
8985  --- SIGURG {si_signo=SIGURG, si_code=SI_TKILL, si_pid=8980, si_uid=1001} ---
8981  tgkill(8980, 8980, SIGURG)        = 0
8980  --- SIGURG {si_signo=SIGURG, si_code=SI_TKILL, si_pid=8980, si_uid=1001} ---
8984  tgkill(8980, 8985, SIGURG)        = 0
8985  --- SIGURG {si_signo=SIGURG, si_code=SI_TKILL, si_pid=8980, si_uid=1001} ---
8984  tgkill(8980, 8982, SIGURG)        = 0
8982  --- SIGURG {si_signo=SIGURG, si_code=SI_TKILL, si_pid=8980, si_uid=1001} ---
8984  tgkill(8980, 8982, SIGURG)        = 0
8982  --- SIGURG {si_signo=SIGURG, si_code=SI_TKILL, si_pid=8980, si_uid=1001} ---
8984  tgkill(8980, 8985, SIGURG)        = 0
8985  --- SIGURG {si_signo=SIGURG, si_code=SI_TKILL, si_pid=8980, si_uid=1001} ---
8984  tgkill(8980, 8982, SIGURG)        = 0
8982  --- SIGURG {si_signo=SIGURG, si_code=SI_TKILL, si_pid=8980, si_uid=1001} ---
8984  tgkill(8980, 8980, SIGURG)        = 0
8980  --- SIGURG {si_signo=SIGURG, si_code=SI_TKILL, si_pid=8980, si_uid=1001} ---
8980  tgkill(8980, 8984, SIGURG)        = 0
8984  --- SIGURG {si_signo=SIGURG, si_code=SI_TKILL, si_pid=8980, si_uid=1001} ---
8980  tgkill(8980, 8985, SIGURG)        = 0
8985  --- SIGURG {si_signo=SIGURG, si_code=SI_TKILL, si_pid=8980, si_uid=1001} ---
8980  tgkill(8980, 8982, SIGURG)        = 0
8982  --- SIGURG {si_signo=SIGURG, si_code=SI_TKILL, si_pid=8980, si_uid=1001} ---
8980  tgkill(8980, 8984, SIGURG)        = 0
8984  --- SIGURG {si_signo=SIGURG, si_code=SI_TKILL, si_pid=8980, si_uid=1001} ---
8980  tgkill(8980, 8985, SIGURG)        = 0
8985  --- SIGURG {si_signo=SIGURG, si_code=SI_TKILL, si_pid=8980, si_uid=1001} ---
8980  tgkill(8980, 8982, SIGURG)        = 0
8982  --- SIGURG {si_signo=SIGURG, si_code=SI_TKILL, si_pid=8980, si_uid=1001} ---
8980  tgkill(8980, 8984, SIGURG)        = 0
8984  --- SIGURG {si_signo=SIGURG, si_code=SI_TKILL, si_pid=8980, si_uid=1001} ---
8980  tgkill(8980, 8985, SIGURG)        = 0
8985  --- SIGURG {si_signo=SIGURG, si_code=SI_TKILL, si_pid=8980, si_uid=1001} ---
8980  tgkill(8980, 8982, SIGURG)        = 0
8982  --- SIGURG {si_signo=SIGURG, si_code=SI_TKILL, si_pid=8980, si_uid=1001} ---
8980  tgkill(8980, 8984, SIGURG)        = 0
8984  --- SIGURG {si_signo=SIGURG, si_code=SI_TKILL, si_pid=8980, si_uid=1001} ---
8980  tgkill(8980, 8985, SIGURG)        = 0
8985  --- SIGURG {si_signo=SIGURG, si_code=SI_TKILL, si_pid=8980, si_uid=1001} ---
8980  tgkill(8980, 8982, SIGURG)        = 0
8982  --- SIGURG {si_signo=SIGURG, si_code=SI_TKILL, si_pid=8980, si_uid=1001} ---
8981  tgkill(8980, 8984, SIGURG)        = 0
8984  --- SIGURG {si_signo=SIGURG, si_code=SI_TKILL, si_pid=8980, si_uid=1001} ---
8981  tgkill(8980, 8985, SIGURG)        = 0
8985  --- SIGURG {si_signo=SIGURG, si_code=SI_TKILL, si_pid=8980, si_uid=1001} ---
8981  tgkill(8980, 8980, SIGURG)        = 0
8980  --- SIGURG {si_signo=SIGURG, si_code=SI_TKILL, si_pid=8980, si_uid=1001} ---
8981  tgkill(8980, 8982, SIGURG)        = 0
8982  --- SIGURG {si_signo=SIGURG, si_code=SI_TKILL, si_pid=8980, si_uid=1001} ---
8981  tgkill(8980, 8985, SIGURG)        = 0
8985  --- SIGURG {si_signo=SIGURG, si_code=SI_TKILL, si_pid=8980, si_uid=1001} ---
8981  tgkill(8980, 8984, SIGURG)        = 0
8984  --- SIGURG {si_signo=SIGURG, si_code=SI_TKILL, si_pid=8980, si_uid=1001} ---
8981  tgkill(8980, 8980, SIGURG)        = 0
8980  --- SIGURG {si_signo=SIGURG, si_code=SI_TKILL, si_pid=8980, si_uid=1001} ---
8981  tgkill(8980, 8985, SIGURG)        = 0
8985  --- SIGURG {si_signo=SIGURG, si_code=SI_TKILL, si_pid=8980, si_uid=1001} ---
8981  tgkill(8980, 8980, SIGURG)        = 0
8980  --- SIGURG {si_signo=SIGURG, si_code=SI_TKILL, si_pid=8980, si_uid=1001} ---
8980  exit_group(0)                     = ?
8985  +++ exited with 0 +++
8984  +++ exited with 0 +++
8983  +++ exited with 0 +++
8981  +++ exited with 0 +++
8982  +++ exited with 0 +++
8980  +++ exited with 0 +++
8362  --- SIGCHLD {si_signo=SIGCHLD, si_code=CLD_EXITED, si_pid=8980, si_uid=1001, si_status=0, si_utime=43 /* 0.43 s */, si_stime=4 /* 0.04 s */} ---
8348  <... waitid resumed>{si_signo=SIGCHLD, si_code=CLD_EXITED, si_pid=8980, si_uid=1001, si_status=0, si_utime=0, si_stime=0}, WEXITED, {ru_utime={tv_sec=0, tv_usec=438705}, ru_stime={tv_sec=0, tv_usec=49645}, ...}) = 0
8348  clone(child_stack=NULL, flags=CLONE_VM|CLONE_PIDFD|CLONE_VFORK|SIGCHLD <unfinished ...>
8362  clone(child_stack=NULL, flags=CLONE_VM|CLONE_PIDFD|CLONE_VFORK|SIGCHLD <unfinished ...>
8986  execve("/opt/hostedtoolcache/go/1.27.0/arm64/pkg/tool/linux_arm64/compile", ["/opt/hostedtoolcache/go/1.27.0/a"..., "-o", "/tmp/go-build3661820248/b068/_pk"..., "-trimpath", "/tmp/go-build3661820248/b068=>", "-p", "path/filepath", "-lang=go1.27", "-std", "-complete", "-buildid", "KRq8P8x4qi54BVYr6wAc/KRq8P8x4qi5"..., "-goversion", "go1.27.0", "-c=4", "-nolocalimports", "-importcfg", "/tmp/go-build3661820248/b068/imp"..., "-pack", "/opt/hostedtoolcache/go/1.27.0/a"..., "/opt/hostedtoolcache/go/1.27.0/a"..., "/opt/hostedtoolcache/go/1.27.0/a"..., "/opt/hostedtoolcache/go/1.27.0/a"..., "/opt/hostedtoolcache/go/1.27.0/a"...], 0x1051d0899688 /* 140 vars */ <unfinished ...>
8348  <... clone resumed>, parent_tid=[15]) = 8986
8987  execve("/opt/hostedtoolcache/go/1.27.0/arm64/pkg/tool/linux_arm64/compile", ["/opt/hostedtoolcache/go/1.27.0/a"..., "-o", "/tmp/go-build3661820248/b002/_pk"..., "-trimpath", "/tmp/go-build3661820248/b002=>", "-p", "fmt", "-lang=go1.27", "-std", "-complete", "-buildid", "whCcI_TTDhGKC2tXq26h/whCcI_TTDhG"..., "-goversion", "go1.27.0", "-c=4", "-nolocalimports", "-importcfg", "/tmp/go-build3661820248/b002/imp"..., "-pack", "/opt/hostedtoolcache/go/1.27.0/a"..., "/opt/hostedtoolcache/go/1.27.0/a"..., "/opt/hostedtoolcache/go/1.27.0/a"..., "/opt/hostedtoolcache/go/1.27.0/a"..., "/opt/hostedtoolcache/go/1.27.0/a"...], 0x1051d09da008 /* 140 vars */ <unfinished ...>
8986  <... execve resumed>)             = 0
8362  <... clone resumed>, parent_tid=[18]) = 8987
8987  <... execve resumed>)             = 0
8362  waitid(P_PIDFD, 18,  <unfinished ...>
8348  waitid(P_PIDFD, 15,  <unfinished ...>
8987  clone(child_stack=0x2a86e7678000, flags=CLONE_VM|CLONE_FS|CLONE_FILES|CLONE_SIGHAND|CLONE_THREAD|CLONE_SYSVSEM <unfinished ...>
8986  clone(child_stack=0x5bb180e46000, flags=CLONE_VM|CLONE_FS|CLONE_FILES|CLONE_SIGHAND|CLONE_THREAD|CLONE_SYSVSEM <unfinished ...>
8987  <... clone resumed>)              = 8989
8986  <... clone resumed>)              = 8988
8987  clone(child_stack=0x2a86e76b0000, flags=CLONE_VM|CLONE_FS|CLONE_FILES|CLONE_SIGHAND|CLONE_THREAD|CLONE_SYSVSEM <unfinished ...>
8986  clone(child_stack=0x5bb180e7e000, flags=CLONE_VM|CLONE_FS|CLONE_FILES|CLONE_SIGHAND|CLONE_THREAD|CLONE_SYSVSEM <unfinished ...>
8987  <... clone resumed>)              = 8990
8988  tgkill(8986, 8986, SIGURG <unfinished ...>
8986  <... clone resumed>)              = 8991
8989  tgkill(8987, 8987, SIGURG <unfinished ...>
8988  <... tgkill resumed>)             = 0
8989  <... tgkill resumed>)             = 0
8986  --- SIGURG {si_signo=SIGURG, si_code=SI_TKILL, si_pid=8986, si_uid=1001} ---
8987  clone(child_stack=0x2a86e76ac000, flags=CLONE_VM|CLONE_FS|CLONE_FILES|CLONE_SIGHAND|CLONE_THREAD|CLONE_SYSVSEM) = 8992
8987  --- SIGURG {si_signo=SIGURG, si_code=SI_TKILL, si_pid=8987, si_uid=1001} ---
8986  clone(child_stack=0x5bb180e7a000, flags=CLONE_VM|CLONE_FS|CLONE_FILES|CLONE_SIGHAND|CLONE_THREAD|CLONE_SYSVSEM) = 8993
8991  clone(child_stack=0x5bb180ea0000, flags=CLONE_VM|CLONE_FS|CLONE_FILES|CLONE_SIGHAND|CLONE_THREAD|CLONE_SYSVSEM <unfinished ...>
8990  clone(child_stack=0x2a86e7718000, flags=CLONE_VM|CLONE_FS|CLONE_FILES|CLONE_SIGHAND|CLONE_THREAD|CLONE_SYSVSEM) = 8994
8991  <... clone resumed>)              = 8995
8986  clone(child_stack=0x5bb180e9c000, flags=CLONE_VM|CLONE_FS|CLONE_FILES|CLONE_SIGHAND|CLONE_THREAD|CLONE_SYSVSEM) = 8996
8988  tgkill(8986, 8986, SIGURG)        = 0
8986  --- SIGURG {si_signo=SIGURG, si_code=SI_TKILL, si_pid=8986, si_uid=1001} ---
8989  tgkill(8987, 8994, SIGURG)        = 0
8994  --- SIGURG {si_signo=SIGURG, si_code=SI_TKILL, si_pid=8987, si_uid=1001} ---
8988  tgkill(8986, 8995, SIGURG <unfinished ...>
8995  --- SIGURG {si_signo=SIGURG, si_code=SI_TKILL, si_pid=8986, si_uid=1001} ---
8988  <... tgkill resumed>)             = 0
8989  tgkill(8987, 8994, SIGURG <unfinished ...>
8994  --- SIGURG {si_signo=SIGURG, si_code=SI_TKILL, si_pid=8987, si_uid=1001} ---
8989  <... tgkill resumed>)             = 0
8988  tgkill(8986, 8991, SIGURG <unfinished ...>
8991  --- SIGURG {si_signo=SIGURG, si_code=SI_TKILL, si_pid=8986, si_uid=1001} ---
8988  <... tgkill resumed>)             = 0
8991  exit_group(0)                     = ?
8996  +++ exited with 0 +++
8995  +++ exited with 0 +++
8993  +++ exited with 0 +++
8988  +++ exited with 0 +++
8991  +++ exited with 0 +++
8986  +++ exited with 0 +++
8349  --- SIGCHLD {si_signo=SIGCHLD, si_code=CLD_EXITED, si_pid=8986, si_uid=1001, si_status=0, si_utime=6 /* 0.06 s */, si_stime=2 /* 0.02 s */} ---
8348  <... waitid resumed>{si_signo=SIGCHLD, si_code=CLD_EXITED, si_pid=8986, si_uid=1001, si_status=0, si_utime=0, si_stime=0}, WEXITED, {ru_utime={tv_sec=0, tv_usec=60860}, ru_stime={tv_sec=0, tv_usec=19954}, ...}) = 0
8989  tgkill(8987, 8987, SIGURG)        = 0
8987  --- SIGURG {si_signo=SIGURG, si_code=SI_TKILL, si_pid=8987, si_uid=1001} ---
8349  clone(child_stack=NULL, flags=CLONE_VM|CLONE_PIDFD|CLONE_VFORK|SIGCHLD <unfinished ...>
8997  execve("/opt/hostedtoolcache/go/1.27.0/arm64/pkg/tool/linux_arm64/compile", ["/opt/hostedtoolcache/go/1.27.0/a"..., "-o", "/tmp/go-build3661820248/b064/_pk"..., "-trimpath", "/tmp/go-build3661820248/b064=>", "-p", "os/exec", "-lang=go1.27", "-std", "-complete", "-buildid", "WGXMEnifNKtpl8907z7B/WGXMEnifNKt"..., "-goversion", "go1.27.0", "-c=4", "-nolocalimports", "-importcfg", "/tmp/go-build3661820248/b064/imp"..., "-pack", "/opt/hostedtoolcache/go/1.27.0/a"..., "/opt/hostedtoolcache/go/1.27.0/a"..., "/opt/hostedtoolcache/go/1.27.0/a"..., "/opt/hostedtoolcache/go/1.27.0/a"...], 0x1051d0899b08 /* 140 vars */ <unfinished ...>
8349  <... clone resumed>, parent_tid=[13]) = 8997
8997  <... execve resumed>)             = 0
8349  waitid(P_PIDFD, 13,  <unfinished ...>
8997  clone(child_stack=0x73607f848000, flags=CLONE_VM|CLONE_FS|CLONE_FILES|CLONE_SIGHAND|CLONE_THREAD|CLONE_SYSVSEM) = 8998
8997  clone(child_stack=0x73607f880000, flags=CLONE_VM|CLONE_FS|CLONE_FILES|CLONE_SIGHAND|CLONE_THREAD|CLONE_SYSVSEM) = 8999
8998  tgkill(8997, 8997, SIGURG)        = 0
8997  clone(child_stack=0x73607f87c000, flags=CLONE_VM|CLONE_FS|CLONE_FILES|CLONE_SIGHAND|CLONE_THREAD|CLONE_SYSVSEM) = 9000
8997  --- SIGURG {si_signo=SIGURG, si_code=SI_TKILL, si_pid=8997, si_uid=1001} ---
8997  clone(child_stack=0x73607f8a4000, flags=CLONE_VM|CLONE_FS|CLONE_FILES|CLONE_SIGHAND|CLONE_THREAD|CLONE_SYSVSEM <unfinished ...>
8999  clone(child_stack=0x73607f8a0000, flags=CLONE_VM|CLONE_FS|CLONE_FILES|CLONE_SIGHAND|CLONE_THREAD|CLONE_SYSVSEM <unfinished ...>
8997  <... clone resumed>)              = 9001
8999  <... clone resumed>)              = 9002
8989  tgkill(8987, 8992, SIGURG <unfinished ...>
8992  --- SIGURG {si_signo=SIGURG, si_code=SI_TKILL, si_pid=8987, si_uid=1001} ---
8989  <... tgkill resumed>)             = 0
8998  tgkill(8997, 8997, SIGURG)        = 0
8997  --- SIGURG {si_signo=SIGURG, si_code=SI_TKILL, si_pid=8997, si_uid=1001} ---
8989  tgkill(8987, 8987, SIGURG)        = 0
8987  --- SIGURG {si_signo=SIGURG, si_code=SI_TKILL, si_pid=8987, si_uid=1001} ---
8989  tgkill(8987, 8990, SIGURG <unfinished ...>
8990  --- SIGURG {si_signo=SIGURG, si_code=SI_TKILL, si_pid=8987, si_uid=1001} ---
8989  <... tgkill resumed>)             = 0
8989  tgkill(8987, 8994, SIGURG <unfinished ...>
8994  --- SIGURG {si_signo=SIGURG, si_code=SI_TKILL, si_pid=8987, si_uid=1001} ---
8989  <... tgkill resumed>)             = 0
8998  tgkill(8997, 8997, SIGURG)        = 0
8989  tgkill(8987, 8992, SIGURG)        = 0
8992  --- SIGURG {si_signo=SIGURG, si_code=SI_TKILL, si_pid=8987, si_uid=1001} ---
8997  --- SIGURG {si_signo=SIGURG, si_code=SI_TKILL, si_pid=8997, si_uid=1001} ---
8989  tgkill(8987, 8987, SIGURG)        = 0
8987  --- SIGURG {si_signo=SIGURG, si_code=SI_TKILL, si_pid=8987, si_uid=1001} ---
8989  tgkill(8987, 8990, SIGURG)        = 0
8989  tgkill(8987, 8994, SIGURG <unfinished ...>
8990  --- SIGURG {si_signo=SIGURG, si_code=SI_TKILL, si_pid=8987, si_uid=1001} ---
8994  --- SIGURG {si_signo=SIGURG, si_code=SI_TKILL, si_pid=8987, si_uid=1001} ---
8989  <... tgkill resumed>)             = 0
8998  tgkill(8997, 8999, SIGURG <unfinished ...>
8999  --- SIGURG {si_signo=SIGURG, si_code=SI_TKILL, si_pid=8997, si_uid=1001} ---
8998  <... tgkill resumed>)             = 0
8998  tgkill(8997, 9001, SIGURG)        = 0
8998  tgkill(8997, 9002, SIGURG)        = 0
8998  tgkill(8997, 8997, SIGURG)        = 0
9002  --- SIGURG {si_signo=SIGURG, si_code=SI_TKILL, si_pid=8997, si_uid=1001} ---
8997  --- SIGURG {si_signo=SIGURG, si_code=SI_TKILL, si_pid=8997, si_uid=1001} ---
9001  --- SIGURG {si_signo=SIGURG, si_code=SI_TKILL, si_pid=8997, si_uid=1001} ---
9002  exit_group(0)                     = ?
9002  +++ exited with 0 +++
9000  +++ exited with 0 +++
8999  +++ exited with 0 +++
8998  +++ exited with 0 +++
8989  tgkill(8987, 8992, SIGURG)        = 0
8992  --- SIGURG {si_signo=SIGURG, si_code=SI_TKILL, si_pid=8987, si_uid=1001} ---
9001  +++ exited with 0 +++
8997  +++ exited with 0 +++
8349  <... waitid resumed>{si_signo=SIGCHLD, si_code=CLD_EXITED, si_pid=8997, si_uid=1001, si_status=0, si_utime=0, si_stime=0}, WEXITED, {ru_utime={tv_sec=0, tv_usec=86493}, ru_stime={tv_sec=0, tv_usec=15445}, ...}) = 0
8349  --- SIGCHLD {si_signo=SIGCHLD, si_code=CLD_EXITED, si_pid=8997, si_uid=1001, si_status=0, si_utime=8 /* 0.08 s */, si_stime=1 /* 0.01 s */} ---
8994  exit_group(0)                     = ?
8994  +++ exited with 0 +++
8990  +++ exited with 0 +++
8989  +++ exited with 0 +++
8348  clone(child_stack=NULL, flags=CLONE_VM|CLONE_PIDFD|CLONE_VFORK|SIGCHLD <unfinished ...>
8992  +++ exited with 0 +++
8987  +++ exited with 0 +++
8362  <... waitid resumed>{si_signo=SIGCHLD, si_code=CLD_EXITED, si_pid=8987, si_uid=1001, si_status=0, si_utime=0, si_stime=0}, WEXITED, {ru_utime={tv_sec=0, tv_usec=223083}, ru_stime={tv_sec=0, tv_usec=30230}, ...}) = 0
8362  --- SIGCHLD {si_signo=SIGCHLD, si_code=CLD_EXITED, si_pid=8987, si_uid=1001, si_status=0, si_utime=21 /* 0.21 s */, si_stime=2 /* 0.02 s */} ---
9003  execve("/opt/hostedtoolcache/go/1.27.0/arm64/pkg/tool/linux_arm64/compile", ["/opt/hostedtoolcache/go/1.27.0/a"..., "-o", "/tmp/go-build3661820248/b061/_pk"..., "-trimpath", "/tmp/go-build3661820248/b061=>", "-p", "github.com/type-rb/type-rb-nativ"..., "-lang=go1.27", "-complete", "-buildid", "dzECvNLQlfMgFrh1z_Mh/dzECvNLQlfM"..., "-goversion", "go1.27.0", "-c=4", "-nolocalimports", "-importcfg", "/tmp/go-build3661820248/b061/imp"..., "-pack", "/tmp/trb-build-768960067/trb/std"...], 0x1051d0676d88 /* 140 vars */ <unfinished ...>
8348  <... clone resumed>, parent_tid=[13]) = 9003
9003  <... execve resumed>)             = 0
8348  waitid(P_PIDFD, 13,  <unfinished ...>
9003  clone(child_stack=0x42dc49d8e000, flags=CLONE_VM|CLONE_FS|CLONE_FILES|CLONE_SIGHAND|CLONE_THREAD|CLONE_SYSVSEM) = 9004
9003  clone(child_stack=0x42dc49dc6000, flags=CLONE_VM|CLONE_FS|CLONE_FILES|CLONE_SIGHAND|CLONE_THREAD|CLONE_SYSVSEM) = 9005
9003  clone(child_stack=0x42dc49dc2000, flags=CLONE_VM|CLONE_FS|CLONE_FILES|CLONE_SIGHAND|CLONE_THREAD|CLONE_SYSVSEM) = 9006
9005  clone(child_stack=0x42dc49e18000, flags=CLONE_VM|CLONE_FS|CLONE_FILES|CLONE_SIGHAND|CLONE_THREAD|CLONE_SYSVSEM) = 9007
9004  tgkill(9003, 9003, SIGURG)        = 0
9003  --- SIGURG {si_signo=SIGURG, si_code=SI_TKILL, si_pid=9003, si_uid=1001} ---
9005  exit_group(0)                     = ?
9007  +++ exited with 0 +++
9006  +++ exited with 0 +++
9004  +++ exited with 0 +++
9005  +++ exited with 0 +++
9003  +++ exited with 0 +++
8348  <... waitid resumed>{si_signo=SIGCHLD, si_code=CLD_EXITED, si_pid=9003, si_uid=1001, si_status=0, si_utime=0, si_stime=0}, WEXITED, {ru_utime={tv_sec=0, tv_usec=21528}, ru_stime={tv_sec=0, tv_usec=11840}, ...}) = 0
8344  --- SIGCHLD {si_signo=SIGCHLD, si_code=CLD_EXITED, si_pid=9003, si_uid=1001, si_status=0, si_utime=2 /* 0.02 s */, si_stime=1 /* 0.01 s */} ---
8349  tgkill(8344, 8344, SIGURG)        = 0
8344  --- SIGURG {si_signo=SIGURG, si_code=SI_TKILL, si_pid=8344, si_uid=1001} ---
8349  clone(child_stack=NULL, flags=CLONE_VM|CLONE_PIDFD|CLONE_VFORK|SIGCHLD <unfinished ...>
8362  tgkill(8344, 8349, SIGURG)        = 0
9008  execve("/opt/hostedtoolcache/go/1.27.0/arm64/pkg/tool/linux_arm64/compile", ["/opt/hostedtoolcache/go/1.27.0/a"..., "-o", "/tmp/go-build3661820248/b001/_pk"..., "-trimpath", "/tmp/go-build3661820248/b001=>", "-p", "main", "-lang=go1.27", "-complete", "-buildid", "KoARwO1v8g1qSF_LVzLg/KoARwO1v8g1"..., "-goversion", "go1.27.0", "-c=4", "-nolocalimports", "-importcfg", "/tmp/go-build3661820248/b001/imp"..., "-pack", "/tmp/trb-build-768960067/main.go"], 0x1051d05a1b08 /* 140 vars */ <unfinished ...>
8349  <... clone resumed>, parent_tid=[12]) = 9008
8349  --- SIGURG {si_signo=SIGURG, si_code=SI_TKILL, si_pid=8344, si_uid=1001} ---
9008  <... execve resumed>)             = 0
8362  tgkill(8344, 8349, SIGURG)        = 0
8349  --- SIGURG {si_signo=SIGURG, si_code=SI_TKILL, si_pid=8344, si_uid=1001} ---
8362  tgkill(8344, 8349, SIGURG)        = 0
8349  --- SIGURG {si_signo=SIGURG, si_code=SI_TKILL, si_pid=8344, si_uid=1001} ---
8362  tgkill(8344, 8348, SIGURG)        = 0
8348  --- SIGURG {si_signo=SIGURG, si_code=SI_TKILL, si_pid=8344, si_uid=1001} ---
8349  waitid(P_PIDFD, 12,  <unfinished ...>
9008  clone(child_stack=0x9dd52b62000, flags=CLONE_VM|CLONE_FS|CLONE_FILES|CLONE_SIGHAND|CLONE_THREAD|CLONE_SYSVSEM) = 9009
9008  clone(child_stack=0x9dd52b9a000, flags=CLONE_VM|CLONE_FS|CLONE_FILES|CLONE_SIGHAND|CLONE_THREAD|CLONE_SYSVSEM) = 9010
9009  tgkill(9008, 9008, SIGURG)        = 0
9008  clone(child_stack=0x9dd52b96000, flags=CLONE_VM|CLONE_FS|CLONE_FILES|CLONE_SIGHAND|CLONE_THREAD|CLONE_SYSVSEM) = 9011
9008  --- SIGURG {si_signo=SIGURG, si_code=SI_TKILL, si_pid=9008, si_uid=1001} ---
9010  clone(child_stack=0x9dd52c18000, flags=CLONE_VM|CLONE_FS|CLONE_FILES|CLONE_SIGHAND|CLONE_THREAD|CLONE_SYSVSEM) = 9012
9009  tgkill(9008, 9008, SIGURG)        = 0
9008  --- SIGURG {si_signo=SIGURG, si_code=SI_TKILL, si_pid=9008, si_uid=1001} ---
9010  exit_group(0)                     = ?
9012  +++ exited with 0 +++
9011  +++ exited with 0 +++
9010  +++ exited with 0 +++
9009  +++ exited with 0 +++
9008  +++ exited with 0 +++
8349  <... waitid resumed>{si_signo=SIGCHLD, si_code=CLD_EXITED, si_pid=9008, si_uid=1001, si_status=0, si_utime=0, si_stime=0}, WEXITED, {ru_utime={tv_sec=0, tv_usec=26949}, ru_stime={tv_sec=0, tv_usec=13474}, ...}) = 0
8344  --- SIGCHLD {si_signo=SIGCHLD, si_code=CLD_EXITED, si_pid=9008, si_uid=1001, si_status=0, si_utime=2 /* 0.02 s */, si_stime=1 /* 0.01 s */} ---
8344  clone(child_stack=NULL, flags=CLONE_VM|CLONE_PIDFD|CLONE_VFORK|SIGCHLD <unfinished ...>
9013  execve("/opt/hostedtoolcache/go/1.27.0/arm64/pkg/tool/linux_arm64/link", ["/opt/hostedtoolcache/go/1.27.0/a"..., "-V=full"], 0x1051d09da008 /* 139 vars */ <unfinished ...>
8344  <... clone resumed>, parent_tid=[14]) = 9013
8344  waitid(P_PIDFD, 14,  <unfinished ...>
9013  <... execve resumed>)             = 0
9013  clone(child_stack=0x167bfce0c000, flags=CLONE_VM|CLONE_FS|CLONE_FILES|CLONE_SIGHAND|CLONE_THREAD|CLONE_SYSVSEM) = 9014
9014  tgkill(9013, 9013, SIGURG)        = 0
9013  --- SIGURG {si_signo=SIGURG, si_code=SI_TKILL, si_pid=9013, si_uid=1001} ---
9013  clone(child_stack=0x167bfce42000, flags=CLONE_VM|CLONE_FS|CLONE_FILES|CLONE_SIGHAND|CLONE_THREAD|CLONE_SYSVSEM) = 9015
9013  clone(child_stack=0x167bfce3e000, flags=CLONE_VM|CLONE_FS|CLONE_FILES|CLONE_SIGHAND|CLONE_THREAD|CLONE_SYSVSEM) = 9016
9015  clone(child_stack=0x167bfce98000, flags=CLONE_VM|CLONE_FS|CLONE_FILES|CLONE_SIGHAND|CLONE_THREAD|CLONE_SYSVSEM) = 9017
9013  exit_group(0)                     = ?
9015  +++ exited with 0 +++
9014  +++ exited with 0 +++
9017  +++ exited with 0 +++
9016  +++ exited with 0 +++
9013  +++ exited with 0 +++
8349  --- SIGCHLD {si_signo=SIGCHLD, si_code=CLD_EXITED, si_pid=9013, si_uid=1001, si_status=0, si_utime=0, si_stime=0} ---
8344  <... waitid resumed>{si_signo=SIGCHLD, si_code=CLD_EXITED, si_pid=9013, si_uid=1001, si_status=0, si_utime=0, si_stime=0}, WEXITED, {ru_utime={tv_sec=0, tv_usec=0}, ru_stime={tv_sec=0, tv_usec=6925}, ...}) = 0
8349  clone(child_stack=NULL, flags=CLONE_VM|CLONE_PIDFD|CLONE_VFORK|SIGCHLD <unfinished ...>
9018  execve("/opt/hostedtoolcache/go/1.27.0/arm64/pkg/tool/linux_arm64/link", ["/opt/hostedtoolcache/go/1.27.0/a"..., "-o", "/tmp/go-build3661820248/b001/exe"..., "-importcfg", "/tmp/go-build3661820248/b001/imp"..., "-buildmode=exe", "-buildid=vmH3cVH8zDur0nAXmYGA/Ko"..., "-extld=gcc", "/tmp/go-build3661820248/b001/_pk"...], 0x1051d0676d88 /* 140 vars */ <unfinished ...>
8349  <... clone resumed>, parent_tid=[12]) = 9018
9018  <... execve resumed>)             = 0
8349  waitid(P_PIDFD, 12,  <unfinished ...>
9018  clone(child_stack=0x1df5ee460000, flags=CLONE_VM|CLONE_FS|CLONE_FILES|CLONE_SIGHAND|CLONE_THREAD|CLONE_SYSVSEM) = 9019
9018  clone(child_stack=0x1df5ee498000, flags=CLONE_VM|CLONE_FS|CLONE_FILES|CLONE_SIGHAND|CLONE_THREAD|CLONE_SYSVSEM) = 9020
9019  tgkill(9018, 9018, SIGURG)        = 0
9018  clone(child_stack=0x1df5ee494000, flags=CLONE_VM|CLONE_FS|CLONE_FILES|CLONE_SIGHAND|CLONE_THREAD|CLONE_SYSVSEM) = 9021
9018  --- SIGURG {si_signo=SIGURG, si_code=SI_TKILL, si_pid=9018, si_uid=1001} ---
9020  clone(child_stack=0x1df5ee518000, flags=CLONE_VM|CLONE_FS|CLONE_FILES|CLONE_SIGHAND|CLONE_THREAD|CLONE_SYSVSEM) = 9022
9019  tgkill(9018, 9018, SIGURG)        = 0
9018  --- SIGURG {si_signo=SIGURG, si_code=SI_TKILL, si_pid=9018, si_uid=1001} ---
9021  tgkill(9018, 9018, SIGURG)        = 0
9018  --- SIGURG {si_signo=SIGURG, si_code=SI_TKILL, si_pid=9018, si_uid=1001} ---
9021  tgkill(9018, 9022, SIGURG)        = 0
9022  --- SIGURG {si_signo=SIGURG, si_code=SI_TKILL, si_pid=9018, si_uid=1001} ---
9020  tgkill(9018, 9018, SIGURG)        = 0
9018  --- SIGURG {si_signo=SIGURG, si_code=SI_TKILL, si_pid=9018, si_uid=1001} ---
9020  tgkill(9018, 9021, SIGURG)        = 0
9021  --- SIGURG {si_signo=SIGURG, si_code=SI_TKILL, si_pid=9018, si_uid=1001} ---
9020  tgkill(9018, 9021, SIGURG)        = 0
9021  --- SIGURG {si_signo=SIGURG, si_code=SI_TKILL, si_pid=9018, si_uid=1001} ---
9019  tgkill(9018, 9021, SIGURG)        = 0
9021  --- SIGURG {si_signo=SIGURG, si_code=SI_TKILL, si_pid=9018, si_uid=1001} ---
9020  tgkill(9018, 9018, SIGURG)        = 0
9018  --- SIGURG {si_signo=SIGURG, si_code=SI_TKILL, si_pid=9018, si_uid=1001} ---
9020  tgkill(9018, 9018, SIGURG)        = 0
9018  --- SIGURG {si_signo=SIGURG, si_code=SI_TKILL, si_pid=9018, si_uid=1001} ---
9020  tgkill(9018, 9018, SIGURG)        = 0
9018  --- SIGURG {si_signo=SIGURG, si_code=SI_TKILL, si_pid=9018, si_uid=1001} ---
9020  tgkill(9018, 9018, SIGURG)        = 0
9018  --- SIGURG {si_signo=SIGURG, si_code=SI_TKILL, si_pid=9018, si_uid=1001} ---
9019  tgkill(9018, 9018, SIGURG)        = 0
9018  --- SIGURG {si_signo=SIGURG, si_code=SI_TKILL, si_pid=9018, si_uid=1001} ---
9018  tgkill(9018, 9020, SIGURG <unfinished ...>
9020  --- SIGURG {si_signo=SIGURG, si_code=SI_TKILL, si_pid=9018, si_uid=1001} ---
9018  <... tgkill resumed>)             = 0
9018  tgkill(9018, 9020, SIGURG <unfinished ...>
9020  --- SIGURG {si_signo=SIGURG, si_code=SI_TKILL, si_pid=9018, si_uid=1001} ---
9018  <... tgkill resumed>)             = 0
9018  tgkill(9018, 9020, SIGURG <unfinished ...>
9020  --- SIGURG {si_signo=SIGURG, si_code=SI_TKILL, si_pid=9018, si_uid=1001} ---
9018  <... tgkill resumed>)             = 0
9018  tgkill(9018, 9020, SIGURG <unfinished ...>
9020  --- SIGURG {si_signo=SIGURG, si_code=SI_TKILL, si_pid=9018, si_uid=1001} ---
9018  <... tgkill resumed>)             = 0
9018  tgkill(9018, 9020, SIGURG <unfinished ...>
9020  --- SIGURG {si_signo=SIGURG, si_code=SI_TKILL, si_pid=9018, si_uid=1001} ---
9018  <... tgkill resumed>)             = 0
9018  tgkill(9018, 9020, SIGURG <unfinished ...>
9020  --- SIGURG {si_signo=SIGURG, si_code=SI_TKILL, si_pid=9018, si_uid=1001} ---
9018  <... tgkill resumed>)             = 0
9022  tgkill(9018, 9021, SIGURG)        = 0
9021  --- SIGURG {si_signo=SIGURG, si_code=SI_TKILL, si_pid=9018, si_uid=1001} ---
9022  tgkill(9018, 9018, SIGURG)        = 0
9022  tgkill(9018, 9020, SIGURG)        = 0
9020  --- SIGURG {si_signo=SIGURG, si_code=SI_TKILL, si_pid=9018, si_uid=1001} ---
9018  --- SIGURG {si_signo=SIGURG, si_code=SI_TKILL, si_pid=9018, si_uid=1001} ---
9022  tgkill(9018, 9021, SIGURG)        = 0
9021  --- SIGURG {si_signo=SIGURG, si_code=SI_TKILL, si_pid=9018, si_uid=1001} ---
9021  tgkill(9018, 9018, SIGURG)        = 0
9018  --- SIGURG {si_signo=SIGURG, si_code=SI_TKILL, si_pid=9018, si_uid=1001} ---
9021  tgkill(9018, 9022, SIGURG)        = 0
9022  --- SIGURG {si_signo=SIGURG, si_code=SI_TKILL, si_pid=9018, si_uid=1001} ---
9022  tgkill(9018, 9021, SIGURG <unfinished ...>
9018  tgkill(9018, 9022, SIGURG <unfinished ...>
9022  <... tgkill resumed>)             = 0
9018  <... tgkill resumed>)             = 0
9022  --- SIGURG {si_signo=SIGURG, si_code=SI_TKILL, si_pid=9018, si_uid=1001} ---
9021  --- SIGURG {si_signo=SIGURG, si_code=SI_TKILL, si_pid=9018, si_uid=1001} ---
9022  exit_group(0)                     = ?
9022  +++ exited with 0 +++
9021  +++ exited with 0 +++
9020  +++ exited with 0 +++
9019  +++ exited with 0 +++
9018  +++ exited with 0 +++
8349  <... waitid resumed>{si_signo=SIGCHLD, si_code=CLD_EXITED, si_pid=9018, si_uid=1001, si_status=0, si_utime=0, si_stime=0}, WEXITED, {ru_utime={tv_sec=0, tv_usec=89789}, ru_stime={tv_sec=0, tv_usec=49539}, ...}) = 0
8349  --- SIGCHLD {si_signo=SIGCHLD, si_code=CLD_EXITED, si_pid=9018, si_uid=1001, si_status=0, si_utime=8 /* 0.08 s */, si_stime=4 /* 0.04 s */} ---
8345  tgkill(8344, 8344, SIGURG)        = 0
8344  --- SIGURG {si_signo=SIGURG, si_code=SI_TKILL, si_pid=8344, si_uid=1001} ---
8345  tgkill(8344, 8348, SIGURG)        = 0
8348  --- SIGURG {si_signo=SIGURG, si_code=SI_TKILL, si_pid=8344, si_uid=1001} ---
8345  tgkill(8344, 8348, SIGURG <unfinished ...>
8348  --- SIGURG {si_signo=SIGURG, si_code=SI_TKILL, si_pid=8344, si_uid=1001} ---
8345  <... tgkill resumed>)             = 0
8344  exit_group(0)                     = ?
8351  +++ exited with 0 +++
8362  +++ exited with 0 +++
8350  +++ exited with 0 +++
8349  +++ exited with 0 +++
8348  +++ exited with 0 +++
8346  +++ exited with 0 +++
8345  +++ exited with 0 +++
8347  +++ exited with 0 +++
8344  +++ exited with 0 +++
8336  <... waitid resumed>{si_signo=SIGCHLD, si_code=CLD_EXITED, si_pid=8344, si_uid=1001, si_status=0, si_utime=0, si_stime=0}, WEXITED, {ru_utime={tv_sec=9, tv_usec=94890}, ru_stime={tv_sec=2, tv_usec=360698}, ...}) = 0
8336  --- SIGCHLD {si_signo=SIGCHLD, si_code=CLD_EXITED, si_pid=8344, si_uid=1001, si_status=0, si_utime=24 /* 0.24 s */, si_stime=62 /* 0.62 s */} ---
8339  exit_group(0)                     = ?
8341  +++ exited with 0 +++
8338  +++ exited with 0 +++
8342  +++ exited with 0 +++
8340  +++ exited with 0 +++
8337  +++ exited with 0 +++
8339  +++ exited with 0 +++
8336  +++ exited with 0 +++
