10585 execve("/home/runner/work/_temp/trb", ["/home/runner/work/_temp/trb", "build", "--compile", "--config", "/home/runner/work/type-rb-native"..., "--outfile", "/home/runner/work/_temp/build-wo"...], 0xffffded03e18 /* 116 vars */) = 0
10585 clone3({flags=CLONE_VM|CLONE_FS|CLONE_FILES|CLONE_SIGHAND|CLONE_THREAD|CLONE_SYSVSEM|CLONE_SETTLS|CLONE_PARENT_SETTID|CLONE_CHILD_CLEARTID, child_tid=0xff48c849f250, parent_tid=0xff48c849f250, exit_signal=0, stack=0xff48c7490000, stack_size=0x100ea40, tls=0xff48c849f8c0} => {parent_tid=[10586]}, 88) = 10586
10585 clone3({flags=CLONE_VM|CLONE_FS|CLONE_FILES|CLONE_SIGHAND|CLONE_THREAD|CLONE_SYSVSEM|CLONE_SETTLS|CLONE_PARENT_SETTID|CLONE_CHILD_CLEARTID, child_tid=0xff48bf3ff250, parent_tid=0xff48bf3ff250, exit_signal=0, stack=0xff48be3f0000, stack_size=0x100ea40, tls=0xff48bf3ff8c0} => {parent_tid=[10587]}, 88) = 10587
10585 clone3({flags=CLONE_VM|CLONE_FS|CLONE_FILES|CLONE_SIGHAND|CLONE_THREAD|CLONE_SYSVSEM|CLONE_SETTLS|CLONE_PARENT_SETTID|CLONE_CHILD_CLEARTID, child_tid=0xff48c748f250, parent_tid=0xff48c748f250, exit_signal=0, stack=0xff48c6480000, stack_size=0x100ea40, tls=0xff48c748f8c0} => {parent_tid=[10588]}, 88) = 10588
10587 clone3({flags=CLONE_VM|CLONE_FS|CLONE_FILES|CLONE_SIGHAND|CLONE_THREAD|CLONE_SYSVSEM|CLONE_SETTLS|CLONE_PARENT_SETTID|CLONE_CHILD_CLEARTID, child_tid=0xff48c643f250, parent_tid=0xff48c643f250, exit_signal=0, stack=0xff48c5430000, stack_size=0x100ea40, tls=0xff48c643f8c0} => {parent_tid=[10589]}, 88) = 10589
10585 clone3({flags=CLONE_VM|CLONE_FS|CLONE_FILES|CLONE_SIGHAND|CLONE_THREAD|CLONE_SYSVSEM|CLONE_SETTLS|CLONE_PARENT_SETTID|CLONE_CHILD_CLEARTID, child_tid=0xff48c542f250, parent_tid=0xff48c542f250, exit_signal=0, stack=0xff48c4420000, stack_size=0x100ea40, tls=0xff48c542f8c0} => {parent_tid=[10590]}, 88) = 10590
10585 clone3({flags=CLONE_VM|CLONE_FS|CLONE_FILES|CLONE_SIGHAND|CLONE_THREAD|CLONE_SYSVSEM|CLONE_SETTLS|CLONE_PARENT_SETTID|CLONE_CHILD_CLEARTID, child_tid=0xff48be3ef250, parent_tid=0xff48be3ef250, exit_signal=0, stack=0xff48bd3e0000, stack_size=0x100ea40, tls=0xff48be3ef8c0} => {parent_tid=[10591]}, 88) = 10591
10586 tgkill(10585, 10585, SIGURG <unfinished ...>
10585 --- SIGURG {si_signo=SIGURG, si_code=SI_TKILL, si_pid=10585, si_uid=1001} ---
10586 <... tgkill resumed>)             = 0
10587 tgkill(10585, 10589, SIGURG <unfinished ...>
10589 --- SIGURG {si_signo=SIGURG, si_code=SI_TKILL, si_pid=10585, si_uid=1001} ---
10587 <... tgkill resumed>)             = 0
10587 tgkill(10585, 10585, SIGURG)      = 0
10585 --- SIGURG {si_signo=SIGURG, si_code=SI_TKILL, si_pid=10585, si_uid=1001} ---
10585 tgkill(10585, 10590, SIGURG)      = 0
10590 --- SIGURG {si_signo=SIGURG, si_code=SI_TKILL, si_pid=10585, si_uid=1001} ---
10585 tgkill(10585, 10590, SIGURG)      = 0
10590 --- SIGURG {si_signo=SIGURG, si_code=SI_TKILL, si_pid=10585, si_uid=1001} ---
10585 tgkill(10585, 10590, SIGURG)      = 0
10590 --- SIGURG {si_signo=SIGURG, si_code=SI_TKILL, si_pid=10585, si_uid=1001} ---
10585 tgkill(10585, 10590, SIGURG)      = 0
10590 --- SIGURG {si_signo=SIGURG, si_code=SI_TKILL, si_pid=10585, si_uid=1001} ---
10587 waitid(P_PIDFD, 7, 0x7fb5d599ef98, WEXITED, NULL) = -1 ECHILD (No child processes)
10587 pidfd_send_signal(7, 0, NULL, 0)  = 0
10587 clone(child_stack=NULL, flags=CLONE_VM|CLONE_PIDFD|CLONE_VFORK <unfinished ...>
10592 exit_group(0)                     = ?
10592 +++ exited with 0 +++
10587 <... clone resumed>, parent_tid=[8]) = 10592
10587 waitid(P_PIDFD, 8, {si_signo=SIGCHLD, si_code=CLD_EXITED, si_pid=10592, si_uid=1001, si_status=0, si_utime=0, si_stime=0}, WEXITED|__WCLONE, NULL) = 0
10587 clone(child_stack=NULL, flags=CLONE_VM|CLONE_PIDFD|CLONE_VFORK|SIGCHLD <unfinished ...>
10593 execve("/opt/hostedtoolcache/go/1.27.1/arm64/bin/go", ["go", "build", "-mod=mod", "-o", "/home/runner/work/_temp/build-wo"..., "."], 0x7fb5d5621008 /* 116 vars */ <unfinished ...>
10587 <... clone resumed>, parent_tid=[9]) = 10593
10593 <... execve resumed>)             = 0
10587 waitid(P_PIDFD, 9,  <unfinished ...>
10593 clone(child_stack=0x6c9426a04000, flags=CLONE_VM|CLONE_FS|CLONE_FILES|CLONE_SIGHAND|CLONE_THREAD|CLONE_SYSVSEM) = 10594
10593 clone(child_stack=0x6c9426a3a000, flags=CLONE_VM|CLONE_FS|CLONE_FILES|CLONE_SIGHAND|CLONE_THREAD|CLONE_SYSVSEM) = 10595
10594 tgkill(10593, 10593, SIGURG)      = 0
10593 --- SIGURG {si_signo=SIGURG, si_code=SI_TKILL, si_pid=10593, si_uid=1001} ---
10595 clone(child_stack=0x6c9426a36000, flags=CLONE_VM|CLONE_FS|CLONE_FILES|CLONE_SIGHAND|CLONE_THREAD|CLONE_SYSVSEM) = 10596
10593 clone(child_stack=0x6c9426a4a000, flags=CLONE_VM|CLONE_FS|CLONE_FILES|CLONE_SIGHAND|CLONE_THREAD|CLONE_SYSVSEM) = 10597
10594 tgkill(10593, 10593, SIGURG)      = 0
10593 --- SIGURG {si_signo=SIGURG, si_code=SI_TKILL, si_pid=10593, si_uid=1001} ---
10594 clone(child_stack=0x6c9426b9e000, flags=CLONE_VM|CLONE_FS|CLONE_FILES|CLONE_SIGHAND|CLONE_THREAD|CLONE_SYSVSEM) = 10598
10594 clone(child_stack=0x6c9426e26000, flags=CLONE_VM|CLONE_FS|CLONE_FILES|CLONE_SIGHAND|CLONE_THREAD|CLONE_SYSVSEM) = 10599
10596 tgkill(10593, 10593, SIGURG)      = 0
10593 --- SIGURG {si_signo=SIGURG, si_code=SI_TKILL, si_pid=10593, si_uid=1001} ---
10596 tgkill(10593, 10597, SIGURG)      = 0
10597 --- SIGURG {si_signo=SIGURG, si_code=SI_TKILL, si_pid=10593, si_uid=1001} ---
10599 tgkill(10593, 10598, SIGURG)      = 0
10598 --- SIGURG {si_signo=SIGURG, si_code=SI_TKILL, si_pid=10593, si_uid=1001} ---
10599 tgkill(10593, 10597, SIGURG)      = 0
10597 --- SIGURG {si_signo=SIGURG, si_code=SI_TKILL, si_pid=10593, si_uid=1001} ---
10599 tgkill(10593, 10595, SIGURG)      = 0
10595 --- SIGURG {si_signo=SIGURG, si_code=SI_TKILL, si_pid=10593, si_uid=1001} ---
10593 tgkill(10593, 10598, SIGURG <unfinished ...>
10598 --- SIGURG {si_signo=SIGURG, si_code=SI_TKILL, si_pid=10593, si_uid=1001} ---
10593 <... tgkill resumed>)             = 0
10593 tgkill(10593, 10598, SIGURG <unfinished ...>
10598 --- SIGURG {si_signo=SIGURG, si_code=SI_TKILL, si_pid=10593, si_uid=1001} ---
10593 <... tgkill resumed>)             = 0
10597 tgkill(10593, 10595, SIGURG)      = 0
10595 --- SIGURG {si_signo=SIGURG, si_code=SI_TKILL, si_pid=10593, si_uid=1001} ---
10597 tgkill(10593, 10598, SIGURG)      = 0
10598 --- SIGURG {si_signo=SIGURG, si_code=SI_TKILL, si_pid=10593, si_uid=1001} ---
10597 tgkill(10593, 10599, SIGURG)      = 0
10599 --- SIGURG {si_signo=SIGURG, si_code=SI_TKILL, si_pid=10593, si_uid=1001} ---
10597 tgkill(10593, 10595, SIGURG)      = 0
10595 --- SIGURG {si_signo=SIGURG, si_code=SI_TKILL, si_pid=10593, si_uid=1001} ---
10597 tgkill(10593, 10599, SIGURG)      = 0
10599 --- SIGURG {si_signo=SIGURG, si_code=SI_TKILL, si_pid=10593, si_uid=1001} ---
10597 tgkill(10593, 10596, SIGURG)      = 0
10596 --- SIGURG {si_signo=SIGURG, si_code=SI_TKILL, si_pid=10593, si_uid=1001} ---
10597 tgkill(10593, 10599, SIGURG)      = 0
10599 --- SIGURG {si_signo=SIGURG, si_code=SI_TKILL, si_pid=10593, si_uid=1001} ---
10597 tgkill(10593, 10599, SIGURG)      = 0
10599 --- SIGURG {si_signo=SIGURG, si_code=SI_TKILL, si_pid=10593, si_uid=1001} ---
10597 tgkill(10593, 10593, SIGURG)      = 0
10593 --- SIGURG {si_signo=SIGURG, si_code=SI_TKILL, si_pid=10593, si_uid=1001} ---
10594 tgkill(10593, 10596, SIGURG <unfinished ...>
10596 --- SIGURG {si_signo=SIGURG, si_code=SI_TKILL, si_pid=10593, si_uid=1001} ---
10594 <... tgkill resumed>)             = 0
10597 clone(child_stack=0x6c9426e22000, flags=CLONE_VM|CLONE_FS|CLONE_FILES|CLONE_SIGHAND|CLONE_THREAD|CLONE_SYSVSEM) = 10600
10594 tgkill(10593, 10600, SIGURG)      = 0
10600 --- SIGURG {si_signo=SIGURG, si_code=SI_TKILL, si_pid=10593, si_uid=1001} ---
10599 tgkill(10593, 10600, SIGURG)      = 0
10600 --- SIGURG {si_signo=SIGURG, si_code=SI_TKILL, si_pid=10593, si_uid=1001} ---
10599 tgkill(10593, 10597, SIGURG)      = 0
10597 --- SIGURG {si_signo=SIGURG, si_code=SI_TKILL, si_pid=10593, si_uid=1001} ---
10599 tgkill(10593, 10600, SIGURG)      = 0
10600 --- SIGURG {si_signo=SIGURG, si_code=SI_TKILL, si_pid=10593, si_uid=1001} ---
10598 tgkill(10593, 10599, SIGURG)      = 0
10599 --- SIGURG {si_signo=SIGURG, si_code=SI_TKILL, si_pid=10593, si_uid=1001} ---
10597 tgkill(10593, 10596, SIGURG)      = 0
10596 --- SIGURG {si_signo=SIGURG, si_code=SI_TKILL, si_pid=10593, si_uid=1001} ---
10597 tgkill(10593, 10598, SIGURG)      = 0
10598 --- SIGURG {si_signo=SIGURG, si_code=SI_TKILL, si_pid=10593, si_uid=1001} ---
10600 tgkill(10593, 10597, SIGURG)      = 0
10597 --- SIGURG {si_signo=SIGURG, si_code=SI_TKILL, si_pid=10593, si_uid=1001} ---
10600 tgkill(10593, 10598, SIGURG)      = 0
10598 --- SIGURG {si_signo=SIGURG, si_code=SI_TKILL, si_pid=10593, si_uid=1001} ---
10600 tgkill(10593, 10596, SIGURG)      = 0
10596 --- SIGURG {si_signo=SIGURG, si_code=SI_TKILL, si_pid=10593, si_uid=1001} ---
10597 tgkill(10593, 10599, SIGURG)      = 0
10599 --- SIGURG {si_signo=SIGURG, si_code=SI_TKILL, si_pid=10593, si_uid=1001} ---
10598 tgkill(10593, 10596, SIGURG)      = 0
10596 --- SIGURG {si_signo=SIGURG, si_code=SI_TKILL, si_pid=10593, si_uid=1001} ---
10596 tgkill(10593, 10599, SIGURG)      = 0
10599 --- SIGURG {si_signo=SIGURG, si_code=SI_TKILL, si_pid=10593, si_uid=1001} ---
10594 tgkill(10593, 10595, SIGURG)      = 0
10595 --- SIGURG {si_signo=SIGURG, si_code=SI_TKILL, si_pid=10593, si_uid=1001} ---
10594 tgkill(10593, 10598, SIGURG)      = 0
10598 --- SIGURG {si_signo=SIGURG, si_code=SI_TKILL, si_pid=10593, si_uid=1001} ---
10596 tgkill(10593, 10598, SIGURG)      = 0
10598 --- SIGURG {si_signo=SIGURG, si_code=SI_TKILL, si_pid=10593, si_uid=1001} ---
10595 tgkill(10593, 10598, SIGURG)      = 0
10598 --- SIGURG {si_signo=SIGURG, si_code=SI_TKILL, si_pid=10593, si_uid=1001} ---
10595 tgkill(10593, 10596, SIGURG)      = 0
10596 --- SIGURG {si_signo=SIGURG, si_code=SI_TKILL, si_pid=10593, si_uid=1001} ---
10594 tgkill(10593, 10598, SIGURG)      = 0
10598 --- SIGURG {si_signo=SIGURG, si_code=SI_TKILL, si_pid=10593, si_uid=1001} ---
10594 tgkill(10593, 10599, SIGURG <unfinished ...>
10599 --- SIGURG {si_signo=SIGURG, si_code=SI_TKILL, si_pid=10593, si_uid=1001} ---
10594 <... tgkill resumed>)             = 0
10594 tgkill(10593, 10596, SIGURG <unfinished ...>
10596 --- SIGURG {si_signo=SIGURG, si_code=SI_TKILL, si_pid=10593, si_uid=1001} ---
10594 <... tgkill resumed>)             = 0
10594 tgkill(10593, 10596, SIGURG)      = 0
10596 --- SIGURG {si_signo=SIGURG, si_code=SI_TKILL, si_pid=10593, si_uid=1001} ---
10594 tgkill(10593, 10599, SIGURG)      = 0
10599 --- SIGURG {si_signo=SIGURG, si_code=SI_TKILL, si_pid=10593, si_uid=1001} ---
10594 tgkill(10593, 10599, SIGURG)      = 0
10599 --- SIGURG {si_signo=SIGURG, si_code=SI_TKILL, si_pid=10593, si_uid=1001} ---
10594 tgkill(10593, 10596, SIGURG)      = 0
10596 --- SIGURG {si_signo=SIGURG, si_code=SI_TKILL, si_pid=10593, si_uid=1001} ---
10595 tgkill(10593, 10599, SIGURG)      = 0
10599 --- SIGURG {si_signo=SIGURG, si_code=SI_TKILL, si_pid=10593, si_uid=1001} ---
10595 tgkill(10593, 10599, SIGURG)      = 0
10599 --- SIGURG {si_signo=SIGURG, si_code=SI_TKILL, si_pid=10593, si_uid=1001} ---
10595 tgkill(10593, 10599, SIGURG)      = 0
10599 --- SIGURG {si_signo=SIGURG, si_code=SI_TKILL, si_pid=10593, si_uid=1001} ---
10595 tgkill(10593, 10599, SIGURG)      = 0
10599 --- SIGURG {si_signo=SIGURG, si_code=SI_TKILL, si_pid=10593, si_uid=1001} ---
10595 tgkill(10593, 10599, SIGURG)      = 0
10599 --- SIGURG {si_signo=SIGURG, si_code=SI_TKILL, si_pid=10593, si_uid=1001} ---
10594 tgkill(10593, 10598, SIGURG)      = 0
10598 --- SIGURG {si_signo=SIGURG, si_code=SI_TKILL, si_pid=10593, si_uid=1001} ---
10599 tgkill(10593, 10595, SIGURG)      = 0
10595 --- SIGURG {si_signo=SIGURG, si_code=SI_TKILL, si_pid=10593, si_uid=1001} ---
10598 waitid(P_PIDFD, 12, 0x6c9426da71c8, WEXITED, NULL) = -1 ECHILD (No child processes)
10598 pidfd_send_signal(12, 0, NULL, 0) = 0
10598 clone(child_stack=NULL, flags=CLONE_VM|CLONE_PIDFD|CLONE_VFORK <unfinished ...>
10601 exit_group(0)                     = ?
10598 <... clone resumed>, parent_tid=[13]) = 10601
10601 +++ exited with 0 +++
10598 waitid(P_PIDFD, 13, {si_signo=SIGCHLD, si_code=CLD_EXITED, si_pid=10601, si_uid=1001, si_status=0, si_utime=0, si_stime=0}, WEXITED|__WCLONE, NULL) = 0
10598 clone(child_stack=NULL, flags=CLONE_VM|CLONE_PIDFD|CLONE_VFORK|SIGCHLD <unfinished ...>
10602 execve("/opt/hostedtoolcache/go/1.27.1/arm64/pkg/tool/linux_arm64/compile", ["/opt/hostedtoolcache/go/1.27.1/a"..., "-V=full"], 0x6c9426a5d208 /* 139 vars */ <unfinished ...>
10598 <... clone resumed>, parent_tid=[14]) = 10602
10602 <... execve resumed>)             = 0
10598 waitid(P_PIDFD, 14,  <unfinished ...>
10602 clone(child_stack=0x377ad06a6000, flags=CLONE_VM|CLONE_FS|CLONE_FILES|CLONE_SIGHAND|CLONE_THREAD|CLONE_SYSVSEM) = 10603
10603 tgkill(10602, 10602, SIGURG)      = 0
10602 --- SIGURG {si_signo=SIGURG, si_code=SI_TKILL, si_pid=10602, si_uid=1001} ---
10603 tgkill(10602, 10602, SIGURG)      = 0
10602 --- SIGURG {si_signo=SIGURG, si_code=SI_TKILL, si_pid=10602, si_uid=1001} ---
10602 clone(child_stack=0x377ad06dc000, flags=CLONE_VM|CLONE_FS|CLONE_FILES|CLONE_SIGHAND|CLONE_THREAD|CLONE_SYSVSEM) = 10604
10602 clone(child_stack=0x377ad06d8000, flags=CLONE_VM|CLONE_FS|CLONE_FILES|CLONE_SIGHAND|CLONE_THREAD|CLONE_SYSVSEM) = 10605
10604 clone(child_stack=0x377ad0718000, flags=CLONE_VM|CLONE_FS|CLONE_FILES|CLONE_SIGHAND|CLONE_THREAD|CLONE_SYSVSEM) = 10606
10606 clone(child_stack=0x377ad0714000, flags=CLONE_VM|CLONE_FS|CLONE_FILES|CLONE_SIGHAND|CLONE_THREAD|CLONE_SYSVSEM) = 10607
10603 tgkill(10602, 10602, SIGURG)      = 0
10602 --- SIGURG {si_signo=SIGURG, si_code=SI_TKILL, si_pid=10602, si_uid=1001} ---
10602 exit_group(0)                     = ?
10607 +++ exited with 0 +++
10606 +++ exited with 0 +++
10605 +++ exited with 0 +++
10604 +++ exited with 0 +++
10603 +++ exited with 0 +++
10602 +++ exited with 0 +++
10593 --- SIGCHLD {si_signo=SIGCHLD, si_code=CLD_EXITED, si_pid=10602, si_uid=1001, si_status=0, si_utime=0, si_stime=0} ---
10598 <... waitid resumed>{si_signo=SIGCHLD, si_code=CLD_EXITED, si_pid=10602, si_uid=1001, si_status=0, si_utime=0, si_stime=0}, WEXITED, {ru_utime={tv_sec=0, tv_usec=1724}, ru_stime={tv_sec=0, tv_usec=7759}, ...}) = 0
10596 clone(child_stack=NULL, flags=CLONE_VM|CLONE_PIDFD|CLONE_VFORK|SIGCHLD <unfinished ...>
10598 clone(child_stack=NULL, flags=CLONE_VM|CLONE_PIDFD|CLONE_VFORK|SIGCHLD <unfinished ...>
10597 clone(child_stack=NULL, flags=CLONE_VM|CLONE_PIDFD|CLONE_VFORK|SIGCHLD <unfinished ...>
10608 execve("/opt/hostedtoolcache/go/1.27.1/arm64/pkg/tool/linux_arm64/asm", ["/opt/hostedtoolcache/go/1.27.1/a"..., "-V=full"], 0x6c9426d32908 /* 139 vars */ <unfinished ...>
10593 clone(child_stack=NULL, flags=CLONE_VM|CLONE_PIDFD|CLONE_VFORK|SIGCHLD <unfinished ...>
10596 <... clone resumed>, parent_tid=[13]) = 10608
10608 <... execve resumed>)             = 0
10610 execve("/opt/hostedtoolcache/go/1.27.1/arm64/pkg/tool/linux_arm64/compile", ["/opt/hostedtoolcache/go/1.27.1/a"..., "-o", "/tmp/go-build3805767581/b012/_pk"..., "-trimpath", "/tmp/go-build3805767581/b012=>", "-p", "internal/byteorder", "-lang=go1.27", "-std", "-complete", "-buildid", "-h5owEDwHj1jNIZSNaNO/-h5owEDwHj1"..., "-goversion", "go1.27.1", "-c=4", "-nolocalimports", "-importcfg", "/tmp/go-build3805767581/b012/imp"..., "-pack", "/opt/hostedtoolcache/go/1.27.1/a"...], 0x6c9426c42d88 /* 140 vars */ <unfinished ...>
10609 execve("/opt/hostedtoolcache/go/1.27.1/arm64/pkg/tool/linux_arm64/compile", ["/opt/hostedtoolcache/go/1.27.1/a"..., "-o", "/tmp/go-build3805767581/b008/_pk"..., "-trimpath", "/tmp/go-build3805767581/b008=>", "-p", "internal/unsafeheader", "-lang=go1.27", "-std", "-complete", "-buildid", "qC3NJ6-dytwpwDuYJchb/qC3NJ6-dytw"..., "-goversion", "go1.27.1", "-c=4", "-nolocalimports", "-importcfg", "/tmp/go-build3805767581/b008/imp"..., "-pack", "/opt/hostedtoolcache/go/1.27.1/a"...], 0x6c9426a72008 /* 140 vars */ <unfinished ...>
10597 <... clone resumed>, parent_tid=[27]) = 10610
10598 <... clone resumed>, parent_tid=[26]) = 10609
10610 <... execve resumed>)             = 0
10609 <... execve resumed>)             = 0
10611 execve("/opt/hostedtoolcache/go/1.27.1/arm64/pkg/tool/linux_arm64/compile", ["/opt/hostedtoolcache/go/1.27.1/a"..., "-o", "/tmp/go-build3805767581/b006/_pk"..., "-trimpath", "/tmp/go-build3805767581/b006=>", "-p", "internal/goarch", "-lang=go1.27", "-std", "-complete", "-buildid", "Nvi4zq8qLTsFtYkfLyRL/Nvi4zq8qLTs"..., "-goversion", "go1.27.1", "-c=4", "-nolocalimports", "-importcfg", "/tmp/go-build3805767581/b006/imp"..., "-pack", "/opt/hostedtoolcache/go/1.27.1/a"..., "/opt/hostedtoolcache/go/1.27.1/a"..., "/opt/hostedtoolcache/go/1.27.1/a"...], 0x6c9426c72008 /* 140 vars */ <unfinished ...>
10593 <... clone resumed>, parent_tid=[32]) = 10611
10611 <... execve resumed>)             = 0
10598 waitid(P_PIDFD, 26,  <unfinished ...>
10597 waitid(P_PIDFD, 27,  <unfinished ...>
10593 waitid(P_PIDFD, 32,  <unfinished ...>
10596 waitid(P_PIDFD, 13,  <unfinished ...>
10611 clone(child_stack=0x5b4a05ccc000, flags=CLONE_VM|CLONE_FS|CLONE_FILES|CLONE_SIGHAND|CLONE_THREAD|CLONE_SYSVSEM) = 10612
10610 clone(child_stack=0x7239957d0000, flags=CLONE_VM|CLONE_FS|CLONE_FILES|CLONE_SIGHAND|CLONE_THREAD|CLONE_SYSVSEM) = 10613
10611 clone(child_stack=0x5b4a05d08000, flags=CLONE_VM|CLONE_FS|CLONE_FILES|CLONE_SIGHAND|CLONE_THREAD|CLONE_SYSVSEM) = 10614
10610 clone(child_stack=0x723995808000, flags=CLONE_VM|CLONE_FS|CLONE_FILES|CLONE_SIGHAND|CLONE_THREAD|CLONE_SYSVSEM) = 10615
10613 tgkill(10610, 10610, SIGURG <unfinished ...>
10612 tgkill(10611, 10611, SIGURG <unfinished ...>
10613 <... tgkill resumed>)             = 0
10612 <... tgkill resumed>)             = 0
10610 --- SIGURG {si_signo=SIGURG, si_code=SI_TKILL, si_pid=10610, si_uid=1001} ---
10611 --- SIGURG {si_signo=SIGURG, si_code=SI_TKILL, si_pid=10611, si_uid=1001} ---
10610 clone(child_stack=0x723995804000, flags=CLONE_VM|CLONE_FS|CLONE_FILES|CLONE_SIGHAND|CLONE_THREAD|CLONE_SYSVSEM) = 10616
10611 clone(child_stack=0x5b4a05d04000, flags=CLONE_VM|CLONE_FS|CLONE_FILES|CLONE_SIGHAND|CLONE_THREAD|CLONE_SYSVSEM <unfinished ...>
10614 clone(child_stack=0x5b4a05d28000, flags=CLONE_VM|CLONE_FS|CLONE_FILES|CLONE_SIGHAND|CLONE_THREAD|CLONE_SYSVSEM <unfinished ...>
10611 <... clone resumed>)              = 10617
10615 clone(child_stack=0x723995898000, flags=CLONE_VM|CLONE_FS|CLONE_FILES|CLONE_SIGHAND|CLONE_THREAD|CLONE_SYSVSEM <unfinished ...>
10614 <... clone resumed>)              = 10618
10615 <... clone resumed>)              = 10619
10609 clone(child_stack=0x4883e29da000, flags=CLONE_VM|CLONE_FS|CLONE_FILES|CLONE_SIGHAND|CLONE_THREAD|CLONE_SYSVSEM) = 10620
10609 clone(child_stack=0x4883e2a12000, flags=CLONE_VM|CLONE_FS|CLONE_FILES|CLONE_SIGHAND|CLONE_THREAD|CLONE_SYSVSEM) = 10621
10609 clone(child_stack=0x4883e2a0e000, flags=CLONE_VM|CLONE_FS|CLONE_FILES|CLONE_SIGHAND|CLONE_THREAD|CLONE_SYSVSEM) = 10622
10621 clone(child_stack=0x4883e2a98000, flags=CLONE_VM|CLONE_FS|CLONE_FILES|CLONE_SIGHAND|CLONE_THREAD|CLONE_SYSVSEM) = 10623
10608 clone(child_stack=0x2baf2095e000, flags=CLONE_VM|CLONE_FS|CLONE_FILES|CLONE_SIGHAND|CLONE_THREAD|CLONE_SYSVSEM) = 10624
10608 clone(child_stack=0x2baf20998000, flags=CLONE_VM|CLONE_FS|CLONE_FILES|CLONE_SIGHAND|CLONE_THREAD|CLONE_SYSVSEM <unfinished ...>
10624 tgkill(10608, 10608, SIGURG <unfinished ...>
10608 <... clone resumed>)              = 10625
10624 <... tgkill resumed>)             = 0
10608 --- SIGURG {si_signo=SIGURG, si_code=SI_TKILL, si_pid=10608, si_uid=1001} ---
10624 tgkill(10608, 10608, SIGURG)      = 0
10608 clone(child_stack=0x2baf20994000, flags=CLONE_VM|CLONE_FS|CLONE_FILES|CLONE_SIGHAND|CLONE_THREAD|CLONE_SYSVSEM) = 10626
10608 --- SIGURG {si_signo=SIGURG, si_code=SI_TKILL, si_pid=10608, si_uid=1001} ---
10625 clone(child_stack=0x2baf209b8000, flags=CLONE_VM|CLONE_FS|CLONE_FILES|CLONE_SIGHAND|CLONE_THREAD|CLONE_SYSVSEM) = 10627
10613 tgkill(10610, 10610, SIGURG)      = 0
10610 --- SIGURG {si_signo=SIGURG, si_code=SI_TKILL, si_pid=10610, si_uid=1001} ---
10609 exit_group(0)                     = ?
10623 +++ exited with 0 +++
10622 +++ exited with 0 +++
10620 +++ exited with 0 +++
10621 +++ exited with 0 +++
10609 +++ exited with 0 +++
10598 <... waitid resumed>{si_signo=SIGCHLD, si_code=CLD_EXITED, si_pid=10609, si_uid=1001, si_status=0, si_utime=0, si_stime=0}, WEXITED, {ru_utime={tv_sec=0, tv_usec=7928}, ru_stime={tv_sec=0, tv_usec=3398}, ...}) = 0
10599 --- SIGCHLD {si_signo=SIGCHLD, si_code=CLD_EXITED, si_pid=10609, si_uid=1001, si_status=0, si_utime=0, si_stime=0} ---
10617 exit_group(0)                     = ?
10618 +++ exited with 0 +++
10617 +++ exited with 0 +++
10614 +++ exited with 0 +++
10612 +++ exited with 0 +++
10611 +++ exited with 0 +++
10593 <... waitid resumed>{si_signo=SIGCHLD, si_code=CLD_EXITED, si_pid=10611, si_uid=1001, si_status=0, si_utime=0, si_stime=0}, WEXITED, {ru_utime={tv_sec=0, tv_usec=3561}, ru_stime={tv_sec=0, tv_usec=9793}, ...}) = 0
10599 --- SIGCHLD {si_signo=SIGCHLD, si_code=CLD_EXITED, si_pid=10611, si_uid=1001, si_status=0, si_utime=0, si_stime=1 /* 0.01 s */} ---
10608 exit_group(0)                     = ?
10627 +++ exited with 0 +++
10626 +++ exited with 0 +++
10625 +++ exited with 0 +++
10624 +++ exited with 0 +++
10608 +++ exited with 0 +++
10599 --- SIGCHLD {si_signo=SIGCHLD, si_code=CLD_EXITED, si_pid=10608, si_uid=1001, si_status=0, si_utime=0, si_stime=0} ---
10596 <... waitid resumed>{si_signo=SIGCHLD, si_code=CLD_EXITED, si_pid=10608, si_uid=1001, si_status=0, si_utime=0, si_stime=0}, WEXITED, {ru_utime={tv_sec=0, tv_usec=1034}, ru_stime={tv_sec=0, tv_usec=6204}, ...}) = 0
10598 tgkill(10593, 10599, SIGURG)      = 0
10599 --- SIGURG {si_signo=SIGURG, si_code=SI_TKILL, si_pid=10593, si_uid=1001} ---
10599 clone(child_stack=NULL, flags=CLONE_VM|CLONE_PIDFD|CLONE_VFORK|SIGCHLD <unfinished ...>
10596 tgkill(10593, 10593, SIGURG)      = 0
10593 --- SIGURG {si_signo=SIGURG, si_code=SI_TKILL, si_pid=10593, si_uid=1001} ---
10596 tgkill(10593, 10595, SIGURG)      = 0
10595 --- SIGURG {si_signo=SIGURG, si_code=SI_TKILL, si_pid=10593, si_uid=1001} ---
10596 tgkill(10593, 10599, SIGURG)      = 0
10596 tgkill(10593, 10593, SIGURG)      = 0
10593 --- SIGURG {si_signo=SIGURG, si_code=SI_TKILL, si_pid=10593, si_uid=1001} ---
10596 tgkill(10593, 10593, SIGURG)      = 0
10593 --- SIGURG {si_signo=SIGURG, si_code=SI_TKILL, si_pid=10593, si_uid=1001} ---
10628 execve("/opt/hostedtoolcache/go/1.27.1/arm64/pkg/tool/linux_arm64/compile", ["/opt/hostedtoolcache/go/1.27.1/a"..., "-o", "/tmp/go-build3805767581/b014/_pk"..., "-trimpath", "/tmp/go-build3805767581/b014=>", "-p", "internal/coverage/rtcov", "-lang=go1.27", "-std", "-complete", "-buildid", "GpkACqX8jwItV_Qu4uVJ/GpkACqX8jwI"..., "-goversion", "go1.27.1", "-c=4", "-nolocalimports", "-importcfg", "/tmp/go-build3805767581/b014/imp"..., "-pack", "/opt/hostedtoolcache/go/1.27.1/a"...], 0x6c9426a72d88 /* 140 vars */ <unfinished ...>
10596 tgkill(10593, 10593, SIGURG)      = 0
10593 --- SIGURG {si_signo=SIGURG, si_code=SI_TKILL, si_pid=10593, si_uid=1001} ---
10599 <... clone resumed>, parent_tid=[13]) = 10628
10628 <... execve resumed>)             = 0
10599 --- SIGURG {si_signo=SIGURG, si_code=SI_TKILL, si_pid=10593, si_uid=1001} ---
10596 waitid(P_PIDFD, 13,  <unfinished ...>
10599 clone(child_stack=NULL, flags=CLONE_VM|CLONE_PIDFD|CLONE_VFORK|SIGCHLD <unfinished ...>
10629 execve("/opt/hostedtoolcache/go/1.27.1/arm64/pkg/tool/linux_arm64/asm", ["/opt/hostedtoolcache/go/1.27.1/a"..., "-p", "internal/cpu", "-trimpath", "/tmp/go-build3805767581/b011=>", "-I", "/tmp/go-build3805767581/b011/", "-I", "/opt/hostedtoolcache/go/1.27.1/a"..., "-D", "GOOS_linux", "-D", "GOARCH_arm64", "-std", "-gensymabis", "-o", "/tmp/go-build3805767581/b011/sym"..., "/opt/hostedtoolcache/go/1.27.1/a"..., "/opt/hostedtoolcache/go/1.27.1/a"...], 0x6c9426c72008 /* 140 vars */ <unfinished ...>
10619 exit_group(0)                     = ?
10619 +++ exited with 0 +++
10613 +++ exited with 0 +++
10616 +++ exited with 0 +++
10599 <... clone resumed>, parent_tid=[15]) = 10629
10629 <... execve resumed>)             = 0
10599 waitid(P_PIDFD, 15,  <unfinished ...>
10615 +++ exited with 0 +++
10610 +++ exited with 0 +++
10597 <... waitid resumed>{si_signo=SIGCHLD, si_code=CLD_EXITED, si_pid=10610, si_uid=1001, si_status=0, si_utime=0, si_stime=0}, WEXITED, {ru_utime={tv_sec=0, tv_usec=13293}, ru_stime={tv_sec=0, tv_usec=11248}, ...}) = 0
10593 --- SIGCHLD {si_signo=SIGCHLD, si_code=CLD_EXITED, si_pid=10610, si_uid=1001, si_status=0, si_utime=1 /* 0.01 s */, si_stime=1 /* 0.01 s */} ---
10628 clone(child_stack=0x2cfccd6000, flags=CLONE_VM|CLONE_FS|CLONE_FILES|CLONE_SIGHAND|CLONE_THREAD|CLONE_SYSVSEM) = 10630
10628 clone(child_stack=0x2cfcd10000, flags=CLONE_VM|CLONE_FS|CLONE_FILES|CLONE_SIGHAND|CLONE_THREAD|CLONE_SYSVSEM) = 10631
10630 tgkill(10628, 10628, SIGURG)      = 0
10628 clone(child_stack=0x2cfcd0c000, flags=CLONE_VM|CLONE_FS|CLONE_FILES|CLONE_SIGHAND|CLONE_THREAD|CLONE_SYSVSEM) = 10632
10628 --- SIGURG {si_signo=SIGURG, si_code=SI_TKILL, si_pid=10628, si_uid=1001} ---
10600 clone(child_stack=NULL, flags=CLONE_VM|CLONE_PIDFD|CLONE_VFORK|SIGCHLD <unfinished ...>
10631 clone(child_stack=0x2cfcd30000, flags=CLONE_VM|CLONE_FS|CLONE_FILES|CLONE_SIGHAND|CLONE_THREAD|CLONE_SYSVSEM) = 10634
10633 execve("/opt/hostedtoolcache/go/1.27.1/arm64/pkg/tool/linux_arm64/asm", ["/opt/hostedtoolcache/go/1.27.1/a"..., "-p", "internal/abi", "-trimpath", "/tmp/go-build3805767581/b005=>", "-I", "/tmp/go-build3805767581/b005/", "-I", "/opt/hostedtoolcache/go/1.27.1/a"..., "-D", "GOOS_linux", "-D", "GOARCH_arm64", "-std", "-gensymabis", "-o", "/tmp/go-build3805767581/b005/sym"..., "/opt/hostedtoolcache/go/1.27.1/a"..., "/opt/hostedtoolcache/go/1.27.1/a"...], 0x6c9426c42d88 /* 140 vars */ <unfinished ...>
10600 <... clone resumed>, parent_tid=[17]) = 10633
10633 <... execve resumed>)             = 0
10600 waitid(P_PIDFD, 17,  <unfinished ...>
10629 clone(child_stack=0x5a61d405c000, flags=CLONE_VM|CLONE_FS|CLONE_FILES|CLONE_SIGHAND|CLONE_THREAD|CLONE_SYSVSEM) = 10635
10593 clone(child_stack=NULL, flags=CLONE_VM|CLONE_PIDFD|CLONE_VFORK|SIGCHLD <unfinished ...>
10629 clone(child_stack=0x5a61d4098000, flags=CLONE_VM|CLONE_FS|CLONE_FILES|CLONE_SIGHAND|CLONE_THREAD|CLONE_SYSVSEM) = 10637
10635 tgkill(10629, 10629, SIGURG)      = 0
10629 --- SIGURG {si_signo=SIGURG, si_code=SI_TKILL, si_pid=10629, si_uid=1001} ---
10629 clone(child_stack=0x5a61d4094000, flags=CLONE_VM|CLONE_FS|CLONE_FILES|CLONE_SIGHAND|CLONE_THREAD|CLONE_SYSVSEM) = 10638
10629 clone(child_stack=0x5a61d40b8000, flags=CLONE_VM|CLONE_FS|CLONE_FILES|CLONE_SIGHAND|CLONE_THREAD|CLONE_SYSVSEM) = 10639
10635 tgkill(10629, 10629, SIGURG)      = 0
10629 --- SIGURG {si_signo=SIGURG, si_code=SI_TKILL, si_pid=10629, si_uid=1001} ---
10633 clone(child_stack=0x433bbc6cc000, flags=CLONE_VM|CLONE_FS|CLONE_FILES|CLONE_SIGHAND|CLONE_THREAD|CLONE_SYSVSEM) = 10640
10594 tgkill(10593, 10593, SIGURG <unfinished ...>
10633 clone(child_stack=0x433bbc708000, flags=CLONE_VM|CLONE_FS|CLONE_FILES|CLONE_SIGHAND|CLONE_THREAD|CLONE_SYSVSEM <unfinished ...>
10594 <... tgkill resumed>)             = 0
10633 <... clone resumed>)              = 10641
10633 clone(child_stack=0x433bbc704000, flags=CLONE_VM|CLONE_FS|CLONE_FILES|CLONE_SIGHAND|CLONE_THREAD|CLONE_SYSVSEM) = 10642
10641 clone(child_stack=0x433bbc730000, flags=CLONE_VM|CLONE_FS|CLONE_FILES|CLONE_SIGHAND|CLONE_THREAD|CLONE_SYSVSEM <unfinished ...>
10633 clone(child_stack=0x433bbc72c000, flags=CLONE_VM|CLONE_FS|CLONE_FILES|CLONE_SIGHAND|CLONE_THREAD|CLONE_SYSVSEM <unfinished ...>
10641 <... clone resumed>)              = 10643
10633 <... clone resumed>)              = 10644
10636 execve("/opt/hostedtoolcache/go/1.27.1/arm64/pkg/tool/linux_arm64/compile", ["/opt/hostedtoolcache/go/1.27.1/a"..., "-o", "/tmp/go-build3805767581/b015/_pk"..., "-trimpath", "/tmp/go-build3805767581/b015=>", "-p", "internal/godebugs", "-lang=go1.27", "-std", "-complete", "-buildid", "DiwIAZNpjOlvplyqLAtU/DiwIAZNpjOl"..., "-goversion", "go1.27.1", "-c=4", "-nolocalimports", "-importcfg", "/tmp/go-build3805767581/b015/imp"..., "-pack", "/opt/hostedtoolcache/go/1.27.1/a"...], 0x6c9426a72008 /* 140 vars */ <unfinished ...>
10629 exit_group(0)                     = ?
10639 +++ exited with 0 +++
10638 +++ exited with 0 +++
10637 +++ exited with 0 +++
10593 <... clone resumed>, parent_tid=[18]) = 10636
10636 <... execve resumed>)             = 0
10593 --- SIGURG {si_signo=SIGURG, si_code=SI_TKILL, si_pid=10593, si_uid=1001} ---
10635 +++ exited with 0 +++
10629 +++ exited with 0 +++
10594 --- SIGCHLD {si_signo=SIGCHLD, si_code=CLD_EXITED, si_pid=10629, si_uid=1001, si_status=0, si_utime=0, si_stime=0} ---
10599 <... waitid resumed>{si_signo=SIGCHLD, si_code=CLD_EXITED, si_pid=10629, si_uid=1001, si_status=0, si_utime=0, si_stime=0}, WEXITED, {ru_utime={tv_sec=0, tv_usec=1112}, ru_stime={tv_sec=0, tv_usec=5564}, ...}) = 0
10630 tgkill(10628, 10628, SIGURG)      = 0
10593 waitid(P_PIDFD, 18,  <unfinished ...>
10628 --- SIGURG {si_signo=SIGURG, si_code=SI_TKILL, si_pid=10628, si_uid=1001} ---
10597 clone(child_stack=NULL, flags=CLONE_VM|CLONE_PIDFD|CLONE_VFORK|SIGCHLD <unfinished ...>
10631 exit_group(0)                     = ?
10634 +++ exited with 0 +++
10631 +++ exited with 0 +++
10630 +++ exited with 0 +++
10632 +++ exited with 0 +++
10628 +++ exited with 0 +++
10596 <... waitid resumed>{si_signo=SIGCHLD, si_code=CLD_EXITED, si_pid=10628, si_uid=1001, si_status=0, si_utime=0, si_stime=0}, WEXITED, {ru_utime={tv_sec=0, tv_usec=5798}, ru_stime={tv_sec=0, tv_usec=9277}, ...}) = 0
10594 --- SIGCHLD {si_signo=SIGCHLD, si_code=CLD_EXITED, si_pid=10628, si_uid=1001, si_status=0, si_utime=0, si_stime=0} ---
10633 exit_group(0)                     = ?
10641 +++ exited with 0 +++
10642 +++ exited with 0 +++
10644 +++ exited with 0 +++
10643 +++ exited with 0 +++
10640 +++ exited with 0 +++
10633 +++ exited with 0 +++
10600 <... waitid resumed>{si_signo=SIGCHLD, si_code=CLD_EXITED, si_pid=10633, si_uid=1001, si_status=0, si_utime=0, si_stime=0}, WEXITED, {ru_utime={tv_sec=0, tv_usec=1514}, ru_stime={tv_sec=0, tv_usec=4543}, ...}) = 0
10599 --- SIGCHLD {si_signo=SIGCHLD, si_code=CLD_EXITED, si_pid=10633, si_uid=1001, si_status=0, si_utime=0, si_stime=0} ---
10645 execve("/opt/hostedtoolcache/go/1.27.1/arm64/pkg/tool/linux_arm64/compile", ["/opt/hostedtoolcache/go/1.27.1/a"..., "-o", "/tmp/go-build3805767581/b011/_pk"..., "-trimpath", "/tmp/go-build3805767581/b011=>", "-p", "internal/cpu", "-lang=go1.27", "-std", "-buildid", "_9NbpE8j_2wExIzHPspY/_9NbpE8j_2w"..., "-goversion", "go1.27.1", "-symabis", "/tmp/go-build3805767581/b011/sym"..., "-c=4", "-nolocalimports", "-importcfg", "/tmp/go-build3805767581/b011/imp"..., "-pack", "-asmhdr", "/tmp/go-build3805767581/b011/go_"..., "/opt/hostedtoolcache/go/1.27.1/a"..., "/opt/hostedtoolcache/go/1.27.1/a"..., "/opt/hostedtoolcache/go/1.27.1/a"..., "/opt/hostedtoolcache/go/1.27.1/a"..., "/opt/hostedtoolcache/go/1.27.1/a"..., "/opt/hostedtoolcache/go/1.27.1/a"...], 0x6c9426d32908 /* 140 vars */ <unfinished ...>
10597 <... clone resumed>, parent_tid=[16]) = 10645
10645 <... execve resumed>)             = 0
10597 waitid(P_PIDFD, 16,  <unfinished ...>
10596 clone(child_stack=NULL, flags=CLONE_VM|CLONE_PIDFD|CLONE_VFORK|SIGCHLD <unfinished ...>
10636 clone(child_stack=0x15cb99ebe000, flags=CLONE_VM|CLONE_FS|CLONE_FILES|CLONE_SIGHAND|CLONE_THREAD|CLONE_SYSVSEM <unfinished ...>
10646 execve("/opt/hostedtoolcache/go/1.27.1/arm64/pkg/tool/linux_arm64/compile", ["/opt/hostedtoolcache/go/1.27.1/a"..., "-o", "/tmp/go-build3805767581/b005/_pk"..., "-trimpath", "/tmp/go-build3805767581/b005=>", "-p", "internal/abi", "-lang=go1.27", "-std", "-buildid", "YHO54Q_mbJHGKbmcyT0p/YHO54Q_mbJH"..., "-goversion", "go1.27.1", "-symabis", "/tmp/go-build3805767581/b005/sym"..., "-c=4", "-nolocalimports", "-importcfg", "/tmp/go-build3805767581/b005/imp"..., "-pack", "-asmhdr", "/tmp/go-build3805767581/b005/go_"..., "/opt/hostedtoolcache/go/1.27.1/a"..., "/opt/hostedtoolcache/go/1.27.1/a"..., "/opt/hostedtoolcache/go/1.27.1/a"..., "/opt/hostedtoolcache/go/1.27.1/a"..., "/opt/hostedtoolcache/go/1.27.1/a"..., "/opt/hostedtoolcache/go/1.27.1/a"..., "/opt/hostedtoolcache/go/1.27.1/a"..., "/opt/hostedtoolcache/go/1.27.1/a"..., "/opt/hostedtoolcache/go/1.27.1/a"..., "/opt/hostedtoolcache/go/1.27.1/a"..., ...], 0x6c9426a73688 /* 140 vars */ <unfinished ...>
10636 <... clone resumed>)              = 10647
10596 <... clone resumed>, parent_tid=[15]) = 10646
10646 <... execve resumed>)             = 0
10636 clone(child_stack=0x15cb99ef6000, flags=CLONE_VM|CLONE_FS|CLONE_FILES|CLONE_SIGHAND|CLONE_THREAD|CLONE_SYSVSEM) = 10648
10647 tgkill(10636, 10636, SIGURG)      = 0
10636 clone(child_stack=0x15cb99ef2000, flags=CLONE_VM|CLONE_FS|CLONE_FILES|CLONE_SIGHAND|CLONE_THREAD|CLONE_SYSVSEM) = 10649
10636 --- SIGURG {si_signo=SIGURG, si_code=SI_TKILL, si_pid=10636, si_uid=1001} ---
10648 clone(child_stack=0x15cb99f18000, flags=CLONE_VM|CLONE_FS|CLONE_FILES|CLONE_SIGHAND|CLONE_THREAD|CLONE_SYSVSEM <unfinished ...>
10596 waitid(P_PIDFD, 15,  <unfinished ...>
10647 tgkill(10636, 10649, SIGURG)      = 0
10649 --- SIGURG {si_signo=SIGURG, si_code=SI_TKILL, si_pid=10636, si_uid=1001} ---
10648 <... clone resumed>)              = 10650
10645 clone(child_stack=0x1229b9472000, flags=CLONE_VM|CLONE_FS|CLONE_FILES|CLONE_SIGHAND|CLONE_THREAD|CLONE_SYSVSEM) = 10651
10645 clone(child_stack=0x1229b94aa000, flags=CLONE_VM|CLONE_FS|CLONE_FILES|CLONE_SIGHAND|CLONE_THREAD|CLONE_SYSVSEM <unfinished ...>
10651 tgkill(10645, 10645, SIGURG)      = 0
10645 <... clone resumed>)              = 10652
10645 --- SIGURG {si_signo=SIGURG, si_code=SI_TKILL, si_pid=10645, si_uid=1001} ---
10651 tgkill(10645, 10645, SIGURG)      = 0
10645 --- SIGURG {si_signo=SIGURG, si_code=SI_TKILL, si_pid=10645, si_uid=1001} ---
10651 tgkill(10645, 10645, SIGURG)      = 0
10645 --- SIGURG {si_signo=SIGURG, si_code=SI_TKILL, si_pid=10645, si_uid=1001} ---
10645 clone(child_stack=0x1229b94a6000, flags=CLONE_VM|CLONE_FS|CLONE_FILES|CLONE_SIGHAND|CLONE_THREAD|CLONE_SYSVSEM) = 10653
10594 tgkill(10593, 10599, SIGURG)      = 0
10652 clone(child_stack=0x1229b9518000, flags=CLONE_VM|CLONE_FS|CLONE_FILES|CLONE_SIGHAND|CLONE_THREAD|CLONE_SYSVSEM <unfinished ...>
10599 --- SIGURG {si_signo=SIGURG, si_code=SI_TKILL, si_pid=10593, si_uid=1001} ---
10652 <... clone resumed>)              = 10654
10654 clone(child_stack=0x1229b9514000, flags=CLONE_VM|CLONE_FS|CLONE_FILES|CLONE_SIGHAND|CLONE_THREAD|CLONE_SYSVSEM <unfinished ...>
10646 clone(child_stack=0x3ac2617d8000, flags=CLONE_VM|CLONE_FS|CLONE_FILES|CLONE_SIGHAND|CLONE_THREAD|CLONE_SYSVSEM <unfinished ...>
10654 <... clone resumed>)              = 10655
10646 <... clone resumed>)              = 10656
10646 clone(child_stack=0x3ac261810000, flags=CLONE_VM|CLONE_FS|CLONE_FILES|CLONE_SIGHAND|CLONE_THREAD|CLONE_SYSVSEM <unfinished ...>
10656 tgkill(10646, 10646, SIGURG)      = 0
10646 <... clone resumed>)              = 10657
10646 --- SIGURG {si_signo=SIGURG, si_code=SI_TKILL, si_pid=10646, si_uid=1001} ---
10656 tgkill(10646, 10646, SIGURG)      = 0
10646 clone(child_stack=0x3ac26180c000, flags=CLONE_VM|CLONE_FS|CLONE_FILES|CLONE_SIGHAND|CLONE_THREAD|CLONE_SYSVSEM) = 10658
10646 --- SIGURG {si_signo=SIGURG, si_code=SI_TKILL, si_pid=10646, si_uid=1001} ---
10657 clone(child_stack=0x3ac261898000, flags=CLONE_VM|CLONE_FS|CLONE_FILES|CLONE_SIGHAND|CLONE_THREAD|CLONE_SYSVSEM) = 10659
10598 clone(child_stack=0x6c9426ba2000, flags=CLONE_VM|CLONE_FS|CLONE_FILES|CLONE_SIGHAND|CLONE_THREAD|CLONE_SYSVSEM) = 10660
10595 tgkill(10593, 10599, SIGURG)      = 0
10599 --- SIGURG {si_signo=SIGURG, si_code=SI_TKILL, si_pid=10593, si_uid=1001} ---
10595 tgkill(10593, 10660, SIGURG)      = 0
10660 --- SIGURG {si_signo=SIGURG, si_code=SI_TKILL, si_pid=10593, si_uid=1001} ---
10660 clone(child_stack=NULL, flags=CLONE_VM|CLONE_PIDFD|CLONE_VFORK|SIGCHLD <unfinished ...>
10656 clone(child_stack=0x3ac261836000, flags=CLONE_VM|CLONE_FS|CLONE_FILES|CLONE_SIGHAND|CLONE_THREAD|CLONE_SYSVSEM) = 10662
10648 exit_group(0)                     = ?
10650 +++ exited with 0 +++
10649 +++ exited with 0 +++
10647 +++ exited with 0 +++
10656 clone(child_stack=0x3ac261832000, flags=CLONE_VM|CLONE_FS|CLONE_FILES|CLONE_SIGHAND|CLONE_THREAD|CLONE_SYSVSEM) = 10663
10648 +++ exited with 0 +++
10636 +++ exited with 0 +++
10600 --- SIGCHLD {si_signo=SIGCHLD, si_code=CLD_EXITED, si_pid=10636, si_uid=1001, si_status=0, si_utime=1 /* 0.01 s */, si_stime=1 /* 0.01 s */} ---
10593 <... waitid resumed>{si_signo=SIGCHLD, si_code=CLD_EXITED, si_pid=10636, si_uid=1001, si_status=0, si_utime=0, si_stime=0}, WEXITED, {ru_utime={tv_sec=0, tv_usec=9563}, ru_stime={tv_sec=0, tv_usec=7969}, ...}) = 0
10661 execve("/opt/hostedtoolcache/go/1.27.1/arm64/pkg/tool/linux_arm64/compile", ["/opt/hostedtoolcache/go/1.27.1/a"..., "-o", "/tmp/go-build3805767581/b016/_pk"..., "-trimpath", "/tmp/go-build3805767581/b016=>", "-p", "internal/goexperiment", "-lang=go1.27", "-std", "-complete", "-buildid", "piFHDpzZ2FHPsIijhque/piFHDpzZ2FH"..., "-goversion", "go1.27.1", "-c=4", "-nolocalimports", "-importcfg", "/tmp/go-build3805767581/b016/imp"..., "-pack", "/opt/hostedtoolcache/go/1.27.1/a"..., "/opt/hostedtoolcache/go/1.27.1/a"..., "/opt/hostedtoolcache/go/1.27.1/a"..., "/opt/hostedtoolcache/go/1.27.1/a"..., "/opt/hostedtoolcache/go/1.27.1/a"..., "/opt/hostedtoolcache/go/1.27.1/a"..., "/opt/hostedtoolcache/go/1.27.1/a"..., "/opt/hostedtoolcache/go/1.27.1/a"..., "/opt/hostedtoolcache/go/1.27.1/a"..., "/opt/hostedtoolcache/go/1.27.1/a"..., "/opt/hostedtoolcache/go/1.27.1/a"..., "/opt/hostedtoolcache/go/1.27.1/a"..., "/opt/hostedtoolcache/go/1.27.1/a"..., ...], 0x6c9426d33208 /* 140 vars */ <unfinished ...>
10660 <... clone resumed>, parent_tid=[17]) = 10661
10661 <... execve resumed>)             = 0
10660 waitid(P_PIDFD, 17,  <unfinished ...>
10600 clone(child_stack=NULL, flags=CLONE_VM|CLONE_PIDFD|CLONE_VFORK|SIGCHLD <unfinished ...>
10661 clone(child_stack=0x4402651c2000, flags=CLONE_VM|CLONE_FS|CLONE_FILES|CLONE_SIGHAND|CLONE_THREAD|CLONE_SYSVSEM) = 10665
10661 clone(child_stack=0x4402651fa000, flags=CLONE_VM|CLONE_FS|CLONE_FILES|CLONE_SIGHAND|CLONE_THREAD|CLONE_SYSVSEM) = 10666
10661 clone(child_stack=0x4402651f6000, flags=CLONE_VM|CLONE_FS|CLONE_FILES|CLONE_SIGHAND|CLONE_THREAD|CLONE_SYSVSEM) = 10667
10666 clone(child_stack=0x440265228000, flags=CLONE_VM|CLONE_FS|CLONE_FILES|CLONE_SIGHAND|CLONE_THREAD|CLONE_SYSVSEM) = 10668
10664 execve("/opt/hostedtoolcache/go/1.27.1/arm64/pkg/tool/linux_arm64/compile", ["/opt/hostedtoolcache/go/1.27.1/a"..., "-o", "/tmp/go-build3805767581/b017/_pk"..., "-trimpath", "/tmp/go-build3805767581/b017=>", "-p", "internal/goos", "-lang=go1.27", "-std", "-complete", "-buildid", "8grbmGBdhXMXjQ34vIss/8grbmGBdhXM"..., "-goversion", "go1.27.1", "-c=4", "-nolocalimports", "-importcfg", "/tmp/go-build3805767581/b017/imp"..., "-pack", "/opt/hostedtoolcache/go/1.27.1/a"..., "/opt/hostedtoolcache/go/1.27.1/a"..., "/opt/hostedtoolcache/go/1.27.1/a"...], 0x6c9426a72008 /* 140 vars */ <unfinished ...>
10600 <... clone resumed>, parent_tid=[18]) = 10664
10664 <... execve resumed>)             = 0
10600 waitid(P_PIDFD, 18,  <unfinished ...>
10656 tgkill(10646, 10657, SIGURG)      = 0
10668 clone(child_stack=0x440265698000, flags=CLONE_VM|CLONE_FS|CLONE_FILES|CLONE_SIGHAND|CLONE_THREAD|CLONE_SYSVSEM <unfinished ...>
10651 tgkill(10645, 10645, SIGURG)      = 0
10645 --- SIGURG {si_signo=SIGURG, si_code=SI_TKILL, si_pid=10645, si_uid=1001} ---
10657 --- SIGURG {si_signo=SIGURG, si_code=SI_TKILL, si_pid=10646, si_uid=1001} ---
10668 <... clone resumed>)              = 10669
10664 clone(child_stack=0x32dd3bbd8000, flags=CLONE_VM|CLONE_FS|CLONE_FILES|CLONE_SIGHAND|CLONE_THREAD|CLONE_SYSVSEM) = 10670
10664 clone(child_stack=0x32dd3bc10000, flags=CLONE_VM|CLONE_FS|CLONE_FILES|CLONE_SIGHAND|CLONE_THREAD|CLONE_SYSVSEM) = 10671
10670 tgkill(10664, 10664, SIGURG)      = 0
10664 clone(child_stack=0x32dd3bc0c000, flags=CLONE_VM|CLONE_FS|CLONE_FILES|CLONE_SIGHAND|CLONE_THREAD|CLONE_SYSVSEM) = 10672
10664 --- SIGURG {si_signo=SIGURG, si_code=SI_TKILL, si_pid=10664, si_uid=1001} ---
10671 clone(child_stack=0x32dd3bc98000, flags=CLONE_VM|CLONE_FS|CLONE_FILES|CLONE_SIGHAND|CLONE_THREAD|CLONE_SYSVSEM) = 10673
10673 clone(child_stack=0x32dd3bc94000, flags=CLONE_VM|CLONE_FS|CLONE_FILES|CLONE_SIGHAND|CLONE_THREAD|CLONE_SYSVSEM) = 10674
10668 exit_group(0)                     = ?
10666 +++ exited with 0 +++
10667 +++ exited with 0 +++
10668 +++ exited with 0 +++
10669 +++ exited with 0 +++
10665 +++ exited with 0 +++
10661 +++ exited with 0 +++
10660 <... waitid resumed>{si_signo=SIGCHLD, si_code=CLD_EXITED, si_pid=10661, si_uid=1001, si_status=0, si_utime=0, si_stime=0}, WEXITED, {ru_utime={tv_sec=0, tv_usec=3338}, ru_stime={tv_sec=0, tv_usec=10016}, ...}) = 0
10598 --- SIGCHLD {si_signo=SIGCHLD, si_code=CLD_EXITED, si_pid=10661, si_uid=1001, si_status=0, si_utime=0, si_stime=1 /* 0.01 s */} ---
10654 exit_group(0)                     = ?
10655 +++ exited with 0 +++
10654 +++ exited with 0 +++
10653 +++ exited with 0 +++
10652 +++ exited with 0 +++
10651 +++ exited with 0 +++
10645 +++ exited with 0 +++
10660 --- SIGCHLD {si_signo=SIGCHLD, si_code=CLD_EXITED, si_pid=10645, si_uid=1001, si_status=0, si_utime=2 /* 0.02 s */, si_stime=1 /* 0.01 s */} ---
10597 <... waitid resumed>{si_signo=SIGCHLD, si_code=CLD_EXITED, si_pid=10645, si_uid=1001, si_status=0, si_utime=0, si_stime=0}, WEXITED, {ru_utime={tv_sec=0, tv_usec=19423}, ru_stime={tv_sec=0, tv_usec=9711}, ...}) = 0
10660 clone(child_stack=NULL, flags=CLONE_VM|CLONE_PIDFD|CLONE_VFORK|SIGCHLD <unfinished ...>
10675 execve("/opt/hostedtoolcache/go/1.27.1/arm64/pkg/tool/linux_arm64/asm", ["/opt/hostedtoolcache/go/1.27.1/a"..., "-p", "internal/cpu", "-trimpath", "/tmp/go-build3805767581/b011=>", "-I", "/tmp/go-build3805767581/b011/", "-I", "/opt/hostedtoolcache/go/1.27.1/a"..., "-D", "GOOS_linux", "-D", "GOARCH_arm64", "-std", "-o", "/tmp/go-build3805767581/b011/cpu"..., "/opt/hostedtoolcache/go/1.27.1/a"...], 0x6c9426c72008 /* 140 vars */ <unfinished ...>
10660 <... clone resumed>, parent_tid=[16]) = 10675
10675 <... execve resumed>)             = 0
10660 waitid(P_PIDFD, 16,  <unfinished ...>
10656 tgkill(10646, 10663, SIGURG)      = 0
10663 --- SIGURG {si_signo=SIGURG, si_code=SI_TKILL, si_pid=10646, si_uid=1001} ---
10598 clone(child_stack=NULL, flags=CLONE_VM|CLONE_PIDFD|CLONE_VFORK|SIGCHLD <unfinished ...>
10674 exit_group(0)                     = ?
10674 +++ exited with 0 +++
10673 +++ exited with 0 +++
10672 +++ exited with 0 +++
10671 +++ exited with 0 +++
10670 +++ exited with 0 +++
10664 +++ exited with 0 +++
10600 <... waitid resumed>{si_signo=SIGCHLD, si_code=CLD_EXITED, si_pid=10664, si_uid=1001, si_status=0, si_utime=0, si_stime=0}, WEXITED, {ru_utime={tv_sec=0, tv_usec=7358}, ru_stime={tv_sec=0, tv_usec=5519}, ...}) = 0
10597 --- SIGCHLD {si_signo=SIGCHLD, si_code=CLD_EXITED, si_pid=10664, si_uid=1001, si_status=0, si_utime=0, si_stime=0} ---
10676 execve("/opt/hostedtoolcache/go/1.27.1/arm64/pkg/tool/linux_arm64/compile", ["/opt/hostedtoolcache/go/1.27.1/a"..., "-o", "/tmp/go-build3805767581/b018/_pk"..., "-trimpath", "/tmp/go-build3805767581/b018=>", "-p", "internal/profilerecord", "-lang=go1.27", "-std", "-complete", "-buildid", "ExOs1EpfrMZ2Xg6CTQK0/ExOs1EpfrMZ"..., "-goversion", "go1.27.1", "-c=4", "-nolocalimports", "-importcfg", "/tmp/go-build3805767581/b018/imp"..., "-pack", "/opt/hostedtoolcache/go/1.27.1/a"...], 0x6c9426a72d88 /* 140 vars */ <unfinished ...>
10594 tgkill(10593, 10598, SIGURG)      = 0
10598 <... clone resumed>, parent_tid=[17]) = 10676
10598 --- SIGURG {si_signo=SIGURG, si_code=SI_TKILL, si_pid=10593, si_uid=1001} ---
10676 <... execve resumed>)             = 0
10599 waitid(P_PIDFD, 17,  <unfinished ...>
10675 clone(child_stack=0x6b7a03660000, flags=CLONE_VM|CLONE_FS|CLONE_FILES|CLONE_SIGHAND|CLONE_THREAD|CLONE_SYSVSEM) = 10677
10675 clone(child_stack=0x6b7a03698000, flags=CLONE_VM|CLONE_FS|CLONE_FILES|CLONE_SIGHAND|CLONE_THREAD|CLONE_SYSVSEM) = 10678
10675 clone(child_stack=0x6b7a03694000, flags=CLONE_VM|CLONE_FS|CLONE_FILES|CLONE_SIGHAND|CLONE_THREAD|CLONE_SYSVSEM) = 10679
10678 clone(child_stack=0x6b7a03718000, flags=CLONE_VM|CLONE_FS|CLONE_FILES|CLONE_SIGHAND|CLONE_THREAD|CLONE_SYSVSEM) = 10680
10656 tgkill(10646, 10646, SIGURG)      = 0
10646 --- SIGURG {si_signo=SIGURG, si_code=SI_TKILL, si_pid=10646, si_uid=1001} ---
10597 clone(child_stack=NULL, flags=CLONE_VM|CLONE_PIDFD|CLONE_VFORK|SIGCHLD <unfinished ...>
10676 clone(child_stack=0x316135be0000, flags=CLONE_VM|CLONE_FS|CLONE_FILES|CLONE_SIGHAND|CLONE_THREAD|CLONE_SYSVSEM) = 10682
10676 clone(child_stack=0x316135c18000, flags=CLONE_VM|CLONE_FS|CLONE_FILES|CLONE_SIGHAND|CLONE_THREAD|CLONE_SYSVSEM) = 10683
10682 tgkill(10676, 10676, SIGURG)      = 0
10676 clone(child_stack=0x316135c14000, flags=CLONE_VM|CLONE_FS|CLONE_FILES|CLONE_SIGHAND|CLONE_THREAD|CLONE_SYSVSEM) = 10684
10676 --- SIGURG {si_signo=SIGURG, si_code=SI_TKILL, si_pid=10676, si_uid=1001} ---
10683 clone(child_stack=0x316135c98000, flags=CLONE_VM|CLONE_FS|CLONE_FILES|CLONE_SIGHAND|CLONE_THREAD|CLONE_SYSVSEM <unfinished ...>
10681 execve("/opt/hostedtoolcache/go/1.27.1/arm64/pkg/tool/linux_arm64/asm", ["/opt/hostedtoolcache/go/1.27.1/a"..., "-p", "internal/runtime/syscall/linux", "-trimpath", "/tmp/go-build3805767581/b021=>", "-I", "/tmp/go-build3805767581/b021/", "-I", "/opt/hostedtoolcache/go/1.27.1/a"..., "-D", "GOOS_linux", "-D", "GOARCH_arm64", "-std", "-gensymabis", "-o", "/tmp/go-build3805767581/b021/sym"..., "/opt/hostedtoolcache/go/1.27.1/a"...], 0x6c9426c42d88 /* 140 vars */ <unfinished ...>
10683 <... clone resumed>)              = 10685
10597 <... clone resumed>, parent_tid=[18]) = 10681
10681 <... execve resumed>)             = 0
10675 exit_group(0)                     = ?
10680 +++ exited with 0 +++
10679 +++ exited with 0 +++
10678 +++ exited with 0 +++
10677 +++ exited with 0 +++
10675 +++ exited with 0 +++
10660 <... waitid resumed>{si_signo=SIGCHLD, si_code=CLD_EXITED, si_pid=10675, si_uid=1001, si_status=0, si_utime=0, si_stime=0}, WEXITED, {ru_utime={tv_sec=0, tv_usec=4267}, ru_stime={tv_sec=0, tv_usec=2133}, ...}) = 0
10600 --- SIGCHLD {si_signo=SIGCHLD, si_code=CLD_EXITED, si_pid=10675, si_uid=1001, si_status=0, si_utime=0, si_stime=0} ---
10594 tgkill(10593, 10597, SIGURG)      = 0
10597 --- SIGURG {si_signo=SIGURG, si_code=SI_TKILL, si_pid=10593, si_uid=1001} ---
10594 tgkill(10593, 10597, SIGURG)      = 0
10597 --- SIGURG {si_signo=SIGURG, si_code=SI_TKILL, si_pid=10593, si_uid=1001} ---
10597 waitid(P_PIDFD, 18,  <unfinished ...>
10660 clone(child_stack=NULL, flags=CLONE_VM|CLONE_PIDFD|CLONE_VFORK|SIGCHLD <unfinished ...>
10686 execve("/opt/hostedtoolcache/go/1.27.1/arm64/pkg/tool/linux_arm64/asm", ["/opt/hostedtoolcache/go/1.27.1/a"..., "-p", "internal/cpu", "-trimpath", "/tmp/go-build3805767581/b011=>", "-I", "/tmp/go-build3805767581/b011/", "-I", "/opt/hostedtoolcache/go/1.27.1/a"..., "-D", "GOOS_linux", "-D", "GOARCH_arm64", "-std", "-o", "/tmp/go-build3805767581/b011/cpu"..., "/opt/hostedtoolcache/go/1.27.1/a"...], 0x6c9426a73688 /* 140 vars */ <unfinished ...>
10660 <... clone resumed>, parent_tid=[16]) = 10686
10686 <... execve resumed>)             = 0
10660 waitid(P_PIDFD, 16,  <unfinished ...>
10681 clone(child_stack=0x54f6ee9e000, flags=CLONE_VM|CLONE_FS|CLONE_FILES|CLONE_SIGHAND|CLONE_THREAD|CLONE_SYSVSEM) = 10687
10681 clone(child_stack=0x54f6eed6000, flags=CLONE_VM|CLONE_FS|CLONE_FILES|CLONE_SIGHAND|CLONE_THREAD|CLONE_SYSVSEM) = 10688
10687 tgkill(10681, 10681, SIGURG)      = 0
10681 clone(child_stack=0x54f6eed2000, flags=CLONE_VM|CLONE_FS|CLONE_FILES|CLONE_SIGHAND|CLONE_THREAD|CLONE_SYSVSEM) = 10689
10681 --- SIGURG {si_signo=SIGURG, si_code=SI_TKILL, si_pid=10681, si_uid=1001} ---
10688 clone(child_stack=0x54f6ef18000, flags=CLONE_VM|CLONE_FS|CLONE_FILES|CLONE_SIGHAND|CLONE_THREAD|CLONE_SYSVSEM) = 10690
10684 exit_group(0)                     = ?
10686 clone(child_stack=0x473f20eae000, flags=CLONE_VM|CLONE_FS|CLONE_FILES|CLONE_SIGHAND|CLONE_THREAD|CLONE_SYSVSEM <unfinished ...>
10684 +++ exited with 0 +++
10682 +++ exited with 0 +++
10683 +++ exited with 0 +++
10686 <... clone resumed>)              = 10691
10686 clone(child_stack=0x473f20ee6000, flags=CLONE_VM|CLONE_FS|CLONE_FILES|CLONE_SIGHAND|CLONE_THREAD|CLONE_SYSVSEM) = 10692
10686 clone(child_stack=0x473f20ee2000, flags=CLONE_VM|CLONE_FS|CLONE_FILES|CLONE_SIGHAND|CLONE_THREAD|CLONE_SYSVSEM) = 10693
10685 +++ exited with 0 +++
10676 +++ exited with 0 +++
10599 <... waitid resumed>{si_signo=SIGCHLD, si_code=CLD_EXITED, si_pid=10676, si_uid=1001, si_status=0, si_utime=0, si_stime=0}, WEXITED, {ru_utime={tv_sec=0, tv_usec=5904}, ru_stime={tv_sec=0, tv_usec=7085}, ...}) = 0
10598 --- SIGCHLD {si_signo=SIGCHLD, si_code=CLD_EXITED, si_pid=10676, si_uid=1001, si_status=0, si_utime=0, si_stime=0} ---
10686 exit_group(0)                     = ?
10691 +++ exited with 0 +++
10693 +++ exited with 0 +++
10692 +++ exited with 0 +++
10686 +++ exited with 0 +++
10600 --- SIGCHLD {si_signo=SIGCHLD, si_code=CLD_EXITED, si_pid=10686, si_uid=1001, si_status=0, si_utime=0, si_stime=0} ---
10660 <... waitid resumed>{si_signo=SIGCHLD, si_code=CLD_EXITED, si_pid=10686, si_uid=1001, si_status=0, si_utime=0, si_stime=0}, WEXITED, {ru_utime={tv_sec=0, tv_usec=834}, ru_stime={tv_sec=0, tv_usec=5007}, ...}) = 0
10656 tgkill(10646, 10657, SIGURG)      = 0
10657 --- SIGURG {si_signo=SIGURG, si_code=SI_TKILL, si_pid=10646, si_uid=1001} ---
10598 tgkill(10593, 10599, SIGURG)      = 0
10599 --- SIGURG {si_signo=SIGURG, si_code=SI_TKILL, si_pid=10593, si_uid=1001} ---
10599 clone(child_stack=NULL, flags=CLONE_VM|CLONE_PIDFD|CLONE_VFORK|SIGCHLD <unfinished ...>
10598 tgkill(10593, 10599, SIGURG)      = 0
10598 tgkill(10593, 10660, SIGURG)      = 0
10694 execve("/opt/hostedtoolcache/go/1.27.1/arm64/pkg/tool/linux_arm64/compile", ["/opt/hostedtoolcache/go/1.27.1/a"..., "-o", "/tmp/go-build3805767581/b023/_pk"..., "-trimpath", "/tmp/go-build3805767581/b023=>", "-p", "math/bits", "-lang=go1.27", "-std", "-complete", "-buildid", "Zc0PQLlaIx_MgfGvKr9G/Zc0PQLlaIx_"..., "-goversion", "go1.27.1", "-c=4", "-nolocalimports", "-importcfg", "/tmp/go-build3805767581/b023/imp"..., "-pack", "/opt/hostedtoolcache/go/1.27.1/a"..., "/opt/hostedtoolcache/go/1.27.1/a"..., "/opt/hostedtoolcache/go/1.27.1/a"...], 0x6c9426c43688 /* 140 vars */ <unfinished ...>
10660 --- SIGURG {si_signo=SIGURG, si_code=SI_TKILL, si_pid=10593, si_uid=1001} ---
10599 <... clone resumed>, parent_tid=[16]) = 10694
10694 <... execve resumed>)             = 0
10598 tgkill(10593, 10660, SIGURG <unfinished ...>
10660 --- SIGURG {si_signo=SIGURG, si_code=SI_TKILL, si_pid=10593, si_uid=1001} ---
10598 <... tgkill resumed>)             = 0
10599 --- SIGURG {si_signo=SIGURG, si_code=SI_TKILL, si_pid=10593, si_uid=1001} ---
10656 tgkill(10646, 10663, SIGURG)      = 0
10663 --- SIGURG {si_signo=SIGURG, si_code=SI_TKILL, si_pid=10646, si_uid=1001} ---
10656 tgkill(10646, 10662, SIGURG <unfinished ...>
10662 --- SIGURG {si_signo=SIGURG, si_code=SI_TKILL, si_pid=10646, si_uid=1001} ---
10656 <... tgkill resumed>)             = 0
10656 tgkill(10646, 10646, SIGURG)      = 0
10646 --- SIGURG {si_signo=SIGURG, si_code=SI_TKILL, si_pid=10646, si_uid=1001} ---
10598 tgkill(10593, 10660, SIGURG)      = 0
10598 tgkill(10593, 10599, SIGURG)      = 0
10599 --- SIGURG {si_signo=SIGURG, si_code=SI_TKILL, si_pid=10593, si_uid=1001} ---
10660 --- SIGURG {si_signo=SIGURG, si_code=SI_TKILL, si_pid=10593, si_uid=1001} ---
10598 tgkill(10593, 10660, SIGURG <unfinished ...>
10660 waitid(P_PIDFD, 16,  <unfinished ...>
10598 <... tgkill resumed>)             = 0
10660 <... waitid resumed>0x6c9426ef2fb8, WEXITED, 0x6c94269d0240) = ? ERESTARTSYS (To be restarted if SA_RESTART is set)
10660 --- SIGURG {si_signo=SIGURG, si_code=SI_TKILL, si_pid=10593, si_uid=1001} ---
10660 waitid(P_PIDFD, 16,  <unfinished ...>
10681 exit_group(0)                     = ?
10688 +++ exited with 0 +++
10687 +++ exited with 0 +++
10689 +++ exited with 0 +++
10690 +++ exited with 0 +++
10681 +++ exited with 0 +++
10597 <... waitid resumed>{si_signo=SIGCHLD, si_code=CLD_EXITED, si_pid=10681, si_uid=1001, si_status=0, si_utime=0, si_stime=0}, WEXITED, {ru_utime={tv_sec=0, tv_usec=1265}, ru_stime={tv_sec=0, tv_usec=6328}, ...}) = 0
10597 --- SIGCHLD {si_signo=SIGCHLD, si_code=CLD_EXITED, si_pid=10681, si_uid=1001, si_status=0, si_utime=0, si_stime=0} ---
10656 tgkill(10646, 10657, SIGURG <unfinished ...>
10657 --- SIGURG {si_signo=SIGURG, si_code=SI_TKILL, si_pid=10646, si_uid=1001} ---
10656 <... tgkill resumed>)             = 0
10600 clone(child_stack=NULL, flags=CLONE_VM|CLONE_PIDFD|CLONE_VFORK|SIGCHLD <unfinished ...>
10593 clone(child_stack=NULL, flags=CLONE_VM|CLONE_PIDFD|CLONE_VFORK|SIGCHLD <unfinished ...>
10656 tgkill(10646, 10662, SIGURG <unfinished ...>
10662 --- SIGURG {si_signo=SIGURG, si_code=SI_TKILL, si_pid=10646, si_uid=1001} ---
10656 <... tgkill resumed>)             = 0
10696 execve("/opt/hostedtoolcache/go/1.27.1/arm64/pkg/tool/linux_arm64/asm", ["/opt/hostedtoolcache/go/1.27.1/a"..., "-p", "internal/bytealg", "-trimpath", "/tmp/go-build3805767581/b010=>", "-I", "/tmp/go-build3805767581/b010/", "-I", "/opt/hostedtoolcache/go/1.27.1/a"..., "-D", "GOOS_linux", "-D", "GOARCH_arm64", "-std", "-gensymabis", "-o", "/tmp/go-build3805767581/b010/sym"..., "/opt/hostedtoolcache/go/1.27.1/a"..., "/opt/hostedtoolcache/go/1.27.1/a"..., "/opt/hostedtoolcache/go/1.27.1/a"..., "/opt/hostedtoolcache/go/1.27.1/a"..., "/opt/hostedtoolcache/go/1.27.1/a"...], 0x6c9426a72008 /* 140 vars */ <unfinished ...>
10593 <... clone resumed>, parent_tid=[22]) = 10696
10696 <... execve resumed>)             = 0
10593 waitid(P_PIDFD, 22,  <unfinished ...>
10695 execve("/opt/hostedtoolcache/go/1.27.1/arm64/pkg/tool/linux_arm64/compile", ["/opt/hostedtoolcache/go/1.27.1/a"..., "-o", "/tmp/go-build3805767581/b021/_pk"..., "-trimpath", "/tmp/go-build3805767581/b021=>", "-p", "internal/runtime/syscall/linux", "-lang=go1.27", "-std", "-buildid", "wrxSQa6ZjW_K_LdgH8xm/wrxSQa6ZjW_"..., "-goversion", "go1.27.1", "-symabis", "/tmp/go-build3805767581/b021/sym"..., "-c=4", "-nolocalimports", "-importcfg", "/tmp/go-build3805767581/b021/imp"..., "-pack", "-asmhdr", "/tmp/go-build3805767581/b021/go_"..., "/opt/hostedtoolcache/go/1.27.1/a"..., "/opt/hostedtoolcache/go/1.27.1/a"..., "/opt/hostedtoolcache/go/1.27.1/a"...], 0x6c9426d32908 /* 140 vars */ <unfinished ...>
10600 <... clone resumed>, parent_tid=[17]) = 10695
10695 <... execve resumed>)             = 0
10600 waitid(P_PIDFD, 17,  <unfinished ...>
10694 clone(child_stack=0x392633190000, flags=CLONE_VM|CLONE_FS|CLONE_FILES|CLONE_SIGHAND|CLONE_THREAD|CLONE_SYSVSEM) = 10697
10694 clone(child_stack=0x3926331c8000, flags=CLONE_VM|CLONE_FS|CLONE_FILES|CLONE_SIGHAND|CLONE_THREAD|CLONE_SYSVSEM) = 10698
10697 tgkill(10694, 10694, SIGURG)      = 0
10694 clone(child_stack=0x3926331c4000, flags=CLONE_VM|CLONE_FS|CLONE_FILES|CLONE_SIGHAND|CLONE_THREAD|CLONE_SYSVSEM) = 10699
10694 --- SIGURG {si_signo=SIGURG, si_code=SI_TKILL, si_pid=10694, si_uid=1001} ---
10698 clone(child_stack=0x392633218000, flags=CLONE_VM|CLONE_FS|CLONE_FILES|CLONE_SIGHAND|CLONE_THREAD|CLONE_SYSVSEM) = 10700
10695 clone(child_stack=0x301060726000, flags=CLONE_VM|CLONE_FS|CLONE_FILES|CLONE_SIGHAND|CLONE_THREAD|CLONE_SYSVSEM) = 10701
10695 clone(child_stack=0x30106075e000, flags=CLONE_VM|CLONE_FS|CLONE_FILES|CLONE_SIGHAND|CLONE_THREAD|CLONE_SYSVSEM) = 10702
10701 tgkill(10695, 10695, SIGURG)      = 0
10695 clone(child_stack=0x30106075a000, flags=CLONE_VM|CLONE_FS|CLONE_FILES|CLONE_SIGHAND|CLONE_THREAD|CLONE_SYSVSEM) = 10703
10695 --- SIGURG {si_signo=SIGURG, si_code=SI_TKILL, si_pid=10695, si_uid=1001} ---
10702 clone(child_stack=0x301060798000, flags=CLONE_VM|CLONE_FS|CLONE_FILES|CLONE_SIGHAND|CLONE_THREAD|CLONE_SYSVSEM) = 10704
10696 clone(child_stack=0x790b74950000, flags=CLONE_VM|CLONE_FS|CLONE_FILES|CLONE_SIGHAND|CLONE_THREAD|CLONE_SYSVSEM) = 10705
10696 clone(child_stack=0x790b74988000, flags=CLONE_VM|CLONE_FS|CLONE_FILES|CLONE_SIGHAND|CLONE_THREAD|CLONE_SYSVSEM) = 10706
10696 clone(child_stack=0x790b74984000, flags=CLONE_VM|CLONE_FS|CLONE_FILES|CLONE_SIGHAND|CLONE_THREAD|CLONE_SYSVSEM) = 10707
10706 clone(child_stack=0x790b74a18000, flags=CLONE_VM|CLONE_FS|CLONE_FILES|CLONE_SIGHAND|CLONE_THREAD|CLONE_SYSVSEM) = 10708
10697 tgkill(10694, 10698, SIGURG)      = 0
10698 --- SIGURG {si_signo=SIGURG, si_code=SI_TKILL, si_pid=10694, si_uid=1001} ---
10705 tgkill(10696, 10696, SIGURG)      = 0
10696 --- SIGURG {si_signo=SIGURG, si_code=SI_TKILL, si_pid=10696, si_uid=1001} ---
10695 exit_group(0)                     = ?
10702 +++ exited with 0 +++
10701 +++ exited with 0 +++
10704 +++ exited with 0 +++
10703 +++ exited with 0 +++
10695 +++ exited with 0 +++
10600 <... waitid resumed>{si_signo=SIGCHLD, si_code=CLD_EXITED, si_pid=10695, si_uid=1001, si_status=0, si_utime=0, si_stime=0}, WEXITED, {ru_utime={tv_sec=0, tv_usec=11515}, ru_stime={tv_sec=0, tv_usec=6909}, ...}) = 0
10598 --- SIGCHLD {si_signo=SIGCHLD, si_code=CLD_EXITED, si_pid=10695, si_uid=1001, si_status=0, si_utime=1 /* 0.01 s */, si_stime=0} ---
10662 exit_group(0)                     = ?
10663 +++ exited with 0 +++
10662 +++ exited with 0 +++
10657 +++ exited with 0 +++
10656 +++ exited with 0 +++
10658 +++ exited with 0 +++
10598 clone(child_stack=NULL, flags=CLONE_VM|CLONE_PIDFD|CLONE_VFORK|SIGCHLD <unfinished ...>
10694 exit_group(0)                     = ?
10699 +++ exited with 0 +++
10698 +++ exited with 0 +++
10700 +++ exited with 0 +++
10709 execve("/opt/hostedtoolcache/go/1.27.1/arm64/pkg/tool/linux_arm64/asm", ["/opt/hostedtoolcache/go/1.27.1/a"..., "-p", "internal/runtime/syscall/linux", "-trimpath", "/tmp/go-build3805767581/b021=>", "-I", "/tmp/go-build3805767581/b021/", "-I", "/opt/hostedtoolcache/go/1.27.1/a"..., "-D", "GOOS_linux", "-D", "GOARCH_arm64", "-std", "-o", "/tmp/go-build3805767581/b021/asm"..., "/opt/hostedtoolcache/go/1.27.1/a"...], 0x6c9426c72008 /* 140 vars */ <unfinished ...>
10598 <... clone resumed>, parent_tid=[14]) = 10709
10709 <... execve resumed>)             = 0
10598 waitid(P_PIDFD, 14,  <unfinished ...>
10697 +++ exited with 0 +++
10694 +++ exited with 0 +++
10660 <... waitid resumed>{si_signo=SIGCHLD, si_code=CLD_EXITED, si_pid=10694, si_uid=1001, si_status=0, si_utime=0, si_stime=0}, WEXITED, {ru_utime={tv_sec=0, tv_usec=20557}, ru_stime={tv_sec=0, tv_usec=9344}, ...}) = 0
10600 --- SIGCHLD {si_signo=SIGCHLD, si_code=CLD_EXITED, si_pid=10694, si_uid=1001, si_status=0, si_utime=2 /* 0.02 s */, si_stime=1 /* 0.01 s */} ---
10659 +++ exited with 0 +++
10646 +++ exited with 0 +++
10600 --- SIGCHLD {si_signo=SIGCHLD, si_code=CLD_EXITED, si_pid=10646, si_uid=1001, si_status=0, si_utime=16 /* 0.16 s */, si_stime=4 /* 0.04 s */} ---
10596 <... waitid resumed>{si_signo=SIGCHLD, si_code=CLD_EXITED, si_pid=10646, si_uid=1001, si_status=0, si_utime=0, si_stime=0}, WEXITED, {ru_utime={tv_sec=0, tv_usec=155190}, ru_stime={tv_sec=0, tv_usec=40234}, ...}) = 0
10594 tgkill(10593, 10600, SIGURG)      = 0
10600 --- SIGURG {si_signo=SIGURG, si_code=SI_TKILL, si_pid=10593, si_uid=1001} ---
10660 clone(child_stack=NULL, flags=CLONE_VM|CLONE_PIDFD|CLONE_VFORK|SIGCHLD <unfinished ...>
10710 execve("/opt/hostedtoolcache/go/1.27.1/arm64/pkg/tool/linux_arm64/asm", ["/opt/hostedtoolcache/go/1.27.1/a"..., "-p", "internal/abi", "-trimpath", "/tmp/go-build3805767581/b005=>", "-I", "/tmp/go-build3805767581/b005/", "-I", "/opt/hostedtoolcache/go/1.27.1/a"..., "-D", "GOOS_linux", "-D", "GOARCH_arm64", "-std", "-o", "/tmp/go-build3805767581/b005/abi"..., "/opt/hostedtoolcache/go/1.27.1/a"...], 0x6c9426d32d88 /* 140 vars */ <unfinished ...>
10660 <... clone resumed>, parent_tid=[15]) = 10710
10710 <... execve resumed>)             = 0
10660 waitid(P_PIDFD, 15,  <unfinished ...>
10709 clone(child_stack=0x41b9abb4c000, flags=CLONE_VM|CLONE_FS|CLONE_FILES|CLONE_SIGHAND|CLONE_THREAD|CLONE_SYSVSEM) = 10711
10709 clone(child_stack=0x41b9abb88000, flags=CLONE_VM|CLONE_FS|CLONE_FILES|CLONE_SIGHAND|CLONE_THREAD|CLONE_SYSVSEM) = 10712
10709 clone(child_stack=0x41b9abb84000, flags=CLONE_VM|CLONE_FS|CLONE_FILES|CLONE_SIGHAND|CLONE_THREAD|CLONE_SYSVSEM) = 10713
10712 clone(child_stack=0x41b9abbb0000, flags=CLONE_VM|CLONE_FS|CLONE_FILES|CLONE_SIGHAND|CLONE_THREAD|CLONE_SYSVSEM) = 10714
10600 clone(child_stack=NULL, flags=CLONE_VM|CLONE_PIDFD|CLONE_VFORK|SIGCHLD <unfinished ...>
10696 exit_group(0)                     = ?
10708 +++ exited with 0 +++
10707 +++ exited with 0 +++
10706 +++ exited with 0 +++
10715 execve("/opt/hostedtoolcache/go/1.27.1/arm64/pkg/tool/linux_arm64/asm", ["/opt/hostedtoolcache/go/1.27.1/a"..., "-p", "internal/chacha8rand", "-trimpath", "/tmp/go-build3805767581/b013=>", "-I", "/tmp/go-build3805767581/b013/", "-I", "/opt/hostedtoolcache/go/1.27.1/a"..., "-D", "GOOS_linux", "-D", "GOARCH_arm64", "-std", "-gensymabis", "-o", "/tmp/go-build3805767581/b013/sym"..., "/opt/hostedtoolcache/go/1.27.1/a"...], 0x6c9426a72d88 /* 140 vars */ <unfinished ...>
10600 <... clone resumed>, parent_tid=[16]) = 10715
10715 <... execve resumed>)             = 0
10705 +++ exited with 0 +++
10696 +++ exited with 0 +++
10593 <... waitid resumed>{si_signo=SIGCHLD, si_code=CLD_EXITED, si_pid=10696, si_uid=1001, si_status=0, si_utime=0, si_stime=0}, WEXITED, {ru_utime={tv_sec=0, tv_usec=1316}, ru_stime={tv_sec=0, tv_usec=10531}, ...}) = 0
10594 --- SIGCHLD {si_signo=SIGCHLD, si_code=CLD_EXITED, si_pid=10696, si_uid=1001, si_status=0, si_utime=0, si_stime=0} ---
10710 clone(child_stack=0x206b53348000, flags=CLONE_VM|CLONE_FS|CLONE_FILES|CLONE_SIGHAND|CLONE_THREAD|CLONE_SYSVSEM) = 10716
10600 waitid(P_PIDFD, 16,  <unfinished ...>
10710 clone(child_stack=0x206b53380000, flags=CLONE_VM|CLONE_FS|CLONE_FILES|CLONE_SIGHAND|CLONE_THREAD|CLONE_SYSVSEM) = 10717
10716 tgkill(10710, 10710, SIGURG)      = 0
10710 clone(child_stack=0x206b5337c000, flags=CLONE_VM|CLONE_FS|CLONE_FILES|CLONE_SIGHAND|CLONE_THREAD|CLONE_SYSVSEM) = 10718
10710 --- SIGURG {si_signo=SIGURG, si_code=SI_TKILL, si_pid=10710, si_uid=1001} ---
10717 clone(child_stack=0x206b53418000, flags=CLONE_VM|CLONE_FS|CLONE_FILES|CLONE_SIGHAND|CLONE_THREAD|CLONE_SYSVSEM) = 10719
10718 clone(child_stack=0x206b53414000, flags=CLONE_VM|CLONE_FS|CLONE_FILES|CLONE_SIGHAND|CLONE_THREAD|CLONE_SYSVSEM) = 10720
10596 clone(child_stack=NULL, flags=CLONE_VM|CLONE_PIDFD|CLONE_VFORK|SIGCHLD <unfinished ...>
10709 exit_group(0)                     = ?
10713 +++ exited with 0 +++
10711 +++ exited with 0 +++
10712 +++ exited with 0 +++
10714 +++ exited with 0 +++
10709 +++ exited with 0 +++
10598 <... waitid resumed>{si_signo=SIGCHLD, si_code=CLD_EXITED, si_pid=10709, si_uid=1001, si_status=0, si_utime=0, si_stime=0}, WEXITED, {ru_utime={tv_sec=0, tv_usec=4329}, ru_stime={tv_sec=0, tv_usec=2886}, ...}) = 0
10594 --- SIGCHLD {si_signo=SIGCHLD, si_code=CLD_EXITED, si_pid=10709, si_uid=1001, si_status=0, si_utime=0, si_stime=0} ---
10721 execve("/opt/hostedtoolcache/go/1.27.1/arm64/pkg/tool/linux_arm64/compile", ["/opt/hostedtoolcache/go/1.27.1/a"..., "-o", "/tmp/go-build3805767581/b010/_pk"..., "-trimpath", "/tmp/go-build3805767581/b010=>", "-p", "internal/bytealg", "-lang=go1.27", "-std", "-buildid", "WXxliEaw6GJNuYmN6A_V/WXxliEaw6GJ"..., "-goversion", "go1.27.1", "-symabis", "/tmp/go-build3805767581/b010/sym"..., "-c=4", "-nolocalimports", "-importcfg", "/tmp/go-build3805767581/b010/imp"..., "-pack", "-asmhdr", "/tmp/go-build3805767581/b010/go_"..., "/opt/hostedtoolcache/go/1.27.1/a"..., "/opt/hostedtoolcache/go/1.27.1/a"..., "/opt/hostedtoolcache/go/1.27.1/a"..., "/opt/hostedtoolcache/go/1.27.1/a"..., "/opt/hostedtoolcache/go/1.27.1/a"..., "/opt/hostedtoolcache/go/1.27.1/a"..., "/opt/hostedtoolcache/go/1.27.1/a"..., "/opt/hostedtoolcache/go/1.27.1/a"..., "/opt/hostedtoolcache/go/1.27.1/a"...], 0x6c9426c72908 /* 140 vars */ <unfinished ...>
10596 <... clone resumed>, parent_tid=[18]) = 10721
10721 <... execve resumed>)             = 0
10596 waitid(P_PIDFD, 18,  <unfinished ...>
10710 exit_group(0)                     = ?
10720 +++ exited with 0 +++
10718 +++ exited with 0 +++
10717 +++ exited with 0 +++
10716 +++ exited with 0 +++
10719 +++ exited with 0 +++
10710 +++ exited with 0 +++
10594 --- SIGCHLD {si_signo=SIGCHLD, si_code=CLD_EXITED, si_pid=10710, si_uid=1001, si_status=0, si_utime=0, si_stime=0} ---
10660 <... waitid resumed>{si_signo=SIGCHLD, si_code=CLD_EXITED, si_pid=10710, si_uid=1001, si_status=0, si_utime=0, si_stime=0}, WEXITED, {ru_utime={tv_sec=0, tv_usec=2143}, ru_stime={tv_sec=0, tv_usec=4286}, ...}) = 0
10715 clone(child_stack=0x17d4a73ce000, flags=CLONE_VM|CLONE_FS|CLONE_FILES|CLONE_SIGHAND|CLONE_THREAD|CLONE_SYSVSEM) = 10722
10598 clone(child_stack=NULL, flags=CLONE_VM|CLONE_PIDFD|CLONE_VFORK|SIGCHLD <unfinished ...>
10715 clone(child_stack=0x17d4a7408000, flags=CLONE_VM|CLONE_FS|CLONE_FILES|CLONE_SIGHAND|CLONE_THREAD|CLONE_SYSVSEM <unfinished ...>
10722 tgkill(10715, 10715, SIGURG)      = 0
10715 <... clone resumed>)              = 10724
10715 --- SIGURG {si_signo=SIGURG, si_code=SI_TKILL, si_pid=10715, si_uid=1001} ---
10715 clone(child_stack=0x17d4a7404000, flags=CLONE_VM|CLONE_FS|CLONE_FILES|CLONE_SIGHAND|CLONE_THREAD|CLONE_SYSVSEM) = 10725
10724 clone(child_stack=0x17d4a7428000, flags=CLONE_VM|CLONE_FS|CLONE_FILES|CLONE_SIGHAND|CLONE_THREAD|CLONE_SYSVSEM) = 10726
10723 execve("/opt/hostedtoolcache/go/1.27.1/arm64/pkg/tool/linux_arm64/asm", ["/opt/hostedtoolcache/go/1.27.1/a"..., "-p", "internal/abi", "-trimpath", "/tmp/go-build3805767581/b005=>", "-I", "/tmp/go-build3805767581/b005/", "-I", "/opt/hostedtoolcache/go/1.27.1/a"..., "-D", "GOOS_linux", "-D", "GOARCH_arm64", "-std", "-o", "/tmp/go-build3805767581/b005/stu"..., "/opt/hostedtoolcache/go/1.27.1/a"...], 0x6c9426c42d88 /* 140 vars */ <unfinished ...>
10598 <... clone resumed>, parent_tid=[13]) = 10723
10723 <... execve resumed>)             = 0
10598 waitid(P_PIDFD, 13,  <unfinished ...>
10721 clone(child_stack=0x6b97a567e000, flags=CLONE_VM|CLONE_FS|CLONE_FILES|CLONE_SIGHAND|CLONE_THREAD|CLONE_SYSVSEM) = 10727
10721 clone(child_stack=0x6b97a56b6000, flags=CLONE_VM|CLONE_FS|CLONE_FILES|CLONE_SIGHAND|CLONE_THREAD|CLONE_SYSVSEM) = 10728
10727 tgkill(10721, 10721, SIGURG <unfinished ...>
10721 clone(child_stack=0x6b97a56b2000, flags=CLONE_VM|CLONE_FS|CLONE_FILES|CLONE_SIGHAND|CLONE_THREAD|CLONE_SYSVSEM <unfinished ...>
10727 <... tgkill resumed>)             = 0
10721 <... clone resumed>)              = 10729
10721 --- SIGURG {si_signo=SIGURG, si_code=SI_TKILL, si_pid=10721, si_uid=1001} ---
10721 clone(child_stack=0x6b97a56da000, flags=CLONE_VM|CLONE_FS|CLONE_FILES|CLONE_SIGHAND|CLONE_THREAD|CLONE_SYSVSEM <unfinished ...>
10728 clone(child_stack=0x6b97a56d6000, flags=CLONE_VM|CLONE_FS|CLONE_FILES|CLONE_SIGHAND|CLONE_THREAD|CLONE_SYSVSEM) = 10731
10721 <... clone resumed>)              = 10730
10715 exit_group(0)                     = ?
10726 +++ exited with 0 +++
10725 +++ exited with 0 +++
10724 +++ exited with 0 +++
10722 +++ exited with 0 +++
10715 +++ exited with 0 +++
10660 --- SIGCHLD {si_signo=SIGCHLD, si_code=CLD_EXITED, si_pid=10715, si_uid=1001, si_status=0, si_utime=0, si_stime=0} ---
10600 <... waitid resumed>{si_signo=SIGCHLD, si_code=CLD_EXITED, si_pid=10715, si_uid=1001, si_status=0, si_utime=0, si_stime=0}, WEXITED, {ru_utime={tv_sec=0, tv_usec=1440}, ru_stime={tv_sec=0, tv_usec=5760}, ...}) = 0
10593 clone(child_stack=NULL, flags=CLONE_VM|CLONE_PIDFD|CLONE_VFORK|SIGCHLD <unfinished ...>
10660 clone(child_stack=NULL, flags=CLONE_VM|CLONE_PIDFD|CLONE_VFORK|SIGCHLD <unfinished ...>
10594 tgkill(10593, 10593, SIGURG <unfinished ...>
10723 clone(child_stack=0x580832468000, flags=CLONE_VM|CLONE_FS|CLONE_FILES|CLONE_SIGHAND|CLONE_THREAD|CLONE_SYSVSEM <unfinished ...>
10594 <... tgkill resumed>)             = 0
10723 <... clone resumed>)              = 10734
10723 clone(child_stack=0x5808324a0000, flags=CLONE_VM|CLONE_FS|CLONE_FILES|CLONE_SIGHAND|CLONE_THREAD|CLONE_SYSVSEM) = 10735
10723 clone(child_stack=0x58083249c000, flags=CLONE_VM|CLONE_FS|CLONE_FILES|CLONE_SIGHAND|CLONE_THREAD|CLONE_SYSVSEM) = 10736
10735 clone(child_stack=0x580832518000, flags=CLONE_VM|CLONE_FS|CLONE_FILES|CLONE_SIGHAND|CLONE_THREAD|CLONE_SYSVSEM) = 10737
10732 execve("/opt/hostedtoolcache/go/1.27.1/arm64/pkg/tool/linux_arm64/asm", ["/opt/hostedtoolcache/go/1.27.1/a"..., "-p", "internal/runtime/atomic", "-trimpath", "/tmp/go-build3805767581/b019=>", "-I", "/tmp/go-build3805767581/b019/", "-I", "/opt/hostedtoolcache/go/1.27.1/a"..., "-D", "GOOS_linux", "-D", "GOARCH_arm64", "-std", "-gensymabis", "-o", "/tmp/go-build3805767581/b019/sym"..., "/opt/hostedtoolcache/go/1.27.1/a"...], 0x6c9426a73688 /* 140 vars */ <unfinished ...>
10593 <... clone resumed>, parent_tid=[16]) = 10732
10732 <... execve resumed>)             = 0
10593 --- SIGURG {si_signo=SIGURG, si_code=SI_TKILL, si_pid=10593, si_uid=1001} ---
10594 tgkill(10593, 10593, SIGURG)      = 0
10593 --- SIGURG {si_signo=SIGURG, si_code=SI_TKILL, si_pid=10593, si_uid=1001} ---
10734 tgkill(10723, 10723, SIGURG)      = 0
10723 --- SIGURG {si_signo=SIGURG, si_code=SI_TKILL, si_pid=10723, si_uid=1001} ---
10733 execve("/opt/hostedtoolcache/go/1.27.1/arm64/pkg/tool/linux_arm64/compile", ["/opt/hostedtoolcache/go/1.27.1/a"..., "-o", "/tmp/go-build3805767581/b013/_pk"..., "-trimpath", "/tmp/go-build3805767581/b013=>", "-p", "internal/chacha8rand", "-lang=go1.27", "-std", "-buildid", "AbtP_dvRHon_4T8hwPZW/AbtP_dvRHon"..., "-goversion", "go1.27.1", "-symabis", "/tmp/go-build3805767581/b013/sym"..., "-c=4", "-nolocalimports", "-importcfg", "/tmp/go-build3805767581/b013/imp"..., "-pack", "-asmhdr", "/tmp/go-build3805767581/b013/go_"..., "/opt/hostedtoolcache/go/1.27.1/a"..., "/opt/hostedtoolcache/go/1.27.1/a"...], 0x6c9426c73688 /* 140 vars */) = 0
10660 <... clone resumed>, parent_tid=[22]) = 10733
10597 waitid(P_PIDFD, 16,  <unfinished ...>
10660 waitid(P_PIDFD, 22,  <unfinished ...>
10736 exit_group(0)                     = ?
10737 +++ exited with 0 +++
10734 +++ exited with 0 +++
10736 +++ exited with 0 +++
10735 +++ exited with 0 +++
10723 +++ exited with 0 +++
10598 <... waitid resumed>{si_signo=SIGCHLD, si_code=CLD_EXITED, si_pid=10723, si_uid=1001, si_status=0, si_utime=0, si_stime=0}, WEXITED, {ru_utime={tv_sec=0, tv_usec=1127}, ru_stime={tv_sec=0, tv_usec=4511}, ...}) = 0
10600 --- SIGCHLD {si_signo=SIGCHLD, si_code=CLD_EXITED, si_pid=10723, si_uid=1001, si_status=0, si_utime=0, si_stime=0} ---
10732 clone(child_stack=0x3d7dd7842000, flags=CLONE_VM|CLONE_FS|CLONE_FILES|CLONE_SIGHAND|CLONE_THREAD|CLONE_SYSVSEM) = 10738
10738 tgkill(10732, 10732, SIGURG)      = 0
10732 clone(child_stack=0x3d7dd787a000, flags=CLONE_VM|CLONE_FS|CLONE_FILES|CLONE_SIGHAND|CLONE_THREAD|CLONE_SYSVSEM) = 10739
10732 --- SIGURG {si_signo=SIGURG, si_code=SI_TKILL, si_pid=10732, si_uid=1001} ---
10738 tgkill(10732, 10732, SIGURG)      = 0
10732 clone(child_stack=0x3d7dd7876000, flags=CLONE_VM|CLONE_FS|CLONE_FILES|CLONE_SIGHAND|CLONE_THREAD|CLONE_SYSVSEM) = 10740
10732 --- SIGURG {si_signo=SIGURG, si_code=SI_TKILL, si_pid=10732, si_uid=1001} ---
10739 clone(child_stack=0x3d7dd78a0000, flags=CLONE_VM|CLONE_FS|CLONE_FILES|CLONE_SIGHAND|CLONE_THREAD|CLONE_SYSVSEM) = 10741
10730 exit_group(0)                     = ?
10731 +++ exited with 0 +++
10730 +++ exited with 0 +++
10728 +++ exited with 0 +++
10727 +++ exited with 0 +++
10729 +++ exited with 0 +++
10721 +++ exited with 0 +++
10600 --- SIGCHLD {si_signo=SIGCHLD, si_code=CLD_EXITED, si_pid=10721, si_uid=1001, si_status=0, si_utime=1 /* 0.01 s */, si_stime=0} ---
10596 <... waitid resumed>{si_signo=SIGCHLD, si_code=CLD_EXITED, si_pid=10721, si_uid=1001, si_status=0, si_utime=0, si_stime=0}, WEXITED, {ru_utime={tv_sec=0, tv_usec=12339}, ru_stime={tv_sec=0, tv_usec=7403}, ...}) = 0
10733 clone(child_stack=0x58f852ff6000, flags=CLONE_VM|CLONE_FS|CLONE_FILES|CLONE_SIGHAND|CLONE_THREAD|CLONE_SYSVSEM) = 10742
10733 clone(child_stack=0x58f85302e000, flags=CLONE_VM|CLONE_FS|CLONE_FILES|CLONE_SIGHAND|CLONE_THREAD|CLONE_SYSVSEM) = 10743
10742 tgkill(10733, 10733, SIGURG)      = 0
10733 clone(child_stack=0x58f85302a000, flags=CLONE_VM|CLONE_FS|CLONE_FILES|CLONE_SIGHAND|CLONE_THREAD|CLONE_SYSVSEM) = 10744
10733 --- SIGURG {si_signo=SIGURG, si_code=SI_TKILL, si_pid=10733, si_uid=1001} ---
10743 clone(child_stack=0x58f853098000, flags=CLONE_VM|CLONE_FS|CLONE_FILES|CLONE_SIGHAND|CLONE_THREAD|CLONE_SYSVSEM) = 10745
10598 clone(child_stack=NULL, flags=CLONE_VM|CLONE_PIDFD|CLONE_VFORK|SIGCHLD <unfinished ...>
10732 exit_group(0)                     = ?
10741 +++ exited with 0 +++
10740 +++ exited with 0 +++
10738 +++ exited with 0 +++
10594 tgkill(10593, 10600, SIGURG)      = 0
10600 --- SIGURG {si_signo=SIGURG, si_code=SI_TKILL, si_pid=10593, si_uid=1001} ---
10739 +++ exited with 0 +++
10732 +++ exited with 0 +++
10593 --- SIGCHLD {si_signo=SIGCHLD, si_code=CLD_EXITED, si_pid=10732, si_uid=1001, si_status=0, si_utime=0, si_stime=0} ---
10597 <... waitid resumed>{si_signo=SIGCHLD, si_code=CLD_EXITED, si_pid=10732, si_uid=1001, si_status=0, si_utime=0, si_stime=0}, WEXITED, {ru_utime={tv_sec=0, tv_usec=1650}, ru_stime={tv_sec=0, tv_usec=4952}, ...}) = 0
10746 execve("/opt/hostedtoolcache/go/1.27.1/arm64/pkg/tool/linux_arm64/asm", ["/opt/hostedtoolcache/go/1.27.1/a"..., "-p", "internal/bytealg", "-trimpath", "/tmp/go-build3805767581/b010=>", "-I", "/tmp/go-build3805767581/b010/", "-I", "/opt/hostedtoolcache/go/1.27.1/a"..., "-D", "GOOS_linux", "-D", "GOARCH_arm64", "-std", "-o", "/tmp/go-build3805767581/b010/com"..., "/opt/hostedtoolcache/go/1.27.1/a"...], 0x6c9426d33208 /* 140 vars */ <unfinished ...>
10598 <... clone resumed>, parent_tid=[14]) = 10746
10746 <... execve resumed>)             = 0
10596 clone(child_stack=NULL, flags=CLONE_VM|CLONE_PIDFD|CLONE_VFORK|SIGCHLD <unfinished ...>
10598 waitid(P_PIDFD, 14,  <unfinished ...>
10747 execve("/opt/hostedtoolcache/go/1.27.1/arm64/pkg/tool/linux_arm64/compile", ["/opt/hostedtoolcache/go/1.27.1/a"..., "-o", "/tmp/go-build3805767581/b019/_pk"..., "-trimpath", "/tmp/go-build3805767581/b019=>", "-p", "internal/runtime/atomic", "-lang=go1.27", "-std", "-buildid", "JLvm72GCidsaQcYveEya/JLvm72GCids"..., "-goversion", "go1.27.1", "-symabis", "/tmp/go-build3805767581/b019/sym"..., "-c=4", "-nolocalimports", "-importcfg", "/tmp/go-build3805767581/b019/imp"..., "-pack", "-asmhdr", "/tmp/go-build3805767581/b019/go_"..., "/opt/hostedtoolcache/go/1.27.1/a"..., "/opt/hostedtoolcache/go/1.27.1/a"..., "/opt/hostedtoolcache/go/1.27.1/a"..., "/opt/hostedtoolcache/go/1.27.1/a"..., "/opt/hostedtoolcache/go/1.27.1/a"..., "/opt/hostedtoolcache/go/1.27.1/a"..., "/opt/hostedtoolcache/go/1.27.1/a"..., "/opt/hostedtoolcache/go/1.27.1/a"...], 0x6c9426f00908 /* 140 vars */ <unfinished ...>
10596 <... clone resumed>, parent_tid=[8]) = 10747
10747 <... execve resumed>)             = 0
10596 waitid(P_PIDFD, 8,  <unfinished ...>
10742 tgkill(10733, 10733, SIGURG)      = 0
10733 --- SIGURG {si_signo=SIGURG, si_code=SI_TKILL, si_pid=10733, si_uid=1001} ---
10746 clone(child_stack=0x3f6df43c2000, flags=CLONE_VM|CLONE_FS|CLONE_FILES|CLONE_SIGHAND|CLONE_THREAD|CLONE_SYSVSEM) = 10748
10748 tgkill(10746, 10746, SIGURG)      = 0
10747 clone(child_stack=0x4bb502e7e000, flags=CLONE_VM|CLONE_FS|CLONE_FILES|CLONE_SIGHAND|CLONE_THREAD|CLONE_SYSVSEM) = 10749
10747 clone(child_stack=0x4bb502eb6000, flags=CLONE_VM|CLONE_FS|CLONE_FILES|CLONE_SIGHAND|CLONE_THREAD|CLONE_SYSVSEM) = 10750
10749 tgkill(10747, 10747, SIGURG)      = 0
10747 --- SIGURG {si_signo=SIGURG, si_code=SI_TKILL, si_pid=10747, si_uid=1001} ---
10746 --- SIGURG {si_signo=SIGURG, si_code=SI_TKILL, si_pid=10746, si_uid=1001} ---
10748 tgkill(10746, 10746, SIGURG <unfinished ...>
10747 clone(child_stack=0x4bb502eb2000, flags=CLONE_VM|CLONE_FS|CLONE_FILES|CLONE_SIGHAND|CLONE_THREAD|CLONE_SYSVSEM <unfinished ...>
10746 clone(child_stack=0x3f6df43fa000, flags=CLONE_VM|CLONE_FS|CLONE_FILES|CLONE_SIGHAND|CLONE_THREAD|CLONE_SYSVSEM <unfinished ...>
10748 <... tgkill resumed>)             = 0
10750 clone(child_stack=0x4bb502f18000, flags=CLONE_VM|CLONE_FS|CLONE_FILES|CLONE_SIGHAND|CLONE_THREAD|CLONE_SYSVSEM <unfinished ...>
10747 <... clone resumed>)              = 10751
10750 <... clone resumed>)              = 10752
10753 clone(child_stack=0x3f6df43f6000, flags=CLONE_VM|CLONE_FS|CLONE_FILES|CLONE_SIGHAND|CLONE_THREAD|CLONE_SYSVSEM) = 10754
10746 <... clone resumed>)              = 10753
10746 --- SIGURG {si_signo=SIGURG, si_code=SI_TKILL, si_pid=10746, si_uid=1001} ---
10746 clone(child_stack=0x3f6df44a8000, flags=CLONE_VM|CLONE_FS|CLONE_FILES|CLONE_SIGHAND|CLONE_THREAD|CLONE_SYSVSEM) = 10755
10599 clone(child_stack=NULL, flags=CLONE_VM|CLONE_PIDFD|CLONE_VFORK|SIGCHLD <unfinished ...>
10756 execve("/opt/hostedtoolcache/go/1.27.1/arm64/pkg/tool/linux_arm64/compile", ["/opt/hostedtoolcache/go/1.27.1/a"..., "-o", "/tmp/go-build3805767581/b022/_pk"..., "-trimpath", "/tmp/go-build3805767581/b022=>", "-p", "internal/strconv", "-lang=go1.27", "-std", "-complete", "-buildid", "p5miu0k1RXZEa3AC8Xsr/p5miu0k1RXZ"..., "-goversion", "go1.27.1", "-c=4", "-nolocalimports", "-importcfg", "/tmp/go-build3805767581/b022/imp"..., "-pack", "/opt/hostedtoolcache/go/1.27.1/a"..., "/opt/hostedtoolcache/go/1.27.1/a"..., "/opt/hostedtoolcache/go/1.27.1/a"..., "/opt/hostedtoolcache/go/1.27.1/a"..., "/opt/hostedtoolcache/go/1.27.1/a"..., "/opt/hostedtoolcache/go/1.27.1/a"..., "/opt/hostedtoolcache/go/1.27.1/a"..., "/opt/hostedtoolcache/go/1.27.1/a"..., "/opt/hostedtoolcache/go/1.27.1/a"..., "/opt/hostedtoolcache/go/1.27.1/a"..., "/opt/hostedtoolcache/go/1.27.1/a"...], 0x6c9426f00908 /* 140 vars */ <unfinished ...>
10599 <... clone resumed>, parent_tid=[16]) = 10756
10756 <... execve resumed>)             = 0
10749 clone(child_stack=0x4bb502f2c000, flags=CLONE_VM|CLONE_FS|CLONE_FILES|CLONE_SIGHAND|CLONE_THREAD|CLONE_SYSVSEM) = 10757
10599 waitid(P_PIDFD, 16,  <unfinished ...>
10746 exit_group(0)                     = ?
10748 +++ exited with 0 +++
10754 +++ exited with 0 +++
10753 +++ exited with 0 +++
10755 +++ exited with 0 +++
10746 +++ exited with 0 +++
10598 <... waitid resumed>{si_signo=SIGCHLD, si_code=CLD_EXITED, si_pid=10746, si_uid=1001, si_status=0, si_utime=0, si_stime=0}, WEXITED, {ru_utime={tv_sec=0, tv_usec=4065}, ru_stime={tv_sec=0, tv_usec=4065}, ...}) = 0
10593 --- SIGCHLD {si_signo=SIGCHLD, si_code=CLD_EXITED, si_pid=10746, si_uid=1001, si_status=0, si_utime=0, si_stime=0} ---
10593 clone(child_stack=NULL, flags=CLONE_VM|CLONE_PIDFD|CLONE_VFORK|SIGCHLD <unfinished ...>
10749 tgkill(10747, 10752, SIGURG)      = 0
10752 --- SIGURG {si_signo=SIGURG, si_code=SI_TKILL, si_pid=10747, si_uid=1001} ---
10756 clone(child_stack=0x79c19a88c000, flags=CLONE_VM|CLONE_FS|CLONE_FILES|CLONE_SIGHAND|CLONE_THREAD|CLONE_SYSVSEM) = 10759
10756 clone(child_stack=0x79c19a8c4000, flags=CLONE_VM|CLONE_FS|CLONE_FILES|CLONE_SIGHAND|CLONE_THREAD|CLONE_SYSVSEM) = 10760
10756 clone(child_stack=0x79c19a8c0000, flags=CLONE_VM|CLONE_FS|CLONE_FILES|CLONE_SIGHAND|CLONE_THREAD|CLONE_SYSVSEM) = 10761
10744 exit_group(0 <unfinished ...>
10760 clone(child_stack=0x79c19a918000, flags=CLONE_VM|CLONE_FS|CLONE_FILES|CLONE_SIGHAND|CLONE_THREAD|CLONE_SYSVSEM <unfinished ...>
10744 <... exit_group resumed>)         = ?
10744 +++ exited with 0 +++
10743 +++ exited with 0 +++
10760 <... clone resumed>)              = 10762
10745 +++ exited with 0 +++
10742 +++ exited with 0 +++
10733 +++ exited with 0 +++
10660 <... waitid resumed>{si_signo=SIGCHLD, si_code=CLD_EXITED, si_pid=10733, si_uid=1001, si_status=0, si_utime=0, si_stime=0}, WEXITED, {ru_utime={tv_sec=0, tv_usec=17842}, ru_stime={tv_sec=0, tv_usec=11269}, ...}) = 0
10660 --- SIGCHLD {si_signo=SIGCHLD, si_code=CLD_EXITED, si_pid=10733, si_uid=1001, si_status=0, si_utime=1 /* 0.01 s */, si_stime=1 /* 0.01 s */} ---
10758 execve("/opt/hostedtoolcache/go/1.27.1/arm64/pkg/tool/linux_arm64/asm", ["/opt/hostedtoolcache/go/1.27.1/a"..., "-p", "internal/bytealg", "-trimpath", "/tmp/go-build3805767581/b010=>", "-I", "/tmp/go-build3805767581/b010/", "-I", "/opt/hostedtoolcache/go/1.27.1/a"..., "-D", "GOOS_linux", "-D", "GOARCH_arm64", "-std", "-o", "/tmp/go-build3805767581/b010/cou"..., "/opt/hostedtoolcache/go/1.27.1/a"...], 0x6c9426d32908 /* 140 vars */ <unfinished ...>
10593 <... clone resumed>, parent_tid=[14]) = 10758
10758 <... execve resumed>)             = 0
10593 waitid(P_PIDFD, 14,  <unfinished ...>
10598 clone(child_stack=NULL, flags=CLONE_VM|CLONE_PIDFD|CLONE_VFORK|SIGCHLD <unfinished ...>
10763 execve("/opt/hostedtoolcache/go/1.27.1/arm64/pkg/tool/linux_arm64/asm", ["/opt/hostedtoolcache/go/1.27.1/a"..., "-p", "internal/chacha8rand", "-trimpath", "/tmp/go-build3805767581/b013=>", "-I", "/tmp/go-build3805767581/b013/", "-I", "/opt/hostedtoolcache/go/1.27.1/a"..., "-D", "GOOS_linux", "-D", "GOARCH_arm64", "-std", "-o", "/tmp/go-build3805767581/b013/cha"..., "/opt/hostedtoolcache/go/1.27.1/a"...], 0x6c9426f00d88 /* 140 vars */ <unfinished ...>
10598 <... clone resumed>, parent_tid=[18]) = 10763
10763 <... execve resumed>)             = 0
10598 waitid(P_PIDFD, 18,  <unfinished ...>
10759 clone(child_stack=0x79c19a92c000, flags=CLONE_VM|CLONE_FS|CLONE_FILES|CLONE_SIGHAND|CLONE_THREAD|CLONE_SYSVSEM) = 10764
10758 clone(child_stack=0x7f352e274000, flags=CLONE_VM|CLONE_FS|CLONE_FILES|CLONE_SIGHAND|CLONE_THREAD|CLONE_SYSVSEM) = 10765
10758 clone(child_stack=0x7f352e2ac000, flags=CLONE_VM|CLONE_FS|CLONE_FILES|CLONE_SIGHAND|CLONE_THREAD|CLONE_SYSVSEM) = 10766
10758 clone(child_stack=0x7f352e2a8000, flags=CLONE_VM|CLONE_FS|CLONE_FILES|CLONE_SIGHAND|CLONE_THREAD|CLONE_SYSVSEM) = 10767
10766 clone(child_stack=0x7f352e318000, flags=CLONE_VM|CLONE_FS|CLONE_FILES|CLONE_SIGHAND|CLONE_THREAD|CLONE_SYSVSEM) = 10768
10752 exit_group(0)                     = ?
10750 +++ exited with 0 +++
10757 +++ exited with 0 +++
10752 +++ exited with 0 +++
10749 +++ exited with 0 +++
10751 +++ exited with 0 +++
10747 +++ exited with 0 +++
10596 <... waitid resumed>{si_signo=SIGCHLD, si_code=CLD_EXITED, si_pid=10747, si_uid=1001, si_status=0, si_utime=0, si_stime=0}, WEXITED, {ru_utime={tv_sec=0, tv_usec=28909}, ru_stime={tv_sec=0, tv_usec=11563}, ...}) = 0
10596 --- SIGCHLD {si_signo=SIGCHLD, si_code=CLD_EXITED, si_pid=10747, si_uid=1001, si_status=0, si_utime=2 /* 0.02 s */, si_stime=1 /* 0.01 s */} ---
10594 tgkill(10593, 10596, SIGURG)      = 0
10596 --- SIGURG {si_signo=SIGURG, si_code=SI_TKILL, si_pid=10593, si_uid=1001} ---
10758 exit_group(0)                     = ?
10768 +++ exited with 0 +++
10765 +++ exited with 0 +++
10763 clone(child_stack=0x3053aace4000, flags=CLONE_VM|CLONE_FS|CLONE_FILES|CLONE_SIGHAND|CLONE_THREAD|CLONE_SYSVSEM <unfinished ...>
10766 +++ exited with 0 +++
10763 <... clone resumed>)              = 10769
10767 +++ exited with 0 +++
10758 +++ exited with 0 +++
10597 --- SIGCHLD {si_signo=SIGCHLD, si_code=CLD_EXITED, si_pid=10758, si_uid=1001, si_status=0, si_utime=0, si_stime=0} ---
10763 clone(child_stack=0x3053aad1c000, flags=CLONE_VM|CLONE_FS|CLONE_FILES|CLONE_SIGHAND|CLONE_THREAD|CLONE_SYSVSEM <unfinished ...>
10593 <... waitid resumed>{si_signo=SIGCHLD, si_code=CLD_EXITED, si_pid=10758, si_uid=1001, si_status=0, si_utime=0, si_stime=0}, WEXITED, {ru_utime={tv_sec=0, tv_usec=0}, ru_stime={tv_sec=0, tv_usec=6469}, ...}) = 0
10763 <... clone resumed>)              = 10770
10763 clone(child_stack=0x3053aad18000, flags=CLONE_VM|CLONE_FS|CLONE_FILES|CLONE_SIGHAND|CLONE_THREAD|CLONE_SYSVSEM <unfinished ...>
10597 clone(child_stack=NULL, flags=CLONE_VM|CLONE_PIDFD|CLONE_VFORK|SIGCHLD <unfinished ...>
10763 <... clone resumed>)              = 10771
10770 clone(child_stack=0x3053aad98000, flags=CLONE_VM|CLONE_FS|CLONE_FILES|CLONE_SIGHAND|CLONE_THREAD|CLONE_SYSVSEM) = 10773
10596 clone(child_stack=NULL, flags=CLONE_VM|CLONE_PIDFD|CLONE_VFORK|SIGCHLD <unfinished ...>
10772 execve("/opt/hostedtoolcache/go/1.27.1/arm64/pkg/tool/linux_arm64/asm", ["/opt/hostedtoolcache/go/1.27.1/a"..., "-p", "internal/runtime/atomic", "-trimpath", "/tmp/go-build3805767581/b019=>", "-I", "/tmp/go-build3805767581/b019/", "-I", "/opt/hostedtoolcache/go/1.27.1/a"..., "-D", "GOOS_linux", "-D", "GOARCH_arm64", "-std", "-o", "/tmp/go-build3805767581/b019/ato"..., "/opt/hostedtoolcache/go/1.27.1/a"...], 0x6c9426f01208 /* 140 vars */ <unfinished ...>
10597 <... clone resumed>, parent_tid=[15]) = 10772
10772 <... execve resumed>)             = 0
10759 tgkill(10756, 10761, SIGURG)      = 0
10761 --- SIGURG {si_signo=SIGURG, si_code=SI_TKILL, si_pid=10756, si_uid=1001} ---
10774 execve("/opt/hostedtoolcache/go/1.27.1/arm64/pkg/tool/linux_arm64/asm", ["/opt/hostedtoolcache/go/1.27.1/a"..., "-p", "internal/bytealg", "-trimpath", "/tmp/go-build3805767581/b010=>", "-I", "/tmp/go-build3805767581/b010/", "-I", "/opt/hostedtoolcache/go/1.27.1/a"..., "-D", "GOOS_linux", "-D", "GOARCH_arm64", "-std", "-o", "/tmp/go-build3805767581/b010/equ"..., "/opt/hostedtoolcache/go/1.27.1/a"...], 0x6c9426d32d88 /* 140 vars */ <unfinished ...>
10596 <... clone resumed>, parent_tid=[22]) = 10774
10774 <... execve resumed>)             = 0
10597 waitid(P_PIDFD, 15,  <unfinished ...>
10596 waitid(P_PIDFD, 22,  <unfinished ...>
10763 exit_group(0)                     = ?
10773 +++ exited with 0 +++
10770 +++ exited with 0 +++
10769 +++ exited with 0 +++
10771 +++ exited with 0 +++
10763 +++ exited with 0 +++
10598 <... waitid resumed>{si_signo=SIGCHLD, si_code=CLD_EXITED, si_pid=10763, si_uid=1001, si_status=0, si_utime=0, si_stime=0}, WEXITED, {ru_utime={tv_sec=0, tv_usec=3018}, ru_stime={tv_sec=0, tv_usec=3773}, ...}) = 0
10598 --- SIGCHLD {si_signo=SIGCHLD, si_code=CLD_EXITED, si_pid=10763, si_uid=1001, si_status=0, si_utime=0, si_stime=0} ---
10772 clone(child_stack=0x4ce1dfa96000, flags=CLONE_VM|CLONE_FS|CLONE_FILES|CLONE_SIGHAND|CLONE_THREAD|CLONE_SYSVSEM) = 10775
10772 clone(child_stack=0x4ce1dface000, flags=CLONE_VM|CLONE_FS|CLONE_FILES|CLONE_SIGHAND|CLONE_THREAD|CLONE_SYSVSEM) = 10776
10775 tgkill(10772, 10772, SIGURG)      = 0
10772 clone(child_stack=0x4ce1dfaca000, flags=CLONE_VM|CLONE_FS|CLONE_FILES|CLONE_SIGHAND|CLONE_THREAD|CLONE_SYSVSEM) = 10777
10772 --- SIGURG {si_signo=SIGURG, si_code=SI_TKILL, si_pid=10772, si_uid=1001} ---
10776 clone(child_stack=0x4ce1dfb18000, flags=CLONE_VM|CLONE_FS|CLONE_FILES|CLONE_SIGHAND|CLONE_THREAD|CLONE_SYSVSEM) = 10778
10774 clone(child_stack=0x793d79eb2000, flags=CLONE_VM|CLONE_FS|CLONE_FILES|CLONE_SIGHAND|CLONE_THREAD|CLONE_SYSVSEM) = 10779
10774 clone(child_stack=0x793d79eea000, flags=CLONE_VM|CLONE_FS|CLONE_FILES|CLONE_SIGHAND|CLONE_THREAD|CLONE_SYSVSEM) = 10780
10774 clone(child_stack=0x793d79ee6000, flags=CLONE_VM|CLONE_FS|CLONE_FILES|CLONE_SIGHAND|CLONE_THREAD|CLONE_SYSVSEM) = 10781
10780 clone(child_stack=0x793d79f18000, flags=CLONE_VM|CLONE_FS|CLONE_FILES|CLONE_SIGHAND|CLONE_THREAD|CLONE_SYSVSEM) = 10782
10593 clone(child_stack=NULL, flags=CLONE_VM|CLONE_PIDFD|CLONE_VFORK|SIGCHLD <unfinished ...>
10772 exit_group(0)                     = ?
10778 +++ exited with 0 +++
10777 +++ exited with 0 +++
10776 +++ exited with 0 +++
10775 +++ exited with 0 +++
10772 +++ exited with 0 +++
10598 --- SIGCHLD {si_signo=SIGCHLD, si_code=CLD_EXITED, si_pid=10772, si_uid=1001, si_status=0, si_utime=0, si_stime=0} ---
10597 <... waitid resumed>{si_signo=SIGCHLD, si_code=CLD_EXITED, si_pid=10772, si_uid=1001, si_status=0, si_utime=0, si_stime=0}, WEXITED, {ru_utime={tv_sec=0, tv_usec=2468}, ru_stime={tv_sec=0, tv_usec=4936}, ...}) = 0
10783 execve("/opt/hostedtoolcache/go/1.27.1/arm64/pkg/tool/linux_arm64/compile", ["/opt/hostedtoolcache/go/1.27.1/a"..., "-o", "/tmp/go-build3805767581/b025/_pk"..., "-trimpath", "/tmp/go-build3805767581/b025=>", "-p", "internal/runtime/gc", "-lang=go1.27", "-std", "-complete", "-buildid", "Pfv26tI2_f6sVbQDUcl5/Pfv26tI2_f6"..., "-goversion", "go1.27.1", "-c=4", "-nolocalimports", "-importcfg", "/tmp/go-build3805767581/b025/imp"..., "-pack", "/opt/hostedtoolcache/go/1.27.1/a"..., "/opt/hostedtoolcache/go/1.27.1/a"..., "/opt/hostedtoolcache/go/1.27.1/a"...], 0x6c9426c72008 /* 140 vars */ <unfinished ...>
10593 <... clone resumed>, parent_tid=[14]) = 10783
10783 <... execve resumed>)             = 0
10593 waitid(P_PIDFD, 14,  <unfinished ...>
10774 exit_group(0)                     = ?
10782 +++ exited with 0 +++
10781 +++ exited with 0 +++
10780 +++ exited with 0 +++
10779 +++ exited with 0 +++
10774 +++ exited with 0 +++
10596 <... waitid resumed>{si_signo=SIGCHLD, si_code=CLD_EXITED, si_pid=10774, si_uid=1001, si_status=0, si_utime=0, si_stime=0}, WEXITED, {ru_utime={tv_sec=0, tv_usec=2905}, ru_stime={tv_sec=0, tv_usec=3874}, ...}) = 0
10596 --- SIGCHLD {si_signo=SIGCHLD, si_code=CLD_EXITED, si_pid=10774, si_uid=1001, si_status=0, si_utime=0, si_stime=0} ---
10597 clone(child_stack=NULL, flags=CLONE_VM|CLONE_PIDFD|CLONE_VFORK|SIGCHLD <unfinished ...>
10784 execve("/opt/hostedtoolcache/go/1.27.1/arm64/pkg/tool/linux_arm64/asm", ["/opt/hostedtoolcache/go/1.27.1/a"..., "-p", "internal/bytealg", "-trimpath", "/tmp/go-build3805767581/b010=>", "-I", "/tmp/go-build3805767581/b010/", "-I", "/opt/hostedtoolcache/go/1.27.1/a"..., "-D", "GOOS_linux", "-D", "GOARCH_arm64", "-std", "-o", "/tmp/go-build3805767581/b010/ind"..., "/opt/hostedtoolcache/go/1.27.1/a"...], 0x6c9426d33208 /* 140 vars */ <unfinished ...>
10597 <... clone resumed>, parent_tid=[17]) = 10784
10784 <... execve resumed>)             = 0
10597 waitid(P_PIDFD, 17,  <unfinished ...>
10759 tgkill(10756, 10761, SIGURG <unfinished ...>
10761 --- SIGURG {si_signo=SIGURG, si_code=SI_TKILL, si_pid=10756, si_uid=1001} ---
10759 <... tgkill resumed>)             = 0
10783 clone(child_stack=0x6731da8aa000, flags=CLONE_VM|CLONE_FS|CLONE_FILES|CLONE_SIGHAND|CLONE_THREAD|CLONE_SYSVSEM) = 10785
10783 clone(child_stack=0x6731da8e2000, flags=CLONE_VM|CLONE_FS|CLONE_FILES|CLONE_SIGHAND|CLONE_THREAD|CLONE_SYSVSEM) = 10786
10785 tgkill(10783, 10783, SIGURG)      = 0
10783 --- SIGURG {si_signo=SIGURG, si_code=SI_TKILL, si_pid=10783, si_uid=1001} ---
10785 tgkill(10783, 10783, SIGURG <unfinished ...>
10783 clone(child_stack=0x6731da8de000, flags=CLONE_VM|CLONE_FS|CLONE_FILES|CLONE_SIGHAND|CLONE_THREAD|CLONE_SYSVSEM <unfinished ...>
10785 <... tgkill resumed>)             = 0
10783 <... clone resumed>)              = 10787
10783 --- SIGURG {si_signo=SIGURG, si_code=SI_TKILL, si_pid=10783, si_uid=1001} ---
10786 clone(child_stack=0x6731da918000, flags=CLONE_VM|CLONE_FS|CLONE_FILES|CLONE_SIGHAND|CLONE_THREAD|CLONE_SYSVSEM) = 10788
10598 clone(child_stack=NULL, flags=CLONE_VM|CLONE_PIDFD|CLONE_VFORK|SIGCHLD <unfinished ...>
10789 execve("/opt/hostedtoolcache/go/1.27.1/arm64/pkg/tool/linux_arm64/compile", ["/opt/hostedtoolcache/go/1.27.1/a"..., "-o", "/tmp/go-build3805767581/b024/_pk"..., "-trimpath", "/tmp/go-build3805767581/b024=>", "-p", "internal/runtime/exithook", "-lang=go1.27", "-std", "-complete", "-buildid", "ELhzkZa6ztmAEW3uupdT/ELhzkZa6ztm"..., "-goversion", "go1.27.1", "-c=4", "-nolocalimports", "-importcfg", "/tmp/go-build3805767581/b024/imp"..., "-pack", "/opt/hostedtoolcache/go/1.27.1/a"...], 0x6c9426f01688 /* 140 vars */ <unfinished ...>
10594 tgkill(10593, 10598, SIGURG)      = 0
10784 clone(child_stack=0xe51fff1c000, flags=CLONE_VM|CLONE_FS|CLONE_FILES|CLONE_SIGHAND|CLONE_THREAD|CLONE_SYSVSEM) = 10790
10784 clone(child_stack=0xe51fff54000, flags=CLONE_VM|CLONE_FS|CLONE_FILES|CLONE_SIGHAND|CLONE_THREAD|CLONE_SYSVSEM) = 10791
10784 clone(child_stack=0xe51fff50000, flags=CLONE_VM|CLONE_FS|CLONE_FILES|CLONE_SIGHAND|CLONE_THREAD|CLONE_SYSVSEM) = 10792
10791 clone(child_stack=0xe51fff98000, flags=CLONE_VM|CLONE_FS|CLONE_FILES|CLONE_SIGHAND|CLONE_THREAD|CLONE_SYSVSEM) = 10793
10598 <... clone resumed>, parent_tid=[18]) = 10789
10789 <... execve resumed>)             = 0
10598 --- SIGURG {si_signo=SIGURG, si_code=SI_TKILL, si_pid=10593, si_uid=1001} ---
10660 waitid(P_PIDFD, 18,  <unfinished ...>
10785 tgkill(10783, 10783, SIGURG)      = 0
10784 exit_group(0)                     = ?
10792 +++ exited with 0 +++
10793 +++ exited with 0 +++
10791 +++ exited with 0 +++
10783 --- SIGURG {si_signo=SIGURG, si_code=SI_TKILL, si_pid=10783, si_uid=1001} ---
10789 clone(child_stack=0x7f21b20a4000, flags=CLONE_VM|CLONE_FS|CLONE_FILES|CLONE_SIGHAND|CLONE_THREAD|CLONE_SYSVSEM) = 10794
10789 clone(child_stack=0x7f21b20dc000, flags=CLONE_VM|CLONE_FS|CLONE_FILES|CLONE_SIGHAND|CLONE_THREAD|CLONE_SYSVSEM) = 10795
10789 clone(child_stack=0x7f21b20d8000, flags=CLONE_VM|CLONE_FS|CLONE_FILES|CLONE_SIGHAND|CLONE_THREAD|CLONE_SYSVSEM) = 10796
10790 +++ exited with 0 +++
10784 +++ exited with 0 +++
10596 --- SIGCHLD {si_signo=SIGCHLD, si_code=CLD_EXITED, si_pid=10784, si_uid=1001, si_status=0, si_utime=0, si_stime=0} ---
10597 <... waitid resumed>{si_signo=SIGCHLD, si_code=CLD_EXITED, si_pid=10784, si_uid=1001, si_status=0, si_utime=0, si_stime=0}, WEXITED, {ru_utime={tv_sec=0, tv_usec=2620}, ru_stime={tv_sec=0, tv_usec=5240}, ...}) = 0
10759 tgkill(10756, 10756, SIGURG)      = 0
10756 --- SIGURG {si_signo=SIGURG, si_code=SI_TKILL, si_pid=10756, si_uid=1001} ---
10759 tgkill(10756, 10761, SIGURG)      = 0
10761 --- SIGURG {si_signo=SIGURG, si_code=SI_TKILL, si_pid=10756, si_uid=1001} ---
10594 tgkill(10593, 10597, SIGURG)      = 0
10795 clone(child_stack=0x7f21b2118000, flags=CLONE_VM|CLONE_FS|CLONE_FILES|CLONE_SIGHAND|CLONE_THREAD|CLONE_SYSVSEM <unfinished ...>
10597 --- SIGURG {si_signo=SIGURG, si_code=SI_TKILL, si_pid=10593, si_uid=1001} ---
10759 tgkill(10756, 10762, SIGURG <unfinished ...>
10762 --- SIGURG {si_signo=SIGURG, si_code=SI_TKILL, si_pid=10756, si_uid=1001} ---
10759 <... tgkill resumed>)             = 0
10759 tgkill(10756, 10764, SIGURG)      = 0
10794 tgkill(10789, 10789, SIGURG)      = 0
10789 --- SIGURG {si_signo=SIGURG, si_code=SI_TKILL, si_pid=10789, si_uid=1001} ---
10764 --- SIGURG {si_signo=SIGURG, si_code=SI_TKILL, si_pid=10756, si_uid=1001} ---
10795 <... clone resumed>)              = 10797
10597 clone(child_stack=NULL, flags=CLONE_VM|CLONE_PIDFD|CLONE_VFORK|SIGCHLD <unfinished ...>
10798 execve("/opt/hostedtoolcache/go/1.27.1/arm64/pkg/tool/linux_arm64/asm", ["/opt/hostedtoolcache/go/1.27.1/a"..., "-p", "internal/bytealg", "-trimpath", "/tmp/go-build3805767581/b010=>", "-I", "/tmp/go-build3805767581/b010/", "-I", "/opt/hostedtoolcache/go/1.27.1/a"..., "-D", "GOOS_linux", "-D", "GOARCH_arm64", "-std", "-o", "/tmp/go-build3805767581/b010/ind"..., "/opt/hostedtoolcache/go/1.27.1/a"...], 0x6c9426d33688 /* 140 vars */ <unfinished ...>
10597 <... clone resumed>, parent_tid=[17]) = 10798
10798 <... execve resumed>)             = 0
10794 tgkill(10789, 10789, SIGURG)      = 0
10597 waitid(P_PIDFD, 17,  <unfinished ...>
10789 --- SIGURG {si_signo=SIGURG, si_code=SI_TKILL, si_pid=10789, si_uid=1001} ---
10785 tgkill(10783, 10786, SIGURG <unfinished ...>
10786 --- SIGURG {si_signo=SIGURG, si_code=SI_TKILL, si_pid=10783, si_uid=1001} ---
10785 <... tgkill resumed>)             = 0
10762 exit_group(0)                     = ?
10762 +++ exited with 0 +++
10764 +++ exited with 0 +++
10761 +++ exited with 0 +++
10759 +++ exited with 0 +++
10786 exit_group(0 <unfinished ...>
10797 exit_group(0 <unfinished ...>
10786 <... exit_group resumed>)         = ?
10797 <... exit_group resumed>)         = ?
10788 +++ exited with 0 +++
10787 +++ exited with 0 +++
10797 +++ exited with 0 +++
10796 +++ exited with 0 +++
10795 +++ exited with 0 +++
10785 +++ exited with 0 +++
10786 +++ exited with 0 +++
10783 +++ exited with 0 +++
10593 <... waitid resumed>{si_signo=SIGCHLD, si_code=CLD_EXITED, si_pid=10783, si_uid=1001, si_status=0, si_utime=0, si_stime=0}, WEXITED, {ru_utime={tv_sec=0, tv_usec=9987}, ru_stime={tv_sec=0, tv_usec=5707}, ...}) = 0
10593 --- SIGCHLD {si_signo=SIGCHLD, si_code=CLD_EXITED, si_pid=10783, si_uid=1001, si_status=0, si_utime=0, si_stime=0} ---
10794 +++ exited with 0 +++
10789 +++ exited with 0 +++
10598 --- SIGCHLD {si_signo=SIGCHLD, si_code=CLD_EXITED, si_pid=10789, si_uid=1001, si_status=0, si_utime=0, si_stime=0} ---
10660 <... waitid resumed>{si_signo=SIGCHLD, si_code=CLD_EXITED, si_pid=10789, si_uid=1001, si_status=0, si_utime=0, si_stime=0}, WEXITED, {ru_utime={tv_sec=0, tv_usec=11402}, ru_stime={tv_sec=0, tv_usec=5067}, ...}) = 0
10798 clone(child_stack=0xc7507a94000, flags=CLONE_VM|CLONE_FS|CLONE_FILES|CLONE_SIGHAND|CLONE_THREAD|CLONE_SYSVSEM <unfinished ...>
10760 +++ exited with 0 +++
10756 +++ exited with 0 +++
10798 <... clone resumed>)              = 10799
10660 --- SIGCHLD {si_signo=SIGCHLD, si_code=CLD_EXITED, si_pid=10756, si_uid=1001, si_status=0, si_utime=10 /* 0.10 s */, si_stime=2 /* 0.02 s */} ---
10599 <... waitid resumed>{si_signo=SIGCHLD, si_code=CLD_EXITED, si_pid=10756, si_uid=1001, si_status=0, si_utime=0, si_stime=0}, WEXITED, {ru_utime={tv_sec=0, tv_usec=101608}, ru_stime={tv_sec=0, tv_usec=23520}, ...}) = 0
10798 clone(child_stack=0xc7507acc000, flags=CLONE_VM|CLONE_FS|CLONE_FILES|CLONE_SIGHAND|CLONE_THREAD|CLONE_SYSVSEM) = 10800
10799 tgkill(10798, 10798, SIGURG)      = 0
10798 clone(child_stack=0xc7507ac8000, flags=CLONE_VM|CLONE_FS|CLONE_FILES|CLONE_SIGHAND|CLONE_THREAD|CLONE_SYSVSEM) = 10801
10800 clone(child_stack=0xc7507b18000, flags=CLONE_VM|CLONE_FS|CLONE_FILES|CLONE_SIGHAND|CLONE_THREAD|CLONE_SYSVSEM <unfinished ...>
10798 --- SIGURG {si_signo=SIGURG, si_code=SI_TKILL, si_pid=10798, si_uid=1001} ---
10800 <... clone resumed>)              = 10802
10799 tgkill(10798, 10801, SIGURG)      = 0
10801 --- SIGURG {si_signo=SIGURG, si_code=SI_TKILL, si_pid=10798, si_uid=1001} ---
10594 tgkill(10593, 10593, SIGURG)      = 0
10593 --- SIGURG {si_signo=SIGURG, si_code=SI_TKILL, si_pid=10593, si_uid=1001} ---
10798 exit_group(0)                     = ?
10800 +++ exited with 0 +++
10799 +++ exited with 0 +++
10802 +++ exited with 0 +++
10593 tgkill(10593, 10598, SIGURG)      = 0
10598 --- SIGURG {si_signo=SIGURG, si_code=SI_TKILL, si_pid=10593, si_uid=1001} ---
10593 tgkill(10593, 10660, SIGURG)      = 0
10660 --- SIGURG {si_signo=SIGURG, si_code=SI_TKILL, si_pid=10593, si_uid=1001} ---
10801 +++ exited with 0 +++
10798 +++ exited with 0 +++
10660 --- SIGCHLD {si_signo=SIGCHLD, si_code=CLD_EXITED, si_pid=10798, si_uid=1001, si_status=0, si_utime=0, si_stime=0} ---
10597 <... waitid resumed>{si_signo=SIGCHLD, si_code=CLD_EXITED, si_pid=10798, si_uid=1001, si_status=0, si_utime=0, si_stime=0}, WEXITED, {ru_utime={tv_sec=0, tv_usec=2777}, ru_stime={tv_sec=0, tv_usec=4166}, ...}) = 0
10593 tgkill(10593, 10595, SIGURG)      = 0
10595 --- SIGURG {si_signo=SIGURG, si_code=SI_TKILL, si_pid=10593, si_uid=1001} ---
10593 tgkill(10593, 10660, SIGURG)      = 0
10660 --- SIGURG {si_signo=SIGURG, si_code=SI_TKILL, si_pid=10593, si_uid=1001} ---
10598 clone(child_stack=NULL, flags=CLONE_VM|CLONE_PIDFD|CLONE_VFORK|SIGCHLD <unfinished ...>
10803 execve("/opt/hostedtoolcache/go/1.27.1/arm64/pkg/tool/linux_arm64/compile", ["/opt/hostedtoolcache/go/1.27.1/a"..., "-o", "/tmp/go-build3805767581/b029/_pk"..., "-trimpath", "/tmp/go-build3805767581/b029=>", "-p", "internal/asan", "-lang=go1.27", "-std", "-complete", "-buildid", "ql10FtP9oAow50ExWstg/ql10FtP9oAo"..., "-goversion", "go1.27.1", "-c=4", "-nolocalimports", "-importcfg", "/tmp/go-build3805767581/b029/imp"..., "-pack", "/opt/hostedtoolcache/go/1.27.1/a"..., "/opt/hostedtoolcache/go/1.27.1/a"...], 0x6c9426c72008 /* 140 vars */ <unfinished ...>
10597 clone(child_stack=NULL, flags=CLONE_VM|CLONE_PIDFD|CLONE_VFORK|SIGCHLD <unfinished ...>
10595 clone(child_stack=NULL, flags=CLONE_VM|CLONE_PIDFD|CLONE_VFORK|SIGCHLD <unfinished ...>
10598 <... clone resumed>, parent_tid=[15]) = 10803
10803 <... execve resumed>)             = 0
10805 execve("/opt/hostedtoolcache/go/1.27.1/arm64/pkg/tool/linux_arm64/compile", ["/opt/hostedtoolcache/go/1.27.1/a"..., "-o", "/tmp/go-build3805767581/b030/_pk"..., "-trimpath", "/tmp/go-build3805767581/b030=>", "-p", "internal/msan", "-lang=go1.27", "-std", "-complete", "-buildid", "PU3gMVcPpa3dEyJZ9q--/PU3gMVcPpa3"..., "-goversion", "go1.27.1", "-c=4", "-nolocalimports", "-importcfg", "/tmp/go-build3805767581/b030/imp"..., "-pack", "/opt/hostedtoolcache/go/1.27.1/a"..., "/opt/hostedtoolcache/go/1.27.1/a"...], 0x6c9426d32908 /* 140 vars */ <unfinished ...>
10595 <... clone resumed>, parent_tid=[25]) = 10805
10804 execve("/opt/hostedtoolcache/go/1.27.1/arm64/pkg/tool/linux_arm64/asm", ["/opt/hostedtoolcache/go/1.27.1/a"..., "-p", "internal/runtime/sys", "-trimpath", "/tmp/go-build3805767581/b027=>", "-I", "/tmp/go-build3805767581/b027/", "-I", "/opt/hostedtoolcache/go/1.27.1/a"..., "-D", "GOOS_linux", "-D", "GOARCH_arm64", "-std", "-gensymabis", "-o", "/tmp/go-build3805767581/b027/sym"..., "/opt/hostedtoolcache/go/1.27.1/a"..., "/opt/hostedtoolcache/go/1.27.1/a"...], 0x6c9426f00908 /* 140 vars */ <unfinished ...>
10805 <... execve resumed>)             = 0
10597 <... clone resumed>, parent_tid=[9]) = 10804
10804 <... execve resumed>)             = 0
10597 waitid(P_PIDFD, 9,  <unfinished ...>
10595 waitid(P_PIDFD, 25,  <unfinished ...>
10598 waitid(P_PIDFD, 15,  <unfinished ...>
10803 clone(child_stack=0x46fc44b64000, flags=CLONE_VM|CLONE_FS|CLONE_FILES|CLONE_SIGHAND|CLONE_THREAD|CLONE_SYSVSEM) = 10806
10803 clone(child_stack=0x46fc44b9c000, flags=CLONE_VM|CLONE_FS|CLONE_FILES|CLONE_SIGHAND|CLONE_THREAD|CLONE_SYSVSEM) = 10807
10806 tgkill(10803, 10803, SIGURG)      = 0
10803 clone(child_stack=0x46fc44b98000, flags=CLONE_VM|CLONE_FS|CLONE_FILES|CLONE_SIGHAND|CLONE_THREAD|CLONE_SYSVSEM <unfinished ...>
10594 tgkill(10593, 10593, SIGURG)      = 0
10593 --- SIGURG {si_signo=SIGURG, si_code=SI_TKILL, si_pid=10593, si_uid=1001} ---
10803 <... clone resumed>)              = 10808
10803 --- SIGURG {si_signo=SIGURG, si_code=SI_TKILL, si_pid=10803, si_uid=1001} ---
10807 clone(child_stack=0x46fc44c18000, flags=CLONE_VM|CLONE_FS|CLONE_FILES|CLONE_SIGHAND|CLONE_THREAD|CLONE_SYSVSEM) = 10809
10805 clone(child_stack=0x60f99ba64000, flags=CLONE_VM|CLONE_FS|CLONE_FILES|CLONE_SIGHAND|CLONE_THREAD|CLONE_SYSVSEM) = 10810
10660 clone(child_stack=NULL, flags=CLONE_VM|CLONE_PIDFD|CLONE_VFORK|SIGCHLD <unfinished ...>
10805 clone(child_stack=0x60f99ba9c000, flags=CLONE_VM|CLONE_FS|CLONE_FILES|CLONE_SIGHAND|CLONE_THREAD|CLONE_SYSVSEM) = 10811
10805 clone(child_stack=0x60f99ba98000, flags=CLONE_VM|CLONE_FS|CLONE_FILES|CLONE_SIGHAND|CLONE_THREAD|CLONE_SYSVSEM <unfinished ...>
10804 clone(child_stack=0x22d33dba8000, flags=CLONE_VM|CLONE_FS|CLONE_FILES|CLONE_SIGHAND|CLONE_THREAD|CLONE_SYSVSEM <unfinished ...>
10805 <... clone resumed>)              = 10813
10811 clone(child_stack=0x60f99bb18000, flags=CLONE_VM|CLONE_FS|CLONE_FILES|CLONE_SIGHAND|CLONE_THREAD|CLONE_SYSVSEM) = 10815
10814 tgkill(10804, 10804, SIGURG)      = 0
10804 <... clone resumed>)              = 10814
10804 --- SIGURG {si_signo=SIGURG, si_code=SI_TKILL, si_pid=10804, si_uid=1001} ---
10814 tgkill(10804, 10804, SIGURG)      = 0
10804 --- SIGURG {si_signo=SIGURG, si_code=SI_TKILL, si_pid=10804, si_uid=1001} ---
10804 clone(child_stack=0x22d33dbe0000, flags=CLONE_VM|CLONE_FS|CLONE_FILES|CLONE_SIGHAND|CLONE_THREAD|CLONE_SYSVSEM) = 10816
10804 clone(child_stack=0x22d33dbdc000, flags=CLONE_VM|CLONE_FS|CLONE_FILES|CLONE_SIGHAND|CLONE_THREAD|CLONE_SYSVSEM) = 10817
10816 clone(child_stack=0x22d33dc18000, flags=CLONE_VM|CLONE_FS|CLONE_FILES|CLONE_SIGHAND|CLONE_THREAD|CLONE_SYSVSEM) = 10818
10817 clone(child_stack=0x22d33dc14000, flags=CLONE_VM|CLONE_FS|CLONE_FILES|CLONE_SIGHAND|CLONE_THREAD|CLONE_SYSVSEM) = 10819
10812 execve("/opt/hostedtoolcache/go/1.27.1/arm64/pkg/tool/linux_arm64/compile", ["/opt/hostedtoolcache/go/1.27.1/a"..., "-o", "/tmp/go-build3805767581/b020/_pk"..., "-trimpath", "/tmp/go-build3805767581/b020=>", "-p", "internal/runtime/cgroup", "-lang=go1.27", "-std", "-complete", "-buildid", "fPWrLBcDwSFlp2xROnqL/fPWrLBcDwSF"..., "-goversion", "go1.27.1", "-c=4", "-nolocalimports", "-importcfg", "/tmp/go-build3805767581/b020/imp"..., "-pack", "/opt/hostedtoolcache/go/1.27.1/a"..., "/opt/hostedtoolcache/go/1.27.1/a"..., "/opt/hostedtoolcache/go/1.27.1/a"..., "/opt/hostedtoolcache/go/1.27.1/a"...], 0x6c9426c72908 /* 140 vars */ <unfinished ...>
10660 <... clone resumed>, parent_tid=[14]) = 10812
10812 <... execve resumed>)             = 0
10660 waitid(P_PIDFD, 14,  <unfinished ...>
10808 exit_group(0)                     = ?
10809 +++ exited with 0 +++
10807 +++ exited with 0 +++
10806 +++ exited with 0 +++
10808 +++ exited with 0 +++
10803 +++ exited with 0 +++
10598 <... waitid resumed>{si_signo=SIGCHLD, si_code=CLD_EXITED, si_pid=10803, si_uid=1001, si_status=0, si_utime=0, si_stime=0}, WEXITED, {ru_utime={tv_sec=0, tv_usec=7753}, ru_stime={tv_sec=0, tv_usec=5169}, ...}) = 0
10596 --- SIGCHLD {si_signo=SIGCHLD, si_code=CLD_EXITED, si_pid=10803, si_uid=1001, si_status=0, si_utime=0, si_stime=0} ---
10804 exit_group(0)                     = ?
10814 +++ exited with 0 +++
10816 +++ exited with 0 +++
10819 +++ exited with 0 +++
10817 +++ exited with 0 +++
10818 +++ exited with 0 +++
10804 +++ exited with 0 +++
10593 --- SIGCHLD {si_signo=SIGCHLD, si_code=CLD_EXITED, si_pid=10804, si_uid=1001, si_status=0, si_utime=0, si_stime=0} ---
10597 <... waitid resumed>{si_signo=SIGCHLD, si_code=CLD_EXITED, si_pid=10804, si_uid=1001, si_status=0, si_utime=0, si_stime=0}, WEXITED, {ru_utime={tv_sec=0, tv_usec=1244}, ru_stime={tv_sec=0, tv_usec=6223}, ...}) = 0
10813 exit_group(0)                     = ?
10815 +++ exited with 0 +++
10813 +++ exited with 0 +++
10810 +++ exited with 0 +++
10598 clone(child_stack=NULL, flags=CLONE_VM|CLONE_PIDFD|CLONE_VFORK|SIGCHLD <unfinished ...>
10811 +++ exited with 0 +++
10805 +++ exited with 0 +++
10595 <... waitid resumed>{si_signo=SIGCHLD, si_code=CLD_EXITED, si_pid=10805, si_uid=1001, si_status=0, si_utime=0, si_stime=0}, WEXITED, {ru_utime={tv_sec=0, tv_usec=4891}, ru_stime={tv_sec=0, tv_usec=7826}, ...}) = 0
10593 --- SIGCHLD {si_signo=SIGCHLD, si_code=CLD_EXITED, si_pid=10805, si_uid=1001, si_status=0, si_utime=0, si_stime=0} ---
10812 clone(child_stack=0x1b0a34ade000, flags=CLONE_VM|CLONE_FS|CLONE_FILES|CLONE_SIGHAND|CLONE_THREAD|CLONE_SYSVSEM) = 10821
10812 clone(child_stack=0x1b0a34b18000, flags=CLONE_VM|CLONE_FS|CLONE_FILES|CLONE_SIGHAND|CLONE_THREAD|CLONE_SYSVSEM) = 10822
10821 tgkill(10812, 10812, SIGURG)      = 0
10812 clone(child_stack=0x1b0a34b14000, flags=CLONE_VM|CLONE_FS|CLONE_FILES|CLONE_SIGHAND|CLONE_THREAD|CLONE_SYSVSEM) = 10823
10812 --- SIGURG {si_signo=SIGURG, si_code=SI_TKILL, si_pid=10812, si_uid=1001} ---
10822 clone(child_stack=0x1b0a34b38000, flags=CLONE_VM|CLONE_FS|CLONE_FILES|CLONE_SIGHAND|CLONE_THREAD|CLONE_SYSVSEM) = 10824
10820 execve("/opt/hostedtoolcache/go/1.27.1/arm64/pkg/tool/linux_arm64/compile", ["/opt/hostedtoolcache/go/1.27.1/a"..., "-o", "/tmp/go-build3805767581/b027/_pk"..., "-trimpath", "/tmp/go-build3805767581/b027=>", "-p", "internal/runtime/sys", "-lang=go1.27", "-std", "-buildid", "7kGJrNa8U6ho9hzPEuBq/7kGJrNa8U6h"..., "-goversion", "go1.27.1", "-symabis", "/tmp/go-build3805767581/b027/sym"..., "-c=4", "-nolocalimports", "-importcfg", "/tmp/go-build3805767581/b027/imp"..., "-pack", "-asmhdr", "/tmp/go-build3805767581/b027/go_"..., "/opt/hostedtoolcache/go/1.27.1/a"..., "/opt/hostedtoolcache/go/1.27.1/a"..., "/opt/hostedtoolcache/go/1.27.1/a"..., "/opt/hostedtoolcache/go/1.27.1/a"..., "/opt/hostedtoolcache/go/1.27.1/a"..., "/opt/hostedtoolcache/go/1.27.1/a"..., "/opt/hostedtoolcache/go/1.27.1/a"...], 0x6c9426a72008 /* 140 vars */) = 0
10598 <... clone resumed>, parent_tid=[15]) = 10820
10598 waitid(P_PIDFD, 15,  <unfinished ...>
10593 clone(child_stack=NULL, flags=CLONE_VM|CLONE_PIDFD|CLONE_VFORK|SIGCHLD <unfinished ...>
10597 clone(child_stack=NULL, flags=CLONE_VM|CLONE_PIDFD|CLONE_VFORK|SIGCHLD <unfinished ...>
10825 execve("/opt/hostedtoolcache/go/1.27.1/arm64/pkg/tool/linux_arm64/compile", ["/opt/hostedtoolcache/go/1.27.1/a"..., "-o", "/tmp/go-build3805767581/b031/_pk"..., "-trimpath", "/tmp/go-build3805767581/b031=>", "-p", "internal/race", "-lang=go1.27", "-std", "-complete", "-buildid", "xma0VFSWFMNq2-bIgxtC/xma0VFSWFMN"..., "-goversion", "go1.27.1", "-c=4", "-nolocalimports", "-importcfg", "/tmp/go-build3805767581/b031/imp"..., "-pack", "/opt/hostedtoolcache/go/1.27.1/a"..., "/opt/hostedtoolcache/go/1.27.1/a"...], 0x6c9426c73688 /* 140 vars */ <unfinished ...>
10593 <... clone resumed>, parent_tid=[17]) = 10825
10825 <... execve resumed>)             = 0
10826 execve("/opt/hostedtoolcache/go/1.27.1/arm64/pkg/tool/linux_arm64/compile", ["/opt/hostedtoolcache/go/1.27.1/a"..., "-o", "/tmp/go-build3805767581/b032/_pk"..., "-trimpath", "/tmp/go-build3805767581/b032=>", "-p", "internal/runtime/math", "-lang=go1.27", "-std", "-complete", "-buildid", "jRxvbwZ8ow1SscA-eUn1/jRxvbwZ8ow1"..., "-goversion", "go1.27.1", "-c=4", "-nolocalimports", "-importcfg", "/tmp/go-build3805767581/b032/imp"..., "-pack", "/opt/hostedtoolcache/go/1.27.1/a"...], 0x6c9426d32d88 /* 140 vars */ <unfinished ...>
10597 <... clone resumed>, parent_tid=[22]) = 10826
10826 <... execve resumed>)             = 0
10597 waitid(P_PIDFD, 22,  <unfinished ...>
10593 waitid(P_PIDFD, 17,  <unfinished ...>
10820 clone(child_stack=0x3ec8f14a4000, flags=CLONE_VM|CLONE_FS|CLONE_FILES|CLONE_SIGHAND|CLONE_THREAD|CLONE_SYSVSEM) = 10827
10820 clone(child_stack=0x3ec8f14dc000, flags=CLONE_VM|CLONE_FS|CLONE_FILES|CLONE_SIGHAND|CLONE_THREAD|CLONE_SYSVSEM <unfinished ...>
10827 tgkill(10820, 10820, SIGURG)      = 0
10820 <... clone resumed>)              = 10828
10820 --- SIGURG {si_signo=SIGURG, si_code=SI_TKILL, si_pid=10820, si_uid=1001} ---
10827 tgkill(10820, 10820, SIGURG)      = 0
10820 --- SIGURG {si_signo=SIGURG, si_code=SI_TKILL, si_pid=10820, si_uid=1001} ---
10828 clone(child_stack=0x3ec8f1518000, flags=CLONE_VM|CLONE_FS|CLONE_FILES|CLONE_SIGHAND|CLONE_THREAD|CLONE_SYSVSEM) = 10829
10820 clone(child_stack=0x3ec8f14d8000, flags=CLONE_VM|CLONE_FS|CLONE_FILES|CLONE_SIGHAND|CLONE_THREAD|CLONE_SYSVSEM) = 10830
10828 clone(child_stack=0x3ec8f1514000, flags=CLONE_VM|CLONE_FS|CLONE_FILES|CLONE_SIGHAND|CLONE_THREAD|CLONE_SYSVSEM) = 10831
10825 clone(child_stack=0x67d2d1ef8000, flags=CLONE_VM|CLONE_FS|CLONE_FILES|CLONE_SIGHAND|CLONE_THREAD|CLONE_SYSVSEM) = 10832
10825 clone(child_stack=0x67d2d1f30000, flags=CLONE_VM|CLONE_FS|CLONE_FILES|CLONE_SIGHAND|CLONE_THREAD|CLONE_SYSVSEM) = 10833
10826 clone(child_stack=0x70471c4fa000, flags=CLONE_VM|CLONE_FS|CLONE_FILES|CLONE_SIGHAND|CLONE_THREAD|CLONE_SYSVSEM <unfinished ...>
10832 tgkill(10825, 10825, SIGURG)      = 0
10826 <... clone resumed>)              = 10834
10825 clone(child_stack=0x67d2d1f2c000, flags=CLONE_VM|CLONE_FS|CLONE_FILES|CLONE_SIGHAND|CLONE_THREAD|CLONE_SYSVSEM) = 10835
10825 --- SIGURG {si_signo=SIGURG, si_code=SI_TKILL, si_pid=10825, si_uid=1001} ---
10826 clone(child_stack=0x70471c532000, flags=CLONE_VM|CLONE_FS|CLONE_FILES|CLONE_SIGHAND|CLONE_THREAD|CLONE_SYSVSEM) = 10836
10834 tgkill(10826, 10826, SIGURG)      = 0
10826 clone(child_stack=0x70471c52e000, flags=CLONE_VM|CLONE_FS|CLONE_FILES|CLONE_SIGHAND|CLONE_THREAD|CLONE_SYSVSEM) = 10837
10826 --- SIGURG {si_signo=SIGURG, si_code=SI_TKILL, si_pid=10826, si_uid=1001} ---
10833 clone(child_stack=0x67d2d1f98000, flags=CLONE_VM|CLONE_FS|CLONE_FILES|CLONE_SIGHAND|CLONE_THREAD|CLONE_SYSVSEM) = 10838
10826 clone(child_stack=0x70471c556000, flags=CLONE_VM|CLONE_FS|CLONE_FILES|CLONE_SIGHAND|CLONE_THREAD|CLONE_SYSVSEM <unfinished ...>
10836 clone(child_stack=0x70471c552000, flags=CLONE_VM|CLONE_FS|CLONE_FILES|CLONE_SIGHAND|CLONE_THREAD|CLONE_SYSVSEM <unfinished ...>
10826 <... clone resumed>)              = 10839
10836 <... clone resumed>)              = 10840
10821 tgkill(10812, 10823, SIGURG <unfinished ...>
10823 --- SIGURG {si_signo=SIGURG, si_code=SI_TKILL, si_pid=10812, si_uid=1001} ---
10821 <... tgkill resumed>)             = 0
10827 tgkill(10820, 10831, SIGURG)      = 0
10831 --- SIGURG {si_signo=SIGURG, si_code=SI_TKILL, si_pid=10820, si_uid=1001} ---
10832 tgkill(10825, 10825, SIGURG)      = 0
10825 --- SIGURG {si_signo=SIGURG, si_code=SI_TKILL, si_pid=10825, si_uid=1001} ---
10834 tgkill(10826, 10826, SIGURG <unfinished ...>
10831 exit_group(0)                     = ?
10830 +++ exited with 0 +++
10831 +++ exited with 0 +++
10834 <... tgkill resumed>)             = 0
10828 +++ exited with 0 +++
10827 +++ exited with 0 +++
10829 +++ exited with 0 +++
10820 +++ exited with 0 +++
10598 <... waitid resumed>{si_signo=SIGCHLD, si_code=CLD_EXITED, si_pid=10820, si_uid=1001, si_status=0, si_utime=0, si_stime=0}, WEXITED, {ru_utime={tv_sec=0, tv_usec=8155}, ru_stime={tv_sec=0, tv_usec=10874}, ...}) = 0
10826 --- SIGURG {si_signo=SIGURG, si_code=SI_TKILL, si_pid=10826, si_uid=1001} ---
10598 --- SIGCHLD {si_signo=SIGCHLD, si_code=CLD_EXITED, si_pid=10820, si_uid=1001, si_status=0, si_utime=0, si_stime=0} ---
10825 exit_group(0 <unfinished ...>
10595 clone(child_stack=NULL, flags=CLONE_VM|CLONE_PIDFD|CLONE_VFORK|SIGCHLD <unfinished ...>
10825 <... exit_group resumed>)         = ?
10835 +++ exited with 0 +++
10832 +++ exited with 0 +++
10833 +++ exited with 0 +++
10838 +++ exited with 0 +++
10825 +++ exited with 0 +++
10593 <... waitid resumed>{si_signo=SIGCHLD, si_code=CLD_EXITED, si_pid=10825, si_uid=1001, si_status=0, si_utime=0, si_stime=0}, WEXITED, {ru_utime={tv_sec=0, tv_usec=7816}, ru_stime={tv_sec=0, tv_usec=6513}, ...}) = 0
10598 --- SIGCHLD {si_signo=SIGCHLD, si_code=CLD_EXITED, si_pid=10825, si_uid=1001, si_status=0, si_utime=0, si_stime=0} ---
10824 exit_group(0)                     = ?
10824 +++ exited with 0 +++
10823 +++ exited with 0 +++
10822 +++ exited with 0 +++
10826 exit_group(0)                     = ?
10836 +++ exited with 0 +++
10837 +++ exited with 0 +++
10834 +++ exited with 0 +++
10841 execve("/opt/hostedtoolcache/go/1.27.1/arm64/pkg/tool/linux_arm64/asm", ["/opt/hostedtoolcache/go/1.27.1/a"..., "-p", "internal/runtime/sys", "-trimpath", "/tmp/go-build3805767581/b027=>", "-I", "/tmp/go-build3805767581/b027/", "-I", "/opt/hostedtoolcache/go/1.27.1/a"..., "-D", "GOOS_linux", "-D", "GOARCH_arm64", "-std", "-o", "/tmp/go-build3805767581/b027/dit"..., "/opt/hostedtoolcache/go/1.27.1/a"...], 0x6c9426d33208 /* 140 vars */ <unfinished ...>
10821 +++ exited with 0 +++
10812 +++ exited with 0 +++
10595 <... clone resumed>, parent_tid=[15]) = 10841
10660 <... waitid resumed>{si_signo=SIGCHLD, si_code=CLD_EXITED, si_pid=10812, si_uid=1001, si_status=0, si_utime=0, si_stime=0}, WEXITED, {ru_utime={tv_sec=0, tv_usec=30170}, ru_stime={tv_sec=0, tv_usec=12068}, ...}) = 0
10598 --- SIGCHLD {si_signo=SIGCHLD, si_code=CLD_EXITED, si_pid=10812, si_uid=1001, si_status=0, si_utime=3 /* 0.03 s */, si_stime=1 /* 0.01 s */} ---
10840 +++ exited with 0 +++
10841 <... execve resumed>)             = 0
10839 +++ exited with 0 +++
10826 +++ exited with 0 +++
10598 --- SIGCHLD {si_signo=SIGCHLD, si_code=CLD_EXITED, si_pid=10826, si_uid=1001, si_status=0, si_utime=0, si_stime=0} ---
10597 <... waitid resumed>{si_signo=SIGCHLD, si_code=CLD_EXITED, si_pid=10826, si_uid=1001, si_status=0, si_utime=0, si_stime=0}, WEXITED, {ru_utime={tv_sec=0, tv_usec=6013}, ru_stime={tv_sec=0, tv_usec=7216}, ...}) = 0
10595 waitid(P_PIDFD, 15,  <unfinished ...>
10660 tgkill(10593, 10593, SIGURG)      = 0
10593 --- SIGURG {si_signo=SIGURG, si_code=SI_TKILL, si_pid=10593, si_uid=1001} ---
10660 tgkill(10593, 10598, SIGURG)      = 0
10598 --- SIGURG {si_signo=SIGURG, si_code=SI_TKILL, si_pid=10593, si_uid=1001} ---
10660 tgkill(10593, 10598, SIGURG)      = 0
10598 --- SIGURG {si_signo=SIGURG, si_code=SI_TKILL, si_pid=10593, si_uid=1001} ---
10660 tgkill(10593, 10596, SIGURG)      = 0
10596 --- SIGURG {si_signo=SIGURG, si_code=SI_TKILL, si_pid=10593, si_uid=1001} ---
10660 tgkill(10593, 10593, SIGURG)      = 0
10593 --- SIGURG {si_signo=SIGURG, si_code=SI_TKILL, si_pid=10593, si_uid=1001} ---
10660 tgkill(10593, 10598, SIGURG)      = 0
10598 --- SIGURG {si_signo=SIGURG, si_code=SI_TKILL, si_pid=10593, si_uid=1001} ---
10660 tgkill(10593, 10596, SIGURG)      = 0
10596 --- SIGURG {si_signo=SIGURG, si_code=SI_TKILL, si_pid=10593, si_uid=1001} ---
10660 tgkill(10593, 10593, SIGURG)      = 0
10593 --- SIGURG {si_signo=SIGURG, si_code=SI_TKILL, si_pid=10593, si_uid=1001} ---
10660 tgkill(10593, 10596, SIGURG)      = 0
10596 --- SIGURG {si_signo=SIGURG, si_code=SI_TKILL, si_pid=10593, si_uid=1001} ---
10660 tgkill(10593, 10593, SIGURG)      = 0
10593 --- SIGURG {si_signo=SIGURG, si_code=SI_TKILL, si_pid=10593, si_uid=1001} ---
10660 tgkill(10593, 10598, SIGURG)      = 0
10598 --- SIGURG {si_signo=SIGURG, si_code=SI_TKILL, si_pid=10593, si_uid=1001} ---
10841 clone(child_stack=0x4d1ba8cba000, flags=CLONE_VM|CLONE_FS|CLONE_FILES|CLONE_SIGHAND|CLONE_THREAD|CLONE_SYSVSEM) = 10842
10841 clone(child_stack=0x4d1ba8cf2000, flags=CLONE_VM|CLONE_FS|CLONE_FILES|CLONE_SIGHAND|CLONE_THREAD|CLONE_SYSVSEM) = 10843
10842 tgkill(10841, 10841, SIGURG)      = 0
10841 clone(child_stack=0x4d1ba8cee000, flags=CLONE_VM|CLONE_FS|CLONE_FILES|CLONE_SIGHAND|CLONE_THREAD|CLONE_SYSVSEM) = 10844
10841 --- SIGURG {si_signo=SIGURG, si_code=SI_TKILL, si_pid=10841, si_uid=1001} ---
10843 clone(child_stack=0x4d1ba8d18000, flags=CLONE_VM|CLONE_FS|CLONE_FILES|CLONE_SIGHAND|CLONE_THREAD|CLONE_SYSVSEM) = 10845
10596 clone(child_stack=NULL, flags=CLONE_VM|CLONE_PIDFD|CLONE_VFORK|SIGCHLD <unfinished ...>
10660 clone(child_stack=NULL, flags=CLONE_VM|CLONE_PIDFD|CLONE_VFORK|SIGCHLD <unfinished ...>
10846 execve("/opt/hostedtoolcache/go/1.27.1/arm64/pkg/tool/linux_arm64/compile", ["/opt/hostedtoolcache/go/1.27.1/a"..., "-o", "/tmp/go-build3805767581/b033/_pk"..., "-trimpath", "/tmp/go-build3805767581/b033=>", "-p", "internal/runtime/pprof/label", "-lang=go1.27", "-std", "-complete", "-buildid", "Adj_DJVn5Gvf5WdIBJyc/Adj_DJVn5Gv"..., "-goversion", "go1.27.1", "-c=4", "-nolocalimports", "-importcfg", "/tmp/go-build3805767581/b033/imp"..., "-pack", "/opt/hostedtoolcache/go/1.27.1/a"...], 0x6c9426a72008 /* 140 vars */ <unfinished ...>
10596 <... clone resumed>, parent_tid=[16]) = 10846
10846 <... execve resumed>)             = 0
10847 execve("/opt/hostedtoolcache/go/1.27.1/arm64/pkg/tool/linux_arm64/compile", ["/opt/hostedtoolcache/go/1.27.1/a"..., "-o", "/tmp/go-build3805767581/b034/_pk"..., "-trimpath", "/tmp/go-build3805767581/b034=>", "-p", "internal/stringslite", "-lang=go1.27", "-std", "-complete", "-buildid", "nh9V4i7_c_-njGoAxDGl/nh9V4i7_c_-"..., "-goversion", "go1.27.1", "-c=4", "-nolocalimports", "-importcfg", "/tmp/go-build3805767581/b034/imp"..., "-pack", "/opt/hostedtoolcache/go/1.27.1/a"...], 0x6c9426d32908 /* 140 vars */ <unfinished ...>
10660 <... clone resumed>, parent_tid=[21]) = 10847
10847 <... execve resumed>)             = 0
10660 waitid(P_PIDFD, 21,  <unfinished ...>
10596 waitid(P_PIDFD, 16,  <unfinished ...>
10598 clone(child_stack=NULL, flags=CLONE_VM|CLONE_PIDFD|CLONE_VFORK|SIGCHLD <unfinished ...>
10848 execve("/opt/hostedtoolcache/go/1.27.1/arm64/pkg/tool/linux_arm64/compile", ["/opt/hostedtoolcache/go/1.27.1/a"..., "-o", "/tmp/go-build3805767581/b035/_pk"..., "-trimpath", "/tmp/go-build3805767581/b035=>", "-p", "internal/trace/tracev2", "-lang=go1.27", "-std", "-complete", "-buildid", "aU_jM6nXvPz_haFRjyVo/aU_jM6nXvPz"..., "-goversion", "go1.27.1", "-c=4", "-nolocalimports", "-importcfg", "/tmp/go-build3805767581/b035/imp"..., "-pack", "/opt/hostedtoolcache/go/1.27.1/a"..., "/opt/hostedtoolcache/go/1.27.1/a"..., "/opt/hostedtoolcache/go/1.27.1/a"...], 0x6c9426c72008 /* 140 vars */ <unfinished ...>
10841 exit_group(0)                     = ?
10598 <... clone resumed>, parent_tid=[12]) = 10848
10844 +++ exited with 0 +++
10843 +++ exited with 0 +++
10842 +++ exited with 0 +++
10848 <... execve resumed>)             = 0
10845 +++ exited with 0 +++
10841 +++ exited with 0 +++
10597 --- SIGCHLD {si_signo=SIGCHLD, si_code=CLD_EXITED, si_pid=10841, si_uid=1001, si_status=0, si_utime=0, si_stime=0} ---
10595 <... waitid resumed>{si_signo=SIGCHLD, si_code=CLD_EXITED, si_pid=10841, si_uid=1001, si_status=0, si_utime=0, si_stime=0}, WEXITED, {ru_utime={tv_sec=0, tv_usec=852}, ru_stime={tv_sec=0, tv_usec=5964}, ...}) = 0
10598 waitid(P_PIDFD, 12,  <unfinished ...>
10593 clone(child_stack=NULL, flags=CLONE_VM|CLONE_PIDFD|CLONE_VFORK|SIGCHLD <unfinished ...>
10849 execve("/opt/hostedtoolcache/go/1.27.1/arm64/pkg/tool/linux_arm64/asm", ["/opt/hostedtoolcache/go/1.27.1/a"..., "-p", "internal/runtime/sys", "-trimpath", "/tmp/go-build3805767581/b027=>", "-I", "/tmp/go-build3805767581/b027/", "-I", "/opt/hostedtoolcache/go/1.27.1/a"..., "-D", "GOOS_linux", "-D", "GOARCH_arm64", "-std", "-o", "/tmp/go-build3805767581/b027/emp"..., "/opt/hostedtoolcache/go/1.27.1/a"...], 0x6c9426f00908 /* 140 vars */ <unfinished ...>
10593 <... clone resumed>, parent_tid=[15]) = 10849
10849 <... execve resumed>)             = 0
10846 clone(child_stack=0x728b8f0b2000, flags=CLONE_VM|CLONE_FS|CLONE_FILES|CLONE_SIGHAND|CLONE_THREAD|CLONE_SYSVSEM) = 10850
10593 waitid(P_PIDFD, 15,  <unfinished ...>
10846 clone(child_stack=0x728b8f0ea000, flags=CLONE_VM|CLONE_FS|CLONE_FILES|CLONE_SIGHAND|CLONE_THREAD|CLONE_SYSVSEM) = 10851
10850 tgkill(10846, 10846, SIGURG)      = 0
10846 clone(child_stack=0x728b8f0e6000, flags=CLONE_VM|CLONE_FS|CLONE_FILES|CLONE_SIGHAND|CLONE_THREAD|CLONE_SYSVSEM) = 10852
10846 --- SIGURG {si_signo=SIGURG, si_code=SI_TKILL, si_pid=10846, si_uid=1001} ---
10851 clone(child_stack=0x728b8f118000, flags=CLONE_VM|CLONE_FS|CLONE_FILES|CLONE_SIGHAND|CLONE_THREAD|CLONE_SYSVSEM) = 10853
10847 clone(child_stack=0x2baa6f706000, flags=CLONE_VM|CLONE_FS|CLONE_FILES|CLONE_SIGHAND|CLONE_THREAD|CLONE_SYSVSEM) = 10854
10847 clone(child_stack=0x2baa6f73e000, flags=CLONE_VM|CLONE_FS|CLONE_FILES|CLONE_SIGHAND|CLONE_THREAD|CLONE_SYSVSEM) = 10855
10854 tgkill(10847, 10847, SIGURG)      = 0
10847 --- SIGURG {si_signo=SIGURG, si_code=SI_TKILL, si_pid=10847, si_uid=1001} ---
10854 tgkill(10847, 10847, SIGURG)      = 0
10847 clone(child_stack=0x2baa6f73a000, flags=CLONE_VM|CLONE_FS|CLONE_FILES|CLONE_SIGHAND|CLONE_THREAD|CLONE_SYSVSEM) = 10856
10847 --- SIGURG {si_signo=SIGURG, si_code=SI_TKILL, si_pid=10847, si_uid=1001} ---
10855 clone(child_stack=0x2baa6f798000, flags=CLONE_VM|CLONE_FS|CLONE_FILES|CLONE_SIGHAND|CLONE_THREAD|CLONE_SYSVSEM) = 10857
10847 clone(child_stack=0x2baa6f794000, flags=CLONE_VM|CLONE_FS|CLONE_FILES|CLONE_SIGHAND|CLONE_THREAD|CLONE_SYSVSEM) = 10858
10848 clone(child_stack=0x3e1981724000, flags=CLONE_VM|CLONE_FS|CLONE_FILES|CLONE_SIGHAND|CLONE_THREAD|CLONE_SYSVSEM) = 10859
10848 clone(child_stack=0x3e198175c000, flags=CLONE_VM|CLONE_FS|CLONE_FILES|CLONE_SIGHAND|CLONE_THREAD|CLONE_SYSVSEM) = 10860
10848 clone(child_stack=0x3e1981758000, flags=CLONE_VM|CLONE_FS|CLONE_FILES|CLONE_SIGHAND|CLONE_THREAD|CLONE_SYSVSEM) = 10861
10860 clone(child_stack=0x3e1981798000, flags=CLONE_VM|CLONE_FS|CLONE_FILES|CLONE_SIGHAND|CLONE_THREAD|CLONE_SYSVSEM) = 10862
10849 clone(child_stack=0x7a32fd910000, flags=CLONE_VM|CLONE_FS|CLONE_FILES|CLONE_SIGHAND|CLONE_THREAD|CLONE_SYSVSEM) = 10863
10849 clone(child_stack=0x7a32fd948000, flags=CLONE_VM|CLONE_FS|CLONE_FILES|CLONE_SIGHAND|CLONE_THREAD|CLONE_SYSVSEM) = 10864
10849 clone(child_stack=0x7a32fd944000, flags=CLONE_VM|CLONE_FS|CLONE_FILES|CLONE_SIGHAND|CLONE_THREAD|CLONE_SYSVSEM) = 10865
10864 clone(child_stack=0x7a32fd998000, flags=CLONE_VM|CLONE_FS|CLONE_FILES|CLONE_SIGHAND|CLONE_THREAD|CLONE_SYSVSEM <unfinished ...>
10849 clone(child_stack=0x7a32fd994000, flags=CLONE_VM|CLONE_FS|CLONE_FILES|CLONE_SIGHAND|CLONE_THREAD|CLONE_SYSVSEM) = 10866
10846 exit_group(0)                     = ?
10853 +++ exited with 0 +++
10851 +++ exited with 0 +++
10850 +++ exited with 0 +++
10852 +++ exited with 0 +++
10846 +++ exited with 0 +++
10596 <... waitid resumed>{si_signo=SIGCHLD, si_code=CLD_EXITED, si_pid=10846, si_uid=1001, si_status=0, si_utime=0, si_stime=0}, WEXITED, {ru_utime={tv_sec=0, tv_usec=7284}, ru_stime={tv_sec=0, tv_usec=5203}, ...}) = 0
10595 --- SIGCHLD {si_signo=SIGCHLD, si_code=CLD_EXITED, si_pid=10846, si_uid=1001, si_status=0, si_utime=0, si_stime=0} ---
10854 tgkill(10847, 10847, SIGURG)      = 0
10847 --- SIGURG {si_signo=SIGURG, si_code=SI_TKILL, si_pid=10847, si_uid=1001} ---
10864 <... clone resumed>)              = 10867
10849 exit_group(0)                     = ?
10864 +++ exited with 0 +++
10865 +++ exited with 0 +++
10866 +++ exited with 0 +++
10867 +++ exited with 0 +++
10863 +++ exited with 0 +++
10849 +++ exited with 0 +++
10595 --- SIGCHLD {si_signo=SIGCHLD, si_code=CLD_EXITED, si_pid=10849, si_uid=1001, si_status=0, si_utime=0, si_stime=0} ---
10593 <... waitid resumed>{si_signo=SIGCHLD, si_code=CLD_EXITED, si_pid=10849, si_uid=1001, si_status=0, si_utime=0, si_stime=0}, WEXITED, {ru_utime={tv_sec=0, tv_usec=0}, ru_stime={tv_sec=0, tv_usec=5443}, ...}) = 0
10594 tgkill(10593, 10593, SIGURG)      = 0
10593 --- SIGURG {si_signo=SIGURG, si_code=SI_TKILL, si_pid=10593, si_uid=1001} ---
10859 tgkill(10848, 10860, SIGURG)      = 0
10860 --- SIGURG {si_signo=SIGURG, si_code=SI_TKILL, si_pid=10848, si_uid=1001} ---
10855 exit_group(0)                     = ?
10858 +++ exited with 0 +++
10857 +++ exited with 0 +++
10856 +++ exited with 0 +++
10854 +++ exited with 0 +++
10594 tgkill(10593, 10595, SIGURG)      = 0
10595 --- SIGURG {si_signo=SIGURG, si_code=SI_TKILL, si_pid=10593, si_uid=1001} ---
10855 +++ exited with 0 +++
10847 +++ exited with 0 +++
10660 <... waitid resumed>{si_signo=SIGCHLD, si_code=CLD_EXITED, si_pid=10847, si_uid=1001, si_status=0, si_utime=0, si_stime=0}, WEXITED, {ru_utime={tv_sec=0, tv_usec=16259}, ru_stime={tv_sec=0, tv_usec=6322}, ...}) = 0
10594 --- SIGCHLD {si_signo=SIGCHLD, si_code=CLD_EXITED, si_pid=10847, si_uid=1001, si_status=0, si_utime=1 /* 0.01 s */, si_stime=0} ---
10860 exit_group(0)                     = ?
10860 +++ exited with 0 +++
10862 +++ exited with 0 +++
10861 +++ exited with 0 +++
10597 clone(child_stack=NULL, flags=CLONE_VM|CLONE_PIDFD|CLONE_VFORK|SIGCHLD <unfinished ...>
10859 +++ exited with 0 +++
10848 +++ exited with 0 +++
10595 --- SIGCHLD {si_signo=SIGCHLD, si_code=CLD_EXITED, si_pid=10848, si_uid=1001, si_status=0, si_utime=0, si_stime=1 /* 0.01 s */} ---
10598 <... waitid resumed>{si_signo=SIGCHLD, si_code=CLD_EXITED, si_pid=10848, si_uid=1001, si_status=0, si_utime=0, si_stime=0}, WEXITED, {ru_utime={tv_sec=0, tv_usec=10097}, ru_stime={tv_sec=0, tv_usec=11218}, ...}) = 0
10595 tgkill(10593, 10597, SIGURG)      = 0
10595 tgkill(10593, 10598, SIGURG)      = 0
10598 --- SIGURG {si_signo=SIGURG, si_code=SI_TKILL, si_pid=10593, si_uid=1001} ---
10868 execve("/opt/hostedtoolcache/go/1.27.1/arm64/pkg/tool/linux_arm64/compile", ["/opt/hostedtoolcache/go/1.27.1/a"..., "-o", "/tmp/go-build3805767581/b026/_pk"..., "-trimpath", "/tmp/go-build3805767581/b026=>", "-p", "internal/runtime/gc/scan", "-lang=go1.27", "-std", "-complete", "-buildid", "zkpOBZqegb5IqM6Y0vM2/zkpOBZqegb5"..., "-goversion", "go1.27.1", "-c=4", "-nolocalimports", "-importcfg", "/tmp/go-build3805767581/b026/imp"..., "-pack", "/opt/hostedtoolcache/go/1.27.1/a"..., "/opt/hostedtoolcache/go/1.27.1/a"..., "/opt/hostedtoolcache/go/1.27.1/a"..., "/opt/hostedtoolcache/go/1.27.1/a"..., "/opt/hostedtoolcache/go/1.27.1/a"...], 0x6c9426d32d88 /* 140 vars */ <unfinished ...>
10597 <... clone resumed>, parent_tid=[8]) = 10868
10597 --- SIGURG {si_signo=SIGURG, si_code=SI_TKILL, si_pid=10593, si_uid=1001} ---
10868 <... execve resumed>)             = 0
10595 tgkill(10593, 10597, SIGURG)      = 0
10597 --- SIGURG {si_signo=SIGURG, si_code=SI_TKILL, si_pid=10593, si_uid=1001} ---
10596 tgkill(10593, 10595, SIGURG)      = 0
10595 --- SIGURG {si_signo=SIGURG, si_code=SI_TKILL, si_pid=10593, si_uid=1001} ---
10660 waitid(P_PIDFD, 8,  <unfinished ...>
10595 clone(child_stack=NULL, flags=CLONE_VM|CLONE_PIDFD|CLONE_VFORK|SIGCHLD <unfinished ...>
10598 clone(child_stack=NULL, flags=CLONE_VM|CLONE_PIDFD|CLONE_VFORK|SIGCHLD <unfinished ...>
10868 clone(child_stack=0x292816e4a000, flags=CLONE_VM|CLONE_FS|CLONE_FILES|CLONE_SIGHAND|CLONE_THREAD|CLONE_SYSVSEM) = 10871
10869 execve("/opt/hostedtoolcache/go/1.27.1/arm64/pkg/tool/linux_arm64/compile", ["/opt/hostedtoolcache/go/1.27.1/a"..., "-o", "/tmp/go-build3805767581/b037/_pk"..., "-trimpath", "/tmp/go-build3805767581/b037=>", "-p", "cmp", "-lang=go1.27", "-std", "-complete", "-buildid", "Z3JmRfg9H-Z-PQxOBQlM/Z3JmRfg9H-Z"..., "-goversion", "go1.27.1", "-c=4", "-nolocalimports", "-importcfg", "/tmp/go-build3805767581/b037/imp"..., "-pack", "/opt/hostedtoolcache/go/1.27.1/a"...], 0x6c9426a72008 /* 140 vars */ <unfinished ...>
10595 <... clone resumed>, parent_tid=[16]) = 10869
10868 clone(child_stack=0x292816e88000, flags=CLONE_VM|CLONE_FS|CLONE_FILES|CLONE_SIGHAND|CLONE_THREAD|CLONE_SYSVSEM) = 10872
10869 <... execve resumed>)             = 0
10871 tgkill(10868, 10868, SIGURG <unfinished ...>
10868 clone(child_stack=0x292816e84000, flags=CLONE_VM|CLONE_FS|CLONE_FILES|CLONE_SIGHAND|CLONE_THREAD|CLONE_SYSVSEM <unfinished ...>
10871 <... tgkill resumed>)             = 0
10868 <... clone resumed>)              = 10873
10868 --- SIGURG {si_signo=SIGURG, si_code=SI_TKILL, si_pid=10868, si_uid=1001} ---
10872 clone(child_stack=0x292816ea8000, flags=CLONE_VM|CLONE_FS|CLONE_FILES|CLONE_SIGHAND|CLONE_THREAD|CLONE_SYSVSEM) = 10874
10870 execve("/opt/hostedtoolcache/go/1.27.1/arm64/pkg/tool/linux_arm64/asm", ["/opt/hostedtoolcache/go/1.27.1/a"..., "-p", "internal/runtime/maps", "-trimpath", "/tmp/go-build3805767581/b028=>", "-I", "/tmp/go-build3805767581/b028/", "-I", "/opt/hostedtoolcache/go/1.27.1/a"..., "-D", "GOOS_linux", "-D", "GOARCH_arm64", "-std", "-gensymabis", "-o", "/tmp/go-build3805767581/b028/sym"..., "/opt/hostedtoolcache/go/1.27.1/a"...], 0x6c9426f00908 /* 140 vars */ <unfinished ...>
10598 <... clone resumed>, parent_tid=[21]) = 10870
10870 <... execve resumed>)             = 0
10873 clone(child_stack=0x292816ea4000, flags=CLONE_VM|CLONE_FS|CLONE_FILES|CLONE_SIGHAND|CLONE_THREAD|CLONE_SYSVSEM) = 10875
10595 waitid(P_PIDFD, 16,  <unfinished ...>
10598 waitid(P_PIDFD, 21,  <unfinished ...>
10870 clone(child_stack=0x3a79c258e000, flags=CLONE_VM|CLONE_FS|CLONE_FILES|CLONE_SIGHAND|CLONE_THREAD|CLONE_SYSVSEM) = 10876
10870 clone(child_stack=0x3a79c25c6000, flags=CLONE_VM|CLONE_FS|CLONE_FILES|CLONE_SIGHAND|CLONE_THREAD|CLONE_SYSVSEM) = 10877
10876 tgkill(10870, 10870, SIGURG)      = 0
10870 clone(child_stack=0x3a79c25c2000, flags=CLONE_VM|CLONE_FS|CLONE_FILES|CLONE_SIGHAND|CLONE_THREAD|CLONE_SYSVSEM) = 10878
10870 --- SIGURG {si_signo=SIGURG, si_code=SI_TKILL, si_pid=10870, si_uid=1001} ---
10876 tgkill(10870, 10870, SIGURG)      = 0
10870 --- SIGURG {si_signo=SIGURG, si_code=SI_TKILL, si_pid=10870, si_uid=1001} ---
10869 clone(child_stack=0x47df8639c000, flags=CLONE_VM|CLONE_FS|CLONE_FILES|CLONE_SIGHAND|CLONE_THREAD|CLONE_SYSVSEM) = 10879
10869 clone(child_stack=0x47df863d4000, flags=CLONE_VM|CLONE_FS|CLONE_FILES|CLONE_SIGHAND|CLONE_THREAD|CLONE_SYSVSEM) = 10880
10869 clone(child_stack=0x47df863d0000, flags=CLONE_VM|CLONE_FS|CLONE_FILES|CLONE_SIGHAND|CLONE_THREAD|CLONE_SYSVSEM) = 10881
10880 clone(child_stack=0x47df86418000, flags=CLONE_VM|CLONE_FS|CLONE_FILES|CLONE_SIGHAND|CLONE_THREAD|CLONE_SYSVSEM) = 10882
10594 tgkill(10593, 10596, SIGURG)      = 0
10596 --- SIGURG {si_signo=SIGURG, si_code=SI_TKILL, si_pid=10593, si_uid=1001} ---
10593 tgkill(10593, 10596, SIGURG)      = 0
10596 --- SIGURG {si_signo=SIGURG, si_code=SI_TKILL, si_pid=10593, si_uid=1001} ---
10869 exit_group(0 <unfinished ...>
10870 exit_group(0 <unfinished ...>
10869 <... exit_group resumed>)         = ?
10870 <... exit_group resumed>)         = ?
10881 +++ exited with 0 +++
10880 +++ exited with 0 +++
10879 +++ exited with 0 +++
10876 +++ exited with 0 +++
10877 +++ exited with 0 +++
10878 +++ exited with 0 +++
10870 +++ exited with 0 +++
10598 <... waitid resumed>{si_signo=SIGCHLD, si_code=CLD_EXITED, si_pid=10870, si_uid=1001, si_status=0, si_utime=0, si_stime=0}, WEXITED, {ru_utime={tv_sec=0, tv_usec=0}, ru_stime={tv_sec=0, tv_usec=6591}, ...}) = 0
10598 --- SIGCHLD {si_signo=SIGCHLD, si_code=CLD_EXITED, si_pid=10870, si_uid=1001, si_status=0, si_utime=0, si_stime=0} ---
10882 +++ exited with 0 +++
10869 +++ exited with 0 +++
10599 --- SIGCHLD {si_signo=SIGCHLD, si_code=CLD_EXITED, si_pid=10869, si_uid=1001, si_status=0, si_utime=0, si_stime=0} ---
10595 <... waitid resumed>{si_signo=SIGCHLD, si_code=CLD_EXITED, si_pid=10869, si_uid=1001, si_status=0, si_utime=0, si_stime=0}, WEXITED, {ru_utime={tv_sec=0, tv_usec=6915}, ru_stime={tv_sec=0, tv_usec=4149}, ...}) = 0
10872 exit_group(0)                     = ?
10874 +++ exited with 0 +++
10872 +++ exited with 0 +++
10871 +++ exited with 0 +++
10873 +++ exited with 0 +++
10875 +++ exited with 0 +++
10599 clone(child_stack=NULL, flags=CLONE_VM|CLONE_PIDFD|CLONE_VFORK|SIGCHLD <unfinished ...>
10868 +++ exited with 0 +++
10598 --- SIGCHLD {si_signo=SIGCHLD, si_code=CLD_EXITED, si_pid=10868, si_uid=1001, si_status=0, si_utime=1 /* 0.01 s */, si_stime=1 /* 0.01 s */} ---
10660 <... waitid resumed>{si_signo=SIGCHLD, si_code=CLD_EXITED, si_pid=10868, si_uid=1001, si_status=0, si_utime=0, si_stime=0}, WEXITED, {ru_utime={tv_sec=0, tv_usec=14565}, ru_stime={tv_sec=0, tv_usec=9103}, ...}) = 0
10597 clone(child_stack=NULL, flags=CLONE_VM|CLONE_PIDFD|CLONE_VFORK|SIGCHLD <unfinished ...>
10883 execve("/opt/hostedtoolcache/go/1.27.1/arm64/pkg/tool/linux_arm64/compile", ["/opt/hostedtoolcache/go/1.27.1/a"..., "-o", "/tmp/go-build3805767581/b028/_pk"..., "-trimpath", "/tmp/go-build3805767581/b028=>", "-p", "internal/runtime/maps", "-lang=go1.27", "-std", "-buildid", "CQsqIBuTjDIlU_tISVn6/CQsqIBuTjDI"..., "-goversion", "go1.27.1", "-symabis", "/tmp/go-build3805767581/b028/sym"..., "-c=4", "-nolocalimports", "-importcfg", "/tmp/go-build3805767581/b028/imp"..., "-pack", "-asmhdr", "/tmp/go-build3805767581/b028/go_"..., "/opt/hostedtoolcache/go/1.27.1/a"..., "/opt/hostedtoolcache/go/1.27.1/a"..., "/opt/hostedtoolcache/go/1.27.1/a"..., "/opt/hostedtoolcache/go/1.27.1/a"..., "/opt/hostedtoolcache/go/1.27.1/a"..., "/opt/hostedtoolcache/go/1.27.1/a"..., "/opt/hostedtoolcache/go/1.27.1/a"..., "/opt/hostedtoolcache/go/1.27.1/a"..., "/opt/hostedtoolcache/go/1.27.1/a"..., "/opt/hostedtoolcache/go/1.27.1/a"..., ...], 0x6c9426f00d88 /* 140 vars */ <unfinished ...>
10599 <... clone resumed>, parent_tid=[18]) = 10883
10883 <... execve resumed>)             = 0
10884 execve("/opt/hostedtoolcache/go/1.27.1/arm64/pkg/tool/linux_arm64/asm", ["/opt/hostedtoolcache/go/1.27.1/a"..., "-p", "math", "-trimpath", "/tmp/go-build3805767581/b040=>", "-I", "/tmp/go-build3805767581/b040/", "-I", "/opt/hostedtoolcache/go/1.27.1/a"..., "-D", "GOOS_linux", "-D", "GOARCH_arm64", "-std", "-gensymabis", "-o", "/tmp/go-build3805767581/b040/sym"..., "/opt/hostedtoolcache/go/1.27.1/a"..., "/opt/hostedtoolcache/go/1.27.1/a"..., "/opt/hostedtoolcache/go/1.27.1/a"...], 0x6c9426a72008 /* 140 vars */ <unfinished ...>
10597 <... clone resumed>, parent_tid=[20]) = 10884
10884 <... execve resumed>)             = 0
10599 waitid(P_PIDFD, 18,  <unfinished ...>
10597 waitid(P_PIDFD, 20,  <unfinished ...>
10598 clone(child_stack=NULL, flags=CLONE_VM|CLONE_PIDFD|CLONE_VFORK|SIGCHLD <unfinished ...>
10885 execve("/opt/hostedtoolcache/go/1.27.1/arm64/pkg/tool/linux_arm64/compile", ["/opt/hostedtoolcache/go/1.27.1/a"..., "-o", "/tmp/go-build3805767581/b042/_pk"..., "-trimpath", "/tmp/go-build3805767581/b042=>", "-p", "unicode/utf8", "-lang=go1.27", "-std", "-complete", "-buildid", "s1yLYlbI-aHsaTN15vbA/s1yLYlbI-aH"..., "-goversion", "go1.27.1", "-c=4", "-nolocalimports", "-importcfg", "/tmp/go-build3805767581/b042/imp"..., "-pack", "/opt/hostedtoolcache/go/1.27.1/a"...], 0x6c9426d32908 /* 140 vars */ <unfinished ...>
10598 <... clone resumed>, parent_tid=[15]) = 10885
10885 <... execve resumed>)             = 0
10598 waitid(P_PIDFD, 15,  <unfinished ...>
10593 clone(child_stack=NULL, flags=CLONE_VM|CLONE_PIDFD|CLONE_VFORK|SIGCHLD <unfinished ...>
10883 clone(child_stack=0x55d5baea000, flags=CLONE_VM|CLONE_FS|CLONE_FILES|CLONE_SIGHAND|CLONE_THREAD|CLONE_SYSVSEM) = 10887
10884 clone(child_stack=0x4ef63e7de000, flags=CLONE_VM|CLONE_FS|CLONE_FILES|CLONE_SIGHAND|CLONE_THREAD|CLONE_SYSVSEM <unfinished ...>
10883 clone(child_stack=0x55d5bb22000, flags=CLONE_VM|CLONE_FS|CLONE_FILES|CLONE_SIGHAND|CLONE_THREAD|CLONE_SYSVSEM <unfinished ...>
10884 <... clone resumed>)              = 10888
10887 tgkill(10883, 10883, SIGURG)      = 0
10883 <... clone resumed>)              = 10889
10883 --- SIGURG {si_signo=SIGURG, si_code=SI_TKILL, si_pid=10883, si_uid=1001} ---
10884 clone(child_stack=0x4ef63e818000, flags=CLONE_VM|CLONE_FS|CLONE_FILES|CLONE_SIGHAND|CLONE_THREAD|CLONE_SYSVSEM) = 10890
10883 clone(child_stack=0x55d5bb1e000, flags=CLONE_VM|CLONE_FS|CLONE_FILES|CLONE_SIGHAND|CLONE_THREAD|CLONE_SYSVSEM) = 10891
10884 clone(child_stack=0x4ef63e814000, flags=CLONE_VM|CLONE_FS|CLONE_FILES|CLONE_SIGHAND|CLONE_THREAD|CLONE_SYSVSEM) = 10892
10889 clone(child_stack=0x55d5bb98000, flags=CLONE_VM|CLONE_FS|CLONE_FILES|CLONE_SIGHAND|CLONE_THREAD|CLONE_SYSVSEM <unfinished ...>
10890 clone(child_stack=0x4ef63e898000, flags=CLONE_VM|CLONE_FS|CLONE_FILES|CLONE_SIGHAND|CLONE_THREAD|CLONE_SYSVSEM <unfinished ...>
10889 <... clone resumed>)              = 10893
10890 <... clone resumed>)              = 10894
10883 clone(child_stack=0x55d5bb94000, flags=CLONE_VM|CLONE_FS|CLONE_FILES|CLONE_SIGHAND|CLONE_THREAD|CLONE_SYSVSEM) = 10895
10594 tgkill(10593, 10593, SIGURG)      = 0
10888 tgkill(10884, 10884, SIGURG)      = 0
10884 --- SIGURG {si_signo=SIGURG, si_code=SI_TKILL, si_pid=10884, si_uid=1001} ---
10886 execve("/opt/hostedtoolcache/go/1.27.1/arm64/pkg/tool/linux_arm64/asm", ["/opt/hostedtoolcache/go/1.27.1/a"..., "-p", "sync/atomic", "-trimpath", "/tmp/go-build3805767581/b045=>", "-I", "/tmp/go-build3805767581/b045/", "-I", "/opt/hostedtoolcache/go/1.27.1/a"..., "-D", "GOOS_linux", "-D", "GOARCH_arm64", "-std", "-gensymabis", "-o", "/tmp/go-build3805767581/b045/sym"..., "/opt/hostedtoolcache/go/1.27.1/a"...], 0x6c9426c72008 /* 140 vars */) = 0
10593 <... clone resumed>, parent_tid=[16]) = 10886
10593 --- SIGURG {si_signo=SIGURG, si_code=SI_TKILL, si_pid=10593, si_uid=1001} ---
10593 waitid(P_PIDFD, 16,  <unfinished ...>
10885 clone(child_stack=0x491fd7a5a000, flags=CLONE_VM|CLONE_FS|CLONE_FILES|CLONE_SIGHAND|CLONE_THREAD|CLONE_SYSVSEM) = 10896
10885 clone(child_stack=0x491fd7a92000, flags=CLONE_VM|CLONE_FS|CLONE_FILES|CLONE_SIGHAND|CLONE_THREAD|CLONE_SYSVSEM) = 10897
10896 tgkill(10885, 10885, SIGURG)      = 0
10885 --- SIGURG {si_signo=SIGURG, si_code=SI_TKILL, si_pid=10885, si_uid=1001} ---
10896 tgkill(10885, 10885, SIGURG)      = 0
10885 clone(child_stack=0x491fd7a8e000, flags=CLONE_VM|CLONE_FS|CLONE_FILES|CLONE_SIGHAND|CLONE_THREAD|CLONE_SYSVSEM) = 10898
10897 clone(child_stack=0x491fd7b18000, flags=CLONE_VM|CLONE_FS|CLONE_FILES|CLONE_SIGHAND|CLONE_THREAD|CLONE_SYSVSEM <unfinished ...>
10885 --- SIGURG {si_signo=SIGURG, si_code=SI_TKILL, si_pid=10885, si_uid=1001} ---
10897 <... clone resumed>)              = 10899
10898 clone(child_stack=0x491fd7b14000, flags=CLONE_VM|CLONE_FS|CLONE_FILES|CLONE_SIGHAND|CLONE_THREAD|CLONE_SYSVSEM) = 10900
10890 exit_group(0)                     = ?
10894 +++ exited with 0 +++
10888 +++ exited with 0 +++
10892 +++ exited with 0 +++
10890 +++ exited with 0 +++
10884 +++ exited with 0 +++
10597 <... waitid resumed>{si_signo=SIGCHLD, si_code=CLD_EXITED, si_pid=10884, si_uid=1001, si_status=0, si_utime=0, si_stime=0}, WEXITED, {ru_utime={tv_sec=0, tv_usec=1020}, ru_stime={tv_sec=0, tv_usec=6121}, ...}) = 0
10660 --- SIGCHLD {si_signo=SIGCHLD, si_code=CLD_EXITED, si_pid=10884, si_uid=1001, si_status=0, si_utime=0, si_stime=0} ---
10886 clone(child_stack=0x7c39d4bd2000, flags=CLONE_VM|CLONE_FS|CLONE_FILES|CLONE_SIGHAND|CLONE_THREAD|CLONE_SYSVSEM) = 10901
10660 clone(child_stack=NULL, flags=CLONE_VM|CLONE_PIDFD|CLONE_VFORK|SIGCHLD <unfinished ...>
10901 tgkill(10886, 10886, SIGURG)      = 0
10886 clone(child_stack=0x7c39d4c0a000, flags=CLONE_VM|CLONE_FS|CLONE_FILES|CLONE_SIGHAND|CLONE_THREAD|CLONE_SYSVSEM) = 10903
10886 --- SIGURG {si_signo=SIGURG, si_code=SI_TKILL, si_pid=10886, si_uid=1001} ---
10901 tgkill(10886, 10886, SIGURG)      = 0
10886 clone(child_stack=0x7c39d4c06000, flags=CLONE_VM|CLONE_FS|CLONE_FILES|CLONE_SIGHAND|CLONE_THREAD|CLONE_SYSVSEM) = 10904
10903 clone(child_stack=0x7c39d4c98000, flags=CLONE_VM|CLONE_FS|CLONE_FILES|CLONE_SIGHAND|CLONE_THREAD|CLONE_SYSVSEM <unfinished ...>
10886 --- SIGURG {si_signo=SIGURG, si_code=SI_TKILL, si_pid=10886, si_uid=1001} ---
10903 <... clone resumed>)              = 10905
10902 execve("/opt/hostedtoolcache/go/1.27.1/arm64/pkg/tool/linux_arm64/compile", ["/opt/hostedtoolcache/go/1.27.1/a"..., "-o", "/tmp/go-build3805767581/b040/_pk"..., "-trimpath", "/tmp/go-build3805767581/b040=>", "-p", "math", "-lang=go1.27", "-std", "-buildid", "8X5WVBTqImLjj3PxSZIw/8X5WVBTqImL"..., "-goversion", "go1.27.1", "-symabis", "/tmp/go-build3805767581/b040/sym"..., "-c=4", "-nolocalimports", "-importcfg", "/tmp/go-build3805767581/b040/imp"..., "-pack", "-asmhdr", "/tmp/go-build3805767581/b040/go_"..., "/opt/hostedtoolcache/go/1.27.1/a"..., "/opt/hostedtoolcache/go/1.27.1/a"..., "/opt/hostedtoolcache/go/1.27.1/a"..., "/opt/hostedtoolcache/go/1.27.1/a"..., "/opt/hostedtoolcache/go/1.27.1/a"..., "/opt/hostedtoolcache/go/1.27.1/a"..., "/opt/hostedtoolcache/go/1.27.1/a"..., "/opt/hostedtoolcache/go/1.27.1/a"..., "/opt/hostedtoolcache/go/1.27.1/a"..., "/opt/hostedtoolcache/go/1.27.1/a"..., ...], 0x6c9426f01b08 /* 140 vars */ <unfinished ...>
10660 <... clone resumed>, parent_tid=[17]) = 10902
10902 <... execve resumed>)             = 0
10660 waitid(P_PIDFD, 17,  <unfinished ...>
10886 exit_group(0)                     = ?
10901 +++ exited with 0 +++
10905 +++ exited with 0 +++
10903 +++ exited with 0 +++
10904 +++ exited with 0 +++
10886 +++ exited with 0 +++
10597 --- SIGCHLD {si_signo=SIGCHLD, si_code=CLD_EXITED, si_pid=10886, si_uid=1001, si_status=0, si_utime=0, si_stime=0} ---
10593 <... waitid resumed>{si_signo=SIGCHLD, si_code=CLD_EXITED, si_pid=10886, si_uid=1001, si_status=0, si_utime=0, si_stime=0}, WEXITED, {ru_utime={tv_sec=0, tv_usec=622}, ru_stime={tv_sec=0, tv_usec=5604}, ...}) = 0
10896 tgkill(10885, 10885, SIGURG)      = 0
10885 --- SIGURG {si_signo=SIGURG, si_code=SI_TKILL, si_pid=10885, si_uid=1001} ---
10887 tgkill(10883, 10883, SIGURG)      = 0
10883 --- SIGURG {si_signo=SIGURG, si_code=SI_TKILL, si_pid=10883, si_uid=1001} ---
10597 clone(child_stack=NULL, flags=CLONE_VM|CLONE_PIDFD|CLONE_VFORK|SIGCHLD <unfinished ...>
10902 clone(child_stack=0x5633d1b86000, flags=CLONE_VM|CLONE_FS|CLONE_FILES|CLONE_SIGHAND|CLONE_THREAD|CLONE_SYSVSEM) = 10907
10902 clone(child_stack=0x5633d1bbe000, flags=CLONE_VM|CLONE_FS|CLONE_FILES|CLONE_SIGHAND|CLONE_THREAD|CLONE_SYSVSEM <unfinished ...>
10906 execve("/opt/hostedtoolcache/go/1.27.1/arm64/pkg/tool/linux_arm64/compile", ["/opt/hostedtoolcache/go/1.27.1/a"..., "-o", "/tmp/go-build3805767581/b045/_pk"..., "-trimpath", "/tmp/go-build3805767581/b045=>", "-p", "sync/atomic", "-lang=go1.27", "-std", "-buildid", "JGUF4K_ysLjx-Ruoda01/JGUF4K_ysLj"..., "-goversion", "go1.27.1", "-symabis", "/tmp/go-build3805767581/b045/sym"..., "-c=4", "-nolocalimports", "-importcfg", "/tmp/go-build3805767581/b045/imp"..., "-pack", "-asmhdr", "/tmp/go-build3805767581/b045/go_"..., "/opt/hostedtoolcache/go/1.27.1/a"..., "/opt/hostedtoolcache/go/1.27.1/a"..., "/opt/hostedtoolcache/go/1.27.1/a"..., "/opt/hostedtoolcache/go/1.27.1/a"...], 0x6c9426d32d88 /* 140 vars */ <unfinished ...>
10597 <... clone resumed>, parent_tid=[16]) = 10906
10902 <... clone resumed>)              = 10908
10906 <... execve resumed>)             = 0
10907 tgkill(10902, 10902, SIGURG)      = 0
10902 clone(child_stack=0x5633d1bba000, flags=CLONE_VM|CLONE_FS|CLONE_FILES|CLONE_SIGHAND|CLONE_THREAD|CLONE_SYSVSEM) = 10909
10597 waitid(P_PIDFD, 16,  <unfinished ...>
10902 --- SIGURG {si_signo=SIGURG, si_code=SI_TKILL, si_pid=10902, si_uid=1001} ---
10908 clone(child_stack=0x5633d1c18000, flags=CLONE_VM|CLONE_FS|CLONE_FILES|CLONE_SIGHAND|CLONE_THREAD|CLONE_SYSVSEM) = 10910
10910 clone(child_stack=0x5633d1c14000, flags=CLONE_VM|CLONE_FS|CLONE_FILES|CLONE_SIGHAND|CLONE_THREAD|CLONE_SYSVSEM) = 10911
10896 tgkill(10885, 10885, SIGURG)      = 0
10885 --- SIGURG {si_signo=SIGURG, si_code=SI_TKILL, si_pid=10885, si_uid=1001} ---
10907 clone(child_stack=0x5633d1cf4000, flags=CLONE_VM|CLONE_FS|CLONE_FILES|CLONE_SIGHAND|CLONE_THREAD|CLONE_SYSVSEM <unfinished ...>
10906 clone(child_stack=0x6c9cc153c000, flags=CLONE_VM|CLONE_FS|CLONE_FILES|CLONE_SIGHAND|CLONE_THREAD|CLONE_SYSVSEM <unfinished ...>
10907 <... clone resumed>)              = 10912
10906 <... clone resumed>)              = 10913
10906 clone(child_stack=0x6c9cc1574000, flags=CLONE_VM|CLONE_FS|CLONE_FILES|CLONE_SIGHAND|CLONE_THREAD|CLONE_SYSVSEM <unfinished ...>
10913 tgkill(10906, 10906, SIGURG <unfinished ...>
10906 <... clone resumed>)              = 10914
10913 <... tgkill resumed>)             = 0
10906 --- SIGURG {si_signo=SIGURG, si_code=SI_TKILL, si_pid=10906, si_uid=1001} ---
10906 clone(child_stack=0x6c9cc1570000, flags=CLONE_VM|CLONE_FS|CLONE_FILES|CLONE_SIGHAND|CLONE_THREAD|CLONE_SYSVSEM) = 10915
10914 clone(child_stack=0x6c9cc1598000, flags=CLONE_VM|CLONE_FS|CLONE_FILES|CLONE_SIGHAND|CLONE_THREAD|CLONE_SYSVSEM) = 10916
10906 clone(child_stack=0x6c9cc1594000, flags=CLONE_VM|CLONE_FS|CLONE_FILES|CLONE_SIGHAND|CLONE_THREAD|CLONE_SYSVSEM) = 10917
10887 tgkill(10883, 10895, SIGURG)      = 0
10895 --- SIGURG {si_signo=SIGURG, si_code=SI_TKILL, si_pid=10883, si_uid=1001} ---
10896 tgkill(10885, 10899, SIGURG <unfinished ...>
10907 clone(child_stack=0x5633d1c5e000, flags=CLONE_VM|CLONE_FS|CLONE_FILES|CLONE_SIGHAND|CLONE_THREAD|CLONE_SYSVSEM <unfinished ...>
10896 <... tgkill resumed>)             = 0
10899 --- SIGURG {si_signo=SIGURG, si_code=SI_TKILL, si_pid=10885, si_uid=1001} ---
10907 <... clone resumed>)              = 10918
10900 exit_group(0)                     = ?
10896 +++ exited with 0 +++
10900 +++ exited with 0 +++
10898 +++ exited with 0 +++
10899 +++ exited with 0 +++
10897 +++ exited with 0 +++
10885 +++ exited with 0 +++
10595 --- SIGCHLD {si_signo=SIGCHLD, si_code=CLD_EXITED, si_pid=10885, si_uid=1001, si_status=0, si_utime=3 /* 0.03 s */, si_stime=0} ---
10598 <... waitid resumed>{si_signo=SIGCHLD, si_code=CLD_EXITED, si_pid=10885, si_uid=1001, si_status=0, si_utime=0, si_stime=0}, WEXITED, {ru_utime={tv_sec=0, tv_usec=31345}, ru_stime={tv_sec=0, tv_usec=7836}, ...}) = 0
10913 tgkill(10906, 10915, SIGURG)      = 0
10915 --- SIGURG {si_signo=SIGURG, si_code=SI_TKILL, si_pid=10906, si_uid=1001} ---
10907 tgkill(10902, 10908, SIGURG)      = 0
10908 --- SIGURG {si_signo=SIGURG, si_code=SI_TKILL, si_pid=10902, si_uid=1001} ---
10594 tgkill(10593, 10598, SIGURG)      = 0
10887 tgkill(10883, 10895, SIGURG)      = 0
10895 --- SIGURG {si_signo=SIGURG, si_code=SI_TKILL, si_pid=10883, si_uid=1001} ---
10598 --- SIGURG {si_signo=SIGURG, si_code=SI_TKILL, si_pid=10593, si_uid=1001} ---
10913 tgkill(10906, 10915, SIGURG)      = 0
10915 --- SIGURG {si_signo=SIGURG, si_code=SI_TKILL, si_pid=10906, si_uid=1001} ---
10907 tgkill(10902, 10918, SIGURG)      = 0
10918 --- SIGURG {si_signo=SIGURG, si_code=SI_TKILL, si_pid=10902, si_uid=1001} ---
10916 exit_group(0)                     = ?
10915 +++ exited with 0 +++
10914 +++ exited with 0 +++
10913 +++ exited with 0 +++
10917 +++ exited with 0 +++
10916 +++ exited with 0 +++
10906 +++ exited with 0 +++
10597 <... waitid resumed>{si_signo=SIGCHLD, si_code=CLD_EXITED, si_pid=10906, si_uid=1001, si_status=0, si_utime=0, si_stime=0}, WEXITED, {ru_utime={tv_sec=0, tv_usec=27072}, ru_stime={tv_sec=0, tv_usec=14577}, ...}) = 0
10594 --- SIGCHLD {si_signo=SIGCHLD, si_code=CLD_EXITED, si_pid=10906, si_uid=1001, si_status=0, si_utime=2 /* 0.02 s */, si_stime=1 /* 0.01 s */} ---
10597 clone(child_stack=NULL, flags=CLONE_VM|CLONE_PIDFD|CLONE_VFORK|SIGCHLD <unfinished ...>
10593 clone(child_stack=NULL, flags=CLONE_VM|CLONE_PIDFD|CLONE_VFORK|SIGCHLD <unfinished ...>
10919 execve("/opt/hostedtoolcache/go/1.27.1/arm64/pkg/tool/linux_arm64/asm", ["/opt/hostedtoolcache/go/1.27.1/a"..., "-p", "sync/atomic", "-trimpath", "/tmp/go-build3805767581/b045=>", "-I", "/tmp/go-build3805767581/b045/", "-I", "/opt/hostedtoolcache/go/1.27.1/a"..., "-D", "GOOS_linux", "-D", "GOARCH_arm64", "-std", "-o", "/tmp/go-build3805767581/b045/asm"..., "/opt/hostedtoolcache/go/1.27.1/a"...], 0x6c9426d33208 /* 140 vars */ <unfinished ...>
10597 <... clone resumed>, parent_tid=[19]) = 10919
10919 <... execve resumed>)             = 0
10887 tgkill(10883, 10883, SIGURG <unfinished ...>
10920 execve("/opt/hostedtoolcache/go/1.27.1/arm64/pkg/tool/linux_arm64/compile", ["/opt/hostedtoolcache/go/1.27.1/a"..., "-o", "/tmp/go-build3805767581/b046/_pk"..., "-trimpath", "/tmp/go-build3805767581/b046=>", "-p", "internal/synctest", "-lang=go1.27", "-std", "-complete", "-buildid", "4eWvoqUiOB6E0SbY6umh/4eWvoqUiOB6"..., "-goversion", "go1.27.1", "-c=4", "-nolocalimports", "-importcfg", "/tmp/go-build3805767581/b046/imp"..., "-pack", "/opt/hostedtoolcache/go/1.27.1/a"...], 0x6c9426c42d88 /* 140 vars */ <unfinished ...>
10887 <... tgkill resumed>)             = 0
10883 --- SIGURG {si_signo=SIGURG, si_code=SI_TKILL, si_pid=10883, si_uid=1001} ---
10593 <... clone resumed>, parent_tid=[22]) = 10920
10920 <... execve resumed>)             = 0
10597 waitid(P_PIDFD, 19,  <unfinished ...>
10593 waitid(P_PIDFD, 22,  <unfinished ...>
10920 clone(child_stack=0x349682958000, flags=CLONE_VM|CLONE_FS|CLONE_FILES|CLONE_SIGHAND|CLONE_THREAD|CLONE_SYSVSEM) = 10921
10920 clone(child_stack=0x349682990000, flags=CLONE_VM|CLONE_FS|CLONE_FILES|CLONE_SIGHAND|CLONE_THREAD|CLONE_SYSVSEM) = 10922
10920 clone(child_stack=0x34968298c000, flags=CLONE_VM|CLONE_FS|CLONE_FILES|CLONE_SIGHAND|CLONE_THREAD|CLONE_SYSVSEM) = 10923
10919 clone(child_stack=0x39d5dd73c000, flags=CLONE_VM|CLONE_FS|CLONE_FILES|CLONE_SIGHAND|CLONE_THREAD|CLONE_SYSVSEM) = 10924
10919 clone(child_stack=0x39d5dd774000, flags=CLONE_VM|CLONE_FS|CLONE_FILES|CLONE_SIGHAND|CLONE_THREAD|CLONE_SYSVSEM) = 10925
10919 clone(child_stack=0x39d5dd770000, flags=CLONE_VM|CLONE_FS|CLONE_FILES|CLONE_SIGHAND|CLONE_THREAD|CLONE_SYSVSEM) = 10926
10925 clone(child_stack=0x39d5dd7a0000, flags=CLONE_VM|CLONE_FS|CLONE_FILES|CLONE_SIGHAND|CLONE_THREAD|CLONE_SYSVSEM) = 10927
10922 clone(child_stack=0x349682a18000, flags=CLONE_VM|CLONE_FS|CLONE_FILES|CLONE_SIGHAND|CLONE_THREAD|CLONE_SYSVSEM) = 10928
10887 tgkill(10883, 10895, SIGURG)      = 0
10895 --- SIGURG {si_signo=SIGURG, si_code=SI_TKILL, si_pid=10883, si_uid=1001} ---
10907 tgkill(10902, 10911, SIGURG)      = 0
10911 --- SIGURG {si_signo=SIGURG, si_code=SI_TKILL, si_pid=10902, si_uid=1001} ---
10921 tgkill(10920, 10920, SIGURG)      = 0
10920 --- SIGURG {si_signo=SIGURG, si_code=SI_TKILL, si_pid=10920, si_uid=1001} ---
10919 exit_group(0)                     = ?
10926 +++ exited with 0 +++
10927 +++ exited with 0 +++
10925 +++ exited with 0 +++
10924 +++ exited with 0 +++
10919 +++ exited with 0 +++
10595 --- SIGCHLD {si_signo=SIGCHLD, si_code=CLD_EXITED, si_pid=10919, si_uid=1001, si_status=0, si_utime=0, si_stime=0} ---
10928 exit_group(0)                     = ?
10928 +++ exited with 0 +++
10922 +++ exited with 0 +++
10923 +++ exited with 0 +++
10921 +++ exited with 0 +++
10920 +++ exited with 0 +++
10597 <... waitid resumed>{si_signo=SIGCHLD, si_code=CLD_EXITED, si_pid=10919, si_uid=1001, si_status=0, si_utime=0, si_stime=0}, WEXITED, {ru_utime={tv_sec=0, tv_usec=0}, ru_stime={tv_sec=0, tv_usec=6318}, ...}) = 0
10593 <... waitid resumed>{si_signo=SIGCHLD, si_code=CLD_EXITED, si_pid=10920, si_uid=1001, si_status=0, si_utime=0, si_stime=0}, WEXITED, {ru_utime={tv_sec=0, tv_usec=5628}, ru_stime={tv_sec=0, tv_usec=8442}, ...}) = 0
10595 --- SIGCHLD {si_signo=SIGCHLD, si_code=CLD_EXITED, si_pid=10920, si_uid=1001, si_status=0, si_utime=0, si_stime=0} ---
10887 tgkill(10883, 10883, SIGURG)      = 0
10883 --- SIGURG {si_signo=SIGURG, si_code=SI_TKILL, si_pid=10883, si_uid=1001} ---
10887 tgkill(10883, 10891, SIGURG <unfinished ...>
10891 --- SIGURG {si_signo=SIGURG, si_code=SI_TKILL, si_pid=10883, si_uid=1001} ---
10887 <... tgkill resumed>)             = 0
10887 tgkill(10883, 10893, SIGURG <unfinished ...>
10893 --- SIGURG {si_signo=SIGURG, si_code=SI_TKILL, si_pid=10883, si_uid=1001} ---
10887 <... tgkill resumed>)             = 0
10907 tgkill(10902, 10911, SIGURG)      = 0
10911 --- SIGURG {si_signo=SIGURG, si_code=SI_TKILL, si_pid=10902, si_uid=1001} ---
10907 tgkill(10902, 10918, SIGURG <unfinished ...>
10918 --- SIGURG {si_signo=SIGURG, si_code=SI_TKILL, si_pid=10902, si_uid=1001} ---
10907 <... tgkill resumed>)             = 0
10907 tgkill(10902, 10908, SIGURG)      = 0
10908 --- SIGURG {si_signo=SIGURG, si_code=SI_TKILL, si_pid=10902, si_uid=1001} ---
10907 tgkill(10902, 10910, SIGURG <unfinished ...>
10910 --- SIGURG {si_signo=SIGURG, si_code=SI_TKILL, si_pid=10902, si_uid=1001} ---
10907 <... tgkill resumed>)             = 0
10887 tgkill(10883, 10895, SIGURG)      = 0
10895 --- SIGURG {si_signo=SIGURG, si_code=SI_TKILL, si_pid=10883, si_uid=1001} ---
10887 tgkill(10883, 10891, SIGURG <unfinished ...>
10891 --- SIGURG {si_signo=SIGURG, si_code=SI_TKILL, si_pid=10883, si_uid=1001} ---
10887 <... tgkill resumed>)             = 0
10598 clone(child_stack=NULL, flags=CLONE_VM|CLONE_PIDFD|CLONE_VFORK|SIGCHLD <unfinished ...>
10595 clone(child_stack=NULL, flags=CLONE_VM|CLONE_PIDFD|CLONE_VFORK|SIGCHLD <unfinished ...>
10907 tgkill(10902, 10910, SIGURG)      = 0
10910 --- SIGURG {si_signo=SIGURG, si_code=SI_TKILL, si_pid=10902, si_uid=1001} ---
10911 exit_group(0)                     = ?
10918 +++ exited with 0 +++
10911 +++ exited with 0 +++
10910 +++ exited with 0 +++
10909 +++ exited with 0 +++
10908 +++ exited with 0 +++
10907 +++ exited with 0 +++
10594 tgkill(10593, 10595, SIGURG)      = 0
10930 execve("/opt/hostedtoolcache/go/1.27.1/arm64/pkg/tool/linux_arm64/compile", ["/opt/hostedtoolcache/go/1.27.1/a"..., "-o", "/tmp/go-build3805767581/b044/_pk"..., "-trimpath", "/tmp/go-build3805767581/b044=>", "-p", "internal/sync", "-lang=go1.27", "-std", "-complete", "-buildid", "yNvcDl_12QHRYk5Wvj76/yNvcDl_12QH"..., "-goversion", "go1.27.1", "-c=4", "-nolocalimports", "-importcfg", "/tmp/go-build3805767581/b044/imp"..., "-pack", "/opt/hostedtoolcache/go/1.27.1/a"..., "/opt/hostedtoolcache/go/1.27.1/a"..., "/opt/hostedtoolcache/go/1.27.1/a"...], 0x6c9426c72008 /* 140 vars */ <unfinished ...>
10594 tgkill(10593, 10598, SIGURG)      = 0
10595 <... clone resumed>, parent_tid=[22]) = 10930
10930 <... execve resumed>)             = 0
10595 --- SIGURG {si_signo=SIGURG, si_code=SI_TKILL, si_pid=10593, si_uid=1001} ---
10929 execve("/opt/hostedtoolcache/go/1.27.1/arm64/pkg/tool/linux_arm64/compile", ["/opt/hostedtoolcache/go/1.27.1/a"..., "-o", "/tmp/go-build3805767581/b047/_pk"..., "-trimpath", "/tmp/go-build3805767581/b047=>", "-p", "unicode", "-lang=go1.27", "-std", "-complete", "-buildid", "FIy725AIl71QC_77HXYb/FIy725AIl71"..., "-goversion", "go1.27.1", "-c=4", "-nolocalimports", "-importcfg", "/tmp/go-build3805767581/b047/imp"..., "-pack", "/opt/hostedtoolcache/go/1.27.1/a"..., "/opt/hostedtoolcache/go/1.27.1/a"..., "/opt/hostedtoolcache/go/1.27.1/a"..., "/opt/hostedtoolcache/go/1.27.1/a"..., "/opt/hostedtoolcache/go/1.27.1/a"...], 0x6c9426d32908 /* 140 vars */) = 0
10912 +++ exited with 0 +++
10902 +++ exited with 0 +++
10598 <... clone resumed>, parent_tid=[21]) = 10929
10660 <... waitid resumed>{si_signo=SIGCHLD, si_code=CLD_EXITED, si_pid=10902, si_uid=1001, si_status=0, si_utime=0, si_stime=0}, WEXITED, {ru_utime={tv_sec=0, tv_usec=120364}, ru_stime={tv_sec=0, tv_usec=25651}, ...}) = 0
10597 --- SIGCHLD {si_signo=SIGCHLD, si_code=CLD_EXITED, si_pid=10902, si_uid=1001, si_status=0, si_utime=12 /* 0.12 s */, si_stime=2 /* 0.02 s */} ---
10598 --- SIGURG {si_signo=SIGURG, si_code=SI_TKILL, si_pid=10593, si_uid=1001} ---
10597 waitid(P_PIDFD, 22,  <unfinished ...>
10598 waitid(P_PIDFD, 21,  <unfinished ...>
10596 clone(child_stack=NULL, flags=CLONE_VM|CLONE_PIDFD|CLONE_VFORK|SIGCHLD <unfinished ...>
10931 execve("/opt/hostedtoolcache/go/1.27.1/arm64/pkg/tool/linux_arm64/asm", ["/opt/hostedtoolcache/go/1.27.1/a"..., "-p", "math", "-trimpath", "/tmp/go-build3805767581/b040=>", "-I", "/tmp/go-build3805767581/b040/", "-I", "/opt/hostedtoolcache/go/1.27.1/a"..., "-D", "GOOS_linux", "-D", "GOARCH_arm64", "-std", "-o", "/tmp/go-build3805767581/b040/dim"..., "/opt/hostedtoolcache/go/1.27.1/a"...], 0x6c9426c42d88 /* 140 vars */ <unfinished ...>
10596 <... clone resumed>, parent_tid=[15]) = 10931
10931 <... execve resumed>)             = 0
10596 waitid(P_PIDFD, 15,  <unfinished ...>
10891 exit_group(0)                     = ?
10930 clone(child_stack=0x5a01aff50000, flags=CLONE_VM|CLONE_FS|CLONE_FILES|CLONE_SIGHAND|CLONE_THREAD|CLONE_SYSVSEM <unfinished ...>
10895 +++ exited with 0 +++
10893 +++ exited with 0 +++
10889 +++ exited with 0 +++
10887 +++ exited with 0 +++
10932 tgkill(10930, 10930, SIGURG)      = 0
10930 <... clone resumed>)              = 10932
10930 --- SIGURG {si_signo=SIGURG, si_code=SI_TKILL, si_pid=10930, si_uid=1001} ---
10932 tgkill(10930, 10930, SIGURG)      = 0
10930 --- SIGURG {si_signo=SIGURG, si_code=SI_TKILL, si_pid=10930, si_uid=1001} ---
10930 clone(child_stack=0x5a01aff88000, flags=CLONE_VM|CLONE_FS|CLONE_FILES|CLONE_SIGHAND|CLONE_THREAD|CLONE_SYSVSEM) = 10933
10930 clone(child_stack=0x5a01aff84000, flags=CLONE_VM|CLONE_FS|CLONE_FILES|CLONE_SIGHAND|CLONE_THREAD|CLONE_SYSVSEM) = 10934
10929 clone(child_stack=0x4945254bc000, flags=CLONE_VM|CLONE_FS|CLONE_FILES|CLONE_SIGHAND|CLONE_THREAD|CLONE_SYSVSEM) = 10935
10929 clone(child_stack=0x4945254f4000, flags=CLONE_VM|CLONE_FS|CLONE_FILES|CLONE_SIGHAND|CLONE_THREAD|CLONE_SYSVSEM <unfinished ...>
10933 clone(child_stack=0x5a01b0018000, flags=CLONE_VM|CLONE_FS|CLONE_FILES|CLONE_SIGHAND|CLONE_THREAD|CLONE_SYSVSEM <unfinished ...>
10929 <... clone resumed>)              = 10936
10933 <... clone resumed>)              = 10937
10935 tgkill(10929, 10929, SIGURG)      = 0
10929 clone(child_stack=0x4945254f0000, flags=CLONE_VM|CLONE_FS|CLONE_FILES|CLONE_SIGHAND|CLONE_THREAD|CLONE_SYSVSEM) = 10938
10929 --- SIGURG {si_signo=SIGURG, si_code=SI_TKILL, si_pid=10929, si_uid=1001} ---
10936 clone(child_stack=0x494525518000, flags=CLONE_VM|CLONE_FS|CLONE_FILES|CLONE_SIGHAND|CLONE_THREAD|CLONE_SYSVSEM <unfinished ...>
10934 clone(child_stack=0x5a01b0014000, flags=CLONE_VM|CLONE_FS|CLONE_FILES|CLONE_SIGHAND|CLONE_THREAD|CLONE_SYSVSEM <unfinished ...>
10936 <... clone resumed>)              = 10939
10934 <... clone resumed>)              = 10940
10891 +++ exited with 0 +++
10883 +++ exited with 0 +++
10660 --- SIGCHLD {si_signo=SIGCHLD, si_code=CLD_EXITED, si_pid=10883, si_uid=1001, si_status=0, si_utime=16 /* 0.16 s */, si_stime=4 /* 0.04 s */} ---
10599 <... waitid resumed>{si_signo=SIGCHLD, si_code=CLD_EXITED, si_pid=10883, si_uid=1001, si_status=0, si_utime=0, si_stime=0}, WEXITED, {ru_utime={tv_sec=0, tv_usec=156897}, ru_stime={tv_sec=0, tv_usec=39459}, ...}) = 0
10939 clone(child_stack=0x494525514000, flags=CLONE_VM|CLONE_FS|CLONE_FILES|CLONE_SIGHAND|CLONE_THREAD|CLONE_SYSVSEM) = 10941
10931 clone(child_stack=0x78c3b7846000, flags=CLONE_VM|CLONE_FS|CLONE_FILES|CLONE_SIGHAND|CLONE_THREAD|CLONE_SYSVSEM) = 10942
10931 clone(child_stack=0x78c3b787e000, flags=CLONE_VM|CLONE_FS|CLONE_FILES|CLONE_SIGHAND|CLONE_THREAD|CLONE_SYSVSEM) = 10943
10942 tgkill(10931, 10931, SIGURG)      = 0
10931 --- SIGURG {si_signo=SIGURG, si_code=SI_TKILL, si_pid=10931, si_uid=1001} ---
10660 clone(child_stack=NULL, flags=CLONE_VM|CLONE_PIDFD|CLONE_VFORK|SIGCHLD <unfinished ...>
10931 clone(child_stack=0x78c3b787a000, flags=CLONE_VM|CLONE_FS|CLONE_FILES|CLONE_SIGHAND|CLONE_THREAD|CLONE_SYSVSEM) = 10945
10943 clone(child_stack=0x78c3b78a0000, flags=CLONE_VM|CLONE_FS|CLONE_FILES|CLONE_SIGHAND|CLONE_THREAD|CLONE_SYSVSEM) = 10946
10944 execve("/opt/hostedtoolcache/go/1.27.1/arm64/pkg/tool/linux_arm64/asm", ["/opt/hostedtoolcache/go/1.27.1/a"..., "-p", "internal/runtime/maps", "-trimpath", "/tmp/go-build3805767581/b028=>", "-I", "/tmp/go-build3805767581/b028/", "-I", "/opt/hostedtoolcache/go/1.27.1/a"..., "-D", "GOOS_linux", "-D", "GOARCH_arm64", "-std", "-o", "/tmp/go-build3805767581/b028/mem"..., "/opt/hostedtoolcache/go/1.27.1/a"...], 0x6c9426c72908 /* 140 vars */ <unfinished ...>
10660 <... clone resumed>, parent_tid=[16]) = 10944
10944 <... execve resumed>)             = 0
10660 waitid(P_PIDFD, 16,  <unfinished ...>
10944 clone(child_stack=0x5970bb728000, flags=CLONE_VM|CLONE_FS|CLONE_FILES|CLONE_SIGHAND|CLONE_THREAD|CLONE_SYSVSEM) = 10947
10931 exit_group(0)                     = ?
10945 +++ exited with 0 +++
10942 +++ exited with 0 +++
10944 clone(child_stack=0x5970bb760000, flags=CLONE_VM|CLONE_FS|CLONE_FILES|CLONE_SIGHAND|CLONE_THREAD|CLONE_SYSVSEM <unfinished ...>
10943 +++ exited with 0 +++
10944 <... clone resumed>)              = 10948
10947 tgkill(10944, 10944, SIGURG)      = 0
10944 clone(child_stack=0x5970bb75c000, flags=CLONE_VM|CLONE_FS|CLONE_FILES|CLONE_SIGHAND|CLONE_THREAD|CLONE_SYSVSEM) = 10949
10944 --- SIGURG {si_signo=SIGURG, si_code=SI_TKILL, si_pid=10944, si_uid=1001} ---
10946 +++ exited with 0 +++
10931 +++ exited with 0 +++
10594 --- SIGCHLD {si_signo=SIGCHLD, si_code=CLD_EXITED, si_pid=10931, si_uid=1001, si_status=0, si_utime=0, si_stime=0} ---
10596 <... waitid resumed>{si_signo=SIGCHLD, si_code=CLD_EXITED, si_pid=10931, si_uid=1001, si_status=0, si_utime=0, si_stime=0}, WEXITED, {ru_utime={tv_sec=0, tv_usec=0}, ru_stime={tv_sec=0, tv_usec=6361}, ...}) = 0
10948 clone(child_stack=0x5970bb798000, flags=CLONE_VM|CLONE_FS|CLONE_FILES|CLONE_SIGHAND|CLONE_THREAD|CLONE_SYSVSEM) = 10950
10935 tgkill(10929, 10929, SIGURG)      = 0
10929 --- SIGURG {si_signo=SIGURG, si_code=SI_TKILL, si_pid=10929, si_uid=1001} ---
10950 clone(child_stack=0x5970bb794000, flags=CLONE_VM|CLONE_FS|CLONE_FILES|CLONE_SIGHAND|CLONE_THREAD|CLONE_SYSVSEM) = 10951
10599 clone(child_stack=NULL, flags=CLONE_VM|CLONE_PIDFD|CLONE_VFORK|SIGCHLD <unfinished ...>
10952 execve("/opt/hostedtoolcache/go/1.27.1/arm64/pkg/tool/linux_arm64/asm", ["/opt/hostedtoolcache/go/1.27.1/a"..., "-p", "math", "-trimpath", "/tmp/go-build3805767581/b040=>", "-I", "/tmp/go-build3805767581/b040/", "-I", "/opt/hostedtoolcache/go/1.27.1/a"..., "-D", "GOOS_linux", "-D", "GOARCH_arm64", "-std", "-o", "/tmp/go-build3805767581/b040/exp"..., "/opt/hostedtoolcache/go/1.27.1/a"...], 0x6c9426a72008 /* 140 vars */ <unfinished ...>
10599 <... clone resumed>, parent_tid=[15]) = 10952
10952 <... execve resumed>)             = 0
10599 waitid(P_PIDFD, 15,  <unfinished ...>
10944 exit_group(0)                     = ?
10951 +++ exited with 0 +++
10948 +++ exited with 0 +++
10950 +++ exited with 0 +++
10949 +++ exited with 0 +++
10947 +++ exited with 0 +++
10944 +++ exited with 0 +++
10660 <... waitid resumed>{si_signo=SIGCHLD, si_code=CLD_EXITED, si_pid=10944, si_uid=1001, si_status=0, si_utime=0, si_stime=0}, WEXITED, {ru_utime={tv_sec=0, tv_usec=2410}, ru_stime={tv_sec=0, tv_usec=4820}, ...}) = 0
10660 --- SIGCHLD {si_signo=SIGCHLD, si_code=CLD_EXITED, si_pid=10944, si_uid=1001, si_status=0, si_utime=0, si_stime=0} ---
10940 exit_group(0)                     = ?
10932 +++ exited with 0 +++
10934 +++ exited with 0 +++
10937 +++ exited with 0 +++
10940 +++ exited with 0 +++
10952 clone(child_stack=0x1222c6eda000, flags=CLONE_VM|CLONE_FS|CLONE_FILES|CLONE_SIGHAND|CLONE_THREAD|CLONE_SYSVSEM) = 10953
10933 +++ exited with 0 +++
10930 +++ exited with 0 +++
10597 <... waitid resumed>{si_signo=SIGCHLD, si_code=CLD_EXITED, si_pid=10930, si_uid=1001, si_status=0, si_utime=0, si_stime=0}, WEXITED, {ru_utime={tv_sec=0, tv_usec=14907}, ru_stime={tv_sec=0, tv_usec=9583}, ...}) = 0
10596 --- SIGCHLD {si_signo=SIGCHLD, si_code=CLD_EXITED, si_pid=10930, si_uid=1001, si_status=0, si_utime=1 /* 0.01 s */, si_stime=0} ---
10952 clone(child_stack=0x1222c6f12000, flags=CLONE_VM|CLONE_FS|CLONE_FILES|CLONE_SIGHAND|CLONE_THREAD|CLONE_SYSVSEM) = 10954
10953 tgkill(10952, 10952, SIGURG)      = 0
10952 clone(child_stack=0x1222c6f0e000, flags=CLONE_VM|CLONE_FS|CLONE_FILES|CLONE_SIGHAND|CLONE_THREAD|CLONE_SYSVSEM) = 10955
10954 clone(child_stack=0x1222c6f98000, flags=CLONE_VM|CLONE_FS|CLONE_FILES|CLONE_SIGHAND|CLONE_THREAD|CLONE_SYSVSEM) = 10956
10952 --- SIGURG {si_signo=SIGURG, si_code=SI_TKILL, si_pid=10952, si_uid=1001} ---
10953 tgkill(10952, 10955, SIGURG)      = 0
10955 --- SIGURG {si_signo=SIGURG, si_code=SI_TKILL, si_pid=10952, si_uid=1001} ---
10935 tgkill(10929, 10941, SIGURG)      = 0
10941 --- SIGURG {si_signo=SIGURG, si_code=SI_TKILL, si_pid=10929, si_uid=1001} ---
10952 exit_group(0)                     = ?
10955 +++ exited with 0 +++
10956 +++ exited with 0 +++
10954 +++ exited with 0 +++
10953 +++ exited with 0 +++
10952 +++ exited with 0 +++
10596 --- SIGCHLD {si_signo=SIGCHLD, si_code=CLD_EXITED, si_pid=10952, si_uid=1001, si_status=0, si_utime=0, si_stime=0} ---
10599 <... waitid resumed>{si_signo=SIGCHLD, si_code=CLD_EXITED, si_pid=10952, si_uid=1001, si_status=0, si_utime=0, si_stime=0}, WEXITED, {ru_utime={tv_sec=0, tv_usec=0}, ru_stime={tv_sec=0, tv_usec=7105}, ...}) = 0
10597 clone(child_stack=NULL, flags=CLONE_VM|CLONE_PIDFD|CLONE_VFORK|SIGCHLD <unfinished ...>
10660 clone(child_stack=NULL, flags=CLONE_VM|CLONE_PIDFD|CLONE_VFORK|SIGCHLD <unfinished ...>
10594 tgkill(10593, 10660, SIGURG)      = 0
10958 execve("/opt/hostedtoolcache/go/1.27.1/arm64/pkg/tool/linux_arm64/compile", ["/opt/hostedtoolcache/go/1.27.1/a"..., "-o", "/tmp/go-build3805767581/b063/_pk"..., "-trimpath", "/tmp/go-build3805767581/b063=>", "-p", "github.com/type-rb/type-rb-nativ"..., "-lang=go1.27", "-complete", "-buildid", "HQyL_mkfayeg7TthMR7z/HQyL_mkfaye"..., "-goversion", "go1.27.1", "-c=4", "-nolocalimports", "-importcfg", "/tmp/go-build3805767581/b063/imp"..., "-pack", "/tmp/trb-build-3835243017/trb/st"...], 0x6c9426c73688 /* 140 vars */ <unfinished ...>
10957 execve("/opt/hostedtoolcache/go/1.27.1/arm64/pkg/tool/linux_arm64/asm", ["/opt/hostedtoolcache/go/1.27.1/a"..., "-p", "math", "-trimpath", "/tmp/go-build3805767581/b040=>", "-I", "/tmp/go-build3805767581/b040/", "-I", "/opt/hostedtoolcache/go/1.27.1/a"..., "-D", "GOOS_linux", "-D", "GOARCH_arm64", "-std", "-o", "/tmp/go-build3805767581/b040/flo"..., "/opt/hostedtoolcache/go/1.27.1/a"...], 0x6c9426c43688 /* 140 vars */ <unfinished ...>
10660 <... clone resumed>, parent_tid=[22]) = 10958
10597 <... clone resumed>, parent_tid=[20]) = 10957
10958 <... execve resumed>)             = 0
10957 <... execve resumed>)             = 0
10660 --- SIGURG {si_signo=SIGURG, si_code=SI_TKILL, si_pid=10593, si_uid=1001} ---
10597 waitid(P_PIDFD, 20,  <unfinished ...>
10660 waitid(P_PIDFD, 22,  <unfinished ...>
10958 clone(child_stack=0x7661a7904000, flags=CLONE_VM|CLONE_FS|CLONE_FILES|CLONE_SIGHAND|CLONE_THREAD|CLONE_SYSVSEM) = 10959
10958 clone(child_stack=0x7661a793c000, flags=CLONE_VM|CLONE_FS|CLONE_FILES|CLONE_SIGHAND|CLONE_THREAD|CLONE_SYSVSEM) = 10960
10959 tgkill(10958, 10958, SIGURG)      = 0
10958 clone(child_stack=0x7661a7938000, flags=CLONE_VM|CLONE_FS|CLONE_FILES|CLONE_SIGHAND|CLONE_THREAD|CLONE_SYSVSEM) = 10961
10958 --- SIGURG {si_signo=SIGURG, si_code=SI_TKILL, si_pid=10958, si_uid=1001} ---
10960 clone(child_stack=0x7661a7998000, flags=CLONE_VM|CLONE_FS|CLONE_FILES|CLONE_SIGHAND|CLONE_THREAD|CLONE_SYSVSEM) = 10962
10957 clone(child_stack=0x433fe07ee000, flags=CLONE_VM|CLONE_FS|CLONE_FILES|CLONE_SIGHAND|CLONE_THREAD|CLONE_SYSVSEM) = 10963
10957 clone(child_stack=0x433fe0826000, flags=CLONE_VM|CLONE_FS|CLONE_FILES|CLONE_SIGHAND|CLONE_THREAD|CLONE_SYSVSEM) = 10964
10957 clone(child_stack=0x433fe0822000, flags=CLONE_VM|CLONE_FS|CLONE_FILES|CLONE_SIGHAND|CLONE_THREAD|CLONE_SYSVSEM) = 10965
10935 tgkill(10929, 10929, SIGURG)      = 0
10964 clone(child_stack=0x433fe0898000, flags=CLONE_VM|CLONE_FS|CLONE_FILES|CLONE_SIGHAND|CLONE_THREAD|CLONE_SYSVSEM <unfinished ...>
10929 --- SIGURG {si_signo=SIGURG, si_code=SI_TKILL, si_pid=10929, si_uid=1001} ---
10964 <... clone resumed>)              = 10966
10957 clone(child_stack=0x433fe0894000, flags=CLONE_VM|CLONE_FS|CLONE_FILES|CLONE_SIGHAND|CLONE_THREAD|CLONE_SYSVSEM) = 10967
10957 exit_group(0)                     = ?
10967 +++ exited with 0 +++
10966 +++ exited with 0 +++
10965 +++ exited with 0 +++
10964 +++ exited with 0 +++
10963 +++ exited with 0 +++
10957 +++ exited with 0 +++
10596 --- SIGCHLD {si_signo=SIGCHLD, si_code=CLD_EXITED, si_pid=10957, si_uid=1001, si_status=0, si_utime=0, si_stime=0} ---
10597 <... waitid resumed>{si_signo=SIGCHLD, si_code=CLD_EXITED, si_pid=10957, si_uid=1001, si_status=0, si_utime=0, si_stime=0}, WEXITED, {ru_utime={tv_sec=0, tv_usec=1055}, ru_stime={tv_sec=0, tv_usec=5277}, ...}) = 0
10958 exit_group(0)                     = ?
10961 +++ exited with 0 +++
10960 +++ exited with 0 +++
10959 +++ exited with 0 +++
10962 +++ exited with 0 +++
10958 +++ exited with 0 +++
10596 --- SIGCHLD {si_signo=SIGCHLD, si_code=CLD_EXITED, si_pid=10958, si_uid=1001, si_status=0, si_utime=0, si_stime=1 /* 0.01 s */} ---
10660 <... waitid resumed>{si_signo=SIGCHLD, si_code=CLD_EXITED, si_pid=10958, si_uid=1001, si_status=0, si_utime=0, si_stime=0}, WEXITED, {ru_utime={tv_sec=0, tv_usec=955}, ru_stime={tv_sec=0, tv_usec=10510}, ...}) = 0
10596 tgkill(10593, 10599, SIGURG)      = 0
10599 --- SIGURG {si_signo=SIGURG, si_code=SI_TKILL, si_pid=10593, si_uid=1001} ---
10935 tgkill(10929, 10938, SIGURG <unfinished ...>
10938 --- SIGURG {si_signo=SIGURG, si_code=SI_TKILL, si_pid=10929, si_uid=1001} ---
10935 <... tgkill resumed>)             = 0
10594 tgkill(10593, 10599, SIGURG)      = 0
10599 --- SIGURG {si_signo=SIGURG, si_code=SI_TKILL, si_pid=10593, si_uid=1001} ---
10935 tgkill(10929, 10938, SIGURG <unfinished ...>
10938 --- SIGURG {si_signo=SIGURG, si_code=SI_TKILL, si_pid=10929, si_uid=1001} ---
10935 <... tgkill resumed>)             = 0
10594 tgkill(10593, 10596, SIGURG <unfinished ...>
10596 --- SIGURG {si_signo=SIGURG, si_code=SI_TKILL, si_pid=10593, si_uid=1001} ---
10594 <... tgkill resumed>)             = 0
10938 exit_group(0)                     = ?
10941 +++ exited with 0 +++
10939 +++ exited with 0 +++
10938 +++ exited with 0 +++
10936 +++ exited with 0 +++
10935 +++ exited with 0 +++
10929 +++ exited with 0 +++
10660 --- SIGCHLD {si_signo=SIGCHLD, si_code=CLD_EXITED, si_pid=10929, si_uid=1001, si_status=0, si_utime=10 /* 0.10 s */, si_stime=2 /* 0.02 s */} ---
10598 <... waitid resumed>{si_signo=SIGCHLD, si_code=CLD_EXITED, si_pid=10929, si_uid=1001, si_status=0, si_utime=0, si_stime=0}, WEXITED, {ru_utime={tv_sec=0, tv_usec=98039}, ru_stime={tv_sec=0, tv_usec=23068}, ...}) = 0
10594 tgkill(10593, 10593, SIGURG)      = 0
10593 --- SIGURG {si_signo=SIGURG, si_code=SI_TKILL, si_pid=10593, si_uid=1001} ---
10598 clone(child_stack=NULL, flags=CLONE_VM|CLONE_PIDFD|CLONE_VFORK|SIGCHLD <unfinished ...>
10594 tgkill(10593, 10598, SIGURG)      = 0
10968 execve("/opt/hostedtoolcache/go/1.27.1/arm64/pkg/tool/linux_arm64/asm", ["/opt/hostedtoolcache/go/1.27.1/a"..., "-p", "runtime", "-trimpath", "/tmp/go-build3805767581/b009=>", "-I", "/tmp/go-build3805767581/b009/", "-I", "/opt/hostedtoolcache/go/1.27.1/a"..., "-D", "GOOS_linux", "-D", "GOARCH_arm64", "-std", "-gensymabis", "-o", "/tmp/go-build3805767581/b009/sym"..., "/opt/hostedtoolcache/go/1.27.1/a"..., "/opt/hostedtoolcache/go/1.27.1/a"..., "/opt/hostedtoolcache/go/1.27.1/a"..., "/opt/hostedtoolcache/go/1.27.1/a"..., "/opt/hostedtoolcache/go/1.27.1/a"..., "/opt/hostedtoolcache/go/1.27.1/a"..., "/opt/hostedtoolcache/go/1.27.1/a"..., "/opt/hostedtoolcache/go/1.27.1/a"..., "/opt/hostedtoolcache/go/1.27.1/a"..., "/opt/hostedtoolcache/go/1.27.1/a"..., "/opt/hostedtoolcache/go/1.27.1/a"...], 0x6c9426c42d88 /* 140 vars */ <unfinished ...>
10598 <... clone resumed>, parent_tid=[12]) = 10968
10598 --- SIGURG {si_signo=SIGURG, si_code=SI_TKILL, si_pid=10593, si_uid=1001} ---
10968 <... execve resumed>)             = 0
10598 waitid(P_PIDFD, 12,  <unfinished ...>
10968 clone(child_stack=0x3e4c46f66000, flags=CLONE_VM|CLONE_FS|CLONE_FILES|CLONE_SIGHAND|CLONE_THREAD|CLONE_SYSVSEM) = 10969
10968 clone(child_stack=0x3e4c46fa0000, flags=CLONE_VM|CLONE_FS|CLONE_FILES|CLONE_SIGHAND|CLONE_THREAD|CLONE_SYSVSEM) = 10970
10968 clone(child_stack=0x3e4c46f9c000, flags=CLONE_VM|CLONE_FS|CLONE_FILES|CLONE_SIGHAND|CLONE_THREAD|CLONE_SYSVSEM) = 10971
10970 clone(child_stack=0x3e4c47018000, flags=CLONE_VM|CLONE_FS|CLONE_FILES|CLONE_SIGHAND|CLONE_THREAD|CLONE_SYSVSEM <unfinished ...>
10969 tgkill(10968, 10971, SIGURG)      = 0
10971 --- SIGURG {si_signo=SIGURG, si_code=SI_TKILL, si_pid=10968, si_uid=1001} ---
10970 <... clone resumed>)              = 10972
10968 exit_group(0)                     = ?
10972 +++ exited with 0 +++
10971 +++ exited with 0 +++
10970 +++ exited with 0 +++
10969 +++ exited with 0 +++
10968 +++ exited with 0 +++
10660 --- SIGCHLD {si_signo=SIGCHLD, si_code=CLD_EXITED, si_pid=10968, si_uid=1001, si_status=0, si_utime=0, si_stime=1 /* 0.01 s */} ---
10598 <... waitid resumed>{si_signo=SIGCHLD, si_code=CLD_EXITED, si_pid=10968, si_uid=1001, si_status=0, si_utime=0, si_stime=0}, WEXITED, {ru_utime={tv_sec=0, tv_usec=4596}, ru_stime={tv_sec=0, tv_usec=13788}, ...}) = 0
10660 clone(child_stack=NULL, flags=CLONE_VM|CLONE_PIDFD|CLONE_VFORK|SIGCHLD <unfinished ...>
10973 execve("/opt/hostedtoolcache/go/1.27.1/arm64/pkg/tool/linux_arm64/compile", ["/opt/hostedtoolcache/go/1.27.1/a"..., "-o", "/tmp/go-build3805767581/b009/_pk"..., "-trimpath", "/tmp/go-build3805767581/b009=>", "-p", "runtime", "-lang=go1.27", "-std", "-buildid", "MLVzQWnOxD5-8U6ingaq/MLVzQWnOxD5"..., "-goversion", "go1.27.1", "-symabis", "/tmp/go-build3805767581/b009/sym"..., "-c=4", "-nolocalimports", "-importcfg", "/tmp/go-build3805767581/b009/imp"..., "-pack", "-asmhdr", "/tmp/go-build3805767581/b009/go_"..., "/opt/hostedtoolcache/go/1.27.1/a"..., "/opt/hostedtoolcache/go/1.27.1/a"..., "/opt/hostedtoolcache/go/1.27.1/a"..., "/opt/hostedtoolcache/go/1.27.1/a"..., "/opt/hostedtoolcache/go/1.27.1/a"..., "/opt/hostedtoolcache/go/1.27.1/a"..., "/opt/hostedtoolcache/go/1.27.1/a"..., "/opt/hostedtoolcache/go/1.27.1/a"..., "/opt/hostedtoolcache/go/1.27.1/a"..., "/opt/hostedtoolcache/go/1.27.1/a"..., ...], 0x6c9426d33208 /* 140 vars */ <unfinished ...>
10660 <... clone resumed>, parent_tid=[12]) = 10973
10973 <... execve resumed>)             = 0
10660 waitid(P_PIDFD, 12,  <unfinished ...>
10973 clone(child_stack=0x1066d5a7e000, flags=CLONE_VM|CLONE_FS|CLONE_FILES|CLONE_SIGHAND|CLONE_THREAD|CLONE_SYSVSEM) = 10974
10973 clone(child_stack=0x1066d5ab6000, flags=CLONE_VM|CLONE_FS|CLONE_FILES|CLONE_SIGHAND|CLONE_THREAD|CLONE_SYSVSEM) = 10975
10974 tgkill(10973, 10973, SIGURG)      = 0
10973 clone(child_stack=0x1066d5ab2000, flags=CLONE_VM|CLONE_FS|CLONE_FILES|CLONE_SIGHAND|CLONE_THREAD|CLONE_SYSVSEM) = 10976
10973 --- SIGURG {si_signo=SIGURG, si_code=SI_TKILL, si_pid=10973, si_uid=1001} ---
10975 clone(child_stack=0x1066d5b18000, flags=CLONE_VM|CLONE_FS|CLONE_FILES|CLONE_SIGHAND|CLONE_THREAD|CLONE_SYSVSEM) = 10977
10974 clone(child_stack=0x1066d5f72000, flags=CLONE_VM|CLONE_FS|CLONE_FILES|CLONE_SIGHAND|CLONE_THREAD|CLONE_SYSVSEM) = 10978
10974 tgkill(10973, 10976, SIGURG)      = 0
10976 --- SIGURG {si_signo=SIGURG, si_code=SI_TKILL, si_pid=10973, si_uid=1001} ---
10974 tgkill(10973, 10973, SIGURG)      = 0
10973 --- SIGURG {si_signo=SIGURG, si_code=SI_TKILL, si_pid=10973, si_uid=1001} ---
10974 tgkill(10973, 10976, SIGURG)      = 0
10976 --- SIGURG {si_signo=SIGURG, si_code=SI_TKILL, si_pid=10973, si_uid=1001} ---
10974 tgkill(10973, 10977, SIGURG <unfinished ...>
10977 --- SIGURG {si_signo=SIGURG, si_code=SI_TKILL, si_pid=10973, si_uid=1001} ---
10974 <... tgkill resumed>)             = 0
10974 tgkill(10973, 10976, SIGURG)      = 0
10976 --- SIGURG {si_signo=SIGURG, si_code=SI_TKILL, si_pid=10973, si_uid=1001} ---
10974 tgkill(10973, 10977, SIGURG)      = 0
10977 --- SIGURG {si_signo=SIGURG, si_code=SI_TKILL, si_pid=10973, si_uid=1001} ---
10974 tgkill(10973, 10976, SIGURG <unfinished ...>
10976 --- SIGURG {si_signo=SIGURG, si_code=SI_TKILL, si_pid=10973, si_uid=1001} ---
10974 <... tgkill resumed>)             = 0
10975 tgkill(10973, 10973, SIGURG)      = 0
10973 --- SIGURG {si_signo=SIGURG, si_code=SI_TKILL, si_pid=10973, si_uid=1001} ---
10977 tgkill(10973, 10975, SIGURG)      = 0
10975 --- SIGURG {si_signo=SIGURG, si_code=SI_TKILL, si_pid=10973, si_uid=1001} ---
10973 tgkill(10973, 10976, SIGURG)      = 0
10976 --- SIGURG {si_signo=SIGURG, si_code=SI_TKILL, si_pid=10973, si_uid=1001} ---
10976 tgkill(10973, 10975, SIGURG)      = 0
10975 --- SIGURG {si_signo=SIGURG, si_code=SI_TKILL, si_pid=10973, si_uid=1001} ---
10973 tgkill(10973, 10977, SIGURG)      = 0
10977 --- SIGURG {si_signo=SIGURG, si_code=SI_TKILL, si_pid=10973, si_uid=1001} ---
10977 tgkill(10973, 10976, SIGURG)      = 0
10976 --- SIGURG {si_signo=SIGURG, si_code=SI_TKILL, si_pid=10973, si_uid=1001} ---
10977 tgkill(10973, 10976, SIGURG)      = 0
10976 --- SIGURG {si_signo=SIGURG, si_code=SI_TKILL, si_pid=10973, si_uid=1001} ---
10977 tgkill(10973, 10976, SIGURG)      = 0
10976 --- SIGURG {si_signo=SIGURG, si_code=SI_TKILL, si_pid=10973, si_uid=1001} ---
10974 tgkill(10973, 10976, SIGURG)      = 0
10976 --- SIGURG {si_signo=SIGURG, si_code=SI_TKILL, si_pid=10973, si_uid=1001} ---
10974 tgkill(10973, 10977, SIGURG <unfinished ...>
10977 --- SIGURG {si_signo=SIGURG, si_code=SI_TKILL, si_pid=10973, si_uid=1001} ---
10974 <... tgkill resumed>)             = 0
10974 tgkill(10973, 10975, SIGURG <unfinished ...>
10975 --- SIGURG {si_signo=SIGURG, si_code=SI_TKILL, si_pid=10973, si_uid=1001} ---
10974 <... tgkill resumed>)             = 0
10974 tgkill(10973, 10975, SIGURG <unfinished ...>
10975 --- SIGURG {si_signo=SIGURG, si_code=SI_TKILL, si_pid=10973, si_uid=1001} ---
10974 <... tgkill resumed>)             = 0
10974 tgkill(10973, 10975, SIGURG)      = 0
10975 --- SIGURG {si_signo=SIGURG, si_code=SI_TKILL, si_pid=10973, si_uid=1001} ---
10974 tgkill(10973, 10977, SIGURG)      = 0
10977 --- SIGURG {si_signo=SIGURG, si_code=SI_TKILL, si_pid=10973, si_uid=1001} ---
10974 tgkill(10973, 10976, SIGURG <unfinished ...>
10976 --- SIGURG {si_signo=SIGURG, si_code=SI_TKILL, si_pid=10973, si_uid=1001} ---
10974 <... tgkill resumed>)             = 0
10973 tgkill(10973, 10976, SIGURG)      = 0
10976 --- SIGURG {si_signo=SIGURG, si_code=SI_TKILL, si_pid=10973, si_uid=1001} ---
10976 tgkill(10973, 10973, SIGURG)      = 0
10973 --- SIGURG {si_signo=SIGURG, si_code=SI_TKILL, si_pid=10973, si_uid=1001} ---
10973 tgkill(10973, 10975, SIGURG)      = 0
10975 --- SIGURG {si_signo=SIGURG, si_code=SI_TKILL, si_pid=10973, si_uid=1001} ---
10974 tgkill(10973, 10976, SIGURG)      = 0
10976 --- SIGURG {si_signo=SIGURG, si_code=SI_TKILL, si_pid=10973, si_uid=1001} ---
10977 tgkill(10973, 10976, SIGURG)      = 0
10976 --- SIGURG {si_signo=SIGURG, si_code=SI_TKILL, si_pid=10973, si_uid=1001} ---
10976 tgkill(10973, 10973, SIGURG)      = 0
10973 --- SIGURG {si_signo=SIGURG, si_code=SI_TKILL, si_pid=10973, si_uid=1001} ---
10976 tgkill(10973, 10975, SIGURG)      = 0
10975 --- SIGURG {si_signo=SIGURG, si_code=SI_TKILL, si_pid=10973, si_uid=1001} ---
10976 tgkill(10973, 10977, SIGURG)      = 0
10977 --- SIGURG {si_signo=SIGURG, si_code=SI_TKILL, si_pid=10973, si_uid=1001} ---
10976 tgkill(10973, 10977, SIGURG)      = 0
10977 --- SIGURG {si_signo=SIGURG, si_code=SI_TKILL, si_pid=10973, si_uid=1001} ---
10974 tgkill(10973, 10977, SIGURG <unfinished ...>
10977 --- SIGURG {si_signo=SIGURG, si_code=SI_TKILL, si_pid=10973, si_uid=1001} ---
10974 <... tgkill resumed>)             = 0
10974 tgkill(10973, 10976, SIGURG)      = 0
10976 --- SIGURG {si_signo=SIGURG, si_code=SI_TKILL, si_pid=10973, si_uid=1001} ---
10974 tgkill(10973, 10977, SIGURG)      = 0
10977 --- SIGURG {si_signo=SIGURG, si_code=SI_TKILL, si_pid=10973, si_uid=1001} ---
10976 tgkill(10973, 10973, SIGURG)      = 0
10973 --- SIGURG {si_signo=SIGURG, si_code=SI_TKILL, si_pid=10973, si_uid=1001} ---
10975 tgkill(10973, 10976, SIGURG)      = 0
10976 --- SIGURG {si_signo=SIGURG, si_code=SI_TKILL, si_pid=10973, si_uid=1001} ---
10977 tgkill(10973, 10973, SIGURG)      = 0
10973 --- SIGURG {si_signo=SIGURG, si_code=SI_TKILL, si_pid=10973, si_uid=1001} ---
10977 tgkill(10973, 10973, SIGURG)      = 0
10973 --- SIGURG {si_signo=SIGURG, si_code=SI_TKILL, si_pid=10973, si_uid=1001} ---
10977 tgkill(10973, 10976, SIGURG)      = 0
10976 --- SIGURG {si_signo=SIGURG, si_code=SI_TKILL, si_pid=10973, si_uid=1001} ---
10974 tgkill(10973, 10976, SIGURG)      = 0
10976 --- SIGURG {si_signo=SIGURG, si_code=SI_TKILL, si_pid=10973, si_uid=1001} ---
10974 tgkill(10973, 10976, SIGURG)      = 0
10976 --- SIGURG {si_signo=SIGURG, si_code=SI_TKILL, si_pid=10973, si_uid=1001} ---
10974 tgkill(10973, 10973, SIGURG)      = 0
10973 --- SIGURG {si_signo=SIGURG, si_code=SI_TKILL, si_pid=10973, si_uid=1001} ---
10973 tgkill(10973, 10976, SIGURG)      = 0
10976 --- SIGURG {si_signo=SIGURG, si_code=SI_TKILL, si_pid=10973, si_uid=1001} ---
10973 tgkill(10973, 10975, SIGURG)      = 0
10975 --- SIGURG {si_signo=SIGURG, si_code=SI_TKILL, si_pid=10973, si_uid=1001} ---
10975 tgkill(10973, 10973, SIGURG)      = 0
10973 --- SIGURG {si_signo=SIGURG, si_code=SI_TKILL, si_pid=10973, si_uid=1001} ---
10975 tgkill(10973, 10977, SIGURG)      = 0
10977 --- SIGURG {si_signo=SIGURG, si_code=SI_TKILL, si_pid=10973, si_uid=1001} ---
10975 tgkill(10973, 10977, SIGURG)      = 0
10977 --- SIGURG {si_signo=SIGURG, si_code=SI_TKILL, si_pid=10973, si_uid=1001} ---
10974 tgkill(10973, 10977, SIGURG <unfinished ...>
10977 --- SIGURG {si_signo=SIGURG, si_code=SI_TKILL, si_pid=10973, si_uid=1001} ---
10974 <... tgkill resumed>)             = 0
10974 tgkill(10973, 10975, SIGURG)      = 0
10975 --- SIGURG {si_signo=SIGURG, si_code=SI_TKILL, si_pid=10973, si_uid=1001} ---
10974 tgkill(10973, 10977, SIGURG)      = 0
10977 --- SIGURG {si_signo=SIGURG, si_code=SI_TKILL, si_pid=10973, si_uid=1001} ---
10977 tgkill(10973, 10976, SIGURG)      = 0
10973 tgkill(10973, 10975, SIGURG <unfinished ...>
10976 --- SIGURG {si_signo=SIGURG, si_code=SI_TKILL, si_pid=10973, si_uid=1001} ---
10973 <... tgkill resumed>)             = 0
10975 --- SIGURG {si_signo=SIGURG, si_code=SI_TKILL, si_pid=10973, si_uid=1001} ---
10974 tgkill(10973, 10977, SIGURG)      = 0
10977 --- SIGURG {si_signo=SIGURG, si_code=SI_TKILL, si_pid=10973, si_uid=1001} ---
10974 tgkill(10973, 10976, SIGURG)      = 0
10976 --- SIGURG {si_signo=SIGURG, si_code=SI_TKILL, si_pid=10973, si_uid=1001} ---
10974 tgkill(10973, 10975, SIGURG <unfinished ...>
10975 --- SIGURG {si_signo=SIGURG, si_code=SI_TKILL, si_pid=10973, si_uid=1001} ---
10974 <... tgkill resumed>)             = 0
10973 tgkill(10973, 10975, SIGURG)      = 0
10975 --- SIGURG {si_signo=SIGURG, si_code=SI_TKILL, si_pid=10973, si_uid=1001} ---
10973 tgkill(10973, 10977, SIGURG)      = 0
10977 --- SIGURG {si_signo=SIGURG, si_code=SI_TKILL, si_pid=10973, si_uid=1001} ---
10973 tgkill(10973, 10977, SIGURG)      = 0
10977 --- SIGURG {si_signo=SIGURG, si_code=SI_TKILL, si_pid=10973, si_uid=1001} ---
10973 tgkill(10973, 10975, SIGURG)      = 0
10975 --- SIGURG {si_signo=SIGURG, si_code=SI_TKILL, si_pid=10973, si_uid=1001} ---
10974 tgkill(10973, 10975, SIGURG)      = 0
10975 --- SIGURG {si_signo=SIGURG, si_code=SI_TKILL, si_pid=10973, si_uid=1001} ---
10974 tgkill(10973, 10976, SIGURG)      = 0
10976 --- SIGURG {si_signo=SIGURG, si_code=SI_TKILL, si_pid=10973, si_uid=1001} ---
10974 tgkill(10973, 10975, SIGURG)      = 0
10975 --- SIGURG {si_signo=SIGURG, si_code=SI_TKILL, si_pid=10973, si_uid=1001} ---
10974 tgkill(10973, 10976, SIGURG)      = 0
10976 --- SIGURG {si_signo=SIGURG, si_code=SI_TKILL, si_pid=10973, si_uid=1001} ---
10974 tgkill(10973, 10977, SIGURG)      = 0
10977 --- SIGURG {si_signo=SIGURG, si_code=SI_TKILL, si_pid=10973, si_uid=1001} ---
10974 tgkill(10973, 10976, SIGURG)      = 0
10976 --- SIGURG {si_signo=SIGURG, si_code=SI_TKILL, si_pid=10973, si_uid=1001} ---
10973 tgkill(10973, 10977, SIGURG <unfinished ...>
10977 --- SIGURG {si_signo=SIGURG, si_code=SI_TKILL, si_pid=10973, si_uid=1001} ---
10973 <... tgkill resumed>)             = 0
10977 tgkill(10973, 10975, SIGURG)      = 0
10975 --- SIGURG {si_signo=SIGURG, si_code=SI_TKILL, si_pid=10973, si_uid=1001} ---
10974 tgkill(10973, 10976, SIGURG)      = 0
10976 --- SIGURG {si_signo=SIGURG, si_code=SI_TKILL, si_pid=10973, si_uid=1001} ---
10974 tgkill(10973, 10977, SIGURG)      = 0
10977 --- SIGURG {si_signo=SIGURG, si_code=SI_TKILL, si_pid=10973, si_uid=1001} ---
10974 tgkill(10973, 10973, SIGURG)      = 0
10973 --- SIGURG {si_signo=SIGURG, si_code=SI_TKILL, si_pid=10973, si_uid=1001} ---
10974 tgkill(10973, 10975, SIGURG)      = 0
10975 --- SIGURG {si_signo=SIGURG, si_code=SI_TKILL, si_pid=10973, si_uid=1001} ---
10977 tgkill(10973, 10976, SIGURG)      = 0
10976 --- SIGURG {si_signo=SIGURG, si_code=SI_TKILL, si_pid=10973, si_uid=1001} ---
10977 tgkill(10973, 10975, SIGURG)      = 0
10975 --- SIGURG {si_signo=SIGURG, si_code=SI_TKILL, si_pid=10973, si_uid=1001} ---
10977 tgkill(10973, 10975, SIGURG)      = 0
10975 --- SIGURG {si_signo=SIGURG, si_code=SI_TKILL, si_pid=10973, si_uid=1001} ---
10977 tgkill(10973, 10976, SIGURG)      = 0
10976 --- SIGURG {si_signo=SIGURG, si_code=SI_TKILL, si_pid=10973, si_uid=1001} ---
10977 tgkill(10973, 10976, SIGURG)      = 0
10976 --- SIGURG {si_signo=SIGURG, si_code=SI_TKILL, si_pid=10973, si_uid=1001} ---
10977 tgkill(10973, 10976, SIGURG)      = 0
10976 --- SIGURG {si_signo=SIGURG, si_code=SI_TKILL, si_pid=10973, si_uid=1001} ---
10974 tgkill(10973, 10976, SIGURG <unfinished ...>
10976 --- SIGURG {si_signo=SIGURG, si_code=SI_TKILL, si_pid=10973, si_uid=1001} ---
10974 <... tgkill resumed>)             = 0
10974 tgkill(10973, 10976, SIGURG)      = 0
10976 --- SIGURG {si_signo=SIGURG, si_code=SI_TKILL, si_pid=10973, si_uid=1001} ---
10974 tgkill(10973, 10977, SIGURG)      = 0
10977 --- SIGURG {si_signo=SIGURG, si_code=SI_TKILL, si_pid=10973, si_uid=1001} ---
10974 tgkill(10973, 10976, SIGURG <unfinished ...>
10976 --- SIGURG {si_signo=SIGURG, si_code=SI_TKILL, si_pid=10973, si_uid=1001} ---
10974 <... tgkill resumed>)             = 0
10974 tgkill(10973, 10976, SIGURG)      = 0
10976 --- SIGURG {si_signo=SIGURG, si_code=SI_TKILL, si_pid=10973, si_uid=1001} ---
10974 tgkill(10973, 10973, SIGURG)      = 0
10973 --- SIGURG {si_signo=SIGURG, si_code=SI_TKILL, si_pid=10973, si_uid=1001} ---
10974 tgkill(10973, 10976, SIGURG)      = 0
10976 --- SIGURG {si_signo=SIGURG, si_code=SI_TKILL, si_pid=10973, si_uid=1001} ---
10976 tgkill(10973, 10973, SIGURG)      = 0
10973 --- SIGURG {si_signo=SIGURG, si_code=SI_TKILL, si_pid=10973, si_uid=1001} ---
10974 tgkill(10973, 10976, SIGURG)      = 0
10974 tgkill(10973, 10975, SIGURG)      = 0
10975 --- SIGURG {si_signo=SIGURG, si_code=SI_TKILL, si_pid=10973, si_uid=1001} ---
10974 tgkill(10973, 10977, SIGURG)      = 0
10977 --- SIGURG {si_signo=SIGURG, si_code=SI_TKILL, si_pid=10973, si_uid=1001} ---
10976 --- SIGURG {si_signo=SIGURG, si_code=SI_TKILL, si_pid=10973, si_uid=1001} ---
10974 tgkill(10973, 10973, SIGURG)      = 0
10973 --- SIGURG {si_signo=SIGURG, si_code=SI_TKILL, si_pid=10973, si_uid=1001} ---
10973 clone(child_stack=0x1066d5b14000, flags=CLONE_VM|CLONE_FS|CLONE_FILES|CLONE_SIGHAND|CLONE_THREAD|CLONE_SYSVSEM) = 10979
10973 tgkill(10973, 10975, SIGURG)      = 0
10975 --- SIGURG {si_signo=SIGURG, si_code=SI_TKILL, si_pid=10973, si_uid=1001} ---
10975 tgkill(10973, 10979, SIGURG)      = 0
10979 --- SIGURG {si_signo=SIGURG, si_code=SI_TKILL, si_pid=10973, si_uid=1001} ---
10975 tgkill(10973, 10979, SIGURG)      = 0
10979 --- SIGURG {si_signo=SIGURG, si_code=SI_TKILL, si_pid=10973, si_uid=1001} ---
10975 tgkill(10973, 10979, SIGURG)      = 0
10979 --- SIGURG {si_signo=SIGURG, si_code=SI_TKILL, si_pid=10973, si_uid=1001} ---
10975 tgkill(10973, 10979, SIGURG)      = 0
10979 --- SIGURG {si_signo=SIGURG, si_code=SI_TKILL, si_pid=10973, si_uid=1001} ---
10974 tgkill(10973, 10979, SIGURG)      = 0
10979 --- SIGURG {si_signo=SIGURG, si_code=SI_TKILL, si_pid=10973, si_uid=1001} ---
10974 tgkill(10973, 10975, SIGURG <unfinished ...>
10975 --- SIGURG {si_signo=SIGURG, si_code=SI_TKILL, si_pid=10973, si_uid=1001} ---
10974 <... tgkill resumed>)             = 0
10974 tgkill(10973, 10973, SIGURG)      = 0
10973 --- SIGURG {si_signo=SIGURG, si_code=SI_TKILL, si_pid=10973, si_uid=1001} ---
10974 tgkill(10973, 10979, SIGURG <unfinished ...>
10979 --- SIGURG {si_signo=SIGURG, si_code=SI_TKILL, si_pid=10973, si_uid=1001} ---
10974 <... tgkill resumed>)             = 0
10974 tgkill(10973, 10979, SIGURG)      = 0
10979 --- SIGURG {si_signo=SIGURG, si_code=SI_TKILL, si_pid=10973, si_uid=1001} ---
10974 tgkill(10973, 10973, SIGURG)      = 0
10973 --- SIGURG {si_signo=SIGURG, si_code=SI_TKILL, si_pid=10973, si_uid=1001} ---
10974 tgkill(10973, 10979, SIGURG <unfinished ...>
10979 --- SIGURG {si_signo=SIGURG, si_code=SI_TKILL, si_pid=10973, si_uid=1001} ---
10974 <... tgkill resumed>)             = 0
10979 tgkill(10973, 10975, SIGURG)      = 0
10975 --- SIGURG {si_signo=SIGURG, si_code=SI_TKILL, si_pid=10973, si_uid=1001} ---
10973 tgkill(10973, 10975, SIGURG)      = 0
10975 --- SIGURG {si_signo=SIGURG, si_code=SI_TKILL, si_pid=10973, si_uid=1001} ---
10973 tgkill(10973, 10977, SIGURG <unfinished ...>
10977 --- SIGURG {si_signo=SIGURG, si_code=SI_TKILL, si_pid=10973, si_uid=1001} ---
10973 <... tgkill resumed>)             = 0
10973 tgkill(10973, 10979, SIGURG)      = 0
10979 --- SIGURG {si_signo=SIGURG, si_code=SI_TKILL, si_pid=10973, si_uid=1001} ---
10974 tgkill(10973, 10975, SIGURG)      = 0
10975 --- SIGURG {si_signo=SIGURG, si_code=SI_TKILL, si_pid=10973, si_uid=1001} ---
10974 tgkill(10973, 10979, SIGURG <unfinished ...>
10979 --- SIGURG {si_signo=SIGURG, si_code=SI_TKILL, si_pid=10973, si_uid=1001} ---
10974 <... tgkill resumed>)             = 0
10974 tgkill(10973, 10973, SIGURG)      = 0
10973 --- SIGURG {si_signo=SIGURG, si_code=SI_TKILL, si_pid=10973, si_uid=1001} ---
10974 tgkill(10973, 10977, SIGURG)      = 0
10977 --- SIGURG {si_signo=SIGURG, si_code=SI_TKILL, si_pid=10973, si_uid=1001} ---
10974 tgkill(10973, 10973, SIGURG)      = 0
10973 --- SIGURG {si_signo=SIGURG, si_code=SI_TKILL, si_pid=10973, si_uid=1001} ---
10974 tgkill(10973, 10975, SIGURG)      = 0
10975 --- SIGURG {si_signo=SIGURG, si_code=SI_TKILL, si_pid=10973, si_uid=1001} ---
10974 tgkill(10973, 10979, SIGURG)      = 0
10979 --- SIGURG {si_signo=SIGURG, si_code=SI_TKILL, si_pid=10973, si_uid=1001} ---
10974 tgkill(10973, 10973, SIGURG)      = 0
10973 --- SIGURG {si_signo=SIGURG, si_code=SI_TKILL, si_pid=10973, si_uid=1001} ---
10974 tgkill(10973, 10977, SIGURG)      = 0
10977 --- SIGURG {si_signo=SIGURG, si_code=SI_TKILL, si_pid=10973, si_uid=1001} ---
10977 tgkill(10973, 10979, SIGURG)      = 0
10979 --- SIGURG {si_signo=SIGURG, si_code=SI_TKILL, si_pid=10973, si_uid=1001} ---
10973 tgkill(10973, 10975, SIGURG)      = 0
10975 --- SIGURG {si_signo=SIGURG, si_code=SI_TKILL, si_pid=10973, si_uid=1001} ---
10973 tgkill(10973, 10977, SIGURG)      = 0
10977 --- SIGURG {si_signo=SIGURG, si_code=SI_TKILL, si_pid=10973, si_uid=1001} ---
10973 tgkill(10973, 10977, SIGURG)      = 0
10977 --- SIGURG {si_signo=SIGURG, si_code=SI_TKILL, si_pid=10973, si_uid=1001} ---
10973 tgkill(10973, 10979, SIGURG)      = 0
10979 --- SIGURG {si_signo=SIGURG, si_code=SI_TKILL, si_pid=10973, si_uid=1001} ---
10973 tgkill(10973, 10977, SIGURG)      = 0
10977 --- SIGURG {si_signo=SIGURG, si_code=SI_TKILL, si_pid=10973, si_uid=1001} ---
10974 tgkill(10973, 10973, SIGURG)      = 0
10973 --- SIGURG {si_signo=SIGURG, si_code=SI_TKILL, si_pid=10973, si_uid=1001} ---
10974 tgkill(10973, 10977, SIGURG)      = 0
10977 --- SIGURG {si_signo=SIGURG, si_code=SI_TKILL, si_pid=10973, si_uid=1001} ---
10974 tgkill(10973, 10979, SIGURG)      = 0
10979 --- SIGURG {si_signo=SIGURG, si_code=SI_TKILL, si_pid=10973, si_uid=1001} ---
10974 tgkill(10973, 10975, SIGURG)      = 0
10975 --- SIGURG {si_signo=SIGURG, si_code=SI_TKILL, si_pid=10973, si_uid=1001} ---
10974 tgkill(10973, 10973, SIGURG)      = 0
10973 --- SIGURG {si_signo=SIGURG, si_code=SI_TKILL, si_pid=10973, si_uid=1001} ---
10974 tgkill(10973, 10977, SIGURG)      = 0
10977 --- SIGURG {si_signo=SIGURG, si_code=SI_TKILL, si_pid=10973, si_uid=1001} ---
10974 tgkill(10973, 10979, SIGURG)      = 0
10979 --- SIGURG {si_signo=SIGURG, si_code=SI_TKILL, si_pid=10973, si_uid=1001} ---
10974 tgkill(10973, 10975, SIGURG)      = 0
10975 --- SIGURG {si_signo=SIGURG, si_code=SI_TKILL, si_pid=10973, si_uid=1001} ---
10974 tgkill(10973, 10973, SIGURG)      = 0
10973 --- SIGURG {si_signo=SIGURG, si_code=SI_TKILL, si_pid=10973, si_uid=1001} ---
10974 tgkill(10973, 10977, SIGURG)      = 0
10977 --- SIGURG {si_signo=SIGURG, si_code=SI_TKILL, si_pid=10973, si_uid=1001} ---
10974 tgkill(10973, 10979, SIGURG)      = 0
10979 --- SIGURG {si_signo=SIGURG, si_code=SI_TKILL, si_pid=10973, si_uid=1001} ---
10974 tgkill(10973, 10975, SIGURG)      = 0
10975 --- SIGURG {si_signo=SIGURG, si_code=SI_TKILL, si_pid=10973, si_uid=1001} ---
10974 tgkill(10973, 10973, SIGURG)      = 0
10973 --- SIGURG {si_signo=SIGURG, si_code=SI_TKILL, si_pid=10973, si_uid=1001} ---
10974 tgkill(10973, 10977, SIGURG)      = 0
10977 --- SIGURG {si_signo=SIGURG, si_code=SI_TKILL, si_pid=10973, si_uid=1001} ---
10974 tgkill(10973, 10979, SIGURG)      = 0
10979 --- SIGURG {si_signo=SIGURG, si_code=SI_TKILL, si_pid=10973, si_uid=1001} ---
10974 tgkill(10973, 10973, SIGURG)      = 0
10974 tgkill(10973, 10975, SIGURG)      = 0
10975 --- SIGURG {si_signo=SIGURG, si_code=SI_TKILL, si_pid=10973, si_uid=1001} ---
10973 --- SIGURG {si_signo=SIGURG, si_code=SI_TKILL, si_pid=10973, si_uid=1001} ---
10977 tgkill(10973, 10979, SIGURG)      = 0
10979 --- SIGURG {si_signo=SIGURG, si_code=SI_TKILL, si_pid=10973, si_uid=1001} ---
10977 tgkill(10973, 10973, SIGURG)      = 0
10973 --- SIGURG {si_signo=SIGURG, si_code=SI_TKILL, si_pid=10973, si_uid=1001} ---
10975 tgkill(10973, 10977, SIGURG)      = 0
10977 --- SIGURG {si_signo=SIGURG, si_code=SI_TKILL, si_pid=10973, si_uid=1001} ---
10975 tgkill(10973, 10979, SIGURG)      = 0
10979 --- SIGURG {si_signo=SIGURG, si_code=SI_TKILL, si_pid=10973, si_uid=1001} ---
10975 tgkill(10973, 10973, SIGURG)      = 0
10973 --- SIGURG {si_signo=SIGURG, si_code=SI_TKILL, si_pid=10973, si_uid=1001} ---
10974 tgkill(10973, 10977, SIGURG)      = 0
10977 --- SIGURG {si_signo=SIGURG, si_code=SI_TKILL, si_pid=10973, si_uid=1001} ---
10974 tgkill(10973, 10979, SIGURG)      = 0
10979 --- SIGURG {si_signo=SIGURG, si_code=SI_TKILL, si_pid=10973, si_uid=1001} ---
10974 tgkill(10973, 10973, SIGURG)      = 0
10973 --- SIGURG {si_signo=SIGURG, si_code=SI_TKILL, si_pid=10973, si_uid=1001} ---
10974 tgkill(10973, 10975, SIGURG <unfinished ...>
10975 --- SIGURG {si_signo=SIGURG, si_code=SI_TKILL, si_pid=10973, si_uid=1001} ---
10974 <... tgkill resumed>)             = 0
10974 tgkill(10973, 10975, SIGURG <unfinished ...>
10975 --- SIGURG {si_signo=SIGURG, si_code=SI_TKILL, si_pid=10973, si_uid=1001} ---
10974 <... tgkill resumed>)             = 0
10974 tgkill(10973, 10977, SIGURG)      = 0
10977 --- SIGURG {si_signo=SIGURG, si_code=SI_TKILL, si_pid=10973, si_uid=1001} ---
10974 tgkill(10973, 10979, SIGURG <unfinished ...>
10979 --- SIGURG {si_signo=SIGURG, si_code=SI_TKILL, si_pid=10973, si_uid=1001} ---
10974 <... tgkill resumed>)             = 0
10974 tgkill(10973, 10973, SIGURG)      = 0
10973 --- SIGURG {si_signo=SIGURG, si_code=SI_TKILL, si_pid=10973, si_uid=1001} ---
10974 tgkill(10973, 10975, SIGURG)      = 0
10975 --- SIGURG {si_signo=SIGURG, si_code=SI_TKILL, si_pid=10973, si_uid=1001} ---
10974 tgkill(10973, 10973, SIGURG)      = 0
10973 --- SIGURG {si_signo=SIGURG, si_code=SI_TKILL, si_pid=10973, si_uid=1001} ---
10974 tgkill(10973, 10975, SIGURG)      = 0
10975 --- SIGURG {si_signo=SIGURG, si_code=SI_TKILL, si_pid=10973, si_uid=1001} ---
10974 tgkill(10973, 10977, SIGURG)      = 0
10977 --- SIGURG {si_signo=SIGURG, si_code=SI_TKILL, si_pid=10973, si_uid=1001} ---
10974 tgkill(10973, 10979, SIGURG)      = 0
10979 --- SIGURG {si_signo=SIGURG, si_code=SI_TKILL, si_pid=10973, si_uid=1001} ---
10974 tgkill(10973, 10975, SIGURG)      = 0
10975 --- SIGURG {si_signo=SIGURG, si_code=SI_TKILL, si_pid=10973, si_uid=1001} ---
10975 tgkill(10973, 10977, SIGURG)      = 0
10977 --- SIGURG {si_signo=SIGURG, si_code=SI_TKILL, si_pid=10973, si_uid=1001} ---
10975 tgkill(10973, 10979, SIGURG <unfinished ...>
10979 --- SIGURG {si_signo=SIGURG, si_code=SI_TKILL, si_pid=10973, si_uid=1001} ---
10975 <... tgkill resumed>)             = 0
10975 tgkill(10973, 10973, SIGURG)      = 0
10973 --- SIGURG {si_signo=SIGURG, si_code=SI_TKILL, si_pid=10973, si_uid=1001} ---
10973 tgkill(10973, 10977, SIGURG)      = 0
10977 --- SIGURG {si_signo=SIGURG, si_code=SI_TKILL, si_pid=10973, si_uid=1001} ---
10973 tgkill(10973, 10979, SIGURG)      = 0
10979 --- SIGURG {si_signo=SIGURG, si_code=SI_TKILL, si_pid=10973, si_uid=1001} ---
10973 tgkill(10973, 10975, SIGURG)      = 0
10975 --- SIGURG {si_signo=SIGURG, si_code=SI_TKILL, si_pid=10973, si_uid=1001} ---
10979 tgkill(10973, 10977, SIGURG)      = 0
10977 --- SIGURG {si_signo=SIGURG, si_code=SI_TKILL, si_pid=10973, si_uid=1001} ---
10979 tgkill(10973, 10973, SIGURG)      = 0
10973 --- SIGURG {si_signo=SIGURG, si_code=SI_TKILL, si_pid=10973, si_uid=1001} ---
10979 tgkill(10973, 10975, SIGURG)      = 0
10975 --- SIGURG {si_signo=SIGURG, si_code=SI_TKILL, si_pid=10973, si_uid=1001} ---
10979 tgkill(10973, 10977, SIGURG)      = 0
10977 --- SIGURG {si_signo=SIGURG, si_code=SI_TKILL, si_pid=10973, si_uid=1001} ---
10979 tgkill(10973, 10973, SIGURG)      = 0
10979 tgkill(10973, 10975, SIGURG <unfinished ...>
10973 --- SIGURG {si_signo=SIGURG, si_code=SI_TKILL, si_pid=10973, si_uid=1001} ---
10979 <... tgkill resumed>)             = 0
10975 --- SIGURG {si_signo=SIGURG, si_code=SI_TKILL, si_pid=10973, si_uid=1001} ---
10974 tgkill(10973, 10977, SIGURG)      = 0
10977 --- SIGURG {si_signo=SIGURG, si_code=SI_TKILL, si_pid=10973, si_uid=1001} ---
10974 tgkill(10973, 10973, SIGURG)      = 0
10973 --- SIGURG {si_signo=SIGURG, si_code=SI_TKILL, si_pid=10973, si_uid=1001} ---
10974 tgkill(10973, 10975, SIGURG)      = 0
10975 --- SIGURG {si_signo=SIGURG, si_code=SI_TKILL, si_pid=10973, si_uid=1001} ---
10974 tgkill(10973, 10979, SIGURG)      = 0
10979 --- SIGURG {si_signo=SIGURG, si_code=SI_TKILL, si_pid=10973, si_uid=1001} ---
10974 tgkill(10973, 10977, SIGURG)      = 0
10977 --- SIGURG {si_signo=SIGURG, si_code=SI_TKILL, si_pid=10973, si_uid=1001} ---
10974 tgkill(10973, 10973, SIGURG)      = 0
10973 --- SIGURG {si_signo=SIGURG, si_code=SI_TKILL, si_pid=10973, si_uid=1001} ---
10974 tgkill(10973, 10975, SIGURG <unfinished ...>
10975 --- SIGURG {si_signo=SIGURG, si_code=SI_TKILL, si_pid=10973, si_uid=1001} ---
10974 <... tgkill resumed>)             = 0
10974 tgkill(10973, 10979, SIGURG <unfinished ...>
10979 --- SIGURG {si_signo=SIGURG, si_code=SI_TKILL, si_pid=10973, si_uid=1001} ---
10974 <... tgkill resumed>)             = 0
10974 tgkill(10973, 10977, SIGURG)      = 0
10977 --- SIGURG {si_signo=SIGURG, si_code=SI_TKILL, si_pid=10973, si_uid=1001} ---
10974 tgkill(10973, 10973, SIGURG)      = 0
10973 --- SIGURG {si_signo=SIGURG, si_code=SI_TKILL, si_pid=10973, si_uid=1001} ---
10974 tgkill(10973, 10975, SIGURG)      = 0
10975 --- SIGURG {si_signo=SIGURG, si_code=SI_TKILL, si_pid=10973, si_uid=1001} ---
10974 tgkill(10973, 10977, SIGURG)      = 0
10977 --- SIGURG {si_signo=SIGURG, si_code=SI_TKILL, si_pid=10973, si_uid=1001} ---
10974 tgkill(10973, 10973, SIGURG)      = 0
10973 --- SIGURG {si_signo=SIGURG, si_code=SI_TKILL, si_pid=10973, si_uid=1001} ---
10974 tgkill(10973, 10979, SIGURG)      = 0
10979 --- SIGURG {si_signo=SIGURG, si_code=SI_TKILL, si_pid=10973, si_uid=1001} ---
10974 tgkill(10973, 10975, SIGURG)      = 0
10975 --- SIGURG {si_signo=SIGURG, si_code=SI_TKILL, si_pid=10973, si_uid=1001} ---
10974 tgkill(10973, 10973, SIGURG)      = 0
10973 --- SIGURG {si_signo=SIGURG, si_code=SI_TKILL, si_pid=10973, si_uid=1001} ---
10974 tgkill(10973, 10979, SIGURG)      = 0
10979 --- SIGURG {si_signo=SIGURG, si_code=SI_TKILL, si_pid=10973, si_uid=1001} ---
10974 tgkill(10973, 10975, SIGURG)      = 0
10975 --- SIGURG {si_signo=SIGURG, si_code=SI_TKILL, si_pid=10973, si_uid=1001} ---
10974 tgkill(10973, 10973, SIGURG)      = 0
10973 --- SIGURG {si_signo=SIGURG, si_code=SI_TKILL, si_pid=10973, si_uid=1001} ---
10974 tgkill(10973, 10977, SIGURG)      = 0
10977 --- SIGURG {si_signo=SIGURG, si_code=SI_TKILL, si_pid=10973, si_uid=1001} ---
10974 tgkill(10973, 10979, SIGURG)      = 0
10979 --- SIGURG {si_signo=SIGURG, si_code=SI_TKILL, si_pid=10973, si_uid=1001} ---
10974 tgkill(10973, 10975, SIGURG)      = 0
10975 --- SIGURG {si_signo=SIGURG, si_code=SI_TKILL, si_pid=10973, si_uid=1001} ---
10975 tgkill(10973, 10977, SIGURG)      = 0
10977 --- SIGURG {si_signo=SIGURG, si_code=SI_TKILL, si_pid=10973, si_uid=1001} ---
10975 tgkill(10973, 10973, SIGURG)      = 0
10973 --- SIGURG {si_signo=SIGURG, si_code=SI_TKILL, si_pid=10973, si_uid=1001} ---
10979 tgkill(10973, 10977, SIGURG)      = 0
10977 --- SIGURG {si_signo=SIGURG, si_code=SI_TKILL, si_pid=10973, si_uid=1001} ---
10979 tgkill(10973, 10975, SIGURG)      = 0
10975 --- SIGURG {si_signo=SIGURG, si_code=SI_TKILL, si_pid=10973, si_uid=1001} ---
10979 tgkill(10973, 10973, SIGURG)      = 0
10973 --- SIGURG {si_signo=SIGURG, si_code=SI_TKILL, si_pid=10973, si_uid=1001} ---
10979 tgkill(10973, 10977, SIGURG)      = 0
10977 --- SIGURG {si_signo=SIGURG, si_code=SI_TKILL, si_pid=10973, si_uid=1001} ---
10974 tgkill(10973, 10979, SIGURG)      = 0
10979 --- SIGURG {si_signo=SIGURG, si_code=SI_TKILL, si_pid=10973, si_uid=1001} ---
10974 tgkill(10973, 10977, SIGURG)      = 0
10977 --- SIGURG {si_signo=SIGURG, si_code=SI_TKILL, si_pid=10973, si_uid=1001} ---
10974 tgkill(10973, 10979, SIGURG)      = 0
10979 --- SIGURG {si_signo=SIGURG, si_code=SI_TKILL, si_pid=10973, si_uid=1001} ---
10974 tgkill(10973, 10973, SIGURG)      = 0
10973 --- SIGURG {si_signo=SIGURG, si_code=SI_TKILL, si_pid=10973, si_uid=1001} ---
10974 tgkill(10973, 10975, SIGURG <unfinished ...>
10975 --- SIGURG {si_signo=SIGURG, si_code=SI_TKILL, si_pid=10973, si_uid=1001} ---
10974 <... tgkill resumed>)             = 0
10974 tgkill(10973, 10979, SIGURG <unfinished ...>
10979 --- SIGURG {si_signo=SIGURG, si_code=SI_TKILL, si_pid=10973, si_uid=1001} ---
10974 <... tgkill resumed>)             = 0
10974 tgkill(10973, 10975, SIGURG <unfinished ...>
10975 --- SIGURG {si_signo=SIGURG, si_code=SI_TKILL, si_pid=10973, si_uid=1001} ---
10974 <... tgkill resumed>)             = 0
10974 tgkill(10973, 10977, SIGURG)      = 0
10977 --- SIGURG {si_signo=SIGURG, si_code=SI_TKILL, si_pid=10973, si_uid=1001} ---
10974 tgkill(10973, 10979, SIGURG <unfinished ...>
10979 --- SIGURG {si_signo=SIGURG, si_code=SI_TKILL, si_pid=10973, si_uid=1001} ---
10974 <... tgkill resumed>)             = 0
10974 tgkill(10973, 10973, SIGURG)      = 0
10973 --- SIGURG {si_signo=SIGURG, si_code=SI_TKILL, si_pid=10973, si_uid=1001} ---
10974 tgkill(10973, 10979, SIGURG)      = 0
10979 --- SIGURG {si_signo=SIGURG, si_code=SI_TKILL, si_pid=10973, si_uid=1001} ---
10974 tgkill(10973, 10975, SIGURG <unfinished ...>
10975 --- SIGURG {si_signo=SIGURG, si_code=SI_TKILL, si_pid=10973, si_uid=1001} ---
10974 <... tgkill resumed>)             = 0
10974 tgkill(10973, 10977, SIGURG)      = 0
10977 --- SIGURG {si_signo=SIGURG, si_code=SI_TKILL, si_pid=10973, si_uid=1001} ---
10974 tgkill(10973, 10979, SIGURG)      = 0
10979 --- SIGURG {si_signo=SIGURG, si_code=SI_TKILL, si_pid=10973, si_uid=1001} ---
10974 tgkill(10973, 10979, SIGURG)      = 0
10979 --- SIGURG {si_signo=SIGURG, si_code=SI_TKILL, si_pid=10973, si_uid=1001} ---
10974 tgkill(10973, 10973, SIGURG)      = 0
10973 --- SIGURG {si_signo=SIGURG, si_code=SI_TKILL, si_pid=10973, si_uid=1001} ---
10974 tgkill(10973, 10975, SIGURG)      = 0
10975 --- SIGURG {si_signo=SIGURG, si_code=SI_TKILL, si_pid=10973, si_uid=1001} ---
10974 tgkill(10973, 10977, SIGURG)      = 0
10977 --- SIGURG {si_signo=SIGURG, si_code=SI_TKILL, si_pid=10973, si_uid=1001} ---
10974 tgkill(10973, 10979, SIGURG)      = 0
10979 --- SIGURG {si_signo=SIGURG, si_code=SI_TKILL, si_pid=10973, si_uid=1001} ---
10974 tgkill(10973, 10973, SIGURG)      = 0
10973 --- SIGURG {si_signo=SIGURG, si_code=SI_TKILL, si_pid=10973, si_uid=1001} ---
10974 tgkill(10973, 10979, SIGURG)      = 0
10979 --- SIGURG {si_signo=SIGURG, si_code=SI_TKILL, si_pid=10973, si_uid=1001} ---
10974 tgkill(10973, 10975, SIGURG)      = 0
10975 --- SIGURG {si_signo=SIGURG, si_code=SI_TKILL, si_pid=10973, si_uid=1001} ---
10974 tgkill(10973, 10977, SIGURG)      = 0
10977 --- SIGURG {si_signo=SIGURG, si_code=SI_TKILL, si_pid=10973, si_uid=1001} ---
10974 tgkill(10973, 10973, SIGURG)      = 0
10973 --- SIGURG {si_signo=SIGURG, si_code=SI_TKILL, si_pid=10973, si_uid=1001} ---
10977 tgkill(10973, 10979, SIGURG)      = 0
10979 --- SIGURG {si_signo=SIGURG, si_code=SI_TKILL, si_pid=10973, si_uid=1001} ---
10977 tgkill(10973, 10973, SIGURG)      = 0
10973 --- SIGURG {si_signo=SIGURG, si_code=SI_TKILL, si_pid=10973, si_uid=1001} ---
10977 tgkill(10973, 10975, SIGURG)      = 0
10975 --- SIGURG {si_signo=SIGURG, si_code=SI_TKILL, si_pid=10973, si_uid=1001} ---
10973 tgkill(10973, 10977, SIGURG)      = 0
10977 --- SIGURG {si_signo=SIGURG, si_code=SI_TKILL, si_pid=10973, si_uid=1001} ---
10973 tgkill(10973, 10979, SIGURG)      = 0
10979 --- SIGURG {si_signo=SIGURG, si_code=SI_TKILL, si_pid=10973, si_uid=1001} ---
10973 tgkill(10973, 10975, SIGURG)      = 0
10975 --- SIGURG {si_signo=SIGURG, si_code=SI_TKILL, si_pid=10973, si_uid=1001} ---
10979 tgkill(10973, 10977, SIGURG)      = 0
10977 --- SIGURG {si_signo=SIGURG, si_code=SI_TKILL, si_pid=10973, si_uid=1001} ---
10979 tgkill(10973, 10973, SIGURG)      = 0
10979 tgkill(10973, 10975, SIGURG <unfinished ...>
10973 --- SIGURG {si_signo=SIGURG, si_code=SI_TKILL, si_pid=10973, si_uid=1001} ---
10979 <... tgkill resumed>)             = 0
10975 --- SIGURG {si_signo=SIGURG, si_code=SI_TKILL, si_pid=10973, si_uid=1001} ---
10979 tgkill(10973, 10977, SIGURG)      = 0
10977 --- SIGURG {si_signo=SIGURG, si_code=SI_TKILL, si_pid=10973, si_uid=1001} ---
10979 tgkill(10973, 10973, SIGURG)      = 0
10973 --- SIGURG {si_signo=SIGURG, si_code=SI_TKILL, si_pid=10973, si_uid=1001} ---
10979 tgkill(10973, 10975, SIGURG)      = 0
10975 --- SIGURG {si_signo=SIGURG, si_code=SI_TKILL, si_pid=10973, si_uid=1001} ---
10979 tgkill(10973, 10977, SIGURG)      = 0
10977 --- SIGURG {si_signo=SIGURG, si_code=SI_TKILL, si_pid=10973, si_uid=1001} ---
10974 tgkill(10973, 10975, SIGURG)      = 0
10975 --- SIGURG {si_signo=SIGURG, si_code=SI_TKILL, si_pid=10973, si_uid=1001} ---
10974 tgkill(10973, 10979, SIGURG <unfinished ...>
10979 --- SIGURG {si_signo=SIGURG, si_code=SI_TKILL, si_pid=10973, si_uid=1001} ---
10974 <... tgkill resumed>)             = 0
10974 tgkill(10973, 10973, SIGURG)      = 0
10973 --- SIGURG {si_signo=SIGURG, si_code=SI_TKILL, si_pid=10973, si_uid=1001} ---
10974 tgkill(10973, 10977, SIGURG)      = 0
10977 --- SIGURG {si_signo=SIGURG, si_code=SI_TKILL, si_pid=10973, si_uid=1001} ---
10974 tgkill(10973, 10979, SIGURG <unfinished ...>
10979 --- SIGURG {si_signo=SIGURG, si_code=SI_TKILL, si_pid=10973, si_uid=1001} ---
10974 <... tgkill resumed>)             = 0
10974 tgkill(10973, 10973, SIGURG)      = 0
10973 --- SIGURG {si_signo=SIGURG, si_code=SI_TKILL, si_pid=10973, si_uid=1001} ---
10974 tgkill(10973, 10975, SIGURG <unfinished ...>
10975 --- SIGURG {si_signo=SIGURG, si_code=SI_TKILL, si_pid=10973, si_uid=1001} ---
10974 <... tgkill resumed>)             = 0
10974 tgkill(10973, 10977, SIGURG)      = 0
10977 --- SIGURG {si_signo=SIGURG, si_code=SI_TKILL, si_pid=10973, si_uid=1001} ---
10974 tgkill(10973, 10973, SIGURG)      = 0
10973 --- SIGURG {si_signo=SIGURG, si_code=SI_TKILL, si_pid=10973, si_uid=1001} ---
10974 tgkill(10973, 10975, SIGURG <unfinished ...>
10975 --- SIGURG {si_signo=SIGURG, si_code=SI_TKILL, si_pid=10973, si_uid=1001} ---
10974 <... tgkill resumed>)             = 0
10974 tgkill(10973, 10977, SIGURG)      = 0
10977 --- SIGURG {si_signo=SIGURG, si_code=SI_TKILL, si_pid=10973, si_uid=1001} ---
10974 tgkill(10973, 10975, SIGURG <unfinished ...>
10975 --- SIGURG {si_signo=SIGURG, si_code=SI_TKILL, si_pid=10973, si_uid=1001} ---
10974 <... tgkill resumed>)             = 0
10974 tgkill(10973, 10977, SIGURG <unfinished ...>
10977 --- SIGURG {si_signo=SIGURG, si_code=SI_TKILL, si_pid=10973, si_uid=1001} ---
10974 <... tgkill resumed>)             = 0
10974 tgkill(10973, 10979, SIGURG <unfinished ...>
10979 --- SIGURG {si_signo=SIGURG, si_code=SI_TKILL, si_pid=10973, si_uid=1001} ---
10974 <... tgkill resumed>)             = 0
10974 tgkill(10973, 10977, SIGURG)      = 0
10977 --- SIGURG {si_signo=SIGURG, si_code=SI_TKILL, si_pid=10973, si_uid=1001} ---
10974 tgkill(10973, 10979, SIGURG <unfinished ...>
10979 --- SIGURG {si_signo=SIGURG, si_code=SI_TKILL, si_pid=10973, si_uid=1001} ---
10974 <... tgkill resumed>)             = 0
10974 tgkill(10973, 10979, SIGURG <unfinished ...>
10979 --- SIGURG {si_signo=SIGURG, si_code=SI_TKILL, si_pid=10973, si_uid=1001} ---
10974 <... tgkill resumed>)             = 0
10974 tgkill(10973, 10979, SIGURG)      = 0
10979 --- SIGURG {si_signo=SIGURG, si_code=SI_TKILL, si_pid=10973, si_uid=1001} ---
10974 tgkill(10973, 10979, SIGURG <unfinished ...>
10979 --- SIGURG {si_signo=SIGURG, si_code=SI_TKILL, si_pid=10973, si_uid=1001} ---
10974 <... tgkill resumed>)             = 0
10974 tgkill(10973, 10979, SIGURG <unfinished ...>
10979 --- SIGURG {si_signo=SIGURG, si_code=SI_TKILL, si_pid=10973, si_uid=1001} ---
10974 <... tgkill resumed>)             = 0
10975 tgkill(10973, 10979, SIGURG)      = 0
10979 --- SIGURG {si_signo=SIGURG, si_code=SI_TKILL, si_pid=10973, si_uid=1001} ---
10974 tgkill(10973, 10975, SIGURG)      = 0
10975 --- SIGURG {si_signo=SIGURG, si_code=SI_TKILL, si_pid=10973, si_uid=1001} ---
10974 tgkill(10973, 10978, SIGURG)      = 0
10978 --- SIGURG {si_signo=SIGURG, si_code=SI_TKILL, si_pid=10973, si_uid=1001} ---
10974 tgkill(10973, 10979, SIGURG)      = 0
10979 --- SIGURG {si_signo=SIGURG, si_code=SI_TKILL, si_pid=10973, si_uid=1001} ---
10974 tgkill(10973, 10975, SIGURG)      = 0
10975 --- SIGURG {si_signo=SIGURG, si_code=SI_TKILL, si_pid=10973, si_uid=1001} ---
10974 tgkill(10973, 10975, SIGURG)      = 0
10975 --- SIGURG {si_signo=SIGURG, si_code=SI_TKILL, si_pid=10973, si_uid=1001} ---
10974 tgkill(10973, 10975, SIGURG)      = 0
10975 --- SIGURG {si_signo=SIGURG, si_code=SI_TKILL, si_pid=10973, si_uid=1001} ---
10974 tgkill(10973, 10975, SIGURG <unfinished ...>
10975 --- SIGURG {si_signo=SIGURG, si_code=SI_TKILL, si_pid=10973, si_uid=1001} ---
10974 <... tgkill resumed>)             = 0
10974 tgkill(10973, 10975, SIGURG <unfinished ...>
10975 --- SIGURG {si_signo=SIGURG, si_code=SI_TKILL, si_pid=10973, si_uid=1001} ---
10974 <... tgkill resumed>)             = 0
10974 tgkill(10973, 10975, SIGURG <unfinished ...>
10975 --- SIGURG {si_signo=SIGURG, si_code=SI_TKILL, si_pid=10973, si_uid=1001} ---
10974 <... tgkill resumed>)             = 0
10974 tgkill(10973, 10975, SIGURG <unfinished ...>
10975 --- SIGURG {si_signo=SIGURG, si_code=SI_TKILL, si_pid=10973, si_uid=1001} ---
10974 <... tgkill resumed>)             = 0
10974 tgkill(10973, 10975, SIGURG)      = 0
10975 --- SIGURG {si_signo=SIGURG, si_code=SI_TKILL, si_pid=10973, si_uid=1001} ---
10974 tgkill(10973, 10975, SIGURG <unfinished ...>
10975 --- SIGURG {si_signo=SIGURG, si_code=SI_TKILL, si_pid=10973, si_uid=1001} ---
10974 <... tgkill resumed>)             = 0
10974 tgkill(10973, 10975, SIGURG <unfinished ...>
10975 --- SIGURG {si_signo=SIGURG, si_code=SI_TKILL, si_pid=10973, si_uid=1001} ---
10974 <... tgkill resumed>)             = 0
10974 tgkill(10973, 10975, SIGURG <unfinished ...>
10975 --- SIGURG {si_signo=SIGURG, si_code=SI_TKILL, si_pid=10973, si_uid=1001} ---
10974 <... tgkill resumed>)             = 0
10974 tgkill(10973, 10975, SIGURG)      = 0
10975 --- SIGURG {si_signo=SIGURG, si_code=SI_TKILL, si_pid=10973, si_uid=1001} ---
10974 tgkill(10973, 10975, SIGURG)      = 0
10975 --- SIGURG {si_signo=SIGURG, si_code=SI_TKILL, si_pid=10973, si_uid=1001} ---
10974 tgkill(10973, 10975, SIGURG)      = 0
10975 --- SIGURG {si_signo=SIGURG, si_code=SI_TKILL, si_pid=10973, si_uid=1001} ---
10974 tgkill(10973, 10975, SIGURG)      = 0
10975 --- SIGURG {si_signo=SIGURG, si_code=SI_TKILL, si_pid=10973, si_uid=1001} ---
10974 tgkill(10973, 10975, SIGURG)      = 0
10975 --- SIGURG {si_signo=SIGURG, si_code=SI_TKILL, si_pid=10973, si_uid=1001} ---
10974 tgkill(10973, 10975, SIGURG)      = 0
10975 --- SIGURG {si_signo=SIGURG, si_code=SI_TKILL, si_pid=10973, si_uid=1001} ---
10974 tgkill(10973, 10975, SIGURG <unfinished ...>
10975 --- SIGURG {si_signo=SIGURG, si_code=SI_TKILL, si_pid=10973, si_uid=1001} ---
10974 <... tgkill resumed>)             = 0
10974 tgkill(10973, 10975, SIGURG)      = 0
10975 --- SIGURG {si_signo=SIGURG, si_code=SI_TKILL, si_pid=10973, si_uid=1001} ---
10974 tgkill(10973, 10975, SIGURG <unfinished ...>
10975 --- SIGURG {si_signo=SIGURG, si_code=SI_TKILL, si_pid=10973, si_uid=1001} ---
10974 <... tgkill resumed>)             = 0
10974 tgkill(10973, 10975, SIGURG <unfinished ...>
10975 --- SIGURG {si_signo=SIGURG, si_code=SI_TKILL, si_pid=10973, si_uid=1001} ---
10974 <... tgkill resumed>)             = 0
10974 tgkill(10973, 10975, SIGURG <unfinished ...>
10975 --- SIGURG {si_signo=SIGURG, si_code=SI_TKILL, si_pid=10973, si_uid=1001} ---
10974 <... tgkill resumed>)             = 0
10974 tgkill(10973, 10975, SIGURG <unfinished ...>
10975 --- SIGURG {si_signo=SIGURG, si_code=SI_TKILL, si_pid=10973, si_uid=1001} ---
10974 <... tgkill resumed>)             = 0
10974 tgkill(10973, 10975, SIGURG <unfinished ...>
10975 --- SIGURG {si_signo=SIGURG, si_code=SI_TKILL, si_pid=10973, si_uid=1001} ---
10974 <... tgkill resumed>)             = 0
10974 tgkill(10973, 10975, SIGURG)      = 0
10975 --- SIGURG {si_signo=SIGURG, si_code=SI_TKILL, si_pid=10973, si_uid=1001} ---
10974 tgkill(10973, 10975, SIGURG)      = 0
10975 --- SIGURG {si_signo=SIGURG, si_code=SI_TKILL, si_pid=10973, si_uid=1001} ---
10974 tgkill(10973, 10975, SIGURG <unfinished ...>
10975 --- SIGURG {si_signo=SIGURG, si_code=SI_TKILL, si_pid=10973, si_uid=1001} ---
10974 <... tgkill resumed>)             = 0
10974 tgkill(10973, 10975, SIGURG <unfinished ...>
10975 --- SIGURG {si_signo=SIGURG, si_code=SI_TKILL, si_pid=10973, si_uid=1001} ---
10974 <... tgkill resumed>)             = 0
10974 tgkill(10973, 10975, SIGURG <unfinished ...>
10975 --- SIGURG {si_signo=SIGURG, si_code=SI_TKILL, si_pid=10973, si_uid=1001} ---
10974 <... tgkill resumed>)             = 0
10974 tgkill(10973, 10975, SIGURG <unfinished ...>
10975 --- SIGURG {si_signo=SIGURG, si_code=SI_TKILL, si_pid=10973, si_uid=1001} ---
10974 <... tgkill resumed>)             = 0
10974 tgkill(10973, 10975, SIGURG <unfinished ...>
10975 --- SIGURG {si_signo=SIGURG, si_code=SI_TKILL, si_pid=10973, si_uid=1001} ---
10974 <... tgkill resumed>)             = 0
10974 tgkill(10973, 10975, SIGURG <unfinished ...>
10975 --- SIGURG {si_signo=SIGURG, si_code=SI_TKILL, si_pid=10973, si_uid=1001} ---
10974 <... tgkill resumed>)             = 0
10974 tgkill(10973, 10975, SIGURG <unfinished ...>
10975 --- SIGURG {si_signo=SIGURG, si_code=SI_TKILL, si_pid=10973, si_uid=1001} ---
10974 <... tgkill resumed>)             = 0
10974 tgkill(10973, 10975, SIGURG)      = 0
10975 --- SIGURG {si_signo=SIGURG, si_code=SI_TKILL, si_pid=10973, si_uid=1001} ---
10974 tgkill(10973, 10975, SIGURG)      = 0
10975 --- SIGURG {si_signo=SIGURG, si_code=SI_TKILL, si_pid=10973, si_uid=1001} ---
10974 tgkill(10973, 10975, SIGURG)      = 0
10975 --- SIGURG {si_signo=SIGURG, si_code=SI_TKILL, si_pid=10973, si_uid=1001} ---
10974 tgkill(10973, 10975, SIGURG <unfinished ...>
10975 --- SIGURG {si_signo=SIGURG, si_code=SI_TKILL, si_pid=10973, si_uid=1001} ---
10974 <... tgkill resumed>)             = 0
10974 tgkill(10973, 10975, SIGURG)      = 0
10975 --- SIGURG {si_signo=SIGURG, si_code=SI_TKILL, si_pid=10973, si_uid=1001} ---
10974 tgkill(10973, 10975, SIGURG <unfinished ...>
10975 --- SIGURG {si_signo=SIGURG, si_code=SI_TKILL, si_pid=10973, si_uid=1001} ---
10974 <... tgkill resumed>)             = 0
10974 tgkill(10973, 10975, SIGURG <unfinished ...>
10975 --- SIGURG {si_signo=SIGURG, si_code=SI_TKILL, si_pid=10973, si_uid=1001} ---
10974 <... tgkill resumed>)             = 0
10974 tgkill(10973, 10975, SIGURG <unfinished ...>
10975 --- SIGURG {si_signo=SIGURG, si_code=SI_TKILL, si_pid=10973, si_uid=1001} ---
10974 <... tgkill resumed>)             = 0
10974 tgkill(10973, 10975, SIGURG <unfinished ...>
10975 --- SIGURG {si_signo=SIGURG, si_code=SI_TKILL, si_pid=10973, si_uid=1001} ---
10974 <... tgkill resumed>)             = 0
10974 tgkill(10973, 10975, SIGURG)      = 0
10975 --- SIGURG {si_signo=SIGURG, si_code=SI_TKILL, si_pid=10973, si_uid=1001} ---
10974 tgkill(10973, 10975, SIGURG <unfinished ...>
10975 --- SIGURG {si_signo=SIGURG, si_code=SI_TKILL, si_pid=10973, si_uid=1001} ---
10974 <... tgkill resumed>)             = 0
10974 tgkill(10973, 10975, SIGURG)      = 0
10975 --- SIGURG {si_signo=SIGURG, si_code=SI_TKILL, si_pid=10973, si_uid=1001} ---
10974 tgkill(10973, 10975, SIGURG <unfinished ...>
10975 --- SIGURG {si_signo=SIGURG, si_code=SI_TKILL, si_pid=10973, si_uid=1001} ---
10974 <... tgkill resumed>)             = 0
10974 tgkill(10973, 10975, SIGURG <unfinished ...>
10975 --- SIGURG {si_signo=SIGURG, si_code=SI_TKILL, si_pid=10973, si_uid=1001} ---
10974 <... tgkill resumed>)             = 0
10974 tgkill(10973, 10975, SIGURG <unfinished ...>
10975 --- SIGURG {si_signo=SIGURG, si_code=SI_TKILL, si_pid=10973, si_uid=1001} ---
10974 <... tgkill resumed>)             = 0
10974 tgkill(10973, 10975, SIGURG)      = 0
10975 --- SIGURG {si_signo=SIGURG, si_code=SI_TKILL, si_pid=10973, si_uid=1001} ---
10974 tgkill(10973, 10975, SIGURG <unfinished ...>
10975 --- SIGURG {si_signo=SIGURG, si_code=SI_TKILL, si_pid=10973, si_uid=1001} ---
10974 <... tgkill resumed>)             = 0
10974 tgkill(10973, 10975, SIGURG <unfinished ...>
10975 --- SIGURG {si_signo=SIGURG, si_code=SI_TKILL, si_pid=10973, si_uid=1001} ---
10974 <... tgkill resumed>)             = 0
10974 tgkill(10973, 10975, SIGURG <unfinished ...>
10975 --- SIGURG {si_signo=SIGURG, si_code=SI_TKILL, si_pid=10973, si_uid=1001} ---
10974 <... tgkill resumed>)             = 0
10974 tgkill(10973, 10975, SIGURG)      = 0
10975 --- SIGURG {si_signo=SIGURG, si_code=SI_TKILL, si_pid=10973, si_uid=1001} ---
10974 tgkill(10973, 10973, SIGURG)      = 0
10973 --- SIGURG {si_signo=SIGURG, si_code=SI_TKILL, si_pid=10973, si_uid=1001} ---
10974 tgkill(10973, 10975, SIGURG <unfinished ...>
10975 --- SIGURG {si_signo=SIGURG, si_code=SI_TKILL, si_pid=10973, si_uid=1001} ---
10974 <... tgkill resumed>)             = 0
10974 tgkill(10973, 10975, SIGURG)      = 0
10975 --- SIGURG {si_signo=SIGURG, si_code=SI_TKILL, si_pid=10973, si_uid=1001} ---
10974 tgkill(10973, 10975, SIGURG <unfinished ...>
10975 --- SIGURG {si_signo=SIGURG, si_code=SI_TKILL, si_pid=10973, si_uid=1001} ---
10974 <... tgkill resumed>)             = 0
10974 tgkill(10973, 10977, SIGURG)      = 0
10977 --- SIGURG {si_signo=SIGURG, si_code=SI_TKILL, si_pid=10973, si_uid=1001} ---
10974 tgkill(10973, 10975, SIGURG)      = 0
10975 --- SIGURG {si_signo=SIGURG, si_code=SI_TKILL, si_pid=10973, si_uid=1001} ---
10974 tgkill(10973, 10975, SIGURG <unfinished ...>
10975 --- SIGURG {si_signo=SIGURG, si_code=SI_TKILL, si_pid=10973, si_uid=1001} ---
10974 <... tgkill resumed>)             = 0
10974 tgkill(10973, 10975, SIGURG <unfinished ...>
10975 --- SIGURG {si_signo=SIGURG, si_code=SI_TKILL, si_pid=10973, si_uid=1001} ---
10974 <... tgkill resumed>)             = 0
10974 tgkill(10973, 10975, SIGURG <unfinished ...>
10975 --- SIGURG {si_signo=SIGURG, si_code=SI_TKILL, si_pid=10973, si_uid=1001} ---
10974 <... tgkill resumed>)             = 0
10974 tgkill(10973, 10975, SIGURG)      = 0
10975 --- SIGURG {si_signo=SIGURG, si_code=SI_TKILL, si_pid=10973, si_uid=1001} ---
10974 tgkill(10973, 10975, SIGURG <unfinished ...>
10975 --- SIGURG {si_signo=SIGURG, si_code=SI_TKILL, si_pid=10973, si_uid=1001} ---
10974 <... tgkill resumed>)             = 0
10974 tgkill(10973, 10975, SIGURG <unfinished ...>
10975 --- SIGURG {si_signo=SIGURG, si_code=SI_TKILL, si_pid=10973, si_uid=1001} ---
10974 <... tgkill resumed>)             = 0
10974 tgkill(10973, 10975, SIGURG)      = 0
10975 --- SIGURG {si_signo=SIGURG, si_code=SI_TKILL, si_pid=10973, si_uid=1001} ---
10974 tgkill(10973, 10975, SIGURG)      = 0
10975 --- SIGURG {si_signo=SIGURG, si_code=SI_TKILL, si_pid=10973, si_uid=1001} ---
10974 tgkill(10973, 10975, SIGURG)      = 0
10975 --- SIGURG {si_signo=SIGURG, si_code=SI_TKILL, si_pid=10973, si_uid=1001} ---
10974 tgkill(10973, 10975, SIGURG <unfinished ...>
10975 --- SIGURG {si_signo=SIGURG, si_code=SI_TKILL, si_pid=10973, si_uid=1001} ---
10974 <... tgkill resumed>)             = 0
10974 tgkill(10973, 10975, SIGURG)      = 0
10975 --- SIGURG {si_signo=SIGURG, si_code=SI_TKILL, si_pid=10973, si_uid=1001} ---
10974 tgkill(10973, 10975, SIGURG <unfinished ...>
10975 --- SIGURG {si_signo=SIGURG, si_code=SI_TKILL, si_pid=10973, si_uid=1001} ---
10974 <... tgkill resumed>)             = 0
10974 tgkill(10973, 10975, SIGURG)      = 0
10975 --- SIGURG {si_signo=SIGURG, si_code=SI_TKILL, si_pid=10973, si_uid=1001} ---
10974 tgkill(10973, 10975, SIGURG)      = 0
10975 --- SIGURG {si_signo=SIGURG, si_code=SI_TKILL, si_pid=10973, si_uid=1001} ---
10974 tgkill(10973, 10975, SIGURG)      = 0
10975 --- SIGURG {si_signo=SIGURG, si_code=SI_TKILL, si_pid=10973, si_uid=1001} ---
10974 tgkill(10973, 10975, SIGURG)      = 0
10975 --- SIGURG {si_signo=SIGURG, si_code=SI_TKILL, si_pid=10973, si_uid=1001} ---
10974 tgkill(10973, 10975, SIGURG)      = 0
10975 --- SIGURG {si_signo=SIGURG, si_code=SI_TKILL, si_pid=10973, si_uid=1001} ---
10974 tgkill(10973, 10975, SIGURG <unfinished ...>
10975 --- SIGURG {si_signo=SIGURG, si_code=SI_TKILL, si_pid=10973, si_uid=1001} ---
10974 <... tgkill resumed>)             = 0
10974 tgkill(10973, 10975, SIGURG)      = 0
10975 --- SIGURG {si_signo=SIGURG, si_code=SI_TKILL, si_pid=10973, si_uid=1001} ---
10974 tgkill(10973, 10975, SIGURG)      = 0
10975 --- SIGURG {si_signo=SIGURG, si_code=SI_TKILL, si_pid=10973, si_uid=1001} ---
10974 tgkill(10973, 10975, SIGURG <unfinished ...>
10975 --- SIGURG {si_signo=SIGURG, si_code=SI_TKILL, si_pid=10973, si_uid=1001} ---
10974 <... tgkill resumed>)             = 0
10974 tgkill(10973, 10975, SIGURG <unfinished ...>
10975 --- SIGURG {si_signo=SIGURG, si_code=SI_TKILL, si_pid=10973, si_uid=1001} ---
10974 <... tgkill resumed>)             = 0
10974 tgkill(10973, 10975, SIGURG)      = 0
10975 --- SIGURG {si_signo=SIGURG, si_code=SI_TKILL, si_pid=10973, si_uid=1001} ---
10974 tgkill(10973, 10975, SIGURG <unfinished ...>
10975 --- SIGURG {si_signo=SIGURG, si_code=SI_TKILL, si_pid=10973, si_uid=1001} ---
10974 <... tgkill resumed>)             = 0
10974 tgkill(10973, 10975, SIGURG)      = 0
10975 --- SIGURG {si_signo=SIGURG, si_code=SI_TKILL, si_pid=10973, si_uid=1001} ---
10974 tgkill(10973, 10975, SIGURG <unfinished ...>
10975 --- SIGURG {si_signo=SIGURG, si_code=SI_TKILL, si_pid=10973, si_uid=1001} ---
10974 <... tgkill resumed>)             = 0
10974 tgkill(10973, 10979, SIGURG)      = 0
10979 --- SIGURG {si_signo=SIGURG, si_code=SI_TKILL, si_pid=10973, si_uid=1001} ---
10974 tgkill(10973, 10975, SIGURG <unfinished ...>
10975 --- SIGURG {si_signo=SIGURG, si_code=SI_TKILL, si_pid=10973, si_uid=1001} ---
10974 <... tgkill resumed>)             = 0
10974 tgkill(10973, 10975, SIGURG <unfinished ...>
10975 --- SIGURG {si_signo=SIGURG, si_code=SI_TKILL, si_pid=10973, si_uid=1001} ---
10974 <... tgkill resumed>)             = 0
10974 tgkill(10973, 10975, SIGURG <unfinished ...>
10975 --- SIGURG {si_signo=SIGURG, si_code=SI_TKILL, si_pid=10973, si_uid=1001} ---
10974 <... tgkill resumed>)             = 0
10974 tgkill(10973, 10975, SIGURG <unfinished ...>
10975 --- SIGURG {si_signo=SIGURG, si_code=SI_TKILL, si_pid=10973, si_uid=1001} ---
10974 <... tgkill resumed>)             = 0
10974 tgkill(10973, 10975, SIGURG <unfinished ...>
10975 --- SIGURG {si_signo=SIGURG, si_code=SI_TKILL, si_pid=10973, si_uid=1001} ---
10974 <... tgkill resumed>)             = 0
10974 tgkill(10973, 10975, SIGURG <unfinished ...>
10975 --- SIGURG {si_signo=SIGURG, si_code=SI_TKILL, si_pid=10973, si_uid=1001} ---
10974 <... tgkill resumed>)             = 0
10974 tgkill(10973, 10975, SIGURG <unfinished ...>
10975 --- SIGURG {si_signo=SIGURG, si_code=SI_TKILL, si_pid=10973, si_uid=1001} ---
10974 <... tgkill resumed>)             = 0
10974 tgkill(10973, 10975, SIGURG <unfinished ...>
10975 --- SIGURG {si_signo=SIGURG, si_code=SI_TKILL, si_pid=10973, si_uid=1001} ---
10974 <... tgkill resumed>)             = 0
10974 tgkill(10973, 10975, SIGURG)      = 0
10975 --- SIGURG {si_signo=SIGURG, si_code=SI_TKILL, si_pid=10973, si_uid=1001} ---
10974 tgkill(10973, 10975, SIGURG)      = 0
10975 --- SIGURG {si_signo=SIGURG, si_code=SI_TKILL, si_pid=10973, si_uid=1001} ---
10974 tgkill(10973, 10975, SIGURG <unfinished ...>
10975 --- SIGURG {si_signo=SIGURG, si_code=SI_TKILL, si_pid=10973, si_uid=1001} ---
10974 <... tgkill resumed>)             = 0
10974 tgkill(10973, 10975, SIGURG)      = 0
10975 --- SIGURG {si_signo=SIGURG, si_code=SI_TKILL, si_pid=10973, si_uid=1001} ---
10974 tgkill(10973, 10975, SIGURG <unfinished ...>
10975 --- SIGURG {si_signo=SIGURG, si_code=SI_TKILL, si_pid=10973, si_uid=1001} ---
10974 <... tgkill resumed>)             = 0
10974 tgkill(10973, 10975, SIGURG <unfinished ...>
10975 --- SIGURG {si_signo=SIGURG, si_code=SI_TKILL, si_pid=10973, si_uid=1001} ---
10974 <... tgkill resumed>)             = 0
10974 tgkill(10973, 10975, SIGURG <unfinished ...>
10975 --- SIGURG {si_signo=SIGURG, si_code=SI_TKILL, si_pid=10973, si_uid=1001} ---
10974 <... tgkill resumed>)             = 0
10974 tgkill(10973, 10975, SIGURG <unfinished ...>
10975 --- SIGURG {si_signo=SIGURG, si_code=SI_TKILL, si_pid=10973, si_uid=1001} ---
10974 <... tgkill resumed>)             = 0
10974 tgkill(10973, 10975, SIGURG <unfinished ...>
10975 --- SIGURG {si_signo=SIGURG, si_code=SI_TKILL, si_pid=10973, si_uid=1001} ---
10974 <... tgkill resumed>)             = 0
10974 tgkill(10973, 10975, SIGURG)      = 0
10975 --- SIGURG {si_signo=SIGURG, si_code=SI_TKILL, si_pid=10973, si_uid=1001} ---
10974 tgkill(10973, 10975, SIGURG)      = 0
10975 --- SIGURG {si_signo=SIGURG, si_code=SI_TKILL, si_pid=10973, si_uid=1001} ---
10974 tgkill(10973, 10975, SIGURG <unfinished ...>
10975 --- SIGURG {si_signo=SIGURG, si_code=SI_TKILL, si_pid=10973, si_uid=1001} ---
10974 <... tgkill resumed>)             = 0
10974 tgkill(10973, 10975, SIGURG <unfinished ...>
10975 --- SIGURG {si_signo=SIGURG, si_code=SI_TKILL, si_pid=10973, si_uid=1001} ---
10974 <... tgkill resumed>)             = 0
10974 tgkill(10973, 10975, SIGURG)      = 0
10975 --- SIGURG {si_signo=SIGURG, si_code=SI_TKILL, si_pid=10973, si_uid=1001} ---
10974 tgkill(10973, 10975, SIGURG <unfinished ...>
10975 --- SIGURG {si_signo=SIGURG, si_code=SI_TKILL, si_pid=10973, si_uid=1001} ---
10974 <... tgkill resumed>)             = 0
10974 tgkill(10973, 10975, SIGURG)      = 0
10975 --- SIGURG {si_signo=SIGURG, si_code=SI_TKILL, si_pid=10973, si_uid=1001} ---
10974 tgkill(10973, 10975, SIGURG <unfinished ...>
10975 --- SIGURG {si_signo=SIGURG, si_code=SI_TKILL, si_pid=10973, si_uid=1001} ---
10974 <... tgkill resumed>)             = 0
10974 tgkill(10973, 10975, SIGURG)      = 0
10975 --- SIGURG {si_signo=SIGURG, si_code=SI_TKILL, si_pid=10973, si_uid=1001} ---
10974 tgkill(10973, 10975, SIGURG <unfinished ...>
10975 --- SIGURG {si_signo=SIGURG, si_code=SI_TKILL, si_pid=10973, si_uid=1001} ---
10974 <... tgkill resumed>)             = 0
10974 tgkill(10973, 10975, SIGURG)      = 0
10975 --- SIGURG {si_signo=SIGURG, si_code=SI_TKILL, si_pid=10973, si_uid=1001} ---
10974 tgkill(10973, 10975, SIGURG)      = 0
10975 --- SIGURG {si_signo=SIGURG, si_code=SI_TKILL, si_pid=10973, si_uid=1001} ---
10974 tgkill(10973, 10975, SIGURG)      = 0
10975 --- SIGURG {si_signo=SIGURG, si_code=SI_TKILL, si_pid=10973, si_uid=1001} ---
10974 tgkill(10973, 10975, SIGURG <unfinished ...>
10975 --- SIGURG {si_signo=SIGURG, si_code=SI_TKILL, si_pid=10973, si_uid=1001} ---
10974 <... tgkill resumed>)             = 0
10974 tgkill(10973, 10975, SIGURG)      = 0
10975 --- SIGURG {si_signo=SIGURG, si_code=SI_TKILL, si_pid=10973, si_uid=1001} ---
10974 tgkill(10973, 10975, SIGURG)      = 0
10975 --- SIGURG {si_signo=SIGURG, si_code=SI_TKILL, si_pid=10973, si_uid=1001} ---
10974 tgkill(10973, 10975, SIGURG)      = 0
10975 --- SIGURG {si_signo=SIGURG, si_code=SI_TKILL, si_pid=10973, si_uid=1001} ---
10974 tgkill(10973, 10975, SIGURG <unfinished ...>
10975 --- SIGURG {si_signo=SIGURG, si_code=SI_TKILL, si_pid=10973, si_uid=1001} ---
10974 <... tgkill resumed>)             = 0
10974 tgkill(10973, 10975, SIGURG)      = 0
10975 --- SIGURG {si_signo=SIGURG, si_code=SI_TKILL, si_pid=10973, si_uid=1001} ---
10974 tgkill(10973, 10975, SIGURG)      = 0
10975 --- SIGURG {si_signo=SIGURG, si_code=SI_TKILL, si_pid=10973, si_uid=1001} ---
10974 tgkill(10973, 10975, SIGURG)      = 0
10975 --- SIGURG {si_signo=SIGURG, si_code=SI_TKILL, si_pid=10973, si_uid=1001} ---
10975 tgkill(10973, 10977, SIGURG)      = 0
10977 --- SIGURG {si_signo=SIGURG, si_code=SI_TKILL, si_pid=10973, si_uid=1001} ---
10975 tgkill(10973, 10979, SIGURG)      = 0
10979 --- SIGURG {si_signo=SIGURG, si_code=SI_TKILL, si_pid=10973, si_uid=1001} ---
10975 tgkill(10973, 10979, SIGURG)      = 0
10979 --- SIGURG {si_signo=SIGURG, si_code=SI_TKILL, si_pid=10973, si_uid=1001} ---
10974 tgkill(10973, 10975, SIGURG <unfinished ...>
10975 --- SIGURG {si_signo=SIGURG, si_code=SI_TKILL, si_pid=10973, si_uid=1001} ---
10974 <... tgkill resumed>)             = 0
10974 tgkill(10973, 10979, SIGURG <unfinished ...>
10979 --- SIGURG {si_signo=SIGURG, si_code=SI_TKILL, si_pid=10973, si_uid=1001} ---
10974 <... tgkill resumed>)             = 0
10974 tgkill(10973, 10975, SIGURG)      = 0
10975 --- SIGURG {si_signo=SIGURG, si_code=SI_TKILL, si_pid=10973, si_uid=1001} ---
10975 exit_group(0)                     = ?
10979 +++ exited with 0 +++
10978 +++ exited with 0 +++
10977 +++ exited with 0 +++
10976 +++ exited with 0 +++
10975 +++ exited with 0 +++
10974 +++ exited with 0 +++
10973 +++ exited with 0 +++
10660 <... waitid resumed>{si_signo=SIGCHLD, si_code=CLD_EXITED, si_pid=10973, si_uid=1001, si_status=0, si_utime=0, si_stime=0}, WEXITED, {ru_utime={tv_sec=3, tv_usec=994481}, ru_stime={tv_sec=0, tv_usec=227368}, ...}) = 0
10598 --- SIGCHLD {si_signo=SIGCHLD, si_code=CLD_EXITED, si_pid=10973, si_uid=1001, si_status=0, si_utime=398 /* 3.98 s */, si_stime=22 /* 0.22 s */} ---
10598 clone(child_stack=NULL, flags=CLONE_VM|CLONE_PIDFD|CLONE_VFORK|SIGCHLD <unfinished ...>
10980 execve("/opt/hostedtoolcache/go/1.27.1/arm64/pkg/tool/linux_arm64/asm", ["/opt/hostedtoolcache/go/1.27.1/a"..., "-p", "runtime", "-trimpath", "/tmp/go-build3805767581/b009=>", "-I", "/tmp/go-build3805767581/b009/", "-I", "/opt/hostedtoolcache/go/1.27.1/a"..., "-D", "GOOS_linux", "-D", "GOARCH_arm64", "-std", "-o", "/tmp/go-build3805767581/b009/asm"..., "/opt/hostedtoolcache/go/1.27.1/a"...], 0x6c9426d33688 /* 140 vars */ <unfinished ...>
10598 <... clone resumed>, parent_tid=[12]) = 10980
10980 <... execve resumed>)             = 0
10598 waitid(P_PIDFD, 12,  <unfinished ...>
10980 clone(child_stack=0x4e26bfbf2000, flags=CLONE_VM|CLONE_FS|CLONE_FILES|CLONE_SIGHAND|CLONE_THREAD|CLONE_SYSVSEM) = 10981
10980 clone(child_stack=0x4e26bfc2a000, flags=CLONE_VM|CLONE_FS|CLONE_FILES|CLONE_SIGHAND|CLONE_THREAD|CLONE_SYSVSEM) = 10982
10980 clone(child_stack=0x4e26bfc26000, flags=CLONE_VM|CLONE_FS|CLONE_FILES|CLONE_SIGHAND|CLONE_THREAD|CLONE_SYSVSEM) = 10983
10982 clone(child_stack=0x4e26bfc98000, flags=CLONE_VM|CLONE_FS|CLONE_FILES|CLONE_SIGHAND|CLONE_THREAD|CLONE_SYSVSEM) = 10984
10980 exit_group(0)                     = ?
10984 +++ exited with 0 +++
10983 +++ exited with 0 +++
10982 +++ exited with 0 +++
10981 +++ exited with 0 +++
10980 +++ exited with 0 +++
10660 --- SIGCHLD {si_signo=SIGCHLD, si_code=CLD_EXITED, si_pid=10980, si_uid=1001, si_status=0, si_utime=0, si_stime=0} ---
10598 <... waitid resumed>{si_signo=SIGCHLD, si_code=CLD_EXITED, si_pid=10980, si_uid=1001, si_status=0, si_utime=0, si_stime=0}, WEXITED, {ru_utime={tv_sec=0, tv_usec=1291}, ru_stime={tv_sec=0, tv_usec=5166}, ...}) = 0
10660 clone(child_stack=NULL, flags=CLONE_VM|CLONE_PIDFD|CLONE_VFORK|SIGCHLD <unfinished ...>
10985 execve("/opt/hostedtoolcache/go/1.27.1/arm64/pkg/tool/linux_arm64/asm", ["/opt/hostedtoolcache/go/1.27.1/a"..., "-p", "runtime", "-trimpath", "/tmp/go-build3805767581/b009=>", "-I", "/tmp/go-build3805767581/b009/", "-I", "/opt/hostedtoolcache/go/1.27.1/a"..., "-D", "GOOS_linux", "-D", "GOARCH_arm64", "-std", "-o", "/tmp/go-build3805767581/b009/asm"..., "/opt/hostedtoolcache/go/1.27.1/a"...], 0x6c9426c43688 /* 140 vars */ <unfinished ...>
10660 <... clone resumed>, parent_tid=[12]) = 10985
10985 <... execve resumed>)             = 0
10660 waitid(P_PIDFD, 12,  <unfinished ...>
10985 clone(child_stack=0x7c5fe9540000, flags=CLONE_VM|CLONE_FS|CLONE_FILES|CLONE_SIGHAND|CLONE_THREAD|CLONE_SYSVSEM) = 10986
10985 clone(child_stack=0x7c5fe9578000, flags=CLONE_VM|CLONE_FS|CLONE_FILES|CLONE_SIGHAND|CLONE_THREAD|CLONE_SYSVSEM) = 10987
10986 tgkill(10985, 10985, SIGURG)      = 0
10985 clone(child_stack=0x7c5fe9574000, flags=CLONE_VM|CLONE_FS|CLONE_FILES|CLONE_SIGHAND|CLONE_THREAD|CLONE_SYSVSEM) = 10988
10985 --- SIGURG {si_signo=SIGURG, si_code=SI_TKILL, si_pid=10985, si_uid=1001} ---
10987 clone(child_stack=0x7c5fe9618000, flags=CLONE_VM|CLONE_FS|CLONE_FILES|CLONE_SIGHAND|CLONE_THREAD|CLONE_SYSVSEM) = 10989
10986 tgkill(10985, 10985, SIGURG)      = 0
10985 --- SIGURG {si_signo=SIGURG, si_code=SI_TKILL, si_pid=10985, si_uid=1001} ---
10985 exit_group(0)                     = ?
10989 +++ exited with 0 +++
10988 +++ exited with 0 +++
10987 +++ exited with 0 +++
10986 +++ exited with 0 +++
10985 +++ exited with 0 +++
10660 <... waitid resumed>{si_signo=SIGCHLD, si_code=CLD_EXITED, si_pid=10985, si_uid=1001, si_status=0, si_utime=0, si_stime=0}, WEXITED, {ru_utime={tv_sec=0, tv_usec=7149}, ru_stime={tv_sec=0, tv_usec=7149}, ...}) = 0
10598 --- SIGCHLD {si_signo=SIGCHLD, si_code=CLD_EXITED, si_pid=10985, si_uid=1001, si_status=0, si_utime=0, si_stime=0} ---
10598 clone(child_stack=NULL, flags=CLONE_VM|CLONE_PIDFD|CLONE_VFORK|SIGCHLD <unfinished ...>
10990 execve("/opt/hostedtoolcache/go/1.27.1/arm64/pkg/tool/linux_arm64/asm", ["/opt/hostedtoolcache/go/1.27.1/a"..., "-p", "runtime", "-trimpath", "/tmp/go-build3805767581/b009=>", "-I", "/tmp/go-build3805767581/b009/", "-I", "/opt/hostedtoolcache/go/1.27.1/a"..., "-D", "GOOS_linux", "-D", "GOARCH_arm64", "-std", "-o", "/tmp/go-build3805767581/b009/ato"..., "/opt/hostedtoolcache/go/1.27.1/a"...], 0x6c9426a72008 /* 140 vars */ <unfinished ...>
10598 <... clone resumed>, parent_tid=[12]) = 10990
10990 <... execve resumed>)             = 0
10598 waitid(P_PIDFD, 12,  <unfinished ...>
10990 clone(child_stack=0x51b81bd86000, flags=CLONE_VM|CLONE_FS|CLONE_FILES|CLONE_SIGHAND|CLONE_THREAD|CLONE_SYSVSEM) = 10991
10990 clone(child_stack=0x51b81bdbe000, flags=CLONE_VM|CLONE_FS|CLONE_FILES|CLONE_SIGHAND|CLONE_THREAD|CLONE_SYSVSEM) = 10992
10991 tgkill(10990, 10990, SIGURG <unfinished ...>
10990 clone(child_stack=0x51b81bdba000, flags=CLONE_VM|CLONE_FS|CLONE_FILES|CLONE_SIGHAND|CLONE_THREAD|CLONE_SYSVSEM <unfinished ...>
10991 <... tgkill resumed>)             = 0
10990 <... clone resumed>)              = 10993
10990 --- SIGURG {si_signo=SIGURG, si_code=SI_TKILL, si_pid=10990, si_uid=1001} ---
10992 clone(child_stack=0x51b81be18000, flags=CLONE_VM|CLONE_FS|CLONE_FILES|CLONE_SIGHAND|CLONE_THREAD|CLONE_SYSVSEM) = 10994
10990 exit_group(0)                     = ?
10994 +++ exited with 0 +++
10993 +++ exited with 0 +++
10992 +++ exited with 0 +++
10991 +++ exited with 0 +++
10990 +++ exited with 0 +++
10660 --- SIGCHLD {si_signo=SIGCHLD, si_code=CLD_EXITED, si_pid=10990, si_uid=1001, si_status=0, si_utime=0, si_stime=0} ---
10598 <... waitid resumed>{si_signo=SIGCHLD, si_code=CLD_EXITED, si_pid=10990, si_uid=1001, si_status=0, si_utime=0, si_stime=0}, WEXITED, {ru_utime={tv_sec=0, tv_usec=1653}, ru_stime={tv_sec=0, tv_usec=4960}, ...}) = 0
10660 clone(child_stack=NULL, flags=CLONE_VM|CLONE_PIDFD|CLONE_VFORK|SIGCHLD <unfinished ...>
10995 execve("/opt/hostedtoolcache/go/1.27.1/arm64/pkg/tool/linux_arm64/asm", ["/opt/hostedtoolcache/go/1.27.1/a"..., "-p", "runtime", "-trimpath", "/tmp/go-build3805767581/b009=>", "-I", "/tmp/go-build3805767581/b009/", "-I", "/opt/hostedtoolcache/go/1.27.1/a"..., "-D", "GOOS_linux", "-D", "GOARCH_arm64", "-std", "-o", "/tmp/go-build3805767581/b009/int"..., "/opt/hostedtoolcache/go/1.27.1/a"...], 0x6c9426c72008 /* 140 vars */ <unfinished ...>
10660 <... clone resumed>, parent_tid=[12]) = 10995
10995 <... execve resumed>)             = 0
10660 waitid(P_PIDFD, 12,  <unfinished ...>
10995 clone(child_stack=0x7a52b05b4000, flags=CLONE_VM|CLONE_FS|CLONE_FILES|CLONE_SIGHAND|CLONE_THREAD|CLONE_SYSVSEM) = 10997
10995 clone(child_stack=0x7a52b05ec000, flags=CLONE_VM|CLONE_FS|CLONE_FILES|CLONE_SIGHAND|CLONE_THREAD|CLONE_SYSVSEM) = 10998
10997 tgkill(10995, 10995, SIGURG)      = 0
10995 clone(child_stack=0x7a52b05e8000, flags=CLONE_VM|CLONE_FS|CLONE_FILES|CLONE_SIGHAND|CLONE_THREAD|CLONE_SYSVSEM) = 10999
10995 --- SIGURG {si_signo=SIGURG, si_code=SI_TKILL, si_pid=10995, si_uid=1001} ---
10998 clone(child_stack=0x7a52b0618000, flags=CLONE_VM|CLONE_FS|CLONE_FILES|CLONE_SIGHAND|CLONE_THREAD|CLONE_SYSVSEM) = 11000
10995 exit_group(0)                     = ?
10999 +++ exited with 0 +++
10998 +++ exited with 0 +++
10997 +++ exited with 0 +++
11000 +++ exited with 0 +++
10995 +++ exited with 0 +++
10660 <... waitid resumed>{si_signo=SIGCHLD, si_code=CLD_EXITED, si_pid=10995, si_uid=1001, si_status=0, si_utime=0, si_stime=0}, WEXITED, {ru_utime={tv_sec=0, tv_usec=2001}, ru_stime={tv_sec=0, tv_usec=5004}, ...}) = 0
10598 --- SIGCHLD {si_signo=SIGCHLD, si_code=CLD_EXITED, si_pid=10995, si_uid=1001, si_status=0, si_utime=0, si_stime=0} ---
10598 clone(child_stack=NULL, flags=CLONE_VM|CLONE_PIDFD|CLONE_VFORK|SIGCHLD <unfinished ...>
11001 execve("/opt/hostedtoolcache/go/1.27.1/arm64/pkg/tool/linux_arm64/asm", ["/opt/hostedtoolcache/go/1.27.1/a"..., "-p", "runtime", "-trimpath", "/tmp/go-build3805767581/b009=>", "-I", "/tmp/go-build3805767581/b009/", "-I", "/opt/hostedtoolcache/go/1.27.1/a"..., "-D", "GOOS_linux", "-D", "GOARCH_arm64", "-std", "-o", "/tmp/go-build3805767581/b009/mem"..., "/opt/hostedtoolcache/go/1.27.1/a"...], 0x6c9426a72d88 /* 140 vars */ <unfinished ...>
10598 <... clone resumed>, parent_tid=[12]) = 11001
11001 <... execve resumed>)             = 0
10598 waitid(P_PIDFD, 12,  <unfinished ...>
11001 clone(child_stack=0x6a68bdd44000, flags=CLONE_VM|CLONE_FS|CLONE_FILES|CLONE_SIGHAND|CLONE_THREAD|CLONE_SYSVSEM) = 11002
11001 clone(child_stack=0x6a68bdd7c000, flags=CLONE_VM|CLONE_FS|CLONE_FILES|CLONE_SIGHAND|CLONE_THREAD|CLONE_SYSVSEM) = 11003
11002 tgkill(11001, 11001, SIGURG <unfinished ...>
11001 clone(child_stack=0x6a68bdd78000, flags=CLONE_VM|CLONE_FS|CLONE_FILES|CLONE_SIGHAND|CLONE_THREAD|CLONE_SYSVSEM <unfinished ...>
11002 <... tgkill resumed>)             = 0
11001 <... clone resumed>)              = 11004
11001 --- SIGURG {si_signo=SIGURG, si_code=SI_TKILL, si_pid=11001, si_uid=1001} ---
11003 clone(child_stack=0x6a68bdda8000, flags=CLONE_VM|CLONE_FS|CLONE_FILES|CLONE_SIGHAND|CLONE_THREAD|CLONE_SYSVSEM) = 11005
11001 exit_group(0)                     = ?
11003 +++ exited with 0 +++
11004 +++ exited with 0 +++
11002 +++ exited with 0 +++
11005 +++ exited with 0 +++
11001 +++ exited with 0 +++
10660 --- SIGCHLD {si_signo=SIGCHLD, si_code=CLD_EXITED, si_pid=11001, si_uid=1001, si_status=0, si_utime=0, si_stime=0} ---
10598 <... waitid resumed>{si_signo=SIGCHLD, si_code=CLD_EXITED, si_pid=11001, si_uid=1001, si_status=0, si_utime=0, si_stime=0}, WEXITED, {ru_utime={tv_sec=0, tv_usec=878}, ru_stime={tv_sec=0, tv_usec=6147}, ...}) = 0
10660 clone(child_stack=NULL, flags=CLONE_VM|CLONE_PIDFD|CLONE_VFORK|SIGCHLD <unfinished ...>
11006 execve("/opt/hostedtoolcache/go/1.27.1/arm64/pkg/tool/linux_arm64/asm", ["/opt/hostedtoolcache/go/1.27.1/a"..., "-p", "runtime", "-trimpath", "/tmp/go-build3805767581/b009=>", "-I", "/tmp/go-build3805767581/b009/", "-I", "/opt/hostedtoolcache/go/1.27.1/a"..., "-D", "GOOS_linux", "-D", "GOARCH_arm64", "-std", "-o", "/tmp/go-build3805767581/b009/mem"..., "/opt/hostedtoolcache/go/1.27.1/a"...], 0x6c9426c72908 /* 140 vars */ <unfinished ...>
10660 <... clone resumed>, parent_tid=[12]) = 11006
11006 <... execve resumed>)             = 0
10660 waitid(P_PIDFD, 12,  <unfinished ...>
11006 clone(child_stack=0x79faea0c000, flags=CLONE_VM|CLONE_FS|CLONE_FILES|CLONE_SIGHAND|CLONE_THREAD|CLONE_SYSVSEM) = 11007
11006 clone(child_stack=0x79faea44000, flags=CLONE_VM|CLONE_FS|CLONE_FILES|CLONE_SIGHAND|CLONE_THREAD|CLONE_SYSVSEM) = 11008
11007 tgkill(11006, 11006, SIGURG <unfinished ...>
11006 clone(child_stack=0x79faea40000, flags=CLONE_VM|CLONE_FS|CLONE_FILES|CLONE_SIGHAND|CLONE_THREAD|CLONE_SYSVSEM <unfinished ...>
11007 <... tgkill resumed>)             = 0
11006 <... clone resumed>)              = 11009
11006 --- SIGURG {si_signo=SIGURG, si_code=SI_TKILL, si_pid=11006, si_uid=1001} ---
11008 clone(child_stack=0x79faea98000, flags=CLONE_VM|CLONE_FS|CLONE_FILES|CLONE_SIGHAND|CLONE_THREAD|CLONE_SYSVSEM) = 11010
11006 exit_group(0)                     = ?
11010 +++ exited with 0 +++
11009 +++ exited with 0 +++
11008 +++ exited with 0 +++
11007 +++ exited with 0 +++
11006 +++ exited with 0 +++
10598 --- SIGCHLD {si_signo=SIGCHLD, si_code=CLD_EXITED, si_pid=11006, si_uid=1001, si_status=0, si_utime=0, si_stime=0} ---
10660 <... waitid resumed>{si_signo=SIGCHLD, si_code=CLD_EXITED, si_pid=11006, si_uid=1001, si_status=0, si_utime=0, si_stime=0}, WEXITED, {ru_utime={tv_sec=0, tv_usec=0}, ru_stime={tv_sec=0, tv_usec=6967}, ...}) = 0
10598 clone(child_stack=NULL, flags=CLONE_VM|CLONE_PIDFD|CLONE_VFORK|SIGCHLD <unfinished ...>
11011 execve("/opt/hostedtoolcache/go/1.27.1/arm64/pkg/tool/linux_arm64/asm", ["/opt/hostedtoolcache/go/1.27.1/a"..., "-p", "runtime", "-trimpath", "/tmp/go-build3805767581/b009=>", "-I", "/tmp/go-build3805767581/b009/", "-I", "/opt/hostedtoolcache/go/1.27.1/a"..., "-D", "GOOS_linux", "-D", "GOARCH_arm64", "-std", "-o", "/tmp/go-build3805767581/b009/pre"..., "/opt/hostedtoolcache/go/1.27.1/a"...], 0x6c9426a73208 /* 140 vars */ <unfinished ...>
10598 <... clone resumed>, parent_tid=[12]) = 11011
11011 <... execve resumed>)             = 0
10598 waitid(P_PIDFD, 12,  <unfinished ...>
11011 clone(child_stack=0x39b868ed6000, flags=CLONE_VM|CLONE_FS|CLONE_FILES|CLONE_SIGHAND|CLONE_THREAD|CLONE_SYSVSEM) = 11012
11011 clone(child_stack=0x39b868f10000, flags=CLONE_VM|CLONE_FS|CLONE_FILES|CLONE_SIGHAND|CLONE_THREAD|CLONE_SYSVSEM) = 11013
11012 tgkill(11011, 11011, SIGURG)      = 0
11011 clone(child_stack=0x39b868f0c000, flags=CLONE_VM|CLONE_FS|CLONE_FILES|CLONE_SIGHAND|CLONE_THREAD|CLONE_SYSVSEM) = 11014
11011 --- SIGURG {si_signo=SIGURG, si_code=SI_TKILL, si_pid=11011, si_uid=1001} ---
11013 clone(child_stack=0x39b868f98000, flags=CLONE_VM|CLONE_FS|CLONE_FILES|CLONE_SIGHAND|CLONE_THREAD|CLONE_SYSVSEM) = 11015
11011 exit_group(0)                     = ?
11015 +++ exited with 0 +++
11014 +++ exited with 0 +++
11013 +++ exited with 0 +++
11012 +++ exited with 0 +++
11011 +++ exited with 0 +++
10598 <... waitid resumed>{si_signo=SIGCHLD, si_code=CLD_EXITED, si_pid=11011, si_uid=1001, si_status=0, si_utime=0, si_stime=0}, WEXITED, {ru_utime={tv_sec=0, tv_usec=1861}, ru_stime={tv_sec=0, tv_usec=7447}, ...}) = 0
10593 --- SIGCHLD {si_signo=SIGCHLD, si_code=CLD_EXITED, si_pid=11011, si_uid=1001, si_status=0, si_utime=0, si_stime=0} ---
10593 clone(child_stack=NULL, flags=CLONE_VM|CLONE_PIDFD|CLONE_VFORK|SIGCHLD <unfinished ...>
11016 execve("/opt/hostedtoolcache/go/1.27.1/arm64/pkg/tool/linux_arm64/asm", ["/opt/hostedtoolcache/go/1.27.1/a"..., "-p", "runtime", "-trimpath", "/tmp/go-build3805767581/b009=>", "-I", "/tmp/go-build3805767581/b009/", "-I", "/opt/hostedtoolcache/go/1.27.1/a"..., "-D", "GOOS_linux", "-D", "GOARCH_arm64", "-std", "-o", "/tmp/go-build3805767581/b009/rt0"..., "/opt/hostedtoolcache/go/1.27.1/a"...], 0x6c9426c73688 /* 140 vars */ <unfinished ...>
10593 <... clone resumed>, parent_tid=[12]) = 11016
11016 <... execve resumed>)             = 0
10593 waitid(P_PIDFD, 12,  <unfinished ...>
11016 clone(child_stack=0xba226296000, flags=CLONE_VM|CLONE_FS|CLONE_FILES|CLONE_SIGHAND|CLONE_THREAD|CLONE_SYSVSEM) = 11017
11016 clone(child_stack=0xba2262ce000, flags=CLONE_VM|CLONE_FS|CLONE_FILES|CLONE_SIGHAND|CLONE_THREAD|CLONE_SYSVSEM) = 11018
11016 clone(child_stack=0xba2262ca000, flags=CLONE_VM|CLONE_FS|CLONE_FILES|CLONE_SIGHAND|CLONE_THREAD|CLONE_SYSVSEM) = 11019
11018 clone(child_stack=0xba226318000, flags=CLONE_VM|CLONE_FS|CLONE_FILES|CLONE_SIGHAND|CLONE_THREAD|CLONE_SYSVSEM) = 11020
11016 exit_group(0)                     = ?
11019 +++ exited with 0 +++
11018 +++ exited with 0 +++
11020 +++ exited with 0 +++
11017 +++ exited with 0 +++
11016 +++ exited with 0 +++
10593 <... waitid resumed>{si_signo=SIGCHLD, si_code=CLD_EXITED, si_pid=11016, si_uid=1001, si_status=0, si_utime=0, si_stime=0}, WEXITED, {ru_utime={tv_sec=0, tv_usec=1356}, ru_stime={tv_sec=0, tv_usec=5427}, ...}) = 0
10598 --- SIGCHLD {si_signo=SIGCHLD, si_code=CLD_EXITED, si_pid=11016, si_uid=1001, si_status=0, si_utime=0, si_stime=0} ---
10598 clone(child_stack=NULL, flags=CLONE_VM|CLONE_PIDFD|CLONE_VFORK|SIGCHLD <unfinished ...>
11021 execve("/opt/hostedtoolcache/go/1.27.1/arm64/pkg/tool/linux_arm64/asm", ["/opt/hostedtoolcache/go/1.27.1/a"..., "-p", "runtime", "-trimpath", "/tmp/go-build3805767581/b009=>", "-I", "/tmp/go-build3805767581/b009/", "-I", "/opt/hostedtoolcache/go/1.27.1/a"..., "-D", "GOOS_linux", "-D", "GOARCH_arm64", "-std", "-o", "/tmp/go-build3805767581/b009/sec"..., "/opt/hostedtoolcache/go/1.27.1/a"...], 0x6c9426a73688 /* 140 vars */ <unfinished ...>
10598 <... clone resumed>, parent_tid=[12]) = 11021
11021 <... execve resumed>)             = 0
10598 waitid(P_PIDFD, 12,  <unfinished ...>
11021 clone(child_stack=0x70d788e96000, flags=CLONE_VM|CLONE_FS|CLONE_FILES|CLONE_SIGHAND|CLONE_THREAD|CLONE_SYSVSEM) = 11022
11021 clone(child_stack=0x70d788ece000, flags=CLONE_VM|CLONE_FS|CLONE_FILES|CLONE_SIGHAND|CLONE_THREAD|CLONE_SYSVSEM) = 11023
11021 clone(child_stack=0x70d788eca000, flags=CLONE_VM|CLONE_FS|CLONE_FILES|CLONE_SIGHAND|CLONE_THREAD|CLONE_SYSVSEM) = 11024
11023 clone(child_stack=0x70d788f18000, flags=CLONE_VM|CLONE_FS|CLONE_FILES|CLONE_SIGHAND|CLONE_THREAD|CLONE_SYSVSEM) = 11025
11021 exit_group(0)                     = ?
11025 +++ exited with 0 +++
11024 +++ exited with 0 +++
11023 +++ exited with 0 +++
11022 +++ exited with 0 +++
11021 +++ exited with 0 +++
10598 <... waitid resumed>{si_signo=SIGCHLD, si_code=CLD_EXITED, si_pid=11021, si_uid=1001, si_status=0, si_utime=0, si_stime=0}, WEXITED, {ru_utime={tv_sec=0, tv_usec=5808}, ru_stime={tv_sec=0, tv_usec=3485}, ...}) = 0
10593 --- SIGCHLD {si_signo=SIGCHLD, si_code=CLD_EXITED, si_pid=11021, si_uid=1001, si_status=0, si_utime=0, si_stime=0} ---
10593 clone(child_stack=NULL, flags=CLONE_VM|CLONE_PIDFD|CLONE_VFORK|SIGCHLD <unfinished ...>
11026 execve("/opt/hostedtoolcache/go/1.27.1/arm64/pkg/tool/linux_arm64/asm", ["/opt/hostedtoolcache/go/1.27.1/a"..., "-p", "runtime", "-trimpath", "/tmp/go-build3805767581/b009=>", "-I", "/tmp/go-build3805767581/b009/", "-I", "/opt/hostedtoolcache/go/1.27.1/a"..., "-D", "GOOS_linux", "-D", "GOARCH_arm64", "-std", "-o", "/tmp/go-build3805767581/b009/sys"..., "/opt/hostedtoolcache/go/1.27.1/a"...], 0x6c9426c73b08 /* 140 vars */ <unfinished ...>
10593 <... clone resumed>, parent_tid=[12]) = 11026
11026 <... execve resumed>)             = 0
10593 waitid(P_PIDFD, 12,  <unfinished ...>
11026 clone(child_stack=0x449dda530000, flags=CLONE_VM|CLONE_FS|CLONE_FILES|CLONE_SIGHAND|CLONE_THREAD|CLONE_SYSVSEM) = 11027
11026 clone(child_stack=0x449dda568000, flags=CLONE_VM|CLONE_FS|CLONE_FILES|CLONE_SIGHAND|CLONE_THREAD|CLONE_SYSVSEM) = 11028
11027 tgkill(11026, 11026, SIGURG <unfinished ...>
11026 clone(child_stack=0x449dda564000, flags=CLONE_VM|CLONE_FS|CLONE_FILES|CLONE_SIGHAND|CLONE_THREAD|CLONE_SYSVSEM <unfinished ...>
11027 <... tgkill resumed>)             = 0
11026 <... clone resumed>)              = 11029
11026 --- SIGURG {si_signo=SIGURG, si_code=SI_TKILL, si_pid=11026, si_uid=1001} ---
11028 clone(child_stack=0x449dda598000, flags=CLONE_VM|CLONE_FS|CLONE_FILES|CLONE_SIGHAND|CLONE_THREAD|CLONE_SYSVSEM) = 11030
11026 exit_group(0)                     = ?
11027 +++ exited with 0 +++
11030 +++ exited with 0 +++
11029 +++ exited with 0 +++
11028 +++ exited with 0 +++
11026 +++ exited with 0 +++
10598 --- SIGCHLD {si_signo=SIGCHLD, si_code=CLD_EXITED, si_pid=11026, si_uid=1001, si_status=0, si_utime=0, si_stime=0} ---
10593 <... waitid resumed>{si_signo=SIGCHLD, si_code=CLD_EXITED, si_pid=11026, si_uid=1001, si_status=0, si_utime=0, si_stime=0}, WEXITED, {ru_utime={tv_sec=0, tv_usec=3619}, ru_stime={tv_sec=0, tv_usec=7238}, ...}) = 0
10598 clone(child_stack=NULL, flags=CLONE_VM|CLONE_PIDFD|CLONE_VFORK|SIGCHLD <unfinished ...>
11031 execve("/opt/hostedtoolcache/go/1.27.1/arm64/pkg/tool/linux_arm64/asm", ["/opt/hostedtoolcache/go/1.27.1/a"..., "-p", "runtime", "-trimpath", "/tmp/go-build3805767581/b009=>", "-I", "/tmp/go-build3805767581/b009/", "-I", "/opt/hostedtoolcache/go/1.27.1/a"..., "-D", "GOOS_linux", "-D", "GOARCH_arm64", "-std", "-o", "/tmp/go-build3805767581/b009/tls"..., "/opt/hostedtoolcache/go/1.27.1/a"...], 0x6c9426f00908 /* 140 vars */ <unfinished ...>
10598 <... clone resumed>, parent_tid=[12]) = 11031
11031 <... execve resumed>)             = 0
10598 waitid(P_PIDFD, 12,  <unfinished ...>
11031 clone(child_stack=0x208cbce26000, flags=CLONE_VM|CLONE_FS|CLONE_FILES|CLONE_SIGHAND|CLONE_THREAD|CLONE_SYSVSEM) = 11032
11031 clone(child_stack=0x208cbce5e000, flags=CLONE_VM|CLONE_FS|CLONE_FILES|CLONE_SIGHAND|CLONE_THREAD|CLONE_SYSVSEM) = 11033
11032 tgkill(11031, 11031, SIGURG)      = 0
11031 clone(child_stack=0x208cbce5a000, flags=CLONE_VM|CLONE_FS|CLONE_FILES|CLONE_SIGHAND|CLONE_THREAD|CLONE_SYSVSEM) = 11034
11031 --- SIGURG {si_signo=SIGURG, si_code=SI_TKILL, si_pid=11031, si_uid=1001} ---
11033 clone(child_stack=0x208cbce98000, flags=CLONE_VM|CLONE_FS|CLONE_FILES|CLONE_SIGHAND|CLONE_THREAD|CLONE_SYSVSEM) = 11035
11031 clone(child_stack=0x208cbce94000, flags=CLONE_VM|CLONE_FS|CLONE_FILES|CLONE_SIGHAND|CLONE_THREAD|CLONE_SYSVSEM) = 11036
11031 exit_group(0)                     = ?
11036 +++ exited with 0 +++
11035 +++ exited with 0 +++
11034 +++ exited with 0 +++
11033 +++ exited with 0 +++
11032 +++ exited with 0 +++
11031 +++ exited with 0 +++
10593 --- SIGCHLD {si_signo=SIGCHLD, si_code=CLD_EXITED, si_pid=11031, si_uid=1001, si_status=0, si_utime=0, si_stime=0} ---
10598 <... waitid resumed>{si_signo=SIGCHLD, si_code=CLD_EXITED, si_pid=11031, si_uid=1001, si_status=0, si_utime=0, si_stime=0}, WEXITED, {ru_utime={tv_sec=0, tv_usec=0}, ru_stime={tv_sec=0, tv_usec=9843}, ...}) = 0
10594 tgkill(10593, 10593, SIGURG)      = 0
10593 --- SIGURG {si_signo=SIGURG, si_code=SI_TKILL, si_pid=10593, si_uid=1001} ---
10594 tgkill(10593, 10593, SIGURG)      = 0
10593 --- SIGURG {si_signo=SIGURG, si_code=SI_TKILL, si_pid=10593, si_uid=1001} ---
10594 tgkill(10593, 10660, SIGURG)      = 0
10660 --- SIGURG {si_signo=SIGURG, si_code=SI_TKILL, si_pid=10593, si_uid=1001} ---
10594 tgkill(10593, 10593, SIGURG)      = 0
10593 --- SIGURG {si_signo=SIGURG, si_code=SI_TKILL, si_pid=10593, si_uid=1001} ---
10594 tgkill(10593, 10598, SIGURG)      = 0
10598 --- SIGURG {si_signo=SIGURG, si_code=SI_TKILL, si_pid=10593, si_uid=1001} ---
10594 tgkill(10593, 10598, SIGURG)      = 0
10598 --- SIGURG {si_signo=SIGURG, si_code=SI_TKILL, si_pid=10593, si_uid=1001} ---
10598 tgkill(10593, 10660, SIGURG)      = 0
10660 --- SIGURG {si_signo=SIGURG, si_code=SI_TKILL, si_pid=10593, si_uid=1001} ---
10599 tgkill(10593, 10593, SIGURG)      = 0
10593 --- SIGURG {si_signo=SIGURG, si_code=SI_TKILL, si_pid=10593, si_uid=1001} ---
10599 tgkill(10593, 10596, SIGURG)      = 0
10596 --- SIGURG {si_signo=SIGURG, si_code=SI_TKILL, si_pid=10593, si_uid=1001} ---
10599 tgkill(10593, 10598, SIGURG)      = 0
10598 --- SIGURG {si_signo=SIGURG, si_code=SI_TKILL, si_pid=10593, si_uid=1001} ---
10599 tgkill(10593, 10593, SIGURG)      = 0
10593 --- SIGURG {si_signo=SIGURG, si_code=SI_TKILL, si_pid=10593, si_uid=1001} ---
10599 tgkill(10593, 10596, SIGURG)      = 0
10596 --- SIGURG {si_signo=SIGURG, si_code=SI_TKILL, si_pid=10593, si_uid=1001} ---
10660 clone(child_stack=NULL, flags=CLONE_VM|CLONE_PIDFD|CLONE_VFORK|SIGCHLD <unfinished ...>
10596 clone(child_stack=NULL, flags=CLONE_VM|CLONE_PIDFD|CLONE_VFORK|SIGCHLD <unfinished ...>
11037 execve("/opt/hostedtoolcache/go/1.27.1/arm64/pkg/tool/linux_arm64/compile", ["/opt/hostedtoolcache/go/1.27.1/a"..., "-o", "/tmp/go-build3805767581/b039/_pk"..., "-trimpath", "/tmp/go-build3805767581/b039=>", "-p", "iter", "-lang=go1.27", "-std", "-complete", "-buildid", "DgyyIOKHmH8ZE3UWz1ON/DgyyIOKHmH8"..., "-goversion", "go1.27.1", "-c=4", "-nolocalimports", "-importcfg", "/tmp/go-build3805767581/b039/imp"..., "-pack", "/opt/hostedtoolcache/go/1.27.1/a"...], 0x6c9426c72008 /* 140 vars */ <unfinished ...>
10660 <... clone resumed>, parent_tid=[14]) = 11037
11037 <... execve resumed>)             = 0
11038 execve("/opt/hostedtoolcache/go/1.27.1/arm64/pkg/tool/linux_arm64/asm", ["/opt/hostedtoolcache/go/1.27.1/a"..., "-p", "internal/reflectlite", "-trimpath", "/tmp/go-build3805767581/b004=>", "-I", "/tmp/go-build3805767581/b004/", "-I", "/opt/hostedtoolcache/go/1.27.1/a"..., "-D", "GOOS_linux", "-D", "GOARCH_arm64", "-std", "-gensymabis", "-o", "/tmp/go-build3805767581/b004/sym"..., "/opt/hostedtoolcache/go/1.27.1/a"...], 0x6c9426f00908 /* 140 vars */ <unfinished ...>
10596 <... clone resumed>, parent_tid=[19]) = 11038
11038 <... execve resumed>)             = 0
10596 waitid(P_PIDFD, 19,  <unfinished ...>
10660 waitid(P_PIDFD, 14,  <unfinished ...>
10599 clone(child_stack=NULL, flags=CLONE_VM|CLONE_PIDFD|CLONE_VFORK|SIGCHLD <unfinished ...>
11039 execve("/opt/hostedtoolcache/go/1.27.1/arm64/pkg/tool/linux_arm64/compile", ["/opt/hostedtoolcache/go/1.27.1/a"..., "-o", "/tmp/go-build3805767581/b043/_pk"..., "-trimpath", "/tmp/go-build3805767581/b043=>", "-p", "sync", "-lang=go1.27", "-std", "-buildid", "tibdbErV-S0NeGN1bvWt/tibdbErV-S0"..., "-goversion", "go1.27.1", "-c=4", "-nolocalimports", "-importcfg", "/tmp/go-build3805767581/b043/imp"..., "-pack", "/opt/hostedtoolcache/go/1.27.1/a"..., "/opt/hostedtoolcache/go/1.27.1/a"..., "/opt/hostedtoolcache/go/1.27.1/a"..., "/opt/hostedtoolcache/go/1.27.1/a"..., "/opt/hostedtoolcache/go/1.27.1/a"..., "/opt/hostedtoolcache/go/1.27.1/a"..., "/opt/hostedtoolcache/go/1.27.1/a"..., "/opt/hostedtoolcache/go/1.27.1/a"..., "/opt/hostedtoolcache/go/1.27.1/a"..., "/opt/hostedtoolcache/go/1.27.1/a"..., "/opt/hostedtoolcache/go/1.27.1/a"...], 0x6c9426d32908 /* 140 vars */ <unfinished ...>
10599 <... clone resumed>, parent_tid=[13]) = 11039
11039 <... execve resumed>)             = 0
10599 waitid(P_PIDFD, 13,  <unfinished ...>
11037 clone(child_stack=0x289253be6000, flags=CLONE_VM|CLONE_FS|CLONE_FILES|CLONE_SIGHAND|CLONE_THREAD|CLONE_SYSVSEM) = 11040
11037 clone(child_stack=0x289253c20000, flags=CLONE_VM|CLONE_FS|CLONE_FILES|CLONE_SIGHAND|CLONE_THREAD|CLONE_SYSVSEM) = 11041
11040 tgkill(11037, 11037, SIGURG)      = 0
11037 clone(child_stack=0x289253c1c000, flags=CLONE_VM|CLONE_FS|CLONE_FILES|CLONE_SIGHAND|CLONE_THREAD|CLONE_SYSVSEM) = 11042
11037 --- SIGURG {si_signo=SIGURG, si_code=SI_TKILL, si_pid=11037, si_uid=1001} ---
11041 clone(child_stack=0x289253c40000, flags=CLONE_VM|CLONE_FS|CLONE_FILES|CLONE_SIGHAND|CLONE_THREAD|CLONE_SYSVSEM) = 11043
11038 clone(child_stack=0x1e30135aa000, flags=CLONE_VM|CLONE_FS|CLONE_FILES|CLONE_SIGHAND|CLONE_THREAD|CLONE_SYSVSEM) = 11044
11038 clone(child_stack=0x1e30135e2000, flags=CLONE_VM|CLONE_FS|CLONE_FILES|CLONE_SIGHAND|CLONE_THREAD|CLONE_SYSVSEM) = 11045
11044 tgkill(11038, 11038, SIGURG)      = 0
11038 --- SIGURG {si_signo=SIGURG, si_code=SI_TKILL, si_pid=11038, si_uid=1001} ---
11038 clone(child_stack=0x1e30135de000, flags=CLONE_VM|CLONE_FS|CLONE_FILES|CLONE_SIGHAND|CLONE_THREAD|CLONE_SYSVSEM <unfinished ...>
11045 clone(child_stack=0x1e3013618000, flags=CLONE_VM|CLONE_FS|CLONE_FILES|CLONE_SIGHAND|CLONE_THREAD|CLONE_SYSVSEM <unfinished ...>
11038 <... clone resumed>)              = 11046
11045 <... clone resumed>)              = 11047
11039 clone(child_stack=0x2b5de2ad0000, flags=CLONE_VM|CLONE_FS|CLONE_FILES|CLONE_SIGHAND|CLONE_THREAD|CLONE_SYSVSEM) = 11048
11039 clone(child_stack=0x2b5de2b08000, flags=CLONE_VM|CLONE_FS|CLONE_FILES|CLONE_SIGHAND|CLONE_THREAD|CLONE_SYSVSEM <unfinished ...>
11048 tgkill(11039, 11039, SIGURG)      = 0
11039 <... clone resumed>)              = 11049
11039 --- SIGURG {si_signo=SIGURG, si_code=SI_TKILL, si_pid=11039, si_uid=1001} ---
11048 tgkill(11039, 11039, SIGURG)      = 0
11039 clone(child_stack=0x2b5de2b04000, flags=CLONE_VM|CLONE_FS|CLONE_FILES|CLONE_SIGHAND|CLONE_THREAD|CLONE_SYSVSEM) = 11050
11039 --- SIGURG {si_signo=SIGURG, si_code=SI_TKILL, si_pid=11039, si_uid=1001} ---
11049 clone(child_stack=0x2b5de2b98000, flags=CLONE_VM|CLONE_FS|CLONE_FILES|CLONE_SIGHAND|CLONE_THREAD|CLONE_SYSVSEM) = 11051
11038 exit_group(0)                     = ?
11044 +++ exited with 0 +++
11047 +++ exited with 0 +++
11045 +++ exited with 0 +++
11051 clone(child_stack=0x2b5de2b94000, flags=CLONE_VM|CLONE_FS|CLONE_FILES|CLONE_SIGHAND|CLONE_THREAD|CLONE_SYSVSEM <unfinished ...>
11046 +++ exited with 0 +++
11038 +++ exited with 0 +++
10598 --- SIGCHLD {si_signo=SIGCHLD, si_code=CLD_EXITED, si_pid=11038, si_uid=1001, si_status=0, si_utime=0, si_stime=0} ---
10596 <... waitid resumed>{si_signo=SIGCHLD, si_code=CLD_EXITED, si_pid=11038, si_uid=1001, si_status=0, si_utime=0, si_stime=0}, WEXITED, {ru_utime={tv_sec=0, tv_usec=0}, ru_stime={tv_sec=0, tv_usec=5375}, ...}) = 0
11051 <... clone resumed>)              = 11052
10598 clone(child_stack=NULL, flags=CLONE_VM|CLONE_PIDFD|CLONE_VFORK|SIGCHLD <unfinished ...>
11053 execve("/opt/hostedtoolcache/go/1.27.1/arm64/pkg/tool/linux_arm64/compile", ["/opt/hostedtoolcache/go/1.27.1/a"..., "-o", "/tmp/go-build3805767581/b004/_pk"..., "-trimpath", "/tmp/go-build3805767581/b004=>", "-p", "internal/reflectlite", "-lang=go1.27", "-std", "-buildid", "kVUm_RCEslAPuimKqqBo/kVUm_RCEslA"..., "-goversion", "go1.27.1", "-symabis", "/tmp/go-build3805767581/b004/sym"..., "-c=4", "-nolocalimports", "-importcfg", "/tmp/go-build3805767581/b004/imp"..., "-pack", "-asmhdr", "/tmp/go-build3805767581/b004/go_"..., "/opt/hostedtoolcache/go/1.27.1/a"..., "/opt/hostedtoolcache/go/1.27.1/a"..., "/opt/hostedtoolcache/go/1.27.1/a"...], 0x6c9426c42d88 /* 140 vars */ <unfinished ...>
10598 <... clone resumed>, parent_tid=[16]) = 11053
11053 <... execve resumed>)             = 0
10598 waitid(P_PIDFD, 16,  <unfinished ...>
11040 tgkill(11037, 11037, SIGURG)      = 0
11037 --- SIGURG {si_signo=SIGURG, si_code=SI_TKILL, si_pid=11037, si_uid=1001} ---
11041 exit_group(0)                     = ?
11043 +++ exited with 0 +++
11042 +++ exited with 0 +++
11040 +++ exited with 0 +++
11053 clone(child_stack=0x1b476f866000, flags=CLONE_VM|CLONE_FS|CLONE_FILES|CLONE_SIGHAND|CLONE_THREAD|CLONE_SYSVSEM) = 11054
11041 +++ exited with 0 +++
11053 clone(child_stack=0x1b476f8a0000, flags=CLONE_VM|CLONE_FS|CLONE_FILES|CLONE_SIGHAND|CLONE_THREAD|CLONE_SYSVSEM <unfinished ...>
11037 +++ exited with 0 +++
10660 <... waitid resumed>{si_signo=SIGCHLD, si_code=CLD_EXITED, si_pid=11037, si_uid=1001, si_status=0, si_utime=0, si_stime=0}, WEXITED, {ru_utime={tv_sec=0, tv_usec=7498}, ru_stime={tv_sec=0, tv_usec=7498}, ...}) = 0
10596 --- SIGCHLD {si_signo=SIGCHLD, si_code=CLD_EXITED, si_pid=11037, si_uid=1001, si_status=0, si_utime=0, si_stime=0} ---
11053 <... clone resumed>)              = 11055
11054 tgkill(11053, 11053, SIGURG <unfinished ...>
11053 clone(child_stack=0x1b476f89c000, flags=CLONE_VM|CLONE_FS|CLONE_FILES|CLONE_SIGHAND|CLONE_THREAD|CLONE_SYSVSEM <unfinished ...>
11054 <... tgkill resumed>)             = 0
11053 <... clone resumed>)              = 11056
11053 --- SIGURG {si_signo=SIGURG, si_code=SI_TKILL, si_pid=11053, si_uid=1001} ---
11055 clone(child_stack=0x1b476f8c0000, flags=CLONE_VM|CLONE_FS|CLONE_FILES|CLONE_SIGHAND|CLONE_THREAD|CLONE_SYSVSEM) = 11057
11055 clone(child_stack=0x1b476f8bc000, flags=CLONE_VM|CLONE_FS|CLONE_FILES|CLONE_SIGHAND|CLONE_THREAD|CLONE_SYSVSEM) = 11058
11048 tgkill(11039, 11039, SIGURG)      = 0
11039 --- SIGURG {si_signo=SIGURG, si_code=SI_TKILL, si_pid=11039, si_uid=1001} ---
10596 clone(child_stack=NULL, flags=CLONE_VM|CLONE_PIDFD|CLONE_VFORK|SIGCHLD <unfinished ...>
11059 execve("/opt/hostedtoolcache/go/1.27.1/arm64/pkg/tool/linux_arm64/compile", ["/opt/hostedtoolcache/go/1.27.1/a"..., "-o", "/tmp/go-build3805767581/b048/_pk"..., "-trimpath", "/tmp/go-build3805767581/b048=>", "-p", "slices", "-lang=go1.27", "-std", "-complete", "-buildid", "xv4P1bxveEn0ulXBTz8R/xv4P1bxveEn"..., "-goversion", "go1.27.1", "-c=4", "-nolocalimports", "-importcfg", "/tmp/go-build3805767581/b048/imp"..., "-pack", "/opt/hostedtoolcache/go/1.27.1/a"..., "/opt/hostedtoolcache/go/1.27.1/a"..., "/opt/hostedtoolcache/go/1.27.1/a"..., "/opt/hostedtoolcache/go/1.27.1/a"..., "/opt/hostedtoolcache/go/1.27.1/a"...], 0x6c9426c72908 /* 140 vars */ <unfinished ...>
10596 <... clone resumed>, parent_tid=[15]) = 11059
11059 <... execve resumed>)             = 0
10596 waitid(P_PIDFD, 15,  <unfinished ...>
11054 tgkill(11053, 11055, SIGURG)      = 0
11055 --- SIGURG {si_signo=SIGURG, si_code=SI_TKILL, si_pid=11053, si_uid=1001} ---
11059 clone(child_stack=0x28f27383e000, flags=CLONE_VM|CLONE_FS|CLONE_FILES|CLONE_SIGHAND|CLONE_THREAD|CLONE_SYSVSEM) = 11060
11059 clone(child_stack=0x28f273876000, flags=CLONE_VM|CLONE_FS|CLONE_FILES|CLONE_SIGHAND|CLONE_THREAD|CLONE_SYSVSEM) = 11061
11060 tgkill(11059, 11059, SIGURG)      = 0
11059 --- SIGURG {si_signo=SIGURG, si_code=SI_TKILL, si_pid=11059, si_uid=1001} ---
11059 clone(child_stack=0x28f273872000, flags=CLONE_VM|CLONE_FS|CLONE_FILES|CLONE_SIGHAND|CLONE_THREAD|CLONE_SYSVSEM) = 11062
11061 clone(child_stack=0x28f273918000, flags=CLONE_VM|CLONE_FS|CLONE_FILES|CLONE_SIGHAND|CLONE_THREAD|CLONE_SYSVSEM) = 11063
11059 clone(child_stack=0x28f273914000, flags=CLONE_VM|CLONE_FS|CLONE_FILES|CLONE_SIGHAND|CLONE_THREAD|CLONE_SYSVSEM) = 11064
11048 tgkill(11039, 11051, SIGURG)      = 0
11051 --- SIGURG {si_signo=SIGURG, si_code=SI_TKILL, si_pid=11039, si_uid=1001} ---
11060 tgkill(11059, 11064, SIGURG)      = 0
11064 --- SIGURG {si_signo=SIGURG, si_code=SI_TKILL, si_pid=11059, si_uid=1001} ---
11054 tgkill(11053, 11055, SIGURG)      = 0
11055 --- SIGURG {si_signo=SIGURG, si_code=SI_TKILL, si_pid=11053, si_uid=1001} ---
11061 exit_group(0)                     = ?
11064 +++ exited with 0 +++
11063 +++ exited with 0 +++
11060 +++ exited with 0 +++
11062 +++ exited with 0 +++
11061 +++ exited with 0 +++
11059 +++ exited with 0 +++
10596 <... waitid resumed>{si_signo=SIGCHLD, si_code=CLD_EXITED, si_pid=11059, si_uid=1001, si_status=0, si_utime=0, si_stime=0}, WEXITED, {ru_utime={tv_sec=0, tv_usec=13139}, ru_stime={tv_sec=0, tv_usec=10107}, ...}) = 0
10596 --- SIGCHLD {si_signo=SIGCHLD, si_code=CLD_EXITED, si_pid=11059, si_uid=1001, si_status=0, si_utime=1 /* 0.01 s */, si_stime=1 /* 0.01 s */} ---
11048 tgkill(11039, 11052, SIGURG)      = 0
11052 --- SIGURG {si_signo=SIGURG, si_code=SI_TKILL, si_pid=11039, si_uid=1001} ---
11048 tgkill(11039, 11049, SIGURG)      = 0
11049 --- SIGURG {si_signo=SIGURG, si_code=SI_TKILL, si_pid=11039, si_uid=1001} ---
11048 tgkill(11039, 11039, SIGURG)      = 0
11048 tgkill(11039, 11051, SIGURG)      = 0
11051 --- SIGURG {si_signo=SIGURG, si_code=SI_TKILL, si_pid=11039, si_uid=1001} ---
11039 --- SIGURG {si_signo=SIGURG, si_code=SI_TKILL, si_pid=11039, si_uid=1001} ---
11054 tgkill(11053, 11058, SIGURG)      = 0
11058 --- SIGURG {si_signo=SIGURG, si_code=SI_TKILL, si_pid=11053, si_uid=1001} ---
11054 tgkill(11053, 11053, SIGURG)      = 0
11048 tgkill(11039, 11049, SIGURG <unfinished ...>
11049 --- SIGURG {si_signo=SIGURG, si_code=SI_TKILL, si_pid=11039, si_uid=1001} ---
11048 <... tgkill resumed>)             = 0
11054 tgkill(11053, 11055, SIGURG)      = 0
11054 tgkill(11053, 11057, SIGURG <unfinished ...>
11057 --- SIGURG {si_signo=SIGURG, si_code=SI_TKILL, si_pid=11053, si_uid=1001} ---
11054 <... tgkill resumed>)             = 0
11053 --- SIGURG {si_signo=SIGURG, si_code=SI_TKILL, si_pid=11053, si_uid=1001} ---
11055 --- SIGURG {si_signo=SIGURG, si_code=SI_TKILL, si_pid=11053, si_uid=1001} ---
11055 exit_group(0)                     = ?
11058 +++ exited with 0 +++
11057 +++ exited with 0 +++
11056 +++ exited with 0 +++
11055 +++ exited with 0 +++
11054 +++ exited with 0 +++
11048 tgkill(11039, 11039, SIGURG)      = 0
11039 --- SIGURG {si_signo=SIGURG, si_code=SI_TKILL, si_pid=11039, si_uid=1001} ---
11053 +++ exited with 0 +++
10598 <... waitid resumed>{si_signo=SIGCHLD, si_code=CLD_EXITED, si_pid=11053, si_uid=1001, si_status=0, si_utime=0, si_stime=0}, WEXITED, {ru_utime={tv_sec=0, tv_usec=98493}, ru_stime={tv_sec=0, tv_usec=22571}, ...}) = 0
10596 --- SIGCHLD {si_signo=SIGCHLD, si_code=CLD_EXITED, si_pid=11053, si_uid=1001, si_status=0, si_utime=9 /* 0.09 s */, si_stime=2 /* 0.02 s */} ---
10596 clone(child_stack=NULL, flags=CLONE_VM|CLONE_PIDFD|CLONE_VFORK|SIGCHLD <unfinished ...>
11065 execve("/opt/hostedtoolcache/go/1.27.1/arm64/pkg/tool/linux_arm64/asm", ["/opt/hostedtoolcache/go/1.27.1/a"..., "-p", "internal/reflectlite", "-trimpath", "/tmp/go-build3805767581/b004=>", "-I", "/tmp/go-build3805767581/b004/", "-I", "/opt/hostedtoolcache/go/1.27.1/a"..., "-D", "GOOS_linux", "-D", "GOARCH_arm64", "-std", "-o", "/tmp/go-build3805767581/b004/asm"..., "/opt/hostedtoolcache/go/1.27.1/a"...], 0x6c9426c43688 /* 140 vars */ <unfinished ...>
10596 <... clone resumed>, parent_tid=[14]) = 11065
11065 <... execve resumed>)             = 0
10596 waitid(P_PIDFD, 14,  <unfinished ...>
11052 exit_group(0)                     = ?
11052 +++ exited with 0 +++
11051 +++ exited with 0 +++
11050 +++ exited with 0 +++
11049 +++ exited with 0 +++
11048 +++ exited with 0 +++
11065 clone(child_stack=0xbcab5558000, flags=CLONE_VM|CLONE_FS|CLONE_FILES|CLONE_SIGHAND|CLONE_THREAD|CLONE_SYSVSEM) = 11066
11065 clone(child_stack=0xbcab5590000, flags=CLONE_VM|CLONE_FS|CLONE_FILES|CLONE_SIGHAND|CLONE_THREAD|CLONE_SYSVSEM <unfinished ...>
11039 +++ exited with 0 +++
11065 <... clone resumed>)              = 11067
10599 <... waitid resumed>{si_signo=SIGCHLD, si_code=CLD_EXITED, si_pid=11039, si_uid=1001, si_status=0, si_utime=0, si_stime=0}, WEXITED, {ru_utime={tv_sec=0, tv_usec=126458}, ru_stime={tv_sec=0, tv_usec=20910}, ...}) = 0
10598 --- SIGCHLD {si_signo=SIGCHLD, si_code=CLD_EXITED, si_pid=11039, si_uid=1001, si_status=0, si_utime=12 /* 0.12 s */, si_stime=2 /* 0.02 s */} ---
11066 tgkill(11065, 11065, SIGURG)      = 0
11065 clone(child_stack=0xbcab558c000, flags=CLONE_VM|CLONE_FS|CLONE_FILES|CLONE_SIGHAND|CLONE_THREAD|CLONE_SYSVSEM) = 11068
11065 --- SIGURG {si_signo=SIGURG, si_code=SI_TKILL, si_pid=11065, si_uid=1001} ---
11067 clone(child_stack=0xbcab5618000, flags=CLONE_VM|CLONE_FS|CLONE_FILES|CLONE_SIGHAND|CLONE_THREAD|CLONE_SYSVSEM) = 11069
11065 exit_group(0)                     = ?
11069 +++ exited with 0 +++
11068 +++ exited with 0 +++
11067 +++ exited with 0 +++
11066 +++ exited with 0 +++
11065 +++ exited with 0 +++
10598 --- SIGCHLD {si_signo=SIGCHLD, si_code=CLD_EXITED, si_pid=11065, si_uid=1001, si_status=0, si_utime=0, si_stime=0} ---
10596 <... waitid resumed>{si_signo=SIGCHLD, si_code=CLD_EXITED, si_pid=11065, si_uid=1001, si_status=0, si_utime=0, si_stime=0}, WEXITED, {ru_utime={tv_sec=0, tv_usec=0}, ru_stime={tv_sec=0, tv_usec=6021}, ...}) = 0
10660 tgkill(10593, 10598, SIGURG)      = 0
10598 --- SIGURG {si_signo=SIGURG, si_code=SI_TKILL, si_pid=10593, si_uid=1001} ---
10660 tgkill(10593, 10599, SIGURG)      = 0
10599 --- SIGURG {si_signo=SIGURG, si_code=SI_TKILL, si_pid=10593, si_uid=1001} ---
10598 clone(child_stack=NULL, flags=CLONE_VM|CLONE_PIDFD|CLONE_VFORK|SIGCHLD <unfinished ...>
10599 tgkill(10593, 10598, SIGURG)      = 0
10599 tgkill(10593, 10660, SIGURG)      = 0
10660 --- SIGURG {si_signo=SIGURG, si_code=SI_TKILL, si_pid=10593, si_uid=1001} ---
10599 tgkill(10593, 10596, SIGURG)      = 0
10596 --- SIGURG {si_signo=SIGURG, si_code=SI_TKILL, si_pid=10593, si_uid=1001} ---
10660 clone(child_stack=NULL, flags=CLONE_VM|CLONE_PIDFD|CLONE_VFORK|SIGCHLD <unfinished ...>
10599 tgkill(10593, 10660, SIGURG)      = 0
11070 execve("/opt/hostedtoolcache/go/1.27.1/arm64/pkg/tool/linux_arm64/compile", ["/opt/hostedtoolcache/go/1.27.1/a"..., "-o", "/tmp/go-build3805767581/b060/_pk"..., "-trimpath", "/tmp/go-build3805767581/b060=>", "-p", "internal/testlog", "-lang=go1.27", "-std", "-complete", "-buildid", "My4uYhanPKvKwpRUWpH7/My4uYhanPKv"..., "-goversion", "go1.27.1", "-c=4", "-nolocalimports", "-importcfg", "/tmp/go-build3805767581/b060/imp"..., "-pack", "/opt/hostedtoolcache/go/1.27.1/a"..., "/opt/hostedtoolcache/go/1.27.1/a"...], 0x6c9426d32d88 /* 140 vars */ <unfinished ...>
10598 <... clone resumed>, parent_tid=[17]) = 11070
11070 <... execve resumed>)             = 0
10598 --- SIGURG {si_signo=SIGURG, si_code=SI_TKILL, si_pid=10593, si_uid=1001} ---
10599 tgkill(10593, 10596, SIGURG)      = 0
10596 --- SIGURG {si_signo=SIGURG, si_code=SI_TKILL, si_pid=10593, si_uid=1001} ---
11071 execve("/opt/hostedtoolcache/go/1.27.1/arm64/pkg/tool/linux_arm64/compile", ["/opt/hostedtoolcache/go/1.27.1/a"..., "-o", "/tmp/go-build3805767581/b067/_pk"..., "-trimpath", "/tmp/go-build3805767581/b067=>", "-p", "internal/bisect", "-lang=go1.27", "-std", "-complete", "-buildid", "ku8fypSFdx02E07a4rd-/ku8fypSFdx0"..., "-goversion", "go1.27.1", "-c=4", "-nolocalimports", "-importcfg", "/tmp/go-build3805767581/b067/imp"..., "-pack", "/opt/hostedtoolcache/go/1.27.1/a"...], 0x6c9426f00d88 /* 140 vars */ <unfinished ...>
10660 <... clone resumed>, parent_tid=[18]) = 11071
10660 --- SIGURG {si_signo=SIGURG, si_code=SI_TKILL, si_pid=10593, si_uid=1001} ---
11071 <... execve resumed>)             = 0
10599 tgkill(10593, 10596, SIGURG)      = 0
10596 --- SIGURG {si_signo=SIGURG, si_code=SI_TKILL, si_pid=10593, si_uid=1001} ---
10599 tgkill(10593, 10660, SIGURG)      = 0
10660 --- SIGURG {si_signo=SIGURG, si_code=SI_TKILL, si_pid=10593, si_uid=1001} ---
10598 waitid(P_PIDFD, 17,  <unfinished ...>
10596 waitid(P_PIDFD, 18,  <unfinished ...>
10660 clone(child_stack=NULL, flags=CLONE_VM|CLONE_PIDFD|CLONE_VFORK|SIGCHLD <unfinished ...>
10599 clone(child_stack=NULL, flags=CLONE_VM|CLONE_PIDFD|CLONE_VFORK|SIGCHLD <unfinished ...>
11072 execve("/opt/hostedtoolcache/go/1.27.1/arm64/pkg/tool/linux_arm64/compile", ["/opt/hostedtoolcache/go/1.27.1/a"..., "-o", "/tmp/go-build3805767581/b003/_pk"..., "-trimpath", "/tmp/go-build3805767581/b003=>", "-p", "errors", "-lang=go1.27", "-std", "-complete", "-buildid", "f1_hzBZfxMizDR-k9vV5/f1_hzBZfxMi"..., "-goversion", "go1.27.1", "-c=4", "-nolocalimports", "-importcfg", "/tmp/go-build3805767581/b003/imp"..., "-pack", "/opt/hostedtoolcache/go/1.27.1/a"..., "/opt/hostedtoolcache/go/1.27.1/a"..., "/opt/hostedtoolcache/go/1.27.1/a"...], 0x6c9426c42d88 /* 140 vars */ <unfinished ...>
11073 execve("/opt/hostedtoolcache/go/1.27.1/arm64/pkg/tool/linux_arm64/compile", ["/opt/hostedtoolcache/go/1.27.1/a"..., "-o", "/tmp/go-build3805767581/b072/_pk"..., "-trimpath", "/tmp/go-build3805767581/b072=>", "-p", "sort", "-lang=go1.27", "-std", "-complete", "-buildid", "2TLhRIbnJYjcFdkLaMp8/2TLhRIbnJYj"..., "-goversion", "go1.27.1", "-c=4", "-nolocalimports", "-importcfg", "/tmp/go-build3805767581/b072/imp"..., "-pack", "/opt/hostedtoolcache/go/1.27.1/a"..., "/opt/hostedtoolcache/go/1.27.1/a"..., "/opt/hostedtoolcache/go/1.27.1/a"..., "/opt/hostedtoolcache/go/1.27.1/a"..., "/opt/hostedtoolcache/go/1.27.1/a"...], 0x6c9426c72008 /* 140 vars */ <unfinished ...>
10660 <... clone resumed>, parent_tid=[19]) = 11072
11072 <... execve resumed>)             = 0
10599 <... clone resumed>, parent_tid=[22]) = 11073
11073 <... execve resumed>)             = 0
10660 waitid(P_PIDFD, 19,  <unfinished ...>
10599 waitid(P_PIDFD, 22,  <unfinished ...>
11070 clone(child_stack=0x3d1407efe000, flags=CLONE_VM|CLONE_FS|CLONE_FILES|CLONE_SIGHAND|CLONE_THREAD|CLONE_SYSVSEM) = 11074
11070 clone(child_stack=0x3d1407f36000, flags=CLONE_VM|CLONE_FS|CLONE_FILES|CLONE_SIGHAND|CLONE_THREAD|CLONE_SYSVSEM) = 11075
11070 clone(child_stack=0x3d1407f32000, flags=CLONE_VM|CLONE_FS|CLONE_FILES|CLONE_SIGHAND|CLONE_THREAD|CLONE_SYSVSEM) = 11076
11075 clone(child_stack=0x3d1407f98000, flags=CLONE_VM|CLONE_FS|CLONE_FILES|CLONE_SIGHAND|CLONE_THREAD|CLONE_SYSVSEM) = 11077
11071 clone(child_stack=0xe449a070000, flags=CLONE_VM|CLONE_FS|CLONE_FILES|CLONE_SIGHAND|CLONE_THREAD|CLONE_SYSVSEM) = 11078
11071 clone(child_stack=0xe449a0a8000, flags=CLONE_VM|CLONE_FS|CLONE_FILES|CLONE_SIGHAND|CLONE_THREAD|CLONE_SYSVSEM) = 11079
11078 tgkill(11071, 11071, SIGURG)      = 0
11071 --- SIGURG {si_signo=SIGURG, si_code=SI_TKILL, si_pid=11071, si_uid=1001} ---
11078 tgkill(11071, 11071, SIGURG)      = 0
11071 clone(child_stack=0xe449a0a4000, flags=CLONE_VM|CLONE_FS|CLONE_FILES|CLONE_SIGHAND|CLONE_THREAD|CLONE_SYSVSEM) = 11080
11071 --- SIGURG {si_signo=SIGURG, si_code=SI_TKILL, si_pid=11071, si_uid=1001} ---
11079 clone(child_stack=0xe449a118000, flags=CLONE_VM|CLONE_FS|CLONE_FILES|CLONE_SIGHAND|CLONE_THREAD|CLONE_SYSVSEM) = 11081
11073 clone(child_stack=0x9608cce0000, flags=CLONE_VM|CLONE_FS|CLONE_FILES|CLONE_SIGHAND|CLONE_THREAD|CLONE_SYSVSEM) = 11082
11073 clone(child_stack=0x9608cd18000, flags=CLONE_VM|CLONE_FS|CLONE_FILES|CLONE_SIGHAND|CLONE_THREAD|CLONE_SYSVSEM) = 11083
11082 tgkill(11073, 11073, SIGURG)      = 0
11073 --- SIGURG {si_signo=SIGURG, si_code=SI_TKILL, si_pid=11073, si_uid=1001} ---
11073 clone(child_stack=0x9608cd14000, flags=CLONE_VM|CLONE_FS|CLONE_FILES|CLONE_SIGHAND|CLONE_THREAD|CLONE_SYSVSEM <unfinished ...>
11072 clone(child_stack=0x37967845c000, flags=CLONE_VM|CLONE_FS|CLONE_FILES|CLONE_SIGHAND|CLONE_THREAD|CLONE_SYSVSEM <unfinished ...>
11073 <... clone resumed>)              = 11084
11072 <... clone resumed>)              = 11085
11083 clone(child_stack=0x9608cd98000, flags=CLONE_VM|CLONE_FS|CLONE_FILES|CLONE_SIGHAND|CLONE_THREAD|CLONE_SYSVSEM) = 11086
11085 tgkill(11072, 11072, SIGURG)      = 0
11072 clone(child_stack=0x379678498000, flags=CLONE_VM|CLONE_FS|CLONE_FILES|CLONE_SIGHAND|CLONE_THREAD|CLONE_SYSVSEM) = 11087
11072 --- SIGURG {si_signo=SIGURG, si_code=SI_TKILL, si_pid=11072, si_uid=1001} ---
11085 tgkill(11072, 11072, SIGURG)      = 0
11072 clone(child_stack=0x379678494000, flags=CLONE_VM|CLONE_FS|CLONE_FILES|CLONE_SIGHAND|CLONE_THREAD|CLONE_SYSVSEM <unfinished ...>
11087 clone(child_stack=0x3796784b0000, flags=CLONE_VM|CLONE_FS|CLONE_FILES|CLONE_SIGHAND|CLONE_THREAD|CLONE_SYSVSEM <unfinished ...>
11072 <... clone resumed>)              = 11088
11087 <... clone resumed>)              = 11089
11072 --- SIGURG {si_signo=SIGURG, si_code=SI_TKILL, si_pid=11072, si_uid=1001} ---
11084 clone(child_stack=0x9608cd94000, flags=CLONE_VM|CLONE_FS|CLONE_FILES|CLONE_SIGHAND|CLONE_THREAD|CLONE_SYSVSEM) = 11090
11078 tgkill(11071, 11071, SIGURG)      = 0
11071 --- SIGURG {si_signo=SIGURG, si_code=SI_TKILL, si_pid=11071, si_uid=1001} ---
11075 exit_group(0)                     = ?
11076 +++ exited with 0 +++
11074 +++ exited with 0 +++
11077 +++ exited with 0 +++
11075 +++ exited with 0 +++
11070 +++ exited with 0 +++
10600 --- SIGCHLD {si_signo=SIGCHLD, si_code=CLD_EXITED, si_pid=11070, si_uid=1001, si_status=0, si_utime=1 /* 0.01 s */, si_stime=1 /* 0.01 s */} ---
10598 <... waitid resumed>{si_signo=SIGCHLD, si_code=CLD_EXITED, si_pid=11070, si_uid=1001, si_status=0, si_utime=0, si_stime=0}, WEXITED, {ru_utime={tv_sec=0, tv_usec=11635}, ru_stime={tv_sec=0, tv_usec=11635}, ...}) = 0
11082 tgkill(11073, 11083, SIGURG <unfinished ...>
11083 --- SIGURG {si_signo=SIGURG, si_code=SI_TKILL, si_pid=11073, si_uid=1001} ---
11082 <... tgkill resumed>)             = 0
11085 tgkill(11072, 11088, SIGURG)      = 0
11088 --- SIGURG {si_signo=SIGURG, si_code=SI_TKILL, si_pid=11072, si_uid=1001} ---
11078 tgkill(11071, 11080, SIGURG)      = 0
11080 --- SIGURG {si_signo=SIGURG, si_code=SI_TKILL, si_pid=11071, si_uid=1001} ---
11078 tgkill(11071, 11079, SIGURG)      = 0
11079 --- SIGURG {si_signo=SIGURG, si_code=SI_TKILL, si_pid=11071, si_uid=1001} ---
11078 tgkill(11071, 11081, SIGURG)      = 0
11081 --- SIGURG {si_signo=SIGURG, si_code=SI_TKILL, si_pid=11071, si_uid=1001} ---
11078 tgkill(11071, 11071, SIGURG)      = 0
11071 --- SIGURG {si_signo=SIGURG, si_code=SI_TKILL, si_pid=11071, si_uid=1001} ---
11085 tgkill(11072, 11089, SIGURG)      = 0
11089 --- SIGURG {si_signo=SIGURG, si_code=SI_TKILL, si_pid=11072, si_uid=1001} ---
11082 tgkill(11073, 11083, SIGURG <unfinished ...>
11083 --- SIGURG {si_signo=SIGURG, si_code=SI_TKILL, si_pid=11073, si_uid=1001} ---
11082 <... tgkill resumed>)             = 0
11089 exit_group(0)                     = ?
11087 +++ exited with 0 +++
11088 +++ exited with 0 +++
11089 +++ exited with 0 +++
11085 +++ exited with 0 +++
11072 +++ exited with 0 +++
10660 <... waitid resumed>{si_signo=SIGCHLD, si_code=CLD_EXITED, si_pid=11072, si_uid=1001, si_status=0, si_utime=0, si_stime=0}, WEXITED, {ru_utime={tv_sec=0, tv_usec=22488}, ru_stime={tv_sec=0, tv_usec=8995}, ...}) = 0
10600 --- SIGCHLD {si_signo=SIGCHLD, si_code=CLD_EXITED, si_pid=11072, si_uid=1001, si_status=0, si_utime=2 /* 0.02 s */, si_stime=0} ---
10594 tgkill(10593, 10660, SIGURG)      = 0
10660 --- SIGURG {si_signo=SIGURG, si_code=SI_TKILL, si_pid=10593, si_uid=1001} ---
11078 tgkill(11071, 11080, SIGURG)      = 0
11080 --- SIGURG {si_signo=SIGURG, si_code=SI_TKILL, si_pid=11071, si_uid=1001} ---
11080 exit_group(0)                     = ?
11081 +++ exited with 0 +++
11080 +++ exited with 0 +++
11079 +++ exited with 0 +++
11078 +++ exited with 0 +++
11071 +++ exited with 0 +++
10596 <... waitid resumed>{si_signo=SIGCHLD, si_code=CLD_EXITED, si_pid=11071, si_uid=1001, si_status=0, si_utime=0, si_stime=0}, WEXITED, {ru_utime={tv_sec=0, tv_usec=41494}, ru_stime={tv_sec=0, tv_usec=14819}, ...}) = 0
10598 --- SIGCHLD {si_signo=SIGCHLD, si_code=CLD_EXITED, si_pid=11071, si_uid=1001, si_status=0, si_utime=4 /* 0.04 s */, si_stime=1 /* 0.01 s */} ---
11082 tgkill(11073, 11073, SIGURG)      = 0
11073 --- SIGURG {si_signo=SIGURG, si_code=SI_TKILL, si_pid=11073, si_uid=1001} ---
11082 tgkill(11073, 11090, SIGURG <unfinished ...>
11090 --- SIGURG {si_signo=SIGURG, si_code=SI_TKILL, si_pid=11073, si_uid=1001} ---
11082 <... tgkill resumed>)             = 0
11082 tgkill(11073, 11084, SIGURG)      = 0
11084 --- SIGURG {si_signo=SIGURG, si_code=SI_TKILL, si_pid=11073, si_uid=1001} ---
11082 tgkill(11073, 11083, SIGURG <unfinished ...>
11083 --- SIGURG {si_signo=SIGURG, si_code=SI_TKILL, si_pid=11073, si_uid=1001} ---
11082 <... tgkill resumed>)             = 0
10594 tgkill(10593, 10598, SIGURG)      = 0
10598 --- SIGURG {si_signo=SIGURG, si_code=SI_TKILL, si_pid=10593, si_uid=1001} ---
10594 tgkill(10593, 10598, SIGURG)      = 0
10598 --- SIGURG {si_signo=SIGURG, si_code=SI_TKILL, si_pid=10593, si_uid=1001} ---
10594 tgkill(10593, 10596, SIGURG)      = 0
10660 clone(child_stack=NULL, flags=CLONE_VM|CLONE_PIDFD|CLONE_VFORK|SIGCHLD <unfinished ...>
10596 --- SIGURG {si_signo=SIGURG, si_code=SI_TKILL, si_pid=10593, si_uid=1001} ---
10594 tgkill(10593, 10660, SIGURG)      = 0
11091 execve("/opt/hostedtoolcache/go/1.27.1/arm64/pkg/tool/linux_arm64/compile", ["/opt/hostedtoolcache/go/1.27.1/a"..., "-o", "/tmp/go-build3805767581/b049/_pk"..., "-trimpath", "/tmp/go-build3805767581/b049=>", "-p", "io", "-lang=go1.27", "-std", "-complete", "-buildid", "vb-tkFhHqbw1WJG6-7qe/vb-tkFhHqbw"..., "-goversion", "go1.27.1", "-c=4", "-nolocalimports", "-importcfg", "/tmp/go-build3805767581/b049/imp"..., "-pack", "/opt/hostedtoolcache/go/1.27.1/a"..., "/opt/hostedtoolcache/go/1.27.1/a"..., "/opt/hostedtoolcache/go/1.27.1/a"...], 0x6c9426c43688 /* 140 vars */ <unfinished ...>
10593 clone(child_stack=NULL, flags=CLONE_VM|CLONE_PIDFD|CLONE_VFORK|SIGCHLD <unfinished ...>
10660 <... clone resumed>, parent_tid=[16]) = 11091
10660 --- SIGURG {si_signo=SIGURG, si_code=SI_TKILL, si_pid=10593, si_uid=1001} ---
11091 <... execve resumed>)             = 0
10598 clone(child_stack=NULL, flags=CLONE_VM|CLONE_PIDFD|CLONE_VFORK|SIGCHLD <unfinished ...>
11092 execve("/opt/hostedtoolcache/go/1.27.1/arm64/pkg/tool/linux_arm64/compile", ["/opt/hostedtoolcache/go/1.27.1/a"..., "-o", "/tmp/go-build3805767581/b041/_pk"..., "-trimpath", "/tmp/go-build3805767581/b041=>", "-p", "strconv", "-lang=go1.27", "-std", "-complete", "-buildid", "NyZXFdhg5v1SMtUl8cVU/NyZXFdhg5v1"..., "-goversion", "go1.27.1", "-c=4", "-nolocalimports", "-importcfg", "/tmp/go-build3805767581/b041/imp"..., "-pack", "/opt/hostedtoolcache/go/1.27.1/a"..., "/opt/hostedtoolcache/go/1.27.1/a"..., "/opt/hostedtoolcache/go/1.27.1/a"..., "/opt/hostedtoolcache/go/1.27.1/a"..., "/opt/hostedtoolcache/go/1.27.1/a"...], 0x6c9426d32908 /* 140 vars */ <unfinished ...>
10593 <... clone resumed>, parent_tid=[8]) = 11092
11092 <... execve resumed>)             = 0
10660 waitid(P_PIDFD, 16,  <unfinished ...>
11093 execve("/opt/hostedtoolcache/go/1.27.1/arm64/pkg/tool/linux_arm64/compile", ["/opt/hostedtoolcache/go/1.27.1/a"..., "-o", "/tmp/go-build3805767581/b053/_pk"..., "-trimpath", "/tmp/go-build3805767581/b053=>", "-p", "internal/oserror", "-lang=go1.27", "-std", "-complete", "-buildid", "4lkCAtkFbBeGx0yS4A6y/4lkCAtkFbBe"..., "-goversion", "go1.27.1", "-c=4", "-nolocalimports", "-importcfg", "/tmp/go-build3805767581/b053/imp"..., "-pack", "/opt/hostedtoolcache/go/1.27.1/a"...], 0x6c9426f00908 /* 140 vars */ <unfinished ...>
10598 <... clone resumed>, parent_tid=[25]) = 11093
11093 <... execve resumed>)             = 0
10598 waitid(P_PIDFD, 25,  <unfinished ...>
10593 waitid(P_PIDFD, 8,  <unfinished ...>
11091 clone(child_stack=0x7e6428478000, flags=CLONE_VM|CLONE_FS|CLONE_FILES|CLONE_SIGHAND|CLONE_THREAD|CLONE_SYSVSEM) = 11094
11091 clone(child_stack=0x7e64284b0000, flags=CLONE_VM|CLONE_FS|CLONE_FILES|CLONE_SIGHAND|CLONE_THREAD|CLONE_SYSVSEM) = 11095
11091 clone(child_stack=0x7e64284ac000, flags=CLONE_VM|CLONE_FS|CLONE_FILES|CLONE_SIGHAND|CLONE_THREAD|CLONE_SYSVSEM) = 11096
11094 tgkill(11091, 11096, SIGURG)      = 0
11096 --- SIGURG {si_signo=SIGURG, si_code=SI_TKILL, si_pid=11091, si_uid=1001} ---
11095 clone(child_stack=0x7e6428518000, flags=CLONE_VM|CLONE_FS|CLONE_FILES|CLONE_SIGHAND|CLONE_THREAD|CLONE_SYSVSEM) = 11097
11092 clone(child_stack=0x453eb528c000, flags=CLONE_VM|CLONE_FS|CLONE_FILES|CLONE_SIGHAND|CLONE_THREAD|CLONE_SYSVSEM <unfinished ...>
11093 clone(child_stack=0x794d2da96000, flags=CLONE_VM|CLONE_FS|CLONE_FILES|CLONE_SIGHAND|CLONE_THREAD|CLONE_SYSVSEM) = 11099
11092 <... clone resumed>)              = 11098
11084 exit_group(0)                     = ?
11093 clone(child_stack=0x794d2dace000, flags=CLONE_VM|CLONE_FS|CLONE_FILES|CLONE_SIGHAND|CLONE_THREAD|CLONE_SYSVSEM <unfinished ...>
11090 +++ exited with 0 +++
11084 +++ exited with 0 +++
11082 +++ exited with 0 +++
11083 +++ exited with 0 +++
11092 clone(child_stack=0x453eb52c4000, flags=CLONE_VM|CLONE_FS|CLONE_FILES|CLONE_SIGHAND|CLONE_THREAD|CLONE_SYSVSEM <unfinished ...>
11099 tgkill(11093, 11093, SIGURG)      = 0
11093 <... clone resumed>)              = 11100
11092 <... clone resumed>)              = 11101
11093 --- SIGURG {si_signo=SIGURG, si_code=SI_TKILL, si_pid=11093, si_uid=1001} ---
11099 tgkill(11093, 11093, SIGURG)      = 0
11093 --- SIGURG {si_signo=SIGURG, si_code=SI_TKILL, si_pid=11093, si_uid=1001} ---
11092 clone(child_stack=0x453eb52c0000, flags=CLONE_VM|CLONE_FS|CLONE_FILES|CLONE_SIGHAND|CLONE_THREAD|CLONE_SYSVSEM) = 11102
11099 tgkill(11093, 11093, SIGURG)      = 0
11093 clone(child_stack=0x794d2daca000, flags=CLONE_VM|CLONE_FS|CLONE_FILES|CLONE_SIGHAND|CLONE_THREAD|CLONE_SYSVSEM) = 11103
11101 clone(child_stack=0x453eb5318000, flags=CLONE_VM|CLONE_FS|CLONE_FILES|CLONE_SIGHAND|CLONE_THREAD|CLONE_SYSVSEM <unfinished ...>
11093 --- SIGURG {si_signo=SIGURG, si_code=SI_TKILL, si_pid=11093, si_uid=1001} ---
11100 clone(child_stack=0x794d2db18000, flags=CLONE_VM|CLONE_FS|CLONE_FILES|CLONE_SIGHAND|CLONE_THREAD|CLONE_SYSVSEM <unfinished ...>
11101 <... clone resumed>)              = 11104
11098 tgkill(11092, 11092, SIGURG)      = 0
11100 <... clone resumed>)              = 11105
11092 --- SIGURG {si_signo=SIGURG, si_code=SI_TKILL, si_pid=11092, si_uid=1001} ---
11086 +++ exited with 0 +++
11073 +++ exited with 0 +++
10599 <... waitid resumed>{si_signo=SIGCHLD, si_code=CLD_EXITED, si_pid=11073, si_uid=1001, si_status=0, si_utime=0, si_stime=0}, WEXITED, {ru_utime={tv_sec=0, tv_usec=111792}, ru_stime={tv_sec=0, tv_usec=22931}, ...}) = 0
10600 --- SIGCHLD {si_signo=SIGCHLD, si_code=CLD_EXITED, si_pid=11073, si_uid=1001, si_status=0, si_utime=11 /* 0.11 s */, si_stime=2 /* 0.02 s */} ---
11093 clone(child_stack=0x794d2db14000, flags=CLONE_VM|CLONE_FS|CLONE_FILES|CLONE_SIGHAND|CLONE_THREAD|CLONE_SYSVSEM) = 11106
11105 exit_group(0)                     = ?
11106 +++ exited with 0 +++
11105 +++ exited with 0 +++
11103 +++ exited with 0 +++
11100 +++ exited with 0 +++
11099 +++ exited with 0 +++
11093 +++ exited with 0 +++
10600 --- SIGCHLD {si_signo=SIGCHLD, si_code=CLD_EXITED, si_pid=11093, si_uid=1001, si_status=0, si_utime=0, si_stime=0} ---
10598 <... waitid resumed>{si_signo=SIGCHLD, si_code=CLD_EXITED, si_pid=11093, si_uid=1001, si_status=0, si_utime=0, si_stime=0}, WEXITED, {ru_utime={tv_sec=0, tv_usec=7639}, ru_stime={tv_sec=0, tv_usec=5092}, ...}) = 0
10594 tgkill(10593, 10598, SIGURG)      = 0
10598 --- SIGURG {si_signo=SIGURG, si_code=SI_TKILL, si_pid=10593, si_uid=1001} ---
11094 tgkill(11091, 11095, SIGURG <unfinished ...>
11095 --- SIGURG {si_signo=SIGURG, si_code=SI_TKILL, si_pid=11091, si_uid=1001} ---
11094 <... tgkill resumed>)             = 0
10600 clone(child_stack=NULL, flags=CLONE_VM|CLONE_PIDFD|CLONE_VFORK|SIGCHLD <unfinished ...>
11107 execve("/opt/hostedtoolcache/go/1.27.1/arm64/pkg/tool/linux_arm64/compile", ["/opt/hostedtoolcache/go/1.27.1/a"..., "-o", "/tmp/go-build3805767581/b054/_pk"..., "-trimpath", "/tmp/go-build3805767581/b054=>", "-p", "path", "-lang=go1.27", "-std", "-complete", "-buildid", "DchoOOYhij6MSqL0A8V7/DchoOOYhij6"..., "-goversion", "go1.27.1", "-c=4", "-nolocalimports", "-importcfg", "/tmp/go-build3805767581/b054/imp"..., "-pack", "/opt/hostedtoolcache/go/1.27.1/a"..., "/opt/hostedtoolcache/go/1.27.1/a"...], 0x6c9426a72008 /* 140 vars */ <unfinished ...>
10600 <... clone resumed>, parent_tid=[17]) = 11107
11107 <... execve resumed>)             = 0
10600 waitid(P_PIDFD, 17,  <unfinished ...>
11098 tgkill(11092, 11104, SIGURG <unfinished ...>
11104 --- SIGURG {si_signo=SIGURG, si_code=SI_TKILL, si_pid=11092, si_uid=1001} ---
11098 <... tgkill resumed>)             = 0
10594 tgkill(10593, 10599, SIGURG)      = 0
10599 --- SIGURG {si_signo=SIGURG, si_code=SI_TKILL, si_pid=10593, si_uid=1001} ---
10596 clone(child_stack=0x6c9426a46000, flags=CLONE_VM|CLONE_FS|CLONE_FILES|CLONE_SIGHAND|CLONE_THREAD|CLONE_SYSVSEM) = 11108
10598 tgkill(10593, 11108, SIGURG)      = 0
11108 --- SIGURG {si_signo=SIGURG, si_code=SI_TKILL, si_pid=10593, si_uid=1001} ---
11107 clone(child_stack=0x7b21cc392000, flags=CLONE_VM|CLONE_FS|CLONE_FILES|CLONE_SIGHAND|CLONE_THREAD|CLONE_SYSVSEM) = 11109
11107 clone(child_stack=0x7b21cc3ca000, flags=CLONE_VM|CLONE_FS|CLONE_FILES|CLONE_SIGHAND|CLONE_THREAD|CLONE_SYSVSEM) = 11110
11107 clone(child_stack=0x7b21cc3c6000, flags=CLONE_VM|CLONE_FS|CLONE_FILES|CLONE_SIGHAND|CLONE_THREAD|CLONE_SYSVSEM) = 11111
11110 clone(child_stack=0x7b21cc418000, flags=CLONE_VM|CLONE_FS|CLONE_FILES|CLONE_SIGHAND|CLONE_THREAD|CLONE_SYSVSEM <unfinished ...>
11107 clone(child_stack=0x7b21cc414000, flags=CLONE_VM|CLONE_FS|CLONE_FILES|CLONE_SIGHAND|CLONE_THREAD|CLONE_SYSVSEM) = 11112
11094 tgkill(11091, 11097, SIGURG)      = 0
11097 --- SIGURG {si_signo=SIGURG, si_code=SI_TKILL, si_pid=11091, si_uid=1001} ---
11110 <... clone resumed>)              = 11113
11094 tgkill(11091, 11091, SIGURG)      = 0
11091 --- SIGURG {si_signo=SIGURG, si_code=SI_TKILL, si_pid=11091, si_uid=1001} ---
11094 tgkill(11091, 11096, SIGURG)      = 0
11098 tgkill(11092, 11104, SIGURG)      = 0
11104 --- SIGURG {si_signo=SIGURG, si_code=SI_TKILL, si_pid=11092, si_uid=1001} ---
11096 --- SIGURG {si_signo=SIGURG, si_code=SI_TKILL, si_pid=11091, si_uid=1001} ---
10595 clone(child_stack=NULL, flags=CLONE_VM|CLONE_PIDFD|CLONE_VFORK|SIGCHLD <unfinished ...>
11094 tgkill(11091, 11095, SIGURG)      = 0
10594 tgkill(10593, 10595, SIGURG)      = 0
11095 --- SIGURG {si_signo=SIGURG, si_code=SI_TKILL, si_pid=11091, si_uid=1001} ---
11109 tgkill(11107, 11110, SIGURG <unfinished ...>
11110 --- SIGURG {si_signo=SIGURG, si_code=SI_TKILL, si_pid=11107, si_uid=1001} ---
11109 <... tgkill resumed>)             = 0
11114 execve("/opt/hostedtoolcache/go/1.27.1/arm64/pkg/tool/linux_arm64/asm", ["/opt/hostedtoolcache/go/1.27.1/a"..., "-p", "syscall", "-trimpath", "/tmp/go-build3805767581/b056=>", "-I", "/tmp/go-build3805767581/b056/", "-I", "/opt/hostedtoolcache/go/1.27.1/a"..., "-D", "GOOS_linux", "-D", "GOARCH_arm64", "-std", "-gensymabis", "-o", "/tmp/go-build3805767581/b056/sym"..., "/opt/hostedtoolcache/go/1.27.1/a"...], 0x6c9426c72008 /* 140 vars */ <unfinished ...>
10595 <... clone resumed>, parent_tid=[18]) = 11114
10595 --- SIGURG {si_signo=SIGURG, si_code=SI_TKILL, si_pid=10593, si_uid=1001} ---
11114 <... execve resumed>)             = 0
10595 waitid(P_PIDFD, 18,  <unfinished ...>
11095 exit_group(0)                     = ?
11094 +++ exited with 0 +++
11095 +++ exited with 0 +++
11097 +++ exited with 0 +++
11096 +++ exited with 0 +++
11091 +++ exited with 0 +++
10660 <... waitid resumed>{si_signo=SIGCHLD, si_code=CLD_EXITED, si_pid=11091, si_uid=1001, si_status=0, si_utime=0, si_stime=0}, WEXITED, {ru_utime={tv_sec=0, tv_usec=59096}, ru_stime={tv_sec=0, tv_usec=18995}, ...}) = 0
10660 --- SIGCHLD {si_signo=SIGCHLD, si_code=CLD_EXITED, si_pid=11091, si_uid=1001, si_status=0, si_utime=5 /* 0.05 s */, si_stime=1 /* 0.01 s */} ---
11098 tgkill(11092, 11104, SIGURG)      = 0
11104 --- SIGURG {si_signo=SIGURG, si_code=SI_TKILL, si_pid=11092, si_uid=1001} ---
11098 tgkill(11092, 11101, SIGURG <unfinished ...>
11101 --- SIGURG {si_signo=SIGURG, si_code=SI_TKILL, si_pid=11092, si_uid=1001} ---
11098 <... tgkill resumed>)             = 0
11098 tgkill(11092, 11092, SIGURG)      = 0
11092 --- SIGURG {si_signo=SIGURG, si_code=SI_TKILL, si_pid=11092, si_uid=1001} ---
11109 tgkill(11107, 11112, SIGURG)      = 0
11112 --- SIGURG {si_signo=SIGURG, si_code=SI_TKILL, si_pid=11107, si_uid=1001} ---
11114 clone(child_stack=0x28e793f70000, flags=CLONE_VM|CLONE_FS|CLONE_FILES|CLONE_SIGHAND|CLONE_THREAD|CLONE_SYSVSEM) = 11115
11114 clone(child_stack=0x28e793fa8000, flags=CLONE_VM|CLONE_FS|CLONE_FILES|CLONE_SIGHAND|CLONE_THREAD|CLONE_SYSVSEM) = 11116
11115 tgkill(11114, 11114, SIGURG)      = 0
11114 clone(child_stack=0x28e793fa4000, flags=CLONE_VM|CLONE_FS|CLONE_FILES|CLONE_SIGHAND|CLONE_THREAD|CLONE_SYSVSEM) = 11117
11114 --- SIGURG {si_signo=SIGURG, si_code=SI_TKILL, si_pid=11114, si_uid=1001} ---
11114 clone(child_stack=0x28e793fcc000, flags=CLONE_VM|CLONE_FS|CLONE_FILES|CLONE_SIGHAND|CLONE_THREAD|CLONE_SYSVSEM) = 11118
11116 clone(child_stack=0x28e793fc8000, flags=CLONE_VM|CLONE_FS|CLONE_FILES|CLONE_SIGHAND|CLONE_THREAD|CLONE_SYSVSEM) = 11119
11112 exit_group(0 <unfinished ...>
11109 ???( <unfinished ...>
11112 <... exit_group resumed>)         = ?
11113 +++ exited with 0 +++
11111 +++ exited with 0 +++
11110 +++ exited with 0 +++
11109 +++ exited with 0 +++
11112 +++ exited with 0 +++
11107 +++ exited with 0 +++
10600 <... waitid resumed>{si_signo=SIGCHLD, si_code=CLD_EXITED, si_pid=11107, si_uid=1001, si_status=0, si_utime=0, si_stime=0}, WEXITED, {ru_utime={tv_sec=0, tv_usec=29303}, ru_stime={tv_sec=0, tv_usec=7325}, ...}) = 0
10594 --- SIGCHLD {si_signo=SIGCHLD, si_code=CLD_EXITED, si_pid=11107, si_uid=1001, si_status=0, si_utime=2 /* 0.02 s */, si_stime=0} ---
11092 exit_group(0)                     = ?
11104 +++ exited with 0 +++
11098 +++ exited with 0 +++
11101 +++ exited with 0 +++
11102 +++ exited with 0 +++
11092 +++ exited with 0 +++
10660 --- SIGCHLD {si_signo=SIGCHLD, si_code=CLD_EXITED, si_pid=11092, si_uid=1001, si_status=0, si_utime=5 /* 0.05 s */, si_stime=1 /* 0.01 s */} ---
10593 <... waitid resumed>{si_signo=SIGCHLD, si_code=CLD_EXITED, si_pid=11092, si_uid=1001, si_status=0, si_utime=0, si_stime=0}, WEXITED, {ru_utime={tv_sec=0, tv_usec=52659}, ru_stime={tv_sec=0, tv_usec=13404}, ...}) = 0
10594 tgkill(10593, 10597, SIGURG)      = 0
10597 --- SIGURG {si_signo=SIGURG, si_code=SI_TKILL, si_pid=10593, si_uid=1001} ---
11114 exit_group(0)                     = ?
11119 +++ exited with 0 +++
11118 +++ exited with 0 +++
11117 +++ exited with 0 +++
11116 +++ exited with 0 +++
11115 +++ exited with 0 +++
11114 +++ exited with 0 +++
10660 --- SIGCHLD {si_signo=SIGCHLD, si_code=CLD_EXITED, si_pid=11114, si_uid=1001, si_status=0, si_utime=0, si_stime=0} ---
10595 <... waitid resumed>{si_signo=SIGCHLD, si_code=CLD_EXITED, si_pid=11114, si_uid=1001, si_status=0, si_utime=0, si_stime=0}, WEXITED, {ru_utime={tv_sec=0, tv_usec=1806}, ru_stime={tv_sec=0, tv_usec=5419}, ...}) = 0
10593 clone(child_stack=NULL, flags=CLONE_VM|CLONE_PIDFD|CLONE_VFORK|SIGCHLD <unfinished ...>
10597 clone(child_stack=NULL, flags=CLONE_VM|CLONE_PIDFD|CLONE_VFORK|SIGCHLD <unfinished ...>
10660 clone(child_stack=NULL, flags=CLONE_VM|CLONE_PIDFD|CLONE_VFORK|SIGCHLD <unfinished ...>
11120 execve("/opt/hostedtoolcache/go/1.27.1/arm64/pkg/tool/linux_arm64/compile", ["/opt/hostedtoolcache/go/1.27.1/a"..., "-o", "/tmp/go-build3805767581/b056/_pk"..., "-trimpath", "/tmp/go-build3805767581/b056=>", "-p", "syscall", "-lang=go1.27", "-std", "-buildid", "zs5N9es5ms9dZL5ayXwS/zs5N9es5ms9"..., "-goversion", "go1.27.1", "-symabis", "/tmp/go-build3805767581/b056/sym"..., "-c=4", "-nolocalimports", "-importcfg", "/tmp/go-build3805767581/b056/imp"..., "-pack", "-asmhdr", "/tmp/go-build3805767581/b056/go_"..., "/opt/hostedtoolcache/go/1.27.1/a"..., "/opt/hostedtoolcache/go/1.27.1/a"..., "/opt/hostedtoolcache/go/1.27.1/a"..., "/opt/hostedtoolcache/go/1.27.1/a"..., "/opt/hostedtoolcache/go/1.27.1/a"..., "/opt/hostedtoolcache/go/1.27.1/a"..., "/opt/hostedtoolcache/go/1.27.1/a"..., "/opt/hostedtoolcache/go/1.27.1/a"..., "/opt/hostedtoolcache/go/1.27.1/a"..., "/opt/hostedtoolcache/go/1.27.1/a"..., ...], 0x6c9426d33208 /* 140 vars */ <unfinished ...>
10593 <... clone resumed>, parent_tid=[16]) = 11120
11120 <... execve resumed>)             = 0
11121 execve("/opt/hostedtoolcache/go/1.27.1/arm64/pkg/tool/linux_arm64/compile", ["/opt/hostedtoolcache/go/1.27.1/a"..., "-o", "/tmp/go-build3805767581/b062/_pk"..., "-trimpath", "/tmp/go-build3805767581/b062=>", "-p", "bytes", "-lang=go1.27", "-std", "-buildid", "9a-pxARELbG-USgPnnhT/9a-pxARELbG"..., "-goversion", "go1.27.1", "-c=4", "-nolocalimports", "-importcfg", "/tmp/go-build3805767581/b062/imp"..., "-pack", "/opt/hostedtoolcache/go/1.27.1/a"..., "/opt/hostedtoolcache/go/1.27.1/a"..., "/opt/hostedtoolcache/go/1.27.1/a"..., "/opt/hostedtoolcache/go/1.27.1/a"...], 0x6c9426f00908 /* 140 vars */ <unfinished ...>
11122 execve("/opt/hostedtoolcache/go/1.27.1/arm64/pkg/tool/linux_arm64/compile", ["/opt/hostedtoolcache/go/1.27.1/a"..., "-o", "/tmp/go-build3805767581/b066/_pk"..., "-trimpath", "/tmp/go-build3805767581/b066=>", "-p", "internal/godebug", "-lang=go1.27", "-std", "-complete", "-buildid", "cmX-blzkMHhwUEosj4ox/cmX-blzkMHh"..., "-goversion", "go1.27.1", "-c=4", "-nolocalimports", "-importcfg", "/tmp/go-build3805767581/b066/imp"..., "-pack", "/opt/hostedtoolcache/go/1.27.1/a"...], 0x6c9426c72908 /* 140 vars */ <unfinished ...>
10597 <... clone resumed>, parent_tid=[23]) = 11121
11121 <... execve resumed>)             = 0
10660 <... clone resumed>, parent_tid=[14]) = 11122
11122 <... execve resumed>)             = 0
10593 waitid(P_PIDFD, 16,  <unfinished ...>
10597 waitid(P_PIDFD, 23,  <unfinished ...>
10660 waitid(P_PIDFD, 14,  <unfinished ...>
11122 clone(child_stack=0x24003bd50000, flags=CLONE_VM|CLONE_FS|CLONE_FILES|CLONE_SIGHAND|CLONE_THREAD|CLONE_SYSVSEM) = 11123
11122 clone(child_stack=0x24003bd88000, flags=CLONE_VM|CLONE_FS|CLONE_FILES|CLONE_SIGHAND|CLONE_THREAD|CLONE_SYSVSEM) = 11124
11123 tgkill(11122, 11122, SIGURG)      = 0
11122 clone(child_stack=0x24003bd84000, flags=CLONE_VM|CLONE_FS|CLONE_FILES|CLONE_SIGHAND|CLONE_THREAD|CLONE_SYSVSEM) = 11125
11122 --- SIGURG {si_signo=SIGURG, si_code=SI_TKILL, si_pid=11122, si_uid=1001} ---
11120 clone(child_stack=0x6630a69ce000, flags=CLONE_VM|CLONE_FS|CLONE_FILES|CLONE_SIGHAND|CLONE_THREAD|CLONE_SYSVSEM) = 11126
11124 clone(child_stack=0x24003be18000, flags=CLONE_VM|CLONE_FS|CLONE_FILES|CLONE_SIGHAND|CLONE_THREAD|CLONE_SYSVSEM) = 11127
11122 clone(child_stack=0x24003be14000, flags=CLONE_VM|CLONE_FS|CLONE_FILES|CLONE_SIGHAND|CLONE_THREAD|CLONE_SYSVSEM) = 11128
11126 tgkill(11120, 11120, SIGURG)      = 0
11120 clone(child_stack=0x6630a6a08000, flags=CLONE_VM|CLONE_FS|CLONE_FILES|CLONE_SIGHAND|CLONE_THREAD|CLONE_SYSVSEM) = 11129
11120 --- SIGURG {si_signo=SIGURG, si_code=SI_TKILL, si_pid=11120, si_uid=1001} ---
11121 clone(child_stack=0x361062eb8000, flags=CLONE_VM|CLONE_FS|CLONE_FILES|CLONE_SIGHAND|CLONE_THREAD|CLONE_SYSVSEM <unfinished ...>
11126 tgkill(11120, 11120, SIGURG <unfinished ...>
10595 clone(child_stack=NULL, flags=CLONE_VM|CLONE_PIDFD|CLONE_VFORK|SIGCHLD <unfinished ...>
11120 clone(child_stack=0x6630a6a04000, flags=CLONE_VM|CLONE_FS|CLONE_FILES|CLONE_SIGHAND|CLONE_THREAD|CLONE_SYSVSEM <unfinished ...>
11121 <... clone resumed>)              = 11130
11120 <... clone resumed>)              = 11131
11129 clone(child_stack=0x6630a6a28000, flags=CLONE_VM|CLONE_FS|CLONE_FILES|CLONE_SIGHAND|CLONE_THREAD|CLONE_SYSVSEM <unfinished ...>
11121 clone(child_stack=0x361062ef0000, flags=CLONE_VM|CLONE_FS|CLONE_FILES|CLONE_SIGHAND|CLONE_THREAD|CLONE_SYSVSEM <unfinished ...>
11129 <... clone resumed>)              = 11133
11121 <... clone resumed>)              = 11134
11126 <... tgkill resumed>)             = 0
11121 clone(child_stack=0x361062eec000, flags=CLONE_VM|CLONE_FS|CLONE_FILES|CLONE_SIGHAND|CLONE_THREAD|CLONE_SYSVSEM <unfinished ...>
11120 --- SIGURG {si_signo=SIGURG, si_code=SI_TKILL, si_pid=11120, si_uid=1001} ---
11121 <... clone resumed>)              = 11135
11134 clone(child_stack=0x361062f20000, flags=CLONE_VM|CLONE_FS|CLONE_FILES|CLONE_SIGHAND|CLONE_THREAD|CLONE_SYSVSEM) = 11136
11132 execve("/opt/hostedtoolcache/go/1.27.1/arm64/pkg/tool/linux_arm64/asm", ["/opt/hostedtoolcache/go/1.27.1/a"..., "-p", "reflect", "-trimpath", "/tmp/go-build3805767581/b038=>", "-I", "/tmp/go-build3805767581/b038/", "-I", "/opt/hostedtoolcache/go/1.27.1/a"..., "-D", "GOOS_linux", "-D", "GOARCH_arm64", "-std", "-gensymabis", "-o", "/tmp/go-build3805767581/b038/sym"..., "/opt/hostedtoolcache/go/1.27.1/a"...], 0x6c9426a72008 /* 140 vars */ <unfinished ...>
10595 <... clone resumed>, parent_tid=[13]) = 11132
11132 <... execve resumed>)             = 0
10595 waitid(P_PIDFD, 13,  <unfinished ...>
11130 clone(child_stack=0x3610632b8000, flags=CLONE_VM|CLONE_FS|CLONE_FILES|CLONE_SIGHAND|CLONE_THREAD|CLONE_SYSVSEM) = 11137
11132 clone(child_stack=0x6483a728c000, flags=CLONE_VM|CLONE_FS|CLONE_FILES|CLONE_SIGHAND|CLONE_THREAD|CLONE_SYSVSEM) = 11138
11123 tgkill(11122, 11122, SIGURG)      = 0
11122 --- SIGURG {si_signo=SIGURG, si_code=SI_TKILL, si_pid=11122, si_uid=1001} ---
11132 clone(child_stack=0x6483a72c4000, flags=CLONE_VM|CLONE_FS|CLONE_FILES|CLONE_SIGHAND|CLONE_THREAD|CLONE_SYSVSEM) = 11139
11132 clone(child_stack=0x6483a72c0000, flags=CLONE_VM|CLONE_FS|CLONE_FILES|CLONE_SIGHAND|CLONE_THREAD|CLONE_SYSVSEM <unfinished ...>
11138 tgkill(11132, 11132, SIGURG)      = 0
11132 <... clone resumed>)              = 11140
11132 --- SIGURG {si_signo=SIGURG, si_code=SI_TKILL, si_pid=11132, si_uid=1001} ---
11139 clone(child_stack=0x6483a7318000, flags=CLONE_VM|CLONE_FS|CLONE_FILES|CLONE_SIGHAND|CLONE_THREAD|CLONE_SYSVSEM) = 11141
11132 clone(child_stack=0x6483a7314000, flags=CLONE_VM|CLONE_FS|CLONE_FILES|CLONE_SIGHAND|CLONE_THREAD|CLONE_SYSVSEM) = 11142
11126 tgkill(11120, 11120, SIGURG)      = 0
11120 --- SIGURG {si_signo=SIGURG, si_code=SI_TKILL, si_pid=11120, si_uid=1001} ---
11130 tgkill(11121, 11134, SIGURG <unfinished ...>
11134 --- SIGURG {si_signo=SIGURG, si_code=SI_TKILL, si_pid=11121, si_uid=1001} ---
11130 <... tgkill resumed>)             = 0
11132 exit_group(0)                     = ?
11142 +++ exited with 0 +++
11141 +++ exited with 0 +++
11140 +++ exited with 0 +++
11139 +++ exited with 0 +++
11138 +++ exited with 0 +++
11132 +++ exited with 0 +++
10600 --- SIGCHLD {si_signo=SIGCHLD, si_code=CLD_EXITED, si_pid=11132, si_uid=1001, si_status=0, si_utime=0, si_stime=0} ---
10595 <... waitid resumed>{si_signo=SIGCHLD, si_code=CLD_EXITED, si_pid=11132, si_uid=1001, si_status=0, si_utime=0, si_stime=0}, WEXITED, {ru_utime={tv_sec=0, tv_usec=0}, ru_stime={tv_sec=0, tv_usec=6564}, ...}) = 0
10600 clone(child_stack=NULL, flags=CLONE_VM|CLONE_PIDFD|CLONE_VFORK|SIGCHLD <unfinished ...>
11143 execve("/opt/hostedtoolcache/go/1.27.1/arm64/pkg/tool/linux_arm64/compile", ["/opt/hostedtoolcache/go/1.27.1/a"..., "-o", "/tmp/go-build3805767581/b038/_pk"..., "-trimpath", "/tmp/go-build3805767581/b038=>", "-p", "reflect", "-lang=go1.27", "-std", "-buildid", "vgM9dhPYLOoocTWEATuP/vgM9dhPYLOo"..., "-goversion", "go1.27.1", "-symabis", "/tmp/go-build3805767581/b038/sym"..., "-c=4", "-nolocalimports", "-importcfg", "/tmp/go-build3805767581/b038/imp"..., "-pack", "-asmhdr", "/tmp/go-build3805767581/b038/go_"..., "/opt/hostedtoolcache/go/1.27.1/a"..., "/opt/hostedtoolcache/go/1.27.1/a"..., "/opt/hostedtoolcache/go/1.27.1/a"..., "/opt/hostedtoolcache/go/1.27.1/a"..., "/opt/hostedtoolcache/go/1.27.1/a"..., "/opt/hostedtoolcache/go/1.27.1/a"..., "/opt/hostedtoolcache/go/1.27.1/a"..., "/opt/hostedtoolcache/go/1.27.1/a"..., "/opt/hostedtoolcache/go/1.27.1/a"..., "/opt/hostedtoolcache/go/1.27.1/a"..., ...], 0x6c9426c42d88 /* 140 vars */ <unfinished ...>
10600 <... clone resumed>, parent_tid=[13]) = 11143
11143 <... execve resumed>)             = 0
10600 waitid(P_PIDFD, 13,  <unfinished ...>
11123 tgkill(11122, 11128, SIGURG)      = 0
11128 --- SIGURG {si_signo=SIGURG, si_code=SI_TKILL, si_pid=11122, si_uid=1001} ---
11130 tgkill(11121, 11134, SIGURG)      = 0
11134 --- SIGURG {si_signo=SIGURG, si_code=SI_TKILL, si_pid=11121, si_uid=1001} ---
11126 tgkill(11120, 11131, SIGURG)      = 0
11143 clone(child_stack=0x335fd285a000, flags=CLONE_VM|CLONE_FS|CLONE_FILES|CLONE_SIGHAND|CLONE_THREAD|CLONE_SYSVSEM) = 11144
11143 clone(child_stack=0x335fd2892000, flags=CLONE_VM|CLONE_FS|CLONE_FILES|CLONE_SIGHAND|CLONE_THREAD|CLONE_SYSVSEM) = 11145
11143 clone(child_stack=0x335fd288e000, flags=CLONE_VM|CLONE_FS|CLONE_FILES|CLONE_SIGHAND|CLONE_THREAD|CLONE_SYSVSEM) = 11146
11145 clone(child_stack=0x335fd2918000, flags=CLONE_VM|CLONE_FS|CLONE_FILES|CLONE_SIGHAND|CLONE_THREAD|CLONE_SYSVSEM <unfinished ...>
11143 clone(child_stack=0x335fd2914000, flags=CLONE_VM|CLONE_FS|CLONE_FILES|CLONE_SIGHAND|CLONE_THREAD|CLONE_SYSVSEM <unfinished ...>
11145 <... clone resumed>)              = 11147
11143 <... clone resumed>)              = 11148
11131 --- SIGURG {si_signo=SIGURG, si_code=SI_TKILL, si_pid=11120, si_uid=1001} ---
11144 clone(child_stack=0x335fd2974000, flags=CLONE_VM|CLONE_FS|CLONE_FILES|CLONE_SIGHAND|CLONE_THREAD|CLONE_SYSVSEM) = 11149
11144 tgkill(11143, 11146, SIGURG)      = 0
11146 --- SIGURG {si_signo=SIGURG, si_code=SI_TKILL, si_pid=11143, si_uid=1001} ---
11123 tgkill(11122, 11127, SIGURG)      = 0
11127 --- SIGURG {si_signo=SIGURG, si_code=SI_TKILL, si_pid=11122, si_uid=1001} ---
11126 tgkill(11120, 11131, SIGURG)      = 0
11131 --- SIGURG {si_signo=SIGURG, si_code=SI_TKILL, si_pid=11120, si_uid=1001} ---
11130 tgkill(11121, 11134, SIGURG)      = 0
11134 --- SIGURG {si_signo=SIGURG, si_code=SI_TKILL, si_pid=11121, si_uid=1001} ---
11130 tgkill(11121, 11135, SIGURG)      = 0
11123 tgkill(11122, 11128, SIGURG)      = 0
11144 tgkill(11143, 11143, SIGURG)      = 0
11143 --- SIGURG {si_signo=SIGURG, si_code=SI_TKILL, si_pid=11143, si_uid=1001} ---
11130 tgkill(11121, 11121, SIGURG <unfinished ...>
11135 --- SIGURG {si_signo=SIGURG, si_code=SI_TKILL, si_pid=11121, si_uid=1001} ---
11128 --- SIGURG {si_signo=SIGURG, si_code=SI_TKILL, si_pid=11122, si_uid=1001} ---
11130 <... tgkill resumed>)             = 0
11121 --- SIGURG {si_signo=SIGURG, si_code=SI_TKILL, si_pid=11121, si_uid=1001} ---
11130 tgkill(11121, 11137, SIGURG <unfinished ...>
11137 --- SIGURG {si_signo=SIGURG, si_code=SI_TKILL, si_pid=11121, si_uid=1001} ---
11130 <... tgkill resumed>)             = 0
11126 tgkill(11120, 11129, SIGURG)      = 0
11129 --- SIGURG {si_signo=SIGURG, si_code=SI_TKILL, si_pid=11120, si_uid=1001} ---
11123 tgkill(11122, 11128, SIGURG)      = 0
11128 --- SIGURG {si_signo=SIGURG, si_code=SI_TKILL, si_pid=11122, si_uid=1001} ---
11123 tgkill(11122, 11124, SIGURG)      = 0
11123 tgkill(11122, 11127, SIGURG)      = 0
11127 --- SIGURG {si_signo=SIGURG, si_code=SI_TKILL, si_pid=11122, si_uid=1001} ---
11124 --- SIGURG {si_signo=SIGURG, si_code=SI_TKILL, si_pid=11122, si_uid=1001} ---
11130 tgkill(11121, 11134, SIGURG)      = 0
11130 tgkill(11121, 11135, SIGURG)      = 0
11130 tgkill(11121, 11121, SIGURG)      = 0
11121 --- SIGURG {si_signo=SIGURG, si_code=SI_TKILL, si_pid=11121, si_uid=1001} ---
11135 --- SIGURG {si_signo=SIGURG, si_code=SI_TKILL, si_pid=11121, si_uid=1001} ---
11134 --- SIGURG {si_signo=SIGURG, si_code=SI_TKILL, si_pid=11121, si_uid=1001} ---
11123 tgkill(11122, 11122, SIGURG)      = 0
11144 tgkill(11143, 11149, SIGURG)      = 0
11149 --- SIGURG {si_signo=SIGURG, si_code=SI_TKILL, si_pid=11143, si_uid=1001} ---
11144 tgkill(11143, 11149, SIGURG <unfinished ...>
11149 --- SIGURG {si_signo=SIGURG, si_code=SI_TKILL, si_pid=11143, si_uid=1001} ---
11144 <... tgkill resumed>)             = 0
11122 --- SIGURG {si_signo=SIGURG, si_code=SI_TKILL, si_pid=11122, si_uid=1001} ---
11126 tgkill(11120, 11129, SIGURG)      = 0
11129 --- SIGURG {si_signo=SIGURG, si_code=SI_TKILL, si_pid=11120, si_uid=1001} ---
11144 tgkill(11143, 11149, SIGURG <unfinished ...>
11149 --- SIGURG {si_signo=SIGURG, si_code=SI_TKILL, si_pid=11143, si_uid=1001} ---
11144 <... tgkill resumed>)             = 0
11130 tgkill(11121, 11134, SIGURG)      = 0
11137 exit_group(0)                     = ?
11137 +++ exited with 0 +++
11135 +++ exited with 0 +++
11136 +++ exited with 0 +++
11130 +++ exited with 0 +++
11134 +++ exited with 0 +++
11121 +++ exited with 0 +++
10597 <... waitid resumed>{si_signo=SIGCHLD, si_code=CLD_EXITED, si_pid=11121, si_uid=1001, si_status=0, si_utime=0, si_stime=0}, WEXITED, {ru_utime={tv_sec=0, tv_usec=105178}, ru_stime={tv_sec=0, tv_usec=24806}, ...}) = 0
10595 --- SIGCHLD {si_signo=SIGCHLD, si_code=CLD_EXITED, si_pid=11121, si_uid=1001, si_status=0, si_utime=10 /* 0.10 s */, si_stime=2 /* 0.02 s */} ---
11123 tgkill(11122, 11122, SIGURG)      = 0
11122 --- SIGURG {si_signo=SIGURG, si_code=SI_TKILL, si_pid=11122, si_uid=1001} ---
10596 tgkill(10593, 10595, SIGURG)      = 0
10595 --- SIGURG {si_signo=SIGURG, si_code=SI_TKILL, si_pid=10593, si_uid=1001} ---
11126 tgkill(11120, 11120, SIGURG)      = 0
11120 --- SIGURG {si_signo=SIGURG, si_code=SI_TKILL, si_pid=11120, si_uid=1001} ---
10595 tgkill(10593, 10596, SIGURG)      = 0
10596 --- SIGURG {si_signo=SIGURG, si_code=SI_TKILL, si_pid=10593, si_uid=1001} ---
11127 exit_group(0)                     = ?
11127 +++ exited with 0 +++
11125 +++ exited with 0 +++
11123 +++ exited with 0 +++
11128 +++ exited with 0 +++
11124 +++ exited with 0 +++
11122 +++ exited with 0 +++
10660 <... waitid resumed>{si_signo=SIGCHLD, si_code=CLD_EXITED, si_pid=11122, si_uid=1001, si_status=0, si_utime=0, si_stime=0}, WEXITED, {ru_utime={tv_sec=0, tv_usec=84599}, ru_stime={tv_sec=0, tv_usec=26110}, ...}) = 0
10598 --- SIGCHLD {si_signo=SIGCHLD, si_code=CLD_EXITED, si_pid=11122, si_uid=1001, si_status=0, si_utime=8 /* 0.08 s */, si_stime=2 /* 0.02 s */} ---
11144 tgkill(11143, 11149, SIGURG <unfinished ...>
10599 clone(child_stack=NULL, flags=CLONE_VM|CLONE_PIDFD|CLONE_VFORK|SIGCHLD <unfinished ...>
11149 --- SIGURG {si_signo=SIGURG, si_code=SI_TKILL, si_pid=11143, si_uid=1001} ---
11144 <... tgkill resumed>)             = 0
10594 tgkill(10593, 10599, SIGURG)      = 0
11150 execve("/opt/hostedtoolcache/go/1.27.1/arm64/pkg/tool/linux_arm64/compile", ["/opt/hostedtoolcache/go/1.27.1/a"..., "-o", "/tmp/go-build3805767581/b069/_pk"..., "-trimpath", "/tmp/go-build3805767581/b069=>", "-p", "strings", "-lang=go1.27", "-std", "-complete", "-buildid", "bvkjzTh519L6xzbeU7R3/bvkjzTh519L"..., "-goversion", "go1.27.1", "-c=4", "-nolocalimports", "-importcfg", "/tmp/go-build3805767581/b069/imp"..., "-pack", "/opt/hostedtoolcache/go/1.27.1/a"..., "/opt/hostedtoolcache/go/1.27.1/a"..., "/opt/hostedtoolcache/go/1.27.1/a"..., "/opt/hostedtoolcache/go/1.27.1/a"..., "/opt/hostedtoolcache/go/1.27.1/a"..., "/opt/hostedtoolcache/go/1.27.1/a"..., "/opt/hostedtoolcache/go/1.27.1/a"..., "/opt/hostedtoolcache/go/1.27.1/a"...], 0x6c9426c72008 /* 140 vars */ <unfinished ...>
10599 <... clone resumed>, parent_tid=[17]) = 11150
11150 <... execve resumed>)             = 0
10599 --- SIGURG {si_signo=SIGURG, si_code=SI_TKILL, si_pid=10593, si_uid=1001} ---
10660 waitid(P_PIDFD, 17,  <unfinished ...>
11150 clone(child_stack=0x210c06bd4000, flags=CLONE_VM|CLONE_FS|CLONE_FILES|CLONE_SIGHAND|CLONE_THREAD|CLONE_SYSVSEM) = 11151
11126 tgkill(11120, 11129, SIGURG)      = 0
11129 --- SIGURG {si_signo=SIGURG, si_code=SI_TKILL, si_pid=11120, si_uid=1001} ---
11151 tgkill(11150, 11150, SIGURG)      = 0
11150 --- SIGURG {si_signo=SIGURG, si_code=SI_TKILL, si_pid=11150, si_uid=1001} ---
11151 tgkill(11150, 11150, SIGURG)      = 0
11150 --- SIGURG {si_signo=SIGURG, si_code=SI_TKILL, si_pid=11150, si_uid=1001} ---
11150 clone(child_stack=0x210c06c10000, flags=CLONE_VM|CLONE_FS|CLONE_FILES|CLONE_SIGHAND|CLONE_THREAD|CLONE_SYSVSEM <unfinished ...>
11151 tgkill(11150, 11150, SIGURG)      = 0
11150 <... clone resumed>)              = 11152
11150 --- SIGURG {si_signo=SIGURG, si_code=SI_TKILL, si_pid=11150, si_uid=1001} ---
11150 clone(child_stack=0x210c06c0c000, flags=CLONE_VM|CLONE_FS|CLONE_FILES|CLONE_SIGHAND|CLONE_THREAD|CLONE_SYSVSEM) = 11153
11152 clone(child_stack=0x210c06c30000, flags=CLONE_VM|CLONE_FS|CLONE_FILES|CLONE_SIGHAND|CLONE_THREAD|CLONE_SYSVSEM) = 11154
11151 clone(child_stack=0x210c07094000, flags=CLONE_VM|CLONE_FS|CLONE_FILES|CLONE_SIGHAND|CLONE_THREAD|CLONE_SYSVSEM) = 11155
11144 tgkill(11143, 11149, SIGURG)      = 0
11149 --- SIGURG {si_signo=SIGURG, si_code=SI_TKILL, si_pid=11143, si_uid=1001} ---
11151 tgkill(11150, 11150, SIGURG)      = 0
11150 --- SIGURG {si_signo=SIGURG, si_code=SI_TKILL, si_pid=11150, si_uid=1001} ---
11126 tgkill(11120, 11120, SIGURG)      = 0
11120 --- SIGURG {si_signo=SIGURG, si_code=SI_TKILL, si_pid=11120, si_uid=1001} ---
11151 tgkill(11150, 11153, SIGURG <unfinished ...>
11153 --- SIGURG {si_signo=SIGURG, si_code=SI_TKILL, si_pid=11150, si_uid=1001} ---
11151 <... tgkill resumed>)             = 0
11144 tgkill(11143, 11143, SIGURG)      = 0
11143 --- SIGURG {si_signo=SIGURG, si_code=SI_TKILL, si_pid=11143, si_uid=1001} ---
11126 tgkill(11120, 11133, SIGURG)      = 0
11126 tgkill(11120, 11131, SIGURG)      = 0
11131 --- SIGURG {si_signo=SIGURG, si_code=SI_TKILL, si_pid=11120, si_uid=1001} ---
11133 --- SIGURG {si_signo=SIGURG, si_code=SI_TKILL, si_pid=11120, si_uid=1001} ---
11126 tgkill(11120, 11120, SIGURG)      = 0
11120 --- SIGURG {si_signo=SIGURG, si_code=SI_TKILL, si_pid=11120, si_uid=1001} ---
11126 tgkill(11120, 11129, SIGURG)      = 0
11129 --- SIGURG {si_signo=SIGURG, si_code=SI_TKILL, si_pid=11120, si_uid=1001} ---
11144 tgkill(11143, 11149, SIGURG)      = 0
11149 --- SIGURG {si_signo=SIGURG, si_code=SI_TKILL, si_pid=11143, si_uid=1001} ---
11151 tgkill(11150, 11153, SIGURG)      = 0
11153 --- SIGURG {si_signo=SIGURG, si_code=SI_TKILL, si_pid=11150, si_uid=1001} ---
11126 tgkill(11120, 11133, SIGURG)      = 0
11126 tgkill(11120, 11131, SIGURG)      = 0
11131 --- SIGURG {si_signo=SIGURG, si_code=SI_TKILL, si_pid=11120, si_uid=1001} ---
11133 --- SIGURG {si_signo=SIGURG, si_code=SI_TKILL, si_pid=11120, si_uid=1001} ---
11126 tgkill(11120, 11120, SIGURG)      = 0
11120 --- SIGURG {si_signo=SIGURG, si_code=SI_TKILL, si_pid=11120, si_uid=1001} ---
11144 tgkill(11143, 11143, SIGURG)      = 0
11143 --- SIGURG {si_signo=SIGURG, si_code=SI_TKILL, si_pid=11143, si_uid=1001} ---
11151 tgkill(11150, 11155, SIGURG)      = 0
11151 tgkill(11150, 11154, SIGURG)      = 0
11154 --- SIGURG {si_signo=SIGURG, si_code=SI_TKILL, si_pid=11150, si_uid=1001} ---
11151 tgkill(11150, 11150, SIGURG <unfinished ...>
11126 tgkill(11120, 11120, SIGURG <unfinished ...>
11151 <... tgkill resumed>)             = 0
11126 <... tgkill resumed>)             = 0
11150 --- SIGURG {si_signo=SIGURG, si_code=SI_TKILL, si_pid=11150, si_uid=1001} ---
11155 --- SIGURG {si_signo=SIGURG, si_code=SI_TKILL, si_pid=11150, si_uid=1001} ---
11133 tgkill(11120, 11131, SIGURG)      = 0
11120 --- SIGURG {si_signo=SIGURG, si_code=SI_TKILL, si_pid=11120, si_uid=1001} ---
11131 --- SIGURG {si_signo=SIGURG, si_code=SI_TKILL, si_pid=11120, si_uid=1001} ---
11151 tgkill(11150, 11153, SIGURG <unfinished ...>
11153 --- SIGURG {si_signo=SIGURG, si_code=SI_TKILL, si_pid=11150, si_uid=1001} ---
11151 <... tgkill resumed>)             = 0
11129 tgkill(11120, 11133, SIGURG)      = 0
11133 --- SIGURG {si_signo=SIGURG, si_code=SI_TKILL, si_pid=11120, si_uid=1001} ---
11133 tgkill(11120, 11131, SIGURG <unfinished ...>
11120 tgkill(11120, 11133, SIGURG <unfinished ...>
11133 <... tgkill resumed>)             = 0
11131 --- SIGURG {si_signo=SIGURG, si_code=SI_TKILL, si_pid=11120, si_uid=1001} ---
11133 --- SIGURG {si_signo=SIGURG, si_code=SI_TKILL, si_pid=11120, si_uid=1001} ---
11120 <... tgkill resumed>)             = 0
11144 tgkill(11143, 11143, SIGURG)      = 0
11126 tgkill(11120, 11133, SIGURG <unfinished ...>
11133 --- SIGURG {si_signo=SIGURG, si_code=SI_TKILL, si_pid=11120, si_uid=1001} ---
11126 <... tgkill resumed>)             = 0
11143 --- SIGURG {si_signo=SIGURG, si_code=SI_TKILL, si_pid=11143, si_uid=1001} ---
11126 tgkill(11120, 11131, SIGURG <unfinished ...>
11131 --- SIGURG {si_signo=SIGURG, si_code=SI_TKILL, si_pid=11120, si_uid=1001} ---
11126 <... tgkill resumed>)             = 0
11126 tgkill(11120, 11120, SIGURG)      = 0
11126 tgkill(11120, 11129, SIGURG <unfinished ...>
11129 --- SIGURG {si_signo=SIGURG, si_code=SI_TKILL, si_pid=11120, si_uid=1001} ---
11126 <... tgkill resumed>)             = 0
11126 tgkill(11120, 11129, SIGURG <unfinished ...>
11129 --- SIGURG {si_signo=SIGURG, si_code=SI_TKILL, si_pid=11120, si_uid=1001} ---
11126 <... tgkill resumed>)             = 0
11126 tgkill(11120, 11129, SIGURG <unfinished ...>
11129 --- SIGURG {si_signo=SIGURG, si_code=SI_TKILL, si_pid=11120, si_uid=1001} ---
11126 <... tgkill resumed>)             = 0
11126 tgkill(11120, 11129, SIGURG <unfinished ...>
11129 --- SIGURG {si_signo=SIGURG, si_code=SI_TKILL, si_pid=11120, si_uid=1001} ---
11126 <... tgkill resumed>)             = 0
11129 tgkill(11120, 11133, SIGURG <unfinished ...>
11120 --- SIGURG {si_signo=SIGURG, si_code=SI_TKILL, si_pid=11120, si_uid=1001} ---
11129 <... tgkill resumed>)             = 0
11133 --- SIGURG {si_signo=SIGURG, si_code=SI_TKILL, si_pid=11120, si_uid=1001} ---
11129 tgkill(11120, 11131, SIGURG)      = 0
11131 --- SIGURG {si_signo=SIGURG, si_code=SI_TKILL, si_pid=11120, si_uid=1001} ---
11129 tgkill(11120, 11120, SIGURG)      = 0
11120 --- SIGURG {si_signo=SIGURG, si_code=SI_TKILL, si_pid=11120, si_uid=1001} ---
11129 tgkill(11120, 11131, SIGURG)      = 0
11131 --- SIGURG {si_signo=SIGURG, si_code=SI_TKILL, si_pid=11120, si_uid=1001} ---
11129 tgkill(11120, 11120, SIGURG)      = 0
11120 --- SIGURG {si_signo=SIGURG, si_code=SI_TKILL, si_pid=11120, si_uid=1001} ---
11126 tgkill(11120, 11131, SIGURG <unfinished ...>
11131 --- SIGURG {si_signo=SIGURG, si_code=SI_TKILL, si_pid=11120, si_uid=1001} ---
11126 <... tgkill resumed>)             = 0
11131 tgkill(11120, 11133, SIGURG)      = 0
11131 tgkill(11120, 11120, SIGURG)      = 0
11120 --- SIGURG {si_signo=SIGURG, si_code=SI_TKILL, si_pid=11120, si_uid=1001} ---
11133 --- SIGURG {si_signo=SIGURG, si_code=SI_TKILL, si_pid=11120, si_uid=1001} ---
11131 tgkill(11120, 11129, SIGURG)      = 0
11129 --- SIGURG {si_signo=SIGURG, si_code=SI_TKILL, si_pid=11120, si_uid=1001} ---
11131 tgkill(11120, 11129, SIGURG)      = 0
11129 --- SIGURG {si_signo=SIGURG, si_code=SI_TKILL, si_pid=11120, si_uid=1001} ---
11131 tgkill(11120, 11133, SIGURG)      = 0
11133 --- SIGURG {si_signo=SIGURG, si_code=SI_TKILL, si_pid=11120, si_uid=1001} ---
11131 tgkill(11120, 11133, SIGURG)      = 0
11133 --- SIGURG {si_signo=SIGURG, si_code=SI_TKILL, si_pid=11120, si_uid=1001} ---
11150 exit_group(0)                     = ?
11155 +++ exited with 0 +++
11153 +++ exited with 0 +++
11151 +++ exited with 0 +++
11131 tgkill(11120, 11129, SIGURG)      = 0
11129 --- SIGURG {si_signo=SIGURG, si_code=SI_TKILL, si_pid=11120, si_uid=1001} ---
11131 tgkill(11120, 11133, SIGURG)      = 0
11154 +++ exited with 0 +++
11133 --- SIGURG {si_signo=SIGURG, si_code=SI_TKILL, si_pid=11120, si_uid=1001} ---
11131 tgkill(11120, 11120, SIGURG)      = 0
11131 tgkill(11120, 11129, SIGURG)      = 0
11129 --- SIGURG {si_signo=SIGURG, si_code=SI_TKILL, si_pid=11120, si_uid=1001} ---
11131 tgkill(11120, 11133, SIGURG)      = 0
11133 --- SIGURG {si_signo=SIGURG, si_code=SI_TKILL, si_pid=11120, si_uid=1001} ---
11131 tgkill(11120, 11133, SIGURG)      = 0
11131 tgkill(11120, 11129, SIGURG)      = 0
11129 --- SIGURG {si_signo=SIGURG, si_code=SI_TKILL, si_pid=11120, si_uid=1001} ---
11133 --- SIGURG {si_signo=SIGURG, si_code=SI_TKILL, si_pid=11120, si_uid=1001} ---
11131 tgkill(11120, 11133, SIGURG <unfinished ...>
11133 --- SIGURG {si_signo=SIGURG, si_code=SI_TKILL, si_pid=11120, si_uid=1001} ---
11131 <... tgkill resumed>)             = 0
11131 tgkill(11120, 11129, SIGURG)      = 0
11129 --- SIGURG {si_signo=SIGURG, si_code=SI_TKILL, si_pid=11120, si_uid=1001} ---
11120 --- SIGURG {si_signo=SIGURG, si_code=SI_TKILL, si_pid=11120, si_uid=1001} ---
11144 tgkill(11143, 11143, SIGURG)      = 0
11143 --- SIGURG {si_signo=SIGURG, si_code=SI_TKILL, si_pid=11143, si_uid=1001} ---
11152 +++ exited with 0 +++
11150 +++ exited with 0 +++
10597 --- SIGCHLD {si_signo=SIGCHLD, si_code=CLD_EXITED, si_pid=11150, si_uid=1001, si_status=0, si_utime=12 /* 0.12 s */, si_stime=2 /* 0.02 s */} ---
10660 <... waitid resumed>{si_signo=SIGCHLD, si_code=CLD_EXITED, si_pid=11150, si_uid=1001, si_status=0, si_utime=0, si_stime=0}, WEXITED, {ru_utime={tv_sec=0, tv_usec=129136}, ru_stime={tv_sec=0, tv_usec=21022}, ...}) = 0
11131 tgkill(11120, 11133, SIGURG)      = 0
11131 tgkill(11120, 11120, SIGURG)      = 0
11133 --- SIGURG {si_signo=SIGURG, si_code=SI_TKILL, si_pid=11120, si_uid=1001} ---
11131 tgkill(11120, 11129, SIGURG)      = 0
11129 --- SIGURG {si_signo=SIGURG, si_code=SI_TKILL, si_pid=11120, si_uid=1001} ---
11120 --- SIGURG {si_signo=SIGURG, si_code=SI_TKILL, si_pid=11120, si_uid=1001} ---
11131 tgkill(11120, 11133, SIGURG)      = 0
11133 --- SIGURG {si_signo=SIGURG, si_code=SI_TKILL, si_pid=11120, si_uid=1001} ---
11131 tgkill(11120, 11120, SIGURG)      = 0
11120 --- SIGURG {si_signo=SIGURG, si_code=SI_TKILL, si_pid=11120, si_uid=1001} ---
11131 tgkill(11120, 11120, SIGURG)      = 0
11120 --- SIGURG {si_signo=SIGURG, si_code=SI_TKILL, si_pid=11120, si_uid=1001} ---
11131 tgkill(11120, 11129, SIGURG)      = 0
11129 --- SIGURG {si_signo=SIGURG, si_code=SI_TKILL, si_pid=11120, si_uid=1001} ---
10594 tgkill(10593, 10597, SIGURG)      = 0
10597 --- SIGURG {si_signo=SIGURG, si_code=SI_TKILL, si_pid=10593, si_uid=1001} ---
11126 tgkill(11120, 11131, SIGURG)      = 0
11126 tgkill(11120, 11120, SIGURG)      = 0
11120 --- SIGURG {si_signo=SIGURG, si_code=SI_TKILL, si_pid=11120, si_uid=1001} ---
11126 tgkill(11120, 11129, SIGURG)      = 0
11129 --- SIGURG {si_signo=SIGURG, si_code=SI_TKILL, si_pid=11120, si_uid=1001} ---
11131 --- SIGURG {si_signo=SIGURG, si_code=SI_TKILL, si_pid=11120, si_uid=1001} ---
11126 tgkill(11120, 11133, SIGURG)      = 0
11133 --- SIGURG {si_signo=SIGURG, si_code=SI_TKILL, si_pid=11120, si_uid=1001} ---
11144 tgkill(11143, 11149, SIGURG)      = 0
11149 --- SIGURG {si_signo=SIGURG, si_code=SI_TKILL, si_pid=11143, si_uid=1001} ---
11126 tgkill(11120, 11131, SIGURG)      = 0
11126 tgkill(11120, 11120, SIGURG)      = 0
11120 --- SIGURG {si_signo=SIGURG, si_code=SI_TKILL, si_pid=11120, si_uid=1001} ---
11126 tgkill(11120, 11129, SIGURG)      = 0
11129 --- SIGURG {si_signo=SIGURG, si_code=SI_TKILL, si_pid=11120, si_uid=1001} ---
10594 tgkill(10593, 10660, SIGURG <unfinished ...>
11131 --- SIGURG {si_signo=SIGURG, si_code=SI_TKILL, si_pid=11120, si_uid=1001} ---
10594 <... tgkill resumed>)             = 0
10660 --- SIGURG {si_signo=SIGURG, si_code=SI_TKILL, si_pid=10593, si_uid=1001} ---
10594 tgkill(10593, 10660, SIGURG <unfinished ...>
10660 --- SIGURG {si_signo=SIGURG, si_code=SI_TKILL, si_pid=10593, si_uid=1001} ---
10594 <... tgkill resumed>)             = 0
10660 clone(child_stack=NULL, flags=CLONE_VM|CLONE_PIDFD|CLONE_VFORK|SIGCHLD <unfinished ...>
11156 execve("/opt/hostedtoolcache/go/1.27.1/arm64/pkg/tool/linux_arm64/compile", ["/opt/hostedtoolcache/go/1.27.1/a"..., "-o", "/tmp/go-build3805767581/b071/_pk"..., "-trimpath", "/tmp/go-build3805767581/b071=>", "-p", "regexp/syntax", "-lang=go1.27", "-std", "-complete", "-buildid", "1347f9jNZYWeZsu9p2wx/1347f9jNZYW"..., "-goversion", "go1.27.1", "-c=4", "-nolocalimports", "-importcfg", "/tmp/go-build3805767581/b071/imp"..., "-pack", "/opt/hostedtoolcache/go/1.27.1/a"..., "/opt/hostedtoolcache/go/1.27.1/a"..., "/opt/hostedtoolcache/go/1.27.1/a"..., "/opt/hostedtoolcache/go/1.27.1/a"..., "/opt/hostedtoolcache/go/1.27.1/a"..., "/opt/hostedtoolcache/go/1.27.1/a"..., "/opt/hostedtoolcache/go/1.27.1/a"..., "/opt/hostedtoolcache/go/1.27.1/a"...], 0x6c9426c42d88 /* 140 vars */ <unfinished ...>
10660 <... clone resumed>, parent_tid=[15]) = 11156
11156 <... execve resumed>)             = 0
10660 waitid(P_PIDFD, 15,  <unfinished ...>
11126 tgkill(11120, 11133, SIGURG)      = 0
11133 --- SIGURG {si_signo=SIGURG, si_code=SI_TKILL, si_pid=11120, si_uid=1001} ---
11144 tgkill(11143, 11149, SIGURG)      = 0
11149 --- SIGURG {si_signo=SIGURG, si_code=SI_TKILL, si_pid=11143, si_uid=1001} ---
11156 clone(child_stack=0x6a1f38ec4000, flags=CLONE_VM|CLONE_FS|CLONE_FILES|CLONE_SIGHAND|CLONE_THREAD|CLONE_SYSVSEM) = 11157
11156 clone(child_stack=0x6a1f38efc000, flags=CLONE_VM|CLONE_FS|CLONE_FILES|CLONE_SIGHAND|CLONE_THREAD|CLONE_SYSVSEM) = 11158
11157 tgkill(11156, 11156, SIGURG)      = 0
11156 clone(child_stack=0x6a1f38ef8000, flags=CLONE_VM|CLONE_FS|CLONE_FILES|CLONE_SIGHAND|CLONE_THREAD|CLONE_SYSVSEM) = 11159
11156 --- SIGURG {si_signo=SIGURG, si_code=SI_TKILL, si_pid=11156, si_uid=1001} ---
11158 clone(child_stack=0x6a1f38f20000, flags=CLONE_VM|CLONE_FS|CLONE_FILES|CLONE_SIGHAND|CLONE_THREAD|CLONE_SYSVSEM) = 11160
11158 clone(child_stack=0x6a1f38f1c000, flags=CLONE_VM|CLONE_FS|CLONE_FILES|CLONE_SIGHAND|CLONE_THREAD|CLONE_SYSVSEM) = 11161
11126 tgkill(11120, 11120, SIGURG)      = 0
11120 --- SIGURG {si_signo=SIGURG, si_code=SI_TKILL, si_pid=11120, si_uid=1001} ---
11146 tgkill(11143, 11149, SIGURG <unfinished ...>
11149 --- SIGURG {si_signo=SIGURG, si_code=SI_TKILL, si_pid=11143, si_uid=1001} ---
11146 <... tgkill resumed>)             = 0
11157 tgkill(11156, 11159, SIGURG)      = 0
11159 --- SIGURG {si_signo=SIGURG, si_code=SI_TKILL, si_pid=11156, si_uid=1001} ---
11149 tgkill(11143, 11146, SIGURG)      = 0
11146 --- SIGURG {si_signo=SIGURG, si_code=SI_TKILL, si_pid=11143, si_uid=1001} ---
11149 tgkill(11143, 11147, SIGURG)      = 0
11147 --- SIGURG {si_signo=SIGURG, si_code=SI_TKILL, si_pid=11143, si_uid=1001} ---
11126 tgkill(11120, 11131, SIGURG)      = 0
11131 --- SIGURG {si_signo=SIGURG, si_code=SI_TKILL, si_pid=11120, si_uid=1001} ---
11149 tgkill(11143, 11147, SIGURG)      = 0
11147 --- SIGURG {si_signo=SIGURG, si_code=SI_TKILL, si_pid=11143, si_uid=1001} ---
11144 tgkill(11143, 11149, SIGURG)      = 0
11149 --- SIGURG {si_signo=SIGURG, si_code=SI_TKILL, si_pid=11143, si_uid=1001} ---
11149 tgkill(11143, 11147, SIGURG)      = 0
11147 --- SIGURG {si_signo=SIGURG, si_code=SI_TKILL, si_pid=11143, si_uid=1001} ---
11131 exit_group(0)                     = ?
11133 +++ exited with 0 +++
11126 +++ exited with 0 +++
11131 +++ exited with 0 +++
11157 tgkill(11156, 11159, SIGURG <unfinished ...>
11159 --- SIGURG {si_signo=SIGURG, si_code=SI_TKILL, si_pid=11156, si_uid=1001} ---
11157 <... tgkill resumed>)             = 0
11129 +++ exited with 0 +++
11120 +++ exited with 0 +++
10594 --- SIGCHLD {si_signo=SIGCHLD, si_code=CLD_EXITED, si_pid=11120, si_uid=1001, si_status=0, si_utime=35 /* 0.35 s */, si_stime=4 /* 0.04 s */} ---
10593 <... waitid resumed>{si_signo=SIGCHLD, si_code=CLD_EXITED, si_pid=11120, si_uid=1001, si_status=0, si_utime=0, si_stime=0}, WEXITED, {ru_utime={tv_sec=0, tv_usec=350301}, ru_stime={tv_sec=0, tv_usec=47633}, ...}) = 0
10598 clone(child_stack=NULL, flags=CLONE_VM|CLONE_PIDFD|CLONE_VFORK|SIGCHLD <unfinished ...>
11162 execve("/opt/hostedtoolcache/go/1.27.1/arm64/pkg/tool/linux_arm64/asm", ["/opt/hostedtoolcache/go/1.27.1/a"..., "-p", "syscall", "-trimpath", "/tmp/go-build3805767581/b056=>", "-I", "/tmp/go-build3805767581/b056/", "-I", "/opt/hostedtoolcache/go/1.27.1/a"..., "-D", "GOOS_linux", "-D", "GOARCH_arm64", "-std", "-o", "/tmp/go-build3805767581/b056/asm"..., "/opt/hostedtoolcache/go/1.27.1/a"...], 0x6c9426c43688 /* 140 vars */ <unfinished ...>
10598 <... clone resumed>, parent_tid=[16]) = 11162
11162 <... execve resumed>)             = 0
10598 waitid(P_PIDFD, 16,  <unfinished ...>
11162 clone(child_stack=0x58fabac54000, flags=CLONE_VM|CLONE_FS|CLONE_FILES|CLONE_SIGHAND|CLONE_THREAD|CLONE_SYSVSEM) = 11163
11162 clone(child_stack=0x58fabac90000, flags=CLONE_VM|CLONE_FS|CLONE_FILES|CLONE_SIGHAND|CLONE_THREAD|CLONE_SYSVSEM) = 11164
11163 tgkill(11162, 11162, SIGURG)      = 0
11162 clone(child_stack=0x58fabac8c000, flags=CLONE_VM|CLONE_FS|CLONE_FILES|CLONE_SIGHAND|CLONE_THREAD|CLONE_SYSVSEM) = 11165
11162 --- SIGURG {si_signo=SIGURG, si_code=SI_TKILL, si_pid=11162, si_uid=1001} ---
11144 tgkill(11143, 11147, SIGURG)      = 0
11147 --- SIGURG {si_signo=SIGURG, si_code=SI_TKILL, si_pid=11143, si_uid=1001} ---
11162 exit_group(0)                     = ?
11165 +++ exited with 0 +++
11163 +++ exited with 0 +++
11157 tgkill(11156, 11159, SIGURG)      = 0
11159 --- SIGURG {si_signo=SIGURG, si_code=SI_TKILL, si_pid=11156, si_uid=1001} ---
11164 +++ exited with 0 +++
11162 +++ exited with 0 +++
10598 <... waitid resumed>{si_signo=SIGCHLD, si_code=CLD_EXITED, si_pid=11162, si_uid=1001, si_status=0, si_utime=0, si_stime=0}, WEXITED, {ru_utime={tv_sec=0, tv_usec=912}, ru_stime={tv_sec=0, tv_usec=5476}, ...}) = 0
10597 --- SIGCHLD {si_signo=SIGCHLD, si_code=CLD_EXITED, si_pid=11162, si_uid=1001, si_status=0, si_utime=0, si_stime=0} ---
10594 tgkill(10593, 10597, SIGURG)      = 0
10597 --- SIGURG {si_signo=SIGURG, si_code=SI_TKILL, si_pid=10593, si_uid=1001} ---
11144 tgkill(11143, 11147, SIGURG <unfinished ...>
11157 tgkill(11156, 11159, SIGURG <unfinished ...>
11144 <... tgkill resumed>)             = 0
11147 --- SIGURG {si_signo=SIGURG, si_code=SI_TKILL, si_pid=11143, si_uid=1001} ---
11157 <... tgkill resumed>)             = 0
11159 --- SIGURG {si_signo=SIGURG, si_code=SI_TKILL, si_pid=11156, si_uid=1001} ---
10594 tgkill(10593, 10593, SIGURG)      = 0
10593 --- SIGURG {si_signo=SIGURG, si_code=SI_TKILL, si_pid=10593, si_uid=1001} ---
11144 tgkill(11143, 11146, SIGURG <unfinished ...>
11157 tgkill(11156, 11156, SIGURG)      = 0
11157 tgkill(11156, 11161, SIGURG)      = 0
11161 --- SIGURG {si_signo=SIGURG, si_code=SI_TKILL, si_pid=11156, si_uid=1001} ---
11156 --- SIGURG {si_signo=SIGURG, si_code=SI_TKILL, si_pid=11156, si_uid=1001} ---
11157 tgkill(11156, 11158, SIGURG)      = 0
11146 --- SIGURG {si_signo=SIGURG, si_code=SI_TKILL, si_pid=11143, si_uid=1001} ---
11144 <... tgkill resumed>)             = 0
11144 tgkill(11143, 11143, SIGURG)      = 0
11144 tgkill(11143, 11149, SIGURG <unfinished ...>
11149 --- SIGURG {si_signo=SIGURG, si_code=SI_TKILL, si_pid=11143, si_uid=1001} ---
11144 <... tgkill resumed>)             = 0
11143 --- SIGURG {si_signo=SIGURG, si_code=SI_TKILL, si_pid=11143, si_uid=1001} ---
11158 --- SIGURG {si_signo=SIGURG, si_code=SI_TKILL, si_pid=11156, si_uid=1001} ---
10594 tgkill(10593, 10597, SIGURG)      = 0
10597 --- SIGURG {si_signo=SIGURG, si_code=SI_TKILL, si_pid=10593, si_uid=1001} ---
11157 tgkill(11156, 11159, SIGURG)      = 0
11159 --- SIGURG {si_signo=SIGURG, si_code=SI_TKILL, si_pid=11156, si_uid=1001} ---
11144 tgkill(11143, 11147, SIGURG <unfinished ...>
11147 --- SIGURG {si_signo=SIGURG, si_code=SI_TKILL, si_pid=11143, si_uid=1001} ---
11144 <... tgkill resumed>)             = 0
10594 tgkill(10593, 10593, SIGURG)      = 0
10593 --- SIGURG {si_signo=SIGURG, si_code=SI_TKILL, si_pid=10593, si_uid=1001} ---
11157 tgkill(11156, 11156, SIGURG)      = 0
11157 tgkill(11156, 11161, SIGURG)      = 0
11161 --- SIGURG {si_signo=SIGURG, si_code=SI_TKILL, si_pid=11156, si_uid=1001} ---
11156 --- SIGURG {si_signo=SIGURG, si_code=SI_TKILL, si_pid=11156, si_uid=1001} ---
11157 tgkill(11156, 11158, SIGURG)      = 0
11158 --- SIGURG {si_signo=SIGURG, si_code=SI_TKILL, si_pid=11156, si_uid=1001} ---
10596 clone(child_stack=NULL, flags=CLONE_VM|CLONE_PIDFD|CLONE_VFORK|SIGCHLD <unfinished ...>
10594 tgkill(10593, 10596, SIGURG)      = 0
11144 tgkill(11143, 11143, SIGURG)      = 0
11144 tgkill(11143, 11149, SIGURG)      = 0
11149 --- SIGURG {si_signo=SIGURG, si_code=SI_TKILL, si_pid=11143, si_uid=1001} ---
11166 execve("/opt/hostedtoolcache/go/1.27.1/arm64/pkg/tool/linux_arm64/compile", ["/opt/hostedtoolcache/go/1.27.1/a"..., "-o", "/tmp/go-build3805767581/b055/_pk"..., "-trimpath", "/tmp/go-build3805767581/b055=>", "-p", "time", "-lang=go1.27", "-std", "-buildid", "ugVlUXPBEcvi7OU42Lt6/ugVlUXPBEcv"..., "-goversion", "go1.27.1", "-c=4", "-nolocalimports", "-importcfg", "/tmp/go-build3805767581/b055/imp"..., "-pack", "/opt/hostedtoolcache/go/1.27.1/a"..., "/opt/hostedtoolcache/go/1.27.1/a"..., "/opt/hostedtoolcache/go/1.27.1/a"..., "/opt/hostedtoolcache/go/1.27.1/a"..., "/opt/hostedtoolcache/go/1.27.1/a"..., "/opt/hostedtoolcache/go/1.27.1/a"..., "/opt/hostedtoolcache/go/1.27.1/a"..., "/opt/hostedtoolcache/go/1.27.1/a"..., "/opt/hostedtoolcache/go/1.27.1/a"..., "/opt/hostedtoolcache/go/1.27.1/a"...], 0x6c9426f00908 /* 140 vars */ <unfinished ...>
10596 <... clone resumed>, parent_tid=[17]) = 11166
10596 --- SIGURG {si_signo=SIGURG, si_code=SI_TKILL, si_pid=10593, si_uid=1001} ---
11143 --- SIGURG {si_signo=SIGURG, si_code=SI_TKILL, si_pid=11143, si_uid=1001} ---
10599 waitid(P_PIDFD, 17,  <unfinished ...>
11166 <... execve resumed>)             = 0
11144 tgkill(11143, 11147, SIGURG <unfinished ...>
11147 --- SIGURG {si_signo=SIGURG, si_code=SI_TKILL, si_pid=11143, si_uid=1001} ---
11144 <... tgkill resumed>)             = 0
11157 tgkill(11156, 11159, SIGURG)      = 0
11159 --- SIGURG {si_signo=SIGURG, si_code=SI_TKILL, si_pid=11156, si_uid=1001} ---
11144 tgkill(11143, 11146, SIGURG <unfinished ...>
11157 tgkill(11156, 11156, SIGURG <unfinished ...>
11144 <... tgkill resumed>)             = 0
11157 <... tgkill resumed>)             = 0
11146 --- SIGURG {si_signo=SIGURG, si_code=SI_TKILL, si_pid=11143, si_uid=1001} ---
11157 tgkill(11156, 11161, SIGURG)      = 0
11161 --- SIGURG {si_signo=SIGURG, si_code=SI_TKILL, si_pid=11156, si_uid=1001} ---
11156 --- SIGURG {si_signo=SIGURG, si_code=SI_TKILL, si_pid=11156, si_uid=1001} ---
10597 clone(child_stack=NULL, flags=CLONE_VM|CLONE_PIDFD|CLONE_VFORK|SIGCHLD <unfinished ...>
11144 tgkill(11143, 11143, SIGURG)      = 0
11157 tgkill(11156, 11158, SIGURG)      = 0
10594 tgkill(10593, 10597, SIGURG)      = 0
11166 clone(child_stack=0x20c4c1462000, flags=CLONE_VM|CLONE_FS|CLONE_FILES|CLONE_SIGHAND|CLONE_THREAD|CLONE_SYSVSEM) = 11168
11166 clone(child_stack=0x20c4c149a000, flags=CLONE_VM|CLONE_FS|CLONE_FILES|CLONE_SIGHAND|CLONE_THREAD|CLONE_SYSVSEM) = 11169
11166 clone(child_stack=0x20c4c1496000, flags=CLONE_VM|CLONE_FS|CLONE_FILES|CLONE_SIGHAND|CLONE_THREAD|CLONE_SYSVSEM) = 11170
11167 execve("/opt/hostedtoolcache/go/1.27.1/arm64/pkg/tool/linux_arm64/compile", ["/opt/hostedtoolcache/go/1.27.1/a"..., "-o", "/tmp/go-build3805767581/b058/_pk"..., "-trimpath", "/tmp/go-build3805767581/b058=>", "-p", "internal/syscall/unix", "-lang=go1.27", "-std", "-complete", "-buildid", "nnYyJ-9iTKAoHsDLa8XG/nnYyJ-9iTKA"..., "-goversion", "go1.27.1", "-c=4", "-nolocalimports", "-importcfg", "/tmp/go-build3805767581/b058/imp"..., "-pack", "/opt/hostedtoolcache/go/1.27.1/a"..., "/opt/hostedtoolcache/go/1.27.1/a"..., "/opt/hostedtoolcache/go/1.27.1/a"..., "/opt/hostedtoolcache/go/1.27.1/a"..., "/opt/hostedtoolcache/go/1.27.1/a"..., "/opt/hostedtoolcache/go/1.27.1/a"..., "/opt/hostedtoolcache/go/1.27.1/a"..., "/opt/hostedtoolcache/go/1.27.1/a"..., "/opt/hostedtoolcache/go/1.27.1/a"..., "/opt/hostedtoolcache/go/1.27.1/a"..., "/opt/hostedtoolcache/go/1.27.1/a"..., "/opt/hostedtoolcache/go/1.27.1/a"..., "/opt/hostedtoolcache/go/1.27.1/a"..., ...], 0x6c9426c73688 /* 140 vars */ <unfinished ...>
10597 <... clone resumed>, parent_tid=[18]) = 11167
11167 <... execve resumed>)             = 0
10597 --- SIGURG {si_signo=SIGURG, si_code=SI_TKILL, si_pid=10593, si_uid=1001} ---
11169 clone(child_stack=0x20c4c1518000, flags=CLONE_VM|CLONE_FS|CLONE_FILES|CLONE_SIGHAND|CLONE_THREAD|CLONE_SYSVSEM <unfinished ...>
10594 tgkill(10593, 10597, SIGURG <unfinished ...>
11169 <... clone resumed>)              = 11171
10594 <... tgkill resumed>)             = 0
10597 --- SIGURG {si_signo=SIGURG, si_code=SI_TKILL, si_pid=10593, si_uid=1001} ---
11158 --- SIGURG {si_signo=SIGURG, si_code=SI_TKILL, si_pid=11156, si_uid=1001} ---
10597 waitid(P_PIDFD, 18,  <unfinished ...>
11143 --- SIGURG {si_signo=SIGURG, si_code=SI_TKILL, si_pid=11143, si_uid=1001} ---
11167 clone(child_stack=0x9950c6e6000, flags=CLONE_VM|CLONE_FS|CLONE_FILES|CLONE_SIGHAND|CLONE_THREAD|CLONE_SYSVSEM) = 11172
11167 clone(child_stack=0x9950c720000, flags=CLONE_VM|CLONE_FS|CLONE_FILES|CLONE_SIGHAND|CLONE_THREAD|CLONE_SYSVSEM <unfinished ...>
11172 tgkill(11167, 11167, SIGURG)      = 0
11167 <... clone resumed>)              = 11173
11167 --- SIGURG {si_signo=SIGURG, si_code=SI_TKILL, si_pid=11167, si_uid=1001} ---
11172 tgkill(11167, 11167, SIGURG)      = 0
11167 --- SIGURG {si_signo=SIGURG, si_code=SI_TKILL, si_pid=11167, si_uid=1001} ---
11157 tgkill(11156, 11159, SIGURG)      = 0
11144 tgkill(11143, 11147, SIGURG)      = 0
11147 --- SIGURG {si_signo=SIGURG, si_code=SI_TKILL, si_pid=11143, si_uid=1001} ---
11144 tgkill(11143, 11149, SIGURG <unfinished ...>
11149 --- SIGURG {si_signo=SIGURG, si_code=SI_TKILL, si_pid=11143, si_uid=1001} ---
11144 <... tgkill resumed>)             = 0
11167 clone(child_stack=0x9950c71c000, flags=CLONE_VM|CLONE_FS|CLONE_FILES|CLONE_SIGHAND|CLONE_THREAD|CLONE_SYSVSEM) = 11174
11159 --- SIGURG {si_signo=SIGURG, si_code=SI_TKILL, si_pid=11156, si_uid=1001} ---
11173 clone(child_stack=0x9950c738000, flags=CLONE_VM|CLONE_FS|CLONE_FILES|CLONE_SIGHAND|CLONE_THREAD|CLONE_SYSVSEM) = 11175
11167 clone(child_stack=0x9950c734000, flags=CLONE_VM|CLONE_FS|CLONE_FILES|CLONE_SIGHAND|CLONE_THREAD|CLONE_SYSVSEM) = 11176
11168 tgkill(11166, 11166, SIGURG)      = 0
11157 tgkill(11156, 11156, SIGURG)      = 0
11157 tgkill(11156, 11161, SIGURG)      = 0
11161 --- SIGURG {si_signo=SIGURG, si_code=SI_TKILL, si_pid=11156, si_uid=1001} ---
11157 tgkill(11156, 11158, SIGURG <unfinished ...>
11158 --- SIGURG {si_signo=SIGURG, si_code=SI_TKILL, si_pid=11156, si_uid=1001} ---
11157 <... tgkill resumed>)             = 0
11156 --- SIGURG {si_signo=SIGURG, si_code=SI_TKILL, si_pid=11156, si_uid=1001} ---
11166 --- SIGURG {si_signo=SIGURG, si_code=SI_TKILL, si_pid=11166, si_uid=1001} ---
11144 tgkill(11143, 11146, SIGURG <unfinished ...>
11168 tgkill(11166, 11166, SIGURG)      = 0
11144 <... tgkill resumed>)             = 0
11146 --- SIGURG {si_signo=SIGURG, si_code=SI_TKILL, si_pid=11143, si_uid=1001} ---
11144 tgkill(11143, 11143, SIGURG)      = 0
11166 --- SIGURG {si_signo=SIGURG, si_code=SI_TKILL, si_pid=11166, si_uid=1001} ---
11143 --- SIGURG {si_signo=SIGURG, si_code=SI_TKILL, si_pid=11143, si_uid=1001} ---
11168 tgkill(11166, 11166, SIGURG)      = 0
11166 --- SIGURG {si_signo=SIGURG, si_code=SI_TKILL, si_pid=11166, si_uid=1001} ---
11168 clone(child_stack=0x20c4c18f4000, flags=CLONE_VM|CLONE_FS|CLONE_FILES|CLONE_SIGHAND|CLONE_THREAD|CLONE_SYSVSEM) = 11177
11172 tgkill(11167, 11167, SIGURG)      = 0
11167 --- SIGURG {si_signo=SIGURG, si_code=SI_TKILL, si_pid=11167, si_uid=1001} ---
11168 clone(child_stack=0x20c4c19ce000, flags=CLONE_VM|CLONE_FS|CLONE_FILES|CLONE_SIGHAND|CLONE_THREAD|CLONE_SYSVSEM) = 11178
11144 tgkill(11143, 11147, SIGURG)      = 0
11144 tgkill(11143, 11149, SIGURG)      = 0
11149 --- SIGURG {si_signo=SIGURG, si_code=SI_TKILL, si_pid=11143, si_uid=1001} ---
11147 --- SIGURG {si_signo=SIGURG, si_code=SI_TKILL, si_pid=11143, si_uid=1001} ---
11172 tgkill(11167, 11167, SIGURG)      = 0
11167 --- SIGURG {si_signo=SIGURG, si_code=SI_TKILL, si_pid=11167, si_uid=1001} ---
11168 tgkill(11166, 11178, SIGURG)      = 0
11157 tgkill(11156, 11156, SIGURG)      = 0
11157 tgkill(11156, 11161, SIGURG <unfinished ...>
11178 --- SIGURG {si_signo=SIGURG, si_code=SI_TKILL, si_pid=11166, si_uid=1001} ---
11157 <... tgkill resumed>)             = 0
11156 --- SIGURG {si_signo=SIGURG, si_code=SI_TKILL, si_pid=11156, si_uid=1001} ---
11157 tgkill(11156, 11158, SIGURG <unfinished ...>
11161 --- SIGURG {si_signo=SIGURG, si_code=SI_TKILL, si_pid=11156, si_uid=1001} ---
11157 <... tgkill resumed>)             = 0
11168 tgkill(11166, 11178, SIGURG <unfinished ...>
11144 tgkill(11143, 11146, SIGURG <unfinished ...>
11168 <... tgkill resumed>)             = 0
11144 <... tgkill resumed>)             = 0
11158 --- SIGURG {si_signo=SIGURG, si_code=SI_TKILL, si_pid=11156, si_uid=1001} ---
11172 tgkill(11167, 11174, SIGURG)      = 0
11174 --- SIGURG {si_signo=SIGURG, si_code=SI_TKILL, si_pid=11167, si_uid=1001} ---
11146 --- SIGURG {si_signo=SIGURG, si_code=SI_TKILL, si_pid=11143, si_uid=1001} ---
11178 --- SIGURG {si_signo=SIGURG, si_code=SI_TKILL, si_pid=11166, si_uid=1001} ---
11168 tgkill(11166, 11178, SIGURG)      = 0
11178 --- SIGURG {si_signo=SIGURG, si_code=SI_TKILL, si_pid=11166, si_uid=1001} ---
11144 tgkill(11143, 11147, SIGURG)      = 0
11147 --- SIGURG {si_signo=SIGURG, si_code=SI_TKILL, si_pid=11143, si_uid=1001} ---
11144 tgkill(11143, 11143, SIGURG)      = 0
11143 --- SIGURG {si_signo=SIGURG, si_code=SI_TKILL, si_pid=11143, si_uid=1001} ---
11144 tgkill(11143, 11149, SIGURG)      = 0
11149 --- SIGURG {si_signo=SIGURG, si_code=SI_TKILL, si_pid=11143, si_uid=1001} ---
11168 tgkill(11166, 11166, SIGURG)      = 0
11166 --- SIGURG {si_signo=SIGURG, si_code=SI_TKILL, si_pid=11166, si_uid=1001} ---
11143 tgkill(11143, 11146, SIGURG)      = 0
11146 --- SIGURG {si_signo=SIGURG, si_code=SI_TKILL, si_pid=11143, si_uid=1001} ---
11143 tgkill(11143, 11147, SIGURG)      = 0
11143 tgkill(11143, 11149, SIGURG)      = 0
11149 --- SIGURG {si_signo=SIGURG, si_code=SI_TKILL, si_pid=11143, si_uid=1001} ---
11147 --- SIGURG {si_signo=SIGURG, si_code=SI_TKILL, si_pid=11143, si_uid=1001} ---
11143 tgkill(11143, 11146, SIGURG)      = 0
11146 --- SIGURG {si_signo=SIGURG, si_code=SI_TKILL, si_pid=11143, si_uid=1001} ---
11146 tgkill(11143, 11143, SIGURG)      = 0
11172 tgkill(11167, 11174, SIGURG)      = 0
11174 --- SIGURG {si_signo=SIGURG, si_code=SI_TKILL, si_pid=11167, si_uid=1001} ---
11143 --- SIGURG {si_signo=SIGURG, si_code=SI_TKILL, si_pid=11143, si_uid=1001} ---
11146 tgkill(11143, 11143, SIGURG)      = 0
11143 --- SIGURG {si_signo=SIGURG, si_code=SI_TKILL, si_pid=11143, si_uid=1001} ---
11157 tgkill(11156, 11156, SIGURG)      = 0
11156 --- SIGURG {si_signo=SIGURG, si_code=SI_TKILL, si_pid=11156, si_uid=1001} ---
11144 tgkill(11143, 11146, SIGURG)      = 0
11168 tgkill(11166, 11170, SIGURG)      = 0
11172 tgkill(11167, 11173, SIGURG)      = 0
11144 tgkill(11143, 11147, SIGURG <unfinished ...>
11172 tgkill(11167, 11167, SIGURG)      = 0
11172 tgkill(11167, 11176, SIGURG)      = 0
11167 --- SIGURG {si_signo=SIGURG, si_code=SI_TKILL, si_pid=11167, si_uid=1001} ---
11144 <... tgkill resumed>)             = 0
11147 --- SIGURG {si_signo=SIGURG, si_code=SI_TKILL, si_pid=11143, si_uid=1001} ---
11146 --- SIGURG {si_signo=SIGURG, si_code=SI_TKILL, si_pid=11143, si_uid=1001} ---
11170 --- SIGURG {si_signo=SIGURG, si_code=SI_TKILL, si_pid=11166, si_uid=1001} ---
11176 --- SIGURG {si_signo=SIGURG, si_code=SI_TKILL, si_pid=11167, si_uid=1001} ---
11173 --- SIGURG {si_signo=SIGURG, si_code=SI_TKILL, si_pid=11167, si_uid=1001} ---
11176 exit_group(0)                     = ?
11172 +++ exited with 0 +++
11175 +++ exited with 0 +++
11174 +++ exited with 0 +++
11173 +++ exited with 0 +++
11157 tgkill(11156, 11156, SIGURG)      = 0
11156 --- SIGURG {si_signo=SIGURG, si_code=SI_TKILL, si_pid=11156, si_uid=1001} ---
11144 tgkill(11143, 11146, SIGURG)      = 0
11146 --- SIGURG {si_signo=SIGURG, si_code=SI_TKILL, si_pid=11143, si_uid=1001} ---
11144 tgkill(11143, 11143, SIGURG)      = 0
11143 --- SIGURG {si_signo=SIGURG, si_code=SI_TKILL, si_pid=11143, si_uid=1001} ---
11144 tgkill(11143, 11149, SIGURG)      = 0
11149 --- SIGURG {si_signo=SIGURG, si_code=SI_TKILL, si_pid=11143, si_uid=1001} ---
11176 +++ exited with 0 +++
11167 +++ exited with 0 +++
10597 <... waitid resumed>{si_signo=SIGCHLD, si_code=CLD_EXITED, si_pid=11167, si_uid=1001, si_status=0, si_utime=0, si_stime=0}, WEXITED, {ru_utime={tv_sec=0, tv_usec=30313}, ru_stime={tv_sec=0, tv_usec=11659}, ...}) = 0
10597 --- SIGCHLD {si_signo=SIGCHLD, si_code=CLD_EXITED, si_pid=11167, si_uid=1001, si_status=0, si_utime=2 /* 0.02 s */, si_stime=1 /* 0.01 s */} ---
11168 tgkill(11166, 11178, SIGURG)      = 0
11178 --- SIGURG {si_signo=SIGURG, si_code=SI_TKILL, si_pid=11166, si_uid=1001} ---
11144 tgkill(11143, 11146, SIGURG <unfinished ...>
11146 --- SIGURG {si_signo=SIGURG, si_code=SI_TKILL, si_pid=11143, si_uid=1001} ---
11144 <... tgkill resumed>)             = 0
11144 tgkill(11143, 11147, SIGURG)      = 0
11147 --- SIGURG {si_signo=SIGURG, si_code=SI_TKILL, si_pid=11143, si_uid=1001} ---
11146 tgkill(11143, 11147, SIGURG)      = 0
11147 --- SIGURG {si_signo=SIGURG, si_code=SI_TKILL, si_pid=11143, si_uid=1001} ---
11149 tgkill(11143, 11143, SIGURG)      = 0
11146 tgkill(11143, 11149, SIGURG)      = 0
11143 --- SIGURG {si_signo=SIGURG, si_code=SI_TKILL, si_pid=11143, si_uid=1001} ---
10594 tgkill(10593, 10597, SIGURG)      = 0
11149 --- SIGURG {si_signo=SIGURG, si_code=SI_TKILL, si_pid=11143, si_uid=1001} ---
11146 tgkill(11143, 11147, SIGURG <unfinished ...>
10597 --- SIGURG {si_signo=SIGURG, si_code=SI_TKILL, si_pid=10593, si_uid=1001} ---
11146 <... tgkill resumed>)             = 0
11147 --- SIGURG {si_signo=SIGURG, si_code=SI_TKILL, si_pid=11143, si_uid=1001} ---
11143 tgkill(11143, 11146, SIGURG)      = 0
11146 --- SIGURG {si_signo=SIGURG, si_code=SI_TKILL, si_pid=11143, si_uid=1001} ---
11143 tgkill(11143, 11147, SIGURG)      = 0
11147 --- SIGURG {si_signo=SIGURG, si_code=SI_TKILL, si_pid=11143, si_uid=1001} ---
11143 tgkill(11143, 11149, SIGURG <unfinished ...>
11156 exit_group(0)                     = ?
11159 +++ exited with 0 +++
11158 +++ exited with 0 +++
11143 <... tgkill resumed>)             = 0
11160 +++ exited with 0 +++
11157 +++ exited with 0 +++
11149 --- SIGURG {si_signo=SIGURG, si_code=SI_TKILL, si_pid=11143, si_uid=1001} ---
11143 tgkill(11143, 11146, SIGURG <unfinished ...>
11146 --- SIGURG {si_signo=SIGURG, si_code=SI_TKILL, si_pid=11143, si_uid=1001} ---
11143 <... tgkill resumed>)             = 0
11143 tgkill(11143, 11147, SIGURG)      = 0
11147 --- SIGURG {si_signo=SIGURG, si_code=SI_TKILL, si_pid=11143, si_uid=1001} ---
10596 clone(child_stack=NULL, flags=CLONE_VM|CLONE_PIDFD|CLONE_VFORK|SIGCHLD <unfinished ...>
10594 tgkill(10593, 10596, SIGURG)      = 0
11161 +++ exited with 0 +++
11156 +++ exited with 0 +++
10598 --- SIGCHLD {si_signo=SIGCHLD, si_code=CLD_EXITED, si_pid=11156, si_uid=1001, si_status=0, si_utime=21 /* 0.21 s */, si_stime=3 /* 0.03 s */} ---
10660 <... waitid resumed>{si_signo=SIGCHLD, si_code=CLD_EXITED, si_pid=11156, si_uid=1001, si_status=0, si_utime=0, si_stime=0}, WEXITED, {ru_utime={tv_sec=0, tv_usec=216766}, ru_stime={tv_sec=0, tv_usec=35632}, ...}) = 0
11168 tgkill(11166, 11166, SIGURG)      = 0
11166 --- SIGURG {si_signo=SIGURG, si_code=SI_TKILL, si_pid=11166, si_uid=1001} ---
10594 tgkill(10593, 10660, SIGURG)      = 0
10660 --- SIGURG {si_signo=SIGURG, si_code=SI_TKILL, si_pid=10593, si_uid=1001} ---
11179 execve("/opt/hostedtoolcache/go/1.27.1/arm64/pkg/tool/linux_arm64/compile", ["/opt/hostedtoolcache/go/1.27.1/a"..., "-o", "/tmp/go-build3805767581/b059/_pk"..., "-trimpath", "/tmp/go-build3805767581/b059=>", "-p", "internal/syscall/execenv", "-lang=go1.27", "-std", "-complete", "-buildid", "_slFfpwp5FkRttF8-o80/_slFfpwp5Fk"..., "-goversion", "go1.27.1", "-c=4", "-nolocalimports", "-importcfg", "/tmp/go-build3805767581/b059/imp"..., "-pack", "/opt/hostedtoolcache/go/1.27.1/a"...], 0x6c9426c42d88 /* 140 vars */ <unfinished ...>
10660 clone(child_stack=NULL, flags=CLONE_VM|CLONE_PIDFD|CLONE_VFORK|SIGCHLD <unfinished ...>
10596 <... clone resumed>, parent_tid=[18]) = 11179
11179 <... execve resumed>)             = 0
10596 --- SIGURG {si_signo=SIGURG, si_code=SI_TKILL, si_pid=10593, si_uid=1001} ---
11144 tgkill(11143, 11149, SIGURG)      = 0
11149 --- SIGURG {si_signo=SIGURG, si_code=SI_TKILL, si_pid=11143, si_uid=1001} ---
11144 tgkill(11143, 11146, SIGURG)      = 0
11144 tgkill(11143, 11143, SIGURG <unfinished ...>
11146 --- SIGURG {si_signo=SIGURG, si_code=SI_TKILL, si_pid=11143, si_uid=1001} ---
11144 <... tgkill resumed>)             = 0
11143 --- SIGURG {si_signo=SIGURG, si_code=SI_TKILL, si_pid=11143, si_uid=1001} ---
11144 tgkill(11143, 11147, SIGURG <unfinished ...>
11147 --- SIGURG {si_signo=SIGURG, si_code=SI_TKILL, si_pid=11143, si_uid=1001} ---
11144 <... tgkill resumed>)             = 0
11168 tgkill(11166, 11170, SIGURG)      = 0
10594 tgkill(10593, 10660, SIGURG)      = 0
11170 --- SIGURG {si_signo=SIGURG, si_code=SI_TKILL, si_pid=11166, si_uid=1001} ---
11180 execve("/opt/hostedtoolcache/go/1.27.1/arm64/pkg/tool/linux_arm64/compile", ["/opt/hostedtoolcache/go/1.27.1/a"..., "-o", "/tmp/go-build3805767581/b070/_pk"..., "-trimpath", "/tmp/go-build3805767581/b070=>", "-p", "regexp", "-lang=go1.27", "-std", "-complete", "-buildid", "Brb8s6QPGttxmhx85YD5/Brb8s6QPGtt"..., "-goversion", "go1.27.1", "-c=4", "-nolocalimports", "-importcfg", "/tmp/go-build3805767581/b070/imp"..., "-pack", "/opt/hostedtoolcache/go/1.27.1/a"..., "/opt/hostedtoolcache/go/1.27.1/a"..., "/opt/hostedtoolcache/go/1.27.1/a"..., "/opt/hostedtoolcache/go/1.27.1/a"...], 0x6c9426f00908 /* 140 vars */) = 0
10660 <... clone resumed>, parent_tid=[22]) = 11180
10660 --- SIGURG {si_signo=SIGURG, si_code=SI_TKILL, si_pid=10593, si_uid=1001} ---
10594 tgkill(10593, 10596, SIGURG)      = 0
10596 --- SIGURG {si_signo=SIGURG, si_code=SI_TKILL, si_pid=10593, si_uid=1001} ---
10594 tgkill(10593, 10596, SIGURG)      = 0
10596 --- SIGURG {si_signo=SIGURG, si_code=SI_TKILL, si_pid=10593, si_uid=1001} ---
10660 waitid(P_PIDFD, 22,  <unfinished ...>
10595 waitid(P_PIDFD, 18,  <unfinished ...>
11179 clone(child_stack=0x1819d15ae000, flags=CLONE_VM|CLONE_FS|CLONE_FILES|CLONE_SIGHAND|CLONE_THREAD|CLONE_SYSVSEM) = 11181
11179 clone(child_stack=0x1819d15e6000, flags=CLONE_VM|CLONE_FS|CLONE_FILES|CLONE_SIGHAND|CLONE_THREAD|CLONE_SYSVSEM) = 11182
11179 clone(child_stack=0x1819d15e2000, flags=CLONE_VM|CLONE_FS|CLONE_FILES|CLONE_SIGHAND|CLONE_THREAD|CLONE_SYSVSEM) = 11183
11144 tgkill(11143, 11146, SIGURG)      = 0
11179 clone(child_stack=0x1819d1690000, flags=CLONE_VM|CLONE_FS|CLONE_FILES|CLONE_SIGHAND|CLONE_THREAD|CLONE_SYSVSEM <unfinished ...>
11144 tgkill(11143, 11143, SIGURG)      = 0
11143 --- SIGURG {si_signo=SIGURG, si_code=SI_TKILL, si_pid=11143, si_uid=1001} ---
11179 <... clone resumed>)              = 11184
11182 clone(child_stack=0x1819d168c000, flags=CLONE_VM|CLONE_FS|CLONE_FILES|CLONE_SIGHAND|CLONE_THREAD|CLONE_SYSVSEM <unfinished ...>
11180 clone(child_stack=0x6d1f38728000, flags=CLONE_VM|CLONE_FS|CLONE_FILES|CLONE_SIGHAND|CLONE_THREAD|CLONE_SYSVSEM) = 11186
11180 clone(child_stack=0x6d1f38760000, flags=CLONE_VM|CLONE_FS|CLONE_FILES|CLONE_SIGHAND|CLONE_THREAD|CLONE_SYSVSEM) = 11187
11146 --- SIGURG {si_signo=SIGURG, si_code=SI_TKILL, si_pid=11143, si_uid=1001} ---
11180 clone(child_stack=0x6d1f3875c000, flags=CLONE_VM|CLONE_FS|CLONE_FILES|CLONE_SIGHAND|CLONE_THREAD|CLONE_SYSVSEM) = 11188
11187 clone(child_stack=0x6d1f38798000, flags=CLONE_VM|CLONE_FS|CLONE_FILES|CLONE_SIGHAND|CLONE_THREAD|CLONE_SYSVSEM) = 11189
11187 clone(child_stack=0x6d1f387a8000, flags=CLONE_VM|CLONE_FS|CLONE_FILES|CLONE_SIGHAND|CLONE_THREAD|CLONE_SYSVSEM <unfinished ...>
11182 <... clone resumed>)              = 11185
11187 <... clone resumed>)              = 11190
11168 tgkill(11166, 11166, SIGURG)      = 0
11166 --- SIGURG {si_signo=SIGURG, si_code=SI_TKILL, si_pid=11166, si_uid=1001} ---
11144 tgkill(11143, 11149, SIGURG)      = 0
11144 tgkill(11143, 11147, SIGURG)      = 0
11149 --- SIGURG {si_signo=SIGURG, si_code=SI_TKILL, si_pid=11143, si_uid=1001} ---
11147 --- SIGURG {si_signo=SIGURG, si_code=SI_TKILL, si_pid=11143, si_uid=1001} ---
11181 tgkill(11179, 11179, SIGURG)      = 0
11179 --- SIGURG {si_signo=SIGURG, si_code=SI_TKILL, si_pid=11179, si_uid=1001} ---
11186 tgkill(11180, 11190, SIGURG)      = 0
11190 --- SIGURG {si_signo=SIGURG, si_code=SI_TKILL, si_pid=11180, si_uid=1001} ---
11168 tgkill(11166, 11178, SIGURG)      = 0
11178 --- SIGURG {si_signo=SIGURG, si_code=SI_TKILL, si_pid=11166, si_uid=1001} ---
11181 tgkill(11179, 11182, SIGURG)      = 0
11182 --- SIGURG {si_signo=SIGURG, si_code=SI_TKILL, si_pid=11179, si_uid=1001} ---
11144 tgkill(11143, 11149, SIGURG)      = 0
11149 --- SIGURG {si_signo=SIGURG, si_code=SI_TKILL, si_pid=11143, si_uid=1001} ---
11182 exit_group(0)                     = ?
11185 +++ exited with 0 +++
11184 +++ exited with 0 +++
11183 +++ exited with 0 +++
11181 +++ exited with 0 +++
11186 tgkill(11180, 11190, SIGURG)      = 0
11182 +++ exited with 0 +++
11179 +++ exited with 0 +++
10595 <... waitid resumed>{si_signo=SIGCHLD, si_code=CLD_EXITED, si_pid=11179, si_uid=1001, si_status=0, si_utime=0, si_stime=0}, WEXITED, {ru_utime={tv_sec=0, tv_usec=13004}, ru_stime={tv_sec=0, tv_usec=4876}, ...}) = 0
11190 --- SIGURG {si_signo=SIGURG, si_code=SI_TKILL, si_pid=11180, si_uid=1001} ---
10596 --- SIGCHLD {si_signo=SIGCHLD, si_code=CLD_EXITED, si_pid=11179, si_uid=1001, si_status=0, si_utime=0, si_stime=0} ---
11168 tgkill(11166, 11171, SIGURG <unfinished ...>
11171 --- SIGURG {si_signo=SIGURG, si_code=SI_TKILL, si_pid=11166, si_uid=1001} ---
11168 <... tgkill resumed>)             = 0
11168 tgkill(11166, 11170, SIGURG <unfinished ...>
11170 --- SIGURG {si_signo=SIGURG, si_code=SI_TKILL, si_pid=11166, si_uid=1001} ---
11168 <... tgkill resumed>)             = 0
11168 tgkill(11166, 11166, SIGURG)      = 0
11166 --- SIGURG {si_signo=SIGURG, si_code=SI_TKILL, si_pid=11166, si_uid=1001} ---
11168 tgkill(11166, 11178, SIGURG <unfinished ...>
10594 tgkill(10593, 10598, SIGURG)      = 0
10598 --- SIGURG {si_signo=SIGURG, si_code=SI_TKILL, si_pid=10593, si_uid=1001} ---
11178 --- SIGURG {si_signo=SIGURG, si_code=SI_TKILL, si_pid=11166, si_uid=1001} ---
11168 <... tgkill resumed>)             = 0
11186 tgkill(11180, 11180, SIGURG)      = 0
11180 --- SIGURG {si_signo=SIGURG, si_code=SI_TKILL, si_pid=11180, si_uid=1001} ---
11144 tgkill(11143, 11149, SIGURG)      = 0
11149 --- SIGURG {si_signo=SIGURG, si_code=SI_TKILL, si_pid=11143, si_uid=1001} ---
11168 tgkill(11166, 11171, SIGURG)      = 0
11168 tgkill(11166, 11170, SIGURG)      = 0
11170 --- SIGURG {si_signo=SIGURG, si_code=SI_TKILL, si_pid=11166, si_uid=1001} ---
11171 --- SIGURG {si_signo=SIGURG, si_code=SI_TKILL, si_pid=11166, si_uid=1001} ---
11144 tgkill(11143, 11143, SIGURG)      = 0
11143 --- SIGURG {si_signo=SIGURG, si_code=SI_TKILL, si_pid=11143, si_uid=1001} ---
11168 tgkill(11166, 11166, SIGURG)      = 0
11166 --- SIGURG {si_signo=SIGURG, si_code=SI_TKILL, si_pid=11166, si_uid=1001} ---
11168 tgkill(11166, 11178, SIGURG)      = 0
11178 --- SIGURG {si_signo=SIGURG, si_code=SI_TKILL, si_pid=11166, si_uid=1001} ---
11186 tgkill(11180, 11187, SIGURG)      = 0
11187 --- SIGURG {si_signo=SIGURG, si_code=SI_TKILL, si_pid=11180, si_uid=1001} ---
11168 tgkill(11166, 11171, SIGURG)      = 0
11171 --- SIGURG {si_signo=SIGURG, si_code=SI_TKILL, si_pid=11166, si_uid=1001} ---
11168 tgkill(11166, 11170, SIGURG)      = 0
11170 --- SIGURG {si_signo=SIGURG, si_code=SI_TKILL, si_pid=11166, si_uid=1001} ---
11171 tgkill(11166, 11178, SIGURG)      = 0
11178 --- SIGURG {si_signo=SIGURG, si_code=SI_TKILL, si_pid=11166, si_uid=1001} ---
11170 tgkill(11166, 11171, SIGURG <unfinished ...>
11171 --- SIGURG {si_signo=SIGURG, si_code=SI_TKILL, si_pid=11166, si_uid=1001} ---
11170 <... tgkill resumed>)             = 0
11186 tgkill(11180, 11190, SIGURG)      = 0
11190 --- SIGURG {si_signo=SIGURG, si_code=SI_TKILL, si_pid=11180, si_uid=1001} ---
11168 tgkill(11166, 11178, SIGURG <unfinished ...>
11178 --- SIGURG {si_signo=SIGURG, si_code=SI_TKILL, si_pid=11166, si_uid=1001} ---
11168 <... tgkill resumed>)             = 0
11166 tgkill(11166, 11171, SIGURG)      = 0
11171 --- SIGURG {si_signo=SIGURG, si_code=SI_TKILL, si_pid=11166, si_uid=1001} ---
11166 tgkill(11166, 11170, SIGURG)      = 0
11166 tgkill(11166, 11171, SIGURG <unfinished ...>
11171 --- SIGURG {si_signo=SIGURG, si_code=SI_TKILL, si_pid=11166, si_uid=1001} ---
11166 <... tgkill resumed>)             = 0
11166 tgkill(11166, 11178, SIGURG <unfinished ...>
11178 --- SIGURG {si_signo=SIGURG, si_code=SI_TKILL, si_pid=11166, si_uid=1001} ---
11166 <... tgkill resumed>)             = 0
11170 --- SIGURG {si_signo=SIGURG, si_code=SI_TKILL, si_pid=11166, si_uid=1001} ---
11166 tgkill(11166, 11171, SIGURG)      = 0
11166 tgkill(11166, 11170, SIGURG)      = 0
11170 --- SIGURG {si_signo=SIGURG, si_code=SI_TKILL, si_pid=11166, si_uid=1001} ---
11171 --- SIGURG {si_signo=SIGURG, si_code=SI_TKILL, si_pid=11166, si_uid=1001} ---
11168 tgkill(11166, 11171, SIGURG)      = 0
11171 --- SIGURG {si_signo=SIGURG, si_code=SI_TKILL, si_pid=11166, si_uid=1001} ---
11144 tgkill(11143, 11143, SIGURG)      = 0
11143 --- SIGURG {si_signo=SIGURG, si_code=SI_TKILL, si_pid=11143, si_uid=1001} ---
11147 exit_group(0)                     = ?
11149 +++ exited with 0 +++
11148 +++ exited with 0 +++
11147 +++ exited with 0 +++
11144 +++ exited with 0 +++
11186 tgkill(11180, 11190, SIGURG <unfinished ...>
11190 --- SIGURG {si_signo=SIGURG, si_code=SI_TKILL, si_pid=11180, si_uid=1001} ---
11186 <... tgkill resumed>)             = 0
11146 +++ exited with 0 +++
11168 tgkill(11166, 11166, SIGURG)      = 0
11168 tgkill(11166, 11178, SIGURG)      = 0
11178 --- SIGURG {si_signo=SIGURG, si_code=SI_TKILL, si_pid=11166, si_uid=1001} ---
11168 tgkill(11166, 11170, SIGURG)      = 0
11170 --- SIGURG {si_signo=SIGURG, si_code=SI_TKILL, si_pid=11166, si_uid=1001} ---
11166 --- SIGURG {si_signo=SIGURG, si_code=SI_TKILL, si_pid=11166, si_uid=1001} ---
11178 tgkill(11166, 11171, SIGURG)      = 0
11171 --- SIGURG {si_signo=SIGURG, si_code=SI_TKILL, si_pid=11166, si_uid=1001} ---
11186 tgkill(11180, 11187, SIGURG)      = 0
11187 --- SIGURG {si_signo=SIGURG, si_code=SI_TKILL, si_pid=11180, si_uid=1001} ---
11186 tgkill(11180, 11180, SIGURG)      = 0
11180 --- SIGURG {si_signo=SIGURG, si_code=SI_TKILL, si_pid=11180, si_uid=1001} ---
11186 tgkill(11180, 11188, SIGURG)      = 0
11188 --- SIGURG {si_signo=SIGURG, si_code=SI_TKILL, si_pid=11180, si_uid=1001} ---
11178 tgkill(11166, 11166, SIGURG)      = 0
11166 --- SIGURG {si_signo=SIGURG, si_code=SI_TKILL, si_pid=11166, si_uid=1001} ---
11178 tgkill(11166, 11171, SIGURG)      = 0
11171 --- SIGURG {si_signo=SIGURG, si_code=SI_TKILL, si_pid=11166, si_uid=1001} ---
11178 tgkill(11166, 11170, SIGURG)      = 0
11170 --- SIGURG {si_signo=SIGURG, si_code=SI_TKILL, si_pid=11166, si_uid=1001} ---
11145 +++ exited with 0 +++
11143 +++ exited with 0 +++
10600 <... waitid resumed>{si_signo=SIGCHLD, si_code=CLD_EXITED, si_pid=11143, si_uid=1001, si_status=0, si_utime=0, si_stime=0}, WEXITED, {ru_utime={tv_sec=0, tv_usec=856050}, ru_stime={tv_sec=0, tv_usec=66071}, ...}) = 0
10595 --- SIGCHLD {si_signo=SIGCHLD, si_code=CLD_EXITED, si_pid=11143, si_uid=1001, si_status=0, si_utime=89 /* 0.89 s */, si_stime=6 /* 0.06 s */} ---
11186 tgkill(11180, 11190, SIGURG)      = 0
11190 --- SIGURG {si_signo=SIGURG, si_code=SI_TKILL, si_pid=11180, si_uid=1001} ---
11178 tgkill(11166, 11166, SIGURG <unfinished ...>
10594 tgkill(10593, 10595, SIGURG)      = 0
10595 --- SIGURG {si_signo=SIGURG, si_code=SI_TKILL, si_pid=10593, si_uid=1001} ---
11178 <... tgkill resumed>)             = 0
11178 tgkill(11166, 11171, SIGURG)      = 0
11166 --- SIGURG {si_signo=SIGURG, si_code=SI_TKILL, si_pid=11166, si_uid=1001} ---
11178 tgkill(11166, 11170, SIGURG)      = 0
10595 clone(child_stack=NULL, flags=CLONE_VM|CLONE_PIDFD|CLONE_VFORK|SIGCHLD <unfinished ...>
11171 --- SIGURG {si_signo=SIGURG, si_code=SI_TKILL, si_pid=11166, si_uid=1001} ---
11170 --- SIGURG {si_signo=SIGURG, si_code=SI_TKILL, si_pid=11166, si_uid=1001} ---
11178 tgkill(11166, 11166, SIGURG <unfinished ...>
11186 tgkill(11180, 11187, SIGURG)      = 0
11186 tgkill(11180, 11180, SIGURG)      = 0
11180 --- SIGURG {si_signo=SIGURG, si_code=SI_TKILL, si_pid=11180, si_uid=1001} ---
11186 tgkill(11180, 11188, SIGURG)      = 0
11188 --- SIGURG {si_signo=SIGURG, si_code=SI_TKILL, si_pid=11180, si_uid=1001} ---
11168 tgkill(11166, 11178, SIGURG)      = 0
11178 <... tgkill resumed>)             = 0
11187 --- SIGURG {si_signo=SIGURG, si_code=SI_TKILL, si_pid=11180, si_uid=1001} ---
11178 --- SIGURG {si_signo=SIGURG, si_code=SI_TKILL, si_pid=11166, si_uid=1001} ---
11166 --- SIGURG {si_signo=SIGURG, si_code=SI_TKILL, si_pid=11166, si_uid=1001} ---
11178 tgkill(11166, 11171, SIGURG)      = 0
11178 tgkill(11166, 11170, SIGURG)      = 0
11178 tgkill(11166, 11166, SIGURG)      = 0
11170 --- SIGURG {si_signo=SIGURG, si_code=SI_TKILL, si_pid=11166, si_uid=1001} ---
11166 --- SIGURG {si_signo=SIGURG, si_code=SI_TKILL, si_pid=11166, si_uid=1001} ---
11171 --- SIGURG {si_signo=SIGURG, si_code=SI_TKILL, si_pid=11166, si_uid=1001} ---
11191 execve("/opt/hostedtoolcache/go/1.27.1/arm64/pkg/tool/linux_arm64/asm", ["/opt/hostedtoolcache/go/1.27.1/a"..., "-p", "reflect", "-trimpath", "/tmp/go-build3805767581/b038=>", "-I", "/tmp/go-build3805767581/b038/", "-I", "/opt/hostedtoolcache/go/1.27.1/a"..., "-D", "GOOS_linux", "-D", "GOARCH_arm64", "-std", "-o", "/tmp/go-build3805767581/b038/asm"..., "/opt/hostedtoolcache/go/1.27.1/a"...], 0x6c9426f00d88 /* 140 vars */ <unfinished ...>
10595 <... clone resumed>, parent_tid=[13]) = 11191
11191 <... execve resumed>)             = 0
11178 tgkill(11166, 11166, SIGURG)      = 0
11166 --- SIGURG {si_signo=SIGURG, si_code=SI_TKILL, si_pid=11166, si_uid=1001} ---
11178 tgkill(11166, 11170, SIGURG)      = 0
11170 --- SIGURG {si_signo=SIGURG, si_code=SI_TKILL, si_pid=11166, si_uid=1001} ---
10595 waitid(P_PIDFD, 13,  <unfinished ...>
11186 tgkill(11180, 11190, SIGURG <unfinished ...>
11190 --- SIGURG {si_signo=SIGURG, si_code=SI_TKILL, si_pid=11180, si_uid=1001} ---
11186 <... tgkill resumed>)             = 0
11186 tgkill(11180, 11180, SIGURG <unfinished ...>
11191 clone(child_stack=0x21800702a000, flags=CLONE_VM|CLONE_FS|CLONE_FILES|CLONE_SIGHAND|CLONE_THREAD|CLONE_SYSVSEM) = 11192
11186 <... tgkill resumed>)             = 0
11191 clone(child_stack=0x218007062000, flags=CLONE_VM|CLONE_FS|CLONE_FILES|CLONE_SIGHAND|CLONE_THREAD|CLONE_SYSVSEM) = 11193
11186 tgkill(11180, 11188, SIGURG)      = 0
11168 tgkill(11166, 11170, SIGURG <unfinished ...>
11188 --- SIGURG {si_signo=SIGURG, si_code=SI_TKILL, si_pid=11180, si_uid=1001} ---
11168 <... tgkill resumed>)             = 0
11170 --- SIGURG {si_signo=SIGURG, si_code=SI_TKILL, si_pid=11166, si_uid=1001} ---
11191 clone(child_stack=0x21800705e000, flags=CLONE_VM|CLONE_FS|CLONE_FILES|CLONE_SIGHAND|CLONE_THREAD|CLONE_SYSVSEM <unfinished ...>
11180 --- SIGURG {si_signo=SIGURG, si_code=SI_TKILL, si_pid=11180, si_uid=1001} ---
11191 <... clone resumed>)              = 11194
11193 clone(child_stack=0x218007098000, flags=CLONE_VM|CLONE_FS|CLONE_FILES|CLONE_SIGHAND|CLONE_THREAD|CLONE_SYSVSEM) = 11195
11191 exit_group(0)                     = ?
11193 +++ exited with 0 +++
11194 +++ exited with 0 +++
11192 +++ exited with 0 +++
11195 +++ exited with 0 +++
11191 +++ exited with 0 +++
10595 <... waitid resumed>{si_signo=SIGCHLD, si_code=CLD_EXITED, si_pid=11191, si_uid=1001, si_status=0, si_utime=0, si_stime=0}, WEXITED, {ru_utime={tv_sec=0, tv_usec=1351}, ru_stime={tv_sec=0, tv_usec=6759}, ...}) = 0
10600 --- SIGCHLD {si_signo=SIGCHLD, si_code=CLD_EXITED, si_pid=11191, si_uid=1001, si_status=0, si_utime=0, si_stime=0} ---
11186 tgkill(11180, 11190, SIGURG)      = 0
11190 --- SIGURG {si_signo=SIGURG, si_code=SI_TKILL, si_pid=11180, si_uid=1001} ---
11168 tgkill(11166, 11178, SIGURG)      = 0
11178 --- SIGURG {si_signo=SIGURG, si_code=SI_TKILL, si_pid=11166, si_uid=1001} ---
11186 tgkill(11180, 11187, SIGURG)      = 0
11187 --- SIGURG {si_signo=SIGURG, si_code=SI_TKILL, si_pid=11180, si_uid=1001} ---
11186 tgkill(11180, 11180, SIGURG)      = 0
11180 --- SIGURG {si_signo=SIGURG, si_code=SI_TKILL, si_pid=11180, si_uid=1001} ---
11186 tgkill(11180, 11188, SIGURG)      = 0
11188 --- SIGURG {si_signo=SIGURG, si_code=SI_TKILL, si_pid=11180, si_uid=1001} ---
11178 exit_group(0)                     = ?
11171 +++ exited with 0 +++
11170 +++ exited with 0 +++
11168 +++ exited with 0 +++
11178 +++ exited with 0 +++
11169 +++ exited with 0 +++
10594 tgkill(10593, 10595, SIGURG <unfinished ...>
10595 --- SIGURG {si_signo=SIGURG, si_code=SI_TKILL, si_pid=10593, si_uid=1001} ---
10594 <... tgkill resumed>)             = 0
11177 +++ exited with 0 +++
11166 +++ exited with 0 +++
10596 --- SIGCHLD {si_signo=SIGCHLD, si_code=CLD_EXITED, si_pid=11166, si_uid=1001, si_status=0, si_utime=34 /* 0.34 s */, si_stime=5 /* 0.05 s */} ---
10599 <... waitid resumed>{si_signo=SIGCHLD, si_code=CLD_EXITED, si_pid=11166, si_uid=1001, si_status=0, si_utime=0, si_stime=0}, WEXITED, {ru_utime={tv_sec=0, tv_usec=343353}, ru_stime={tv_sec=0, tv_usec=52205}, ...}) = 0
10599 tgkill(10593, 10598, SIGURG)      = 0
10598 --- SIGURG {si_signo=SIGURG, si_code=SI_TKILL, si_pid=10593, si_uid=1001} ---
11186 tgkill(11180, 11188, SIGURG <unfinished ...>
11188 --- SIGURG {si_signo=SIGURG, si_code=SI_TKILL, si_pid=11180, si_uid=1001} ---
11186 <... tgkill resumed>)             = 0
10599 tgkill(10593, 10595, SIGURG)      = 0
10599 tgkill(10593, 10600, SIGURG)      = 0
10600 --- SIGURG {si_signo=SIGURG, si_code=SI_TKILL, si_pid=10593, si_uid=1001} ---
10595 --- SIGURG {si_signo=SIGURG, si_code=SI_TKILL, si_pid=10593, si_uid=1001} ---
10600 clone(child_stack=NULL, flags=CLONE_VM|CLONE_PIDFD|CLONE_VFORK|SIGCHLD <unfinished ...>
11196 execve("/opt/hostedtoolcache/go/1.27.1/arm64/pkg/tool/linux_arm64/compile", ["/opt/hostedtoolcache/go/1.27.1/a"..., "-o", "/tmp/go-build3805767581/b052/_pk"..., "-trimpath", "/tmp/go-build3805767581/b052=>", "-p", "io/fs", "-lang=go1.27", "-std", "-complete", "-buildid", "lJ0_dQnfUG_B1hTjCBKl/lJ0_dQnfUG_"..., "-goversion", "go1.27.1", "-c=4", "-nolocalimports", "-importcfg", "/tmp/go-build3805767581/b052/imp"..., "-pack", "/opt/hostedtoolcache/go/1.27.1/a"..., "/opt/hostedtoolcache/go/1.27.1/a"..., "/opt/hostedtoolcache/go/1.27.1/a"..., "/opt/hostedtoolcache/go/1.27.1/a"..., "/opt/hostedtoolcache/go/1.27.1/a"..., "/opt/hostedtoolcache/go/1.27.1/a"..., "/opt/hostedtoolcache/go/1.27.1/a"..., "/opt/hostedtoolcache/go/1.27.1/a"..., "/opt/hostedtoolcache/go/1.27.1/a"...], 0x6c9426c42d88 /* 140 vars */ <unfinished ...>
10600 <... clone resumed>, parent_tid=[16]) = 11196
11196 <... execve resumed>)             = 0
10600 waitid(P_PIDFD, 16,  <unfinished ...>
10596 clone(child_stack=NULL, flags=CLONE_VM|CLONE_PIDFD|CLONE_VFORK|SIGCHLD <unfinished ...>
11197 execve("/opt/hostedtoolcache/go/1.27.1/arm64/pkg/tool/linux_arm64/compile", ["/opt/hostedtoolcache/go/1.27.1/a"..., "-o", "/tmp/go-build3805767581/b036/_pk"..., "-trimpath", "/tmp/go-build3805767581/b036=>", "-p", "internal/fmtsort", "-lang=go1.27", "-std", "-complete", "-buildid", "SoauNJMtg-FT5Tveei3e/SoauNJMtg-F"..., "-goversion", "go1.27.1", "-c=4", "-nolocalimports", "-importcfg", "/tmp/go-build3805767581/b036/imp"..., "-pack", "/opt/hostedtoolcache/go/1.27.1/a"...], 0x6c9426c72008 /* 140 vars */ <unfinished ...>
10596 <... clone resumed>, parent_tid=[14]) = 11197
11197 <... execve resumed>)             = 0
10596 waitid(P_PIDFD, 14,  <unfinished ...>
11188 exit_group(0)                     = ?
11189 +++ exited with 0 +++
11188 +++ exited with 0 +++
11190 +++ exited with 0 +++
11187 +++ exited with 0 +++
11196 clone(child_stack=0x25e5dae94000, flags=CLONE_VM|CLONE_FS|CLONE_FILES|CLONE_SIGHAND|CLONE_THREAD|CLONE_SYSVSEM) = 11198
10594 tgkill(10593, 10595, SIGURG)      = 0
10595 --- SIGURG {si_signo=SIGURG, si_code=SI_TKILL, si_pid=10593, si_uid=1001} ---
11196 clone(child_stack=0x25e5daecc000, flags=CLONE_VM|CLONE_FS|CLONE_FILES|CLONE_SIGHAND|CLONE_THREAD|CLONE_SYSVSEM) = 11199
11198 tgkill(11196, 11196, SIGURG)      = 0
11196 clone(child_stack=0x25e5daec8000, flags=CLONE_VM|CLONE_FS|CLONE_FILES|CLONE_SIGHAND|CLONE_THREAD|CLONE_SYSVSEM) = 11200
11196 --- SIGURG {si_signo=SIGURG, si_code=SI_TKILL, si_pid=11196, si_uid=1001} ---
11199 clone(child_stack=0x25e5daf18000, flags=CLONE_VM|CLONE_FS|CLONE_FILES|CLONE_SIGHAND|CLONE_THREAD|CLONE_SYSVSEM) = 11201
10599 clone(child_stack=NULL, flags=CLONE_VM|CLONE_PIDFD|CLONE_VFORK|SIGCHLD <unfinished ...>
11199 clone(child_stack=0x25e5daf14000, flags=CLONE_VM|CLONE_FS|CLONE_FILES|CLONE_SIGHAND|CLONE_THREAD|CLONE_SYSVSEM) = 11203
11186 +++ exited with 0 +++
11180 +++ exited with 0 +++
10660 <... waitid resumed>{si_signo=SIGCHLD, si_code=CLD_EXITED, si_pid=11180, si_uid=1001, si_status=0, si_utime=0, si_stime=0}, WEXITED, {ru_utime={tv_sec=0, tv_usec=291434}, ru_stime={tv_sec=0, tv_usec=50347}, ...}) = 0
10660 --- SIGCHLD {si_signo=SIGCHLD, si_code=CLD_EXITED, si_pid=11180, si_uid=1001, si_status=0, si_utime=30 /* 0.30 s */, si_stime=5 /* 0.05 s */} ---
11202 execve("/opt/hostedtoolcache/go/1.27.1/arm64/pkg/tool/linux_arm64/compile", ["/opt/hostedtoolcache/go/1.27.1/a"..., "-o", "/tmp/go-build3805767581/b057/_pk"..., "-trimpath", "/tmp/go-build3805767581/b057=>", "-p", "internal/poll", "-lang=go1.27", "-std", "-buildid", "bwo4KAWR9J1EysRAzp75/bwo4KAWR9J1"..., "-goversion", "go1.27.1", "-c=4", "-nolocalimports", "-importcfg", "/tmp/go-build3805767581/b057/imp"..., "-pack", "/opt/hostedtoolcache/go/1.27.1/a"..., "/opt/hostedtoolcache/go/1.27.1/a"..., "/opt/hostedtoolcache/go/1.27.1/a"..., "/opt/hostedtoolcache/go/1.27.1/a"..., "/opt/hostedtoolcache/go/1.27.1/a"..., "/opt/hostedtoolcache/go/1.27.1/a"..., "/opt/hostedtoolcache/go/1.27.1/a"..., "/opt/hostedtoolcache/go/1.27.1/a"..., "/opt/hostedtoolcache/go/1.27.1/a"..., "/opt/hostedtoolcache/go/1.27.1/a"..., "/opt/hostedtoolcache/go/1.27.1/a"..., "/opt/hostedtoolcache/go/1.27.1/a"..., "/opt/hostedtoolcache/go/1.27.1/a"..., "/opt/hostedtoolcache/go/1.27.1/a"..., ...], 0x6c9426c72908 /* 140 vars */ <unfinished ...>
10599 <... clone resumed>, parent_tid=[17]) = 11202
11202 <... execve resumed>)             = 0
10599 waitid(P_PIDFD, 17,  <unfinished ...>
11197 clone(child_stack=0x323df135e000, flags=CLONE_VM|CLONE_FS|CLONE_FILES|CLONE_SIGHAND|CLONE_THREAD|CLONE_SYSVSEM) = 11204
11197 clone(child_stack=0x323df1398000, flags=CLONE_VM|CLONE_FS|CLONE_FILES|CLONE_SIGHAND|CLONE_THREAD|CLONE_SYSVSEM <unfinished ...>
11204 tgkill(11197, 11197, SIGURG)      = 0
11197 <... clone resumed>)              = 11205
11197 --- SIGURG {si_signo=SIGURG, si_code=SI_TKILL, si_pid=11197, si_uid=1001} ---
11197 clone(child_stack=0x323df1394000, flags=CLONE_VM|CLONE_FS|CLONE_FILES|CLONE_SIGHAND|CLONE_THREAD|CLONE_SYSVSEM) = 11206
11205 clone(child_stack=0x323df13b8000, flags=CLONE_VM|CLONE_FS|CLONE_FILES|CLONE_SIGHAND|CLONE_THREAD|CLONE_SYSVSEM) = 11207
11202 clone(child_stack=0x1082c4f42000, flags=CLONE_VM|CLONE_FS|CLONE_FILES|CLONE_SIGHAND|CLONE_THREAD|CLONE_SYSVSEM) = 11208
11202 clone(child_stack=0x1082c4f7a000, flags=CLONE_VM|CLONE_FS|CLONE_FILES|CLONE_SIGHAND|CLONE_THREAD|CLONE_SYSVSEM) = 11209
11208 tgkill(11202, 11202, SIGURG)      = 0
11202 clone(child_stack=0x1082c4f76000, flags=CLONE_VM|CLONE_FS|CLONE_FILES|CLONE_SIGHAND|CLONE_THREAD|CLONE_SYSVSEM) = 11210
11202 --- SIGURG {si_signo=SIGURG, si_code=SI_TKILL, si_pid=11202, si_uid=1001} ---
11209 clone(child_stack=0x1082c4fa0000, flags=CLONE_VM|CLONE_FS|CLONE_FILES|CLONE_SIGHAND|CLONE_THREAD|CLONE_SYSVSEM) = 11211
11211 clone(child_stack=0x1082c4f9c000, flags=CLONE_VM|CLONE_FS|CLONE_FILES|CLONE_SIGHAND|CLONE_THREAD|CLONE_SYSVSEM) = 11212
10594 tgkill(10593, 10660, SIGURG)      = 0
10660 --- SIGURG {si_signo=SIGURG, si_code=SI_TKILL, si_pid=10593, si_uid=1001} ---
11198 tgkill(11196, 11200, SIGURG <unfinished ...>
11200 --- SIGURG {si_signo=SIGURG, si_code=SI_TKILL, si_pid=11196, si_uid=1001} ---
11198 <... tgkill resumed>)             = 0
11204 tgkill(11197, 11197, SIGURG)      = 0
11197 --- SIGURG {si_signo=SIGURG, si_code=SI_TKILL, si_pid=11197, si_uid=1001} ---
10660 clone(child_stack=NULL, flags=CLONE_VM|CLONE_PIDFD|CLONE_VFORK|SIGCHLD <unfinished ...>
11213 execve("/opt/hostedtoolcache/go/1.27.1/arm64/pkg/tool/linux_arm64/compile", ["/opt/hostedtoolcache/go/1.27.1/a"..., "-o", "/tmp/go-build3805767581/b065/_pk"..., "-trimpath", "/tmp/go-build3805767581/b065=>", "-p", "context", "-lang=go1.27", "-std", "-complete", "-buildid", "jYM-d33LGuQrJx-DCmJb/jYM-d33LGuQ"..., "-goversion", "go1.27.1", "-c=4", "-nolocalimports", "-importcfg", "/tmp/go-build3805767581/b065/imp"..., "-pack", "/opt/hostedtoolcache/go/1.27.1/a"...], 0x6c9426f01208 /* 140 vars */ <unfinished ...>
10660 <... clone resumed>, parent_tid=[18]) = 11213
11213 <... execve resumed>)             = 0
10660 waitid(P_PIDFD, 18,  <unfinished ...>
11213 clone(child_stack=0x29e69446e000, flags=CLONE_VM|CLONE_FS|CLONE_FILES|CLONE_SIGHAND|CLONE_THREAD|CLONE_SYSVSEM) = 11214
11213 clone(child_stack=0x29e6944a6000, flags=CLONE_VM|CLONE_FS|CLONE_FILES|CLONE_SIGHAND|CLONE_THREAD|CLONE_SYSVSEM) = 11215
11213 clone(child_stack=0x29e6944a2000, flags=CLONE_VM|CLONE_FS|CLONE_FILES|CLONE_SIGHAND|CLONE_THREAD|CLONE_SYSVSEM) = 11216
11216 clone(child_stack=0x29e6944f4000, flags=CLONE_VM|CLONE_FS|CLONE_FILES|CLONE_SIGHAND|CLONE_THREAD|CLONE_SYSVSEM) = 11217
11198 tgkill(11196, 11200, SIGURG <unfinished ...>
11200 --- SIGURG {si_signo=SIGURG, si_code=SI_TKILL, si_pid=11196, si_uid=1001} ---
11198 <... tgkill resumed>)             = 0
11214 tgkill(11213, 11213, SIGURG)      = 0
11213 --- SIGURG {si_signo=SIGURG, si_code=SI_TKILL, si_pid=11213, si_uid=1001} ---
11208 tgkill(11202, 11212, SIGURG)      = 0
11212 --- SIGURG {si_signo=SIGURG, si_code=SI_TKILL, si_pid=11202, si_uid=1001} ---
11204 tgkill(11197, 11206, SIGURG)      = 0
11206 --- SIGURG {si_signo=SIGURG, si_code=SI_TKILL, si_pid=11197, si_uid=1001} ---
11198 tgkill(11196, 11196, SIGURG)      = 0
11196 --- SIGURG {si_signo=SIGURG, si_code=SI_TKILL, si_pid=11196, si_uid=1001} ---
11214 tgkill(11213, 11213, SIGURG)      = 0
11213 --- SIGURG {si_signo=SIGURG, si_code=SI_TKILL, si_pid=11213, si_uid=1001} ---
11208 tgkill(11202, 11209, SIGURG)      = 0
11209 --- SIGURG {si_signo=SIGURG, si_code=SI_TKILL, si_pid=11202, si_uid=1001} ---
11204 tgkill(11197, 11207, SIGURG)      = 0
11204 tgkill(11197, 11197, SIGURG)      = 0
11204 tgkill(11197, 11205, SIGURG)      = 0
11207 --- SIGURG {si_signo=SIGURG, si_code=SI_TKILL, si_pid=11197, si_uid=1001} ---
11197 --- SIGURG {si_signo=SIGURG, si_code=SI_TKILL, si_pid=11197, si_uid=1001} ---
11205 --- SIGURG {si_signo=SIGURG, si_code=SI_TKILL, si_pid=11197, si_uid=1001} ---
11198 tgkill(11196, 11199, SIGURG)      = 0
11199 --- SIGURG {si_signo=SIGURG, si_code=SI_TKILL, si_pid=11196, si_uid=1001} ---
11198 tgkill(11196, 11201, SIGURG)      = 0
11201 --- SIGURG {si_signo=SIGURG, si_code=SI_TKILL, si_pid=11196, si_uid=1001} ---
11208 tgkill(11202, 11211, SIGURG)      = 0
11211 --- SIGURG {si_signo=SIGURG, si_code=SI_TKILL, si_pid=11202, si_uid=1001} ---
11214 tgkill(11213, 11213, SIGURG)      = 0
11213 --- SIGURG {si_signo=SIGURG, si_code=SI_TKILL, si_pid=11213, si_uid=1001} ---
11198 tgkill(11196, 11199, SIGURG <unfinished ...>
11214 tgkill(11213, 11216, SIGURG <unfinished ...>
11198 <... tgkill resumed>)             = 0
11214 <... tgkill resumed>)             = 0
11199 --- SIGURG {si_signo=SIGURG, si_code=SI_TKILL, si_pid=11196, si_uid=1001} ---
11214 tgkill(11213, 11215, SIGURG)      = 0
11198 tgkill(11196, 11200, SIGURG <unfinished ...>
11200 --- SIGURG {si_signo=SIGURG, si_code=SI_TKILL, si_pid=11196, si_uid=1001} ---
11198 <... tgkill resumed>)             = 0
11216 --- SIGURG {si_signo=SIGURG, si_code=SI_TKILL, si_pid=11213, si_uid=1001} ---
11205 exit_group(0)                     = ?
11207 +++ exited with 0 +++
11205 +++ exited with 0 +++
11204 +++ exited with 0 +++
11215 --- SIGURG {si_signo=SIGURG, si_code=SI_TKILL, si_pid=11213, si_uid=1001} ---
11206 +++ exited with 0 +++
11197 +++ exited with 0 +++
10596 <... waitid resumed>{si_signo=SIGCHLD, si_code=CLD_EXITED, si_pid=11197, si_uid=1001, si_status=0, si_utime=0, si_stime=0}, WEXITED, {ru_utime={tv_sec=0, tv_usec=53822}, ru_stime={tv_sec=0, tv_usec=13719}, ...}) = 0
10597 --- SIGCHLD {si_signo=SIGCHLD, si_code=CLD_EXITED, si_pid=11197, si_uid=1001, si_status=0, si_utime=5 /* 0.05 s */, si_stime=1 /* 0.01 s */} ---
11208 tgkill(11202, 11212, SIGURG <unfinished ...>
11212 --- SIGURG {si_signo=SIGURG, si_code=SI_TKILL, si_pid=11202, si_uid=1001} ---
11208 <... tgkill resumed>)             = 0
11214 tgkill(11213, 11217, SIGURG)      = 0
11217 --- SIGURG {si_signo=SIGURG, si_code=SI_TKILL, si_pid=11213, si_uid=1001} ---
11200 exit_group(0)                     = ?
11201 +++ exited with 0 +++
11200 +++ exited with 0 +++
11198 +++ exited with 0 +++
11215 exit_group(0)                     = ?
11216 +++ exited with 0 +++
11217 +++ exited with 0 +++
11214 +++ exited with 0 +++
11215 +++ exited with 0 +++
11203 +++ exited with 0 +++
11213 +++ exited with 0 +++
10660 <... waitid resumed>{si_signo=SIGCHLD, si_code=CLD_EXITED, si_pid=11213, si_uid=1001, si_status=0, si_utime=0, si_stime=0}, WEXITED, {ru_utime={tv_sec=0, tv_usec=60940}, ru_stime={tv_sec=0, tv_usec=12574}, ...}) = 0
10660 --- SIGCHLD {si_signo=SIGCHLD, si_code=CLD_EXITED, si_pid=11213, si_uid=1001, si_status=0, si_utime=6 /* 0.06 s */, si_stime=1 /* 0.01 s */} ---
11199 +++ exited with 0 +++
11196 +++ exited with 0 +++
10600 <... waitid resumed>{si_signo=SIGCHLD, si_code=CLD_EXITED, si_pid=11196, si_uid=1001, si_status=0, si_utime=0, si_stime=0}, WEXITED, {ru_utime={tv_sec=0, tv_usec=73427}, ru_stime={tv_sec=0, tv_usec=24153}, ...}) = 0
10596 --- SIGCHLD {si_signo=SIGCHLD, si_code=CLD_EXITED, si_pid=11196, si_uid=1001, si_status=0, si_utime=7 /* 0.07 s */, si_stime=2 /* 0.02 s */} ---
11208 tgkill(11202, 11212, SIGURG)      = 0
11212 --- SIGURG {si_signo=SIGURG, si_code=SI_TKILL, si_pid=11202, si_uid=1001} ---
11208 tgkill(11202, 11209, SIGURG)      = 0
11209 --- SIGURG {si_signo=SIGURG, si_code=SI_TKILL, si_pid=11202, si_uid=1001} ---
11208 tgkill(11202, 11202, SIGURG)      = 0
11202 --- SIGURG {si_signo=SIGURG, si_code=SI_TKILL, si_pid=11202, si_uid=1001} ---
10594 tgkill(10593, 10660, SIGURG)      = 0
10660 --- SIGURG {si_signo=SIGURG, si_code=SI_TKILL, si_pid=10593, si_uid=1001} ---
10594 tgkill(10593, 10596, SIGURG)      = 0
10596 --- SIGURG {si_signo=SIGURG, si_code=SI_TKILL, si_pid=10593, si_uid=1001} ---
11208 tgkill(11202, 11211, SIGURG <unfinished ...>
11211 --- SIGURG {si_signo=SIGURG, si_code=SI_TKILL, si_pid=11202, si_uid=1001} ---
11208 <... tgkill resumed>)             = 0
10595 clone(child_stack=NULL, flags=CLONE_VM|CLONE_PIDFD|CLONE_VFORK|SIGCHLD <unfinished ...>
11218 execve("/opt/hostedtoolcache/go/1.27.1/arm64/pkg/tool/linux_arm64/compile", ["/opt/hostedtoolcache/go/1.27.1/a"..., "-o", "/tmp/go-build3805767581/b051/_pk"..., "-trimpath", "/tmp/go-build3805767581/b051=>", "-p", "internal/filepathlite", "-lang=go1.27", "-std", "-complete", "-buildid", "oDbma4U_lMUFNCMLk_Kk/oDbma4U_lMU"..., "-goversion", "go1.27.1", "-c=4", "-nolocalimports", "-importcfg", "/tmp/go-build3805767581/b051/imp"..., "-pack", "/opt/hostedtoolcache/go/1.27.1/a"..., "/opt/hostedtoolcache/go/1.27.1/a"..., "/opt/hostedtoolcache/go/1.27.1/a"...], 0x6c9426c43688 /* 140 vars */ <unfinished ...>
10595 <... clone resumed>, parent_tid=[13]) = 11218
11218 <... execve resumed>)             = 0
10595 waitid(P_PIDFD, 13,  <unfinished ...>
11218 clone(child_stack=0x527cfcc5e000, flags=CLONE_VM|CLONE_FS|CLONE_FILES|CLONE_SIGHAND|CLONE_THREAD|CLONE_SYSVSEM) = 11219
11218 clone(child_stack=0x527cfcc98000, flags=CLONE_VM|CLONE_FS|CLONE_FILES|CLONE_SIGHAND|CLONE_THREAD|CLONE_SYSVSEM) = 11220
11219 tgkill(11218, 11218, SIGURG)      = 0
11218 clone(child_stack=0x527cfcc94000, flags=CLONE_VM|CLONE_FS|CLONE_FILES|CLONE_SIGHAND|CLONE_THREAD|CLONE_SYSVSEM) = 11221
11220 clone(child_stack=0x527cfccb8000, flags=CLONE_VM|CLONE_FS|CLONE_FILES|CLONE_SIGHAND|CLONE_THREAD|CLONE_SYSVSEM) = 11222
11218 --- SIGURG {si_signo=SIGURG, si_code=SI_TKILL, si_pid=11218, si_uid=1001} ---
11219 tgkill(11218, 11218, SIGURG)      = 0
11218 --- SIGURG {si_signo=SIGURG, si_code=SI_TKILL, si_pid=11218, si_uid=1001} ---
11211 exit_group(0)                     = ?
11212 +++ exited with 0 +++
11211 +++ exited with 0 +++
11210 +++ exited with 0 +++
11209 +++ exited with 0 +++
11208 +++ exited with 0 +++
11202 +++ exited with 0 +++
10599 <... waitid resumed>{si_signo=SIGCHLD, si_code=CLD_EXITED, si_pid=11202, si_uid=1001, si_status=0, si_utime=0, si_stime=0}, WEXITED, {ru_utime={tv_sec=0, tv_usec=147004}, ru_stime={tv_sec=0, tv_usec=45158}, ...}) = 0
10600 --- SIGCHLD {si_signo=SIGCHLD, si_code=CLD_EXITED, si_pid=11202, si_uid=1001, si_status=0, si_utime=15 /* 0.15 s */, si_stime=4 /* 0.04 s */} ---
11219 tgkill(11218, 11218, SIGURG)      = 0
11218 --- SIGURG {si_signo=SIGURG, si_code=SI_TKILL, si_pid=11218, si_uid=1001} ---
10597 tgkill(10593, 10600, SIGURG)      = 0
10600 --- SIGURG {si_signo=SIGURG, si_code=SI_TKILL, si_pid=10593, si_uid=1001} ---
11221 exit_group(0)                     = ?
11222 +++ exited with 0 +++
11221 +++ exited with 0 +++
11220 +++ exited with 0 +++
11219 +++ exited with 0 +++
11218 +++ exited with 0 +++
10599 --- SIGCHLD {si_signo=SIGCHLD, si_code=CLD_EXITED, si_pid=11218, si_uid=1001, si_status=0, si_utime=2 /* 0.02 s */, si_stime=0} ---
10595 <... waitid resumed>{si_signo=SIGCHLD, si_code=CLD_EXITED, si_pid=11218, si_uid=1001, si_status=0, si_utime=0, si_stime=0}, WEXITED, {ru_utime={tv_sec=0, tv_usec=29813}, ru_stime={tv_sec=0, tv_usec=9173}, ...}) = 0
10599 clone(child_stack=NULL, flags=CLONE_VM|CLONE_PIDFD|CLONE_VFORK|SIGCHLD <unfinished ...>
11223 execve("/opt/hostedtoolcache/go/1.27.1/arm64/pkg/tool/linux_arm64/compile", ["/opt/hostedtoolcache/go/1.27.1/a"..., "-o", "/tmp/go-build3805767581/b050/_pk"..., "-trimpath", "/tmp/go-build3805767581/b050=>", "-p", "os", "-lang=go1.27", "-std", "-buildid", "wkBUzxEx6pS53N6viuzd/wkBUzxEx6pS"..., "-goversion", "go1.27.1", "-c=4", "-nolocalimports", "-importcfg", "/tmp/go-build3805767581/b050/imp"..., "-pack", "/opt/hostedtoolcache/go/1.27.1/a"..., "/opt/hostedtoolcache/go/1.27.1/a"..., "/opt/hostedtoolcache/go/1.27.1/a"..., "/opt/hostedtoolcache/go/1.27.1/a"..., "/opt/hostedtoolcache/go/1.27.1/a"..., "/opt/hostedtoolcache/go/1.27.1/a"..., "/opt/hostedtoolcache/go/1.27.1/a"..., "/opt/hostedtoolcache/go/1.27.1/a"..., "/opt/hostedtoolcache/go/1.27.1/a"..., "/opt/hostedtoolcache/go/1.27.1/a"..., "/opt/hostedtoolcache/go/1.27.1/a"..., "/opt/hostedtoolcache/go/1.27.1/a"..., "/opt/hostedtoolcache/go/1.27.1/a"..., "/opt/hostedtoolcache/go/1.27.1/a"..., ...], 0x6c9426c72008 /* 140 vars */ <unfinished ...>
10599 <... clone resumed>, parent_tid=[12]) = 11223
11223 <... execve resumed>)             = 0
10599 waitid(P_PIDFD, 12,  <unfinished ...>
11223 clone(child_stack=0x417996f06000, flags=CLONE_VM|CLONE_FS|CLONE_FILES|CLONE_SIGHAND|CLONE_THREAD|CLONE_SYSVSEM) = 11224
11223 clone(child_stack=0x417996f3e000, flags=CLONE_VM|CLONE_FS|CLONE_FILES|CLONE_SIGHAND|CLONE_THREAD|CLONE_SYSVSEM) = 11225
11224 tgkill(11223, 11223, SIGURG)      = 0
11223 clone(child_stack=0x417996f3a000, flags=CLONE_VM|CLONE_FS|CLONE_FILES|CLONE_SIGHAND|CLONE_THREAD|CLONE_SYSVSEM) = 11226
11223 --- SIGURG {si_signo=SIGURG, si_code=SI_TKILL, si_pid=11223, si_uid=1001} ---
11225 clone(child_stack=0x417996f98000, flags=CLONE_VM|CLONE_FS|CLONE_FILES|CLONE_SIGHAND|CLONE_THREAD|CLONE_SYSVSEM) = 11227
11224 clone(child_stack=0x41799739c000, flags=CLONE_VM|CLONE_FS|CLONE_FILES|CLONE_SIGHAND|CLONE_THREAD|CLONE_SYSVSEM) = 11228
11224 tgkill(11223, 11226, SIGURG <unfinished ...>
11226 --- SIGURG {si_signo=SIGURG, si_code=SI_TKILL, si_pid=11223, si_uid=1001} ---
11224 <... tgkill resumed>)             = 0
11224 tgkill(11223, 11226, SIGURG <unfinished ...>
11226 --- SIGURG {si_signo=SIGURG, si_code=SI_TKILL, si_pid=11223, si_uid=1001} ---
11224 <... tgkill resumed>)             = 0
11224 tgkill(11223, 11223, SIGURG)      = 0
11223 --- SIGURG {si_signo=SIGURG, si_code=SI_TKILL, si_pid=11223, si_uid=1001} ---
11224 tgkill(11223, 11226, SIGURG <unfinished ...>
11226 --- SIGURG {si_signo=SIGURG, si_code=SI_TKILL, si_pid=11223, si_uid=1001} ---
11224 <... tgkill resumed>)             = 0
11224 tgkill(11223, 11226, SIGURG)      = 0
11226 --- SIGURG {si_signo=SIGURG, si_code=SI_TKILL, si_pid=11223, si_uid=1001} ---
11224 tgkill(11223, 11223, SIGURG)      = 0
11223 --- SIGURG {si_signo=SIGURG, si_code=SI_TKILL, si_pid=11223, si_uid=1001} ---
11224 tgkill(11223, 11226, SIGURG <unfinished ...>
11226 --- SIGURG {si_signo=SIGURG, si_code=SI_TKILL, si_pid=11223, si_uid=1001} ---
11224 <... tgkill resumed>)             = 0
11224 tgkill(11223, 11228, SIGURG)      = 0
11228 --- SIGURG {si_signo=SIGURG, si_code=SI_TKILL, si_pid=11223, si_uid=1001} ---
11228 tgkill(11223, 11226, SIGURG)      = 0
11223 tgkill(11223, 11225, SIGURG <unfinished ...>
11225 --- SIGURG {si_signo=SIGURG, si_code=SI_TKILL, si_pid=11223, si_uid=1001} ---
11226 --- SIGURG {si_signo=SIGURG, si_code=SI_TKILL, si_pid=11223, si_uid=1001} ---
11223 <... tgkill resumed>)             = 0
11228 tgkill(11223, 11226, SIGURG)      = 0
11228 tgkill(11223, 11225, SIGURG <unfinished ...>
11226 --- SIGURG {si_signo=SIGURG, si_code=SI_TKILL, si_pid=11223, si_uid=1001} ---
11228 <... tgkill resumed>)             = 0
11225 --- SIGURG {si_signo=SIGURG, si_code=SI_TKILL, si_pid=11223, si_uid=1001} ---
11228 tgkill(11223, 11223, SIGURG)      = 0
11223 --- SIGURG {si_signo=SIGURG, si_code=SI_TKILL, si_pid=11223, si_uid=1001} ---
11226 tgkill(11223, 11228, SIGURG)      = 0
11228 --- SIGURG {si_signo=SIGURG, si_code=SI_TKILL, si_pid=11223, si_uid=1001} ---
11226 tgkill(11223, 11225, SIGURG)      = 0
11225 --- SIGURG {si_signo=SIGURG, si_code=SI_TKILL, si_pid=11223, si_uid=1001} ---
11226 tgkill(11223, 11223, SIGURG)      = 0
11223 --- SIGURG {si_signo=SIGURG, si_code=SI_TKILL, si_pid=11223, si_uid=1001} ---
11226 tgkill(11223, 11228, SIGURG <unfinished ...>
11228 --- SIGURG {si_signo=SIGURG, si_code=SI_TKILL, si_pid=11223, si_uid=1001} ---
11226 <... tgkill resumed>)             = 0
11226 tgkill(11223, 11225, SIGURG)      = 0
11225 --- SIGURG {si_signo=SIGURG, si_code=SI_TKILL, si_pid=11223, si_uid=1001} ---
11226 tgkill(11223, 11228, SIGURG)      = 0
11228 --- SIGURG {si_signo=SIGURG, si_code=SI_TKILL, si_pid=11223, si_uid=1001} ---
11226 tgkill(11223, 11225, SIGURG)      = 0
11225 --- SIGURG {si_signo=SIGURG, si_code=SI_TKILL, si_pid=11223, si_uid=1001} ---
11226 tgkill(11223, 11228, SIGURG)      = 0
11228 --- SIGURG {si_signo=SIGURG, si_code=SI_TKILL, si_pid=11223, si_uid=1001} ---
11226 tgkill(11223, 11225, SIGURG)      = 0
11225 --- SIGURG {si_signo=SIGURG, si_code=SI_TKILL, si_pid=11223, si_uid=1001} ---
11226 tgkill(11223, 11223, SIGURG)      = 0
11223 --- SIGURG {si_signo=SIGURG, si_code=SI_TKILL, si_pid=11223, si_uid=1001} ---
11226 tgkill(11223, 11228, SIGURG)      = 0
11228 --- SIGURG {si_signo=SIGURG, si_code=SI_TKILL, si_pid=11223, si_uid=1001} ---
11226 tgkill(11223, 11225, SIGURG)      = 0
11225 --- SIGURG {si_signo=SIGURG, si_code=SI_TKILL, si_pid=11223, si_uid=1001} ---
11226 tgkill(11223, 11223, SIGURG)      = 0
11223 --- SIGURG {si_signo=SIGURG, si_code=SI_TKILL, si_pid=11223, si_uid=1001} ---
11226 tgkill(11223, 11225, SIGURG)      = 0
11225 --- SIGURG {si_signo=SIGURG, si_code=SI_TKILL, si_pid=11223, si_uid=1001} ---
11226 tgkill(11223, 11223, SIGURG)      = 0
11223 --- SIGURG {si_signo=SIGURG, si_code=SI_TKILL, si_pid=11223, si_uid=1001} ---
11226 tgkill(11223, 11228, SIGURG <unfinished ...>
11228 --- SIGURG {si_signo=SIGURG, si_code=SI_TKILL, si_pid=11223, si_uid=1001} ---
11226 <... tgkill resumed>)             = 0
11226 tgkill(11223, 11225, SIGURG)      = 0
11225 --- SIGURG {si_signo=SIGURG, si_code=SI_TKILL, si_pid=11223, si_uid=1001} ---
11226 tgkill(11223, 11223, SIGURG)      = 0
11223 --- SIGURG {si_signo=SIGURG, si_code=SI_TKILL, si_pid=11223, si_uid=1001} ---
11226 tgkill(11223, 11228, SIGURG)      = 0
11228 --- SIGURG {si_signo=SIGURG, si_code=SI_TKILL, si_pid=11223, si_uid=1001} ---
11226 tgkill(11223, 11225, SIGURG)      = 0
11225 --- SIGURG {si_signo=SIGURG, si_code=SI_TKILL, si_pid=11223, si_uid=1001} ---
11226 tgkill(11223, 11223, SIGURG)      = 0
11223 --- SIGURG {si_signo=SIGURG, si_code=SI_TKILL, si_pid=11223, si_uid=1001} ---
11224 tgkill(11223, 11226, SIGURG)      = 0
11226 --- SIGURG {si_signo=SIGURG, si_code=SI_TKILL, si_pid=11223, si_uid=1001} ---
11224 tgkill(11223, 11225, SIGURG <unfinished ...>
11225 --- SIGURG {si_signo=SIGURG, si_code=SI_TKILL, si_pid=11223, si_uid=1001} ---
11224 <... tgkill resumed>)             = 0
11224 tgkill(11223, 11223, SIGURG)      = 0
11223 --- SIGURG {si_signo=SIGURG, si_code=SI_TKILL, si_pid=11223, si_uid=1001} ---
11224 tgkill(11223, 11228, SIGURG)      = 0
11228 --- SIGURG {si_signo=SIGURG, si_code=SI_TKILL, si_pid=11223, si_uid=1001} ---
11224 tgkill(11223, 11226, SIGURG)      = 0
11226 --- SIGURG {si_signo=SIGURG, si_code=SI_TKILL, si_pid=11223, si_uid=1001} ---
11224 tgkill(11223, 11223, SIGURG)      = 0
11223 --- SIGURG {si_signo=SIGURG, si_code=SI_TKILL, si_pid=11223, si_uid=1001} ---
11224 tgkill(11223, 11228, SIGURG)      = 0
11228 --- SIGURG {si_signo=SIGURG, si_code=SI_TKILL, si_pid=11223, si_uid=1001} ---
11224 tgkill(11223, 11225, SIGURG)      = 0
11225 --- SIGURG {si_signo=SIGURG, si_code=SI_TKILL, si_pid=11223, si_uid=1001} ---
11225 exit_group(0)                     = ?
11228 +++ exited with 0 +++
11227 +++ exited with 0 +++
11226 +++ exited with 0 +++
11225 +++ exited with 0 +++
11224 +++ exited with 0 +++
11223 +++ exited with 0 +++
10599 <... waitid resumed>{si_signo=SIGCHLD, si_code=CLD_EXITED, si_pid=11223, si_uid=1001, si_status=0, si_utime=0, si_stime=0}, WEXITED, {ru_utime={tv_sec=0, tv_usec=463865}, ru_stime={tv_sec=0, tv_usec=60504}, ...}) = 0
10660 --- SIGCHLD {si_signo=SIGCHLD, si_code=CLD_EXITED, si_pid=11223, si_uid=1001, si_status=0, si_utime=46 /* 0.46 s */, si_stime=6 /* 0.06 s */} ---
10599 tgkill(10593, 10660, SIGURG)      = 0
10660 --- SIGURG {si_signo=SIGURG, si_code=SI_TKILL, si_pid=10593, si_uid=1001} ---
10595 tgkill(10593, 10599, SIGURG)      = 0
10599 --- SIGURG {si_signo=SIGURG, si_code=SI_TKILL, si_pid=10593, si_uid=1001} ---
10595 tgkill(10593, 10660, SIGURG)      = 0
10660 --- SIGURG {si_signo=SIGURG, si_code=SI_TKILL, si_pid=10593, si_uid=1001} ---
10597 clone(child_stack=NULL, flags=CLONE_VM|CLONE_PIDFD|CLONE_VFORK|SIGCHLD <unfinished ...>
10599 clone(child_stack=NULL, flags=CLONE_VM|CLONE_PIDFD|CLONE_VFORK|SIGCHLD <unfinished ...>
11229 execve("/opt/hostedtoolcache/go/1.27.1/arm64/pkg/tool/linux_arm64/compile", ["/opt/hostedtoolcache/go/1.27.1/a"..., "-o", "/tmp/go-build3805767581/b068/_pk"..., "-trimpath", "/tmp/go-build3805767581/b068=>", "-p", "path/filepath", "-lang=go1.27", "-std", "-complete", "-buildid", "RnW1z7tg97nNJI8do1zG/RnW1z7tg97n"..., "-goversion", "go1.27.1", "-c=4", "-nolocalimports", "-importcfg", "/tmp/go-build3805767581/b068/imp"..., "-pack", "/opt/hostedtoolcache/go/1.27.1/a"..., "/opt/hostedtoolcache/go/1.27.1/a"..., "/opt/hostedtoolcache/go/1.27.1/a"..., "/opt/hostedtoolcache/go/1.27.1/a"..., "/opt/hostedtoolcache/go/1.27.1/a"...], 0x6c9426c72008 /* 140 vars */ <unfinished ...>
10597 <... clone resumed>, parent_tid=[15]) = 11229
11229 <... execve resumed>)             = 0
11230 execve("/opt/hostedtoolcache/go/1.27.1/arm64/pkg/tool/linux_arm64/compile", ["/opt/hostedtoolcache/go/1.27.1/a"..., "-o", "/tmp/go-build3805767581/b002/_pk"..., "-trimpath", "/tmp/go-build3805767581/b002=>", "-p", "fmt", "-lang=go1.27", "-std", "-complete", "-buildid", "DF8lkC6O5o-h6VRhS6vl/DF8lkC6O5o-"..., "-goversion", "go1.27.1", "-c=4", "-nolocalimports", "-importcfg", "/tmp/go-build3805767581/b002/imp"..., "-pack", "/opt/hostedtoolcache/go/1.27.1/a"..., "/opt/hostedtoolcache/go/1.27.1/a"..., "/opt/hostedtoolcache/go/1.27.1/a"..., "/opt/hostedtoolcache/go/1.27.1/a"..., "/opt/hostedtoolcache/go/1.27.1/a"...], 0x6c9426c42d88 /* 140 vars */ <unfinished ...>
10599 <... clone resumed>, parent_tid=[18]) = 11230
11230 <... execve resumed>)             = 0
10599 waitid(P_PIDFD, 18,  <unfinished ...>
10597 waitid(P_PIDFD, 15,  <unfinished ...>
11230 clone(child_stack=0x5ab1a348e000, flags=CLONE_VM|CLONE_FS|CLONE_FILES|CLONE_SIGHAND|CLONE_THREAD|CLONE_SYSVSEM) = 11231
11229 clone(child_stack=0x4f1781bdc000, flags=CLONE_VM|CLONE_FS|CLONE_FILES|CLONE_SIGHAND|CLONE_THREAD|CLONE_SYSVSEM) = 11232
11230 clone(child_stack=0x5ab1a34c6000, flags=CLONE_VM|CLONE_FS|CLONE_FILES|CLONE_SIGHAND|CLONE_THREAD|CLONE_SYSVSEM) = 11233
11229 clone(child_stack=0x4f1781c18000, flags=CLONE_VM|CLONE_FS|CLONE_FILES|CLONE_SIGHAND|CLONE_THREAD|CLONE_SYSVSEM) = 11234
11230 clone(child_stack=0x5ab1a34c2000, flags=CLONE_VM|CLONE_FS|CLONE_FILES|CLONE_SIGHAND|CLONE_THREAD|CLONE_SYSVSEM <unfinished ...>
11232 tgkill(11229, 11229, SIGURG <unfinished ...>
11230 <... clone resumed>)              = 11235
11232 <... tgkill resumed>)             = 0
11229 clone(child_stack=0x4f1781c14000, flags=CLONE_VM|CLONE_FS|CLONE_FILES|CLONE_SIGHAND|CLONE_THREAD|CLONE_SYSVSEM) = 11236
11229 --- SIGURG {si_signo=SIGURG, si_code=SI_TKILL, si_pid=11229, si_uid=1001} ---
11233 clone(child_stack=0x5ab1a3518000, flags=CLONE_VM|CLONE_FS|CLONE_FILES|CLONE_SIGHAND|CLONE_THREAD|CLONE_SYSVSEM) = 11237
11234 clone(child_stack=0x4f1781c38000, flags=CLONE_VM|CLONE_FS|CLONE_FILES|CLONE_SIGHAND|CLONE_THREAD|CLONE_SYSVSEM) = 11238
11235 clone(child_stack=0x5ab1a3998000, flags=CLONE_VM|CLONE_FS|CLONE_FILES|CLONE_SIGHAND|CLONE_THREAD|CLONE_SYSVSEM) = 11239
11232 clone(child_stack=0x4f1782090000, flags=CLONE_VM|CLONE_FS|CLONE_FILES|CLONE_SIGHAND|CLONE_THREAD|CLONE_SYSVSEM) = 11240
11231 tgkill(11230, 11233, SIGURG <unfinished ...>
11233 --- SIGURG {si_signo=SIGURG, si_code=SI_TKILL, si_pid=11230, si_uid=1001} ---
11231 <... tgkill resumed>)             = 0
11232 tgkill(11229, 11240, SIGURG <unfinished ...>
11240 --- SIGURG {si_signo=SIGURG, si_code=SI_TKILL, si_pid=11229, si_uid=1001} ---
11232 <... tgkill resumed>)             = 0
11231 tgkill(11230, 11233, SIGURG <unfinished ...>
11233 --- SIGURG {si_signo=SIGURG, si_code=SI_TKILL, si_pid=11230, si_uid=1001} ---
11231 <... tgkill resumed>)             = 0
11232 tgkill(11229, 11240, SIGURG)      = 0
11240 --- SIGURG {si_signo=SIGURG, si_code=SI_TKILL, si_pid=11229, si_uid=1001} ---
11232 tgkill(11229, 11236, SIGURG <unfinished ...>
11231 tgkill(11230, 11233, SIGURG <unfinished ...>
11233 --- SIGURG {si_signo=SIGURG, si_code=SI_TKILL, si_pid=11230, si_uid=1001} ---
11232 <... tgkill resumed>)             = 0
11231 <... tgkill resumed>)             = 0
11236 --- SIGURG {si_signo=SIGURG, si_code=SI_TKILL, si_pid=11229, si_uid=1001} ---
11236 exit_group(0)                     = ?
11240 +++ exited with 0 +++
11234 +++ exited with 0 +++
11232 +++ exited with 0 +++
11238 +++ exited with 0 +++
11236 +++ exited with 0 +++
11229 +++ exited with 0 +++
10597 <... waitid resumed>{si_signo=SIGCHLD, si_code=CLD_EXITED, si_pid=11229, si_uid=1001, si_status=0, si_utime=0, si_stime=0}, WEXITED, {ru_utime={tv_sec=0, tv_usec=59353}, ru_stime={tv_sec=0, tv_usec=25583}, ...}) = 0
10597 --- SIGCHLD {si_signo=SIGCHLD, si_code=CLD_EXITED, si_pid=11229, si_uid=1001, si_status=0, si_utime=5 /* 0.05 s */, si_stime=2 /* 0.02 s */} ---
10595 clone(child_stack=NULL, flags=CLONE_VM|CLONE_PIDFD|CLONE_VFORK|SIGCHLD <unfinished ...>
11241 execve("/opt/hostedtoolcache/go/1.27.1/arm64/pkg/tool/linux_arm64/compile", ["/opt/hostedtoolcache/go/1.27.1/a"..., "-o", "/tmp/go-build3805767581/b064/_pk"..., "-trimpath", "/tmp/go-build3805767581/b064=>", "-p", "os/exec", "-lang=go1.27", "-std", "-complete", "-buildid", "uOkOmIumLBCnVGqhQBLT/uOkOmIumLBC"..., "-goversion", "go1.27.1", "-c=4", "-nolocalimports", "-importcfg", "/tmp/go-build3805767581/b064/imp"..., "-pack", "/opt/hostedtoolcache/go/1.27.1/a"..., "/opt/hostedtoolcache/go/1.27.1/a"..., "/opt/hostedtoolcache/go/1.27.1/a"..., "/opt/hostedtoolcache/go/1.27.1/a"...], 0x6c9426c72908 /* 140 vars */ <unfinished ...>
10595 <... clone resumed>, parent_tid=[12]) = 11241
11241 <... execve resumed>)             = 0
10595 waitid(P_PIDFD, 12,  <unfinished ...>
11231 tgkill(11230, 11239, SIGURG)      = 0
11241 clone(child_stack=0x53d25d542000, flags=CLONE_VM|CLONE_FS|CLONE_FILES|CLONE_SIGHAND|CLONE_THREAD|CLONE_SYSVSEM <unfinished ...>
11239 --- SIGURG {si_signo=SIGURG, si_code=SI_TKILL, si_pid=11230, si_uid=1001} ---
11241 <... clone resumed>)              = 11242
11241 clone(child_stack=0x53d25d57a000, flags=CLONE_VM|CLONE_FS|CLONE_FILES|CLONE_SIGHAND|CLONE_THREAD|CLONE_SYSVSEM) = 11243
11242 tgkill(11241, 11241, SIGURG)      = 0
11241 clone(child_stack=0x53d25d576000, flags=CLONE_VM|CLONE_FS|CLONE_FILES|CLONE_SIGHAND|CLONE_THREAD|CLONE_SYSVSEM) = 11244
11241 --- SIGURG {si_signo=SIGURG, si_code=SI_TKILL, si_pid=11241, si_uid=1001} ---
11243 clone(child_stack=0x53d25d5a0000, flags=CLONE_VM|CLONE_FS|CLONE_FILES|CLONE_SIGHAND|CLONE_THREAD|CLONE_SYSVSEM) = 11245
11242 clone(child_stack=0x53d25d990000, flags=CLONE_VM|CLONE_FS|CLONE_FILES|CLONE_SIGHAND|CLONE_THREAD|CLONE_SYSVSEM) = 11246
11242 tgkill(11241, 11243, SIGURG)      = 0
11243 --- SIGURG {si_signo=SIGURG, si_code=SI_TKILL, si_pid=11241, si_uid=1001} ---
11231 tgkill(11230, 11230, SIGURG)      = 0
11230 --- SIGURG {si_signo=SIGURG, si_code=SI_TKILL, si_pid=11230, si_uid=1001} ---
11231 tgkill(11230, 11235, SIGURG)      = 0
11235 --- SIGURG {si_signo=SIGURG, si_code=SI_TKILL, si_pid=11230, si_uid=1001} ---
11231 tgkill(11230, 11239, SIGURG <unfinished ...>
11239 --- SIGURG {si_signo=SIGURG, si_code=SI_TKILL, si_pid=11230, si_uid=1001} ---
11231 <... tgkill resumed>)             = 0
11231 tgkill(11230, 11233, SIGURG <unfinished ...>
11233 --- SIGURG {si_signo=SIGURG, si_code=SI_TKILL, si_pid=11230, si_uid=1001} ---
11231 <... tgkill resumed>)             = 0
11242 tgkill(11241, 11245, SIGURG <unfinished ...>
11231 tgkill(11230, 11230, SIGURG <unfinished ...>
11242 <... tgkill resumed>)             = 0
11231 <... tgkill resumed>)             = 0
11230 --- SIGURG {si_signo=SIGURG, si_code=SI_TKILL, si_pid=11230, si_uid=1001} ---
11231 tgkill(11230, 11235, SIGURG)      = 0
11235 --- SIGURG {si_signo=SIGURG, si_code=SI_TKILL, si_pid=11230, si_uid=1001} ---
11245 --- SIGURG {si_signo=SIGURG, si_code=SI_TKILL, si_pid=11241, si_uid=1001} ---
11231 tgkill(11230, 11239, SIGURG <unfinished ...>
11239 --- SIGURG {si_signo=SIGURG, si_code=SI_TKILL, si_pid=11230, si_uid=1001} ---
11231 <... tgkill resumed>)             = 0
11231 tgkill(11230, 11233, SIGURG <unfinished ...>
11233 --- SIGURG {si_signo=SIGURG, si_code=SI_TKILL, si_pid=11230, si_uid=1001} ---
11231 <... tgkill resumed>)             = 0
11242 tgkill(11241, 11245, SIGURG <unfinished ...>
11245 --- SIGURG {si_signo=SIGURG, si_code=SI_TKILL, si_pid=11241, si_uid=1001} ---
11242 <... tgkill resumed>)             = 0
11231 tgkill(11230, 11230, SIGURG)      = 0
11230 --- SIGURG {si_signo=SIGURG, si_code=SI_TKILL, si_pid=11230, si_uid=1001} ---
11230 exit_group(0)                     = ?
11237 +++ exited with 0 +++
11235 +++ exited with 0 +++
11233 +++ exited with 0 +++
11231 +++ exited with 0 +++
11239 +++ exited with 0 +++
11230 +++ exited with 0 +++
10599 <... waitid resumed>{si_signo=SIGCHLD, si_code=CLD_EXITED, si_pid=11230, si_uid=1001, si_status=0, si_utime=0, si_stime=0}, WEXITED, {ru_utime={tv_sec=0, tv_usec=225773}, ru_stime={tv_sec=0, tv_usec=41228}, ...}) = 0
10599 --- SIGCHLD {si_signo=SIGCHLD, si_code=CLD_EXITED, si_pid=11230, si_uid=1001, si_status=0, si_utime=23 /* 0.23 s */, si_stime=4 /* 0.04 s */} ---
11242 tgkill(11241, 11246, SIGURG)      = 0
11246 --- SIGURG {si_signo=SIGURG, si_code=SI_TKILL, si_pid=11241, si_uid=1001} ---
11243 exit_group(0)                     = ?
11246 +++ exited with 0 +++
11245 +++ exited with 0 +++
11244 +++ exited with 0 +++
11243 +++ exited with 0 +++
11242 +++ exited with 0 +++
11241 +++ exited with 0 +++
10595 <... waitid resumed>{si_signo=SIGCHLD, si_code=CLD_EXITED, si_pid=11241, si_uid=1001, si_status=0, si_utime=0, si_stime=0}, WEXITED, {ru_utime={tv_sec=0, tv_usec=83648}, ru_stime={tv_sec=0, tv_usec=25412}, ...}) = 0
10599 --- SIGCHLD {si_signo=SIGCHLD, si_code=CLD_EXITED, si_pid=11241, si_uid=1001, si_status=0, si_utime=7 /* 0.07 s */, si_stime=2 /* 0.02 s */} ---
10599 clone(child_stack=NULL, flags=CLONE_VM|CLONE_PIDFD|CLONE_VFORK|SIGCHLD <unfinished ...>
11247 execve("/opt/hostedtoolcache/go/1.27.1/arm64/pkg/tool/linux_arm64/compile", ["/opt/hostedtoolcache/go/1.27.1/a"..., "-o", "/tmp/go-build3805767581/b061/_pk"..., "-trimpath", "/tmp/go-build3805767581/b061=>", "-p", "github.com/type-rb/type-rb-nativ"..., "-lang=go1.27", "-complete", "-buildid", "lLeYkhWs1ZaPYDMxsauN/lLeYkhWs1Za"..., "-goversion", "go1.27.1", "-c=4", "-nolocalimports", "-importcfg", "/tmp/go-build3805767581/b061/imp"..., "-pack", "/tmp/trb-build-3835243017/trb/st"...], 0x6c9426c73688 /* 140 vars */ <unfinished ...>
10599 <... clone resumed>, parent_tid=[12]) = 11247
11247 <... execve resumed>)             = 0
10599 waitid(P_PIDFD, 12,  <unfinished ...>
11247 clone(child_stack=0x431a93bc8000, flags=CLONE_VM|CLONE_FS|CLONE_FILES|CLONE_SIGHAND|CLONE_THREAD|CLONE_SYSVSEM) = 11248
11247 clone(child_stack=0x431a93c00000, flags=CLONE_VM|CLONE_FS|CLONE_FILES|CLONE_SIGHAND|CLONE_THREAD|CLONE_SYSVSEM) = 11249
11248 tgkill(11247, 11247, SIGURG)      = 0
11247 --- SIGURG {si_signo=SIGURG, si_code=SI_TKILL, si_pid=11247, si_uid=1001} ---
11247 clone(child_stack=0x431a93bfc000, flags=CLONE_VM|CLONE_FS|CLONE_FILES|CLONE_SIGHAND|CLONE_THREAD|CLONE_SYSVSEM) = 11250
11249 clone(child_stack=0x431a93c20000, flags=CLONE_VM|CLONE_FS|CLONE_FILES|CLONE_SIGHAND|CLONE_THREAD|CLONE_SYSVSEM) = 11251
11248 tgkill(11247, 11247, SIGURG)      = 0
11247 --- SIGURG {si_signo=SIGURG, si_code=SI_TKILL, si_pid=11247, si_uid=1001} ---
11247 exit_group(0)                     = ?
11249 +++ exited with 0 +++
11248 +++ exited with 0 +++
11251 +++ exited with 0 +++
11250 +++ exited with 0 +++
11247 +++ exited with 0 +++
10599 <... waitid resumed>{si_signo=SIGCHLD, si_code=CLD_EXITED, si_pid=11247, si_uid=1001, si_status=0, si_utime=0, si_stime=0}, WEXITED, {ru_utime={tv_sec=0, tv_usec=26199}, ru_stime={tv_sec=0, tv_usec=9357}, ...}) = 0
10595 --- SIGCHLD {si_signo=SIGCHLD, si_code=CLD_EXITED, si_pid=11247, si_uid=1001, si_status=0, si_utime=2 /* 0.02 s */, si_stime=1 /* 0.01 s */} ---
10595 clone(child_stack=NULL, flags=CLONE_VM|CLONE_PIDFD|CLONE_VFORK|SIGCHLD <unfinished ...>
11252 execve("/opt/hostedtoolcache/go/1.27.1/arm64/pkg/tool/linux_arm64/compile", ["/opt/hostedtoolcache/go/1.27.1/a"..., "-o", "/tmp/go-build3805767581/b001/_pk"..., "-trimpath", "/tmp/go-build3805767581/b001=>", "-p", "main", "-lang=go1.27", "-complete", "-buildid", "4a2QdrqxUHr5yd3dLxXM/4a2QdrqxUHr"..., "-goversion", "go1.27.1", "-c=4", "-nolocalimports", "-importcfg", "/tmp/go-build3805767581/b001/imp"..., "-pack", "/tmp/trb-build-3835243017/main.g"...], 0x6c9426f00908 /* 140 vars */ <unfinished ...>
10595 <... clone resumed>, parent_tid=[12]) = 11252
11252 <... execve resumed>)             = 0
10595 waitid(P_PIDFD, 12,  <unfinished ...>
11252 clone(child_stack=0x36f812216000, flags=CLONE_VM|CLONE_FS|CLONE_FILES|CLONE_SIGHAND|CLONE_THREAD|CLONE_SYSVSEM) = 11253
11252 clone(child_stack=0x36f81224e000, flags=CLONE_VM|CLONE_FS|CLONE_FILES|CLONE_SIGHAND|CLONE_THREAD|CLONE_SYSVSEM) = 11254
11253 tgkill(11252, 11252, SIGURG)      = 0
11252 clone(child_stack=0x36f81224a000, flags=CLONE_VM|CLONE_FS|CLONE_FILES|CLONE_SIGHAND|CLONE_THREAD|CLONE_SYSVSEM) = 11255
11252 --- SIGURG {si_signo=SIGURG, si_code=SI_TKILL, si_pid=11252, si_uid=1001} ---
11254 clone(child_stack=0x36f812298000, flags=CLONE_VM|CLONE_FS|CLONE_FILES|CLONE_SIGHAND|CLONE_THREAD|CLONE_SYSVSEM) = 11256
11253 tgkill(11252, 11252, SIGURG)      = 0
11252 --- SIGURG {si_signo=SIGURG, si_code=SI_TKILL, si_pid=11252, si_uid=1001} ---
11256 exit_group(0)                     = ?
11256 +++ exited with 0 +++
11254 +++ exited with 0 +++
11253 +++ exited with 0 +++
11255 +++ exited with 0 +++
11252 +++ exited with 0 +++
10597 --- SIGCHLD {si_signo=SIGCHLD, si_code=CLD_EXITED, si_pid=11252, si_uid=1001, si_status=0, si_utime=2 /* 0.02 s */, si_stime=1 /* 0.01 s */} ---
10595 <... waitid resumed>{si_signo=SIGCHLD, si_code=CLD_EXITED, si_pid=11252, si_uid=1001, si_status=0, si_utime=0, si_stime=0}, WEXITED, {ru_utime={tv_sec=0, tv_usec=29980}, ru_stime={tv_sec=0, tv_usec=11992}, ...}) = 0
10597 clone(child_stack=NULL, flags=CLONE_VM|CLONE_PIDFD|CLONE_VFORK|SIGCHLD <unfinished ...>
11257 execve("/opt/hostedtoolcache/go/1.27.1/arm64/pkg/tool/linux_arm64/link", ["/opt/hostedtoolcache/go/1.27.1/a"..., "-V=full"], 0x6c9426c43688 /* 139 vars */ <unfinished ...>
10597 <... clone resumed>, parent_tid=[14]) = 11257
10597 waitid(P_PIDFD, 14,  <unfinished ...>
11257 <... execve resumed>)             = 0
11257 clone(child_stack=0x7cca39c8e000, flags=CLONE_VM|CLONE_FS|CLONE_FILES|CLONE_SIGHAND|CLONE_THREAD|CLONE_SYSVSEM) = 11258
11258 tgkill(11257, 11257, SIGURG)      = 0
11257 --- SIGURG {si_signo=SIGURG, si_code=SI_TKILL, si_pid=11257, si_uid=1001} ---
11257 clone(child_stack=0x7cca39cc4000, flags=CLONE_VM|CLONE_FS|CLONE_FILES|CLONE_SIGHAND|CLONE_THREAD|CLONE_SYSVSEM) = 11259
11257 clone(child_stack=0x7cca39cc0000, flags=CLONE_VM|CLONE_FS|CLONE_FILES|CLONE_SIGHAND|CLONE_THREAD|CLONE_SYSVSEM) = 11260
11259 clone(child_stack=0x7cca39d18000, flags=CLONE_VM|CLONE_FS|CLONE_FILES|CLONE_SIGHAND|CLONE_THREAD|CLONE_SYSVSEM) = 11261
11257 exit_group(0)                     = ?
11261 +++ exited with 0 +++
11260 +++ exited with 0 +++
11259 +++ exited with 0 +++
11258 +++ exited with 0 +++
11257 +++ exited with 0 +++
10597 <... waitid resumed>{si_signo=SIGCHLD, si_code=CLD_EXITED, si_pid=11257, si_uid=1001, si_status=0, si_utime=0, si_stime=0}, WEXITED, {ru_utime={tv_sec=0, tv_usec=0}, ru_stime={tv_sec=0, tv_usec=6968}, ...}) = 0
10595 --- SIGCHLD {si_signo=SIGCHLD, si_code=CLD_EXITED, si_pid=11257, si_uid=1001, si_status=0, si_utime=0, si_stime=0} ---
10595 clone(child_stack=NULL, flags=CLONE_VM|CLONE_PIDFD|CLONE_VFORK|SIGCHLD <unfinished ...>
11262 execve("/opt/hostedtoolcache/go/1.27.1/arm64/pkg/tool/linux_arm64/link", ["/opt/hostedtoolcache/go/1.27.1/a"..., "-o", "/tmp/go-build3805767581/b001/exe"..., "-importcfg", "/tmp/go-build3805767581/b001/imp"..., "-buildmode=exe", "-buildid=fKeIC1Yfiy2E6KKTeDYr/4a"..., "-extld=gcc", "/tmp/go-build3805767581/b001/_pk"...], 0x6c9426c73b08 /* 140 vars */ <unfinished ...>
10595 <... clone resumed>, parent_tid=[12]) = 11262
11262 <... execve resumed>)             = 0
10595 waitid(P_PIDFD, 12,  <unfinished ...>
11262 clone(child_stack=0x494518ee2000, flags=CLONE_VM|CLONE_FS|CLONE_FILES|CLONE_SIGHAND|CLONE_THREAD|CLONE_SYSVSEM) = 11263
11262 clone(child_stack=0x494518f1a000, flags=CLONE_VM|CLONE_FS|CLONE_FILES|CLONE_SIGHAND|CLONE_THREAD|CLONE_SYSVSEM) = 11264
11262 clone(child_stack=0x494518f16000, flags=CLONE_VM|CLONE_FS|CLONE_FILES|CLONE_SIGHAND|CLONE_THREAD|CLONE_SYSVSEM) = 11265
11264 clone(child_stack=0x494518f98000, flags=CLONE_VM|CLONE_FS|CLONE_FILES|CLONE_SIGHAND|CLONE_THREAD|CLONE_SYSVSEM) = 11266
11266 tgkill(11262, 11262, SIGURG)      = 0
11262 --- SIGURG {si_signo=SIGURG, si_code=SI_TKILL, si_pid=11262, si_uid=1001} ---
11265 tgkill(11262, 11266, SIGURG)      = 0
11266 --- SIGURG {si_signo=SIGURG, si_code=SI_TKILL, si_pid=11262, si_uid=1001} ---
11265 tgkill(11262, 11264, SIGURG)      = 0
11264 --- SIGURG {si_signo=SIGURG, si_code=SI_TKILL, si_pid=11262, si_uid=1001} ---
11265 tgkill(11262, 11266, SIGURG)      = 0
11266 --- SIGURG {si_signo=SIGURG, si_code=SI_TKILL, si_pid=11262, si_uid=1001} ---
11265 tgkill(11262, 11266, SIGURG)      = 0
11266 --- SIGURG {si_signo=SIGURG, si_code=SI_TKILL, si_pid=11262, si_uid=1001} ---
11265 tgkill(11262, 11266, SIGURG)      = 0
11266 --- SIGURG {si_signo=SIGURG, si_code=SI_TKILL, si_pid=11262, si_uid=1001} ---
11265 tgkill(11262, 11266, SIGURG)      = 0
11266 --- SIGURG {si_signo=SIGURG, si_code=SI_TKILL, si_pid=11262, si_uid=1001} ---
11264 tgkill(11262, 11266, SIGURG)      = 0
11266 --- SIGURG {si_signo=SIGURG, si_code=SI_TKILL, si_pid=11262, si_uid=1001} ---
11264 tgkill(11262, 11262, SIGURG)      = 0
11262 --- SIGURG {si_signo=SIGURG, si_code=SI_TKILL, si_pid=11262, si_uid=1001} ---
11264 tgkill(11262, 11265, SIGURG)      = 0
11265 --- SIGURG {si_signo=SIGURG, si_code=SI_TKILL, si_pid=11262, si_uid=1001} ---
11264 tgkill(11262, 11265, SIGURG)      = 0
11265 --- SIGURG {si_signo=SIGURG, si_code=SI_TKILL, si_pid=11262, si_uid=1001} ---
11263 tgkill(11262, 11264, SIGURG <unfinished ...>
11264 --- SIGURG {si_signo=SIGURG, si_code=SI_TKILL, si_pid=11262, si_uid=1001} ---
11263 <... tgkill resumed>)             = 0
11262 tgkill(11262, 11264, SIGURG <unfinished ...>
11264 --- SIGURG {si_signo=SIGURG, si_code=SI_TKILL, si_pid=11262, si_uid=1001} ---
11262 <... tgkill resumed>)             = 0
11262 tgkill(11262, 11266, SIGURG)      = 0
11266 --- SIGURG {si_signo=SIGURG, si_code=SI_TKILL, si_pid=11262, si_uid=1001} ---
11262 tgkill(11262, 11266, SIGURG)      = 0
11266 --- SIGURG {si_signo=SIGURG, si_code=SI_TKILL, si_pid=11262, si_uid=1001} ---
11262 tgkill(11262, 11266, SIGURG)      = 0
11266 --- SIGURG {si_signo=SIGURG, si_code=SI_TKILL, si_pid=11262, si_uid=1001} ---
11262 tgkill(11262, 11266, SIGURG)      = 0
11266 --- SIGURG {si_signo=SIGURG, si_code=SI_TKILL, si_pid=11262, si_uid=1001} ---
11266 tgkill(11262, 11264, SIGURG)      = 0
11264 --- SIGURG {si_signo=SIGURG, si_code=SI_TKILL, si_pid=11262, si_uid=1001} ---
11266 tgkill(11262, 11265, SIGURG)      = 0
11265 --- SIGURG {si_signo=SIGURG, si_code=SI_TKILL, si_pid=11262, si_uid=1001} ---
11262 tgkill(11262, 11266, SIGURG)      = 0
11266 --- SIGURG {si_signo=SIGURG, si_code=SI_TKILL, si_pid=11262, si_uid=1001} ---
11262 tgkill(11262, 11266, SIGURG)      = 0
11266 --- SIGURG {si_signo=SIGURG, si_code=SI_TKILL, si_pid=11262, si_uid=1001} ---
11262 tgkill(11262, 11266, SIGURG)      = 0
11266 --- SIGURG {si_signo=SIGURG, si_code=SI_TKILL, si_pid=11262, si_uid=1001} ---
11262 tgkill(11262, 11265, SIGURG)      = 0
11265 --- SIGURG {si_signo=SIGURG, si_code=SI_TKILL, si_pid=11262, si_uid=1001} ---
11262 tgkill(11262, 11265, SIGURG)      = 0
11265 --- SIGURG {si_signo=SIGURG, si_code=SI_TKILL, si_pid=11262, si_uid=1001} ---
11262 tgkill(11262, 11266, SIGURG)      = 0
11266 --- SIGURG {si_signo=SIGURG, si_code=SI_TKILL, si_pid=11262, si_uid=1001} ---
11266 tgkill(11262, 11262, SIGURG <unfinished ...>
11264 tgkill(11262, 11266, SIGURG <unfinished ...>
11266 <... tgkill resumed>)             = 0
11264 <... tgkill resumed>)             = 0
11266 --- SIGURG {si_signo=SIGURG, si_code=SI_TKILL, si_pid=11262, si_uid=1001} ---
11262 --- SIGURG {si_signo=SIGURG, si_code=SI_TKILL, si_pid=11262, si_uid=1001} ---
11265 tgkill(11262, 11264, SIGURG)      = 0
11264 --- SIGURG {si_signo=SIGURG, si_code=SI_TKILL, si_pid=11262, si_uid=1001} ---
11266 tgkill(11262, 11262, SIGURG)      = 0
11262 --- SIGURG {si_signo=SIGURG, si_code=SI_TKILL, si_pid=11262, si_uid=1001} ---
11266 tgkill(11262, 11262, SIGURG)      = 0
11262 --- SIGURG {si_signo=SIGURG, si_code=SI_TKILL, si_pid=11262, si_uid=1001} ---
11266 tgkill(11262, 11264, SIGURG)      = 0
11266 tgkill(11262, 11265, SIGURG <unfinished ...>
11264 --- SIGURG {si_signo=SIGURG, si_code=SI_TKILL, si_pid=11262, si_uid=1001} ---
11266 <... tgkill resumed>)             = 0
11265 --- SIGURG {si_signo=SIGURG, si_code=SI_TKILL, si_pid=11262, si_uid=1001} ---
11266 tgkill(11262, 11265, SIGURG)      = 0
11265 --- SIGURG {si_signo=SIGURG, si_code=SI_TKILL, si_pid=11262, si_uid=1001} ---
11266 exit_group(0)                     = ?
11266 +++ exited with 0 +++
11265 +++ exited with 0 +++
11264 +++ exited with 0 +++
11263 +++ exited with 0 +++
11262 +++ exited with 0 +++
10660 --- SIGCHLD {si_signo=SIGCHLD, si_code=CLD_EXITED, si_pid=11262, si_uid=1001, si_status=0, si_utime=9 /* 0.09 s */, si_stime=4 /* 0.04 s */} ---
10595 <... waitid resumed>{si_signo=SIGCHLD, si_code=CLD_EXITED, si_pid=11262, si_uid=1001, si_status=0, si_utime=0, si_stime=0}, WEXITED, {ru_utime={tv_sec=0, tv_usec=103286}, ru_stime={tv_sec=0, tv_usec=44861}, ...}) = 0
10594 tgkill(10593, 10660, SIGURG)      = 0
10660 --- SIGURG {si_signo=SIGURG, si_code=SI_TKILL, si_pid=10593, si_uid=1001} ---
10594 tgkill(10593, 10595, SIGURG)      = 0
10595 --- SIGURG {si_signo=SIGURG, si_code=SI_TKILL, si_pid=10593, si_uid=1001} ---
10594 tgkill(10593, 10599, SIGURG)      = 0
10599 --- SIGURG {si_signo=SIGURG, si_code=SI_TKILL, si_pid=10593, si_uid=1001} ---
10600 exit_group(0)                     = ?
11108 +++ exited with 0 +++
10660 +++ exited with 0 +++
10600 +++ exited with 0 +++
10599 +++ exited with 0 +++
10598 +++ exited with 0 +++
10597 +++ exited with 0 +++
10596 +++ exited with 0 +++
10595 +++ exited with 0 +++
10594 +++ exited with 0 +++
10593 +++ exited with 0 +++
10587 <... waitid resumed>{si_signo=SIGCHLD, si_code=CLD_EXITED, si_pid=10593, si_uid=1001, si_status=0, si_utime=0, si_stime=0}, WEXITED, {ru_utime={tv_sec=9, tv_usec=765644}, ru_stime={tv_sec=2, tv_usec=457642}, ...}) = 0
10587 --- SIGCHLD {si_signo=SIGCHLD, si_code=CLD_EXITED, si_pid=10593, si_uid=1001, si_status=0, si_utime=26 /* 0.26 s */, si_stime=58 /* 0.58 s */} ---
10585 exit_group(0)                     = ?
10591 +++ exited with 0 +++
10590 +++ exited with 0 +++
10589 +++ exited with 0 +++
10588 +++ exited with 0 +++
10587 +++ exited with 0 +++
10586 +++ exited with 0 +++
10585 +++ exited with 0 +++
